fetch_ts_utc,fetch_ts_ist,symbol,expiry_date,strike,option_type,underlying_value,bid_price,bid_qty,ask_price,ask_qty,ltp,mid_price,open_interest,change_in_oi,total_traded_volume,pchange_vs_prev_close,nse_iv,delta,gamma,theta,vega,vanna,charm,vomma,speed,zomma,color,veta,omega,dual_delta,dual_gamma,time_to_expiry_years,futures_price,implied_cost_of_carry,dividend_yield_used,dividend_yield_source,risk_free_rate_used,india_vix,lot_size,underlying_day_open,underlying_day_high,underlying_day_low,underlying_prev_close,price_source_for_iv,data_quality_flag
2026-09-16T08:51:15.766123+00:00,2026-09-16T14:21:15.766123+05:30,NIFTY,29-Sep-2026,15000.0,CE,23234.25,,0,8699.65,1690,0.0,,0,0,0,0,0,,,,,,,,,,,,,,,0.035747216954496445,,,,,,13.18,65,23201.6,23284.75,23116.1,23118.6,none,no_price_available
2026-09-16T08:51:15.766123+00:00,2026-09-16T14:21:15.766123+05:30,NIFTY,29-Sep-2026,15000.0,PE,23234.25,0.9,1755,1.4,65,0.0,1.15,1427,0,0,0,77.73,-0.001092412670334808,1.0693231175078458e-06,-0.47391488568371243,0.16039734517854778,-0.013701453525349622,0.0004045983481202729,1.8440341596391852,-1.0071526236835549e-09,1.0917915720699625e-05,-3.21707417549016e-07,-0.060612655224042467,-23.47826651622084,0.0017641631993659597,2.5655693219938488e-06,0.035747216954496445,23277.1,0.05154419525703475,0.0123,index_dividend_yield,0.065,13.18,65,23201.6,23284.75,23116.1,23118.6,mid_price,wide_quote_low_liquidity
2026-09-16T08:51:15.766123+00:00,2026-09-16T14:21:15.766123+05:30,NIFTY,29-Sep-2026,16500.0,CE,23234.25,,0,6905.3,780,0.0,,0,0,0,0,0,,,,,,,,,,,,,,,0.035747216954496445,,,,,,13.18,65,23201.6,23284.75,23116.1,23118.6,none,no_price_available
2026-09-16T08:51:15.766123+00:00,2026-09-16T14:21:15.766123+05:30,NIFTY,29-Sep-2026,16500.0,PE,23234.25,0.55,1950,0.75,1300,0.7,0.65,2034,0,43,27.272727272727273,59.93,-0.0009871991394570163,1.263890315289386e-06,-0.33224174407249424,0.14616830671941605,-0.016548953491862903,0.00037592566528285175,2.249198879700931,-1.543883110927213e-09,1.733934230632472e-05,-3.9290563251889125e-07,-0.05670647325844827,-30.964983488834896,0.0014350040065057145,2.50610240739302e-06,0.035747216954496445,23277.1,0.05154419525703475,0.0123,index_dividend_yield,0.065,13.18,65,23201.6,23284.75,23116.1,23118.6,mid_price,wide_quote_low_liquidity
2026-09-16T08:51:15.766123+00:00,2026-09-16T14:21:15.766123+05:30,NIFTY,29-Sep-2026,18000.0,CE,23234.25,5233.6,65,5285.6,195,5250,5259.6,15,0,1,0.07624857033930614,0,,,,,,,,,,,,,,,0.035747216954496445,23277.1,0.05154419525703475,0.0123,index_dividend_yield,0.065,13.18,65,23201.6,23284.75,23116.1,23118.6,mid_price,no_nse_iv
2026-09-16T08:51:15.766123+00:00,2026-09-16T14:21:15.766123+05:30,NIFTY,29-Sep-2026,18000.0,PE,23234.25,0.7,13520,0.75,7800,0.75,0.725,12679,-152,1455,-11.764705882352942,46.06,-0.0013659034112078145,2.2139707748496723e-06,-0.3426146364955885,0.1967865308342796,-0.028294402960682613,0.0004920017198377169,3.724157716226764,-3.387255834471194e-09,3.7091988968823346e-05,-6.430956197582996e-07,-0.07231264199540449,-39.58517007011667,0.0018076360652979444,3.6887921893104038e-06,0.035747216954496445,23277.1,0.05154419525703475,0.0123,index_dividend_yield,0.065,13.18,65,23201.6,23284.75,23116.1,23118.6,mid_price,ok
2026-09-16T08:51:15.766123+00:00,2026-09-16T14:21:15.766123+05:30,NIFTY,29-Sep-2026,19500.0,CE,23234.25,3759.15,65,3780.9,390,3753.85,3770.025,2161,0,12,0.6191784493734503,0,,,,,,,,,,,,,,,0.035747216954496445,23277.1,0.05154419525703475,0.0123,index_dividend_yield,0.065,13.18,65,23201.6,23284.75,23116.1,23118.6,mid_price,no_nse_iv
2026-09-16T08:51:15.766123+00:00,2026-09-16T14:21:15.766123+05:30,NIFTY,29-Sep-2026,19500.0,PE,23234.25,2.1,2015,2.15,390,2.1,2.125,15904,-139,2219,-28.8135593220339,36.35,-0.004509387619105199,8.258203552828076e-06,-0.791379923413315,0.5792813556248434,-0.09223422131129097,0.0012563023474044068,10.579781712491132,-1.3916724766667612e-08,0.00012810510752877098,-1.7373189971304357e-06,-0.16631393200440103,-45.54125756254859,0.00549091486027513,1.1723942418801427e-05,0.035747216954496445,23277.1,0.05154419525703475,0.0123,index_dividend_yield,0.065,13.18,65,23201.6,23284.75,23116.1,23118.6,mid_price,ok
2026-09-16T08:51:15.766123+00:00,2026-09-16T14:21:15.766123+05:30,NIFTY,29-Sep-2026,21000.0,CE,23234.25,2271.8,65,2281.4,130,2283,2276.6000000000004,7897,-42,662,2.9027314522671954,0,,,,,,,,,,,,,,,0.035747216954496445,23277.1,0.05154419525703475,0.0123,index_dividend_yield,0.065,13.18,65,23201.6,23284.75,23116.1,23118.6,mid_price,no_nse_iv
2026-09-16T08:51:15.766123+00:00,2026-09-16T14:21:15.766123+05:30,NIFTY,29-Sep-2026,21000.0,PE,23234.25,6,715,6.05,1040,6,6.025,39963,1030,16352,-25.925925925925927,25.71,-0.01604971489891289,3.553324128020978e-05,-1.6818808646745576,1.7629356239726306,-0.32691520945646835,0.0030993179837939117,30.77533795741283,-6.920162799258421e-08,0.0004820916234672291,-4.52078013095697e-06,-0.35930118247156395,-56.63569968390782,0.01807082520271765,4.349642380139562e-05,0.035747216954496445,23277.1,0.05154419525703475,0.0123,index_dividend_yield,0.065,13.18,65,23201.6,23284.75,23116.1,23118.6,mid_price,ok
2026-09-16T08:51:15.766123+00:00,2026-09-16T14:21:15.766123+05:30,NIFTY,29-Sep-2026,21350.0,CE,23234.25,1910.35,65,1961.2,780,0.0,1935.775,0,0,0,0,0,,,,,,,,,,,,,,,0.035747216954496445,23277.1,0.05154419525703475,0.0123,index_dividend_yield,0.065,13.18,65,23201.6,23284.75,23116.1,23118.6,mid_price,no_nse_iv
2026-09-16T08:51:15.766123+00:00,2026-09-16T14:21:15.766123+05:30,NIFTY,29-Sep-2026,21350.0,PE,23234.25,8.25,65,8.35,130,8.35,8.3,181,0,283,-85.41484716157206,23.23,-0.023258000535009166,5.389738185274875e-05,-2.0711742199553553,2.4161084887165054,-0.4608716740134838,0.0039191099222452945,40.29847670991327,-1.077613412189931e-07,0.0006669477631506753,-5.5823535876633754e-06,-0.435232331845985,-59.9193211340741,0.02573305365874118,6.38306440613646e-05,0.035747216954496445,23277.1,0.05154419525703475,0.0123,index_dividend_yield,0.065,13.18,65,23201.6,23284.75,23116.1,23118.6,mid_price,ok
2026-09-16T08:51:15.766123+00:00,2026-09-16T14:21:15.766123+05:30,NIFTY,29-Sep-2026,21400.0,CE,23234.25,1861.6,65,1910.95,780,0.0,1886.275,0,0,0,0,0,,,,,,,,,,,,,,,0.035747216954496445,23277.1,0.05154419525703475,0.0123,index_dividend_yield,0.065,13.18,65,23201.6,23284.75,23116.1,23118.6,mid_price,no_nse_iv
2026-09-16T08:51:15.766123+00:00,2026-09-16T14:21:15.766123+05:30,NIFTY,29-Sep-2026,21400.0,PE,23234.25,8.9,390,8.95,325,8.9,8.925,1509,0,3926,-85.40983606557377,22.96,-0.025015936149720374,5.797321287644655e-05,-2.174342012584598,2.568613765001102,-0.4879609702338663,0.00409603721226676,42.00286579590684,-1.1543117600046818e-07,0.0006955079841666119,-5.739704151932265e-06,-0.4509663053261965,-60.05148115824251,0.02761239805891446,6.83371934988293e-05,0.035747216954496445,23277.1,0.05154419525703475,0.0123,index_dividend_yield,0.065,13.18,65,23201.6,23284.75,23116.1,23118.6,mid_price,ok
2026-09-16T08:51:15.766123+00:00,2026-09-16T14:21:15.766123+05:30,NIFTY,29-Sep-2026,21450.0,CE,23234.25,1811.65,65,1861.25,780,0.0,1836.45,0,0,0,0,0,,,,,,,,,,,,,,,0.035747216954496445,23277.1,0.05154419525703475,0.0123,index_dividend_yield,0.065,13.18,65,23201.6,23284.75,23116.1,23118.6,mid_price,no_nse_iv
2026-09-16T08:51:15.766123+00:00,2026-09-16T14:21:15.766123+05:30,NIFTY,29-Sep-2026,21450.0,PE,23234.25,9.15,715,9.6,130,9,9.375,39,0,105,-86.14318706697459,22.45,-0.025692503276392793,6.0630542848078196e-05,-2.17181493280712,2.6266811303527042,-0.5075366844911802,0.0041601533923272885,43.432814174074075,-1.2269899362295515e-07,0.0007324790581094919,-5.8979721687576404e-06,-0.4566179203402298,-61.21653227740533,0.02828426248891638,7.113677618500213e-05,0.035747216954496445,23277.1,0.05154419525703475,0.0123,index_dividend_yield,0.065,13.18,65,23201.6,23284.75,23116.1,23118.6,mid_price,ok
2026-09-16T08:51:15.766123+00:00,2026-09-16T14:21:15.766123+05:30,NIFTY,29-Sep-2026,21500.0,CE,23234.25,1759.35,780,1813.1,910,0.0,1786.225,0,0,0,0,0,,,,,,,,,,,,,,,0.035747216954496445,23277.1,0.05154419525703475,0.0123,index_dividend_yield,0.065,13.18,65,23201.6,23284.75,23116.1,23118.6,mid_price,no_nse_iv
2026-09-16T08:51:15.766123+00:00,2026-09-16T14:21:15.766123+05:30,NIFTY,29-Sep-2026,21500.0,PE,23234.25,9.9,3185,10,5655,9.85,9.95,2828,0,10641,-85.74529667149059,22.3,-0.02833479365576465,6.62348726031872e-05,-2.3387589015297015,2.850303595008705,-0.5421953072340651,0.0044082906451568225,45.388848403720814,-1.3199870347604784e-07,0.0007577304090854275,-6.041556188099556e-06,-0.47820448251304937,-60.81670300928125,0.031123843163758304,7.735120819280844e-05,0.035747216954496445,23277.1,0.05154419525703475,0.0123,index_dividend_yield,0.065,13.18,65,23201.6,23284.75,23116.1,23118.6,mid_price,ok
2026-09-16T08:51:15.766123+00:00,2026-09-16T14:21:15.766123+05:30,NIFTY,29-Sep-2026,21550.0,CE,23234.25,1714.4,65,1761.25,65,0.0,1737.825,0,0,0,0,0,,,,,,,,,,,,,,,0.035747216954496445,23277.1,0.05154419525703475,0.0123,index_dividend_yield,0.065,13.18,65,23201.6,23284.75,23116.1,23118.6,mid_price,no_nse_iv
2026-09-16T08:51:15.766123+00:00,2026-09-16T14:21:15.766123+05:30,NIFTY,29-Sep-2026,21550.0,PE,23234.25,10.35,260,10.7,195,10.9,10.524999999999999,43,0,91,-85.15997277059223,21.9,-0.029796302491652497,7.032279873428377e-05,-2.3921683218633927,2.971938469849621,-0.5690784998669713,0.00453705609884893,47.08795609045047,-1.4101304883906643e-07,0.0007931101570315312,-6.192872446806827e-06,-0.4892457422110597,-61.5122923101196,0.03264730007974229,8.174457001314054e-05,0.035747216954496445,23277.1,0.05154419525703475,0.0123,index_dividend_yield,0.065,13.18,65,23201.6,23284.75,23116.1,23118.6,mid_price,ok
2026-09-16T08:51:15.766123+00:00,2026-09-16T14:21:15.766123+05:30,NIFTY,29-Sep-2026,21600.0,CE,23234.25,1675.7,65,1682.45,65,1673.2,1679.075,719,-80,113,3.20431765612953,0,,,,,,,,,,,,,,,0.035747216954496445,23277.1,0.05154419525703475,0.0123,index_dividend_yield,0.065,13.18,65,23201.6,23284.75,23116.1,23118.6,mid_price,no_nse_iv
2026-09-16T08:51:15.766123+00:00,2026-09-16T14:21:15.766123+05:30,NIFTY,29-Sep-2026,21600.0,PE,23234.25,11.1,65,11.15,390,11.05,11.125,13683,1026,12409,-20.788530465949822,21.61,-0.032027082066855256,7.565484729774102e-05,-2.503060480304604,3.1549398094900174,-0.6017760999052352,0.004726672329973043,48.947719760514815,-1.511008405898941e-07,0.0008236782330082979,-6.325052575174755e-06,-0.5052999427138545,-61.71691905579132,0.0350084398985135,8.753597488152862e-05,0.035747216954496445,23277.1,0.05154419525703475,0.0123,index_dividend_yield,0.065,13.18,65,23201.6,23284.75,23116.1,23118.6,mid_price,ok
2026-09-16T08:51:15.766123+00:00,2026-09-16T14:21:15.766123+05:30,NIFTY,29-Sep-2026,21650.0,CE,23234.25,1492.2,780,1672.95,780,0.0,1582.575,1,0,0,0,32.96,,,,,,,,,,,,,,,0.035747216954496445,,,,,,13.18,65,23201.6,23284.75,23116.1,23118.6,mid_price,no_price_available
2026-09-16T08:51:15.766123+00:00,2026-09-16T14:21:15.766123+05:30,NIFTY,29-Sep-2026,21650.0,PE,23234.25,12,260,12.1,455,12,12.05,1169,250,1702,-22.33009708737864,21.35,-0.034640669362348164,8.16864242227909e-05,-2.6349411900425412,3.3654823481960032,-0.6372891243859695,0.004937011454743637,50.850222309085204,-1.6196646594614732e-07,0.0008516375128053184,-6.436423040622258e-06,-0.5228320679467036,-61.776567305007205,0.0377772921220026,9.407872005788256e-05,0.035747216954496445,23277.1,0.05154419525703475,0.0123,index_dividend_yield,0.065,13.18,65,23201.6,23284.75,23116.1,23118.6,mid_price,ok
2026-09-16T08:51:15.766123+00:00,2026-09-16T14:21:15.766123+05:30,NIFTY,29-Sep-2026,21700.0,CE,23234.25,1567.85,65,1613.35,780,0.0,1590.6,0,0,0,0,33.96,0.8694105141901232,0.00014189695636602207,-14.719971569484342,9.299087064279428,-0.661487147722073,0.008164432556840406,32.70281827591237,-1.1297989368305133e-07,8.118905222030464e-05,-6.986730427398798e-07,-0.7581551844856164,12.063553154384389,-0.8537155595681406,0.00016267129667545073,0.035747216954496445,23277.1,0.05154419525703475,0.0123,index_dividend_yield,0.065,13.18,65,23201.6,23284.75,23116.1,23118.6,mid_price,ok
2026-09-16T08:51:15.766123+00:00,2026-09-16T14:21:15.766123+05:30,NIFTY,29-Sep-2026,21700.0,PE,23234.25,12.55,1040,12.7,1950,12.5,12.625,8070,2087,8748,-21.13564668769716,21,-0.03688078630085494,8.742368613275018e-05,-2.7248589722866687,3.5428108093714847,-0.6713605892621349,0.005106472686878041,52.7285387921983,-1.7342053248514548e-07,0.0008848635239961647,-6.552214964361077e-06,-0.536752909728901,-62.24502003632018,0.04012276178115232,0.00010022289940228381,0.035747216954496445,23277.1,0.05154419525703475,0.0123,index_dividend_yield,0.065,13.18,65,23201.6,23284.75,23116.1,23118.6,mid_price,ok
2026-09-16T08:51:15.766123+00:00,2026-09-16T14:21:15.766123+05:30,NIFTY,29-Sep-2026,21750.0,CE,23234.25,1518.55,195,1552.8,130,0.0,1535.675,1,0,0,0,29.91,0.8900589148690807,0.00014262772606187494,-12.137315902005701,8.232276020127609,-0.7345460787113178,0.007972504957006965,39.65494142852144,-1.3931288128921547e-07,0.00021019095456592063,-1.9637667789302075e-06,-0.7438958951661502,12.960362427272347,-0.8774357895456012,0.00016275815260993634,0.035747216954496445,23277.1,0.05154419525703475,0.0123,index_dividend_yield,0.065,13.18,65,23201.6,23284.75,23116.1,23118.6,mid_price,ok
2026-09-16T08:51:15.766123+00:00,2026-09-16T14:21:15.766123+05:30,NIFTY,29-Sep-2026,21750.0,PE,23234.25,13.5,1105,13.65,195,13.35,13.575,612,-203,1876,-20.535714285714285,20.55,-0.03860180549032699,9.272649471851537e-05,-2.7637332449869723,3.677182809374665,-0.7038978040203592,0.005229148072969501,54.636411695393235,-1.8569246756893702e-07,0.0009265484333210528,-6.6876774619709876e-06,-0.5467227016596379,-63.19608139382909,0.041888555479919314,0.00010581387921611644,0.035747216954496445,23277.1,0.05154419525703475,0.0123,index_dividend_yield,0.065,13.18,65,23201.6,23284.75,23116.1,23118.6,mid_price,ok
2026-09-16T08:51:15.766123+00:00,2026-09-16T14:21:15.766123+05:30,NIFTY,29-Sep-2026,21800.0,CE,23234.25,1470.2,65,1506.5,260,0.0,1488.35,1,0,0,0,0,,,,,,,,,,,,,,,0.035747216954496445,23277.1,0.05154419525703475,0.0123,index_dividend_yield,0.065,13.18,65,23201.6,23284.75,23116.1,23118.6,mid_price,no_nse_iv
2026-09-16T08:51:15.766123+00:00,2026-09-16T14:21:15.766123+05:30,NIFTY,29-Sep-2026,21800.0,PE,23234.25,14.6,520,14.65,585,14.65,14.625,9560,187,10366,-17.92717086834734,20.38,-0.04253701039606756,0.00010116607907828155,-2.9617616960218043,3.978676695588651,-0.7480306844826756,0.005499664601927336,56.57759071517465,-1.9904522538970513e-07,0.0009422278316330613,-6.706464612668351e-06,-0.5683524127464299,-62.79522650192845,0.04605753388125061,0.00011491566831516523,0.035747216954496445,23277.1,0.05154419525703475,0.0123,index_dividend_yield,0.065,13.18,65,23201.6,23284.75,23116.1,23118.6,mid_price,ok
2026-09-16T08:51:15.766123+00:00,2026-09-16T14:21:15.766123+05:30,NIFTY,29-Sep-2026,21850.0,CE,23234.25,1419.65,195,1456.7,195,0.0,1438.1750000000002,1,0,0,0,19.44,0.9587253970837265,0.00010260738490318337,-5.827425542089095,3.8492350520138503,-0.7680975045883942,0.005408567247228602,58.73991776551857,-2.1377693367824574e-07,0.0010380168442568505,-7.031462238685229e-06,-0.5584678453696235,15.479038630016216,-0.9536020843283297,0.0001160200511522876,0.035747216954496445,23277.1,0.05154419525703475,0.0123,index_dividend_yield,0.065,13.18,65,23201.6,23284.75,23116.1,23118.6,mid_price,ok
2026-09-16T08:51:15.766123+00:00,2026-09-16T14:21:15.766123+05:30,NIFTY,29-Sep-2026,21850.0,PE,23234.25,15.4,780,15.55,390,15.1,15.475000000000001,906,-354,1719,-20.73490813648294,19.97,-0.044955485087313986,0.00010795350526417538,-3.02992834366628,4.160201493432928,-0.7862030055769791,0.005651515360514156,58.56305707273979,-2.1339264635176423e-07,0.000979108677972795,-6.793678407648066e-06,-0.5803076075106501,-63.553237597481505,0.04855570385250995,0.00012206500745181544,0.035747216954496445,23277.1,0.05154419525703475,0.0123,index_dividend_yield,0.065,13.18,65,23201.6,23284.75,23116.1,23118.6,mid_price,ok
2026-09-16T08:51:15.766123+00:00,2026-09-16T14:21:15.766123+05:30,NIFTY,29-Sep-2026,21900.0,CE,23234.25,1372.75,260,1408.15,325,0.0,1390.45,9,0,0,0,14.08,0.9890004111161752,4.51846296175936e-05,-3.734921042752662,1.2277019161978207,-0.45235729193016105,0.002321096572135084,45.81542307115516,-1.7296100011534856e-07,0.0013652610077460403,-6.796501659557984e-06,-0.2787195949669432,16.68617966142026,-0.9863732477041597,5.085806272420605e-05,0.035747216954496445,23277.1,0.05154419525703475,0.0123,index_dividend_yield,0.065,13.18,65,23201.6,23284.75,23116.1,23118.6,mid_price,ok
2026-09-16T08:51:15.766123+00:00,2026-09-16T14:21:15.766123+05:30,NIFTY,29-Sep-2026,21900.0,PE,23234.25,16.45,715,16.6,975,16.4,16.525,4577,980,4786,-18.407960199004975,19.73,-0.04898585786255981,0.00011705510187890365,-3.202081089098655,4.456736778289876,-0.8315861546450489,0.005891850910676566,60.4420982649998,-2.2848331158506274e-07,0.000994244239258576,-6.768926828614955e-06,-0.5989282307590811,-63.46471384989009,0.052789189512718326,0.00013175267262183337,0.035747216954496445,23277.1,0.05154419525703475,0.0123,index_dividend_yield,0.065,13.18,65,23201.6,23284.75,23116.1,23118.6,mid_price,ok
2026-09-16T08:51:15.766123+00:00,2026-09-16T14:21:15.766123+05:30,NIFTY,29-Sep-2026,21950.0,CE,23234.25,1324.5,195,1355.85,195,0.0,1340.175,2,0,0,0,29.21,0.8620498212206507,0.00017132892713128965,-13.44963821988217,9.657435238399705,-0.7797746071556144,0.00818574401818195,37.382216973934845,-1.527434637320145e-07,7.664999779993223e-05,-3.701301668434208e-07,-0.7607207870859387,14.13746112226814,-0.8479427275769019,0.00019196363374968375,0.035747216954496445,23277.1,0.05154419525703475,0.0123,index_dividend_yield,0.065,13.18,65,23201.6,23284.75,23116.1,23118.6,mid_price,ok
2026-09-16T08:51:15.766123+00:00,2026-09-16T14:21:15.766123+05:30,NIFTY,29-Sep-2026,21950.0,PE,23234.25,17.65,260,17.8,390,17.25,17.725,2723,-13,1979,-19.767441860465116,19.29,-0.05164171867255908,0.0001248703188349534,-3.259480785522829,4.6482662952868905,-0.8735045052875381,0.006035329491884899,62.50542826168237,-2.4532445815446456e-07,0.0010318413439002398,-6.823915986408941e-06,-0.6098970817057845,-64.37838408223173,0.05551226293765397,0.00013990959117295203,0.035747216954496445,23277.1,0.05154419525703475,0.0123,index_dividend_yield,0.065,13.18,65,23201.6,23284.75,23116.1,23118.6,mid_price,ok
2026-09-16T08:51:15.766123+00:00,2026-09-16T14:21:15.766123+05:30,NIFTY,29-Sep-2026,22000.0,CE,23234.25,1286.3,65,1291.8,65,1301.85,1289.05,12436,-16,392,4.852609536082475,0,,,,,,,,,,,,,,,0.035747216954496445,23277.1,0.05154419525703475,0.0123,index_dividend_yield,0.065,13.18,65,23201.6,23284.75,23116.1,23118.6,mid_price,no_nse_iv
2026-09-16T08:51:15.766123+00:00,2026-09-16T14:21:15.766123+05:30,NIFTY,29-Sep-2026,22000.0,PE,23234.25,19.1,2535,19.25,1820,19.1,19.175,60665,4645,43528,-18.376068376068375,19.12,-0.05701179979526172,0.00013623723414147898,-3.4880908035219576,5.026703373874821,-0.9240194818686647,0.006310499344005113,64.14016170234937,-2.619315676473724e-07,0.0010258751270362104,-6.6589484393840125e-06,-0.6305592281663044,-63.89894730400453,0.061152564939548903,0.00015195247299916892,0.035747216954496445,23277.1,0.05154419525703475,0.0123,index_dividend_yield,0.065,13.18,65,23201.6,23284.75,23116.1,23118.6,mid_price,ok
2026-09-16T08:51:15.766123+00:00,2026-09-16T14:21:15.766123+05:30,NIFTY,29-Sep-2026,22050.0,CE,23234.25,1224.1,195,1264.2,195,0.0,1244.15,1,0,0,0,31.11,0.828795798827487,0.00018567019094431153,-15.827795724809132,11.146582823587796,-0.7275676661185893,0.008082974180217084,30.390604317426018,-1.3684901155174087e-07,-9.059310349296185e-05,1.5146324621624345e-06,-0.7631867412449099,14.226787729121417,-0.8119235480520525,0.00020614951269080952,0.035747216954496445,23277.1,0.05154419525703475,0.0123,index_dividend_yield,0.065,13.18,65,23201.6,23284.75,23116.1,23118.6,mid_price,ok
2026-09-16T08:51:15.766123+00:00,2026-09-16T14:21:15.766123+05:30,NIFTY,29-Sep-2026,22050.0,PE,23234.25,20.35,130,20.45,390,20.2,20.4,2555,117,1626,-18.383838383838384,18.72,-0.06066366378306106,0.0001460956511998643,-3.5786338865769967,5.27767551507644,-0.9713840458881566,0.006475644180946143,66.09919240777806,-2.811128894725605e-07,0.001049367370869046,-6.607218339317573e-06,-0.6427768622964773,-64.59563423447818,0.06491132422468777,0.0001622099225940459,0.035747216954496445,23277.1,0.05154419525703475,0.0123,index_dividend_yield,0.065,13.18,65,23201.6,23284.75,23116.1,23118.6,mid_price,ok
2026-09-16T08:51:15.766123+00:00,2026-09-16T14:21:15.766123+05:30,NIFTY,29-Sep-2026,22100.0,CE,23234.25,1178.55,195,1197.8,65,1156.5,1188.175,18,0,1,2.576610936183423,0,,,,,,,,,,,,,,,0.035747216954496445,23277.1,0.05154419525703475,0.0123,index_dividend_yield,0.065,13.18,65,23201.6,23284.75,23116.1,23118.6,mid_price,no_nse_iv
2026-09-16T08:51:15.766123+00:00,2026-09-16T14:21:15.766123+05:30,NIFTY,29-Sep-2026,22100.0,PE,23234.25,21.7,715,21.8,325,21.5,21.75,4302,1367,6360,-17.938931297709924,18.33,-0.06474883158606984,0.00015697797448819252,-3.6789853959831995,5.552655609134425,-1.0213939157006773,0.006645331549014407,68.01514391281226,-3.0174697451140614e-07,0.0010664961646206124,-6.50285900886377e-06,-0.6551805086744169,-65.24433184729928,0.06911530936604629,0.000173504798285368,0.035747216954496445,23277.1,0.05154419525703475,0.0123,index_dividend_yield,0.065,13.18,65,23201.6,23284.75,23116.1,23118.6,mid_price,ok
2026-09-16T08:51:15.766123+00:00,2026-09-16T14:21:15.766123+05:30,NIFTY,29-Sep-2026,22150.0,CE,23234.25,1132.65,390,1163.05,130,1180,1147.85,7,0,1,-2.479338842975207,19.31,0.9156246795173552,0.00018169755843376825,-7.875406261656695,6.770658627499557,-1.0713965723412877,0.007350013990158111,64.89588878747021,-3.0229467602436756e-07,0.0008006453751594611,-4.937268098026252e-06,-0.7024786242255568,18.36329491270806,-0.9081423946426551,0.00019992124444730215,0.035747216954496445,23277.1,0.05154419525703475,0.0123,index_dividend_yield,0.065,13.18,65,23201.6,23284.75,23116.1,23118.6,mid_price,ok
2026-09-16T08:51:15.766123+00:00,2026-09-16T14:21:15.766123+05:30,NIFTY,29-Sep-2026,22150.0,PE,23234.25,23.5,260,23.65,260,23.4,23.575,1051,210,1665,-17.6056338028169,18.09,-0.0708254291638342,0.0001704723549579796,-3.883297477860719,5.951029179552389,-1.0747766514403942,0.006876312052534611,69.37839055436035,-3.2180792386308626e-07,0.001045105887898006,-6.1907669277274e-06,-0.6717989051582229,-65.07029539665716,0.07543408251705397,0.00018757018883929912,0.035747216954496445,23277.1,0.05154419525703475,0.0123,index_dividend_yield,0.065,13.18,65,23201.6,23284.75,23116.1,23118.6,mid_price,ok
2026-09-16T08:51:15.766123+00:00,2026-09-16T14:21:15.766123+05:30,NIFTY,29-Sep-2026,22200.0,CE,23234.25,1084.25,130,1120.6,390,0.0,1102.425,17,0,0,0,0,,,,,,,,,,,,,,,0.035747216954496445,23277.1,0.05154419525703475,0.0123,index_dividend_yield,0.065,13.18,65,23201.6,23284.75,23116.1,23118.6,mid_price,no_nse_iv
2026-09-16T08:51:15.766123+00:00,2026-09-16T14:21:15.766123+05:30,NIFTY,29-Sep-2026,22200.0,PE,23234.25,25.3,325,25.4,130,25.3,25.35,7490,594,10133,-17.455138662316475,17.76,-0.07647339315060889,0.00018412976558580767,-4.033432591524268,6.310539854798927,-1.1286500218528617,0.007061354356891979,70.84930417600788,-3.4417627472936126e-07,0.0010305493163563944,-5.885906847021943e-06,-0.684959228690083,-65.36720331909396,0.08126053113619883,0.0002016858210536831,0.035747216954496445,23277.1,0.05154419525703475,0.0123,index_dividend_yield,0.065,13.18,65,23201.6,23284.75,23116.1,23118.6,mid_price,ok
2026-09-16T08:51:15.766123+00:00,2026-09-16T14:21:15.766123+05:30,NIFTY,29-Sep-2026,22250.0,CE,23234.25,1038.35,65,1072.75,260,0.0,1055.55,6,0,0,0,25.01,0.8358116838840471,0.00022479452658785178,-13.001810384163267,10.849231507447598,-0.9199423023075193,0.008094755675371434,39.5587549783194,-2.092045610313313e-07,-7.915439672347136e-05,1.431548023325132e-06,-0.7622098650836566,17.29247241786728,-0.8223126730294177,0.0002451224101003976,0.035747216954496445,23277.1,0.05154419525703475,0.0123,index_dividend_yield,0.065,13.18,65,23201.6,23284.75,23116.1,23118.6,mid_price,ok
2026-09-16T08:51:15.766123+00:00,2026-09-16T14:21:15.766123+05:30,NIFTY,29-Sep-2026,22250.0,PE,23234.25,27.7,260,27.9,195,27.25,27.799999999999997,1149,206,1279,-16.282642089093702,17.49,-0.0833757831351387,0.00019959869601267864,-4.230167823966688,6.736697730276129,-1.1831584152847894,0.007258159660645276,71.8549006472644,-3.6644332394706285e-07,0.0009878133822544628,-5.4195612901436734e-06,-0.6988154581062291,-65.31312253537595,0.08839701500035571,0.000217648152569247,0.035747216954496445,23277.1,0.05154419525703475,0.0123,index_dividend_yield,0.065,13.18,65,23201.6,23284.75,23116.1,23118.6,mid_price,ok
2026-09-16T08:51:15.766123+00:00,2026-09-16T14:21:15.766123+05:30,NIFTY,29-Sep-2026,22300.0,CE,23234.25,997.75,130,1007.3,65,1005.5,1002.525,23,-2,5,5.018538827092798,14.92,0.937289524485005,0.00018708717890668412,-6.047071520233218,5.3865711614207665,-1.2389413750808487,0.006487260220916724,83.58517629607887,-4.453062512282713e-07,0.0016492758323052223,-7.962459628917638e-06,-0.6416920533523962,21.915857556325328,-0.9319975370078285,0.00020309143876692874,0.035747216954496445,23277.1,0.05154419525703475,0.0123,index_dividend_yield,0.065,13.18,65,23201.6,23284.75,23116.1,23118.6,mid_price,ok
2026-09-16T08:51:15.766123+00:00,2026-09-16T14:21:15.766123+05:30,NIFTY,29-Sep-2026,22300.0,PE,23234.25,30.05,455,30.2,585,30.05,30.125,7930,1063,11630,-16.759002770083104,17.22,-0.0909479366638393,0.000216325237747075,-4.432732189336754,7.188526681001309,-1.2373892821702925,0.007437640712320795,72.55121148096721,-3.893555581209884e-07,0.000927126360103614,-4.841322918431527e-06,-0.711412021263051,-65.23402270393518,0.09621075391498932,0.00023483064971312006,0.035747216954496445,23277.1,0.05154419525703475,0.0123,index_dividend_yield,0.065,13.18,65,23201.6,23284.75,23116.1,23118.6,mid_price,ok
2026-09-16T08:51:15.766123+00:00,2026-09-16T14:21:15.766123+05:30,NIFTY,29-Sep-2026,22350.0,CE,23234.25,941.1,325,977,260,0.0,959.05,2,0,0,0,0,,,,,,,,,,,,,,,0.035747216954496445,23277.1,0.05154419525703475,0.0123,index_dividend_yield,0.065,13.18,65,23201.6,23284.75,23116.1,23118.6,mid_price,no_nse_iv
2026-09-16T08:51:15.766123+00:00,2026-09-16T14:21:15.766123+05:30,NIFTY,29-Sep-2026,22350.0,PE,23234.25,33,65,33.15,130,33.15,33.075,922,10,2081,-15.217391304347826,16.96,-0.09938435100813736,0.00023446955411722057,-4.647663244336745,7.673824411564363,-1.2903107207950653,0.007597583879235272,72.827010995693,-4.124035191906836e-07,0.0008427874550296662,-4.124643283776009e-06,-0.722733582520438,-65.0717342582749,0.1049040998406021,0.0002533895607723321,0.035747216954496445,23277.1,0.05154419525703475,0.0123,index_dividend_yield,0.065,13.18,65,23201.6,23284.75,23116.1,23118.6,mid_price,ok
2026-09-16T08:51:15.766123+00:00,2026-09-16T14:21:15.766123+05:30,NIFTY,29-Sep-2026,22400.0,CE,23234.25,900.8,260,925,650,0.0,912.9,4,0,0,0,0,,,,,,,,,,,,,,,0.035747216954496445,23277.1,0.05154419525703475,0.0123,index_dividend_yield,0.065,13.18,65,23201.6,23284.75,23116.1,23118.6,mid_price,no_nse_iv
2026-09-16T08:51:15.766123+00:00,2026-09-16T14:21:15.766123+05:30,NIFTY,29-Sep-2026,22400.0,PE,23234.25,36.2,845,36.35,325,36,36.275000000000006,9133,2642,19519,-16.181606519208383,16.69,-0.10850307324747466,0.00025392471419357975,-4.8597044072066735,8.178259017547893,-1.3415666467874385,0.007726774213297315,72.74125057283953,-4.3592637338332395e-07,0.0007371944843846277,-3.284128648427026e-06,-0.7321932609304911,-64.9365265470251,0.11427722605852175,0.000273190914367245,0.035747216954496445,23277.1,0.05154419525703475,0.0123,index_dividend_yield,0.065,13.18,65,23201.6,23284.75,23116.1,23118.6,mid_price,ok
2026-09-16T08:51:15.766123+00:00,2026-09-16T14:21:15.766123+05:30,NIFTY,29-Sep-2026,22450.0,CE,23234.25,855.65,65,879.4,325,0.0,867.525,2,0,0,0,17.21,0.870257731980958,0.0002787377759137149,-8.868538747236995,9.257127661429585,-1.343086437258334,0.00795475559094272,66.63758701668864,-4.256841007349541e-07,0.0003869444285428366,-1.1566815386647921e-06,-0.7475773511924757,23.088560429755688,-0.8616497382000654,0.00029855232376448977,0.035747216954496445,23277.1,0.05154419525703475,0.0123,index_dividend_yield,0.065,13.18,65,23201.6,23284.75,23116.1,23118.6,mid_price,ok
2026-09-16T08:51:15.766123+00:00,2026-09-16T14:21:15.766123+05:30,NIFTY,29-Sep-2026,22450.0,PE,23234.25,39.95,260,40.1,195,40.05,40.025000000000006,1308,89,3134,-15.861344537815127,16.43,-0.11864344454269789,0.00027490970961297027,-5.082225300863226,8.716200156688513,-1.389345003560402,0.007823650854293929,72.11312824071214,-4.58898563360958e-07,0.0006013277950417644,-2.278894737043713e-06,-0.7399290502189455,-64.71360799567617,0.12468544469277966,0.0002944521328740895,0.035747216954496445,23277.1,0.05154419525703475,0.0123,index_dividend_yield,0.065,13.18,65,23201.6,23284.75,23116.1,23118.6,mid_price,ok
2026-09-16T08:51:15.766123+00:00,2026-09-16T14:21:15.766123+05:30,NIFTY,29-Sep-2026,22500.0,CE,23234.25,814.4,65,818.05,130,831,816.2249999999999,9979,277,1547,7.782101167315175,13.71,0.9069269141243624,0.0002754293454195896,-6.72791722959881,7.286973949809648,-1.571103574793009,0.00736216935624856,91.41241157549639,-6.1323869875787e-07,0.0014463878238464957,-5.571359440493758e-06,-0.7054896944064283,26.256087116607837,-0.9008541684290531,0.00029369901489425626,0.035747216954496445,23277.1,0.05154419525703475,0.0123,index_dividend_yield,0.065,13.18,65,23201.6,23284.75,23116.1,23118.6,mid_price,ok
2026-09-16T08:51:15.766123+00:00,2026-09-16T14:21:15.766123+05:30,NIFTY,29-Sep-2026,22500.0,PE,23234.25,44,325,44.15,455,44.15,44.075,55715,1394,49291,-15.744274809160306,16.2,-0.13018719197286757,0.0002975170468433943,-5.328883512231118,9.300930973940304,-1.4305956143841196,0.007881531916578338,70.71639819799991,-4.797279074837815e-07,0.0004256350071135933,-1.0657794627963002e-06,-0.7458439662221519,-64.28740651011019,0.13652679993086164,0.000317251828918366,0.035747216954496445,23277.1,0.05154419525703475,0.0123,index_dividend_yield,0.065,13.18,65,23201.6,23284.75,23116.1,23118.6,mid_price,ok
2026-09-16T08:51:15.766123+00:00,2026-09-16T14:21:15.766123+05:30,NIFTY,29-Sep-2026,22550.0,CE,23234.25,769.55,65,783.1,455,769.25,776.325,8,4,4,-9.5,12.26,0.9161795906815631,0.0002847585281202461,-6.105548639260954,6.737003327312553,-1.700252068802477,0.007064622088766903,103.25758082428571,-7.375600537180509e-07,0.002042109390808808,-7.1467729592016105e-06,-0.6850173068885317,28.493235006034862,-0.9108498875955257,0.0003023019601041899,0.035747216954496445,23277.1,0.05154419525703475,0.0123,index_dividend_yield,0.065,13.18,65,23201.6,23284.75,23116.1,23118.6,mid_price,ok
2026-09-16T08:51:15.766123+00:00,2026-09-16T14:21:15.766123+05:30,NIFTY,29-Sep-2026,22550.0,PE,23234.25,48.55,260,48.7,260,48.75,48.625,2801,24,4259,-15.584415584415584,15.95,-0.14251966632455348,0.0003214838261748257,-5.560718781921756,9.895081329102796,-1.46679486193102,0.007885376319539894,68.86869984581256,-5.001400090062803e-07,0.00022201208290384953,2.87921453383667e-07,-0.7492442217179107,-63.938674604746595,0.1491408794500401,0.0003412898340077307,0.035747216954496445,23277.1,0.05154419525703475,0.0123,index_dividend_yield,0.065,13.18,65,23201.6,23284.75,23116.1,23118.6,mid_price,ok
2026-09-16T08:51:15.766123+00:00,2026-09-16T14:21:15.766123+05:30,NIFTY,29-Sep-2026,22600.0,CE,23234.25,725.55,65,729.1,390,728.5,727.325,57,19,109,5.8558558558558556,13.28,0.8825703811836708,0.0003367573770850848,-7.226079191125902,8.630078487552458,-1.723099807318107,0.007671378790266691,90.07130477404957,-6.944706577251389e-07,0.0009790973372013876,-2.6810280934665555e-06,-0.7297875730913308,28.871455729347836,-0.8759121245764491,0.00035592423154395483,0.035747216954496445,23277.1,0.05154419525703475,0.0123,index_dividend_yield,0.065,13.18,65,23201.6,23284.75,23116.1,23118.6,mid_price,ok
2026-09-16T08:51:15.766123+00:00,2026-09-16T14:21:15.766123+05:30,NIFTY,29-Sep-2026,22600.0,PE,23234.25,53.6,260,53.8,260,54.1,53.7,17831,4480,28859,-14.937106918238994,15.75,-0.1567535629766767,0.000346918103850481,-5.82778506893716,10.544040717024723,-1.4901777438223323,0.007828736982702145,65.96127572057142,-5.154922622446488e-07,-3.2321901849511605e-05,1.8916300413509178e-06,-0.7504061894453322,-63.27226548012685,0.16369969243365076,0.00036666326537657665,0.035747216954496445,23277.1,0.05154419525703475,0.0123,index_dividend_yield,0.065,13.18,65,23201.6,23284.75,23116.1,23118.6,mid_price,ok
2026-09-16T08:51:15.766123+00:00,2026-09-16T14:21:15.766123+05:30,NIFTY,29-Sep-2026,22650.0,CE,23234.25,680,130,687.85,65,719.95,683.925,31,15,27,18.403091850999097,16.41,0.8148015661964012,0.00036992514531076034,-9.975208023372284,11.714452246580613,-1.4073690918102733,0.007641112516503568,55.46221170348975,-4.718503112558176e-07,-0.0005027979721148885,4.7116240764591465e-06,-0.7485148902675025,27.02824045339272,-0.8048952103573804,0.00038925549892705936,0.035747216954496445,23277.1,0.05154419525703475,0.0123,index_dividend_yield,0.065,13.18,65,23201.6,23284.75,23116.1,23118.6,mid_price,ok
2026-09-16T08:51:15.766123+00:00,2026-09-16T14:21:15.766123+05:30,NIFTY,29-Sep-2026,22650.0,PE,23234.25,59.7,65,59.9,130,59,59.8,2349,308,3508,-17.19298245614035,15.5,-0.1714973519654348,0.00037367974501650115,-6.052316338202604,11.177143025550583,-1.5080213883670035,0.007702074222845495,62.800607297123,-5.310276254233742e-07,-0.0003111761391344373,3.5974978207151923e-06,-0.7488789015554698,-62.846860303951296,0.1787202773372216,0.00039320629437920884,0.035747216954496445,23277.1,0.05154419525703475,0.0123,index_dividend_yield,0.065,13.18,65,23201.6,23284.75,23116.1,23118.6,mid_price,ok
2026-09-16T08:51:15.766123+00:00,2026-09-16T14:21:15.766123+05:30,NIFTY,29-Sep-2026,22700.0,CE,23234.25,638,65,641,65,658.2,639.5,417,111,426,8.595941263817851,11.27,0.882743435378063,0.0003964018356584821,-6.5767153101621085,8.621029381022424,-2.0364231336099103,0.007497392342712961,106.52969079307883,-9.571471553437486e-07,0.0013814203971989649,-2.769767217126052e-06,-0.7206352717961177,33.885451037523595,-0.8768550942283148,0.0004152802321531142,0.035747216954496445,23277.1,0.05154419525703475,0.0123,index_dividend_yield,0.065,13.18,65,23201.6,23284.75,23116.1,23118.6,mid_price,ok
2026-09-16T08:51:15.766123+00:00,2026-09-16T14:21:15.766123+05:30,NIFTY,29-Sep-2026,22700.0,PE,23234.25,65.8,65,66,195,66,65.9,19168,5527,28174,-16.666666666666668,15.28,-0.18803036879105298,0.00040162463939815546,-6.291002211172486,11.842496227911333,-1.5102141289978777,0.00749380788729212,58.705947262811975,-5.40819112767149e-07,-0.0006374204613841079,5.515210442178592e-06,-0.7449265611172855,-62.21424986517461,0.1955491436131919,0.0004207517687465277,0.035747216954496445,23277.1,0.05154419525703475,0.0123,index_dividend_yield,0.065,13.18,65,23201.6,23284.75,23116.1,23118.6,mid_price,ok
2026-09-16T08:51:15.766123+00:00,2026-09-16T14:21:15.766123+05:30,NIFTY,29-Sep-2026,22750.0,CE,23234.25,596.3,195,602.15,65,604.5,599.2249999999999,30,15,25,6.77382319173364,13.4,0.820426408741409,0.0004443468240962282,-8.54831554272084,11.490169386028063,-1.7431861370381663,0.00749261324674888,70.32800881732904,-7.026350421415665e-07,-0.0005961705378852516,5.393556475023796e-06,-0.7410482652952481,32.60445659832935,-0.8121911438024844,0.0004634646285637078,0.035747216954496445,23277.1,0.05154419525703475,0.0123,index_dividend_yield,0.065,13.18,65,23201.6,23284.75,23116.1,23118.6,mid_price,ok
2026-09-16T08:51:15.766123+00:00,2026-09-16T14:21:15.766123+05:30,NIFTY,29-Sep-2026,22750.0,PE,23234.25,73.55,260,73.8,130,73.6,73.675,3297,365,5826,-16.93002257336343,15.08,-0.2062862145628574,0.00043042134960949614,-6.53229542087573,12.525489252525404,-1.4947776076173063,0.007191888190813288,53.784271620571644,-5.442218777906293e-07,-0.0010059784546208143,7.6085990025252475e-06,-0.7385649870037909,-61.432086035495594,0.21410659602473045,0.0004489400173578245,0.035747216954496445,23277.1,0.05154419525703475,0.0123,index_dividend_yield,0.065,13.18,65,23201.6,23284.75,23116.1,23118.6,mid_price,ok
2026-09-16T08:51:15.766123+00:00,2026-09-16T14:21:15.766123+05:30,NIFTY,29-Sep-2026,22800.0,CE,23234.25,554.2,130,556.95,130,560.55,555.575,4181,307,1096,7.549884881043745,12.12,0.8200695814264898,0.0004918895774451502,-8.000052943585903,11.504554147861308,-1.9319850414605266,0.007354946744244195,77.82999538310963,-8.538450246043309e-07,-0.0007305924940503514,6.2433762794279315e-06,-0.7356071765799808,35.99720893720307,-0.812473295796932,0.0005108051209944807,0.035747216954496445,23277.1,0.05154419525703475,0.0123,index_dividend_yield,0.065,13.18,65,23201.6,23284.75,23116.1,23118.6,mid_price,ok
2026-09-16T08:51:15.766123+00:00,2026-09-16T14:21:15.766123+05:30,NIFTY,29-Sep-2026,22800.0,PE,23234.25,81.75,585,81.95,130,82.25,81.85,23787,4342,39311,-15.59774243201642,14.91,-0.22646910314003693,0.00045949724954070034,-6.778700946054531,13.220872341791917,-1.4574075241213928,0.006782910354914489,48.030885673418844,-5.391403895440181e-07,-0.0014124423971773558,9.849484948006482e-06,-0.7299722720553952,-60.451373897402526,0.2346000998663977,0.0004771671507401296,0.035747216954496445,23277.1,0.05154419525703475,0.0123,index_dividend_yield,0.065,13.18,65,23201.6,23284.75,23116.1,23118.6,mid_price,ok
2026-09-16T08:51:15.766123+00:00,2026-09-16T14:21:15.766123+05:30,NIFTY,29-Sep-2026,22850.0,CE,23234.25,513.6,130,516.55,130,512.25,515.075,148,71,224,6.430500727197174,12.41,0.7885958167021808,0.0005299849159867497,-8.593557126173806,12.692139678917371,-1.8143642655457093,0.0068818146909868086,63.98539762695954,-7.890975069750109e-07,-0.0015986912044839018,1.0235035123460387e-05,-0.7276782530838535,37.1654576866006,-0.7802816663025774,0.0005479594442197468,0.035747216954496445,23277.1,0.05154419525703475,0.0123,index_dividend_yield,0.065,13.18,65,23201.6,23284.75,23116.1,23118.6,mid_price,ok
2026-09-16T08:51:15.766123+00:00,2026-09-16T14:21:15.766123+05:30,NIFTY,29-Sep-2026,22850.0,PE,23234.25,90.65,455,91.05,325,90.15,90.85,2136,281,4599,-17.445054945054945,14.74,-0.24816829561111087,0.0004887496703325427,-7.002851831042067,13.902199395707022,-1.400002453341459,0.006264853940434577,41.81704893836358,-5.269684509127381e-07,-0.0018456714354080528,1.216479814303273e-05,-0.7196604557125532,-59.437101467971324,0.25658706378650714,0.0005053256982217591,0.035747216954496445,23277.1,0.05154419525703475,0.0123,index_dividend_yield,0.065,13.18,65,23201.6,23284.75,23116.1,23118.6,mid_price,ok
2026-09-16T08:51:15.766123+00:00,2026-09-16T14:21:15.766123+05:30,NIFTY,29-Sep-2026,22900.0,CE,23234.25,474.45,65,476.85,130,487.25,475.65,544,-4,916,9.322414179941665,12.32,0.7622408694787255,0.0005707783191614158,-8.882830534276128,13.569933776774105,-1.7334453669216043,0.006299540336740406,54.41953488858875,-7.634393999495153e-07,-0.0023439127577605696,1.3614226210679537e-05,-0.7165117601090482,39.05551498411929,-0.7535648648772818,0.0005875621612266998,0.035747216954496445,23277.1,0.05154419525703475,0.0123,index_dividend_yield,0.065,13.18,65,23201.6,23284.75,23116.1,23118.6,mid_price,ok
2026-09-16T08:51:15.766123+00:00,2026-09-16T14:21:15.766123+05:30,NIFTY,29-Sep-2026,22900.0,PE,23234.25,101.3,65,101.55,130,101.3,101.425,17322,4800,28954,-16.142384105960264,14.53,-0.27088391229388487,0.0005187533546336656,-7.171062114005675,14.545413926048052,-1.3270219790650628,0.005644267696410299,35.548430025087896,-5.103357274724157e-07,-0.002302439085214022,1.450479151073015e-05,-0.7083727618803408,-58.59096593906253,0.27952853999970173,0.0005340073929927254,0.035747216954496445,23277.1,0.05154419525703475,0.0123,index_dividend_yield,0.065,13.18,65,23201.6,23284.75,23116.1,23118.6,mid_price,ok
2026-09-16T08:51:15.766123+00:00,2026-09-16T14:21:15.766123+05:30,NIFTY,29-Sep-2026,22950.0,CE,23234.25,436.15,130,438.25,65,450.4,437.2,166,22,260,10.745020899926235,12.06,0.7365936761078156,0.0006157065852655111,-9.019707659161993,14.329157576549749,-1.6528437341682967,0.005602597346034965,46.026540010767114,-7.472724050430926e-07,-0.0031276939261700104,1.6951966480873598e-05,-0.7039644817543049,41.4598378375937,-0.7277303588624251,0.0006310528535955662,0.035747216954496445,23277.1,0.05154419525703475,0.0123,index_dividend_yield,0.065,13.18,65,23201.6,23284.75,23116.1,23118.6,mid_price,ok
2026-09-16T08:51:15.766123+00:00,2026-09-16T14:21:15.766123+05:30,NIFTY,29-Sep-2026,22950.0,PE,23234.25,112.05,325,112.45,130,112.95,112.25,4667,880,6641,-16.271312083024462,14.37,-0.29585191679833056,0.0005471783272543264,-7.341801607920407,15.173480391209196,-1.2230951840891402,0.004894095916529728,28.799639358770612,-4.805491934315832e-07,-0.0027692898961595,1.6835003452600602e-05,-0.6964684441281168,-57.45430861589269,0.3047293468549878,0.0005608165530511393,0.035747216954496445,23277.1,0.05154419525703475,0.0123,index_dividend_yield,0.065,13.18,65,23201.6,23284.75,23116.1,23118.6,mid_price,ok
2026-09-16T08:51:15.766123+00:00,2026-09-16T14:21:15.766123+05:30,NIFTY,29-Sep-2026,23000.0,CE,23234.25,400.15,65,401.4,260,399,400.775,17477,1765,26446,6.527833400080096,12.04,0.7048447269239396,0.0006519141476759746,-9.28578446265354,15.146644946763068,-1.4792749703240737,0.004666182818408582,35.0463878528835,-6.775246855315808e-07,-0.0039062946885008954,2.0285254350395007e-05,-0.689952006883459,43.45021168706773,-0.6956363068078368,0.000665260978345261,0.035747216954496445,23277.1,0.05154419525703475,0.0123,index_dividend_yield,0.065,13.18,65,23201.6,23284.75,23116.1,23118.6,mid_price,ok
2026-09-16T08:51:15.766123+00:00,2026-09-16T14:21:15.766123+05:30,NIFTY,29-Sep-2026,23000.0,PE,23234.25,125.25,130,125.45,195,126,125.35,112809.61538461539,12141,103535,-15.831663326653306,14.24,-0.32268573030524306,0.0005735214753476647,-7.49383606198308,15.760109335633837,-1.0906538587319436,0.004020677588887467,22.030839791876033,-4.389003344440662e-07,-0.00322592432395319,1.9048910416616252e-05,-0.6849100327418043,-56.14458725657596,0.33177815626756585,0.0005852633497094239,0.035747216954496445,23277.1,0.05154419525703475,0.0123,index_dividend_yield,0.065,13.18,65,23201.6,23284.75,23116.1,23118.6,mid_price,ok
2026-09-16T08:51:15.766123+00:00,2026-09-16T14:21:15.766123+05:30,NIFTY,29-Sep-2026,23050.0,CE,23234.25,363,585,364.45,65,369.9,363.725,421,186,699,9.648732770120054,12.4,0.6667174929386882,0.0006669356900452148,-9.75786508172501,15.958982408640766,-1.1960821014230238,0.0034721999153405343,22.682570283454773,-5.450545723146754e-07,-0.004430796093937824,2.286500031786504e-05,-0.67651580414236,44.424602370317274,-0.6569190852782568,0.0006776405952650404,0.035747216954496445,23277.1,0.05154419525703475,0.0123,index_dividend_yield,0.065,13.18,65,23201.6,23284.75,23116.1,23118.6,mid_price,ok
2026-09-16T08:51:15.766123+00:00,2026-09-16T14:21:15.766123+05:30,NIFTY,29-Sep-2026,23050.0,PE,23234.25,138.1,130,138.55,130,138.4,138.325,3622,1229,9780,-16.52593486127865,14.04,-0.3502722122208408,0.0006005569818487031,-7.5530048167238855,16.27124859200147,-0.9435190344585787,0.0030531889890130226,15.923705071571703,-3.9291216456454143e-07,-0.0036898863513904205,2.114282372382302e-05,-0.6747892101933406,-55.13484792095112,0.3594759027157498,0.0006101964503398242,0.035747216954496445,23277.1,0.05154419525703475,0.0123,index_dividend_yield,0.065,13.18,65,23201.6,23284.75,23116.1,23118.6,mid_price,ok
2026-09-16T08:51:15.766123+00:00,2026-09-16T14:21:15.766123+05:30,NIFTY,29-Sep-2026,23100.0,CE,23234.25,328.2,65,329.1,195,329.45,328.65,4214,1713,10353,7.138211382113822,11.85,0.6380242017414663,0.0007195310320386057,-9.557281551506742,16.453846126436627,-1.0479614895320677,0.0023692930055315697,16.294567091449608,-5.073428845371492e-07,-0.005359734553776231,2.60235570366255e-05,-0.666564898725305,48.187269027924806,-0.6284147359731096,0.0007279187148956094,0.035747216954496445,23277.1,0.05154419525703475,0.0123,index_dividend_yield,0.065,13.18,65,23201.6,23284.75,23116.1,23118.6,mid_price,ok
2026-09-16T08:51:15.766123+00:00,2026-09-16T14:21:15.766123+05:30,NIFTY,29-Sep-2026,23100.0,PE,23234.25,152.9,585,153.4,65,153.85,153.15,17142,2611,33191,-16.226517832834194,13.91,-0.37996941125878125,0.0006229108332324451,-7.608910179441475,16.72062727883256,-0.7630009168356211,0.0019671350338235083,10.22750340828793,-3.3160146968474314e-07,-0.004097318420817923,2.2923000198480552e-05,-0.6668226884337152,-53.77344690468281,0.3892848570659341,0.0006301721997124184,0.035747216954496445,23277.1,0.05154419525703475,0.0123,index_dividend_yield,0.065,13.18,65,23201.6,23284.75,23116.1,23118.6,mid_price,ok
2026-09-16T08:51:15.766123+00:00,2026-09-16T14:21:15.766123+05:30,NIFTY,29-Sep-2026,23150.0,CE,23234.25,295.55,65,296.4,130,296.7,295.975,5469,1890,7301,6.458557588805167,12.24,0.5984237161571344,0.0007188225112449853,-9.920742822027963,16.978629810239642,-0.7162385214408706,0.0009699146410283577,7.864793196858955,-3.562224163639484e-07,-0.005540098968687416,2.7153058931368712e-05,-0.6606000950871938,49.001231792801796,-0.5883446982137776,0.0007240640660004077,0.035747216954496445,23277.1,0.05154419525703475,0.0123,index_dividend_yield,0.065,13.18,65,23201.6,23284.75,23116.1,23118.6,mid_price,ok
2026-09-16T08:51:15.766123+00:00,2026-09-16T14:21:15.766123+05:30,NIFTY,29-Sep-2026,23150.0,PE,23234.25,169.7,455,170.15,65,170.75,169.925,7280,1223,20857,-16.257969592937716,13.76,-0.41078791694559497,0.0006432096181560852,-7.59539726038149,17.079317658681536,-0.5624215435878765,0.0007955453259075873,5.560579448772529,-2.6190894051124724e-07,-0.004465295674980856,2.4390707583411136e-05,-0.662031644471412,-52.47885435576318,0.42013907295158176,0.0006478998141085466,0.035747216954496445,23277.1,0.05154419525703475,0.0123,index_dividend_yield,0.065,13.18,65,23201.6,23284.75,23116.1,23118.6,mid_price,ok
2026-09-16T08:51:15.766123+00:00,2026-09-16T14:21:15.766123+05:30,NIFTY,29-Sep-2026,23200.0,CE,23234.25,264.65,65,265.3,65,264.1,264.975,18490,4810,56872,5.6611322264452895,11.66,0.5646472839928041,0.000768198622543388,-9.573861914035467,17.28508926584893,-0.4770302469126464,-0.0004260371489873682,3.424202965366163,-2.703348347130067e-07,-0.00643659969687925,2.9632931954283416e-05,-0.6587217519636113,53.50203025579896,-0.5549115341096356,0.0007704684694442921,0.035747216954496445,23277.1,0.05154419525703475,0.0123,index_dividend_yield,0.065,13.18,65,23201.6,23284.75,23116.1,23118.6,mid_price,ok
2026-09-16T08:51:15.766123+00:00,2026-09-16T14:21:15.766123+05:30,NIFTY,29-Sep-2026,23200.0,PE,23234.25,188.05,130,188.55,65,189.1,188.3,49807,11024,93532,-15.730837789661319,13.65,-0.44292628620543123,0.0006582524164370911,-7.547891453444777,17.33902471533388,-0.33907127281618266,-0.0004490633307969727,2.1309955282493576,-1.8145852327875508e-07,-0.0047417096142062095,2.5373736821139014e-05,-0.6612539376039095,-51.00057696321958,0.4522777273262968,0.0006601973980650398,0.035747216954496445,23277.1,0.05154419525703475,0.0123,index_dividend_yield,0.065,13.18,65,23201.6,23284.75,23116.1,23118.6,mid_price,ok
2026-09-16T08:51:15.766123+00:00,2026-09-16T14:21:15.766123+05:30,NIFTY,29-Sep-2026,23250.0,CE,23234.25,234.9,130,235.6,195,235,235.25,10558,1041,16822,5.357543151759695,11.66,0.5259755639889813,0.0007768414300601767,-9.535794344532988,17.479559413348838,-0.14911843364961985,-0.0019227743548499987,0.4306512056224676,-1.2893384704328117e-07,-0.006643795020658217,3.0071788119251613e-05,-0.6637650842845524,55.94790297873355,-0.5162244597659922,0.000775789291709638,0.035747216954496445,23277.1,0.05154419525703475,0.0123,index_dividend_yield,0.065,13.18,65,23201.6,23284.75,23116.1,23118.6,mid_price,ok
2026-09-16T08:51:15.766123+00:00,2026-09-16T14:21:15.766123+05:30,NIFTY,29-Sep-2026,23250.0,PE,23234.25,208.35,65,208.95,65,209,208.64999999999998,16627,279,23275,-15.092423319114362,13.5,-0.47586051663309603,0.0006712021064770146,-7.4099895454798395,17.485845287805486,-0.10171891196184002,-0.0017421124941489616,0.26820526217186114,-9.444468095190361e-08,-0.004961843593873734,2.594197309288354e-05,-0.6650578550508719,-49.66850702487948,0.4851123985588473,0.0006702930438937637,0.035747216954496445,23277.1,0.05154419525703475,0.0123,index_dividend_yield,0.065,13.18,65,23201.6,23284.75,23116.1,23118.6,mid_price,ok
2026-09-16T08:51:15.766123+00:00,2026-09-16T14:21:15.766123+05:30,NIFTY,29-Sep-2026,23300.0,CE,23234.25,207.05,65,207.35,130,207.1,207.2,36689,6791,69720,5.2604828462515885,11.5,0.48684136715498316,0.0007889378602881824,-9.314861128859413,17.508147246509317,0.187838355962755,-0.0034600112396052096,0.26781209104242976,1.716346407967255e-08,-0.00684877766518805,3.0062695254076612e-05,-0.6754205108678484,59.28833991591079,-0.47727930841759597,0.0007844915534316343,0.035747216954496445,23277.1,0.05154419525703475,0.0123,index_dividend_yield,0.065,13.18,65,23201.6,23284.75,23116.1,23118.6,mid_price,ok
2026-09-16T08:51:15.766123+00:00,2026-09-16T14:21:15.766123+05:30,NIFTY,29-Sep-2026,23300.0,PE,23234.25,229.45,65,229.95,130,230.25,229.7,61948,14992,73155,-14.801110083256244,13.41,-0.5095396364955744,0.0006767222628399744,-7.24601718358067,17.512122809908178,0.1481408980144594,-0.0030503678401407885,0.1592979738269662,-4.334277362806419e-10,-0.005040524100234233,2.5852470325867264e-05,-0.6738772507356643,-48.101981433362546,0.5186647837804854,0.0006729083821927143,0.035747216954496445,23277.1,0.05154419525703475,0.0123,index_dividend_yield,0.065,13.18,65,23201.6,23284.75,23116.1,23118.6,mid_price,ok
2026-09-16T08:51:15.766123+00:00,2026-09-16T14:21:15.766123+05:30,NIFTY,29-Sep-2026,23350.0,CE,23234.25,181.7,65,182.2,130,180.85,181.95,4198,590,14250,5.023228803716608,11.54,0.44788357038918514,0.0007799463933632767,-9.153343492609988,17.368812031095228,0.5219539926551997,-0.004912709400412496,2.99273786901999,1.637626865398116e-07,-0.006624727683788602,2.8670071975425035e-05,-0.6933770156764432,61.72355390353504,-0.4384430215724333,0.0007722329003261036,0.035747216954496445,23277.1,0.05154419525703475,0.0123,index_dividend_yield,0.065,13.18,65,23201.6,23284.75,23116.1,23118.6,mid_price,ok
2026-09-16T08:51:15.766123+00:00,2026-09-16T14:21:15.766123+05:30,NIFTY,29-Sep-2026,23350.0,PE,23234.25,254.45,65,255.25,65,255.8,254.85,3655,172,5759,-13.930013458950201,13.38,-0.5432886253088195,0.0006744005206256377,-7.057170095786102,17.412998496406857,0.3988468395851874,-0.004328505118262438,1.9155852985974775,9.510462931686263e-08,-0.00496644369858706,2.508630091241945e-05,-0.6875169064058291,-46.34505617944451,0.5522600257782146,0.000667730852345386,0.035747216954496445,23277.1,0.05154419525703475,0.0123,index_dividend_yield,0.065,13.18,65,23201.6,23284.75,23116.1,23118.6,mid_price,ok
2026-09-16T08:51:15.766123+00:00,2026-09-16T14:21:15.766123+05:30,NIFTY,29-Sep-2026,23400.0,CE,23234.25,157.35,520,157.85,130,157.4,157.6,31211,-4153,63422,3.7232289950576605,11.41,0.40832211463303025,0.0007745621018485959,-8.80084271287505,17.054596172600494,0.8608175567033916,-0.006352620179611134,8.75104884128497,3.166210953345288e-07,-0.006391452488676533,2.6789687423922626e-05,-0.7177985491575427,65.2419955370983,-0.3992155866322781,0.0007636280013167536,0.035747216954496445,23277.1,0.05154419525703475,0.0123,index_dividend_yield,0.065,13.18,65,23201.6,23284.75,23116.1,23118.6,mid_price,ok
2026-09-16T08:51:15.766123+00:00,2026-09-16T14:21:15.766123+05:30,NIFTY,29-Sep-2026,23400.0,PE,23234.25,281.05,520,282.05,65,281.55,281.55,31514,-3176,51365,-13.302540415704389,13.28,-0.5772570651488718,0.0006706088775417279,-6.756052453195493,17.185688099038515,0.6500129887269113,-0.005580770046998751,5.5835551164520325,1.9264247149014387e-07,-0.004832143385182007,2.387639492901401e-05,-0.7058744468775907,-44.842775888526305,0.5859498888652664,0.0006611422319789163,0.035747216954496445,23277.1,0.05154419525703475,0.0123,index_dividend_yield,0.065,13.18,65,23201.6,23284.75,23116.1,23118.6,mid_price,ok
2026-09-16T08:51:15.766123+00:00,2026-09-16T14:21:15.766123+05:30,NIFTY,29-Sep-2026,23450.0,CE,23234.25,136.05,130,136.45,195,135.7,136.25,5700,487,11408,2.0684467845054533,11.28,0.3688774145386988,0.0007609890331836785,-8.375624150730474,16.564832545159053,1.189244257538552,-0.0076859330018114735,17.471018785611747,4.6897992244251377e-07,-0.005944113591045555,2.400843115458746e-05,-0.7474016302611445,68.98254678263919,-0.36018538131502464,0.000747050602024934,0.035747216954496445,23277.1,0.05154419525703475,0.0123,index_dividend_yield,0.065,13.18,65,23201.6,23284.75,23116.1,23118.6,mid_price,ok
2026-09-16T08:51:15.766123+00:00,2026-09-16T14:21:15.766123+05:30,NIFTY,29-Sep-2026,23450.0,PE,23234.25,309.95,130,311.15,65,297.95,310.54999999999995,4812,470,4137,-16.680648769574944,13.25,-0.6104653480780753,0.0006585351356983376,-6.443157277676853,16.838150303848717,0.8860824241637144,-0.0067333195893561895,10.947473891308235,2.847686237679818e-07,-0.004542147093115532,2.2030920192162188e-05,-0.7277184619978065,-43.15026238534393,0.6188660748836494,0.0006464732711322419,0.035747216954496445,23277.1,0.05154419525703475,0.0123,index_dividend_yield,0.065,13.18,65,23201.6,23284.75,23116.1,23118.6,mid_price,ok
2026-09-16T08:51:15.766123+00:00,2026-09-16T14:21:15.766123+05:30,NIFTY,29-Sep-2026,23500.0,CE,23234.25,117.3,325,117.5,130,116.95,117.4,67098,-1305,117315,2.229020979020979,11.3,0.3321937083636345,0.0007312929059772316,-8.000554782301224,15.946646101650167,1.4612090505724817,-0.00877476295225954,27.825633450522247,5.923232459031336e-07,-0.005195837230692157,2.03872760167023e-05,-0.7779235286127354,71.81529759995716,-0.32386373390994005,0.0007148467582646421,0.035747216954496445,23277.1,0.05154419525703475,0.0123,index_dividend_yield,0.065,13.18,65,23201.6,23284.75,23116.1,23118.6,mid_price,ok
2026-09-16T08:51:15.766123+00:00,2026-09-16T14:21:15.766123+05:30,NIFTY,29-Sep-2026,23500.0,PE,23234.25,338.1,195,339.15,130,340.05,338.625,68807,-1899,53781,-11.96116504854369,13.25,-0.6426293833068439,0.0006406561311631157,-6.097487078454628,16.38100026077924,1.101311652335235,-0.007767810235104977,17.720093382843416,3.6891065982511025e-07,-0.004142292416227193,1.9710840579895443e-05,-0.7518981261985722,-41.423446626905566,0.6507004284761378,0.0006262483264654823,0.035747216954496445,23277.1,0.05154419525703475,0.0123,index_dividend_yield,0.065,13.18,65,23201.6,23284.75,23116.1,23118.6,mid_price,ok
2026-09-16T08:51:15.766123+00:00,2026-09-16T14:21:15.766123+05:30,NIFTY,29-Sep-2026,23550.0,CE,23234.25,99.7,130,100,130,99.55,99.85,4695,1088,10779,1.3231552162849873,11.21,0.2953684706949736,0.0007008961779550739,-7.487961677618139,15.162082540116916,1.7199532045897026,-0.009735256455576213,40.605924406798444,7.169217025129751e-07,-0.004375479226785951,1.6252771825484838e-05,-0.8106187745705462,75.585499304146,-0.2875529292873964,0.0006822274425801687,0.035747216954496445,23277.1,0.05154419525703475,0.0123,index_dividend_yield,0.065,13.18,65,23201.6,23284.75,23116.1,23118.6,mid_price,ok
2026-09-16T08:51:15.766123+00:00,2026-09-16T14:21:15.766123+05:30,NIFTY,29-Sep-2026,23550.0,PE,23234.25,372.1,130,373.85,390,360.45,372.975,2290,160,1198,-14.777160420853528,13.34,-0.6725846720628295,0.0006155372376864924,-5.773630953151508,15.845637378155784,1.2793155633096798,-0.008632820951030906,25.17174879690831,4.362504669753389e-07,-0.003636531887572835,1.703716160483034e-05,-0.7761587905568205,-39.54384297188693,0.6803474330901345,0.0005991420822195355,0.035747216954496445,23277.1,0.05154419525703475,0.0123,index_dividend_yield,0.065,13.18,65,23201.6,23284.75,23116.1,23118.6,mid_price,ok
2026-09-16T08:51:15.766123+00:00,2026-09-16T14:21:15.766123+05:30,NIFTY,29-Sep-2026,23600.0,CE,23234.25,84,130,84.1,325,83.65,84.05,30672,2469,47346,-1.2396694214876034,11.13,0.2602594474842783,0.0006636208875718312,-6.9387015759548785,14.25327825492729,1.9335550881184327,-0.01046948216816962,54.550967048117016,8.230930647546579e-07,-0.0034226160688617733,1.1688855491253725e-05,-0.8413423216969971,79.45033820445065,-0.25300099460409925,0.0006432108433459654,0.035747216954496445,23277.1,0.05154419525703475,0.0123,index_dividend_yield,0.065,13.18,65,23201.6,23284.75,23116.1,23118.6,mid_price,ok
2026-09-16T08:51:15.766123+00:00,2026-09-16T14:21:15.766123+05:30,NIFTY,29-Sep-2026,23600.0,PE,23234.25,405.5,130,407.2,520,405,406.35,23058,-668,7653,-10.219463533584571,13.25,-0.7036264708894614,0.0005935058924693309,-5.268593243453816,15.17541112369184,1.4621895512067495,-0.00944449659770874,34.414548786718235,5.11738089732873e-07,-0.003133421733887557,1.4097213718973206e-05,-0.8027924992399971,-38.14600748305862,0.7108814958702665,0.0005752522754713279,0.035747216954496445,23277.1,0.05154419525703475,0.0123,index_dividend_yield,0.065,13.18,65,23201.6,23284.75,23116.1,23118.6,mid_price,ok
2026-09-16T08:51:15.766123+00:00,2026-09-16T14:21:15.766123+05:30,NIFTY,29-Sep-2026,23650.0,CE,23234.25,71,130,71.25,585,71.1,71.125,7963,641,10796,-0.489853044086774,11.11,0.22829512261034743,0.0006194565188729866,-6.408684387608125,13.28080618333505,2.0821824938278692,-0.01093985931828037,68.0695282610646,8.969806879896304e-07,-0.002400581654938682,7.06024452976203e-06,-0.8663522030947437,82.9063384622673,-0.2215766146528224,0.0005978687495661302,0.035747216954496445,23277.1,0.05154419525703475,0.0123,index_dividend_yield,0.065,13.18,65,23201.6,23284.75,23116.1,23118.6,mid_price,ok
2026-09-16T08:51:15.766123+00:00,2026-09-16T14:21:15.766123+05:30,NIFTY,29-Sep-2026,23650.0,PE,23234.25,441.6,65,443.8,130,425.5,442.70000000000005,3296,-85,1749,-13.22524727235648,13.39,-0.7299020790470482,0.0005616446641789351,-4.914887780194544,14.51248441995342,1.5761319969179177,-0.010001505092226082,42.478554508623034,5.523123346564844e-07,-0.0025505771659882145,1.1137074187711892e-05,-0.8245489990030883,-36.325974443974864,0.7368108202691686,0.0005420716109083349,0.035747216954496445,23277.1,0.05154419525703475,0.0123,index_dividend_yield,0.065,13.18,65,23201.6,23284.75,23116.1,23118.6,mid_price,ok
2026-09-16T08:51:15.766123+00:00,2026-09-16T14:21:15.766123+05:30,NIFTY,29-Sep-2026,23700.0,CE,23234.25,59.6,650,59.85,715,59.55,59.725,34603,1619,49156,-2.536824877250409,11.11,0.19905648731583825,0.0005719040376213129,-5.878396585558487,12.261307206733527,2.174916236665783,-0.011175414888220853,80.70727955113632,9.444955461971029e-07,-0.0013829882180478874,2.5703056620195912e-06,-0.8843517422941556,86.24155974788361,-0.1928818812952437,0.0005496469048497629,0.035747216954496445,23277.1,0.05154419525703475,0.0123,index_dividend_yield,0.065,13.18,65,23201.6,23284.75,23116.1,23118.6,mid_price,ok
2026-09-16T08:51:15.766123+00:00,2026-09-16T14:21:15.766123+05:30,NIFTY,29-Sep-2026,23700.0,PE,23234.25,480.05,65,481.6,65,479,480.82500000000005,17188,19,4494,-9.383276579644344,13.36,-0.7572444181405759,0.0005323617106440438,-4.396716499713862,13.725014826102585,1.6927014322538625,-0.010482555830652274,51.944122269526716,6.008929286778737e-07,-0.0019699200027597326,7.96941486124218e-06,-0.846383858381877,-34.91276437097847,0.7636265004104743,0.0005116434703504866,0.035747216954496445,23277.1,0.05154419525703475,0.0123,index_dividend_yield,0.065,13.18,65,23201.6,23284.75,23116.1,23118.6,mid_price,ok
2026-09-16T08:51:15.766123+00:00,2026-09-16T14:21:15.766123+05:30,NIFTY,29-Sep-2026,23750.0,CE,23234.25,50.15,130,50.35,260,49.9,50.25,5682,479,9985,-4.222648752399232,11.16,0.17335719310812608,0.0005225821110111823,-5.386517108867431,11.254294764940788,2.2079261846466443,-0.011192832666967162,91.24362918433171,9.60773530172739e-07,-0.00044550651959727496,-1.459882381519618e-06,-0.8936188854684807,89.08818974077991,-0.16768895623114324,0.0005001319817271229,0.035747216954496445,23277.1,0.05154419525703475,0.0123,index_dividend_yield,0.065,13.18,65,23201.6,23284.75,23116.1,23118.6,mid_price,ok
2026-09-16T08:51:15.766123+00:00,2026-09-16T14:21:15.766123+05:30,NIFTY,29-Sep-2026,23750.0,PE,23234.25,520.9,65,524.55,65,513.8,522.7249999999999,2200,-256,725,-11.076497057805469,13.83,-0.7743897015522881,0.0004937720000646674,-4.288469593032063,13.177960195623937,1.6933577152728474,-0.010661734519012533,56.128754702732486,5.833209689096898e-07,-0.0014671223850321806,5.724686411030257e-06,-0.8570627734964322,-32.78018607585585,0.7806839230539834,0.00047255955324583033,0.035747216954496445,23277.1,0.05154419525703475,0.0123,index_dividend_yield,0.065,13.18,65,23201.6,23284.75,23116.1,23118.6,mid_price,ok
2026-09-16T08:51:15.766123+00:00,2026-09-16T14:21:15.766123+05:30,NIFTY,29-Sep-2026,23800.0,CE,23234.25,41.75,260,41.9,520,41.7,41.825,57505,8934,67624,-7.333333333333333,11.19,0.14968373642175306,0.00047358393175196375,-4.880637131963883,10.2264899879635,2.2024313571264162,-0.011030148128837512,100.38428398234255,9.613923517182415e-07,0.0004169285149637457,-5.145142784686112e-06,-0.8944329185651139,92.15545603056445,-0.1445399606155959,0.00045133640024374715,0.035747216954496445,23277.1,0.05154419525703475,0.0123,index_dividend_yield,0.065,13.18,65,23201.6,23284.75,23116.1,23118.6,mid_price,ok
2026-09-16T08:51:15.766123+00:00,2026-09-16T14:21:15.766123+05:30,NIFTY,29-Sep-2026,23800.0,PE,23234.25,562.05,130,563.55,130,560.65,562.8,26334,-702,6913,-8.829986177738027,13.33,,,,,,,,,,,,,,,0.035747216954496445,,,,,,13.18,65,23201.6,23284.75,23116.1,23118.6,mid_price,no_price_available
2026-09-16T08:51:15.766123+00:00,2026-09-16T14:21:15.766123+05:30,NIFTY,29-Sep-2026,23850.0,CE,23234.25,35.45,325,35.6,650,35.6,35.525000000000006,11012,238,13070,-9.183673469387756,11.31,0.1303609521682608,0.00042654512818282423,-4.466411089935947,9.30951686693441,2.146919516435766,-0.010732830624389011,106.05032201413866,9.316044290589824e-07,0.001088044914914182,-7.959568600616551e-06,-0.8867259703491488,94.16607385661723,-0.12564671232621202,0.00040480468981962897,0.035747216954496445,23277.1,0.05154419525703475,0.0123,index_dividend_yield,0.065,13.18,65,23201.6,23284.75,23116.1,23118.6,mid_price,ok
2026-09-16T08:51:15.766123+00:00,2026-09-16T14:21:15.766123+05:30,NIFTY,29-Sep-2026,23850.0,PE,23234.25,605,65,609.5,260,592.25,607.25,1375,-109,386,-9.875979608917294,14.51,,,,,,,,,,,,,,,0.035747216954496445,,,,,,13.18,65,23201.6,23284.75,23116.1,23118.6,mid_price,no_price_available
2026-09-16T08:51:15.766123+00:00,2026-09-16T14:21:15.766123+05:30,NIFTY,29-Sep-2026,23900.0,CE,23234.25,29.6,715,29.7,585,29.6,29.65,28105,-844,38168,-9.480122324159021,11.34,0.11136138855156666,0.00038075991160006284,-3.9896978509199634,8.332279394094487,2.0748448225202525,-0.01029044017166747,111.11632606884125,9.022918664452047e-07,0.0017204356565059102,-1.060800856806152e-05,-0.8702194575821647,97.20164959064728,-0.10714558448535617,0.0003598427288148079,0.035747216954496445,23277.1,0.05154419525703475,0.0123,index_dividend_yield,0.065,13.18,65,23201.6,23284.75,23116.1,23118.6,mid_price,ok
2026-09-16T08:51:15.766123+00:00,2026-09-16T14:21:15.766123+05:30,NIFTY,29-Sep-2026,23900.0,PE,23234.25,648,65,651.4,130,630.2,649.7,14000,-861,3674,-10.061367204224346,14.48,,,,,,,,,,,,,,,0.035747216954496445,,,,,,13.18,65,23201.6,23284.75,23116.1,23118.6,mid_price,no_price_available
2026-09-16T08:51:15.766123+00:00,2026-09-16T14:21:15.766123+05:30,NIFTY,29-Sep-2026,23950.0,CE,23234.25,25.05,585,25.2,585,25.15,25.125,4684,407,7014,-9.85663082437276,11.47,0.09652366200380605,0.00033935467137730617,-3.6212962016773833,7.511329297958006,1.9722619362738878,-0.009803777599599744,112.75318175982419,8.512691057464273e-07,0.002135862372596597,-1.2333670259266876e-05,-0.8481545023793383,98.96947414429756,-0.09269289466077911,0.0003193744079743608,0.035747216954496445,23277.1,0.05154419525703475,0.0123,index_dividend_yield,0.065,13.18,65,23201.6,23284.75,23116.1,23118.6,mid_price,ok
2026-09-16T08:51:15.766123+00:00,2026-09-16T14:21:15.766123+05:30,NIFTY,29-Sep-2026,23950.0,PE,23234.25,693.9,65,697.9,65,700.5,695.9,1926,-97,133,-6.2186223977508535,14.74,,,,,,,,,,,,,,,0.035747216954496445,,,,,,13.18,65,23201.6,23284.75,23116.1,23118.6,mid_price,no_price_available
2026-09-16T08:51:15.766123+00:00,2026-09-16T14:21:15.766123+05:30,NIFTY,29-Sep-2026,24000.0,CE,23234.25,21.5,2535,21.6,975,21.45,21.55,148192,6658,121115,-13.333333333333334,11.62,0.08387753050911952,0.00030178596858165525,-3.2912461340023995,6.767133182395672,1.8574777705737122,-0.009279802281003086,112.54245155384268,7.941346536568521e-07,0.002422177255335028,-1.3525486131235815e-05,-0.8214251683609746,100.40331834508441,-0.08039256176311121,0.00028283547222997024,0.035747216954496445,23277.1,0.05154419525703475,0.0123,index_dividend_yield,0.065,13.18,65,23201.6,23284.75,23116.1,23118.6,mid_price,ok
2026-09-16T08:51:15.766123+00:00,2026-09-16T14:21:15.766123+05:30,NIFTY,29-Sep-2026,24000.0,PE,23234.25,738.35,130,741.35,65,740,739.85,90309.15384615384,-1323,15704,-6.659939455095863,15.11,,,,,,,,,,,,,,,0.035747216954496445,,,,,,13.18,65,23201.6,23284.75,23116.1,23118.6,mid_price,no_price_available
2026-09-16T08:51:15.766123+00:00,2026-09-16T14:21:15.766123+05:30,NIFTY,29-Sep-2026,24050.0,CE,23234.25,18.25,520,18.3,260,18.3,18.275,4517,531,5833,-14.685314685314685,11.76,0.07264611455050426,0.0002673869906966782,-2.975323625088338,6.068022010794093,1.7363971846868151,-0.008718257149995162,111.07296495838659,7.359524712549611e-07,0.0026210634646222438,-1.4343252181431602e-05,-0.7900810273768019,101.88235967100063,-0.06949318321606474,0.00024955566225914823,0.035747216954496445,23277.1,0.05154419525703475,0.0123,index_dividend_yield,0.065,13.18,65,23201.6,23284.75,23116.1,23118.6,mid_price,ok
2026-09-16T08:51:15.766123+00:00,2026-09-16T14:21:15.766123+05:30,NIFTY,29-Sep-2026,24050.0,PE,23234.25,787.15,65,793.35,65,778.55,790.25,1391,2,83,-7.574048792069805,15.86,,,,,,,,,,,,,,,0.035747216954496445,,,,,,13.18,65,23201.6,23284.75,23116.1,23118.6,mid_price,no_price_available
2026-09-16T08:51:15.766123+00:00,2026-09-16T14:21:15.766123+05:30,NIFTY,29-Sep-2026,24100.0,CE,23234.25,15.6,715,15.7,1495,15.6,15.649999999999999,28202,42,32831,-14.986376021798366,11.91,0.06301274410303943,0.00023654286133517892,-2.690092336021924,5.436522122586346,1.6128667163811603,-0.00815071383225413,108.38578852776904,6.77021789204515e-07,0.0027300716335739326,-1.478171158507253e-05,-0.7559442998181815,103.15195911516136,-0.06016019395291996,0.00021985334460467414,0.035747216954496445,23277.1,0.05154419525703475,0.0123,index_dividend_yield,0.065,13.18,65,23201.6,23284.75,23116.1,23118.6,mid_price,ok
2026-09-16T08:51:15.766123+00:00,2026-09-16T14:21:15.766123+05:30,NIFTY,29-Sep-2026,24100.0,PE,23234.25,832.45,130,837.8,65,837.35,835.125,12580,-402,2279,-5.517630465444288,16.26,,,,,,,,,,,,,,,0.035747216954496445,,,,,,13.18,65,23201.6,23284.75,23116.1,23118.6,mid_price,no_price_available
2026-09-16T08:51:15.766123+00:00,2026-09-16T14:21:15.766123+05:30,NIFTY,29-Sep-2026,24150.0,CE,23234.25,13.55,975,13.65,390,13.65,13.600000000000001,6280,1137,6574,-17.522658610271904,12.08,0.05492647123942422,0.0002093881398186494,-2.4416170907001526,4.88110966525618,1.4913713829145003,-0.007602240456886726,104.73440424216918,6.188631634288907e-07,0.0027597663246470006,-1.4891446897061407e-05,-0.7208221603098338,104.07890488721809,-0.052335973098390734,0.00019380952832437774,0.035747216954496445,23277.1,0.05154419525703475,0.0123,index_dividend_yield,0.065,13.18,65,23201.6,23284.75,23116.1,23118.6,mid_price,ok
2026-09-16T08:51:15.766123+00:00,2026-09-16T14:21:15.766123+05:30,NIFTY,29-Sep-2026,24150.0,PE,23234.25,878.45,715,888.65,65,866,883.55,2468,6,42,-7.7349243554229705,14.66,,,,,,,,,,,,,,,0.035747216954496445,,,,,,13.18,65,23201.6,23284.75,23116.1,23118.6,mid_price,no_price_available
2026-09-16T08:51:15.766123+00:00,2026-09-16T14:21:15.766123+05:30,NIFTY,29-Sep-2026,24200.0,CE,23234.25,12.1,2340,12.15,1300,12.15,12.125,57259,547,30425,-17.905405405405407,12.33,0.048993945789679916,0.0001873318556298588,-2.2684730596908627,4.457324616409714,1.3806108264354104,-0.007147801846217841,100.34212411570431,5.623448160083053e-07,0.002698056659342779,-1.4666552958350642e-05,-0.6902104732641261,103.87940210622311,-0.04658592248414695,0.0001726784808263729,0.035747216954496445,23277.1,0.05154419525703475,0.0123,index_dividend_yield,0.065,13.18,65,23201.6,23284.75,23116.1,23118.6,mid_price,ok
2026-09-16T08:51:15.766123+00:00,2026-09-16T14:21:15.766123+05:30,NIFTY,29-Sep-2026,24200.0,PE,23234.25,928.4,65,932.4,65,912,930.4,26943,-443,2001,-7.052588666938442,16.65,,,,,,,,,,,,,,,0.035747216954496445,,,,,,13.18,65,23201.6,23284.75,23116.1,23118.6,mid_price,no_price_available
2026-09-16T08:51:15.766123+00:00,2026-09-16T14:21:15.766123+05:30,NIFTY,29-Sep-2026,24250.0,CE,23234.25,10.7,780,10.8,780,10.9,10.75,6622,425,4537,-18.352059925093634,12.55,0.04342512384799682,0.00016704982282438621,-2.0896126023852757,4.045659215716996,1.2736832144816905,-0.006681966974568763,95.79136347566063,5.10676289799714e-07,0.002624429118162845,-1.435940750652416e-05,-0.6574861230840492,104.0036860866329,-0.04120614777435523,0.0001533486120528225,0.035747216954496445,23277.1,0.05154419525703475,0.0123,index_dividend_yield,0.065,13.18,65,23201.6,23284.75,23116.1,23118.6,mid_price,ok
2026-09-16T08:51:15.766123+00:00,2026-09-16T14:21:15.766123+05:30,NIFTY,29-Sep-2026,24250.0,PE,23234.25,976,65,986.5,65,961.1,981.25,2438,-17,58,-7.675312199807877,17.43,,,,,,,,,,,,,,,0.035747216954496445,,,,,,13.18,65,23201.6,23284.75,23116.1,23118.6,mid_price,no_price_available
2026-09-16T08:51:15.766123+00:00,2026-09-16T14:21:15.766123+05:30,NIFTY,29-Sep-2026,24300.0,CE,23234.25,9.55,3315,9.65,845,9.65,9.600000000000001,62110,-2663,21736,-20.901639344262296,12.8,0.03891221785036306,0.0001498439116890948,-1.944472260258425,3.701251732325778,1.1765100468692016,-0.006269706247256389,91.12914330353816,4.632056035840449e-07,0.002518813326142578,-1.3927853613301331e-05,-0.627393373899392,103.68273285581087,-0.03684676394230145,0.00013698842444117318,0.035747216954496445,23277.1,0.05154419525703475,0.0123,index_dividend_yield,0.065,13.18,65,23201.6,23284.75,23116.1,23118.6,mid_price,ok
2026-09-16T08:51:15.766123+00:00,2026-09-16T14:21:15.766123+05:30,NIFTY,29-Sep-2026,24300.0,PE,23234.25,1028.35,65,1032.55,65,1029.25,1030.4499999999998,45990,-1266,2979,-5.103263876083349,17.25,,,,,,,,,,,,,,,0.035747216954496445,,,,,,13.18,65,23201.6,23284.75,23116.1,23118.6,mid_price,no_price_available
2026-09-16T08:51:15.766123+00:00,2026-09-16T14:21:15.766123+05:30,NIFTY,29-Sep-2026,24350.0,CE,23234.25,8.65,1040,8.75,1040,8.7,8.7,8884,545,4077,-17.92452830188679,13.07,0.03517136780132729,0.0001351114731171226,-1.823356669194187,3.407747194236685,1.0885910811851036,-0.0059017624913562175,86.53060468640695,4.202443804641227e-07,0.0023971492940999344,-1.3430501663602463e-05,-0.5996439482655269,103.06476669836464,-0.033234149821950575,0.00012301317109376052,0.035747216954496445,23277.1,0.05154419525703475,0.0123,index_dividend_yield,0.065,13.18,65,23201.6,23284.75,23116.1,23118.6,mid_price,ok
2026-09-16T08:51:15.766123+00:00,2026-09-16T14:21:15.766123+05:30,NIFTY,29-Sep-2026,24350.0,PE,23234.25,1070.85,65,1083.2,65,1081.35,1077.025,4903,-21,72,-3.4552028927280034,18.16,,,,,,,,,,,,,,,0.035747216954496445,,,,,,13.18,65,23201.6,23284.75,23116.1,23118.6,mid_price,no_price_available
2026-09-16T08:51:15.766123+00:00,2026-09-16T14:21:15.766123+05:30,NIFTY,29-Sep-2026,24400.0,CE,23234.25,7.9,3510,8,1365,8.05,7.95,42267,-537,15198,-22.966507177033492,13.3,0.0314749994953796,0.00012117160609377843,-1.689355879876222,3.10994033848582,1.0030447919028938,-0.005515071184808023,81.92692867239937,3.8104603969039153e-07,0.002281111378909995,-1.2914767214502383e-05,-0.5695790739204516,102.90047697238855,-0.02967996555053885,0.00010986984903619103,0.035747216954496445,23277.1,0.05154419525703475,0.0123,index_dividend_yield,0.065,13.18,65,23201.6,23284.75,23116.1,23118.6,mid_price,ok
2026-09-16T08:51:15.766123+00:00,2026-09-16T14:21:15.766123+05:30,NIFTY,29-Sep-2026,24400.0,PE,23234.25,1122.7,65,1128.4,65,1108,1125.5500000000002,29701,-371,1667,-6.026037911878207,16.78,,,,,,,,,,,,,,,0.035747216954496445,,,,,,13.18,65,23201.6,23284.75,23116.1,23118.6,mid_price,no_price_available
2026-09-16T08:51:15.766123+00:00,2026-09-16T14:21:15.766123+05:30,NIFTY,29-Sep-2026,24450.0,CE,23234.25,7.2,1820,7.3,2860,7.25,7.25,7543,964,4861,-23.68421052631579,13.63,0.029156032612623055,0.00011097183482355312,-1.62115990908724,2.918825789355365,0.9353965212788862,-0.0052544588662324365,77.79035682147395,3.469078601010762e-07,0.0021434297564125273,-1.2367167983653828e-05,-0.5487763397521359,101.49580341444086,-0.02743330062915828,0.00010021029853877964,0.035747216954496445,23277.1,0.05154419525703475,0.0123,index_dividend_yield,0.065,13.18,65,23201.6,23284.75,23116.1,23118.6,mid_price,ok
2026-09-16T08:51:15.766123+00:00,2026-09-16T14:21:15.766123+05:30,NIFTY,29-Sep-2026,24450.0,PE,23234.25,1171.45,65,1180.5,65,1186,1175.975,1320,-4,7,-3.4398534500305313,20.15,,,,,,,,,,,,,,,0.035747216954496445,,,,,,13.18,65,23201.6,23284.75,23116.1,23118.6,mid_price,no_price_available
2026-09-16T08:51:15.766123+00:00,2026-09-16T14:21:15.766123+05:30,NIFTY,29-Sep-2026,24500.0,CE,23234.25,6.7,5590,6.8,7475,6.75,6.75,83806,-753,31431,-25.824175824175825,13.87,0.026309449228712332,0.00010010401589044983,-1.511277289820032,2.6793380630238928,0.8636449553686802,-0.00492280872831399,73.51871852271175,3.1508491378459457e-07,0.0020250848513143783,-1.1825777945732033e-05,-0.5216894321548584,101.14409892825952,-0.024703537263621067,9.002780215442891e-05,0.035747216954496445,23277.1,0.05154419525703475,0.0123,index_dividend_yield,0.065,13.18,65,23201.6,23284.75,23116.1,23118.6,mid_price,ok
2026-09-16T08:51:15.766123+00:00,2026-09-16T14:21:15.766123+05:30,NIFTY,29-Sep-2026,24500.0,PE,23234.25,1221.2,65,1226.25,195,1205.95,1223.725,46620,-718,3219,-5.352587999843033,17.91,,,,,,,,,,,,,,,0.035747216954496445,,,,,,13.18,65,23201.6,23284.75,23116.1,23118.6,mid_price,no_price_available
2026-09-16T08:51:15.766123+00:00,2026-09-16T14:21:15.766123+05:30,NIFTY,29-Sep-2026,24550.0,CE,23234.25,5.85,3120,5.95,6435,5.9,5.9,11582,588,6786,-26.25,14.04,0.023237676681505018,8.911076813771363e-05,-1.3759766807514995,2.4143312032266455,0.7896822121889069,-0.00454444937199323,69.06151626901979,2.850335452044006e-07,0.001914337054152081,-1.1258235175795728e-05,-0.48991709800526223,101.56563256483349,-0.021775727762910483,7.981499862314803e-05,0.035747216954496445,23277.1,0.05154419525703475,0.0123,index_dividend_yield,0.065,13.18,65,23201.6,23284.75,23116.1,23118.6,mid_price,ok
2026-09-16T08:51:15.766123+00:00,2026-09-16T14:21:15.766123+05:30,NIFTY,29-Sep-2026,24550.0,PE,23234.25,1269.7,65,1282.65,65,1265.3,1276.1750000000002,761,-26,53,-5.7890622091508135,18.16,,,,,,,,,,,,,,,0.035747216954496445,,,,,,13.18,65,23201.6,23284.75,23116.1,23118.6,mid_price,no_price_available
2026-09-16T08:51:15.766123+00:00,2026-09-16T14:21:15.766123+05:30,NIFTY,29-Sep-2026,24600.0,CE,23234.25,5.5,2405,5.6,3380,5.55,5.55,23043,-319,8627,-26,14.31,0.021271027092456207,8.114363374473667e-05,-1.2992466890338186,2.2407512026295637,0.732498120688643,-0.00428599104427722,65.25512901451135,2.5956278279594787e-07,0.0017960427795442378,-1.0720627827146354e-05,-0.4676574192644311,100.7948151396011,-0.019890779224608787,7.23838291956971e-05,0.035747216954496445,23277.1,0.05154419525703475,0.0123,index_dividend_yield,0.065,13.18,65,23201.6,23284.75,23116.1,23118.6,mid_price,ok
2026-09-16T08:51:15.766123+00:00,2026-09-16T14:21:15.766123+05:30,NIFTY,29-Sep-2026,24600.0,PE,23234.25,1319.95,65,1326.55,65,1314,1323.25,10359,-133,327,-4.896319617848225,21.24,,,,,,,,,,,,,,,0.035747216954496445,,,,,,13.18,65,23201.6,23284.75,23116.1,23118.6,mid_price,no_price_available
2026-09-16T08:51:15.766123+00:00,2026-09-16T14:21:15.766123+05:30,NIFTY,29-Sep-2026,24650.0,CE,23234.25,5.2,2405,5.3,455,5.25,5.25,2270,-132,4000,-28.571428571428573,14.72,0.02048254149509691,7.640111421399304e-05,-1.2920436956776185,2.1702364555279585,0.6952200205045562,-0.0041749480908518065,62.41383991473537,2.3936459584311636e-07,0.0016782055850013675,-1.027004263435344e-05,-0.45794528231435794,98.47788313724253,-0.019110100130228944,6.787708155726707e-05,0.035747216954496445,23277.1,0.05154419525703475,0.0123,index_dividend_yield,0.065,13.18,65,23201.6,23284.75,23116.1,23118.6,mid_price,ok
2026-09-16T08:51:15.766123+00:00,2026-09-16T14:21:15.766123+05:30,NIFTY,29-Sep-2026,24650.0,PE,23234.25,1366.95,65,1387.3,260,1321,1377.125,569,0,6,-6.965279245017255,0,,,,,,,,,,,,,,,0.035747216954496445,,,,,,13.18,65,23201.6,23284.75,23116.1,23118.6,mid_price,no_price_available
2026-09-16T08:51:15.766123+00:00,2026-09-16T14:21:15.766123+05:30,NIFTY,29-Sep-2026,24700.0,CE,23234.25,4.9,6045,5,3055,4.95,4.95,22326,-756,14336,-28.776978417266186,14.96,0.018658236283799173,6.94495569500047e-05,-1.2111934811591754,2.004936513754215,0.6438201153382318,-0.003921062822133992,58.885404597440406,2.1825854333194835e-07,0.0015755198753344972,-9.76366752965229e-06,-0.4354375364754959,98.03445495617127,-0.017371988192593807,6.145155671678994e-05,0.035747216954496445,23277.1,0.05154419525703475,0.0123,index_dividend_yield,0.065,13.18,65,23201.6,23284.75,23116.1,23118.6,mid_price,ok
2026-09-16T08:51:15.766123+00:00,2026-09-16T14:21:15.766123+05:30,NIFTY,29-Sep-2026,24700.0,PE,23234.25,1420.85,65,1426.55,65,1430.2,1423.6999999999998,3536,-119,227,-2.3287577682168954,21.03,,,,,,,,,,,,,,,0.035747216954496445,,,,,,13.18,65,23201.6,23284.75,23116.1,23118.6,mid_price,no_price_available
2026-09-16T08:51:15.766123+00:00,2026-09-16T14:21:15.766123+05:30,NIFTY,29-Sep-2026,24750.0,CE,23234.25,4.65,1755,4.75,1235,4.65,4.7,4148,-333,2439,-27.906976744186046,15.3,0.017633226668181103,6.471350067641881e-05,-1.1786403414086377,1.9106708445430458,0.6066387836405097,-0.0037711581797852597,56.09765607743044,2.010578920919775e-07,0.0014770390548721492,-9.333378134910388e-06,-0.421927698592377,96.53500223348507,-0.01638185026885179,5.702979404114929e-05,0.035747216954496445,23277.1,0.05154419525703475,0.0123,index_dividend_yield,0.065,13.18,65,23201.6,23284.75,23116.1,23118.6,mid_price,ok
2026-09-16T08:51:15.766123+00:00,2026-09-16T14:21:15.766123+05:30,NIFTY,29-Sep-2026,24750.0,PE,23234.25,1451.9,65,1483.2,390,0.0,1467.5500000000002,440,0,0,0,29.46,,,,,,,,,,,,,,,0.035747216954496445,,,,,,13.18,65,23201.6,23284.75,23116.1,23118.6,mid_price,no_price_available
2026-09-16T08:51:15.766123+00:00,2026-09-16T14:21:15.766123+05:30,NIFTY,29-Sep-2026,24800.0,CE,23234.25,4.3,2015,4.35,715,4.35,4.324999999999999,16295,-855,9335,-29.26829268292683,15.53,0.016080346000699828,5.892167764851728e-05,-1.1041304008114539,1.765818700221797,0.5620682350456875,-0.003540110641802889,52.892622277965536,1.8363854748089757e-07,0.0013855076858063223,-8.859527258781311e-06,-0.40078837249511884,96.16907817927219,-0.014908459709507209,5.1716491978517534e-05,0.035747216954496445,23277.1,0.05154419525703475,0.0123,index_dividend_yield,0.065,13.18,65,23201.6,23284.75,23116.1,23118.6,mid_price,ok
2026-09-16T08:51:15.766123+00:00,2026-09-16T14:21:15.766123+05:30,NIFTY,29-Sep-2026,24800.0,PE,23234.25,1517.35,65,1524.85,130,1519.25,1521.1,5274,-67,140,-3.911833533615837,21.79,,,,,,,,,,,,,,,0.035747216954496445,,,,,,13.18,65,23201.6,23284.75,23116.1,23118.6,mid_price,no_price_available
2026-09-16T08:51:15.766123+00:00,2026-09-16T14:21:15.766123+05:30,NIFTY,29-Sep-2026,24850.0,CE,23234.25,3.95,1950,4,520,4,3.975,3925,-79,1789,-27.272727272727273,15.76,0.014691724589811233,5.3729451998386975e-05,-1.0355193668351648,1.6340606674354388,0.5211154753334566,-0.0033250644692965838,49.860508402258304,1.6786506987406803e-07,0.001298530079738926,-8.402757638074313e-06,-0.38074964181810556,95.78278909615811,-0.01359305419914445,4.696960858387011e-05,0.035747216954496445,23277.1,0.05154419525703475,0.0123,index_dividend_yield,0.065,13.18,65,23201.6,23284.75,23116.1,23118.6,mid_price,ok
2026-09-16T08:51:15.766123+00:00,2026-09-16T14:21:15.766123+05:30,NIFTY,29-Sep-2026,24850.0,PE,23234.25,1558.3,65,1581.8,65,1557.1,1570.05,211,-2,3,13.243636363636364,19.89,,,,,,,,,,,,,,,0.035747216954496445,,,,,,13.18,65,23201.6,23284.75,23116.1,23118.6,mid_price,no_price_available
2026-09-16T08:51:15.766123+00:00,2026-09-16T14:21:15.766123+05:30,NIFTY,29-Sep-2026,24900.0,CE,23234.25,3.8,1820,3.85,3510,3.8,3.825,7956,159,6145,-30.90909090909091,16.15,0.01423299389622403,5.101955926765331e-05,-1.0311668583864244,1.5900426788237172,0.49780072163247735,-0.0032496181859756404,47.90313191968354,1.5638272563571484e-07,0.001221144833979649,-8.07944916079174e-06,-0.37362983611321243,93.83376185486814,-0.01313930505458104,4.442171531578784e-05,0.035747216954496445,23277.1,0.05154419525703475,0.0123,index_dividend_yield,0.065,13.18,65,23201.6,23284.75,23116.1,23118.6,mid_price,ok
2026-09-16T08:51:15.766123+00:00,2026-09-16T14:21:15.766123+05:30,NIFTY,29-Sep-2026,24900.0,PE,23234.25,1615.6,65,1626.15,130,1630,1620.875,1075,-19,43,-2.692376574532864,24.7,,,,,,,,,,,,,,,0.035747216954496445,,,,,,13.18,65,23201.6,23284.75,23116.1,23118.6,mid_price,no_price_available
2026-09-16T08:51:15.766123+00:00,2026-09-16T14:21:15.766123+05:30,NIFTY,29-Sep-2026,24950.0,CE,23234.25,3.6,1040,3.7,2145,3.6,3.6500000000000004,2241,805,2211,-32.71028037383178,16.42,0.013247082366066485,4.7167404499485696e-05,-0.984272184291345,1.4945645737354727,0.4661420623004418,-0.003089122993443181,45.43175410676581,1.4405296727716277e-07,0.0011465278960220062,-7.694596455541144e-06,-0.35834078951452253,93.062607081839,-0.012203556023492997,4.090328563716164e-05,0.035747216954496445,23277.1,0.05154419525703475,0.0123,index_dividend_yield,0.065,13.18,65,23201.6,23284.75,23116.1,23118.6,mid_price,ok
2026-09-16T08:51:15.766123+00:00,2026-09-16T14:21:15.766123+05:30,NIFTY,29-Sep-2026,24950.0,PE,23234.25,1653.7,260,1677.3,65,1680.95,1665.5,75,-1,1,7.584242695766265,25.43,,,,,,,,,,,,,,,0.035747216954496445,,,,,,13.18,65,23201.6,23284.75,23116.1,23118.6,mid_price,no_price_available
2026-09-16T08:51:15.766123+00:00,2026-09-16T14:21:15.766123+05:30,NIFTY,29-Sep-2026,25000.0,CE,23234.25,3.4,4680,3.45,8905,3.4,3.425,77466,-1534,29875,-35.23809523809524,16.63,0.012093400133237892,4.3040450067650033e-05,-0.920259252093363,1.3812382782917456,0.43209976950641604,-0.002896008354175965,42.78310565356769,1.3191607282053887e-07,0.001074329480533592,-7.285628921436654e-06,-0.339665099777432,92.83936099707883,-0.011118182094405071,3.717526754687586e-05,0.035747216954496445,23277.1,0.05154419525703475,0.0123,index_dividend_yield,0.065,13.18,65,23201.6,23284.75,23116.1,23118.6,mid_price,ok
2026-09-16T08:51:15.766123+00:00,2026-09-16T14:21:15.766123+05:30,NIFTY,29-Sep-2026,25000.0,PE,23234.25,1717.2,65,1725.05,65,1705.45,1721.125,31264.923076923078,-309,1323,-3.7909344766310324,24.03,,,,,,,,,,,,,,,0.035747216954496445,,,,,,13.18,65,23201.6,23284.75,23116.1,23118.6,mid_price,no_price_available
2026-09-16T08:51:15.766123+00:00,2026-09-16T14:21:15.766123+05:30,NIFTY,29-Sep-2026,25050.0,CE,23234.25,3.3,780,3.35,1235,3.35,3.325,1262,-14,453,-29.473684210526315,17.04,0.011874495718880444,4.134467763179182e-05,-0.9270489103440355,1.3595298663704722,0.4164911947445258,-0.0028563167561570166,41.366088089172194,1.239851886629761e-07,0.0010153391125414597,-7.0428266407003605e-06,-0.33578432263552305,90.81064683049426,-0.01089248970787615,3.556816546566586e-05,0.035747216954496445,23277.1,0.05154419525703475,0.0123,index_dividend_yield,0.065,13.18,65,23201.6,23284.75,23116.1,23118.6,mid_price,ok
2026-09-16T08:51:15.766123+00:00,2026-09-16T14:21:15.766123+05:30,NIFTY,29-Sep-2026,25050.0,PE,23234.25,1750.05,65,1780.65,130,1774,1765.35,59,-1,4,21.12108694910047,25.47,,,,,,,,,,,,,,,0.035747216954496445,,,,,,13.18,65,23201.6,23284.75,23116.1,23118.6,mid_price,no_price_available
2026-09-16T08:51:15.766123+00:00,2026-09-16T14:21:15.766123+05:30,NIFTY,29-Sep-2026,25100.0,CE,23234.25,3.2,4030,3.25,1365,3.15,3.225,4989,-108,3488,-32.97872340425532,17.37,0.011354102099869411,3.901139920128152e-05,-0.9079778135809582,1.3076481323302978,0.3960323137253644,-0.002765054060008452,39.632350631837674,1.1561585291288018e-07,0.0009577586955486886,-6.759874864976627e-06,-0.32681560190405357,89.54178368589572,-0.010392744657316443,3.342730779593644e-05,0.035747216954496445,23277.1,0.05154419525703475,0.0123,index_dividend_yield,0.065,13.18,65,23201.6,23284.75,23116.1,23118.6,mid_price,ok
2026-09-16T08:51:15.766123+00:00,2026-09-16T14:21:15.766123+05:30,NIFTY,29-Sep-2026,25100.0,PE,23234.25,1813.5,65,1823.5,130,1802.4,1818.5,1509,-5,8,-3.3254666380605022,0,,,,,,,,,,,,,,,0.035747216954496445,,,,,,13.18,65,23201.6,23284.75,23116.1,23118.6,mid_price,no_price_available
2026-09-16T08:51:15.766123+00:00,2026-09-16T14:21:15.766123+05:30,NIFTY,29-Sep-2026,25150.0,CE,23234.25,3,910,3.1,390,3.05,3.05,504,-47,442,-35.1063829787234,17.59,0.010465177028337866,3.5885120708143384e-05,-0.8556922821825663,1.218091192716729,0.36923799829174236,-0.0026074835047504,37.452619529580346,1.0648173998350079e-07,0.0008993363898145287,-6.4159655672185245e-06,-0.3111603238208587,89.21684524329231,-0.009559648156941679,3.062638577958868e-05,0.035747216954496445,23277.1,0.05154419525703475,0.0123,index_dividend_yield,0.065,13.18,65,23201.6,23284.75,23116.1,23118.6,mid_price,ok
2026-09-16T08:51:15.766123+00:00,2026-09-16T14:21:15.766123+05:30,NIFTY,29-Sep-2026,25150.0,PE,23234.25,1800.15,780,1890,65,0.0,1845.075,23,0,0,0,29.07,,,,,,,,,,,,,,,0.035747216954496445,,,,,,13.18,65,23201.6,23284.75,23116.1,23118.6,mid_price,no_price_available
2026-09-16T08:51:15.766123+00:00,2026-09-16T14:21:15.766123+05:30,NIFTY,29-Sep-2026,25200.0,CE,23234.25,2.85,7865,2.9,715,2.9,2.875,7508,-509,6308,-31.764705882352942,17.9,0.009973275231327154,3.381353486446239e-05,-0.8341704330080428,1.1680008462507725,0.3507010197885858,-0.002517324783553026,35.85143352265441,9.935810402401666e-08,0.0008489799165506495,-6.153507210337472e-06,-0.302100190643098,88.13944489509291,-0.009090973664821594,2.8743973829120326e-05,0.035747216954496445,23277.1,0.05154419525703475,0.0123,index_dividend_yield,0.065,13.18,65,23201.6,23284.75,23116.1,23118.6,mid_price,ok
2026-09-16T08:51:15.766123+00:00,2026-09-16T14:21:15.766123+05:30,NIFTY,29-Sep-2026,25200.0,PE,23234.25,1912.7,65,1922.75,130,1900.35,1917.725,1231,-15,22,-3.540429419826405,26.64,,,,,,,,,,,,,,,0.035747216954496445,,,,,,13.18,65,23201.6,23284.75,23116.1,23118.6,mid_price,no_price_available
2026-09-16T08:51:15.766123+00:00,2026-09-16T14:21:15.766123+05:30,NIFTY,29-Sep-2026,25250.0,CE,23234.25,2.75,2535,2.85,1755,2.8,2.8,879,-418,1586,-34.883720930232556,18.21,0.009520581984199849,3.191605475422656e-05,-0.8141285150431933,1.1215501543282285,0.33353972748734717,-0.002432941939387274,34.35161887550387,9.286091242072836e-08,0.0008022667070995717,-5.906625443593573e-06,-0.2935517937812411,87.0811556344333,-0.008659935905624645,2.7023634145134484e-05,0.035747216954496445,23277.1,0.05154419525703475,0.0123,index_dividend_yield,0.065,13.18,65,23201.6,23284.75,23116.1,23118.6,mid_price,ok
2026-09-16T08:51:15.766123+00:00,2026-09-16T14:21:15.766123+05:30,NIFTY,29-Sep-2026,25250.0,PE,23234.25,1941.55,780,1979.4,65,0.0,1960.475,29,0,0,0,42.46,,,,,,,,,,,,,,,0.035747216954496445,,,,,,13.18,65,23201.6,23284.75,23116.1,23118.6,mid_price,no_price_available
2026-09-16T08:51:15.766123+00:00,2026-09-16T14:21:15.766123+05:30,NIFTY,29-Sep-2026,25300.0,CE,23234.25,2.6,2860,2.65,715,2.65,2.625,7091,141,5156,-35.36585365853659,18.52,0.009103210849398734,3.017477580190898e-05,-0.795450952053637,1.078411688891792,0.3176304009653895,-0.0023538872734968335,32.945693775829675,8.692499403730916e-08,0.0007589011171632522,-5.674298246453108e-06,-0.2854815180830994,86.04185169563063,-0.008262770657487241,2.5448390817262925e-05,0.035747216954496445,23277.1,0.05154419525703475,0.0123,index_dividend_yield,0.065,13.18,65,23201.6,23284.75,23116.1,23118.6,mid_price,ok
2026-09-16T08:51:15.766123+00:00,2026-09-16T14:21:15.766123+05:30,NIFTY,29-Sep-2026,25300.0,PE,23234.25,2010.9,130,2022.55,65,1993.6,2016.725,455,-4,5,-3.92289156626506,19.6,,,,,,,,,,,,,,,0.035747216954496445,,,,,,13.18,65,23201.6,23284.75,23116.1,23118.6,mid_price,no_price_available
2026-09-16T08:51:15.766123+00:00,2026-09-16T14:21:15.766123+05:30,NIFTY,29-Sep-2026,25350.0,CE,23234.25,2.5,520,2.65,130,2.5,2.575,397,23,316,-38.27160493827161,18.77,0.008537098218949421,2.8143645129810387e-05,-0.7614609338369167,1.0193989240026602,0.2992410376755931,-0.0022453348252631606,31.34999839630648,8.080482046017457e-08,0.0007155599558995575,-5.414708108174952e-06,-0.2743011092997797,85.47448431128606,-0.007733036006233109,2.364186509150264e-05,0.035747216954496445,23277.1,0.05154419525703475,0.0123,index_dividend_yield,0.065,13.18,65,23201.6,23284.75,23116.1,23118.6,mid_price,ok
2026-09-16T08:51:15.766123+00:00,2026-09-16T14:21:15.766123+05:30,NIFTY,29-Sep-2026,25350.0,PE,23234.25,2040.35,130,2078.85,130,0.0,2059.6,16,0,0,0,6.15,,,,,,,,,,,,,,,0.035747216954496445,,,,,,13.18,65,23201.6,23284.75,23116.1,23118.6,mid_price,no_price_available
2026-09-16T08:51:15.766123+00:00,2026-09-16T14:21:15.766123+05:30,NIFTY,29-Sep-2026,25400.0,CE,23234.25,2.45,5720,2.55,4550,2.45,2.5,3531,536,2747,-32.87671232876713,19.05,0.00810322208631062,2.648854991730593e-05,-0.7376450805895033,0.9737617613881616,0.2839309541548575,-0.002160206808517597,29.98460464616681,7.553134492737818e-08,0.0006765888447556942,-5.189341580475297e-06,-0.2654499967380485,84.68255990506466,-0.007324764435551978,2.2163996192795465e-05,0.035747216954496445,23277.1,0.05154419525703475,0.0123,index_dividend_yield,0.065,13.18,65,23201.6,23284.75,23116.1,23118.6,mid_price,ok
2026-09-16T08:51:15.766123+00:00,2026-09-16T14:21:15.766123+05:30,NIFTY,29-Sep-2026,25400.0,PE,23234.25,2108.1,65,2133.85,130,2122.7,2120.975,403,-9,11,-2.4045977011494255,29.15,,,,,,,,,,,,,,,0.035747216954496445,,,,,,13.18,65,23201.6,23284.75,23116.1,23118.6,mid_price,no_price_available
2026-09-16T08:51:15.766123+00:00,2026-09-16T14:21:15.766123+05:30,NIFTY,29-Sep-2026,25450.0,CE,23234.25,2.35,715,2.45,715,2.3,2.4000000000000004,659,-123,328,-40.25974025974026,19.33,0.00770299264042405,2.4967420984784136e-05,-0.7153381991602582,0.9313332117369968,0.2697092460661379,-0.0020803007492559865,28.701424253792016,7.069595367814998e-08,0.0006402577724764181,-4.976649527644602e-06,-0.25707351250520194,83.89866897882682,-0.006948528464145687,2.08092020404808e-05,0.035747216954496445,23277.1,0.05154419525703475,0.0123,index_dividend_yield,0.065,13.18,65,23201.6,23284.75,23116.1,23118.6,mid_price,ok
2026-09-16T08:51:15.766123+00:00,2026-09-16T14:21:15.766123+05:30,NIFTY,29-Sep-2026,25450.0,PE,23234.25,2110.15,780,2200.65,65,0.0,2155.4,11,0,0,0,6.11,,,,,,,,,,,,,,,0.035747216954496445,,,,,,13.18,65,23201.6,23284.75,23116.1,23118.6,mid_price,no_price_available
2026-09-16T08:51:15.766123+00:00,2026-09-16T14:21:15.766123+05:30,NIFTY,29-Sep-2026,25500.0,CE,23234.25,2.4,6695,2.45,6110,2.4,2.425,45353,-1545,19282,-33.333333333333336,19.86,0.00799103678551569,2.5098735025110878e-05,-0.7584575996791711,0.9619015620113216,0.2697640071723591,-0.002135878102883566,28.548895239955296,6.871243489816985e-08,0.0006185315296926557,-4.9349603970591724e-06,-0.26290431558557925,81.38170663864683,-0.007191542264521132,2.0836692798158307e-05,0.035747216954496445,23277.1,0.05154419525703475,0.0123,index_dividend_yield,0.065,13.18,65,23201.6,23284.75,23116.1,23118.6,mid_price,ok
2026-09-16T08:51:15.766123+00:00,2026-09-16T14:21:15.766123+05:30,NIFTY,29-Sep-2026,25500.0,PE,23234.25,2216.85,65,2224.65,65,2205,2220.75,22614,-140,766,-2.8527370855821124,27.02,,,,,,,,,,,,,,,0.035747216954496445,,,,,,13.18,65,23201.6,23284.75,23116.1,23118.6,mid_price,no_price_available
2026-09-16T08:51:15.766123+00:00,2026-09-16T14:21:15.766123+05:30,NIFTY,29-Sep-2026,25550.0,CE,23234.25,2.3,130,2.4,1430,2.15,2.3499999999999996,576,-6,335,-37.68115942028985,19.92,0.007064568428929597,2.2449240882310675e-05,-0.6820844210406095,0.8629597626514475,0.2457016313108834,-0.0019496985259301082,26.48416547012139,6.245927828938977e-08,0.0005762558929258565,-4.60536689787518e-06,-0.24323514763447385,82.14825530821112,-0.0063460608556506525,1.8564239690362238e-05,0.035747216954496445,23277.1,0.05154419525703475,0.0123,index_dividend_yield,0.065,13.18,65,23201.6,23284.75,23116.1,23118.6,mid_price,ok
2026-09-16T08:51:15.766123+00:00,2026-09-16T14:21:15.766123+05:30,NIFTY,29-Sep-2026,25550.0,PE,23234.25,2238.9,130,2278.65,65,0.0,2258.775,6,0,0,0,0,,,,,,,,,,,,,,,0.035747216954496445,,,,,,13.18,65,23201.6,23284.75,23116.1,23118.6,mid_price,no_price_available
2026-09-16T08:51:15.766123+00:00,2026-09-16T14:21:15.766123+05:30,NIFTY,29-Sep-2026,25600.0,CE,23234.25,2.05,715,2.1,1170,2.05,2.075,2153,-28,1773,-36.92307692307692,20.24,0.00683813672697384,2.1467921023090693e-05,-0.6729382263432099,0.8384941737896584,0.2361213716811951,-0.0019022771833880467,25.57280023008479,5.9048534334144484e-08,0.0005486602576084056,-4.450648513726688e-06,-0.23816368935631183,81.1247318072981,-0.006129708015665269,1.7683465293535363e-05,0.035747216954496445,23277.1,0.05154419525703475,0.0123,index_dividend_yield,0.065,13.18,65,23201.6,23284.75,23116.1,23118.6,mid_price,ok
2026-09-16T08:51:15.766123+00:00,2026-09-16T14:21:15.766123+05:30,NIFTY,29-Sep-2026,25600.0,PE,23234.25,2289.35,1170,2334.05,455,2280,2311.7,477,-2,4,-5.806531573402739,0,,,,,,,,,,,,,,,0.035747216954496445,,,,,,13.18,65,23201.6,23284.75,23116.1,23118.6,mid_price,no_price_available
2026-09-16T08:51:15.766123+00:00,2026-09-16T14:21:15.766123+05:30,NIFTY,29-Sep-2026,25650.0,CE,23234.25,2.1,130,2.2,650,2.2,2.1500000000000004,641,187,282,-34.32835820895522,20.55,0.006604196453515706,2.050354737413862e-05,-0.6621192855429546,0.8130933037451145,0.22668845756303613,-0.001852857797082102,24.675119144499934,5.581219136715371e-08,0.000522440183569573,-4.298574936926449e-06,-0.23285151820846395,80.18837469101621,-0.005907602839572634,1.682331525078696e-05,0.035747216954496445,23277.1,0.05154419525703475,0.0123,index_dividend_yield,0.065,13.18,65,23201.6,23284.75,23116.1,23118.6,mid_price,ok
2026-09-16T08:51:15.766123+00:00,2026-09-16T14:21:15.766123+05:30,NIFTY,29-Sep-2026,25650.0,PE,23234.25,2295.95,780,2385.45,65,0.0,2340.7,1,0,0,0,13.42,,,,,,,,,,,,,,,0.035747216954496445,,,,,,13.18,65,23201.6,23284.75,23116.1,23118.6,mid_price,no_price_available
2026-09-16T08:51:15.766123+00:00,2026-09-16T14:21:15.766123+05:30,NIFTY,29-Sep-2026,25700.0,CE,23234.25,1.9,2405,1.95,1820,1.95,1.9249999999999998,2812,-238,2835,-31.57894736842105,20.73,0.006106477554429958,1.8963659640910448e-05,-0.6228058466670185,0.7586142674194343,0.2120108777160781,-0.0017468396878945929,23.336643922199528,5.1760427158450015e-08,0.0004918731152905004,-4.078224552370964e-06,-0.2213605096015604,80.10716606824344,-0.005451685052236648,1.549934057833269e-05,0.035747216954496445,23277.1,0.05154419525703475,0.0123,index_dividend_yield,0.065,13.18,65,23201.6,23284.75,23116.1,23118.6,mid_price,ok
2026-09-16T08:51:15.766123+00:00,2026-09-16T14:21:15.766123+05:30,NIFTY,29-Sep-2026,25700.0,PE,23234.25,2374.7,780,2439.15,130,0.0,2406.925,185,0,0,0,32.3,,,,,,,,,,,,,,,0.035747216954496445,,,,,,13.18,65,23201.6,23284.75,23116.1,23118.6,mid_price,no_price_available
2026-09-16T08:51:15.766123+00:00,2026-09-16T14:21:15.766123+05:30,NIFTY,29-Sep-2026,25750.0,CE,23234.25,1.8,195,2.15,975,1.65,1.975,117,2,5,-46.774193548387096,20.76,0.0053588766223321305,1.6863666372511517e-05,-0.5551571830945179,0.6755832960459732,0.19193441503717773,-0.001582686574403229,21.513225495266852,4.684202815930415e-08,0.00045576191640860645,-3.7801053465065894e-06,-0.20329849884656281,80.99361458833248,-0.0047756195693914915,1.3729504095125914e-05,0.035747216954496445,23277.1,0.05154419525703475,0.0123,index_dividend_yield,0.065,13.18,65,23201.6,23284.75,23116.1,23118.6,mid_price,wide_quote_low_liquidity
2026-09-16T08:51:15.766123+00:00,2026-09-16T14:21:15.766123+05:30,NIFTY,29-Sep-2026,25750.0,PE,23234.25,2395.05,780,2482.85,65,0.0,2438.95,8,0,0,0,0,,,,,,,,,,,,,,,0.035747216954496445,,,,,,13.18,65,23201.6,23284.75,23116.1,23118.6,mid_price,no_price_available
2026-09-16T08:51:15.766123+00:00,2026-09-16T14:21:15.766123+05:30,NIFTY,29-Sep-2026,25800.0,CE,23234.25,1.85,1105,1.9,2730,1.85,1.875,4774,-181,1842,-33.92857142857143,21.45,0.005930722973910058,1.7858778199834265e-05,-0.6272117288417635,0.7392283128267629,0.20057420159343967,-0.0017076603166218474,22.168641142488067,4.725978103534019e-08,0.00045229719193914226,-3.873744610106594e-06,-0.21707879331367197,77.6670264380344,-0.005272159392806518,1.4483370738022006e-05,0.035747216954496445,23277.1,0.05154419525703475,0.0123,index_dividend_yield,0.065,13.18,65,23201.6,23284.75,23116.1,23118.6,mid_price,ok
2026-09-16T08:51:15.766123+00:00,2026-09-16T14:21:15.766123+05:30,NIFTY,29-Sep-2026,25800.0,PE,23234.25,2444.9,780,2529.75,65,0.0,2487.325,322,0,0,0,0,,,,,,,,,,,,,,,0.035747216954496445,,,,,,13.18,65,23201.6,23284.75,23116.1,23118.6,mid_price,no_price_available
2026-09-16T08:51:15.766123+00:00,2026-09-16T14:21:15.766123+05:30,NIFTY,29-Sep-2026,25850.0,CE,23234.25,1.75,1820,2.1,780,2.15,1.925,117,-41,63,-6.521739130434782,22.12,0.006476168848705017,1.872133653255525e-05,-0.6987608730803492,0.7991375263806043,0.20780216016255249,-0.00182319797411052,22.68310006571794,4.7373772454509506e-08,0.00044675132137166073,-3.943450458521317e-06,-0.22964733424706996,74.70525531477902,-0.00574293068426804,1.5124222971537045e-05,0.035747216954496445,23277.1,0.05154419525703475,0.0123,index_dividend_yield,0.065,13.18,65,23201.6,23284.75,23116.1,23118.6,mid_price,wide_quote_low_liquidity
2026-09-16T08:51:15.766123+00:00,2026-09-16T14:21:15.766123+05:30,NIFTY,29-Sep-2026,25850.0,PE,23234.25,2520.7,780,2584.2,65,0.0,2552.45,0,0,0,0,0,,,,,,,,,,,,,,,0.035747216954496445,,,,,,13.18,65,23201.6,23284.75,23116.1,23118.6,mid_price,no_price_available
2026-09-16T08:51:15.766123+00:00,2026-09-16T14:21:15.766123+05:30,NIFTY,29-Sep-2026,25900.0,CE,23234.25,1.65,130,1.8,130,1.65,1.725,736,-21,170,-34,21.97,0.005404029241925207,1.605420609295855e-05,-0.5908743744277266,0.6806415276673269,0.18267626635457088,-0.001591011075688674,20.452104578364217,4.200930441203406e-08,0.00040931839214064416,-3.584552909805485e-06,-0.20422089365343643,76.52365983112544,-0.004784470479659484,1.291952723481176e-05,0.035747216954496445,23277.1,0.05154419525703475,0.0123,index_dividend_yield,0.065,13.18,65,23201.6,23284.75,23116.1,23118.6,mid_price,ok
2026-09-16T08:51:15.766123+00:00,2026-09-16T14:21:15.766123+05:30,NIFTY,29-Sep-2026,25900.0,PE,23234.25,2410.65,3380,2639,130,0.0,2524.825,72,0,0,0,52.11,,,,,,,,,,,,,,,0.035747216954496445,,,,,,13.18,65,23201.6,23284.75,23116.1,23118.6,mid_price,no_price_available
2026-09-16T08:51:15.766123+00:00,2026-09-16T14:21:15.766123+05:30,NIFTY,29-Sep-2026,25950.0,CE,23234.25,1.5,6955,2,975,1.6,1.75,158,-8,45,-47.540983606557376,22.1,0.004943416516480772,1.4743295608351051e-05,-0.5488093782345341,0.6287621629693745,0.16977883142548292,-0.00148659614497518,19.23871436850827,3.883172095052702e-08,0.0003843905874867872,-3.383225181903715e-06,-0.19256279870842874,76.71470593280957,-0.004368377036414753,1.1818902912339747e-05,0.035747216954496445,23277.1,0.05154419525703475,0.0123,index_dividend_yield,0.065,13.18,65,23201.6,23284.75,23116.1,23118.6,mid_price,wide_quote_low_liquidity
2026-09-16T08:51:15.766123+00:00,2026-09-16T14:21:15.766123+05:30,NIFTY,29-Sep-2026,25950.0,PE,23234.25,2498.95,780,2706.6,780,0.0,2602.7749999999996,1,0,0,0,13.83,,,,,,,,,,,,,,,0.035747216954496445,,,,,,13.18,65,23201.6,23284.75,23116.1,23118.6,mid_price,no_price_available
2026-09-16T08:51:15.766123+00:00,2026-09-16T14:21:15.766123+05:30,NIFTY,29-Sep-2026,26000.0,CE,23234.25,1.65,6630,1.75,7865,1.65,1.7,51298.230769230766,-4278,11422,-28.26086956521739,22.45,0.0048797086515496675,1.4346659662811242e-05,-0.5508122533655,0.6215365795804193,0.16553516661183768,-0.001471543741496369,18.790402851252107,3.724647097113542e-08,0.0003698168308791928,-3.304170553239928e-06,-0.1908697356062923,75.62393477415074,-0.004302967613105347,1.1456749464461698e-05,0.035747216954496445,23277.1,0.05154419525703475,0.0123,index_dividend_yield,0.065,13.18,65,23201.6,23284.75,23116.1,23118.6,mid_price,ok
2026-09-16T08:51:15.766123+00:00,2026-09-16T14:21:15.766123+05:30,NIFTY,29-Sep-2026,26000.0,PE,23234.25,2712.75,65,2722.9,130,2715,2717.825,30284.53846153846,-365,780,-1.7941112638356362,34.38,,,,,,,,,,,,,,,0.035747216954496445,,,,,,13.18,65,23201.6,23284.75,23116.1,23118.6,mid_price,no_price_available
2026-09-16T08:51:15.766123+00:00,2026-09-16T14:21:15.766123+05:30,NIFTY,29-Sep-2026,26050.0,CE,23234.25,1.45,1365,1.75,130,1.6,1.6,185,-4,13,-33.333333333333336,22.8,0.004819998712053073,1.3972246945451878e-05,-0.5530207673168402,0.6147529931768233,0.16151618231264675,-0.001457389738021615,18.364313793759525,3.576104513461375e-08,0.00035609810043625854,-3.2290064561921643e-06,-0.18927489574417744,74.562023565662,-0.004241347282517609,1.1114965360553002e-05,0.035747216954496445,23277.1,0.05154419525703475,0.0123,index_dividend_yield,0.065,13.18,65,23201.6,23284.75,23116.1,23118.6,mid_price,wide_quote_low_liquidity
2026-09-16T08:51:15.766123+00:00,2026-09-16T14:21:15.766123+05:30,NIFTY,29-Sep-2026,26050.0,PE,23234.25,2581.25,780,2806.05,780,0.0,2693.65,4,0,0,0,18.06,,,,,,,,,,,,,,,0.035747216954496445,,,,,,13.18,65,23201.6,23284.75,23116.1,23118.6,mid_price,no_price_available
2026-09-16T08:51:15.766123+00:00,2026-09-16T14:21:15.766123+05:30,NIFTY,29-Sep-2026,26100.0,CE,23234.25,1.3,2275,1.6,195,1.6,1.4500000000000002,209,-6,39,-34.69387755102041,23.15,0.004764021332504333,1.3618420337922566e-05,-0.5554268863173343,0.6083832972392907,0.15770616205439125,-0.001444079672023907,17.958982380798847,3.436737748457268e-08,0.00034316989890245285,-3.1574781340468006e-06,-0.18777263063311178,73.52787370138385,-0.004183259312775348,1.0792027321299856e-05,0.035747216954496445,23277.1,0.05154419525703475,0.0123,index_dividend_yield,0.065,13.18,65,23201.6,23284.75,23116.1,23118.6,mid_price,wide_quote_low_liquidity
2026-09-16T08:51:15.766123+00:00,2026-09-16T14:21:15.766123+05:30,NIFTY,29-Sep-2026,26100.0,PE,23234.25,2651.15,1690,2834.45,65,0.0,2742.8,144,0,0,0,0,,,,,,,,,,,,,,,0.035747216954496445,,,,,,13.18,65,23201.6,23284.75,23116.1,23118.6,mid_price,no_price_available
2026-09-16T08:51:15.766123+00:00,2026-09-16T14:21:15.766123+05:30,NIFTY,29-Sep-2026,26150.0,CE,23234.25,1.25,1170,1.6,130,1.4,1.425,140,-54,63,-37.77777777777778,23.49,0.004696141004744048,1.3250610433708222e-05,-0.5561612456580443,0.6006458142665015,0.1537713628162519,-0.0014279907348208132,17.54423164377439,3.30052641280721e-08,0.00033061924619130875,-3.0847155370625536e-06,-0.18595353413712779,72.5727093181036,-0.004115022497619604,1.0460436697731592e-05,0.035747216954496445,23277.1,0.05154419525703475,0.0123,index_dividend_yield,0.065,13.18,65,23201.6,23284.75,23116.1,23118.6,mid_price,wide_quote_low_liquidity
2026-09-16T08:51:15.766123+00:00,2026-09-16T14:21:15.766123+05:30,NIFTY,29-Sep-2026,26150.0,PE,23234.25,2660.8,780,2906.95,780,0.0,2783.875,1,0,0,0,19.21,,,,,,,,,,,,,,,0.035747216954496445,,,,,,13.18,65,23201.6,23284.75,23116.1,23118.6,mid_price,no_price_available
2026-09-16T08:51:15.766123+00:00,2026-09-16T14:21:15.766123+05:30,NIFTY,29-Sep-2026,26200.0,CE,23234.25,1.35,325,1.45,195,1.35,1.4,2717,-11,454,-44.89795918367347,23.41,0.0040291399029055985,1.1594762245646701e-05,-0.4831837085973025,0.5237967671073827,0.13720667951668267,-0.0012692890653593952,15.968818553670715,2.9591420421260188e-08,0.00030394878206095236,-2.8239381588371975e-06,-0.16781274170599336,73.83441945214336,-0.0035246622954453236,9.118356780838014e-06,0.035747216954496445,23277.1,0.05154419525703475,0.0123,index_dividend_yield,0.065,13.18,65,23201.6,23284.75,23116.1,23118.6,mid_price,ok
2026-09-16T08:51:15.766123+00:00,2026-09-16T14:21:15.766123+05:30,NIFTY,29-Sep-2026,26200.0,PE,23234.25,2863.95,780,3063.55,1690,0.0,2963.75,570,0,0,0,0,,,,,,,,,,,,,,,0.035747216954496445,,,,,,13.18,65,23201.6,23284.75,23116.1,23118.6,mid_price,no_price_available
2026-09-16T08:51:15.766123+00:00,2026-09-16T14:21:15.766123+05:30,NIFTY,29-Sep-2026,26250.0,CE,23234.25,1.2,455,1.5,260,1.25,1.35,90,12,24,-13.793103448275861,23.56,0.003733485234644567,1.076045425275914e-05,-0.45400342170475694,0.4892213973772148,0.12856016058819228,-0.001196389329431266,15.107340671099617,2.755773965702713e-08,0.00028660668385007944,-2.6780980579438233e-06,-0.15935182040084128,73.86814518579675,-0.003259825173901969,8.430033608836538e-06,0.035747216954496445,23277.1,0.05154419525703475,0.0123,index_dividend_yield,0.065,13.18,65,23201.6,23284.75,23116.1,23118.6,mid_price,wide_quote_low_liquidity
2026-09-16T08:51:15.766123+00:00,2026-09-16T14:21:15.766123+05:30,NIFTY,29-Sep-2026,26250.0,PE,23234.25,2913.1,780,2983.65,65,0.0,2948.375,0,0,0,0,0,,,,,,,,,,,,,,,0.035747216954496445,,,,,,13.18,65,23201.6,23284.75,23116.1,23118.6,mid_price,no_price_available
2026-09-16T08:51:15.766123+00:00,2026-09-16T14:21:15.766123+05:30,NIFTY,29-Sep-2026,26300.0,CE,23234.25,1.05,2210,1.1,3835,1.05,1.0750000000000002,2023,13,1119,-30,23.48,0.0031918140943162916,9.378895721229883e-06,-0.3929003401452781,0.42496127072217665,0.11419648835799141,-0.0010587158188256696,13.68092534416454,2.4595654888196035e-08,0.0002619861171179245,-2.4379690406011195e-06,-0.14313618418290014,75.13440159920805,-0.0027822198973166605,7.319771539426349e-06,0.035747216954496445,23277.1,0.05154419525703475,0.0123,index_dividend_yield,0.065,13.18,65,23201.6,23284.75,23116.1,23118.6,mid_price,ok
2026-09-16T08:51:15.766123+00:00,2026-09-16T14:21:15.766123+05:30,NIFTY,29-Sep-2026,26300.0,PE,23234.25,2990.1,325,3053.8,1040,2988.75,3021.95,1233,-6,8,-3.3032984454114565,26.12,,,,,,,,,,,,,,,0.035747216954496445,,,,,,13.18,65,23201.6,23284.75,23116.1,23118.6,mid_price,no_price_available
2026-09-16T08:51:15.766123+00:00,2026-09-16T14:21:15.766123+05:30,NIFTY,29-Sep-2026,26350.0,CE,23234.25,1.05,1560,1.3,1300,1.25,1.175,77,-8,11,-50,24.23,0.003647763074258785,1.0247154219220927e-05,-0.45690903105838554,0.47913317105508263,0.12283462690598788,-0.0011745354268292477,14.47650673127715,2.5571411223283797e-08,0.0002673090034841739,-2.5659649218092906e-06,-0.1567985484806007,71.99832779417908,-0.0031717603918052896,7.96708314218682e-06,0.035747216954496445,23277.1,0.05154419525703475,0.0123,index_dividend_yield,0.065,13.18,65,23201.6,23284.75,23116.1,23118.6,mid_price,wide_quote_low_liquidity
2026-09-16T08:51:15.766123+00:00,2026-09-16T14:21:15.766123+05:30,NIFTY,29-Sep-2026,26350.0,PE,23234.25,3010.55,780,3083.85,65,0.0,3047.2,0,0,0,0,0,,,,,,,,,,,,,,,0.035747216954496445,,,,,,13.18,65,23201.6,23284.75,23116.1,23118.6,mid_price,no_price_available
2026-09-16T08:51:15.766123+00:00,2026-09-16T14:21:15.766123+05:30,NIFTY,29-Sep-2026,26400.0,CE,23234.25,1.1,1365,1.15,780,1.15,1.125,568,-79,184,-34.285714285714285,24.36,0.0033678030524192065,9.487134984117218e-06,-0.42742152347929924,0.4459764395196617,0.11484321617386363,-0.0011035794925044018,13.66886214882404,2.3788186627705026e-08,0.0002518217275222869,-2.4288103414164027e-06,-0.14845528990853535,72.11945941431755,-0.0029228558788067407,7.348260470859584e-06,0.035747216954496445,23277.1,0.05154419525703475,0.0123,index_dividend_yield,0.065,13.18,65,23201.6,23284.75,23116.1,23118.6,mid_price,ok
2026-09-16T08:51:15.766123+00:00,2026-09-16T14:21:15.766123+05:30,NIFTY,29-Sep-2026,26400.0,PE,23234.25,3059.35,780,3137.4,195,3099.65,3098.375,52,-4,4,7.821413663559204,33.43,,,,,,,,,,,,,,,0.035747216954496445,,,,,,13.18,65,23201.6,23284.75,23116.1,23118.6,mid_price,no_price_available
2026-09-16T08:51:15.766123+00:00,2026-09-16T14:21:15.766123+05:30,NIFTY,29-Sep-2026,26450.0,CE,23234.25,0.9,6695,1.6,585,0.0,1.25,42,0,0,0,19.27,0.0002432052003342325,1.0745416185549258e-06,-0.030313437980940227,0.039958070414393275,0.01664190006142687,-0.0001268291158021548,2.549729613085836,4.499628551556306e-09,6.298351622848417e-05,-4.802939428572451e-07,-0.020971688122032567,109.83523899201947,-0.00021169162397815757,8.291425528291971e-07,0.035747216954496445,23277.1,0.05154419525703475,0.0123,index_dividend_yield,0.065,13.18,65,23201.6,23284.75,23116.1,23118.6,mid_price,wide_quote_low_liquidity
2026-09-16T08:51:15.766123+00:00,2026-09-16T14:21:15.766123+05:30,NIFTY,29-Sep-2026,26450.0,PE,23234.25,3108.9,780,3183.85,65,0.0,3146.375,0,0,0,0,0,,,,,,,,,,,,,,,0.035747216954496445,,,,,,13.18,65,23201.6,23284.75,23116.1,23118.6,mid_price,no_price_available
2026-09-16T08:51:15.766123+00:00,2026-09-16T14:21:15.766123+05:30,NIFTY,29-Sep-2026,26500.0,CE,23234.25,0.9,40495,0.95,23205,0.95,0.925,13544,-98,3447,-29.62962962962963,24.42,0.002678426192501965,7.69931475696899e-06,-0.34836385825724375,0.36282506878577736,0.09574676552429637,-0.0009217041350507989,11.711869132295993,1.9814641152259612e-08,0.00021699598695235284,-2.095596341273467e-06,-0.12666358379657822,73.35854958290655,-0.0023163361459068977,5.918581641267614e-06,0.035747216954496445,23277.1,0.05154419525703475,0.0123,index_dividend_yield,0.065,13.18,65,23201.6,23284.75,23116.1,23118.6,mid_price,ok
2026-09-16T08:51:15.766123+00:00,2026-09-16T14:21:15.766123+05:30,NIFTY,29-Sep-2026,26500.0,PE,23234.25,3200.45,650,3214.75,65,3200,3207.6,12958,-8,115,-1.6232169208066896,37.63,,,,,,,,,,,,,,,0.035747216954496445,,,,,,13.18,65,23201.6,23284.75,23116.1,23118.6,mid_price,no_price_available
2026-09-16T08:51:15.766123+00:00,2026-09-16T14:21:15.766123+05:30,NIFTY,29-Sep-2026,26550.0,CE,23234.25,1,130,1.2,650,1.9,1.1,74,2,2,-15.555555555555555,26.71,0.004951408669935407,1.2216252385369747e-05,-0.6607842215711247,0.6296677302885356,0.14111542228476037,-0.0014846619464544157,15.987352750428618,2.645817804189002e-08,0.0002644312384038928,-2.793693308733898e-06,-0.19234195458590486,63.62532939865352,-0.0042649395977010915,9.355484031649491e-06,0.035747216954496445,23277.1,0.05154419525703475,0.0123,index_dividend_yield,0.065,13.18,65,23201.6,23284.75,23116.1,23118.6,mid_price,wide_quote_low_liquidity
2026-09-16T08:51:15.766123+00:00,2026-09-16T14:21:15.766123+05:30,NIFTY,29-Sep-2026,26550.0,PE,23234.25,3207.1,780,3283.6,65,0.0,3245.35,0,0,0,0,0,,,,,,,,,,,,,,,0.035747216954496445,,,,,,13.18,65,23201.6,23284.75,23116.1,23118.6,mid_price,no_price_available
2026-09-16T08:51:15.766123+00:00,2026-09-16T14:21:15.766123+05:30,NIFTY,29-Sep-2026,26600.0,CE,23234.25,0.9,8970,0.95,650,0.9,0.925,594,-48,247,-25,25.06,0.0026196811823819884,7.353898044920286e-06,-0.3501552664765006,0.3556298637156255,0.09172235109205498,-0.0009053968204972676,11.248555733731013,1.8475851926420834e-08,0.00020325239683786415,-2.0124410252355976e-06,-0.12467887298749025,71.64108372066798,-0.00225626791862438,5.610630229313283e-06,0.035747216954496445,23277.1,0.05154419525703475,0.0123,index_dividend_yield,0.065,13.18,65,23201.6,23284.75,23116.1,23118.6,mid_price,ok
2026-09-16T08:51:15.766123+00:00,2026-09-16T14:21:15.766123+05:30,NIFTY,29-Sep-2026,26600.0,PE,23234.25,3255.1,780,3333.25,65,0.0,3294.175,0,0,0,0,0,,,,,,,,,,,,,,,0.035747216954496445,,,,,,13.18,65,23201.6,23284.75,23116.1,23118.6,mid_price,no_price_available
2026-09-16T08:51:15.766123+00:00,2026-09-16T14:21:15.766123+05:30,NIFTY,29-Sep-2026,26650.0,CE,23234.25,0.9,6305,1.4,585,0.95,1.15,17,3,9,-52.5,25.51,0.002711407854679755,7.4522324991843625e-06,-0.36756197628182646,0.3668566590388986,0.09261125361093415,-0.0009302087453500331,11.312200660305416,1.830495281847423e-08,0.00020057466223531256,-2.020757566714634e-06,-0.12769609131984538,70.19235112837299,-0.002330207484978773,5.664339626220209e-06,0.035747216954496445,23277.1,0.05154419525703475,0.0123,index_dividend_yield,0.065,13.18,65,23201.6,23284.75,23116.1,23118.6,mid_price,wide_quote_low_liquidity
2026-09-16T08:51:15.766123+00:00,2026-09-16T14:21:15.766123+05:30,NIFTY,29-Sep-2026,26650.0,PE,23234.25,3304.5,780,3383.55,65,0.0,3344.025,0,0,0,0,0,,,,,,,,,,,,,,,0.035747216954496445,,,,,,13.18,65,23201.6,23284.75,23116.1,23118.6,mid_price,no_price_available
2026-09-16T08:51:15.766123+00:00,2026-09-16T14:21:15.766123+05:30,NIFTY,29-Sep-2026,26700.0,CE,23234.25,0.95,1300,1.4,585,0.0,1.1749999999999998,41,0,0,0,27.28,0.004225785393948388,1.0383329470232858e-05,-0.5853252164952576,0.5466137509662039,0.12246779302079076,-0.00131457669506288,14.166688487704082,2.248608541853577e-08,0.00023104033570749643,-2.489175193446245e-06,-0.17302545152099846,63.22214177153018,-0.0036191000228790824,7.862694976148707e-06,0.035747216954496445,23277.1,0.05154419525703475,0.0123,index_dividend_yield,0.065,13.18,65,23201.6,23284.75,23116.1,23118.6,mid_price,wide_quote_low_liquidity
2026-09-16T08:51:15.766123+00:00,2026-09-16T14:21:15.766123+05:30,NIFTY,29-Sep-2026,26700.0,PE,23234.25,3353.85,780,3433.25,65,0.0,3393.55,0,0,0,0,0,,,,,,,,,,,,,,,0.035747216954496445,,,,,,13.18,65,23201.6,23284.75,23116.1,23118.6,mid_price,no_price_available
2026-09-16T08:51:15.766123+00:00,2026-09-16T14:21:15.766123+05:30,NIFTY,29-Sep-2026,26750.0,CE,23234.25,0.95,520,1.1,455,0.9,1.025,122,13,29,-40,26.02,0.002543631236537503,6.896514454334159e-06,-0.35366666893102705,0.34628724498813185,0.0863608696501665,-0.0008841670401352211,10.627170441639272,1.672576700864403e-08,0.00018513663486719047,-1.9008375587285963e-06,-0.12208706337732746,69.20114543412232,-0.0021773959305007593,5.202827105548616e-06,0.035747216954496445,23277.1,0.05154419525703475,0.0123,index_dividend_yield,0.065,13.18,65,23201.6,23284.75,23116.1,23118.6,mid_price,ok
2026-09-16T08:51:15.766123+00:00,2026-09-16T14:21:15.766123+05:30,NIFTY,29-Sep-2026,26750.0,PE,23234.25,3404.15,780,3569.35,845,0.0,3486.75,1,0,0,0,18.46,,,,,,,,,,,,,,,0.035747216954496445,,,,,,13.18,65,23201.6,23284.75,23116.1,23118.6,mid_price,no_price_available
2026-09-16T08:51:15.766123+00:00,2026-09-16T14:21:15.766123+05:30,NIFTY,29-Sep-2026,26800.0,CE,23234.25,0.9,7085,1.45,195,0.0,1.175,35,0,0,0,27.22,0.0033436315951444226,8.435528142787128e-06,-0.47319538823070123,0.4430981652454788,0.10240175559959311,-0.0010961493393122543,12.198860149889246,1.8878317292016432e-08,0.00020124257892036054,-2.161077055281711e-06,-0.1475756963994368,64.68032137211662,-0.0028539434389731684,6.3401569173256725e-06,0.035747216954496445,23277.1,0.05154419525703475,0.0123,index_dividend_yield,0.065,13.18,65,23201.6,23284.75,23116.1,23118.6,mid_price,wide_quote_low_liquidity
2026-09-16T08:51:15.766123+00:00,2026-09-16T14:21:15.766123+05:30,NIFTY,29-Sep-2026,26800.0,PE,23234.25,3251.4,780,3533.1,65,0.0,3392.25,21,0,0,0,0,,,,,,,,,,,,,,,0.035747216954496445,,,,,,13.18,65,23201.6,23284.75,23116.1,23118.6,mid_price,no_price_available
2026-09-16T08:51:15.766123+00:00,2026-09-16T14:21:15.766123+05:30,NIFTY,29-Sep-2026,26850.0,CE,23234.25,0.95,390,1.1,195,1,1.025,54,13,87,-54.54545454545455,26.92,0.0027226364103672004,7.088299870429063e-06,-0.3888268791144256,0.36822789887911583,0.08812947279149036,-0.0009327922197800874,10.759596092408147,1.6461517003377657e-08,0.00018078423883999858,-1.918924274013196e-06,-0.12800921038218238,66.54193225672151,-0.002320586968402624,5.307754388901149e-06,0.035747216954496445,23277.1,0.05154419525703475,0.0123,index_dividend_yield,0.065,13.18,65,23201.6,23284.75,23116.1,23118.6,mid_price,ok
2026-09-16T08:51:15.766123+00:00,2026-09-16T14:21:15.766123+05:30,NIFTY,29-Sep-2026,26850.0,PE,23234.25,3501.45,780,3583.2,65,0.0,3542.325,0,0,0,0,0,,,,,,,,,,,,,,,0.035747216954496445,,,,,,13.18,65,23201.6,23284.75,23116.1,23118.6,mid_price,no_price_available
2026-09-16T08:51:15.766123+00:00,2026-09-16T14:21:15.766123+05:30,NIFTY,29-Sep-2026,26900.0,CE,23234.25,0.9,6370,1.15,260,0.9,1.025,88,0,15,-28,26.96,0.002463728405199073,6.466715410079227e-06,-0.3556953382833424,0.3364365639300441,0.08132128790376775,-0.0008617909834174021,10.043770727866969,1.5176649276593743e-08,0.00016906264270588974,-1.7963775940342344e-06,-0.11934539252738435,66.99698049049205,-0.002096225718361002,4.82432441828069e-06,0.035747216954496445,23277.1,0.05154419525703475,0.0123,index_dividend_yield,0.065,13.18,65,23201.6,23284.75,23116.1,23118.6,mid_price,wide_quote_low_liquidity
2026-09-16T08:51:15.766123+00:00,2026-09-16T14:21:15.766123+05:30,NIFTY,29-Sep-2026,26900.0,PE,23234.25,3550.45,780,3720.55,845,0.0,3635.5,1,0,0,0,0,,,,,,,,,,,,,,,0.035747216954496445,,,,,,13.18,65,23201.6,23284.75,23116.1,23118.6,mid_price,no_price_available
2026-09-16T08:51:15.766123+00:00,2026-09-16T14:21:15.766123+05:30,NIFTY,29-Sep-2026,26950.0,CE,23234.25,0.9,6825,1.4,3315,1.05,1.15,41,1,9,-30,27.68,0.0027792748516863156,7.022980980386204e-06,-0.4070585385697524,0.37513460667378185,0.087154962378259,-0.0009478882432605884,10.615005060869043,1.5807887911515612e-08,0.00017334989855078662,-1.8905709491149325e-06,-0.1298381571244327,64.62923781273142,-0.0023590061497665423,5.219889016839024e-06,0.035747216954496445,23277.1,0.05154419525703475,0.0123,index_dividend_yield,0.065,13.18,65,23201.6,23284.75,23116.1,23118.6,mid_price,wide_quote_low_liquidity
2026-09-16T08:51:15.766123+00:00,2026-09-16T14:21:15.766123+05:30,NIFTY,29-Sep-2026,26950.0,PE,23234.25,3599.7,780,3683.35,65,0.0,3641.5249999999996,0,0,0,0,0,,,,,,,,,,,,,,,0.035747216954496445,,,,,,13.18,65,23201.6,23284.75,23116.1,23118.6,mid_price,no_price_available
2026-09-16T08:51:15.766123+00:00,2026-09-16T14:21:15.766123+05:30,NIFTY,29-Sep-2026,27000.0,CE,23234.25,1.1,4095,1.15,3575,1.15,1.125,25575,-631,4500,-32.35294117647059,28,0.002756095879453903,6.890444176481469e-06,-0.4085498678166086,0.37231008650205205,0.08561094407023481,-0.0009415706839288225,10.437202517868366,1.534229186169921e-08,0.00016855159705646706,-1.8588129168988203e-06,-0.1290731833067868,63.94612776152716,-0.0023346080760950714,5.102429424357098e-06,0.035747216954496445,23277.1,0.05154419525703475,0.0123,index_dividend_yield,0.065,13.18,65,23201.6,23284.75,23116.1,23118.6,mid_price,ok
2026-09-16T08:51:15.766123+00:00,2026-09-16T14:21:15.766123+05:30,NIFTY,29-Sep-2026,27000.0,PE,23234.25,3710.25,65,3722,65,3725.25,3716.125,23017.46153846154,-9,1000,-1.0597187363053264,45.2,,,,,,,,,,,,,,,0.035747216954496445,,,,,,13.18,65,23201.6,23284.75,23116.1,23118.6,mid_price,no_price_available
2026-09-16T08:51:15.766123+00:00,2026-09-16T14:21:15.766123+05:30,NIFTY,29-Sep-2026,27050.0,CE,23234.25,0.9,5265,1.05,520,0.9,0.9750000000000001,94,30,36,-51.351351351351354,27.9,0.0023961079631725896,6.093471483870843e-06,-0.3586434223647639,0.32807152587249666,0.0769144348443673,-0.0008427355163108893,9.529713000531153,1.384904646464403e-08,0.00015515693208177495,-1.7042459851740305e-06,-0.11700235317696805,64.91924337156749,-0.0020264035940202015,4.495598941350758e-06,0.035747216954496445,23277.1,0.05154419525703475,0.0123,index_dividend_yield,0.065,13.18,65,23201.6,23284.75,23116.1,23118.6,mid_price,wide_quote_low_liquidity
2026-09-16T08:51:15.766123+00:00,2026-09-16T14:21:15.766123+05:30,NIFTY,29-Sep-2026,27050.0,PE,23234.25,3697,780,3782.55,65,0.0,3739.775,0,0,0,0,0,,,,,,,,,,,,,,,0.035747216954496445,,,,,,13.18,65,23201.6,23284.75,23116.1,23118.6,mid_price,no_price_available
2026-09-16T08:51:15.766123+00:00,2026-09-16T14:21:15.766123+05:30,NIFTY,29-Sep-2026,27100.0,CE,23234.25,0.9,7020,1.15,1235,0.95,1.025,213,2,12,-45.714285714285715,28.35,0.0024807887526694873,6.188152967740629e-06,-0.3759525243660914,0.3385428579123124,0.07782908383311554,-0.0008662306515882156,9.604887788220633,1.3776764129696336e-08,0.00015373440816922044,-1.7153065981520006e-06,-0.11988993789084514,63.721917662921314,-0.0020935321870252455,4.548621240374233e-06,0.035747216954496445,23277.1,0.05154419525703475,0.0123,index_dividend_yield,0.065,13.18,65,23201.6,23284.75,23116.1,23118.6,mid_price,wide_quote_low_liquidity
2026-09-16T08:51:15.766123+00:00,2026-09-16T14:21:15.766123+05:30,NIFTY,29-Sep-2026,27100.0,PE,23234.25,3746.35,780,3832.6,65,0.0,3789.475,0,0,0,0,0,,,,,,,,,,,,,,,0.035747216954496445,,,,,,13.18,65,23201.6,23284.75,23116.1,23118.6,mid_price,no_price_available
2026-09-16T08:51:15.766123+00:00,2026-09-16T14:21:15.766123+05:30,NIFTY,29-Sep-2026,27150.0,CE,23234.25,0.9,6500,1.25,585,0.0,1.075,122,0,0,0,25.85,0.0008924277442398285,2.6707345762130323e-06,-0.134918201360354,0.1332265644012648,0.03722517509307545,-0.0003780413007347539,5.1079553780236235,7.308248689919816e-09,9.206136565422883e-05,-9.361314636846161e-07,-0.05699303944065964,75.45349239224383,-0.0007535943183589942,1.9559077936543766e-06,0.035747216954496445,23277.1,0.05154419525703475,0.0123,index_dividend_yield,0.065,13.18,65,23201.6,23284.75,23116.1,23118.6,mid_price,wide_quote_low_liquidity
2026-09-16T08:51:15.766123+00:00,2026-09-16T14:21:15.766123+05:30,NIFTY,29-Sep-2026,27150.0,PE,23234.25,3823.85,780,3911.3,780,0.0,3867.575,0,0,0,0,0,,,,,,,,,,,,,,,0.035747216954496445,,,,,,13.18,65,23201.6,23284.75,23116.1,23118.6,mid_price,no_price_available
2026-09-16T08:51:15.766123+00:00,2026-09-16T14:21:15.766123+05:30,NIFTY,29-Sep-2026,27200.0,CE,23234.25,1.25,13260,1.3,6110,1.3,1.275,993,122,373,-25.714285714285715,29.87,0.003176543912451279,7.3407489849136204e-06,-0.4947688324067431,0.42313129635121544,0.08981982392843772,-0.0010524945974698164,10.76691581643152,1.5023657056044417e-08,0.00016221260107930196,-1.9059925673155747e-06,-0.1423939206617738,59.28545968879357,-0.002667636504579471,5.3562381908035364e-06,0.035747216954496445,23277.1,0.05154419525703475,0.0123,index_dividend_yield,0.065,13.18,65,23201.6,23284.75,23116.1,23118.6,mid_price,ok
2026-09-16T08:51:15.766123+00:00,2026-09-16T14:21:15.766123+05:30,NIFTY,29-Sep-2026,27200.0,PE,23234.25,3845,780,3961.9,780,0.0,3903.45,0,0,0,0,0,,,,,,,,,,,,,,,0.035747216954496445,,,,,,13.18,65,23201.6,23284.75,23116.1,23118.6,mid_price,no_price_available
2026-09-16T08:51:15.766123+00:00,2026-09-16T14:21:15.766123+05:30,NIFTY,29-Sep-2026,28500.0,CE,23234.25,0.5,26975,0.55,3380,0.5,0.525,7999,10,734,-16.666666666666668,34.74,0.001149316259423781,2.506540233890808e-06,-0.22747109778608646,0.16803666223540073,0.03429182918343176,-0.00046521572111086356,4.592221551794215,4.924686023268552e-09,6.128397993497885e-05,-8.321004884022379e-07,-0.06875283810642938,55.37224528285574,-0.0009200437557270773,1.6658744839118982e-06,0.035747216954496445,23277.1,0.05154419525703475,0.0123,index_dividend_yield,0.065,13.18,65,23201.6,23284.75,23116.1,23118.6,mid_price,ok
2026-09-16T08:51:15.766123+00:00,2026-09-16T14:21:15.766123+05:30,NIFTY,29-Sep-2026,28500.0,PE,23234.25,5218.65,65,5223.25,130,5225,5220.95,6505,-12,153,-0.8990213185646005,60.75,,,,,,,,,,,,,,,0.035747216954496445,,,,,,13.18,65,23201.6,23284.75,23116.1,23118.6,mid_price,no_price_available
2026-09-16T08:51:15.766123+00:00,2026-09-16T14:21:15.766123+05:30,NIFTY,29-Sep-2026,30000.0,CE,23234.25,0.65,650,0.75,520,0.7,0.7,4183.076923076923,-4.923076923076923,179,16.666666666666668,43.9,0.001284736966663515,2.1964074676304584e-06,-0.3172111886742883,0.18607026838737772,0.029891072406852313,-0.0005104945729611427,3.95876636830117,3.3492698707978728e-09,4.172624390845911e-05,-7.129614359926443e-07,-0.0747537420814027,43.65728893363234,-0.0009722055846025609,1.3174305140535685e-06,0.035747216954496445,23277.1,0.05154419525703475,0.0123,index_dividend_yield,0.065,13.18,65,23201.6,23284.75,23116.1,23118.6,mid_price,ok
2026-09-16T08:51:15.766123+00:00,2026-09-16T14:21:15.766123+05:30,NIFTY,29-Sep-2026,30000.0,PE,23234.25,6699.95,130,6739.95,390,6744,6719.95,2112,-25,34,-0.2691431782555973,78.68,,,,,,,,,,,,,,,0.035747216954496445,,,,,,13.18,65,23201.6,23284.75,23116.1,23118.6,mid_price,no_price_available
2026-09-16T08:51:15.766123+00:00,2026-09-16T14:21:15.766123+05:30,NIFTY,29-Sep-2026,31500.0,CE,23234.25,0.65,780,0.9,520,0.55,0.775,243,-16,28,-50,50.52,0.0009071167156472196,1.3872170367308196e-06,-0.26476852462145967,0.13524066821590372,0.01958900250097488,-0.00038425166654972585,2.68389138812794,1.8945116768712244e-09,2.4783577046281766e-05,-4.861037246149417e-07,-0.05784131129690393,39.02456155834502,-0.0006519397427717618,7.547108999315233e-07,0.035747216954496445,23277.1,0.05154419525703475,0.0123,index_dividend_yield,0.065,13.18,65,23201.6,23284.75,23116.1,23118.6,mid_price,wide_quote_low_liquidity
2026-09-16T08:51:15.766123+00:00,2026-09-16T14:21:15.766123+05:30,NIFTY,29-Sep-2026,31500.0,PE,23234.25,,0,8568.85,1690,0.0,,0,0,0,0,0,,,,,,,,,,,,,,,0.035747216954496445,,,,,,13.18,65,23201.6,23284.75,23116.1,23118.6,none,no_price_available
2026-09-16T08:51:15.766123+00:00,2026-09-16T14:21:15.766123+05:30,NIFTY,29-Sep-2026,33000.0,CE,23234.25,0.55,1560,1,1365,0.0,0.775,534,0,0,0,57.27,0.0007646180033781597,1.0456754811642421e-06,-0.2560958062788516,0.11556429126396697,0.01505437737819935,-0.00033428863764591217,2.0956778864663,1.2746323254984633e-09,1.7136565387765424e-05,-3.8036988123014404e-07,-0.050975609461253936,34.947055432639445,-0.0005229386704533607,5.183538889799832e-07,0.035747216954496445,23277.1,0.05154419525703475,0.0123,index_dividend_yield,0.065,13.18,65,23201.6,23284.75,23116.1,23118.6,mid_price,wide_quote_low_liquidity
2026-09-16T08:51:15.766123+00:00,2026-09-16T14:21:15.766123+05:30,NIFTY,29-Sep-2026,33000.0,PE,23234.25,,0,10124.55,1690,0.0,,0,0,0,0,0,,,,,,,,,,,,,,,0.035747216954496445,,,,,,13.18,65,23201.6,23284.75,23116.1,23118.6,none,no_price_available
2026-09-16T08:51:15.766123+00:00,2026-09-16T14:21:15.766123+05:30,NIFTY,29-Sep-2026,34500.0,CE,23234.25,0.5,130,1,1560,0.3,0.75,151,0,60,-50,61.42,0.00043397983811066396,5.776709892062424e-07,-0.16255446816419142,0.06846835945340585,0.008745355222963184,-0.0002081868574090239,1.2793018596914882,6.894543646764133e-10,9.852913087685834e-06,-2.3433865517214556e-07,-0.0330875736748892,33.889181694776966,-0.00028364236787366455,2.619990301286195e-07,0.035747216954496445,23277.1,0.05154419525703475,0.0123,index_dividend_yield,0.065,13.18,65,23201.6,23284.75,23116.1,23118.6,mid_price,wide_quote_low_liquidity
2026-09-16T08:51:15.766123+00:00,2026-09-16T14:21:15.766123+05:30,NIFTY,29-Sep-2026,34500.0,PE,0,,0,,0,0.0,,0,0,0,0,0,,,,,,,,,,,,,,,0.035747216954496445,,,,,,13.18,65,23201.6,23284.75,23116.1,23118.6,none,no_price_available
