fetch_ts_utc,fetch_ts_ist,symbol,expiry_date,strike,option_type,underlying_value,bid_price,bid_qty,ask_price,ask_qty,ltp,mid_price,open_interest,change_in_oi,total_traded_volume,pchange_vs_prev_close,nse_iv,delta,gamma,theta,vega,vanna,charm,vomma,speed,zomma,color,veta,omega,dual_delta,dual_gamma,time_to_expiry_years,futures_price,implied_cost_of_carry,dividend_yield_used,dividend_yield_source,risk_free_rate_used,india_vix,lot_size,underlying_day_open,underlying_day_high,underlying_day_low,underlying_prev_close,price_source_for_iv,data_quality_flag
2026-10-05T10:52:02.688988+00:00,2026-10-05T16:22:02.688988+05:30,NIFTY,27-Oct-2026,20050.0,CE,22555.75,2552.4,130,2997.25,650,0.0,2774.825,0,0,0,0,0,,,,,,,,,,,,,,,0.06017495278450025,22623.7,0.049987692127564924,0.0123,index_dividend_yield,0.065,14.67,65,22532.4,22621.8,22397.1,22421.95,mid_price,no_nse_iv
2026-10-05T10:52:02.688988+00:00,2026-10-05T16:22:02.688988+05:30,NIFTY,27-Oct-2026,20050.0,PE,22555.75,10,845,10.3,910,10.1,10.15,327,327,2001,60.317460317460316,24.83,-0.02188924070736776,3.803611897125203e-05,-1.5610188434634973,2.8913669976028133,-0.41143168944036274,0.0022006277920280023,45.89114420541773,-5.7601512715510176e-08,0.00045051751877388864,-2.3634771168651924e-06,-0.3112580559947875,-43.295019361331306,0.025193618584415985,4.813732890044337e-05,0.06017495278450025,22623.7,0.049987692127564924,0.0123,index_dividend_yield,0.065,14.67,65,22532.4,22621.8,22397.1,22421.95,mid_price,ok
2026-10-05T10:52:02.688988+00:00,2026-10-05T16:22:02.688988+05:30,NIFTY,27-Oct-2026,20100.0,CE,22555.75,2503.65,130,2599.4,650,2507.85,2551.525,11,0,12,-40.205288381297535,0,,,,,,,,,,,,,,,0.06017495278450025,22623.7,0.049987692127564924,0.0123,index_dividend_yield,0.065,14.67,65,22532.4,22621.8,22397.1,22421.95,mid_price,no_nse_iv
2026-10-05T10:52:02.688988+00:00,2026-10-05T16:22:02.688988+05:30,NIFTY,27-Oct-2026,20100.0,PE,22555.75,10.25,2470,10.5,1040,10.5,10.375,309,309,2266,53.284671532846716,24.55,-0.022904373741250438,3.996928419381597e-05,-1.6021801452166404,3.004057007766257,-0.42827983496241706,0.0022622335681173333,47.318823370998906,-6.063372429592164e-08,0.0004667773058786413,-2.41600998103483e-06,-0.3183083392125936,-43.54013946956856,0.026293075795662722,5.0332534570614424e-05,0.06017495278450025,22623.7,0.049987692127564924,0.0123,index_dividend_yield,0.065,14.67,65,22532.4,22621.8,22397.1,22421.95,mid_price,ok
2026-10-05T10:52:02.688988+00:00,2026-10-05T16:22:02.688988+05:30,NIFTY,27-Oct-2026,20150.0,CE,22555.75,2173.8,650,2601.95,3445,0.0,2387.875,0,0,0,0,0,,,,,,,,,,,,,,,0.06017495278450025,,,,,,14.67,65,22532.4,22621.8,22397.1,22421.95,mid_price,no_price_available
2026-10-05T10:52:02.688988+00:00,2026-10-05T16:22:02.688988+05:30,NIFTY,27-Oct-2026,20150.0,PE,22555.75,8.15,1755,,0,12,,24,24,67,60,24.64,-0.025648930713957054,4.379387786719715e-05,-1.7671056679614967,3.3035768134097556,-0.4575337895922314,0.0024225553637891896,49.3313845836858,-6.463394829917293e-08,0.0004762309721175477,-2.4660519258494775e-06,-0.33637891471739234,-42.727419706382165,0.029383171540516787,5.4875418666397604e-05,0.06017495278450025,22623.7,0.049987692127564924,0.0123,index_dividend_yield,0.065,14.67,65,22532.4,22621.8,22397.1,22421.95,ltp,ok
2026-10-05T10:52:02.688988+00:00,2026-10-05T16:22:02.688988+05:30,NIFTY,27-Oct-2026,20200.0,CE,22555.75,2033,650,2560.4,650,0.0,2296.7,0,0,0,0,0,,,,,,,,,,,,,,,0.06017495278450025,,,,,,14.67,65,22532.4,22621.8,22397.1,22421.95,mid_price,no_price_available
2026-10-05T10:52:02.688988+00:00,2026-10-05T16:22:02.688988+05:30,NIFTY,27-Oct-2026,20200.0,PE,22555.75,8.65,650,16.7,650,0.0,12.675,0,0,0,0,0,,,,,,,,,,,,,,,0.06017495278450025,22623.7,0.049987692127564924,0.0123,index_dividend_yield,0.065,14.67,65,22532.4,22621.8,22397.1,22421.95,mid_price,no_nse_iv
2026-10-05T10:52:02.688988+00:00,2026-10-05T16:22:02.688988+05:30,NIFTY,27-Oct-2026,20250.0,CE,22555.75,2089.25,650,2533.55,3445,0.0,2311.4,0,0,0,0,0,,,,,,,,,,,,,,,0.06017495278450025,22623.7,0.049987692127564924,0.0123,index_dividend_yield,0.065,14.67,65,22532.4,22621.8,22397.1,22421.95,mid_price,no_nse_iv
2026-10-05T10:52:02.688988+00:00,2026-10-05T16:22:02.688988+05:30,NIFTY,27-Oct-2026,20250.0,PE,22555.75,6.1,1755,,0,0.0,,0,0,0,0,0,,,,,,,,,,,,,,,0.06017495278450025,,,,,,14.67,65,22532.4,22621.8,22397.1,22421.95,none,no_price_available
2026-10-05T10:52:02.688988+00:00,2026-10-05T16:22:02.688988+05:30,NIFTY,27-Oct-2026,20300.0,CE,22555.75,2260.95,650,2401.95,3445,0.0,2331.45,0,0,0,0,0,,,,,,,,,,,,,,,0.06017495278450025,22623.7,0.049987692127564924,0.0123,index_dividend_yield,0.065,14.67,65,22532.4,22621.8,22397.1,22421.95,mid_price,no_nse_iv
2026-10-05T10:52:02.688988+00:00,2026-10-05T16:22:02.688988+05:30,NIFTY,27-Oct-2026,20300.0,PE,22555.75,10.15,2990,30.2,3445,10.9,20.175,300,290,2711,-27.333333333333332,22.97,-0.025304302044632975,4.6448663043534844e-05,-1.6233777777946343,3.2663635165163587,-0.4878128916839478,0.0023983190823521974,52.752722404929116,-7.361392207356716e-08,0.0005479503185463083,-2.6311782775604954e-06,-0.33368931770955657,-45.983586051703234,0.02872757200991282,5.7345017143215715e-05,0.06017495278450025,22623.7,0.049987692127564924,0.0123,index_dividend_yield,0.065,14.67,65,22532.4,22621.8,22397.1,22421.95,mid_price,wide_quote_low_liquidity
2026-10-05T10:52:02.688988+00:00,2026-10-05T16:22:02.688988+05:30,NIFTY,27-Oct-2026,20350.0,CE,22555.75,1902.7,4095,2490,3445,0.0,2196.35,0,0,0,0,0,,,,,,,,,,,,,,,0.06017495278450025,,,,,,14.67,65,22532.4,22621.8,22397.1,22421.95,mid_price,no_price_available
2026-10-05T10:52:02.688988+00:00,2026-10-05T16:22:02.688988+05:30,NIFTY,27-Oct-2026,20350.0,PE,22555.75,11.05,1755,,0,0.0,,0,0,0,0,0,,,,,,,,,,,,,,,0.06017495278450025,,,,,,14.67,65,22532.4,22621.8,22397.1,22421.95,none,no_price_available
2026-10-05T10:52:02.688988+00:00,2026-10-05T16:22:02.688988+05:30,NIFTY,27-Oct-2026,20400.0,CE,22555.75,1857.55,650,2335.9,3445,0.0,2096.725,0,0,0,0,0,,,,,,,,,,,,,,,0.06017495278450025,,,,,,14.67,65,22532.4,22621.8,22397.1,22421.95,mid_price,no_price_available
2026-10-05T10:52:02.688988+00:00,2026-10-05T16:22:02.688988+05:30,NIFTY,27-Oct-2026,20400.0,PE,22555.75,12.3,1040,32.7,3445,13.4,22.5,524,504,2582,-10.666666666666666,22.87,-0.03036184379513053,5.430083498566609e-05,-1.8777996861656352,3.8019200099875787,-0.5465288844242154,0.0026671832819010755,56.704705770256105,-8.29806884676416e-08,0.0005724588260556479,-2.7167695106774473e-06,-0.36324867288144436,-45.041656323081,0.03431561864312166,6.638358732615504e-05,0.06017495278450025,22623.7,0.049987692127564924,0.0123,index_dividend_yield,0.065,14.67,65,22532.4,22621.8,22397.1,22421.95,mid_price,wide_quote_low_liquidity
2026-10-05T10:52:02.688988+00:00,2026-10-05T16:22:02.688988+05:30,NIFTY,27-Oct-2026,20450.0,CE,22555.75,1683.05,650,2546.15,650,0.0,2114.6,0,0,0,0,0,,,,,,,,,,,,,,,0.06017495278450025,22623.7,0.049987692127564924,0.0123,index_dividend_yield,0.065,14.67,65,22532.4,22621.8,22397.1,22421.95,mid_price,no_nse_iv
2026-10-05T10:52:02.688988+00:00,2026-10-05T16:22:02.688988+05:30,NIFTY,27-Oct-2026,20450.0,PE,22555.75,12.35,1755,20.35,3445,14,16.35,19,15,96,-20,22.6,-0.03193509150215766,5.729456308021728e-05,-1.9326555414074056,3.964168936029947,-0.5697626933153788,0.0027433324451100853,58.40854511709836,-8.753393205040177e-08,0.0005906781091534843,-2.760866988444057e-06,-0.3714379863057045,-45.264033706734864,0.03600164681755092,6.970137282672976e-05,0.06017495278450025,22623.7,0.049987692127564924,0.0123,index_dividend_yield,0.065,14.67,65,22532.4,22621.8,22397.1,22421.95,mid_price,wide_quote_low_liquidity
2026-10-05T10:52:02.688988+00:00,2026-10-05T16:22:02.688988+05:30,NIFTY,27-Oct-2026,20500.0,CE,22555.75,2123.2,65,2129.95,65,2130.8,2126.575,799,474,643,4.297601566324033,0,,,,,,,,,,,,,,,0.06017495278450025,22623.7,0.049987692127564924,0.0123,index_dividend_yield,0.065,14.67,65,22532.4,22621.8,22397.1,22421.95,mid_price,no_nse_iv
2026-10-05T10:52:02.688988+00:00,2026-10-05T16:22:02.688988+05:30,NIFTY,27-Oct-2026,20500.0,PE,22555.75,14.85,195,15.6,65,14.85,15.225,14619,2074,17334,-27.383863080684595,22.38,-0.03390422198409516,6.078252233010995e-05,-2.008312335141387,4.164559807863235,-0.5956132394350846,0.0028350872014961045,60.17505505026133,-9.24194535501556e-08,0.0006066831128207658,-2.7973469069003757e-06,-0.3811978657258024,-45.324545581500445,0.038127199196417334,7.358436406518058e-05,0.06017495278450025,22623.7,0.049987692127564924,0.0123,index_dividend_yield,0.065,14.67,65,22532.4,22621.8,22397.1,22421.95,mid_price,ok
2026-10-05T10:52:02.688988+00:00,2026-10-05T16:22:02.688988+05:30,NIFTY,27-Oct-2026,20550.0,CE,22555.75,1808.5,650,2432.45,650,0.0,2120.475,0,0,0,0,0,,,,,,,,,,,,,,,0.06017495278450025,22623.7,0.049987692127564924,0.0123,index_dividend_yield,0.065,14.67,65,22532.4,22621.8,22397.1,22421.95,mid_price,no_nse_iv
2026-10-05T10:52:02.688988+00:00,2026-10-05T16:22:02.688988+05:30,NIFTY,27-Oct-2026,20550.0,PE,22555.75,14.15,910,16.65,195,16.7,15.399999999999999,264,-89,1526,-21.962616822429908,22.4,-0.03750778425944554,6.596950565894015e-05,-2.181383697564356,4.523989111567703,-0.6296642040935184,0.0029944461428192547,62.015653293203684,-9.774840470931275e-08,0.0006098266065567494,-2.7994041579836488e-06,-0.39786864676714107,-44.612895283760515,0.04209146934606357,7.947565613394902e-05,0.06017495278450025,22623.7,0.049987692127564924,0.0123,index_dividend_yield,0.065,14.67,65,22532.4,22621.8,22397.1,22421.95,mid_price,wide_quote_low_liquidity
2026-10-05T10:52:02.688988+00:00,2026-10-05T16:22:02.688988+05:30,NIFTY,27-Oct-2026,20600.0,CE,22555.75,1679.5,650,2377,3445,0.0,2028.25,0,0,0,0,0,,,,,,,,,,,,,,,0.06017495278450025,22623.7,0.049987692127564924,0.0123,index_dividend_yield,0.065,14.67,65,22532.4,22621.8,22397.1,22421.95,mid_price,no_nse_iv
2026-10-05T10:52:02.688988+00:00,2026-10-05T16:22:02.688988+05:30,NIFTY,27-Oct-2026,20600.0,PE,22555.75,16.75,650,17.75,130,16.7,17.25,3917,159,4038,-26.75438596491228,21.94,-0.03824728803693587,6.843424100159806e-05,-2.1678823267214375,4.596638826161919,-0.6502189172507833,0.0030231289399946307,63.71729354430977,-1.0295358388291556e-07,0.0006367133068523582,-2.8531924760582664e-06,-0.40084573383955746,-45.43373228295143,0.042800207739459036,8.204527195558008e-05,0.06017495278450025,22623.7,0.049987692127564924,0.0123,index_dividend_yield,0.065,14.67,65,22532.4,22621.8,22397.1,22421.95,mid_price,ok
2026-10-05T10:52:02.688988+00:00,2026-10-05T16:22:02.688988+05:30,NIFTY,27-Oct-2026,20650.0,CE,22555.75,1707.8,650,2056.55,650,0.0,1882.1750000000002,0,0,0,0,0,,,,,,,,,,,,,,,0.06017495278450025,,,,,,14.67,65,22532.4,22621.8,22397.1,22421.95,mid_price,no_price_available
2026-10-05T10:52:02.688988+00:00,2026-10-05T16:22:02.688988+05:30,NIFTY,27-Oct-2026,20650.0,PE,22555.75,15.2,1755,22.15,2600,18.3,18.674999999999997,131,-19,491,-20.434782608695652,21.85,-0.04152581532086248,7.346661246776185e-05,-2.3055309866403326,4.914414223964703,-0.682613708738209,0.003154469934417467,65.45073304975269,-1.0862326822216288e-07,0.0006422195293499648,-2.8496654130223572e-06,-0.4142869812275904,-45.05655992891793,0.04636484910406293,8.76525283366993e-05,0.06017495278450025,22623.7,0.049987692127564924,0.0123,index_dividend_yield,0.065,14.67,65,22532.4,22621.8,22397.1,22421.95,mid_price,wide_quote_low_liquidity
2026-10-05T10:52:02.688988+00:00,2026-10-05T16:22:02.688988+05:30,NIFTY,27-Oct-2026,20700.0,CE,22555.75,1673.75,650,2006.9,650,1997.6,1840.325,1,1,2,-44.73753371602462,21.2,,,,,,,,,,,,,,,0.06017495278450025,,,,,,14.67,65,22532.4,22621.8,22397.1,22421.95,mid_price,no_price_available
2026-10-05T10:52:02.688988+00:00,2026-10-05T16:22:02.688988+05:30,NIFTY,27-Oct-2026,20700.0,PE,22555.75,15.65,1755,22.3,195,18.55,18.975,1398,-543,2698,-25.35211267605634,21.44,-0.04277164741094115,7.668410115060855e-05,-2.3136177868925722,5.033388068888459,-0.7070549151936417,0.0031995437712440886,67.25204095428295,-1.1457935408441272e-07,0.000666938286457926,-2.891363144543201e-06,-0.4188621841476037,-45.72564886915487,0.047625370686235326,9.104983963508203e-05,0.06017495278450025,22623.7,0.049987692127564924,0.0123,index_dividend_yield,0.065,14.67,65,22532.4,22621.8,22397.1,22421.95,mid_price,wide_quote_low_liquidity
2026-10-05T10:52:02.688988+00:00,2026-10-05T16:22:02.688988+05:30,NIFTY,27-Oct-2026,20750.0,CE,22555.75,1643.15,650,1990.4,650,0.0,1816.775,0,0,0,0,0,,,,,,,,,,,,,,,0.06017495278450025,22623.7,0.049987692127564924,0.0123,index_dividend_yield,0.065,14.67,65,22532.4,22621.8,22397.1,22421.95,mid_price,no_nse_iv
2026-10-05T10:52:02.688988+00:00,2026-10-05T16:22:02.688988+05:30,NIFTY,27-Oct-2026,20750.0,PE,22555.75,17.1,1755,20.9,650,20.25,19.0,173,-19,415,-23.295454545454547,21.34,-0.046369887952032535,8.222311472679808e-05,-2.4544852701177886,5.371785251024655,-0.7408250638199915,0.003329376675916547,68.89519618089679,-1.2072161680908846e-07,0.0006692601383758367,-2.868094428978837e-06,-0.43185949989123174,-45.364012522353384,0.05151631269182828,9.715659079481356e-05,0.06017495278450025,22623.7,0.049987692127564924,0.0123,index_dividend_yield,0.065,14.67,65,22532.4,22621.8,22397.1,22421.95,mid_price,wide_quote_low_liquidity
2026-10-05T10:52:02.688988+00:00,2026-10-05T16:22:02.688988+05:30,NIFTY,27-Oct-2026,20800.0,CE,22555.75,1584.8,650,1901.45,650,0.0,1743.125,1,0,0,0,0,,,,,,,,,,,,,,,0.06017495278450025,,,,,,14.67,65,22532.4,22621.8,22397.1,22421.95,mid_price,no_price_available
2026-10-05T10:52:02.688988+00:00,2026-10-05T16:22:02.688988+05:30,NIFTY,27-Oct-2026,20800.0,PE,22555.75,20.6,520,21.25,650,20.6,20.925,5528,291,3880,-24.817518248175183,20.94,-0.04791814555943424,8.602918920576173e-05,-2.4687638802056444,5.515092617280888,-0.7680930029997091,0.0033794739076985977,70.76223644496338,-1.2746915293499984e-07,0.0006929937584395241,-2.898759737429948e-06,-0.4368361920408583,-46.00530242528163,0.05309246642662876,0.00010116579638483197,0.06017495278450025,22623.7,0.049987692127564924,0.0123,index_dividend_yield,0.065,14.67,65,22532.4,22621.8,22397.1,22421.95,mid_price,ok
2026-10-05T10:52:02.688988+00:00,2026-10-05T16:22:02.688988+05:30,NIFTY,27-Oct-2026,20850.0,CE,22555.75,1577.25,650,1867.85,650,0.0,1722.55,0,0,0,0,0,,,,,,,,,,,,,,,0.06017495278450025,22623.7,0.049987692127564924,0.0123,index_dividend_yield,0.065,14.67,65,22532.4,22621.8,22397.1,22421.95,mid_price,no_nse_iv
2026-10-05T10:52:02.688988+00:00,2026-10-05T16:22:02.688988+05:30,NIFTY,27-Oct-2026,20850.0,PE,22555.75,21.35,260,26.65,1300,22.05,24.0,181,8,255,-25.380710659898476,20.74,-0.05115469913193349,9.150981978979935e-05,-2.572258103013669,5.810409685433018,-0.8012600273554111,0.0034831742152221924,72.4156394229638,-1.3431061312778968e-07,0.0006992927690648249,-2.8752847546139877e-06,-0.44701327089599996,-45.96715913783423,0.056543589593076676,0.00010709522959410397,0.06017495278450025,22623.7,0.049987692127564924,0.0123,index_dividend_yield,0.065,14.67,65,22532.4,22621.8,22397.1,22421.95,mid_price,wide_quote_low_liquidity
2026-10-05T10:52:02.688988+00:00,2026-10-05T16:22:02.688988+05:30,NIFTY,27-Oct-2026,20900.0,CE,22555.75,1495.85,650,1811.1,650,0.0,1653.475,6,0,0,0,0,,,,,,,,,,,,,,,0.06017495278450025,,,,,,14.67,65,22532.4,22621.8,22397.1,22421.95,mid_price,no_price_available
2026-10-05T10:52:02.688988+00:00,2026-10-05T16:22:02.688988+05:30,NIFTY,27-Oct-2026,20900.0,PE,22555.75,23.35,195,24,65,23.5,23.675,1541,169,1432,-25.278219395866454,20.53,-0.0545342872837649,9.725842253910556e-05,-2.674544452217195,6.112888491392123,-0.8349910950211058,0.003583716139029615,74.01488617508134,-1.4145144492238824e-07,0.000703891337144633,-2.840726633329861e-06,-0.4567616311625473,-45.956916478827985,0.06013527711941547,0.00011327894453703689,0.06017495278450025,22623.7,0.049987692127564924,0.0123,index_dividend_yield,0.065,14.67,65,22532.4,22621.8,22397.1,22421.95,mid_price,ok
2026-10-05T10:52:02.688988+00:00,2026-10-05T16:22:02.688988+05:30,NIFTY,27-Oct-2026,20950.0,CE,22555.75,1445.8,650,1771.8,3445,0.0,1608.8,0,0,0,0,0,,,,,,,,,,,,,,,0.06017495278450025,22623.7,0.049987692127564924,0.0123,index_dividend_yield,0.065,14.67,65,22532.4,22621.8,22397.1,22421.95,mid_price,no_nse_iv
2026-10-05T10:52:02.688988+00:00,2026-10-05T16:22:02.688988+05:30,NIFTY,27-Oct-2026,20950.0,PE,22555.75,21.7,65,25.95,325,25.7,23.825,488,115,615,-23.511904761904763,20.43,-0.05910672276722103,0.0001041326930178803,-2.831410564003286,6.513070356006876,-0.8710562489117751,0.0037099483224290047,75.27995786924224,-1.4844130106408948e-07,0.0006939169307631983,-2.7562911376274466e-06,-0.4688279459958,-45.56031034944809,0.06503382797354361,0.00012070731514363376,0.06017495278450025,22623.7,0.049987692127564924,0.0123,index_dividend_yield,0.065,14.67,65,22532.4,22621.8,22397.1,22421.95,mid_price,wide_quote_low_liquidity
2026-10-05T10:52:02.688988+00:00,2026-10-05T16:22:02.688988+05:30,NIFTY,27-Oct-2026,21000.0,CE,22555.75,1636.6,130,1649.7,65,1640,1643.15,4436,-23,758,5.337529706467981,0,,,,,,,,,,,,,,,0.06017495278450025,22623.7,0.049987692127564924,0.0123,index_dividend_yield,0.065,14.67,65,22532.4,22621.8,22397.1,22421.95,mid_price,no_nse_iv
2026-10-05T10:52:02.688988+00:00,2026-10-05T16:22:02.688988+05:30,NIFTY,27-Oct-2026,21000.0,PE,22555.75,26.75,130,27.1,65,27.1,26.925,23335,-164,21852,-23.44632768361582,20.17,-0.06255976831439294,0.00011026308031971697,-2.917086340472181,6.808733282399666,-0.9052245564779293,0.0037952394214482293,76.79616347587358,-1.5628152841917456e-07,0.0006970242575494979,-2.704605677086901e-06,-0.4769021042551307,-45.7072299771584,0.06866450898394083,0.0001272055546919589,0.06017495278450025,22623.7,0.049987692127564924,0.0123,index_dividend_yield,0.065,14.67,65,22532.4,22621.8,22397.1,22421.95,mid_price,ok
2026-10-05T10:52:02.688988+00:00,2026-10-05T16:22:02.688988+05:30,NIFTY,27-Oct-2026,21050.0,CE,22555.75,1359.6,650,1664.1,650,0.0,1511.85,1,0,0,0,11.74,0.9934555320036266,2.5415557394134375e-05,-3.199473706568696,0.9134778869098156,-0.3508318467025373,0.0008881279215403604,48.982551502080476,-1.0171572168526979e-07,0.0011462675226737071,-2.7407294332136473e-06,-0.14010034013609807,14.250417744142313,-0.9898185291346985,2.9181659330592626e-05,0.06017495278450025,22623.7,0.049987692127564924,0.0123,index_dividend_yield,0.065,14.67,65,22532.4,22621.8,22397.1,22421.95,mid_price,wide_quote_low_liquidity
2026-10-05T10:52:02.688988+00:00,2026-10-05T16:22:02.688988+05:30,NIFTY,27-Oct-2026,21050.0,PE,22555.75,25.15,910,28.6,650,28.6,26.875,370,-12,717,-23.118279569892472,19.91,-0.06624841940918223,0.00011678743356889166,-3.004936238825015,7.118650608360833,-0.9402596549493158,0.0038791264339673587,78.2435613644874,-1.6448546915954764e-07,0.0006971052259342928,-2.637677509388078e-06,-0.4847787944765951,-45.84967444892612,0.0725355676889794,0.00013409310870703754,0.06017495278450025,22623.7,0.049987692127564924,0.0123,index_dividend_yield,0.065,14.67,65,22532.4,22621.8,22397.1,22421.95,mid_price,ok
2026-10-05T10:52:02.688988+00:00,2026-10-05T16:22:02.688988+05:30,NIFTY,27-Oct-2026,21100.0,CE,22555.75,1317.9,650,1617.1,650,0.0,1467.5,1,0,0,0,0,,,,,,,,,,,,,,,0.06017495278450025,22623.7,0.049987692127564924,0.0123,index_dividend_yield,0.065,14.67,65,22532.4,22621.8,22397.1,22421.95,mid_price,no_nse_iv
2026-10-05T10:52:02.688988+00:00,2026-10-05T16:22:02.688988+05:30,NIFTY,27-Oct-2026,21100.0,PE,22555.75,26,65,33.85,1300,30.2,29.925,1326,-308,2879,-23.737373737373737,19.65,-0.07019072473837011,0.00012373123630518383,-3.0949117632297445,7.443414600516258,-0.9760900659405713,0.003961052084740929,79.60710139573024,-1.7305618246820396e-07,0.0006936598276144909,-2.5537973469947457e-06,-0.492418605992083,-45.9871944450494,0.07666500053068234,0.0001413933507400902,0.06017495278450025,22623.7,0.049987692127564924,0.0123,index_dividend_yield,0.065,14.67,65,22532.4,22621.8,22397.1,22421.95,mid_price,wide_quote_low_liquidity
2026-10-05T10:52:02.688988+00:00,2026-10-05T16:22:02.688988+05:30,NIFTY,27-Oct-2026,21150.0,CE,22555.75,1377.4,3250,1549.3,65,0.0,1463.35,1,0,0,0,0,,,,,,,,,,,,,,,0.06017495278450025,22623.7,0.049987692127564924,0.0123,index_dividend_yield,0.065,14.67,65,22532.4,22621.8,22397.1,22421.95,mid_price,no_nse_iv
2026-10-05T10:52:02.688988+00:00,2026-10-05T16:22:02.688988+05:30,NIFTY,27-Oct-2026,21150.0,PE,22555.75,25.65,1755,36,1300,31.7,30.825,473,129,760,-24.79240806642942,19.36,-0.07410239937174641,0.00013091481555557217,-3.171958361321868,7.7593341367415,-1.0126496333708115,0.004034259139153257,80.99337062476452,-1.822450144584852e-07,0.000690336552423688,-2.4641420029000076e-06,-0.49922062155346847,-46.22717248917822,0.08073721890762801,0.0001488958521200306,0.06017495278450025,22623.7,0.049987692127564924,0.0123,index_dividend_yield,0.065,14.67,65,22532.4,22621.8,22397.1,22421.95,mid_price,wide_quote_low_liquidity
2026-10-05T10:52:02.688988+00:00,2026-10-05T16:22:02.688988+05:30,NIFTY,27-Oct-2026,21200.0,CE,22555.75,1390.95,650,1493.35,845,0.0,1442.15,1,0,0,0,0,,,,,,,,,,,,,,,0.06017495278450025,22623.7,0.049987692127564924,0.0123,index_dividend_yield,0.065,14.67,65,22532.4,22621.8,22397.1,22421.95,mid_price,no_nse_iv
2026-10-05T10:52:02.688988+00:00,2026-10-05T16:22:02.688988+05:30,NIFTY,27-Oct-2026,21200.0,PE,22555.75,34.05,65,35.05,130,34.3,34.55,5710,-27,5176,-24.031007751937985,19.21,-0.07975553777804298,0.00013951995303748845,-3.3215412352256592,8.205291024930714,-1.0492436937849374,0.0041315567681316084,81.64506444869967,-1.9050587635110376e-07,0.0006620149491825454,-2.2906440017704565e-06,-0.5081897193042586,-45.9568821617696,0.08670236716773484,0.00015793527621961855,0.06017495278450025,22623.7,0.049987692127564924,0.0123,index_dividend_yield,0.065,14.67,65,22532.4,22621.8,22397.1,22421.95,mid_price,ok
2026-10-05T10:52:02.688988+00:00,2026-10-05T16:22:02.688988+05:30,NIFTY,27-Oct-2026,21250.0,CE,22555.75,1310.05,650,1475,650,0.0,1392.525,1,0,0,0,0,,,,,,,,,,,,,,,0.06017495278450025,22623.7,0.049987692127564924,0.0123,index_dividend_yield,0.065,14.67,65,22532.4,22621.8,22397.1,22421.95,mid_price,no_nse_iv
2026-10-05T10:52:02.688988+00:00,2026-10-05T16:22:02.688988+05:30,NIFTY,27-Oct-2026,21250.0,PE,22555.75,26.7,910,38.9,1300,37.35,32.8,598,135,703,-23.46311475409836,19.08,-0.08602345836169607,0.00014869705571768897,-3.484959817950459,8.685824351900706,-1.0847339078654747,0.004224625896537784,81.94180965713026,-1.985467192713507e-07,0.0006235092153362764,-2.0784807488209093e-06,-0.5167644314893014,-45.606346101379884,0.09331146619275507,0.00016753249075234216,0.06017495278450025,22623.7,0.049987692127564924,0.0123,index_dividend_yield,0.065,14.67,65,22532.4,22621.8,22397.1,22421.95,mid_price,wide_quote_low_liquidity
2026-10-05T10:52:02.688988+00:00,2026-10-05T16:22:02.688988+05:30,NIFTY,27-Oct-2026,21300.0,CE,22555.75,1163.2,650,1427.1,650,0.0,1295.15,19,0,0,0,0,,,,,,,,,,,,,,,0.06017495278450025,22623.7,0.049987692127564924,0.0123,index_dividend_yield,0.065,14.67,65,22532.4,22621.8,22397.1,22421.95,mid_price,no_nse_iv
2026-10-05T10:52:02.688988+00:00,2026-10-05T16:22:02.688988+05:30,NIFTY,27-Oct-2026,21300.0,PE,22555.75,39.5,130,40.35,130,39.75,39.925,5553,311,10828,-24.71590909090909,18.85,-0.09160638103164467,0.0001577256879065974,-3.599459955688029,9.102152084471612,-1.1207779156593016,0.004292968356415766,82.51065020891524,-2.077907374598326e-07,0.0005930787946139128,-1.8859702628119615e-06,-0.5231482311664646,-45.603227794692685,0.09913426927368145,0.0001768714629891478,0.06017495278450025,22623.7,0.049987692127564924,0.0123,index_dividend_yield,0.065,14.67,65,22532.4,22621.8,22397.1,22421.95,mid_price,ok
2026-10-05T10:52:02.688988+00:00,2026-10-05T16:22:02.688988+05:30,NIFTY,27-Oct-2026,21350.0,CE,22555.75,1285.05,650,1378.3,195,0.0,1331.675,1,0,0,0,0,,,,,,,,,,,,,,,0.06017495278450025,22623.7,0.049987692127564924,0.0123,index_dividend_yield,0.065,14.67,65,22532.4,22621.8,22397.1,22421.95,mid_price,no_nse_iv
2026-10-05T10:52:02.688988+00:00,2026-10-05T16:22:02.688988+05:30,NIFTY,27-Oct-2026,21350.0,PE,22555.75,41.45,65,42.95,65,42.3,42.2,4571,-198,1523,-24.464285714285715,18.61,-0.09746353302677736,0.00016722829459953385,-3.710412208071556,9.527664084834427,-1.1566544541976447,0.0043526414482424475,82.9251551586756,-2.1735915013602975e-07,0.0005569426823876888,-1.670153258793056e-06,-0.5288423536390958,-45.62681592922943,0.10522456524061294,0.00018665023749613496,0.06017495278450025,22623.7,0.049987692127564924,0.0123,index_dividend_yield,0.065,14.67,65,22532.4,22621.8,22397.1,22421.95,mid_price,ok
2026-10-05T10:52:02.688988+00:00,2026-10-05T16:22:02.688988+05:30,NIFTY,27-Oct-2026,21400.0,CE,22555.75,1248.8,195,1271.85,130,1352,1260.3249999999998,36,0,1,15.137321694698743,20.61,0.8697772765989764,0.0001849533721403848,-8.076731432724328,11.669991740209644,-1.1029983391464548,0.004602645311612141,68.86574991653038,-1.9072606522561025e-07,0.0001940589743072951,-3.0965469619405415e-07,-0.550785265010779,15.112496381261021,-0.8560895386195403,0.00020547039318950818,0.06017495278450025,22623.7,0.049987692127564924,0.0123,index_dividend_yield,0.065,14.67,65,22532.4,22621.8,22397.1,22421.95,mid_price,ok
2026-10-05T10:52:02.688988+00:00,2026-10-05T16:22:02.688988+05:30,NIFTY,27-Oct-2026,21400.0,PE,22555.75,45.15,65,46.45,65,46.1,45.8,6017,-119,11357,-22.39057239057239,18.49,-0.10515917217710952,0.0001778952725915876,-3.886859947266198,10.070049870533026,-1.1879498266942414,0.0044178475287841995,82.31236535440355,-2.2506977204128765e-07,0.0004920419786593128,-1.3575764417788933e-06,-0.5352334766200357,-45.20878920599912,0.1132902071392136,0.0001976293331824418,0.06017495278450025,22623.7,0.049987692127564924,0.0123,index_dividend_yield,0.065,14.67,65,22532.4,22621.8,22397.1,22421.95,mid_price,ok
2026-10-05T10:52:02.688988+00:00,2026-10-05T16:22:02.688988+05:30,NIFTY,27-Oct-2026,21450.0,CE,22555.75,1196.85,650,1278.25,195,0.0,1237.55,1,0,0,0,0,,,,,,,,,,,,,,,0.06017495278450025,22623.7,0.049987692127564924,0.0123,index_dividend_yield,0.065,14.67,65,22532.4,22621.8,22397.1,22421.95,mid_price,no_nse_iv
2026-10-05T10:52:02.688988+00:00,2026-10-05T16:22:02.688988+05:30,NIFTY,27-Oct-2026,21450.0,PE,22555.75,48.7,65,49.55,65,48.75,49.125,732,254,2160,-24.183514774494558,18.22,-0.11154116058201059,0.00018834959808897332,-3.984517542527194,10.50614458849585,-1.2226824873429325,0.004454689965022407,82.39690492017803,-2.3524151427638388e-07,0.00044347236482396844,-1.0936156262449667e-06,-0.5392469231372523,-45.3179893377052,0.11987930055945087,0.00020826900851238835,0.06017495278450025,22623.7,0.049987692127564924,0.0123,index_dividend_yield,0.065,14.67,65,22532.4,22621.8,22397.1,22421.95,mid_price,ok
2026-10-05T10:52:02.688988+00:00,2026-10-05T16:22:02.688988+05:30,NIFTY,27-Oct-2026,21500.0,CE,22555.75,1166.65,65,1173,65,1166.25,1169.825,7538,-67,1027,6.438806242584649,0,,,,,,,,,,,,,,,0.06017495278450025,22623.7,0.049987692127564924,0.0123,index_dividend_yield,0.065,14.67,65,22532.4,22621.8,22397.1,22421.95,mid_price,no_nse_iv
2026-10-05T10:52:02.688988+00:00,2026-10-05T16:22:02.688988+05:30,NIFTY,27-Oct-2026,21500.0,PE,22555.75,52.5,845,53.25,130,53.3,52.875,43356,-3360,53384,-21.328413284132843,18.12,-0.12050268654297402,0.00020006840964499828,-4.174872425111652,11.098569761409113,-1.2482141840479826,0.004493781779234138,80.94713156733846,-2.420020079948073e-07,0.0003551116209215909,-6.979878773217445e-07,-0.5439445684786257,-44.80611872212845,0.12924141698851616,0.00022019940688068957,0.06017495278450025,22623.7,0.049987692127564924,0.0123,index_dividend_yield,0.065,14.67,65,22532.4,22621.8,22397.1,22421.95,mid_price,ok
2026-10-05T10:52:02.688988+00:00,2026-10-05T16:22:02.688988+05:30,NIFTY,27-Oct-2026,21550.0,CE,22555.75,1104.65,650,1192.05,195,0.0,1148.35,1,0,0,0,0,,,,,,,,,,,,,,,0.06017495278450025,22623.7,0.049987692127564924,0.0123,index_dividend_yield,0.065,14.67,65,22532.4,22621.8,22397.1,22421.95,mid_price,no_nse_iv
2026-10-05T10:52:02.688988+00:00,2026-10-05T16:22:02.688988+05:30,NIFTY,27-Oct-2026,21550.0,PE,22555.75,56.05,650,57.25,65,57,56.65,578,56,1126,-21.541637990364762,17.9,-0.12851331993720064,0.0002118478562083933,-4.300588932922777,11.60933671136517,-1.2765800778040959,0.0045082867593894405,80.02922218138409,-2.508843970963979e-07,0.00027691928147241887,-3.335749911243598e-07,-0.546766284237993,-44.711691521360166,0.13751951527670955,0.00023208339522534757,0.06017495278450025,22623.7,0.049987692127564924,0.0123,index_dividend_yield,0.065,14.67,65,22532.4,22621.8,22397.1,22421.95,mid_price,ok
2026-10-05T10:52:02.688988+00:00,2026-10-05T16:22:02.688988+05:30,NIFTY,27-Oct-2026,21600.0,CE,22555.75,1058.9,650,1091.35,260,1100,1075.125,17,1,8,8.948645570247116,12.33,0.9389073242445367,0.00017538428454190645,-4.730544770367657,6.6203973318699285,-1.4761081922506358,0.003603890256725917,126.71443912977853,-4.0584376932482237e-07,0.0019346348677543816,-4.127303741809221e-06,-0.45711942882576295,20.3370173719101,-0.9322415937972558,0.00019124835922175606,0.06017495278450025,22623.7,0.049987692127564924,0.0123,index_dividend_yield,0.065,14.67,65,22532.4,22621.8,22397.1,22421.95,mid_price,ok
2026-10-05T10:52:02.688988+00:00,2026-10-05T16:22:02.688988+05:30,NIFTY,27-Oct-2026,21600.0,PE,22555.75,60.3,65,61,65,60.45,60.65,6139,883,18412,-23.091603053435115,17.63,-0.1364185149963114,0.0002241234000505714,-4.398428981517826,12.096780979438265,-1.3056129332677662,0.004506155974821291,79.18349320418105,-2.6080195166474197e-07,0.00019586248991456507,4.0140293019775035e-08,-0.5485202313394311,-44.78408183961259,0.1456356415581,0.00024439608505875715,0.06017495278450025,22623.7,0.049987692127564924,0.0123,index_dividend_yield,0.065,14.67,65,22532.4,22621.8,22397.1,22421.95,mid_price,ok
2026-10-05T10:52:02.688988+00:00,2026-10-05T16:22:02.688988+05:30,NIFTY,27-Oct-2026,21650.0,CE,22555.75,993.35,260,1047.5,260,1000,1020.425,2,1,1,9.607058694579932,0,,,,,,,,,,,,,,,0.06017495278450025,22623.7,0.049987692127564924,0.0123,index_dividend_yield,0.065,14.67,65,22532.4,22621.8,22397.1,22421.95,mid_price,no_nse_iv
2026-10-05T10:52:02.688988+00:00,2026-10-05T16:22:02.688988+05:30,NIFTY,27-Oct-2026,21650.0,PE,22555.75,64.45,65,66.65,65,65.95,65.55000000000001,1699,134,1807,-22.68464243845252,17.52,-0.14700248873557606,0.00023723809006380515,-4.583018827009298,12.72473725882116,-1.3204284920059761,0.004489550997381159,76.6345375111177,-2.661422680940334e-07,7.471185652306838e-05,5.44626769623832e-07,-0.550075652909964,-44.27118582196687,0.15661190583987136,0.00025750351541489947,0.06017495278450025,22623.7,0.049987692127564924,0.0123,index_dividend_yield,0.065,14.67,65,22532.4,22621.8,22397.1,22421.95,mid_price,ok
2026-10-05T10:52:02.688988+00:00,2026-10-05T16:22:02.688988+05:30,NIFTY,27-Oct-2026,21700.0,CE,22555.75,981.65,130,999.25,65,975,990.45,28,0,21,5.479526153513279,0,,,,,,,,,,,,,,,0.06017495278450025,22623.7,0.049987692127564924,0.0123,index_dividend_yield,0.065,14.67,65,22532.4,22621.8,22397.1,22421.95,mid_price,no_nse_iv
2026-10-05T10:52:02.688988+00:00,2026-10-05T16:22:02.688988+05:30,NIFTY,27-Oct-2026,21700.0,PE,22555.75,70.1,130,71.5,130,70.6,70.8,8963,625,17124,-23.510292524377032,17.31,-0.15690308369464923,0.0002507395561486331,-4.71083519222989,13.287712519725622,-1.33785918924903,0.004450863926123372,74.52836927204042,-2.7349345256203894e-07,-4.2125354119510686e-05,1.0315675067918014e-06,-0.5502633938994776,-44.10179846519144,0.16678868219736054,0.000270905567066502,0.06017495278450025,22623.7,0.049987692127564924,0.0123,index_dividend_yield,0.065,14.67,65,22532.4,22621.8,22397.1,22421.95,mid_price,ok
2026-10-05T10:52:02.688988+00:00,2026-10-05T16:22:02.688988+05:30,NIFTY,27-Oct-2026,21750.0,CE,22555.75,935.2,260,959.2,260,0.0,947.2,2,0,0,0,0,,,,,,,,,,,,,,,0.06017495278450025,22623.7,0.049987692127564924,0.0123,index_dividend_yield,0.065,14.67,65,22532.4,22621.8,22397.1,22421.95,mid_price,no_nse_iv
2026-10-05T10:52:02.688988+00:00,2026-10-05T16:22:02.688988+05:30,NIFTY,27-Oct-2026,21750.0,PE,22555.75,76.1,325,78.15,65,77.6,77.125,836,46,1688,-21.97083961789844,17.24,-0.16934023796690012,0.000264552354451966,-4.912816069697094,13.963014706028176,-1.3378861726091873,0.0043843035859946755,70.79118839135035,-2.7565338965467724e-07,-0.00019322902540411333,1.6299183069559296e-06,-0.5496636153227801,-43.42807620753878,0.1796573931404819,0.0002845166281533441,0.06017495278450025,22623.7,0.049987692127564924,0.0123,index_dividend_yield,0.065,14.67,65,22532.4,22621.8,22397.1,22421.95,mid_price,ok
2026-10-05T10:52:02.688988+00:00,2026-10-05T16:22:02.688988+05:30,NIFTY,27-Oct-2026,21800.0,CE,22555.75,900.15,130,912.4,130,905,906.275,313,5,229,7.84722636000715,11.02,0.9172875287770976,0.00024829682849608045,-4.937928574193162,8.376894960656438,-1.8744982351374673,0.003925215975236429,144.32917152753964,-5.745893283307795e-07,0.0020252277152639983,-3.2289612878023195e-06,-0.49023170463514276,24.422480279962116,-0.9102263048427438,0.000265810865702996,0.06017495278450025,22623.7,0.049987692127564924,0.0123,index_dividend_yield,0.065,14.67,65,22532.4,22621.8,22397.1,22421.95,mid_price,ok
2026-10-05T10:52:02.688988+00:00,2026-10-05T16:22:02.688988+05:30,NIFTY,27-Oct-2026,21800.0,PE,22555.75,82.6,65,83.7,585,82.7,83.15,11778,56,19011,-23.53213129912159,17,-0.18019237114177905,0.0002790752375629722,-5.0174330266394715,14.524477810366227,-1.3471500634545523,0.004299435679199437,68.13922857515031,-2.821668209991065e-07,-0.0003323444571530368,2.177950083446069e-06,-0.547914690634741,-43.334354066749846,0.19074151899038663,0.000298760281966525,0.06017495278450025,22623.7,0.049987692127564924,0.0123,index_dividend_yield,0.065,14.67,65,22532.4,22621.8,22397.1,22421.95,mid_price,ok
2026-10-05T10:52:02.688988+00:00,2026-10-05T16:22:02.688988+05:30,NIFTY,27-Oct-2026,21850.0,CE,22555.75,849.55,260,872.85,260,0.0,861.2,1,0,0,0,0,,,,,,,,,,,,,,,0.06017495278450025,22623.7,0.049987692127564924,0.0123,index_dividend_yield,0.065,14.67,65,22532.4,22621.8,22397.1,22421.95,mid_price,no_nse_iv
2026-10-05T10:52:02.688988+00:00,2026-10-05T16:22:02.688988+05:30,NIFTY,27-Oct-2026,21850.0,PE,22555.75,88.75,65,91.25,65,90.25,90.0,682,20,1345,-22.7972626176219,16.9,-0.1936434615239482,0.00029351311558558377,-5.193585637207517,15.186039317078858,-1.3358853062903908,0.00417799295861368,63.86640652606257,-2.8270722367536643e-07,-0.000502333312483533,2.8250759298701126e-06,-0.5452363364279407,-42.7436013241834,0.20457477997990914,0.0003127801434809523,0.06017495278450025,22623.7,0.049987692127564924,0.0123,index_dividend_yield,0.065,14.67,65,22532.4,22621.8,22397.1,22421.95,mid_price,ok
2026-10-05T10:52:02.688988+00:00,2026-10-05T16:22:02.688988+05:30,NIFTY,27-Oct-2026,21900.0,CE,22555.75,811.7,65,825.6,65,823.05,818.6500000000001,886,549,1457,8.797091870456047,11.95,0.8699695441922998,0.00031865827643565625,-5.867878970807359,11.657982820832693,-1.9394138153152607,0.0042682061335347354,121.18852973472104,-5.539768114789056e-07,0.0006462093479402218,2.362654114072913e-08,-0.5298453255040556,25.554624852445055,-0.8609560857188706,0.0003380270986976882,0.06017495278450025,22623.7,0.049987692127564924,0.0123,index_dividend_yield,0.065,14.67,65,22532.4,22621.8,22397.1,22421.95,mid_price,ok
2026-10-05T10:52:02.688988+00:00,2026-10-05T16:22:02.688988+05:30,NIFTY,27-Oct-2026,21900.0,PE,22555.75,97,65,98.35,65,97.35,97.675,10211,1089,15287,-22.707423580786028,16.73,-0.20689927841301656,0.0003085273692053086,-5.324933231979119,15.802286807855278,-1.3241305342663738,0.004032204403034534,59.836450318946355,-2.842580591030384e-07,-0.0006758709339141833,3.470552809367393e-06,-0.5417196864702856,-42.38056797416607,0.2181225642841214,0.0003272804103751544,0.06017495278450025,22623.7,0.049987692127564924,0.0123,index_dividend_yield,0.065,14.67,65,22532.4,22621.8,22397.1,22421.95,mid_price,ok
2026-10-05T10:52:02.688988+00:00,2026-10-05T16:22:02.688988+05:30,NIFTY,27-Oct-2026,21950.0,CE,22555.75,741.35,650,791.45,260,799.4,766.4000000000001,119,1,33,10.605326876513317,13.57,0.8231295961455164,0.0003446280065139155,-6.970454142320259,14.317286594566674,-1.7093508735664953,0.004186746733790936,87.93467408435251,-4.3856571118828245e-07,-0.0004228752969509444,2.7068110473479315e-06,-0.5393808886866154,24.84793876171847,-0.8118044822170655,0.00036391173755718375,0.06017495278450025,22623.7,0.049987692127564924,0.0123,index_dividend_yield,0.065,14.67,65,22532.4,22621.8,22397.1,22421.95,mid_price,ok
2026-10-05T10:52:02.688988+00:00,2026-10-05T16:22:02.688988+05:30,NIFTY,27-Oct-2026,21950.0,PE,22555.75,103.75,65,106.6,65,105.85,105.175,879,132,2175,-21.242559523809526,16.61,-0.2215770386918843,0.0003233946517771082,-5.47530810827275,16.444958004372577,-1.298346090756991,0.00384963375742961,55.053114305806616,-2.822898906646545e-07,-0.0008643362537547907,4.157221277556846e-06,-0.5373548978594407,-41.83719203719693,0.23313418960269056,0.0003414902660853706,0.06017495278450025,22623.7,0.049987692127564924,0.0123,index_dividend_yield,0.065,14.67,65,22532.4,22621.8,22397.1,22421.95,mid_price,ok
2026-10-05T10:52:02.688988+00:00,2026-10-05T16:22:02.688988+05:30,NIFTY,27-Oct-2026,22000.0,CE,22555.75,735.05,260,743,65,735.05,739.025,18422,-217,8214,8.222909305064782,11.82,0.8368897400080947,0.00037552176571254076,-6.26053475399414,13.58885591616229,-1.9848687503203344,0.0041469476680868755,108.1020103593815,-5.761478470629362e-07,-0.0001894471613245912,2.3619798750925108e-06,-0.5331841502605883,27.686922816910933,-0.8270402473143526,0.00039473378360913855,0.06017495278450025,22623.7,0.049987692127564924,0.0123,index_dividend_yield,0.065,14.67,65,22532.4,22621.8,22397.1,22421.95,mid_price,ok
2026-10-05T10:52:02.688988+00:00,2026-10-05T16:22:02.688988+05:30,NIFTY,27-Oct-2026,22000.0,PE,22555.75,113.4,65,114.65,325,114,114.025,70787,2384,80672,-22.237380627557982,16.44,-0.2363850665056548,0.00033881330376999644,-5.589245560406176,17.052677196931384,-1.2693331270133001,0.0036400897279934286,50.3874409699403,-2.8044112688779656e-07,-0.001059771425147019,4.848061029008024e-06,-0.5324348112048831,-41.44715077370624,0.24820383717494285,0.0003561472850461108,0.06017495278450025,22623.7,0.049987692127564924,0.0123,index_dividend_yield,0.065,14.67,65,22532.4,22621.8,22397.1,22421.95,mid_price,ok
2026-10-05T10:52:02.688988+00:00,2026-10-05T16:22:02.688988+05:30,NIFTY,27-Oct-2026,22050.0,CE,22555.75,689.35,260,710.3,260,707,699.825,136,-2,30,10.356669008038711,12.82,0.7983001245616499,0.0003957000987137932,-7.0154379214996485,15.530465984325422,-1.765193327170178,0.00389074161209868,81.81806257011814,-4.802155185851315e-07,-0.0010018586502231206,4.45877107472961e-06,-0.5321012686019451,27.446936936400235,-0.786858011103818,0.00041406022687490114,0.06017495278450025,22623.7,0.049987692127564924,0.0123,index_dividend_yield,0.065,14.67,65,22532.4,22621.8,22397.1,22421.95,mid_price,ok
2026-10-05T10:52:02.688988+00:00,2026-10-05T16:22:02.688988+05:30,NIFTY,27-Oct-2026,22050.0,PE,22555.75,121.45,65,125.25,65,124.05,123.35,1167,131,1867,-21.4873417721519,16.34,-0.25286366736383176,0.00035348145938642885,-5.729144082028924,17.682716922468668,-1.2221025038705313,0.0033871641350484705,44.963044736309854,-2.737962002972543e-07,-0.00126447171331097,5.562590860560754e-06,-0.5268793481095457,-40.81761318604056,0.2650005322973021,0.0003698826807103701,0.06017495278450025,22623.7,0.049987692127564924,0.0123,index_dividend_yield,0.065,14.67,65,22532.4,22621.8,22397.1,22421.95,mid_price,ok
2026-10-05T10:52:02.688988+00:00,2026-10-05T16:22:02.688988+05:30,NIFTY,27-Oct-2026,22100.0,CE,22555.75,657,65,664.4,65,657,660.7,817,226,1005,8.666887198147535,12.16,0.7891608326727532,0.000428336571670094,-6.876150664961465,15.945899926404026,-1.838479628343881,0.003721791837605237,81.94690431758822,-5.260376076773679e-07,-0.0013211706805257124,5.3418985950563986e-06,-0.5271608649082058,29.34756921033096,-0.7779903495191421,0.00044618519293011653,0.06017495278450025,22623.7,0.049987692127564924,0.0123,index_dividend_yield,0.065,14.67,65,22532.4,22621.8,22397.1,22421.95,mid_price,ok
2026-10-05T10:52:02.688988+00:00,2026-10-05T16:22:02.688988+05:30,NIFTY,27-Oct-2026,22100.0,PE,22555.75,133.3,65,134,65,133.95,133.65,7796,1599,15067,-20.903454384410985,16.19,-0.2695141411078358,0.0003686366617075915,-5.829608444595813,18.271562013255924,-1.1707359151238717,0.003106164654633259,39.753891595239566,-2.6698863744348963e-07,-0.0014749042120873728,6.271637501025623e-06,-0.5211179597494358,-40.337892293522415,0.28189130690090397,0.00038399761053277274,0.06017495278450025,22623.7,0.049987692127564924,0.0123,index_dividend_yield,0.065,14.67,65,22532.4,22621.8,22397.1,22421.95,mid_price,ok
2026-10-05T10:52:02.688988+00:00,2026-10-05T16:22:02.688988+05:30,NIFTY,27-Oct-2026,22150.0,CE,22555.75,609.95,325,629.4,325,618.3,619.675,242,57,141,7.9340141398271795,12.22,0.7656179199534582,0.0004528891897390041,-7.105316242874316,16.94312298383881,-1.745045380716459,0.0034062118908279033,70.13512766373076,-5.008050311588647e-07,-0.0018313868745906754,6.694969560685604e-06,-0.5209901800007621,30.33860339649848,-0.7539446840310253,0.0004696334670098412,0.06017495278450025,22623.7,0.049987692127564924,0.0123,index_dividend_yield,0.065,14.67,65,22532.4,22621.8,22397.1,22421.95,mid_price,ok
2026-10-05T10:52:02.688988+00:00,2026-10-05T16:22:02.688988+05:30,NIFTY,27-Oct-2026,22150.0,PE,22555.75,144.65,455,146.55,65,145.35,145.60000000000002,1160,208,3129,-20.72538860103627,16.08,-0.28741964289845257,0.0003829689218882258,-5.936144720099134,18.852974475126654,-1.103746449021864,0.002784298383855688,34.22008227152418,-2.562565477314429e-07,-0.0016865484057940671,6.97328328501715e-06,-0.5151791367925043,-39.722169148421585,0.30005297310277085,0.0003971280980388102,0.06017495278450025,22623.7,0.049987692127564924,0.0123,index_dividend_yield,0.065,14.67,65,22532.4,22621.8,22397.1,22421.95,mid_price,ok
2026-10-05T10:52:02.688988+00:00,2026-10-05T16:22:02.688988+05:30,NIFTY,27-Oct-2026,22200.0,CE,22555.75,575.45,65,586.35,65,591.75,580.9000000000001,3405,1739,5824,10.9392575928009,12.92,0.7310109109556481,0.00046084784954024204,-7.64501126439886,18.22847688501855,-1.4938380154425057,0.0029183037397971785,51.043205151986015,-4.139214474391204e-07,-0.002276506411749398,8.008914640145518e-06,-0.5132289453584953,30.268581289905462,-0.7181873696593434,0.00047573615821808494,0.06017495278450025,22623.7,0.049987692127564924,0.0123,index_dividend_yield,0.065,14.67,65,22532.4,22621.8,22397.1,22421.95,mid_price,ok
2026-10-05T10:52:02.688988+00:00,2026-10-05T16:22:02.688988+05:30,NIFTY,27-Oct-2026,22200.0,PE,22555.75,157.35,65,158.45,65,158.2,157.89999999999998,26258,9107,44483,-20.482533299824077,16,-0.30638721731147306,0.00039629828461995234,-6.041206946033183,19.41209813150623,-1.0223347166407604,0.00242354948162804,28.593642011694342,-2.4196869607957813e-07,-0.0018931669945154283,7.647385242038956e-06,-0.5093420407753548,-39.00934692515459,0.3192770653709997,0.00040910123291581124,0.06017495278450025,22623.7,0.049987692127564924,0.0123,index_dividend_yield,0.065,14.67,65,22532.4,22621.8,22397.1,22421.95,mid_price,ok
2026-10-05T10:52:02.688988+00:00,2026-10-05T16:22:02.688988+05:30,NIFTY,27-Oct-2026,22250.0,CE,22555.75,535.25,65,552.2,65,550.15,543.725,1071,51,863,9.931062044160257,12.65,0.7108896644746744,0.0004875687657865452,-7.662946588681704,18.882378760994005,-1.4204115026281716,0.002527262109249584,43.81960990647471,-4.051262494577305e-07,-0.0027228908267939553,9.124188588270166e-06,-0.5064500917600085,31.794671841189,-0.6979923949309055,0.0005010607574090194,0.06017495278450025,22623.7,0.049987692127564924,0.0123,index_dividend_yield,0.065,14.67,65,22532.4,22621.8,22397.1,22421.95,mid_price,ok
2026-10-05T10:52:02.688988+00:00,2026-10-05T16:22:02.688988+05:30,NIFTY,27-Oct-2026,22250.0,PE,22555.75,169.4,455,171.5,65,169.4,170.45,5217,1219,7272,-20,15.8,-0.3249147367947732,0.0004114724189486504,-6.0669881305098174,19.90343888421246,-0.9438883888145955,0.0020447207756216224,23.676450236409963,-2.297351154983148e-07,-0.0021148393674333605,8.317321509726592e-06,-0.5040057564437959,-38.64300311783352,0.3379032300769507,0.00042285867421949113,0.06017495278450025,22623.7,0.049987692127564924,0.0123,index_dividend_yield,0.065,14.67,65,22532.4,22621.8,22397.1,22421.95,mid_price,ok
2026-10-05T10:52:02.688988+00:00,2026-10-05T16:22:02.688988+05:30,NIFTY,27-Oct-2026,22300.0,CE,22555.75,504.6,65,514.1,65,511.65,509.35,13489,-17075,54306,8.931232701724506,12.5,0.6876511521140611,0.0005110220125604648,-7.721097017728324,19.555995288484183,-1.3006619293902122,0.0020607390925798663,35.311781633556194,-3.803305653831127e-07,-0.0031655567261848613,1.0207923095375345e-05,-0.49985857911517684,33.20482893453805,-0.6745906752689494,0.0005228106509704604,0.06017495278450025,22623.7,0.049987692127564924,0.0123,index_dividend_yield,0.065,14.67,65,22532.4,22621.8,22397.1,22421.95,mid_price,ok
2026-10-05T10:52:02.688988+00:00,2026-10-05T16:22:02.688988+05:30,NIFTY,27-Oct-2026,22300.0,PE,22555.75,184.15,390,186.4,65,184.7,185.275,38623,-1617,98473,-18.526687251874723,15.76,-0.34567797461310346,0.0004226294692402288,-6.153340617815843,20.391364719014724,-0.8363969063756027,0.001613340188513279,18.341764836257823,-2.0904878590398434e-07,-0.002301580121082266,8.899387939706655e-06,-0.49917146544111546,-37.801391253841565,0.3588918794932281,0.0004323790022775985,0.06017495278450025,22623.7,0.049987692127564924,0.0123,index_dividend_yield,0.065,14.67,65,22532.4,22621.8,22397.1,22421.95,mid_price,ok
2026-10-05T10:52:02.688988+00:00,2026-10-05T16:22:02.688988+05:30,NIFTY,27-Oct-2026,22350.0,CE,22555.75,469.2,65,480.3,65,476.05,474.75,771,-42,1068,9.148228820359968,12.45,0.661959030640154,0.000530033143668103,-7.804436122188322,20.202386793369477,-1.1397581244219634,0.001526998077206465,26.435027256516364,-3.414664176251015e-07,-0.003563906928697716,1.1171675200101808e-05,-0.49413813352416014,34.47980835762854,-0.6486777121303021,0.0005398368381950606,0.06017495278450025,22623.7,0.049987692127564924,0.0123,index_dividend_yield,0.065,14.67,65,22532.4,22621.8,22397.1,22421.95,mid_price,ok
2026-10-05T10:52:02.688988+00:00,2026-10-05T16:22:02.688988+05:30,NIFTY,27-Oct-2026,22350.0,PE,22555.75,198.05,390,200.7,65,199.95,199.375,1991,507,4635,-19.114077669902912,15.67,-0.3666145782034674,0.00043394599787042847,-6.192541552921207,20.817807425091907,-0.7243584970379191,0.0011588619128488076,13.631920097788353,-1.8780690267007124e-07,-0.0024852066356051525,9.436742021796528e-06,-0.4952746237259796,-37.102370554553474,0.3799616921228943,0.00044197242801944834,0.06017495278450025,22623.7,0.049987692127564924,0.0123,index_dividend_yield,0.065,14.67,65,22532.4,22621.8,22397.1,22421.95,mid_price,ok
2026-10-05T10:52:02.688988+00:00,2026-10-05T16:22:02.688988+05:30,NIFTY,27-Oct-2026,22400.0,CE,22555.75,440,65,446.4,130,447.2,443.2,11026,-285,24460,10.720475365189403,12.68,0.6327050912061438,0.000536243506963677,-7.997066834561535,20.81668656404651,-0.917367720966733,0.0009233751375080645,17.272601244343377,-2.801141401856948e-07,-0.003784298020284235,1.1791655710836901e-05,-0.4901921842945107,35.14493606908667,-0.618976455072352,0.0005437265684326998,0.06017495278450025,22623.7,0.049987692127564924,0.0123,index_dividend_yield,0.065,14.67,65,22532.4,22621.8,22397.1,22421.95,mid_price,ok
2026-10-05T10:52:02.688988+00:00,2026-10-05T16:22:02.688988+05:30,NIFTY,27-Oct-2026,22400.0,PE,22555.75,214.15,390,216.2,65,216.1,215.175,17811,2777,47131,-19.01817500468428,15.57,-0.38809291893046705,0.0004445052945953097,-6.203412851821806,21.18828733638567,-0.6034539768083602,0.0006785903315468245,9.46770550246967,-1.6448963060931306e-07,-0.002656359255683412,9.909476803110723e-06,-0.4925092778050626,-36.42666341133458,0.4015195458574555,0.00045070818637780747,0.06017495278450025,22623.7,0.049987692127564924,0.0123,index_dividend_yield,0.065,14.67,65,22532.4,22621.8,22397.1,22421.95,mid_price,ok
2026-10-05T10:52:02.688988+00:00,2026-10-05T16:22:02.688988+05:30,NIFTY,27-Oct-2026,22450.0,CE,22555.75,405,65,413.3,65,415.35,409.15,1344,638,4664,11.070998796630565,12.68,0.6054284900658164,0.0005480740988410735,-8.046192706559818,21.275943822700082,-0.7202192554887632,0.00031468931720102233,10.7038991533841,-2.3091983812083613e-07,-0.004046841973983002,1.2386476383652223e-05,-0.48802497537895917,36.33816121569588,-0.591540904938046,0.0005532496304726959,0.06017495278450025,22623.7,0.049987692127564924,0.0123,index_dividend_yield,0.065,14.67,65,22532.4,22621.8,22397.1,22421.95,mid_price,ok
2026-10-05T10:52:02.688988+00:00,2026-10-05T16:22:02.688988+05:30,NIFTY,27-Oct-2026,22450.0,PE,22555.75,231.05,390,232.8,65,231.8,231.925,1846,634,6864,-18.894331700489854,15.41,-0.4098658165166449,0.00045563875047527195,-6.160143354171742,21.495799066780968,-0.47728046698367055,0.00017685868424976992,5.997782259479223,-1.4019800407973437e-07,-0.0028297515200224107,1.0340342466881743e-05,-0.4910462266528696,-35.90053212453491,0.42326696012232723,0.0004599414036578691,0.06017495278450025,22623.7,0.049987692127564924,0.0123,index_dividend_yield,0.065,14.67,65,22532.4,22621.8,22397.1,22421.95,mid_price,ok
2026-10-05T10:52:02.688988+00:00,2026-10-05T16:22:02.688988+05:30,NIFTY,27-Oct-2026,22500.0,CE,22555.75,377.5,65,380.95,65,377.6,379.225,41098,7093,117012,9.544531476646359,12.34,0.5794757291463422,0.000572108658568593,-7.898259345406614,21.61344440323647,-0.542539722052926,-0.0003195034376242134,6.0536990370643196,-1.91421238061834e-07,-0.004476249373935078,1.3147497943627225e-05,-0.48754307589050333,38.49180813483388,-0.5658197185968368,0.0005749472872039541,0.06017495278450025,22623.7,0.049987692127564924,0.0123,index_dividend_yield,0.065,14.67,65,22532.4,22621.8,22397.1,22421.95,mid_price,ok
2026-10-05T10:52:02.688988+00:00,2026-10-05T16:22:02.688988+05:30,NIFTY,27-Oct-2026,22500.0,PE,22555.75,249.6,65,251.2,65,251.35,250.39999999999998,67270,12459,161492,-17.899722358321085,15.38,-0.4327697293069626,0.00046184999318020715,-6.1548612168418835,21.746410406659756,-0.3342272294901971,-0.0003484069271334489,3.116410046144935,-1.1079697331910483e-07,-0.00293685945596656,1.059894407757345e-05,-0.4912361943594447,-35.03752178053598,0.4462242489213929,0.00046414155195361015,0.06017495278450025,22623.7,0.049987692127564924,0.0123,index_dividend_yield,0.065,14.67,65,22532.4,22621.8,22397.1,22421.95,mid_price,ok
2026-10-05T10:52:02.688988+00:00,2026-10-05T16:22:02.688988+05:30,NIFTY,27-Oct-2026,22550.0,CE,22555.75,348.05,65,349,65,349,348.525,1838,26,7941,9.455856986043594,12.38,0.5505191448308688,0.0005772247040811036,-7.902783709023949,21.877407556073177,-0.31184928576499793,-0.0009825210191207745,2.2087953470357746,-1.3134147460631673e-07,-0.004604574819126934,1.3351139588041417e-05,-0.4902377834467302,39.688479418882956,-0.536784977937959,0.0005775191134121839,0.06017495278450025,22623.7,0.049987692127564924,0.0123,index_dividend_yield,0.065,14.67,65,22532.4,22621.8,22397.1,22421.95,mid_price,ok
2026-10-05T10:52:02.688988+00:00,2026-10-05T16:22:02.688988+05:30,NIFTY,27-Oct-2026,22550.0,PE,22555.75,268.95,455,271.8,65,270,270.375,2092,812,11136,-17.304747320061256,15.25,-0.45575177432850916,0.0004695828380131541,-6.073612433995519,21.923624895346528,-0.18937435617871756,-0.0008872808533028631,1.1556932874636772,-8.129220610496229e-08,-0.003054607553113994,1.0823174815265699e-05,-0.49305742126538027,-34.42190569892383,0.4691115289118318,0.00046982234538047357,0.06017495278450025,22623.7,0.049987692127564924,0.0123,index_dividend_yield,0.065,14.67,65,22532.4,22621.8,22397.1,22421.95,mid_price,ok
2026-10-05T10:52:02.688988+00:00,2026-10-05T16:22:02.688988+05:30,NIFTY,27-Oct-2026,22600.0,CE,22555.75,319.2,390,320.4,65,322.2,319.79999999999995,20199,5827,70013,10.040983606557377,12.43,0.5215337548912377,0.0005787568206703288,-7.879243920814072,22.024068736548596,-0.07840433586780993,-0.001645676710162025,0.23849153920707522,-7.062361790597698e-08,-0.0046501619396891744,1.3331891746455105e-05,-0.49560363207315555,40.86626252596896,-0.5077756341318794,0.0005764926686713557,0.06017495278450025,22623.7,0.049987692127564924,0.0123,index_dividend_yield,0.065,14.67,65,22532.4,22621.8,22397.1,22421.95,mid_price,ok
2026-10-05T10:52:02.688988+00:00,2026-10-05T16:22:02.688988+05:30,NIFTY,27-Oct-2026,22600.0,PE,22555.75,291.15,65,292.25,65,292.95,291.7,20269,6047,74218,-16.645326504481435,15.28,-0.47928456055357654,0.00047090577753198967,-6.044075603655842,22.02863951361704,-0.03537604064809963,-0.0014269144239115736,0.0999435033417484,-4.869841728499209e-08,-0.0030798392847139542,1.0824540393612227e-05,-0.4967806228499221,-33.433621804708395,0.49265347666765275,0.0004690635491219777,0.06017495278450025,22623.7,0.049987692127564924,0.0123,index_dividend_yield,0.065,14.67,65,22532.4,22621.8,22397.1,22421.95,mid_price,ok
2026-10-05T10:52:02.688988+00:00,2026-10-05T16:22:02.688988+05:30,NIFTY,27-Oct-2026,22650.0,CE,22555.75,293.6,65,294.1,65,293.55,293.85,2131,447,5334,9.799887787544417,12.33,0.49249748122027764,0.0005842394418795205,-7.747687707698658,22.05384166714296,0.155623009493705,-0.0023233517017804406,0.15408942600991793,-1.0086471794942108e-08,-0.004734586013676819,1.326245380771894e-05,-0.5036563043889899,42.56486488833672,-0.47892575626243666,0.0005793873446174831,0.06017495278450025,22623.7,0.049987692127564924,0.0123,index_dividend_yield,0.065,14.67,65,22532.4,22621.8,22397.1,22421.95,mid_price,ok
2026-10-05T10:52:02.688988+00:00,2026-10-05T16:22:02.688988+05:30,NIFTY,27-Oct-2026,22650.0,PE,22555.75,314,65,316.85,65,314,315.425,3531,275,4872,-16.677723232055193,15.16,-0.5029222744944294,0.00047523613904949027,-5.912554997551458,22.05662010495176,0.1195061518027285,-0.001977448290513495,0.05461615871382719,-1.605456435826187e-08,-0.003133762440691879,1.0818709938100446e-05,-0.5022982603993924,-32.79332681500145,0.5161018409965189,0.0004712893121086644,0.06017495278450025,22623.7,0.049987692127564924,0.0123,index_dividend_yield,0.065,14.67,65,22532.4,22621.8,22397.1,22421.95,mid_price,ok
2026-10-05T10:52:02.688988+00:00,2026-10-05T16:22:02.688988+05:30,NIFTY,27-Oct-2026,22700.0,CE,22555.75,267.55,130,270.25,130,267.35,268.9,26247,3883,48120,9.011213047910296,12.28,0.46328820542812577,0.0005842724968070797,-7.6071381275601935,21.965652726152157,0.39252856429053407,-0.002985097803712144,1.9828560591168554,5.222955476835883e-08,-0.004705483303614499,1.2921163439307492e-05,-0.514491298560479,44.15545322475371,-0.44991864828176825,0.0005768704245966077,0.06017495278450025,22623.7,0.049987692127564924,0.0123,index_dividend_yield,0.065,14.67,65,22532.4,22621.8,22397.1,22421.95,mid_price,ok
2026-10-05T10:52:02.688988+00:00,2026-10-05T16:22:02.688988+05:30,NIFTY,27-Oct-2026,22700.0,PE,22555.75,336,195,338.4,65,338.25,337.2,25798,-134,37168,-15.384615384615385,15.13,-0.5266220747956978,0.0004751027054091998,-5.798564085307143,22.00679178393737,0.2757037795738104,-0.0025151295373632143,1.033738949406171,1.7424672866182205e-08,-0.0031179542014283653,1.0632690219355848e-05,-0.5096326833035398,-31.961094930297854,0.5396478559818871,0.00046908369107590876,0.06017495278450025,22623.7,0.049987692127564924,0.0123,index_dividend_yield,0.065,14.67,65,22532.4,22621.8,22397.1,22421.95,mid_price,ok
2026-10-05T10:52:02.688988+00:00,2026-10-05T16:22:02.688988+05:30,NIFTY,27-Oct-2026,22750.0,CE,22555.75,242.3,130,245,65,244.55,243.65,4349,2152,6674,10.456187895212285,12.31,0.4346006560856775,0.0005774778248626243,-7.475754064913172,21.7632458363894,0.620076789693641,-0.00360441811350104,5.622152466486341,1.1212771500234612e-07,-0.004542231477855233,1.2298416200304577e-05,-0.5275431541747544,45.48105127280847,-0.42141578331180707,0.0005676583816775746,0.06017495278450025,22623.7,0.049987692127564924,0.0123,index_dividend_yield,0.065,14.67,65,22532.4,22621.8,22397.1,22421.95,mid_price,ok
2026-10-05T10:52:02.688988+00:00,2026-10-05T16:22:02.688988+05:30,NIFTY,27-Oct-2026,22750.0,PE,22555.75,360.3,130,366.6,130,364.75,363.45000000000005,4056,1971,6185,-16.87556973564266,15.15,-0.5500535327825232,0.0004717567023659107,-5.683797216289677,21.88069007965999,0.42807079545242877,-0.0030318993080358236,3.0040655435108476,5.01931561611731e-08,-0.003049265289530338,1.0302435754337355e-05,-0.5185477831839265,-31.04394965151392,0.5629241749841005,0.0004637349430245015,0.06017495278450025,22623.7,0.049987692127564924,0.0123,index_dividend_yield,0.065,14.67,65,22532.4,22621.8,22397.1,22421.95,mid_price,ok
2026-10-05T10:52:02.688988+00:00,2026-10-05T16:22:02.688988+05:30,NIFTY,27-Oct-2026,22800.0,CE,22555.75,222,65,222.95,130,222.5,222.475,32053,3056,44803,10.066782092505566,12.32,0.40628325516585484,0.0005687004410900566,-7.304185360035373,21.449865625718484,0.8388278902229374,-0.0041918242377274595,10.970000707601457,1.6998244405773301e-07,-0.004325484002857985,1.1510397620725138e-05,-0.5426011495679077,46.90267767610349,-0.3933613916561946,0.0005565810501114585,0.06017495278450025,22623.7,0.049987692127564924,0.0123,index_dividend_yield,0.065,14.67,65,22532.4,22621.8,22397.1,22421.95,mid_price,ok
2026-10-05T10:52:02.688988+00:00,2026-10-05T16:22:02.688988+05:30,NIFTY,27-Oct-2026,22800.0,PE,22555.75,387.25,130,392.3,130,387.8,389.775,22865,-4060,27815,-14.731750219876869,14.97,-0.574363106363861,0.00047280223209438535,-5.438284650251109,21.66863835992036,0.5894189858750565,-0.003568560665551223,6.150383896359912,8.607635604404409e-08,-0.0030242582842066206,9.97390307834234e-06,-0.5296132371964433,-30.52035309812153,0.5868275318114873,0.00046272649679985554,0.06017495278450025,22623.7,0.049987692127564924,0.0123,index_dividend_yield,0.065,14.67,65,22532.4,22621.8,22397.1,22421.95,mid_price,ok
2026-10-05T10:52:02.688988+00:00,2026-10-05T16:22:02.688988+05:30,NIFTY,27-Oct-2026,22850.0,CE,22555.75,197.75,390,200.6,390,198.7,199.175,2395,245,3399,9.026063100137174,12.18,0.3769676660821451,0.0005633010468553202,-7.02084520618151,21.00478059935294,1.0678618127832051,-0.004783637251190576,18.478430892802322,2.3353222239030856e-07,-0.004129483221727674,1.0619213825478605e-05,-0.5604766106942662,49.01767209701452,-0.364521868718875,0.0005488866831953499,0.06017495278450025,22623.7,0.049987692127564924,0.0123,index_dividend_yield,0.065,14.67,65,22532.4,22621.8,22397.1,22421.95,mid_price,ok
2026-10-05T10:52:02.688988+00:00,2026-10-05T16:22:02.688988+05:30,NIFTY,27-Oct-2026,22850.0,PE,22555.75,409.1,65,422.9,65,419.85,416.0,1363,-8,747,-14.820450395617772,15.14,-0.5963415133647877,0.0004618067037225534,-5.353745335228668,21.40505810446015,0.7210245369720925,-0.004009988385307972,9.775810753353653,1.1376253722190487e-07,-0.0028394430018467446,9.363907853636856e-06,-0.5406802613661199,-29.36684682935136,0.608707274479584,0.0004499894883894195,0.06017495278450025,22623.7,0.049987692127564924,0.0123,index_dividend_yield,0.065,14.67,65,22532.4,22621.8,22397.1,22421.95,mid_price,ok
2026-10-05T10:52:02.688988+00:00,2026-10-05T16:22:02.688988+05:30,NIFTY,27-Oct-2026,22900.0,CE,22555.75,179.25,65,181.45,65,181.25,180.35,19269,-126,27422,10.182370820668693,12.26,0.3505399471801571,0.0005460756214838227,-6.833925367167352,20.49620998637754,1.2486487227951482,-0.005252504813521686,26.473859036080682,2.807884592295944e-07,-0.0037489700730854777,9.478030979064738e-06,-0.5775285905397389,50.1833407695499,-0.3383901884046259,0.0005297809878315518,0.06017495278450025,22623.7,0.049987692127564924,0.0123,index_dividend_yield,0.065,14.67,65,22532.4,22621.8,22397.1,22421.95,mid_price,ok
2026-10-05T10:52:02.688988+00:00,2026-10-05T16:22:02.688988+05:30,NIFTY,27-Oct-2026,22900.0,PE,22555.75,443.3,260,447.75,130,446.2,445.525,10931,-1832,8433,-15.203344735841885,14.99,-0.6202308469440356,0.00045847615260750685,-5.073371858915704,21.04014298028562,0.8728476790315631,-0.004493499941673362,14.841472132136602,1.4836975537618658e-07,-0.00273524377862857,8.79758667050992e-06,-0.5543358106107412,-28.793380821522835,0.6321239984203022,0.0004447954449341955,0.06017495278450025,22623.7,0.049987692127564924,0.0123,index_dividend_yield,0.065,14.67,65,22532.4,22621.8,22397.1,22421.95,mid_price,ok
2026-10-05T10:52:02.688988+00:00,2026-10-05T16:22:02.688988+05:30,NIFTY,27-Oct-2026,22950.0,CE,22555.75,158.55,325,162.45,65,161.4,160.5,1331,69,2901,8.870151770657673,12.17,0.3227793006395972,0.000532757078815358,-6.525577994644707,19.84952461523669,1.4419121388780654,-0.005719943728550948,36.644165521733996,3.355751704250878e-07,-0.0033942411296382174,8.238527440139237e-06,-0.5968489949262157,52.188843102222364,-0.3111558019229248,0.0005146102046488318,0.06017495278450025,22623.7,0.049987692127564924,0.0123,index_dividend_yield,0.065,14.67,65,22532.4,22621.8,22397.1,22421.95,mid_price,ok
2026-10-05T10:52:02.688988+00:00,2026-10-05T16:22:02.688988+05:30,NIFTY,27-Oct-2026,22950.0,PE,22555.75,473.2,65,484.9,65,474.7,479.04999999999995,685,-3,284,-13.002840648767524,14.89,-0.6435770500107254,0.00045197172488096375,-4.796000665670732,20.6032753718182,1.0149577046886793,-0.004935004869271009,20.740998724679827,1.810933191151444e-07,-0.0025804985727547964,8.103517428694048e-06,-0.5687566738475418,-28.13444131122369,0.6550033635713927,0.0004365765769901457,0.06017495278450025,22623.7,0.049987692127564924,0.0123,index_dividend_yield,0.065,14.67,65,22532.4,22621.8,22397.1,22421.95,mid_price,ok
2026-10-05T10:52:02.688988+00:00,2026-10-05T16:22:02.688988+05:30,NIFTY,27-Oct-2026,23000.0,CE,22555.75,143.4,65,145,260,143.35,144.2,84110,-13034,148089,7.418508804795803,12.1,0.29595916186264193,0.0005159249635915353,-6.2062980408730875,19.111827436242205,1.613246565123072,-0.006114998030384733,47.79595937185377,3.849478802592312e-07,-0.002973671918611706,6.864438919872974e-06,-0.615898561881238,54.16656804840076,-0.2848843107786169,0.0004961870379917906,0.06017495278450025,22623.7,0.049987692127564924,0.0123,index_dividend_yield,0.065,14.67,65,22532.4,22621.8,22397.1,22421.95,mid_price,ok
2026-10-05T10:52:02.688988+00:00,2026-10-05T16:22:02.688988+05:30,NIFTY,27-Oct-2026,23000.0,PE,22555.75,508.45,65,509.45,130,509,508.95,66743,-11977,73114,-13.398553806890686,15.01,-0.6641535547492201,0.00043851890295332473,-4.624415507672619,20.151125794686557,1.1209986507618175,-0.005281994625395248,26.37280495765104,2.0342001792103622e-07,-0.0023476680557188,7.306279948101919e-06,-0.5818082352713105,-27.15472167156938,0.6753109946536898,0.00042174232866174405,0.06017495278450025,22623.7,0.049987692127564924,0.0123,index_dividend_yield,0.065,14.67,65,22532.4,22621.8,22397.1,22421.95,mid_price,ok
2026-10-05T10:52:02.688988+00:00,2026-10-05T16:22:02.688988+05:30,NIFTY,27-Oct-2026,23050.0,CE,22555.75,125.6,65,129.1,65,127.5,127.35,2198,-33,2675,6.427378964941569,12.07,0.2706738304310833,0.0004955304932599168,-5.8933347054204415,18.31082692524272,1.7542129983356969,-0.006425717908360162,59.227794242737275,4.255629930872768e-07,-0.002502668367945608,5.417987666516679e-06,-0.6334792630709032,55.98119256116433,-0.2601384937024327,0.0004745074876883553,0.06017495278450025,22623.7,0.049987692127564924,0.0123,index_dividend_yield,0.065,14.67,65,22532.4,22621.8,22397.1,22421.95,mid_price,ok
2026-10-05T10:52:02.688988+00:00,2026-10-05T16:22:02.688988+05:30,NIFTY,27-Oct-2026,23050.0,PE,22555.75,537.45,65,550.8,65,539.85,544.125,847,21,365,-13.311922922521076,14.92,-0.6864665311285928,0.0004288367220443889,-4.313421700900854,19.588045031131003,1.243120218231586,-0.005643054770028466,33.518711898491205,2.322348453846363e-07,-0.002140473874600641,6.460406541789236e-06,-0.5967975412000293,-26.504473032080526,0.6970916252864545,0.0004106432164590514,0.06017495278450025,22623.7,0.049987692127564924,0.0123,index_dividend_yield,0.065,14.67,65,22532.4,22621.8,22397.1,22421.95,mid_price,ok
2026-10-05T10:52:02.688988+00:00,2026-10-05T16:22:02.688988+05:30,NIFTY,27-Oct-2026,23100.0,CE,22555.75,111.75,65,113.75,65,111.7,112.75,22124,807,23382,4.539073467477772,11.97,0.24513265644512205,0.0004746267768500997,-5.520916502464892,17.393087803070067,1.8873927718775356,-0.0066814108670686925,71.98924921842931,4.672850100510209e-07,-0.0020006437952769843,3.857480729381013e-06,-0.6505091045596174,58.267542988761754,-0.23524928347827306,0.000452525254167786,0.06017495278450025,22623.7,0.049987692127564924,0.0123,index_dividend_yield,0.065,14.67,65,22532.4,22621.8,22397.1,22421.95,mid_price,ok
2026-10-05T10:52:02.688988+00:00,2026-10-05T16:22:02.688988+05:30,NIFTY,27-Oct-2026,23100.0,PE,22555.75,572.2,65,578.55,130,574.25,575.375,25085,-556,5781,-12.774360142781195,14.94,-0.7068463690686682,0.0004155324166399565,-4.0515752666126374,19.005784916878174,1.3389916863660312,-0.005932137654005465,40.432293466791336,2.538586183911344e-07,-0.0018973830343086426,5.573522130308481e-06,-0.6104335930555678,-25.717870021262357,0.7170297243056587,0.0003961826884333974,0.06017495278450025,22623.7,0.049987692127564924,0.0123,index_dividend_yield,0.065,14.67,65,22532.4,22621.8,22397.1,22421.95,mid_price,ok
2026-10-05T10:52:02.688988+00:00,2026-10-05T16:22:02.688988+05:30,NIFTY,27-Oct-2026,23150.0,CE,22555.75,98.55,65,101.7,65,100,100.125,1933,59,3921,4.112441436751692,12.03,0.2237626472391375,0.0004490200159761621,-5.242501297288692,16.53718676776351,1.9590474341605046,-0.006820677556832938,82.27584162518475,4.864566757487564e-07,-0.0014984550919102063,2.44954836480909e-06,-0.662660374462753,59.605317709501236,-0.21436105501549213,0.00042626360646415415,0.06017495278450025,22623.7,0.049987692127564924,0.0123,index_dividend_yield,0.065,14.67,65,22532.4,22621.8,22397.1,22421.95,mid_price,ok
2026-10-05T10:52:02.688988+00:00,2026-10-05T16:22:02.688988+05:30,NIFTY,27-Oct-2026,23150.0,PE,22555.75,606.1,260,621.4,65,614.25,613.75,518,10,122,-11.33164922410682,15.2,-0.7231208376444428,0.000397402084738859,-3.92625662614491,18.492857874248077,1.3875606458258471,-0.006120943172676863,45.58571011241419,2.6093441792661437e-07,-0.0016348887640672838,4.756298567555465e-06,-0.6206542873604413,-24.672938154788763,0.7331145820569209,0.0003772616806154863,0.06017495278450025,22623.7,0.049987692127564924,0.0123,index_dividend_yield,0.065,14.67,65,22532.4,22621.8,22397.1,22421.95,mid_price,ok
2026-10-05T10:52:02.688988+00:00,2026-10-05T16:22:02.688988+05:30,NIFTY,27-Oct-2026,23200.0,CE,22555.75,88.05,65,89.15,65,88,88.6,39376,-2310,41469,3.5903472630959388,12,0.2019185501037269,0.0004239464625251223,-4.899066985475066,15.574803094848418,2.026017168668459,-0.0069092226531632115,93.52578989804883,5.082016724088624e-07,-0.0009869801993635371,9.7355146252108e-07,-0.6732686381089348,61.53603006569224,-0.193121207616431,0.00040072790947032037,0.06017495278450025,22623.7,0.049987692127564924,0.0123,index_dividend_yield,0.065,14.67,65,22532.4,22621.8,22397.1,22421.95,mid_price,ok
2026-10-05T10:52:02.688988+00:00,2026-10-05T16:22:02.688988+05:30,NIFTY,27-Oct-2026,23200.0,PE,22555.75,646.2,65,653.15,65,653.15,649.675,30079,-1887,9368,-12.004041764904008,15.37,-0.7396577473594359,0.0003809752425691812,-3.738730077259163,17.926723692381785,1.4369879362308158,-0.006294618458741907,51.20423926582518,2.696067423605911e-07,-0.0013905111126853362,3.937793271537786e-06,-0.6308983808214315,-23.79178327513946,0.7493433708526488,0.00036011012240879205,0.06017495278450025,22623.7,0.049987692127564924,0.0123,index_dividend_yield,0.065,14.67,65,22532.4,22621.8,22397.1,22421.95,mid_price,ok
2026-10-05T10:52:02.688988+00:00,2026-10-05T16:22:02.688988+05:30,NIFTY,27-Oct-2026,23250.0,CE,22555.75,76.75,65,79.45,65,78.15,78.1,3049,-73,3549,1.0996119016817594,12.05,0.18299357679124337,0.000397534348917081,-4.607184250373188,14.665335730105635,2.052367138508579,-0.00691908264993743,102.6058914597332,5.156190098660519e-07,-0.0005175236571098977,-3.237665738535381e-07,-0.6795516036984033,62.94099944308159,-0.17470878154751096,0.00037414788113996126,0.06017495278450025,22623.7,0.049987692127564924,0.0123,index_dividend_yield,0.065,14.67,65,22532.4,22621.8,22397.1,22421.95,mid_price,ok
2026-10-05T10:52:02.688988+00:00,2026-10-05T16:22:02.688988+05:30,NIFTY,27-Oct-2026,23250.0,PE,22555.75,677.95,65,699,65,695.45,688.475,755,-65,299,-11.10187907452384,15.68,,,,,,,,,,,,,,,0.06017495278450025,,,,,,14.67,65,22532.4,22621.8,22397.1,22421.95,mid_price,no_price_available
2026-10-05T10:52:02.688988+00:00,2026-10-05T16:22:02.688988+05:30,NIFTY,27-Oct-2026,23300.0,CE,22555.75,68.5,845,69.2,65,68.6,68.85,51920,-1234,40275,1.2546125461254614,12.04,0.16415930978036816,0.00037129343517101833,-4.275563009743977,13.68592199696752,2.0678449267965138,-0.006871886856796322,111.79043699109137,5.228270601177753e-07,-5.0796407212287415e-05,-1.6242171541962461e-06,-0.6828669600514417,64.77549697790151,-0.15646239242175333,0.0003479525096502343,0.06017495278450025,22623.7,0.049987692127564924,0.0123,index_dividend_yield,0.065,14.67,65,22532.4,22621.8,22397.1,22421.95,mid_price,ok
2026-10-05T10:52:02.688988+00:00,2026-10-05T16:22:02.688988+05:30,NIFTY,27-Oct-2026,23300.0,PE,22555.75,726.3,130,735.35,65,725.7,730.825,37511,-1525,6124,-11.489206000731796,15.28,,,,,,,,,,,,,,,0.06017495278450025,,,,,,14.67,65,22532.4,22621.8,22397.1,22421.95,mid_price,no_price_available
2026-10-05T10:52:02.688988+00:00,2026-10-05T16:22:02.688988+05:30,NIFTY,27-Oct-2026,23350.0,CE,22555.75,60.25,650,61.65,65,61.5,60.95,2539,162,4135,0.16286644951140064,12.15,0.14910057153579545,0.00034535080931206427,-4.029538223302065,12.845974599989141,2.0438811095856573,-0.006773298935317057,117.59774756280805,5.140613734195661e-07,0.00031932480078016544,-2.6138330643552888e-06,-0.68197079689849,65.724288641533,-0.14183750637250456,0.000322256178769207,0.06017495278450025,22623.7,0.049987692127564924,0.0123,index_dividend_yield,0.065,14.67,65,22532.4,22621.8,22397.1,22421.95,mid_price,ok
2026-10-05T10:52:02.688988+00:00,2026-10-05T16:22:02.688988+05:30,NIFTY,27-Oct-2026,23350.0,PE,22555.75,759.8,65,788.9,65,770.2,774.3499999999999,448,24,106,-9.685741088180112,15.63,,,,,,,,,,,,,,,0.06017495278450025,,,,,,14.67,65,22532.4,22621.8,22397.1,22421.95,mid_price,no_price_available
2026-10-05T10:52:02.688988+00:00,2026-10-05T16:22:02.688988+05:30,NIFTY,27-Oct-2026,23400.0,CE,22555.75,53,585,54.25,260,54.25,53.625,30684,560,38831,-0.45871559633027525,12.19,0.13386493842835573,0.00031997037465401,-3.7416180578237825,11.941084686277488,2.014259467661053,-0.006627446997877484,123.47446901242964,5.069823279779095e-07,0.0006839718143089775,-3.6014456303271763e-06,-0.6779395703509135,67.17820771528692,-0.12711442748875662,0.00029729841904801004,0.06017495278450025,22623.7,0.049987692127564924,0.0123,index_dividend_yield,0.065,14.67,65,22532.4,22621.8,22397.1,22421.95,mid_price,ok
2026-10-05T10:52:02.688988+00:00,2026-10-05T16:22:02.688988+05:30,NIFTY,27-Oct-2026,23400.0,PE,22555.75,807.85,65,820.95,130,812.55,814.4000000000001,21572,-867,3190,-9.931829518372776,15.84,,,,,,,,,,,,,,,0.06017495278450025,,,,,,14.67,65,22532.4,22621.8,22397.1,22421.95,mid_price,no_price_available
2026-10-05T10:52:02.688988+00:00,2026-10-05T16:22:02.688988+05:30,NIFTY,27-Oct-2026,23450.0,CE,22555.75,46.6,65,48,325,47.35,47.3,1963,-345,3806,-4.536290322580645,12.19,0.11906575762707598,0.00029488996986424453,-3.434752467985833,11.005100416219513,1.9728248321414787,-0.0064311605445125375,128.7260405617907,4.985252876935595e-07,0.0010304497198925465,-4.53116589326473e-06,-0.6700152687975542,68.94664057613625,-0.11286419393355182,0.00027282794493956237,0.06017495278450025,22623.7,0.049987692127564924,0.0123,index_dividend_yield,0.065,14.67,65,22532.4,22621.8,22397.1,22421.95,mid_price,ok
2026-10-05T10:52:02.688988+00:00,2026-10-05T16:22:02.688988+05:30,NIFTY,27-Oct-2026,23450.0,PE,22555.75,844.5,65,893.9,65,847.7,869.2,706,2,61,-6.820555097554273,15.55,,,,,,,,,,,,,,,0.06017495278450025,,,,,,14.67,65,22532.4,22621.8,22397.1,22421.95,mid_price,no_price_available
2026-10-05T10:52:02.688988+00:00,2026-10-05T16:22:02.688988+05:30,NIFTY,27-Oct-2026,23500.0,CE,22555.75,42,325,43.3,650,43.5,42.65,132623,-6349,84161,-3.225806451612903,12.4,0.10949843281250213,0.0002731101318531657,-3.2768920226694496,10.367876134331587,1.9027475022306215,-0.006256965709983367,129.36883546768917,4.736010144148925e-07,0.001205566495053801,-4.989244464147062e-06,-0.6613039971544161,69.01157808633307,-0.10357577867653225,0.0002516034733133743,0.06017495278450025,22623.7,0.049987692127564924,0.0123,index_dividend_yield,0.065,14.67,65,22532.4,22621.8,22397.1,22421.95,mid_price,ok
2026-10-05T10:52:02.688988+00:00,2026-10-05T16:22:02.688988+05:30,NIFTY,27-Oct-2026,23500.0,PE,22555.75,902.85,130,914.7,65,906,908.7750000000001,83225,-6447,15451,-9.345607364418651,16.71,,,,,,,,,,,,,,,0.06017495278450025,,,,,,14.67,65,22532.4,22621.8,22397.1,22421.95,mid_price,no_price_available
2026-10-05T10:52:02.688988+00:00,2026-10-05T16:22:02.688988+05:30,NIFTY,27-Oct-2026,23550.0,CE,22555.75,36.4,65,37.8,65,37.55,37.099999999999994,1701,-511,3046,-5.889724310776942,12.38,0.0965940373518025,0.0002497348224830257,-2.976651186711451,9.465205584196681,1.8393259831122264,-0.005993757820376047,132.38605010297545,4.6018801614458635e-07,0.0014759379847017052,-5.6978540036422e-06,-0.6467576180239867,70.91074095051773,-0.09121128228961138,0.00022909300320386714,0.06017495278450025,22623.7,0.049987692127564924,0.0123,index_dividend_yield,0.065,14.67,65,22532.4,22621.8,22397.1,22421.95,mid_price,ok
2026-10-05T10:52:02.688988+00:00,2026-10-05T16:22:02.688988+05:30,NIFTY,27-Oct-2026,23550.0,PE,22555.75,893.35,325,986.7,65,948.45,940.0250000000001,232,-11,30,-14.407544445447162,16.83,,,,,,,,,,,,,,,0.06017495278450025,,,,,,14.67,65,22532.4,22621.8,22397.1,22421.95,mid_price,no_price_available
2026-10-05T10:52:02.688988+00:00,2026-10-05T16:22:02.688988+05:30,NIFTY,27-Oct-2026,23600.0,CE,22555.75,32.75,65,33.6,65,33.6,33.175,20188,914,15788,-6.013986013986014,12.5,0.08729824864187663,0.00022948010784596952,-2.778352925654127,8.781836784977301,1.7621063209508279,-0.005758534847113278,132.32539899557682,4.376153787269216e-07,0.0016222106333825,-6.076929371771151e-06,-0.6322467376229106,71.6383973501253,-0.08227081059561758,0.0002096213840421186,0.06017495278450025,22623.7,0.049987692127564924,0.0123,index_dividend_yield,0.065,14.67,65,22532.4,22621.8,22397.1,22421.95,mid_price,ok
2026-10-05T10:52:02.688988+00:00,2026-10-05T16:22:02.688988+05:30,NIFTY,27-Oct-2026,23600.0,PE,22555.75,975.05,65,998.45,130,992.7,986.75,10127,63,758,-8.788533100565076,17.05,,,,,,,,,,,,,,,0.06017495278450025,,,,,,14.67,65,22532.4,22621.8,22397.1,22421.95,mid_price,no_price_available
2026-10-05T10:52:02.688988+00:00,2026-10-05T16:22:02.688988+05:30,NIFTY,27-Oct-2026,23650.0,CE,22555.75,28.45,65,29.5,65,29.2,28.975,1835,-46,2356,-10.015408320493066,12.51,0.07701712309777528,0.00020864235744679933,-2.5222658165224665,7.990796924608106,1.6804502191891044,-0.005462396162338082,132.5023256661577,4.182157825941344e-07,0.0017920918967504757,-6.497241823010349e-06,-0.6125202387686892,73.27945555690769,-0.07245127920630513,0.00018978187618980802,0.06017495278450025,22623.7,0.049987692127564924,0.0123,index_dividend_yield,0.065,14.67,65,22532.4,22621.8,22397.1,22421.95,mid_price,ok
2026-10-05T10:52:02.688988+00:00,2026-10-05T16:22:02.688988+05:30,NIFTY,27-Oct-2026,23650.0,PE,22555.75,1022.55,130,1085.85,65,1045.5,1054.1999999999998,330,-21,22,-14.155513588964611,17.84,,,,,,,,,,,,,,,0.06017495278450025,,,,,,14.67,65,22532.4,22621.8,22397.1,22421.95,mid_price,no_price_available
2026-10-05T10:52:02.688988+00:00,2026-10-05T16:22:02.688988+05:30,NIFTY,27-Oct-2026,23700.0,CE,22555.75,26.15,65,26.85,325,26.4,26.5,15021,-31,11999,-10.508474576271187,12.66,0.06994896089737512,0.00019153825944757383,-2.3634998344245894,7.423685161710435,1.5968621092674538,-0.005223351329404033,130.39551536967852,3.933669310391925e-07,0.001851587039807193,-6.645561436969021e-06,-0.5954379953100801,73.68625615335287,-0.06566833461884616,0.0001734895774655146,0.06017495278450025,22623.7,0.049987692127564924,0.0123,index_dividend_yield,0.065,14.67,65,22532.4,22621.8,22397.1,22421.95,mid_price,ok
2026-10-05T10:52:02.688988+00:00,2026-10-05T16:22:02.688988+05:30,NIFTY,27-Oct-2026,23700.0,PE,22555.75,1076.5,130,1092.55,130,1081.2,1084.525,5867,-30,323,-7.6568305077507794,17.4,,,,,,,,,,,,,,,0.06017495278450025,,,,,,14.67,65,22532.4,22621.8,22397.1,22421.95,mid_price,no_price_available
2026-10-05T10:52:02.688988+00:00,2026-10-05T16:22:02.688988+05:30,NIFTY,27-Oct-2026,23750.0,CE,22555.75,23.05,260,24.25,260,23.8,23.65,1800,25,1622,-11.359404096834265,12.8,0.06340550837152518,0.00017557735807028444,-2.2078984080563737,6.880322296220954,1.513314650824278,-0.004978984222163772,127.81276095876403,3.693110695704354e-07,0.0018901035772495576,-6.735310825128773e-06,-0.5770711523581431,74.14587515524225,-0.059405067296244514,0.00015836376806744432,0.06017495278450025,22623.7,0.049987692127564924,0.0123,index_dividend_yield,0.065,14.67,65,22532.4,22621.8,22397.1,22421.95,mid_price,ok
2026-10-05T10:52:02.688988+00:00,2026-10-05T16:22:02.688988+05:30,NIFTY,27-Oct-2026,23750.0,PE,22555.75,1077.1,390,1143.45,325,1140,1110.275,209,0,1,-7.789371511768988,18.62,,,,,,,,,,,,,,,0.06017495278450025,,,,,,14.67,65,22532.4,22621.8,22397.1,22421.95,mid_price,no_price_available
2026-10-05T10:52:02.688988+00:00,2026-10-05T16:22:02.688988+05:30,NIFTY,27-Oct-2026,23800.0,CE,22555.75,20.4,520,21,260,20.95,20.7,27894,-2163,15833,-11.974789915966387,12.87,0.056491143387101504,0.00015952319092582044,-2.0224594889402323,6.285396480774263,1.426404469901568,-0.004696367802360102,125.06064437717912,3.4691396106440764e-07,0.0019346982069425645,-6.820008085063102e-06,-0.5547740471952523,75.19114371001747,-0.05282579669512905,0.0001432796324756008,0.06017495278450025,22623.7,0.049987692127564924,0.0123,index_dividend_yield,0.065,14.67,65,22532.4,22621.8,22397.1,22421.95,mid_price,ok
2026-10-05T10:52:02.688988+00:00,2026-10-05T16:22:02.688988+05:30,NIFTY,27-Oct-2026,23800.0,PE,22555.75,1170.65,65,1183.3,65,1173.3,1176.975,8005,-244,472,-7.530440950466958,17.92,,,,,,,,,,,,,,,0.06017495278450025,,,,,,14.67,65,22532.4,22621.8,22397.1,22421.95,mid_price,no_price_available
2026-10-05T10:52:02.688988+00:00,2026-10-05T16:22:02.688988+05:30,NIFTY,27-Oct-2026,23850.0,CE,22555.75,18.3,650,19.6,195,19.65,18.950000000000003,2222,165,1756,-12.080536912751677,13.12,0.05268807404560163,0.00014809293171718805,-1.9453683908833934,5.948376766716016,1.3528926062354798,-0.004520861186470548,121.19069110834512,3.2295819948542337e-07,0.0018885884027043062,-6.712198592997108e-06,-0.5403250234088413,74.61815290164483,-0.04916110489503446,0.00013245614423894892,0.06017495278450025,22623.7,0.049987692127564924,0.0123,index_dividend_yield,0.065,14.67,65,22532.4,22621.8,22397.1,22421.95,mid_price,ok
2026-10-05T10:52:02.688988+00:00,2026-10-05T16:22:02.688988+05:30,NIFTY,27-Oct-2026,23850.0,PE,22555.75,1172.35,650,1277.55,65,1200.7,1224.9499999999998,167,-1,9,-17.193103448275863,16.52,,,,,,,,,,,,,,,0.06017495278450025,,,,,,14.67,65,22532.4,22621.8,22397.1,22421.95,mid_price,no_price_available
2026-10-05T10:52:02.688988+00:00,2026-10-05T16:22:02.688988+05:30,NIFTY,27-Oct-2026,23900.0,CE,22555.75,17,195,17.8,65,17.85,17.4,7888,-765,10287,-13.349514563106796,13.27,0.04795711080282786,0.00013584202265081105,-1.8207320331170116,5.518681944112695,1.2755745778524827,-0.004293723002361881,117.48751562140569,3.0143429599314267e-07,0.0018683909359842035,-6.643271417133286e-06,-0.5210515165255112,74.89591773036823,-0.044655471857942886,0.00012099094876979543,0.06017495278450025,22623.7,0.049987692127564924,0.0123,index_dividend_yield,0.065,14.67,65,22532.4,22621.8,22397.1,22421.95,mid_price,ok
2026-10-05T10:52:02.688988+00:00,2026-10-05T16:22:02.688988+05:30,NIFTY,27-Oct-2026,23900.0,PE,22555.75,1265.7,65,1284,130,1264.2,1274.85,3315,-108,292,-8.25834542815675,18.26,,,,,,,,,,,,,,,0.06017495278450025,,,,,,14.67,65,22532.4,22621.8,22397.1,22421.95,mid_price,no_price_available
2026-10-05T10:52:02.688988+00:00,2026-10-05T16:22:02.688988+05:30,NIFTY,27-Oct-2026,23950.0,CE,22555.75,14.85,1820,16.9,130,16.9,15.875,3686,-119,1742,-14.213197969543147,13.53,0.04500595384224372,0.00012661010916952106,-1.7594428139491147,5.244408139902102,1.210591524022163,-0.004139084904893196,113.5346922203051,2.8068138969578506e-07,0.0018052768183426222,-6.490225691760963e-06,-0.5075180703844451,74.20120584526613,-0.041814701153188596,0.00011229796660680786,0.06017495278450025,22623.7,0.049987692127564924,0.0123,index_dividend_yield,0.065,14.67,65,22532.4,22621.8,22397.1,22421.95,mid_price,ok
2026-10-05T10:52:02.688988+00:00,2026-10-05T16:22:02.688988+05:30,NIFTY,27-Oct-2026,23950.0,PE,22555.75,1154.4,4095,1416.4,390,1317.4,1285.4,71,0,4,-11.256315257662513,19.07,,,,,,,,,,,,,,,0.06017495278450025,,,,,,14.67,65,22532.4,22621.8,22397.1,22421.95,mid_price,no_price_available
2026-10-05T10:52:02.688988+00:00,2026-10-05T16:22:02.688988+05:30,NIFTY,27-Oct-2026,24000.0,CE,22555.75,15.15,65,15.65,260,15.65,15.4,96311,744,45876,-14.945652173913043,13.73,0.041630307855158484,0.00011715345818387628,-1.6724915242128193,4.9244298251067455,1.1443057853026788,-0.003956319549971304,109.6442555851409,2.6163745863308417e-07,0.0017552880824788376,-6.352480194467138e-06,-0.4911404723082881,74.00442647612955,-0.03859643117268762,0.00010347779698624356,0.06017495278450025,22623.7,0.049987692127564924,0.0123,index_dividend_yield,0.065,14.67,65,22532.4,22621.8,22397.1,22421.95,mid_price,ok
2026-10-05T10:52:02.688988+00:00,2026-10-05T16:22:02.688988+05:30,NIFTY,27-Oct-2026,24000.0,PE,22555.75,1368,65,1370,195,1370,1369.0,42389,613,5391,-6.586663030137734,19.83,,,,,,,,,,,,,,,0.06017495278450025,,,,,,14.67,65,22532.4,22621.8,22397.1,22421.95,mid_price,no_price_available
2026-10-05T10:52:02.688988+00:00,2026-10-05T16:22:02.688988+05:30,NIFTY,27-Oct-2026,24050.0,CE,22555.75,13.85,325,15,650,14.1,14.425,3369,-111,1225,-17.302052785923753,13.85,0.03769985708586295,0.00010714021622070533,-1.5530746870189764,4.54289390951723,1.0739186218063494,-0.0037331641882250993,105.6305428158737,2.4371580395524054e-07,0.0017177044888220393,-6.22179134248295e-06,-0.47057053138572696,74.45588836286782,-0.034882649257462865,9.424035248406435e-05,0.06017495278450025,22623.7,0.049987692127564924,0.0123,index_dividend_yield,0.065,14.67,65,22532.4,22621.8,22397.1,22421.95,mid_price,ok
2026-10-05T10:52:02.688988+00:00,2026-10-05T16:22:02.688988+05:30,NIFTY,27-Oct-2026,24050.0,PE,22555.75,1335.9,650,1518.7,390,0.0,1427.3000000000002,62,0,0,0,28.93,,,,,,,,,,,,,,,0.06017495278450025,,,,,,14.67,65,22532.4,22621.8,22397.1,22421.95,mid_price,no_price_available
2026-10-05T10:52:02.688988+00:00,2026-10-05T16:22:02.688988+05:30,NIFTY,27-Oct-2026,24100.0,CE,22555.75,13,260,13.4,65,13,13.2,8628,-152,3879,-17.72151898734177,14.02,0.0346516198101622,9.878108359036292e-05,-1.4641784901506831,4.239865721069563,1.0113562494677673,-0.0035479222417437797,101.62648481814962,2.2691698083223978e-07,0.0016632006988764776,-6.058185324223797e-06,-0.4529971004796298,74.4638767423151,-0.03199572611047936,8.65275178265873e-05,0.06017495278450025,22623.7,0.049987692127564924,0.0123,index_dividend_yield,0.065,14.67,65,22532.4,22621.8,22397.1,22421.95,mid_price,ok
2026-10-05T10:52:02.688988+00:00,2026-10-05T16:22:02.688988+05:30,NIFTY,27-Oct-2026,24100.0,PE,22555.75,1449.1,65,1477.1,65,1463.6,1463.1,3364,-41,150,-6.673043201020246,20.32,,,,,,,,,,,,,,,0.06017495278450025,,,,,,14.67,65,22532.4,22621.8,22397.1,22421.95,mid_price,no_price_available
2026-10-05T10:52:02.688988+00:00,2026-10-05T16:22:02.688988+05:30,NIFTY,27-Oct-2026,24150.0,CE,22555.75,11.75,130,13.5,1300,11.9,12.625,1563,-117,1225,-17.93103448275862,14.18,0.031788618852466616,9.096965801536092e-05,-1.3766082363068373,3.9491451446249908,0.9510569784229889,-0.003364765244250511,97.6035594377307,2.1115161386627103e-07,0.0016068419059112155,-5.884198971318275e-06,-0.43518268365196544,74.5336920934461,-0.029291764495085172,7.935546423398486e-05,0.06017495278450025,22623.7,0.049987692127564924,0.0123,index_dividend_yield,0.065,14.67,65,22532.4,22621.8,22397.1,22421.95,mid_price,ok
2026-10-05T10:52:02.688988+00:00,2026-10-05T16:22:02.688988+05:30,NIFTY,27-Oct-2026,24150.0,PE,22555.75,1435.8,650,1695.1,3445,1478,1565.4499999999998,238,2,5,-18.043695242320062,16.98,,,,,,,,,,,,,,,0.06017495278450025,,,,,,14.67,65,22532.4,22621.8,22397.1,22421.95,mid_price,no_price_available
2026-10-05T10:52:02.688988+00:00,2026-10-05T16:22:02.688988+05:30,NIFTY,27-Oct-2026,24200.0,CE,22555.75,10.85,650,11.4,260,11.45,11.125,12851,360,6767,-15.498154981549815,14.46,0.03026987917334944,8.566682333106077e-05,-1.3452905254735978,3.792374858184752,0.9062358750015,-0.0032606242998132542,94.09230777954924,1.9728741133375072e-07,0.0015330761252133043,-5.69788249895382e-06,-0.4248450912123314,73.60455780144538,-0.027829907996393965,7.442116694935863e-05,0.06017495278450025,22623.7,0.049987692127564924,0.0123,index_dividend_yield,0.065,14.67,65,22532.4,22621.8,22397.1,22421.95,mid_price,ok
2026-10-05T10:52:02.688988+00:00,2026-10-05T16:22:02.688988+05:30,NIFTY,27-Oct-2026,24200.0,PE,22555.75,1536.7,65,1571.4,65,1558.35,1554.0500000000002,5907,-74,255,-6.3547863710113575,20.86,,,,,,,,,,,,,,,0.06017495278450025,,,,,,14.67,65,22532.4,22621.8,22397.1,22421.95,mid_price,no_price_available
2026-10-05T10:52:02.688988+00:00,2026-10-05T16:22:02.688988+05:30,NIFTY,27-Oct-2026,24250.0,CE,22555.75,9.2,1820,10.9,65,10.85,10.05,1609,44,693,-15.891472868217054,14.7,0.028529711628112814,8.022580851479255e-05,-1.2995469145795788,3.6104533696147043,0.8604884757856344,-0.0031393859721231925,90.58102578771287,1.8429793913833868e-07,0.0014670309435753774,-5.517526712838433e-06,-0.41263705701318537,73.00437604042035,-0.0261729640860578,6.940730178263738e-05,0.06017495278450025,22623.7,0.049987692127564924,0.0123,index_dividend_yield,0.065,14.67,65,22532.4,22621.8,22397.1,22421.95,mid_price,wide_quote_low_liquidity
2026-10-05T10:52:02.688988+00:00,2026-10-05T16:22:02.688988+05:30,NIFTY,27-Oct-2026,24250.0,PE,22555.75,1460.85,650,1724.05,390,1683.6,1592.4499999999998,180,-2,44,-15.160371891456071,27.48,,,,,,,,,,,,,,,0.06017495278450025,,,,,,14.67,65,22532.4,22621.8,22397.1,22421.95,mid_price,no_price_available
2026-10-05T10:52:02.688988+00:00,2026-10-05T16:22:02.688988+05:30,NIFTY,27-Oct-2026,24300.0,CE,22555.75,9.6,390,10.4,1755,9.75,10.0,7982,-502,5930,-19.421487603305785,14.8,0.02579829588701114,7.32660947351116e-05,-1.201060945851329,3.3196711295850947,0.8036281881098235,-0.0029448366560039727,86.53548743515205,1.7114079245278855e-07,0.0014148490545362157,-5.331156429382679e-06,-0.392650817711079,73.49793692742917,-0.023620686609590796,6.312553047539929e-05,0.06017495278450025,22623.7,0.049987692127564924,0.0123,index_dividend_yield,0.065,14.67,65,22532.4,22621.8,22397.1,22421.95,mid_price,ok
2026-10-05T10:52:02.688988+00:00,2026-10-05T16:22:02.688988+05:30,NIFTY,27-Oct-2026,24300.0,PE,22555.75,1626.25,65,1675.8,65,1653.15,1651.025,3529,30,148,-4.969533226028972,21.35,,,,,,,,,,,,,,,0.06017495278450025,,,,,,14.67,65,22532.4,22621.8,22397.1,22421.95,mid_price,no_price_available
2026-10-05T10:52:02.688988+00:00,2026-10-05T16:22:02.688988+05:30,NIFTY,27-Oct-2026,24350.0,CE,22555.75,9.1,650,10,260,9.5,9.55,1057,-271,937,-16.666666666666668,15.09,0.024770541351106987,6.945179933317582e-05,-1.1814800000802337,3.208507394161347,0.7687606781290115,-0.0028657275268522825,83.52196976709547,1.6052481929261065e-07,0.0013477000742311898,-5.158846047799765e-06,-0.38436549672544595,72.48813481607151,-0.022628764664300118,5.9593667763544896e-05,0.06017495278450025,22623.7,0.049987692127564924,0.0123,index_dividend_yield,0.065,14.67,65,22532.4,22621.8,22397.1,22421.95,mid_price,ok
2026-10-05T10:52:02.688988+00:00,2026-10-05T16:22:02.688988+05:30,NIFTY,27-Oct-2026,24350.0,PE,22555.75,,0,1860.6,325,1710,,232,-2,3,-22.60692464358452,22.53,,,,,,,,,,,,,,,0.06017495278450025,,,,,,14.67,65,22532.4,22621.8,22397.1,22421.95,ltp,no_price_available
2026-10-05T10:52:02.688988+00:00,2026-10-05T16:22:02.688988+05:30,NIFTY,27-Oct-2026,24400.0,CE,22555.75,8.75,260,9.15,260,9.15,8.95,5474,-164,3876,-13.270142180094787,15.36,0.02367415065867052,6.568547478579909e-05,-1.1558209082995679,3.088807634471958,0.7343161263354703,-0.0027803125772219717,80.56255540766988,1.5061205709296077e-07,0.0012855925427938013,-4.991757861273473e-06,-0.3753261125717495,71.64917624887975,-0.021579319933249307,5.613118818822333e-05,0.06017495278450025,22623.7,0.049987692127564924,0.0123,index_dividend_yield,0.065,14.67,65,22532.4,22621.8,22397.1,22421.95,mid_price,ok
2026-10-05T10:52:02.688988+00:00,2026-10-05T16:22:02.688988+05:30,NIFTY,27-Oct-2026,24400.0,PE,22555.75,1703.65,65,1769.75,130,1785,1736.7,2322,9,41,-2.8307022318998367,25.34,,,,,,,,,,,,,,,0.06017495278450025,,,,,,14.67,65,22532.4,22621.8,22397.1,22421.95,mid_price,no_price_available
2026-10-05T10:52:02.688988+00:00,2026-10-05T16:22:02.688988+05:30,NIFTY,27-Oct-2026,24450.0,CE,22555.75,8.05,195,9.75,1300,8.3,8.9,956,-37,1441,-18.627450980392158,15.47,0.021549882012782694,6.0249046524921846e-05,-1.073878057122013,2.853453469249617,0.6868243711699723,-0.002613829549178829,76.85595994684769,1.3999204139068883e-07,0.0012333245300038052,-4.804490286613483e-06,-0.3574293507263797,72.00349140308302,-0.019604214897353818,5.127515668889515e-05,0.06017495278450025,22623.7,0.049987692127564924,0.0123,index_dividend_yield,0.065,14.67,65,22532.4,22621.8,22397.1,22421.95,mid_price,wide_quote_low_liquidity
2026-10-05T10:52:02.688988+00:00,2026-10-05T16:22:02.688988+05:30,NIFTY,27-Oct-2026,24450.0,PE,22555.75,1780.95,650,1867.25,65,1777,1824.1,127,0,3,-7.544224765868886,19.64,,,,,,,,,,,,,,,0.06017495278450025,,,,,,14.67,65,22532.4,22621.8,22397.1,22421.95,mid_price,no_price_available
2026-10-05T10:52:02.688988+00:00,2026-10-05T16:22:02.688988+05:30,NIFTY,27-Oct-2026,24500.0,CE,22555.75,8,65,8.15,65,8.05,8.075,33062,-341,17724,-16.145833333333332,15.75,0.020725962099596665,5.7258204926538886e-05,-1.0562248676657993,2.7608867316725196,0.6580936002503445,-0.0025448877947890185,74.23231482320448,1.3171229210430582e-07,0.0011759736166280185,-4.650178206266243e-06,-0.34989532503432397,71.08611271018187,-0.018812785101617033,4.853109658933665e-05,0.06017495278450025,22623.7,0.049987692127564924,0.0123,index_dividend_yield,0.065,14.67,65,22532.4,22621.8,22397.1,22421.95,mid_price,ok
2026-10-05T10:52:02.688988+00:00,2026-10-05T16:22:02.688988+05:30,NIFTY,27-Oct-2026,24500.0,PE,22555.75,1853.5,65,1863.55,130,1864.55,1858.525,22887,64,1430,-4.49959024790002,24.48,,,,,,,,,,,,,,,0.06017495278450025,,,,,,14.67,65,22532.4,22621.8,22397.1,22421.95,mid_price,no_price_available
2026-10-05T10:52:02.688988+00:00,2026-10-05T16:22:02.688988+05:30,NIFTY,27-Oct-2026,24550.0,CE,22555.75,6.15,1755,8.9,1300,7.05,7.525,809,-79,472,-22.099447513812155,15.77,0.01835196210077527,5.1571991765074645e-05,-0.9526024955800669,2.489865576394125,0.6070410275599135,-0.0023461911696893364,70.15504945507689,1.215097604574621e-07,0.0011260819697559467,-4.442350322989133e-06,-0.3278150264514128,72.06696625693301,-0.01662722660924627,4.353368760604664e-05,0.06017495278450025,22623.7,0.049987692127564924,0.0123,index_dividend_yield,0.065,14.67,65,22532.4,22621.8,22397.1,22421.95,mid_price,wide_quote_low_liquidity
2026-10-05T10:52:02.688988+00:00,2026-10-05T16:22:02.688988+05:30,NIFTY,27-Oct-2026,24550.0,PE,22555.75,1702.45,650,1955.7,130,0.0,1829.075,101,0,0,0,36.39,,,,,,,,,,,,,,,0.06017495278450025,,,,,,14.67,65,22532.4,22621.8,22397.1,22421.95,mid_price,no_price_available
2026-10-05T10:52:02.688988+00:00,2026-10-05T16:22:02.688988+05:30,NIFTY,27-Oct-2026,24600.0,CE,22555.75,6.85,65,7.6,130,6.95,7.225,4357,-519,3298,-15.757575757575758,16.07,0.017823519276357558,4.9364339941334905e-05,-0.9454947105775393,2.428619703047534,0.584504909073651,-0.00229803687006808,67.93510332856533,1.147586069662824e-07,0.0010736733511806315,-4.305347134649544e-06,-0.3223680680148999,70.98869557668138,-0.016112180880042647,4.150091432114222e-05,0.06017495278450025,22623.7,0.049987692127564924,0.0123,index_dividend_yield,0.065,14.67,65,22532.4,22621.8,22397.1,22421.95,mid_price,ok
2026-10-05T10:52:02.688988+00:00,2026-10-05T16:22:02.688988+05:30,NIFTY,27-Oct-2026,24600.0,PE,22555.75,1944.7,65,1966.6,130,1950,1955.65,2888,-7,48,-4.310915916284319,23.94,,,,,,,,,,,,,,,0.06017495278450025,,,,,,14.67,65,22532.4,22621.8,22397.1,22421.95,mid_price,no_price_available
2026-10-05T10:52:02.688988+00:00,2026-10-05T16:22:02.688988+05:30,NIFTY,27-Oct-2026,24650.0,CE,22555.75,6,130,8,1300,7.4,7.0,505,5,154,-6.918238993710692,16.57,0.018476132049827176,4.9364795464887235e-05,-1.0037018854779807,2.504206585324199,0.5808470737108523,-0.002350737571969304,67.0395492266671,1.1040257306393461e-07,0.001023619833050961,-4.224753150862841e-06,-0.3283089261073271,68.57568228634273,-0.016659873840087647,4.133310577470601e-05,0.06017495278450025,22623.7,0.049987692127564924,0.0123,index_dividend_yield,0.065,14.67,65,22532.4,22621.8,22397.1,22421.95,mid_price,wide_quote_low_liquidity
2026-10-05T10:52:02.688988+00:00,2026-10-05T16:22:02.688988+05:30,NIFTY,27-Oct-2026,24650.0,PE,22555.75,1830.75,650,2125.05,390,0.0,1977.9,41,0,0,0,38.63,,,,,,,,,,,,,,,0.06017495278450025,,,,,,14.67,65,22532.4,22621.8,22397.1,22421.95,mid_price,no_price_available
2026-10-05T10:52:02.688988+00:00,2026-10-05T16:22:02.688988+05:30,NIFTY,27-Oct-2026,24700.0,CE,22555.75,6.2,65,6.65,195,6.4,6.425000000000001,4329,29,776,-14.666666666666666,16.54,0.016173953432352787,4.414047073717505e-05,-0.8933308465045983,2.235129901373932,0.5324981600116473,-0.002147817011588839,63.0441789489673,1.0155858478547175e-07,0.0009781550081314795,-4.017017200345056e-06,-0.30515919238213307,69.79930033781788,-0.014558259615202806,3.6809303394578855e-05,0.06017495278450025,22623.7,0.049987692127564924,0.0123,index_dividend_yield,0.065,14.67,65,22532.4,22621.8,22397.1,22421.95,mid_price,ok
2026-10-05T10:52:02.688988+00:00,2026-10-05T16:22:02.688988+05:30,NIFTY,27-Oct-2026,24700.0,PE,22555.75,2034.5,715,2067.3,65,2049.35,2050.9,3340,6,19,-4.995132353622919,24.82,,,,,,,,,,,,,,,0.06017495278450025,,,,,,14.67,65,22532.4,22621.8,22397.1,22421.95,mid_price,no_price_available
2026-10-05T10:52:02.688988+00:00,2026-10-05T16:22:02.688988+05:30,NIFTY,27-Oct-2026,24750.0,CE,22555.75,5.55,65,7.55,1300,5.5,6.55,369,-19,201,-17.293233082706767,16.51,0.014118671859089924,3.934696511086566e-05,-0.7926573088126334,1.9887885750111503,0.4863892338140517,-0.0019553732438481897,59.035387954866955,9.307898622723244e-08,0.0009296503934488492,-3.799751932045602e-06,-0.2826004155811144,71.03433505073036,-0.012685821723722849,3.267949813925007e-05,0.06017495278450025,22623.7,0.049987692127564924,0.0123,index_dividend_yield,0.065,14.67,65,22532.4,22621.8,22397.1,22421.95,mid_price,wide_quote_low_liquidity
2026-10-05T10:52:02.688988+00:00,2026-10-05T16:22:02.688988+05:30,NIFTY,27-Oct-2026,24750.0,PE,22555.75,1853.85,3445,2158.9,65,0.0,2006.375,11,0,0,0,0,,,,,,,,,,,,,,,0.06017495278450025,,,,,,14.67,65,22532.4,22621.8,22397.1,22421.95,mid_price,no_price_available
2026-10-05T10:52:02.688988+00:00,2026-10-05T16:22:02.688988+05:30,NIFTY,27-Oct-2026,24800.0,CE,22555.75,5.8,65,6,260,5.85,5.9,6554,251,3368,-13.970588235294118,16.99,0.014656125793634853,3.9485279792110235e-05,-0.8412273373198133,2.053803556469648,0.4851421051534962,-0.002004118322487711,58.489198861679355,9.006397742205267e-08,0.0008920726978167141,-3.7463571069218068e-06,-0.2883647931550424,68.75850959261021,-0.013135970541092003,3.266227288168523e-05,0.06017495278450025,22623.7,0.049987692127564924,0.0123,index_dividend_yield,0.065,14.67,65,22532.4,22621.8,22397.1,22421.95,mid_price,ok
2026-10-05T10:52:02.688988+00:00,2026-10-05T16:22:02.688988+05:30,NIFTY,27-Oct-2026,24800.0,PE,22555.75,2142.65,325,2162.7,65,2151.95,2152.675,4841,-14,52,-4.234346491032887,26.06,,,,,,,,,,,,,,,0.06017495278450025,,,,,,14.67,65,22532.4,22621.8,22397.1,22421.95,mid_price,no_price_available
2026-10-05T10:52:02.688988+00:00,2026-10-05T16:22:02.688988+05:30,NIFTY,27-Oct-2026,24850.0,CE,22555.75,4.1,1755,6.45,650,5.55,5.275,572,9,38,-18.978102189781023,17.18,0.013815394741801287,3.711124249885929e-05,-0.8075666060207857,1.9519062620926675,0.46083971097425885,-0.0019223666483023597,56.15155348849932,8.461654618141217e-08,0.0008515788909055171,-3.6085739021583368e-06,-0.2786608514350102,68.4689125753646,-0.012356755620416895,3.057505546555414e-05,0.06017495278450025,22623.7,0.049987692127564924,0.0123,index_dividend_yield,0.065,14.67,65,22532.4,22621.8,22397.1,22421.95,mid_price,wide_quote_low_liquidity
2026-10-05T10:52:02.688988+00:00,2026-10-05T16:22:02.688988+05:30,NIFTY,27-Oct-2026,24850.0,PE,22555.75,1911.5,650,2394.7,3445,0.0,2153.1,23,0,0,0,26.57,,,,,,,,,,,,,,,0.06017495278450025,,,,,,14.67,65,22532.4,22621.8,22397.1,22421.95,mid_price,no_price_available
2026-10-05T10:52:02.688988+00:00,2026-10-05T16:22:02.688988+05:30,NIFTY,27-Oct-2026,24900.0,CE,22555.75,4.45,1300,6.1,1300,5.4,5.275,2943,-78,720,-10.743801652892563,17.44,0.013345481476525249,3.54822884897633e-05,-0.7948062640030137,1.8944729391451245,0.4433919802086196,-0.0018750910120208311,54.357300838547616,8.017280598105322e-08,0.000814617866609153,-3.4976268447302404e-06,-0.2729962828457224,67.72639212576644,-0.011910551591943598,2.91157159083912e-05,0.06017495278450025,22623.7,0.049987692127564924,0.0123,index_dividend_yield,0.065,14.67,65,22532.4,22621.8,22397.1,22421.95,mid_price,wide_quote_low_liquidity
2026-10-05T10:52:02.688988+00:00,2026-10-05T16:22:02.688988+05:30,NIFTY,27-Oct-2026,24900.0,PE,22555.75,2234.45,65,2259.45,195,2256.7,2246.95,2186,-1,8,-9.695878351340536,27.54,,,,,,,,,,,,,,,0.06017495278450025,,,,,,14.67,65,22532.4,22621.8,22397.1,22421.95,mid_price,no_price_available
2026-10-05T10:52:02.688988+00:00,2026-10-05T16:22:02.688988+05:30,NIFTY,27-Oct-2026,24950.0,CE,22555.75,4.15,1755,7.5,1300,5.55,5.825,957,1,66,-3.4782608695652173,17.83,0.013467399267756915,3.497977628911529e-05,-0.8180591186357279,1.9094077183056029,0.43661153068515723,-0.0018852903371663048,53.44043464836423,7.71330889645513e-08,0.0007828217547785497,-3.4310309353765154e-06,-0.27421653988609496,66.19720772944503,-0.011991120950154996,2.8588440977282615e-05,0.06017495278450025,22623.7,0.049987692127564924,0.0123,index_dividend_yield,0.065,14.67,65,22532.4,22621.8,22397.1,22421.95,mid_price,wide_quote_low_liquidity
2026-10-05T10:52:02.688988+00:00,2026-10-05T16:22:02.688988+05:30,NIFTY,27-Oct-2026,24950.0,PE,22555.75,1998.3,650,2640.15,650,2335,2319.225,17,0,4,-5.079371531941706,30.9,,,,,,,,,,,,,,,0.06017495278450025,,,,,,14.67,65,22532.4,22621.8,22397.1,22421.95,mid_price,no_price_available
2026-10-05T10:52:02.688988+00:00,2026-10-05T16:22:02.688988+05:30,NIFTY,27-Oct-2026,25000.0,CE,22555.75,4.35,715,4.45,390,4.4,4.4,47072,138,15357,-20.72072072072072,17.58,0.010983052608939326,2.9729934659678222e-05,-0.6754844922346974,1.600085274301461,0.3838980288015754,-0.001632520942345719,48.65558339382725,6.897343206036573e-08,0.0007349086063036753,-3.1674362016822764e-06,-0.24332983468498992,68.65433435056788,-0.009764904319298492,2.4200730876055385e-05,0.06017495278450025,22623.7,0.049987692127564924,0.0123,index_dividend_yield,0.065,14.67,65,22532.4,22621.8,22397.1,22421.95,mid_price,ok
2026-10-05T10:52:02.688988+00:00,2026-10-05T16:22:02.688988+05:30,NIFTY,27-Oct-2026,25000.0,PE,22555.75,2346,130,2355,65,2347.25,2350.5,33388,-619,2164,-4.0862192256614565,27.38,,,,,,,,,,,,,,,0.06017495278450025,,,,,,14.67,65,22532.4,22621.8,22397.1,22421.95,mid_price,no_price_available
2026-10-05T10:52:02.688988+00:00,2026-10-05T16:22:02.688988+05:30,NIFTY,27-Oct-2026,25050.0,CE,22555.75,3.75,65,4.9,65,4,4.325,2447,4,86,-26.605504587155963,17.67,0.010031769918610132,2.733328727924689e-05,-0.6268664589225773,1.478627293241405,0.3581584418363443,-0.001529098265987603,46.07112937518265,6.406247790054295e-08,0.0006969522940830857,-3.013560209697844e-06,-0.2303520759865696,68.97509193222096,-0.008901939138446153,2.2161081466839964e-05,0.06017495278450025,22623.7,0.049987692127564924,0.0123,index_dividend_yield,0.065,14.67,65,22532.4,22621.8,22397.1,22421.95,mid_price,wide_quote_low_liquidity
2026-10-05T10:52:02.688988+00:00,2026-10-05T16:22:02.688988+05:30,NIFTY,27-Oct-2026,25050.0,PE,22555.75,2299.15,650,2571.5,975,2430,2435.325,14,0,1,-1.6930638995084653,31.4,,,,,,,,,,,,,,,0.06017495278450025,,,,,,14.67,65,22532.4,22621.8,22397.1,22421.95,mid_price,no_price_available
2026-10-05T10:52:02.688988+00:00,2026-10-05T16:22:02.688988+05:30,NIFTY,27-Oct-2026,25100.0,CE,22555.75,3.55,1755,4.85,650,4.15,4.199999999999999,1308,23,169,-18.627450980392158,18.06,0.010197081327722748,2.7127134176838226e-05,-0.649239962300707,1.4998642872899577,0.3546788399721879,-0.0015459085875527932,45.50307147674704,6.199657545242453e-08,0.0006727701465500196,-2.969357564652659e-06,-0.23247238486334254,67.3884513170048,-0.009027479188638806,2.190640019637619e-05,0.06017495278450025,22623.7,0.049987692127564924,0.0123,index_dividend_yield,0.065,14.67,65,22532.4,22621.8,22397.1,22421.95,mid_price,wide_quote_low_liquidity
2026-10-05T10:52:02.688988+00:00,2026-10-05T16:22:02.688988+05:30,NIFTY,27-Oct-2026,25100.0,PE,22555.75,2244.35,65,2487.45,975,2540,2365.8999999999996,675,3,5,-0.39215686274509803,37.14,,,,,,,,,,,,,,,0.06017495278450025,,,,,,14.67,65,22532.4,22621.8,22397.1,22421.95,mid_price,no_price_available
2026-10-05T10:52:02.688988+00:00,2026-10-05T16:22:02.688988+05:30,NIFTY,27-Oct-2026,25150.0,CE,22555.75,3.1,1755,6,65,0.0,4.55,256,0,0,0,18.81,0.011667862825022616,2.928544710992902e-05,-0.7594035023530967,1.686440244230753,0.3749104362074426,-0.0017000393835897019,47.038286078139755,6.27148838185753e-08,0.0006611332523583451,-3.0371460537771063e-06,-0.25168298745368434,63.80452548535749,-0.010300304251460952,2.355539682120173e-05,0.06017495278450025,22623.7,0.049987692127564924,0.0123,index_dividend_yield,0.065,14.67,65,22532.4,22621.8,22397.1,22421.95,mid_price,wide_quote_low_liquidity
2026-10-05T10:52:02.688988+00:00,2026-10-05T16:22:02.688988+05:30,NIFTY,27-Oct-2026,25150.0,PE,22555.75,2174.35,650,2855.85,650,0.0,2515.1,4,0,0,0,0,,,,,,,,,,,,,,,0.06017495278450025,,,,,,14.67,65,22532.4,22621.8,22397.1,22421.95,mid_price,no_price_available
2026-10-05T10:52:02.688988+00:00,2026-10-05T16:22:02.688988+05:30,NIFTY,27-Oct-2026,25200.0,CE,22555.75,3.5,65,3.95,65,3.7,3.725,2591,-172,682,-16.853932584269664,18.4,0.009053287295038024,2.3996299588140417e-05,-0.595143103596854,1.3517376217548602,0.3197540634694981,-0.0014169434594573788,41.80824992069687,5.4872407397207767e-08,0.0006117617915932735,-2.742401497402892e-06,-0.21603851878201996,66.99263005757643,-0.007982362437237978,1.922461886666466e-05,0.06017495278450025,22623.7,0.049987692127564924,0.0123,index_dividend_yield,0.065,14.67,65,22532.4,22621.8,22397.1,22421.95,mid_price,ok
2026-10-05T10:52:02.688988+00:00,2026-10-05T16:22:02.688988+05:30,NIFTY,27-Oct-2026,25200.0,PE,22555.75,2538.1,65,2758.6,975,2472.9,2648.35,527,1,4,-4.862847689762629,0,,,,,,,,,,,,,,,0.06017495278450025,22623.7,0.049987692127564924,0.0123,index_dividend_yield,0.065,14.67,65,22532.4,22621.8,22397.1,22421.95,mid_price,no_nse_iv
2026-10-05T10:52:02.688988+00:00,2026-10-05T16:22:02.688988+05:30,NIFTY,27-Oct-2026,25250.0,CE,22555.75,2.75,1755,3.85,2340,3.85,3.3,67,8,33,-24.50980392156863,18.8,0.0092573112138222,2.3948427381192124e-05,-0.6194879611795753,1.3783679050392927,0.3181501849813424,-0.0014390264782169603,41.45302509994142,5.336934304929158e-08,0.0005928292919232101,-2.71225733166437e-06,-0.21887346649897044,65.43504653930191,-0.008143150941988284,1.9110356101762815e-05,0.06017495278450025,22623.7,0.049987692127564924,0.0123,index_dividend_yield,0.065,14.67,65,22532.4,22621.8,22397.1,22421.95,mid_price,wide_quote_low_liquidity
2026-10-05T10:52:02.688988+00:00,2026-10-05T16:22:02.688988+05:30,NIFTY,27-Oct-2026,25250.0,PE,22555.75,2292.2,650,2850.7,650,0.0,2571.45,4,0,0,0,0,,,,,,,,,,,,,,,0.06017495278450025,,,,,,14.67,65,22532.4,22621.8,22397.1,22421.95,mid_price,no_price_available
2026-10-05T10:52:02.688988+00:00,2026-10-05T16:22:02.688988+05:30,NIFTY,27-Oct-2026,25300.0,CE,22555.75,3.05,1755,3.6,65,3.55,3.325,534,14,285,-4.054054054054054,18.9,0.00853668826010943,2.2188765544381696e-05,-0.5796722161571211,1.2838824087259875,0.2984832020761583,-0.0013559655342812952,39.38534960897666,4.982999056826101e-08,0.0005632676217425662,-2.5868628474923847e-06,-0.2081489945691153,65.64154809841334,-0.007494783764484079,1.7636266128939387e-05,0.06017495278450025,22623.7,0.049987692127564924,0.0123,index_dividend_yield,0.065,14.67,65,22532.4,22621.8,22397.1,22421.95,mid_price,wide_quote_low_liquidity
2026-10-05T10:52:02.688988+00:00,2026-10-05T16:22:02.688988+05:30,NIFTY,27-Oct-2026,25300.0,PE,22555.75,2382.95,650,2701.8,65,0.0,2542.375,161,0,0,0,0,,,,,,,,,,,,,,,0.06017495278450025,,,,,,14.67,65,22532.4,22621.8,22397.1,22421.95,mid_price,no_price_available
2026-10-05T10:52:02.688988+00:00,2026-10-05T16:22:02.688988+05:30,NIFTY,27-Oct-2026,25350.0,CE,22555.75,2.1,1755,4.7,1300,0.0,3.4000000000000004,42,0,0,0,19.52,0.009409076356851218,2.3395558063140718e-05,-0.6513181541184507,1.3981170286070232,0.31025105236794515,-0.001454260979833616,40.32006406403576,5.002559133174704e-08,0.0005548375922102812,-2.6297728929543166e-06,-0.22082114542694997,62.948612508278465,-0.008238947271109485,1.852217684661301e-05,0.06017495278450025,22623.7,0.049987692127564924,0.0123,index_dividend_yield,0.065,14.67,65,22532.4,22621.8,22397.1,22421.95,mid_price,wide_quote_low_liquidity
2026-10-05T10:52:02.688988+00:00,2026-10-05T16:22:02.688988+05:30,NIFTY,27-Oct-2026,25350.0,PE,22555.75,2379.3,650,2862.55,65,0.0,2620.925,23,0,0,0,0,,,,,,,,,,,,,,,0.06017495278450025,,,,,,14.67,65,22532.4,22621.8,22397.1,22421.95,mid_price,no_price_available
2026-10-05T10:52:02.688988+00:00,2026-10-05T16:22:02.688988+05:30,NIFTY,27-Oct-2026,25400.0,CE,22555.75,2.55,65,3.65,520,3,3.0999999999999996,1469,-17,376,-18.91891891891892,19.1,0.007265687981378459,1.9053744441450195e-05,-0.5076586422797217,1.1141508761186782,0.26255635326729665,-0.0012032160592755524,35.497893068289656,4.341386726523353e-08,0.000507300600281734,-2.3479760826249736e-06,-0.188040872110685,66.02991305775058,-0.006354373629412454,1.5025448609771583e-05,0.06017495278450025,22623.7,0.049987692127564924,0.0123,index_dividend_yield,0.065,14.67,65,22532.4,22621.8,22397.1,22421.95,mid_price,wide_quote_low_liquidity
2026-10-05T10:52:02.688988+00:00,2026-10-05T16:22:02.688988+05:30,NIFTY,27-Oct-2026,25400.0,PE,22555.75,2480.5,650,2821.8,650,2748.05,2651.15,136,0,1,3.7,31.12,,,,,,,,,,,,,,,0.06017495278450025,,,,,,14.67,65,22532.4,22621.8,22397.1,22421.95,mid_price,no_price_available
2026-10-05T10:52:02.688988+00:00,2026-10-05T16:22:02.688988+05:30,NIFTY,27-Oct-2026,25450.0,CE,22555.75,2.15,3510,3.35,130,3.3,2.75,118,11,25,-10.81081081081081,19.61,0.00776131808920177,1.9668899618378885e-05,-0.5519295201543988,1.1808315830961937,0.26856701166297087,-0.0012625014942898817,35.95542324128098,4.317201910179367e-08,0.0004985925042383598,-2.3673491813862993e-06,-0.19590405400206512,63.91364533003948,-0.0067710532610360825,1.544966387483643e-05,0.06017495278450025,22623.7,0.049987692127564924,0.0123,index_dividend_yield,0.065,14.67,65,22532.4,22621.8,22397.1,22421.95,mid_price,wide_quote_low_liquidity
2026-10-05T10:52:02.688988+00:00,2026-10-05T16:22:02.688988+05:30,NIFTY,27-Oct-2026,25450.0,PE,22555.75,2516.4,650,3058.2,3445,0.0,2787.3,5,0,0,0,0,,,,,,,,,,,,,,,0.06017495278450025,,,,,,14.67,65,22532.4,22621.8,22397.1,22421.95,mid_price,no_price_available
2026-10-05T10:52:02.688988+00:00,2026-10-05T16:22:02.688988+05:30,NIFTY,27-Oct-2026,25500.0,CE,22555.75,2.6,2600,2.8,195,2.85,2.7,14434,-124,3084,-13.636363636363637,19.55,0.0067850637417910505,1.7524029588115883e-05,-0.488464749109578,1.0488443485418903,0.24396975682115274,-0.0011424435017621092,33.31697698871417,3.939067949941327e-08,0.0004670099526286488,-2.2074466562936884e-06,-0.17989279602442676,64.96882918233729,-0.005909277507602358,1.3710969402525284e-05,0.06017495278450025,22623.7,0.049987692127564924,0.0123,index_dividend_yield,0.065,14.67,65,22532.4,22621.8,22397.1,22421.95,mid_price,ok
2026-10-05T10:52:02.688988+00:00,2026-10-05T16:22:02.688988+05:30,NIFTY,27-Oct-2026,25500.0,PE,22555.75,2839.55,65,2852.6,130,2845.6,2846.075,13070,-414,709,-3.1219146835529226,31.69,,,,,,,,,,,,,,,0.06017495278450025,,,,,,14.67,65,22532.4,22621.8,22397.1,22421.95,mid_price,no_price_available
2026-10-05T10:52:02.688988+00:00,2026-10-05T16:22:02.688988+05:30,NIFTY,27-Oct-2026,25550.0,CE,22555.75,2.4,65,3.75,1300,0.0,3.075,21,0,0,0,16.67,0.0015867954560780156,5.5685215603713846e-06,-0.11293947365284739,0.2841880475271765,0.0921699437710354,-0.00036787957518716655,15.044278875267269,1.7789530568851533e-08,0.0002613591322002294,-1.049404015209602e-06,-0.06652294199807846,86.24937494178813,-0.0013845943754434665,4.339829237350709e-06,0.06017495278450025,22623.7,0.049987692127564924,0.0123,index_dividend_yield,0.065,14.67,65,22532.4,22621.8,22397.1,22421.95,mid_price,wide_quote_low_liquidity
2026-10-05T10:52:02.688988+00:00,2026-10-05T16:22:02.688988+05:30,NIFTY,27-Oct-2026,25550.0,PE,22555.75,2549.05,650,3084.35,650,0.0,2816.7,14,0,0,0,24.2,,,,,,,,,,,,,,,0.06017495278450025,,,,,,14.67,65,22532.4,22621.8,22397.1,22421.95,mid_price,no_price_available
2026-10-05T10:52:02.688988+00:00,2026-10-05T16:22:02.688988+05:30,NIFTY,27-Oct-2026,25600.0,CE,22555.75,2.45,65,3.35,65,3.1,2.9000000000000004,715,-26,242,-3.125,20.33,0.007135773217531433,1.7618368366175477e-05,-0.5302735470026049,1.0965624436549748,0.24370541788822606,-0.0011848235440657983,33.037016444689705,3.774880513604757e-08,0.0004441314786670238,-2.1792482145946307e-06,-0.1855802341894477,62.202242551553184,-0.00618613850729939,1.3677297708137525e-05,0.06017495278450025,22623.7,0.049987692127564924,0.0123,index_dividend_yield,0.065,14.67,65,22532.4,22621.8,22397.1,22421.95,mid_price,wide_quote_low_liquidity
2026-10-05T10:52:02.688988+00:00,2026-10-05T16:22:02.688988+05:30,NIFTY,27-Oct-2026,25600.0,PE,22555.75,2684.7,650,3148.7,65,2900,2916.7,147,0,3,6.03290676416819,23.65,,,,,,,,,,,,,,,0.06017495278450025,,,,,,14.67,65,22532.4,22621.8,22397.1,22421.95,mid_price,no_price_available
2026-10-05T10:52:02.688988+00:00,2026-10-05T16:22:02.688988+05:30,NIFTY,27-Oct-2026,25650.0,CE,22555.75,1.15,1755,3.2,1300,0.0,2.175,66,0,0,0,17.45,0.0018192034514798036,6.024524719331012e-06,-0.13368632892171117,0.3218463030683331,0.09836254817652809,-0.00041031514403451984,15.82398566365667,1.8074577962269135e-08,0.00026166043765161133,-1.0980459076978214e-06,-0.0733425421139533,81.56462747432937,-0.0015801332816441347,4.658676956860891e-06,0.06017495278450025,22623.7,0.049987692127564924,0.0123,index_dividend_yield,0.065,14.67,65,22532.4,22621.8,22397.1,22421.95,mid_price,wide_quote_low_liquidity
2026-10-05T10:52:02.688988+00:00,2026-10-05T16:22:02.688988+05:30,NIFTY,27-Oct-2026,25650.0,PE,22555.75,2709.5,650,3590.95,3445,3005,3150.225,5,2,4,20.568940959335567,34.23,-0.9259562338608013,7.343291059337266e-05,-2.4340904110042088,7.69534233030371,0.6237592736389463,-0.005130593297323238,50.08627989808545,5.297148246187677e-08,0.00026342491740796194,-2.234214878093935e-06,-0.5843697147413689,-6.8014934413125605,0.9339719363412432,5.6784597025366547e-05,0.06017495278450025,22623.7,0.049987692127564924,0.0123,index_dividend_yield,0.065,14.67,65,22532.4,22621.8,22397.1,22421.95,mid_price,wide_quote_low_liquidity
2026-10-05T10:52:02.688988+00:00,2026-10-05T16:22:02.688988+05:30,NIFTY,27-Oct-2026,25700.0,CE,22555.75,2,650,2.7,390,2.65,2.35,551,-149,367,-5.357142857142857,20.52,0.006128605080643184,1.5258282649383742e-05,-0.4673323511428558,0.958546785290597,0.21568464504089901,-0.0010568543410064994,29.886445217288724,3.312690517946498e-08,0.00040136887776102156,-1.983447375659719e-06,-0.1682668584080661,62.55645814277182,-0.005292821620765204,1.1753141200537908e-05,0.06017495278450025,22623.7,0.049987692127564924,0.0123,index_dividend_yield,0.065,14.67,65,22532.4,22621.8,22397.1,22421.95,mid_price,wide_quote_low_liquidity
2026-10-05T10:52:02.688988+00:00,2026-10-05T16:22:02.688988+05:30,NIFTY,27-Oct-2026,25700.0,PE,22555.75,2740.3,650,3265.95,650,3020.45,3003.125,109,-1,1,6.541446208112875,29.55,,,,,,,,,,,,,,,0.06017495278450025,,,,,,14.67,65,22532.4,22621.8,22397.1,22421.95,mid_price,no_price_available
2026-10-05T10:52:02.688988+00:00,2026-10-05T16:22:02.688988+05:30,NIFTY,27-Oct-2026,25750.0,CE,22555.75,1.6,1755,3.8,650,1.9,2.7,541,-56,145,-33.333333333333336,20.03,0.004571201525988056,1.2043660615667138e-05,-0.35136156947466396,0.7385327539363128,0.17696632693190578,-0.0008458935242755054,25.52038435864534,2.794477387210318e-08,0.0003560353979279932,-1.7147732602283695e-06,-0.1388033288700702,65.84754965579059,-0.003943341223941874,9.240991841192898e-06,0.06017495278450025,22623.7,0.049987692127564924,0.0123,index_dividend_yield,0.065,14.67,65,22532.4,22621.8,22397.1,22421.95,mid_price,wide_quote_low_liquidity
2026-10-05T10:52:02.688988+00:00,2026-10-05T16:22:02.688988+05:30,NIFTY,27-Oct-2026,25750.0,PE,22555.75,2790.7,650,3162.95,715,0.0,2976.825,5,0,0,0,0,,,,,,,,,,,,,,,0.06017495278450025,,,,,,14.67,65,22532.4,22621.8,22397.1,22421.95,mid_price,no_price_available
2026-10-05T10:52:02.688988+00:00,2026-10-05T16:22:02.688988+05:30,NIFTY,27-Oct-2026,25800.0,CE,22555.75,1.65,195,2.9,195,1.6,2.275,1210,-38,768,-40.74074074074074,19.93,0.003910734481876283,1.052750882866293e-05,-0.3039303501345248,0.6423374095505485,0.1577629027905143,-0.000749851706579696,23.21363657095904,2.5073629950751166e-08,0.0003276227011058928,-1.568293655183255e-06,-0.12496257157274016,67.1090082541723,-0.003368028193883798,8.04638385980398e-06,0.06017495278450025,22623.7,0.049987692127564924,0.0123,index_dividend_yield,0.065,14.67,65,22532.4,22621.8,22397.1,22421.95,mid_price,wide_quote_low_liquidity
2026-10-05T10:52:02.688988+00:00,2026-10-05T16:22:02.688988+05:30,NIFTY,27-Oct-2026,25800.0,PE,22555.75,2790.4,650,3230.55,65,0.0,3010.4750000000004,184,0,0,0,35.36,,,,,,,,,,,,,,,0.06017495278450025,,,,,,14.67,65,22532.4,22621.8,22397.1,22421.95,mid_price,no_price_available
2026-10-05T10:52:02.688988+00:00,2026-10-05T16:22:02.688988+05:30,NIFTY,27-Oct-2026,25850.0,CE,22555.75,1.2,5265,3.4,1300,2,2.3,61,52,67,-14.893617021276595,20.69,0.004684130031367374,1.1916172885225335e-05,-0.3704671049915365,0.7547925225684904,0.17464758104082959,-0.0008611376043910959,25.105189824448093,2.665064487823188e-08,0.0003387404598115848,-1.682645636688735e-06,-0.14097303511213266,63.634720935968105,-0.004022968855567548,9.072568280896298e-06,0.06017495278450025,22623.7,0.049987692127564924,0.0123,index_dividend_yield,0.065,14.67,65,22532.4,22621.8,22397.1,22421.95,mid_price,wide_quote_low_liquidity
2026-10-05T10:52:02.688988+00:00,2026-10-05T16:22:02.688988+05:30,NIFTY,27-Oct-2026,25850.0,PE,22555.75,2785.6,650,3471.95,650,0.0,3128.7749999999996,1,0,0,0,0,,,,,,,,,,,,,,,0.06017495278450025,,,,,,14.67,65,22532.4,22621.8,22397.1,22421.95,mid_price,no_price_available
2026-10-05T10:52:02.688988+00:00,2026-10-05T16:22:02.688988+05:30,NIFTY,27-Oct-2026,25900.0,CE,22555.75,1.65,520,2.5,1300,1.65,2.075,297,-20,288,-29.78723404255319,20.53,0.003938207760068905,1.0284128191993865e-05,-0.31467311312250534,0.6463782490772313,0.15406484317064115,-0.0007533229189400164,22.649433226581362,2.3733842889314243e-08,0.00031025751437536525,-1.5275601831060069e-06,-0.1254669848266763,65.13448569664001,-0.003377044317754615,7.799782602393728e-06,0.06017495278450025,22623.7,0.049987692127564924,0.0123,index_dividend_yield,0.065,14.67,65,22532.4,22621.8,22397.1,22421.95,mid_price,wide_quote_low_liquidity
2026-10-05T10:52:02.688988+00:00,2026-10-05T16:22:02.688988+05:30,NIFTY,27-Oct-2026,25900.0,PE,22555.75,2915.8,650,3313.45,715,0.0,3114.625,28,0,0,0,0,,,,,,,,,,,,,,,0.06017495278450025,,,,,,14.67,65,22532.4,22621.8,22397.1,22421.95,mid_price,no_price_available
2026-10-05T10:52:02.688988+00:00,2026-10-05T16:22:02.688988+05:30,NIFTY,27-Oct-2026,25950.0,CE,22555.75,1.55,845,2.85,1300,1.55,2.2,63,11,33,-27.906976744186046,20.66,0.003699420630099217,9.662209058834387e-06,-0.29924731497353413,0.6111348499994084,0.14588914661776237,-0.0007174238796322756,21.617148798668993,2.233633295078447e-08,0.0002949949879497859,-1.4603783793806956e-06,-0.12022147199569187,65.08926372576236,-0.003166135867533266,7.299888898186304e-06,0.06017495278450025,22623.7,0.049987692127564924,0.0123,index_dividend_yield,0.065,14.67,65,22532.4,22621.8,22397.1,22421.95,mid_price,wide_quote_low_liquidity
2026-10-05T10:52:02.688988+00:00,2026-10-05T16:22:02.688988+05:30,NIFTY,27-Oct-2026,25950.0,PE,22555.75,2872.55,650,3568.65,650,0.0,3220.6000000000004,0,0,0,0,0,,,,,,,,,,,,,,,0.06017495278450025,,,,,,14.67,65,22532.4,22621.8,22397.1,22421.95,mid_price,no_price_available
2026-10-05T10:52:02.688988+00:00,2026-10-05T16:22:02.688988+05:30,NIFTY,27-Oct-2026,26000.0,CE,22555.75,1.5,5005,1.6,585,1.5,1.55,28626,-1535,7595,-9.090909090909092,20.85,0.0035607928557622515,9.251583919758278e-06,-0.291673300553289,0.5905442630667541,0.14036677476269718,-0.000696196245805126,20.898025407575794,2.1291199879116814e-08,0.0002830105440578886,-1.4128395047865959e-06,-0.11709916344614146,64.72079783452725,-0.0030413610299546466,6.962800332895516e-06,0.06017495278450025,22623.7,0.049987692127564924,0.0123,index_dividend_yield,0.065,14.67,65,22532.4,22621.8,22397.1,22421.95,mid_price,ok
2026-10-05T10:52:02.688988+00:00,2026-10-05T16:22:02.688988+05:30,NIFTY,27-Oct-2026,26000.0,PE,22555.75,3339.7,130,3349,130,3347.95,3344.35,28195,-265,1393,-2.4390599274401525,36.39,,,,,,,,,,,,,,,0.06017495278450025,,,,,,14.67,65,22532.4,22621.8,22397.1,22421.95,mid_price,no_price_available
2026-10-05T10:52:02.688988+00:00,2026-10-05T16:22:02.688988+05:30,NIFTY,27-Oct-2026,26050.0,CE,22555.75,0.8,1755,2.3,1235,1.8,1.5499999999999998,101,-4,54,-23.404255319148938,21.52,0.0041195929294653485,1.021461353154936e-05,-0.34283322392750887,0.6729681487059805,0.1523000268374708,-0.0007791592622083148,22.261847821886004,2.232192975610683e-08,0.00029042591902435084,-1.495800990945468e-06,-0.12921453224849655,61.93191665981344,-0.0035094104708405065,7.658099932878831e-06,0.06017495278450025,22623.7,0.049987692127564924,0.0123,index_dividend_yield,0.065,14.67,65,22532.4,22621.8,22397.1,22421.95,mid_price,wide_quote_low_liquidity
2026-10-05T10:52:02.688988+00:00,2026-10-05T16:22:02.688988+05:30,NIFTY,27-Oct-2026,26050.0,PE,22555.75,2959.6,650,3673.6,4095,0.0,3316.6,2,0,0,0,52.23,,,,,,,,,,,,,,,0.06017495278450025,,,,,,14.67,65,22532.4,22621.8,22397.1,22421.95,mid_price,no_price_available
2026-10-05T10:52:02.688988+00:00,2026-10-05T16:22:02.688988+05:30,NIFTY,27-Oct-2026,26100.0,CE,22555.75,1.05,780,2.3,1300,1.7,1.6749999999999998,159,0,15,-8.108108108108109,21.66,0.003898021879001003,9.658453424599753e-06,-0.3282443675136846,0.6404663915679791,0.1450241984375085,-0.0007463433996515254,21.348144903469702,2.112000784470569e-08,0.0002773376035436927,-1.4365772955754293e-06,-0.12444905244058845,61.841345830124276,-0.0033142168215253005,7.21341834428368e-06,0.06017495278450025,22623.7,0.049987692127564924,0.0123,index_dividend_yield,0.065,14.67,65,22532.4,22621.8,22397.1,22421.95,mid_price,wide_quote_low_liquidity
2026-10-05T10:52:02.688988+00:00,2026-10-05T16:22:02.688988+05:30,NIFTY,27-Oct-2026,26100.0,PE,22555.75,3092.6,650,3725.95,650,0.0,3409.2749999999996,3,0,0,0,0,,,,,,,,,,,,,,,0.06017495278450025,,,,,,14.67,65,22532.4,22621.8,22397.1,22421.95,mid_price,no_price_available
2026-10-05T10:52:02.688988+00:00,2026-10-05T16:22:02.688988+05:30,NIFTY,27-Oct-2026,26150.0,CE,22555.75,0.75,325,2.45,1300,0.0,1.6,7,0,0,0,14.76,3.472111482112368e-05,1.7876070029307117e-07,-0.0028261062787294897,0.00807771837661242,0.003974977772313903,-1.3960205630439608e-05,0.8747401231267529,8.963317803224666e-10,1.8142044326957927e-05,-6.384836278873807e-08,-0.003257213704152174,122.82195225356139,-2.9704948170933836e-05,1.329974167706629e-07,0.06017495278450025,22623.7,0.049987692127564924,0.0123,index_dividend_yield,0.065,14.67,65,22532.4,22621.8,22397.1,22421.95,mid_price,wide_quote_low_liquidity
2026-10-05T10:52:02.688988+00:00,2026-10-05T16:22:02.688988+05:30,NIFTY,27-Oct-2026,26150.0,PE,22555.75,3135.1,650,3784,650,0.0,3459.55,3,0,0,0,29.46,,,,,,,,,,,,,,,0.06017495278450025,,,,,,14.67,65,22532.4,22621.8,22397.1,22421.95,mid_price,no_price_available
2026-10-05T10:52:02.688988+00:00,2026-10-05T16:22:02.688988+05:30,NIFTY,27-Oct-2026,26200.0,CE,22555.75,0.7,195,1.25,325,0.7,0.975,300,-6,225,-58.8235294117647,20.33,0.0017792283950753864,5.067620216487335e-06,-0.1516649824502611,0.31540730064284533,0.08312978876343394,-0.0004011996860347853,13.405568849754967,1.3010463966885552e-08,0.0001904491512738953,-9.237718329768787e-07,-0.07188356887588765,70.26516409565106,-0.001509949715492217,3.755917308570575e-06,0.06017495278450025,22623.7,0.049987692127564924,0.0123,index_dividend_yield,0.065,14.67,65,22532.4,22621.8,22397.1,22421.95,mid_price,wide_quote_low_liquidity
2026-10-05T10:52:02.688988+00:00,2026-10-05T16:22:02.688988+05:30,NIFTY,27-Oct-2026,26200.0,PE,22555.75,3508.9,65,3564.55,65,3520,3536.7250000000004,284,-1,1,5.357677342113139,33.65,,,,,,,,,,,,,,,0.06017495278450025,,,,,,14.67,65,22532.4,22621.8,22397.1,22421.95,mid_price,no_price_available
2026-10-05T10:52:02.688988+00:00,2026-10-05T16:22:02.688988+05:30,NIFTY,27-Oct-2026,26250.0,CE,22555.75,0.55,1300,2,65,0.0,1.275,31,0,0,0,16.51,0.00013280208819103678,5.654876738121207e-07,-0.011169875926116521,0.028582520197386444,0.011542825599434025,-4.526618124721701e-05,2.3286351991656082,2.2868794576523046e-09,4.2638241522270446e-05,-1.6765409937979606e-07,-0.009785118464058513,102.44107608738923,-0.00011299847550104913,4.1752171920558023e-07,0.06017495278450025,22623.7,0.049987692127564924,0.0123,index_dividend_yield,0.065,14.67,65,22532.4,22621.8,22397.1,22421.95,mid_price,wide_quote_low_liquidity
2026-10-05T10:52:02.688988+00:00,2026-10-05T16:22:02.688988+05:30,NIFTY,27-Oct-2026,26250.0,PE,22555.75,3160.05,650,3889,650,0.0,3524.525,4,0,0,0,23.75,,,,,,,,,,,,,,,0.06017495278450025,,,,,,14.67,65,22532.4,22621.8,22397.1,22421.95,mid_price,no_price_available
2026-10-05T10:52:02.688988+00:00,2026-10-05T16:22:02.688988+05:30,NIFTY,27-Oct-2026,26300.0,CE,22555.75,0.85,1495,1.6,65,1.35,1.225,597,-17,51,-25,22.17,0.0030841636490074936,7.64615801095562e-06,-0.2717618898031389,0.5189664285991867,0.11816002415088178,-0.0006211107893703614,17.903048886696748,1.6820661702359667e-08,0.00022927683702992632,-1.212118844927978e-06,-0.10592665121401301,61.682288890602,-0.00260219843091979,5.624013006828566e-06,0.06017495278450025,22623.7,0.049987692127564924,0.0123,index_dividend_yield,0.065,14.67,65,22532.4,22621.8,22397.1,22421.95,mid_price,wide_quote_low_liquidity
2026-10-05T10:52:02.688988+00:00,2026-10-05T16:22:02.688988+05:30,NIFTY,27-Oct-2026,26300.0,PE,22555.75,3279.5,260,3652.2,130,3650.45,3465.85,538,0,6,4.298571428571429,39.31,,,,,,,,,,,,,,,0.06017495278450025,,,,,,14.67,65,22532.4,22621.8,22397.1,22421.95,mid_price,no_price_available
2026-10-05T10:52:02.688988+00:00,2026-10-05T16:22:02.688988+05:30,NIFTY,27-Oct-2026,26350.0,CE,22555.75,0.3,8775,2.45,1235,1.05,1.375,18,10,15,-86.875,21.87,0.0024586644278350228,6.317115159866689e-06,-0.21842767240633568,0.4229586196450654,0.1001737139461568,-0.000519215761756358,15.586319952210214,1.4488704357065731e-08,0.0002038972068666605,-1.0624283622022117e-06,-0.09041998583093097,63.7119581716677,-0.0020715972185410747,4.6288392588869896e-06,0.06017495278450025,22623.7,0.049987692127564924,0.0123,index_dividend_yield,0.065,14.67,65,22532.4,22621.8,22397.1,22421.95,mid_price,wide_quote_low_liquidity
2026-10-05T10:52:02.688988+00:00,2026-10-05T16:22:02.688988+05:30,NIFTY,27-Oct-2026,26350.0,PE,22555.75,3221.7,3445,3982.1,3445,0.0,3601.8999999999996,0,0,0,0,0,,,,,,,,,,,,,,,0.06017495278450025,,,,,,14.67,65,22532.4,22621.8,22397.1,22421.95,mid_price,no_price_available
2026-10-05T10:52:02.688988+00:00,2026-10-05T16:22:02.688988+05:30,NIFTY,27-Oct-2026,26400.0,CE,22555.75,0.6,650,1.35,455,1.2,0.9750000000000001,70,0,4,50,22.41,0.002736281616953734,6.790582997798776e-06,-0.246407342601247,0.46588552931671523,0.10643105735791371,-0.0005649724480531579,16.356296422241872,1.4993022811956027e-08,0.0002080946184549862,-1.110596289809702e-06,-0.09743546469152758,61.65081001822611,-0.0022999159050738106,4.956941034331563e-06,0.06017495278450025,22623.7,0.049987692127564924,0.0123,index_dividend_yield,0.065,14.67,65,22532.4,22621.8,22397.1,22421.95,mid_price,wide_quote_low_liquidity
2026-10-05T10:52:02.688988+00:00,2026-10-05T16:22:02.688988+05:30,NIFTY,27-Oct-2026,26400.0,PE,22555.75,3265.85,3510,4044.25,650,0.0,3655.05,3,0,0,0,24.94,,,,,,,,,,,,,,,0.06017495278450025,,,,,,14.67,65,22532.4,22621.8,22397.1,22421.95,mid_price,no_price_available
2026-10-05T10:52:02.688988+00:00,2026-10-05T16:22:02.688988+05:30,NIFTY,27-Oct-2026,26450.0,CE,22555.75,0.65,1300,1.9,1300,0.0,1.275,8,0,0,0,22.4,0.0024501724551491137,6.148375931780998e-06,-0.2228261007215445,0.42163701988318086,0.09757981127106853,-0.0005175268400511544,15.188758506756217,1.376299464207772e-08,0.0001940293883372801,-1.0343627493547858e-06,-0.09015897559988417,62.24433347181014,-0.0020558638071759053,4.471194947301728e-06,0.06017495278450025,22623.7,0.049987692127564924,0.0123,index_dividend_yield,0.065,14.67,65,22532.4,22621.8,22397.1,22421.95,mid_price,wide_quote_low_liquidity
2026-10-05T10:52:02.688988+00:00,2026-10-05T16:22:02.688988+05:30,NIFTY,27-Oct-2026,26450.0,PE,22555.75,3412.3,650,4086.8,650,0.0,3749.55,3,0,0,0,0,,,,,,,,,,,,,,,0.06017495278450025,,,,,,14.67,65,22532.4,22621.8,22397.1,22421.95,mid_price,no_price_available
2026-10-05T10:52:02.688988+00:00,2026-10-05T16:22:02.688988+05:30,NIFTY,27-Oct-2026,26500.0,CE,22555.75,0.85,1560,0.9,32565,0.9,0.875,11218,-27,1316,0,22.28,0.002094866778340646,5.363617877014492e-06,-0.19224762020921732,0.3658502187580392,0.08660115269468498,-0.00045665067439235366,13.71943487010438,1.2296532123203107e-08,0.00017705545843929794,-9.381579275223721e-07,-0.08067665958313691,63.37411014015233,-0.0017549320135950986,3.885801633388586e-06,0.06017495278450025,22623.7,0.049987692127564924,0.0123,index_dividend_yield,0.065,14.67,65,22532.4,22621.8,22397.1,22421.95,mid_price,ok
2026-10-05T10:52:02.688988+00:00,2026-10-05T16:22:02.688988+05:30,NIFTY,27-Oct-2026,26500.0,PE,22555.75,3827.75,65,3853.15,65,3831.3,3840.45,8386,63,138,-2.4469114426847276,38.14,,,,,,,,,,,,,,,0.06017495278450025,,,,,,14.67,65,22532.4,22621.8,22397.1,22421.95,mid_price,no_price_available
2026-10-05T10:52:02.688988+00:00,2026-10-05T16:22:02.688988+05:30,NIFTY,27-Oct-2026,26550.0,CE,22555.75,0.55,1300,1.5,195,0.0,1.025,12,0,0,0,20.24,0.0006984168068252663,2.1609380219968965e-06,-0.0639331114545354,0.13390078470528505,0.03880254631052833,-0.00018586613188524114,6.859336115002834,6.135928073601214e-09,0.00010001429988518879,-4.80785665612114e-07,-0.035909386668180776,75.56648859618369,-0.000585493231661507,1.5596523536645765e-06,0.06017495278450025,22623.7,0.049987692127564924,0.0123,index_dividend_yield,0.065,14.67,65,22532.4,22621.8,22397.1,22421.95,mid_price,wide_quote_low_liquidity
2026-10-05T10:52:02.688988+00:00,2026-10-05T16:22:02.688988+05:30,NIFTY,27-Oct-2026,26550.0,PE,22555.75,3395.95,650,4199.45,650,0.0,3797.7,0,0,0,0,0,,,,,,,,,,,,,,,0.06017495278450025,,,,,,14.67,65,22532.4,22621.8,22397.1,22421.95,mid_price,no_price_available
2026-10-05T10:52:02.688988+00:00,2026-10-05T16:22:02.688988+05:30,NIFTY,27-Oct-2026,26600.0,CE,22555.75,0.7,130,1,65,0.0,0.85,35,0,0,0,20.4,0.0006695847239713657,2.062221494684617e-06,-0.06195671882916791,0.12879404393382604,0.0371731297863641,-0.00017939280879624754,6.596279879413746,5.831085239043487e-09,9.550207939378391e-05,-4.624882595650712e-07,-0.034769282905018045,75.19732639461078,-0.0005602308617316714,1.4828136686248118e-06,0.06017495278450025,22623.7,0.049987692127564924,0.0123,index_dividend_yield,0.065,14.67,65,22532.4,22621.8,22397.1,22421.95,mid_price,wide_quote_low_liquidity
2026-10-05T10:52:02.688988+00:00,2026-10-05T16:22:02.688988+05:30,NIFTY,27-Oct-2026,26600.0,PE,22555.75,3546.05,650,4251.3,650,0.0,3898.675,7,0,0,0,0,,,,,,,,,,,,,,,0.06017495278450025,,,,,,14.67,65,22532.4,22621.8,22397.1,22421.95,mid_price,no_price_available
2026-10-05T10:52:02.688988+00:00,2026-10-05T16:22:02.688988+05:30,NIFTY,27-Oct-2026,26650.0,CE,22555.75,0.4,1755,1.85,1300,0.0,1.125,6,0,0,0,17.26,6.060925455095107e-05,2.5872097674513417e-07,-0.0055666196507944184,0.013671077222439239,0.005566486014940035,-2.2746779211336113e-05,1.1836158107709962,1.0562100326257264e-09,2.0896822991242207e-05,-8.555721096538912e-08,-0.0051494290910786035,102.26325176582255,-5.0796205628221074e-05,1.853325751417328e-07,0.06017495278450025,22623.7,0.049987692127564924,0.0123,index_dividend_yield,0.065,14.67,65,22532.4,22621.8,22397.1,22421.95,mid_price,wide_quote_low_liquidity
2026-10-05T10:52:02.688988+00:00,2026-10-05T16:22:02.688988+05:30,NIFTY,27-Oct-2026,26650.0,PE,22555.75,3485.55,650,4304,650,0.0,3894.775,0,0,0,0,0,,,,,,,,,,,,,,,0.06017495278450025,,,,,,14.67,65,22532.4,22621.8,22397.1,22421.95,mid_price,no_price_available
2026-10-05T10:52:02.688988+00:00,2026-10-05T16:22:02.688988+05:30,NIFTY,27-Oct-2026,26700.0,CE,22555.75,0.75,65,1.75,1300,0.0,1.25,11,0,0,0,19.92,0.00038591113509304993,1.2681636248820052e-06,-0.036308167898788206,0.07733835477485694,0.023942745829240403,-0.00011275820289464765,4.454206235623835,3.862889433128303e-09,6.666590734888316e-05,-3.148905411537179e-07,-0.02274132191915909,79.82592622946586,-0.0003219277668984169,9.0503904125776e-07,0.06017495278450025,22623.7,0.049987692127564924,0.0123,index_dividend_yield,0.065,14.67,65,22532.4,22621.8,22397.1,22421.95,mid_price,wide_quote_low_liquidity
2026-10-05T10:52:02.688988+00:00,2026-10-05T16:22:02.688988+05:30,NIFTY,27-Oct-2026,26700.0,PE,22555.75,3555.75,650,4349,650,0.0,3952.375,4,0,0,0,36.76,,,,,,,,,,,,,,,0.06017495278450025,,,,,,14.67,65,22532.4,22621.8,22397.1,22421.95,mid_price,no_price_available
2026-10-05T10:52:02.688988+00:00,2026-10-05T16:22:02.688988+05:30,NIFTY,27-Oct-2026,26750.0,CE,22555.75,0.65,260,1.9,3900,0.6,1.275,15,0,1,-7.6923076923076925,22.64,0.0014124806492914004,3.6871733333227494e-06,-0.13622765239042367,0.25556435466232075,0.06205535502408043,-0.00033183564430710284,10.251994431530312,8.685551872451248e-09,0.00013161908880141888,-7.066958441767988e-07,-0.06064451060336623,64.32088111263843,-0.0011724948861390283,2.621564372168446e-06,0.06017495278450025,22623.7,0.049987692127564924,0.0123,index_dividend_yield,0.065,14.67,65,22532.4,22621.8,22397.1,22421.95,mid_price,wide_quote_low_liquidity
2026-10-05T10:52:02.688988+00:00,2026-10-05T16:22:02.688988+05:30,NIFTY,27-Oct-2026,26750.0,PE,22555.75,3572.65,650,4408.1,650,0.0,3990.375,0,0,0,0,0,,,,,,,,,,,,,,,0.06017495278450025,,,,,,14.67,65,22532.4,22621.8,22397.1,22421.95,mid_price,no_price_available
2026-10-05T10:52:02.688988+00:00,2026-10-05T16:22:02.688988+05:30,NIFTY,27-Oct-2026,26800.0,CE,22555.75,1.15,65,1.35,1300,1.4,1.25,12,6,8,33.333333333333336,24.77,0.0029332312912577372,6.5410985765080434e-06,-0.28904170213560576,0.49602892655675457,0.10190897997332769,-0.000595827099355328,15.533655372460291,1.2913950935934163e-08,0.0001784288477284568,-1.0484133182460311e-06,-0.10211622347978577,55.541464133429145,-0.0024242547531155064,4.633355794099751e-06,0.06017495278450025,22623.7,0.049987692127564924,0.0123,index_dividend_yield,0.065,14.67,65,22532.4,22621.8,22397.1,22421.95,mid_price,wide_quote_low_liquidity
2026-10-05T10:52:02.688988+00:00,2026-10-05T16:22:02.688988+05:30,NIFTY,27-Oct-2026,26800.0,PE,22555.75,3646.4,650,4233.05,650,0.0,3939.7250000000004,9,0,0,0,0,,,,,,,,,,,,,,,0.06017495278450025,,,,,,14.67,65,22532.4,22621.8,22397.1,22421.95,mid_price,no_price_available
2026-10-05T10:52:02.688988+00:00,2026-10-05T16:22:02.688988+05:30,NIFTY,27-Oct-2026,26850.0,CE,22555.75,0.55,1560,1.35,325,0.55,0.9500000000000001,108,4,29,-21.428571428571427,22.93,0.0012889962052021488,3.3485843907225898e-06,-0.12682154792107556,0.2350691333239597,0.056886638540222134,-0.00030785908511014154,9.4857908557016,7.860547837629728e-09,0.00012051683351546055,-6.547462972147376e-07,-0.05669136852041223,63.95609237108872,-0.001065909821636329,2.36312782095594e-06,0.06017495278450025,22623.7,0.049987692127564924,0.0123,index_dividend_yield,0.065,14.67,65,22532.4,22621.8,22397.1,22421.95,mid_price,wide_quote_low_liquidity
2026-10-05T10:52:02.688988+00:00,2026-10-05T16:22:02.688988+05:30,NIFTY,27-Oct-2026,26850.0,PE,22555.75,3658.75,650,4510.75,650,0.0,4084.75,0,0,0,0,0,,,,,,,,,,,,,,,0.06017495278450025,,,,,,14.67,65,22532.4,22621.8,22397.1,22421.95,mid_price,no_price_available
2026-10-05T10:52:02.688988+00:00,2026-10-05T16:22:02.688988+05:30,NIFTY,27-Oct-2026,26900.0,CE,22555.75,0.8,325,1.5,520,0.0,1.15,492,0,0,0,24.08,0.0018726599093607085,4.482257399295785e-06,-0.18710626929250987,0.33043312553499665,0.07335659491672548,-0.0004166836630962135,11.764711215884377,9.605458309669048e-09,0.00014096662539778187,-8.041382592875885e-07,-0.07435351838411147,59.231213385376684,-0.0015437220789729083,3.1514235607303825e-06,0.06017495278450025,22623.7,0.049987692127564924,0.0123,index_dividend_yield,0.065,14.67,65,22532.4,22621.8,22397.1,22421.95,mid_price,wide_quote_low_liquidity
2026-10-05T10:52:02.688988+00:00,2026-10-05T16:22:02.688988+05:30,NIFTY,27-Oct-2026,26900.0,PE,22555.75,3796.1,650,4426.8,325,0.0,4111.45,22,0,0,0,0,,,,,,,,,,,,,,,0.06017495278450025,,,,,,14.67,65,22532.4,22621.8,22397.1,22421.95,mid_price,no_price_available
2026-10-05T10:52:02.688988+00:00,2026-10-05T16:22:02.688988+05:30,NIFTY,27-Oct-2026,26950.0,CE,22555.75,0.55,1300,1.5,130,1.9,1.025,14,2,2,-55.294117647058826,26.31,0.0037173467437364065,7.6202443932480594e-06,-0.37943775143258746,0.6137903428093798,0.11557235839920851,-0.0007168414966768465,17.114819458338037,1.371884726959022e-08,0.0001835142195798157,-1.1441543652507755e-06,-0.12013140010342237,51.2903459408112,-0.0030505670176887954,5.337844350527823e-06,0.06017495278450025,22623.7,0.049987692127564924,0.0123,index_dividend_yield,0.065,14.67,65,22532.4,22621.8,22397.1,22421.95,mid_price,wide_quote_low_liquidity
2026-10-05T10:52:02.688988+00:00,2026-10-05T16:22:02.688988+05:30,NIFTY,27-Oct-2026,26950.0,PE,22555.75,3746.55,650,4616.2,650,0.0,4181.375,0,0,0,0,0,,,,,,,,,,,,,,,0.06017495278450025,,,,,,14.67,65,22532.4,22621.8,22397.1,22421.95,mid_price,no_price_available
2026-10-05T10:52:02.688988+00:00,2026-10-05T16:22:02.688988+05:30,NIFTY,27-Oct-2026,27000.0,CE,22555.75,0.65,2860,0.7,16640,0.65,0.675,15078,-120,1688,-18.75,23.97,0.0014624405449449446,3.594863763943141e-06,-0.14861534545426885,0.2638036337138259,0.060354276389236246,-0.0003410393813984573,9.935460799658264,7.95335191904576e-09,0.00012038861200888212,-6.829101078193733e-07,-0.06215177070654168,60.64472626434868,-0.0012015745935065288,2.50881970922533e-06,0.06017495278450025,22623.7,0.049987692127564924,0.0123,index_dividend_yield,0.065,14.67,65,22532.4,22621.8,22397.1,22421.95,mid_price,ok
2026-10-05T10:52:02.688988+00:00,2026-10-05T16:22:02.688988+05:30,NIFTY,27-Oct-2026,27000.0,PE,22555.75,4329.75,65,4348.95,65,4348.5,4339.35,14498,-33,162,-1.2949574967938169,44.9,,,,,,,,,,,,,,,0.06017495278450025,,,,,,14.67,65,22532.4,22621.8,22397.1,22421.95,mid_price,no_price_available
2026-10-05T10:52:02.688988+00:00,2026-10-05T16:22:02.688988+05:30,NIFTY,27-Oct-2026,27050.0,CE,22555.75,0.8,1300,1.35,65,1.35,1.0750000000000002,159,4,7,28.571428571428573,25.9,0.0027314600848368426,5.866212385898417e-06,-0.2829418155579315,0.46514445657031317,0.0922386411337005,-0.0005628450967502942,14.178249159575829,1.1157277588881112e-08,0.00015615663875852257,-9.572627189495678e-07,-0.09710951554020625,53.477470047607596,-0.0022350482223801797,4.07885050719238e-06,0.06017495278450025,22623.7,0.049987692127564924,0.0123,index_dividend_yield,0.065,14.67,65,22532.4,22621.8,22397.1,22421.95,mid_price,wide_quote_low_liquidity
2026-10-05T10:52:02.688988+00:00,2026-10-05T16:22:02.688988+05:30,NIFTY,27-Oct-2026,27050.0,PE,22555.75,3833.65,650,4719.45,650,0.0,4276.55,0,0,0,0,0,,,,,,,,,,,,,,,0.06017495278450025,,,,,,14.67,65,22532.4,22621.8,22397.1,22421.95,mid_price,no_price_available
2026-10-05T10:52:02.688988+00:00,2026-10-05T16:22:02.688988+05:30,NIFTY,27-Oct-2026,27100.0,CE,22555.75,0.65,325,1.2,975,0.6,0.925,163,17,21,-50,24.26,0.0013438396971605705,3.287881366686307e-06,-0.13914890247299624,0.24419526487679744,0.055683713319938655,-0.0003182393566631568,9.246229129087984,7.249285279952781e-09,0.0001109352631120203,-6.363550359138253e-07,-0.05840708698902236,60.31376849599749,-0.0010999539423915544,2.2776768197660686e-06,0.06017495278450025,22623.7,0.049987692127564924,0.0123,index_dividend_yield,0.065,14.67,65,22532.4,22621.8,22397.1,22421.95,mid_price,wide_quote_low_liquidity
2026-10-05T10:52:02.688988+00:00,2026-10-05T16:22:02.688988+05:30,NIFTY,27-Oct-2026,27100.0,PE,22555.75,,0,5228.1,3445,0.0,,4,0,0,0,87.61,,,,,,,,,,,,,,,0.06017495278450025,,,,,,14.67,65,22532.4,22621.8,22397.1,22421.95,none,no_price_available
2026-10-05T10:52:02.688988+00:00,2026-10-05T16:22:02.688988+05:30,NIFTY,27-Oct-2026,27150.0,CE,22555.75,0.55,1300,1.5,650,0.0,1.025,34,0,0,0,21.63,0.0003273951940138253,1.002426176417493e-06,-0.033734184233941505,0.06638030159481058,0.019198996601055913,-9.785826789860677e-05,3.6196749116232594,2.8421147750209853e-09,5.0023159508604626e-05,-2.556095647643004e-07,-0.019964004056478073,74.35371778310112,-0.00026833614713743303,6.918744226158488e-07,0.06017495278450025,22623.7,0.049987692127564924,0.0123,index_dividend_yield,0.065,14.67,65,22532.4,22621.8,22397.1,22421.95,mid_price,wide_quote_low_liquidity
2026-10-05T10:52:02.688988+00:00,2026-10-05T16:22:02.688988+05:30,NIFTY,27-Oct-2026,27150.0,PE,22555.75,3967.15,650,4825.85,650,0.0,4396.5,5,0,0,0,0,,,,,,,,,,,,,,,0.06017495278450025,,,,,,14.67,65,22532.4,22621.8,22397.1,22421.95,mid_price,no_price_available
2026-10-05T10:52:02.688988+00:00,2026-10-05T16:22:02.688988+05:30,NIFTY,27-Oct-2026,27200.0,CE,22555.75,0.75,2145,0.9,3055,0.9,0.825,909,34,84,38.46153846153846,25.63,0.0018881424078224579,4.242820240688335e-06,-0.2002550122269856,0.33291513624246705,0.06946612894524382,-0.0004190892842456685,11.130885480159918,8.517217398358251e-09,0.00012529878895484387,-7.589415366453565e-07,-0.07473594327644195,55.669930807627395,-0.0015376268629521625,2.9176377447526217e-06,0.06017495278450025,22623.7,0.049987692127564924,0.0123,index_dividend_yield,0.065,14.67,65,22532.4,22621.8,22397.1,22421.95,mid_price,wide_quote_low_liquidity
2026-10-05T10:52:02.688988+00:00,2026-10-05T16:22:02.688988+05:30,NIFTY,27-Oct-2026,27200.0,PE,22555.75,4498.4,130,4579.7,130,4477.25,4539.049999999999,892,-2,3,-3.4034519956850056,0,,,,,,,,,,,,,,,0.06017495278450025,,,,,,14.67,65,22532.4,22621.8,22397.1,22421.95,mid_price,no_price_available
