fetch_ts_utc,fetch_ts_ist,symbol,expiry_date,strike,option_type,underlying_value,bid_price,bid_qty,ask_price,ask_qty,ltp,mid_price,open_interest,change_in_oi,total_traded_volume,pchange_vs_prev_close,nse_iv,delta,gamma,theta,vega,vanna,charm,vomma,speed,zomma,color,veta,omega,dual_delta,dual_gamma,time_to_expiry_years,futures_price,implied_cost_of_carry,dividend_yield_used,dividend_yield_source,risk_free_rate_used,india_vix,lot_size,underlying_day_open,underlying_day_high,underlying_day_low,underlying_prev_close,price_source_for_iv,data_quality_flag
2026-09-25T09:06:21.031996+00:00,2026-09-25T14:36:21.031996+05:30,NIFTY,29-Sep-2026,15000.0,CE,23129.8,7636.45,1690,8743.75,1690,0.0,8190.1,0,0,0,0,0,,,,,,,,,,,,,,,0.011060976915398276,23204,0.28956286604935927,0.0123,index_dividend_yield,0.065,12.31,65,23035,23162.7,23020.95,23063.1,mid_price,no_nse_iv
2026-09-25T09:06:21.031996+00:00,2026-09-25T14:36:21.031996+05:30,NIFTY,29-Sep-2026,15000.0,PE,23129.8,0.25,12870,0.3,7410,0.3,0.275,1891,211,1619,-33.333333333333336,125.21,-0.00039111904785729684,4.646706356445043e-07,-0.5325175229703134,0.03442876822998661,-0.003647984040262077,0.0005654726627167604,0.2980757032807549,-5.338723863164959e-10,3.651881903331763e-06,-5.644530572549676e-07,-0.050495989384779706,-28.29907206640251,0.00062441202234124,1.1048580021186893e-06,0.011060976915398276,23204,0.28956286604935927,0.0123,index_dividend_yield,0.065,12.31,65,23035,23162.7,23020.95,23063.1,mid_price,wide_quote_low_liquidity
2026-09-25T09:06:21.031996+00:00,2026-09-25T14:36:21.031996+05:30,NIFTY,29-Sep-2026,16500.0,CE,23129.8,6242.6,780,6978.4,780,0.0,6610.5,0,0,0,0,0,,,,,,,,,,,,,,,0.011060976915398276,,,,,,12.31,65,23035,23162.7,23020.95,23063.1,mid_price,no_price_available
2026-09-25T09:06:21.031996+00:00,2026-09-25T14:36:21.031996+05:30,NIFTY,29-Sep-2026,16500.0,PE,23129.8,0.2,94055,0.25,33020,0.25,0.225,2244,-10,2399,-28.571428571428573,96.25,-0.00034556445227094593,5.388036398472256e-07,-0.36461564812408487,0.030687993961737353,-0.004314574088283096,0.0005139316194210925,0.35611799457931603,-8.074520301389608e-10,5.6927148329690685e-06,-6.760009085415559e-07,-0.04624586510846656,-37.39916049693059,0.0004973668894385456,1.0587816052791852e-06,0.011060976915398276,23204,0.28956286604935927,0.0123,index_dividend_yield,0.065,12.31,65,23035,23162.7,23020.95,23063.1,mid_price,wide_quote_low_liquidity
2026-09-25T09:06:21.031996+00:00,2026-09-25T14:36:21.031996+05:30,NIFTY,29-Sep-2026,18000.0,CE,23129.8,5181.55,65,5229.2,65,5190,5205.375,12,0,2,0.9079773686154803,139.95,0.9624266094883036,2.3982604494595827e-05,-36.71337245965331,1.986124593521394,-0.09532612123897,0.016464999190062956,4.1303383072544,-1.358806319014787e-08,3.273761302888434e-05,-5.635736207173881e-06,-0.9577495044799822,4.286372008370112,-0.9481866952215932,3.959999127295481e-05,0.011060976915398276,23204,0.28956286604935927,0.0123,index_dividend_yield,0.065,12.31,65,23035,23162.7,23020.95,23063.1,mid_price,ok
2026-09-25T09:06:21.031996+00:00,2026-09-25T14:36:21.031996+05:30,NIFTY,29-Sep-2026,18000.0,PE,23129.8,0.2,696930,0.25,373555,0.25,0.225,12549,-312,12209,-37.5,72.83,-0.00045071704663978606,9.111836489486807e-07,-0.35265589849867257,0.03926932793400222,-0.00718827178938371,0.0006467879049689254,0.5804610626773468,-1.7581892032115406e-09,1.2217509850088569e-05,-1.095959808273802e-06,-0.05712175653587913,-48.8725861871631,0.0005910169340891053,1.5045432014924684e-06,0.011060976915398276,23204,0.28956286604935927,0.0123,index_dividend_yield,0.065,12.31,65,23035,23162.7,23020.95,23063.1,mid_price,wide_quote_low_liquidity
2026-09-25T09:06:21.031996+00:00,2026-09-25T14:36:21.031996+05:30,NIFTY,29-Sep-2026,19500.0,CE,23129.8,3687.05,65,3700.9,65,3700,3693.9750000000004,1580,-122,425,2.554152750252921,99.68,0.9540037436630605,3.968928600450377e-05,-31.42995140039976,2.3410924072875177,-0.15268925647687892,0.018740476252177982,6.263525504583756,-2.932465194252587e-08,6.637093028827762e-05,-8.10896654579593e-06,-1.0571160710566205,5.982601555663522,-0.9424393797908673,5.58403097223836e-05,0.011060976915398276,23204,0.28956286604935927,0.0123,index_dividend_yield,0.065,12.31,65,23035,23162.7,23020.95,23063.1,mid_price,ok
2026-09-25T09:06:21.031996+00:00,2026-09-25T14:36:21.031996+05:30,NIFTY,29-Sep-2026,19500.0,PE,23129.8,0.35,202670,0.4,115960,0.4,0.375,14284,-1699,13486,-46.666666666666664,53.87,-0.0011376611605034969,2.8919770405901737e-06,-0.6111743416692632,0.09218899006200244,-0.02107028323502288,0.0013969283645481132,1.564138661451192,-6.923397915613287e-09,4.369836720316954e-05,-2.8892748504877017e-06,-0.11515784857937413,-62.21095037993778,0.0013711206819965697,4.068828389562176e-06,0.011060976915398276,23204,0.28956286604935927,0.0123,index_dividend_yield,0.065,12.31,65,23035,23162.7,23020.95,23063.1,mid_price,ok
2026-09-25T09:06:21.031996+00:00,2026-09-25T14:36:21.031996+05:30,NIFTY,29-Sep-2026,20800.0,CE,23129.8,2132.95,780,2464.25,780,0.0,2298.6,0,0,0,0,0,,,,,,,,,,,,,,,0.011060976915398276,,,,,,12.31,65,23035,23162.7,23020.95,23063.1,mid_price,no_price_available
2026-09-25T09:06:21.031996+00:00,2026-09-25T14:36:21.031996+05:30,NIFTY,29-Sep-2026,20800.0,PE,23129.8,0.6,38155,0.65,51480,0.65,0.625,2964,2964,50291,-97.60589318600368,36.5,-0.002554038451814494,8.91129360349398e-06,-0.8614053821232225,0.19247346207601215,-0.05986777964492274,0.0026754819262775785,4.077832109075405,-2.8919021459361418e-08,0.00016438218002778925,-7.325059008495176e-06,-0.20611938100956878,-86.52329583304932,0.0028729401793000505,1.101939720304905e-05,0.011060976915398276,23204,0.28956286604935927,0.0123,index_dividend_yield,0.065,12.31,65,23035,23162.7,23020.95,23063.1,mid_price,ok
2026-09-25T09:06:21.031996+00:00,2026-09-25T14:36:21.031996+05:30,NIFTY,29-Sep-2026,20850.0,CE,23129.8,2086.55,780,2467.7,780,0.0,2277.125,0,0,0,0,0,,,,,,,,,,,,,,,0.011060976915398276,,,,,,12.31,65,23035,23162.7,23020.95,23063.1,mid_price,no_price_available
2026-09-25T09:06:21.031996+00:00,2026-09-25T14:36:21.031996+05:30,NIFTY,29-Sep-2026,20850.0,PE,23129.8,0.65,8580,0.7,1105,0.7,0.675,520,510,1669,-92.22222222222223,36.01,-0.002765821314426714,9.706368203432167e-06,-0.913042381313493,0.20683171080830678,-0.06461183166500467,0.0028477876757026285,4.360396786134229,-3.163037396416585e-08,0.00017767137853675054,-7.80828406229454e-06,-0.21784543512042714,-87.12102141658887,0.0031034624944764424,1.1945061725961763e-05,0.011060976915398276,23204,0.28956286604935927,0.0123,index_dividend_yield,0.065,12.31,65,23035,23162.7,23020.95,23063.1,mid_price,ok
2026-09-25T09:06:21.031996+00:00,2026-09-25T14:36:21.031996+05:30,NIFTY,29-Sep-2026,20900.0,CE,23129.8,2040.25,780,2415.35,780,0.0,2227.8,0,0,0,0,0,,,,,,,,,,,,,,,0.011060976915398276,,,,,,12.31,65,23035,23162.7,23020.95,23063.1,mid_price,no_price_available
2026-09-25T09:06:21.031996+00:00,2026-09-25T14:36:21.031996+05:30,NIFTY,29-Sep-2026,20900.0,PE,23129.8,0.7,520,0.75,10725,0.75,0.725,978,978,7351,-97.60383386581469,35.26,-0.002820520432108348,1.0089545337462467e-05,-0.9097496059026293,0.21051892569726655,-0.0670253726675269,0.002891816139007066,4.512878661085143,-3.3509499521870825e-08,0.00018767167659597162,-8.07343272602854e-06,-0.22082470810993496,-88.8446979576554,0.0031565725775031697,1.2357276916467093e-05,0.011060976915398276,23204,0.28956286604935927,0.0123,index_dividend_yield,0.065,12.31,65,23035,23162.7,23020.95,23063.1,mid_price,ok
2026-09-25T09:06:21.031996+00:00,2026-09-25T14:36:21.031996+05:30,NIFTY,29-Sep-2026,20950.0,CE,23129.8,1993.6,780,2313.3,780,0.0,2153.45,0,0,0,0,0,,,,,,,,,,,,,,,0.011060976915398276,,,,,,12.31,65,23035,23162.7,23020.95,23063.1,mid_price,no_price_available
2026-09-25T09:06:21.031996+00:00,2026-09-25T14:36:21.031996+05:30,NIFTY,29-Sep-2026,20950.0,PE,23129.8,0.7,5265,0.75,195,0.75,0.725,546,546,1647,-97.76785714285714,34.74,-0.0030400646879359095,1.0956423900090844e-05,-0.95876482729044,0.22523500197629923,-0.07214506138761528,0.0030657433446629736,4.81455977327555,-3.6603485759868465e-08,0.00020266045394941318,-8.586520190166516e-06,-0.23252873393895213,-89.6063816031332,0.0033938334176076145,1.3355019516268067e-05,0.011060976915398276,23204,0.28956286604935927,0.0123,index_dividend_yield,0.065,12.31,65,23035,23162.7,23020.95,23063.1,mid_price,ok
2026-09-25T09:06:21.031996+00:00,2026-09-25T14:36:21.031996+05:30,NIFTY,29-Sep-2026,21000.0,CE,23129.8,2193.5,65,2202,65,2202.05,2197.75,5051,-1176,1994,4.397193381690609,63.99,0.9301276051517477,8.600361906978866e-05,-28.524481771395276,3.2566124440299116,-0.2950686389571744,0.023125162483496435,10.606554795296264,-8.53278672841055e-08,0.00014570667695302494,-1.1296902229999095e-05,-1.2331161527499386,9.818981697354147,-0.9201255863557088,0.00010433304736751546,0.011060976915398276,23204,0.28956286604935927,0.0123,index_dividend_yield,0.065,12.31,65,23035,23162.7,23020.95,23063.1,mid_price,ok
2026-09-25T09:06:21.031996+00:00,2026-09-25T14:36:21.031996+05:30,NIFTY,29-Sep-2026,21000.0,PE,23129.8,0.6,740285,0.65,410930,0.65,0.625,155314,-14736,180021,-59.375,33.76,-0.002935676854566317,1.0925036916568468e-05,-0.9025986384673422,0.21825419106090257,-0.0722702505815177,0.002983652374124344,4.843043340857653,-3.773939566537909e-08,0.00021006188567686957,-8.646333143389763e-06,-0.22701738427013166,-92.51428025948694,0.0032683607977559365,1.3253423593526383e-05,0.011060976915398276,23204,0.28956286604935927,0.0123,index_dividend_yield,0.065,12.31,65,23035,23162.7,23020.95,23063.1,mid_price,ok
2026-09-25T09:06:21.031996+00:00,2026-09-25T14:36:21.031996+05:30,NIFTY,29-Sep-2026,21050.0,CE,23129.8,1901.2,780,2212.4,780,0.0,2056.8,0,0,0,0,0,,,,,,,,,,,,,,,0.011060976915398276,,,,,,12.31,65,23035,23162.7,23020.95,23063.1,mid_price,no_price_available
2026-09-25T09:06:21.031996+00:00,2026-09-25T14:36:21.031996+05:30,NIFTY,29-Sep-2026,21050.0,PE,23129.8,0.7,6175,0.75,715,0.75,0.725,591,591,2546,-98.05447470817121,33.24,-0.003172486711550758,1.1898971336396333e-05,-0.952766674225632,0.23404947668153206,-0.07799109192019858,0.003169061470934689,5.178071312654881,-4.135757465436093e-08,0.00022745056935780502,-9.214181954217859e-06,-0.23943337192100117,-93.34437912653041,0.0035232823514111038,1.4366433701804998e-05,0.011060976915398276,23204,0.28956286604935927,0.0123,index_dividend_yield,0.065,12.31,65,23035,23162.7,23020.95,23063.1,mid_price,ok
2026-09-25T09:06:21.031996+00:00,2026-09-25T14:36:21.031996+05:30,NIFTY,29-Sep-2026,21100.0,CE,23129.8,1854.4,780,2161,780,0.0,2007.7,0,0,0,0,0,,,,,,,,,,,,,,,0.011060976915398276,,,,,,12.31,65,23035,23162.7,23020.95,23063.1,mid_price,no_price_available
2026-09-25T09:06:21.031996+00:00,2026-09-25T14:36:21.031996+05:30,NIFTY,29-Sep-2026,21100.0,PE,23129.8,0.75,51870,0.8,20475,0.8,0.775,2737,2736,12354,-42.857142857142854,32.48,-0.0032345774159277365,1.239163093202446e-05,-0.9470933188507387,0.2381670797124508,-0.0810514717742134,0.0032170329583269975,5.368643720063237,-4.398990575646375e-08,0.00024117096647341375,-9.542984263524265e-06,-0.2426274732292205,-95.38819626088672,0.0035829123898672927,1.4890432577218557e-05,0.011060976915398276,23204,0.28956286604935927,0.0123,index_dividend_yield,0.065,12.31,65,23035,23162.7,23020.95,23063.1,mid_price,ok
2026-09-25T09:06:21.031996+00:00,2026-09-25T14:36:21.031996+05:30,NIFTY,29-Sep-2026,21150.0,CE,23129.8,1808.15,780,2097.65,780,0.0,1952.9,0,0,0,0,0,,,,,,,,,,,,,,,0.011060976915398276,,,,,,12.31,65,23035,23162.7,23020.95,23063.1,mid_price,no_price_available
2026-09-25T09:06:21.031996+00:00,2026-09-25T14:36:21.031996+05:30,NIFTY,29-Sep-2026,21150.0,PE,23129.8,0.8,64285,0.85,14625,0.85,0.825,1529,1499,4327,-66,32.14,-0.003665437780880707,1.4011641236375435e-05,-1.0483228629794865,0.2664846035279735,-0.09024254666977101,0.003542805310534783,5.88617316836379,-4.9478174750293537e-08,0.0002658931375586397,-1.0406249562796098e-05,-0.2641282180506455,-95.34364717512973,0.004050593670092298,1.675760774436512e-05,0.011060976915398276,23204,0.28956286604935927,0.0123,index_dividend_yield,0.065,12.31,65,23035,23162.7,23020.95,23063.1,mid_price,ok
2026-09-25T09:06:21.031996+00:00,2026-09-25T14:36:21.031996+05:30,NIFTY,29-Sep-2026,21200.0,CE,23129.8,1761.6,780,2066.25,780,0.0,1913.925,0,0,0,0,0,,,,,,,,,,,,,,,0.011060976915398276,,,,,,12.31,65,23035,23162.7,23020.95,23063.1,mid_price,no_price_available
2026-09-25T09:06:21.031996+00:00,2026-09-25T14:36:21.031996+05:30,NIFTY,29-Sep-2026,21200.0,PE,23129.8,0.8,104585,0.85,34970,0.9,0.825,3032,2747,18764,-48.57142857142857,31.38,-0.003747489153601897,1.4638812035131807e-05,-1.0437369302142199,0.27182914217957965,-0.09404625330406845,0.003603494128325031,6.11730564750998,-5.2817139278609515e-08,0.0002827811425768257,-1.0800917171649114e-05,-0.26809821854726185,-97.48135381783125,0.004130559279347791,1.7425203855408536e-05,0.011060976915398276,23204,0.28956286604935927,0.0123,index_dividend_yield,0.065,12.31,65,23035,23162.7,23020.95,23063.1,mid_price,ok
2026-09-25T09:06:21.031996+00:00,2026-09-25T14:36:21.031996+05:30,NIFTY,29-Sep-2026,21250.0,CE,23129.8,1715.3,780,2016.5,780,0.0,1865.9,0,0,0,0,0,,,,,,,,,,,,,,,0.011060976915398276,,,,,,12.31,65,23035,23162.7,23020.95,23063.1,mid_price,no_price_available
2026-09-25T09:06:21.031996+00:00,2026-09-25T14:36:21.031996+05:30,NIFTY,29-Sep-2026,21250.0,PE,23129.8,0.85,16510,0.9,26780,0.9,0.875,1401,1401,4235,-98.21251241310824,30.8,-0.004012372569708967,1.585572068882533e-05,-1.0887546137665984,0.28898409722436624,-0.10100107203059967,0.003796849900802943,6.513213222893471,-5.7784183674449606e-08,0.00030587733867072013,-1.1461706707229914e-05,-0.2806756354077344,-98.7225383342317,0.0044115500119527185,1.8785029136152425e-05,0.011060976915398276,23204,0.28956286604935927,0.0123,index_dividend_yield,0.065,12.31,65,23035,23162.7,23020.95,23063.1,mid_price,ok
2026-09-25T09:06:21.031996+00:00,2026-09-25T14:36:21.031996+05:30,NIFTY,29-Sep-2026,21300.0,CE,23129.8,1668.55,780,1960.65,780,0.0,1814.6,0,0,0,0,0,,,,,,,,,,,,,,,0.011060976915398276,,,,,,12.31,65,23035,23162.7,23020.95,23063.1,mid_price,no_price_available
2026-09-25T09:06:21.031996+00:00,2026-09-25T14:36:21.031996+05:30,NIFTY,29-Sep-2026,21300.0,PE,23129.8,0.9,45435,0.95,76050,0.95,0.925,2191,1380,12617,-47.22222222222222,30.04,-0.0041099876237026675,1.6610442795703074e-05,-1.0846116661578014,0.29526935759003875,-0.10551249368904309,0.00386698845296527,6.783271712083455,-6.190040993911417e-08,0.0003262953965077983,-1.191947332504247e-05,-0.2852119210220673,-101.02200891205788,0.004507239737200821,1.9586902343397812e-05,0.011060976915398276,23204,0.28956286604935927,0.0123,index_dividend_yield,0.065,12.31,65,23035,23162.7,23020.95,23063.1,mid_price,ok
2026-09-25T09:06:21.031996+00:00,2026-09-25T14:36:21.031996+05:30,NIFTY,29-Sep-2026,21350.0,CE,23129.8,1778.8,780,1902.8,780,0.0,1840.8,0,0,0,0,0,,,,,,,,,,,,,,,0.011060976915398276,23204,0.28956286604935927,0.0123,index_dividend_yield,0.065,12.31,65,23035,23162.7,23020.95,23063.1,mid_price,no_nse_iv
2026-09-25T09:06:21.031996+00:00,2026-09-25T14:36:21.031996+05:30,NIFTY,29-Sep-2026,21350.0,PE,23129.8,0.95,281320,1,138905,1,0.975,29985,-7689,43526,-51.21951219512195,29.76,-0.004763275717358959,1.9128442765638373e-05,-1.2254538545953355,0.33686026321077506,-0.11917808731211386,0.004324926301054646,7.515875623782447,-7.053434748631497e-08,0.0003625049069393317,-1.3111216471151505e-05,-0.3145033733764697,-100.5978872774402,0.005211653528973964,2.2450582421571187e-05,0.011060976915398276,23204,0.28956286604935927,0.0123,index_dividend_yield,0.065,12.31,65,23035,23162.7,23020.95,23063.1,mid_price,ok
2026-09-25T09:06:21.031996+00:00,2026-09-25T14:36:21.031996+05:30,NIFTY,29-Sep-2026,21400.0,CE,23129.8,1731.35,845,1841.25,65,0.0,1786.3,1,0,0,0,0,,,,,,,,,,,,,,,0.011060976915398276,23204,0.28956286604935927,0.0123,index_dividend_yield,0.065,12.31,65,23035,23162.7,23020.95,23063.1,mid_price,no_nse_iv
2026-09-25T09:06:21.031996+00:00,2026-09-25T14:36:21.031996+05:30,NIFTY,29-Sep-2026,21400.0,PE,23129.8,1,224250,1.05,283855,1,1.025,49126,8276,83691,-52.38095238095238,28.99,-0.004884879483880587,2.0082803982283416e-05,-1.2204115645375433,0.3445163248208545,-0.12473949386962793,0.004407627112806061,7.840249509312086,-7.57960512510082e-08,0.00038774960095488737,-1.3654167704903509e-05,-0.31973534644411933,-103.05005544641905,0.005330967611246167,2.346067793809537e-05,0.011060976915398276,23204,0.28956286604935927,0.0123,index_dividend_yield,0.065,12.31,65,23035,23162.7,23020.95,23063.1,mid_price,ok
2026-09-25T09:06:21.031996+00:00,2026-09-25T14:36:21.031996+05:30,NIFTY,29-Sep-2026,21450.0,CE,23129.8,1679.55,780,1808.55,780,0.0,1744.05,0,0,0,0,0,,,,,,,,,,,,,,,0.011060976915398276,23204,0.28956286604935927,0.0123,index_dividend_yield,0.065,12.31,65,23035,23162.7,23020.95,23063.1,mid_price,no_nse_iv
2026-09-25T09:06:21.031996+00:00,2026-09-25T14:36:21.031996+05:30,NIFTY,29-Sep-2026,21450.0,PE,23129.8,1.1,110110,1.15,64545,1.15,1.125,5000,1160,23190,-48.888888888888886,28.5,-0.00538739404297301,2.2288433636305612e-05,-1.3085480731382644,0.37589075950123557,-0.1366259149127758,0.00474358333349103,8.474499260106821,-8.441844451188667e-08,0.0004242848300675548,-1.46792213021741e-05,-0.3408158053882717,-103.86670641931632,0.005865223830056246,2.591604411969674e-05,0.011060976915398276,23204,0.28956286604935927,0.0123,index_dividend_yield,0.065,12.31,65,23035,23162.7,23020.95,23063.1,mid_price,ok
2026-09-25T09:06:21.031996+00:00,2026-09-25T14:36:21.031996+05:30,NIFTY,29-Sep-2026,21500.0,CE,23129.8,1627.25,780,1754.55,780,0.0,1690.9,1,0,0,0,73.5,0.8391516820313418,0.00013647315543576432,-56.513010950425816,5.935698227072732,-0.3034804210862996,0.027218163991082858,7.319282636269353,-8.147341621793777e-08,-1.7393036877292115e-05,1.815974352136803e-06,-1.3905268390898766,10.789194488958513,-0.8190903741255483,0.000157947977170745,0.011060976915398276,23204,0.28956286604935927,0.0123,index_dividend_yield,0.065,12.31,65,23035,23162.7,23020.95,23063.1,mid_price,ok
2026-09-25T09:06:21.031996+00:00,2026-09-25T14:36:21.031996+05:30,NIFTY,29-Sep-2026,21500.0,PE,23129.8,1.2,561210,1.25,453960,1.25,1.225,74847,8736,187191,-41.86046511627907,27.98,-0.0059072807217404495,2.4637808725410476e-05,-1.3936137543107345,0.40793130091579516,-0.14912492965824148,0.005080352733104492,9.132663906346982,-9.38247727181278e-08,0.000463524449565463,-1.573406326515865e-05,-0.36167969139323797,-104.87593606164467,0.006415676246417509,2.851470706947915e-05,0.011060976915398276,23204,0.28956286604935927,0.0123,index_dividend_yield,0.065,12.31,65,23035,23162.7,23020.95,23063.1,mid_price,ok
2026-09-25T09:06:21.031996+00:00,2026-09-25T14:36:21.031996+05:30,NIFTY,29-Sep-2026,21550.0,CE,23129.8,1580.5,780,1704.8,780,0.0,1642.65,0,0,0,0,0,,,,,,,,,,,,,,,0.011060976915398276,23204,0.28956286604935927,0.0123,index_dividend_yield,0.065,12.31,65,23035,23162.7,23020.95,23063.1,mid_price,no_nse_iv
2026-09-25T09:06:21.031996+00:00,2026-09-25T14:36:21.031996+05:30,NIFTY,29-Sep-2026,21550.0,PE,23129.8,1.25,150475,1.3,104065,1.3,1.275,4774,966,22291,-48,27.19,-0.006058653683036209,2.592880592263186e-05,-1.3843587005607307,0.4171852696554035,-0.1564282922711861,0.005175925332818656,9.54596381858408,-1.0129543156660716e-07,0.0004979308731249326,-1.6414239570650413e-05,-0.3675539952511183,-107.68341605235234,0.006563193184985736,2.9869759308002085e-05,0.011060976915398276,23204,0.28956286604935927,0.0123,index_dividend_yield,0.065,12.31,65,23035,23162.7,23020.95,23063.1,mid_price,ok
2026-09-25T09:06:21.031996+00:00,2026-09-25T14:36:21.031996+05:30,NIFTY,29-Sep-2026,21600.0,CE,23129.8,1596.05,65,1604,65,1589.15,1600.025,593,-51,91,5.426742296082529,49.1,0.9133144917389898,0.00013205104013804648,-26.09737520512002,3.8367240063995838,-0.4209975582624148,0.02519186062185118,13.95090006323918,-1.5609930352375074e-07,0.00021121628617666035,-1.2375812980292564e-05,-1.3085819935429572,13.279720915807278,-0.9043530833278424,0.0001514181999843302,0.011060976915398276,23204,0.28956286604935927,0.0123,index_dividend_yield,0.065,12.31,65,23035,23162.7,23020.95,23063.1,mid_price,ok
2026-09-25T09:06:21.031996+00:00,2026-09-25T14:36:21.031996+05:30,NIFTY,29-Sep-2026,21600.0,PE,23129.8,1.3,274170,1.35,173160,1.35,1.3250000000000002,18381,-65,74506,-46,26.64,-0.006620832424635732,2.8626551974085955e-05,-1.4665145195240707,0.4512741974110876,-0.17054968087854916,0.005525747932643727,10.277001641043947,-1.1268518472803975e-07,0.0005444575494286771,-1.757208848308274e-05,-0.38888476038841624,-108.9665990482234,0.00715481023633459,3.2825042249895096e-05,0.011060976915398276,23204,0.28956286604935927,0.0123,index_dividend_yield,0.065,12.31,65,23035,23162.7,23020.95,23063.1,mid_price,ok
2026-09-25T09:06:21.031996+00:00,2026-09-25T14:36:21.031996+05:30,NIFTY,29-Sep-2026,21650.0,CE,23129.8,1444.65,780,1600.45,780,0.0,1522.5500000000002,1,0,0,0,70.79,0.8245064668342645,0.00014987914831244659,-57.501244478502876,6.2784200725185535,-0.3130627215394144,0.026996827836858046,7.106141754967155,-8.756465683782341e-08,-4.2084714246641824e-05,3.943321497947891e-06,-1.389393447937469,11.483811086455164,-0.8041576358018487,0.00017106815449634724,0.011060976915398276,23204,0.28956286604935927,0.0123,index_dividend_yield,0.065,12.31,65,23035,23162.7,23020.95,23063.1,mid_price,ok
2026-09-25T09:06:21.031996+00:00,2026-09-25T14:36:21.031996+05:30,NIFTY,29-Sep-2026,21650.0,PE,23129.8,1.4,153140,1.45,122525,1.45,1.4249999999999998,6016,1124,36658,-47.27272727272727,25.95,-0.006993142448868234,3.0842902869494175e-05,-1.4985140205450345,0.47361979918771596,-0.18233874868418776,0.005751156263307512,10.900504533682492,-1.2367257166490626e-07,0.0005909968352559289,-1.856603762268392e-05,-0.4024920444714242,-111.2775368089232,0.007538270618159167,3.5203285664496244e-05,0.011060976915398276,23204,0.28956286604935927,0.0123,index_dividend_yield,0.065,12.31,65,23035,23162.7,23020.95,23063.1,mid_price,ok
2026-09-25T09:06:21.031996+00:00,2026-09-25T14:36:21.031996+05:30,NIFTY,29-Sep-2026,21700.0,CE,23129.8,1437.55,780,1553.95,780,0.0,1495.75,0,0,0,0,33.96,0.9655465251363855,9.203219590769606e-05,-10.744149466532088,1.8494589957205847,-0.39962439810947714,0.01652123934734019,17.699936185292973,-2.0721251947917905e-07,0.0006097812273684613,-2.497587186898271e-05,-0.9591538083345297,15.36403448363656,-0.962180419492941,0.00010455963820130993,0.011060976915398276,23204,0.28956286604935927,0.0123,index_dividend_yield,0.065,12.31,65,23035,23162.7,23020.95,23063.1,mid_price,ok
2026-09-25T09:06:21.031996+00:00,2026-09-25T14:36:21.031996+05:30,NIFTY,29-Sep-2026,21700.0,PE,23129.8,1.45,271440,1.5,299520,1.5,1.475,27199,3694,101763,-46.42857142857143,25.16,-0.00720734719379291,3.266954467692162e-05,-1.4912735057122462,0.4863970803565714,-0.19234074315068816,0.005878135441338229,11.44763929335768,-1.3458021500034667e-07,0.0006390420048606173,-1.9448832667677742e-05,-0.4101117320711864,-114.4516622741568,0.007749357074433237,3.7116530122202614e-05,0.011060976915398276,23204,0.28956286604935927,0.0123,index_dividend_yield,0.065,12.31,65,23035,23162.7,23020.95,23063.1,mid_price,ok
2026-09-25T09:06:21.031996+00:00,2026-09-25T14:36:21.031996+05:30,NIFTY,29-Sep-2026,21750.0,CE,23129.8,1388.4,2535,1488.45,2535,0.0,1438.4250000000002,1,0,0,0,67.78,0.8175972349740056,0.00016038955245491172,-56.4531424913379,6.433019694832552,-0.3259341681727257,0.026875902479279196,7.188642613643825,-9.497200763809562e-08,-5.7403331150815895e-05,5.096600843171985e-06,-1.3885389019997392,12.111231443795639,-0.7976748892002838,0.00018138497437028173,0.011060976915398276,23204,0.28956286604935927,0.0123,index_dividend_yield,0.065,12.31,65,23035,23162.7,23020.95,23063.1,mid_price,ok
2026-09-25T09:06:21.031996+00:00,2026-09-25T14:36:21.031996+05:30,NIFTY,29-Sep-2026,21750.0,PE,23129.8,1.5,229645,1.55,178035,1.5,1.525,13576,8196,67853,-50.81967213114754,24.56,-0.00782896233354534,3.599758130273561e-05,-1.5648732632197007,0.523165292622407,-0.20936514664393308,0.006241417932546402,12.308268967637426,-1.5002878752010276e-07,0.0007003206726601041,-2.0786850738319547e-05,-0.43173291952576365,-116.28502704665706,0.008397221207596854,4.0709761091355174e-05,0.011060976915398276,23204,0.28956286604935927,0.0123,index_dividend_yield,0.065,12.31,65,23035,23162.7,23020.95,23063.1,mid_price,ok
2026-09-25T09:06:21.031996+00:00,2026-09-25T14:36:21.031996+05:30,NIFTY,29-Sep-2026,21800.0,CE,23129.8,1396,65,1408.8,65,1300,1402.4,1,0,1,-6.880126069983167,0,,,,,,,,,,,,,,,0.011060976915398276,23204,0.28956286604935927,0.0123,index_dividend_yield,0.065,12.31,65,23035,23162.7,23020.95,23063.1,mid_price,no_nse_iv
2026-09-25T09:06:21.031996+00:00,2026-09-25T14:36:21.031996+05:30,NIFTY,29-Sep-2026,21800.0,PE,23129.8,1.6,274690,1.65,258960,1.65,1.625,52145,16600,222045,-46.774193548387096,23.85,-0.008277670156076725,3.8930391272961915e-05,-1.5949499711814186,0.54943256043811,-0.22456526385436318,0.006496154991317432,13.090657500836599,-1.6571017174325998e-07,0.0007643082235195373,-2.2009504215026646e-05,-0.446741756531537,-119.08630548337564,0.008856357976868618,4.3824758994189966e-05,0.011060976915398276,23204,0.28956286604935927,0.0123,index_dividend_yield,0.065,12.31,65,23035,23162.7,23020.95,23063.1,mid_price,ok
2026-09-25T09:06:21.031996+00:00,2026-09-25T14:36:21.031996+05:30,NIFTY,29-Sep-2026,21850.0,CE,23129.8,1242.95,2535,1408.8,2535,0.0,1325.875,1,0,0,0,39.3,0.9208884312083462,0.00015399294844383834,-20.269416329332717,3.58121690303045,-0.5134232646296644,0.024505367421490086,17.634220990490277,-2.3363712099845848e-07,0.0003664399886188518,-1.7116540580939824e-05,-1.2837715912764915,16.050372947007336,-0.9140913242540435,0.00017256062565696852,0.011060976915398276,23204,0.28956286604935927,0.0123,index_dividend_yield,0.065,12.31,65,23035,23162.7,23020.95,23063.1,mid_price,ok
2026-09-25T09:06:21.031996+00:00,2026-09-25T14:36:21.031996+05:30,NIFTY,29-Sep-2026,21850.0,PE,23129.8,1.7,183755,1.75,157560,1.75,1.725,12640,8696,89130,-48.529411764705884,23.31,-0.009188618822252465,4.365066518247742e-05,-1.7071862788967331,0.6021024309948396,-0.2477642242706881,0.006999281528116877,14.210912708050916,-1.8695993542416422e-07,0.0008429798627440475,-2.3699795646341256e-05,-0.47603057759852496,-120.53773727825323,0.00980751054878443,4.8913837746137066e-05,0.011060976915398276,23204,0.28956286604935927,0.0123,index_dividend_yield,0.065,12.31,65,23035,23162.7,23020.95,23063.1,mid_price,ok
2026-09-25T09:06:21.031996+00:00,2026-09-25T14:36:21.031996+05:30,NIFTY,29-Sep-2026,21900.0,CE,23129.8,1238.65,2535,1339.7,2535,0.0,1289.1750000000002,10,0,0,0,42.56,0.8953211730249429,0.00017507342061869128,-25.999788985918865,4.409192676519659,-0.5158455989819344,0.02664222638348975,15.760900643212228,-2.193987881294397e-07,0.00021445654716301175,-1.063830647193824e-05,-1.358777319631189,15.990073728008307,-0.8864615855951135,0.00019528808309065966,0.011060976915398276,23204,0.28956286604935927,0.0123,index_dividend_yield,0.065,12.31,65,23035,23162.7,23020.95,23063.1,mid_price,ok
2026-09-25T09:06:21.031996+00:00,2026-09-25T14:36:21.031996+05:30,NIFTY,29-Sep-2026,21900.0,PE,23129.8,1.8,273065,1.85,246025,1.85,1.8250000000000002,22639,7148,138122,-50.666666666666664,22.58,-0.00971627961173536,4.731687666319132e-05,-1.7352389018034142,0.6322331275529685,-0.26626755403018254,0.007280131520574923,15.137462850217942,-2.0741418152442796e-07,0.0009233400938856752,-2.511805430547227e-05,-0.492183209619573,-123.7251779026365,0.010344840812322356,5.2780268465293656e-05,0.011060976915398276,23204,0.28956286604935927,0.0123,index_dividend_yield,0.065,12.31,65,23035,23162.7,23020.95,23063.1,mid_price,ok
2026-09-25T09:06:21.031996+00:00,2026-09-25T14:36:21.031996+05:30,NIFTY,29-Sep-2026,21950.0,CE,23129.8,1183.55,2535,1308.85,780,0.0,1246.1999999999998,2,0,0,0,57.77,0.8162737930657054,0.00018903228063435172,-48.72188043652874,6.462128392558133,-0.38668525024565525,0.027086194966679977,8.481575322434765,-1.2915596887393864e-07,-7.910890633805988e-05,6.0456149169882466e-06,-1.3934981229779722,14.119232838554431,-0.7992277343744835,0.0002098991500048445,0.011060976915398276,23204,0.28956286604935927,0.0123,index_dividend_yield,0.065,12.31,65,23035,23162.7,23020.95,23063.1,mid_price,ok
2026-09-25T09:06:21.031996+00:00,2026-09-25T14:36:21.031996+05:30,NIFTY,29-Sep-2026,21950.0,PE,23129.8,1.95,158015,2,159835,2,1.975,9923,2684,80667,-51.80722891566265,22.06,-0.010913347501988586,5.359596259364272e-05,-1.874649385501701,0.6996403113745836,-0.2959675054179187,0.007898386446518708,16.510894765564387,-2.3579665536959054e-07,0.0010218544076605136,-2.7122403242020242e-05,-0.5272636253630146,-125.07544817944674,0.011591877689009334,5.951230633384575e-05,0.011060976915398276,23204,0.28956286604935927,0.0123,index_dividend_yield,0.065,12.31,65,23035,23162.7,23020.95,23063.1,mid_price,ok
2026-09-25T09:06:21.031996+00:00,2026-09-25T14:36:21.031996+05:30,NIFTY,29-Sep-2026,22000.0,CE,23129.8,1197.7,65,1202.75,65,1204.2,1200.225,8569,-1195,2357,8.189209828848659,39.71,0.8912694976658349,0.00019286019415841582,-25.051438671845847,4.531893837232368,-0.559316257954745,0.026900930509676704,16.78911954113893,-2.539051166097872e-07,0.00022881449240465886,-1.047747163847684e-05,-1.3674695057620125,17.267031113825336,-0.8827726433917883,0.00021317731750691867,0.011060976915398276,23204,0.28956286604935927,0.0123,index_dividend_yield,0.065,12.31,65,23035,23162.7,23020.95,23063.1,mid_price,ok
2026-09-25T09:06:21.031996+00:00,2026-09-25T14:36:21.031996+05:30,NIFTY,29-Sep-2026,22000.0,PE,23129.8,2.1,412035,2.15,369915,2.1,2.125,188752,2096,634023,-53.84615384615385,21.51,-0.012197647272721063,6.054223354889637e-05,-2.0117325935625825,0.7706125728580651,-0.32814767479882617,0.008530178199485199,17.966663201970544,-2.6790396752739797e-07,0.001130061717568811,-2.920467784972719e-05,-0.5624653588254102,-126.71979008293133,0.012925251976214419,6.692013870539758e-05,0.011060976915398276,23204,0.28956286604935927,0.0123,index_dividend_yield,0.065,12.31,65,23035,23162.7,23020.95,23063.1,mid_price,ok
2026-09-25T09:06:21.031996+00:00,2026-09-25T14:36:21.031996+05:30,NIFTY,29-Sep-2026,22050.0,CE,23129.8,1140.1,65,1162.4,130,1048.25,1151.25,1,0,1,-8.847826086956522,0,,,,,,,,,,,,,,,0.011060976915398276,23204,0.28956286604935927,0.0123,index_dividend_yield,0.065,12.31,65,23035,23162.7,23020.95,23063.1,mid_price,no_nse_iv
2026-09-25T09:06:21.031996+00:00,2026-09-25T14:36:21.031996+05:30,NIFTY,29-Sep-2026,22050.0,PE,23129.8,2.25,215605,2.3,149175,2.25,2.275,12206,3985,112607,-53.125,20.86,-0.01331802302166513,6.73602290533393e-05,-2.1031925817303185,0.8314863045364759,-0.35963622435838166,0.009056230899885317,19.392961396424933,-3.025911146593002e-07,0.0012481385790083545,-3.123299805438444e-05,-0.5913006464845009,-129.39921626941123,0.014078175673708518,7.411909752146825e-05,0.011060976915398276,23204,0.28956286604935927,0.0123,index_dividend_yield,0.065,12.31,65,23035,23162.7,23020.95,23063.1,mid_price,ok
2026-09-25T09:06:21.031996+00:00,2026-09-25T14:36:21.031996+05:30,NIFTY,29-Sep-2026,22100.0,CE,23129.8,1095.25,130,1108.85,130,1085,1102.05,22,-2,9,7.441699262266673,35.44,0.8953556541757047,0.00021019594525414434,-22.14450010036794,4.408139078947334,-0.623257976954783,0.026690690799262506,19.045634264895472,-3.1417051502623137e-07,0.0003150685651332933,-1.2858429297819386e-05,-1.3602509829853153,19.064826927627184,-0.887924669701916,0.00023024146593857476,0.011060976915398276,23204,0.28956286604935927,0.0123,index_dividend_yield,0.065,12.31,65,23035,23162.7,23020.95,23063.1,mid_price,ok
2026-09-25T09:06:21.031996+00:00,2026-09-25T14:36:21.031996+05:30,NIFTY,29-Sep-2026,22100.0,PE,23129.8,2.4,272480,2.45,245505,2.4,2.425,31763,14772,197465,-53.398058252427184,20.18,-0.014478922378184916,7.483317073061367e-05,-2.1845496000967146,0.8936193203648203,-0.39370153309959893,0.009579318468459162,20.9162391424515,-3.4222468106114587e-07,0.0013807291562904988,-3.336735941907612e-05,-0.6195626231543456,-132.50308226845368,0.015267964990212966,8.196970169436902e-05,0.011060976915398276,23204,0.28956286604935927,0.0123,index_dividend_yield,0.065,12.31,65,23035,23162.7,23020.95,23063.1,mid_price,ok
2026-09-25T09:06:21.031996+00:00,2026-09-25T14:36:21.031996+05:30,NIFTY,29-Sep-2026,22150.0,CE,23129.8,1041.4,65,1061.95,130,0.0,1051.6750000000002,62,0,0,0,31.67,0.9087225664081782,0.0002127609553351412,-18.49108433190335,3.9872846062166136,-0.6730187671547538,0.025720441940177176,21.834860729018413,-3.760077814005205e-07,0.000493311438623192,-1.8174438874355635e-05,-1.3268997119603945,20.492827317075132,-0.9026147266941655,0.00023200012859069997,0.011060976915398276,23204,0.28956286604935927,0.0123,index_dividend_yield,0.065,12.31,65,23035,23162.7,23020.95,23063.1,mid_price,ok
2026-09-25T09:06:21.031996+00:00,2026-09-25T14:36:21.031996+05:30,NIFTY,29-Sep-2026,22150.0,PE,23129.8,2.55,107445,2.6,142545,2.6,2.575,11970,6949,158447,-53.57142857142857,19.54,-0.015978733783430378,8.41128593537862e-05,-2.299750200241032,0.9725774526881524,-0.43465498585712037,0.010226832690941007,22.678382857940658,-3.8986341683727314e-07,0.0015308633711833303,-3.5752293448780154e-05,-0.6539999868021548,-135.2897285918308,0.016808881259025594,9.171886897890205e-05,0.011060976915398276,23204,0.28956286604935927,0.0123,index_dividend_yield,0.065,12.31,65,23035,23162.7,23020.95,23063.1,mid_price,ok
2026-09-25T09:06:21.031996+00:00,2026-09-25T14:36:21.031996+05:30,NIFTY,29-Sep-2026,22200.0,CE,23129.8,996.55,520,1007.6,260,1007.85,1002.075,70,-49,191,10.32840722495895,34.56,0.8774729236104417,0.00024125949416723783,-23.871315009940343,4.933957311815047,-0.6612347896033932,0.027537402048173353,18.707642960906323,-3.4254372564134006e-07,0.00021668143745583277,-8.213623182128337e-06,-1.3889246598833518,20.412883152714084,-0.8694374003592167,0.0002618919920295647,0.011060976915398276,23204,0.28956286604935927,0.0123,index_dividend_yield,0.065,12.31,65,23035,23162.7,23020.95,23063.1,mid_price,ok
2026-09-25T09:06:21.031996+00:00,2026-09-25T14:36:21.031996+05:30,NIFTY,29-Sep-2026,22200.0,PE,23129.8,2.85,478075,2.9,324610,2.9,2.875,73152,19464,507672,-51.666666666666664,18.97,-0.018051457692412294,9.616195121567565e-05,-2.475230543488099,1.0794631936569121,-0.4855543205466474,0.011075024522877813,24.753267333379902,-4.4799727303771086e-07,0.0016981882271096627,-3.8415262296201486e-05,-0.6982300429765167,-137.33986557152645,0.018944446117561613,0.0001043857156720468,0.011060976915398276,23204,0.28956286604935927,0.0123,index_dividend_yield,0.065,12.31,65,23035,23162.7,23020.95,23063.1,mid_price,ok
2026-09-25T09:06:21.031996+00:00,2026-09-25T14:36:21.031996+05:30,NIFTY,29-Sep-2026,22250.0,CE,23129.8,936.95,1755,960.2,130,820,948.575,7,-18,22,-7.953078520514116,0,,,,,,,,,,,,,,,0.011060976915398276,23204,0.28956286604935927,0.0123,index_dividend_yield,0.065,12.31,65,23035,23162.7,23020.95,23063.1,mid_price,no_nse_iv
2026-09-25T09:06:21.031996+00:00,2026-09-25T14:36:21.031996+05:30,NIFTY,29-Sep-2026,22250.0,PE,23129.8,3.05,39130,3.1,31395,3.1,3.075,15204,5129,366193,-53.38345864661654,18.27,-0.019784052556962105,0.00010794218268911609,-2.573870385275736,1.1669895952806764,-0.5353719621375187,0.011741627514538144,26.804093815889996,-5.123758728108546e-07,0.0018884742480210347,-4.104085705690733e-05,-0.7323202047377764,-141.0242477758998,0.020712180640364675,0.00011664736157789008,0.011060976915398276,23204,0.28956286604935927,0.0123,index_dividend_yield,0.065,12.31,65,23035,23162.7,23020.95,23063.1,mid_price,ok
2026-09-25T09:06:21.031996+00:00,2026-09-25T14:36:21.031996+05:30,NIFTY,29-Sep-2026,22300.0,CE,23129.8,894.3,260,909.95,65,893.5,902.125,55,28,78,10.077614882345694,31.98,0.8686128867084403,0.00027372441585931897,-23.25739441624237,5.179993776939537,-0.723640264353953,0.0277897374672002,19.722953271785304,-4.0361546867255383e-07,0.000186299578619969,-6.118994229047553e-06,-1.3977637919812493,22.455456787958614,-0.8608136676775924,0.0002944744142285183,0.011060976915398276,23204,0.28956286604935927,0.0123,index_dividend_yield,0.065,12.31,65,23035,23162.7,23020.95,23063.1,mid_price,ok
2026-09-25T09:06:21.031996+00:00,2026-09-25T14:36:21.031996+05:30,NIFTY,29-Sep-2026,22300.0,PE,23129.8,3.35,194025,3.4,64740,3.35,3.375,63061,12930,491698,-54.10958904109589,17.67,-0.022391383665600124,0.00012393295517129776,-2.7604140933496257,1.2958674939735197,-0.5993331596765104,0.012689764051809979,29.25500540281567,-5.920421796712924e-07,0.002096510523246658,-4.393321154901901e-05,-0.779824896629009,-143.56349045309707,0.023386356338396346,0.00013332783728154459,0.011060976915398276,23204,0.28956286604935927,0.0123,index_dividend_yield,0.065,12.31,65,23035,23162.7,23020.95,23063.1,mid_price,ok
2026-09-25T09:06:21.031996+00:00,2026-09-25T14:36:21.031996+05:30,NIFTY,29-Sep-2026,22350.0,CE,23129.8,847.65,195,858.2,130,837.05,852.925,33,0,15,11.02195105776245,29.37,0.8736949397792302,0.00028999385845016485,-21.100822571299865,5.039993634041611,-0.7856539700625831,0.027650923060954825,21.87554411815551,-4.738310628962625e-07,0.0002713213349421733,-8.380222510331034e-06,-1.3928908120414587,24.110100326611793,-0.8666764260400224,0.0003105828711985914,0.011060976915398276,23204,0.28956286604935927,0.0123,index_dividend_yield,0.065,12.31,65,23035,23162.7,23020.95,23063.1,mid_price,ok
2026-09-25T09:06:21.031996+00:00,2026-09-25T14:36:21.031996+05:30,NIFTY,29-Sep-2026,22350.0,PE,23129.8,3.65,41990,3.7,27560,3.65,3.675,24134,6794,345639,-56.54761904761905,17.02,-0.02514383651808589,0.0001418399763833973,-2.926518678230916,1.4285500048141813,-0.6691952505375569,0.01361993023049819,31.864595024837627,-6.850515902658608e-07,0.0023304834162281626,-4.6876809019859754e-05,-0.8253506404293381,-146.83247195969525,0.026198330885335665,0.00015191034510638236,0.011060976915398276,23204,0.28956286604935927,0.0123,index_dividend_yield,0.065,12.31,65,23035,23162.7,23020.95,23063.1,mid_price,ok
2026-09-25T09:06:21.031996+00:00,2026-09-25T14:36:21.031996+05:30,NIFTY,29-Sep-2026,22400.0,CE,23129.8,799.6,65,805.75,260,810.15,802.675,144,55,270,12.55991663772143,29.48,0.8572078823853725,0.00031433817825191686,-22.741385966664538,5.48355055838281,-0.793230903013642,0.027956610794342956,20.61557584464735,-4.78199965578562e-07,0.00011550213492499757,-2.7115792268206528e-06,-1.4045719990157761,24.913432836912147,-0.8496075565493652,0.00033515434206029025,0.011060976915398276,23204,0.28956286604935927,0.0123,index_dividend_yield,0.065,12.31,65,23035,23162.7,23020.95,23063.1,mid_price,ok
2026-09-25T09:06:21.031996+00:00,2026-09-25T14:36:21.031996+05:30,NIFTY,29-Sep-2026,22400.0,PE,23129.8,4,225030,4.05,90285,4.05,4.025,68446,19673,551031,-56.21621621621622,16.36,-0.028331949614341507,0.0001630329073445236,-3.1024919314954844,1.578322739550198,-0.7489857941815025,0.014618828716384234,34.72357024105577,-7.959350866477734e-07,0.002590295458059183,-4.9876800103495646e-05,-0.8730910069484743,-150.34943029518988,0.02944959480101139,0.00017382930415611036,0.011060976915398276,23204,0.28956286604935927,0.0123,index_dividend_yield,0.065,12.31,65,23035,23162.7,23020.95,23063.1,mid_price,ok
2026-09-25T09:06:21.031996+00:00,2026-09-25T14:36:21.031996+05:30,NIFTY,29-Sep-2026,22450.0,CE,23129.8,750.6,65,755,65,760,752.8,297,141,417,13.951570582502436,28.25,0.85037166206729,0.00033850319453041644,-22.504866571008357,5.658723382614693,-0.830697224335486,0.027979627763003934,20.986124183127064,-5.216220118150281e-07,5.715855462426695e-05,-3.4981698924127673e-07,-1.4065805014845487,26.3421341078393,-0.8428621271087838,0.000359313749229129,0.011060976915398276,23204,0.28956286604935927,0.0123,index_dividend_yield,0.065,12.31,65,23035,23162.7,23020.95,23063.1,mid_price,ok
2026-09-25T09:06:21.031996+00:00,2026-09-25T14:36:21.031996+05:30,NIFTY,29-Sep-2026,22450.0,PE,23129.8,4.65,27820,4.7,35880,4.6,4.675000000000001,28499,8746,452590,-57.00934579439252,15.84,-0.033322127881821456,0.00019259130576013364,-3.429157091282359,1.8052156748274601,-0.8513825172820378,0.01604681220314753,37.983232667228805,-9.313195219380978e-07,0.0028365125086524854,-5.259876011094167e-05,-0.9393300278329864,-151.8245176610073,0.03455726653241136,0.00020443146552163218,0.011060976915398276,23204,0.28956286604935927,0.0123,index_dividend_yield,0.065,12.31,65,23035,23162.7,23020.95,23063.1,mid_price,ok
2026-09-25T09:06:21.031996+00:00,2026-09-25T14:36:21.031996+05:30,NIFTY,29-Sep-2026,22500.0,CE,23129.8,702.25,130,704.25,65,704.9,703.25,8575,-1556,11725,13.895621263532073,27.11,0.8419419486748819,0.0003657837058274252,-22.38911373555149,5.868013631632732,-0.8670527416895224,0.027937722445985892,21.15414961413231,-5.66472242396882e-07,-3.0591958901640334e-05,2.828049061802503e-06,-1.4073011924933032,27.89302503694197,-0.8344792597580765,0.000386547682907594,0.011060976915398276,23204,0.28956286604935927,0.0123,index_dividend_yield,0.065,12.31,65,23035,23162.7,23020.95,23063.1,mid_price,ok
2026-09-25T09:06:21.031996+00:00,2026-09-25T14:36:21.031996+05:30,NIFTY,29-Sep-2026,22500.0,PE,23129.8,5.35,7215,5.4,66950,5.35,5.375,168108,31386,939425,-56.854838709677416,15.22,-0.03843613555985148,0.0002253119838221019,-3.695644155870182,2.0292529446380074,-0.9607944839540201,0.017346814145279256,41.34688598459857,-1.0900467211235136e-06,0.003110583262342384,-5.506761054313845e-05,-0.9976500666969257,-154.78499450860164,0.03976727596039898,0.00023810198182758086,0.011060976915398276,23204,0.28956286604935927,0.0123,index_dividend_yield,0.065,12.31,65,23035,23162.7,23020.95,23063.1,mid_price,ok
2026-09-25T09:06:21.031996+00:00,2026-09-25T14:36:21.031996+05:30,NIFTY,29-Sep-2026,22550.0,CE,23129.8,652.8,195,656.5,130,657.6,654.65,229,121,1358,13.683118679228974,26,0.8322118923027676,0.00039652311540319397,-22.307743035146416,6.100691984361905,-0.902893632920343,0.027798634181618584,21.159903265376645,-6.141802006463376e-07,-0.00014975188870100086,6.785410894699583e-06,-1.4060243443194655,29.611940324731513,-0.8247829867388042,0.0004171758622682254,0.011060976915398276,23204,0.28956286604935927,0.0123,index_dividend_yield,0.065,12.31,65,23035,23162.7,23020.95,23063.1,mid_price,ok
2026-09-25T09:06:21.031996+00:00,2026-09-25T14:36:21.031996+05:30,NIFTY,29-Sep-2026,22550.0,PE,23129.8,5.9,7670,5.95,33085,5.9,5.925000000000001,37269,16981,451092,-58.00711743772242,14.56,-0.044222984273546644,0.0002638841550829551,-3.9509108785332225,2.27358884468446,-1.0836902346516957,0.018649761115955416,44.9096214632565,-1.2800728335610258e-06,0.0034002209576656584,-5.712122775091438e-05,-1.0542543005585923,-158.4287933292671,0.04564634647354383,0.0002776284550869519,0.011060976915398276,23204,0.28956286604935927,0.0123,index_dividend_yield,0.065,12.31,65,23035,23162.7,23020.95,23063.1,mid_price,ok
2026-09-25T09:06:21.031996+00:00,2026-09-25T14:36:21.031996+05:30,NIFTY,29-Sep-2026,22600.0,CE,23129.8,604.35,130,606.15,130,610.9,605.25,841,-72,2851,18.196768888458934,24.17,0.8281210631753365,0.0004331919062375183,-21.205315925876906,6.195754842994221,-0.9713621215313162,0.027679928257854817,22.382088905429143,-7.071565850996782e-07,-0.00022734593304067283,9.081205298143658e-06,-1.4041365037596711,32.0498750086989,-0.821090042669253,0.0004537401501056741,0.011060976915398276,23204,0.28956286604935927,0.0123,index_dividend_yield,0.065,12.31,65,23035,23162.7,23020.95,23063.1,mid_price,ok
2026-09-25T09:06:21.031996+00:00,2026-09-25T14:36:21.031996+05:30,NIFTY,29-Sep-2026,22600.0,PE,23129.8,6.85,1235,6.9,52195,6.85,6.875,69795,17031,717719,-58.610271903323266,13.97,-0.05216417473782302,0.0003138897144236997,-4.313884610037461,2.594840883892616,-1.2288715299830637,0.020204475159775335,48.55184621734887,-1.5050424554637407e-06,0.0036265234000702282,-5.7802255748430497e-05,-1.1194051744876552,-160.87672359052604,0.05371888281896312,0.00032877891781557354,0.011060976915398276,23204,0.28956286604935927,0.0123,index_dividend_yield,0.065,12.31,65,23035,23162.7,23020.95,23063.1,mid_price,ok
2026-09-25T09:06:21.031996+00:00,2026-09-25T14:36:21.031996+05:30,NIFTY,29-Sep-2026,22650.0,CE,23129.8,557.5,130,559.4,130,562.35,558.45,718,2,1690,16.74278596636911,22.35,0.8232703350936498,0.00047683399964018093,-20.108188457479923,6.306406812566663,-1.0495480806399504,0.027509488296136874,23.701758091457137,-8.216733580522009e-07,-0.0003413388704985858,1.2112129991968595e-05,-1.401304003316758,34.919175139893945,-0.8166339746209189,0.0004972497307096795,0.011060976915398276,23204,0.28956286604935927,0.0123,index_dividend_yield,0.065,12.31,65,23035,23162.7,23020.95,23063.1,mid_price,ok
2026-09-25T09:06:21.031996+00:00,2026-09-25T14:36:21.031996+05:30,NIFTY,29-Sep-2026,22650.0,PE,23129.8,8.1,14755,8.2,30745,8.2,8.149999999999999,48758,14668,493069,-59,13.43,-0.06270095484237047,0.00037737877960699625,-4.777289924059773,2.9990984979311337,-1.3937427258956976,0.021915459160825965,51.955836519707695,-1.7643736517053966e-06,0.003728001435217141,-5.618756499445673e-05,-1.1881408619640452,-162.28968072450286,0.0644236994052682,0.00039353631804092893,0.011060976915398276,23204,0.28956286604935927,0.0123,index_dividend_yield,0.065,12.31,65,23035,23162.7,23020.95,23063.1,mid_price,ok
2026-09-25T09:06:21.031996+00:00,2026-09-25T14:36:21.031996+05:30,NIFTY,29-Sep-2026,22700.0,CE,23129.8,506.5,195,508.1,130,509,507.3,2027,865,14697,17.173112338858196,21.98,0.8017214308327782,0.0005206402566576768,-21.021657790148307,6.771777411320369,-1.0449486553471,0.02675907353644239,21.560423400650564,-8.335860008834447e-07,-0.0007110270669612759,2.2075813875585854e-05,-1.3899167821442255,36.895057860546004,-0.794759952545076,0.0005405424253997409,0.011060976915398276,23204,0.28956286604935927,0.0123,index_dividend_yield,0.065,12.31,65,23035,23162.7,23020.95,23063.1,mid_price,ok
2026-09-25T09:06:21.031996+00:00,2026-09-25T14:36:21.031996+05:30,NIFTY,29-Sep-2026,22700.0,PE,23129.8,9.55,19370,9.6,65,9.6,9.575,111873,41097,1028183,-59.578947368421055,12.87,-0.07554975572962158,0.0004546563546667765,-5.264808493783284,3.462573918265875,-1.5727110997289586,0.02354677224575894,54.923135853510495,-2.062236319483862e-06,0.003679478703850082,-5.180166379220548e-05,-1.250867911720536,-163.8466024916435,0.07745003978774626,0.00047203620068237085,0.011060976915398276,23204,0.28956286604935927,0.0123,index_dividend_yield,0.065,12.31,65,23035,23162.7,23020.95,23063.1,mid_price,ok
2026-09-25T09:06:21.031996+00:00,2026-09-25T14:36:21.031996+05:30,NIFTY,29-Sep-2026,22750.0,CE,23129.8,460.6,130,462.5,715,462.7,461.55,1104,249,6733,17.81031190324634,20.68,0.7877255577049972,0.0005762768970562871,-20.611243477313465,7.052108482684871,-1.0894866557050742,0.0260323775644754,21.174049821535146,-9.208309316291997e-07,-0.0010563362514097842,3.0085321361242292e-05,-1.3785142578071718,40.11240120007348,-0.7809104446990267,0.0005956788248297205,0.011060976915398276,23204,0.28956286604935927,0.0123,index_dividend_yield,0.065,12.31,65,23035,23162.7,23020.95,23063.1,mid_price,ok
2026-09-25T09:06:21.031996+00:00,2026-09-25T14:36:21.031996+05:30,NIFTY,29-Sep-2026,22750.0,PE,23129.8,11.8,4810,11.85,5720,11.8,11.825,45261,12676,796371,-59.38037865748709,12.35,-0.09239436865668849,0.0005511448199159316,-5.849692336965848,4.027818835456212,-1.7604091171017842,0.025087003482781544,56.78887316505521,-2.3847497702543468e-06,0.0033085069722789797,-4.2616019959098156e-05,-1.30781985476226,-164.3376925697372,0.09450845560406736,0.0005697006080159472,0.011060976915398276,23204,0.28956286604935927,0.0123,index_dividend_yield,0.065,12.31,65,23035,23162.7,23020.95,23063.1,mid_price,ok
2026-09-25T09:06:21.031996+00:00,2026-09-25T14:36:21.031996+05:30,NIFTY,29-Sep-2026,22800.0,CE,23129.8,411.85,130,412.95,195,414,412.4,7413,1432,79084,19.791666666666668,19.57,0.769143299029651,0.0006389173498565291,-20.42877820796842,7.3989952447812035,-1.1125106081921188,0.02488395350412304,19.92872531632406,-9.915971551214507e-07,-0.0015438808080874998,4.071361976071101e-05,-1.361374414964014,43.64502842388731,-0.7623912772556128,0.0006575347997300985,0.011060976915398276,23204,0.28956286604935927,0.0123,index_dividend_yield,0.065,12.31,65,23035,23162.7,23020.95,23063.1,mid_price,ok
2026-09-25T09:06:21.031996+00:00,2026-09-25T14:36:21.031996+05:30,NIFTY,29-Sep-2026,22800.0,PE,23129.8,14.5,6890,14.6,16510,14.55,14.55,144191,34104,1758092,-59.12921348314607,11.83,-0.11363233211061849,0.0006687455918134894,-6.476521196822741,4.681477256803773,-1.943817008463286,0.026252807975880466,57.09196171506603,-2.721640419895936e-06,0.0025032138980084087,-2.745056796057831e-05,-1.3505635554991016,-164.42149526623083,0.11597711445630378,0.0006882322085668984,0.011060976915398276,23204,0.28956286604935927,0.0123,index_dividend_yield,0.065,12.31,65,23035,23162.7,23020.95,23063.1,mid_price,ok
2026-09-25T09:06:21.031996+00:00,2026-09-25T14:36:21.031996+05:30,NIFTY,29-Sep-2026,22850.0,CE,23129.8,366.45,390,367.4,260,369.45,366.92499999999995,2073,481,38684,21.131147540983605,18.21,0.7502199209367023,0.0007167819890327153,-19.860543452968134,7.723857820987284,-1.144456274827177,0.0234703232041187,18.806430670436747,-1.091798840823656e-06,-0.0021909423970698904,5.307975265671659e-05,-1.341614170241491,48.24626351827859,-0.7436662092145648,0.0007344435653894352,0.011060976915398276,23204,0.28956286604935927,0.0123,index_dividend_yield,0.065,12.31,65,23035,23162.7,23020.95,23063.1,mid_price,ok
2026-09-25T09:06:21.031996+00:00,2026-09-25T14:36:21.031996+05:30,NIFTY,29-Sep-2026,22850.0,PE,23129.8,18.05,3835,18.1,910,18.1,18.075000000000003,73366,28996,1142832,-58.39080459770115,11.32,-0.1406759104441294,0.0008108978184229997,-7.141841251632113,5.43187540730045,-2.1013637541038297,0.02676438822906165,55.06654500793173,-3.040270218651349e-06,0.0010578806653735256,-4.372357350789093e-06,-1.3738069656218628,-163.79761016875304,0.14326785412329143,0.0008308784177638151,0.011060976915398276,23204,0.28956286604935927,0.0123,index_dividend_yield,0.065,12.31,65,23035,23162.7,23020.95,23063.1,mid_price,ok
2026-09-25T09:06:21.031996+00:00,2026-09-25T14:36:21.031996+05:30,NIFTY,29-Sep-2026,22900.0,CE,23129.8,321.35,520,322.2,130,322,321.775,11416,5623,238857,22.31718898385565,17.14,0.7240656683772645,0.0008013634699412219,-19.615327879935148,8.127885928220376,-1.1252705376003092,0.021262683781657365,16.294576054805887,-1.1389101636908646e-06,-0.0030688784642538187,6.901938960961415e-05,-1.3139760294629668,53.22832282475555,-0.7175920996701391,0.0008175274270304293,0.011060976915398276,23204,0.28956286604935927,0.0123,index_dividend_yield,0.065,12.31,65,23035,23162.7,23020.95,23063.1,mid_price,ok
2026-09-25T09:06:21.031996+00:00,2026-09-25T14:36:21.031996+05:30,NIFTY,29-Sep-2026,22900.0,PE,23129.8,23.05,4030,23.1,1755,23,23.075000000000003,119937,33189,2276862,-57.36793327154773,10.86,-0.17591284827377182,0.000978933989916883,-7.869281072545021,6.2910114303307365,-2.1897633017906313,0.026199681995490668,49.593374011882574,-3.26314141650506e-06,-0.0012963898714991482,2.8864590603789307e-05,-1.3722545605107286,-161.53138394909865,0.17877808256174635,0.0009986796454149352,0.011060976915398276,23204,0.28956286604935927,0.0123,index_dividend_yield,0.065,12.31,65,23035,23162.7,23020.95,23063.1,mid_price,ok
2026-09-25T09:06:21.031996+00:00,2026-09-25T14:36:21.031996+05:30,NIFTY,29-Sep-2026,22950.0,CE,23129.8,277,195,277.4,260,277.4,277.2,8136,4029,250194,22.148833113166006,16.17,0.6919543905218541,0.0008941765904573665,-19.39670181169084,8.555995681777144,-1.0542428822226113,0.018175467956293004,12.865849057669188,-1.1323910613161364e-06,-0.0041853441312497295,8.772553851511594e-05,-1.2810339547237146,58.96183811438856,-0.6855478805217865,0.0009082421880686206,0.011060976915398276,23204,0.28956286604935927,0.0123,index_dividend_yield,0.065,12.31,65,23035,23162.7,23020.95,23063.1,mid_price,ok
2026-09-25T09:06:21.031996+00:00,2026-09-25T14:36:21.031996+05:30,NIFTY,29-Sep-2026,22950.0,PE,23129.8,29.6,4290,29.65,65,29.65,29.625,69276,33096,1875531,-55.31273549359457,10.41,-0.22017236271780838,0.0011697136238652413,-8.548697024358523,7.205556347388409,-2.164201930008852,0.02401483356683045,40.62001511368018,-3.3240328149962904e-06,-0.0046420881447305695,7.173904221259625e-05,-1.3429629544337787,-158.3238699222042,0.22329882637704784,0.0011881134805929545,0.011060976915398276,23204,0.28956286604935927,0.0123,index_dividend_yield,0.065,12.31,65,23035,23162.7,23020.95,23063.1,mid_price,ok
2026-09-25T09:06:21.031996+00:00,2026-09-25T14:36:21.031996+05:30,NIFTY,29-Sep-2026,23000.0,CE,23129.8,236.45,325,237.05,325,236.45,236.75,80427,20643,1980769,23.53709508881923,15.27,0.6533960321971028,0.000993359461648893,-19.115889602180022,8.97599724792059,-0.915104844445902,0.014032457177927563,8.78769331616791,-1.047814067679043e-06,-0.005532958640717088,0.00010831730503064266,-1.2461236702230212,65.64840150372692,-0.6470743273800683,0.0010046031040563742,0.011060976915398276,23204,0.28956286604935927,0.0123,index_dividend_yield,0.065,12.31,65,23035,23162.7,23020.95,23063.1,mid_price,ok
2026-09-25T09:06:21.031996+00:00,2026-09-25T14:36:21.031996+05:30,NIFTY,29-Sep-2026,23000.0,PE,23129.8,37.8,3835,37.9,130,37.8,37.849999999999994,293825.8461538461,112940.46153846153,5453309,-53.93053016453382,9.95,-0.2746438621541372,0.0013775918427161636,-9.070596598499655,8.111121075031068,-1.9714195370703624,0.01970988065422598,28.714864839169074,-3.1329826943443e-06,-0.00896846857202302,0.00012200558805612594,-1.2915611449111486,-154.4616410953659,0.27798191495957264,0.0013931845366612664,0.011060976915398276,23204,0.28956286604935927,0.0123,index_dividend_yield,0.065,12.31,65,23035,23162.7,23020.95,23063.1,mid_price,ok
2026-09-25T09:06:21.031996+00:00,2026-09-25T14:36:21.031996+05:30,NIFTY,29-Sep-2026,23050.0,CE,23129.8,196.45,325,196.6,195,196.55,196.52499999999998,53987,33196,2200208,22.499220941103147,14.44,0.6077011967889552,0.0010938717316887475,-18.710967786701588,9.346969669723052,-0.6875141439220411,0.008677751530828011,4.5751263624636,-8.507617570045316e-07,-0.007040163967898219,0.0001289594052106288,-1.2151938159994258,73.45399340229349,-0.6015032178073542,0.0011014588958147289,0.011060976915398276,23204,0.28956286604935927,0.0123,index_dividend_yield,0.065,12.31,65,23035,23162.7,23020.95,23063.1,mid_price,ok
2026-09-25T09:06:21.031996+00:00,2026-09-25T14:36:21.031996+05:30,NIFTY,29-Sep-2026,23050.0,PE,23129.8,48.9,3380,49,1170,49,48.95,141805,98869,4532124,-50.901803607214426,9.44,-0.3402025691207914,0.0015958407616157694,-9.276645248698875,8.914536942297865,-1.5601580527217496,0.012919524470341488,15.62975835358138,-2.5945666830541306e-06,-0.014108261088902974,0.0001747467450530019,-1.233499816570264,-150.55225626261725,0.3436478844396089,0.001606909614961689,0.011060976915398276,23204,0.28956286604935927,0.0123,index_dividend_yield,0.065,12.31,65,23035,23162.7,23020.95,23063.1,mid_price,ok
2026-09-25T09:06:21.031996+00:00,2026-09-25T14:36:21.031996+05:30,NIFTY,29-Sep-2026,23100.0,CE,23129.8,161.55,1170,162,1560,162,161.775,179259,70495,4827099,23.10030395136778,13.75,0.5542868587698838,0.0011814692415488747,-18.193289490964553,9.613075623009818,-0.35131019908868355,0.0020612663335928478,1.1682056584989553,-5.003439005626293e-07,-0.008449363929436174,0.0001457523348251682,-1.1973754341634906,82.16314426449462,-0.5482470360638498,0.0011845195006987034,0.011060976915398276,23204,0.28956286604935927,0.0123,index_dividend_yield,0.065,12.31,65,23035,23162.7,23020.95,23063.1,mid_price,ok
2026-09-25T09:06:21.031996+00:00,2026-09-25T14:36:21.031996+05:30,NIFTY,29-Sep-2026,23100.0,PE,23129.8,62.2,5135,62.4,2730,62.4,62.3,259457,142749,6064496,-48.5360824742268,8.95,-0.41927700808668666,0.0017945607156316353,-9.122665572164543,9.504262720398772,-0.8478022668382545,0.0033982277068140177,4.199404899907222,-1.518867313353948e-06,-0.01926029900877781,0.00021945753827404545,-1.1939938759811601,-145.07728843791605,0.42271164695625413,0.0017991938241801089,0.011060976915398276,23204,0.28956286604935927,0.0123,index_dividend_yield,0.065,12.31,65,23035,23162.7,23020.95,23063.1,mid_price,ok
2026-09-25T09:06:21.031996+00:00,2026-09-25T14:36:21.031996+05:30,NIFTY,29-Sep-2026,23150.0,CE,23129.8,128.3,455,128.6,1105,128.55,128.45,104242,53307,2810296,20.30884417407581,13.15,0.4943251518116169,0.0012468485397838195,-17.429751767772405,9.702344584432668,0.08458572001687759,-0.005530385639892127,0.028925686525127503,4.127506108560475e-09,-0.009478568469288616,0.00015445556072776645,-1.203550467733693,91.99186823529207,-0.488524932798981,0.0012446735633623405,0.011060976915398276,23204,0.28956286604935927,0.0123,index_dividend_yield,0.065,12.31,65,23035,23162.7,23020.95,23063.1,mid_price,ok
2026-09-25T09:06:21.031996+00:00,2026-09-25T14:36:21.031996+05:30,NIFTY,29-Sep-2026,23150.0,PE,23129.8,80.55,390,80.7,1560,80.55,80.625,106627,79475,2075161,-44.48656099241902,8.44,-0.5111937809821672,0.0019420784915928266,-8.416118236398285,9.69943564942447,0.17535465260182237,-0.008344249159758007,0.12046781455410382,1.6763402313574786e-07,-0.022989510024634348,0.00023980777896074506,-1.207016433839946,-138.6054907450209,0.5144326310914523,0.0019386907706362717,0.011060976915398276,23204,0.28956286604935927,0.0123,index_dividend_yield,0.065,12.31,65,23035,23162.7,23020.95,23063.1,mid_price,ok
2026-09-25T09:06:21.031996+00:00,2026-09-25T14:36:21.031996+05:30,NIFTY,29-Sep-2026,23200.0,CE,23129.8,100.45,65,100.5,65,100.8,100.475,217342,33507,3858394,18.658034137728077,12.64,0.4295125452924579,0.001277016097390856,-16.369609914643654,9.551700286242946,0.5926220805254345,-0.013544151640977142,2.5585312713332087,6.392319219069099e-07,-0.009761491372056924,0.00015059147778473395,-1.2415061031702832,102.90783377578397,-0.4240517693284964,0.0012692996404064236,0.011060976915398276,23204,0.28956286604935927,0.0123,index_dividend_yield,0.065,12.31,65,23035,23162.7,23020.95,23063.1,mid_price,ok
2026-09-25T09:06:21.031996+00:00,2026-09-25T14:36:21.031996+05:30,NIFTY,29-Sep-2026,23200.0,PE,23129.8,101.6,1365,101.8,3510,101.6,101.69999999999999,128384,53731,1954243,-41.77650429799427,7.81,-0.6154872743417831,0.0020108454953273944,-6.914186727027903,9.293236241393643,1.4778709433337922,-0.02105434572294213,10.566448015684848,2.5372776005485765e-06,-0.023464022842521443,0.0002168476256002999,-1.3012887028330518,-132.3604668913461,0.6182609081187784,0.001998694824087826,0.011060976915398276,23204,0.28956286604935927,0.0123,index_dividend_yield,0.065,12.31,65,23035,23162.7,23020.95,23063.1,mid_price,ok
2026-09-25T09:06:21.031996+00:00,2026-09-25T14:36:21.031996+05:30,NIFTY,29-Sep-2026,23250.0,CE,23129.8,76.35,2405,76.55,975,76.35,76.44999999999999,141954,-10034,1991658,14.984939759036145,12.25,0.36288166827991386,0.0012587778770783977,-15.042187416587545,9.12478060782369,1.1131882859725661,-0.021105689639731785,9.495566865075133,1.3304307709557278e-06,-0.008966281420069439,0.0001312524869091405,-1.3101615277227112,114.45125963988721,-0.35785137896626806,0.0012457960288827959,0.011060976915398276,23204,0.28956286604935927,0.0123,index_dividend_yield,0.065,12.31,65,23035,23162.7,23020.95,23063.1,mid_price,ok
2026-09-25T09:06:21.031996+00:00,2026-09-25T14:36:21.031996+05:30,NIFTY,29-Sep-2026,23250.0,PE,23129.8,127.75,260,127.95,195,127.95,127.85,63051,8533,529470,-37.91848617176128,7.04,-0.7314915144891558,0.0019247515858776916,-4.524195009678393,8.018342190154996,2.926835758735147,-0.03199904914196901,43.98185439175561,5.626554107323654e-06,-0.016783261781169474,0.0001231451295908161,-1.4732640462199444,-125.70595047786053,0.733498766380127,0.0019049015127574815,0.011060976915398276,23204,0.28956286604935927,0.0123,index_dividend_yield,0.065,12.31,65,23035,23162.7,23020.95,23063.1,mid_price,ok
2026-09-25T09:06:21.031996+00:00,2026-09-25T14:36:21.031996+05:30,NIFTY,29-Sep-2026,23300.0,CE,23129.8,56.4,455,56.5,390,56.4,56.45,190910,11586,2655244,9.19651500484027,11.95,0.2977776059213898,0.001191954678496029,-13.459062072390886,8.42878330714914,1.575258200370272,-0.02731364407849992,20.336956255975203,1.979602871485298e-06,-0.0070987935999582965,9.785561034772783e-05,-1.396477303692862,126.54542481657607,-0.29326648434027364,0.0011746044871315824,0.011060976915398276,23204,0.28956286604935927,0.0123,index_dividend_yield,0.065,12.31,65,23035,23162.7,23020.95,23063.1,mid_price,ok
2026-09-25T09:06:21.031996+00:00,2026-09-25T14:36:21.031996+05:30,NIFTY,29-Sep-2026,23300.0,PE,23129.8,158.15,780,158.55,260,158.2,158.35000000000002,88149,2779,494828,-34.06959783288185,5.54,,,,,,,,,,,,,,,0.011060976915398276,,,,,,12.31,65,23035,23162.7,23020.95,23063.1,mid_price,no_price_available
2026-09-25T09:06:21.031996+00:00,2026-09-25T14:36:21.031996+05:30,NIFTY,29-Sep-2026,23350.0,CE,23129.8,41.55,2210,41.7,5265,41.7,41.625,86462,18138,1336113,4.90566037735849,11.76,0.23795858270006284,0.00108156402286715,-11.749548141509825,7.526564628771883,1.9079248213328819,-0.03141974974818961,33.08350700213802,2.474956571580752e-06,-0.004442782007698948,5.566064870389486e-05,-1.4768327265719177,138.47185175015298,-0.23401228048025954,0.001061261031594216,0.011060976915398276,23204,0.28956286604935927,0.0123,index_dividend_yield,0.065,12.31,65,23035,23162.7,23020.95,23063.1,mid_price,ok
2026-09-25T09:06:21.031996+00:00,2026-09-25T14:36:21.031996+05:30,NIFTY,29-Sep-2026,23350.0,PE,23129.8,191.65,130,192.05,130,191.95,191.85000000000002,17450,292,102895,-31.26230975828111,0,,,,,,,,,,,,,,,0.011060976915398276,,,,,,12.31,65,23035,23162.7,23020.95,23063.1,mid_price,no_price_available
2026-09-25T09:06:21.031996+00:00,2026-09-25T14:36:21.031996+05:30,NIFTY,29-Sep-2026,23400.0,CE,23129.8,29.6,6435,29.7,3965,29.7,29.65,173812,11931,1763288,-3.727714748784441,11.69,0.1864110175547186,0.0009430573143214877,-10.062088659636741,6.523637791092317,2.0724873832469597,-0.03316973360908399,44.9275591187912,2.7414514924098447e-06,-0.00157207783428305,1.2764833864065666e-05,-1.5267682557815476,149.40836426125279,-0.18302527350615214,0.0009214040736280442,0.011060976915398276,23204,0.28956286604935927,0.0123,index_dividend_yield,0.065,12.31,65,23035,23162.7,23020.95,23063.1,mid_price,ok
2026-09-25T09:06:21.031996+00:00,2026-09-25T14:36:21.031996+05:30,NIFTY,29-Sep-2026,23400.0,PE,23129.8,230.75,520,231.35,585,230,231.05,59526,-2451,148199,-27.88838375920991,0,,,,,,,,,,,,,,,0.011060976915398276,,,,,,12.31,65,23035,23162.7,23020.95,23063.1,mid_price,no_price_available
2026-09-25T09:06:21.031996+00:00,2026-09-25T14:36:21.031996+05:30,NIFTY,29-Sep-2026,23450.0,CE,23129.8,21.4,3120,21.45,260,21.45,21.424999999999997,86812,14556,1005431,-8.9171974522293,11.64,0.14243814387298737,0.0007952846819084798,-8.368796117787507,5.477884093622889,2.0924151280421466,-0.03282761717822243,54.43187874961897,2.8169758379280108e-06,0.0010707485019532232,-2.5630837292921974e-05,-1.5321111518469208,160.53250407693335,-0.139618040374091,0.0007737143975458507,0.011060976915398276,23204,0.28956286604935927,0.0123,index_dividend_yield,0.065,12.31,65,23035,23162.7,23020.95,23063.1,mid_price,ok
2026-09-25T09:06:21.031996+00:00,2026-09-25T14:36:21.031996+05:30,NIFTY,29-Sep-2026,23450.0,PE,23129.8,271.35,195,272.1,130,270,271.725,15886,-974,28627,-25.701706108970832,0,,,,,,,,,,,,,,,0.011060976915398276,,,,,,12.31,65,23035,23162.7,23020.95,23063.1,mid_price,no_price_available
2026-09-25T09:06:21.031996+00:00,2026-09-25T14:36:21.031996+05:30,NIFTY,29-Sep-2026,23500.0,CE,23129.8,15.1,65,15.15,4550,15.05,15.125,240852,32051,1700060,-17.534246575342465,11.72,0.10844540900919529,0.0006528084468058745,-6.930983355459805,4.52741825705869,1.9803304540670432,-0.03092444041456128,59.48449234824471,2.684057497789132e-06,0.0030077059645752845,-5.325936158548684e-05,-1.4893020938712924,169.38369251899124,-0.10610689822339767,0.0006324028167991313,0.011060976915398276,23204,0.28956286604935927,0.0123,index_dividend_yield,0.065,12.31,65,23035,23162.7,23020.95,23063.1,mid_price,ok
2026-09-25T09:06:21.031996+00:00,2026-09-25T14:36:21.031996+05:30,NIFTY,29-Sep-2026,23500.0,PE,23129.8,315.95,260,316.9,715,316,316.42499999999995,79579,-4268,109678,-22.18665353361241,0,,,,,,,,,,,,,,,0.011060976915398276,,,,,,12.31,65,23035,23162.7,23020.95,23063.1,mid_price,no_price_available
2026-09-25T09:06:21.031996+00:00,2026-09-25T14:36:21.031996+05:30,NIFTY,29-Sep-2026,23550.0,CE,23129.8,10.95,3835,11,7215,11.05,10.975,81385,16860,695184,-21.071428571428573,11.85,0.08200811952876305,0.0005254572841051782,-5.6794448686116645,3.6846225704768636,1.794641960830852,-0.02808623412005122,60.75426248556859,2.43836993844116e-06,0.004230439503506321,-7.068644081828149e-05,-1.4068472472828755,177.0831780475113,-0.08009001593086484,0.000506873222837826,0.011060976915398276,23204,0.28956286604935927,0.0123,index_dividend_yield,0.065,12.31,65,23035,23162.7,23020.95,23063.1,mid_price,ok
2026-09-25T09:06:21.031996+00:00,2026-09-25T14:36:21.031996+05:30,NIFTY,29-Sep-2026,23550.0,PE,23129.8,360.8,65,361.85,780,359.8,361.32500000000005,5119,-402,5299,-20.617760617760617,0,,,,,,,,,,,,,,,0.011060976915398276,,,,,,12.31,65,23035,23162.7,23020.95,23063.1,mid_price,no_price_available
2026-09-25T09:06:21.031996+00:00,2026-09-25T14:36:21.031996+05:30,NIFTY,29-Sep-2026,23600.0,CE,23129.8,8.15,195,8.2,41730,8.15,8.175,117170,-7179,955802,-27.232142857142858,12.12,0.06340654374393975,0.0004218286406414948,-4.751421893645975,3.0253520841569976,1.579614572737826,-0.02510831983502198,58.66591284291411,2.124115208234022e-06,0.004699928393129182,-7.793102529279918e-05,-1.3069319060895574,181.35832391557415,-0.06180059444396046,0.0004051872887329497,0.011060976915398276,23204,0.28956286604935927,0.0123,index_dividend_yield,0.065,12.31,65,23035,23162.7,23020.95,23063.1,mid_price,ok
2026-09-25T09:06:21.031996+00:00,2026-09-25T14:36:21.031996+05:30,NIFTY,29-Sep-2026,23600.0,PE,23129.8,408,130,409.25,325,407.7,408.625,18566,-3752,18316,-18.370207227950747,0,,,,,,,,,,,,,,,0.011060976915398276,,,,,,12.31,65,23035,23162.7,23020.95,23063.1,mid_price,no_price_available
2026-09-25T09:06:21.031996+00:00,2026-09-25T14:36:21.031996+05:30,NIFTY,29-Sep-2026,23650.0,CE,23129.8,6.15,10010,6.2,29445,6.15,6.175000000000001,73590,3650,616357,-33.15217391304348,12.41,0.04916914105870139,0.00033709231987033247,-3.9677449445501183,2.475471213129042,1.366006169534098,-0.022107029108604077,54.92492944531402,1.8140515649938263e-06,0.004763365139291085,-7.942249327312425e-05,-1.195254217516404,184.74243958766874,-0.04782733234698134,0.00032242619844504117,0.011060976915398276,23204,0.28956286604935927,0.0123,index_dividend_yield,0.065,12.31,65,23035,23162.7,23020.95,23063.1,mid_price,ok
2026-09-25T09:06:21.031996+00:00,2026-09-25T14:36:21.031996+05:30,NIFTY,29-Sep-2026,23650.0,PE,23129.8,454,585,456.5,130,455.35,455.25,3595,-309,2359,-16.610200531086896,0,,,,,,,,,,,,,,,0.011060976915398276,,,,,,12.31,65,23035,23162.7,23020.95,23063.1,mid_price,no_price_available
2026-09-25T09:06:21.031996+00:00,2026-09-25T14:36:21.031996+05:30,NIFTY,29-Sep-2026,23700.0,CE,23129.8,4.8,70915,4.85,60060,4.85,4.824999999999999,110471,1661,759234,-36.18421052631579,12.76,0.03881270120472111,0.0002708933206367516,-3.361125555033493,2.045437492332564,1.1715726986917634,-0.01940436052140991,50.28929677401772,1.5275770411448844e-06,0.004537467930582588,-7.686317857359291e-05,-1.0860747939582553,186.33252725873226,-0.037675617054711584,0.00025801524057256014,0.011060976915398276,23204,0.28956286604935927,0.0123,index_dividend_yield,0.065,12.31,65,23035,23162.7,23020.95,23063.1,mid_price,ok
2026-09-25T09:06:21.031996+00:00,2026-09-25T14:36:21.031996+05:30,NIFTY,29-Sep-2026,23700.0,PE,23129.8,504,195,505.6,65,502.45,504.8,10698,-1221,8750,-15.978260869565217,0,,,,,,,,,,,,,,,0.011060976915398276,,,,,,12.31,65,23035,23162.7,23020.95,23063.1,mid_price,no_price_available
2026-09-25T09:06:21.031996+00:00,2026-09-25T14:36:21.031996+05:30,NIFTY,29-Sep-2026,23750.0,CE,23129.8,3.9,39065,3.95,53560,3.95,3.925,42716,-3510,449430,-38.75968992248062,13.21,0.03174472429105438,0.00022187907307486893,-2.9428536112513335,1.734428501004149,1.0090284314975793,-0.017234227784810725,45.548375530481074,1.2797820093677259e-06,0.0041473661930223156,-7.212272316218118e-05,-0.9926357138047,185.30062785113563,-0.030748911528718018,0.0002104422177571092,0.011060976915398276,23204,0.28956286604935927,0.0123,index_dividend_yield,0.065,12.31,65,23035,23162.7,23020.95,23063.1,mid_price,ok
2026-09-25T09:06:21.031996+00:00,2026-09-25T14:36:21.031996+05:30,NIFTY,29-Sep-2026,23750.0,PE,23129.8,552,65,555,65,555.3,553.5,3126,-404,1283,-13.55180197711528,0,,,,,,,,,,,,,,,0.011060976915398276,,,,,,12.31,65,23035,23162.7,23020.95,23063.1,mid_price,no_price_available
2026-09-25T09:06:21.031996+00:00,2026-09-25T14:36:21.031996+05:30,NIFTY,29-Sep-2026,23800.0,CE,23129.8,3.3,135525,3.35,126425,3.35,3.325,112289,3051,783351,-40.70796460176991,13.74,0.02685586748347027,0.0001856530428238683,-2.657679838402204,1.509475419524303,0.8776914359081965,-0.015541003080171386,41.18682068463109,1.0753782373736043e-06,0.003714549273695929,-6.67645094270776e-05,-0.9161184841054302,182.31566258448626,-0.025956459094241147,0.00017534440493575788,0.011060976915398276,23204,0.28956286604935927,0.0123,index_dividend_yield,0.065,12.31,65,23035,23162.7,23020.95,23063.1,mid_price,ok
2026-09-25T09:06:21.031996+00:00,2026-09-25T14:36:21.031996+05:30,NIFTY,29-Sep-2026,23800.0,PE,23129.8,602.05,260,605.5,325,604.85,603.775,15125,-5412,14777,-12.543377674956622,0,,,,,,,,,,,,,,,0.011060976915398276,,,,,,12.31,65,23035,23162.7,23020.95,23063.1,mid_price,no_price_available
2026-09-25T09:06:21.031996+00:00,2026-09-25T14:36:21.031996+05:30,NIFTY,29-Sep-2026,23850.0,CE,23129.8,2.85,212355,2.9,238095,2.9,2.875,39777,3517,379751,-40.20618556701031,14.22,0.02254221279114842,0.00015487541410949917,-2.3698711482127117,1.3032247462206712,0.7605284803605256,-0.013897325042628604,37.07086622576172,9.044390577999944e-07,0.00331641922025006,-6.136723059929657e-05,-0.8387250767635945,180.2808793217468,-0.021740240550400552,0.00014566307333774948,0.011060976915398276,23204,0.28956286604935927,0.0123,index_dividend_yield,0.065,12.31,65,23035,23162.7,23020.95,23063.1,mid_price,ok
2026-09-25T09:06:21.031996+00:00,2026-09-25T14:36:21.031996+05:30,NIFTY,29-Sep-2026,23850.0,PE,23129.8,651.35,130,655.05,130,647.35,653.2,1583,-245,629,-12.750185322461082,0,,,,,,,,,,,,,,,0.011060976915398276,,,,,,12.31,65,23035,23162.7,23020.95,23063.1,mid_price,no_price_available
2026-09-25T09:06:21.031996+00:00,2026-09-25T14:36:21.031996+05:30,NIFTY,29-Sep-2026,23900.0,CE,23129.8,2.5,508560,2.55,132405,2.55,2.525,88402,-29567,703696,-40.69767441860465,14.75,0.019399265497316884,0.00013149041904969087,-2.16085417940315,1.1476867577919805,0.6658521575683279,-0.012589753111360425,33.46746984459437,7.656738994352834e-07,0.0029429265866911633,-5.624717087725193e-05,-0.7748717472274281,177.15170732330122,-0.018668128342563404,0.00012315216825193549,0.011060976915398276,23204,0.28956286604935927,0.0123,index_dividend_yield,0.065,12.31,65,23035,23162.7,23020.95,23063.1,mid_price,ok
2026-09-25T09:06:21.031996+00:00,2026-09-25T14:36:21.031996+05:30,NIFTY,29-Sep-2026,23900.0,PE,23129.8,702,65,704.8,65,694.15,703.4,8999,-3109,4950,-12.277265259699229,0,,,,,,,,,,,,,,,0.011060976915398276,,,,,,12.31,65,23035,23162.7,23020.95,23063.1,mid_price,no_price_available
2026-09-25T09:06:21.031996+00:00,2026-09-25T14:36:21.031996+05:30,NIFTY,29-Sep-2026,23950.0,CE,23129.8,2.2,285350,2.25,247845,2.25,2.225,27795,-4428,320538,-44.44444444444444,15.32,0.017063968950333314,0.00011348953675944368,-2.0086454541353036,1.0288494495637424,0.5892884350052925,-0.011547814826866468,30.36797771483746,6.535697746642154e-07,0.0026090168285523405,-5.161142840116993e-05,-0.7224731330641053,173.2788629131625,-0.0163844859095016,0.00010584943466613874,0.011060976915398276,23204,0.28956286604935927,0.0123,index_dividend_yield,0.065,12.31,65,23035,23162.7,23020.95,23063.1,mid_price,ok
2026-09-25T09:06:21.031996+00:00,2026-09-25T14:36:21.031996+05:30,NIFTY,29-Sep-2026,23950.0,PE,23129.8,749.75,130,755.2,65,745,752.475,1822,-200,572,-12.260040042397833,0,,,,,,,,,,,,,,,0.011060976915398276,,,,,,12.31,65,23035,23162.7,23020.95,23063.1,mid_price,no_price_available
2026-09-25T09:06:21.031996+00:00,2026-09-25T14:36:21.031996+05:30,NIFTY,29-Sep-2026,24000.0,CE,23129.8,2,423475,2.05,421135,2.05,2.025,247470,-51143,1003253,-45.333333333333336,15.9,0.01517879827065154,9.891186857373224e-05,-1.882903864042784,0.9306422639858012,0.5250135573626651,-0.010657542835214844,27.65381381052062,5.616678619202397e-07,0.0023170468379303086,-4.742912178310592e-05,-0.6765867502768632,169.32027636168857,-0.014542045254369114,9.186914571441426e-05,0.011060976915398276,23204,0.28956286604935927,0.0123,index_dividend_yield,0.065,12.31,65,23035,23162.7,23020.95,23063.1,mid_price,ok
2026-09-25T09:06:21.031996+00:00,2026-09-25T14:36:21.031996+05:30,NIFTY,29-Sep-2026,24000.0,PE,23129.8,801.35,65,804.2,130,797.5,802.7750000000001,58711.61538461538,-12172,37732,-10.069914298601715,0,,,,,,,,,,,,,,,0.011060976915398276,,,,,,12.31,65,23035,23162.7,23020.95,23063.1,mid_price,no_price_available
2026-09-25T09:06:21.031996+00:00,2026-09-25T14:36:21.031996+05:30,NIFTY,29-Sep-2026,24050.0,CE,23129.8,1.65,231920,1.7,266305,1.65,1.6749999999999998,31837,-17690,215606,-50.74626865671642,16.25,0.012540137478581828,8.208476502444376e-05,-1.6300844177860903,0.7893201060826806,0.45070380063867277,-0.00933482445146759,24.55941666869221,4.7353731487653345e-07,0.002048879635442249,-4.2738406994931304e-05,-0.606410182771521,169.34953529979407,-0.011989111720524439,7.592348819436846e-05,0.011060976915398276,23204,0.28956286604935927,0.0123,index_dividend_yield,0.065,12.31,65,23035,23162.7,23020.95,23063.1,mid_price,ok
2026-09-25T09:06:21.031996+00:00,2026-09-25T14:36:21.031996+05:30,NIFTY,29-Sep-2026,24050.0,PE,23129.8,849.75,65,854.55,65,861.15,852.15,1238,-5,92,-8.055733504163998,0,,,,,,,,,,,,,,,0.011060976915398276,,,,,,12.31,65,23035,23162.7,23020.95,23063.1,mid_price,no_price_available
2026-09-25T09:06:21.031996+00:00,2026-09-25T14:36:21.031996+05:30,NIFTY,29-Sep-2026,24100.0,CE,23129.8,1.45,391105,1.5,420420,1.45,1.475,92966,8823,412251,-50,16.65,0.01059637084268275,6.921150717531508e-05,-1.4412651854032807,0.6819142805869941,0.3909313814372131,-0.008283825990771999,21.914419264181973,4.0191960568938967e-07,0.0018085100168331962,-3.855850735640707e-05,-0.5488224304198472,168.39257975377205,-0.01010939663374694,6.375114312946643e-05,0.011060976915398276,23204,0.28956286604935927,0.0123,index_dividend_yield,0.065,12.31,65,23035,23162.7,23020.95,23063.1,mid_price,ok
2026-09-25T09:06:21.031996+00:00,2026-09-25T14:36:21.031996+05:30,NIFTY,29-Sep-2026,24100.0,PE,23129.8,898.55,65,902.85,65,903.95,900.7,6078,-788,1680,-8.507085020242915,0,,,,,,,,,,,,,,,0.011060976915398276,,,,,,12.31,65,23035,23162.7,23020.95,23063.1,mid_price,no_price_available
2026-09-25T09:06:21.031996+00:00,2026-09-25T14:36:21.031996+05:30,NIFTY,29-Sep-2026,24150.0,CE,23129.8,1.35,227500,1.4,278200,1.35,1.375,25680,-1233,103173,-49.056603773584904,17.23,0.009623014553047439,6.14885584114033e-05,-1.3696788910898443,0.6269267914212443,0.3528167059200452,-0.007726233413231123,20.088494671954006,3.5047648109183324e-07,0.001613367569445065,-3.552670706544874e-05,-0.5175653719270914,164.44060517230625,-0.00916044940365867,5.640320674508756e-05,0.011060976915398276,23204,0.28956286604935927,0.0123,index_dividend_yield,0.065,12.31,65,23035,23162.7,23020.95,23063.1,mid_price,ok
2026-09-25T09:06:21.031996+00:00,2026-09-25T14:36:21.031996+05:30,NIFTY,29-Sep-2026,24150.0,PE,23129.8,944.8,1495,955.75,65,962.15,950.275,1757,-141,200,-8.357938851319174,0,,,,,,,,,,,,,,,0.011060976915398276,,,,,,12.31,65,23035,23162.7,23020.95,23063.1,mid_price,no_price_available
2026-09-25T09:06:21.031996+00:00,2026-09-25T14:36:21.031996+05:30,NIFTY,29-Sep-2026,24200.0,CE,23129.8,1.15,398645,1.2,656825,1.2,1.1749999999999998,124939,-14148,397035,-47.82608695652174,17.59,0.008102838231346146,5.1804367843149055e-05,-1.201534747420091,0.5392243044092735,0.30530423765408665,-0.00681740063782227,17.854955143056518,2.9779427615833446e-07,0.0014208188851736559,-3.187855526517367e-05,-0.46550114862221476,164.0020467578256,-0.00769728327401006,4.732377725327044e-05,0.011060976915398276,23204,0.28956286604935927,0.0123,index_dividend_yield,0.065,12.31,65,23035,23162.7,23020.95,23063.1,mid_price,ok
2026-09-25T09:06:21.031996+00:00,2026-09-25T14:36:21.031996+05:30,NIFTY,29-Sep-2026,24200.0,PE,23129.8,999.45,65,1003.65,65,1002.05,1001.55,14649,-2437,4756,-7.632391574872102,0,,,,,,,,,,,,,,,0.011060976915398276,,,,,,12.31,65,23035,23162.7,23020.95,23063.1,mid_price,no_price_available
2026-09-25T09:06:21.031996+00:00,2026-09-25T14:36:21.031996+05:30,NIFTY,29-Sep-2026,24250.0,CE,23129.8,1.05,271570,1.1,244400,1.05,1.0750000000000002,31249,-2630,97098,-50,18.1,0.007254594633763405,4.5674896514882666e-05,-1.1206604275946885,0.4892078168939279,0.27370317093025015,-0.006282158403469061,16.274180154278007,2.595073020213539e-07,0.001267060236815217,-2.9206327898705615e-05,-0.43414605722205685,161.2003801551029,-0.006876552539947264,4.155256534971613e-05,0.011060976915398276,23204,0.28956286604935927,0.0123,index_dividend_yield,0.065,12.31,65,23035,23162.7,23020.95,23063.1,mid_price,ok
2026-09-25T09:06:21.031996+00:00,2026-09-25T14:36:21.031996+05:30,NIFTY,29-Sep-2026,24250.0,PE,23129.8,1048.8,130,1054.65,65,1059,1051.725,2197,-7,110,-7.003293084522503,0,,,,,,,,,,,,,,,0.011060976915398276,,,,,,12.31,65,23035,23162.7,23020.95,23063.1,mid_price,no_price_available
2026-09-25T09:06:21.031996+00:00,2026-09-25T14:36:21.031996+05:30,NIFTY,29-Sep-2026,24300.0,CE,23129.8,1.1,367770,1.15,443820,1.15,1.125,98017,-26037,291447,-39.473684210526315,18.91,0.007294287624012241,4.3929271134935934e-05,-1.1753839548024956,0.4915670536231049,0.26312321118513454,-0.006303076870215544,15.63254297562694,2.3797158768827715e-07,0.0011646809400378505,-2.8013568110499447e-05,-0.4353799123872175,154.25082563326205,-0.006898009906174537,3.980019550642825e-05,0.011060976915398276,23204,0.28956286604935927,0.0123,index_dividend_yield,0.065,12.31,65,23035,23162.7,23020.95,23063.1,mid_price,ok
2026-09-25T09:06:21.031996+00:00,2026-09-25T14:36:21.031996+05:30,NIFTY,29-Sep-2026,24300.0,PE,23129.8,1101.5,260,1107.4,325,1105,1104.45,36641,-2640,13871,-7.419044028318881,0,,,,,,,,,,,,,,,0.011060976915398276,,,,,,12.31,65,23035,23162.7,23020.95,23063.1,mid_price,no_price_available
2026-09-25T09:06:21.031996+00:00,2026-09-25T14:36:21.031996+05:30,NIFTY,29-Sep-2026,24350.0,CE,23129.8,1.05,206440,1.1,281255,1.1,1.0750000000000002,25779,-1338,60177,-43.58974358974359,19.61,0.007060062917720181,4.115907072509307e-05,-1.1833390380724786,0.4776176808280465,0.24778185847365358,-0.006149568511192978,14.791984067082181,2.1566658346916828e-07,0.0010647991743545809,-2.652749129491643e-05,-0.42629261912495,149.26330562287592,-0.006661347757845116,3.7137390540466184e-05,0.011060976915398276,23204,0.28956286604935927,0.0123,index_dividend_yield,0.065,12.31,65,23035,23162.7,23020.95,23063.1,mid_price,ok
2026-09-25T09:06:21.031996+00:00,2026-09-25T14:36:21.031996+05:30,NIFTY,29-Sep-2026,24350.0,PE,23129.8,1146.65,130,1156.45,65,1169.45,1151.5500000000002,4615,17,226,-5.003858494780878,0,,,,,,,,,,,,,,,0.011060976915398276,,,,,,12.31,65,23035,23162.7,23020.95,23063.1,mid_price,no_price_available
2026-09-25T09:06:21.031996+00:00,2026-09-25T14:36:21.031996+05:30,NIFTY,29-Sep-2026,24400.0,CE,23129.8,0.95,415545,1,351845,0.95,0.975,51686,-10992,149252,-42.42424242424242,20.19,0.00657475612244038,3.753922455958255e-05,-1.1432185531906862,0.44849629233854515,0.22837508287097685,-0.005830680448162255,13.775121764324604,1.9291943251081215e-07,0.0009670289599124874,-2.4775350304051868e-05,-0.4072692365845358,146.02624638500885,-0.006189810938270604,3.373256761686455e-05,0.011060976915398276,23204,0.28956286604935927,0.0123,index_dividend_yield,0.065,12.31,65,23035,23162.7,23020.95,23063.1,mid_price,ok
2026-09-25T09:06:21.031996+00:00,2026-09-25T14:36:21.031996+05:30,NIFTY,29-Sep-2026,24400.0,PE,23129.8,1199.95,65,1208.7,325,1200,1204.325,18017,-4326,6406,-6.567524428699342,0,,,,,,,,,,,,,,,0.011060976915398276,,,,,,12.31,65,23035,23162.7,23020.95,23063.1,mid_price,no_price_available
2026-09-25T09:06:21.031996+00:00,2026-09-25T14:36:21.031996+05:30,NIFTY,29-Sep-2026,24450.0,CE,23129.8,0.85,193700,0.9,58435,0.85,0.875,6088,-122,23002,-45.16129032258065,20.64,0.005876630103095304,3.324576425975415e-05,-1.0574081817560612,0.40605349690008663,0.2055110020344384,-0.0053598903568824975,12.594833753486439,1.6989022745841087e-07,0.0008701109863843558,-2.27633152742922e-05,-0.3788056974018343,144.42893260922273,-0.005520824406126232,2.9752423632584625e-05,0.011060976915398276,23204,0.28956286604935927,0.0123,index_dividend_yield,0.065,12.31,65,23035,23162.7,23020.95,23063.1,mid_price,ok
2026-09-25T09:06:21.031996+00:00,2026-09-25T14:36:21.031996+05:30,NIFTY,29-Sep-2026,24450.0,PE,23129.8,1246.1,65,1257.7,65,1250.85,1251.9,1138,-32,56,-6.359484952837251,0,,,,,,,,,,,,,,,0.011060976915398276,,,,,,12.31,65,23035,23162.7,23020.95,23063.1,mid_price,no_price_available
2026-09-25T09:06:21.031996+00:00,2026-09-25T14:36:21.031996+05:30,NIFTY,29-Sep-2026,24500.0,CE,23129.8,0.8,679315,0.85,1047280,0.85,0.825,165856,-29492,384542,-46.875,21.18,0.00544228015012566,3.0262965017087906e-05,-1.012927869579788,0.379292864489471,0.18909646785929485,-0.005057275994922165,11.712676425869233,1.522515274850275e-07,0.0007916254947072578,-2.1230821863457117e-05,-0.3602593862059581,141.8055372959238,-0.005101680203450756,2.6972615538873228e-05,0.011060976915398276,23204,0.28956286604935927,0.0123,index_dividend_yield,0.065,12.31,65,23035,23162.7,23020.95,23063.1,mid_price,ok
2026-09-25T09:06:21.031996+00:00,2026-09-25T14:36:21.031996+05:30,NIFTY,29-Sep-2026,24500.0,PE,23129.8,1298.15,195,1304.55,65,1297.95,1301.35,22982,-7972,13275,-6.578615899521359,0,,,,,,,,,,,,,,,0.011060976915398276,,,,,,12.31,65,23035,23162.7,23020.95,23063.1,mid_price,no_price_available
2026-09-25T09:06:21.031996+00:00,2026-09-25T14:36:21.031996+05:30,NIFTY,29-Sep-2026,24550.0,CE,23129.8,0.7,318435,0.75,268645,0.7,0.725,18493,14,55000,-50,21.56,0.0047846199401709475,2.650911518047876e-05,-0.9188926125354099,0.33820593893486767,0.16854573353731028,-0.004585749160065749,10.622754111783427,1.3342225563798473e-07,0.0007096546367376263,-1.9355039713014724e-05,-0.3309470453238977,141.01313809834647,-0.004475865618494797,2.353076216213768e-05,0.011060976915398276,23204,0.28956286604935927,0.0123,index_dividend_yield,0.065,12.31,65,23035,23162.7,23020.95,23063.1,mid_price,ok
2026-09-25T09:06:21.031996+00:00,2026-09-25T14:36:21.031996+05:30,NIFTY,29-Sep-2026,24550.0,PE,23129.8,1341.65,65,1364.1,65,1364.45,1352.875,687,-5,12,-5.246527777777778,0,,,,,,,,,,,,,,,0.011060976915398276,,,,,,12.31,65,23035,23162.7,23020.95,23063.1,mid_price,no_price_available
2026-09-25T09:06:21.031996+00:00,2026-09-25T14:36:21.031996+05:30,NIFTY,29-Sep-2026,24600.0,CE,23129.8,0.65,862615,0.7,575705,0.65,0.675,51063,-2993,143349,-45.833333333333336,22.06,0.004403360072409252,2.4057479813475407e-05,-0.8725643473732555,0.31404572010773385,0.15465430476464814,-0.004302862548046116,9.854262353120951,1.1960669959875207e-07,0.0006458140934343746,-1.800713477501978e-05,-0.3131052844073218,138.89375116208348,-0.0041103882862510285,2.126785402733325e-05,0.011060976915398276,23204,0.28956286604935927,0.0123,index_dividend_yield,0.065,12.31,65,23035,23162.7,23020.95,23063.1,mid_price,ok
2026-09-25T09:06:21.031996+00:00,2026-09-25T14:36:21.031996+05:30,NIFTY,29-Sep-2026,24600.0,PE,23129.8,1399.1,65,1406.15,65,1400,1402.625,7710,-968,2162,-5.95505995364928,0,,,,,,,,,,,,,,,0.011060976915398276,,,,,,12.31,65,23035,23162.7,23020.95,23063.1,mid_price,no_price_available
2026-09-25T09:06:21.031996+00:00,2026-09-25T14:36:21.031996+05:30,NIFTY,29-Sep-2026,24650.0,CE,23129.8,0.6,331825,0.65,194025,0.6,0.625,13204,-267,32770,-50,22.54,0.004038442249421989,2.1792193416360582e-05,-0.8247552576768922,0.29066456998934426,0.1416760711390984,-0.0040253932368377885,9.128540623300873,1.0720820384864928e-07,0.0005877020958142595,-1.6730246649506443e-05,-0.29540747745066637,137.02444940083782,-0.0037617310482444765,1.9187166869975216e-05,0.011060976915398276,23204,0.28956286604935927,0.0123,index_dividend_yield,0.065,12.31,65,23035,23162.7,23020.95,23063.1,mid_price,ok
2026-09-25T09:06:21.031996+00:00,2026-09-25T14:36:21.031996+05:30,NIFTY,29-Sep-2026,24650.0,PE,23129.8,1444.1,130,1462.7,715,1440.8,1453.4,523,-2,17,-7.04516129032258,0,,,,,,,,,,,,,,,0.011060976915398276,,,,,,12.31,65,23035,23162.7,23020.95,23063.1,mid_price,no_price_available
2026-09-25T09:06:21.031996+00:00,2026-09-25T14:36:21.031996+05:30,NIFTY,29-Sep-2026,24700.0,CE,23129.8,0.6,1195610,0.65,590590,0.6,0.625,55247,-2783,62694,-47.82608695652174,23.18,0.003928415621870633,2.0672755915056716e-05,-0.8270388019876405,0.28356266511460027,0.13490101796265067,-0.00393959202246718,8.72260884062892,9.910207457653022e-08,0.0005467122483015901,-1.599438684158204e-05,-0.2898933843984797,133.59717805384977,-0.0036511472675694974,1.8127930412727942e-05,0.011060976915398276,23204,0.28956286604935927,0.0123,index_dividend_yield,0.065,12.31,65,23035,23162.7,23020.95,23063.1,mid_price,ok
2026-09-25T09:06:21.031996+00:00,2026-09-25T14:36:21.031996+05:30,NIFTY,29-Sep-2026,24700.0,PE,23129.8,1498.5,65,1508,845,1500,1503.25,2436,-399,954,-5.443313266303149,0,,,,,,,,,,,,,,,0.011060976915398276,,,,,,12.31,65,23035,23162.7,23020.95,23063.1,mid_price,no_price_available
2026-09-25T09:06:21.031996+00:00,2026-09-25T14:36:21.031996+05:30,NIFTY,29-Sep-2026,24750.0,CE,23129.8,0.6,101595,0.65,40365,0.6,0.625,5382,-24,9298,-47.82608695652174,23.83,0.0038417384340778808,1.971086183099174e-05,-0.8330117790721386,0.2779501398809058,0.12901699265142116,-0.003871432145702929,8.365731312700936,9.204344194880911e-08,0.0005105293801137979,-1.5344920497264882e-05,-0.28549873766636646,130.23747107584236,-0.003562681209872101,1.721468031719813e-05,0.011060976915398276,23204,0.28956286604935927,0.0123,index_dividend_yield,0.065,12.31,65,23035,23162.7,23020.95,23063.1,mid_price,ok
2026-09-25T09:06:21.031996+00:00,2026-09-25T14:36:21.031996+05:30,NIFTY,29-Sep-2026,24750.0,PE,23129.8,1545.8,65,1562.55,585,1562.95,1554.175,381,0,6,-5.524828482485568,0,,,,,,,,,,,,,,,0.011060976915398276,,,,,,12.31,65,23035,23162.7,23020.95,23063.1,mid_price,no_price_available
2026-09-25T09:06:21.031996+00:00,2026-09-25T14:36:21.031996+05:30,NIFTY,29-Sep-2026,24800.0,CE,23129.8,0.55,1321385,0.6,301470,0.6,0.575,44824,-9912,66239,-42.857142857142854,24.27,0.003509386318611384,1.784452806051889e-05,-0.7819176522301032,0.25627844713610615,0.11813585080544357,-0.003608867875392762,7.747194086024825,8.274816487832693e-08,0.0004658958947929539,-1.4252814658243222e-05,-0.2684490701406242,128.91955634546923,-0.003247652231945736,1.5521920683989313e-05,0.011060976915398276,23204,0.28956286604935927,0.0123,index_dividend_yield,0.065,12.31,65,23035,23162.7,23020.95,23063.1,mid_price,ok
2026-09-25T09:06:21.031996+00:00,2026-09-25T14:36:21.031996+05:30,NIFTY,29-Sep-2026,24800.0,PE,23129.8,1597.1,260,1609.45,780,1600,1603.275,3195,-517,1029,-6.0233179642301256,0,,,,,,,,,,,,,,,0.011060976915398276,,,,,,12.31,65,23035,23162.7,23020.95,23063.1,mid_price,no_price_available
2026-09-25T09:06:21.031996+00:00,2026-09-25T14:36:21.031996+05:30,NIFTY,29-Sep-2026,24850.0,CE,23129.8,0.6,140855,0.65,24115,0.6,0.625,2396,62,4512,-45.45454545454545,24.9,0.0034255288281291483,1.7019253096496697e-05,-0.784649242171828,0.25077086896232964,0.11303283668892007,-0.0035410294223656696,7.434676657491507,7.70583860403361e-08,0.00043621352185198086,-1.3683522464178872e-05,-0.2640115890019889,125.94748618764692,-0.003163086950402428,1.4744548069895853e-05,0.011060976915398276,23204,0.28956286604935927,0.0123,index_dividend_yield,0.065,12.31,65,23035,23162.7,23020.95,23063.1,mid_price,ok
2026-09-25T09:06:21.031996+00:00,2026-09-25T14:36:21.031996+05:30,NIFTY,29-Sep-2026,24850.0,PE,23129.8,1632.45,65,1662.7,715,1670.8,1647.575,165,-7,13,-3.7002881844380404,0,,,,,,,,,,,,,,,0.011060976915398276,,,,,,12.31,65,23035,23162.7,23020.95,23063.1,mid_price,no_price_available
2026-09-25T09:06:21.031996+00:00,2026-09-25T14:36:21.031996+05:30,NIFTY,29-Sep-2026,24900.0,CE,23129.8,0.55,256165,0.6,306670,0.55,0.575,24850,-3220,41724,-47.61904761904762,25.53,0.0033491718799466843,1.626636158634283e-05,-0.7880582663616682,0.24574148468202128,0.10835478918181729,-0.003478897154269331,7.146708523247377,7.194522353099303e-08,0.00040933747522023465,-1.3158416685973323e-05,-0.2599354246736518,123.10402246205926,-0.00308579942520441,1.4035745435147423e-05,0.011060976915398276,23204,0.28956286604935927,0.0123,index_dividend_yield,0.065,12.31,65,23035,23162.7,23020.95,23063.1,mid_price,ok
2026-09-25T09:06:21.031996+00:00,2026-09-25T14:36:21.031996+05:30,NIFTY,29-Sep-2026,24900.0,PE,23129.8,1686,130,1708.1,715,1824.85,1697.05,837,-35,94,1.3833717603266757,55.68,,,,,,,,,,,,,,,0.011060976915398276,,,,,,12.31,65,23035,23162.7,23020.95,23063.1,mid_price,no_price_available
2026-09-25T09:06:21.031996+00:00,2026-09-25T14:36:21.031996+05:30,NIFTY,29-Sep-2026,24950.0,CE,23129.8,0.55,119470,0.6,56420,0.6,0.575,2963,899,7480,-45.45454545454545,26.16,0.003279528184040443,1.5577507120302684e-05,-0.7920977165207553,0.24114204468145695,0.10405492801423546,-0.003421923177332947,6.880725824184891,6.733491380117207e-08,0.0003849312950277505,-1.2672937912467138e-05,-0.2561874942150445,120.3811511603214,-0.0030150183900292055,1.3387534823743014e-05,0.011060976915398276,23204,0.28956286604935927,0.0123,index_dividend_yield,0.065,12.31,65,23035,23162.7,23020.95,23063.1,mid_price,ok
2026-09-25T09:06:21.031996+00:00,2026-09-25T14:36:21.031996+05:30,NIFTY,29-Sep-2026,24950.0,PE,23129.8,1735.7,65,1762.4,780,1848,1749.0500000000002,70,-1,1,18.003895150218703,50.17,,,,,,,,,,,,,,,0.011060976915398276,,,,,,12.31,65,23035,23162.7,23020.95,23063.1,mid_price,no_price_available
2026-09-25T09:06:21.031996+00:00,2026-09-25T14:36:21.031996+05:30,NIFTY,29-Sep-2026,25000.0,CE,23129.8,0.55,1013090,0.6,1266135,0.55,0.575,140309,-33326,244813,-47.61904761904762,26.55,0.002981595875015411,1.408755687689163e-05,-0.7376102634817991,0.22132855510979677,0.095191313228388,-0.0031761534619052637,6.36722386358858,6.070330805993926e-08,0.00035220482293656146,-1.1762510978689201e-05,-0.2399055299699234,119.60136583205123,-0.0027354841261439957,1.2058670272316766e-05,0.011060976915398276,23204,0.28956286604935927,0.0123,index_dividend_yield,0.065,12.31,65,23035,23162.7,23020.95,23063.1,mid_price,ok
2026-09-25T09:06:21.031996+00:00,2026-09-25T14:36:21.031996+05:30,NIFTY,29-Sep-2026,25000.0,PE,23129.8,1797.3,65,1803.35,65,1801.65,1800.3249999999998,18408,-2565.769230769231,7835,-4.8985193591807645,0,,,,,,,,,,,,,,,0.011060976915398276,,,,,,12.31,65,23035,23162.7,23020.95,23063.1,mid_price,no_price_available
2026-09-25T09:06:21.031996+00:00,2026-09-25T14:36:21.031996+05:30,NIFTY,29-Sep-2026,25050.0,CE,23129.8,0.55,9360,0.6,74815,0.55,0.575,1595,372,4545,-50,27.17,0.002922719819715406,1.3520850729570985e-05,-0.7411407127898042,0.2173856627123568,0.09159817566483969,-0.003126527743418037,6.141436873889197,5.700608535590395e-08,0.00033221069535862224,-1.1348866320384777e-05,-0.2365945222206727,117.09204441132646,-0.00267563212982778,1.1527425199601758e-05,0.011060976915398276,23204,0.28956286604935927,0.0123,index_dividend_yield,0.065,12.31,65,23035,23162.7,23020.95,23063.1,mid_price,ok
2026-09-25T09:06:21.031996+00:00,2026-09-25T14:36:21.031996+05:30,NIFTY,29-Sep-2026,25050.0,PE,23129.8,1844,65,1864,65,1956,1854.0,51,-1,3,0.8663366336633663,54.39,,,,,,,,,,,,,,,0.011060976915398276,,,,,,12.31,65,23035,23162.7,23020.95,23063.1,mid_price,no_price_available
2026-09-25T09:06:21.031996+00:00,2026-09-25T14:36:21.031996+05:30,NIFTY,29-Sep-2026,25100.0,CE,23129.8,0.55,91975,0.6,184340,0.55,0.575,11647,-3027,21893,-47.61904761904762,27.79,0.002868777337747869,1.2999019242672751e-05,-0.7451906705421414,0.2137648893711411,0.08827604677966215,-0.0030808548967974497,5.9317718734794855,5.36463595180636e-08,0.0003139275652951965,-1.0964438278543363e-05,-0.23354014285459007,114.68161769098589,-0.0026205438548714544,1.103841959883842e-05,0.011060976915398276,23204,0.28956286604935927,0.0123,index_dividend_yield,0.065,12.31,65,23035,23162.7,23020.95,23063.1,mid_price,ok
2026-09-25T09:06:21.031996+00:00,2026-09-25T14:36:21.031996+05:30,NIFTY,29-Sep-2026,25100.0,PE,23129.8,1892.8,130,1907.15,65,1870,1899.975,1247,-97,158,-6.145700017566313,0,,,,,,,,,,,,,,,0.011060976915398276,,,,,,12.31,65,23035,23162.7,23020.95,23063.1,mid_price,no_price_available
2026-09-25T09:06:21.031996+00:00,2026-09-25T14:36:21.031996+05:30,NIFTY,29-Sep-2026,25150.0,CE,23129.8,0.55,59605,0.6,9685,0.55,0.575,1284,8,3372,-45,28.4,0.0028107916407032556,1.248768168023521e-05,-0.747424952933681,0.20986373638970565,0.08502532634663815,-0.003031580418260841,5.727115227196183,5.0503058534619414e-08,0.0002968078325598226,-1.0589860647405446e-05,-0.23023718085482853,112.432380388157,-0.0025620201656931397,1.0562083485696122e-05,0.011060976915398276,23204,0.28956286604935927,0.0123,index_dividend_yield,0.065,12.31,65,23035,23162.7,23020.95,23063.1,mid_price,ok
2026-09-25T09:06:21.031996+00:00,2026-09-25T14:36:21.031996+05:30,NIFTY,29-Sep-2026,25150.0,PE,23129.8,1927.2,845,1962.95,65,0.0,1945.075,25,0,0,0,0,,,,,,,,,,,,,,,0.011060976915398276,,,,,,12.31,65,23035,23162.7,23020.95,23063.1,mid_price,no_price_available
2026-09-25T09:06:21.031996+00:00,2026-09-25T14:36:21.031996+05:30,NIFTY,29-Sep-2026,25200.0,CE,23129.8,0.5,251550,0.55,149760,0.5,0.525,10000,363,19250,-50,29.01,0.0027574509048658444,1.2015564771752056e-05,-0.7501779089406909,0.20626671813244107,0.08201181532401024,-0.0029860417507893383,5.536577167756573,4.763561840608583e-08,0.00028109527300675493,-1.0240819222588833e-05,-0.22717741068021793,110.26574827290524,-0.002507971175323874,1.0122478484996075e-05,0.011060976915398276,23204,0.28956286604935927,0.0123,index_dividend_yield,0.065,12.31,65,23035,23162.7,23020.95,23063.1,mid_price,ok
2026-09-25T09:06:21.031996+00:00,2026-09-25T14:36:21.031996+05:30,NIFTY,29-Sep-2026,25200.0,PE,23129.8,1989.75,130,2003.5,65,2016,1996.625,1024,-84,104,-3.5106612104242947,0,,,,,,,,,,,,,,,0.011060976915398276,,,,,,12.31,65,23035,23162.7,23020.95,23063.1,mid_price,no_price_available
2026-09-25T09:06:21.031996+00:00,2026-09-25T14:36:21.031996+05:30,NIFTY,29-Sep-2026,25250.0,CE,23129.8,0.55,4290,0.6,8385,0.55,0.575,1025,104,1363,-42.10526315789474,29.86,0.0029029547489015546,1.2227766272895593e-05,-0.8085840901075395,0.21605990120573085,0.08298787232007021,-0.0031089866681178846,5.568635292723806,4.672460001742087e-08,0.000274197661295228,-1.0278717763378396e-05,-0.23542207143808574,106.68921601367872,-0.002634273807716158,1.026049041328379e-05,0.011060976915398276,23204,0.28956286604935927,0.0123,index_dividend_yield,0.065,12.31,65,23035,23162.7,23020.95,23063.1,mid_price,ok
2026-09-25T09:06:21.031996+00:00,2026-09-25T14:36:21.031996+05:30,NIFTY,29-Sep-2026,25250.0,PE,23129.8,1995.85,780,2062.95,65,0.0,2029.3999999999999,34,0,0,0,0,,,,,,,,,,,,,,,0.011060976915398276,,,,,,12.31,65,23035,23162.7,23020.95,23063.1,mid_price,no_price_available
2026-09-25T09:06:21.031996+00:00,2026-09-25T14:36:21.031996+05:30,NIFTY,29-Sep-2026,25300.0,CE,23129.8,0.55,85345,0.6,71955,0.55,0.575,7855,1175,9666,-45,30.22,0.002655404410058584,1.114837292449375e-05,-0.7549066056356073,0.1993623704479347,0.0764592490303112,-0.002898372548012869,5.184498960183165,4.254303381806229e-08,0.00025302228786215506,-9.595858180763252e-06,-0.22126700265083324,106.22347707110661,-0.0024047734255401732,9.317817510580897e-06,0.011060976915398276,23204,0.28956286604935927,0.0123,index_dividend_yield,0.065,12.31,65,23035,23162.7,23020.95,23063.1,mid_price,ok
2026-09-25T09:06:21.031996+00:00,2026-09-25T14:36:21.031996+05:30,NIFTY,29-Sep-2026,25300.0,PE,23129.8,2083.45,845,2112.4,520,2106.95,2097.925,366,-35,52,-3.8975551906586388,0,,,,,,,,,,,,,,,0.011060976915398276,,,,,,12.31,65,23035,23162.7,23020.95,23063.1,mid_price,no_price_available
2026-09-25T09:06:21.031996+00:00,2026-09-25T14:36:21.031996+05:30,NIFTY,29-Sep-2026,25350.0,CE,23129.8,0.55,1950,0.6,2340,0.55,0.575,468,60,709,-47.61904761904762,30.82,0.002606490418672594,1.0749277526078856e-05,-0.756883881396811,0.19604201198027682,0.07389597743478506,-0.00285608424856709,5.021511978838059,4.02765856249773e-08,0.0002404548670385141,-9.297282090584616e-06,-0.21840654666031836,104.33548538689058,-0.002355415288470059,8.948847421007137e-06,0.011060976915398276,23204,0.28956286604935927,0.0123,index_dividend_yield,0.065,12.31,65,23035,23162.7,23020.95,23063.1,mid_price,ok
2026-09-25T09:06:21.031996+00:00,2026-09-25T14:36:21.031996+05:30,NIFTY,29-Sep-2026,25350.0,PE,23129.8,2072.45,780,2180.65,65,0.0,2126.55,16,0,0,0,6.15,,,,,,,,,,,,,,,0.011060976915398276,,,,,,12.31,65,23035,23162.7,23020.95,23063.1,mid_price,no_price_available
2026-09-25T09:06:21.031996+00:00,2026-09-25T14:36:21.031996+05:30,NIFTY,29-Sep-2026,25400.0,CE,23129.8,0.55,27235,0.6,42380,0.55,0.575,2857,-470,5848,-42.10526315789474,31.42,0.0025612433838395317,1.037846671619379e-05,-0.7593234584431172,0.19296414457087502,0.07150561488039694,-0.0028168044924112207,4.868923721396384,3.8192648013643845e-08,0.00022883667153341219,-9.017524699653282e-06,-0.21574396665089327,102.51017722567364,-0.002309572565485867,8.606162035398867e-06,0.011060976915398276,23204,0.28956286604935927,0.0123,index_dividend_yield,0.065,12.31,65,23035,23162.7,23020.95,23063.1,mid_price,ok
2026-09-25T09:06:21.031996+00:00,2026-09-25T14:36:21.031996+05:30,NIFTY,29-Sep-2026,25400.0,PE,23129.8,2168.5,780,2212.75,65,2232.25,2190.625,306,-19,23,3.5846867749419955,0,,,,,,,,,,,,,,,0.011060976915398276,,,,,,12.31,65,23035,23162.7,23020.95,23063.1,mid_price,no_price_available
2026-09-25T09:06:21.031996+00:00,2026-09-25T14:36:21.031996+05:30,NIFTY,29-Sep-2026,25450.0,CE,23129.8,0.55,195,0.6,2080,0.55,0.575,651,69,670,-38.888888888888886,32.53,0.002889640290239653,1.1177708568326815e-05,-0.8763744495958676,0.21516621809744246,0.07597826229237097,-0.003097524412937202,5.101068124749516,3.907632954740988e-08,0.00023063135399529133,-9.406732470197988e-06,-0.23465547097553535,98.0473081487302,-0.0025994154370473474,9.232535025641743e-06,0.011060976915398276,23204,0.28956286604935927,0.0123,index_dividend_yield,0.065,12.31,65,23035,23162.7,23020.95,23063.1,mid_price,ok
2026-09-25T09:06:21.031996+00:00,2026-09-25T14:36:21.031996+05:30,NIFTY,29-Sep-2026,25450.0,PE,23129.8,2198.9,780,2278.4,65,0.0,2238.65,9,0,0,0,0,,,,,,,,,,,,,,,0.011060976915398276,,,,,,12.31,65,23035,23162.7,23020.95,23063.1,mid_price,no_price_available
2026-09-25T09:06:21.031996+00:00,2026-09-25T14:36:21.031996+05:30,NIFTY,29-Sep-2026,25500.0,CE,23129.8,0.55,236925,0.6,193635,0.55,0.575,41675,-1990,22944,-38.888888888888886,32.62,0.002480551039475151,9.711499221125766e-06,-0.7654932224699122,0.18745950993000565,0.06718391405953808,-0.0027463679583228,4.591523517267021,3.4499854482764924e-08,0.00020809254649265175,-8.508348702522893e-06,-0.2109556532685191,99.0358007058926,-0.0022272673340973954,7.99005325221432e-06,0.011060976915398276,23204,0.28956286604935927,0.0123,index_dividend_yield,0.065,12.31,65,23035,23162.7,23020.95,23063.1,mid_price,ok
2026-09-25T09:06:21.031996+00:00,2026-09-25T14:36:21.031996+05:30,NIFTY,29-Sep-2026,25500.0,PE,23129.8,2295.2,65,2302.35,65,2292.7,2298.7749999999996,11565,-373,3551,-3.990787269681742,0,,,,,,,,,,,,,,,0.011060976915398276,,,,,,12.31,65,23035,23162.7,23020.95,23063.1,mid_price,no_price_available
2026-09-25T09:06:21.031996+00:00,2026-09-25T14:36:21.031996+05:30,NIFTY,29-Sep-2026,25550.0,CE,23129.8,0.55,21515,0.6,16250,0.55,0.575,2092,630,2157,-38.888888888888886,33.21,0.0024380677176965896,9.391077300305068e-06,-0.7670954355381097,0.18455317960019638,0.06510832686356391,-0.0027090807828802584,4.4584741583458545,3.281172098660797e-08,0.0001985903764999323,-8.264461663241089e-06,-0.20841359092571102,97.43173864216412,-0.0021844709902539014,7.69621800996786e-06,0.011060976915398276,23204,0.28956286604935927,0.0123,index_dividend_yield,0.065,12.31,65,23035,23162.7,23020.95,23063.1,mid_price,ok
2026-09-25T09:06:21.031996+00:00,2026-09-25T14:36:21.031996+05:30,NIFTY,29-Sep-2026,25550.0,PE,23129.8,2267.1,780,2411.3,780,0.0,2339.2,6,0,0,0,35.29,,,,,,,,,,,,,,,0.011060976915398276,,,,,,12.31,65,23035,23162.7,23020.95,23063.1,mid_price,no_price_available
2026-09-25T09:06:21.031996+00:00,2026-09-25T14:36:21.031996+05:30,NIFTY,29-Sep-2026,25600.0,CE,23129.8,0.5,5525,0.55,27170,0.5,0.525,3224,1,3423,-37.5,33.5,0.00221415790702275,8.53213210066464e-06,-0.7090274723183857,0.16913738777142734,0.059799337723066226,-0.0025096384606951958,4.139753036648694,2.988551681106616e-08,0.00018335750368500266,-7.695191164798967e-06,-0.19472842186279812,97.3600902368165,-0.0019799614412926883,6.965004402620178e-06,0.011060976915398276,23204,0.28956286604935927,0.0123,index_dividend_yield,0.065,12.31,65,23035,23162.7,23020.95,23063.1,mid_price,ok
2026-09-25T09:06:21.031996+00:00,2026-09-25T14:36:21.031996+05:30,NIFTY,29-Sep-2026,25600.0,PE,23129.8,2391.05,390,2413.4,65,2518,2402.2250000000004,444,-4,35,-1.2568381012137018,68.74,,,,,,,,,,,,,,,0.011060976915398276,,,,,,12.31,65,23035,23162.7,23020.95,23063.1,mid_price,no_price_available
2026-09-25T09:06:21.031996+00:00,2026-09-25T14:36:21.031996+05:30,NIFTY,29-Sep-2026,25650.0,CE,23129.8,0.45,7150,0.5,130,0.45,0.475,930,47,741,-43.75,34.09,0.0021826991778748006,8.27641947257905e-06,-0.7120789918863192,0.16695780869339827,0.05811127328068347,-0.0024812555101991125,4.029331860550073,2.851454037946706e-08,0.00017546059817943616,-7.4916179010039895e-06,-0.1927684653351559,95.80230346826995,-0.0019476967130187407,6.729944921822135e-06,0.011060976915398276,23204,0.28956286604935927,0.0123,index_dividend_yield,0.065,12.31,65,23035,23162.7,23020.95,23063.1,mid_price,ok
2026-09-25T09:06:21.031996+00:00,2026-09-25T14:36:21.031996+05:30,NIFTY,29-Sep-2026,25650.0,PE,23129.8,2380,780,2511.7,780,0.0,2445.85,8,0,0,0,0,,,,,,,,,,,,,,,0.011060976915398276,,,,,,12.31,65,23035,23162.7,23020.95,23063.1,mid_price,no_price_available
2026-09-25T09:06:21.031996+00:00,2026-09-25T14:36:21.031996+05:30,NIFTY,29-Sep-2026,25700.0,CE,23129.8,0.45,62790,0.5,56160,0.45,0.475,4091,-42,5177,-43.75,34.67,0.0021478266997748997,8.019995129726534e-06,-0.7135635962746574,0.1645376109520366,0.056422573603906324,-0.0024496817927881984,3.9192667307016564,2.7200668057696658e-08,0.00016790019145733603,-7.289060794255656e-06,-0.19058444109750153,94.33801112564014,-0.0019125368756326127,6.496083713219964e-06,0.011060976915398276,23204,0.28956286604935927,0.0123,index_dividend_yield,0.065,12.31,65,23035,23162.7,23020.95,23063.1,mid_price,ok
2026-09-25T09:06:21.031996+00:00,2026-09-25T14:36:21.031996+05:30,NIFTY,29-Sep-2026,25700.0,PE,23129.8,2495,195,2519.5,65,2500,2507.25,138,-27,28,-4.397705544933078,0,,,,,,,,,,,,,,,0.011060976915398276,,,,,,12.31,65,23035,23162.7,23020.95,23063.1,mid_price,no_price_available
2026-09-25T09:06:21.031996+00:00,2026-09-25T14:36:21.031996+05:30,NIFTY,29-Sep-2026,25750.0,CE,23129.8,0.45,3250,0.5,195,0.5,0.475,317,4,471,-37.5,35.25,0.002115331056143301,7.779728553407068e-06,-0.7154113343274418,0.16227843335043232,0.05483531764582158,-0.002420161407990753,3.815465915595853,2.5979775659587418e-08,0.00016084304859892017,-7.097895200125216e-06,-0.1885388607542367,92.91532545213177,-0.0018796351871254956,6.277023178323125e-06,0.011060976915398276,23204,0.28956286604935927,0.0123,index_dividend_yield,0.065,12.31,65,23035,23162.7,23020.95,23063.1,mid_price,ok
2026-09-25T09:06:21.031996+00:00,2026-09-25T14:36:21.031996+05:30,NIFTY,29-Sep-2026,25750.0,PE,23129.8,2430.5,780,2672.6,780,0.0,2551.55,4,0,0,0,0,,,,,,,,,,,,,,,0.011060976915398276,,,,,,12.31,65,23035,23162.7,23020.95,23063.1,mid_price,no_price_available
2026-09-25T09:06:21.031996+00:00,2026-09-25T14:36:21.031996+05:30,NIFTY,29-Sep-2026,25800.0,CE,23129.8,0.45,44330,0.5,49205,0.5,0.475,5950,159,5270,-33.333333333333336,35.83,0.002085036319540207,7.554293871908175e-06,-0.7176054016916437,0.1601688010134956,0.05334153522556042,-0.0023925550983323225,3.717460472326267,2.4843475316812264e-08,0.00015424631352259214,-6.917278198243733e-06,-0.18662274397784837,91.53254555901935,-0.0018488215189562047,6.071531024480409e-06,0.011060976915398276,23204,0.28956286604935927,0.0123,index_dividend_yield,0.065,12.31,65,23035,23162.7,23020.95,23063.1,mid_price,ok
2026-09-25T09:06:21.031996+00:00,2026-09-25T14:36:21.031996+05:30,NIFTY,29-Sep-2026,25800.0,PE,23129.8,2588,195,2606.65,325,2600,2597.325,272,-29,36,-2.985074626865672,0,,,,,,,,,,,,,,,0.011060976915398276,,,,,,12.31,65,23035,23162.7,23020.95,23063.1,mid_price,no_price_available
2026-09-25T09:06:21.031996+00:00,2026-09-25T14:36:21.031996+05:30,NIFTY,29-Sep-2026,25850.0,CE,23129.8,0.45,3120,0.5,325,0.5,0.475,382,96,544,-37.5,36.41,0.0020567832419949683,7.342498412857705e-06,-0.7201304854140996,0.15819828868945643,0.051934024179072814,-0.002366735761536714,3.624824539757987,2.3784282587670275e-08,0.00014807149454607542,-6.746443327724363e-06,-0.1848278599137366,90.18805913684916,-0.0018199419154913525,5.878499985606847e-06,0.011060976915398276,23204,0.28956286604935927,0.0123,index_dividend_yield,0.065,12.31,65,23035,23162.7,23020.95,23063.1,mid_price,ok
2026-09-25T09:06:21.031996+00:00,2026-09-25T14:36:21.031996+05:30,NIFTY,29-Sep-2026,25850.0,PE,23129.8,2591.9,1105,2731,780,2809.85,2661.45,13,13,13,51.08751176233365,83.81,,,,,,,,,,,,,,,0.011060976915398276,,,,,,12.31,65,23035,23162.7,23020.95,23063.1,mid_price,no_price_available
2026-09-25T09:06:21.031996+00:00,2026-09-25T14:36:21.031996+05:30,NIFTY,29-Sep-2026,25900.0,CE,23129.8,0.4,169585,0.45,47515,0.4,0.42500000000000004,3247,-2,7522,-38.46153846153846,36.25,0.001679401253424396,6.133792843828761e-06,-0.5962320193802543,0.1315752961966651,0.04433025197918261,-0.002011543831696239,3.1625986791165848,2.0428752717026947e-08,0.0001305113827959406,-5.919336735089475e-06,-0.15984681109951016,92.04251349759612,-0.0014834822548635946,4.891852248899881e-06,0.011060976915398276,23204,0.28956286604935927,0.0123,index_dividend_yield,0.065,12.31,65,23035,23162.7,23020.95,23063.1,mid_price,ok
2026-09-25T09:06:21.031996+00:00,2026-09-25T14:36:21.031996+05:30,NIFTY,29-Sep-2026,25900.0,PE,23129.8,2613.95,780,2717.55,65,2850.1,2665.75,44,-21,23,2.238404419413854,82.68,,,,,,,,,,,,,,,0.011060976915398276,,,,,,12.31,65,23035,23162.7,23020.95,23063.1,mid_price,no_price_available
2026-09-25T09:06:21.031996+00:00,2026-09-25T14:36:21.031996+05:30,NIFTY,29-Sep-2026,25950.0,CE,23129.8,0.45,130,0.5,5070,0.45,0.475,450,45,664,-40,37.2,0.0018289438484283577,6.459582642162848e-06,-0.6611288231185801,0.1421951028457198,0.04628256933760075,-0.0021545398424852305,3.2719511629323015,2.074043808196501e-08,0.00013127039103464215,-6.108436697719749e-06,-0.169970603912111,89.11962418862637,-0.0016118854583696642,5.131844513572062e-06,0.011060976915398276,23204,0.28956286604935927,0.0123,index_dividend_yield,0.065,12.31,65,23035,23162.7,23020.95,23063.1,mid_price,ok
2026-09-25T09:06:21.031996+00:00,2026-09-25T14:36:21.031996+05:30,NIFTY,29-Sep-2026,25950.0,PE,23129.8,2676.3,780,2841.3,780,0.0,2758.8,1,0,0,0,13.83,,,,,,,,,,,,,,,0.011060976915398276,,,,,,12.31,65,23035,23162.7,23020.95,23063.1,mid_price,no_price_available
2026-09-25T09:06:21.031996+00:00,2026-09-25T14:36:21.031996+05:30,NIFTY,29-Sep-2026,26000.0,CE,23129.8,0.45,166790,0.5,179140,0.5,0.475,47018.230769230766,-1608,25927,-28.571428571428573,37.77,0.0018056682902627263,6.288425638368356e-06,-0.6633865218404099,0.14054848074098708,0.045126658374556844,-0.0021326036669778053,3.194631508139506,1.990267525243303e-08,0.00012628315536531595,-5.96530046799121e-06,-0.16842361206441472,87.87728478990486,-0.001588057087699731,4.9766716599779876e-06,0.011060976915398276,23204,0.28956286604935927,0.0123,index_dividend_yield,0.065,12.31,65,23035,23162.7,23020.95,23063.1,mid_price,ok
2026-09-25T09:06:21.031996+00:00,2026-09-25T14:36:21.031996+05:30,NIFTY,29-Sep-2026,26000.0,PE,23129.8,2801.4,65,2806.65,65,2801.05,2804.025,19688.53846153846,-2842,6016,-3.0962965525592017,0,,,,,,,,,,,,,,,0.011060976915398276,,,,,,12.31,65,23035,23162.7,23020.95,23063.1,mid_price,no_price_available
2026-09-25T09:06:21.031996+00:00,2026-09-25T14:36:21.031996+05:30,NIFTY,29-Sep-2026,26050.0,CE,23129.8,0.45,6695,0.5,3640,0.45,0.475,606,224,674,-35.714285714285715,38.33,0.0017795181123512179,6.114869076888487e-06,-0.6642520213274837,0.1386957722933193,0.0439577108668585,-0.0021078678030661715,3.1167515479270658,1.909071522793329e-08,0.00012145744502019298,-5.8213753976500684e-06,-0.16667659697757847,86.70626657390987,-0.0015618116329296184,4.82075946598649e-06,0.011060976915398276,23204,0.28956286604935927,0.0123,index_dividend_yield,0.065,12.31,65,23035,23162.7,23020.95,23063.1,mid_price,ok
2026-09-25T09:06:21.031996+00:00,2026-09-25T14:36:21.031996+05:30,NIFTY,29-Sep-2026,26050.0,PE,23129.8,2710.6,780,2953.65,780,0.0,2832.125,1,0,0,0,0,,,,,,,,,,,,,,,0.011060976915398276,,,,,,12.31,65,23035,23162.7,23020.95,23063.1,mid_price,no_price_available
2026-09-25T09:06:21.031996+00:00,2026-09-25T14:36:21.031996+05:30,NIFTY,29-Sep-2026,26100.0,CE,23129.8,0.4,8905,0.45,260,0.4,0.42500000000000004,452,27,696,-46.666666666666664,38.89,0.0017550060744450408,5.95123893924589e-06,-0.6654121933152775,0.13695647558630575,0.0428525750274121,-0.002084614842166072,3.04290442765974,1.8330299387806338e-08,0.00011692042266563518,-5.684816030057741e-06,-0.16503180017031913,85.56407047271624,-0.001537108191099484,4.673800036745238e-06,0.011060976915398276,23204,0.28956286604935927,0.0123,index_dividend_yield,0.065,12.31,65,23035,23162.7,23020.95,23063.1,mid_price,ok
2026-09-25T09:06:21.031996+00:00,2026-09-25T14:36:21.031996+05:30,NIFTY,29-Sep-2026,26100.0,PE,23129.8,2881.15,65,2908.9,325,3000,2895.025,69,-49,51,1.0101010101010102,73,,,,,,,,,,,,,,,0.011060976915398276,,,,,,12.31,65,23035,23162.7,23020.95,23063.1,mid_price,no_price_available
2026-09-25T09:06:21.031996+00:00,2026-09-25T14:36:21.031996+05:30,NIFTY,29-Sep-2026,26150.0,CE,23129.8,0.4,7605,0.45,195,0.4,0.42500000000000004,265,6,466,-38.46153846153846,39.05,0.0015704036072766738,5.3562835429249054e-06,-0.6037551725473244,0.12377183740858623,0.03901998473434978,-0.0019060086389534375,2.803477244955922,1.663220394679158e-08,0.00010760368069836368,-5.252676021960983e-06,-0.15231404768801576,85.95462470390162,-0.0013728694652108695,4.190481499021684e-06,0.011060976915398276,23204,0.28956286604935927,0.0123,index_dividend_yield,0.065,12.31,65,23035,23162.7,23020.95,23063.1,mid_price,ok
2026-09-25T09:06:21.031996+00:00,2026-09-25T14:36:21.031996+05:30,NIFTY,29-Sep-2026,26150.0,PE,23129.8,2816.7,780,3034.45,780,0.0,2925.575,1,0,0,0,19.21,,,,,,,,,,,,,,,0.011060976915398276,,,,,,12.31,65,23035,23162.7,23020.95,23063.1,mid_price,no_price_available
2026-09-25T09:06:21.031996+00:00,2026-09-25T14:36:21.031996+05:30,NIFTY,29-Sep-2026,26200.0,CE,23129.8,0.4,14040,0.45,18980,0.4,0.42500000000000004,2500,-117,3037,-46.666666666666664,40.01,0.0017104694839772843,5.65088761368726e-06,-0.6685683817560302,0.13378963297969926,0.040816043821311106,-0.002042202937649471,2.906241054191086,1.6947805449057447e-08,0.00010862603534727314,-5.431865958367884e-06,-0.16202544665958454,83.36212237785514,-0.001491917069523333,4.404106802903261e-06,0.011060976915398276,23204,0.28956286604935927,0.0123,index_dividend_yield,0.065,12.31,65,23035,23162.7,23020.95,23063.1,mid_price,ok
2026-09-25T09:06:21.031996+00:00,2026-09-25T14:36:21.031996+05:30,NIFTY,29-Sep-2026,26200.0,PE,23129.8,2974.2,780,3008.3,325,3000,2991.25,523,-26,88,-2.629016553067186,0,,,,,,,,,,,,,,,0.011060976915398276,,,,,,12.31,65,23035,23162.7,23020.95,23063.1,mid_price,no_price_available
2026-09-25T09:06:21.031996+00:00,2026-09-25T14:36:21.031996+05:30,NIFTY,29-Sep-2026,26250.0,CE,23129.8,0.4,5655,0.45,1040,0.4,0.42500000000000004,499,143,396,-46.666666666666664,40.16,0.0015322622297656281,5.092777697400386e-06,-0.6069953465137935,0.12102794646470888,0.037208719311649034,-0.001868736215118698,2.680205801222031,1.5401138433582068e-08,0.00010009866716315594,-5.0236454076109815e-06,-0.14964074034116254,83.76270406668382,-0.0013340117315266881,3.9540290791079144e-06,0.011060976915398276,23204,0.28956286604935927,0.0123,index_dividend_yield,0.065,12.31,65,23035,23162.7,23020.95,23063.1,mid_price,ok
2026-09-25T09:06:21.031996+00:00,2026-09-25T14:36:21.031996+05:30,NIFTY,29-Sep-2026,26250.0,PE,23129.8,2958.75,780,3139.8,780,0.0,3049.275,0,0,0,0,0,,,,,,,,,,,,,,,0.011060976915398276,,,,,,12.31,65,23035,23162.7,23020.95,23063.1,mid_price,no_price_available
2026-09-25T09:06:21.031996+00:00,2026-09-25T14:36:21.031996+05:30,NIFTY,29-Sep-2026,26300.0,CE,23129.8,0.45,8515,0.5,15990,0.5,0.475,1845,153,1890,-28.571428571428573,41.12,0.0016673972493508275,5.3721353701703425e-06,-0.6711769972290823,0.1307185719388925,0.03892140124765254,-0.002000956767739035,2.7788386728991448,1.5704850736623638e-08,0.00010113593789772701,-5.196049314003866e-06,-0.15909373880550187,81.29807745195865,-0.0014483718702663453,4.1550782382858316e-06,0.011060976915398276,23204,0.28956286604935927,0.0123,index_dividend_yield,0.065,12.31,65,23035,23162.7,23020.95,23063.1,mid_price,ok
2026-09-25T09:06:21.031996+00:00,2026-09-25T14:36:21.031996+05:30,NIFTY,29-Sep-2026,26300.0,PE,23129.8,3102.2,325,3115.65,520,3105,3108.925,895,-53,442,-12.343849248359094,0,,,,,,,,,,,,,,,0.011060976915398276,,,,,,12.31,65,23035,23162.7,23020.95,23063.1,mid_price,no_price_available
2026-09-25T09:06:21.031996+00:00,2026-09-25T14:36:21.031996+05:30,NIFTY,29-Sep-2026,26350.0,CE,23129.8,0.45,3250,0.5,2080,0.45,0.475,414,285,720,-30.76923076923077,41.68,0.0016496977399820469,5.248692015348512e-06,-0.6736568412552009,0.12945416895853634,0.03807681449636798,-0.001983966616960634,2.7216048070443506,1.5147935372658988e-08,9.775279518334039e-05,-5.089892022070233e-06,-0.15788379113518178,80.28473602461652,-0.0014300533451128603,4.044209134195747e-06,0.011060976915398276,23204,0.28956286604935927,0.0123,index_dividend_yield,0.065,12.31,65,23035,23162.7,23020.95,23063.1,mid_price,ok
2026-09-25T09:06:21.031996+00:00,2026-09-25T14:36:21.031996+05:30,NIFTY,29-Sep-2026,26350.0,PE,23129.8,3047.05,780,3232.6,780,0.0,3139.825,0,0,0,0,0,,,,,,,,,,,,,,,0.011060976915398276,,,,,,12.31,65,23035,23162.7,23020.95,23063.1,mid_price,no_price_available
2026-09-25T09:06:21.031996+00:00,2026-09-25T14:36:21.031996+05:30,NIFTY,29-Sep-2026,26400.0,CE,23129.8,0.4,5525,0.45,65,0.4,0.42500000000000004,301,-2,541,-42.857142857142854,42.23,0.0016293762537446057,5.122170104218369e-06,-0.6748051185620678,0.12800069254949567,0.03721400442047531,-0.00196438378803638,2.6634110216115365,1.4603041122570131e-08,9.445059877195856e-05,-4.982150884342092e-06,-0.15648750190219468,79.3273269630304,-0.0014095478346647537,3.931786238688855e-06,0.011060976915398276,23204,0.28956286604935927,0.0123,index_dividend_yield,0.065,12.31,65,23035,23162.7,23020.95,23063.1,mid_price,ok
2026-09-25T09:06:21.031996+00:00,2026-09-25T14:36:21.031996+05:30,NIFTY,29-Sep-2026,26400.0,PE,23129.8,3064.55,780,3244.6,975,3242.4,3154.575,42,0,2,2.4454976303317535,0,,,,,,,,,,,,,,,0.011060976915398276,,,,,,12.31,65,23035,23162.7,23020.95,23063.1,mid_price,no_price_available
2026-09-25T09:06:21.031996+00:00,2026-09-25T14:36:21.031996+05:30,NIFTY,29-Sep-2026,26450.0,CE,23129.8,0.4,5005,0.45,650,0.4,0.42500000000000004,193,18,224,-38.46153846153846,42.35,0.0014590688219612948,4.6185072418993536e-06,-0.6118541530116468,0.11574234697524949,0.03393844703157144,-0.0017966505380241254,2.4570635698126506,1.3287897776945307e-08,8.713834716201481e-05,-4.609091659401999e-06,-0.1444507466615112,79.77698787369589,-0.0012599221608918852,3.531783158006786e-06,0.011060976915398276,23204,0.28956286604935927,0.0123,index_dividend_yield,0.065,12.31,65,23035,23162.7,23020.95,23063.1,mid_price,ok
2026-09-25T09:06:21.031996+00:00,2026-09-25T14:36:21.031996+05:30,NIFTY,29-Sep-2026,26450.0,PE,23129.8,3146.3,780,3359.25,780,0.0,3252.775,0,0,0,0,0,,,,,,,,,,,,,,,0.011060976915398276,,,,,,12.31,65,23035,23162.7,23020.95,23063.1,mid_price,no_price_available
2026-09-25T09:06:21.031996+00:00,2026-09-25T14:36:21.031996+05:30,NIFTY,29-Sep-2026,26500.0,CE,23129.8,0.35,495365,0.4,100035,0.4,0.375,9221,-1039,8958,-33.333333333333336,42.41,0.0012878651119030693,4.114976766865801e-06,-0.5466413693904115,0.1032696965645834,0.030620099763533346,-0.0016234097587005307,2.24517729722374,1.198076701483714e-08,7.975939534844675e-05,-4.224493832094318e-06,-0.1318661585827108,80.41753886705123,-0.001110099810592081,3.1348689814806347e-06,0.011060976915398276,23204,0.28956286604935927,0.0123,index_dividend_yield,0.065,12.31,65,23035,23162.7,23020.95,23063.1,mid_price,ok
2026-09-25T09:06:21.031996+00:00,2026-09-25T14:36:21.031996+05:30,NIFTY,29-Sep-2026,26500.0,PE,23129.8,3297.75,65,3306.3,65,3303.5,3302.025,8770,-854,1433,-2.591849973462287,0,,,,,,,,,,,,,,,0.011060976915398276,,,,,,12.31,65,23035,23162.7,23020.95,23063.1,mid_price,no_price_available
2026-09-25T09:06:21.031996+00:00,2026-09-25T14:36:21.031996+05:30,NIFTY,29-Sep-2026,26550.0,CE,23129.8,0.4,4940,0.45,1690,0.4,0.42500000000000004,163,27,368,-33.333333333333336,43.43,0.0014238526248369979,4.404324207992071e-06,-0.6134870930160303,0.11318955454530207,0.03245689052206455,-0.0017616901037789906,2.355712567850221,1.2377359141930172e-08,8.152100774321683e-05,-4.420807231337621e-06,-0.14192408991581018,77.96079952713147,-0.001224519424574126,3.342673702021643e-06,0.011060976915398276,23204,0.28956286604935927,0.0123,index_dividend_yield,0.065,12.31,65,23035,23162.7,23020.95,23063.1,mid_price,ok
2026-09-25T09:06:21.031996+00:00,2026-09-25T14:36:21.031996+05:30,NIFTY,29-Sep-2026,26550.0,PE,23129.8,3239.1,780,3479.65,780,0.0,3359.375,0,0,0,0,0,,,,,,,,,,,,,,,0.011060976915398276,,,,,,12.31,65,23035,23162.7,23020.95,23063.1,mid_price,no_price_available
2026-09-25T09:06:21.031996+00:00,2026-09-25T14:36:21.031996+05:30,NIFTY,29-Sep-2026,26600.0,CE,23129.8,0.35,3055,0.4,2795,0.35,0.375,637,37,1201,-30,43.48,0.0012581402268412125,3.928900615866648e-06,-0.5484766570714021,0.1010875845937364,0.029313854586026613,-0.0015930650930395997,2.1544460598334063,1.1174276519960247e-08,7.4698249135207e-05,-4.055260172554048e-06,-0.12964496755540628,78.59825206127252,-0.0010800860079465892,2.9706502626850108e-06,0.011060976915398276,23204,0.28956286604935927,0.0123,index_dividend_yield,0.065,12.31,65,23035,23162.7,23020.95,23063.1,mid_price,ok
2026-09-25T09:06:21.031996+00:00,2026-09-25T14:36:21.031996+05:30,NIFTY,29-Sep-2026,26600.0,PE,23129.8,3293.75,780,3486.15,780,0.0,3389.95,0,0,0,0,0,,,,,,,,,,,,,,,0.011060976915398276,,,,,,12.31,65,23035,23162.7,23020.95,23063.1,mid_price,no_price_available
2026-09-25T09:06:21.031996+00:00,2026-09-25T14:36:21.031996+05:30,NIFTY,29-Sep-2026,26650.0,CE,23129.8,0.4,2990,0.45,975,0.4,0.42500000000000004,143,21,208,-27.272727272727273,44.51,0.0013925743642882124,4.211166828592877e-06,-0.6159937697864496,0.1109167873350198,0.03111463117172898,-0.0017305099855885826,2.2634323308227606,1.1564333798547404e-08,7.647341084363542e-05,-4.2491914853917284e-06,-0.1396652491425087,76.21975368634065,-0.0011927719740771258,3.172135826635979e-06,0.011060976915398276,23204,0.28956286604935927,0.0123,index_dividend_yield,0.065,12.31,65,23035,23162.7,23020.95,23063.1,mid_price,ok
2026-09-25T09:06:21.031996+00:00,2026-09-25T14:36:21.031996+05:30,NIFTY,29-Sep-2026,26650.0,PE,23129.8,3337.7,780,3579.95,975,0.0,3458.825,0,0,0,0,0,,,,,,,,,,,,,,,0.011060976915398276,,,,,,12.31,65,23035,23162.7,23020.95,23063.1,mid_price,no_price_available
2026-09-25T09:06:21.031996+00:00,2026-09-25T14:36:21.031996+05:30,NIFTY,29-Sep-2026,26700.0,CE,23129.8,0.35,4355,0.4,325,0.35,0.375,222,77,498,-41.666666666666664,45.05,0.0013782729088112988,4.121642243270662e-06,-0.6175561706051149,0.10987587048747231,0.030490451471532672,-0.001716214698755809,2.220364236357332,1.1190185815791048e-08,7.413994413163221e-05,-4.169035020469791e-06,-0.13862790638746067,75.3760186853323,-0.0011781363841719412,3.0930826492020937e-06,0.011060976915398276,23204,0.28956286604935927,0.0123,index_dividend_yield,0.065,12.31,65,23035,23162.7,23020.95,23063.1,mid_price,ok
2026-09-25T09:06:21.031996+00:00,2026-09-25T14:36:21.031996+05:30,NIFTY,29-Sep-2026,26700.0,PE,23129.8,3387.55,780,3629.45,780,0.0,3508.5,0,0,0,0,0,,,,,,,,,,,,,,,0.011060976915398276,,,,,,12.31,65,23035,23162.7,23020.95,23063.1,mid_price,no_price_available
2026-09-25T09:06:21.031996+00:00,2026-09-25T14:36:21.031996+05:30,NIFTY,29-Sep-2026,26750.0,CE,23129.8,0.35,2990,0.4,1365,0.35,0.375,230,5,280,-36.36363636363637,45.08,0.0012183415070927627,3.67962704068329e-06,-0.5520177996086437,0.09815783028966807,0.02755603139519935,-0.0015522330782383404,2.031769348576615,1.011411072416278e-08,6.800132615594085e-05,-3.826245351489091e-06,-0.1266478172475606,76.02297072652959,-0.0010396006734064065,2.7510595037603827e-06,0.011060976915398276,23204,0.28956286604935927,0.0123,index_dividend_yield,0.065,12.31,65,23035,23162.7,23020.95,23063.1,mid_price,ok
2026-09-25T09:06:21.031996+00:00,2026-09-25T14:36:21.031996+05:30,NIFTY,29-Sep-2026,26750.0,PE,23129.8,3379.6,1170,3628.9,845,0.0,3504.25,1,0,0,0,18.46,,,,,,,,,,,,,,,0.011060976915398276,,,,,,12.31,65,23035,23162.7,23020.95,23063.1,mid_price,no_price_available
2026-09-25T09:06:21.031996+00:00,2026-09-25T14:36:21.031996+05:30,NIFTY,29-Sep-2026,26800.0,CE,23129.8,0.35,7670,0.4,195,0.4,0.375,419,240,831,-33.333333333333336,46.12,0.0013491721783440006,3.948284488034965e-06,-0.6199017856327247,0.10775439111034003,0.029281289643257546,-0.001687015604856303,2.136945888357791,1.0485659604067564e-08,6.973924403868315e-05,-4.013841358884117e-06,-0.13650565084554248,73.7673188588745,-0.0011486212189736548,2.9409158944734926e-06,0.011060976915398276,23204,0.28956286604935927,0.0123,index_dividend_yield,0.065,12.31,65,23035,23162.7,23020.95,23063.1,mid_price,ok
2026-09-25T09:06:21.031996+00:00,2026-09-25T14:36:21.031996+05:30,NIFTY,29-Sep-2026,26800.0,PE,23129.8,3461.6,780,3650.1,845,0.0,3555.85,21,0,0,0,0,,,,,,,,,,,,,,,0.011060976915398276,,,,,,12.31,65,23035,23162.7,23020.95,23063.1,mid_price,no_price_available
2026-09-25T09:06:21.031996+00:00,2026-09-25T14:36:21.031996+05:30,NIFTY,29-Sep-2026,26850.0,CE,23129.8,0.35,9490,0.4,195,0.4,0.375,191,21,572,-33.333333333333336,46.65,0.0013343990607485633,3.864349177063937e-06,-0.6206929158837843,0.10667563845078243,0.028695549996170265,-0.0016721345649881828,2.096538789676049,1.0153814743989328e-08,6.766312072523919e-05,-3.9386932552415e-06,-0.1354222838307923,73.00015899686579,-0.0011337647874724852,2.867685607596855e-06,0.011060976915398276,23204,0.28956286604935927,0.0123,index_dividend_yield,0.065,12.31,65,23035,23162.7,23020.95,23063.1,mid_price,ok
2026-09-25T09:06:21.031996+00:00,2026-09-25T14:36:21.031996+05:30,NIFTY,29-Sep-2026,26850.0,PE,23129.8,3557.05,780,3779.3,780,0.0,3668.175,0,0,0,0,0,,,,,,,,,,,,,,,0.011060976915398276,,,,,,12.31,65,23035,23162.7,23020.95,23063.1,mid_price,no_price_available
2026-09-25T09:06:21.031996+00:00,2026-09-25T14:36:21.031996+05:30,NIFTY,29-Sep-2026,26900.0,CE,23129.8,0.4,3380,0.45,1235,0.4,0.42500000000000004,217,0,230,-20,47.18,0.0013204315912276388,3.7843669509417197e-06,-0.6216823316459528,0.10565460205835539,0.02813621198609307,-0.0016580393968796104,2.0578635821436735,9.838913404411066e-09,6.568729521651033e-05,-3.866729957790161e-06,-0.13439501307221366,72.24755554188715,-0.0011196500782024324,2.7979015967228425e-06,0.011060976915398276,23204,0.28956286604935927,0.0123,index_dividend_yield,0.065,12.31,65,23035,23162.7,23020.95,23063.1,mid_price,ok
2026-09-25T09:06:21.031996+00:00,2026-09-25T14:36:21.031996+05:30,NIFTY,29-Sep-2026,26900.0,PE,23129.8,3582.5,780,3752.2,845,0.0,3667.35,1,0,0,0,0,,,,,,,,,,,,,,,0.011060976915398276,,,,,,12.31,65,23035,23162.7,23020.95,23063.1,mid_price,no_price_available
2026-09-25T09:06:21.031996+00:00,2026-09-25T14:36:21.031996+05:30,NIFTY,29-Sep-2026,26950.0,CE,23129.8,0.35,3120,0.4,585,0.4,0.375,228,3,340,-33.333333333333336,47.71,0.0013072267183222323,3.7081007165729705e-06,-0.6228636811606256,0.1046883076231116,0.027601755432322527,-0.0016446915377987007,2.020824879617411,9.539847730104753e-09,6.380554336871664e-05,-3.7977779058559023e-06,-0.13342119850683978,71.50911516327929,-0.0011062362462792273,2.7313524062698594e-06,0.011060976915398276,23204,0.28956286604935927,0.0123,index_dividend_yield,0.065,12.31,65,23035,23162.7,23020.95,23063.1,mid_price,ok
2026-09-25T09:06:21.031996+00:00,2026-09-25T14:36:21.031996+05:30,NIFTY,29-Sep-2026,26950.0,PE,23129.8,3574.05,780,3873.95,780,0.0,3724.0,0,0,0,0,0,,,,,,,,,,,,,,,0.011060976915398276,,,,,,12.31,65,23035,23162.7,23020.95,23063.1,mid_price,no_price_available
2026-09-25T09:06:21.031996+00:00,2026-09-25T14:36:21.031996+05:30,NIFTY,29-Sep-2026,27000.0,CE,23129.8,0.35,102050,0.4,81055,0.35,0.375,23796,-1650,11599,-30,47.71,0.0011568027315187893,3.3156599446909754e-06,-0.5569048905271109,0.0936087918842286,0.024978571173937186,-0.0014885582225964739,1.8512171841867306,8.639724644497426e-09,5.862055380739548e-05,-3.4890997856279573e-06,-0.12195447437345482,72.159043125033,-0.0009772524158786176,2.4332470720310894e-06,0.011060976915398276,23204,0.28956286604935927,0.0123,index_dividend_yield,0.065,12.31,65,23035,23162.7,23020.95,23063.1,mid_price,ok
2026-09-25T09:06:21.031996+00:00,2026-09-25T14:36:21.031996+05:30,NIFTY,29-Sep-2026,27000.0,PE,23129.8,3799.9,65,3804.25,65,3798.25,3802.075,17208.46153846154,-2004,2778,-2.5077323887626894,0,,,,,,,,,,,,,,,0.011060976915398276,,,,,,12.31,65,23035,23162.7,23020.95,23063.1,mid_price,no_price_available
2026-09-25T09:06:21.031996+00:00,2026-09-25T14:36:21.031996+05:30,NIFTY,29-Sep-2026,27050.0,CE,23129.8,0.35,4550,0.4,2405,0.35,0.375,366,15,827,-22.22222222222222,48.23,0.001144996613265491,3.2492379095847364e-06,-0.5576648737557627,0.09273336398306942,0.02450686015205211,-0.0014762621368077785,1.8180955475949543,8.380944509320555e-09,5.696573619873389e-05,-3.427246099346122e-06,-0.12104535980642074,71.44491313113782,-0.0009653551894594957,2.375695241127566e-06,0.011060976915398276,23204,0.28956286604935927,0.0123,index_dividend_yield,0.065,12.31,65,23035,23162.7,23020.95,23063.1,mid_price,ok
2026-09-25T09:06:21.031996+00:00,2026-09-25T14:36:21.031996+05:30,NIFTY,29-Sep-2026,27050.0,PE,23129.8,3658.3,780,3998.35,780,0.0,3828.325,0,0,0,0,0,,,,,,,,,,,,,,,0.011060976915398276,,,,,,12.31,65,23035,23162.7,23020.95,23063.1,mid_price,no_price_available
2026-09-25T09:06:21.031996+00:00,2026-09-25T14:36:21.031996+05:30,NIFTY,29-Sep-2026,27100.0,CE,23129.8,0.3,69615,0.35,455,0.3,0.32499999999999996,733,96,1264,-40,48.75,0.0011338230985532057,3.185830530661907e-06,-0.5585924508989496,0.09190402476055107,0.024055669420452813,-0.0014646066846407113,1.786346144147556,8.134814895794728e-09,5.538760449739433e-05,-3.3679278475179406e-06,-0.12018276261856246,70.74364453922905,-0.0009540367303194432,2.320747242892716e-06,0.011060976915398276,23204,0.28956286604935927,0.0123,index_dividend_yield,0.065,12.31,65,23035,23162.7,23020.95,23063.1,mid_price,wide_quote_low_liquidity
2026-09-25T09:06:21.031996+00:00,2026-09-25T14:36:21.031996+05:30,NIFTY,29-Sep-2026,27100.0,PE,23129.8,3804.5,780,4052.8,780,0.0,3928.65,0,0,0,0,0,,,,,,,,,,,,,,,0.011060976915398276,,,,,,12.31,65,23035,23162.7,23020.95,23063.1,mid_price,no_price_available
2026-09-25T09:06:21.031996+00:00,2026-09-25T14:36:21.031996+05:30,NIFTY,29-Sep-2026,27150.0,CE,23129.8,0.3,20345,0.35,4290,0.3,0.32499999999999996,1193,-73,1436,-25,48.66,0.000985736684232744,2.8072592234199837e-06,-0.4903682970062569,0.08083358920771312,0.021481724732129674,-0.0013056995860278734,1.617029277064641,7.284637511088536e-09,5.0387882921428125e-05,-3.05831881269759e-06,-0.10833640913914332,71.59478738638187,-0.0008280454852245816,2.0374483337247918e-06,0.011060976915398276,23204,0.28956286604935927,0.0123,index_dividend_yield,0.065,12.31,65,23035,23162.7,23020.95,23063.1,mid_price,wide_quote_low_liquidity
2026-09-25T09:06:21.031996+00:00,2026-09-25T14:36:21.031996+05:30,NIFTY,29-Sep-2026,27150.0,PE,23129.8,3750.35,780,4112.5,780,0.0,3931.425,0,0,0,0,0,,,,,,,,,,,,,,,0.011060976915398276,,,,,,12.31,65,23035,23162.7,23020.95,23063.1,mid_price,no_price_available
2026-09-25T09:06:21.031996+00:00,2026-09-25T14:36:21.031996+05:30,NIFTY,29-Sep-2026,27200.0,CE,23129.8,0.35,19045,0.4,24310,0.35,0.375,4109,858,5389,-30,49.79,0.001113247043586532,3.067378957812657e-06,-0.5609305412234784,0.0903746859666395,0.023210390875301815,-0.0014430992828294693,1.7266781575983325,7.677396827217143e-09,5.244345267055214e-05,-3.2563744946527544e-06,-0.11858885680081804,69.37838390754075,-0.0009330161838014675,2.2180604648134457e-06,0.011060976915398276,23204,0.28956286604935927,0.0123,index_dividend_yield,0.065,12.31,65,23035,23162.7,23020.95,23063.1,mid_price,ok
2026-09-25T09:06:21.031996+00:00,2026-09-25T14:36:21.031996+05:30,NIFTY,29-Sep-2026,27200.0,PE,23129.8,3903.3,780,4156.25,780,0.0,4029.775,0,0,0,0,0,,,,,,,,,,,,,,,0.011060976915398276,,,,,,12.31,65,23035,23162.7,23020.95,23063.1,mid_price,no_price_available
2026-09-25T09:06:21.031996+00:00,2026-09-25T14:36:21.031996+05:30,NIFTY,29-Sep-2026,28500.0,CE,23129.8,0.35,15340,0.4,18915,0.4,0.375,6348,-733,2942,14.285714285714286,62.76,0.0009002319892942762,2.002515050955458e-06,-0.5809864671799311,0.07436968890597796,0.015526408077484375,-0.0012153909007909711,1.178877776345226,4.029744184375544e-09,2.855208842825401e-05,-2.2311690065171402e-06,-0.10152973412040103,56.08218497892503,-0.0007175756492834685,1.318954530348244e-06,0.011060976915398276,23204,0.28956286604935927,0.0123,index_dividend_yield,0.065,12.31,65,23035,23162.7,23020.95,23063.1,mid_price,ok
2026-09-25T09:06:21.031996+00:00,2026-09-25T14:36:21.031996+05:30,NIFTY,29-Sep-2026,28500.0,PE,23129.8,5293.45,65,5304.25,65,5296.25,5298.85,3988,-1053,1609,-2.0890141886583167,0,,,,,,,,,,,,,,,0.011060976915398276,,,,,,12.31,65,23035,23162.7,23020.95,23063.1,mid_price,no_price_available
2026-09-25T09:06:21.031996+00:00,2026-09-25T14:36:21.031996+05:30,NIFTY,29-Sep-2026,30000.0,CE,23129.8,0.25,7410,0.3,13000,0.25,0.275,4160.538461538462,-129.53846153846155,1047,-28.571428571428573,75.86,0.0006576192589083848,1.2406345076792615e-06,-0.5253665684963762,0.05569214382295013,0.009936368414416535,-0.0009397831819868891,0.7765157877697367,2.1146713394054965e-09,1.56626588789901e-05,-1.478179674111185e-06,-0.08037441688700225,47.57876029319547,-0.0004963636274292845,7.37471263711769e-07,0.011060976915398276,23204,0.28956286604935927,0.0123,index_dividend_yield,0.065,12.31,65,23035,23162.7,23020.95,23063.1,mid_price,wide_quote_low_liquidity
2026-09-25T09:06:21.031996+00:00,2026-09-25T14:36:21.031996+05:30,NIFTY,29-Sep-2026,30000.0,PE,23129.8,6796.25,65,6804.15,65,6800,6800.2,1576,-309,522,-1.4385621625539007,0,,,,,,,,,,,,,,,0.011060976915398276,,,,,,12.31,65,23035,23162.7,23020.95,23063.1,mid_price,no_price_available
2026-09-25T09:06:21.031996+00:00,2026-09-25T14:36:21.031996+05:30,NIFTY,29-Sep-2026,31500.0,CE,23129.8,0.25,2730,0.3,9815,0.3,0.275,271,23,155,0,88.82,0.0005698758898528515,9.283332677870474e-07,-0.5385643447095314,0.04879237114963626,0.007558264860280854,-0.000836712997227582,0.5981921640017297,1.3617883195096065e-09,1.0336093238434574e-05,-1.141495975163303e-06,-0.0722959731810242,41.16539205267024,-0.0004082830605083435,5.00525907312351e-07,0.011060976915398276,23204,0.28956286604935927,0.0123,index_dividend_yield,0.065,12.31,65,23035,23162.7,23020.95,23063.1,mid_price,wide_quote_low_liquidity
2026-09-25T09:06:21.031996+00:00,2026-09-25T14:36:21.031996+05:30,NIFTY,29-Sep-2026,31500.0,PE,23129.8,7934.5,1755,8742.85,1690,0.0,8338.675,0,0,0,0,0,,,,,,,,,,,,,,,0.011060976915398276,,,,,,12.31,65,23035,23162.7,23020.95,23063.1,mid_price,no_price_available
2026-09-25T09:06:21.031996+00:00,2026-09-25T14:36:21.031996+05:30,NIFTY,29-Sep-2026,33000.0,CE,23129.8,0.2,34125,0.25,36465,0.2,0.225,1132,189,641,-33.333333333333336,98.18,0.0003565132720570711,5.43747053589195e-07,-0.385269723839128,0.031590549869939706,0.004613329122697918,-0.0005649328450761857,0.3798167087207139,7.490405277818594e-10,5.9836811997642135e-06,-7.306476449222012e-07,-0.0504500180602804,38.4677914526797,-0.0002433853767588961,2.671239277579094e-07,0.011060976915398276,23204,0.28956286604935927,0.0123,index_dividend_yield,0.065,12.31,65,23035,23162.7,23020.95,23063.1,mid_price,wide_quote_low_liquidity
2026-09-25T09:06:21.031996+00:00,2026-09-25T14:36:21.031996+05:30,NIFTY,29-Sep-2026,33000.0,PE,23129.8,9353.6,1755,10262.05,1690,0.0,9807.825,0,0,0,0,0,,,,,,,,,,,,,,,0.011060976915398276,,,,,,12.31,65,23035,23162.7,23020.95,23063.1,mid_price,no_price_available
2026-09-25T09:06:21.031996+00:00,2026-09-25T14:36:21.031996+05:30,NIFTY,29-Sep-2026,34500.0,CE,23129.8,0.2,11245,0.25,9100,0.2,0.225,311,108,397,-63.63636363636363,109.43,0.0003229232116080796,4.4497180171185005e-07,-0.39154485146728385,0.028814171077773006,0.003817392298570508,-0.0005210122640899044,0.31680109714003585,5.522203135364792e-10,4.485657921065908e-06,-6.103835903416815e-07,-0.046832092107775454,34.82232946729223,-0.0002102798899313804,2.0000371152442254e-07,0.011060976915398276,23204,0.28956286604935927,0.0123,index_dividend_yield,0.065,12.31,65,23035,23162.7,23020.95,23063.1,mid_price,wide_quote_low_liquidity
2026-09-25T09:06:21.031996+00:00,2026-09-25T14:36:21.031996+05:30,NIFTY,29-Sep-2026,34500.0,PE,0,,0,,0,0.0,,0,0,0,0,0,,,,,,,,,,,,,,,0.011060976915398276,,,,,,12.31,65,23035,23162.7,23020.95,23063.1,none,no_price_available
2026-09-25T09:12:40.005597+00:00,2026-09-25T14:42:40.005597+05:30,NIFTY,29-Sep-2026,15000.0,CE,23126.05,7641.55,1690,8740.15,1690,0.0,8190.85,0,0,0,0,0,,,,,,,,,,,,,,,0.011048959741343227,23190,0.249929727231009,0.0123,index_dividend_yield,0.065,12.26,65,23035,23162.7,23020.95,23063.1,mid_price,no_nse_iv
2026-09-25T09:12:40.005597+00:00,2026-09-25T14:42:40.005597+05:30,NIFTY,29-Sep-2026,15000.0,PE,23126.05,0.25,12480,0.3,6565,0.3,0.275,1899,219,1640,-33.333333333333336,123.76,-0.0003402103333688189,4.132890763265397e-07,-0.4625769742668999,0.03022445920776775,-0.0032824434189340714,0.0005036269053672157,0.27107790136071674,-4.858633256966518e-10,3.3727660363577623e-06,-5.159478753884473e-07,-0.04536475517634193,-28.92122521361806,0.000542650724755612,9.823682756171335e-07,0.011048959741343227,23190,0.249929727231009,0.0123,index_dividend_yield,0.065,12.26,65,23035,23162.7,23020.95,23063.1,mid_price,wide_quote_low_liquidity
2026-09-25T09:12:40.005597+00:00,2026-09-25T14:42:40.005597+05:30,NIFTY,29-Sep-2026,16500.0,CE,23126.05,6244.65,780,6973.4,780,0.0,6609.025,0,0,0,0,0,,,,,,,,,,,,,,,0.011048959741343227,,,,,,12.26,65,23035,23162.7,23020.95,23063.1,mid_price,no_price_available
2026-09-25T09:12:40.005597+00:00,2026-09-25T14:42:40.005597+05:30,NIFTY,29-Sep-2026,16500.0,PE,23126.05,0.2,96720,0.25,31980,0.2,0.225,2286,32,2457,-42.857142857142854,98.01,-0.0004277936064867158,6.455580942032181e-07,-0.4528369980962274,0.03738781040700284,-0.005070499936053497,0.0006153888110563778,0.4109535861625477,-9.3491083202552e-10,6.4370586653388395e-06,-7.78956992669547e-07,-0.05454011244880417,-36.21992960029612,0.0006161404922012508,1.2681492317615071e-06,0.011048959741343227,23190,0.249929727231009,0.0123,index_dividend_yield,0.065,12.26,65,23035,23162.7,23020.95,23063.1,mid_price,wide_quote_low_liquidity
2026-09-25T09:12:40.005597+00:00,2026-09-25T14:42:40.005597+05:30,NIFTY,29-Sep-2026,18000.0,CE,23126.05,5184.3,65,5221.3,130,5190,5202.8,12,0,2,0.9079773686154803,130.48,0.9711444432714312,2.0688619388304917e-05,-28.1262535910386,1.5951435408578798,-0.08865061511442729,0.014293860296739753,4.094237987130933,-1.3292342922274018e-08,3.724549801376674e-05,-5.984571797066337e-06,-0.856230876904499,4.341821733369771,-0.9603379151865191,3.4149898739081e-05,0.011048959741343227,23190,0.249929727231009,0.0123,index_dividend_yield,0.065,12.26,65,23035,23162.7,23020.95,23063.1,mid_price,ok
2026-09-25T09:12:40.005597+00:00,2026-09-25T14:42:40.005597+05:30,NIFTY,29-Sep-2026,18000.0,PE,23126.05,0.2,695240,0.25,377130,0.2,0.225,12549,-312,12259,-50,74.25,-0.0005624926138464361,1.0979666070671367e-06,-0.44154059891974456,0.04817368867254388,-0.00848533761431072,0.0007788665397899714,0.6718540616083637,-2.0411854507232097e-09,1.3833964783864769e-05,-1.2661389411032575e-06,-0.06767415888998615,-47.23429031359868,0.0007379794655997901,1.812370740960651e-06,0.011048959741343227,23190,0.249929727231009,0.0123,index_dividend_yield,0.065,12.26,65,23035,23162.7,23020.95,23063.1,mid_price,wide_quote_low_liquidity
2026-09-25T09:12:40.005597+00:00,2026-09-25T14:42:40.005597+05:30,NIFTY,29-Sep-2026,19500.0,CE,23126.05,3690,260,3692.55,65,3710,3691.275,1578,-124,427,2.831326136064415,103.01,0.9488030335772903,4.188133808259159e-05,-35.068580544241044,2.5493193802784786,-0.15539044398632518,0.019730181225210395,6.174390756478854,-2.9154806943968986e-08,6.077813796994178e-05,-7.680079421037966e-06,-1.0984874968675726,5.941886639110035,-0.9358609594097235,5.8905282956550205e-05,0.011048959741343227,23190,0.249929727231009,0.0123,index_dividend_yield,0.065,12.26,65,23035,23162.7,23020.95,23063.1,mid_price,ok
2026-09-25T09:12:40.005597+00:00,2026-09-25T14:42:40.005597+05:30,NIFTY,29-Sep-2026,19500.0,PE,23126.05,0.35,199745,0.4,113815,0.4,0.375,14207,-1776,13585,-46.666666666666664,54.08,-0.0011874094388712282,2.998018662363633e-06,-0.6383297958082123,0.09580657760510906,-0.021732267834971866,0.0014479139529779475,1.6053432267011392,-7.12408610135374e-09,4.4691016387875645e-05,-2.969537613251211e-06,-0.11887522728223036,-61.80041130780195,0.0014309961601698278,4.2166546175599165e-06,0.011048959741343227,23190,0.249929727231009,0.0123,index_dividend_yield,0.065,12.26,65,23035,23162.7,23020.95,23063.1,mid_price,ok
2026-09-25T09:12:40.005597+00:00,2026-09-25T14:42:40.005597+05:30,NIFTY,29-Sep-2026,20800.0,CE,23126.05,2134.7,780,2455.15,780,0.0,2294.925,0,0,0,0,0,,,,,,,,,,,,,,,0.011048959741343227,,,,,,12.26,65,23035,23162.7,23020.95,23063.1,mid_price,no_price_available
2026-09-25T09:12:40.005597+00:00,2026-09-25T14:42:40.005597+05:30,NIFTY,29-Sep-2026,20800.0,PE,23126.05,0.6,69485,0.65,61750,0.65,0.625,3151,3151,50917,-97.60589318600368,36.72,-0.0027106902228870877,9.35385940457377e-06,-0.9148276406130885,0.20296344328325766,-0.062353652799245235,0.0028062459829062826,4.214952052463583,-2.997802501284626e-08,0.000168776516124601,-7.5741105645121464e-06,-0.21490310356422504,-85.61262233809279,0.003049027929716237,1.1562908486868947e-05,0.011048959741343227,23190,0.249929727231009,0.0123,index_dividend_yield,0.065,12.26,65,23035,23162.7,23020.95,23063.1,mid_price,ok
2026-09-25T09:12:40.005597+00:00,2026-09-25T14:42:40.005597+05:30,NIFTY,29-Sep-2026,20850.0,CE,23126.05,2088.35,780,2462.7,780,0.0,2275.5249999999996,0,0,0,0,0,,,,,,,,,,,,,,,0.011048959741343227,,,,,,12.26,65,23035,23162.7,23020.95,23063.1,mid_price,no_price_available
2026-09-25T09:12:40.005597+00:00,2026-09-25T14:42:40.005597+05:30,NIFTY,29-Sep-2026,20850.0,PE,23126.05,0.7,1170,0.75,2860,0.7,0.725,522,512,1718,-92.22222222222223,36.24,-0.0029421137945936935,1.0204718445894102e-05,-0.9719134291162099,0.218531238719388,-0.06737555094625058,0.002991633466337066,4.510684182524482,-3.281600036684657e-08,0.00018247378227608394,-8.078986292582504e-06,-0.22742242817756456,-86.15043822222172,0.003301162868904054,1.2554280525065576e-05,0.011048959741343227,23190,0.249929727231009,0.0123,index_dividend_yield,0.065,12.26,65,23035,23162.7,23020.95,23063.1,mid_price,ok
2026-09-25T09:12:40.005597+00:00,2026-09-25T14:42:40.005597+05:30,NIFTY,29-Sep-2026,20900.0,CE,23126.05,2041.95,780,2409.35,780,0.0,2225.65,0,0,0,0,0,,,,,,,,,,,,,,,0.011048959741343227,,,,,,12.26,65,23035,23162.7,23020.95,23063.1,mid_price,no_price_available
2026-09-25T09:12:40.005597+00:00,2026-09-25T14:42:40.005597+05:30,NIFTY,29-Sep-2026,20900.0,PE,23126.05,0.7,33345,0.75,11375,0.7,0.725,1147,1147,7474,-97.76357827476038,35.49,-0.0030038281936552776,1.061714366209236e-05,-0.9695442984779017,0.22265784681505607,-0.06994337577430473,0.003040512812424281,4.671031129925021,-3.478529007727211e-08,0.00019281364143981921,-8.35744415332261e-06,-0.23070362037915682,-87.83266206290229,0.0033616066529248124,1.2999242400398568e-05,0.011048959741343227,23190,0.249929727231009,0.0123,index_dividend_yield,0.065,12.26,65,23035,23162.7,23020.95,23063.1,mid_price,ok
2026-09-25T09:12:40.005597+00:00,2026-09-25T14:42:40.005597+05:30,NIFTY,29-Sep-2026,20950.0,CE,23126.05,1995.6,780,2312.6,780,0.0,2154.1,0,0,0,0,0,,,,,,,,,,,,,,,0.011048959741343227,,,,,,12.26,65,23035,23162.7,23020.95,23063.1,mid_price,no_price_available
2026-09-25T09:12:40.005597+00:00,2026-09-25T14:42:40.005597+05:30,NIFTY,29-Sep-2026,20950.0,PE,23126.05,0.7,5005,0.75,1300,0.75,0.725,544,544,1657,-97.76785714285714,34.98,-0.003245466156221402,1.1548992394957645e-05,-1.024306501495493,0.2387196737303493,-0.07538205983802551,0.0032287359522990204,4.9875687830415325,-3.8030442020086644e-08,0.000208274499237509,-8.894599211740998e-06,-0.24326520826002782,-88.5267110933788,0.0036230374076875807,1.4072749635478756e-05,0.011048959741343227,23190,0.249929727231009,0.0123,index_dividend_yield,0.065,12.26,65,23035,23162.7,23020.95,23063.1,mid_price,ok
2026-09-25T09:12:40.005597+00:00,2026-09-25T14:42:40.005597+05:30,NIFTY,29-Sep-2026,21000.0,CE,23126.05,2190.95,65,2194.95,65,2192.95,2192.95,5032,-1195,2042,3.965770634807756,65.95,0.9241162408762752,8.896515690687043e-05,-31.04339867468162,3.46704166379605,-0.2951710816209152,0.023867773930718046,10.290698178438529,-8.339540769391207e-08,0.00012916461758611487,-1.031909296887472e-05,-1.260528941322077,9.740679470606835,-0.9131974924947112,0.00010789076690485714,0.011048959741343227,23190,0.249929727231009,0.0123,index_dividend_yield,0.065,12.26,65,23035,23162.7,23020.95,23063.1,mid_price,ok
2026-09-25T09:12:40.005597+00:00,2026-09-25T14:42:40.005597+05:30,NIFTY,29-Sep-2026,21000.0,PE,23126.05,0.6,576550,0.65,494520,0.65,0.625,154368,-15682,187216,-59.375,33.74,-0.002949149147807619,1.098446863645897e-05,-0.906135015695889,0.21900218262561533,-0.07257319938316192,0.0029976081856868007,4.857270771397845,-3.7973326101134566e-08,0.00021106643844162604,-8.69188310478632e-06,-0.2278238344534226,-92.58386014243364,0.003282801122226163,1.332120109078779e-05,0.011048959741343227,23190,0.249929727231009,0.0123,index_dividend_yield,0.065,12.26,65,23035,23162.7,23020.95,23063.1,mid_price,ok
2026-09-25T09:12:40.005597+00:00,2026-09-25T14:42:40.005597+05:30,NIFTY,29-Sep-2026,21050.0,CE,23126.05,1902.8,780,2212.3,780,0.0,2057.55,0,0,0,0,0,,,,,,,,,,,,,,,0.011048959741343227,,,,,,12.26,65,23035,23162.7,23020.95,23063.1,mid_price,no_price_available
2026-09-25T09:12:40.005597+00:00,2026-09-25T14:42:40.005597+05:30,NIFTY,29-Sep-2026,21050.0,PE,23126.05,0.7,5525,0.75,4615,0.7,0.725,591,591,2567,-98.18417639429313,33.47,-0.003387425070663695,1.2543687584482765e-05,-1.018015185986597,0.24808771148880981,-0.08149065462805319,0.0033375956552821207,5.363645205808148,-4.296699053580177e-08,0.00023371351704776227,-9.543317498278062e-06,-0.2504783820563756,-92.21392104749981,0.0037618662057223866,1.5139932854313402e-05,0.011048959741343227,23190,0.249929727231009,0.0123,index_dividend_yield,0.065,12.26,65,23035,23162.7,23020.95,23063.1,mid_price,ok
2026-09-25T09:12:40.005597+00:00,2026-09-25T14:42:40.005597+05:30,NIFTY,29-Sep-2026,21100.0,CE,23126.05,1856.45,780,2160.9,780,0.0,2008.6750000000002,0,0,0,0,0,,,,,,,,,,,,,,,0.011048959741343227,,,,,,12.26,65,23035,23162.7,23020.95,23063.1,mid_price,no_price_available
2026-09-25T09:12:40.005597+00:00,2026-09-25T14:42:40.005597+05:30,NIFTY,29-Sep-2026,21100.0,PE,23126.05,0.75,49725,0.8,21580,0.75,0.775,2763,2762,12520,-46.42857142857143,32.72,-0.00346697624047231,1.3101635067518903e-05,-1.0158911018687646,0.25331628201582773,-0.08489482813985753,0.0033979535182466526,5.571783929844323,-4.578961255940447e-08,0.00024813023503884396,-9.90114998920503e-06,-0.2544618861044572,-94.15504545760159,0.0038402375872953,1.57385061611401e-05,0.011048959741343227,23190,0.249929727231009,0.0123,index_dividend_yield,0.065,12.26,65,23035,23162.7,23020.95,23063.1,mid_price,ok
2026-09-25T09:12:40.005597+00:00,2026-09-25T14:42:40.005597+05:30,NIFTY,29-Sep-2026,21150.0,CE,23126.05,1810.25,780,2097.65,780,0.0,1953.95,0,0,0,0,0,,,,,,,,,,,,,,,0.011048959741343227,,,,,,12.26,65,23035,23162.7,23020.95,23063.1,mid_price,no_price_available
2026-09-25T09:12:40.005597+00:00,2026-09-25T14:42:40.005597+05:30,NIFTY,29-Sep-2026,21150.0,PE,23126.05,0.8,61685,0.85,21905,0.8,0.825,1538,1508,4348,-68,32.17,-0.0037299684927563,1.4229479522088314e-05,-1.0662592922215635,0.27049820506099326,-0.09137823824245682,0.003594565424635169,5.9430638963625935,-5.012162976666081e-08,0.0002683974593442444,-1.0525278867004521e-05,-0.2673615017458687,-95.1569357837005,0.004121320777897378,1.7012619630896166e-05,0.011048959741343227,23190,0.249929727231009,0.0123,index_dividend_yield,0.065,12.26,65,23035,23162.7,23020.95,23063.1,mid_price,ok
2026-09-25T09:12:40.005597+00:00,2026-09-25T14:42:40.005597+05:30,NIFTY,29-Sep-2026,21200.0,CE,23126.05,1763.8,780,2058.7,780,0.0,1911.25,0,0,0,0,0,,,,,,,,,,,,,,,0.011048959741343227,,,,,,12.26,65,23035,23162.7,23020.95,23063.1,mid_price,no_price_available
2026-09-25T09:12:40.005597+00:00,2026-09-25T14:42:40.005597+05:30,NIFTY,29-Sep-2026,21200.0,PE,23126.05,0.8,101660,0.85,41080,0.8,0.825,3024,2739,18872,-54.285714285714285,31.42,-0.0038248161804329424,1.4900867440508396e-05,-1.064781963733194,0.27665724231355127,-0.09541299982283478,0.00366441279132985,6.185926631002675,-5.358753444206617e-08,0.0002857477486285921,-1.0939761256462782e-05,-0.27191669907798377,-97.23034476871615,0.004215217706701582,1.773138868295858e-05,0.011048959741343227,23190,0.249929727231009,0.0123,index_dividend_yield,0.065,12.26,65,23035,23162.7,23020.95,23063.1,mid_price,ok
2026-09-25T09:12:40.005597+00:00,2026-09-25T14:42:40.005597+05:30,NIFTY,29-Sep-2026,21250.0,CE,23126.05,1717.2,780,2008.35,780,0.0,1862.775,0,0,0,0,0,,,,,,,,,,,,,,,0.011048959741343227,,,,,,12.26,65,23035,23162.7,23020.95,23063.1,mid_price,no_price_available
2026-09-25T09:12:40.005597+00:00,2026-09-25T14:42:40.005597+05:30,NIFTY,29-Sep-2026,21250.0,PE,23126.05,0.85,11895,0.9,29250,0.85,0.875,1401,1401,4261,-98.31181727904668,31.04,-0.004304473363213545,1.6765827396709204e-05,-1.1688913057773727,0.30751833536888035,-0.10574248853325316,0.004010191409054146,6.752931680514163,-6.009358773892286e-08,0.000314150599094802,-1.1875696046597742e-05,-0.2942640688379749,-97.37698108183255,0.0047325993031555585,1.985683571027398e-05,0.011048959741343227,23190,0.249929727231009,0.0123,index_dividend_yield,0.065,12.26,65,23035,23162.7,23020.95,23063.1,mid_price,ok
2026-09-25T09:12:40.005597+00:00,2026-09-25T14:42:40.005597+05:30,NIFTY,29-Sep-2026,21300.0,CE,23126.05,1670.95,780,1960.55,780,0.0,1815.75,0,0,0,0,0,,,,,,,,,,,,,,,0.011048959741343227,,,,,,12.26,65,23035,23162.7,23020.95,23063.1,mid_price,no_price_available
2026-09-25T09:12:40.005597+00:00,2026-09-25T14:42:40.005597+05:30,NIFTY,29-Sep-2026,21300.0,PE,23126.05,0.85,61425,0.9,70135,0.85,0.875,2187,1376,12786,-52.77777777777778,30.45,-0.004606378103761559,1.815745009839934e-05,-1.2178427392504543,0.326713039454019,-0.11352498146143539,0.00422166198795852,7.186055397025854,-6.575706895421532e-08,0.0003397385546912299,-1.2592562223110216e-05,-0.307771638103068,-98.65984740519406,0.005051975298623596,2.1404178935982337e-05,0.011048959741343227,23190,0.249929727231009,0.0123,index_dividend_yield,0.065,12.26,65,23035,23162.7,23020.95,23063.1,mid_price,ok
2026-09-25T09:12:40.005597+00:00,2026-09-25T14:42:40.005597+05:30,NIFTY,29-Sep-2026,21350.0,CE,23126.05,1778.75,780,1908.7,780,0.0,1843.725,0,0,0,0,0,,,,,,,,,,,,,,,0.011048959741343227,23190,0.249929727231009,0.0123,index_dividend_yield,0.065,12.26,65,23035,23162.7,23020.95,23063.1,mid_price,no_nse_iv
2026-09-25T09:12:40.005597+00:00,2026-09-25T14:42:40.005597+05:30,NIFTY,29-Sep-2026,21350.0,PE,23126.05,0.95,239525,1,150215,0.95,0.975,30069,-7605,43652,-53.65853658536585,29.85,-0.004925229863507091,1.9661576149262292e-05,-1.2668257358943873,0.34680629893161163,-0.12185883734421206,0.004440264402451195,7.64538688081634,-7.199283024636126e-08,0.0003675693186121003,-1.3348611513001847e-05,-0.32161355016085685,-100.03163208117994,0.005388279298679974,2.3068825902437867e-05,0.011048959741343227,23190,0.249929727231009,0.0123,index_dividend_yield,0.065,12.26,65,23035,23162.7,23020.95,23063.1,mid_price,ok
2026-09-25T09:12:40.005597+00:00,2026-09-25T14:42:40.005597+05:30,NIFTY,29-Sep-2026,21400.0,CE,23126.05,1727,780,1841.25,845,0.0,1784.125,1,0,0,0,0,,,,,,,,,,,,,,,0.011048959741343227,23190,0.249929727231009,0.0123,index_dividend_yield,0.065,12.26,65,23035,23162.7,23020.95,23063.1,mid_price,no_nse_iv
2026-09-25T09:12:40.005597+00:00,2026-09-25T14:42:40.005597+05:30,NIFTY,29-Sep-2026,21400.0,PE,23126.05,0.95,244595,1,280865,0.95,0.975,49247,8397,84433,-54.76190476190476,29.23,-0.005248853584518391,2.124908597531659e-05,-1.312341672205378,0.36702308452501897,-0.13059267308251388,0.00465746254799355,8.123357862586639,-7.877920084479926e-08,0.00039760705060239393,-1.4131666957161761e-05,-0.335249115893592,-101.5579147633774,0.005728059918214219,2.481507702514129e-05,0.011048959741343227,23190,0.249929727231009,0.0123,index_dividend_yield,0.065,12.26,65,23035,23162.7,23020.95,23063.1,mid_price,ok
2026-09-25T09:12:40.005597+00:00,2026-09-25T14:42:40.005597+05:30,NIFTY,29-Sep-2026,21450.0,CE,23126.05,1679.8,780,1800.85,780,0.0,1740.3249999999998,0,0,0,0,0,,,,,,,,,,,,,,,0.011048959741343227,23190,0.249929727231009,0.0123,index_dividend_yield,0.065,12.26,65,23035,23162.7,23020.95,23063.1,mid_price,no_nse_iv
2026-09-25T09:12:40.005597+00:00,2026-09-25T14:42:40.005597+05:30,NIFTY,29-Sep-2026,21450.0,PE,23126.05,1.05,109785,1.1,58695,1.1,1.0750000000000002,5023,1183,23308,-51.111111111111114,28.74,-0.005787419130207844,2.3570670408713833e-05,-1.4067908675949763,0.4002976224447628,-0.14293369126958413,0.005009569314622647,8.772393125986572,-8.766437032845523e-08,0.0004345251110999524,-1.517559640939866e-05,-0.35711600884201466,-102.33812111474225,0.0063006045283543494,2.7398088403025932e-05,0.011048959741343227,23190,0.249929727231009,0.0123,index_dividend_yield,0.065,12.26,65,23035,23162.7,23020.95,23063.1,mid_price,ok
2026-09-25T09:12:40.005597+00:00,2026-09-25T14:42:40.005597+05:30,NIFTY,29-Sep-2026,21500.0,CE,23126.05,1637.95,780,1753.75,780,0.0,1695.85,1,0,0,0,73.5,0.8387586703472381,0.00013678748945816739,-56.61873764569373,5.940979168441086,-0.30344350848071633,0.02724394959733881,7.301354923251235,-8.159205420309475e-08,-1.799580691092624e-05,1.87296909513307e-06,-1.3910757643044123,10.802775113002511,-0.8186791447591412,0.0001582604438843544,0.011048959741343227,23190,0.249929727231009,0.0123,index_dividend_yield,0.065,12.26,65,23035,23162.7,23020.95,23063.1,mid_price,ok
2026-09-25T09:12:40.005597+00:00,2026-09-25T14:42:40.005597+05:30,NIFTY,29-Sep-2026,21500.0,PE,23126.05,1.15,394290,1.2,466440,1.15,1.1749999999999998,75249,9138,193582,-46.51162790697674,28.1,-0.006159955667452142,2.547843547461527e-05,-1.4530792754309068,0.4230613860109794,-0.15318126418072553,0.005246437841133292,9.319397843548238,-9.607613636986531e-08,0.0004705751535655251,-1.6058548595019205e-05,-0.3716674414241222,-104.05383923137539,0.006689511530084289,2.9478050395278558e-05,0.011048959741343227,23190,0.249929727231009,0.0123,index_dividend_yield,0.065,12.26,65,23035,23162.7,23020.95,23063.1,mid_price,ok
2026-09-25T09:12:40.005597+00:00,2026-09-25T14:42:40.005597+05:30,NIFTY,29-Sep-2026,21550.0,CE,23126.05,1584.9,780,1704.3,780,0.0,1644.6,0,0,0,0,0,,,,,,,,,,,,,,,0.011048959741343227,23190,0.249929727231009,0.0123,index_dividend_yield,0.065,12.26,65,23035,23162.7,23020.95,23063.1,mid_price,no_nse_iv
2026-09-25T09:12:40.005597+00:00,2026-09-25T14:42:40.005597+05:30,NIFTY,29-Sep-2026,21550.0,PE,23126.05,1.15,135200,1.2,106210,1.15,1.1749999999999998,4784,976,22772,-54,27.31,-0.006324802381359804,2.6835759697206645e-05,-1.4449865111965867,0.4330718011183821,-0.16078516802260417,0.005349179556285907,9.745417213511686,-1.0377498981837921e-07,0.0005056158065984896,-1.6758430977466674e-05,-0.37794088472343024,-106.81237286572315,0.006850908825198242,3.090453873093543e-05,0.011048959741343227,23190,0.249929727231009,0.0123,index_dividend_yield,0.065,12.26,65,23035,23162.7,23020.95,23063.1,mid_price,ok
2026-09-25T09:12:40.005597+00:00,2026-09-25T14:42:40.005597+05:30,NIFTY,29-Sep-2026,21600.0,CE,23126.05,1577.85,260,1596.15,65,1589.15,1587.0,593,-51,91,5.426742296082529,44.47,0.9325793809067571,0.00012046985285876237,-20.28805209576279,3.1657004726213334,-0.4244824399168845,0.02302878743975278,15.439297595030599,-1.7179341602326218e-07,0.00031663962156608833,-1.693179877556513e-05,-1.2286181153604987,13.728511822610363,-0.9257371373101779,0.00013809367842875848,0.011048959741343227,23190,0.249929727231009,0.0123,index_dividend_yield,0.065,12.26,65,23035,23162.7,23020.95,23063.1,mid_price,ok
2026-09-25T09:12:40.005597+00:00,2026-09-25T14:42:40.005597+05:30,NIFTY,29-Sep-2026,21600.0,PE,23126.05,1.25,275145,1.3,156715,1.25,1.275,18300,-146,75640,-50,26.89,-0.007142918660706272,3.0347968734817308e-05,-1.5835244057448628,0.4822194705847106,-0.17865212508458078,0.0058486608353336455,10.639495086801398,-1.1704145853043857e-07,0.0005567197273594717,-1.815465422675613e-05,-0.4081198941291418,-107.18479848639099,0.007718918553357619,3.478764633625975e-05,0.011048959741343227,23190,0.249929727231009,0.0123,index_dividend_yield,0.065,12.26,65,23035,23162.7,23020.95,23063.1,mid_price,ok
2026-09-25T09:12:40.005597+00:00,2026-09-25T14:42:40.005597+05:30,NIFTY,29-Sep-2026,21650.0,CE,23126.05,1444.8,780,1600.35,780,0.0,1522.5749999999998,1,0,0,0,70.79,0.8240621262024378,0.00015022575897409208,-57.609315374771384,6.2840644547784,-0.3129517723205466,0.027015942008979547,7.085522213245099,-8.76751673907472e-08,-4.282769152470431e-05,4.012887045737458e-06,-1.3898128457989498,11.498912999228716,-0.8036946231653365,0.00017140817305105643,0.011048959741343227,23190,0.249929727231009,0.0123,index_dividend_yield,0.065,12.26,65,23035,23162.7,23020.95,23063.1,mid_price,ok
2026-09-25T09:12:40.005597+00:00,2026-09-25T14:42:40.005597+05:30,NIFTY,29-Sep-2026,21650.0,PE,23126.05,1.35,112645,1.4,135070,1.35,1.375,5958,1066,37283,-50.90909090909091,26.21,-0.007572167935084925,3.27787424837356e-05,-1.6241365379834094,0.5076724791955639,-0.1913381553369721,0.006101809806061564,11.2969262712031,-1.2858942146082545e-07,0.0006043371691869045,-1.91943811511703e-05,-0.42322113404716694,-109.33931774977759,0.008162397326048397,3.7400672177779686e-05,0.011048959741343227,23190,0.249929727231009,0.0123,index_dividend_yield,0.065,12.26,65,23035,23162.7,23020.95,23063.1,mid_price,ok
2026-09-25T09:12:40.005597+00:00,2026-09-25T14:42:40.005597+05:30,NIFTY,29-Sep-2026,21700.0,CE,23126.05,1440.55,2535,1545.15,2535,0.0,1492.85,0,0,0,0,33.96,0.9652728729142493,9.27004549084837e-05,-10.797306561751943,1.860260903128343,-0.40143770446404714,0.016613693639409902,17.732680773623997,-2.0844938166025794e-07,0.0006106891656324688,-2.5038414597851052e-05,-0.962871116613633,15.396035500206244,-0.9618909372704624,0.00010528471314948999,0.011048959741343227,23190,0.249929727231009,0.0123,index_dividend_yield,0.065,12.26,65,23035,23162.7,23020.95,23063.1,mid_price,ok
2026-09-25T09:12:40.005597+00:00,2026-09-25T14:42:40.005597+05:30,NIFTY,29-Sep-2026,21700.0,PE,23126.05,1.3,270530,1.35,222625,1.3,1.3250000000000002,27334,3829,103472,-53.57142857142857,25.52,-0.00802337644746042,3.542387269965833e-05,-1.663111272408369,0.534196477897098,-0.205027280507474,0.006362060349321691,12.000197591324591,-1.414991094163823e-07,0.0006569475140600494,-2.029933353249278e-05,-0.4386152966802607,-111.65455466251252,0.00862722663696627,4.0232728949491444e-05,0.011048959741343227,23190,0.249929727231009,0.0123,index_dividend_yield,0.065,12.26,65,23035,23162.7,23020.95,23063.1,mid_price,ok
2026-09-25T09:12:40.005597+00:00,2026-09-25T14:42:40.005597+05:30,NIFTY,29-Sep-2026,21750.0,CE,23126.05,1391.3,2535,1484.1,2535,0.0,1437.6999999999998,1,0,0,0,67.78,0.8171128754302145,0.00016076912757478516,-56.561919674856405,6.4391498392426305,-0.32577481958834253,0.026891164165485537,7.165563577498091,-9.508135920863525e-08,-5.828644009719182e-05,5.1764090822352005e-06,-1.3888898964246197,12.127826108786325,-0.7971712398377311,0.0001817552871264167,0.011048959741343227,23190,0.249929727231009,0.0123,index_dividend_yield,0.065,12.26,65,23035,23162.7,23020.95,23063.1,mid_price,ok
2026-09-25T09:12:40.005597+00:00,2026-09-25T14:42:40.005597+05:30,NIFTY,29-Sep-2026,21750.0,PE,23126.05,1.4,202085,1.45,104325,1.4,1.4249999999999998,13632,8252,68481,-54.09836065573771,24.72,-0.00827973657009016,3.759502365574865e-05,-1.6551471335883867,0.5491653667819049,-0.2166187566780813,0.00650651748386295,12.618053943500017,-1.5435978644323064e-07,0.000711722010171909,-2.128411494459693e-05,-0.44710469416093884,-114.92264578657861,0.008880172195657945,4.250252783076446e-05,0.011048959741343227,23190,0.249929727231009,0.0123,index_dividend_yield,0.065,12.26,65,23035,23162.7,23020.95,23063.1,mid_price,ok
2026-09-25T09:12:40.005597+00:00,2026-09-25T14:42:40.005597+05:30,NIFTY,29-Sep-2026,21800.0,CE,23126.05,1386.9,130,1402.1,65,1300,1394.5,1,0,1,-6.880126069983167,0,,,,,,,,,,,,,,,0.011048959741343227,23190,0.249929727231009,0.0123,index_dividend_yield,0.065,12.26,65,23035,23162.7,23020.95,23063.1,mid_price,no_nse_iv
2026-09-25T09:12:40.005597+00:00,2026-09-25T14:42:40.005597+05:30,NIFTY,29-Sep-2026,21800.0,PE,23126.05,1.45,309010,1.5,257010,1.45,1.475,51852,16307,225128,-53.225806451612904,24.02,-0.008786648759900342,4.0761419352988984e-05,-1.693314067918753,0.5785576133792655,-0.2327699952988085,0.0067885674306607325,13.435184495364071,-1.70687223645232e-07,0.0007768505012454169,-2.255233838332359e-05,-0.46356767254403825,-117.56595747867897,0.009400407069304416,4.5871108108650465e-05,0.011048959741343227,23190,0.249929727231009,0.0123,index_dividend_yield,0.065,12.26,65,23035,23162.7,23020.95,23063.1,mid_price,ok
2026-09-25T09:12:40.005597+00:00,2026-09-25T14:42:40.005597+05:30,NIFTY,29-Sep-2026,21850.0,CE,23126.05,1246.7,2535,1404.95,2535,0.0,1325.825,1,0,0,0,39.3,0.9204171140409083,0.00015479766638629223,-20.35337926570416,3.5948541206834905,-0.5145483241533744,0.024584884366675115,17.62043073989816,-2.3449725628272887e-07,0.0003648694777316872,-1.7057041476302552e-05,-1.2861736281705778,16.082476530081482,-0.9135965189386377,0.00017340613051530952,0.011048959741343227,23190,0.249929727231009,0.0123,index_dividend_yield,0.065,12.26,65,23035,23162.7,23020.95,23063.1,mid_price,ok
2026-09-25T09:12:40.005597+00:00,2026-09-25T14:42:40.005597+05:30,NIFTY,29-Sep-2026,21850.0,PE,23126.05,1.6,179075,1.65,123240,1.6,1.625,12613,8669,89607,-52.94117647058823,23.48,-0.0097534563398582,4.568749713780375e-05,-1.81242352559628,0.6338985690229761,-0.2566550609261397,0.007310940922041847,14.571803376727866,-1.9241819091625486e-07,0.0008556578686847306,-2.42552406994974e-05,-0.49367917595115557,-118.96380323758615,0.010409837474278953,5.117966101520884e-05,0.011048959741343227,23190,0.249929727231009,0.0123,index_dividend_yield,0.065,12.26,65,23035,23162.7,23020.95,23063.1,mid_price,ok
2026-09-25T09:12:40.005597+00:00,2026-09-25T14:42:40.005597+05:30,NIFTY,29-Sep-2026,21900.0,CE,23126.05,1241.5,2535,1334.35,2535,0.0,1287.925,10,0,0,0,42.56,0.894780152761688,0.00017585322565003686,-26.094063626022866,4.422585828241486,-0.516514284686187,0.026704715868314573,15.732782766217923,-2.2001773901921157e-07,0.00021239010281747124,-1.053984053955865e-05,-1.3604341763470906,16.02075415837223,-0.8858954473970326,0.00019609432703479249,0.011048959741343227,23190,0.249929727231009,0.0123,index_dividend_yield,0.065,12.26,65,23035,23162.7,23020.95,23063.1,mid_price,ok
2026-09-25T09:12:40.005597+00:00,2026-09-25T14:42:40.005597+05:30,NIFTY,29-Sep-2026,21900.0,PE,23126.05,1.65,237250,1.7,203450,1.7,1.6749999999999998,22729,7238,139447,-54.666666666666664,22.76,-0.010353704442750999,4.965451087177509e-05,-1.8495233627739829,0.6678136283139883,-0.27632463131697144,0.007623257732980415,15.537941865165994,-2.1369265152487163e-07,0.000937132520752965,-2.5721014255473538e-05,-0.5114565967393817,-121.96666288645136,0.011022988510152253,5.536985663839871e-05,0.011048959741343227,23190,0.249929727231009,0.0123,index_dividend_yield,0.065,12.26,65,23035,23162.7,23020.95,23063.1,mid_price,ok
2026-09-25T09:12:40.005597+00:00,2026-09-25T14:42:40.005597+05:30,NIFTY,29-Sep-2026,21950.0,CE,23126.05,1183.8,2535,1308.65,2535,0.0,1246.225,2,0,0,0,57.77,0.8156826882612609,0.00018954489043755077,-48.83039210029027,6.470513697416126,-0.3864511128531811,0.027097992194782816,8.449573740632044,-1.2929270306705862e-07,-8.058327848704588e-05,6.1578343969983575e-06,-1.393786397305493,14.141343123131053,-0.7986146554757422,0.0002104001054023349,0.011048959741343227,23190,0.249929727231009,0.0123,index_dividend_yield,0.065,12.26,65,23035,23162.7,23020.95,23063.1,mid_price,ok
2026-09-25T09:12:40.005597+00:00,2026-09-25T14:42:40.005597+05:30,NIFTY,29-Sep-2026,21950.0,PE,23126.05,1.85,164710,1.9,86905,1.85,1.875,9961,2722,81034,-55.42168674698795,22.25,-0.011656986464736702,5.631144257313804e-05,-2.003068210707697,0.740373695030379,-0.3072789976333503,0.008279482972881235,16.942207150591692,-2.4287230436584777e-07,0.001035501241939596,-2.7747157595098166e-05,-0.5482810253854604,-123.16560162992512,0.012381267094430973,6.250726899256248e-05,0.011048959741343227,23190,0.249929727231009,0.0123,index_dividend_yield,0.065,12.26,65,23035,23162.7,23020.95,23063.1,mid_price,ok
2026-09-25T09:12:40.005597+00:00,2026-09-25T14:42:40.005597+05:30,NIFTY,29-Sep-2026,22000.0,CE,23126.05,1190.95,65,1195.15,65,1202,1193.0500000000002,8527,-1237,2464,7.991554736983963,40.62,0.8856005618541203,0.00019567094049651704,-26.397294765520265,4.696675587043183,-0.5524125347876607,0.027206305930624685,16.168990308147446,-2.462844892499266e-07,0.00019191933600586704,-8.914991845514092e-06,-1.377368622928426,17.143580704052912,-0.876627308893282,0.0002162140398238281,0.011048959741343227,23190,0.249929727231009,0.0123,index_dividend_yield,0.065,12.26,65,23035,23162.7,23020.95,23063.1,mid_price,ok
2026-09-25T09:12:40.005597+00:00,2026-09-25T14:42:40.005597+05:30,NIFTY,29-Sep-2026,22000.0,PE,23126.05,2.05,401765,2.1,390975,2.05,2.075,188996,2340,642961,-54.94505494505494,21.64,-0.01282370857712626,6.288818013714599e-05,-2.11432347983443,0.8041750512576179,-0.3376472674336281,0.008839334617590844,18.315044358842847,-2.742244523360495e-07,0.001141659056639444,-2.9710484179103246e-05,-0.5791563502607737,-125.31046220740154,0.01358765189035142,6.949068395193304e-05,0.011048959741343227,23190,0.249929727231009,0.0123,index_dividend_yield,0.065,12.26,65,23035,23162.7,23020.95,23063.1,mid_price,ok
2026-09-25T09:12:40.005597+00:00,2026-09-25T14:42:40.005597+05:30,NIFTY,29-Sep-2026,22050.0,CE,23126.05,1126.95,455,1153.25,65,1142.1,1140.1,1,0,10,-0.6869565217391305,0,,,,,,,,,,,,,,,0.011048959741343227,23190,0.249929727231009,0.0123,index_dividend_yield,0.065,12.26,65,23035,23162.7,23020.95,23063.1,mid_price,no_nse_iv
2026-09-25T09:12:40.005597+00:00,2026-09-25T14:42:40.005597+05:30,NIFTY,29-Sep-2026,22050.0,PE,23126.05,2.2,211445,2.25,159120,2.2,2.225,12165,3944,113098,-54.166666666666664,21.07,-0.014306837820976272,7.098822671935206e-05,-2.260614257917159,0.8838430983241097,-0.37386336365651057,0.00951912573244528,19.891095201437004,-3.1157623645447324e-07,0.0012606875426927192,-3.189224034581444e-05,-0.6160070853242177,-127.11406042893036,0.015123061726311783,7.80857993803828e-05,0.011048959741343227,23190,0.249929727231009,0.0123,index_dividend_yield,0.065,12.26,65,23035,23162.7,23020.95,23063.1,mid_price,ok
2026-09-25T09:12:40.005597+00:00,2026-09-25T14:42:40.005597+05:30,NIFTY,29-Sep-2026,22100.0,CE,23126.05,1087.9,130,1101.3,130,1085,1094.6,22,-2,9,7.441699262266673,31.45,0.9201507973358105,0.00019392597447491326,-16.935055808558246,3.603968147408778,-0.647651466818222,0.024636446770140524,22.150188670992943,-3.640799679465352e-07,0.0005752753019861373,-2.1290911551481742e-05,-1.2879934575570373,19.94797445865551,-0.914602071194226,0.00021235102206701307,0.011048959741343227,23190,0.249929727231009,0.0123,index_dividend_yield,0.065,12.26,65,23035,23162.7,23020.95,23063.1,mid_price,ok
2026-09-25T09:12:40.005597+00:00,2026-09-25T14:42:40.005597+05:30,NIFTY,29-Sep-2026,22100.0,PE,23126.05,2.3,301990,2.35,203320,2.3,2.325,28777,11786,203506,-55.33980582524272,20.28,-0.015120097941844842,7.734606729113127e-05,-2.2795665469757873,0.9268949137230587,-0.40339643392367247,0.00987399679827418,21.248221547298883,-3.492081706558176e-07,0.0013916955605308107,-3.382958067172667e-05,-0.6349778808718997,-131.24838206712548,0.01594263855505557,8.469477328453706e-05,0.011048959741343227,23190,0.249929727231009,0.0123,index_dividend_yield,0.065,12.26,65,23035,23162.7,23020.95,23063.1,mid_price,ok
2026-09-25T09:12:40.005597+00:00,2026-09-25T14:42:40.005597+05:30,NIFTY,29-Sep-2026,22150.0,CE,23126.05,1025.15,845,1054,130,0.0,1039.575,62,0,0,0,31.67,0.9080351978285005,0.0002141003221806944,-18.58226590556814,4.00672647697177,-0.6746103858072949,0.025807472545540822,21.80246785252704,-3.774594953905069e-07,0.0004889969030150935,-1.8021869583733826e-05,-1.3294600827849012,20.543865535460284,-0.9019006815108227,0.00023338491423977064,0.011048959741343227,23190,0.249929727231009,0.0123,index_dividend_yield,0.065,12.26,65,23035,23162.7,23020.95,23063.1,mid_price,ok
2026-09-25T09:12:40.005597+00:00,2026-09-25T14:42:40.005597+05:30,NIFTY,29-Sep-2026,22150.0,PE,23126.05,2.5,120315,2.55,181805,2.5,2.525,11909,6888,160307,-55.357142857142854,19.61,-0.016560497398299224,8.648063608723845e-05,-2.380627350499025,1.00212242504984,-0.4435497874413358,0.010484200749229686,22.971669607448618,-3.9677722052625576e-07,0.0015413959166965942,-3.615955692890923e-05,-0.6671807699760677,-134.3004485700509,0.0174189863850215,9.427017965711829e-05,0.011048959741343227,23190,0.249929727231009,0.0123,index_dividend_yield,0.065,12.26,65,23035,23162.7,23020.95,23063.1,mid_price,ok
2026-09-25T09:12:40.005597+00:00,2026-09-25T14:42:40.005597+05:30,NIFTY,29-Sep-2026,22200.0,CE,23126.05,988.05,455,1000.45,195,1007.85,994.25,70,-49,191,10.32840722495895,34.52,0.8769515944255042,0.00024243153202690263,-23.916372256690547,4.945203918994221,-0.662501946255778,0.027585969477010128,18.68892946173384,-3.4408095009583e-07,0.0002139133221421241,-8.089766654245574e-06,-1.3900887984023205,20.471404033286657,-0.8689079015601974,0.0002630789365567505,0.011048959741343227,23190,0.249929727231009,0.0123,index_dividend_yield,0.065,12.26,65,23035,23162.7,23020.95,23063.1,mid_price,ok
2026-09-25T09:12:40.005597+00:00,2026-09-25T14:42:40.005597+05:30,NIFTY,29-Sep-2026,22200.0,PE,23126.05,2.75,389350,2.8,377195,2.75,2.775,72282,18594,516048,-54.166666666666664,19.06,-0.01881033676395441,9.919416958019342e-05,-2.576671627463145,1.117206243347412,-0.4964398269311429,0.011388583340505787,25.08759868530508,-4.5623797366360295e-07,0.0017070467461700882,-3.883140376339355e-05,-0.7139737708360775,-136.06891243388282,0.019738998316103692,0.00010764233690067749,0.011048959741343227,23190,0.249929727231009,0.0123,index_dividend_yield,0.065,12.26,65,23035,23162.7,23020.95,23063.1,mid_price,ok
2026-09-25T09:12:40.005597+00:00,2026-09-25T14:42:40.005597+05:30,NIFTY,29-Sep-2026,22250.0,CE,23126.05,928.4,130,953.5,130,820,940.95,7,-18,22,-7.953078520514116,0,,,,,,,,,,,,,,,0.011048959741343227,23190,0.249929727231009,0.0123,index_dividend_yield,0.065,12.26,65,23035,23162.7,23020.95,23063.1,mid_price,no_nse_iv
2026-09-25T09:12:40.005597+00:00,2026-09-25T14:42:40.005597+05:30,NIFTY,29-Sep-2026,22250.0,PE,23126.05,2.95,88920,3,166400,2.95,2.975,14912,4837,369090,-55.6390977443609,18.38,-0.02073978281628053,0.00011175349922972272,-2.6960095945578852,1.213754769306987,-0.5485515029071616,0.012115298986284438,27.184231663886838,-5.221825137933436e-07,0.0018949194486888425,-4.1460727272630234e-05,-0.7507995004246972,-139.4193633494989,0.021710986314999688,0.00012072689208743185,0.011048959741343227,23190,0.249929727231009,0.0123,index_dividend_yield,0.065,12.26,65,23035,23162.7,23020.95,23063.1,mid_price,ok
2026-09-25T09:12:40.005597+00:00,2026-09-25T14:42:40.005597+05:30,NIFTY,29-Sep-2026,22300.0,CE,23126.05,892.9,65,901.55,325,904.6,897.2249999999999,59,32,81,11.445115190341259,31.21,0.8733370047164167,0.0002736296178840402,-22.28484500741968,5.046394337694864,-0.7383734132677677,0.02769965447700401,20.513569520537178,-4.214360372488602e-07,0.00023557843234172488,-7.79850595663213e-06,-1.3940158523134452,22.759714662628305,-0.8658942239364562,0.0002942769853933622,0.011048959741343227,23190,0.249929727231009,0.0123,index_dividend_yield,0.065,12.26,65,23035,23162.7,23020.95,23063.1,mid_price,ok
2026-09-25T09:12:40.005597+00:00,2026-09-25T14:42:40.005597+05:30,NIFTY,29-Sep-2026,22300.0,PE,23126.05,3.25,72345,3.3,64675,3.25,3.275,63330,13199,500833,-55.47945205479452,17.76,-0.023352193941922915,0.00012783793914715265,-2.8754536328975338,1.3416123084674538,-0.6122491504748899,0.01304221311757987,29.60071227908745,-6.021557481601632e-07,0.0021007743631283582,-4.427894079755592e-05,-0.7968027872728424,-142.13165855014626,0.024387605767471548,0.00013748425204126408,0.011048959741343227,23190,0.249929727231009,0.0123,index_dividend_yield,0.065,12.26,65,23035,23162.7,23020.95,23063.1,mid_price,ok
2026-09-25T09:12:40.005597+00:00,2026-09-25T14:42:40.005597+05:30,NIFTY,29-Sep-2026,22350.0,CE,23126.05,840.5,195,850.75,130,837.05,845.625,33,0,15,11.02195105776245,26,0.9002927913236624,0.0002767952592336439,-16.568593390988777,4.252617355095726,-0.8454966386233775,0.026366447802247412,26.38853150318443,-5.703057897823285e-07,0.000653012458807405,-1.9242769562854786e-05,-1.3488336969768853,25.419560188611477,-0.8949061882867677,0.00029635107923278714,0.011048959741343227,23190,0.249929727231009,0.0123,index_dividend_yield,0.065,12.26,65,23035,23162.7,23020.95,23063.1,mid_price,ok
2026-09-25T09:12:40.005597+00:00,2026-09-25T14:42:40.005597+05:30,NIFTY,29-Sep-2026,22350.0,PE,23126.05,3.55,37895,3.6,32825,3.6,3.575,23592,6252,349168,-57.142857142857146,17.1,-0.0261637847543426,0.00014605796675927363,-3.0408398643660877,1.4758617346562835,-0.6825191053268058,0.013970052904020978,32.192752785926814,-6.959064701372996e-07,0.0023318405443396315,-4.715574495580913e-05,-0.8418052321391377,-145.44604416857655,0.02725839191925575,0.00015637708607978986,0.011048959741343227,23190,0.249929727231009,0.0123,index_dividend_yield,0.065,12.26,65,23035,23162.7,23020.95,23063.1,mid_price,ok
2026-09-25T09:12:40.005597+00:00,2026-09-25T14:42:40.005597+05:30,NIFTY,29-Sep-2026,22400.0,CE,23126.05,793,65,799.5,325,806.8,796.25,143,54,280,12.094477249044807,28.98,0.8601477147796982,0.00031550169435048573,-22.14377095609375,5.4028683922420475,-0.8060934843971412,0.027954280379509307,21.192436755435473,-4.941201427964959e-07,0.00014886484039396,-3.7919370324458122e-06,-1.4036454422255973,25.185975464225816,-0.8527688220920246,0.00033628583917962566,0.011048959741343227,23190,0.249929727231009,0.0123,index_dividend_yield,0.065,12.26,65,23035,23162.7,23020.95,23063.1,mid_price,ok
2026-09-25T09:12:40.005597+00:00,2026-09-25T14:42:40.005597+05:30,NIFTY,29-Sep-2026,22400.0,PE,23126.05,3.9,203190,3.95,23595,3.95,3.925,68479,19706,559029,-57.2972972972973,16.4,-0.029187567558975693,0.0001668263796602196,-3.1889858599411287,1.6167128303924503,-0.7605778439500107,0.014895595654136378,34.99533145825584,-8.069591769949377e-07,0.0025939457485201277,-5.010141582022791e-05,-0.8856867926714161,-149.4491513985687,0.03033525389549374,0.0001778163163175083,0.011048959741343227,23190,0.249929727231009,0.0123,index_dividend_yield,0.065,12.26,65,23035,23162.7,23020.95,23063.1,mid_price,ok
2026-09-25T09:12:40.005597+00:00,2026-09-25T14:42:40.005597+05:30,NIFTY,29-Sep-2026,22450.0,CE,23126.05,744.55,130,747.7,195,747.1,746.125,296,140,423,12.01739260814154,27.07,0.8592280458810467,0.00033927142743473386,-20.951702999932145,5.427000399012294,-0.8650748866426694,0.027945762786182205,22.65628041949741,-5.650040858677016e-07,0.00016307658409327945,-3.6827272236569406e-06,-1.4036131585492744,26.967668464439594,-0.8522816080341994,0.00036001244672302044,0.011048959741343227,23190,0.249929727231009,0.0123,index_dividend_yield,0.065,12.26,65,23035,23162.7,23020.95,23063.1,mid_price,ok
2026-09-25T09:12:40.005597+00:00,2026-09-25T14:42:40.005597+05:30,NIFTY,29-Sep-2026,22450.0,PE,23126.05,4.55,29575,4.6,45045,4.55,4.574999999999999,28609,8856,455672,-57.47663551401869,15.83,-0.033893509391339484,0.00019556654637029424,-3.47625557020509,1.8293625870753554,-0.8602999363387167,0.016219643773692633,38.19411769736747,-9.426623672079257e-07,0.0028477832037425914,-5.280891461815648e-05,-0.9467499817109027,-151.63363265910942,0.03514441792572822,0.0002075223115258795,0.011048959741343227,23190,0.249929727231009,0.0123,index_dividend_yield,0.065,12.26,65,23035,23162.7,23020.95,23063.1,mid_price,ok
2026-09-25T09:12:40.005597+00:00,2026-09-25T14:42:40.005597+05:30,NIFTY,29-Sep-2026,22500.0,CE,23126.05,695.8,130,697.65,65,695.45,696.7249999999999,8596,-1535,11807,12.36871869445791,27.26,0.8393921250097477,0.00036786694124961195,-22.706144563048213,5.925717243369681,-0.8618455426637195,0.027948295115376182,20.791969695739265,-5.612514577713882e-07,-5.869832466634073e-05,3.768062085681384e-06,-1.4078913634110566,27.898621932497274,-0.8318233588799694,0.0003886231302678413,0.011048959741343227,23190,0.249929727231009,0.0123,index_dividend_yield,0.065,12.26,65,23035,23162.7,23020.95,23063.1,mid_price,ok
2026-09-25T09:12:40.005597+00:00,2026-09-25T14:42:40.005597+05:30,NIFTY,29-Sep-2026,22500.0,PE,23126.05,5.2,77480,5.25,40495,5.2,5.225,168891,32169,952400,-58.064516129032256,15.25,-0.03950342643553978,0.00023010246035446366,-3.7875362772024963,2.0735543242196117,-0.9734414181171088,0.01762562235597866,41.562228208913865,-1.1031417609167344e-06,0.003103422423961005,-5.5069450795666384e-05,-1.0094541208808907,-153.93137471275224,0.04086635803541127,0.00024308555186155342,0.011048959741343227,23190,0.249929727231009,0.0123,index_dividend_yield,0.065,12.26,65,23035,23162.7,23020.95,23063.1,mid_price,ok
2026-09-25T09:12:40.005597+00:00,2026-09-25T14:42:40.005597+05:30,NIFTY,29-Sep-2026,22550.0,CE,23126.05,646.3,65,649.35,195,655.4,647.825,231,123,1375,13.302791943988245,25.97,0.8311132434141183,0.0003989344400989908,-22.37171418624462,6.122062965566324,-0.9035487645785434,0.027810100470740614,21.064291920577904,-6.162485923832036e-07,-0.00016349578811208085,7.23459059306146e-06,-1.4063547956351394,29.72352414981514,-0.8236686569316277,0.00041957669605780575,0.011048959741343227,23190,0.249929727231009,0.0123,index_dividend_yield,0.065,12.26,65,23035,23162.7,23020.95,23063.1,mid_price,ok
2026-09-25T09:12:40.005597+00:00,2026-09-25T14:42:40.005597+05:30,NIFTY,29-Sep-2026,22550.0,PE,23126.05,5.8,35815,5.85,7280,5.85,5.824999999999999,36780,16492,455706,-58.362989323843415,14.56,-0.045138800920660575,0.0002684659162492166,-4.0176807904560015,2.309802479992843,-1.0953925585095101,0.018867260793426502,45.103820346541475,-1.2950753819698867e-06,0.0033986900460073106,-5.711130594315098e-05,-1.0630521894142781,-158.01065337146696,0.04658485901302162,0.0002823572768398415,0.011048959741343227,23190,0.249929727231009,0.0123,index_dividend_yield,0.065,12.26,65,23035,23162.7,23020.95,23063.1,mid_price,ok
2026-09-25T09:12:40.005597+00:00,2026-09-25T14:42:40.005597+05:30,NIFTY,29-Sep-2026,22600.0,CE,23126.05,598,130,600.15,130,601.5,599.075,832,-81,2972,16.37805939827803,24.84,0.8202145074447853,0.00043400687175172405,-22.251237160815265,6.370485170738928,-0.9394913148247919,0.027535387030605464,20.93358931234679,-6.688593966422751e-07,-0.00032103107918112503,1.2038512334185483e-05,-1.4024115563108626,31.684418506242018,-0.8128167114456103,0.00045444637983359617,0.011048959741343227,23190,0.249929727231009,0.0123,index_dividend_yield,0.065,12.26,65,23035,23162.7,23020.95,23063.1,mid_price,ok
2026-09-25T09:12:40.005597+00:00,2026-09-25T14:42:40.005597+05:30,NIFTY,29-Sep-2026,22600.0,PE,23126.05,6.8,1820,6.85,44850,6.75,6.824999999999999,68948,16184,726626,-59.21450151057402,13.95,-0.053014131445256574,0.00031862257629098787,-4.3642321416323915,2.6264858427093687,-1.2404117761287519,0.02038127113027392,48.73452333185813,-1.5227768130060882e-06,0.0036282675663978164,-5.775208820040064e-05,-1.1261703800886833,-160.77135633161245,0.054585541476809815,0.00033362807308619073,0.011048959741343227,23190,0.249929727231009,0.0123,index_dividend_yield,0.065,12.26,65,23035,23162.7,23020.95,23063.1,mid_price,ok
2026-09-25T09:12:40.005597+00:00,2026-09-25T14:42:40.005597+05:30,NIFTY,29-Sep-2026,22650.0,CE,23126.05,549.15,130,551.25,130,550.95,550.2,709,-7,1785,14.376167739256799,23.65,0.8084357392440099,0.0004741703096344618,-22.031510940213455,6.626585620579065,-0.9770917129184875,0.02711884074219471,20.72493935231412,-7.292156471835874e-07,-0.0005219392138385557,1.7666034235291227e-05,-1.3958920496848468,33.956904200820105,-0.8011190861042116,0.0004943116713332279,0.011048959741343227,23190,0.249929727231009,0.0123,index_dividend_yield,0.065,12.26,65,23035,23162.7,23020.95,23063.1,mid_price,ok
2026-09-25T09:12:40.005597+00:00,2026-09-25T14:42:40.005597+05:30,NIFTY,29-Sep-2026,22650.0,PE,23126.05,8.05,21255,8.1,5525,8.05,8.075,48777,14687,499759,-59.75,13.36,-0.06304763625203141,0.0003812582039101358,-4.773430045772491,3.009885449272776,-1.404551611817309,0.02198610199383194,52.22604917935736,-1.7891536566983727e-06,0.003762012521473369,-5.6411776103006825e-05,-1.1904371527180169,-163.07810646446205,0.06476748573446604,0.00039745293232216073,0.011048959741343227,23190,0.249929727231009,0.0123,index_dividend_yield,0.065,12.26,65,23035,23162.7,23020.95,23063.1,mid_price,ok
2026-09-25T09:12:40.005597+00:00,2026-09-25T14:42:40.005597+05:30,NIFTY,29-Sep-2026,22700.0,CE,23126.05,500.2,195,501.9,260,503.9,501.04999999999995,2027,865,14861,15.999079189686924,22.67,0.7928366787075967,0.0005185699824916937,-22.08247434378796,6.946774569965138,-0.9994563431756087,0.02641309723029893,19.841963207271274,-7.77581853138714e-07,-0.0008062708244787882,2.519888821263632e-05,-1.3848199698398527,36.36093877412705,-0.7855033391014474,0.0005382184486792056,0.011048959741343227,23190,0.249929727231009,0.0123,index_dividend_yield,0.065,12.26,65,23035,23162.7,23020.95,23063.1,mid_price,ok
2026-09-25T09:12:40.005597+00:00,2026-09-25T14:42:40.005597+05:30,NIFTY,29-Sep-2026,22700.0,PE,23126.05,9.6,19045,9.65,4095,9.65,9.625,111026,40250,1045801,-59.36842105263158,12.77,-0.07557980476876915,0.00045867913309159615,-5.225630764561509,3.4611800515023017,-1.5853962837684907,0.02356673895384884,55.318964939519596,-2.0969962051092017e-06,0.0037395217521817414,-5.224159624218634e-05,-1.25115724216573,-165.2147437489366,0.07746439120804564,0.00047605835237105336,0.011048959741343227,23190,0.249929727231009,0.0123,index_dividend_yield,0.065,12.26,65,23035,23162.7,23020.95,23063.1,mid_price,ok
2026-09-25T09:12:40.005597+00:00,2026-09-25T14:42:40.005597+05:30,NIFTY,29-Sep-2026,22750.0,CE,23126.05,453.15,195,454.65,910,454.15,453.9,1029,174,6848,15.633354551241247,21.43,0.7777345952357642,0.0005714963003550447,-21.743732823400425,7.237022219875648,-1.031367973492181,0.025548298434194764,19.177817620247506,-8.469230842317771e-07,-0.001152347728551335,3.340417604019443e-05,-1.371558778966848,39.39500941426863,-0.7705220063132627,0.0005905457411688711,0.011048959741343227,23190,0.249929727231009,0.0123,index_dividend_yield,0.065,12.26,65,23035,23162.7,23020.95,23063.1,mid_price,ok
2026-09-25T09:12:40.005597+00:00,2026-09-25T14:42:40.005597+05:30,NIFTY,29-Sep-2026,22750.0,PE,23126.05,11.75,3120,11.8,3835,11.8,11.775,44300,11715,807399,-59.38037865748709,12.23,-0.09223824391433819,0.0005562488788803171,-5.785126381364442,4.01994320630628,-1.7769131937880045,0.02508788883527375,57.32162796999574,-2.4322314208640763e-06,0.003384053233001442,-4.315958694383273e-05,-1.3074190556131038,-166.10518244499005,0.09432739082490472,0.000574790083940446,0.011048959741343227,23190,0.249929727231009,0.0123,index_dividend_yield,0.065,12.26,65,23035,23162.7,23020.95,23063.1,mid_price,ok
2026-09-25T09:12:40.005597+00:00,2026-09-25T14:42:40.005597+05:30,NIFTY,29-Sep-2026,22800.0,CE,23126.05,406.1,65,407.3,1690,406.85,406.70000000000005,7198,1217,79930,17.722800925925927,19.76,0.764760881507117,0.0006398737053604036,-20.78533431115831,7.471460690238864,-1.0908022125322714,0.024640732359752573,19.14600204898953,-9.660353519330015e-07,-0.0015985065565560404,4.237234213484037e-05,-1.3581214600304494,43.555335755484705,-0.7578878309307785,0.000658305510427053,0.011048959741343227,23190,0.249929727231009,0.0123,index_dividend_yield,0.065,12.26,65,23035,23162.7,23020.95,23063.1,mid_price,ok
2026-09-25T09:12:40.005597+00:00,2026-09-25T14:42:40.005597+05:30,NIFTY,29-Sep-2026,22800.0,PE,23126.05,14.5,8710,14.55,65,14.6,14.525,143650,33563,1788938,-58.98876404494382,11.72,-0.11389073564603515,0.0006765932134811344,-6.425570509474024,4.685754821296994,-1.963234406585669,0.026275089526398412,57.55761433886563,-2.7754859509248533e-06,0.0025386309165401576,-2.7471540153320684e-05,-1.3509777346595635,-165.98239762345602,0.11621539705708667,0.0006960827379229588,0.011048959741343227,23190,0.249929727231009,0.0123,index_dividend_yield,0.065,12.26,65,23035,23162.7,23020.95,23063.1,mid_price,ok
2026-09-25T09:12:40.005597+00:00,2026-09-25T14:42:40.005597+05:30,NIFTY,29-Sep-2026,22850.0,CE,23126.05,359.75,195,360.75,195,360.85,360.25,2028,436,38921,18.311475409836067,18.62,0.7430491778447149,0.0007120176642266609,-20.502439685336586,7.834201838416922,-1.096521629208036,0.022989692532283536,17.408510076884376,-1.0286834325078863e-06,-0.002241759538752254,5.520852767535224e-05,-1.3356742956402285,47.737375466182776,-0.7362725282295186,0.0007293253007944091,0.011048959741343227,23190,0.249929727231009,0.0123,index_dividend_yield,0.065,12.26,65,23035,23162.7,23020.95,23063.1,mid_price,ok
2026-09-25T09:12:40.005597+00:00,2026-09-25T14:42:40.005597+05:30,NIFTY,29-Sep-2026,22850.0,PE,23126.05,18.15,10465,18.25,14430,18.15,18.2,70800,26430,1158105,-58.275862068965516,11.19,-0.14087160511519745,0.0008216721994593491,-7.06382604707247,5.433166215547894,-2.1263186730655357,0.02676849205767579,55.635976551232865,-3.1114243973164137e-06,0.0010717704028904117,-4.149309428464633e-06,-1.3737416455824916,-165.74673528094465,0.14343365844224096,0.0008416453047916596,0.011048959741343227,23190,0.249929727231009,0.0123,index_dividend_yield,0.065,12.26,65,23035,23162.7,23020.95,23063.1,mid_price,ok
2026-09-25T09:12:40.005597+00:00,2026-09-25T14:42:40.005597+05:30,NIFTY,29-Sep-2026,22900.0,CE,23126.05,314.65,455,315.5,520,314.85,315.075,11298,5505,240682,19.6011396011396,17.58,0.7163475992477425,0.0007924013188223358,-20.277399902502605,8.231677970068908,-1.06683201037866,0.02065866337300256,14.842396855446971,-1.0598003146891637e-06,-0.0030786746632075705,7.07087063125889e-05,-1.307490119589223,52.516998183821265,-0.7096438490238842,0.0008081224011241556,0.011048959741343227,23190,0.249929727231009,0.0123,index_dividend_yield,0.065,12.26,65,23035,23162.7,23020.95,23063.1,mid_price,ok
2026-09-25T09:12:40.005597+00:00,2026-09-25T14:42:40.005597+05:30,NIFTY,29-Sep-2026,22900.0,PE,23126.05,23.2,14625,23.3,3835,23.35,23.25,119538,32790,2305360,-56.7191844300278,10.73,-0.17663389063504661,0.0009940634801109591,-7.790581769976482,6.302867140998529,-2.215655913321693,0.026173339892509313,49.99449286580404,-3.33925445553302e-06,-0.0013787867016421028,3.0062053223577304e-05,-1.3717867535194992,-163.4122713133786,0.17946905483259495,0.0010137854990082567,0.011048959741343227,23190,0.249929727231009,0.0123,index_dividend_yield,0.065,12.26,65,23035,23162.7,23020.95,23063.1,mid_price,ok
2026-09-25T09:12:40.005597+00:00,2026-09-25T14:42:40.005597+05:30,NIFTY,29-Sep-2026,22950.0,CE,23126.05,271.2,520,271.85,260,271.3,271.525,8163,4056,251615,19.4627917217085,16.48,0.6855057346589851,0.0008859043874882591,-19.867698818285447,8.62717031104189,-1.0037639359740114,0.01759965234590701,11.795789856281935,-1.0646972992249656e-06,-0.004164442169332421,8.876530457392556e-05,-1.2760470800533383,58.40400765226991,-0.6789369219870872,0.0008995481057597563,0.011048959741343227,23190,0.249929727231009,0.0123,index_dividend_yield,0.065,12.26,65,23035,23162.7,23020.95,23063.1,mid_price,ok
2026-09-25T09:12:40.005597+00:00,2026-09-25T14:42:40.005597+05:30,NIFTY,29-Sep-2026,22950.0,PE,23126.05,29.8,2925,29.9,5720,29.9,29.85,68745,32565,1899982,-54.93594574227581,10.25,-0.22100692959849536,0.0011913906742021117,-8.426656963326558,7.216097181825677,-2.195110484763785,0.02393691041617931,41.02099270669246,-3.4178492074450904e-06,-0.004850366158114282,7.390404695967991e-05,-1.3418250066660415,-160.71574498785944,0.22408796953959922,0.0012097391539474139,0.011048959741343227,23190,0.249929727231009,0.0123,index_dividend_yield,0.065,12.26,65,23035,23162.7,23020.95,23063.1,mid_price,ok
2026-09-25T09:12:40.005597+00:00,2026-09-25T14:42:40.005597+05:30,NIFTY,29-Sep-2026,23000.0,CE,23126.05,229.5,585,230.1,585,230.2,229.8,80097,20313,2001314,20.271682340647857,15.57,0.6470886044878318,0.0009813438118776217,-19.548855740729707,9.028884813933779,-0.8620212690076956,0.01340666114258378,7.915056834316481,-9.7592858230675e-07,-0.005442677321688624,0.00010849489952712592,-1.2422571394912942,64.9539979239106,-0.6406180740353399,0.0009921296682219559,0.011048959741343227,23190,0.249929727231009,0.0123,index_dividend_yield,0.065,12.26,65,23035,23162.7,23020.95,23063.1,mid_price,ok
2026-09-25T09:12:40.005597+00:00,2026-09-25T14:42:40.005597+05:30,NIFTY,29-Sep-2026,23000.0,PE,23126.05,38.6,2600,38.7,65,38.6,38.650000000000006,289378.8461538461,108493.46153846153,5539191,-52.95551492992078,9.83,-0.2774007570236106,0.0014022532173975492,-8.993323041271385,8.145247302322927,-1.9776346963074898,0.019436892498196117,28.38860959521039,-3.1762400894424784e-06,-0.00937806669595474,0.0001259812210024476,-1.2888165859858527,-155.91078081259792,0.28071001227464154,0.001417665248918176,0.011048959741343227,23190,0.249929727231009,0.0123,index_dividend_yield,0.065,12.26,65,23035,23162.7,23020.95,23063.1,mid_price,ok
2026-09-25T09:12:40.005597+00:00,2026-09-25T14:42:40.005597+05:30,NIFTY,29-Sep-2026,23050.0,CE,23126.05,190.7,195,191.15,1625,190.75,190.925,53129,32338,2214637,18.884387659707073,14.65,0.6022601495686845,0.0010830243688310067,-19.00612301359873,9.37562363307226,-0.6424443734113772,0.008087328040974503,4.051445246045837,-7.91718875906499e-07,-0.006924946051831116,0.00012862769251010322,-1.2132738988648695,72.931420362013,-0.5959620735576343,0.0010901827095733403,0.011048959741343227,23190,0.249929727231009,0.0123,index_dividend_yield,0.065,12.26,65,23035,23162.7,23020.95,23063.1,mid_price,ok
2026-09-25T09:12:40.005597+00:00,2026-09-25T14:42:40.005597+05:30,NIFTY,29-Sep-2026,23050.0,PE,23126.05,49.35,3250,49.5,3250,49.45,49.425,142499,99563,4572602,-50.450901803607216,9.31,-0.34416893272178684,0.0016263888395575468,-9.169194904307668,8.947431417085205,-1.5467690474365303,0.012431523568887758,15.078645356362053,-2.602962243450866e-06,-0.014729648313570364,0.00017990078648252888,-1.2305433776073231,-152.04523116510907,0.34757553032967164,0.0016371385935133578,0.011048959741343227,23190,0.249929727231009,0.0123,index_dividend_yield,0.065,12.26,65,23035,23162.7,23020.95,23063.1,mid_price,ok
2026-09-25T09:12:40.005597+00:00,2026-09-25T14:42:40.005597+05:30,NIFTY,29-Sep-2026,23100.0,CE,23126.05,155.2,1885,155.65,260,155.15,155.425,176073,67309,4890193,17.8951367781155,13.91,0.5493541692051928,0.001170607033865662,-18.40041125083233,9.62193837448102,-0.3118859228050108,0.0014934437890549888,0.9418136507406416,-4.507915367064072e-07,-0.008301417869583065,0.0001448562595888072,-1.1974337665496335,81.7386805146325,-0.5432452405658404,0.0011732487228298628,0.011048959741343227,23190,0.249929727231009,0.0123,index_dividend_yield,0.065,12.26,65,23035,23162.7,23020.95,23063.1,mid_price,ok
2026-09-25T09:12:40.005597+00:00,2026-09-25T14:42:40.005597+05:30,NIFTY,29-Sep-2026,23100.0,PE,23126.05,63.4,1170,63.5,65,63.6,63.45,268372,151664,6179250,-47.54639175257732,8.81,-0.42490461686868414,0.001829526270193797,-8.972578487258746,9.524427274941313,-0.8004187641459659,0.002626694840052305,3.682033462742318,-1.4587414336177292e-06,-0.020061648767759604,0.00022490270568872476,-1.193026039013107,-146.53799805048115,0.4282866748449042,0.0018336549309807793,0.011048959741343227,23190,0.249929727231009,0.0123,index_dividend_yield,0.065,12.26,65,23035,23162.7,23020.95,23063.1,mid_price,ok
2026-09-25T09:12:40.005597+00:00,2026-09-25T14:42:40.005597+05:30,NIFTY,29-Sep-2026,23150.0,CE,23126.05,123.4,585,123.7,260,123.55,123.55000000000001,103707,52772,2886367,15.629386991109032,13.29,0.4897897477444909,0.001234307848709128,-17.585172299563265,9.693325204091128,0.11821954813812097,-0.006059165842164292,0.07308281048157284,4.427290283906716e-08,-0.00927871165146252,0.00015283082231830374,-1.2055980236852366,91.54869693962833,-0.48393852105996865,0.0012317552455682857,0.011048959741343227,23190,0.249929727231009,0.0123,index_dividend_yield,0.065,12.26,65,23035,23162.7,23020.95,23063.1,mid_price,ok
2026-09-25T09:12:40.005597+00:00,2026-09-25T14:42:40.005597+05:30,NIFTY,29-Sep-2026,23150.0,PE,23126.05,81.6,4420,81.8,195,81.75,81.69999999999999,112078,84926,2140745,-43.659545141281875,8.29,-0.5189147889065494,0.0019771617835143795,-8.206834719577389,9.685477792308864,0.2707280729057904,-0.00941164694097572,0.3133546457965153,3.3562313934080036e-07,-0.023789441513231546,0.00024334937163356186,-1.211743723559997,-139.95266727316923,0.5220818937142517,0.0019730729256303187,0.011048959741343227,23190,0.249929727231009,0.0123,index_dividend_yield,0.065,12.26,65,23035,23162.7,23020.95,23063.1,mid_price,ok
2026-09-25T09:12:40.005597+00:00,2026-09-25T14:42:40.005597+05:30,NIFTY,29-Sep-2026,23200.0,CE,23126.05,95.5,4550,95.75,1625,95.8,95.625,220630,36795,3969361,12.772218952324897,12.71,0.42510516544863153,0.0012682679276891766,-16.41247391821381,9.52534846297113,0.622994192068016,-0.014055220223620591,2.857930050330637,6.750473032720004e-07,-0.009598540062265076,0.00014890720064879452,-1.2455285281715445,102.90835313420487,-0.4196323998117571,0.0012601956054504701,0.011048959741343227,23190,0.249929727231009,0.0123,index_dividend_yield,0.065,12.26,65,23035,23162.7,23020.95,23063.1,mid_price,ok
2026-09-25T09:12:40.005597+00:00,2026-09-25T14:42:40.005597+05:30,NIFTY,29-Sep-2026,23200.0,PE,23126.05,103.5,910,103.8,1495,103.8,103.65,131890,57237,2004969,-40.51575931232092,7.69,-0.625008562537226,0.0020280619780870222,-6.680178711113606,9.215775243487357,1.6121820224696548,-0.022188269541209282,12.499234080304511,2.814751817980709e-06,-0.023625405419235933,0.00021396104188616986,-1.314399037843545,-132.9212320362224,0.6277034570810004,0.0020151536884032996,0.011048959741343227,23190,0.249929727231009,0.0123,index_dividend_yield,0.065,12.26,65,23035,23162.7,23020.95,23063.1,mid_price,ok
2026-09-25T09:12:40.005597+00:00,2026-09-25T14:42:40.005597+05:30,NIFTY,29-Sep-2026,23250.0,CE,23126.05,72.3,780,72.45,585,72.3,72.375,137931,-14057,2047949,8.885542168674698,12.29,0.3585342222112116,0.0012503799156901045,-15.020767672070031,9.080676073846066,1.140389740462322,-0.021565619310060097,10.042704217682719,1.3640263621852566e-06,-0.008791564677324719,0.00012906021352206712,-1.3158010303089327,114.71114056105796,-0.3535139338718267,0.0012370834455861543,0.011048959741343227,23190,0.249929727231009,0.0123,index_dividend_yield,0.065,12.26,65,23035,23162.7,23020.95,23063.1,mid_price,ok
2026-09-25T09:12:40.005597+00:00,2026-09-25T14:42:40.005597+05:30,NIFTY,29-Sep-2026,23250.0,PE,23126.05,130.7,845,131,910,130.6,130.85,64638,10120,544835,-36.6327025715672,6.98,-0.74060838557671,0.0019087341838816589,-4.315688870105092,7.872726890544778,3.0295756575639543,-0.03264356624395538,47.548773109653105,5.883024992175595e-06,-0.015817809017671,0.00011261023969037172,-1.4877311699116307,-125.14691393624614,0.74254642911916,0.0018884368113040108,0.011048959741343227,23190,0.249929727231009,0.0123,index_dividend_yield,0.065,12.26,65,23035,23162.7,23020.95,23063.1,mid_price,ok
2026-09-25T09:12:40.005597+00:00,2026-09-25T14:42:40.005597+05:30,NIFTY,29-Sep-2026,23300.0,CE,23126.05,53.3,4030,53.5,2730,53.35,53.4,191346,12022,2726015,3.291384317521781,11.94,0.2930411407811487,0.0011850232130250786,-13.346005957783284,8.36094749550776,1.6044658009934931,-0.027728315032131898,21.23456645299271,2.023636548117274e-06,-0.006915376444547867,9.500340037669954e-05,-1.4035444531335957,127.44045072043934,-0.2885711246946654,0.0011673952884546316,0.011048959741343227,23190,0.249929727231009,0.0123,index_dividend_yield,0.065,12.26,65,23035,23162.7,23020.95,23063.1,mid_price,ok
2026-09-25T09:12:40.005597+00:00,2026-09-25T14:42:40.005597+05:30,NIFTY,29-Sep-2026,23300.0,PE,23126.05,160.8,780,161.25,1235,160.75,161.025,89300,3930,507551,-33.006876432590126,5.68,,,,,,,,,,,,,,,0.011048959741343227,,,,,,12.26,65,23035,23162.7,23020.95,23063.1,mid_price,no_price_available
2026-09-25T09:12:40.005597+00:00,2026-09-25T14:42:40.005597+05:30,NIFTY,29-Sep-2026,23350.0,CE,23126.05,38.65,6370,38.8,4030,38.75,38.724999999999994,85347,17023,1373419,-2.5157232704402515,11.71,0.2328174376025875,0.0010739248197996556,-11.559202510654464,7.431133892456095,1.936595441258529,-0.03172163212031179,34.343950938302555,2.528721052400584e-06,-0.004207584847995983,5.1841618596771694e-05,-1.4837428892951599,140.0666183950423,-0.22893823539422034,0.0010534235676650154,0.011048959741343227,23190,0.249929727231009,0.0123,index_dividend_yield,0.065,12.26,65,23035,23162.7,23020.95,23063.1,mid_price,ok
2026-09-25T09:12:40.005597+00:00,2026-09-25T14:42:40.005597+05:30,NIFTY,29-Sep-2026,23350.0,PE,23126.05,196.15,975,196.55,130,196.1,196.35000000000002,17391,233,106334,-29.776186213070726,0,,,,,,,,,,,,,,,0.011048959741343227,,,,,,12.26,65,23035,23162.7,23020.95,23063.1,mid_price,no_price_available
2026-09-25T09:12:40.005597+00:00,2026-09-25T14:42:40.005597+05:30,NIFTY,29-Sep-2026,23400.0,CE,23126.05,27.75,455,27.85,5850,27.75,27.8,173779,11898,1808660,-10.048622366288493,11.59,0.1806609377095199,0.000933458584975626,-9.784665776209113,6.392971994321929,2.098815738965892,-0.03329038770621087,46.57087542783733,2.8064272718480543e-06,-0.0012535828890898018,7.781017277449066e-06,-1.5310648645930782,152.03403398069585,-0.17737151116944838,0.0009117300308966636,0.011048959741343227,23190,0.249929727231009,0.0123,index_dividend_yield,0.065,12.26,65,23035,23162.7,23020.95,23063.1,mid_price,ok
2026-09-25T09:12:40.005597+00:00,2026-09-25T14:42:40.005597+05:30,NIFTY,29-Sep-2026,23400.0,PE,23126.05,234.85,585,235.4,195,235.15,235.125,59650,-2327,151693,-26.273710612948737,0,,,,,,,,,,,,,,,0.011048959741343227,,,,,,12.26,65,23035,23162.7,23020.95,23063.1,mid_price,no_price_available
2026-09-25T09:12:40.005597+00:00,2026-09-25T14:42:40.005597+05:30,NIFTY,29-Sep-2026,23450.0,CE,23126.05,19.75,7735,19.85,6240,19.75,19.8,86097,13841,1028663,-16.13588110403397,11.55,0.13744826150612366,0.0007828442271081855,-8.106495359475867,5.342956634189511,2.1007112126846805,-0.03270272332649281,55.754441549941355,2.8572849100648614e-06,0.0013918622487633296,-3.0263871581809832e-05,-1.5300951565039176,163.21722101971326,-0.13471899746734978,0.0007613644239169952,0.011048959741343227,23190,0.249929727231009,0.0123,index_dividend_yield,0.065,12.26,65,23035,23162.7,23020.95,23063.1,mid_price,ok
2026-09-25T09:12:40.005597+00:00,2026-09-25T14:42:40.005597+05:30,NIFTY,29-Sep-2026,23450.0,PE,23126.05,277.1,585,277.8,130,277.4,277.45000000000005,15797,-1063,29270,-23.665382498624105,0,,,,,,,,,,,,,,,0.011048959741343227,,,,,,12.26,65,23035,23162.7,23020.95,23063.1,mid_price,no_price_available
2026-09-25T09:12:40.005597+00:00,2026-09-25T14:42:40.005597+05:30,NIFTY,29-Sep-2026,23500.0,CE,23126.05,14.05,15470,14.15,15665,14.1,14.100000000000001,243068,34267,1740403,-22.73972602739726,11.58,0.10312009409584581,0.000637534153411377,-6.605132623275481,4.362508904995649,1.9775350036265806,-0.030519154020733984,60.75916729697184,2.720835815232894e-06,0.0033745389771837374,-5.8165503189648324e-05,-1.4782594073054884,173.3129939051653,-0.10089364272630168,0.0006174057237901082,0.011048959741343227,23190,0.249929727231009,0.0123,index_dividend_yield,0.065,12.26,65,23035,23162.7,23020.95,23063.1,mid_price,ok
2026-09-25T09:12:40.005597+00:00,2026-09-25T14:42:40.005597+05:30,NIFTY,29-Sep-2026,23500.0,PE,23126.05,320.9,455,321.7,390,321.55,321.29999999999995,79496,-4351,111805,-20.819995075104654,0,,,,,,,,,,,,,,,0.011048959741343227,,,,,,12.26,65,23035,23162.7,23020.95,23063.1,mid_price,no_price_available
2026-09-25T09:12:40.005597+00:00,2026-09-25T14:42:40.005597+05:30,NIFTY,29-Sep-2026,23550.0,CE,23126.05,10.2,8255,10.25,3445,10.2,10.225,82514,17989,711372,-27.142857142857142,11.68,0.07691161728980886,0.0005081950313510286,-5.334278137638413,3.5074991068264194,1.7767999876490483,-0.02741908561917455,61.596463017116854,2.4584492745018254e-06,0.0045742578897738535,-7.488533107861821e-05,-1.3851217116571506,181.90276129363036,-0.075111839285719,0.0004900625463170874,0.011048959741343227,23190,0.249929727231009,0.0123,index_dividend_yield,0.065,12.26,65,23035,23162.7,23020.95,23063.1,mid_price,ok
2026-09-25T09:12:40.005597+00:00,2026-09-25T14:42:40.005597+05:30,NIFTY,29-Sep-2026,23550.0,PE,23126.05,366.5,845,367.55,65,366.95,367.025,5032,-489,5550,-19.040264754550467,0,,,,,,,,,,,,,,,0.011048959741343227,,,,,,12.26,65,23035,23162.7,23020.95,23063.1,mid_price,no_price_available
2026-09-25T09:12:40.005597+00:00,2026-09-25T14:42:40.005597+05:30,NIFTY,29-Sep-2026,23600.0,CE,23126.05,7.65,14950,7.7,24375,7.6,7.675000000000001,117850,-6499,977873,-32.142857142857146,11.92,0.05862051603678105,0.00040366763113591834,-4.396448239011103,2.843311837872907,1.5492451554025426,-0.02423176547994035,58.99129583534823,2.1278668042970107e-06,0.0049890821824938045,-8.109607366503036e-05,-1.2749576460404772,186.96264577603455,-0.05713601747836929,0.0003876170220681008,0.011048959741343227,23190,0.249929727231009,0.0123,index_dividend_yield,0.065,12.26,65,23035,23162.7,23020.95,23063.1,mid_price,ok
2026-09-25T09:12:40.005597+00:00,2026-09-25T14:42:40.005597+05:30,NIFTY,29-Sep-2026,23600.0,PE,23126.05,413.85,130,415.2,390,414.15,414.525,18536,-3782,18634,-17.078786665331865,0,,,,,,,,,,,,,,,0.011048959741343227,,,,,,12.26,65,23035,23162.7,23020.95,23063.1,mid_price,no_price_available
2026-09-25T09:12:40.005597+00:00,2026-09-25T14:42:40.005597+05:30,NIFTY,29-Sep-2026,23650.0,CE,23126.05,5.75,33605,5.85,33475,5.75,5.8,73864,3924,626949,-37.5,12.17,0.044616167336383745,0.0003181911657386321,-3.6006385146158553,2.2882475585876936,1.3242599899099399,-0.02102963775096727,54.7054963293272,1.8032739314862333e-06,0.004992853261557082,-8.147327844130523e-05,-1.1522435538580207,191.3566855882256,-0.043399734214977066,0.0003042487118343892,0.011048959741343227,23190,0.249929727231009,0.0123,index_dividend_yield,0.065,12.26,65,23035,23162.7,23020.95,23063.1,mid_price,ok
2026-09-25T09:12:40.005597+00:00,2026-09-25T14:42:40.005597+05:30,NIFTY,29-Sep-2026,23650.0,PE,23126.05,462,260,463.55,130,456.8,462.775,3591,-313,2411,-16.344657082684737,0,,,,,,,,,,,,,,,0.011048959741343227,,,,,,12.26,65,23035,23162.7,23020.95,23063.1,mid_price,no_price_available
2026-09-25T09:12:40.005597+00:00,2026-09-25T14:42:40.005597+05:30,NIFTY,29-Sep-2026,23700.0,CE,23126.05,4.55,77480,4.6,63245,4.55,4.574999999999999,109849,1039,769944,-40.13157894736842,12.54,0.03521343349035974,0.00025474605693489737,-3.051652340220668,1.887684104283918,1.1283792682593128,-0.018379210527848872,49.62213839743779,1.5055739780236077e-06,0.004665354457237674,-7.758516735065945e-05,-1.0421377754488206,192.40341907013735,-0.034182072691049795,0.00024255693663644248,0.011048959741343227,23190,0.249929727231009,0.0123,index_dividend_yield,0.065,12.26,65,23035,23162.7,23020.95,23063.1,mid_price,ok
2026-09-25T09:12:40.005597+00:00,2026-09-25T14:42:40.005597+05:30,NIFTY,29-Sep-2026,23700.0,PE,23126.05,510.45,715,512,65,510.8,511.225,10650,-1269,8876,-14.581939799331103,0,,,,,,,,,,,,,,,0.011048959741343227,,,,,,12.26,65,23035,23162.7,23020.95,23063.1,mid_price,no_price_available
2026-09-25T09:12:40.005597+00:00,2026-09-25T14:42:40.005597+05:30,NIFTY,29-Sep-2026,23750.0,CE,23126.05,3.7,54210,3.75,15730,3.75,3.725,42805,-3421,455579,-41.86046511627907,12.98,0.028596183201899165,0.00020722614959012384,-2.6527117043342363,1.5894378898799584,0.964816193206517,-0.01620409992509221,44.60268260154676,1.2528298666169051e-06,0.004218800116814972,-7.204440341973031e-05,-0.9460467908057129,191.4112422505737,-0.027699444630336075,0.0001964808599229028,0.011048959741343227,23190,0.249929727231009,0.0123,index_dividend_yield,0.065,12.26,65,23035,23162.7,23020.95,23063.1,mid_price,ok
2026-09-25T09:12:40.005597+00:00,2026-09-25T14:42:40.005597+05:30,NIFTY,29-Sep-2026,23750.0,PE,23126.05,559,65,561.8,65,560.25,560.4,3108,-422,1316,-12.781194053086324,0,,,,,,,,,,,,,,,0.011048959741343227,,,,,,12.26,65,23035,23162.7,23020.95,23063.1,mid_price,no_price_available
2026-09-25T09:12:40.005597+00:00,2026-09-25T14:42:40.005597+05:30,NIFTY,29-Sep-2026,23800.0,CE,23126.05,3.2,142740,3.25,166270,3.2,3.225,112534,3296,794826,-43.36283185840708,13.5,0.024063305874957676,0.0001724738770804357,-2.382699713580295,1.3758826883241972,0.8344452362801548,-0.014528571654106415,40.08495045379923,1.0468948661301596e-06,0.003747344612321389,-6.615744378606444e-05,-0.8684160860806975,188.3536641244159,-0.023257761503356615,0.00016284421408428168,0.011048959741343227,23190,0.249929727231009,0.0123,index_dividend_yield,0.065,12.26,65,23035,23162.7,23020.95,23063.1,mid_price,ok
2026-09-25T09:12:40.005597+00:00,2026-09-25T14:42:40.005597+05:30,NIFTY,29-Sep-2026,23800.0,PE,23126.05,609.9,1105,611.75,130,603.05,610.825,15082,-5455,14853,-12.803643724696355,0,,,,,,,,,,,,,,,0.011048959741343227,,,,,,12.26,65,23035,23162.7,23020.95,23063.1,mid_price,no_price_available
2026-09-25T09:12:40.005597+00:00,2026-09-25T14:42:40.005597+05:30,NIFTY,29-Sep-2026,23850.0,CE,23126.05,2.75,311545,2.8,159120,2.75,2.775,39718,3458,383181,-43.29896907216495,13.96,0.020003741050346982,0.00014269884159782167,-2.103727973190539,1.1771455836895228,0.7174190811511781,-0.012880516138303343,35.81333803793141,8.746148516684039e-07,0.00331928603874274,-6.02910800988802e-05,-0.7888732451917925,186.5149217740801,-0.019292546956371438,0.00013416727570315104,0.011048959741343227,23190,0.249929727231009,0.0123,index_dividend_yield,0.065,12.26,65,23035,23162.7,23020.95,23063.1,mid_price,ok
2026-09-25T09:12:40.005597+00:00,2026-09-25T14:42:40.005597+05:30,NIFTY,29-Sep-2026,23850.0,PE,23126.05,658.2,65,662.45,65,659.75,660.325,1578,-250,660,-11.07891367342813,0,,,,,,,,,,,,,,,0.011048959741343227,,,,,,12.26,65,23035,23162.7,23020.95,23063.1,mid_price,no_price_available
2026-09-25T09:12:40.005597+00:00,2026-09-25T14:42:40.005597+05:30,NIFTY,29-Sep-2026,23900.0,CE,23126.05,2.5,342615,2.55,461825,2.55,2.525,88098,-29871,709057,-40.69767441860465,14.5,0.017256032167100543,0.00012114534336048525,-1.923277576805811,1.0380040287939842,0.6270069292817603,-0.011664399214569502,32.21999105939333,7.379093419455823e-07,0.002924911581635922,-5.4961215932379525e-05,-0.7280479313846918,182.87933869304445,-0.01660593083981712,0.00011342632046411857,0.011048959741343227,23190,0.249929727231009,0.0123,index_dividend_yield,0.065,12.26,65,23035,23162.7,23020.95,23063.1,mid_price,ok
2026-09-25T09:12:40.005597+00:00,2026-09-25T14:42:40.005597+05:30,NIFTY,29-Sep-2026,23900.0,PE,23126.05,708.1,65,711.1,130,704,709.6,8980,-3128,4984,-11.032478200429672,0,,,,,,,,,,,,,,,0.011048959741343227,,,,,,12.26,65,23035,23162.7,23020.95,23063.1,mid_price,no_price_available
2026-09-25T09:12:40.005597+00:00,2026-09-25T14:42:40.005597+05:30,NIFTY,29-Sep-2026,23950.0,CE,23126.05,2.2,279760,2.25,238095,2.2,2.225,27765,-4458,323066,-45.67901234567901,15.03,0.014957066316515317,0.00010339529255837569,-1.760790931945448,0.91829888859683,0.549655940907689,-0.010576721418699876,29.009209166842407,6.254199580300424e-07,0.002578335517323256,-5.0047781547286954e-05,-0.6720326754983139,179.47266925820105,-0.014362027659347864,9.640346667757863e-05,0.011048959741343227,23190,0.249929727231009,0.0123,index_dividend_yield,0.065,12.26,65,23035,23162.7,23020.95,23063.1,mid_price,ok
2026-09-25T09:12:40.005597+00:00,2026-09-25T14:42:40.005597+05:30,NIFTY,29-Sep-2026,23950.0,PE,23126.05,756.5,130,762.05,65,748.4,759.275,1822,-200,574,-11.859616064067836,0,,,,,,,,,,,,,,,0.011048959741343227,,,,,,12.26,65,23035,23162.7,23020.95,23063.1,mid_price,no_price_available
2026-09-25T09:12:40.005597+00:00,2026-09-25T14:42:40.005597+05:30,NIFTY,29-Sep-2026,24000.0,CE,23126.05,2.05,293020,2.1,258375,2.1,2.075,248381,-50232,1016689,-44,15.62,0.013358569352520444,9.025754233034301e-05,-1.657629119781291,0.8330840985441453,0.48969540930357025,-0.009774539637881543,26.373181918219856,5.365360168967178e-07,0.002279455218328462,-4.585218493615493e-05,-0.6296913530281402,174.98650774555287,-0.012798561957820509,8.38038442129483e-05,0.011048959741343227,23190,0.249929727231009,0.0123,index_dividend_yield,0.065,12.26,65,23035,23162.7,23020.95,23063.1,mid_price,ok
2026-09-25T09:12:40.005597+00:00,2026-09-25T14:42:40.005597+05:30,NIFTY,29-Sep-2026,24000.0,PE,23126.05,806.5,65,809.85,130,807.65,808.175,58181.61538461538,-12702,38043,-8.925349571493008,0,,,,,,,,,,,,,,,0.011048959741343227,,,,,,12.26,65,23035,23162.7,23020.95,23063.1,mid_price,no_price_available
2026-09-25T09:12:40.005597+00:00,2026-09-25T14:42:40.005597+05:30,NIFTY,29-Sep-2026,24050.0,CE,23126.05,1.65,265915,1.7,270855,1.7,1.6749999999999998,32324,-17203,218121,-49.25373134328358,15.98,0.011032793250539286,7.474468588316412e-05,-1.434922416325318,0.7057995998283846,0.4189767344424727,-0.008541636598528269,23.314169263911776,4.503424086263021e-07,0.002001216556443781,-4.1068491955224523e-05,-0.562810962023712,174.74228225688805,-0.01054822482542755,6.911193940716569e-05,0.011048959741343227,23190,0.249929727231009,0.0123,index_dividend_yield,0.065,12.26,65,23035,23162.7,23020.95,23063.1,mid_price,ok
2026-09-25T09:12:40.005597+00:00,2026-09-25T14:42:40.005597+05:30,NIFTY,29-Sep-2026,24050.0,PE,23126.05,856.9,130,861.5,65,861.15,859.2,1238,-5,92,-8.055733504163998,0,,,,,,,,,,,,,,,0.011048959741343227,,,,,,12.26,65,23035,23162.7,23020.95,23063.1,mid_price,no_price_available
2026-09-25T09:12:40.005597+00:00,2026-09-25T14:42:40.005597+05:30,NIFTY,29-Sep-2026,24100.0,CE,23126.05,1.45,434200,1.5,417170,1.45,1.475,92388,8245,416031,-50,16.46,0.009589867493302056,6.421647369119554e-05,-1.3064274699274006,0.624598009889209,0.3682821718354566,-0.007722316133982304,20.965741180657805,3.848564832357892e-07,0.001765368123001199,-3.7231954236569485e-05,-0.5170698996509915,172.24594343267825,-0.009148888062024053,5.913100888770942e-05,0.011048959741343227,23190,0.249929727231009,0.0123,index_dividend_yield,0.065,12.26,65,23035,23162.7,23020.95,23063.1,mid_price,ok
2026-09-25T09:12:40.005597+00:00,2026-09-25T14:42:40.005597+05:30,NIFTY,29-Sep-2026,24100.0,PE,23126.05,905.3,65,910.35,65,901.2,907.825,6076,-790,1686,-8.785425101214575,0,,,,,,,,,,,,,,,0.011048959741343227,,,,,,12.26,65,23035,23162.7,23020.95,23063.1,mid_price,no_price_available
2026-09-25T09:12:40.005597+00:00,2026-09-25T14:42:40.005597+05:30,NIFTY,29-Sep-2026,24150.0,CE,23126.05,1.35,238095,1.4,248820,1.4,1.375,25587,-1326,103894,-47.16981132075472,17.12,0.008985336025540094,5.832142875351759e-05,-1.2821015604975134,0.5900057264371495,0.338004932925357,-0.007361806067826979,19.440982964314067,3.391221455343002e-07,0.0015810249670704852,-3.4617941572647545e-05,-0.4965930611806426,166.7787061136927,-0.008552770011391321,5.3480665778413956e-05,0.011048959741343227,23190,0.249929727231009,0.0123,index_dividend_yield,0.065,12.26,65,23035,23162.7,23020.95,23063.1,mid_price,ok
2026-09-25T09:12:40.005597+00:00,2026-09-25T14:42:40.005597+05:30,NIFTY,29-Sep-2026,24150.0,PE,23126.05,949,1495,960.55,65,962.15,954.775,1757,-141,200,-8.357938851319174,0,,,,,,,,,,,,,,,0.011048959741343227,,,,,,12.26,65,23035,23162.7,23020.95,23063.1,mid_price,no_price_available
2026-09-25T09:12:40.005597+00:00,2026-09-25T14:42:40.005597+05:30,NIFTY,29-Sep-2026,24200.0,CE,23126.05,1.15,460590,1.2,490880,1.15,1.1749999999999998,122658,-16429,405932,-50,17.52,0.007673388380588764,4.9613838632257396e-05,-1.1411402488862097,0.5136428456204368,0.2945718121303365,-0.00655804939089431,17.35718983167653,2.893420771071077e-07,0.0013933489546322205,-3.11633134888958e-05,-0.4501297762308987,165.65787914918724,-0.007288592917783472,4.5308013201909184e-05,0.011048959741343227,23190,0.249929727231009,0.0123,index_dividend_yield,0.065,12.26,65,23035,23162.7,23020.95,23063.1,mid_price,ok
2026-09-25T09:12:40.005597+00:00,2026-09-25T14:42:40.005597+05:30,NIFTY,29-Sep-2026,24200.0,PE,23126.05,1006.6,130,1011.85,65,1005,1009.225,14645,-2441,4786,-7.360464580356731,0,,,,,,,,,,,,,,,0.011048959741343227,,,,,,12.26,65,23035,23162.7,23020.95,23063.1,mid_price,no_price_available
2026-09-25T09:12:40.005597+00:00,2026-09-25T14:42:40.005597+05:30,NIFTY,29-Sep-2026,24250.0,CE,23126.05,1.1,257075,1.15,172575,1.15,1.125,31400,-2479,97981,-45.23809523809524,17.95,0.00666245888801238,4.275151391463127e-05,-1.0312398099571523,0.453461335961604,0.2591640426187927,-0.005905151035000805,15.59132632643051,2.487614971293932e-07,0.0012317179064582889,-2.817854744177983e-05,-0.41150647668118345,164.0081597221963,-0.006314924293798397,3.888041870682456e-05,0.011048959741343227,23190,0.249929727231009,0.0123,index_dividend_yield,0.065,12.26,65,23035,23162.7,23020.95,23063.1,mid_price,ok
2026-09-25T09:12:40.005597+00:00,2026-09-25T14:42:40.005597+05:30,NIFTY,29-Sep-2026,24250.0,PE,23126.05,1047.85,130,1066.55,195,1059,1057.1999999999998,2197,-7,110,-7.003293084522503,0,,,,,,,,,,,,,,,0.011048959741343227,,,,,,12.26,65,23035,23162.7,23020.95,23063.1,mid_price,no_price_available
2026-09-25T09:12:40.005597+00:00,2026-09-25T14:42:40.005597+05:30,NIFTY,29-Sep-2026,24300.0,CE,23126.05,1.05,335465,1.1,437255,1.1,1.0750000000000002,100091,-23963,295393,-42.10526315789474,18.76,0.006723147158776265,4.123477670051816e-05,-1.0854584892236103,0.4571100742605946,0.24972978391783707,-0.0059408563497033145,15.004134580762996,2.2850815263627635e-07,0.0011336560242110022,-2.7072911385841332e-05,-0.4136386052873847,156.82661709943235,-0.006357548355966957,3.734685370335295e-05,0.011048959741343227,23190,0.249929727231009,0.0123,index_dividend_yield,0.065,12.26,65,23035,23162.7,23020.95,23063.1,mid_price,ok
2026-09-25T09:12:40.005597+00:00,2026-09-25T14:42:40.005597+05:30,NIFTY,29-Sep-2026,24300.0,PE,23126.05,1106.85,260,1113.2,130,1097,1110.025,36641,-2640,13889,-8.08931339281974,0,,,,,,,,,,,,,,,0.011048959741343227,,,,,,12.26,65,23035,23162.7,23020.95,23063.1,mid_price,no_price_available
2026-09-25T09:12:40.005597+00:00,2026-09-25T14:42:40.005597+05:30,NIFTY,29-Sep-2026,24350.0,CE,23126.05,1.05,155025,1.1,277485,1.05,1.0750000000000002,25615,-1502,61023,-46.15384615384615,19.46,0.0065217232400055615,3.869676971599851e-05,-1.0951940033600327,0.44498140264603364,0.23544954083475153,-0.005804776933754736,14.208312515998466,2.072404675799487e-07,0.0010367148282302504,-2.5651540785861677e-05,-0.4054920997807505,151.67164359287221,-0.006153071933850805,3.490436186381781e-05,0.011048959741343227,23190,0.249929727231009,0.0123,index_dividend_yield,0.065,12.26,65,23035,23162.7,23020.95,23063.1,mid_price,ok
2026-09-25T09:12:40.005597+00:00,2026-09-25T14:42:40.005597+05:30,NIFTY,29-Sep-2026,24350.0,PE,23126.05,1154,130,1167.25,195,1169.45,1160.625,4615,17,226,-5.003858494780878,0,,,,,,,,,,,,,,,0.011048959741343227,,,,,,12.26,65,23035,23162.7,23020.95,23063.1,mid_price,no_price_available
2026-09-25T09:12:40.005597+00:00,2026-09-25T14:42:40.005597+05:30,NIFTY,29-Sep-2026,24400.0,CE,23126.05,1,370110,1.05,270855,1.05,1.025,55521,-7157,158927,-36.36363636363637,19.94,0.005864583484572518,3.4374536315234654e-05,-1.0207274176887862,0.405029181446599,0.2123367282134878,-0.0053597530225097416,13.007675384378885,1.8242802770230523e-07,0.0009315384102751397,-2.3589360332161845e-05,-0.37858746243897506,149.57682135999403,-0.005521226578572214,3.087877880277378e-05,0.011048959741343227,23190,0.249929727231009,0.0123,index_dividend_yield,0.065,12.26,65,23035,23162.7,23020.95,23063.1,mid_price,ok
2026-09-25T09:12:40.005597+00:00,2026-09-25T14:42:40.005597+05:30,NIFTY,29-Sep-2026,24400.0,PE,23126.05,1207.6,65,1214.65,520,1202.5,1211.125,18007,-4336,6417,-6.372873437925799,0,,,,,,,,,,,,,,,0.011048959741343227,,,,,,12.26,65,23035,23162.7,23020.95,23063.1,mid_price,no_price_available
2026-09-25T09:12:40.005597+00:00,2026-09-25T14:42:40.005597+05:30,NIFTY,29-Sep-2026,24450.0,CE,23126.05,0.85,196235,0.9,55900,0.9,0.875,5918,-292,23278,-41.935483870967744,20.26,0.004995004389540064,2.9333632551125993e-05,-0.8986549649607607,0.3511798590719551,0.18521576475505297,-0.004746887035360187,11.598300741931189,1.5687672526067274e-07,0.0008239827234274993,-2.1175904956336765e-05,-0.3408321080364966,149.4835452419604,-0.004692922801145113,2.624285260030583e-05,0.011048959741343227,23190,0.249929727231009,0.0123,index_dividend_yield,0.065,12.26,65,23035,23162.7,23020.95,23063.1,mid_price,ok
2026-09-25T09:12:40.005597+00:00,2026-09-25T14:42:40.005597+05:30,NIFTY,29-Sep-2026,24450.0,PE,23126.05,1253.2,65,1265.4,65,1250.85,1259.3000000000002,1138,-32,56,-6.359484952837251,0,,,,,,,,,,,,,,,0.011048959741343227,,,,,,12.26,65,23035,23162.7,23020.95,23063.1,mid_price,no_price_available
2026-09-25T09:12:40.005597+00:00,2026-09-25T14:42:40.005597+05:30,NIFTY,29-Sep-2026,24500.0,CE,23126.05,0.8,733655,0.85,970515,0.8,0.825,165819,-29529,386875,-50,20.93,0.004856624529700221,2.7692643876799654e-05,-0.9048353384882563,0.3424979377155558,0.1755547585836907,-0.004644725181858407,11.034729730344388,1.436436201987774e-07,0.0007598806645687363,-2.015607702713714e-05,-0.33445405029302977,145.10704256462168,-0.00455267469605148,2.467375071258409e-05,0.011048959741343227,23190,0.249929727231009,0.0123,index_dividend_yield,0.065,12.26,65,23035,23162.7,23020.95,23063.1,mid_price,ok
2026-09-25T09:12:40.005597+00:00,2026-09-25T14:42:40.005597+05:30,NIFTY,29-Sep-2026,24500.0,PE,23126.05,1305.4,130,1310.7,65,1298,1308.0500000000002,22980,-7974,13364,-6.575017094324684,0,,,,,,,,,,,,,,,0.011048959741343227,,,,,,12.26,65,23035,23162.7,23020.95,23063.1,mid_price,no_price_available
2026-09-25T09:12:40.005597+00:00,2026-09-25T14:42:40.005597+05:30,NIFTY,29-Sep-2026,24550.0,CE,23126.05,0.7,308750,0.75,275015,0.75,0.725,18483,4,55251,-46.42857142857143,21.32,0.004280075726047285,2.4285813552012005e-05,-0.8229056052489266,0.30595965925672397,0.15653672114635972,-0.0042162217429359454,10.003947597821778,1.2582577586876613e-07,0.000680141357728464,-1.8359829849661845e-05,-0.30742673689676003,144.13189669649697,-0.004003849470688419,2.155026347056946e-05,0.011048959741343227,23190,0.249929727231009,0.0123,index_dividend_yield,0.065,12.26,65,23035,23162.7,23020.95,23063.1,mid_price,ok
2026-09-25T09:12:40.005597+00:00,2026-09-25T14:42:40.005597+05:30,NIFTY,29-Sep-2026,24550.0,PE,23126.05,1340.1,845,1373.15,65,1364.45,1356.625,687,-5,12,-5.246527777777778,0,,,,,,,,,,,,,,,0.011048959741343227,,,,,,12.26,65,23035,23162.7,23020.95,23063.1,mid_price,no_price_available
2026-09-25T09:12:40.005597+00:00,2026-09-25T14:42:40.005597+05:30,NIFTY,29-Sep-2026,24600.0,CE,23126.05,0.65,677365,0.7,503360,0.65,0.675,51082,-2974,146704,-45.833333333333336,21.65,0.003701792702602984,2.1000448939719576e-05,-0.7334024164510269,0.2686648134732864,0.13787987336325155,-0.0037692309314901716,8.975798023828279,1.0926366777633137e-07,0.0006045835205680699,-1.655834489509267e-05,-0.2787271080685132,143.80800683926338,-0.0034557947367563186,1.855928689930656e-05,0.011048959741343227,23190,0.249929727231009,0.0123,index_dividend_yield,0.065,12.26,65,23035,23162.7,23020.95,23063.1,mid_price,ok
2026-09-25T09:12:40.005597+00:00,2026-09-25T14:42:40.005597+05:30,NIFTY,29-Sep-2026,24600.0,PE,23126.05,1406.4,65,1413.9,195,1406.4,1410.15,7710,-968,2169,-5.525140227723105,0,,,,,,,,,,,,,,,0.011048959741343227,,,,,,12.26,65,23035,23162.7,23020.95,23063.1,mid_price,no_price_available
2026-09-25T09:12:40.005597+00:00,2026-09-25T14:42:40.005597+05:30,NIFTY,29-Sep-2026,24650.0,CE,23126.05,0.6,302900,0.65,204230,0.6,0.625,13204,-267,32874,-50,22.12,0.0033839058966774627,1.8962260820061775e-05,-0.6909369496541828,0.24785606484410824,0.12590106098734483,-0.0035146638452550347,8.287607555930498,9.762123463418873e-08,0.0005483027220323616,-1.5331290494645773e-05,-0.2621337168205535,141.88678565893898,-0.0031523260032777804,1.6690109623245222e-05,0.011048959741343227,23190,0.249929727231009,0.0123,index_dividend_yield,0.065,12.26,65,23035,23162.7,23020.95,23063.1,mid_price,ok
2026-09-25T09:12:40.005597+00:00,2026-09-25T14:42:40.005597+05:30,NIFTY,29-Sep-2026,24650.0,PE,23126.05,1438.8,845,1474.55,650,1440.8,1456.675,523,-2,17,-7.04516129032258,0,,,,,,,,,,,,,,,0.011048959741343227,,,,,,12.26,65,23035,23162.7,23020.95,23063.1,mid_price,no_price_available
2026-09-25T09:12:40.005597+00:00,2026-09-25T14:42:40.005597+05:30,NIFTY,29-Sep-2026,24700.0,CE,23126.05,0.6,1101490,0.65,623935,0.6,0.625,55279,-2751,63718,-47.82608695652174,22.76,0.0033043314789310716,1.803900194301232e-05,-0.6955350655000613,0.24261021057754079,0.12014636772082905,-0.0034491993146515973,7.931845279616587,9.037013540879668e-08,0.0005104902900910295,-1.4677233516379766e-05,-0.25783562178109326,138.20902472647438,-0.0030713859253345584,1.5813263923930978e-05,0.011048959741343227,23190,0.249929727231009,0.0123,index_dividend_yield,0.065,12.26,65,23035,23162.7,23020.95,23063.1,mid_price,ok
2026-09-25T09:12:40.005597+00:00,2026-09-25T14:42:40.005597+05:30,NIFTY,29-Sep-2026,24700.0,PE,23126.05,1503.45,130,1515,650,1508.95,1509.225,2436,-399,955,-4.879125035458758,0,,,,,,,,,,,,,,,0.011048959741343227,,,,,,12.26,65,23035,23162.7,23020.95,23063.1,mid_price,no_price_available
2026-09-25T09:12:40.005597+00:00,2026-09-25T14:42:40.005597+05:30,NIFTY,29-Sep-2026,24750.0,CE,23126.05,0.6,96915,0.65,44850,0.6,0.625,5382,-24,9322,-47.82608695652174,23.4,0.003232470845329091,1.7202064750777835e-05,-0.700763205790245,0.2378596344990142,0.11490419808472102,-0.0033897501989705323,7.606086837551845,8.39130195110722e-08,0.0004765470811309534,-1.4077838121619547e-05,-0.2539212758456315,134.71084714648646,-0.0029979538743742126,1.5018725929149948e-05,0.011048959741343227,23190,0.249929727231009,0.0123,index_dividend_yield,0.065,12.26,65,23035,23162.7,23020.95,23063.1,mid_price,ok
2026-09-25T09:12:40.005597+00:00,2026-09-25T14:42:40.005597+05:30,NIFTY,29-Sep-2026,24750.0,PE,23126.05,1549,65,1574.8,520,1562.95,1561.9,381,0,6,-5.524828482485568,0,,,,,,,,,,,,,,,0.011048959741343227,,,,,,12.26,65,23035,23162.7,23020.95,23063.1,mid_price,no_price_available
2026-09-25T09:12:40.005597+00:00,2026-09-25T14:42:40.005597+05:30,NIFTY,29-Sep-2026,24800.0,CE,23126.05,0.55,1317225,0.6,285415,0.55,0.575,44596,-10140,66554,-47.61904761904762,24.03,0.0031564601953289104,1.6396214210302654e-05,-0.7040759117845702,0.23282074044390966,0.10986066910967678,-0.0033266501461402262,7.293206278711301,7.799878023151961e-08,0.00044537352167291005,-1.3503251823723181e-05,-0.24975474323896557,131.47326575806963,-0.002921017632716481,1.425749219406185e-05,0.011048959741343227,23190,0.249929727231009,0.0123,index_dividend_yield,0.065,12.26,65,23035,23162.7,23020.95,23063.1,mid_price,ok
2026-09-25T09:12:40.005597+00:00,2026-09-25T14:42:40.005597+05:30,NIFTY,29-Sep-2026,24800.0,PE,23126.05,1603.5,130,1609.55,325,1595.2,1606.525,3189,-523,1038,-6.305248010337435,0,,,,,,,,,,,,,,,0.011048959741343227,,,,,,12.26,65,23035,23162.7,23020.95,23063.1,mid_price,no_price_available
2026-09-25T09:12:40.005597+00:00,2026-09-25T14:42:40.005597+05:30,NIFTY,29-Sep-2026,24850.0,CE,23126.05,0.6,134485,0.65,26390,0.6,0.625,2396,62,4536,-45.45454545454545,24.67,0.0030979918846530162,1.5704291684422035e-05,-0.7104683618143537,0.22893480009751802,0.10548516177309036,-0.0032777608132000882,7.018527336309671,7.282957609696654e-08,0.0004177828610678838,-1.299696601932437e-05,-0.2465180367207482,128.2928163961173,-0.0028605984516254287,1.360092630597453e-05,0.011048959741343227,23190,0.249929727231009,0.0123,index_dividend_yield,0.065,12.26,65,23035,23162.7,23020.95,23063.1,mid_price,ok
2026-09-25T09:12:40.005597+00:00,2026-09-25T14:42:40.005597+05:30,NIFTY,29-Sep-2026,24850.0,PE,23126.05,1634.95,845,1658.85,65,1670.8,1646.9,165,-7,13,-3.7002881844380404,0,,,,,,,,,,,,,,,0.011048959741343227,,,,,,12.26,65,23035,23162.7,23020.95,23063.1,mid_price,no_price_available
2026-09-25T09:12:40.005597+00:00,2026-09-25T14:42:40.005597+05:30,NIFTY,29-Sep-2026,24900.0,CE,23126.05,0.55,249405,0.6,298935,0.55,0.575,24850,-3220,42571,-47.61904761904762,25.08,0.0028175021523497413,1.4181212496463173e-05,-0.6628208633919991,0.21016733080101976,0.09634100641446987,-0.0030423371182778888,6.482881213675364,6.543117543923263e-08,0.0003808833887525425,-1.2039404562280451e-05,-0.23082561695976897,127.23496147789176,-0.0025962084485840627,1.2232566659724172e-05,0.011048959741343227,23190,0.249929727231009,0.0123,index_dividend_yield,0.065,12.26,65,23035,23162.7,23020.95,23063.1,mid_price,ok
2026-09-25T09:12:40.005597+00:00,2026-09-25T14:42:40.005597+05:30,NIFTY,29-Sep-2026,24900.0,PE,23126.05,1687.25,845,1717.95,780,1824.85,1702.6,837,-35,94,1.3833717603266757,58.83,,,,,,,,,,,,,,,0.011048959741343227,,,,,,12.26,65,23035,23162.7,23020.95,23063.1,mid_price,no_price_available
2026-09-25T09:12:40.005597+00:00,2026-09-25T14:42:40.005597+05:30,NIFTY,29-Sep-2026,24950.0,CE,23126.05,0.55,115050,0.6,56745,0.6,0.575,2963,899,7542,-45.45454545454545,25.92,0.0029675617954468465,1.4378885627664041e-05,-0.7175515815313652,0.22023408694105437,0.09712180999354178,-0.0031682247937060218,6.495411815686261,6.363724994683427e-08,0.0003685963329965512,-1.2035696029468967e-05,-0.2392389158776218,122.60099821219957,-0.0027281849917952503,1.2353415528399161e-05,0.011048959741343227,23190,0.249929727231009,0.0123,index_dividend_yield,0.065,12.26,65,23035,23162.7,23020.95,23063.1,mid_price,ok
2026-09-25T09:12:40.005597+00:00,2026-09-25T14:42:40.005597+05:30,NIFTY,29-Sep-2026,24950.0,PE,23126.05,1736.65,65,1775.6,780,1848,1756.125,70,-1,1,18.003895150218703,54.15,,,,,,,,,,,,,,,0.011048959741343227,,,,,,12.26,65,23035,23162.7,23020.95,23063.1,mid_price,no_price_available
2026-09-25T09:12:40.005597+00:00,2026-09-25T14:42:40.005597+05:30,NIFTY,29-Sep-2026,25000.0,CE,23126.05,0.5,2798900,0.55,1201005,0.5,0.525,139161,-34474,250934,-52.38095238095238,26.32,0.002705610143419431,1.3027831015752398e-05,-0.6701289850452319,0.20262000108557934,0.08896400068878016,-0.0029460259648057606,6.014988772284485,5.740919791883899e-08,0.0003372385205293396,-1.1176311489665398e-05,-0.22435301418909373,121.69917957824866,-0.0024822375302802654,1.1147950198304157e-05,0.011048959741343227,23190,0.249929727231009,0.0123,index_dividend_yield,0.065,12.26,65,23035,23162.7,23020.95,23063.1,mid_price,ok
2026-09-25T09:12:40.005597+00:00,2026-09-25T14:42:40.005597+05:30,NIFTY,29-Sep-2026,25000.0,PE,23126.05,1803.3,130,1809.05,65,1803.35,1806.175,18398,-2575.769230769231,7931,-4.808783551954393,0,,,,,,,,,,,,,,,0.011048959741343227,,,,,,12.26,65,23035,23162.7,23020.95,23063.1,mid_price,no_price_available
2026-09-25T09:12:40.005597+00:00,2026-09-25T14:42:40.005597+05:30,NIFTY,29-Sep-2026,25050.0,CE,23126.05,0.55,6695,0.6,68770,0.55,0.575,1574,351,4608,-50,26.94,0.002656831718498862,1.2520613370644795e-05,-0.674513518638731,0.19931845315400432,0.0856996941947651,-0.0029037555295643247,5.806580730500707,5.3956483551852886e-08,0.0003182690231630165,-1.0791431398932575e-05,-0.22150224804793983,119.101313556812,-0.002432181351238129,1.0671195223329e-05,0.011048959741343227,23190,0.249929727231009,0.0123,index_dividend_yield,0.065,12.26,65,23035,23162.7,23020.95,23063.1,mid_price,ok
2026-09-25T09:12:40.005597+00:00,2026-09-25T14:42:40.005597+05:30,NIFTY,29-Sep-2026,25050.0,PE,23126.05,1842.55,65,1881.55,780,1956,1862.05,51,-1,3,0.8663366336633663,58.16,,,,,,,,,,,,,,,0.011048959741343227,,,,,,12.26,65,23035,23162.7,23020.95,23063.1,mid_price,no_price_available
2026-09-25T09:12:40.005597+00:00,2026-09-25T14:42:40.005597+05:30,NIFTY,29-Sep-2026,25100.0,CE,23126.05,0.5,417040,0.55,205985,0.5,0.525,11587,-3087,22681,-52.38095238095238,27.31,0.002411011085216545,1.131316610536339e-05,-0.6261361635631231,0.18257031948721533,0.0783071487745618,-0.0026890639609742236,5.365301280138429,4.864252741066819e-08,0.00029103436787764227,-9.999285960874514e-06,-0.2069263424890242,118.45106438961038,-0.002202647168855178,9.6037233554471e-06,0.011048959741343227,23190,0.249929727231009,0.0123,index_dividend_yield,0.065,12.26,65,23035,23162.7,23020.95,23063.1,mid_price,ok
2026-09-25T09:12:40.005597+00:00,2026-09-25T14:42:40.005597+05:30,NIFTY,29-Sep-2026,25100.0,PE,23126.05,1898.15,130,1916.85,130,1899,1907.5,1242,-102,159,-4.690205525860122,0,,,,,,,,,,,,,,,0.011048959741343227,,,,,,12.26,65,23035,23162.7,23020.95,23063.1,mid_price,no_price_available
2026-09-25T09:12:40.005597+00:00,2026-09-25T14:42:40.005597+05:30,NIFTY,29-Sep-2026,25150.0,CE,23126.05,0.55,57655,0.6,11505,0.55,0.575,1284,8,3386,-45,28.17,0.0025634053291461417,1.1592849096097915e-05,-0.6824421216433463,0.19297512965824407,0.07971209867835889,-0.0028223573082614387,5.42333690932792,4.7874119201052585e-08,0.00028464358048817804,-1.0083873693730405e-05,-0.21599517903603957,114.2824396128793,-0.0023364895566777492,9.802054761563157e-06,0.011048959741343227,23190,0.249929727231009,0.0123,index_dividend_yield,0.065,12.26,65,23035,23162.7,23020.95,23063.1,mid_price,ok
2026-09-25T09:12:40.005597+00:00,2026-09-25T14:42:40.005597+05:30,NIFTY,29-Sep-2026,25150.0,PE,23126.05,1927.2,845,1987.55,780,0.0,1957.375,25,0,0,0,0,,,,,,,,,,,,,,,0.011048959741343227,,,,,,12.26,65,23035,23162.7,23020.95,23063.1,mid_price,no_price_available
2026-09-25T09:12:40.005597+00:00,2026-09-25T14:42:40.005597+05:30,NIFTY,29-Sep-2026,25200.0,CE,23126.05,0.5,144040,0.55,161915,0.55,0.525,9994,357,19361,-45,28.78,0.0025185614019723954,1.1167546228019103e-05,-0.6859887336889557,0.18992094397965814,0.07695967213749857,-0.0027830734563314944,5.246727331611425,4.518808380843368e-08,0.0002697038343998964,-9.757893869444696e-06,-0.21332903360384375,112.04407740015924,-0.002290656444859888,9.405017281775866e-06,0.011048959741343227,23190,0.249929727231009,0.0123,index_dividend_yield,0.065,12.26,65,23035,23162.7,23020.95,23063.1,mid_price,ok
2026-09-25T09:12:40.005597+00:00,2026-09-25T14:42:40.005597+05:30,NIFTY,29-Sep-2026,25200.0,PE,23126.05,1990.4,65,2010.95,65,2016,2000.6750000000002,1024,-84,104,-3.5106612104242947,0,,,,,,,,,,,,,,,0.011048959741343227,,,,,,12.26,65,23035,23162.7,23020.95,23063.1,mid_price,no_price_available
2026-09-25T09:12:40.005597+00:00,2026-09-25T14:42:40.005597+05:30,NIFTY,29-Sep-2026,25250.0,CE,23126.05,0.55,3315,0.6,7605,0.55,0.575,994,73,1397,-42.10526315789474,29.39,0.0024773290157185505,1.0773743358959276e-05,-0.6899615246667812,0.18710721036822198,0.0744018347814074,-0.0027468172093461853,5.081966417178174,4.2730560728434444e-08,0.0002559592888603605,-9.453564222145255e-06,-0.21086346137330192,109.88804646204484,-0.0022482961702464657,9.03746818975925e-06,0.011048959741343227,23190,0.249929727231009,0.0123,index_dividend_yield,0.065,12.26,65,23035,23162.7,23020.95,23063.1,mid_price,ok
2026-09-25T09:12:40.005597+00:00,2026-09-25T14:42:40.005597+05:30,NIFTY,29-Sep-2026,25250.0,PE,23126.05,1995.85,780,2080.5,845,0.0,2038.175,34,0,0,0,0,,,,,,,,,,,,,,,0.011048959741343227,,,,,,12.26,65,23035,23162.7,23020.95,23063.1,mid_price,no_price_available
2026-09-25T09:12:40.005597+00:00,2026-09-25T14:42:40.005597+05:30,NIFTY,29-Sep-2026,25300.0,CE,23126.05,0.55,60970,0.6,77935,0.55,0.575,7855,1175,9673,-45,29.99,0.0024321961532110083,1.0384054405550341e-05,-0.692254887658414,0.1840211465890409,0.07187583694177359,-0.0027070042451266562,4.9197631312608845,4.0410993008430577e-08,0.00024298521362759349,-9.154519132728667e-06,-0.20815053631127273,107.87186253458617,-0.0022025954471368518,8.67618558532178e-06,0.011048959741343227,23190,0.249929727231009,0.0123,index_dividend_yield,0.065,12.26,65,23035,23162.7,23020.95,23063.1,mid_price,ok
2026-09-25T09:12:40.005597+00:00,2026-09-25T14:42:40.005597+05:30,NIFTY,29-Sep-2026,25300.0,PE,23126.05,2084.75,845,2117.85,65,2106.95,2101.3,366,-35,52,-3.8975551906586388,0,,,,,,,,,,,,,,,0.011048959741343227,,,,,,12.26,65,23035,23162.7,23020.95,23063.1,mid_price,no_price_available
2026-09-25T09:12:40.005597+00:00,2026-09-25T14:42:40.005597+05:30,NIFTY,29-Sep-2026,25350.0,CE,23126.05,0.5,5200,0.55,130,0.5,0.525,468,60,722,-52.38095238095238,30.32,0.00220781056104908,9.409135205745159e-06,-0.6409938920841258,0.16857890086284294,0.06584384299920722,-0.0025067120810839463,4.556430589648899,3.6626420850652234e-08,0.00022327705036856226,-8.501836985835353e-06,-0.1944126825367059,107.55600298652367,-0.00199539357680532,7.830629974070017e-06,0.011048959741343227,23190,0.249929727231009,0.0123,index_dividend_yield,0.065,12.26,65,23035,23162.7,23020.95,23063.1,mid_price,ok
2026-09-25T09:12:40.005597+00:00,2026-09-25T14:42:40.005597+05:30,NIFTY,29-Sep-2026,25350.0,PE,23126.05,2072.5,780,2193.3,1755,0.0,2132.9,16,0,0,0,6.15,,,,,,,,,,,,,,,0.011048959741343227,,,,,,12.26,65,23035,23162.7,23020.95,23063.1,mid_price,no_price_available
2026-09-25T09:12:40.005597+00:00,2026-09-25T14:42:40.005597+05:30,NIFTY,29-Sep-2026,25400.0,CE,23126.05,0.5,149955,0.55,29900,0.5,0.525,2811,-516,5934,-47.36842105263158,30.92,0.0021750205850585794,9.102255678243082e-06,-0.6447185430311446,0.16630787999690175,0.06381559021385809,-0.0024769613351703244,4.423461652531727,3.477253504452946e-08,0.00021265957749327038,-8.255286176428498e-06,-0.19235896059696483,105.61508550363796,-0.0019615504148509677,7.5454390926469025e-06,0.011048959741343227,23190,0.249929727231009,0.0123,index_dividend_yield,0.065,12.26,65,23035,23162.7,23020.95,23063.1,mid_price,ok
2026-09-25T09:12:40.005597+00:00,2026-09-25T14:42:40.005597+05:30,NIFTY,29-Sep-2026,25400.0,PE,23126.05,2182.25,780,2219.15,65,2232.25,2200.7,306,-19,23,3.5846867749419955,0,,,,,,,,,,,,,,,0.011048959741343227,,,,,,12.26,65,23035,23162.7,23020.95,23063.1,mid_price,no_price_available
2026-09-25T09:12:40.005597+00:00,2026-09-25T14:42:40.005597+05:30,NIFTY,29-Sep-2026,25450.0,CE,23126.05,0.5,6370,0.55,2860,0.5,0.525,646,64,680,-44.44444444444444,31.51,0.0021385815457949714,8.796040160065174e-06,-0.6468851381718072,0.16377964236639447,0.06179671489212383,-0.0024438004229669972,4.291585362396419,3.300945069432965e-08,0.0002025671238844098,-8.01123043884547e-06,-0.19006572129623134,103.79674288229754,-0.0019245762276274576,7.262975024984868e-06,0.011048959741343227,23190,0.249929727231009,0.0123,index_dividend_yield,0.065,12.26,65,23035,23162.7,23020.95,23063.1,mid_price,ok
2026-09-25T09:12:40.005597+00:00,2026-09-25T14:42:40.005597+05:30,NIFTY,29-Sep-2026,25450.0,PE,23126.05,2198.9,780,2282.2,65,0.0,2240.55,9,0,0,0,0,,,,,,,,,,,,,,,0.011048959741343227,,,,,,12.26,65,23035,23162.7,23020.95,23063.1,mid_price,no_price_available
2026-09-25T09:12:40.005597+00:00,2026-09-25T14:42:40.005597+05:30,NIFTY,29-Sep-2026,25500.0,CE,23126.05,0.55,206570,0.6,213850,0.55,0.575,41664,-2001,23150,-38.888888888888886,32.39,0.0022835567894655753,9.081159871752736e-06,-0.7055117180759851,0.1738107290111145,0.06335901934872318,-0.0025747198595322826,4.3679241771305835,3.2851586926363746e-08,0.00020017210511895914,-8.135313150749202e-06,-0.19909432117330675,100.46615710293543,-0.0020503530330574756,7.4690244496440195e-06,0.011048959741343227,23190,0.249929727231009,0.0123,index_dividend_yield,0.065,12.26,65,23035,23162.7,23020.95,23063.1,mid_price,ok
2026-09-25T09:12:40.005597+00:00,2026-09-25T14:42:40.005597+05:30,NIFTY,29-Sep-2026,25500.0,PE,23126.05,2301.85,195,2303.05,65,2300.95,2302.45,11652,-286,3782,-3.6453098827470685,0,,,,,,,,,,,,,,,0.011048959741343227,,,,,,12.26,65,23035,23162.7,23020.95,23063.1,mid_price,no_price_available
2026-09-25T09:12:40.005597+00:00,2026-09-25T14:42:40.005597+05:30,NIFTY,29-Sep-2026,25550.0,CE,23126.05,0.55,18330,0.6,21970,0.55,0.575,2092,630,2172,-38.888888888888886,32.98,0.0022469622568784763,8.789130018054533e-06,-0.7077785522652087,0.17128559951578956,0.06144491155639473,-0.0025418770628852752,4.243669504293002,3.1261061272969755e-08,0.00019110092770570404,-7.906008950163503e-06,-0.19683564953979993,98.8155254161088,-0.002013209361258105,7.200572055296526e-06,0.011048959741343227,23190,0.249929727231009,0.0123,index_dividend_yield,0.065,12.26,65,23035,23162.7,23020.95,23063.1,mid_price,ok
2026-09-25T09:12:40.005597+00:00,2026-09-25T14:42:40.005597+05:30,NIFTY,29-Sep-2026,25550.0,PE,23126.05,2267.1,780,2396.35,780,0.0,2331.725,6,0,0,0,35.29,,,,,,,,,,,,,,,0.011048959741343227,,,,,,12.26,65,23035,23162.7,23020.95,23063.1,mid_price,no_price_available
2026-09-25T09:12:40.005597+00:00,2026-09-25T14:42:40.005597+05:30,NIFTY,29-Sep-2026,25600.0,CE,23126.05,0.5,3315,0.55,29965,0.5,0.525,3224,1,3456,-37.5,33.28,0.0020446125424849206,7.995554486223198e-06,-0.655518434058059,0.15723753126520135,0.05648560853321925,-0.0023577308150131648,3.942295229019413,2.8487260409881062e-08,0.0001764380182352043,-7.36396235943725e-06,-0.18409301369737857,98.68208854609396,-0.0018283069905430794,6.524865699732265e-06,0.011048959741343227,23190,0.249929727231009,0.0123,index_dividend_yield,0.065,12.26,65,23035,23162.7,23020.95,23063.1,mid_price,ok
2026-09-25T09:12:40.005597+00:00,2026-09-25T14:42:40.005597+05:30,NIFTY,29-Sep-2026,25600.0,PE,23126.05,2391.05,390,2421.4,65,2518,2406.2250000000004,444,-4,35,-1.2568381012137018,72.59,,,,,,,,,,,,,,,0.011048959741343227,,,,,,12.26,65,23035,23162.7,23020.95,23063.1,mid_price,no_price_available
2026-09-25T09:12:40.005597+00:00,2026-09-25T14:42:40.005597+05:30,NIFTY,29-Sep-2026,25650.0,CE,23126.05,0.45,3575,0.5,1170,0.45,0.475,930,47,741,-43.75,33.54,0.0018420736917396413,7.216315639876342e-06,-0.6008064281891831,0.1430220144929101,0.05156117168398949,-0.0021688354979508737,3.6397340796310016,2.5813340718116088e-08,0.00016212771587721184,-6.818016926932299e-06,-0.17087676957384068,98.73969374538058,-0.0016439942299092461,5.866022204195783e-06,0.011048959741343227,23190,0.249929727231009,0.0123,index_dividend_yield,0.065,12.26,65,23035,23162.7,23020.95,23063.1,mid_price,ok
2026-09-25T09:12:40.005597+00:00,2026-09-25T14:42:40.005597+05:30,NIFTY,29-Sep-2026,25650.0,PE,23126.05,2380,780,2502.55,780,0.0,2441.275,8,0,0,0,0,,,,,,,,,,,,,,,0.011048959741343227,,,,,,12.26,65,23035,23162.7,23020.95,23063.1,mid_price,no_price_available
2026-09-25T09:12:40.005597+00:00,2026-09-25T14:42:40.005597+05:30,NIFTY,29-Sep-2026,25700.0,CE,23126.05,0.4,230165,0.45,57525,0.4,0.42500000000000004,4076,-57,5432,-50,33.76,0.001642469092505719,6.458706919436282e-06,-0.5447160205545867,0.12884641146990108,0.046712639026136225,-0.0019776930096071445,3.3380359239354034,2.324692418096298e-08,0.00014819216039330203,-6.271588124875328e-06,-0.1573431832274114,98.985778611365,-0.0014630386093565516,5.229765932171063e-06,0.011048959741343227,23190,0.249929727231009,0.0123,index_dividend_yield,0.065,12.26,65,23035,23162.7,23020.95,23063.1,mid_price,ok
2026-09-25T09:12:40.005597+00:00,2026-09-25T14:42:40.005597+05:30,NIFTY,29-Sep-2026,25700.0,PE,23126.05,2477.35,780,2544.6,390,2497,2510.975,137,-28,31,-4.512428298279159,0,,,,,,,,,,,,,,,0.011048959741343227,,,,,,12.26,65,23035,23162.7,23020.95,23063.1,mid_price,no_price_available
2026-09-25T09:12:40.005597+00:00,2026-09-25T14:42:40.005597+05:30,NIFTY,29-Sep-2026,25750.0,CE,23126.05,0.45,325,0.5,975,0.45,0.475,313,0,477,-43.75,34.69,0.0017883657164587685,6.7918417269337826e-06,-0.6046867610595807,0.13922466076822074,0.04870092997054278,-0.0021179927695996483,3.448783664955643,2.3532941441180698e-08,0.00014866178335104085,-6.463150888630698e-06,-0.167293144454785,95.72002481638042,-0.0015893500621774745,5.478176374484596e-06,0.011048959741343227,23190,0.249929727231009,0.0123,index_dividend_yield,0.065,12.26,65,23035,23162.7,23020.95,23063.1,mid_price,ok
2026-09-25T09:12:40.005597+00:00,2026-09-25T14:42:40.005597+05:30,NIFTY,29-Sep-2026,25750.0,PE,23126.05,2430.65,780,2671.4,780,0.0,2551.025,4,0,0,0,0,,,,,,,,,,,,,,,0.011048959741343227,,,,,,12.26,65,23035,23162.7,23020.95,23063.1,mid_price,no_price_available
2026-09-25T09:12:40.005597+00:00,2026-09-25T14:42:40.005597+05:30,NIFTY,29-Sep-2026,25800.0,CE,23126.05,0.45,37895,0.5,49205,0.45,0.475,5950,159,5351,-40,35.61,0.001933147964420987,7.10156048395903e-06,-0.6661165077081849,0.1494342250367602,0.05051717630312209,-0.0022545737656186424,3.5474508037875023,2.372993000667654e-08,0.00014864039803752055,-6.632035397749183e-06,-0.17689439343442068,92.70003177419467,-0.001714101180258836,5.705809909320541e-06,0.011048959741343227,23190,0.249929727231009,0.0123,index_dividend_yield,0.065,12.26,65,23035,23162.7,23020.95,23063.1,mid_price,ok
2026-09-25T09:12:40.005597+00:00,2026-09-25T14:42:40.005597+05:30,NIFTY,29-Sep-2026,25800.0,PE,23126.05,2590.15,195,2614.1,325,2600,2602.125,272,-29,36,-2.985074626865672,0,,,,,,,,,,,,,,,0.011048959741343227,,,,,,12.26,65,23035,23162.7,23020.95,23063.1,mid_price,no_price_available
2026-09-25T09:12:40.005597+00:00,2026-09-25T14:42:40.005597+05:30,NIFTY,29-Sep-2026,25850.0,CE,23126.05,0.45,1820,0.5,910,0.45,0.475,371,85,561,-43.75,35.84,0.0017418525653738058,6.418161294235275e-06,-0.6097245866262124,0.135926126148148,0.046168497988280134,-0.00207371984809282,3.2786748054886017,2.1557974498897868e-08,0.00013690235060347006,-6.146635161830116e-06,-0.16416315385710542,92.87020327114091,-0.0015415250501663374,5.136797585978341e-06,0.011048959741343227,23190,0.249929727231009,0.0123,index_dividend_yield,0.065,12.26,65,23035,23162.7,23020.95,23063.1,mid_price,ok
2026-09-25T09:12:40.005597+00:00,2026-09-25T14:42:40.005597+05:30,NIFTY,29-Sep-2026,25850.0,PE,23126.05,2593.7,1105,2731,780,2809.85,2662.35,13,13,13,51.08751176233365,86.98,,,,,,,,,,,,,,,0.011048959741343227,,,,,,12.26,65,23035,23162.7,23020.95,23063.1,mid_price,no_price_available
2026-09-25T09:12:40.005597+00:00,2026-09-25T14:42:40.005597+05:30,NIFTY,29-Sep-2026,25900.0,CE,23126.05,0.4,123110,0.45,47905,0.4,0.42500000000000004,3247,-2,7535,-38.46153846153846,36.41,0.001718728567951149,6.241303694770416e-06,-0.6118347384232433,0.13428277453897808,0.04496848293455209,-0.002051618463458566,3.198004536990456,2.0652791276899748e-08,0.0001314955316933061,-5.9965905121598705e-06,-0.16259729916334617,91.5264394900791,-0.0015178814841602484,4.9759809354965285e-06,0.011048959741343227,23190,0.249929727231009,0.0123,index_dividend_yield,0.065,12.26,65,23035,23162.7,23020.95,23063.1,mid_price,ok
2026-09-25T09:12:40.005597+00:00,2026-09-25T14:42:40.005597+05:30,NIFTY,29-Sep-2026,25900.0,PE,23126.05,2661.85,780,2714.65,65,2850.1,2688.25,44,-21,23,2.238404419413854,86.03,,,,,,,,,,,,,,,0.011048959741343227,,,,,,12.26,65,23035,23162.7,23020.95,23063.1,mid_price,no_price_available
2026-09-25T09:12:40.005597+00:00,2026-09-25T14:42:40.005597+05:30,NIFTY,29-Sep-2026,25950.0,CE,23126.05,0.4,35880,0.45,1755,0.4,0.42500000000000004,450,45,668,-46.666666666666664,36.98,0.0016971583363582395,6.074854268702775e-06,-0.6142143063769486,0.13274772364007079,0.04383604107593584,-0.0020309517507789395,3.121655158308381,1.9807166918812706e-08,0.00012642497308675146,-5.854500136992791e-06,-0.16113105467419353,90.21885357523233,-0.00149570447867152,4.824630524232845e-06,0.011048959741343227,23190,0.249929727231009,0.0123,index_dividend_yield,0.065,12.26,65,23035,23162.7,23020.95,23063.1,mid_price,ok
2026-09-25T09:12:40.005597+00:00,2026-09-25T14:42:40.005597+05:30,NIFTY,29-Sep-2026,25950.0,PE,23126.05,2676.25,780,2805.85,780,0.0,2741.05,1,0,0,0,13.83,,,,,,,,,,,,,,,0.011048959741343227,,,,,,12.26,65,23035,23162.7,23020.95,23063.1,mid_price,no_price_available
2026-09-25T09:12:40.005597+00:00,2026-09-25T14:42:40.005597+05:30,NIFTY,29-Sep-2026,26000.0,CE,23126.05,0.45,155675,0.5,156585,0.5,0.475,47067.230769230766,-1559,26364,-28.571428571428573,37.55,0.001677035751400106,5.9180170070695095e-06,-0.6168526332323584,0.1313138280242341,0.0427662050515419,-0.002011629207934854,3.0493225487251,1.9016079079568685e-08,0.00012166377611500201,-5.7198094515773634e-06,-0.15975838191176928,88.94603896144602,-0.0014748916091304092,4.6820110410823595e-06,0.011048959741343227,23190,0.249929727231009,0.0123,index_dividend_yield,0.065,12.26,65,23035,23162.7,23020.95,23063.1,mid_price,ok
2026-09-25T09:12:40.005597+00:00,2026-09-25T14:42:40.005597+05:30,NIFTY,29-Sep-2026,26000.0,PE,23126.05,2806.8,65,2816.65,260,2810.5,2811.7250000000004,19674.53846153846,-2856,6185,-2.769369151199599,0,,,,,,,,,,,,,,,0.011048959741343227,,,,,,12.26,65,23035,23162.7,23020.95,23063.1,mid_price,no_price_available
2026-09-25T09:12:40.005597+00:00,2026-09-25T14:42:40.005597+05:30,NIFTY,29-Sep-2026,26050.0,CE,23126.05,0.45,5655,0.5,3380,0.45,0.475,589,207,736,-35.714285714285715,38.11,0.0016540924632142582,5.758358828209472e-06,-0.6181578339501119,0.12967671031382783,0.04168049497518269,-0.001989521738081305,2.976240371036276,1.82480288525452e-08,0.00011704978876296671,-5.583974114419339e-06,-0.15818571880899251,87.74655422797214,-0.0014516959900074758,4.538226729773164e-06,0.011048959741343227,23190,0.249929727231009,0.0123,index_dividend_yield,0.065,12.26,65,23035,23162.7,23020.95,23063.1,mid_price,ok
2026-09-25T09:12:40.005597+00:00,2026-09-25T14:42:40.005597+05:30,NIFTY,29-Sep-2026,26050.0,PE,23126.05,2715.4,780,2943.45,780,0.0,2829.425,1,0,0,0,0,,,,,,,,,,,,,,,0.011048959741343227,,,,,,12.26,65,23035,23162.7,23020.95,23063.1,mid_price,no_price_available
2026-09-25T09:12:40.005597+00:00,2026-09-25T14:42:40.005597+05:30,NIFTY,29-Sep-2026,26100.0,CE,23126.05,0.4,10595,0.45,1755,0.4,0.42500000000000004,452,27,696,-46.666666666666664,38.28,0.0014794303206555007,5.178239054060823e-06,-0.5607826583662293,0.11713274919889717,0.03791720019583067,-0.001817988554167644,2.7392533843538858,1.6536165349514566e-08,0.0001075687244807781,-5.153903630765301e-06,-0.14590289767933093,88.11340720649586,-0.0012959805194127237,4.065406729330628e-06,0.011048959741343227,23190,0.249929727231009,0.0123,index_dividend_yield,0.065,12.26,65,23035,23162.7,23020.95,23063.1,mid_price,ok
2026-09-25T09:12:40.005597+00:00,2026-09-25T14:42:40.005597+05:30,NIFTY,29-Sep-2026,26100.0,PE,23126.05,2848.6,780,2914.6,325,3000,2881.6,69,-49,51,1.0101010101010102,77.91,,,,,,,,,,,,,,,0.011048959741343227,,,,,,12.26,65,23035,23162.7,23020.95,23063.1,mid_price,no_price_available
2026-09-25T09:12:40.005597+00:00,2026-09-25T14:42:40.005597+05:30,NIFTY,29-Sep-2026,26150.0,CE,23126.05,0.4,7280,0.45,1495,0.45,0.42500000000000004,265,6,468,-30.76923076923077,39.23,0.0016124926833322216,5.4656473301749515e-06,-0.6215583352455004,0.1267022202753824,0.03968220044145356,-0.001949287445135314,2.8411615721785424,1.685373544369052e-08,0.000108627369184816,-5.3326884180353856e-06,-0.1553176242919151,85.43634760109255,-0.0014093351536626187,4.2746556921934205e-06,0.011048959741343227,23190,0.249929727231009,0.0123,index_dividend_yield,0.065,12.26,65,23035,23162.7,23020.95,23063.1,mid_price,ok
2026-09-25T09:12:40.005597+00:00,2026-09-25T14:42:40.005597+05:30,NIFTY,29-Sep-2026,26150.0,PE,23126.05,2816.8,780,3034.6,780,0.0,2925.7,1,0,0,0,19.21,,,,,,,,,,,,,,,0.011048959741343227,,,,,,12.26,65,23035,23162.7,23020.95,23063.1,mid_price,no_price_available
2026-09-25T09:12:40.005597+00:00,2026-09-25T14:42:40.005597+05:30,NIFTY,29-Sep-2026,26200.0,CE,23126.05,0.4,10920,0.45,18070,0.45,0.42500000000000004,2500,-117,3060,-40,39.79,0.0015936514552043705,5.331314883133007e-06,-0.623633139136327,0.12535238021943168,0.03876162033192949,-0.0019310025734585125,2.77867510808745,1.6220014983189014e-08,0.00010477864447809871,-5.216346310282928e-06,-0.1540116278461708,84.32352479362518,-0.0013899922982226088,4.1536956520704075e-06,0.011048959741343227,23190,0.249929727231009,0.0123,index_dividend_yield,0.065,12.26,65,23035,23162.7,23020.95,23063.1,mid_price,ok
2026-09-25T09:12:40.005597+00:00,2026-09-25T14:42:40.005597+05:30,NIFTY,29-Sep-2026,26200.0,PE,23126.05,2980.5,780,3014.85,325,2998.35,2997.675,523,-26,89,-2.682570593962999,0,,,,,,,,,,,,,,,0.011048959741343227,,,,,,12.26,65,23035,23162.7,23020.95,23063.1,mid_price,no_price_available
2026-09-25T09:12:40.005597+00:00,2026-09-25T14:42:40.005597+05:30,NIFTY,29-Sep-2026,26250.0,CE,23126.05,0.4,520,0.45,1950,0.45,0.42500000000000004,499,143,411,-40,39.94,0.0014260163638550834,4.799208506013876e-06,-0.565566819720801,0.11326663304935883,0.035293597629189884,-0.0017649178764234494,2.5593894508790793,1.4721860441824758e-08,9.6426130602219e-05,-4.818106799801979e-06,-0.14207290260831193,84.72666209624995,-0.00124148175696396,3.7248940452833016e-06,0.011048959741343227,23190,0.249929727231009,0.0123,index_dividend_yield,0.065,12.26,65,23035,23162.7,23020.95,23063.1,mid_price,ok
2026-09-25T09:12:40.005597+00:00,2026-09-25T14:42:40.005597+05:30,NIFTY,29-Sep-2026,26250.0,PE,23126.05,2958.7,65,3129.55,65,0.0,3044.125,0,0,0,0,0,,,,,,,,,,,,,,,0.011048959741343227,,,,,,12.26,65,23035,23162.7,23020.95,23063.1,mid_price,no_price_available
2026-09-25T09:12:40.005597+00:00,2026-09-25T14:42:40.005597+05:30,NIFTY,29-Sep-2026,26300.0,CE,23126.05,0.45,6240,0.5,16965,0.45,0.475,1843,151,1946,-35.714285714285715,40.91,0.00155948140237361,5.0839151299509875e-06,-0.6284866637111496,0.12290005666262538,0.03706011083411099,-0.0018977473799460043,2.6627304758458163,1.506333597245635e-08,9.77187714624219e-05,-5.000299009658073e-06,-0.1516322187913889,82.17754070715075,-0.0013545924843185646,3.930879360911259e-06,0.011048959741343227,23190,0.249929727231009,0.0123,index_dividend_yield,0.065,12.26,65,23035,23162.7,23020.95,23063.1,mid_price,ok
2026-09-25T09:12:40.005597+00:00,2026-09-25T14:42:40.005597+05:30,NIFTY,29-Sep-2026,26300.0,PE,23126.05,3109.25,325,3123,260,3105,3116.125,895,-53,461,-12.343849248359094,0,,,,,,,,,,,,,,,0.011048959741343227,,,,,,12.26,65,23035,23162.7,23020.95,23063.1,mid_price,no_price_available
2026-09-25T09:12:40.005597+00:00,2026-09-25T14:42:40.005597+05:30,NIFTY,29-Sep-2026,26350.0,CE,23126.05,0.45,260,0.5,2535,0.45,0.475,414,285,720,-30.76923076923077,41.46,0.0015403860703595217,4.960435573852276e-06,-0.6297464816705185,0.12152718070226162,0.03621274350959036,-0.0018790761251577131,2.6051921286479596,1.4514579430777926e-08,9.437176626435196e-05,-4.893255089898825e-06,-0.15029390740451193,81.17650927635763,-0.001335264169859013,3.820863253811856e-06,0.011048959741343227,23190,0.249929727231009,0.0123,index_dividend_yield,0.065,12.26,65,23035,23162.7,23020.95,23063.1,mid_price,ok
2026-09-25T09:12:40.005597+00:00,2026-09-25T14:42:40.005597+05:30,NIFTY,29-Sep-2026,26350.0,PE,23126.05,3047.1,780,3232.8,780,0.0,3139.95,0,0,0,0,0,,,,,,,,,,,,,,,0.011048959741343227,,,,,,12.26,65,23035,23162.7,23020.95,23063.1,mid_price,no_price_available
2026-09-25T09:12:40.005597+00:00,2026-09-25T14:42:40.005597+05:30,NIFTY,29-Sep-2026,26400.0,CE,23126.05,0.45,65,0.5,13390,0.45,0.475,291,-12,578,-35.714285714285715,42.01,0.001522436571794277,4.84344267994908e-06,-0.6312435144927259,0.12023506919943204,0.03540795305018011,-0.0018614869470228426,2.5504019325227474,1.3997544631524094e-08,9.120766009650448e-05,-4.791267310873152e-06,-0.14903157698831845,80.19795038272359,-0.001317004972066926,3.7166291708558343e-06,0.011048959741343227,23190,0.249929727231009,0.0123,index_dividend_yield,0.065,12.26,65,23035,23162.7,23020.95,23063.1,mid_price,ok
2026-09-25T09:12:40.005597+00:00,2026-09-25T14:42:40.005597+05:30,NIFTY,29-Sep-2026,26400.0,PE,23126.05,3064.65,780,3244.6,975,3242.4,3154.625,42,0,2,2.4454976303317535,55.74,,,,,,,,,,,,,,,0.011048959741343227,,,,,,12.26,65,23035,23162.7,23020.95,23063.1,mid_price,no_price_available
2026-09-25T09:12:40.005597+00:00,2026-09-25T14:42:40.005597+05:30,NIFTY,29-Sep-2026,26450.0,CE,23126.05,0.4,3965,0.45,1560,0.4,0.42500000000000004,193,18,236,-38.46153846153846,42.13,0.001361770587033939,4.362154164416084e-06,-0.5717137095973471,0.10859673817111233,0.03225314631103218,-0.0017005629111017098,2.3499465232531964,1.2721695138516628e-08,8.403833986101769e-05,-4.42690495237687e-06,-0.13740876438225025,80.65141402618997,-0.0011758752178927686,3.334667814939492e-06,0.011048959741343227,23190,0.249929727231009,0.0123,index_dividend_yield,0.065,12.26,65,23035,23162.7,23020.95,23063.1,mid_price,ok
2026-09-25T09:12:40.005597+00:00,2026-09-25T14:42:40.005597+05:30,NIFTY,29-Sep-2026,26450.0,PE,23126.05,3146.3,780,3359.3,780,0.0,3252.8,0,0,0,0,0,,,,,,,,,,,,,,,0.011048959741343227,,,,,,12.26,65,23035,23162.7,23020.95,23063.1,mid_price,no_price_available
2026-09-25T09:12:40.005597+00:00,2026-09-25T14:42:40.005597+05:30,NIFTY,29-Sep-2026,26500.0,CE,23126.05,0.35,493480,0.4,105950,0.35,0.375,9221,-1039,9052,-41.666666666666664,42.2,0.0012032302541310211,3.888845815740041e-06,-0.5113276893023692,0.09697448621836084,0.02910912967974159,-0.0015374746377381028,2.1474306999312716,1.1470943320586733e-08,7.689933503987289e-05,-4.05733962968368e-06,-0.1254868570383214,81.26554635385764,-0.0010371152884446361,2.961637478882501e-06,0.011048959741343227,23190,0.249929727231009,0.0123,index_dividend_yield,0.065,12.26,65,23035,23162.7,23020.95,23063.1,mid_price,ok
2026-09-25T09:12:40.005597+00:00,2026-09-25T14:42:40.005597+05:30,NIFTY,29-Sep-2026,26500.0,PE,23126.05,3304.8,65,3312.95,65,3302.5,3308.875,8770,-854,1440,-2.6213363212832457,0,,,,,,,,,,,,,,,0.011048959741343227,,,,,,12.26,65,23035,23162.7,23020.95,23063.1,mid_price,no_price_available
2026-09-25T09:12:40.005597+00:00,2026-09-25T14:42:40.005597+05:30,NIFTY,29-Sep-2026,26550.0,CE,23126.05,0.4,2665,0.45,2275,0.4,0.42500000000000004,163,27,368,-33.333333333333336,43.22,0.0013337108332216554,4.1720062623743065e-06,-0.5753288994178509,0.10655014030165084,0.030923124809749965,-0.0016722846676926043,2.25780944918566,1.1874983342845567e-08,7.875129310036178e-05,-4.254648005232601e-06,-0.13535227661109916,78.76416859894873,-0.0011469631202249168,3.1653287427073452e-06,0.011048959741343227,23190,0.249929727231009,0.0123,index_dividend_yield,0.065,12.26,65,23035,23162.7,23020.95,23063.1,mid_price,ok
2026-09-25T09:12:40.005597+00:00,2026-09-25T14:42:40.005597+05:30,NIFTY,29-Sep-2026,26550.0,PE,23126.05,3239.1,780,3472.1,780,0.0,3355.6,0,0,0,0,0,,,,,,,,,,,,,,,0.011048959741343227,,,,,,12.26,65,23035,23162.7,23020.95,23063.1,mid_price,no_price_available
2026-09-25T09:12:40.005597+00:00,2026-09-25T14:42:40.005597+05:30,NIFTY,29-Sep-2026,26600.0,CE,23126.05,0.35,780,0.4,3380,0.35,0.375,637,37,1203,-30,43.27,0.001176952546816303,3.716780006241808e-06,-0.5136933358788361,0.09503379298783289,0.027891426091290555,-0.001510224859633774,2.0621109368538226,1.0706437194674157e-08,7.20586102626464e-05,-3.897392068710848e-06,-0.12348004247194738,79.40847303599712,-0.0010103571704855943,2.8093542360396383e-06,0.011048959741343227,23190,0.249929727231009,0.0123,index_dividend_yield,0.065,12.26,65,23035,23162.7,23020.95,23063.1,mid_price,ok
2026-09-25T09:12:40.005597+00:00,2026-09-25T14:42:40.005597+05:30,NIFTY,29-Sep-2026,26600.0,PE,23126.05,3293.85,780,3486.05,780,0.0,3389.95,0,0,0,0,0,,,,,,,,,,,,,,,0.011048959741343227,,,,,,12.26,65,23035,23162.7,23020.95,23063.1,mid_price,no_price_available
2026-09-25T09:12:40.005597+00:00,2026-09-25T14:42:40.005597+05:30,NIFTY,29-Sep-2026,26650.0,CE,23126.05,0.4,1170,0.45,6045,0.4,0.42500000000000004,143,21,214,-27.272727272727273,44.3,0.0013059865857561169,3.992885347259341e-06,-0.5783734145017208,0.10452372481228554,0.029668454743411926,-0.001644219399932373,2.170807992607687,1.1102439444613341e-08,7.391228875483885e-05,-4.092025906561693e-06,-0.133306951789888,76.98783641996296,-0.0011185745329919735,3.006736251213269e-06,0.011048959741343227,23190,0.249929727231009,0.0123,index_dividend_yield,0.065,12.26,65,23035,23162.7,23020.95,23063.1,mid_price,ok
2026-09-25T09:12:40.005597+00:00,2026-09-25T14:42:40.005597+05:30,NIFTY,29-Sep-2026,26650.0,PE,23126.05,3337.8,780,3573.35,780,0.0,3455.575,0,0,0,0,0,,,,,,,,,,,,,,,0.011048959741343227,,,,,,12.26,65,23035,23162.7,23020.95,23063.1,mid_price,no_price_available
2026-09-25T09:12:40.005597+00:00,2026-09-25T14:42:40.005597+05:30,NIFTY,29-Sep-2026,26700.0,CE,23126.05,0.35,260,0.4,1105,0.35,0.375,222,77,498,-41.666666666666664,44.34,0.0011536997576159593,3.5614084661755653e-06,-0.5167625080822225,0.09331292159827466,0.026787169583534946,-0.001486032797183789,1.984378774491216,1.0022639056147803e-08,6.770344687949697e-05,-3.7515323094134327e-06,-0.1216947103640437,77.62872682824259,-0.0009863979176095205,2.6717891667995905e-06,0.011048959741343227,23190,0.249929727231009,0.0123,index_dividend_yield,0.065,12.26,65,23035,23162.7,23020.95,23063.1,mid_price,ok
2026-09-25T09:12:40.005597+00:00,2026-09-25T14:42:40.005597+05:30,NIFTY,29-Sep-2026,26700.0,PE,23126.05,3388.6,780,3626.35,780,0.0,3507.475,0,0,0,0,0,,,,,,,,,,,,,,,0.011048959741343227,,,,,,12.26,65,23035,23162.7,23020.95,23063.1,mid_price,no_price_available
2026-09-25T09:12:40.005597+00:00,2026-09-25T14:42:40.005597+05:30,NIFTY,29-Sep-2026,26750.0,CE,23126.05,0.35,130,0.4,2015,0.35,0.375,230,5,280,-36.36363636363637,44.87,0.0011417903110165315,3.4860497994686558e-06,-0.5179437774646762,0.0924302160383871,0.026251486743196994,-0.0014735982568952958,1.94668535029828,9.700704906509737e-09,6.565009724790367e-05,-3.6808365272251655e-06,-0.12077568822021427,76.78132152429895,-0.0009742504590076654,2.605487144632005e-06,0.011048959741343227,23190,0.249929727231009,0.0123,index_dividend_yield,0.065,12.26,65,23035,23162.7,23020.95,23063.1,mid_price,ok
2026-09-25T09:12:40.005597+00:00,2026-09-25T14:42:40.005597+05:30,NIFTY,29-Sep-2026,26750.0,PE,23126.05,3379.5,780,3618,845,0.0,3498.75,1,0,0,0,18.46,,,,,,,,,,,,,,,0.011048959741343227,,,,,,12.26,65,23035,23162.7,23020.95,23063.1,mid_price,no_price_available
2026-09-25T09:12:40.005597+00:00,2026-09-25T14:42:40.005597+05:30,NIFTY,29-Sep-2026,26800.0,CE,23126.05,0.35,260,0.4,1495,0.4,0.375,419,240,831,-33.333333333333336,45.91,0.0012674421330278877,3.7487453453806776e-06,-0.5830313310299001,0.1016992017281581,0.02795262145401491,-0.0016050131630428153,2.0514384530012295,1.0076522356052964e-08,6.745207092146425e-05,-3.868806769988146e-06,-0.13044237416614513,74.48712052711367,-0.0010790084629930658,2.791381989539938e-06,0.011048959741343227,23190,0.249929727231009,0.0123,index_dividend_yield,0.065,12.26,65,23035,23162.7,23020.95,23063.1,mid_price,ok
2026-09-25T09:12:40.005597+00:00,2026-09-25T14:42:40.005597+05:30,NIFTY,29-Sep-2026,26800.0,PE,23126.05,3461.7,780,3640.95,845,0.0,3551.325,21,0,0,0,0,,,,,,,,,,,,,,,0.011048959741343227,,,,,,12.26,65,23035,23162.7,23020.95,23063.1,mid_price,no_price_available
2026-09-25T09:12:40.005597+00:00,2026-09-25T14:42:40.005597+05:30,NIFTY,29-Sep-2026,26850.0,CE,23126.05,0.4,130,0.45,4420,0.4,0.42500000000000004,189,19,576,-33.333333333333336,46.44,0.0012542267979215123,3.6706010739095296e-06,-0.5840826550626221,0.10072881158794139,0.027403220607399272,-0.0015915049380680506,2.0132326807373313,9.760506723868821e-09,6.545833265169624e-05,-3.797403653974213e-06,-0.12945339550334062,73.70515680179577,-0.0010656156422549456,2.7230243681205556e-06,0.011048959741343227,23190,0.249929727231009,0.0123,index_dividend_yield,0.065,12.26,65,23035,23162.7,23020.95,23063.1,mid_price,ok
2026-09-25T09:12:40.005597+00:00,2026-09-25T14:42:40.005597+05:30,NIFTY,29-Sep-2026,26850.0,PE,23126.05,3557.15,780,3778.2,780,0.0,3667.675,0,0,0,0,0,,,,,,,,,,,,,,,0.011048959741343227,,,,,,12.26,65,23035,23162.7,23020.95,23063.1,mid_price,no_price_available
2026-09-25T09:12:40.005597+00:00,2026-09-25T14:42:40.005597+05:30,NIFTY,29-Sep-2026,26900.0,CE,23126.05,0.4,520,0.45,1105,0.4,0.42500000000000004,217,0,230,-20,46.97,0.0012417458045135906,3.596129213430962e-06,-0.5853174073470937,0.09981140292887,0.026878557474194556,-0.0015787265876025815,1.9766646218656383,9.460578942679826e-09,6.356077378040831e-05,-3.729028530099502e-06,-0.12851689670004915,72.93820240737466,-0.0010528982583993128,2.6578694702820963e-06,0.011048959741343227,23190,0.249929727231009,0.0123,index_dividend_yield,0.065,12.26,65,23035,23162.7,23020.95,23063.1,mid_price,ok
2026-09-25T09:12:40.005597+00:00,2026-09-25T14:42:40.005597+05:30,NIFTY,29-Sep-2026,26900.0,PE,23126.05,3582.6,780,3740.5,845,0.0,3661.55,1,0,0,0,0,,,,,,,,,,,,,,,0.011048959741343227,,,,,,12.26,65,23035,23162.7,23020.95,23063.1,mid_price,no_price_available
2026-09-25T09:12:40.005597+00:00,2026-09-25T14:42:40.005597+05:30,NIFTY,29-Sep-2026,26950.0,CE,23126.05,0.35,1625,0.4,1040,0.4,0.375,228,3,340,-33.333333333333336,47.5,0.0012299602090287787,3.5251101748134817e-06,-0.5867299253748637,0.09894426265759032,0.02637721005932731,-0.0015666424580939014,1.9416440766033272,9.175688445400818e-09,6.175342363863713e-05,-3.6635162603264184e-06,-0.12763041472280054,72.18584583142697,-0.0010408193374826923,2.5957213941536593e-06,0.011048959741343227,23190,0.249929727231009,0.0123,index_dividend_yield,0.065,12.26,65,23035,23162.7,23020.95,23063.1,mid_price,ok
2026-09-25T09:12:40.005597+00:00,2026-09-25T14:42:40.005597+05:30,NIFTY,29-Sep-2026,26950.0,PE,23126.05,3634.6,780,3873.95,780,0.0,3754.2749999999996,0,0,0,0,0,,,,,,,,,,,,,,,0.011048959741343227,,,,,,12.26,65,23035,23162.7,23020.95,23063.1,mid_price,no_price_available
2026-09-25T09:12:40.005597+00:00,2026-09-25T14:42:40.005597+05:30,NIFTY,29-Sep-2026,27000.0,CE,23126.05,0.35,86125,0.4,95355,0.35,0.375,23793,-1653,11745,-30,47.5,0.0010870697563348743,3.1481162870530614e-06,-0.5239452327910064,0.08836264097739792,0.02384044301979556,-0.001416149941672764,1.7764246284546341,8.29951717569815e-09,5.666081130765598e-05,-3.361363369537028e-06,-0.11651742713637592,72.84286005076727,-0.0009183151163939734,2.3095435633561e-06,0.011048959741343227,23190,0.249929727231009,0.0123,index_dividend_yield,0.065,12.26,65,23035,23162.7,23020.95,23063.1,mid_price,ok
2026-09-25T09:12:40.005597+00:00,2026-09-25T14:42:40.005597+05:30,NIFTY,29-Sep-2026,27000.0,PE,23126.05,3807.05,65,3811.05,65,3811.9,3809.05,17205.46153846154,-2007,2829,-2.1573685493910344,0,,,,,,,,,,,,,,,0.011048959741343227,,,,,,12.26,65,23035,23162.7,23020.95,23063.1,mid_price,no_price_available
2026-09-25T09:12:40.005597+00:00,2026-09-25T14:42:40.005597+05:30,NIFTY,29-Sep-2026,27050.0,CE,23126.05,0.35,3055,0.4,2925,0.35,0.375,366,15,827,-22.22222222222222,48.02,0.0010765148620046057,3.086295862280101e-06,-0.5249221059515279,0.08757578200618632,0.023398257762271918,-0.0014050010994041686,1.7451352988301707,8.053243238384945e-09,5.507332269695407e-05,-3.302653571736924e-06,-0.11568865096437167,72.11538044814374,-0.0009075903289478888,2.255827767942006e-06,0.011048959741343227,23190,0.249929727231009,0.0123,index_dividend_yield,0.065,12.26,65,23035,23162.7,23020.95,23063.1,mid_price,ok
2026-09-25T09:12:40.005597+00:00,2026-09-25T14:42:40.005597+05:30,NIFTY,29-Sep-2026,27050.0,PE,23126.05,3658.3,780,3992.75,780,0.0,3825.525,0,0,0,0,0,,,,,,,,,,,,,,,0.011048959741343227,,,,,,12.26,65,23035,23162.7,23020.95,23063.1,mid_price,no_price_available
2026-09-25T09:12:40.005597+00:00,2026-09-25T14:42:40.005597+05:30,NIFTY,29-Sep-2026,27100.0,CE,23126.05,0.3,69030,0.35,2990,0.3,0.32499999999999996,734,97,1271,-40,48.54,0.001066537238357976,3.027276256191237e-06,-0.5260542546913072,0.08683126704731235,0.02297529365256944,-0.0013944474998608299,1.715142630506275,7.818972539484092e-09,5.355928247621346e-05,-3.24635205179602e-06,-0.11490339869922492,71.40115005941637,-0.0008973931283428171,2.2045319298900177e-06,0.011048959741343227,23190,0.249929727231009,0.0123,index_dividend_yield,0.065,12.26,65,23035,23162.7,23020.95,23063.1,mid_price,wide_quote_low_liquidity
2026-09-25T09:12:40.005597+00:00,2026-09-25T14:42:40.005597+05:30,NIFTY,29-Sep-2026,27100.0,PE,23126.05,3804.4,780,4047.5,780,0.0,3925.95,0,0,0,0,0,,,,,,,,,,,,,,,0.011048959741343227,,,,,,12.26,65,23035,23162.7,23020.95,23063.1,mid_price,no_price_available
2026-09-25T09:12:40.005597+00:00,2026-09-25T14:42:40.005597+05:30,NIFTY,29-Sep-2026,27150.0,CE,23126.05,0.3,19500,0.35,4940,0.35,0.32499999999999996,1193,-73,1441,-12.5,48.45,0.0009258432025359821,2.6635851990654176e-06,-0.4611111410452319,0.07625787271524533,0.020486434303468574,-0.0012413051993353879,1.5502574791212698,6.991475195969734e-09,4.865023562552606e-05,-2.943422278757797e-06,-0.10342579903292931,72.26232761869363,-0.0007777090017432035,1.932546024591298e-06,0.011048959741343227,23190,0.249929727231009,0.0123,index_dividend_yield,0.065,12.26,65,23035,23162.7,23020.95,23063.1,mid_price,wide_quote_low_liquidity
2026-09-25T09:12:40.005597+00:00,2026-09-25T14:42:40.005597+05:30,NIFTY,29-Sep-2026,27150.0,PE,23126.05,3750.35,780,4106.7,780,0.0,3928.5249999999996,0,0,0,0,0,,,,,,,,,,,,,,,0.011048959741343227,,,,,,12.26,65,23035,23162.7,23020.95,23063.1,mid_price,no_price_available
2026-09-25T09:12:40.005597+00:00,2026-09-25T14:42:40.005597+05:30,NIFTY,29-Sep-2026,27200.0,CE,23126.05,0.35,14625,0.4,27820,0.35,0.375,4109,858,5429,-30,49.58,0.0010481989807421804,2.917008955618205e-06,-0.5287666847341509,0.08546112324799918,0.02218286071540372,-0.001375016576079811,1.6587772139790777,7.383493690569028e-09,5.0734357239790164e-05,-3.1404767394710975e-06,-0.11345576047204653,70.01107081169307,-0.0008784728328947631,2.1086421087602424e-06,0.011048959741343227,23190,0.249929727231009,0.0123,index_dividend_yield,0.065,12.26,65,23035,23162.7,23020.95,23063.1,mid_price,ok
2026-09-25T09:12:40.005597+00:00,2026-09-25T14:42:40.005597+05:30,NIFTY,29-Sep-2026,27200.0,PE,23126.05,3903.2,780,4150.65,780,0.0,4026.9249999999997,0,0,0,0,0,,,,,,,,,,,,,,,0.011048959741343227,,,,,,12.26,65,23035,23162.7,23020.95,23063.1,mid_price,no_price_available
2026-09-25T09:12:40.005597+00:00,2026-09-25T14:42:40.005597+05:30,NIFTY,29-Sep-2026,28500.0,CE,23126.05,0.35,13585,0.4,16900,0.35,0.375,6391,-690,2983,0,63.23,0.0009617742195903847,2.113612283675054e-06,-0.6222270327804168,0.0789719419837225,0.016278259920526502,-0.0012850090778932924,1.2273664626318779,4.196248364994483e-09,2.9506405214970965e-05,-2.3253599489034904e-06,-0.10671829953273257,55.441577372175104,-0.0007663459274104171,1.3916772403988292e-06,0.011048959741343227,23190,0.249929727231009,0.0123,index_dividend_yield,0.065,12.26,65,23035,23162.7,23020.95,23063.1,mid_price,ok
2026-09-25T09:12:40.005597+00:00,2026-09-25T14:42:40.005597+05:30,NIFTY,29-Sep-2026,28500.0,PE,23126.05,5308.25,130,5310.4,65,5308.25,5309.325,3986,-1055,1648,-1.8671719739335397,0,,,,,,,,,,,,,,,0.011048959741343227,,,,,,12.26,65,23035,23162.7,23020.95,23063.1,mid_price,no_price_available
2026-09-25T09:12:40.005597+00:00,2026-09-25T14:42:40.005597+05:30,NIFTY,29-Sep-2026,30000.0,CE,23126.05,0.25,5330,0.3,12480,0.3,0.275,4175.538461538462,-114.53846153846153,1066,-14.285714285714286,75.66,0.0006294723516301208,1.1955315340255089e-06,-0.5034354740143645,0.053450489209717296,0.009604102536543842,-0.0009070280027216847,0.7529486665194228,2.053133605399817e-09,1.5261042574983766e-05,-1.4381119473763474e-06,-0.07777027676441635,47.86807677423,-0.0004751032689815117,7.104302525761718e-07,0.011048959741343227,23190,0.249929727231009,0.0123,index_dividend_yield,0.065,12.26,65,23035,23162.7,23020.95,23063.1,mid_price,wide_quote_low_liquidity
2026-09-25T09:12:40.005597+00:00,2026-09-25T14:42:40.005597+05:30,NIFTY,29-Sep-2026,30000.0,PE,23126.05,6792,65,6810.3,65,6795,6801.15,1577,-308,537,-1.5110338080226111,0,,,,,,,,,,,,,,,0.011048959741343227,,,,,,12.26,65,23035,23162.7,23020.95,23063.1,mid_price,no_price_available
2026-09-25T09:12:40.005597+00:00,2026-09-25T14:42:40.005597+05:30,NIFTY,29-Sep-2026,31500.0,CE,23126.05,0.25,130,0.3,10205,0.3,0.275,271,23,155,0,88.62,0.0005479627173664287,8.979338926492728e-07,-0.5184149970645318,0.047021926877398076,0.007329317437911606,-0.0008104901854571856,0.5816450534156803,1.3259261186129394e-09,1.0093849112579724e-05,-1.1134983184719134e-06,-0.07018111482204308,41.38476854209722,-0.0003925716964443795,4.839786205249735e-07,0.011048959741343227,23190,0.249929727231009,0.0123,index_dividend_yield,0.065,12.26,65,23035,23162.7,23020.95,23063.1,mid_price,wide_quote_low_liquidity
2026-09-25T09:12:40.005597+00:00,2026-09-25T14:42:40.005597+05:30,NIFTY,29-Sep-2026,31500.0,PE,23126.05,7934.5,1755,8738.95,1690,0.0,8336.725,0,0,0,0,0,,,,,,,,,,,,,,,0.011048959741343227,,,,,,12.26,65,23035,23162.7,23020.95,23063.1,mid_price,no_price_available
2026-09-25T09:12:40.005597+00:00,2026-09-25T14:42:40.005597+05:30,NIFTY,29-Sep-2026,33000.0,CE,23126.05,0.2,33345,0.25,37245,0.25,0.225,1132,189,646,-16.666666666666668,97.99,0.0003434401633065641,5.265830703776734e-07,-0.3715438410929535,0.030491090840002708,0.004477337383403026,-0.0005478657997525622,0.3694751986987824,7.29671923963585e-10,5.843452192659265e-06,-7.129631668079586e-07,-0.049016984404035006,38.650338153127315,-0.00023445213157755393,2.586079866995854e-07,0.011048959741343227,23190,0.249929727231009,0.0123,index_dividend_yield,0.065,12.26,65,23035,23162.7,23020.95,23063.1,mid_price,wide_quote_low_liquidity
2026-09-25T09:12:40.005597+00:00,2026-09-25T14:42:40.005597+05:30,NIFTY,29-Sep-2026,33000.0,PE,23126.05,9353.6,1755,10258.25,1690,0.0,9805.925,0,0,0,0,0,,,,,,,,,,,,,,,0.011048959741343227,,,,,,12.26,65,23035,23162.7,23020.95,23063.1,mid_price,no_price_available
2026-09-25T09:12:40.005597+00:00,2026-09-25T14:42:40.005597+05:30,NIFTY,29-Sep-2026,34500.0,CE,23126.05,0.2,9880,0.25,9165,0.2,0.225,302,99,418,-63.63636363636363,109.24,0.00031188336386662465,4.3185769937302926e-07,-0.3785630362708079,0.02787704075525556,0.003711942425077449,-0.0005063369092850006,0.3086872812742367,5.388590024365564e-10,4.386690982019544e-06,-5.965654653806165e-07,-0.04558844306627314,34.973916684738874,-0.00020308409933281568,1.940463138684555e-07,0.011048959741343227,23190,0.249929727231009,0.0123,index_dividend_yield,0.065,12.26,65,23035,23162.7,23020.95,23063.1,mid_price,wide_quote_low_liquidity
2026-09-25T09:12:40.005597+00:00,2026-09-25T14:42:40.005597+05:30,NIFTY,29-Sep-2026,34500.0,PE,0,,0,,0,0.0,,0,0,0,0,0,,,,,,,,,,,,,,,0.011048959741343227,,,,,,12.26,65,23035,23162.7,23020.95,23063.1,none,no_price_available
