fetch_ts_utc,fetch_ts_ist,symbol,expiry_date,strike,option_type,underlying_value,bid_price,bid_qty,ask_price,ask_qty,ltp,mid_price,open_interest,change_in_oi,total_traded_volume,pchange_vs_prev_close,nse_iv,delta,gamma,theta,vega,vanna,charm,vomma,speed,zomma,color,veta,omega,dual_delta,dual_gamma,time_to_expiry_years,futures_price,implied_cost_of_carry,dividend_yield_used,dividend_yield_source,risk_free_rate_used,india_vix,lot_size,underlying_day_open,underlying_day_high,underlying_day_low,underlying_prev_close,price_source_for_iv,data_quality_flag
2026-08-24T04:29:37.382481+00:00,2026-08-24T09:59:37.382481+05:30,NIFTY,25-Aug-2026,21200.0,CE,24269.75,3095.4,65,3111.4,65,3150,3103.4,116,0,1,1.6129032258064515,175.98,0.9156885894245393,6.237284606182338e-05,-158.54454999801095,2.177709131548728,-0.11199217569818343,0.07996650155103106,2.171962791116755,-3.7208083058894156e-08,2.6765138773177457e-05,-1.9092149899916698e-05,-2.435442198195189,7.003603049369118,-0.8986026408423928,8.174372887695964e-05,0.003368297105498478,24305,0.43089179765418606,0.0116,index_dividend_yield,0.065,11.24,65,24285.05,24313,24268.6,24252,mid_price,ok
2026-08-24T04:29:37.382481+00:00,2026-08-24T09:59:37.382481+05:30,NIFTY,25-Aug-2026,21200.0,PE,24269.75,0.25,172315,0.3,560170,0.3,0.275,40183,-1853,17691,-25,83.35,-0.002375670604842519,6.312369103920709e-06,-3.529851616267791,0.10438521431785346,-0.024673646246176593,0.008339365444156732,0.9812446702675073,-1.559528485939922e-08,5.176423985771028e-05,-1.7465621150218798e-05,-0.3741833474980827,-68.88785669393957,0.002759146210479895,8.272776074555583e-06,0.003368297105498478,24305,0.43089179765418606,0.0116,index_dividend_yield,0.065,11.24,65,24285.05,24313,24268.6,24252,mid_price,wide_quote_low_liquidity
2026-08-24T04:29:37.382481+00:00,2026-08-24T09:59:37.382481+05:30,NIFTY,25-Aug-2026,21250.0,CE,24269.75,2973.25,65,3218.7,780,0.0,3095.975,1,0,0,0,60.38,0.9998926786906676,3.2492721651262513e-07,-3.107473767690689,0.003892424490779125,-0.0017298116544717246,0.00045879825864907086,0.0929379232559634,-1.5320683744361817e-09,7.219923423869256e-06,-1.7746115118652582e-06,-0.024546744436103603,8.026263215241569,-0.9997024902718059,4.238369609077266e-07,0.003368297105498478,24305,0.43089179765418606,0.0116,index_dividend_yield,0.065,11.24,65,24285.05,24313,24268.6,24252,mid_price,ok
2026-08-24T04:29:37.382481+00:00,2026-08-24T09:59:37.382481+05:30,NIFTY,25-Aug-2026,21250.0,PE,24269.75,0.3,8060,0.35,27560,0.3,0.32499999999999996,2598,177,887,-40,83.25,-0.002734706542911264,7.1773355675473695e-06,-4.003766305609797,0.11854643314583033,-0.027595969613995915,0.009314130708194488,1.0798064838642984,-1.7464534289632638e-08,5.675479483134224e-05,-1.91246287542793e-05,-0.4127476378483045,-68.15431573235581,0.0031691516727637764,9.362158476638436e-06,0.003368297105498478,24305,0.43089179765418606,0.0116,index_dividend_yield,0.065,11.24,65,24285.05,24313,24268.6,24252,mid_price,wide_quote_low_liquidity
2026-08-24T04:29:37.382481+00:00,2026-08-24T09:59:37.382481+05:30,NIFTY,25-Aug-2026,21300.0,CE,24269.75,2984.65,780,3026.65,65,3012,3005.65,55,-2,4,-1.8892508143322475,142.35,0.9477082140318106,5.32730722437043e-05,-89.92986314291285,1.5045485698294794,-0.11561455667763454,0.06674784073890816,2.643635656688015,-4.533244807987744e-08,5.618191381226851e-05,-3.2414271447525026e-05,-2.1370287671182515,7.6187111892492,-0.9381067574352,6.916384705463322e-05,0.003368297105498478,24305,0.43089179765418606,0.0116,index_dividend_yield,0.065,11.24,65,24285.05,24313,24268.6,24252,mid_price,ok
2026-08-24T04:29:37.382481+00:00,2026-08-24T09:59:37.382481+05:30,NIFTY,25-Aug-2026,21300.0,PE,24269.75,0.25,285675,0.3,148655,0.3,0.275,13008,-165,4523,-33.333333333333336,81.9,-0.00277232871653606,7.386169033443698e-06,-3.9875413401311106,0.12001737995127332,-0.02836084035747377,0.009416491427730971,1.1079604141452926,-1.8239680359813303e-08,5.9167983510669605e-05,-1.961331916339629e-05,-0.416761733960561,-69.21197636216827,0.003204500694078872,9.589382474729342e-06,0.003368297105498478,24305,0.43089179765418606,0.0116,index_dividend_yield,0.065,11.24,65,24285.05,24313,24268.6,24252,mid_price,wide_quote_low_liquidity
2026-08-24T04:29:37.382481+00:00,2026-08-24T09:59:37.382481+05:30,NIFTY,25-Aug-2026,21350.0,CE,24269.75,2633.2,780,3115.95,780,0.0,2874.575,0,0,0,0,0,,,,,,,,,,,,,,,0.003368297105498478,,,,,,11.24,65,24285.05,24313,24268.6,24252,mid_price,no_price_available
2026-08-24T04:29:37.382481+00:00,2026-08-24T09:59:37.382481+05:30,NIFTY,25-Aug-2026,21350.0,PE,24269.75,0.3,9750,0.35,3380,0.3,0.32499999999999996,1047,145,712,-45.45454545454545,80.55,-0.0028105718624483376,7.603371665825891e-06,-3.9704157974388057,0.12151020746584633,-0.02915545878800379,0.009520166323601373,1.1371715330226462,-1.9060184898912e-08,6.171782312570364e-05,-2.012009218359482e-05,-0.4208207630955417,-70.30477527947009,0.0032403797431400988,9.82519247219982e-06,0.003368297105498478,24305,0.43089179765418606,0.0116,index_dividend_yield,0.065,11.24,65,24285.05,24313,24268.6,24252,mid_price,wide_quote_low_liquidity
2026-08-24T04:29:37.382481+00:00,2026-08-24T09:59:37.382481+05:30,NIFTY,25-Aug-2026,21400.0,CE,24269.75,2885.75,65,3286.3,780,0.0,3086.025,1,0,0,0,157.04,0.9233545907325043,6.50356338204001e-05,-132.16629303887137,2.026294946293621,-0.1224869651709759,0.07802502703973965,2.4641434928205364,-4.466276075317725e-08,3.7675363159033154e-05,-2.397501731283669e-05,-2.392662764980682,7.589952327195567,-0.9092080388073608,8.364778318896119e-05,0.003368297105498478,24305,0.43089179765418606,0.0116,index_dividend_yield,0.065,11.24,65,24285.05,24313,24268.6,24252,mid_price,ok
2026-08-24T04:29:37.382481+00:00,2026-08-24T09:59:37.382481+05:30,NIFTY,25-Aug-2026,21400.0,PE,24269.75,0.25,169195,0.3,45240,0.3,0.275,9231,-7,8520,-33.333333333333336,78.01,-0.002507285876105125,7.081611272537877e-06,-3.4682353984301506,0.10960323152761588,-0.027538501904415293,0.008709161686594313,1.0884545848532032,-1.858106676933034e-08,6.124850681772637e-05,-1.9336962022077915e-05,-0.3888857163662407,-73.334282794875,0.0028822887737466824,9.108254191688113e-06,0.003368297105498478,24305,0.43089179765418606,0.0116,index_dividend_yield,0.065,11.24,65,24285.05,24313,24268.6,24252,mid_price,wide_quote_low_liquidity
2026-08-24T04:29:37.382481+00:00,2026-08-24T09:59:37.382481+05:30,NIFTY,25-Aug-2026,21450.0,CE,24269.75,2500.75,780,3006.15,780,0.0,2753.45,0,0,0,0,0,,,,,,,,,,,,,,,0.003368297105498478,,,,,,11.24,65,24285.05,24313,24268.6,24252,mid_price,no_price_available
2026-08-24T04:29:37.382481+00:00,2026-08-24T09:59:37.382481+05:30,NIFTY,25-Aug-2026,21450.0,PE,24269.75,0.3,9750,0.4,6500,0.35,0.35,796,23,99,-41.666666666666664,78.88,-0.00321827115386894,8.772134905344459e-06,-4.392372252060639,0.13728187479338008,-0.03310014396715861,0.010581760669524647,1.2703153711394326,-2.2091298774518627e-08,7.00504868578984e-05,-2.2359715936023482e-05,-0.46201686514100965,-70.97185304305198,0.0036926417760266075,1.123004029140779e-05,0.003368297105498478,24305,0.43089179765418606,0.0116,index_dividend_yield,0.065,11.24,65,24285.05,24313,24268.6,24252,mid_price,wide_quote_low_liquidity
2026-08-24T04:29:37.382481+00:00,2026-08-24T09:59:37.382481+05:30,NIFTY,25-Aug-2026,21500.0,CE,24269.75,2801.05,325,2805.85,325,2812.35,2803.45,4677,-49,81,1.0056207014204392,134.83,0.9440452365014006,5.9342936059819434e-05,-89.8960188222917,1.5874372309396865,-0.12636235454804856,0.06908656199607473,2.829985656337297,-5.212973997843011e-08,6.177984088297564e-05,-3.374975024802184e-05,-2.191735149556758,8.124502960357859,-0.9344959381393683,7.561756971121662e-05,0.003368297105498478,24305,0.43089179765418606,0.0116,index_dividend_yield,0.065,11.24,65,24285.05,24313,24268.6,24252,mid_price,ok
2026-08-24T04:29:37.382481+00:00,2026-08-24T09:59:37.382481+05:30,NIFTY,25-Aug-2026,21500.0,PE,24269.75,0.3,318305,0.35,302120,0.35,0.32499999999999996,22649,-1413,7618,-36.36363636363637,77.52,-0.003264828706894902,9.042107038225926e-06,-4.372558965860778,0.13906710227409447,-0.034068443518556896,0.010702816642219545,1.3051991182743554,-2.3130687477764818e-08,7.3199304418123e-05,-2.296042036466484e-05,-0.4666729820776753,-72.14202803215368,0.0037365078100131278,1.1521879514186802e-05,0.003368297105498478,24305,0.43089179765418606,0.0116,index_dividend_yield,0.065,11.24,65,24285.05,24313,24268.6,24252,mid_price,wide_quote_low_liquidity
2026-08-24T04:29:37.382481+00:00,2026-08-24T09:59:37.382481+05:30,NIFTY,25-Aug-2026,21550.0,CE,24269.75,2501.7,780,3002.9,780,0.0,2752.3,0,0,0,0,0,,,,,,,,,,,,,,,0.003368297105498478,24305,0.43089179765418606,0.0116,index_dividend_yield,0.065,11.24,65,24285.05,24313,24268.6,24252,mid_price,no_nse_iv
2026-08-24T04:29:37.382481+00:00,2026-08-24T09:59:37.382481+05:30,NIFTY,25-Aug-2026,21550.0,PE,24269.75,0.35,65,0.45,18655,0.4,0.4,690,42,156,-33.333333333333336,77.05,-0.0036341151736456793,1.0016602024260793e-05,-4.785023808776803,0.15312075418049392,-0.03724126684620153,0.011626976499830329,1.4080645858365186,-2.543748503438508e-08,7.911014052457656e-05,-2.4662007335086943e-05,-0.5019564618042434,-71.89911829748517,0.004149687821519262,1.2704467757293904e-05,0.003368297105498478,24305,0.43089179765418606,0.0116,index_dividend_yield,0.065,11.24,65,24285.05,24313,24268.6,24252,mid_price,wide_quote_low_liquidity
2026-08-24T04:29:37.382481+00:00,2026-08-24T09:59:37.382481+05:30,NIFTY,25-Aug-2026,21600.0,CE,24269.75,2461.05,780,2804.25,780,0.0,2632.65,0,0,0,0,0,,,,,,,,,,,,,,,0.003368297105498478,,,,,,11.24,65,24285.05,24313,24268.6,24252,mid_price,no_price_available
2026-08-24T04:29:37.382481+00:00,2026-08-24T09:59:37.382481+05:30,NIFTY,25-Aug-2026,21600.0,PE,24269.75,0.35,24700,0.4,15210,0.35,0.375,3196,-52,1205,-41.666666666666664,74.8,-0.003360794090006544,9.618212889570036e-06,-4.330027190915981,0.14273713681887545,-0.03613048430958516,0.010950816274080767,1.379315556754565,-2.541096876913701e-08,8.008515008659473e-05,-2.4235466247456416e-05,-0.4761862263561641,-74.60808158945768,0.0038268003249612163,1.214276216295555e-05,0.003368297105498478,24305,0.43089179765418606,0.0116,index_dividend_yield,0.065,11.24,65,24285.05,24313,24268.6,24252,mid_price,ok
2026-08-24T04:29:37.382481+00:00,2026-08-24T09:59:37.382481+05:30,NIFTY,25-Aug-2026,21650.0,CE,24269.75,2410.2,780,2969.55,780,0.0,2689.875,0,0,0,0,0,,,,,,,,,,,,,,,0.003368297105498478,24305,0.43089179765418606,0.0116,index_dividend_yield,0.065,11.24,65,24285.05,24313,24268.6,24252,mid_price,no_nse_iv
2026-08-24T04:29:37.382481+00:00,2026-08-24T09:59:37.382481+05:30,NIFTY,25-Aug-2026,21650.0,PE,24269.75,0.35,12415,0.45,5265,0.35,0.4,760,133,491,-50,75.81,-0.00436750861282689,1.2002158077431663e-05,-5.549933355771225,0.18052062840100394,-0.04358672834650634,0.013385707173270697,1.6098910328063292,-3.025290112562629e-08,9.120369771741598e-05,-2.7970249388398504e-05,-0.5678914068569686,-71.87526645831036,0.004964115299395905,1.508252821908456e-05,0.003368297105498478,24305,0.43089179765418606,0.0116,index_dividend_yield,0.065,11.24,65,24285.05,24313,24268.6,24252,mid_price,wide_quote_low_liquidity
2026-08-24T04:29:37.382481+00:00,2026-08-24T09:59:37.382481+05:30,NIFTY,25-Aug-2026,21700.0,CE,24269.75,2511.2,780,2630.3,780,0.0,2570.75,10,0,0,0,56.19,0.9996845080381523,1.2949597232268276e-06,-3.4211634743376718,0.014436313030674837,-0.006240380221067543,0.001458464635254806,0.30357615589563824,-5.917168552447363e-09,2.492634308209371e-05,-5.679743317838976e-06,-0.07532078938079528,9.42726745271215,-0.9994693484063462,1.6198223935530369e-06,0.003368297105498478,24305,0.43089179765418606,0.0116,index_dividend_yield,0.065,11.24,65,24285.05,24313,24268.6,24252,mid_price,ok
2026-08-24T04:29:37.382481+00:00,2026-08-24T09:59:37.382481+05:30,NIFTY,25-Aug-2026,21700.0,PE,24269.75,0.35,15990,0.4,7085,0.4,0.375,3798,-38,1340,-38.46153846153846,72.94,-0.003801139987768217,1.1016170774572376e-05,-4.715292899955052,0.15941802203081135,-0.04076100133871218,0.012044404460627782,1.5324982421418276,-2.9389090574734018e-08,9.079604696137509e-05,-2.6789205215407385e-05,-0.5177444001138211,-75.6959607367014,0.004307439829420479,1.3779764568578182e-05,0.003368297105498478,24305,0.43089179765418606,0.0116,index_dividend_yield,0.065,11.24,65,24285.05,24313,24268.6,24252,mid_price,ok
2026-08-24T04:29:37.382481+00:00,2026-08-24T09:59:37.382481+05:30,NIFTY,25-Aug-2026,21750.0,CE,24269.75,2173,2470,2741.5,780,0.0,2457.25,0,0,0,0,0,,,,,,,,,,,,,,,0.003368297105498478,,,,,,11.24,65,24285.05,24313,24268.6,24252,mid_price,no_price_available
2026-08-24T04:29:37.382481+00:00,2026-08-24T09:59:37.382481+05:30,NIFTY,25-Aug-2026,21750.0,PE,24269.75,0.35,9425,0.4,130,0.35,0.375,938,45,145,-46.15384615384615,70.74,-0.003520501443260549,1.0603408101872081e-05,-4.268681860074542,0.14881665200951877,-0.03963602778244389,0.01135864731930062,1.5045263457098972,-2.9458990722388756e-08,9.221021466923536e-05,-2.6384020727754365e-05,-0.49175767481783,-78.61858549831533,0.003978320796559898,1.3202542058257848e-05,0.003368297105498478,24305,0.43089179765418606,0.0116,index_dividend_yield,0.065,11.24,65,24285.05,24313,24268.6,24252,mid_price,ok
2026-08-24T04:29:37.382481+00:00,2026-08-24T09:59:37.382481+05:30,NIFTY,25-Aug-2026,21800.0,CE,24269.75,2392.3,780,2529.7,780,0.0,2461.0,1,0,0,0,57.37,,,,,,,,,,,,,,,0.003368297105498478,,,,,,11.24,65,24285.05,24313,24268.6,24252,mid_price,no_price_available
2026-08-24T04:29:37.382481+00:00,2026-08-24T09:59:37.382481+05:30,NIFTY,25-Aug-2026,21800.0,PE,24269.75,0.35,27430,0.4,11050,0.35,0.375,4652,-673,3143,-53.333333333333336,70.21,-0.003923519525464913,1.1774166226524938e-05,-4.668978736234235,0.16400992629424302,-0.043415152490053774,0.012346559027958113,1.6257677479495496,-3.250642037768288e-08,9.994261843485474e-05,-2.8379589839012353e-05,-0.5291171402420134,-78.44985328757136,0.004423699228416824,1.4593107479843374e-05,0.003368297105498478,24305,0.43089179765418606,0.0116,index_dividend_yield,0.065,11.24,65,24285.05,24313,24268.6,24252,mid_price,ok
2026-08-24T04:29:37.382481+00:00,2026-08-24T09:59:37.382481+05:30,NIFTY,25-Aug-2026,21850.0,CE,24269.75,2076.8,780,2597.35,780,0.0,2337.075,0,0,0,0,0,,,,,,,,,,,,,,,0.003368297105498478,,,,,,11.24,65,24285.05,24313,24268.6,24252,mid_price,no_price_available
2026-08-24T04:29:37.382481+00:00,2026-08-24T09:59:37.382481+05:30,NIFTY,25-Aug-2026,21850.0,PE,24269.75,0.4,17030,0.45,4745,0.45,0.42500000000000004,1045,304,1851,-43.75,69.58,-0.004325403918314417,1.2964072792903144e-05,-5.048687574472033,0.17896449648892165,-0.0472062825855519,0.013302377251597754,1.7457737215792746,-3.565932083716122e-08,0.00010783055607076826,-3.034195295915879e-05,-0.5647994159242574,-78.46425998498441,0.004865645801583547,1.5994445328407762e-05,0.003368297105498478,24305,0.43089179765418606,0.0116,index_dividend_yield,0.065,11.24,65,24285.05,24313,24268.6,24252,mid_price,ok
2026-08-24T04:29:37.382481+00:00,2026-08-24T09:59:37.382481+05:30,NIFTY,25-Aug-2026,21900.0,CE,24269.75,2395.9,65,2491.9,780,0.0,2443.9,6,0,0,0,53.6,0.999517536219238,2.105992664114658e-06,-3.6144696423911915,0.022395596864643933,-0.009768766116968752,0.0021591523354186483,0.4573930452217434,-9.705638350161987e-09,3.908186928894174e-05,-8.485328599138794e-06,-0.10877249559661434,10.219573302132078,-0.9992856813808773,2.5864210717725417e-06,0.003368297105498478,24305,0.43089179765418606,0.0116,index_dividend_yield,0.065,11.24,65,24285.05,24313,24268.6,24252,mid_price,ok
2026-08-24T04:29:37.382481+00:00,2026-08-24T09:59:37.382481+05:30,NIFTY,25-Aug-2026,21900.0,PE,24269.75,0.4,75920,0.45,59865,0.4,0.42500000000000004,3857,-29,1134,-46.666666666666664,67.48,-0.00405254589567117,1.261065701599253e-05,-4.61875084403003,0.1688316191082734,-0.04633371988593598,0.01266204264914103,1.7279316182039206,-3.608245693359147e-08,0.00011037728948917753,-3.011859162382502e-05,-0.5409430512696395,-81.42096498520633,0.004546221375247139,1.548745614874733e-05,0.003368297105498478,24305,0.43089179765418606,0.0116,index_dividend_yield,0.065,11.24,65,24285.05,24313,24268.6,24252,mid_price,ok
2026-08-24T04:29:37.382481+00:00,2026-08-24T09:59:37.382481+05:30,NIFTY,25-Aug-2026,21950.0,CE,24269.75,2125.95,780,2488.8,780,0.0,2307.375,0,0,0,0,0,,,,,,,,,,,,,,,0.003368297105498478,,,,,,11.24,65,24285.05,24313,24268.6,24252,mid_price,no_price_available
2026-08-24T04:29:37.382481+00:00,2026-08-24T09:59:37.382481+05:30,NIFTY,25-Aug-2026,21950.0,PE,24269.75,0.45,7345,0.5,8515,0.45,0.475,1398,140,700,-47.05882352941177,66.82,-0.004466319834012432,1.3891830377880483e-05,-4.9886289192793205,0.1841649335734154,-0.05040196249975204,0.013637131393813147,1.856193991972066,-3.963076644449831e-08,0.00011922518121462144,-3.221160121482799e-05,-0.5771928050900961,-81.50117642790347,0.004998927771232931,1.6983258819324594e-05,0.003368297105498478,24305,0.43089179765418606,0.0116,index_dividend_yield,0.065,11.24,65,24285.05,24313,24268.6,24252,mid_price,ok
2026-08-24T04:29:37.382481+00:00,2026-08-24T09:59:37.382481+05:30,NIFTY,25-Aug-2026,22000.0,CE,24269.75,2301.05,65,2306.9,65,2308.3,2303.9750000000004,6468,-156,184,0.9423854815786596,111.89,0.939065207498821,7.646553565298979e-05,-80.16432688110756,1.6974539710566656,-0.15965551164942582,0.07239001287111092,3.4795483710212682,-7.820613727615785e-08,8.840408068981712e-05,-4.002862639890252e-05,-2.266906693423947,9.840161779490199,-0.9306713535886806,9.305741386619407e-05,0.003368297105498478,24305,0.43089179765418606,0.0116,index_dividend_yield,0.065,11.24,65,24285.05,24313,24268.6,24252,mid_price,ok
2026-08-24T04:29:37.382481+00:00,2026-08-24T09:59:37.382481+05:30,NIFTY,25-Aug-2026,22000.0,PE,24269.75,0.45,806455,0.5,494975,0.45,0.475,58855,-1058,17738,-43.75,66.09,-0.004886553252951973,1.5218509216589006e-05,-5.3459288741564635,0.19954868081686047,-0.05456279991581953,0.014599637668738173,1.9857068143098455,-4.336781180351725e-08,0.000128411951499991,-3.431129655631586e-05,-0.6125444076164601,-81.72056851922328,0.005456666220586424,1.8520698226995795e-05,0.003368297105498478,24305,0.43089179765418606,0.0116,index_dividend_yield,0.065,11.24,65,24285.05,24313,24268.6,24252,mid_price,ok
2026-08-24T04:29:37.382481+00:00,2026-08-24T09:59:37.382481+05:30,NIFTY,25-Aug-2026,22050.0,CE,24269.75,2076.4,780,2331.6,780,0.0,2204.0,0,0,0,0,0,,,,,,,,,,,,,,,0.003368297105498478,,,,,,11.24,65,24285.05,24313,24268.6,24252,mid_price,no_price_available
2026-08-24T04:29:37.382481+00:00,2026-08-24T09:59:37.382481+05:30,NIFTY,25-Aug-2026,22050.0,PE,24269.75,0.5,42445,0.55,20085,0.55,0.525,1804,-222,1355,-38.888888888888886,65.29,-0.0053088307961736,1.658470414509388e-05,-5.685255179210637,0.21483023063893839,-0.05880095265717051,0.015541163668399752,2.1161602098648533,-4.729945802793057e-08,0.00013796376691843979,-3.641373013825776e-05,-0.6467328372851956,-82.08365436477277,0.005914451842482473,2.0091906405002884e-05,0.003368297105498478,24305,0.43089179765418606,0.0116,index_dividend_yield,0.065,11.24,65,24285.05,24313,24268.6,24252,mid_price,ok
2026-08-24T04:29:37.382481+00:00,2026-08-24T09:59:37.382481+05:30,NIFTY,25-Aug-2026,22100.0,CE,24269.75,2012.5,780,2299.8,1690,0.0,2156.15,0,0,0,0,0,,,,,,,,,,,,,,,0.003368297105498478,,,,,,11.24,65,24285.05,24313,24268.6,24252,mid_price,no_price_available
2026-08-24T04:29:37.382481+00:00,2026-08-24T09:59:37.382481+05:30,NIFTY,25-Aug-2026,22100.0,PE,24269.75,0.55,133965,0.6,127140,0.6,0.575,6549,-4455,10404,-36.8421052631579,64.43,-0.005734644041387496,1.799849786131858e-05,-6.007990601751542,0.2300728592151372,-0.06314242174722046,0.016466680539522525,2.248415712992807,-5.1458790739375976e-08,0.00014795725846542242,-3.85331315804787e-05,-0.6799791676050535,-82.57461058770365,0.006373930477462623,2.1706125960258068e-05,0.003368297105498478,24305,0.43089179765418606,0.0116,index_dividend_yield,0.065,11.24,65,24285.05,24313,24268.6,24252,mid_price,ok
2026-08-24T04:29:37.382481+00:00,2026-08-24T09:59:37.382481+05:30,NIFTY,25-Aug-2026,22150.0,CE,24269.75,2087.55,780,2179.55,780,0.0,2133.55,2,0,0,0,0,,,,,,,,,,,,,,,0.003368297105498478,24305,0.43089179765418606,0.0116,index_dividend_yield,0.065,11.24,65,24285.05,24313,24268.6,24252,mid_price,no_nse_iv
2026-08-24T04:29:37.382481+00:00,2026-08-24T09:59:37.382481+05:30,NIFTY,25-Aug-2026,22150.0,PE,24269.75,0.5,48685,0.55,36920,0.5,0.525,4831,69,2815,-41.1764705882353,61.94,-0.005153524388950993,1.7025943826548147e-05,-5.252060447124643,0.20922973007582688,-0.0606594440114884,0.015207188864630482,2.1918594362835693,-5.1419462605314666e-08,0.00015087302886653217,-3.776941360051143e-05,-0.6346477574226015,-86.81914625588172,0.00571175548934516,2.0440632988956963e-05,0.003368297105498478,24305,0.43089179765418606,0.0116,index_dividend_yield,0.065,11.24,65,24285.05,24313,24268.6,24252,mid_price,ok
2026-08-24T04:29:37.382481+00:00,2026-08-24T09:59:37.382481+05:30,NIFTY,25-Aug-2026,22200.0,CE,24269.75,2093.2,65,2129.15,65,0.0,2111.175,5,0,0,0,92.83,0.9539485845168656,7.379976220733914e-05,-54.32781070553091,1.3592029563619792,-0.16953415895953894,0.06374076555506929,4.023227800634577,-9.816265604054077e-08,0.00013894688090264264,-5.216797130811914e-05,-2.064307356801563,11.03017906190105,-0.9483385821118103,8.820224088304012e-05,0.003368297105498478,24305,0.43089179765418606,0.0116,index_dividend_yield,0.065,11.24,65,24285.05,24313,24268.6,24252,mid_price,ok
2026-08-24T04:29:37.382481+00:00,2026-08-24T09:59:37.382481+05:30,NIFTY,25-Aug-2026,22200.0,PE,24269.75,0.55,55835,0.6,34970,0.55,0.575,7785,-1942,6500,-42.10526315789474,61.62,-0.005944174263997883,1.9428030772218982e-05,-5.930828484462459,0.23751523626260387,-0.06785666581167948,0.01692075504265334,2.4042166983456874,-5.780079037634714e-08,0.00016512850501632304,-4.1120181044591055e-05,-0.6961634803048937,-86.08083346532268,0.006573852797708763,2.3219530778975363e-05,0.003368297105498478,24305,0.43089179765418606,0.0116,index_dividend_yield,0.065,11.24,65,24285.05,24313,24268.6,24252,mid_price,ok
2026-08-24T04:29:37.382481+00:00,2026-08-24T09:59:37.382481+05:30,NIFTY,25-Aug-2026,22250.0,CE,24269.75,1976.6,780,2080.15,780,0.0,2028.375,1,0,0,0,0,,,,,,,,,,,,,,,0.003368297105498478,24305,0.43089179765418606,0.0116,index_dividend_yield,0.065,11.24,65,24285.05,24313,24268.6,24252,mid_price,no_nse_iv
2026-08-24T04:29:37.382481+00:00,2026-08-24T09:59:37.382481+05:30,NIFTY,25-Aug-2026,22250.0,PE,24269.75,0.55,67275,0.6,42380,0.55,0.575,4162,-247,3230,-42.10526315789474,59.72,-0.005712221444947396,1.9350598138791355e-05,-5.547985883810667,0.22927420197067114,-0.0679978629760619,0.016431737102749533,2.4226273711762945,-5.976101508603352e-08,0.0001720655495811856,-4.15211455750948e-05,-0.6787286449393588,-89.1941105313976,0.006300606020297886,2.302316196465673e-05,0.003368297105498478,24305,0.43089179765418606,0.0116,index_dividend_yield,0.065,11.24,65,24285.05,24313,24268.6,24252,mid_price,ok
2026-08-24T04:29:37.382481+00:00,2026-08-24T09:59:37.382481+05:30,NIFTY,25-Aug-2026,22300.0,CE,24269.75,1963.3,780,2016.7,65,0.0,1990.0,28,0,0,0,58.98,0.9936660704195202,2.1355156036259937e-05,-9.170471262024252,0.2498897915765449,-0.07402385968174885,0.017695357581840702,2.601587833166483,-6.585438022468189e-08,0.0001861193439435627,-4.4350631588974595e-05,-0.7224668358887936,12.20822903682336,-0.9928536323858933,2.529435610309256e-05,0.003368297105498478,24305,0.43089179765418606,0.0116,index_dividend_yield,0.065,11.24,65,24285.05,24313,24268.6,24252,mid_price,ok
2026-08-24T04:29:37.382481+00:00,2026-08-24T09:59:37.382481+05:30,NIFTY,25-Aug-2026,22300.0,PE,24269.75,0.6,84760,0.65,119860,0.6,0.625,9089,-127,5371,-40,59.28,-0.006519260656159887,2.191597520105284e-05,-6.190730267861897,0.2577567177642044,-0.07557801424371273,0.01812590640130282,2.6429517608327346,-6.68922621130402e-08,0.00018774841103270676,-4.4966607758800395e-05,-0.7387325102854871,-88.7038629837776,0.007175090737457965,2.5958624705936013e-05,0.003368297105498478,24305,0.43089179765418606,0.0116,index_dividend_yield,0.065,11.24,65,24285.05,24313,24268.6,24252,mid_price,ok
2026-08-24T04:29:37.382481+00:00,2026-08-24T09:59:37.382481+05:30,NIFTY,25-Aug-2026,22350.0,CE,24269.75,1915.9,780,1979.9,780,0.0,1947.9,2,0,0,0,0,,,,,,,,,,,,,,,0.003368297105498478,24305,0.43089179765418606,0.0116,index_dividend_yield,0.065,11.24,65,24285.05,24313,24268.6,24252,mid_price,no_nse_iv
2026-08-24T04:29:37.382481+00:00,2026-08-24T09:59:37.382481+05:30,NIFTY,25-Aug-2026,22350.0,PE,24269.75,0.6,52780,0.65,39455,0.65,0.625,2876,40,1605,-40.90909090909091,57.87,-0.006648869247790097,2.2844158221324077e-05,-6.14898400555925,0.26228269616689026,-0.07857929235175527,0.018395196058431026,2.740134563869262,-7.123301553319023e-08,0.00019918332860245579,-4.6564336566412717e-05,-0.7481693547175226,-90.7095843138384,0.007299567282582201,2.6937092028353308e-05,0.003368297105498478,24305,0.43089179765418606,0.0116,index_dividend_yield,0.065,11.24,65,24285.05,24313,24268.6,24252,mid_price,ok
2026-08-24T04:29:37.382481+00:00,2026-08-24T09:59:37.382481+05:30,NIFTY,25-Aug-2026,22400.0,CE,24269.75,1899.7,65,1916,65,1944.15,1907.85,31,0,12,14.17706651005726,115.13,0.8917215798103569,0.00011461472294302754,-125.398648487982,2.618001621162497,-0.18874016605641142,0.08802068557646411,3.28568893053216,-9.19725281420102e-08,4.429339837989314e-05,-2.0530927907308558e-05,-2.5960303979781303,11.038296269187649,-0.8786269577618312,0.00013454729710484805,0.003368297105498478,24305,0.43089179765418606,0.0116,index_dividend_yield,0.065,11.24,65,24285.05,24313,24268.6,24252,mid_price,ok
2026-08-24T04:29:37.382481+00:00,2026-08-24T09:59:37.382481+05:30,NIFTY,25-Aug-2026,22400.0,PE,24269.75,0.65,99515,0.7,29705,0.7,0.675,5845,347,6844,-36.36363636363637,56.89,-0.007141095022592675,2.4750460435556356e-05,-6.437734996632439,0.27935742178445644,-0.08426364280819014,0.01938899540697133,2.907959622575201,-7.768174842371695e-08,0.0002141325822925381,-4.9204785792854964e-05,-0.7827682832895493,-91.62812610658469,0.007821610222873768,2.905479739596728e-05,0.003368297105498478,24305,0.43089179765418606,0.0116,index_dividend_yield,0.065,11.24,65,24285.05,24313,24268.6,24252,mid_price,ok
2026-08-24T04:29:37.382481+00:00,2026-08-24T09:59:37.382481+05:30,NIFTY,25-Aug-2026,22450.0,CE,24269.75,1848.55,65,1911.2,65,0.0,1879.875,1,0,0,0,0,,,,,,,,,,,,,,,0.003368297105498478,24305,0.43089179765418606,0.0116,index_dividend_yield,0.065,11.24,65,24285.05,24313,24268.6,24252,mid_price,no_nse_iv
2026-08-24T04:29:37.382481+00:00,2026-08-24T09:59:37.382481+05:30,NIFTY,25-Aug-2026,22450.0,PE,24269.75,0.7,57785,0.75,36205,0.75,0.725,2623,-131,2304,-37.5,55.86,-0.0076355556579089925,2.673886469562393e-05,-6.704663663263976,0.2963363262638085,-0.0901442039881171,0.020363539029182753,3.0801700238985705,-8.461332343615379e-08,0.0002300601395180937,-5.1900228852370324e-05,-0.8163569503457455,-92.7005859694061,0.008343522319440423,3.124934209635681e-05,0.003368297105498478,24305,0.43089179765418606,0.0116,index_dividend_yield,0.065,11.24,65,24285.05,24313,24268.6,24252,mid_price,ok
2026-08-24T04:29:37.382481+00:00,2026-08-24T09:59:37.382481+05:30,NIFTY,25-Aug-2026,22500.0,CE,24269.75,1803.1,195,1806.85,130,1813.85,1804.975,2482,-340,673,1.5422941275261715,91.63,0.9269555557090854,0.00010744103296327316,-75.75474290763063,1.9532096406777335,-0.21195537063178893,0.07862490333835646,4.340141989668811,-1.2533596607484244e-07,0.00012148501552560002,-4.494293949171719e-05,-2.4032350956079775,12.383970537345663,-0.9191270536286982,0.00012500740629161966,0.003368297105498478,24305,0.43089179765418606,0.0116,index_dividend_yield,0.065,11.24,65,24285.05,24313,24268.6,24252,mid_price,ok
2026-08-24T04:29:37.382481+00:00,2026-08-24T09:59:37.382481+05:30,NIFTY,25-Aug-2026,22500.0,PE,24269.75,0.7,523185,0.75,340665,0.75,0.725,72108,-14812,45284,-42.30769230769231,54.43,-0.007795487532928308,2.79466179612059e-05,-6.6525381236042564,0.3017926022951829,-0.09395201965434154,0.020677484374691586,3.2003118624972515,-9.04929404239256e-08,0.0002450107808246331,-5.384943655174484e-05,-0.8271072574852499,-94.95798591209208,0.008497197160231892,3.251582872576574e-05,0.003368297105498478,24305,0.43089179765418606,0.0116,index_dividend_yield,0.065,11.24,65,24285.05,24313,24268.6,24252,mid_price,ok
2026-08-24T04:29:37.382481+00:00,2026-08-24T09:59:37.382481+05:30,NIFTY,25-Aug-2026,22550.0,CE,24269.75,1749.65,195,1799,780,0.0,1774.325,22,0,0,0,0,,,,,,,,,,,,,,,0.003368297105498478,24305,0.43089179765418606,0.0116,index_dividend_yield,0.065,11.24,65,24285.05,24313,24268.6,24252,mid_price,no_nse_iv
2026-08-24T04:29:37.382481+00:00,2026-08-24T09:59:37.382481+05:30,NIFTY,25-Aug-2026,22550.0,PE,24269.75,0.75,84435,0.8,44070,0.8,0.775,4089,60,4210,-36,53.36,-0.00832058988244278,3.0188183521422166e-05,-6.905559916206047,0.31959045495083804,-0.10050168565085837,0.021680684203045468,3.389707395523328,-9.871600833099956e-08,0.0002636131251138247,-5.678986293570352e-05,-0.8612391836404811,-96.22900492240633,0.009048210989139235,3.4968297999784166e-05,0.003368297105498478,24305,0.43089179765418606,0.0116,index_dividend_yield,0.065,11.24,65,24285.05,24313,24268.6,24252,mid_price,ok
2026-08-24T04:29:37.382481+00:00,2026-08-24T09:59:37.382481+05:30,NIFTY,25-Aug-2026,22600.0,CE,24269.75,1686.8,780,1746.95,780,0.0,1716.875,35,0,0,0,0,,,,,,,,,,,,,,,0.003368297105498478,24305,0.43089179765418606,0.0116,index_dividend_yield,0.065,11.24,65,24285.05,24313,24268.6,24252,mid_price,no_nse_iv
2026-08-24T04:29:37.382481+00:00,2026-08-24T09:59:37.382481+05:30,NIFTY,25-Aug-2026,22600.0,PE,24269.75,0.8,89830,0.85,71760,0.8,0.825,4789,-497,5889,-38.46153846153846,52.26,-0.008863463035821256,3.258089228881376e-05,-7.147889560147058,0.33781068095978894,-0.1074288825309742,0.022693549898294654,3.588138241736427,-1.0771156636341887e-07,0.0002837214450627483,-5.9851527364785406e-05,-0.8953660751104189,-97.62485876540673,0.00961581893807597,3.757307170173073e-05,0.003368297105498478,24305,0.43089179765418606,0.0116,index_dividend_yield,0.065,11.24,65,24285.05,24313,24268.6,24252,mid_price,ok
2026-08-24T04:29:37.382481+00:00,2026-08-24T09:59:37.382481+05:30,NIFTY,25-Aug-2026,22650.0,CE,24269.75,1611.25,780,1695.35,780,0.0,1653.3,33,0,0,0,0,,,,,,,,,,,,,,,0.003368297105498478,24305,0.43089179765418606,0.0116,index_dividend_yield,0.065,11.24,65,24285.05,24313,24268.6,24252,mid_price,no_nse_iv
2026-08-24T04:29:37.382481+00:00,2026-08-24T09:59:37.382481+05:30,NIFTY,25-Aug-2026,22650.0,PE,24269.75,0.8,66365,0.85,38155,0.8,0.825,2683,284,4084,-40.74074074074074,50.81,-0.009060227183214689,3.416149146116037e-05,-7.083554097302186,0.34437135213993514,-0.11229007323344027,0.02305848391255391,3.73765022016892,-1.1578688575168157e-07,0.00030353888457150134,-6.2243476707926e-05,-0.9075813152613916,-100.20429649807258,0.009805026934261274,3.922211566964167e-05,0.003368297105498478,24305,0.43089179765418606,0.0116,index_dividend_yield,0.065,11.24,65,24285.05,24313,24268.6,24252,mid_price,ok
2026-08-24T04:29:37.382481+00:00,2026-08-24T09:59:37.382481+05:30,NIFTY,25-Aug-2026,22700.0,CE,24269.75,1579.15,780,1641,780,0.0,1610.075,72,0,0,0,68.73,0.95546829965786,9.702019292653994e-05,-40.088755171606316,1.3229684136159718,-0.22696910286246208,0.06309424079489659,5.437251522837361,-1.745199672250215e-07,0.0002575813648759528,-7.14532881961504e-05,-2.048416019549073,14.568637052358072,-0.9514216506021381,0.00011090242050903748,0.003368297105498478,24305,0.43089179765418606,0.0116,index_dividend_yield,0.065,11.24,65,24285.05,24313,24268.6,24252,mid_price,ok
2026-08-24T04:29:37.382481+00:00,2026-08-24T09:59:37.382481+05:30,NIFTY,25-Aug-2026,22700.0,PE,24269.75,0.8,130325,0.85,60515,0.8,0.825,12541,-2271,16910,-42.857142857142854,49.05,-0.008907501738395798,3.486418756816325e-05,-6.73607947190261,0.3392810149808507,-0.11495907308085081,0.02278502016572003,3.8366790969078246,-1.2281236771867642e-07,0.00032317380055136376,-6.396067787960753e-05,-0.8984305471660803,-104.01969784540131,0.009615027658138741,3.9852763365642674e-05,0.003368297105498478,24305,0.43089179765418606,0.0116,index_dividend_yield,0.065,11.24,65,24285.05,24313,24268.6,24252,mid_price,ok
2026-08-24T04:29:37.382481+00:00,2026-08-24T09:59:37.382481+05:30,NIFTY,25-Aug-2026,22750.0,CE,24269.75,1482.05,780,1597.8,780,0.0,1539.925,7,0,0,0,33.55,0.9995420879138907,3.1914545991490363e-06,-3.56755952208522,0.021243310291975123,-0.014928026027150043,0.0020626583545901105,0.7022827999530918,-2.4826191086462127e-08,9.59908572459718e-05,-1.3016784932191797e-05,-0.10423795028501147,15.919475175766012,-0.9993319845109885,3.6320889354483783e-06,0.003368297105498478,24305,0.43089179765418606,0.0116,index_dividend_yield,0.065,11.24,65,24285.05,24313,24268.6,24252,mid_price,ok
2026-08-24T04:29:37.382481+00:00,2026-08-24T09:59:37.382481+05:30,NIFTY,25-Aug-2026,22750.0,PE,24269.75,0.9,70980,0.95,72215,0.9,0.925,4723,-85,6487,-37.93103448275862,48.22,-0.009873530861809287,3.880668079811244e-05,-7.245159268370934,0.3712570436080231,-0.12589038319765072,0.024524507582104615,4.133552047382638,-1.3673493243977467e-07,0.0003515920072594585,-6.839370854525869e-05,-0.9562382698542667,-104.67025964223036,0.01063373572463356,4.416460004973394e-05,0.003368297105498478,24305,0.43089179765418606,0.0116,index_dividend_yield,0.065,11.24,65,24285.05,24313,24268.6,24252,mid_price,ok
2026-08-24T04:29:37.382481+00:00,2026-08-24T09:59:37.382481+05:30,NIFTY,25-Aug-2026,22800.0,CE,24269.75,1452.2,780,1535.15,780,0.0,1493.6750000000002,72,0,0,0,62.41,0.9597110585472088,9.852455105845116e-05,-34.106858451470025,1.2199432959663226,-0.2375224302897383,0.059931209243777935,5.847373339849082,-2.0014379909725265e-07,0.0003143773269762343,-7.914761797082732e-05,-1.9704404188428124,15.65025079070788,-0.9563012263387707,0.00011163628509135168,0.003368297105498478,24305,0.43089179765418606,0.0116,index_dividend_yield,0.065,11.24,65,24285.05,24313,24268.6,24252,mid_price,ok
2026-08-24T04:29:37.382481+00:00,2026-08-24T09:59:37.382481+05:30,NIFTY,25-Aug-2026,22800.0,PE,24269.75,0.95,115310,1,237380,0.95,0.975,21441,-1457,28418,-34.48275862068966,47.05,-0.01049951993316094,4.1962581234569686e-05,-7.457596648916685,0.39170834176682834,-0.13480192646589828,0.025618194434277146,4.382263643647799,-1.5001199013668089e-07,0.00038027133377173476,-7.216132795758687e-05,-0.9921159273030924,-106.58310784521882,0.011281207941419156,4.754699850489295e-05,0.003368297105498478,24305,0.43089179765418606,0.0116,index_dividend_yield,0.065,11.24,65,24285.05,24313,24268.6,24252,mid_price,ok
2026-08-24T04:29:37.382481+00:00,2026-08-24T09:59:37.382481+05:30,NIFTY,25-Aug-2026,22850.0,CE,24269.75,1439.3,65,1493.5,2535,0.0,1466.4,29,0,0,0,0,,,,,,,,,,,,,,,0.003368297105498478,24305,0.43089179765418606,0.0116,index_dividend_yield,0.065,11.24,65,24285.05,24313,24268.6,24252,mid_price,no_nse_iv
2026-08-24T04:29:37.382481+00:00,2026-08-24T09:59:37.382481+05:30,NIFTY,25-Aug-2026,22850.0,PE,24269.75,0.95,109655,1,94510,0.95,0.975,8348,503,17648,-38.70967741935484,45.85,-0.011145283001817425,4.535722285437033e-05,-7.6536413190639605,0.4125976909316914,-0.144306152094484,0.026719252311819132,4.645253825177193,-1.6474406286073015e-07,0.0004117308833738999,-7.611974468883244e-05,-1.0278830472352636,-108.68210200081657,0.011946699349354009,5.116873168038445e-05,0.003368297105498478,24305,0.43089179765418606,0.0116,index_dividend_yield,0.065,11.24,65,24285.05,24313,24268.6,24252,mid_price,ok
2026-08-24T04:29:37.382481+00:00,2026-08-24T09:59:37.382481+05:30,NIFTY,25-Aug-2026,22900.0,CE,24269.75,1392.8,65,1431.95,780,0.0,1412.375,60,0,0,0,49.99,0.9784284420796076,7.319859652789865e-05,-17.988115376241346,0.7259837311089588,-0.20559265928893344,0.04153032510671763,5.858506634370264,-2.1473414762921594e-07,0.00044426839339415,-8.953869210807244e-05,-1.477632566348855,17.21377141669681,-0.9767128546083996,8.221714560813888e-05,0.003368297105498478,24305,0.43089179765418606,0.0116,index_dividend_yield,0.065,11.24,65,24285.05,24313,24268.6,24252,mid_price,ok
2026-08-24T04:29:37.382481+00:00,2026-08-24T09:59:37.382481+05:30,NIFTY,25-Aug-2026,22900.0,PE,24269.75,1,504920,1.05,346710,1,1.025,32966,2924,29606,-37.5,44.63,-0.01182563327725446,4.9058129237925615e-05,-7.842020012996622,0.4343890482795645,-0.15456570371085843,0.027851062750983483,4.926237660380889,-1.8122618403838927e-07,0.00044642670553961787,-8.031669248061141e-05,-1.0642908977281758,-110.94495986951796,0.012645942273874975,5.51024137912281e-05,0.003368297105498478,24305,0.43089179765418606,0.0116,index_dividend_yield,0.065,11.24,65,24285.05,24313,24268.6,24252,mid_price,ok
2026-08-24T04:29:37.382481+00:00,2026-08-24T09:59:37.382481+05:30,NIFTY,25-Aug-2026,22950.0,CE,24269.75,1319.55,780,1387,780,0.0,1353.275,2,0,0,0,58.16,0.9533543672373626,0.00011901269364738105,-35.629006408142104,1.3732786878644427,-0.27574373943672903,0.06479718902949637,6.51990226871535,-2.488141116314115e-07,0.00036040690450671504,-8.445991277604228e-05,-2.0895105294239333,17.269458648568765,-0.9497982211159504,0.00013309401011829132,0.003368297105498478,24305,0.43089179765418606,0.0116,index_dividend_yield,0.065,11.24,65,24285.05,24313,24268.6,24252,mid_price,ok
2026-08-24T04:29:37.382481+00:00,2026-08-24T09:59:37.382481+05:30,NIFTY,25-Aug-2026,22950.0,PE,24269.75,1,130585,1.05,60905,1,1.025,5903,723,8177,-39.39393939393939,43.15,-0.012148761738624227,5.1940984812221525e-05,-7.759726528050796,0.4446640070748487,-0.16295377157670224,0.028381939360710737,5.169808022525285,-1.9760826778350992e-07,0.00048350898688053466,-8.407864382967633e-05,-1.0812452410247535,-114.43522704802628,0.012959649425524711,5.8086526287979294e-05,0.003368297105498478,24305,0.43089179765418606,0.0116,index_dividend_yield,0.065,11.24,65,24285.05,24313,24268.6,24252,mid_price,ok
2026-08-24T04:29:37.382481+00:00,2026-08-24T09:59:37.382481+05:30,NIFTY,25-Aug-2026,23000.0,CE,24269.75,1305.05,65,1308.85,260,1309,1306.9499999999998,3880,-41,187,1.406050276949297,73.2,0.90150305031314,0.0001682873442986687,-75.7235352188907,2.444013134850089,-0.29579823940928396,0.08750533269155522,5.376250886137912,-2.169701828700073e-07,0.00014029235612239284,-4.11736023214233e-05,-2.583369995666859,16.542567704785558,-0.8937674093334015,0.00018738136160517617,0.003368297105498478,24305,0.43089179765418606,0.0116,index_dividend_yield,0.065,11.24,65,24285.05,24313,24268.6,24252,mid_price,ok
2026-08-24T04:29:37.382481+00:00,2026-08-24T09:59:37.382481+05:30,NIFTY,25-Aug-2026,23000.0,PE,24269.75,1,541125,1.05,523380,1,1.025,167302,-10444,122624,-42.857142857142854,41.44,-0.01210329699569359,5.390880757518531e-05,-7.42635160895942,0.4432211435692976,-0.16931224130438058,0.028313396300789634,5.374972792188292,-2.1386380403150792e-07,0.0005236661291853351,-8.742454006909799e-05,-1.0790597687639378,-119.24547701381807,0.012878580334020897,6.002534419951371e-05,0.003368297105498478,24305,0.43089179765418606,0.0116,index_dividend_yield,0.065,11.24,65,24285.05,24313,24268.6,24252,mid_price,ok
2026-08-24T04:29:37.382481+00:00,2026-08-24T09:59:37.382481+05:30,NIFTY,25-Aug-2026,23050.0,CE,24269.75,1210.05,780,1295.05,2535,0.0,1252.55,6,0,0,0,0,,,,,,,,,,,,,,,0.003368297105498478,24305,0.43089179765418606,0.0116,index_dividend_yield,0.065,11.24,65,24285.05,24313,24268.6,24252,mid_price,no_nse_iv
2026-08-24T04:29:37.382481+00:00,2026-08-24T09:59:37.382481+05:30,NIFTY,25-Aug-2026,23050.0,PE,24269.75,1.05,90025,1.1,74945,1.05,1.0750000000000002,7272,325,16460,-36.36363636363637,40.19,-0.01287049973804961,5.862377000660809e-05,-7.59427001051299,0.4674473989811373,-0.1822203154159931,0.029544504048275428,5.723825941668842,-2.3725934831505468e-07,0.0005719723168226897,-9.257693739730171e-05,-1.1181065842112228,-122.1310209710314,0.013662534637565862,6.49923873125768e-05,0.003368297105498478,24305,0.43089179765418606,0.0116,index_dividend_yield,0.065,11.24,65,24285.05,24313,24268.6,24252,mid_price,ok
2026-08-24T04:29:37.382481+00:00,2026-08-24T09:59:37.382481+05:30,NIFTY,25-Aug-2026,23100.0,CE,24269.75,1201.65,260,1208.9,65,1240,1205.275,65,0,3,3.553384274917533,79.2,0.8646435253412941,0.00019493736445012438,-101.50992245694745,3.063100662692495,-0.28984772955664706,0.09274357310912695,4.497341759513329,-1.9987653848576916e-07,4.008068247230627e-05,-1.2373297092841405e-05,-2.683881304481145,16.764508318818134,-0.8542402408032792,0.00021517991706991935,0.003368297105498478,24305,0.43089179765418606,0.0116,index_dividend_yield,0.065,11.24,65,24285.05,24313,24268.6,24252,mid_price,ok
2026-08-24T04:29:37.382481+00:00,2026-08-24T09:59:37.382481+05:30,NIFTY,25-Aug-2026,23100.0,PE,24269.75,1.05,282425,1.1,311025,1.05,1.0750000000000002,22798,-6014,64032,-38.23529411764706,38.92,-0.013685389067430064,6.383374134968777e-05,-7.752894920322134,0.4929060272081101,-0.19633097592975257,0.0308171256320743,6.10094769117428,-2.638944555370839e-07,0.000626089263633991,-9.809678552518593e-05,-1.1580467548993811,-125.2619665050777,0.014493183641037072,7.046232110829038e-05,0.003368297105498478,24305,0.43089179765418606,0.0116,index_dividend_yield,0.065,11.24,65,24285.05,24313,24268.6,24252,mid_price,ok
2026-08-24T04:29:37.382481+00:00,2026-08-24T09:59:37.382481+05:30,NIFTY,25-Aug-2026,23150.0,CE,24269.75,1128.25,780,1198.5,2535,0.0,1163.375,10,0,0,0,46.94,0.9602578993794034,0.00012954708378993916,-26.239005247260717,1.206456656478549,-0.3151075493311728,0.059687849820015244,7.7855579245517115,-3.4954678613634985e-07,0.0005600168794707162,-0.0001057489748456831,-1.9643031851730344,20.54120080264071,-0.9576958715985612,0.0001423823825377098,0.003368297105498478,24305,0.43089179765418606,0.0116,index_dividend_yield,0.065,11.24,65,24285.05,24313,24268.6,24252,mid_price,ok
2026-08-24T04:29:37.382481+00:00,2026-08-24T09:59:37.382481+05:30,NIFTY,25-Aug-2026,23150.0,PE,24269.75,1.05,238225,1.1,122915,1.1,1.0750000000000002,18422,-1622,29692,-33.333333333333336,37.43,-0.014132183238248828,6.823908708541116e-05,-7.663367614630075,0.5067503213911742,-0.20875306076962447,0.03150211057452414,6.449936552565815,-2.917868483868821e-07,0.0006862378033851513,-0.00010336144157193107,-1.1793699290021662,-129.80131606647703,0.014929889214778582,7.50000966225815e-05,0.003368297105498478,24305,0.43089179765418606,0.0116,index_dividend_yield,0.065,11.24,65,24285.05,24313,24268.6,24252,mid_price,ok
2026-08-24T04:29:37.382481+00:00,2026-08-24T09:59:37.382481+05:30,NIFTY,25-Aug-2026,23200.0,CE,24269.75,1102.75,195,1108.45,65,1110,1105.6,305,8,21,2.0689655172413794,61.74,0.8998650761276431,0.00020194592867228765,-65.1085421944897,2.473675482930501,-0.3541825912425911,0.08826050378060529,6.39060120826529,-3.0459484752520755e-07,0.00019462648749230048,-4.79999330701189e-05,-2.5974993575108463,19.574327674230535,-0.8932663284095513,0.00022099870951212828,0.003368297105498478,24305,0.43089179765418606,0.0116,index_dividend_yield,0.065,11.24,65,24285.05,24313,24268.6,24252,mid_price,ok
2026-08-24T04:29:37.382481+00:00,2026-08-24T09:59:37.382481+05:30,NIFTY,25-Aug-2026,23200.0,PE,24269.75,1.05,603655,1.1,566215,1.05,1.0750000000000002,57042,-3052,86792,-43.24324324324324,35.93,-0.014598279608230633,7.310224658207567e-05,-7.562399540844757,0.5211094377435914,-0.2224042344234423,0.03220553504513874,6.831701538579038,-3.2389509404138764e-07,0.0007549064852390376,-0.00010909744890552782,-1.2011424922382676,-134.7479617136196,0.015384738128451614,7.999914760991705e-05,0.003368297105498478,24305,0.43089179765418606,0.0116,index_dividend_yield,0.065,11.24,65,24285.05,24313,24268.6,24252,mid_price,ok
2026-08-24T04:29:37.382481+00:00,2026-08-24T09:59:37.382481+05:30,NIFTY,25-Aug-2026,23250.0,CE,24269.75,1003.9,780,1105.6,2535,0.0,1054.75,32,0,0,0,40.53,0.9673916388959216,0.00012756791333480704,-20.15966611531297,1.0257913983136364,-0.3271623442820948,0.05346488398771405,8.498892675819269,-4.1915133527297407e-07,0.0007421804070988471,-0.00012089799702350048,-1.8049872629415267,22.767182014999847,-0.965467378348445,0.0001390036303108239,0.003368297105498478,24305,0.43089179765418606,0.0116,index_dividend_yield,0.065,11.24,65,24285.05,24313,24268.6,24252,mid_price,ok
2026-08-24T04:29:37.382481+00:00,2026-08-24T09:59:37.382481+05:30,NIFTY,25-Aug-2026,23250.0,PE,24269.75,1.05,191880,1.1,102115,1.1,1.0750000000000002,22441,-2123,33688,-42.10526315789474,34.44,-0.015133405502945927,7.866271023502592e-05,-7.4742030817128615,0.5374932885846894,-0.23783894097749533,0.03299929089026533,7.258106276744336,-3.614193913943072e-07,0.0008338260729776311,-0.0001154467793987807,-1.2255614955316447,-140.0241761632584,0.015909977297311972,8.571436191841777e-05,0.003368297105498478,24305,0.43089179765418606,0.0116,index_dividend_yield,0.065,11.24,65,24285.05,24313,24268.6,24252,mid_price,ok
2026-08-24T04:29:37.382481+00:00,2026-08-24T09:59:37.382481+05:30,NIFTY,25-Aug-2026,23300.0,CE,24269.75,1003.9,130,1010.3,65,1008.1,1007.0999999999999,384,-30,49,1.8077156130074732,54.57,0.9047063368949719,0.00022032370494550464,-55.97185021750017,2.385372331032972,-0.39641642722149095,0.08723564133950147,7.309367462779326,-3.824769855003889e-07,0.00027138332680134265,-5.910325344884381e-05,-2.577569946024951,21.768030055540194,-0.8990693432688431,0.00023904517903885808,0.003368297105498478,24305,0.43089179765418606,0.0116,index_dividend_yield,0.065,11.24,65,24285.05,24313,24268.6,24252,mid_price,ok
2026-08-24T04:29:37.382481+00:00,2026-08-24T09:59:37.382481+05:30,NIFTY,25-Aug-2026,23300.0,PE,24269.75,1.15,122525,1.2,445705,1.15,1.1749999999999998,56461,-2816,112536,-42.5,33.29,-0.016604092569102873,8.811656238373383e-05,-7.819938268838737,0.5819857335762006,-0.26191026072341916,0.03511070189811655,7.856103743931919,-4.113964982905301e-07,0.0009247735927458107,-0.0001236924466117423,-1.2897611949106491,-143.30116788101833,0.01741584872788992,9.560405420977438e-05,0.003368297105498478,24305,0.43089179765418606,0.0116,index_dividend_yield,0.065,11.24,65,24285.05,24313,24268.6,24252,mid_price,ok
2026-08-24T04:29:37.382481+00:00,2026-08-24T09:59:37.382481+05:30,NIFTY,25-Aug-2026,23350.0,CE,24269.75,921.35,780,980.5,780,0.0,950.925,38,0,0,0,0,,,,,,,,,,,,,,,0.003368297105498478,24305,0.43089179765418606,0.0116,index_dividend_yield,0.065,11.24,65,24285.05,24313,24268.6,24252,mid_price,no_nse_iv
2026-08-24T04:29:37.382481+00:00,2026-08-24T09:59:37.382481+05:30,NIFTY,25-Aug-2026,23350.0,PE,24269.75,1.15,133965,1.2,142870,1.15,1.1749999999999998,13677,2994,28746,-47.72727272727273,31.77,-0.017245649693355302,9.53744392046948e-05,-7.7056405934655166,0.6011601854245839,-0.2815489659724127,0.03600271704285079,8.384589845270574,-4.6347953470325384e-07,0.0010300183645203082,-0.00013139522293636522,-1.3165607535061987,-149.51431217410664,0.01804483889478356,0.00010303596265333185,0.003368297105498478,24305,0.43089179765418606,0.0116,index_dividend_yield,0.065,11.24,65,24285.05,24313,24268.6,24252,mid_price,ok
2026-08-24T04:29:37.382481+00:00,2026-08-24T09:59:37.382481+05:30,NIFTY,25-Aug-2026,23400.0,CE,24269.75,904.5,65,907.45,65,909,905.975,410,-29,39,2.601726959760709,51.77,0.8916700728915711,0.0002549760866424973,-58.14315489156057,2.618898180064194,-0.4329848285155591,0.09030965524697553,7.535950989840279,-4.398038355235466e-07,0.00024118654724645432,-4.947521322419838e-05,-2.63589086944826,23.717895000021162,-0.8858202045908781,0.00027428265327417275,0.003368297105498478,24305,0.43089179765418606,0.0116,index_dividend_yield,0.065,11.24,65,24285.05,24313,24268.6,24252,mid_price,ok
2026-08-24T04:29:37.382481+00:00,2026-08-24T09:59:37.382481+05:30,NIFTY,25-Aug-2026,23400.0,PE,24269.75,1.2,448565,1.25,776425,1.2,1.225,70456,8194,164053,-48.93617021276596,30.4,-0.01842100323624154,0.00010543889639256704,-7.796490457183809,0.6359389606827611,-0.30740158794870764,0.037593565519795646,9.038574470281224,-5.286264355201887e-07,0.001151762006528443,-0.00014048774480945482,-1.3638911711605997,-155.03819473766484,0.019228922033111127,0.0001134226375566066,0.003368297105498478,24305,0.43089179765418606,0.0116,index_dividend_yield,0.065,11.24,65,24285.05,24313,24268.6,24252,mid_price,ok
2026-08-24T04:29:37.382481+00:00,2026-08-24T09:59:37.382481+05:30,NIFTY,25-Aug-2026,23450.0,CE,24269.75,853.05,130,858.3,65,867.65,855.675,38,1,2,3.5073068893528183,52.62,0.8741266282342526,0.0002790283777451243,-65.28737192583424,2.9129981944938184,-0.4385132494076349,0.09291918156999236,7.080201827489363,-4.399064000161916e-07,0.0001479258364771828,-3.0350913065553177e-05,-2.6840276061985047,24.35886678565781,-0.8675439699365856,0.0002988775438074593,0.003368297105498478,24305,0.43089179765418606,0.0116,index_dividend_yield,0.065,11.24,65,24285.05,24313,24268.6,24252,mid_price,ok
2026-08-24T04:29:37.382481+00:00,2026-08-24T09:59:37.382481+05:30,NIFTY,25-Aug-2026,23450.0,PE,24269.75,1.3,185705,1.35,211510,1.3,1.3250000000000002,19252,1783,75250,-48,29.16,-0.02021051045135437,0.00011893347380982796,-8.087630568295314,0.6880699971859542,-0.3404834799540981,0.039917432202993534,9.828612962634875,-6.09722822512486e-07,0.001291022366153971,-0.00015092378164836115,-1.4319840587743646,-159.8131270582391,0.021047900681576016,0.00012739401209306314,0.003368297105498478,24305,0.43089179765418606,0.0116,index_dividend_yield,0.065,11.24,65,24285.05,24313,24268.6,24252,mid_price,ok
2026-08-24T04:29:37.382481+00:00,2026-08-24T09:59:37.382481+05:30,NIFTY,25-Aug-2026,23500.0,CE,24269.75,804.8,130,807.45,65,808,806.125,5805,-207,629,2.4405705229793977,49.07,0.8753639776586113,0.0002971573990165194,-60.69592723481675,2.8929678274332464,-0.47037950169126486,0.09288200278849824,7.634491733908844,-5.035480407084315e-07,0.00017861816298801216,-3.413033337059273e-05,-2.683130306991062,25.99705574803082,-0.8692622199161354,0.00031694319332311964,0.003368297105498478,24305,0.43089179765418606,0.0116,index_dividend_yield,0.065,11.24,65,24285.05,24313,24268.6,24252,mid_price,ok
2026-08-24T04:29:37.382481+00:00,2026-08-24T09:59:37.382481+05:30,NIFTY,25-Aug-2026,23500.0,PE,24269.75,1.35,942890,1.4,699530,1.4,1.375,133726,-29055,252698,-49.09090909090909,27.87,-0.02211875767067893,0.00013430813900727127,-8.338402032973605,0.7426433521483449,-0.37752858613030943,0.04227448190633895,10.698106928592688,-7.064662722493929e-07,0.001452865026417926,-0.00016217184249838515,-1.4998157632995244,-165.341965365285,0.022981422331245414,0.00014325085159290818,0.003368297105498478,24305,0.43089179765418606,0.0116,index_dividend_yield,0.065,11.24,65,24285.05,24313,24268.6,24252,mid_price,ok
2026-08-24T04:29:37.382481+00:00,2026-08-24T09:59:37.382481+05:30,NIFTY,25-Aug-2026,23550.0,CE,24269.75,754.4,65,759.3,65,768.8,756.8499999999999,204,2,46,3.941053200838234,48.36,0.8627828641889327,0.0003222496335307683,-63.73569975749917,3.091859296107105,-0.4834038751950209,0.09400612384515232,7.442627954116654,-5.255674463627058e-07,0.00010935711719040151,-1.991298405737483e-05,-2.703899608420665,27.126096915633305,-0.8563733163784509,0.00034224823307396455,0.003368297105498478,24305,0.43089179765418606,0.0116,index_dividend_yield,0.065,11.24,65,24285.05,24313,24268.6,24252,mid_price,ok
2026-08-24T04:29:37.382481+00:00,2026-08-24T09:59:37.382481+05:30,NIFTY,25-Aug-2026,23550.0,PE,24269.75,1.45,263380,1.5,245375,1.45,1.475,27885,733,74464,-48.214285714285715,26.54,-0.024197995052229207,0.00015212160181086917,-8.55917714513575,0.8010005345048485,-0.41963207484025516,0.044712994701548756,11.666843179300058,-8.233915979287604e-07,0.001642533580374094,-0.0001743949255120467,-1.5687211170887028,-171.654298339529,0.025082827232609312,0.00016156216800532116,0.003368297105498478,24305,0.43089179765418606,0.0116,index_dividend_yield,0.065,11.24,65,24285.05,24313,24268.6,24252,mid_price,ok
2026-08-24T04:29:37.382481+00:00,2026-08-24T09:59:37.382481+05:30,NIFTY,25-Aug-2026,23600.0,CE,24269.75,705.05,65,708,65,708,706.525,3498,-31,70,2.6979982593559617,45.08,0.8620116916620021,0.00034702175942099043,-59.83532903290386,3.103713407422921,-0.5197808229861489,0.0941395467831,7.977029161960525,-6.033342472857843e-07,0.00012211392245889234,-2.053179188727954e-05,-2.7061288572522333,29.098609200874026,-0.8560104141140576,0.00036699766989996876,0.003368297105498478,24305,0.43089179765418606,0.0116,index_dividend_yield,0.065,11.24,65,24285.05,24313,24268.6,24252,mid_price,ok
2026-08-24T04:29:37.382481+00:00,2026-08-24T09:59:37.382481+05:30,NIFTY,25-Aug-2026,23600.0,PE,24269.75,1.5,424385,1.55,215410,1.55,1.525,74156,-5040,158615,-48.333333333333336,24.95,-0.02545464348035172,0.00016883509023056655,-8.38931858553432,0.8357459136169979,-0.46081115957919033,0.046118393675084565,12.671323828293001,-9.613355389640905e-07,0.001883146385041047,-0.0001877215185683583,-1.6078610065952716,-181.43077437968765,0.026321307921013833,0.0001785538889992182,0.003368297105498478,24305,0.43089179765418606,0.0116,index_dividend_yield,0.065,11.24,65,24285.05,24313,24268.6,24252,mid_price,ok
2026-08-24T04:29:37.382481+00:00,2026-08-24T09:59:37.382481+05:30,NIFTY,25-Aug-2026,23650.0,CE,24269.75,655.45,130,659.45,65,664.8,657.45,553,-3,8,3.883115868427221,41.88,0.8607406782143059,0.00037587865909592737,-56.1323363632903,3.1231679513208004,-0.5609425207530605,0.09428424334106758,8.563305366713791,-6.97372914049501e-07,0.00013310128443695343,-2.0494761518228322e-05,-2.7086311075669545,31.355902293548027,-0.85512642957138,0.0003958366333400673,0.003368297105498478,24305,0.43089179765418606,0.0116,index_dividend_yield,0.065,11.24,65,24285.05,24313,24268.6,24252,mid_price,ok
2026-08-24T04:29:37.382481+00:00,2026-08-24T09:59:37.382481+05:30,NIFTY,25-Aug-2026,23650.0,PE,24269.75,1.65,209625,1.7,237575,1.7,1.6749999999999998,25253,-4683,78389,-46.875,23.76,-0.028991030952734392,0.00019761639143744364,-8.898072654902963,0.931559069671028,-0.5238551513936253,0.04987785572340373,13.988674795317458,-1.1436204222227173e-06,0.0021357932381046154,-0.00020241461374952594,-1.7105394332869777,-187.23323167541446,0.02990963976631039,0.00020810920010078907,0.003368297105498478,24305,0.43089179765418606,0.0116,index_dividend_yield,0.065,11.24,65,24285.05,24313,24268.6,24252,mid_price,ok
2026-08-24T04:29:37.382481+00:00,2026-08-24T09:59:37.382481+05:30,NIFTY,25-Aug-2026,23700.0,CE,24269.75,605.45,65,608.15,65,609.95,606.8,2574,-61,222,3.2850732368131403,39.17,0.8563610728884218,0.00041040944397725956,-53.73917203351096,3.189421481115877,-0.6020853929193382,0.09453653659699472,9.025642059831807,-7.968636390672913e-07,0.00011364776097654819,-1.5584299592205595e-05,-2.7134228563825307,33.79383579186232,-0.850998123744203,0.0004303791854588129,0.003368297105498478,24305,0.43089179765418606,0.0116,index_dividend_yield,0.065,11.24,65,24285.05,24313,24268.6,24252,mid_price,ok
2026-08-24T04:29:37.382481+00:00,2026-08-24T09:59:37.382481+05:30,NIFTY,25-Aug-2026,23700.0,PE,24269.75,1.75,645645,1.8,536965,1.8,1.775,115979,9014,234367,-48.57142857142857,22.31,-0.03179296050408597,0.00022717985464656146,-9.010234868911567,1.0055655474222767,-0.5894486566535174,0.052635679445299274,15.401819995068067,-1.3666335149075352e-06,0.002461365008873362,-0.0002186071507099994,-1.7840350695056069,-196.91071367032515,0.03272260620416014,0.00023823399346740222,0.003368297105498478,24305,0.43089179765418606,0.0116,index_dividend_yield,0.065,11.24,65,24285.05,24313,24268.6,24252,mid_price,ok
2026-08-24T04:29:37.382481+00:00,2026-08-24T09:59:37.382481+05:30,NIFTY,25-Aug-2026,23750.0,CE,24269.75,555.4,130,559.55,325,561,557.4749999999999,679,-16,100,3.8119911176905994,36.87,0.8486460041063077,0.00045157167069215264,-52.44404818747283,3.3032452856897674,-0.6420290376099591,0.09475323591955162,9.32170422146994,-8.993095443272249e-07,4.9570216302221226e-05,-4.548645581307042e-06,-2.718323518753355,36.44196092499759,-0.843420715717022,0.0004715525158145472,0.003368297105498478,24305,0.43089179765418606,0.0116,index_dividend_yield,0.065,11.24,65,24285.05,24313,24268.6,24252,mid_price,ok
2026-08-24T04:29:37.382481+00:00,2026-08-24T09:59:37.382481+05:30,NIFTY,25-Aug-2026,23750.0,PE,24269.75,1.85,198705,1.9,144105,1.9,1.875,34976,-2856,127639,-51.282051282051285,20.74,-0.0344200791583468,0.0002608976785145732,-8.932220757432647,1.0735442850817973,-0.664182751472734,0.05505684608243534,17.021476020859904,-1.6514972547214584e-06,0.002878746132764482,-0.00023712560781997334,-1.847311359467929,-209.4980047070536,0.03534122883184222,0.00027244170672874736,0.003368297105498478,24305,0.43089179765418606,0.0116,index_dividend_yield,0.065,11.24,65,24285.05,24313,24268.6,24252,mid_price,ok
2026-08-24T04:29:37.382481+00:00,2026-08-24T09:59:37.382481+05:30,NIFTY,25-Aug-2026,23800.0,CE,24269.75,506,65,507.7,130,506.1,506.85,9484,109,2243,3.0543677458766036,34.72,0.838626230975885,0.0005002224308972723,-51.54113816797616,3.445750885739629,-0.6826103350802137,0.09470316849711602,9.508787903402371,-1.0113788442352082e-06,-6.032321784584871e-05,1.1811813027619757e-05,-2.7198138558091727,39.44407801515094,-0.833497744306562,0.000520163475299299,0.003368297105498478,24305,0.43089179765418606,0.0116,index_dividend_yield,0.065,11.24,65,24285.05,24313,24268.6,24252,mid_price,ok
2026-08-24T04:29:37.382481+00:00,2026-08-24T09:59:37.382481+05:30,NIFTY,25-Aug-2026,23800.0,PE,24269.75,2,534040,2.05,416390,2,2.025,116532,2420,292045,-54.02298850574713,19.3,-0.038647670421278986,0.0003082407515661665,-9.126315279221272,1.1802890050619137,-0.762113899600847,0.05868773497545031,18.96372624008169,-2.0247568442896224e-06,0.003355491134035619,-0.00025640621699385353,-1.940040273619437,-221.4046921483137,0.039588476741887264,0.0003205285702121024,0.003368297105498478,24305,0.43089179765418606,0.0116,index_dividend_yield,0.065,11.24,65,24285.05,24313,24268.6,24252,mid_price,ok
2026-08-24T04:29:37.382481+00:00,2026-08-24T09:59:37.382481+05:30,NIFTY,25-Aug-2026,23850.0,CE,24269.75,456.2,130,458.1,65,465,457.15,1076,-1,306,5.358558966806389,33.04,0.8234724370084355,0.0005568711746184061,-51.89082830885348,3.6503606503932393,-0.7134931030233771,0.09399614680484432,9.334414920617595,-1.107540502430291e-06,-0.0002614466455349456,3.8801223379398864e-05,-2.7136111939612615,42.636611009747,-0.8183115524850141,0.0005766450611833861,0.003368297105498478,24305,0.43089179765418606,0.0116,index_dividend_yield,0.065,11.24,65,24285.05,24313,24268.6,24252,mid_price,ok
2026-08-24T04:29:37.382481+00:00,2026-08-24T09:59:37.382481+05:30,NIFTY,25-Aug-2026,23850.0,PE,24269.75,2.35,222755,2.4,156455,2.35,2.375,48290,-383,184236,-54.80769230769231,17.99,-0.04518501008755755,0.0003752984701099774,-9.639189083382673,1.3395192369721745,-0.8896427969657811,0.06372380947134942,21.22043360562009,-2.5112924406049815e-06,0.0038593964310501146,-0.0002737000393171945,-2.0644108421774376,-232.00218470356393,0.04617843617449694,0.00038862490845732126,0.003368297105498478,24305,0.43089179765418606,0.0116,index_dividend_yield,0.065,11.24,65,24285.05,24313,24268.6,24252,mid_price,ok
2026-08-24T04:29:37.382481+00:00,2026-08-24T09:59:37.382481+05:30,NIFTY,25-Aug-2026,23900.0,CE,24269.75,407.4,195,408.7,195,409.2,408.04999999999995,4123,-83,2800,4.069175991861648,30.34,0.8134737623402781,0.0006277128723744289,-49.436924504976716,3.778484184444469,-0.7721222940754724,0.09314884055444449,9.689101223304242,-1.2957840755737758e-06,-0.000459280752752552,6.104816677898804e-05,-2.704941051569321,47.22763219457778,-0.8085677744466576,0.0006472854402506355,0.003368297105498478,24305,0.43089179765418606,0.0116,index_dividend_yield,0.065,11.24,65,24285.05,24313,24268.6,24252,mid_price,ok
2026-08-24T04:29:37.382481+00:00,2026-08-24T09:59:37.382481+05:30,NIFTY,25-Aug-2026,23900.0,PE,24269.75,2.8,401375,2.85,344565,2.8,2.825,108345,5616,304687,-56.92307692307692,16.74,-0.054402321404929684,0.00046772096057431294,-10.381473955773568,1.5533999403864482,-1.0500068319101477,0.06979769379888921,23.716622511169128,-3.140061815530215e-06,0.004347136229907486,-0.0002850284976072964,-2.207883077683062,-242.08004298066854,0.055472169375985966,0.00048230485816643485,0.003368297105498478,24305,0.43089179765418606,0.0116,index_dividend_yield,0.065,11.24,65,24285.05,24313,24268.6,24252,mid_price,ok
2026-08-24T04:29:37.382481+00:00,2026-08-24T09:59:37.382481+05:30,NIFTY,25-Aug-2026,23950.0,CE,24269.75,358.5,130,359.45,65,358.45,358.975,2804,-275,2531,3.8684439292958563,28,0.7982007441893897,0.000713587277161202,-47.90944382536683,3.9641139241509906,-0.8232682024252869,0.09132587183270456,9.686575827325239,-1.4860288603353765e-06,-0.0008048125616480408,9.677946607910793e-05,-2.6861653032935955,52.510699428296256,-0.7934536407524958,0.0007327682915126022,0.003368297105498478,24305,0.43089179765418606,0.0116,index_dividend_yield,0.065,11.24,65,24285.05,24313,24268.6,24252,mid_price,ok
2026-08-24T04:29:37.382481+00:00,2026-08-24T09:59:37.382481+05:30,NIFTY,25-Aug-2026,23950.0,PE,24269.75,3.65,9100,3.7,98995,3.65,3.675,51512,-1850,206962,-57.80346820809248,15.57,-0.06783485260386733,0.000597572576894465,-11.446922952329661,1.845951427502029,-1.2482595150185085,0.07690611870036414,26.234677908788196,-3.93114989581415e-06,0.004655062443095401,-0.00028086935047933614,-2.366617771951656,-250.69979349408973,0.0690146919240846,0.0006136351505140709,0.003368297105498478,24305,0.43089179765418606,0.0116,index_dividend_yield,0.065,11.24,65,24285.05,24313,24268.6,24252,mid_price,ok
2026-08-24T04:29:37.382481+00:00,2026-08-24T09:59:37.382481+05:30,NIFTY,25-Aug-2026,24000.0,CE,24269.75,309.75,260,310,390,310,309.875,92056,1975,31640,3.991949010399195,25.52,0.7805577248884351,0.0008224192349792194,-45.93237997164279,4.164040326643982,-0.8796702117613853,0.08849454144406749,9.592645936582045,-1.7246758913914437e-06,-0.0013280346332822835,0.00014394650996131674,-2.6580468201818244,59.27543564677469,-0.7760145451219994,0.0008410104288013471,0.003368297105498478,24305,0.43089179765418606,0.0116,index_dividend_yield,0.065,11.24,65,24285.05,24313,24268.6,24252,mid_price,ok
2026-08-24T04:29:37.382481+00:00,2026-08-24T09:59:37.382481+05:30,NIFTY,25-Aug-2026,24000.0,PE,24269.75,5.05,53625,5.1,93730,5.1,5.074999999999999,289546,16630,479057,-57.142857142857146,14.56,-0.08879527916977373,0.0007839191238726783,-13.092375786544835,2.264506813926785,-1.4792801934749022,0.08481670403623334,28.091827282358484,-4.83904035786476e-06,0.004341150110533586,-0.00023948279969391816,-2.5311542776144345,-255.06158748404238,0.09014534667631051,0.000801640003629531,0.003368297105498478,24305,0.43089179765418606,0.0116,index_dividend_yield,0.065,11.24,65,24285.05,24313,24268.6,24252,mid_price,ok
2026-08-24T04:29:37.382481+00:00,2026-08-24T09:59:37.382481+05:30,NIFTY,25-Aug-2026,24050.0,CE,24269.75,262.35,455,262.95,65,262.85,262.65,9660,848,10442,4.057798891528107,23.03,0.7582114070071002,0.0009621152416484254,-43.81794518866664,4.39604399606294,-0.931411092777723,0.08393965320119362,9.19228242374448,-1.99686489552804e-06,-0.0021658369199851818,0.00021015823943545272,-2.615922445407429,67.98516287636265,-0.7538848421195774,0.0009797776733573033,0.003368297105498478,24305,0.43089179765418606,0.0116,index_dividend_yield,0.065,11.24,65,24285.05,24313,24268.6,24252,mid_price,ok
2026-08-24T04:29:37.382481+00:00,2026-08-24T09:59:37.382481+05:30,NIFTY,25-Aug-2026,24050.0,PE,24269.75,7.05,47515,7.1,37050,7.1,7.074999999999999,69468,17752,288939,-56.57492354740061,13.5,-0.11745476703824063,0.001036170109819648,-14.818240485634448,2.775273738978442,-1.7220957148448777,0.09090099680133491,28.812289369619215,-5.847610108162822e-06,0.0030825998335642837,-0.00014710592122902914,-2.649064530355486,-259.74890947351736,0.11898429390918523,0.0010551920346486467,0.003368297105498478,24305,0.43089179765418606,0.0116,index_dividend_yield,0.065,11.24,65,24285.05,24313,24268.6,24252,mid_price,ok
2026-08-24T04:29:37.382481+00:00,2026-08-24T09:59:37.382481+05:30,NIFTY,25-Aug-2026,24100.0,CE,24269.75,215.75,195,216.2,130,215.6,215.975,49202,6714,65905,3.034647550776583,20.9,0.7255665084664829,0.0011321973242395074,-42.44091517323037,4.694716891302362,-0.9367919130371383,0.075724034203926,7.911216634711504,-2.1814677872083455e-06,-0.0035093328902251067,0.00030659138356563134,-2.5486361725809292,78.58556511459993,-0.7213792321639593,0.001148202913388664,0.003368297105498478,24305,0.43089179765418606,0.0116,index_dividend_yield,0.065,11.24,65,24285.05,24313,24268.6,24252,mid_price,ok
2026-08-24T04:29:37.382481+00:00,2026-08-24T09:59:37.382481+05:30,NIFTY,25-Aug-2026,24100.0,PE,24269.75,10.3,46605,10.35,8580,10.3,10.325,155655,28986,487266,-55.119825708061,12.57,-0.16097850060721278,0.0013796893576006658,-17.015477906575374,3.440785422381532,-1.9105589435754189,0.0928324424787617,26.654358571768455,-6.635854372938536e-06,-0.0002874922304078745,4.1347140767848315e-05,-2.6940821284028145,-259.2211987460626,0.16273774605243438,0.00139919367945203,0.003368297105498478,24305,0.43089179765418606,0.0116,index_dividend_yield,0.065,11.24,65,24285.05,24313,24268.6,24252,mid_price,ok
2026-08-24T04:29:37.382481+00:00,2026-08-24T09:59:37.382481+05:30,NIFTY,25-Aug-2026,24150.0,CE,24269.75,171.3,195,171.75,520,171.25,171.525,33979,15481,84599,1.2115839243498818,18.96,0.6812811111277861,0.001336714577862594,-41.159470102472156,5.0282633455525465,-0.8667847468961098,0.06219894679521151,5.75498846552458,-2.1909956820187843e-06,-0.005520369369989308,0.0004344571365488567,-2.4579802301445706,92.0449078727803,-0.6772209881632583,0.0013500038892923748,0.003368297105498478,24305,0.43089179765418606,0.0116,index_dividend_yield,0.065,11.24,65,24285.05,24313,24268.6,24252,mid_price,ok
2026-08-24T04:29:37.382481+00:00,2026-08-24T09:59:37.382481+05:30,NIFTY,25-Aug-2026,24150.0,PE,24269.75,15.6,8515,15.65,2665,15.65,15.625,119083,26069,433363,-51.54798761609907,11.65,-0.22315626982583903,0.0018191187694445168,-19.125306637601355,4.2046318698098615,-1.934051443550494,0.0852580420811009,20.747292592473432,-6.825467521200866e-06,-0.0066381994200901415,0.0003442197195981362,-2.6244525176702402,-255.8724243375363,0.22513927413310128,0.0018372040333110658,0.003368297105498478,24305,0.43089179765418606,0.0116,index_dividend_yield,0.065,11.24,65,24285.05,24313,24268.6,24252,mid_price,ok
2026-08-24T04:29:37.382481+00:00,2026-08-24T09:59:37.382481+05:30,NIFTY,25-Aug-2026,24200.0,CE,24269.75,130.1,780,130.4,325,130.05,130.25,202566,66454,431159,-1.9969856819894498,17.11,0.6228018219239477,0.0015761983946951691,-39.419079282973726,5.350592641664933,-0.6726840692681257,0.04129586984210283,2.9649522391941296,-1.8616809397237072e-06,-0.008338961580616876,0.0005883295254982036,-2.358353986554898,109.88057367811503,-0.6189125559949872,0.0015852974256089626,0.003368297105498478,24305,0.43089179765418606,0.0116,index_dividend_yield,0.065,11.24,65,24285.05,24313,24268.6,24252,mid_price,ok
2026-08-24T04:29:37.382481+00:00,2026-08-24T09:59:37.382481+05:30,NIFTY,25-Aug-2026,24200.0,PE,24269.75,24.2,2210,24.3,8450,24.3,24.25,338779,107272,889111,-46.59340659340659,10.8,-0.31170053855043395,0.0023246012312601134,-20.76559732776047,4.980961862979084,-1.5872647998365352,0.061537252012944126,10.978341168053962,-5.65581021185343e-06,-0.016401323291602345,0.0007477129132805181,-2.4515649269811144,-247.1005257594203,0.31386399948472393,0.0023380206196674767,0.003368297105498478,24305,0.43089179765418606,0.0116,index_dividend_yield,0.065,11.24,65,24285.05,24313,24268.6,24252,mid_price,ok
2026-08-24T04:29:37.382481+00:00,2026-08-24T09:59:37.382481+05:30,NIFTY,25-Aug-2026,24250.0,CE,24269.75,92.7,520,92.95,2535,92.7,92.825,185510,81358,597464,-6.974410436527847,15.52,0.5456984685661385,0.0018128687772888752,-37.153489565866714,5.582118912176892,-0.27029296729697005,0.010661696829654399,0.43729112803703174,-8.714615834241471e-07,-0.011539309542350166,0.0007328840219541343,-2.2879449788865758,132.77214923030914,-0.5420295188808331,0.0018158229000431285,0.003368297105498478,24305,0.43089179765418606,0.0116,index_dividend_yield,0.065,11.24,65,24285.05,24313,24268.6,24252,mid_price,ok
2026-08-24T04:29:37.382481+00:00,2026-08-24T09:59:37.382481+05:30,NIFTY,25-Aug-2026,24250.0,PE,24269.75,37.05,3510,37.2,9815,37.2,37.125,220096,114630,1064800,-40.85850556438792,9.8,-0.4295003850519782,0.002844769232797302,-20.512009367271354,5.5311331783501085,-0.6889346021857201,0.017374416489493186,1.7236306169192694,-2.5476830968095817e-06,-0.028144554181663145,0.0011364114163215557,-2.2934588801152587,-237.8657895447404,0.43165729659386637,0.0028494048675583423,0.003368297105498478,24305,0.43089179765418606,0.0116,index_dividend_yield,0.065,11.24,65,24285.05,24313,24268.6,24252,mid_price,ok
2026-08-24T04:29:37.382481+00:00,2026-08-24T09:59:37.382481+05:30,NIFTY,25-Aug-2026,24300.0,CE,24269.75,61.35,3315,61.5,390,61.5,61.425,491782,284554,1417633,-15.230875258442454,14.23,0.4502763975162159,0.0019748276044684794,-33.85285355397328,5.575387882756811,0.37046758461886653,-0.028475250067727425,0.6518833639748145,9.700110222781364e-07,-0.013647674022434098,0.0007866525080509044,-2.3181118238439926,161.35381900714705,-0.44692872710846526,0.0019699139129376753,0.003368297105498478,24305,0.43089179765418606,0.0116,index_dividend_yield,0.065,11.24,65,24285.05,24313,24268.6,24252,mid_price,ok
2026-08-24T04:29:37.382481+00:00,2026-08-24T09:59:37.382481+05:30,NIFTY,25-Aug-2026,24300.0,PE,24269.75,55.75,1820,55.9,2210,55.75,55.825,342613,195838,1685272,-34.37316068275456,8.65,-0.5830594630767761,0.0032029480828203883,-17.255607108461998,5.496762898495373,0.969213547310166,-0.045543720702674054,2.864324237770166,3.3398108536733625e-06,-0.035363664682243764,0.0012261086813592631,-2.370485714074022,-225.82668302682043,0.5849123130966107,0.003194978628255064,0.003368297105498478,24305,0.43089179765418606,0.0116,index_dividend_yield,0.065,11.24,65,24285.05,24313,24268.6,24252,mid_price,ok
2026-08-24T04:29:37.382481+00:00,2026-08-24T09:59:37.382481+05:30,NIFTY,25-Aug-2026,24350.0,CE,24269.75,37.45,390,37.5,1430,37.5,37.475,265659,197030,902156,-25.742574257425744,13.26,0.34392536011804625,0.0019703034321008864,-29.166529345555816,5.183434744567092,1.136334013016882,-0.06835110546409633,6.430457707971904,3.41491785222266e-06,-0.012415193148457727,0.0006551244294661346,-2.4951923119527772,195.26828210479542,-0.3410363975655582,0.0019573378223652054,0.003368297105498478,24305,0.43089179765418606,0.0116,index_dividend_yield,0.065,11.24,65,24285.05,24313,24268.6,24252,mid_price,ok
2026-08-24T04:29:37.382481+00:00,2026-08-24T09:59:37.382481+05:30,NIFTY,25-Aug-2026,24350.0,PE,24269.75,82.85,2470,83.05,65,83,82.94999999999999,100693,70246,634610,-26.840017628911415,7.08,-0.775611815554667,0.003002409215277513,-9.373739275660418,4.217393648413244,3.2213535269392524,-0.10352474196212597,34.37912176818081,1.2434668126213988e-05,-0.017929694557205448,0.0004345820064119153,-2.819433135698357,-212.09557002823928,0.7767004868599066,0.0029826518187679864,0.003368297105498478,24305,0.43089179765418606,0.0116,index_dividend_yield,0.065,11.24,65,24285.05,24313,24268.6,24252,mid_price,ok
2026-08-24T04:29:37.382481+00:00,2026-08-24T09:59:37.382481+05:30,NIFTY,25-Aug-2026,24400.0,CE,24269.75,21.75,7410,21.85,4160,21.85,21.8,268952,125600,737804,-35.54572271386431,12.76,0.24359069001270894,0.0017436296772683517,-23.76706342492595,4.414138180426985,1.7245744290262377,-0.09577255059468635,16.877766317737297,5.50996455241872e-06,-0.006997834719924489,0.00033896273965607006,-2.7324401400177996,229.03755140237084,-0.2412325118528394,0.0017250639722021708,0.003368297105498478,24305,0.43089179765418606,0.0116,index_dividend_yield,0.065,11.24,65,24285.05,24313,24268.6,24252,mid_price,ok
2026-08-24T04:29:37.382481+00:00,2026-08-24T09:59:37.382481+05:30,NIFTY,25-Aug-2026,24400.0,PE,24269.75,116.7,195,117,1040,116.65,116.85,111442,63485,479467,-20.293816194055346,0,,,,,,,,,,,,,,,0.003368297105498478,,,,,,11.24,65,24285.05,24313,24268.6,24252,mid_price,no_price_available
2026-08-24T04:29:37.382481+00:00,2026-08-24T09:59:37.382481+05:30,NIFTY,25-Aug-2026,24450.0,CE,24269.75,11.95,16185,12,6565,11.95,11.975,147535,90724,443228,-45.05747126436781,12.52,0.16109230880639402,0.0013858383204450138,-18.097194968401535,3.4423727284429457,1.9465872345564295,-0.10409134312088653,27.144226274640193,6.571726444004593e-06,-0.00014051856762529145,-2.134434346760738e-05,-2.851112138630493,261.93442052421307,-0.15929422988857067,0.0013654803179335184,0.003368297105498478,24305,0.43089179765418606,0.0116,index_dividend_yield,0.065,11.24,65,24285.05,24313,24268.6,24252,mid_price,ok
2026-08-24T04:29:37.382481+00:00,2026-08-24T09:59:37.382481+05:30,NIFTY,25-Aug-2026,24450.0,PE,24269.75,156.8,195,157.15,585,157.25,156.97500000000002,26752,18075,121251,-14.908008658008658,0,,,,,,,,,,,,,,,0.003368297105498478,,,,,,11.24,65,24285.05,24313,24268.6,24252,mid_price,no_price_available
2026-08-24T04:29:37.382481+00:00,2026-08-24T09:59:37.382481+05:30,NIFTY,25-Aug-2026,24500.0,CE,24269.75,6.8,134940,6.85,2340,6.8,6.824999999999999,262974,62530,601689,-51.07913669064748,12.68,0.10474050762085678,0.0010162643387958087,-13.554488876814224,2.556624446566134,1.806918622183261,-0.0967993616914697,31.941522159775413,6.332590022325499e-06,0.004682978812592278,-0.0002677592765403127,-2.7504133633796255,285.1797576943499,-0.10339233337777351,0.0009972524753739992,0.003368297105498478,24305,0.43089179765418606,0.0116,index_dividend_yield,0.065,11.24,65,24285.05,24313,24268.6,24252,mid_price,ok
2026-08-24T04:29:37.382481+00:00,2026-08-24T09:59:37.382481+05:30,NIFTY,25-Aug-2026,24500.0,PE,24269.75,201.4,715,201.9,260,201.9,201.65,64447,8654,133312,-10.722971479106787,0,,,,,,,,,,,,,,,0.003368297105498478,,,,,,11.24,65,24285.05,24313,24268.6,24252,mid_price,no_price_available
2026-08-24T04:29:37.382481+00:00,2026-08-24T09:59:37.382481+05:30,NIFTY,25-Aug-2026,24550.0,CE,24269.75,4.15,142025,4.2,52845,4.15,4.175000000000001,88695,12992,330196,-52.57142857142857,13.19,0.07044273703522115,0.0007262045403863174,-10.443365761368021,1.900398823976766,1.5139531826449324,-0.08377069887533731,31.40071239128972,5.359508820054033e-06,0.0064941747812666175,-0.0003694297854493075,-2.5098868959743865,295.8851709507867,-0.06940324263484829,0.0007097192295870848,0.003368297105498478,24305,0.43089179765418606,0.0116,index_dividend_yield,0.065,11.24,65,24285.05,24313,24268.6,24252,mid_price,ok
2026-08-24T04:29:37.382481+00:00,2026-08-24T09:59:37.382481+05:30,NIFTY,25-Aug-2026,24550.0,PE,24269.75,249,650,249.4,585,249,249.2,5276,2448,19246,-8.202764976958525,0,,,,,,,,,,,,,,,0.003368297105498478,,,,,,11.24,65,24285.05,24313,24268.6,24252,mid_price,no_price_available
2026-08-24T04:29:37.382481+00:00,2026-08-24T09:59:37.382481+05:30,NIFTY,25-Aug-2026,24600.0,CE,24269.75,2.85,821795,2.9,372580,2.85,2.875,160046,29330,413750,-50.43478260869565,14.06,0.051526035279919204,0.0005333922151489458,-8.690145243405173,1.4878974214105012,1.2308641420226454,-0.07224051381975967,28.263622817431223,4.242029883554879e-06,0.0063388668952351675,-0.0003784027297229279,-2.263544308885415,292.7555417313106,-0.0506606679213434,0.0005191669816997383,0.003368297105498478,24305,0.43089179765418606,0.0116,index_dividend_yield,0.065,11.24,65,24285.05,24313,24268.6,24252,mid_price,ok
2026-08-24T04:29:37.382481+00:00,2026-08-24T09:59:37.382481+05:30,NIFTY,25-Aug-2026,24600.0,PE,24269.75,297.05,130,297.75,325,297.85,297.4,13775,336,15933,-6.4541457286432165,0,,,,,,,,,,,,,,,0.003368297105498478,,,,,,11.24,65,24285.05,24313,24268.6,24252,mid_price,no_price_available
2026-08-24T04:29:37.382481+00:00,2026-08-24T09:59:37.382481+05:30,NIFTY,25-Aug-2026,24650.0,CE,24269.75,2.4,380835,2.45,269360,2.45,2.425,62279,9787,360119,-40.963855421686745,15.22,0.04135238181900981,0.0004129583822336999,-7.864876721495169,1.2469870284830584,1.0143996563606454,-0.06421495625580767,24.79278023086384,3.301586004047875e-06,0.00549747081452401,-0.0003523265451853626,-2.076284035728223,279.95365797868436,-0.04056904855423962,0.0004003160881011915,0.003368297105498478,24305,0.43089179765418606,0.0116,index_dividend_yield,0.065,11.24,65,24285.05,24313,24268.6,24252,mid_price,ok
2026-08-24T04:29:37.382481+00:00,2026-08-24T09:59:37.382481+05:30,NIFTY,25-Aug-2026,24650.0,PE,24269.75,346.05,130,347,130,346.25,346.525,2932,296,2498,-5.705337690631808,0,,,,,,,,,,,,,,,0.003368297105498478,,,,,,11.24,65,24285.05,24313,24268.6,24252,mid_price,no_price_available
2026-08-24T04:29:37.382481+00:00,2026-08-24T09:59:37.382481+05:30,NIFTY,25-Aug-2026,24700.0,CE,24269.75,2.1,930995,2.15,478530,2.15,2.125,145784,41175,286343,-31.746031746031747,16.61,0.035975772720667924,0.0003377999346784221,-7.6469503750313965,1.113192293914929,0.8607234914172548,-0.059299415327715405,21.815346733181528,2.5939992568750574e-06,0.004586322303081901,-0.0003191164044339258,-1.9554101314692236,261.94419761408756,-0.035214160707721084,0.00032613413752454026,0.003368297105498478,24305,0.43089179765418606,0.0116,index_dividend_yield,0.065,11.24,65,24285.05,24313,24268.6,24252,mid_price,ok
2026-08-24T04:29:37.382481+00:00,2026-08-24T09:59:37.382481+05:30,NIFTY,25-Aug-2026,24700.0,PE,24269.75,396.2,130,397.25,130,398,396.725,11782,-36,4543,-4.303919211348882,0,,,,,,,,,,,,,,,0.003368297105498478,,,,,,11.24,65,24285.05,24313,24268.6,24252,mid_price,no_price_available
2026-08-24T04:29:37.382481+00:00,2026-08-24T09:59:37.382481+05:30,NIFTY,25-Aug-2026,24750.0,CE,24269.75,1.8,195780,1.85,276055,1.85,1.8250000000000002,69602,18857,153707,-27.45098039215686,17.9,0.03118304546373599,0.0002786519947384166,-7.31421588205677,0.9895920207674255,0.7355310134281051,-0.0544904977710574,19.308007184245636,2.0730046454413305e-06,0.003880165073484853,-0.00028978462198155064,-1.8326187699543712,248.12627147726928,-0.03045473287649413,0.00026794296276218976,0.003368297105498478,24305,0.43089179765418606,0.0116,index_dividend_yield,0.065,11.24,65,24285.05,24313,24268.6,24252,mid_price,ok
2026-08-24T04:29:37.382481+00:00,2026-08-24T09:59:37.382481+05:30,NIFTY,25-Aug-2026,24750.0,PE,24269.75,445.9,65,447.2,130,445.25,446.54999999999995,1410,-25,385,-4.514261205232683,0,,,,,,,,,,,,,,,0.003368297105498478,,,,,,11.24,65,24285.05,24313,24268.6,24252,mid_price,no_price_available
2026-08-24T04:29:37.382481+00:00,2026-08-24T09:59:37.382481+05:30,NIFTY,25-Aug-2026,24800.0,CE,24269.75,1.65,594295,1.7,542685,1.7,1.6749999999999998,124208,13351,217606,-17.073170731707318,19.17,0.027372101240579594,0.00023349181512200711,-7.020155711503193,0.8880445876787287,0.6353883907964739,-0.05032197157383846,17.19127337521831,1.6805610708281135e-06,0.0033021074422063938,-0.00026329072496015984,-1.7224851131336816,235.92624169526272,-0.026673317903090424,0.00022361395613130271,0.003368297105498478,24305,0.43089179765418606,0.0116,index_dividend_yield,0.065,11.24,65,24285.05,24313,24268.6,24252,mid_price,ok
2026-08-24T04:29:37.382481+00:00,2026-08-24T09:59:37.382481+05:30,NIFTY,25-Aug-2026,24800.0,PE,24269.75,495.75,65,497.75,1040,495.95,496.75,5931,-228,2048,-3.7083778273953985,0,,,,,,,,,,,,,,,0.003368297105498478,,,,,,11.24,65,24285.05,24313,24268.6,24252,mid_price,no_price_available
2026-08-24T04:29:37.382481+00:00,2026-08-24T09:59:37.382481+05:30,NIFTY,25-Aug-2026,24850.0,CE,24269.75,1.5,298545,1.55,231465,1.55,1.525,41824,4912,80336,-13.88888888888889,20.34,0.02383122813164924,0.00019595999227473934,-6.625658431195439,0.7907867061404074,0.5498576095299447,-0.04613794409622204,15.337660790693652,1.3766453885493415e-06,0.0028373348064385955,-0.0002394262075718477,-1.6084067112871328,226.5234305733922,-0.023172018834886718,0.00018691546392448624,0.003368297105498478,24305,0.43089179765418606,0.0116,index_dividend_yield,0.065,11.24,65,24285.05,24313,24268.6,24252,mid_price,ok
2026-08-24T04:29:37.382481+00:00,2026-08-24T09:59:37.382481+05:30,NIFTY,25-Aug-2026,24850.0,PE,24269.75,544.8,520,547.3,130,544.8,546.05,830,13,181,-3.6263930656288696,0,,,,,,,,,,,,,,,0.003368297105498478,,,,,,11.24,65,24285.05,24313,24268.6,24252,mid_price,no_price_available
2026-08-24T04:29:37.382481+00:00,2026-08-24T09:59:37.382481+05:30,NIFTY,25-Aug-2026,24900.0,CE,24269.75,1.35,528775,1.4,411385,1.35,1.375,63788,7680,112908,-15.625,21.54,0.021170576613411672,0.00016746178473150462,-6.343988560990541,0.7156528611859898,0.48180156863424084,-0.042759872376280844,13.777170119705973,1.1416836483075013e-06,0.002446406122164635,-0.00021817093736254683,-1.513637086330552,217.22531364061132,-0.02053973070472916,0.00015909173813532441,0.003368297105498478,24305,0.43089179765418606,0.0116,index_dividend_yield,0.065,11.24,65,24285.05,24313,24268.6,24252,mid_price,ok
2026-08-24T04:29:37.382481+00:00,2026-08-24T09:59:37.382481+05:30,NIFTY,25-Aug-2026,24900.0,PE,24269.75,596.1,195,598.1,65,597.9,597.1,1956,-106,313,-2.8989037758830696,0,,,,,,,,,,,,,,,0.003368297105498478,,,,,,11.24,65,24285.05,24313,24268.6,24252,mid_price,no_price_available
2026-08-24T04:29:37.382481+00:00,2026-08-24T09:59:37.382481+05:30,NIFTY,25-Aug-2026,24950.0,CE,24269.75,1.25,150215,1.3,256035,1.3,1.275,20571,2577,45408,-7.142857142857143,22.9,0.019710989918466083,0.00014826367850432178,-6.343126343519238,0.6736142267605244,0.4329153070613302,-0.04080470495490736,12.559779961834938,9.642455348450609e-07,0.0021169969586788922,-0.00020039801641245233,-1.4576632632302027,206.2148820733277,-0.019080600422145738,0.00014028921224187228,0.003368297105498478,24305,0.43089179765418606,0.0116,index_dividend_yield,0.065,11.24,65,24285.05,24313,24268.6,24252,mid_price,ok
2026-08-24T04:29:37.382481+00:00,2026-08-24T09:59:37.382481+05:30,NIFTY,25-Aug-2026,24950.0,PE,24269.75,645,65,647.7,130,642,646.35,308,5,25,-3.5891274966211144,0,,,,,,,,,,,,,,,0.003368297105498478,,,,,,11.24,65,24285.05,24313,24268.6,24252,mid_price,no_price_available
2026-08-24T04:29:37.382481+00:00,2026-08-24T09:59:37.382481+05:30,NIFTY,25-Aug-2026,25000.0,CE,24269.75,1.15,579150,1.2,868725,1.2,1.1749999999999998,185925,5153,233535,-11.11111111111111,24.1,0.01787982898902539,0.00012966419016111674,-6.1397135248070365,0.6199805885694883,0.3860210544467425,-0.03825685904860306,11.416196679341406,8.174344219258924e-07,0.0018495866773992904,-0.00018399525330353275,-1.383452023158937,198.35099356985367,-0.017270049871235333,0.00012219984078385668,0.003368297105498478,24305,0.43089179765418606,0.0116,index_dividend_yield,0.065,11.24,65,24285.05,24313,24268.6,24252,mid_price,ok
2026-08-24T04:29:37.382481+00:00,2026-08-24T09:59:37.382481+05:30,NIFTY,25-Aug-2026,25000.0,PE,24269.75,695.35,130,697.7,65,693,696.5250000000001,20093,-427,1899,-2.8799663653563172,0,,,,,,,,,,,,,,,0.003368297105498478,,,,,,11.24,65,24285.05,24313,24268.6,24252,mid_price,no_price_available
2026-08-24T04:29:37.382481+00:00,2026-08-24T09:59:37.382481+05:30,NIFTY,25-Aug-2026,25050.0,CE,24269.75,1.05,276770,1.1,1064635,1.1,1.0750000000000002,25267,7152,58247,-4.3478260869565215,25.09,0.015641648281352283,0.00011108336245480073,-5.697514457199113,0.5529561289021648,0.3392130052023712,-0.034971471269893244,10.288944970798353,6.914078674473381e-07,0.0016242050813408018,-0.0001679878553269432,-1.2855605650000974,193.6283358243338,-0.015076181195091451,0.00010427114973859338,0.003368297105498478,24305,0.43089179765418606,0.0116,index_dividend_yield,0.065,11.24,65,24285.05,24313,24268.6,24252,mid_price,ok
2026-08-24T04:29:37.382481+00:00,2026-08-24T09:59:37.382481+05:30,NIFTY,25-Aug-2026,25050.0,PE,24269.75,743.45,130,749.95,130,733.1,746.7,160,1,7,-4.088441159154837,0,,,,,,,,,,,,,,,0.003368297105498478,,,,,,11.24,65,24285.05,24313,24268.6,24252,mid_price,no_price_available
2026-08-24T04:29:37.382481+00:00,2026-08-24T09:59:37.382481+05:30,NIFTY,25-Aug-2026,25100.0,CE,24269.75,0.95,161525,1,849160,0.95,0.975,59388,3835,123699,-5,26.16,0.014042445248955255,9.710266877719056e-05,-5.411384475812248,0.5039760559366866,0.3024391285271488,-0.032487839691970784,9.355204675154328,5.916158783335209e-07,0.0014313059230500423,-0.00015418032747227138,-1.209844010114018,188.0880034578906,-0.013505764243399035,9.078504825756939e-05,0.003368297105498478,24305,0.43089179765418606,0.0116,index_dividend_yield,0.065,11.24,65,24285.05,24313,24268.6,24252,mid_price,ok
2026-08-24T04:29:37.382481+00:00,2026-08-24T09:59:37.382481+05:30,NIFTY,25-Aug-2026,25100.0,PE,24269.75,790.3,65,800,65,785.15,795.15,1264,-29,83,-3.4730759773789033,0,,,,,,,,,,,,,,,0.003368297105498478,,,,,,11.24,65,24285.05,24313,24268.6,24252,mid_price,no_price_available
2026-08-24T04:29:37.382481+00:00,2026-08-24T09:59:37.382481+05:30,NIFTY,25-Aug-2026,25150.0,CE,24269.75,0.9,173290,0.95,270270,0.95,0.925,20113,9012,32895,0,27.54,0.013560162294540792,8.949815739933784e-05,-5.524909302760939,0.4890114494419944,0.2805801365490324,-0.0317107057319782,8.733132761158474,5.20032276830633e-07,0.001273346555477335,-0.00014428159929352248,-1.185837183433777,179.42454900482585,-0.013012625921710631,8.334292162419837e-05,0.003368297105498478,24305,0.43089179765418606,0.0116,index_dividend_yield,0.065,11.24,65,24285.05,24313,24268.6,24252,mid_price,ok
2026-08-24T04:29:37.382481+00:00,2026-08-24T09:59:37.382481+05:30,NIFTY,25-Aug-2026,25150.0,PE,24269.75,838.7,65,850.45,325,828.25,844.575,40,0,1,-3.675059603419201,0,,,,,,,,,,,,,,,0.003368297105498478,,,,,,11.24,65,24285.05,24313,24268.6,24252,mid_price,no_price_available
2026-08-24T04:29:37.382481+00:00,2026-08-24T09:59:37.382481+05:30,NIFTY,25-Aug-2026,25200.0,CE,24269.75,0.85,557245,0.9,179920,0.9,0.875,81908,3401,108491,5.882352941176471,28.91,0.013119387307697343,8.285813291799479e-05,-5.634029636061942,0.47525230526457357,0.2613594730272546,-0.030991286693399577,8.18229672400686,4.603706699396594e-07,0.0011399367600312973,-0.0001354909510770562,-1.1634765777400329,171.6075676001059,-0.012561461480652937,7.68536798359278e-05,0.003368297105498478,24305,0.43089179765418606,0.0116,index_dividend_yield,0.065,11.24,65,24285.05,24313,24268.6,24252,mid_price,ok
2026-08-24T04:29:37.382481+00:00,2026-08-24T09:59:37.382481+05:30,NIFTY,25-Aug-2026,25200.0,PE,24269.75,894.15,195,899.15,130,888,896.65,1397,-54,95,-3.0461840812315755,0,,,,,,,,,,,,,,,0.003368297105498478,,,,,,11.24,65,24285.05,24313,24268.6,24252,mid_price,no_price_available
2026-08-24T04:29:37.382481+00:00,2026-08-24T09:59:37.382481+05:30,NIFTY,25-Aug-2026,25250.0,CE,24269.75,0.85,270985,0.9,222885,0.9,0.875,30444,6753,31918,5.882352941176471,30.07,0.01222966457056502,7.496452176223861e-05,-5.51238880871022,0.44722925058487434,0.23940168841219636,-0.029512570538365934,7.586515391329734,4.0511310504818103e-07,0.001022347436878419,-0.0001262984127509233,-1.1170952561240983,166.3280063594799,-0.011684214268622135,6.925699042986097e-05,0.003368297105498478,24305,0.43089179765418606,0.0116,index_dividend_yield,0.065,11.24,65,24285.05,24313,24268.6,24252,mid_price,ok
2026-08-24T04:29:37.382481+00:00,2026-08-24T09:59:37.382481+05:30,NIFTY,25-Aug-2026,25250.0,PE,24269.75,913.8,780,949.9,65,0.0,931.8499999999999,25,0,0,0,0,,,,,,,,,,,,,,,0.003368297105498478,,,,,,11.24,65,24285.05,24313,24268.6,24252,mid_price,no_price_available
2026-08-24T04:29:37.382481+00:00,2026-08-24T09:59:37.382481+05:30,NIFTY,25-Aug-2026,25300.0,CE,24269.75,0.7,872430,0.75,500825,0.75,0.725,86882,18593,74356,7.142857142857143,30.97,0.010895203635226013,6.583716406427992e-05,-5.133598135988933,0.40453240673354174,0.21439757578926247,-0.027209757024241003,6.927519489147049,3.5256086558448205e-07,0.000914857813791169,-0.00011631766334969938,-1.0437003592909408,163.58624848104978,-0.010387646234878225,6.058438148805245e-05,0.003368297105498478,24305,0.43089179765418606,0.0116,index_dividend_yield,0.065,11.24,65,24285.05,24313,24268.6,24252,mid_price,ok
2026-08-24T04:29:37.382481+00:00,2026-08-24T09:59:37.382481+05:30,NIFTY,25-Aug-2026,25300.0,PE,24269.75,990.3,195,999.3,130,987.95,994.8,1049,-38,51,-2.2847534741110724,0,,,,,,,,,,,,,,,0.003368297105498478,,,,,,11.24,65,24285.05,24313,24268.6,24252,mid_price,no_price_available
2026-08-24T04:29:37.382481+00:00,2026-08-24T09:59:37.382481+05:30,NIFTY,25-Aug-2026,25350.0,CE,24269.75,0.7,155480,0.75,276510,0.75,0.725,8607,1216,10017,15.384615384615385,32.05,0.010110385152665363,5.960629942276245e-05,-4.975954912416419,0.37901918331392964,0.19652939056661461,-0.025802028959296713,6.428301893788069,3.1210013826109216e-07,0.000824961263384112,-0.00010848127649797295,-0.9981066084007207,159.38375104102107,-0.009618816063572646,5.4634483057378114e-05,0.003368297105498478,24305,0.43089179765418606,0.0116,index_dividend_yield,0.065,11.24,65,24285.05,24313,24268.6,24252,mid_price,ok
2026-08-24T04:29:37.382481+00:00,2026-08-24T09:59:37.382481+05:30,NIFTY,25-Aug-2026,25350.0,PE,24269.75,1018.4,780,1051.65,65,0.0,1035.025,24,0,0,0,41.88,,,,,,,,,,,,,,,0.003368297105498478,,,,,,11.24,65,24285.05,24313,24268.6,24252,mid_price,no_price_available
2026-08-24T04:29:37.382481+00:00,2026-08-24T09:59:37.382481+05:30,NIFTY,25-Aug-2026,25400.0,CE,24269.75,0.6,905320,0.65,1199510,0.65,0.625,71647,1709,64257,8.333333333333334,32.8,0.008841096540314713,5.179607716836938e-05,-4.527419351735367,0.3370634878946014,0.17445662021211508,-0.023432442062254224,5.829136258941742,2.710808672428622e-07,0.0007378361213023314,-9.923411177037012e-05,-0.9200498815967116,157.97993445210028,-0.008394211995370448,4.728899032945194e-05,0.003368297105498478,24305,0.43089179765418606,0.0116,index_dividend_yield,0.065,11.24,65,24285.05,24313,24268.6,24252,mid_price,ok
2026-08-24T04:29:37.382481+00:00,2026-08-24T09:59:37.382481+05:30,NIFTY,25-Aug-2026,25400.0,PE,24269.75,1092.55,65,1097.9,260,1087,1095.225,544,-13,16,-2.620380739081747,0,,,,,,,,,,,,,,,0.003368297105498478,,,,,,11.24,65,24285.05,24313,24268.6,24252,mid_price,no_price_available
2026-08-24T04:29:37.382481+00:00,2026-08-24T09:59:37.382481+05:30,NIFTY,25-Aug-2026,25450.0,CE,24269.75,0.65,100295,0.7,71695,0.7,0.675,7831,746,8177,16.666666666666668,34.37,0.009099499435400386,5.069339253862951e-05,-4.8639505402737715,0.34567811577273766,0.1700463222824378,-0.023925306401949363,5.656241075349843,2.511993604364983e-07,0.000681986213655553,-9.607803011253329e-05,-0.9364248348713029,150.35315998555893,-0.008619793743907199,4.610057990623347e-05,0.003368297105498478,24305,0.43089179765418606,0.0116,index_dividend_yield,0.065,11.24,65,24285.05,24313,24268.6,24252,mid_price,ok
2026-08-24T04:29:37.382481+00:00,2026-08-24T09:59:37.382481+05:30,NIFTY,25-Aug-2026,25450.0,PE,24269.75,1105.8,2600,1150.9,65,0.0,1128.35,16,0,0,0,31.79,,,,,,,,,,,,,,,0.003368297105498478,,,,,,11.24,65,24285.05,24313,24268.6,24252,mid_price,no_price_available
2026-08-24T04:29:37.382481+00:00,2026-08-24T09:59:37.382481+05:30,NIFTY,25-Aug-2026,25500.0,CE,24269.75,0.6,1122875,0.65,1054040,0.6,0.625,136919,-876,45541,0,35.65,0.00887273717052179,4.78047289616403e-05,-4.933515656360175,0.3381204139252322,0.16103572520210183,-0.023494420412327747,5.377715061643279,2.289144708227753e-07,0.0006262238016915519,-9.147148092689467e-05,-0.9221133175514871,145.37022249222997,-0.008386580305655627,4.3303311075110815e-05,0.003368297105498478,24305,0.43089179765418606,0.0116,index_dividend_yield,0.065,11.24,65,24285.05,24313,24268.6,24252,mid_price,ok
2026-08-24T04:29:37.382481+00:00,2026-08-24T09:59:37.382481+05:30,NIFTY,25-Aug-2026,25500.0,PE,24269.75,1194.45,65,1196.8,65,1194,1195.625,9332,-265,722,-1.5338941118258287,0,,,,,,,,,,,,,,,0.003368297105498478,,,,,,11.24,65,24285.05,24313,24268.6,24252,mid_price,no_price_available
2026-08-24T04:29:37.382481+00:00,2026-08-24T09:59:37.382481+05:30,NIFTY,25-Aug-2026,25550.0,CE,24269.75,0.55,172575,0.6,193375,0.6,0.575,11601,-164,6573,20,36.61,0.008189474824945092,4.339046376468653e-05,-4.721300308626867,0.31516284947935536,0.14800129916849208,-0.02216859456279681,5.003878563605096,2.0482400959379716e-07,0.0005703918556019485,-8.552336558412343e-05,-0.8777136166193109,142.75860682671112,-0.007724628210360979,3.915102065799739e-05,0.003368297105498478,24305,0.43089179765418606,0.0116,index_dividend_yield,0.065,11.24,65,24285.05,24313,24268.6,24252,mid_price,ok
2026-08-24T04:29:37.382481+00:00,2026-08-24T09:59:37.382481+05:30,NIFTY,25-Aug-2026,25550.0,PE,24269.75,1205.85,2535,1287.5,390,0.0,1246.675,79,0,0,0,46.08,,,,,,,,,,,,,,,0.003368297105498478,,,,,,11.24,65,24285.05,24313,24268.6,24252,mid_price,no_price_available
2026-08-24T04:29:37.382481+00:00,2026-08-24T09:59:37.382481+05:30,NIFTY,25-Aug-2026,25600.0,CE,24269.75,0.5,675870,0.55,598455,0.5,0.525,47641,-5547,29399,0,37.16,0.0070409568361717734,3.742242401770072e-05,-4.194355335648857,0.27589804185550165,0.13055078995951155,-0.019844548905937065,4.514662523088714,1.7830670442835668e-07,0.0005116531763938339,-7.783332311683304e-05,-0.7985042109414061,142.82062038443647,-0.006628350798834346,3.363431522430323e-05,0.003368297105498478,24305,0.43089179765418606,0.0116,index_dividend_yield,0.065,11.24,65,24285.05,24313,24268.6,24252,mid_price,ok
2026-08-24T04:29:37.382481+00:00,2026-08-24T09:59:37.382481+05:30,NIFTY,25-Aug-2026,25600.0,PE,24269.75,1292.85,65,1299.55,130,1292,1296.1999999999998,201,-7,14,-1.6480797777185705,0,,,,,,,,,,,,,,,0.003368297105498478,,,,,,11.24,65,24285.05,24313,24268.6,24252,mid_price,no_price_available
2026-08-24T04:29:37.382481+00:00,2026-08-24T09:59:37.382481+05:30,NIFTY,25-Aug-2026,25650.0,CE,24269.75,0.5,148720,0.55,113490,0.55,0.525,11665,-582,6520,22.22222222222222,38.77,0.007363692732929619,3.731455389304613e-05,-4.551527734841068,0.28702191151013373,0.12937454683839686,-0.020512544574731593,4.444554541473466,1.687641491128285e-07,0.0004815699818032659,-7.641214626557662e-05,-0.8214574701749235,136.3168015767533,-0.006916333524119514,3.340674180020886e-05,0.003368297105498478,24305,0.43089179765418606,0.0116,index_dividend_yield,0.065,11.24,65,24285.05,24313,24268.6,24252,mid_price,ok
2026-08-24T04:29:37.382481+00:00,2026-08-24T09:59:37.382481+05:30,NIFTY,25-Aug-2026,25650.0,PE,24269.75,1332.3,65,1374.45,780,1345,1353.375,11,0,3,-10.333333333333334,0,,,,,,,,,,,,,,,0.003368297105498478,,,,,,11.24,65,24285.05,24313,24268.6,24252,mid_price,no_price_available
2026-08-24T04:29:37.382481+00:00,2026-08-24T09:59:37.382481+05:30,NIFTY,25-Aug-2026,25700.0,CE,24269.75,0.5,320645,0.55,310115,0.55,0.525,29469,-537,8451,10,39.62,0.006738829155426198,3.376546112365841e-05,-4.300416923481592,0.2654166442069173,0.11860903947003357,-0.01921442765607806,4.127970710244233,1.5141180328752436e-07,0.00043992154124876414,-7.130970542236743e-05,-0.7767105085096779,134.5935248939155,-0.0063165198814218865,3.0111822652493422e-05,0.003368297105498478,24305,0.43089179765418606,0.0116,index_dividend_yield,0.065,11.24,65,24285.05,24313,24268.6,24252,mid_price,ok
2026-08-24T04:29:37.382481+00:00,2026-08-24T09:59:37.382481+05:30,NIFTY,25-Aug-2026,25700.0,PE,24269.75,1390.95,195,1406.95,195,1380.25,1398.95,222,-5,10,-2.179305457122608,0,,,,,,,,,,,,,,,0.003368297105498478,,,,,,11.24,65,24285.05,24313,24268.6,24252,mid_price,no_price_available
2026-08-24T04:29:37.382481+00:00,2026-08-24T09:59:37.382481+05:30,NIFTY,25-Aug-2026,25750.0,CE,24269.75,0.45,131365,0.5,125515,0.5,0.475,10470,21,3805,11.11111111111111,40.84,0.006598942331022616,3.215503030239782e-05,-4.350623825313138,0.26054074710962144,0.11332347007636913,-0.018919755764636895,3.9559772151706585,1.4012083865593536e-07,0.0004094965221198051,-6.840383127780152e-05,-0.7664705000630485,130.87030978577354,-0.006172074341499826,2.8564397095788465e-05,0.003368297105498478,24305,0.43089179765418606,0.0116,index_dividend_yield,0.065,11.24,65,24285.05,24313,24268.6,24252,mid_price,ok
2026-08-24T04:29:37.382481+00:00,2026-08-24T09:59:37.382481+05:30,NIFTY,25-Aug-2026,25750.0,PE,24269.75,1423.3,780,1483.2,975,0.0,1453.25,4,0,0,0,52.07,,,,,,,,,,,,,,,0.003368297105498478,,,,,,11.24,65,24285.05,24313,24268.6,24252,mid_price,no_price_available
2026-08-24T04:29:37.382481+00:00,2026-08-24T09:59:37.382481+05:30,NIFTY,25-Aug-2026,25800.0,CE,24269.75,0.45,532805,0.5,263640,0.5,0.475,20455,-1396,12513,11.11111111111111,42.05,0.006461862241806206,3.0655304454930285e-05,-4.3963885208718585,0.255748226878391,0.10839132259116753,-0.018629070369310986,3.79522306786087,1.2997301548742063e-07,0.00038201101526883017,-6.568698437166366e-05,-0.7563383703399068,127.39285652294089,-0.006030880807096688,2.7126691429702085e-05,0.003368297105498478,24305,0.43089179765418606,0.0116,index_dividend_yield,0.065,11.24,65,24285.05,24313,24268.6,24252,mid_price,ok
2026-08-24T04:29:37.382481+00:00,2026-08-24T09:59:37.382481+05:30,NIFTY,25-Aug-2026,25800.0,PE,24269.75,1487.45,130,1501.35,130,1490,1494.4,166,-1,4,-1.3245033112582782,0,,,,,,,,,,,,,,,0.003368297105498478,,,,,,11.24,65,24285.05,24313,24268.6,24252,mid_price,no_price_available
2026-08-24T04:29:37.382481+00:00,2026-08-24T09:59:37.382481+05:30,NIFTY,25-Aug-2026,25850.0,CE,24269.75,0.5,55575,0.55,38220,0.55,0.525,3757,525,1250,10,43.26,0.0063377883967499085,2.9290991176092132e-05,-4.445261483290022,0.2513978624205066,0.10388071065739772,-0.018364450367199366,3.6473737302185336,1.2090728943919087e-07,0.00035725360816994976,-6.318307654915385e-05,-0.7470880269762262,124.090079346634,-0.005902397850882216,2.5819247379399413e-05,0.003368297105498478,24305,0.43089179765418606,0.0116,index_dividend_yield,0.065,11.24,65,24285.05,24313,24268.6,24252,mid_price,ok
2026-08-24T04:29:37.382481+00:00,2026-08-24T09:59:37.382481+05:30,NIFTY,25-Aug-2026,25850.0,PE,24269.75,1520.7,780,1563,65,0.0,1541.85,13,0,0,0,0,,,,,,,,,,,,,,,0.003368297105498478,,,,,,11.24,65,24285.05,24313,24268.6,24252,mid_price,no_price_available
2026-08-24T04:29:37.382481+00:00,2026-08-24T09:59:37.382481+05:30,NIFTY,25-Aug-2026,25900.0,CE,24269.75,0.5,96395,0.55,115310,0.55,0.525,10982,-1404,4742,22.22222222222222,44.46,0.006215323211155192,2.801226385345172e-05,-4.489658515586065,0.24709198843899885,0.09964626141317767,-0.018101634018044186,3.508412053040949,1.126969420430862e-07,0.0003347336147143043,-6.0829278233771495e-05,-0.7378752074843059,120.99510821592868,-0.005775970759084653,2.4596838279233676e-05,0.003368297105498478,24305,0.43089179765418606,0.0116,index_dividend_yield,0.065,11.24,65,24285.05,24313,24268.6,24252,mid_price,ok
2026-08-24T04:29:37.382481+00:00,2026-08-24T09:59:37.382481+05:30,NIFTY,25-Aug-2026,25900.0,PE,24269.75,1522.15,780,1611.4,65,0.0,1566.775,60,0,0,0,69.98,,,,,,,,,,,,,,,0.003368297105498478,,,,,,11.24,65,24285.05,24313,24268.6,24252,mid_price,no_price_available
2026-08-24T04:29:37.382481+00:00,2026-08-24T09:59:37.382481+05:30,NIFTY,25-Aug-2026,25950.0,CE,24269.75,0.45,70980,0.5,39650,0.5,0.475,3707,54,1033,11.11111111111111,45.66,0.00610397665844895,2.6842750522627473e-05,-4.5369574616801245,0.24316659850420932,0.09575427727174937,-0.017861436795521057,3.3800107898857843,1.0531213286363756e-07,0.0003143238732221871,-5.86501818435308e-05,-0.7294328235071167,118.0460623160052,-0.00566038677514879,2.3479178424820014e-05,0.003368297105498478,24305,0.43089179765418606,0.0116,index_dividend_yield,0.065,11.24,65,24285.05,24313,24268.6,24252,mid_price,ok
2026-08-24T04:29:37.382481+00:00,2026-08-24T09:59:37.382481+05:30,NIFTY,25-Aug-2026,25950.0,PE,24269.75,1614.7,780,1683.05,1755,0.0,1648.875,2,0,0,0,55.73,,,,,,,,,,,,,,,0.003368297105498478,,,,,,11.24,65,24285.05,24313,24268.6,24252,mid_price,no_price_available
2026-08-24T04:29:37.382481+00:00,2026-08-24T09:59:37.382481+05:30,NIFTY,25-Aug-2026,26000.0,CE,24269.75,0.45,469560,0.5,357305,0.45,0.475,74063,-3337,18389,0,46.38,0.005570119154751154,2.436513575502101e-05,-4.248576231767169,0.2242025652509792,0.0880353159001708,-0.01667887813992165,3.147460578606029,9.53458812557599e-08,0.0002895140252643445,-5.485990070540966e-05,-0.6875469586559577,117.25201431305368,-0.005155094307867618,2.1230134472299034e-05,0.003368297105498478,24305,0.43089179765418606,0.0116,index_dividend_yield,0.065,11.24,65,24285.05,24313,24268.6,24252,mid_price,ok
2026-08-24T04:29:37.382481+00:00,2026-08-24T09:59:37.382481+05:30,NIFTY,25-Aug-2026,26000.0,PE,24269.75,1695,260,1700.4,65,1696.8,1697.7,23305,-555,2512,-1.0612244897959184,0,,,,,,,,,,,,,,,0.003368297105498478,,,,,,11.24,65,24285.05,24313,24268.6,24252,mid_price,no_price_available
2026-08-24T04:29:37.382481+00:00,2026-08-24T09:59:37.382481+05:30,NIFTY,25-Aug-2026,26050.0,CE,24269.75,0.45,33475,0.5,36140,0.5,0.475,2513,-68,596,25,48.04,0.005892423839731044,2.472747361638208e-05,-4.625312854601158,0.23568055024134665,0.08869023226420461,-0.01740134666545966,3.1462086081799483,9.248661406020819e-08,0.00027862456585724165,-5.4678663708229815e-05,-0.7132009753302054,112.62580876600758,-0.00544099402357353,2.1463220998425663e-05,0.003368297105498478,24305,0.43089179765418606,0.0116,index_dividend_yield,0.065,11.24,65,24285.05,24313,24268.6,24252,mid_price,ok
2026-08-24T04:29:37.382481+00:00,2026-08-24T09:59:37.382481+05:30,NIFTY,25-Aug-2026,26050.0,PE,24269.75,1705.25,780,1752.6,65,0.0,1728.925,4,0,0,0,0,,,,,,,,,,,,,,,0.003368297105498478,,,,,,11.24,65,24285.05,24313,24268.6,24252,mid_price,no_price_available
2026-08-24T04:29:37.382481+00:00,2026-08-24T09:59:37.382481+05:30,NIFTY,25-Aug-2026,26100.0,CE,24269.75,0.4,84760,0.45,103935,0.45,0.42500000000000004,4430,72,683,0,48.72,0.005373881064657747,2.2467267801017697e-05,-4.321885828028637,0.2171693538295687,0.08161738385190553,-0.01623899211671647,2.9324062471392938,8.395033016185794e-08,0.00025725596969527673,-5.118905756435951e-05,-0.671827051549482,112.04498547684048,-0.004952441711347101,1.942673664364808e-05,0.003368297105498478,24305,0.43089179765418606,0.0116,index_dividend_yield,0.065,11.24,65,24285.05,24313,24268.6,24252,mid_price,ok
2026-08-24T04:29:37.382481+00:00,2026-08-24T09:59:37.382481+05:30,NIFTY,25-Aug-2026,26100.0,PE,24269.75,1782.55,130,1810.25,65,0.0,1796.4,290,0,0,0,58.58,,,,,,,,,,,,,,,0.003368297105498478,,,,,,11.24,65,24285.05,24313,24268.6,24252,mid_price,no_price_available
2026-08-24T04:29:37.382481+00:00,2026-08-24T09:59:37.382481+05:30,NIFTY,25-Aug-2026,26150.0,CE,24269.75,0.45,9100,0.5,10790,0.5,0.475,1586,185,351,11.11111111111111,50.39,0.0056909783031067985,2.2857748511469984e-05,-4.703040772808959,0.228517153705286,0.08242162451417653,-0.016958410712031618,2.93802993092436,8.176126353629315e-08,0.0002485178505855365,-5.113921103123172e-05,-0.6974976934273908,107.77472265829584,-0.005232775195759942,1.9688864458002294e-05,0.003368297105498478,24305,0.43089179765418606,0.0116,index_dividend_yield,0.065,11.24,65,24285.05,24313,24268.6,24252,mid_price,ok
2026-08-24T04:29:37.382481+00:00,2026-08-24T09:59:37.382481+05:30,NIFTY,25-Aug-2026,26150.0,PE,24269.75,1666.6,780,1923.45,780,0.0,1795.025,0,0,0,0,0,,,,,,,,,,,,,,,0.003368297105498478,,,,,,11.24,65,24285.05,24313,24268.6,24252,mid_price,no_price_available
2026-08-24T04:29:37.382481+00:00,2026-08-24T09:59:37.382481+05:30,NIFTY,25-Aug-2026,26200.0,CE,24269.75,0.45,59995,0.5,56290,0.45,0.475,5284,99,3355,12.5,51.05,0.005201731541282074,2.0829799239154585e-05,-4.398363246365249,0.2109705466327949,0.0760409461101931,-0.015849452801103954,2.7441859575907808,7.447979494818938e-08,0.0002301385377541406,-4.7968435960457925e-05,-0.6578412489197316,107.30167099626856,-0.004773594806266107,1.7873644140704385e-05,0.003368297105498478,24305,0.43089179765418606,0.0116,index_dividend_yield,0.065,11.24,65,24285.05,24313,24268.6,24252,mid_price,ok
2026-08-24T04:29:37.382481+00:00,2026-08-24T09:59:37.382481+05:30,NIFTY,25-Aug-2026,26200.0,PE,24269.75,1889.3,130,1903.65,65,1890,1896.475,621,-4,7,-1.1170115363486541,0,,,,,,,,,,,,,,,0.003368297105498478,,,,,,11.24,65,24285.05,24313,24268.6,24252,mid_price,no_price_available
2026-08-24T04:29:37.382481+00:00,2026-08-24T09:59:37.382481+05:30,NIFTY,25-Aug-2026,26250.0,CE,24269.75,0.45,26130,0.5,39260,0.45,0.475,1461,368,2615,0,52.21,0.0051224360400936786,2.009045424437256e-05,-4.436783072882222,0.20810592585791554,0.07351179878878951,-0.01566883294157475,2.65843320475774,7.032895773651934e-08,0.00021816295279552758,-4.649898579437128e-05,-0.6513352945146222,105.08938357124957,-0.004690942736356733,1.7173615933929768e-05,0.003368297105498478,24305,0.43089179765418606,0.0116,index_dividend_yield,0.065,11.24,65,24285.05,24313,24268.6,24252,mid_price,ok
2026-08-24T04:29:37.382481+00:00,2026-08-24T09:59:37.382481+05:30,NIFTY,25-Aug-2026,26250.0,PE,24269.75,1870.5,780,1956.2,65,0.0,1913.35,1,0,0,0,66.22,,,,,,,,,,,,,,,0.003368297105498478,,,,,,11.24,65,24285.05,24313,24268.6,24252,mid_price,no_price_available
2026-08-24T04:29:37.382481+00:00,2026-08-24T09:59:37.382481+05:30,NIFTY,25-Aug-2026,26300.0,CE,24269.75,0.4,127270,0.45,65780,0.45,0.42500000000000004,11750,1200,5969,0,53.36,0.005042405551528908,1.938379894605979e-05,-4.470954841388376,0.20520867442888072,0.07109327476176232,-0.015485590612827992,2.576434004771644,6.648284312039479e-08,0.00020703997525270523,-4.5094141976950845e-05,-0.6447210484521663,102.99589923212135,-0.004607974892107422,1.650661435762525e-05,0.003368297105498478,24305,0.43089179765418606,0.0116,index_dividend_yield,0.065,11.24,65,24285.05,24313,24268.6,24252,mid_price,ok
2026-08-24T04:29:37.382481+00:00,2026-08-24T09:59:37.382481+05:30,NIFTY,25-Aug-2026,26300.0,PE,24269.75,1991.75,130,2004.2,130,1992,1997.975,5076,-50,58,-1.008795905183124,0,,,,,,,,,,,,,,,0.003368297105498478,,,,,,11.24,65,24285.05,24313,24268.6,24252,mid_price,no_price_available
2026-08-24T04:29:37.382481+00:00,2026-08-24T09:59:37.382481+05:30,NIFTY,25-Aug-2026,26350.0,CE,24269.75,0.4,3705,0.5,3640,0.5,0.45,477,-20,276,0,55.05,0.005349118851368054,1.9802354215483094e-05,-4.860921213401049,0.21627939476274663,0.07208381570668201,-0.016196369548245496,2.5915143876499984,6.519245981987251e-08,0.00020130449213479076,-4.522922101135839e-05,-0.670301144090824,99.31145046916453,-0.004877212850963347,1.679910679841496e-05,0.003368297105498478,24305,0.43089179765418606,0.0116,index_dividend_yield,0.065,11.24,65,24285.05,24313,24268.6,24252,mid_price,wide_quote_low_liquidity
2026-08-24T04:29:37.382481+00:00,2026-08-24T09:59:37.382481+05:30,NIFTY,25-Aug-2026,26350.0,PE,24269.75,2022.55,780,2110.7,65,0.0,2066.625,1,0,0,0,21.23,,,,,,,,,,,,,,,0.003368297105498478,,,,,,11.24,65,24285.05,24313,24268.6,24252,mid_price,no_price_available
2026-08-24T04:29:37.382481+00:00,2026-08-24T09:59:37.382481+05:30,NIFTY,25-Aug-2026,26400.0,CE,24269.75,0.4,13585,0.45,22490,0.45,0.42500000000000004,2735,127,635,0,55.65,0.004893940486015859,1.8097865290713633e-05,-4.539526555627393,0.1998174983758694,0.06667402786279591,-0.015143517775036381,2.4259784947706917,5.967043882992637e-08,0.00018720406133633887,-4.251300507536685e-05,-0.6323360589229521,99.07074496315191,-0.004453629706957422,1.529502189441892e-05,0.003368297105498478,24305,0.43089179765418606,0.0116,index_dividend_yield,0.065,11.24,65,24285.05,24313,24268.6,24252,mid_price,ok
2026-08-24T04:29:37.382481+00:00,2026-08-24T09:59:37.382481+05:30,NIFTY,25-Aug-2026,26400.0,PE,24269.75,2070.85,780,2193.75,780,0.0,2132.3,2,0,0,0,0,,,,,,,,,,,,,,,0.003368297105498478,24305,0.43089179765418606,0.0116,index_dividend_yield,0.065,11.24,65,24285.05,24313,24268.6,24252,mid_price,no_nse_iv
2026-08-24T04:29:37.382481+00:00,2026-08-24T09:59:37.382481+05:30,NIFTY,25-Aug-2026,26450.0,CE,24269.75,0.45,65,0.5,3770,0.45,0.475,730,169,496,0,56.79,0.004824890736800368,1.751137066707543e-05,-4.573839553445403,0.1973026903492394,0.06465047202903508,-0.014983460663381732,2.3568109209715082,5.6646186434227764e-08,0.00017834002983278403,-4.132488157540281e-05,-0.6265240444887531,97.22850379863023,-0.004381645520922738,1.474345924666334e-05,0.003368297105498478,24305,0.43089179765418606,0.0116,index_dividend_yield,0.065,11.24,65,24285.05,24313,24268.6,24252,mid_price,ok
2026-08-24T04:29:37.382481+00:00,2026-08-24T09:59:37.382481+05:30,NIFTY,25-Aug-2026,26450.0,PE,24269.75,1945,780,2226.9,780,0.0,2085.95,0,0,0,0,0,,,,,,,,,,,,,,,0.003368297105498478,,,,,,11.24,65,24285.05,24313,24268.6,24252,mid_price,no_price_available
2026-08-24T04:29:37.382481+00:00,2026-08-24T09:59:37.382481+05:30,NIFTY,25-Aug-2026,26500.0,CE,24269.75,0.4,73710,0.45,61230,0.4,0.42500000000000004,3611,-391,2658,0,57.92,0.004754756241332537,1.694702020032962e-05,-4.603978621984311,0.19474346719122845,0.06270289341672687,-0.014820074313841653,2.2902638810098352,5.3820798212455336e-08,0.0001700439974535026,-4.018209259047314e-05,-0.6205797938446508,95.47875391963007,-0.004308986170684935,1.4214520190712426e-05,0.003368297105498478,24305,0.43089179765418606,0.0116,index_dividend_yield,0.065,11.24,65,24285.05,24313,24268.6,24252,mid_price,ok
2026-08-24T04:29:37.382481+00:00,2026-08-24T09:59:37.382481+05:30,NIFTY,25-Aug-2026,26500.0,PE,24269.75,2189.15,390,2199.25,65,2200,2194.2,88,0,4,-0.3510361227494055,86.83,,,,,,,,,,,,,,,0.003368297105498478,,,,,,11.24,65,24285.05,24313,24268.6,24252,mid_price,no_price_available
2026-08-24T04:29:37.382481+00:00,2026-08-24T09:59:37.382481+05:30,NIFTY,25-Aug-2026,26550.0,CE,24269.75,0.4,845,0.45,5395,0.45,0.42500000000000004,385,88,189,0,59.05,0.0046897549217909,1.641987538605266e-05,-4.636174424419712,0.19236708159696927,0.06087706288957981,-0.01466813971363025,2.2276306595108846,5.120966067070613e-08,0.00016233653861068734,-3.910505802936661e-05,-0.6150418330069589,93.78824987041833,-0.0042412656648727065,1.3720546546683615e-05,0.003368297105498478,24305,0.43089179765418606,0.0116,index_dividend_yield,0.065,11.24,65,24285.05,24313,24268.6,24252,mid_price,ok
2026-08-24T04:29:37.382481+00:00,2026-08-24T09:59:37.382481+05:30,NIFTY,25-Aug-2026,26550.0,PE,24269.75,2038.05,780,2374.6,780,0.0,2206.325,0,0,0,0,0,,,,,,,,,,,,,,,0.003368297105498478,,,,,,11.24,65,24285.05,24313,24268.6,24252,mid_price,no_price_available
2026-08-24T04:29:37.382481+00:00,2026-08-24T09:59:37.382481+05:30,NIFTY,25-Aug-2026,26600.0,CE,24269.75,0.4,1430,0.45,6110,0.4,0.42500000000000004,974,51,415,0,59.54,0.004260619472567512,1.4947136719202346e-05,-4.290397507720047,0.17656630751980967,0.05611311224822763,-0.013632326148194656,2.079218980790984,4.6836275755371636e-08,0.00015091036172339102,-3.66497227170643e-05,-0.5770126196871022,93.84161997775425,-0.0038459499437003787,1.2443006820394533e-05,0.003368297105498478,24305,0.43089179765418606,0.0116,index_dividend_yield,0.065,11.24,65,24285.05,24313,24268.6,24252,mid_price,ok
2026-08-24T04:29:37.382481+00:00,2026-08-24T09:59:37.382481+05:30,NIFTY,25-Aug-2026,26600.0,PE,24269.75,2094.45,780,2386.4,780,0.0,2240.425,0,0,0,0,0,,,,,,,,,,,,,,,0.003368297105498478,,,,,,11.24,65,24285.05,24313,24268.6,24252,mid_price,no_price_available
2026-08-24T04:29:37.382481+00:00,2026-08-24T09:59:37.382481+05:30,NIFTY,25-Aug-2026,26650.0,CE,24269.75,0.35,1950,0.45,2470,0.4,0.4,347,32,149,0,60.65,0.004203712721846049,1.4498187931503615e-05,-4.31784543987775,0.17445584620936966,0.05453413132771364,-0.013494806535258546,2.024219644577621,4.464827406460309e-08,0.00014431796774136738,-3.5698714015448366e-05,-0.5719272962579083,92.25315280259782,-0.0037867599861805255,1.2024025917841467e-05,0.003368297105498478,24305,0.43089179765418606,0.0116,index_dividend_yield,0.065,11.24,65,24285.05,24313,24268.6,24252,mid_price,wide_quote_low_liquidity
2026-08-24T04:29:37.382481+00:00,2026-08-24T09:59:37.382481+05:30,NIFTY,25-Aug-2026,26650.0,PE,24269.75,2131.1,780,2387.35,780,0.0,2259.225,0,0,0,0,0,,,,,,,,,,,,,,,0.003368297105498478,,,,,,11.24,65,24285.05,24313,24268.6,24252,mid_price,no_price_available
2026-08-24T04:29:37.382481+00:00,2026-08-24T09:59:37.382481+05:30,NIFTY,25-Aug-2026,26700.0,CE,24269.75,0.35,1950,0.5,2080,0.4,0.425,699,-38,428,0,61.76,0.004150840333559543,1.4077318281173204e-05,-4.347077314587926,0.1724917049142006,0.053048951653912775,-0.013366676202879449,1.972300228607865,4.261699323219103e-08,0.00013816843161831472,-3.479989012444396e-05,-0.5671812827897836,90.71522388220653,-0.0037314363505457117,1.1631293444998477e-05,0.003368297105498478,24305,0.43089179765418606,0.0116,index_dividend_yield,0.065,11.24,65,24285.05,24313,24268.6,24252,mid_price,wide_quote_low_liquidity
2026-08-24T04:29:37.382481+00:00,2026-08-24T09:59:37.382481+05:30,NIFTY,25-Aug-2026,26700.0,PE,24269.75,2177.25,780,2568.5,780,0.0,2372.875,0,0,0,0,0,,,,,,,,,,,,,,,0.003368297105498478,,,,,,11.24,65,24285.05,24313,24268.6,24252,mid_price,no_price_available
2026-08-24T04:29:37.382481+00:00,2026-08-24T09:59:37.382481+05:30,NIFTY,25-Aug-2026,26750.0,CE,24269.75,0.4,260,0.45,2080,0.4,0.42500000000000004,463,197,382,-11.11111111111111,62.87,0.0041017016784687665,1.3682198828052713e-05,-4.378021789857892,0.1706633849295455,0.051650141215192624,-0.013247297924152388,1.9232290281052111,4.072801433837888e-08,0.00013242342533576506,-3.394940336301385e-05,-0.5627525476045608,89.22550249057295,-0.0036796856992153603,1.1262606999999092e-05,0.003368297105498478,24305,0.43089179765418606,0.0116,index_dividend_yield,0.065,11.24,65,24285.05,24313,24268.6,24252,mid_price,ok
2026-08-24T04:29:37.382481+00:00,2026-08-24T09:59:37.382481+05:30,NIFTY,25-Aug-2026,26750.0,PE,24269.75,2240.05,780,2582.1,780,0.0,2411.075,0,0,0,0,0,,,,,,,,,,,,,,,0.003368297105498478,,,,,,11.24,65,24285.05,24313,24268.6,24252,mid_price,no_price_available
2026-08-24T04:29:37.382481+00:00,2026-08-24T09:59:37.382481+05:30,NIFTY,25-Aug-2026,26800.0,CE,24269.75,0.4,7345,0.45,20020,0.45,0.42500000000000004,1021,27,787,-10,63.97,0.004050994002233121,1.3298036863907674e-05,-4.4050281684635255,0.16877374249420365,0.05029071850870884,-0.013123539890379763,1.8755912537870705,3.894414311682484e-08,0.00012699340696857776,-3.3124170168032595e-05,-0.5581542225347709,87.8051345245293,-0.0036267499249974335,1.0905574525796712e-05,0.003368297105498478,24305,0.43089179765418606,0.0116,index_dividend_yield,0.065,11.24,65,24285.05,24313,24268.6,24252,mid_price,ok
2026-08-24T04:29:37.382481+00:00,2026-08-24T09:59:37.382481+05:30,NIFTY,25-Aug-2026,26800.0,PE,24269.75,2468.7,780,2602.75,780,0.0,2535.725,2,0,0,0,39.43,-0.9999529249644831,6.522455918029674e-08,3.992064981508313,0.0005102451992296621,0.0003985647041848672,-9.711177670706702e-05,0.02421973699923808,5.662139053342572e-10,2.9304487793054608e-06,-4.776076111189633e-07,-0.004182855148232794,-9.610065129743651,0.9997738716966371,5.348994730068319e-08,0.003368297105498478,24305,0.43089179765418606,0.0116,index_dividend_yield,0.065,11.24,65,24285.05,24313,24268.6,24252,mid_price,ok
2026-08-24T04:29:37.382481+00:00,2026-08-24T09:59:37.382481+05:30,NIFTY,25-Aug-2026,26850.0,CE,24269.75,0.35,1235,0.45,2210,0.4,0.4,331,-6,92,0,65.06,0.003998856317722881,1.2924477559932063e-05,-4.428166829658527,0.1668276581236708,0.04896917572954186,-0.012995695870903129,1.8293232448599732,3.725783322988958e-08,0.00012185550934541656,-3.232300649276876e-05,-0.5533964266474081,86.44980718327247,-0.003572760223674909,1.0559783694342037e-05,0.003368297105498478,24305,0.43089179765418606,0.0116,index_dividend_yield,0.065,11.24,65,24285.05,24313,24268.6,24252,mid_price,wide_quote_low_liquidity
2026-08-24T04:29:37.382481+00:00,2026-08-24T09:59:37.382481+05:30,NIFTY,25-Aug-2026,26850.0,PE,24269.75,2256.7,780,2694.55,780,0.0,2475.625,0,0,0,0,0,,,,,,,,,,,,,,,0.003368297105498478,,,,,,11.24,65,24285.05,24313,24268.6,24252,mid_price,no_price_available
2026-08-24T04:29:37.382481+00:00,2026-08-24T09:59:37.382481+05:30,NIFTY,25-Aug-2026,26900.0,CE,24269.75,0.35,5915,0.4,13585,0.35,0.375,2054,86,651,-12.5,65.39,0.0035982234465764796,1.1698042885274237e-05,-4.048527130069059,0.15176287459462945,0.04490963987853762,-0.011979125048561273,1.700095872990831,3.401864071330581e-08,0.00011315513872657103,-3.0164741242485433e-05,-0.5152786562900111,86.82605160925692,-0.00320900381420841,9.522242879476735e-06,0.003368297105498478,24305,0.43089179765418606,0.0116,index_dividend_yield,0.065,11.24,65,24285.05,24313,24268.6,24252,mid_price,ok
2026-08-24T04:29:37.382481+00:00,2026-08-24T09:59:37.382481+05:30,NIFTY,25-Aug-2026,26900.0,PE,24269.75,2554.15,780,2761.8,780,0.0,2657.9750000000004,1,0,0,0,0,,,,,,,,,,,,,,,0.003368297105498478,24305,0.43089179765418606,0.0116,index_dividend_yield,0.065,11.24,65,24285.05,24313,24268.6,24252,mid_price,no_nse_iv
2026-08-24T04:29:37.382481+00:00,2026-08-24T09:59:37.382481+05:30,NIFTY,25-Aug-2026,26950.0,CE,24269.75,0.35,845,0.4,3380,0.35,0.375,277,99,143,-12.5,66.46,0.003552600998469036,1.1378619584214568e-05,-4.067688112600549,0.15003442306868559,0.04376155617306899,-0.011863306070978833,1.6592592553937857,3.259183737054575e-08,0.00010871694281289937,-2.9453700244333527e-05,-0.5109032395367583,85.53879599403324,-0.0031618837020113222,9.227895006349574e-06,0.003368297105498478,24305,0.43089179765418606,0.0116,index_dividend_yield,0.065,11.24,65,24285.05,24313,24268.6,24252,mid_price,ok
2026-08-24T04:29:37.382481+00:00,2026-08-24T09:59:37.382481+05:30,NIFTY,25-Aug-2026,26950.0,PE,24269.75,2359.55,780,2786.45,780,0.0,2573.0,0,0,0,0,0,,,,,,,,,,,,,,,0.003368297105498478,,,,,,11.24,65,24285.05,24313,24268.6,24252,mid_price,no_price_available
2026-08-24T04:29:37.382481+00:00,2026-08-24T09:59:37.382481+05:30,NIFTY,25-Aug-2026,27000.0,CE,24269.75,0.3,39910,0.35,38090,0.35,0.32499999999999996,3040,87,1465,0,68.33,0.003862321261302982,1.1928901268996935e-05,-4.5074907909245505,0.16171595224313637,0.0454256723753663,-0.012659260644420852,1.704441564305409,3.2836576278331356e-08,0.00010826921742010878,-3.0155903891285762e-05,-0.5408383146642446,82.61245284712187,-0.003429737224750163,9.638368383840329e-06,0.003368297105498478,24305,0.43089179765418606,0.0116,index_dividend_yield,0.065,11.24,65,24285.05,24313,24268.6,24252,mid_price,wide_quote_low_liquidity
2026-08-24T04:29:37.382481+00:00,2026-08-24T09:59:37.382481+05:30,NIFTY,25-Aug-2026,27000.0,PE,24269.75,2668.3,780,2739.5,780,0.0,2703.9,634,0,0,0,84.57,,,,,,,,,,,,,,,0.003368297105498478,,,,,,11.24,65,24285.05,24313,24268.6,24252,mid_price,no_price_available
2026-08-24T04:29:37.382481+00:00,2026-08-24T09:59:37.382481+05:30,NIFTY,25-Aug-2026,27050.0,CE,24269.75,0.3,910,0.35,4940,0.3,0.32499999999999996,547,81,389,-25,68.61,0.003474232139577592,1.0803460593848961e-05,-4.115570469397105,0.14705889861827304,0.041681593645623335,-0.011663880884964005,1.5847587741501246,3.0027072038151765e-08,0.00010067539864160677,-2.8153565780995984e-05,-0.5033532084079859,83.04923353141355,-0.003079610322084458,8.696789507089953e-06,0.003368297105498478,24305,0.43089179765418606,0.0116,index_dividend_yield,0.065,11.24,65,24285.05,24313,24268.6,24252,mid_price,wide_quote_low_liquidity
2026-08-24T04:29:37.382481+00:00,2026-08-24T09:59:37.382481+05:30,NIFTY,25-Aug-2026,27050.0,PE,24269.75,2449.45,780,2900,780,0.0,2674.725,0,0,0,0,0,,,,,,,,,,,,,,,0.003368297105498478,,,,,,11.24,65,24285.05,24313,24268.6,24252,mid_price,no_price_available
2026-08-24T04:29:37.382481+00:00,2026-08-24T09:59:37.382481+05:30,NIFTY,25-Aug-2026,27100.0,CE,24269.75,0.3,8905,0.35,6500,0.3,0.32499999999999996,1429,63,714,-14.285714285714286,68.77,0.003079436747353278,9.670190932909473e-06,-3.7008981905884233,0.1319395720162414,0.03785396639141309,-0.01061813330902183,1.4605024619544908,2.7229468042336816e-08,9.298201876662114e-05,-2.606110094940063e-05,-0.4634140375397855,83.72537892785274,-0.002724889799861943,7.755808419823791e-06,0.003368297105498478,24305,0.43089179765418606,0.0116,index_dividend_yield,0.065,11.24,65,24285.05,24313,24268.6,24252,mid_price,wide_quote_low_liquidity
2026-08-24T04:29:37.382481+00:00,2026-08-24T09:59:37.382481+05:30,NIFTY,25-Aug-2026,27100.0,PE,24269.75,2665.55,780,2865.85,780,0.0,2765.7,2,0,0,0,0,,,,,,,,,,,,,,,0.003368297105498478,,,,,,11.24,65,24285.05,24313,24268.6,24252,mid_price,no_price_available
2026-08-24T04:29:37.382481+00:00,2026-08-24T09:59:37.382481+05:30,NIFTY,25-Aug-2026,27150.0,CE,24269.75,0.3,6110,0.35,20540,0.3,0.32499999999999996,1309,69,333,-14.285714285714286,69.83,0.0030487316623722914,9.437838270940502e-06,-3.7240024438000963,0.13075417670080966,0.036996371016307594,-0.010537084760436148,1.4291302685984912,2.619024163682861e-08,8.963888696545724e-05,-2.550977771009807e-05,-0.46029377457038184,82.5392218300137,-0.002692283950745339,7.541599556227788e-06,0.003368297105498478,24305,0.43089179765418606,0.0116,index_dividend_yield,0.065,11.24,65,24285.05,24313,24268.6,24252,mid_price,wide_quote_low_liquidity
2026-08-24T04:29:37.382481+00:00,2026-08-24T09:59:37.382481+05:30,NIFTY,25-Aug-2026,27150.0,PE,24269.75,2593.7,780,2973.4,780,0.0,2783.55,0,0,0,0,0,,,,,,,,,,,,,,,0.003368297105498478,,,,,,11.24,65,24285.05,24313,24268.6,24252,mid_price,no_price_available
2026-08-24T04:29:37.382481+00:00,2026-08-24T09:59:37.382481+05:30,NIFTY,25-Aug-2026,27200.0,CE,24269.75,0.3,154570,0.35,109265,0.3,0.32499999999999996,5547,311,9370,0,71.81,0.0033652698404830744,1.0030684825716941e-05,-4.185340983463856,0.14290798934906085,0.0388759020725311,-0.011384684324861574,1.4838820747955506,2.6703410376874008e-08,9.01847602268119e-05,-2.6391212045882865e-05,-0.49274826757835716,79.61019091086135,-0.0029650121523157875,7.985891071237839e-06,0.003368297105498478,24305,0.43089179765418606,0.0116,index_dividend_yield,0.065,11.24,65,24285.05,24313,24268.6,24252,mid_price,wide_quote_low_liquidity
2026-08-24T04:29:37.382481+00:00,2026-08-24T09:59:37.382481+05:30,NIFTY,25-Aug-2026,27200.0,PE,24269.75,2804.05,780,2971.65,780,0.0,2887.8500000000004,18,0,0,0,0,,,,,,,,,,,,,,,0.003368297105498478,,,,,,11.24,65,24285.05,24313,24268.6,24252,mid_price,no_price_available
2026-08-24T04:35:52.383990+00:00,2026-08-24T10:05:52.383990+05:30,NIFTY,25-Aug-2026,21200.0,CE,24271,3095.4,65,3119.15,65,3150,3107.275,115,-1,1,1.6129032258064515,182.21,0.9091908300667656,6.37834086532265e-05,-173.54605415474632,2.2978927097282043,-0.11035550900972968,0.08188240570451166,2.07313300626355,-3.5878801604106604e-08,2.2539255805557965e-05,-1.670362085064251e-05,-2.4750258606435906,6.922923663917307,-0.8905400357936953,8.360097517206865e-05,0.00335640588565449,24304,0.4048151143168119,0.0116,index_dividend_yield,0.065,11.31,65,24285.05,24313,24267.3,24252,mid_price,ok
2026-08-24T04:35:52.383990+00:00,2026-08-24T10:05:52.383990+05:30,NIFTY,25-Aug-2026,21200.0,PE,24271,0.25,157560,0.3,593190,0.3,0.275,40039,-1997,18155,-25,84.34,-0.0025809791912315707,6.735445178109669e-06,-3.8568853124071167,0.11231809187445206,-0.02602491134082825,0.008931416933091485,1.0234456996201304,-1.631576284261002e-08,5.338738151875395e-05,-1.829153425892755e-05,-0.39715676955180623,-67.71544097778215,0.002998492309635674,8.828154484018657e-06,0.00335640588565449,24304,0.4048151143168119,0.0116,index_dividend_yield,0.065,11.31,65,24285.05,24313,24267.3,24252,mid_price,wide_quote_low_liquidity
2026-08-24T04:35:52.383990+00:00,2026-08-24T10:05:52.383990+05:30,NIFTY,25-Aug-2026,21250.0,CE,24271,3045.9,65,3213.85,780,0.0,3129.875,1,0,0,0,60.38,0.9998950323147349,3.155204606493314e-07,-3.1046872077439236,0.0037667816883667545,-0.001680493251721149,0.00044814773818875717,0.09032572637652689,-1.493924740325901e-09,7.043380691600278e-06,-1.7375372108482762e-06,-0.023937773886141288,8.023414483698685,-0.9997058128420309,4.1160912968701326e-07,0.00335640588565449,24304,0.4048151143168119,0.0116,index_dividend_yield,0.065,11.31,65,24285.05,24313,24267.3,24252,mid_price,ok
2026-08-24T04:35:52.383990+00:00,2026-08-24T10:05:52.383990+05:30,NIFTY,25-Aug-2026,21250.0,PE,24271,0.3,5980,0.35,30030,0.3,0.32499999999999996,2638,217,933,-40,84.07,-0.002914860405566015,7.541300619676093e-06,-4.290575047865965,0.12535368788951984,-0.0287209861501356,0.00982352530648322,1.1135018105516563,-1.806462544030045e-08,5.801807782297207e-05,-1.9812764183588942e-05,-0.4320964310259764,-67.2310562564303,0.003378770213323536,9.83792993451181e-06,0.00335640588565449,24304,0.4048151143168119,0.0116,index_dividend_yield,0.065,11.31,65,24285.05,24313,24267.3,24252,mid_price,wide_quote_low_liquidity
2026-08-24T04:35:52.383990+00:00,2026-08-24T10:05:52.383990+05:30,NIFTY,25-Aug-2026,21300.0,CE,24271,3005,195,3055.65,780,3012,3030.325,53,-4,4,-1.8892508143322475,151.89,0.9369426798172661,5.795435345251671e-05,-110.68036122146296,1.7404640682548456,-0.11750239528501849,0.07264975420937697,2.527752205491507,-4.389936111741913e-08,4.601420401160978e-05,-2.8429986028713887e-05,-2.272098681270069,7.49227292147623,-0.9251332041601886,7.524925399288469e-05,0.00335640588565449,24304,0.4048151143168119,0.0116,index_dividend_yield,0.065,11.31,65,24285.05,24313,24267.3,24252,mid_price,ok
2026-08-24T04:35:52.383990+00:00,2026-08-24T10:05:52.383990+05:30,NIFTY,25-Aug-2026,21300.0,PE,24271,0.25,182715,0.3,166725,0.25,0.275,12992,-181,4759,-44.44444444444444,81.64,-0.0026504358168565573,7.127153442426063e-06,-3.823740204521014,0.1150453102116429,-0.027468000332477427,0.009123799810753513,1.0768776188088205,-1.7780902500781857e-08,5.7983348964318065e-05,-1.9227971559446038e-05,-0.4047329647044012,-69.82794875754026,0.0030633790536669105,9.254058542380163e-06,0.00335640588565449,24304,0.4048151143168119,0.0116,index_dividend_yield,0.065,11.31,65,24285.05,24313,24267.3,24252,mid_price,wide_quote_low_liquidity
2026-08-24T04:35:52.383990+00:00,2026-08-24T10:05:52.383990+05:30,NIFTY,25-Aug-2026,21350.0,CE,24271,2652.15,2470,3111.1,780,0.0,2881.625,0,0,0,0,0,,,,,,,,,,,,,,,0.00335640588565449,,,,,,11.31,65,24285.05,24313,24267.3,24252,mid_price,no_price_available
2026-08-24T04:35:52.383990+00:00,2026-08-24T10:05:52.383990+05:30,NIFTY,25-Aug-2026,21350.0,PE,24271,0.3,9815,0.35,3380,0.3,0.32499999999999996,1047,145,712,-45.45454545454545,80.29,-0.002685950584855957,7.334629505949986e-06,-3.8058174755415366,0.11643658344926532,-0.02823117969841704,0.00922166353667691,1.1050850529156706,-1.8577745870158638e-08,6.047672392158799e-05,-1.9721971686315977e-05,-0.4085779065097381,-70.93715356954463,0.0030964730242676475,9.47889610224624e-06,0.00335640588565449,24304,0.4048151143168119,0.0116,index_dividend_yield,0.065,11.31,65,24285.05,24313,24267.3,24252,mid_price,wide_quote_low_liquidity
2026-08-24T04:35:52.383990+00:00,2026-08-24T10:05:52.383990+05:30,NIFTY,25-Aug-2026,21400.0,CE,24271,2892.4,65,3268.95,780,0.0,3080.675,1,0,0,0,157.04,0.9237747301945277,6.487544899756435e-05,-131.86239884073348,2.0143757180542945,-0.1222572746025774,0.07815509576238575,2.4603334519890385,-4.4710684587610765e-08,3.79266826327964e-05,-2.4221184926521864e-05,-2.3938522598330794,7.592301724855484,-0.9097113063029885,8.345035151761553e-05,0.00335640588565449,24304,0.4048151143168119,0.0116,index_dividend_yield,0.065,11.31,65,24285.05,24313,24267.3,24252,mid_price,ok
2026-08-24T04:35:52.383990+00:00,2026-08-24T10:05:52.383990+05:30,NIFTY,25-Aug-2026,21400.0,PE,24271,0.25,123955,0.3,60385,0.3,0.275,9231,-7,8522,-33.333333333333336,78.94,-0.002722014151285017,7.550438926151787e-06,-3.786981752182777,0.11784716397125995,-0.029024180342115045,0.009320693429834319,1.1343595675762235,-1.9421773095462748e-08,6.311319072217104e-05,-2.0234405831234022e-05,-0.4124625503780502,-72.08404331740728,0.00313002425503868,9.712253128657494e-06,0.00335640588565449,24304,0.4048151143168119,0.0116,index_dividend_yield,0.065,11.31,65,24285.05,24313,24267.3,24252,mid_price,wide_quote_low_liquidity
2026-08-24T04:35:52.383990+00:00,2026-08-24T10:05:52.383990+05:30,NIFTY,25-Aug-2026,21450.0,CE,24271,2518.65,780,3002.15,780,0.0,2760.4,0,0,0,0,0,,,,,,,,,,,,,,,0.00335640588565449,,,,,,11.31,65,24285.05,24313,24267.3,24252,mid_price,no_price_available
2026-08-24T04:35:52.383990+00:00,2026-08-24T10:05:52.383990+05:30,NIFTY,25-Aug-2026,21450.0,PE,24271,0.3,9750,0.4,6500,0.3,0.35,801,28,101,-50,79.53,-0.0033785421189213793,9.104719765022063e-06,-4.6348846181598296,0.1431684687765862,-0.03408641962997596,0.011025463168072637,1.2982122917270937,-2.264396765714583e-08,7.111077423241944e-05,-2.296640590508925e-05,-0.4784247733632792,-70.20835489250926,0.003877321977513588,1.1657014337197425e-05,0.00335640588565449,24304,0.4048151143168119,0.0116,index_dividend_yield,0.065,11.31,65,24285.05,24313,24267.3,24252,mid_price,wide_quote_low_liquidity
2026-08-24T04:35:52.383990+00:00,2026-08-24T10:05:52.383990+05:30,NIFTY,25-Aug-2026,21500.0,CE,24271,2801.8,325,2804.85,325,2806,2803.325,4672,-54,86,0.7775602923483039,138.09,0.9402962843299871,6.107994975452042e-05,-96.82428443528205,1.6676723001370908,-0.12690308747548285,0.07131516083289909,2.779367060963933,-5.151051281552088e-08,5.756480083595237e-05,-3.232262892567873e-05,-2.241430192831407,8.07524924543609,-0.9300359539756327,7.783897202293237e-05,0.00335640588565449,24304,0.4048151143168119,0.0116,index_dividend_yield,0.065,11.31,65,24285.05,24313,24267.3,24252,mid_price,ok
2026-08-24T04:35:52.383990+00:00,2026-08-24T10:05:52.383990+05:30,NIFTY,25-Aug-2026,21500.0,PE,24271,0.3,315900,0.35,314080,0.3,0.32499999999999996,22650,-1412,7638,-45.45454545454545,77.25,-0.003117470582126427,8.719292854579246e-06,-4.187598691793128,0.13317710412688574,-0.032985521446247855,0.0103636368791871,1.268610756697569,-2.2549278340654925e-08,7.177044210093924e-05,-2.2513798131917713e-05,-0.453015626470342,-72.8219598791292,0.003567588721095889,1.1111678960035793e-05,0.00335640588565449,24304,0.4048151143168119,0.0116,index_dividend_yield,0.065,11.31,65,24285.05,24313,24267.3,24252,mid_price,wide_quote_low_liquidity
2026-08-24T04:35:52.383990+00:00,2026-08-24T10:05:52.383990+05:30,NIFTY,25-Aug-2026,21550.0,CE,24271,2501.7,780,2985.35,780,0.0,2743.5249999999996,0,0,0,0,0,,,,,,,,,,,,,,,0.00335640588565449,24304,0.4048151143168119,0.0116,index_dividend_yield,0.065,11.31,65,24285.05,24313,24267.3,24252,mid_price,no_nse_iv
2026-08-24T04:35:52.383990+00:00,2026-08-24T10:05:52.383990+05:30,NIFTY,25-Aug-2026,21550.0,PE,24271,0.35,3575,0.45,17355,0.4,0.4,690,42,156,-33.333333333333336,76.78,-0.0034731036264578916,9.667653306423671e-06,-4.58652787818216,0.14676381419774198,-0.03609090837679838,0.011268660742478055,1.3698999479239415,-2.4821395242451787e-08,7.764674812880456e-05,-2.4206910658678554e-05,-0.4877004511246553,-72.57808714341212,0.003965528837489783,1.2263144881512213e-05,0.00335640588565449,24304,0.4048151143168119,0.0116,index_dividend_yield,0.065,11.31,65,24285.05,24313,24267.3,24252,mid_price,wide_quote_low_liquidity
2026-08-24T04:35:52.383990+00:00,2026-08-24T10:05:52.383990+05:30,NIFTY,25-Aug-2026,21600.0,CE,24271,2462.15,780,2799.75,780,0.0,2630.95,0,0,0,0,0,,,,,,,,,,,,,,,0.00335640588565449,,,,,,11.31,65,24285.05,24313,24267.3,24252,mid_price,no_price_available
2026-08-24T04:35:52.383990+00:00,2026-08-24T10:05:52.383990+05:30,NIFTY,25-Aug-2026,21600.0,PE,24271,0.35,16900,0.4,17420,0.35,0.375,3154,-94,1399,-41.666666666666664,75.41,-0.0035235930634706348,9.97170705020122e-06,-4.563217106682605,0.1486785327466404,-0.03716973170681047,0.011397619901440089,1.408336770742688,-2.602149978750515e-08,8.123208823136842e-05,-2.4871020193251605e-05,-0.49260618165373077,-73.81850119638605,0.0040129472069014484,1.2590336844912536e-05,0.00335640588565449,24304,0.4048151143168119,0.0116,index_dividend_yield,0.065,11.31,65,24285.05,24313,24267.3,24252,mid_price,ok
2026-08-24T04:35:52.383990+00:00,2026-08-24T10:05:52.383990+05:30,NIFTY,25-Aug-2026,21650.0,CE,24271,2410.3,780,2953.3,780,0.0,2681.8,0,0,0,0,0,,,,,,,,,,,,,,,0.00335640588565449,24304,0.4048151143168119,0.0116,index_dividend_yield,0.065,11.31,65,24285.05,24313,24267.3,24252,mid_price,no_nse_iv
2026-08-24T04:35:52.383990+00:00,2026-08-24T10:05:52.383990+05:30,NIFTY,25-Aug-2026,21650.0,PE,24271,0.35,9295,0.45,5395,0.35,0.4,760,133,491,-50,73.18,-0.0032555164519275253,9.570196028155764e-06,-4.1240430550381655,0.138472347007512,-0.03604392767190992,0.010725607989627737,1.3789916804054503,-2.599402733401902e-08,8.222798152292976e-05,-2.4429979248408764e-05,-0.46694161103859483,-76.63201678091849,0.0036972624271786577,1.2027638670894762e-05,0.00335640588565449,24304,0.4048151143168119,0.0116,index_dividend_yield,0.065,11.31,65,24285.05,24313,24267.3,24252,mid_price,wide_quote_low_liquidity
2026-08-24T04:35:52.383990+00:00,2026-08-24T10:05:52.383990+05:30,NIFTY,25-Aug-2026,21700.0,CE,24271,2585.35,780,2623.75,65,0.0,2604.55,10,0,0,0,56.19,0.9996923513745615,1.2634655483332116e-06,-3.4131640532592513,0.014036933771272013,-0.006091805612895573,0.0014295525696828432,0.2964925946029144,-5.797649139726007e-09,2.4438465688649767e-05,-5.588678462146713e-06,-0.07380464405194045,9.423305804730566,-0.999478804265755,1.5805901715177285e-06,0.00335640588565449,24304,0.4048151143168119,0.0116,index_dividend_yield,0.065,11.31,65,24285.05,24313,24267.3,24252,mid_price,ok
2026-08-24T04:35:52.383990+00:00,2026-08-24T10:05:52.383990+05:30,NIFTY,25-Aug-2026,21700.0,PE,24271,0.35,17225,0.4,4745,0.4,0.375,3798,-38,1344,-38.46153846153846,72.67,-0.003627828841462434,1.0622060439380395e-05,-4.513507139970186,0.15262080605091427,-0.039472326613489324,0.01166217459468173,1.4901801313091516,-2.8662714974854307e-08,8.909606530358353e-05,-2.6283629920715208e-05,-0.5026426342362451,-76.4373035069586,0.0041107360277311865,1.3288153645265975e-05,0.00335640588565449,24304,0.4048151143168119,0.0116,index_dividend_yield,0.065,11.31,65,24285.05,24313,24267.3,24252,mid_price,ok
2026-08-24T04:35:52.383990+00:00,2026-08-24T10:05:52.383990+05:30,NIFTY,25-Aug-2026,21750.0,CE,24271,2189,780,2724.9,780,0.0,2456.95,0,0,0,0,0,,,,,,,,,,,,,,,0.00335640588565449,,,,,,11.31,65,24285.05,24313,24267.3,24252,mid_price,no_price_available
2026-08-24T04:35:52.383990+00:00,2026-08-24T10:05:52.383990+05:30,NIFTY,25-Aug-2026,21750.0,PE,24271,0.4,3770,0.45,5655,0.45,0.42500000000000004,922,29,153,-30.76923076923077,72.06,-0.003999395129764952,1.1690438220069876e-05,-4.884170255658482,0.16656159209159582,-0.04290983677864794,0.012569632889930047,1.6001911348291487,-3.141837521733536e-08,9.608898110056522e-05,-2.8106182173842145e-05,-0.5367985028975482,-76.41543136297635,0.004521361078075973,1.4557527160999306e-05,0.00335640588565449,24304,0.4048151143168119,0.0116,index_dividend_yield,0.065,11.31,65,24285.05,24313,24267.3,24252,mid_price,ok
2026-08-24T04:35:52.383990+00:00,2026-08-24T10:05:52.383990+05:30,NIFTY,25-Aug-2026,21800.0,CE,24271,2457.3,780,2523.6,65,0.0,2490.45,1,0,0,0,57.37,0.9993891414377718,2.4946959957615982e-06,-3.7705519853414655,0.028297775339493444,-0.011293017099067715,0.0026723740250396456,0.5164766095094309,-1.0472680227264324e-08,4.1183098486458025e-05,-9.602551351333017e-06,-0.13237723426465675,9.800733966884312,-0.9991394234041592,3.092288342816624e-06,0.00335640588565449,24304,0.4048151143168119,0.0116,index_dividend_yield,0.065,11.31,65,24285.05,24313,24267.3,24252,mid_price,ok
2026-08-24T04:35:52.383990+00:00,2026-08-24T10:05:52.383990+05:30,NIFTY,25-Aug-2026,21800.0,PE,24271,0.35,26715,0.4,9230,0.35,0.375,4637,-688,3176,-53.333333333333336,69.12,-0.0034065310867760702,1.0553921347911207e-05,-4.056591528605773,0.14423391678431186,-0.03956085008717178,0.011116396851985308,1.505186381497478,-3.019124392462974e-08,9.486861553300385e-05,-2.661538786324245e-05,-0.4818946661005581,-80.86343588558015,0.0038395586954441964,1.308206210720519e-05,0.00335640588565449,24304,0.4048151143168119,0.0116,index_dividend_yield,0.065,11.31,65,24285.05,24313,24267.3,24252,mid_price,ok
2026-08-24T04:35:52.383990+00:00,2026-08-24T10:05:52.383990+05:30,NIFTY,25-Aug-2026,21850.0,CE,24271,2093.9,780,2592.35,780,0.0,2343.125,0,0,0,0,0,,,,,,,,,,,,,,,0.00335640588565449,,,,,,11.31,65,24285.05,24313,24267.3,24252,mid_price,no_price_available
2026-08-24T04:35:52.383990+00:00,2026-08-24T10:05:52.383990+05:30,NIFTY,25-Aug-2026,21850.0,PE,24271,0.4,17615,0.45,4680,0.45,0.42500000000000004,1045,304,1853,-43.75,69.3,-0.004122600185026298,1.2490701466330262e-05,-4.825809729178027,0.17114723127002487,-0.04569508482955842,0.01287074744519012,1.6974655497298679,-3.477589234948718e-08,0.00010586039092997845,-2.977335207645839e-05,-0.5480411453212026,-79.27570763228464,0.004637153397232047,1.5412010156384852e-05,0.00335640588565449,24304,0.4048151143168119,0.0116,index_dividend_yield,0.065,11.31,65,24285.05,24313,24267.3,24252,mid_price,ok
2026-08-24T04:35:52.383990+00:00,2026-08-24T10:05:52.383990+05:30,NIFTY,25-Aug-2026,21900.0,CE,24271,2395.9,65,2488.7,780,0.0,2442.3,6,0,0,0,53.6,0.9995293993226636,2.0578389420940067e-06,-3.603361341160373,0.021808509542947944,-0.009550797420043722,0.0021192097613718847,0.44742292744724516,-9.524227415663917e-09,3.837887517605056e-05,-8.362694621038357e-06,-0.10674592428439446,10.214911677337923,-0.9992995437389104,2.5275426478902733e-06,0.00335640588565449,24304,0.4048151143168119,0.0116,index_dividend_yield,0.065,11.31,65,24285.05,24313,24267.3,24252,mid_price,ok
2026-08-24T04:35:52.383990+00:00,2026-08-24T10:05:52.383990+05:30,NIFTY,25-Aug-2026,21900.0,PE,24271,0.4,63180,0.45,64545,0.45,0.42500000000000004,3857,-29,1369,-40,67.93,-0.0041912789136422865,1.293236164158295e-05,-4.800527851889888,0.1736957810396689,-0.047223404933408736,0.013037144145699146,1.7505197634459095,-3.6657173056677695e-08,0.0001112952807921087,-3.068036793189779e-05,-0.5542351284777344,-80.77073794749097,0.00470255608865278,1.5884185549418924e-05,0.00335640588565449,24304,0.4048151143168119,0.0116,index_dividend_yield,0.065,11.31,65,24285.05,24313,24267.3,24252,mid_price,ok
2026-08-24T04:35:52.383990+00:00,2026-08-24T10:05:52.383990+05:30,NIFTY,25-Aug-2026,21950.0,CE,24271,2127.35,780,2483.7,780,0.0,2305.5249999999996,0,0,0,0,0,,,,,,,,,,,,,,,0.00335640588565449,,,,,,11.31,65,24285.05,24313,24267.3,24252,mid_price,no_price_available
2026-08-24T04:35:52.383990+00:00,2026-08-24T10:05:52.383990+05:30,NIFTY,25-Aug-2026,21950.0,PE,24271,0.4,15340,0.5,13325,0.45,0.45,1398,140,801,-47.05882352941177,66.55,-0.004257089202905334,1.3385743119594234e-05,-4.768659206097572,0.17613284927844486,-0.048794428204225124,0.013196029499328079,1.8051258085147737,-3.865579295171654e-08,0.0001170717981242882,-3.1614193794442434e-05,-0.5601371748186416,-82.34679144265833,0.004764398725783616,1.636623480730466e-05,0.00335640588565449,24304,0.4048151143168119,0.0116,index_dividend_yield,0.065,11.31,65,24285.05,24313,24267.3,24252,mid_price,wide_quote_low_liquidity
2026-08-24T04:35:52.383990+00:00,2026-08-24T10:05:52.383990+05:30,NIFTY,25-Aug-2026,22000.0,CE,24271,2302.05,390,2306.95,65,2307.35,2304.5,6456,-168,201,0.9008418060566306,117.81,0.9300062564583899,8.101127909949585e-05,-93.62022789643764,1.8870241568676442,-0.1603718075045557,0.07684162289650272,3.328671844093689,-7.549573557497489e-08,7.413798434525613e-05,-3.546669013480806e-05,-2.363977933461642,9.697979148356982,-0.9202121768460815,9.859967154790124e-05,0.00335640588565449,24304,0.4048151143168119,0.0116,index_dividend_yield,0.065,11.31,65,24285.05,24313,24267.3,24252,mid_price,ok
2026-08-24T04:35:52.383990+00:00,2026-08-24T10:05:52.383990+05:30,NIFTY,25-Aug-2026,22000.0,PE,24271,0.45,772590,0.5,498030,0.45,0.475,58582,-1331,18275,-43.75,65.18,-0.004329753664047452,1.387545684570161e-05,-4.741351556481627,0.17881809408383706,-0.05048271659588909,0.013370315271693911,1.8634962321718156,-4.0827995112270976e-08,0.00012331042595239893,-3.2610217362919616e-05,-0.5665976315942642,-83.96596609202568,0.004833590879536517,1.688796304380004e-05,0.00335640588565449,24304,0.4048151143168119,0.0116,index_dividend_yield,0.065,11.31,65,24285.05,24313,24267.3,24252,mid_price,ok
2026-08-24T04:35:52.383990+00:00,2026-08-24T10:05:52.383990+05:30,NIFTY,25-Aug-2026,22050.0,CE,24271,2083.2,780,2327.5,780,0.0,2205.35,0,0,0,0,0,,,,,,,,,,,,,,,0.00335640588565449,,,,,,11.31,65,24285.05,24313,24267.3,24252,mid_price,no_price_available
2026-08-24T04:35:52.383990+00:00,2026-08-24T10:05:52.383990+05:30,NIFTY,25-Aug-2026,22050.0,PE,24271,0.5,41015,0.55,17680,0.55,0.525,1805,-221,1357,-38.888888888888886,65.01,-0.005059978353956868,1.5986947075353812e-05,-5.434051517765725,0.20549228329462543,-0.05696421065203407,0.015044875779642298,2.0598917773859413,-4.617850367651532e-08,0.00013566418051556131,-3.57800830708653e-05,-0.6279706626764833,-82.96787615285724,0.005636778001364485,1.936973549157021e-05,0.00335640588565449,24304,0.4048151143168119,0.0116,index_dividend_yield,0.065,11.31,65,24285.05,24313,24267.3,24252,mid_price,ok
2026-08-24T04:35:52.383990+00:00,2026-08-24T10:05:52.383990+05:30,NIFTY,25-Aug-2026,22100.0,CE,24271,2014.35,780,2295.35,780,0.0,2154.85,0,0,0,0,0,,,,,,,,,,,,,,,0.00335640588565449,,,,,,11.31,65,24285.05,24313,24267.3,24252,mid_price,no_price_available
2026-08-24T04:35:52.383990+00:00,2026-08-24T10:05:52.383990+05:30,NIFTY,25-Aug-2026,22100.0,PE,24271,0.55,83980,0.6,143975,0.55,0.575,6184,-4820,10921,-42.10526315789474,64.15,-0.005468058207566632,1.7358533744582883e-05,-5.744763222015604,0.22017069495099142,-0.06120525845224999,0.015949056200341795,2.190042119482649,-5.027110966443735e-08,0.00014560602341526411,-3.789028952249629e-05,-0.6606045134973814,-83.47105341194192,0.006077158190939039,2.093648793412504e-05,0.00335640588565449,24304,0.4048151143168119,0.0116,index_dividend_yield,0.065,11.31,65,24285.05,24313,24267.3,24252,mid_price,ok
2026-08-24T04:35:52.383990+00:00,2026-08-24T10:05:52.383990+05:30,NIFTY,25-Aug-2026,22150.0,CE,24271,2140.4,65,2173.15,65,0.0,2156.775,2,0,0,0,0,,,,,,,,,,,,,,,0.00335640588565449,24304,0.4048151143168119,0.0116,index_dividend_yield,0.065,11.31,65,24285.05,24313,24267.3,24252,mid_price,no_nse_iv
2026-08-24T04:35:52.383990+00:00,2026-08-24T10:05:52.383990+05:30,NIFTY,25-Aug-2026,22150.0,PE,24271,0.5,50115,0.55,35035,0.55,0.525,4831,69,2821,-35.294117647058826,62.22,-0.005236026390496398,1.7220097807856772e-05,-5.360722452137963,0.21184364245976667,-0.06111000239031284,0.015444039037974585,2.199613483181151,-5.174453079913665e-08,0.00015112304938434394,-3.813842468584598e-05,-0.6424186689951836,-86.4477923427884,0.005803776899129328,2.0675855735954242e-05,0.00335640588565449,24304,0.4048151143168119,0.0116,index_dividend_yield,0.065,11.31,65,24285.05,24313,24267.3,24252,mid_price,ok
2026-08-24T04:35:52.383990+00:00,2026-08-24T10:05:52.383990+05:30,NIFTY,25-Aug-2026,22200.0,CE,24271,2093.45,65,2123.35,65,0.0,2108.3999999999996,5,0,0,0,92.83,0.9543173408743896,7.345024612700777e-05,-54.09135965388835,1.3481289048079548,-0.16884746057732603,0.06370821799814733,4.009157516016271,-9.807799080867355e-08,0.00013930814102222644,-5.2490284125668895e-05,-2.061814554294851,11.029980219978448,-0.9487523272005258,8.779355740261021e-05,0.00335640588565449,24304,0.4048151143168119,0.0116,index_dividend_yield,0.065,11.31,65,24285.05,24313,24267.3,24252,mid_price,ok
2026-08-24T04:35:52.383990+00:00,2026-08-24T10:05:52.383990+05:30,NIFTY,25-Aug-2026,22200.0,PE,24271,0.55,60125,0.6,31265,0.55,0.575,7758,-1969,6721,-42.10526315789474,60.83,-0.005331741350776879,1.789968240153324e-05,-5.325630977280461,0.21528459591369978,-0.06338333299471836,0.015659019208064198,2.275823517304168,-5.4889021869915886e-08,0.00015979551130863599,-3.9421580462391106e-05,-0.6501723725510613,-88.29121448458947,0.005895152010423685,2.1395119516552113e-05,0.00335640588565449,24304,0.4048151143168119,0.0116,index_dividend_yield,0.065,11.31,65,24285.05,24313,24267.3,24252,mid_price,ok
2026-08-24T04:35:52.383990+00:00,2026-08-24T10:05:52.383990+05:30,NIFTY,25-Aug-2026,22250.0,CE,24271,2040.2,65,2073.35,65,0.0,2056.775,1,0,0,0,0,,,,,,,,,,,,,,,0.00335640588565449,24304,0.4048151143168119,0.0116,index_dividend_yield,0.065,11.31,65,24285.05,24313,24267.3,24252,mid_price,no_nse_iv
2026-08-24T04:35:52.383990+00:00,2026-08-24T10:05:52.383990+05:30,NIFTY,25-Aug-2026,22250.0,PE,24271,0.55,65715,0.6,41210,0.55,0.575,4171,-238,3268,-42.10526315789474,59.94,-0.005766040162290419,1.9474112700516397e-05,-5.625281188605665,0.23079385010767095,-0.06822253285720686,0.01660559579992509,2.423304171788751,-5.994281248094953e-08,0.0001719857438119724,-4.1803240628440404e-05,-0.6840892804435212,-88.94120586354299,0.0063604963927464744,2.317250523280718e-05,0.00335640588565449,24304,0.4048151143168119,0.0116,index_dividend_yield,0.065,11.31,65,24285.05,24313,24267.3,24252,mid_price,ok
2026-08-24T04:35:52.383990+00:00,2026-08-24T10:05:52.383990+05:30,NIFTY,25-Aug-2026,22300.0,CE,24271,1993.35,65,2009,65,0.0,2001.175,28,0,0,0,58.98,0.9937691369548705,2.108181492060475e-05,-9.094691953048587,0.24584567871755802,-0.07312606496751028,0.017543377858299625,2.5716353956209135,-6.528183357720995e-08,0.00018477898743860427,-4.4188072921004424e-05,-0.7162197336161554,12.202695832375685,-0.9929675831177963,2.4973166386464942e-05,0.00335640588565449,24304,0.4048151143168119,0.0116,index_dividend_yield,0.065,11.31,65,24285.05,24313,24267.3,24252,mid_price,ok
2026-08-24T04:35:52.383990+00:00,2026-08-24T10:05:52.383990+05:30,NIFTY,25-Aug-2026,22300.0,PE,24271,0.55,116155,0.6,96590,0.6,0.575,9074,-142,5710,-40,58.54,-0.005875159868567498,2.0274277660097198e-05,-5.585506926872865,0.2346647852713833,-0.07086086757088868,0.01684294657680582,2.5104498218200684,-6.374306974694981e-08,0.00018226103174114505,-4.326051968984349e-05,-0.692537203622218,-90.92430433829882,0.0064647667612784945,2.401657121447076e-05,0.00335640588565449,24304,0.4048151143168119,0.0116,index_dividend_yield,0.065,11.31,65,24285.05,24313,24267.3,24252,mid_price,ok
2026-08-24T04:35:52.383990+00:00,2026-08-24T10:05:52.383990+05:30,NIFTY,25-Aug-2026,22350.0,CE,24271,1943.8,65,1972.95,65,0.0,1958.375,2,0,0,0,0,,,,,,,,,,,,,,,0.00335640588565449,24304,0.4048151143168119,0.0116,index_dividend_yield,0.065,11.31,65,24285.05,24313,24267.3,24252,mid_price,no_nse_iv
2026-08-24T04:35:52.383990+00:00,2026-08-24T10:05:52.383990+05:30,NIFTY,25-Aug-2026,22350.0,PE,24271,0.6,50960,0.65,43420,0.6,0.625,2876,40,1614,-45.45454545454545,57.59,-0.006325668704597595,2.2003068609425174e-05,-5.866082220920782,0.2505417727322837,-0.07611207883684865,0.017794914260693583,2.6685354453086783,-6.957929558323948e-08,0.00019614908247246108,-4.579549023917052e-05,-0.726202169745221,-91.77126412136965,0.006944217996606504,2.5947979045712775e-05,0.00335640588565449,24304,0.4048151143168119,0.0116,index_dividend_yield,0.065,11.31,65,24285.05,24313,24267.3,24252,mid_price,ok
2026-08-24T04:35:52.383990+00:00,2026-08-24T10:05:52.383990+05:30,NIFTY,25-Aug-2026,22400.0,CE,24271,1899.7,65,1936.1,845,1944.15,1917.9,31,0,12,14.17706651005726,120.03,0.8831321427789656,0.00011629922218237923,-137.99433098760156,2.760046702191231,-0.18338876353501954,0.08948852108983374,3.0711225572426226,-8.675974303728267e-08,3.2515229860318004e-05,-1.5735980661617034e-05,-2.62411933822037,10.856571411480868,-0.8687574123630122,0.0001365388101689555,0.00335640588565449,24304,0.4048151143168119,0.0116,index_dividend_yield,0.065,11.31,65,24285.05,24313,24267.3,24252,mid_price,ok
2026-08-24T04:35:52.383990+00:00,2026-08-24T10:05:52.383990+05:30,NIFTY,25-Aug-2026,22400.0,PE,24271,0.65,99190,0.7,31785,0.7,0.675,5842,344,6865,-36.36363636363637,56.6,-0.006787399863121038,2.3827151336059082e-05,-6.135252707858881,0.26664802351416633,-0.0815996463344325,0.018747168430468433,2.8321175905772487,-7.5881919191105e-08,0.00021097457545019374,-4.8403562675983617e-05,-0.7595361637463828,-92.74009006756624,0.00743362999282955,2.7973797520668776e-05,0.00335640588565449,24304,0.4048151143168119,0.0116,index_dividend_yield,0.065,11.31,65,24285.05,24313,24267.3,24252,mid_price,ok
2026-08-24T04:35:52.383990+00:00,2026-08-24T10:05:52.383990+05:30,NIFTY,25-Aug-2026,22450.0,CE,24271,1848.55,65,1881.5,780,0.0,1865.025,1,0,0,0,0,,,,,,,,,,,,,,,0.00335640588565449,24304,0.4048151143168119,0.0116,index_dividend_yield,0.065,11.31,65,24285.05,24313,24267.3,24252,mid_price,no_nse_iv
2026-08-24T04:35:52.383990+00:00,2026-08-24T10:05:52.383990+05:30,NIFTY,25-Aug-2026,22450.0,PE,24271,0.7,53820,0.75,36530,0.7,0.725,2624,-130,2329,-41.666666666666664,55.57,-0.007258399105815145,2.5749287816171226e-05,-6.390396358510052,0.28291464744949346,-0.08733099055682368,0.019695836967909715,3.001433734186126,-8.269635163868696e-08,0.0002268362715472816,-5.108835016675504e-05,-0.7924181474257085,-93.83926149613926,0.00793077723913914,3.0095937165934475e-05,0.00335640588565449,24304,0.4048151143168119,0.0116,index_dividend_yield,0.065,11.31,65,24285.05,24313,24267.3,24252,mid_price,ok
2026-08-24T04:35:52.383990+00:00,2026-08-24T10:05:52.383990+05:30,NIFTY,25-Aug-2026,22500.0,CE,24271,1803.45,65,1806.85,65,1805,1805.15,2477,-345,686,1.0468566310250238,93.83,0.9227810180286624,0.00010965509806968981,-80.85714472008888,2.0343251042118133,-0.211226257561814,0.0805247907385843,4.230265783143228,-1.227745045414058e-07,0.000111156220591638,-4.2251617926164385e-05,-2.4418701515454195,12.293624076800343,-0.9144441864196936,0.00012759660875829963,0.00335640588565449,24304,0.4048151143168119,0.0116,index_dividend_yield,0.065,11.31,65,24285.05,24313,24267.3,24252,mid_price,ok
2026-08-24T04:35:52.383990+00:00,2026-08-24T10:05:52.383990+05:30,NIFTY,25-Aug-2026,22500.0,PE,24271,0.7,245375,0.75,346645,0.7,0.725,71674,-15246,50054,-46.15384615384615,54.14,-0.007404714619157071,2.6898477733675423e-05,-6.3357111149932965,0.28793586835217405,-0.09098725818053625,0.019989564002095013,3.117871469581562,-8.842626096297466e-08,0.0002415824495295181,-5.300094506892783e-05,-0.8025344085599224,-96.14699537930748,0.00807062435184143,3.12995437512295e-05,0.00335640588565449,24304,0.4048151143168119,0.0116,index_dividend_yield,0.065,11.31,65,24285.05,24313,24267.3,24252,mid_price,ok
2026-08-24T04:35:52.383990+00:00,2026-08-24T10:05:52.383990+05:30,NIFTY,25-Aug-2026,22550.0,CE,24271,1743.4,195,1789.05,845,0.0,1766.225,22,0,0,0,0,,,,,,,,,,,,,,,0.00335640588565449,24304,0.4048151143168119,0.0116,index_dividend_yield,0.065,11.31,65,24285.05,24313,24267.3,24252,mid_price,no_nse_iv
2026-08-24T04:35:52.383990+00:00,2026-08-24T10:05:52.383990+05:30,NIFTY,25-Aug-2026,22550.0,PE,24271,0.75,89310,0.8,46865,0.8,0.775,4089,60,4210,-36,53.07,-0.007904013779188397,2.9063381084795847e-05,-6.576947785341469,0.3049615165083086,-0.09736753104473651,0.02096513615669944,3.304073116117412,-9.651027140505994e-08,0.00026011925981375293,-5.5930919730708905e-05,-0.8359233027681322,-97.45026906446124,0.008594540799350413,3.36688578910894e-05,0.00335640588565449,24304,0.4048151143168119,0.0116,index_dividend_yield,0.065,11.31,65,24285.05,24313,24267.3,24252,mid_price,ok
2026-08-24T04:35:52.383990+00:00,2026-08-24T10:05:52.383990+05:30,NIFTY,25-Aug-2026,22600.0,CE,24271,1695.3,325,1723.05,65,0.0,1709.175,35,0,0,0,0,,,,,,,,,,,,,,,0.00335640588565449,24304,0.4048151143168119,0.0116,index_dividend_yield,0.065,11.31,65,24285.05,24313,24267.3,24252,mid_price,no_nse_iv
2026-08-24T04:35:52.383990+00:00,2026-08-24T10:05:52.383990+05:30,NIFTY,25-Aug-2026,22600.0,PE,24271,0.8,83005,0.85,84760,0.8,0.825,4780,-506,6062,-38.46153846153846,51.63,-0.008069992385231841,3.042485467914548e-05,-6.515627717876994,0.3105849820193765,-0.10163996676792325,0.021287916517219733,3.438215738890915,-1.0354886345429337e-07,0.0002778777496702707,-5.8117710650842324e-05,-0.8468995103102807,-99.97906293056133,0.008753356779084492,3.509029140223709e-05,0.00335640588565449,24304,0.4048151143168119,0.0116,index_dividend_yield,0.065,11.31,65,24285.05,24313,24267.3,24252,mid_price,ok
2026-08-24T04:35:52.383990+00:00,2026-08-24T10:05:52.383990+05:30,NIFTY,25-Aug-2026,22650.0,CE,24271,1638.9,780,1673.3,65,0.0,1656.1,33,0,0,0,0,,,,,,,,,,,,,,,0.00335640588565449,24304,0.4048151143168119,0.0116,index_dividend_yield,0.065,11.31,65,24285.05,24313,24267.3,24252,mid_price,no_nse_iv
2026-08-24T04:35:52.383990+00:00,2026-08-24T10:05:52.383990+05:30,NIFTY,25-Aug-2026,22650.0,PE,24271,0.8,62465,0.85,39130,0.8,0.825,2686,287,4158,-40.74074074074074,50.19,-0.008244491529504502,3.189163760335818e-05,-6.453193587934421,0.31647822240081547,-0.10622647385191263,0.021624424140927283,3.581675101940518,-1.1132384392876366e-07,0.00029738428308873576,-6.045121850046202e-05,-0.858305907678001,-102.64599983589964,0.008920595687187926,3.661978146228678e-05,0.00335640588565449,24304,0.4048151143168119,0.0116,index_dividend_yield,0.065,11.31,65,24285.05,24313,24267.3,24252,mid_price,ok
2026-08-24T04:35:52.383990+00:00,2026-08-24T10:05:52.383990+05:30,NIFTY,25-Aug-2026,22700.0,CE,24271,1594.35,65,1623.15,65,0.0,1608.75,72,0,0,0,68.73,0.9558630988031295,9.649150476084335e-05,-39.89242694944602,1.3112492040274035,-0.22592681483490917,0.06302812713960146,5.416395589915135,-1.7428843039598052e-07,0.00025818731399913333,-7.187805789947259e-05,-2.0451040068248463,14.5660639589553,-0.9518514080650833,0.00011030944646466258,0.00335640588565449,24304,0.4048151143168119,0.0116,index_dividend_yield,0.065,11.31,65,24285.05,24313,24267.3,24252,mid_price,ok
2026-08-24T04:35:52.383990+00:00,2026-08-24T10:05:52.383990+05:30,NIFTY,25-Aug-2026,22700.0,PE,24271,0.8,130065,0.85,127075,0.85,0.825,12065,-2747,18045,-39.285714285714285,49.38,-0.009145094464066656,3.549980133497533e-05,-6.9523717092032795,0.3465986148308975,-0.11636036373791937,0.02330060559220183,3.8608319753991314,-1.2388386774471676e-07,0.00032354770488109955,-6.469606420498844e-05,-0.9145815781198186,-103.21489908531738,0.00987273383968121,4.0583504678183156e-05,0.00335640588565449,24304,0.4048151143168119,0.0116,index_dividend_yield,0.065,11.31,65,24285.05,24313,24267.3,24252,mid_price,ok
2026-08-24T04:35:52.383990+00:00,2026-08-24T10:05:52.383990+05:30,NIFTY,25-Aug-2026,22750.0,CE,24271,1519.3,780,1575.5,845,0.0,1547.4,7,0,0,0,33.55,0.999554856067573,3.107403505992742e-06,-3.5599632587875796,0.02061294243390539,-0.014547230736294825,0.0020180517468976426,0.6849318503415365,-2.4296962484855976e-08,9.39886481807458e-05,-1.2791400209051151e-05,-0.10198906865230489,15.907616819998623,-0.9993462858547888,3.536797459396026e-06,0.00335640588565449,24304,0.4048151143168119,0.0116,index_dividend_yield,0.065,11.31,65,24285.05,24313,24267.3,24252,mid_price,ok
2026-08-24T04:35:52.383990+00:00,2026-08-24T10:05:52.383990+05:30,NIFTY,25-Aug-2026,22750.0,PE,24271,0.85,122720,0.9,72995,0.85,0.875,4725,-83,6721,-41.37931034482759,47.92,-0.009349630515089056,3.729641454714483e-05,-6.877615403386259,0.353373279676275,-0.12186262257634847,0.02367651602821597,4.029314549292728,-1.33692862013244e-07,0.00034743845527822033,-6.74044470694267e-05,-0.9270805766707594,-106.13773100206146,0.010068699119544106,4.2450188384138016e-05,0.00335640588565449,24304,0.4048151143168119,0.0116,index_dividend_yield,0.065,11.31,65,24285.05,24313,24267.3,24252,mid_price,ok
2026-08-24T04:35:52.383990+00:00,2026-08-24T10:05:52.383990+05:30,NIFTY,25-Aug-2026,22800.0,CE,24271,1484.45,780,1522.95,65,0.0,1503.7,72,0,0,0,62.41,0.9600939184829769,9.793064155795786e-05,-33.924722907457785,1.208433056202555,-0.2363053444028873,0.05983655320917257,5.822172299423722,-1.9977836244854576e-07,0.0003149109378570918,-7.956619251361469e-05,-1.966377278549864,15.64623840087496,-0.9567152523404007,0.00011097476809598399,0.00335640588565449,24304,0.4048151143168119,0.0116,index_dividend_yield,0.065,11.31,65,24285.05,24313,24267.3,24252,mid_price,ok
2026-08-24T04:35:52.383990+00:00,2026-08-24T10:05:52.383990+05:30,NIFTY,25-Aug-2026,22800.0,PE,24271,0.85,257855,0.9,194090,0.85,0.875,21352,-1546,29568,-41.37931034482759,46.47,-0.009578899781419481,3.9283642642784145e-05,-6.8111767035029915,0.360939355612749,-0.12790347067052119,0.02409347816506816,4.2128166630353565,-1.4470095436048545e-07,0.00037397499855379467,-7.034089369575226e-05,-0.9408939463251537,-109.19535647485549,0.010290289107122683,4.4516129608610965e-05,0.00335640588565449,24304,0.4048151143168119,0.0116,index_dividend_yield,0.065,11.31,65,24285.05,24313,24267.3,24252,mid_price,ok
2026-08-24T04:35:52.383990+00:00,2026-08-24T10:05:52.383990+05:30,NIFTY,25-Aug-2026,22850.0,CE,24271,1454.45,65,1482.6,780,0.0,1468.525,29,0,0,0,0,,,,,,,,,,,,,,,0.00335640588565449,24304,0.4048151143168119,0.0116,index_dividend_yield,0.065,11.31,65,24285.05,24313,24267.3,24252,mid_price,no_nse_iv
2026-08-24T04:35:52.383990+00:00,2026-08-24T10:05:52.383990+05:30,NIFTY,25-Aug-2026,22850.0,PE,24271,0.9,149500,0.95,95810,0.95,0.925,8083,238,18017,-38.70967741935484,45.55,-0.010549485568735084,4.359890174278968e-05,-7.261822813597828,0.3926573627187801,-0.13976454060623741,0.02580088457637757,4.532274530794051,-1.6122816688194088e-07,0.0004075259599302528,-7.511616582358618e-05,-0.9969168177166882,-110.26265006152339,0.01130716479701706,4.919018786713835e-05,0.00335640588565449,24304,0.4048151143168119,0.0116,index_dividend_yield,0.065,11.31,65,24285.05,24313,24267.3,24252,mid_price,ok
2026-08-24T04:35:52.383990+00:00,2026-08-24T10:05:52.383990+05:30,NIFTY,25-Aug-2026,22900.0,CE,24271,1394.75,65,1422.85,65,0.0,1408.8,60,0,0,0,49.99,0.9786995535166392,7.254347478775876e-05,-17.858461888335306,0.7170200589663749,-0.20394751385183207,0.04134506948802906,5.81681605545431,-2.1374962573116989e-07,0.0004433925701170479,-8.96818674153004e-05,-1.4707951942596942,17.205142274402853,-0.9770035868531568,8.148970207112775e-05,0.00335640588565449,24304,0.4048151143168119,0.0116,index_dividend_yield,0.065,11.31,65,24285.05,24313,24267.3,24252,mid_price,ok
2026-08-24T04:35:52.383990+00:00,2026-08-24T10:05:52.383990+05:30,NIFTY,25-Aug-2026,22900.0,PE,24271,0.95,489710,1,272805,1,0.975,33007,2965,30424,-37.5,44.08,-0.010819099454520233,4.6053936589433506e-05,-7.182255458146594,0.4013822461826935,-0.14707133997750482,0.02626764220244279,4.749470194321203,-1.753205821293272e-07,0.0004404674548997355,-7.854663885228286e-05,-1.0120829803357771,-113.65596972961293,0.011567718752521841,5.173341341665129e-05,0.00335640588565449,24304,0.4048151143168119,0.0116,index_dividend_yield,0.065,11.31,65,24285.05,24313,24267.3,24252,mid_price,ok
2026-08-24T04:35:52.383990+00:00,2026-08-24T10:05:52.383990+05:30,NIFTY,25-Aug-2026,22950.0,CE,24271,1341.3,65,1372.5,65,0.0,1356.9,2,0,0,0,58.16,0.9537839320916163,0.00011833456823894867,-35.448765287696254,1.3607734991659879,-0.2744478218711377,0.06472263282743022,6.4951903443524195,-2.4846668870584415e-07,0.00036136730690463736,-8.498978480361872e-05,-2.0860220593480325,17.264757818140566,-0.9502592210912524,0.0001323492825234601,0.00335640588565449,24304,0.4048151143168119,0.0116,index_dividend_yield,0.065,11.31,65,24285.05,24313,24267.3,24252,mid_price,ok
2026-08-24T04:35:52.383990+00:00,2026-08-24T10:05:52.383990+05:30,NIFTY,25-Aug-2026,22950.0,PE,24271,0.95,116220,1,68250,1,0.975,5812,632,8472,-39.39393939393939,42.6,-0.01109193173600686,4.8697827916906566e-05,-7.091711499244441,0.41017482764971214,-0.15492575022243124,0.0267349728715644,4.982520363243953,-1.9111733286169095e-07,0.00047723249722444414,-8.222137835311003e-05,-1.027205378370744,-117.3146117946103,0.011830373164163967,5.446525627438896e-05,0.00335640588565449,24304,0.4048151143168119,0.0116,index_dividend_yield,0.065,11.31,65,24285.05,24313,24267.3,24252,mid_price,ok
2026-08-24T04:35:52.383990+00:00,2026-08-24T10:05:52.383990+05:30,NIFTY,25-Aug-2026,23000.0,CE,24271,1305.95,65,1309.95,65,1312.15,1307.95,3873,-48,203,1.6500755316264477,74.12,0.8993835542797172,0.00016909603278696876,-77.92221217429277,2.4780989503646027,-0.29371898257624096,0.08829814228855655,5.279242244153659,-2.137858659479215e-07,0.0001320978891586436,-3.938107463760819e-05,-2.5974177869753636,16.4664731043365,-0.8914468973926608,0.0001883011997382435,0.00335640588565449,24304,0.4048151143168119,0.0116,index_dividend_yield,0.065,11.31,65,24285.05,24313,24267.3,24252,mid_price,ok
2026-08-24T04:35:52.383990+00:00,2026-08-24T10:05:52.383990+05:30,NIFTY,25-Aug-2026,23000.0,PE,24271,0.95,630955,1,561080,1,0.975,164438,-13308,128744,-42.857142857142854,41.13,-0.011400520222681792,5.165589404758405e-05,-7.010745762699914,0.42007651913047683,-0.16363899512510538,0.027257062694950946,5.238691337646956,-2.0910742975509683e-07,0.0005185977005915154,-8.62376548315554e-05,-1.044026874748669,-121.17197793527416,0.01212980757878069,5.752273818845768e-05,0.00335640588565449,24304,0.4048151143168119,0.0116,index_dividend_yield,0.065,11.31,65,24285.05,24313,24267.3,24252,mid_price,ok
2026-08-24T04:35:52.383990+00:00,2026-08-24T10:05:52.383990+05:30,NIFTY,25-Aug-2026,23050.0,CE,24271,1241.3,65,1283.25,780,0.0,1262.275,6,0,0,0,0,,,,,,,,,,,,,,,0.00335640588565449,24304,0.4048151143168119,0.0116,index_dividend_yield,0.065,11.31,65,24285.05,24313,24267.3,24252,mid_price,no_nse_iv
2026-08-24T04:35:52.383990+00:00,2026-08-24T10:05:52.383990+05:30,NIFTY,25-Aug-2026,23050.0,PE,24271,1,120445,1.05,79950,1.05,1.025,7247,300,17275,-36.36363636363637,39.88,-0.012117302058224312,5.6170114827940714e-05,-7.16543595019019,0.4429046866330593,-0.17615131149210927,0.028441488685377075,5.581389710279494,-2.320993892802876e-07,0.0005669949468461274,-9.138905236904722e-05,-1.0819087623136272,-124.15083074804166,0.012861948947310142,6.227859305005862e-05,0.00335640588565449,24304,0.4048151143168119,0.0116,index_dividend_yield,0.065,11.31,65,24285.05,24313,24267.3,24252,mid_price,ok
2026-08-24T04:35:52.383990+00:00,2026-08-24T10:05:52.383990+05:30,NIFTY,25-Aug-2026,23100.0,CE,24271,1199.8,260,1210.15,130,1240,1204.975,65,0,3,3.553384274917533,83.15,0.8540978972087124,0.0001957169381948019,-112.00323537797111,3.217662440565473,-0.2768941247414669,0.09335618427973877,4.104973512981003,-1.8397085350524191e-07,1.4310570213470967e-05,-4.364634969233438e-06,-2.696409059993293,16.39040148122993,-0.8426431612733049,0.00021606269743802,0.00335640588565449,24304,0.4048151143168119,0.0116,index_dividend_yield,0.065,11.31,65,24285.05,24313,24267.3,24252,mid_price,ok
2026-08-24T04:35:52.383990+00:00,2026-08-24T10:05:52.383990+05:30,NIFTY,25-Aug-2026,23100.0,PE,24271,1,498680,1.05,351845,1.05,1.025,22779,-6033,65330,-38.23529411764706,38.61,-0.012877321733618422,6.115564985639555e-05,-7.310632485289986,0.4668595010782783,-0.1898286158763321,0.029664779109674997,5.952036087472218,-2.5828803117395454e-07,0.0006212850330494901,-9.691439382790815e-05,-1.1206339783990713,-127.38543008468082,0.013636321107527204,6.751308697868656e-05,0.00335640588565449,24304,0.4048151143168119,0.0116,index_dividend_yield,0.065,11.31,65,24285.05,24313,24267.3,24252,mid_price,ok
2026-08-24T04:35:52.383990+00:00,2026-08-24T10:05:52.383990+05:30,NIFTY,25-Aug-2026,23150.0,CE,24271,1150.7,65,1163,65,1197.75,1156.85,10,0,1,4.433690818728747,83.47,0.8426989471562777,0.00020496834923086876,-118.013522219609,3.382727635298202,-0.27593129595793187,0.09336440136520152,3.9022559613612895,-1.8347167472668195e-07,-9.111034221170942e-06,3.6015072591549146e-06,-2.7001948812189096,16.710423985532856,-0.8306337300338352,0.00022529946125477367,0.00335640588565449,24304,0.4048151143168119,0.0116,index_dividend_yield,0.065,11.31,65,24285.05,24313,24267.3,24252,mid_price,ok
2026-08-24T04:35:52.383990+00:00,2026-08-24T10:05:52.383990+05:30,NIFTY,25-Aug-2026,23150.0,PE,24271,1.05,140725,1.1,200980,1.1,1.0750000000000002,18492,-1552,30822,-33.333333333333336,37.11,-0.013258017779411005,6.525027073128708e-05,-7.203802595305577,0.4787657638455016,-0.20157922468288894,0.03026726035072009,6.288380121334924,-2.854278144168813e-07,0.0006812037000898929,-0.0001020906669474119,-1.1395602485573877,-132.13128762394965,0.014005213612136375,7.172254105402685e-05,0.00335640588565449,24304,0.4048151143168119,0.0116,index_dividend_yield,0.065,11.31,65,24285.05,24313,24267.3,24252,mid_price,ok
2026-08-24T04:35:52.383990+00:00,2026-08-24T10:05:52.383990+05:30,NIFTY,25-Aug-2026,23200.0,CE,24271,1103.35,260,1108.95,65,1110,1106.15,305,8,21,2.0689655172413794,65.43,0.8876373440541305,0.00020745991029272304,-74.6218753844857,2.6838665683268115,-0.3431540385003262,0.09095618376601189,5.858939220657611,-2.812221659860793e-07,0.0001358191128517631,-3.548014974328827e-05,-2.6473547617156834,19.132104289332048,-0.8800770975430239,0.00022705629998693528,0.00335640588565449,24304,0.4048151143168119,0.0116,index_dividend_yield,0.065,11.31,65,24285.05,24313,24267.3,24252,mid_price,ok
2026-08-24T04:35:52.383990+00:00,2026-08-24T10:05:52.383990+05:30,NIFTY,25-Aug-2026,23200.0,PE,24271,0.95,622570,1,490750,1,0.975,58003,-2091,94899,-45.945945945945944,35.62,-0.01369401710613156,6.990543980251913e-05,-7.108276711784311,0.49232818822566926,-0.21480408078435562,0.030946852307012006,6.662796669383658,-3.169602405449177e-07,0.000749793038004415,-0.00010780925950282545,-1.1607953654327874,-137.1857863259647,0.014430613954371603,7.650861551093698e-05,0.00335640588565449,24304,0.4048151143168119,0.0116,index_dividend_yield,0.065,11.31,65,24285.05,24313,24267.3,24252,mid_price,ok
2026-08-24T04:35:52.383990+00:00,2026-08-24T10:05:52.383990+05:30,NIFTY,25-Aug-2026,23250.0,CE,24271,1041.65,65,1072.5,65,0.0,1057.075,32,0,0,0,40.53,0.9677822803266499,0.0001265215443225052,-20.024067549678097,1.0138901468032806,-0.32488832876148566,0.05328325042369937,8.449960246532772,-4.1768928689860686e-07,0.0007422911453226815,-0.00012135250903669692,-1.7985546603957667,22.752787178324567,-0.9658789146257266,0.00013787766196701902,0.00335640588565449,24304,0.4048151143168119,0.0116,index_dividend_yield,0.065,11.31,65,24285.05,24313,24267.3,24252,mid_price,ok
2026-08-24T04:35:52.383990+00:00,2026-08-24T10:05:52.383990+05:30,NIFTY,25-Aug-2026,23250.0,PE,24271,1,233220,1.05,135590,1.05,1.025,22451,-2113,36549,-44.73684210526316,34.12,-0.014149285685751639,7.506581375599492e-05,-7.001335856983745,0.5064085551552236,-0.22939914498215813,0.03164531432229649,7.074151506037851,-3.5350177934853127e-07,0.0008286075285152198,-0.0001140671591354172,-1.1824963532762012,-142.71606992657416,0.014874133776905154,8.180345054867685e-05,0.00335640588565449,24304,0.4048151143168119,0.0116,index_dividend_yield,0.065,11.31,65,24285.05,24313,24267.3,24252,mid_price,ok
2026-08-24T04:35:52.383990+00:00,2026-08-24T10:05:52.383990+05:30,NIFTY,25-Aug-2026,23300.0,CE,24271,1000.65,260,1009.25,65,1008.1,1004.95,384,-30,49,1.8077156130074732,59.86,0.8848618460634208,0.00023074421797963956,-69.67995292573573,2.730972671429875,-0.37803795665769524,0.09159726303686963,6.377915815343638,-3.3674972765360626e-07,0.00015340873527865193,-3.6511898216174416e-05,-2.658970741083542,20.991959944187062,-0.8778283500618788,0.00025037693902975593,0.00335640588565449,24304,0.4048151143168119,0.0116,index_dividend_yield,0.065,11.31,65,24285.05,24313,24267.3,24252,mid_price,ok
2026-08-24T04:35:52.383990+00:00,2026-08-24T10:05:52.383990+05:30,NIFTY,25-Aug-2026,23300.0,PE,24271,1.05,710320,1.1,298350,1.05,1.0750000000000002,56626,-2651,118513,-47.5,32.79,-0.01507147011041135,8.247185771164402e-05,-7.10155942153345,0.5346837785396911,-0.24923161755277012,0.03302674261325252,7.598423538209997,-3.9957156076595884e-07,0.0009204968042792114,-0.00012170907147875608,-1.2250539889796448,-147.44950148829668,0.01580602995852909,8.948892184921846e-05,0.00335640588565449,24304,0.4048151143168119,0.0116,index_dividend_yield,0.065,11.31,65,24285.05,24313,24267.3,24252,mid_price,ok
2026-08-24T04:35:52.383990+00:00,2026-08-24T10:05:52.383990+05:30,NIFTY,25-Aug-2026,23350.0,CE,24271,941.75,65,972.45,65,0.0,957.1,38,0,0,0,0,,,,,,,,,,,,,,,0.00335640588565449,24304,0.4048151143168119,0.0116,index_dividend_yield,0.065,11.31,65,24285.05,24313,24267.3,24252,mid_price,no_nse_iv
2026-08-24T04:35:52.383990+00:00,2026-08-24T10:05:52.383990+05:30,NIFTY,25-Aug-2026,23350.0,PE,24271,1.1,132535,1.15,146055,1.15,1.125,13148,2465,30443,-47.72727272727273,31.45,-0.016090889524309256,9.095354280853156e-05,-7.202019202019447,0.5655748442406283,-0.2716293693290073,0.034507356706879884,8.181731092217703,-4.539283773070295e-07,0.0010265537333774288,-0.00013010316495613348,-1.27014323415141,-152.5820507780769,0.016835183448462843,9.827005316490966e-05,0.00335640588565449,24304,0.4048151143168119,0.0116,index_dividend_yield,0.065,11.31,65,24285.05,24313,24267.3,24252,mid_price,ok
2026-08-24T04:35:52.383990+00:00,2026-08-24T10:05:52.383990+05:30,NIFTY,25-Aug-2026,23400.0,CE,24271,904.9,65,908.65,65,908.6,906.775,409,-30,40,2.556577684970935,55.58,0.8762564729320333,0.0002614844288842172,-68.13014186487705,2.8735197679170064,-0.4134350734032455,0.0929211805748363,6.724063791078372,-3.952892185558215e-07,0.00014141324335039795,-3.092036340935486e-05,-2.68309771392974,23.023864070877433,-0.8693974406113816,0.0002813127769854932,0.00335640588565449,24304,0.4048151143168119,0.0116,index_dividend_yield,0.065,11.31,65,24285.05,24313,24267.3,24252,mid_price,ok
2026-08-24T04:35:52.383990+00:00,2026-08-24T10:05:52.383990+05:30,NIFTY,25-Aug-2026,23400.0,PE,24271,1.1,646880,1.15,199095,1.15,1.125,70420,8158,176771,-51.06382978723404,29.92,-0.016694430933962105,9.866695357291377e-05,-7.0679349219924505,0.5836911692822488,-0.2927387287175696,0.03536093569853009,8.756766363175572,-5.144591918301161e-07,0.0011504720735773732,-0.00013861733337292877,-1.2958964324554159,-159.72430992628546,0.017424245517835005,0.00010614886257179505,0.00335640588565449,24304,0.4048151143168119,0.0116,index_dividend_yield,0.065,11.31,65,24285.05,24313,24267.3,24252,mid_price,ok
2026-08-24T04:35:52.383990+00:00,2026-08-24T10:05:52.383990+05:30,NIFTY,25-Aug-2026,23450.0,CE,24271,854.4,65,858.95,65,867.65,856.675,38,1,2,3.5073068893528183,56.77,0.8572469749675573,0.000282476599009765,-76.35018743111773,3.170671029227736,-0.4112155826947461,0.09435508024027561,6.176462145705441,-3.869857432771848e-07,5.2684986272841065e-05,-1.1067017041490507e-05,-2.710416207416768,23.52742820299613,-0.8495480393124438,0.0003026022285649757,0.00335640588565449,24304,0.4048151143168119,0.0116,index_dividend_yield,0.065,11.31,65,24285.05,24313,24267.3,24252,mid_price,ok
2026-08-24T04:35:52.383990+00:00,2026-08-24T10:05:52.383990+05:30,NIFTY,25-Aug-2026,23450.0,PE,24271,1.2,189345,1.25,166465,1.2,1.225,19686,2217,78658,-52,28.83,-0.018791669609284887,0.00011327681337132285,-7.5304873330326485,0.6457069785423954,-0.32853897357345074,0.038217379595094254,9.605900435578906,-5.982162271484587e-07,0.00129225912788957,-0.00014990390303904264,-1.3808295683176652,-163.41928022803768,0.01956859480747059,0.00012134745423537249,0.00335640588565449,24304,0.4048151143168119,0.0116,index_dividend_yield,0.065,11.31,65,24285.05,24313,24267.3,24252,mid_price,ok
2026-08-24T04:35:52.383990+00:00,2026-08-24T10:05:52.383990+05:30,NIFTY,25-Aug-2026,23500.0,CE,24271,806.35,65,808.95,65,810,807.6500000000001,5799,-213,649,2.6941362916006337,50.27,0.8705497908598826,0.0002983312771841414,-63.782091704412,2.9652238670641515,-0.4614538333824192,0.0936868683747895,7.326685851833048,-4.84944907955403e-07,0.00014368337193960425,-2.8024635923666222e-05,-2.6967930587132516,25.718940108396563,-0.864152123844249,0.00031822801024717864,0.00335640588565449,24304,0.4048151143168119,0.0116,index_dividend_yield,0.065,11.31,65,24285.05,24313,24267.3,24252,mid_price,ok
2026-08-24T04:35:52.383990+00:00,2026-08-24T10:05:52.383990+05:30,NIFTY,25-Aug-2026,23500.0,PE,24271,1.3,1253460,1.35,613730,1.3,1.3250000000000002,131997,-30784,267905,-52.72727272727273,27.4,-0.02004285071281556,0.00012589790826042832,-7.555645182144241,0.6820542067019794,-0.36059807889214646,0.03983941762992063,10.408856011131173,-6.906116380278562e-07,0.0014618558533178814,-0.00016101568231471214,-1.4282267302020897,-170.6184917928285,0.020821752604093614,0.00013429447028870788,0.00335640588565449,24304,0.4048151143168119,0.0116,index_dividend_yield,0.065,11.31,65,24285.05,24313,24267.3,24252,mid_price,ok
2026-08-24T04:35:52.383990+00:00,2026-08-24T10:05:52.383990+05:30,NIFTY,25-Aug-2026,23550.0,CE,24271,756.1,65,758.75,65,759.55,757.425,203,1,47,2.690461704860407,52.2,0.8456811832879871,0.0003236413848431424,-74.02664596611268,3.3402914993624817,-0.449611934814631,0.09472697423404874,6.437346440832936,-4.583302459690505e-07,3.715184024435719e-06,5.944979747050836e-07,-2.718745876857845,26.14505450592815,-0.8382362844809592,0.00034376176333614423,0.00335640588565449,24304,0.4048151143168119,0.0116,index_dividend_yield,0.065,11.31,65,24285.05,24313,24267.3,24252,mid_price,ok
2026-08-24T04:35:52.383990+00:00,2026-08-24T10:05:52.383990+05:30,NIFTY,25-Aug-2026,23550.0,PE,24271,1.35,289770,1.4,214565,1.35,1.375,27592,440,78711,-51.785714285714285,26.08,-0.021935850451046665,0.00014276869653494204,-7.757685787992592,0.7361908172052598,-0.40153418756682346,0.04219317015809554,11.378489348085163,-8.069262617339803e-07,0.0016591999370646313,-0.00017375620512389872,-1.495964455749821,-177.25624202608606,0.02273497307927919,0.000151644447121128,0.00335640588565449,24304,0.4048151143168119,0.0116,index_dividend_yield,0.065,11.31,65,24285.05,24313,24267.3,24252,mid_price,ok
2026-08-24T04:35:52.383990+00:00,2026-08-24T10:05:52.383990+05:30,NIFTY,25-Aug-2026,23600.0,CE,24271,706.25,65,708.1,65,708.5,707.175,3498,-31,72,2.7705250942848854,45.75,0.8593955713901534,0.0003469343312196188,-61.5209464144852,3.1382547214845213,-0.5128366402751272,0.09460423496932126,7.771884568285259,-5.893239286168439e-07,0.00010086042007790771,-1.7022335749750797e-05,-2.7136586213688147,28.895094340543945,-0.8532425332079737,0.00036694300446571453,0.00335640588565449,24304,0.4048151143168119,0.0116,index_dividend_yield,0.065,11.31,65,24285.05,24313,24267.3,24252,mid_price,ok
2026-08-24T04:35:52.383990+00:00,2026-08-24T10:05:52.383990+05:30,NIFTY,25-Aug-2026,23600.0,PE,24271,1.4,387140,1.45,561860,1.4,1.4249999999999998,73499,-5697,175359,-53.333333333333336,24.49,-0.022982066079872118,0.00015813067458973168,-7.571119017522214,0.7656930819749012,-0.4405870275111627,0.04343602094068862,12.363770579365163,-9.429404396146195e-07,0.0019076783056219372,-0.00018736428450773912,-1.5312470602086024,-187.69083862202888,0.023761424670128962,0.0001672505128799577,0.00335640588565449,24304,0.4048151143168119,0.0116,index_dividend_yield,0.065,11.31,65,24285.05,24313,24267.3,24252,mid_price,ok
2026-08-24T04:35:52.383990+00:00,2026-08-24T10:05:52.383990+05:30,NIFTY,25-Aug-2026,23650.0,CE,24271,656.3,130,659.25,65,664.8,657.775,553,-3,8,3.883115868427221,45.65,0.8413208270832058,0.0003769331759488961,-66.25319111273987,3.4021617700933184,-0.5160183858663459,0.09489338517148399,7.256168239955452,-5.958316333630543e-07,-2.1771415643012052e-05,5.909360481494537e-06,-2.7221348860952927,30.058379265752645,-0.8346876604461478,0.00039698803185761754,0.00335640588565449,24304,0.4048151143168119,0.0116,index_dividend_yield,0.065,11.31,65,24285.05,24313,24267.3,24252,mid_price,ok
2026-08-24T04:35:52.383990+00:00,2026-08-24T10:05:52.383990+05:30,NIFTY,25-Aug-2026,23650.0,PE,24271,1.55,177710,1.6,238550,1.55,1.5750000000000002,24734,-5202,81185,-51.5625,23.21,-0.0257297387335604,0.00018344773215192608,-7.882780801010311,0.8418550126708979,-0.498910198389017,0.046568675716130575,13.66304734029572,-1.1237276719264383e-06,0.002186937241680745,-0.00020324717964514155,-1.6187183835531287,-195.16707201876017,0.0265406444876655,0.00019320813020080307,0.00335640588565449,24304,0.4048151143168119,0.0116,index_dividend_yield,0.065,11.31,65,24285.05,24313,24267.3,24252,mid_price,ok
2026-08-24T04:35:52.383990+00:00,2026-08-24T10:05:52.383990+05:30,NIFTY,25-Aug-2026,23700.0,CE,24271,606.65,65,608.2,65,607.45,607.425,2572,-63,246,2.861739056811447,40.84,0.847428501141569,0.00041055565917051527,-58.15658587816558,3.315183641964523,-0.5784173675780213,0.09504074186395278,8.341588914633213,-7.396480046258783e-07,2.775868986271612e-05,-2.2923573077856693e-06,-2.722848995574328,33.10635656629112,-0.8416315878086839,0.0004305768650231834,0.00335640588565449,24304,0.4048151143168119,0.0116,index_dividend_yield,0.065,11.31,65,24285.05,24313,24267.3,24252,mid_price,ok
2026-08-24T04:35:52.383990+00:00,2026-08-24T10:05:52.383990+05:30,NIFTY,25-Aug-2026,23700.0,PE,24271,1.7,615420,1.75,236990,1.75,1.725,115776,8811,245697,-50,21.77,-0.02818632886089737,0.0002110513722156986,-7.9708818574160025,0.9084403662991154,-0.5625104317596077,0.04918940200601319,15.092487930976727,-1.3477077123043983e-06,0.00253689946431514,-0.00022073345664097284,-1.6903306782334253,-205.58725481609514,0.029005821907825573,0.00022134352840508302,0.00335640588565449,24304,0.4048151143168119,0.0116,index_dividend_yield,0.065,11.31,65,24285.05,24313,24267.3,24252,mid_price,ok
2026-08-24T04:35:52.383990+00:00,2026-08-24T10:05:52.383990+05:30,NIFTY,25-Aug-2026,23750.0,CE,24271,556.95,195,558.45,65,559.7,557.7,679,-16,149,3.5714285714285716,39.18,0.8352449542322572,0.0004500697789939374,-58.61575949153955,3.486535554355726,-0.6028166274215097,0.09489073646451789,8.266470893203204,-8.02130790980158e-07,-8.161470205206496e-05,1.56204256854437e-05,-2.723469064982012,35.327168564587645,-0.8294058019666057,0.00047003258319831614,0.00335640588565449,24304,0.4048151143168119,0.0116,index_dividend_yield,0.065,11.31,65,24285.05,24313,24267.3,24252,mid_price,ok
2026-08-24T04:35:52.383990+00:00,2026-08-24T10:05:52.383990+05:30,NIFTY,25-Aug-2026,23750.0,PE,24271,1.8,244010,1.85,185250,1.85,1.8250000000000002,35810,-2022,133416,-52.56410256410256,20.38,-0.03151642305603455,0.0002473292790757277,-8.177112523926217,0.996619833608786,-0.642374416262281,0.05251284569053164,16.791040620932172,-1.6375804841135072e-06,0.0029534622605354973,-0.0002400087323072819,-1.7791422546982512,-216.29340597737405,0.03235670173839528,0.00025829954680451337,0.00335640588565449,24304,0.4048151143168119,0.0116,index_dividend_yield,0.065,11.31,65,24285.05,24313,24267.3,24252,mid_price,ok
2026-08-24T04:35:52.383990+00:00,2026-08-24T10:05:52.383990+05:30,NIFTY,25-Aug-2026,23800.0,CE,24271,506.85,325,508.55,130,506.75,507.70000000000005,9813,438,2652,3.1867236815312565,35.87,0.8319473819377721,0.000497933848755928,-54.56095977707678,3.5314482063881085,-0.6590158903752585,0.09480645843644409,8.91469384265342,-9.513464116338796e-07,-0.00013118222237342358,2.2301230327588174e-05,-2.7230454091241274,38.76933690641728,-0.8265279793562381,0.0005178369980012325,0.00335640588565449,24304,0.4048151143168119,0.0116,index_dividend_yield,0.065,11.31,65,24285.05,24313,24267.3,24252,mid_price,ok
2026-08-24T04:35:52.383990+00:00,2026-08-24T10:05:52.383990+05:30,NIFTY,25-Aug-2026,23800.0,PE,24271,1.9,620230,1.95,262795,1.9,1.9249999999999998,116323,2211,299708,-56.32183908045977,18.86,-0.03473200835841819,0.0002895351067939941,-8.186709826217719,1.0796742243535669,-0.7346108231606335,0.05547885600128552,18.751967659062284,-2.014838988015438e-06,0.003493593423483748,-0.00026197101346005393,-1.856552501593057,-230.5800592117785,0.03557296166394889,0.0003011082514128503,0.00335640588565449,24304,0.4048151143168119,0.0116,index_dividend_yield,0.065,11.31,65,24285.05,24313,24267.3,24252,mid_price,ok
2026-08-24T04:35:52.383990+00:00,2026-08-24T10:05:52.383990+05:30,NIFTY,25-Aug-2026,23850.0,CE,24271,457.95,65,459.75,65,458,458.85,1069,-8,324,3.772516143650164,35.25,0.809402497740536,0.0005484624183484489,-57.78329640798222,3.8225731951634003,-0.659685647124375,0.09306660720842475,8.124107869642794,-9.700352101278652e-07,-0.00039026815322755655,5.936570895955398e-05,-2.705637861266083,41.116884435891045,-0.8036571728510068,0.0005679962233122793,0.00335640588565449,24304,0.4048151143168119,0.0116,index_dividend_yield,0.065,11.31,65,24285.05,24313,24267.3,24252,mid_price,ok
2026-08-24T04:35:52.383990+00:00,2026-08-24T10:05:52.383990+05:30,NIFTY,25-Aug-2026,23850.0,PE,24271,2.25,139425,2.3,237380,2.25,2.275,48554,-119,188708,-56.73076923076923,17.61,-0.04112329486233279,0.0003559191136995273,-8.760054765345183,1.2392544347563363,-0.864568626931489,0.06083889011032399,21.126079638373874,-2.5141048185006372e-06,0.0040465103439655545,-0.00028215292219958084,-1.992080109917613,-240.9119618051013,0.04202291452077625,0.00036859537795632264,0.00335640588565449,24304,0.4048151143168119,0.0116,index_dividend_yield,0.065,11.31,65,24285.05,24313,24267.3,24252,mid_price,ok
2026-08-24T04:35:52.383990+00:00,2026-08-24T10:05:52.383990+05:30,NIFTY,25-Aug-2026,23900.0,CE,24271,408.1,130,409.5,130,407.85,408.8,4148,-58,2926,3.7258392675483214,30.97,0.8098545287737564,0.0006233490014490945,-51.04722258531571,3.8170011250956186,-0.7533908215029972,0.09312123169039424,9.29574264768429,-1.2455322240963593e-06,-0.0004946639821458757,6.673138901358211e-05,-2.706212785815189,46.66393254420859,-0.8048014658284447,0.0006428517148151181,0.00335640588565449,24304,0.4048151143168119,0.0116,index_dividend_yield,0.065,11.31,65,24285.05,24313,24267.3,24252,mid_price,ok
2026-08-24T04:35:52.383990+00:00,2026-08-24T10:05:52.383990+05:30,NIFTY,25-Aug-2026,23900.0,PE,24271,2.7,444340,2.75,119275,2.75,2.725,107320,4591,315501,-57.69230769230769,16.4,-0.04999854867776067,0.00044722547741247765,-9.528190692351782,1.4501742819590964,-1.0283629493216262,0.06721458972812595,23.784773636171817,-3.1637896286265873e-06,0.004608317529905981,-0.00029745073073982634,-2.1460755878080167,-250.98173908018865,0.05097698104356799,0.0004612178160152227,0.00335640588565449,24304,0.4048151143168119,0.0116,index_dividend_yield,0.065,11.31,65,24285.05,24313,24267.3,24252,mid_price,ok
2026-08-24T04:35:52.383990+00:00,2026-08-24T10:05:52.383990+05:30,NIFTY,25-Aug-2026,23950.0,CE,24271,359.6,195,360.55,130,358.9,360.07500000000005,2819,-260,3071,3.9988409156766154,28.24,0.7975207620262414,0.0007101671825052986,-48.46865728964619,3.9652913820238864,-0.8153961515982022,0.09156965152086516,9.549816047658366,-1.4654998109537442e-06,-0.0008044092114477958,9.777211077231391e-05,-2.6902736751377545,52.22240322744257,-0.7927335656018788,0.0007293313875395091,0.00335640588565449,24304,0.4048151143168119,0.0116,index_dividend_yield,0.065,11.31,65,24285.05,24313,24267.3,24252,mid_price,ok
2026-08-24T04:35:52.383990+00:00,2026-08-24T10:05:52.383990+05:30,NIFTY,25-Aug-2026,23950.0,PE,24271,3.55,46085,3.6,116805,3.55,3.575,50706,-2656,215937,-58.959537572254334,15.24,-0.06267850631323389,0.000575175444011617,-10.556493888557148,1.7331458752807531,-1.2323784901230768,0.07459211706122347,26.55928823219844,-3.993608968789426e-06,0.005040400640318981,-0.0002994044725664948,-2.3144690997846786,-260.1758601009247,0.06376271859762517,0.0005906968316668391,0.00335640588565449,24304,0.4048151143168119,0.0116,index_dividend_yield,0.065,11.31,65,24285.05,24313,24267.3,24252,mid_price,ok
2026-08-24T04:35:52.383990+00:00,2026-08-24T10:05:52.383990+05:30,NIFTY,25-Aug-2026,24000.0,CE,24271,311.1,910,312,455,311.9,311.55,92266,2185,33896,4.6293190204629315,26.36,0.7747318989900025,0.0008095942769234701,-48.088585308421806,4.219516115006139,-0.8416764610563177,0.08779317186955371,8.931091677430558,-1.6100713586968374e-06,-0.0013576883918245083,0.00015177213714106632,-2.6532846577676104,58.05683765844349,-0.769984863585289,0.0008279808390198453,0.00335640588565449,24304,0.4048151143168119,0.0116,index_dividend_yield,0.065,11.31,65,24285.05,24313,24267.3,24252,mid_price,ok
2026-08-24T04:35:52.383990+00:00,2026-08-24T10:05:52.383990+05:30,NIFTY,25-Aug-2026,24000.0,PE,24271,4.9,29315,4.95,85540,4.95,4.925000000000001,288692,15776,503800,-58.403361344537814,14.28,-0.08332506300273841,0.0007634643094407778,-12.265880845552285,2.1555929836920362,-1.4757930636184051,0.08330091832317255,28.700457440447025,-4.948809088509592e-06,0.004819201338892534,-0.00026290649277622296,-2.4992749169258084,-263.7553574074714,0.0845854270722309,0.0007808032214538948,0.00335640588565449,24304,0.4048151143168119,0.0116,index_dividend_yield,0.065,11.31,65,24285.05,24313,24267.3,24252,mid_price,ok
2026-08-24T04:35:52.383990+00:00,2026-08-24T10:05:52.383990+05:30,NIFTY,25-Aug-2026,24050.0,CE,24271,263.05,325,263.65,65,263.8,263.35,9904,1092,11142,4.433887569279493,24.16,0.7495983217875775,0.0009361082254848386,-46.70578674313289,4.471701504781398,-0.8678642522884084,0.0823713311128439,8.216809828564653,-1.7934900823700364e-06,-0.002154508309369456,0.00021900476266799863,-2.6046460797373268,65.81643369038382,-0.7449926375423468,0.0009533914227558866,0.00335640588565449,24304,0.4048151143168119,0.0116,index_dividend_yield,0.065,11.31,65,24285.05,24313,24267.3,24252,mid_price,ok
2026-08-24T04:35:52.383990+00:00,2026-08-24T10:05:52.383990+05:30,NIFTY,25-Aug-2026,24050.0,PE,24271,6.85,163995,6.95,145990,6.9,6.9,69408,17692,309516,-57.79816513761468,13.2,-0.1105868417836222,0.0010169357765734894,-13.904158105918265,2.654099939621414,-1.7384054504905182,0.09006876970141325,29.905674400136473,-6.0567244716027515e-06,0.003755209013425417,-0.0001793661855582404,-2.632183552547249,-269.6162680149174,0.11201697810012584,0.0010357112783370838,0.00335640588565449,24304,0.4048151143168119,0.0116,index_dividend_yield,0.065,11.31,65,24285.05,24313,24267.3,24252,mid_price,ok
2026-08-24T04:35:52.383990+00:00,2026-08-24T10:05:52.383990+05:30,NIFTY,25-Aug-2026,24100.0,CE,24271,216.45,520,217,130,216.9,216.725,50553,8065,71020,3.6559139784946235,21.91,0.7181634300528127,0.001096002785691988,-44.96619189099916,4.747924999818454,-0.8704112835922206,0.0740597474835128,7.067928673776702,-1.9581727211013447e-06,-0.003370771131631033,0.0003088676579769323,-2.539047852474296,75.93022428825469,-0.7137338000089338,0.0011116111987318582,0.00335640588565449,24304,0.4048151143168119,0.0116,index_dividend_yield,0.065,11.31,65,24285.05,24313,24267.3,24252,mid_price,ok
2026-08-24T04:35:52.383990+00:00,2026-08-24T10:05:52.383990+05:30,NIFTY,25-Aug-2026,24100.0,PE,24271,10.1,32630,10.15,56225,10.15,10.125,158918,32249,525322,-55.773420479302835,12.21,-0.15187710338540417,0.0013693054831707791,-15.931716975929351,3.3057181757518674,-1.9664578177835679,0.09318862539612693,28.437186572365157,-7.021602788665218e-06,0.000565530228624901,1.1683759132264926e-07,-2.696380204756124,-271.2427567395252,0.1535186410960746,0.001388806059116482,0.00335640588565449,24304,0.4048151143168119,0.0116,index_dividend_yield,0.065,11.31,65,24285.05,24313,24267.3,24252,mid_price,ok
2026-08-24T04:35:52.383990+00:00,2026-08-24T10:05:52.383990+05:30,NIFTY,25-Aug-2026,24150.0,CE,24271,172.05,780,172.5,195,172.5,172.275,35457,16959,90161,1.950354609929078,19.64,0.6774606498122827,0.0012990977548768081,-42.809709793898946,5.044674277893262,-0.8207607024030561,0.06128476169558984,5.316846853372859,-2.027004380364864e-06,-0.005245449821872426,0.0004285762126090014,-2.455974056936865,89.49486173803099,-0.6732472112875401,0.0013121482409246812,0.00335640588565449,24304,0.4048151143168119,0.0116,index_dividend_yield,0.065,11.31,65,24285.05,24313,24267.3,24252,mid_price,ok
2026-08-24T04:35:52.383990+00:00,2026-08-24T10:05:52.383990+05:30,NIFTY,25-Aug-2026,24150.0,PE,24271,15.4,12545,15.45,2340,15.4,15.425,118734,25720,462366,-52.3219814241486,11.31,-0.21376970655046348,0.0018311405538217328,-18.139109192947515,4.094813254359219,-2.0259935982997743,0.08709842717759009,22.603276909839654,-7.31120782940017e-06,-0.006082138055680739,0.00031281712815046383,-2.6427774924377854,-267.4230694354328,0.21564414212123312,0.0018495358394417982,0.00335640588565449,24304,0.4048151143168119,0.0116,index_dividend_yield,0.065,11.31,65,24285.05,24313,24267.3,24252,mid_price,ok
2026-08-24T04:35:52.383990+00:00,2026-08-24T10:05:52.383990+05:30,NIFTY,25-Aug-2026,24200.0,CE,24271,131,195,131.15,455,131,131.075,211976,75864,461387,-1.281085154483798,17.9,0.6197802484169562,0.0015129321773022875,-41.29353084062072,5.354541699911145,-0.6267361495478352,0.04049716521526407,2.6876673555840114,-1.688110972917825e-06,-0.007692937030964546,0.0005693018957627856,-2.359336060490739,105.64372334700734,-0.6157146976798474,0.0015218227360503025,0.00335640588565449,24304,0.4048151143168119,0.0116,index_dividend_yield,0.065,11.31,65,24285.05,24313,24267.3,24252,mid_price,ok
2026-08-24T04:35:52.383990+00:00,2026-08-24T10:05:52.383990+05:30,NIFTY,25-Aug-2026,24200.0,PE,24271,23.9,10530,24,6695,23.95,23.95,336134,104627,967494,-47.362637362637365,10.35,-0.3010109288380155,0.0023926587371182625,-19.60919330406702,4.896332748794858,-1.7343375242300785,0.0648422646542656,12.717961977804393,-6.304900314403696e-06,-0.016903458523414735,0.0007450770842517775,-2.474026811950945,-261.6587735542921,0.3030478301401484,0.0024067189001483274,0.00335640588565449,24304,0.4048151143168119,0.0116,index_dividend_yield,0.065,11.31,65,24285.05,24313,24267.3,24252,mid_price,ok
2026-08-24T04:35:52.383990+00:00,2026-08-24T10:05:52.383990+05:30,NIFTY,25-Aug-2026,24250.0,CE,24271,93.3,390,93.45,65,93.2,93.375,197215,93063,650167,-6.472654290015052,16.06,0.5465282853141349,0.0017544976740105065,-38.43937098678864,5.57119233893282,-0.26557408698602014,0.011216296881054204,0.43673835306901054,-8.407563879432505e-07,-0.010787514276025902,0.0007114300453617434,-2.2927249814776984,128.4357433679661,-0.5427426163078859,0.0017575377073648765,0.00335640588565449,24304,0.4048151143168119,0.0116,index_dividend_yield,0.065,11.31,65,24285.05,24313,24267.3,24252,mid_price,ok
2026-08-24T04:35:52.383990+00:00,2026-08-24T10:05:52.383990+05:30,NIFTY,25-Aug-2026,24250.0,PE,24271,36.75,1170,36.85,7215,36.75,36.8,221104,115638,1180463,-41.573926868044516,9.35,-0.4224475557040073,0.002976797137887426,-19.492960687474152,5.503141310268933,-0.7961236056560073,0.01983104400564632,2.1898238774942236,-2.9562420957271876e-06,-0.03065617381495375,0.001187318399815522,-2.3010746112711327,-251.79654765266585,0.42449257316837946,0.0029819550601362967,0.00335640588565449,24304,0.4048151143168119,0.0116,index_dividend_yield,0.065,11.31,65,24285.05,24313,24267.3,24252,mid_price,ok
2026-08-24T04:35:52.383990+00:00,2026-08-24T10:05:52.383990+05:30,NIFTY,25-Aug-2026,24300.0,CE,24271,61.85,4095,62,1105,62,61.925,508829,301601,1513240,-14.541695382494831,14.74,0.45437256478434734,0.0019121417654326992,-35.12568473341372,5.572722091423966,0.3310395932323573,-0.026725655278065547,0.5333624606294052,8.359662962322195e-07,-0.012790033821284252,0.0007668595000580981,-2.3180152969462835,155.3554689985918,-0.4509090713963067,0.001907580529013833,0.00335640588565449,24304,0.4048151143168119,0.0116,index_dividend_yield,0.065,11.31,65,24285.05,24313,24267.3,24252,mid_price,ok
2026-08-24T04:35:52.383990+00:00,2026-08-24T10:05:52.383990+05:30,NIFTY,25-Aug-2026,24300.0,PE,24271,55.35,6565,55.5,715,55.35,55.425,332464,185689,1844048,-34.84402589758682,7.91,-0.5867203429616186,0.0035015513829801384,-15.585669174356598,5.476294581465978,1.1018647352261657,-0.04808261660848401,3.396357927286431,3.805931994374416e-06,-0.04210198075740032,0.0013364191581996827,-2.383652022578017,-246.37474146848777,0.5883987140546564,0.003493198757678339,0.00335640588565449,24304,0.4048151143168119,0.0116,index_dividend_yield,0.065,11.31,65,24285.05,24313,24267.3,24252,mid_price,ok
2026-08-24T04:35:52.383990+00:00,2026-08-24T10:05:52.383990+05:30,NIFTY,25-Aug-2026,24350.0,CE,24271,38.1,975,38.2,6695,38.15,38.150000000000006,269499,200870,952116,-24.455445544554454,13.74,0.35131407058197817,0.001919720163094146,-30.485187831589332,5.215242096403313,1.0519871574267425,-0.06588291508670784,5.647069668083038,3.0885184106346583e-06,-0.011893560447555459,0.0006541857832545328,-2.4825308979682976,187.20668856853894,-0.3483037613697179,0.0019072838692953205,0.00335640588565449,24304,0.4048151143168119,0.0116,index_dividend_yield,0.065,11.31,65,24285.05,24313,24267.3,24252,mid_price,ok
2026-08-24T04:35:52.383990+00:00,2026-08-24T10:05:52.383990+05:30,NIFTY,25-Aug-2026,24350.0,PE,24271,82,780,82.1,65,81.95,82.05,100024,69577,686395,-27.765535478184223,5.67,-0.8245737543797467,0.0032376957657077646,-5.456929995840145,3.629684782572978,4.26296611402438,-0.11023568291723836,55.9426251393742,1.627647790004844e-05,-0.00718687114340975,3.0335407773438364e-05,-2.9270082499704966,-243.60354463950748,0.8252724645593916,0.0032167213880106224,0.00335640588565449,24304,0.4048151143168119,0.0116,index_dividend_yield,0.065,11.31,65,24285.05,24313,24267.3,24252,mid_price,ok
2026-08-24T04:35:52.383990+00:00,2026-08-24T10:05:52.383990+05:30,NIFTY,25-Aug-2026,24400.0,CE,24271,22.1,4030,22.2,12545,22.1,22.15,270350,126998,772061,-34.80825958702065,13.22,0.25305075683701306,0.001720444975707792,-25.157207480629552,4.496991399263471,1.6270534922254165,-0.09398519806335998,15.212388635703178,5.075502471655817e-06,-0.007194034202263064,0.0003661479496034759,-2.7140975599375348,218.83375402086034,-0.25056265935303335,0.0017023014738161047,0.00335640588565449,24304,0.4048151143168119,0.0116,index_dividend_yield,0.065,11.31,65,24285.05,24313,24267.3,24252,mid_price,ok
2026-08-24T04:35:52.383990+00:00,2026-08-24T10:05:52.383990+05:30,NIFTY,25-Aug-2026,24400.0,PE,24271,116.05,1040,116.4,1430,116.05,116.225,110041,62084,522301,-20.703792278783737,0,,,,,,,,,,,,,,,0.00335640588565449,,,,,,11.31,65,24285.05,24313,24267.3,24252,mid_price,no_price_available
2026-08-24T04:35:52.383990+00:00,2026-08-24T10:05:52.383990+05:30,NIFTY,25-Aug-2026,24450.0,CE,24271,12.3,29835,12.35,47710,12.35,12.325,150090,93279,464566,-43.2183908045977,13,0.1715393643054774,0.0013923344876304118,-19.594289970772234,3.5787943859218836,1.8708926156299626,-0.1042697601400918,24.942139826005903,6.130535521670055e-06,-0.0010059525519381463,2.6931165790702886e-05,-2.8503780037157362,248.74400328512445,-0.16959894040225765,0.0013720223758303448,0.00335640588565449,24304,0.4048151143168119,0.0116,index_dividend_yield,0.065,11.31,65,24285.05,24313,24267.3,24252,mid_price,ok
2026-08-24T04:35:52.383990+00:00,2026-08-24T10:05:52.383990+05:30,NIFTY,25-Aug-2026,24450.0,PE,24271,156.3,715,156.7,650,156.6,156.5,25315,16638,132284,-15.25974025974026,0,,,,,,,,,,,,,,,0.00335640588565449,,,,,,11.31,65,24285.05,24313,24267.3,24252,mid_price,no_price_available
2026-08-24T04:35:52.383990+00:00,2026-08-24T10:05:52.383990+05:30,NIFTY,25-Aug-2026,24500.0,CE,24271,7.05,138515,7.1,12870,7.1,7.074999999999999,264689,64245,628061,-48.92086330935252,13.17,0.11438997042435721,0.0010441714188649432,-15.019253593020341,2.7189886265609124,1.7781699244982934,-0.09930565133773692,30.092036447650017,6.012123653272477e-06,0.0036285393917136807,-0.00022004426055893993,-2.7897736676356377,270.03042785841484,-0.11290111509633804,0.001024743030530571,0.00335640588565449,24304,0.4048151143168119,0.0116,index_dividend_yield,0.065,11.31,65,24285.05,24313,24267.3,24252,mid_price,ok
2026-08-24T04:35:52.383990+00:00,2026-08-24T10:05:52.383990+05:30,NIFTY,25-Aug-2026,24500.0,PE,24271,200.8,195,201.3,845,201.05,201.05,64871,9078,143742,-11.09882821136414,0,,,,,,,,,,,,,,,0.00335640588565449,,,,,,11.31,65,24285.05,24313,24267.3,24252,mid_price,no_price_available
2026-08-24T04:35:52.383990+00:00,2026-08-24T10:05:52.383990+05:30,NIFTY,25-Aug-2026,24550.0,CE,24271,4.4,99515,4.45,44395,4.45,4.425000000000001,90180,14477,350726,-49.142857142857146,13.63,0.07768598155116657,0.0007586295955048167,-11.647634239456648,2.0444450943769796,1.523966813438124,-0.08745574854891743,30.446518623080898,5.2078530535340445e-06,0.0057324726881144445,-0.00033954449689817327,-2.5811541583070547,281.8122687095388,-0.07653058148974902,0.0007414845886738889,0.00335640588565449,24304,0.4048151143168119,0.0116,index_dividend_yield,0.065,11.31,65,24285.05,24313,24267.3,24252,mid_price,ok
2026-08-24T04:35:52.383990+00:00,2026-08-24T10:05:52.383990+05:30,NIFTY,25-Aug-2026,24550.0,PE,24271,248.1,260,248.8,845,249.1,248.45,5378,2550,21094,-8.165898617511521,0,,,,,,,,,,,,,,,0.00335640588565449,,,,,,11.31,65,24285.05,24313,24267.3,24252,mid_price,no_price_available
2026-08-24T04:35:52.383990+00:00,2026-08-24T10:05:52.383990+05:30,NIFTY,25-Aug-2026,24600.0,CE,24271,3.05,137930,3.1,107835,3.05,3.075,161896,31180,437073,-46.95652173913044,14.51,0.05749237510981226,0.0005646080740983563,-9.795815369997689,1.6198108786169059,1.2579519738719105,-0.0764695613440896,27.879972250779428,4.180562356583913e-06,0.005827187564699148,-0.0003609997217274612,-2.35547344329477,279.14165557625915,-0.05652026625416404,0.0005496069434366027,0.00335640588565449,24304,0.4048151143168119,0.0116,index_dividend_yield,0.065,11.31,65,24285.05,24313,24267.3,24252,mid_price,ok
2026-08-24T04:35:52.383990+00:00,2026-08-24T10:05:52.383990+05:30,NIFTY,25-Aug-2026,24600.0,PE,24271,296.3,130,297.1,130,296.2,296.70000000000005,13773,334,17052,-6.972361809045226,0,,,,,,,,,,,,,,,0.00335640588565449,,,,,,11.31,65,24285.05,24313,24267.3,24252,mid_price,no_price_available
2026-08-24T04:35:52.383990+00:00,2026-08-24T10:05:52.383990+05:30,NIFTY,25-Aug-2026,24650.0,CE,24271,2.5,390845,2.55,460720,2.55,2.525,64609,12117,378108,-38.55421686746988,15.78,0.047388497946555364,0.0004452977992655876,-9.115313341503873,1.389336233527,1.0517863324634829,-0.0692813977738769,24.708838524290954,3.2791245265951375e-06,0.0050977819941845715,-0.0003404780264729277,-2.194246450945746,264.9095367123311,-0.046483752599656335,0.00043170993382486835,0.00335640588565449,24304,0.4048151143168119,0.0116,index_dividend_yield,0.065,11.31,65,24285.05,24313,24267.3,24252,mid_price,ok
2026-08-24T04:35:52.383990+00:00,2026-08-24T10:05:52.383990+05:30,NIFTY,25-Aug-2026,24650.0,PE,24271,346,65,346.35,65,346.5,346.175,2946,310,2589,-5.637254901960785,0,,,,,,,,,,,,,,,0.00335640588565449,,,,,,11.31,65,24285.05,24313,24267.3,24252,mid_price,no_price_available
2026-08-24T04:35:52.383990+00:00,2026-08-24T10:05:52.383990+05:30,NIFTY,25-Aug-2026,24700.0,CE,24271,2.15,573690,2.2,670670,2.2,2.175,144617,40008,303431,-30.158730158730158,17.05,0.03999825538443709,0.00035942415599953074,-8.572913307140597,1.2116619207952157,0.8897529054840703,-0.06314901587255406,21.902953610903552,2.601517110239917e-06,0.004389315890910125,-0.0003148937376977096,-2.048737924712177,251.6987841738997,-0.03914739572992781,0.0003470473204714261,0.00335640588565449,24304,0.4048151143168119,0.0116,index_dividend_yield,0.065,11.31,65,24285.05,24313,24267.3,24252,mid_price,ok
2026-08-24T04:35:52.383990+00:00,2026-08-24T10:05:52.383990+05:30,NIFTY,25-Aug-2026,24700.0,PE,24271,394.9,195,396,65,394.9,395.45,11717,-101,4958,-5.049290694878577,0,,,,,,,,,,,,,,,0.00335640588565449,,,,,,11.31,65,24285.05,24313,24267.3,24252,mid_price,no_price_available
2026-08-24T04:35:52.383990+00:00,2026-08-24T10:05:52.383990+05:30,NIFTY,25-Aug-2026,24750.0,CE,24271,1.85,325780,1.9,252200,1.85,1.875,72314,21569,164427,-27.45098039215686,18.26,0.033987084379796806,0.00029376783693083064,-8.024280268984365,1.0606078401807573,0.7582749167940085,-0.05750965271834121,19.460369649010435,2.090072941815392e-06,0.0037814254479547893,-0.00028926945389830505,-1.908531165120088,240.738201586842,-0.03319086783710677,0.00028250697797966196,0.00335640588565449,24304,0.4048151143168119,0.0116,index_dividend_yield,0.065,11.31,65,24285.05,24313,24267.3,24252,mid_price,ok
2026-08-24T04:35:52.383990+00:00,2026-08-24T10:05:52.383990+05:30,NIFTY,25-Aug-2026,24750.0,PE,24271,445.25,65,446.65,65,447.05,445.95,1416,-19,414,-4.128243619987133,0,,,,,,,,,,,,,,,0.00335640588565449,,,,,,11.31,65,24285.05,24313,24267.3,24252,mid_price,no_price_available
2026-08-24T04:35:52.383990+00:00,2026-08-24T10:05:52.383990+05:30,NIFTY,25-Aug-2026,24800.0,CE,24271,1.65,185185,1.7,672490,1.65,1.6749999999999998,125505,14648,233065,-19.51219512195122,19.52,0.02970695448741722,0.00024588546781921034,-7.665329890118406,0.9489918657398371,0.6556591338821357,-0.053063569132584906,17.379424135683607,1.7002309856779274e-06,0.003243431465492169,-0.0002643757048436507,-1.793633040275855,229.5473338532589,-0.02894663112002809,0.00023550755349879615,0.00335640588565449,24304,0.4048151143168119,0.0116,index_dividend_yield,0.065,11.31,65,24285.05,24313,24267.3,24252,mid_price,ok
2026-08-24T04:35:52.383990+00:00,2026-08-24T10:05:52.383990+05:30,NIFTY,25-Aug-2026,24800.0,PE,24271,494.9,65,496.4,65,496.75,495.65,5930,-229,2171,-3.5530531016406175,0,,,,,,,,,,,,,,,0.00335640588565449,,,,,,11.31,65,24285.05,24313,24267.3,24252,mid_price,no_price_available
2026-08-24T04:35:52.383990+00:00,2026-08-24T10:05:52.383990+05:30,NIFTY,25-Aug-2026,24850.0,CE,24271,1.55,398645,1.6,319020,1.6,1.5750000000000002,42187,5275,86445,-11.11111111111111,20.79,0.0264051147306497,0.00020928804419851065,-7.3929549562473165,0.8602976237735008,0.5734015027851462,-0.049352909457853714,15.613058268148572,1.4009055332636723e-06,0.0027916052531003046,-0.00024173493707287862,-1.6947435983067767,219.05058960171345,-0.02567214605428539,0.00019964892398338576,0.00335640588565449,24304,0.4048151143168119,0.0116,index_dividend_yield,0.065,11.31,65,24285.05,24313,24267.3,24252,mid_price,ok
2026-08-24T04:35:52.383990+00:00,2026-08-24T10:05:52.383990+05:30,NIFTY,25-Aug-2026,24850.0,PE,24271,544.5,65,546.15,130,546.4,545.325,829,12,187,-3.343357509287104,0,,,,,,,,,,,,,,,0.00335640588565449,,,,,,11.31,65,24285.05,24313,24267.3,24252,mid_price,no_price_available
2026-08-24T04:35:52.383990+00:00,2026-08-24T10:05:52.383990+05:30,NIFTY,25-Aug-2026,24900.0,CE,24271,1.35,570180,1.4,396240,1.4,1.375,64362,8254,118391,-12.5,22.1,0.023967762842001004,0.00018153359190348076,-7.239353285319599,0.7932299236028603,0.5081414026144315,-0.0464345820587581,14.132404118401942,1.1696627802977184e-06,0.0024128521683660403,-0.00022165269926218271,-1.615010193372718,208.76828254168151,-0.023250406659159714,0.00017247797601394873,0.00335640588565449,24304,0.4048151143168119,0.0116,index_dividend_yield,0.065,11.31,65,24285.05,24313,24267.3,24252,mid_price,ok
2026-08-24T04:35:52.383990+00:00,2026-08-24T10:05:52.383990+05:30,NIFTY,25-Aug-2026,24900.0,PE,24271,594.85,65,596.4,65,596.85,595.625,1970,-92,351,-3.069427527405603,0,,,,,,,,,,,,,,,0.00335640588565449,,,,,,11.31,65,24285.05,24313,24267.3,24252,mid_price,no_price_available
2026-08-24T04:35:52.383990+00:00,2026-08-24T10:05:52.383990+05:30,NIFTY,25-Aug-2026,24950.0,CE,24271,1.2,300235,1.25,241930,1.2,1.225,21080,3086,47064,-14.285714285714286,23.11,0.02063767775544856,0.00015301540615278645,-6.667429594812269,0.6991734356012909,0.44195629924521745,-0.04218734372289137,12.682008010096112,9.765593114445468e-07,0.00211337190387602,-0.0002026293410223873,-1.4957965606770174,203.53888870494308,-0.0199774002560975,0.00014480027943933354,0.00335640588565449,24304,0.4048151143168119,0.0116,index_dividend_yield,0.065,11.31,65,24285.05,24313,24267.3,24252,mid_price,ok
2026-08-24T04:35:52.383990+00:00,2026-08-24T10:05:52.383990+05:30,NIFTY,25-Aug-2026,24950.0,PE,24271,644.05,130,645.8,130,645,644.925,311,8,28,-3.1386094008109326,0,,,,,,,,,,,,,,,0.00335640588565449,,,,,,11.31,65,24285.05,24313,24267.3,24252,mid_price,no_price_available
2026-08-24T04:35:52.383990+00:00,2026-08-24T10:05:52.383990+05:30,NIFTY,25-Aug-2026,25000.0,CE,24271,1.15,917605,1.2,788905,1.2,1.1749999999999998,184567,3795,243916,-11.11111111111111,24.57,0.019732179613188072,0.00013855009424273312,-6.819092917365043,0.6730724220913713,0.40395725744710176,-0.04095966312640506,11.697040593991515,8.380321772426078e-07,0.0018439091848721802,-0.00018771929452014017,-1.4606145428203838,192.57368829626975,-0.019057311547029582,0.00013058766266751208,0.00335640588565449,24304,0.4048151143168119,0.0116,index_dividend_yield,0.065,11.31,65,24285.05,24313,24267.3,24252,mid_price,ok
2026-08-24T04:35:52.383990+00:00,2026-08-24T10:05:52.383990+05:30,NIFTY,25-Aug-2026,25000.0,PE,24271,696,65,696.35,65,696.8,696.175,20012,-508,2130,-2.347417840375587,0,,,,,,,,,,,,,,,0.00335640588565449,,,,,,11.31,65,24285.05,24313,24267.3,24252,mid_price,no_price_available
2026-08-24T04:35:52.383990+00:00,2026-08-24T10:05:52.383990+05:30,NIFTY,25-Aug-2026,25050.0,CE,24271,1.05,295880,1.1,1021865,1.1,1.0750000000000002,25686,7571,61192,-4.3478260869565215,25.57,0.017296874672824376,0.00011900478886046399,-6.3398465815304865,0.6016514679589943,0.3560661825606041,-0.03754340041586136,10.579506102397495,7.113478230040305e-07,0.0016271864837478535,-0.00017216248327329062,-1.3609581049874133,188.0814429210391,-0.01666987493871413,0.00011171829993955864,0.00335640588565449,24304,0.4048151143168119,0.0116,index_dividend_yield,0.065,11.31,65,24285.05,24313,24267.3,24252,mid_price,ok
2026-08-24T04:35:52.383990+00:00,2026-08-24T10:05:52.383990+05:30,NIFTY,25-Aug-2026,25050.0,PE,24271,743.6,130,748.65,130,733.1,746.125,160,1,7,-4.088441159154837,0,,,,,,,,,,,,,,,0.00335640588565449,,,,,,11.31,65,24285.05,24313,24267.3,24252,mid_price,no_price_available
2026-08-24T04:35:52.383990+00:00,2026-08-24T10:05:52.383990+05:30,NIFTY,25-Aug-2026,25100.0,CE,24271,0.95,497250,1,786370,1,0.975,58787,3234,129408,0,26.82,0.01608779824992609,0.00010663750859858985,-6.246589967607473,0.5654817300114281,0.32354149958055933,-0.03575723627979069,9.745698517520884,6.158500323242943e-07,0.0014402208364040676,-0.00015966293539806505,-1.3077916273373367,180.91558334039544,-0.015470464890340633,9.970980973303157e-05,0.00335640588565449,24304,0.4048151143168119,0.0116,index_dividend_yield,0.065,11.31,65,24285.05,24313,24267.3,24252,mid_price,ok
2026-08-24T04:35:52.383990+00:00,2026-08-24T10:05:52.383990+05:30,NIFTY,25-Aug-2026,25100.0,PE,24271,793.6,65,796.25,130,798.7,794.925,1264,-29,84,-1.8072289156626506,0,,,,,,,,,,,,,,,0.00335640588565449,,,,,,11.31,65,24285.05,24313,24267.3,24252,mid_price,no_price_available
2026-08-24T04:35:52.383990+00:00,2026-08-24T10:05:52.383990+05:30,NIFTY,25-Aug-2026,25150.0,CE,24271,0.9,229320,0.95,228995,0.95,0.925,20554,9453,33535,0,28.04,0.014972070431617248,9.589571816760593e-05,-6.137052597386229,0.5316514953590769,0.294903634475918,-0.03405423224750304,9.001692932078198,5.365669196944374e-07,0.0012816668942376515,-0.00014841163052218106,-1.2563986192302128,174.5499176613559,-0.014366014683710656,8.930968913185409e-05,0.00335640588565449,24304,0.4048151143168119,0.0116,index_dividend_yield,0.065,11.31,65,24285.05,24313,24267.3,24252,mid_price,ok
2026-08-24T04:35:52.383990+00:00,2026-08-24T10:05:52.383990+05:30,NIFTY,25-Aug-2026,25150.0,PE,24271,831.55,65,847.1,325,828.25,839.325,40,0,1,-3.675059603419201,0,,,,,,,,,,,,,,,0.00335640588565449,,,,,,11.31,65,24285.05,24313,24267.3,24252,mid_price,no_price_available
2026-08-24T04:35:52.383990+00:00,2026-08-24T10:05:52.383990+05:30,NIFTY,25-Aug-2026,25200.0,CE,24271,0.9,418860,0.95,578955,0.95,0.925,82475,3968,113300,11.764705882352942,29.23,0.01393687993633762,8.648896244203261e-05,-6.012213715973918,0.4998495632911339,0.26949287826229584,-0.032423224137722494,8.333026424305334,4.7007276773520274e-07,0.001145969966546173,-0.00013821628765580004,-1.2065177471739843,168.8722025629664,-0.013343609041624559,8.022965895998283e-05,0.00335640588565449,24304,0.4048151143168119,0.0116,index_dividend_yield,0.065,11.31,65,24285.05,24313,24267.3,24252,mid_price,ok
2026-08-24T04:35:52.383990+00:00,2026-08-24T10:05:52.383990+05:30,NIFTY,25-Aug-2026,25200.0,PE,24271,893.8,130,897.4,130,892.75,895.5999999999999,1392,-59,163,-2.5275685118462716,0,,,,,,,,,,,,,,,0.00335640588565449,,,,,,11.31,65,24285.05,24313,24267.3,24252,mid_price,no_price_available
2026-08-24T04:35:52.383990+00:00,2026-08-24T10:05:52.383990+05:30,NIFTY,25-Aug-2026,25250.0,CE,24271,0.85,321685,0.9,98540,0.9,0.875,31733,8042,35048,5.882352941176471,30.59,0.013470647026799116,8.025298015925895e-05,-6.107473034254849,0.4853895925394248,0.25165305496039225,-0.03167040618500741,7.828496017009773,4.186253361078146e-07,0.0010319892776973762,-0.00013017318412207832,-1.183270994510378,162.03291964430008,-0.01286844746031868,7.415044203001376e-05,0.00335640588565449,24304,0.4048151143168119,0.0116,index_dividend_yield,0.065,11.31,65,24285.05,24313,24267.3,24252,mid_price,ok
2026-08-24T04:35:52.383990+00:00,2026-08-24T10:05:52.383990+05:30,NIFTY,25-Aug-2026,25250.0,PE,24271,921.05,780,949.9,65,0.0,935.4749999999999,25,0,0,0,0,,,,,,,,,,,,,,,0.00335640588565449,,,,,,11.31,65,24285.05,24313,24267.3,24252,mid_price,no_price_available
2026-08-24T04:35:52.383990+00:00,2026-08-24T10:05:52.383990+05:30,NIFTY,25-Aug-2026,25300.0,CE,24271,0.7,828360,0.75,710775,0.7,0.725,88849,20560,77974,0,31.04,0.01100945151697031,6.640151518310407e-05,-5.201466291573698,0.4075205525846834,0.21549553339321026,-0.027507448464529072,6.93905413413709,3.5468280516025435e-07,0.0009167251598302985,-0.00011723144563017129,-1.0520638895895251,163.32129992676988,-0.010497007715539417,6.111000054468332e-05,0.00335640588565449,24304,0.4048151143168119,0.0116,index_dividend_yield,0.065,11.31,65,24285.05,24313,24267.3,24252,mid_price,ok
2026-08-24T04:35:52.383990+00:00,2026-08-24T10:05:52.383990+05:30,NIFTY,25-Aug-2026,25300.0,PE,24271,992.45,130,996.45,65,997.9,994.45,1050,-37,52,-1.3006280599376885,0,,,,,,,,,,,,,,,0.00335640588565449,,,,,,11.31,65,24285.05,24313,24267.3,24252,mid_price,no_price_available
2026-08-24T04:35:52.383990+00:00,2026-08-24T10:05:52.383990+05:30,NIFTY,25-Aug-2026,25350.0,CE,24271,0.7,165750,0.75,265070,0.75,0.725,8625,1234,10180,15.384615384615385,32.35,0.01067017627143429,6.200018538775399e-05,-5.27352778165489,0.3965674708801848,0.2023125585812798,-0.026904133129271736,6.548316745892096,3.1885126903689323e-07,0.0008321196327068525,-0.00011084407185141479,-1.0326602650756167,157.2781185864023,-0.010151054733192255,5.683454679922547e-05,0.00335640588565449,24304,0.4048151143168119,0.0116,index_dividend_yield,0.065,11.31,65,24285.05,24313,24267.3,24252,mid_price,ok
2026-08-24T04:35:52.383990+00:00,2026-08-24T10:05:52.383990+05:30,NIFTY,25-Aug-2026,25350.0,PE,24271,1029.65,65,1061.45,845,0.0,1045.5500000000002,24,0,0,0,41.88,,,,,,,,,,,,,,,0.00335640588565449,,,,,,11.31,65,24285.05,24313,24267.3,24252,mid_price,no_price_available
2026-08-24T04:35:52.383990+00:00,2026-08-24T10:05:52.383990+05:30,NIFTY,25-Aug-2026,25400.0,CE,24271,0.6,1145235,0.65,1165645,0.6,0.625,70387,449,66468,0,33.38,0.009845519470717816,5.6016436629282135e-05,-5.071320205329398,0.36970185140213674,0.18521889485235368,-0.025406478477709896,6.073890133143078,2.828154971081382e-07,0.0007524850135717198,-0.00010337053186595508,-0.9840473125940928,153.77388430778285,-0.009346717683915939,5.1147379269115764e-05,0.00335640588565449,24304,0.4048151143168119,0.0116,index_dividend_yield,0.065,11.31,65,24285.05,24313,24267.3,24252,mid_price,ok
2026-08-24T04:35:52.383990+00:00,2026-08-24T10:05:52.383990+05:30,NIFTY,25-Aug-2026,25400.0,PE,24271,1092.2,65,1096.7,455,1087,1094.45,544,-13,16,-2.620380739081747,0,,,,,,,,,,,,,,,0.00335640588565449,,,,,,11.31,65,24285.05,24313,24267.3,24252,mid_price,no_price_available
2026-08-24T04:35:52.383990+00:00,2026-08-24T10:05:52.383990+05:30,NIFTY,25-Aug-2026,25450.0,CE,24271,0.65,159835,0.7,52650,0.7,0.675,8559,1474,9480,16.666666666666668,34.95,0.010072025090888363,5.45730295330424e-05,-5.414756839474585,0.3771160863616677,0.1798615356647902,-0.025823452696666225,5.876638508692938,2.614070648828371e-07,0.0006942682565570643,-9.982188924635752e-05,-0.9976469260228421,146.55199869982138,-0.009539884358647535,4.9633834788440926e-05,0.00335640588565449,24304,0.4048151143168119,0.0116,index_dividend_yield,0.065,11.31,65,24285.05,24313,24267.3,24252,mid_price,ok
2026-08-24T04:35:52.383990+00:00,2026-08-24T10:05:52.383990+05:30,NIFTY,25-Aug-2026,25450.0,PE,24271,1112.45,910,1150.9,65,0.0,1131.6750000000002,16,0,0,0,31.79,,,,,,,,,,,,,,,0.00335640588565449,,,,,,11.31,65,24285.05,24313,24267.3,24252,mid_price,no_price_available
2026-08-24T04:35:52.383990+00:00,2026-08-24T10:05:52.383990+05:30,NIFTY,25-Aug-2026,25500.0,CE,24271,0.6,1248910,0.65,1019785,0.6,0.625,136023,-1772,47361,0,35.64,0.008814304574726421,4.762372503832246e-05,-4.912514023925714,0.3355914379092409,0.1603114671881534,-0.02346465276759512,5.349848708979338,2.2879182449592855e-07,0.0006255686813204535,-9.167110408924265e-05,-0.9200364569866403,145.7666152625775,-0.008331935400221065,4.314379480409499e-05,0.00335640588565449,24304,0.4048151143168119,0.0116,index_dividend_yield,0.065,11.31,65,24285.05,24313,24267.3,24252,mid_price,ok
2026-08-24T04:35:52.383990+00:00,2026-08-24T10:05:52.383990+05:30,NIFTY,25-Aug-2026,25500.0,PE,24271,1193.9,65,1197.8,65,1193,1195.85,9335,-262,750,-1.6163615371928088,0,,,,,,,,,,,,,,,0.00335640588565449,,,,,,11.31,65,24285.05,24313,24267.3,24252,mid_price,no_price_available
2026-08-24T04:35:52.383990+00:00,2026-08-24T10:05:52.383990+05:30,NIFTY,25-Aug-2026,25550.0,CE,24271,0.55,173160,0.6,177320,0.6,0.575,11601,-164,6718,20,36.91,0.008596610213244078,4.498767822020043e-05,-4.976034967664925,0.3283125163875086,0.15206792983799705,-0.02304498202339561,5.094468970813115,2.0919028974648661e-07,0.0005761922305032329,-8.741230789100072e-05,-0.906051716630582,141.14829615088803,-0.008108419014982044,4.059636155376243e-05,0.00335640588565449,24304,0.4048151143168119,0.0116,index_dividend_yield,0.065,11.31,65,24285.05,24313,24267.3,24252,mid_price,ok
2026-08-24T04:35:52.383990+00:00,2026-08-24T10:05:52.383990+05:30,NIFTY,25-Aug-2026,25550.0,PE,24271,1222.8,845,1281.6,845,0.0,1252.1999999999998,79,0,0,0,46.08,,,,,,,,,,,,,,,0.00335640588565449,,,,,,11.31,65,24285.05,24313,24267.3,24252,mid_price,no_price_available
2026-08-24T04:35:52.383990+00:00,2026-08-24T10:05:52.383990+05:30,NIFTY,25-Aug-2026,25600.0,CE,24271,0.5,650910,0.55,624650,0.55,0.525,47641,-5547,29538,10,37.46,0.007397958818825187,3.8844437865137855e-05,-4.424667148041543,0.28770435010517664,0.13431255162900607,-0.020653332251283064,4.603109438126585,1.82366164351511e-07,0.0005177906661421323,-7.968608840273601e-05,-0.8252814189552142,141.23369433377744,-0.006964239055154208,3.491598118962154e-05,0.00335640588565449,24304,0.4048151143168119,0.0116,index_dividend_yield,0.065,11.31,65,24285.05,24313,24267.3,24252,mid_price,ok
2026-08-24T04:35:52.383990+00:00,2026-08-24T10:05:52.383990+05:30,NIFTY,25-Aug-2026,25600.0,PE,24271,1293.15,65,1296.45,65,1298.05,1294.8000000000002,200,-8,17,-1.1875309252845125,0,,,,,,,,,,,,,,,0.00335640588565449,,,,,,11.31,65,24285.05,24313,24267.3,24252,mid_price,no_price_available
2026-08-24T04:35:52.383990+00:00,2026-08-24T10:05:52.383990+05:30,NIFTY,25-Aug-2026,25650.0,CE,24271,0.5,153595,0.55,107315,0.5,0.525,11612,-635,6607,11.11111111111111,39.06,0.007700386479995115,3.859132290181338e-05,-4.778332741652539,0.2980380544947357,0.13269961445931375,-0.021271497100103738,4.520739148484804,1.722187199772527e-07,0.0004865633358683216,-7.805917727201634e-05,-0.8463371324395662,134.94046189195262,-0.0072323997667914355,3.455335864801176e-05,0.00335640588565449,24304,0.4048151143168119,0.0116,index_dividend_yield,0.065,11.31,65,24285.05,24313,24267.3,24252,mid_price,ok
2026-08-24T04:35:52.383990+00:00,2026-08-24T10:05:52.383990+05:30,NIFTY,25-Aug-2026,25650.0,PE,24271,1338.55,65,1385.1,780,1345,1361.8249999999998,11,0,3,-10.333333333333334,0,,,,,,,,,,,,,,,0.00335640588565449,,,,,,11.31,65,24285.05,24313,24267.3,24252,mid_price,no_price_available
2026-08-24T04:35:52.383990+00:00,2026-08-24T10:05:52.383990+05:30,NIFTY,25-Aug-2026,25700.0,CE,24271,0.5,274625,0.55,300430,0.55,0.525,29469,-537,8868,10,40.3,0.007529238103994005,3.667092388451395e-05,-4.832494500634369,0.29219764563774936,0.12655372260707765,-0.020925889770483264,4.32587698020842,1.5894336812063187e-07,0.0004519023044917938,-7.477855708577288e-05,-0.8345812444512494,131.11397533358803,-0.0070563569066905574,3.270626456826115e-05,0.00335640588565449,24304,0.4048151143168119,0.0116,index_dividend_yield,0.065,11.31,65,24285.05,24313,24267.3,24252,mid_price,ok
2026-08-24T04:35:52.383990+00:00,2026-08-24T10:05:52.383990+05:30,NIFTY,25-Aug-2026,25700.0,PE,24271,1392.45,130,1406,260,1380.25,1399.225,222,-5,10,-2.179305457122608,0,,,,,,,,,,,,,,,0.00335640588565449,,,,,,11.31,65,24285.05,24313,24267.3,24252,mid_price,no_price_available
2026-08-24T04:35:52.383990+00:00,2026-08-24T10:05:52.383990+05:30,NIFTY,25-Aug-2026,25750.0,CE,24271,0.45,137085,0.5,68510,0.5,0.475,10484,35,4267,11.11111111111111,41.13,0.0068889031751625095,3.3221866223333e-05,-4.559405669878383,0.27016715477347925,0.1161698628869218,-0.01960119761127903,4.02326345024015,1.4297751891224e-07,0.0004139569828019231,-6.988769134310255e-05,-0.7891468249481494,129.6318275327238,-0.0064431362280722194,2.9515143485795444e-05,0.00335640588565449,24304,0.4048151143168119,0.0116,index_dividend_yield,0.065,11.31,65,24285.05,24313,24267.3,24252,mid_price,ok
2026-08-24T04:35:52.383990+00:00,2026-08-24T10:05:52.383990+05:30,NIFTY,25-Aug-2026,25750.0,PE,24271,1428.85,65,1480.85,195,0.0,1454.85,4,0,0,0,52.07,,,,,,,,,,,,,,,0.00335640588565449,,,,,,11.31,65,24285.05,24313,24267.3,24252,mid_price,no_price_available
2026-08-24T04:35:52.383990+00:00,2026-08-24T10:05:52.383990+05:30,NIFTY,25-Aug-2026,25800.0,CE,24271,0.45,360425,0.5,241085,0.5,0.475,20455,-1396,12910,11.11111111111111,41.91,0.006269304349947983,2.999655292985053e-05,-4.273716662403741,0.24856434144012815,0.10632829425280066,-0.01827816932090615,3.732670397136997,1.2846236620848822e-07,0.0003788799807728698,-6.515911288142959e-05,-0.74315542062337,128.41807286400697,-0.005851836749046277,2.654650054826802e-05,0.00335640588565449,24304,0.4048151143168119,0.0116,index_dividend_yield,0.065,11.31,65,24285.05,24313,24267.3,24252,mid_price,ok
2026-08-24T04:35:52.383990+00:00,2026-08-24T10:05:52.383990+05:30,NIFTY,25-Aug-2026,25800.0,PE,24271,1492.1,65,1505.7,130,1490,1498.9,166,-1,4,-1.3245033112582782,0,,,,,,,,,,,,,,,0.00335640588565449,,,,,,11.31,65,24285.05,24313,24267.3,24252,mid_price,no_price_available
2026-08-24T04:35:52.383990+00:00,2026-08-24T10:05:52.383990+05:30,NIFTY,25-Aug-2026,25850.0,CE,24271,0.5,55445,0.55,37570,0.55,0.525,3771,539,1272,10,43.96,0.007043273684196227,3.169725353159924e-05,-4.967745547548364,0.27550477592496325,0.11055705610438443,-0.01993007062609977,3.8165123490042916,1.2677197819578467e-07,0.0003669893160726261,-6.61928619245694e-05,-0.8004833999898112,121.0799142802129,-0.006558430966344296,2.7943183275236655e-05,0.00335640588565449,24304,0.4048151143168119,0.0116,index_dividend_yield,0.065,11.31,65,24285.05,24313,24267.3,24252,mid_price,ok
2026-08-24T04:35:52.383990+00:00,2026-08-24T10:05:52.383990+05:30,NIFTY,25-Aug-2026,25850.0,PE,24271,1528.55,65,1554.65,65,0.0,1541.6,13,0,0,0,0,,,,,,,,,,,,,,,0.00335640588565449,,,,,,11.31,65,24285.05,24313,24267.3,24252,mid_price,no_price_available
2026-08-24T04:35:52.383990+00:00,2026-08-24T10:05:52.383990+05:30,NIFTY,25-Aug-2026,25900.0,CE,24271,0.5,112125,0.55,111540,0.55,0.525,10630,-1756,4809,22.22222222222222,44.75,0.0064632184742471,2.8860564674425425e-05,-4.68655448060122,0.25535694750663795,0.1019291115090591,-0.01870249563660917,3.562728342411059,1.1483351930327547e-07,0.0003381668118197428,-6.207372380857346e-05,-0.757975250900249,119.97040803268516,-0.0060062244535671215,2.534431959345303e-05,0.00335640588565449,24304,0.4048151143168119,0.0116,index_dividend_yield,0.065,11.31,65,24285.05,24313,24267.3,24252,mid_price,ok
2026-08-24T04:35:52.383990+00:00,2026-08-24T10:05:52.383990+05:30,NIFTY,25-Aug-2026,25900.0,PE,24271,1556.4,845,1637.65,130,0.0,1597.025,60,0,0,0,69.98,,,,,,,,,,,,,,,0.00335640588565449,,,,,,11.31,65,24285.05,24313,24267.3,24252,mid_price,no_price_available
2026-08-24T04:35:52.383990+00:00,2026-08-24T10:05:52.383990+05:30,NIFTY,25-Aug-2026,25950.0,CE,24271,0.45,67665,0.5,38350,0.5,0.475,3707,54,1033,11.11111111111111,45.94,0.006330173871598208,2.7600251658801972e-05,-4.722781397589793,0.250699719088495,0.09779167971395684,-0.018417754376905918,3.4282803079147826,1.0718776015528307e-07,0.0003173488772960529,-5.978921434479644e-05,-0.7480383808823955,117.1241334572023,-0.005870053270955386,2.4144246597138727e-05,0.00335640588565449,24304,0.4048151143168119,0.0116,index_dividend_yield,0.065,11.31,65,24285.05,24313,24267.3,24252,mid_price,ok
2026-08-24T04:35:52.383990+00:00,2026-08-24T10:05:52.383990+05:30,NIFTY,25-Aug-2026,25950.0,PE,24271,1628.5,65,1687.8,780,0.0,1658.15,2,0,0,0,55.73,,,,,,,,,,,,,,,0.00335640588565449,,,,,,11.31,65,24285.05,24313,24267.3,24252,mid_price,no_price_available
2026-08-24T04:35:52.383990+00:00,2026-08-24T10:05:52.383990+05:30,NIFTY,25-Aug-2026,26000.0,CE,24271,0.45,466375,0.5,362440,0.5,0.475,73027,-4373,20003,11.11111111111111,47.14,0.006218187633437878,2.64759106419335e-05,-4.769537105046094,0.2467688284900435,0.09406955458237569,-0.018176967385804366,3.306168572583451,1.0036122061176698e-07,0.0002985542093318652,-5.7706501109870775e-05,-0.7396122833545703,114.36437136038164,-0.005753922154738341,2.307169762239262e-05,0.00335640588565449,24304,0.4048151143168119,0.0116,index_dividend_yield,0.065,11.31,65,24285.05,24313,24267.3,24252,mid_price,ok
2026-08-24T04:35:52.383990+00:00,2026-08-24T10:05:52.383990+05:30,NIFTY,25-Aug-2026,26000.0,PE,24271,1696,65,1698,65,1698.8,1697.0,23269,-591,2636,-0.9446064139941691,0,,,,,,,,,,,,,,,0.00335640588565449,,,,,,11.31,65,24285.05,24313,24267.3,24252,mid_price,no_price_available
2026-08-24T04:35:52.383990+00:00,2026-08-24T10:05:52.383990+05:30,NIFTY,25-Aug-2026,26050.0,CE,24271,0.45,32760,0.5,33540,0.45,0.475,2513,-68,626,12.5,48.32,0.006097862649801075,2.538609763155216e-05,-4.804437936494873,0.2425340316195691,0.09046870030002567,-0.01791641734837352,3.188411129713034,9.405692719160533e-08,0.000281193143753347,-5.5701241611249576e-05,-0.7304703884215585,111.80546053058221,-0.0056306136502598135,2.2037170470432162e-05,0.00335640588565449,24304,0.4048151143168119,0.0116,index_dividend_yield,0.065,11.31,65,24285.05,24313,24267.3,24252,mid_price,ok
2026-08-24T04:35:52.383990+00:00,2026-08-24T10:05:52.383990+05:30,NIFTY,25-Aug-2026,26050.0,PE,24271,1728.3,65,1752.6,65,0.0,1740.4499999999998,4,0,0,0,0,,,,,,,,,,,,,,,0.00335640588565449,,,,,,11.31,65,24285.05,24313,24267.3,24252,mid_price,no_price_available
2026-08-24T04:35:52.383990+00:00,2026-08-24T10:05:52.383990+05:30,NIFTY,25-Aug-2026,26100.0,CE,24271,0.4,53235,0.45,100815,0.45,0.42500000000000004,4427,69,739,0,49.01,0.005569944526044416,2.309661746390174e-05,-4.496388253062301,0.2238117579451773,0.08335708012627936,-0.016742370482852747,2.97510574268961,8.546930452410637e-08,0.0002598933631474409,-5.220609477124039e-05,-0.6889564404454332,111.20499500125909,-0.005133044354878102,1.9972972648465236e-05,0.00335640588565449,24304,0.4048151143168119,0.0116,index_dividend_yield,0.065,11.31,65,24285.05,24313,24267.3,24252,mid_price,ok
2026-08-24T04:35:52.383990+00:00,2026-08-24T10:05:52.383990+05:30,NIFTY,25-Aug-2026,26100.0,PE,24271,1789.9,130,1798,65,0.0,1793.95,290,0,0,0,58.58,,,,,,,,,,,,,,,0.00335640588565449,,,,,,11.31,65,24285.05,24313,24267.3,24252,mid_price,no_price_available
2026-08-24T04:35:52.383990+00:00,2026-08-24T10:05:52.383990+05:30,NIFTY,25-Aug-2026,26150.0,CE,24271,0.45,9165,0.5,10140,0.5,0.475,1586,185,352,11.11111111111111,50.68,0.005886579662034886,2.345900095670775e-05,-4.882891487252083,0.23506931061510247,0.08405660596419061,-0.017455403474127735,2.977134514981966,8.314123846660427e-08,0.00025081694122596864,-5.209340501228221e-05,-0.7142324970452103,107.00490747855133,-0.0054125419846192645,2.020884379791214e-05,0.00335640588565449,24304,0.4048151143168119,0.0116,index_dividend_yield,0.065,11.31,65,24285.05,24313,24267.3,24252,mid_price,ok
2026-08-24T04:35:52.383990+00:00,2026-08-24T10:05:52.383990+05:30,NIFTY,25-Aug-2026,26150.0,PE,24271,1669.3,780,1923.45,780,0.0,1796.375,0,0,0,0,0,,,,,,,,,,,,,,,0.00335640588565449,,,,,,11.31,65,24285.05,24313,24267.3,24252,mid_price,no_price_available
2026-08-24T04:35:52.383990+00:00,2026-08-24T10:05:52.383990+05:30,NIFTY,25-Aug-2026,26200.0,CE,24271,0.45,55120,0.5,56680,0.45,0.475,4897,-288,3397,12.5,51.85,0.005785665901353285,2.2580584012409305e-05,-4.919054378029828,0.23149080507714628,0.08112378880405657,-0.017233387860749936,2.880198505817888,7.835014045182825e-08,0.00023739589727961096,-5.043650046222356e-05,-0.706383816960762,104.78469169432212,-0.005308541170087893,1.937795432762022e-05,0.00335640588565449,24304,0.4048151143168119,0.0116,index_dividend_yield,0.065,11.31,65,24285.05,24313,24267.3,24252,mid_price,ok
2026-08-24T04:35:52.383990+00:00,2026-08-24T10:05:52.383990+05:30,NIFTY,25-Aug-2026,26200.0,PE,24271,1891.25,65,1898.3,325,1887.85,1894.775,618,-7,9,-1.229497475606247,0,,,,,,,,,,,,,,,0.00335640588565449,,,,,,11.31,65,24285.05,24313,24267.3,24252,mid_price,no_price_available
2026-08-24T04:35:52.383990+00:00,2026-08-24T10:05:52.383990+05:30,NIFTY,25-Aug-2026,26250.0,CE,24271,0.45,25740,0.5,36140,0.45,0.475,1476,383,2660,0,53.01,0.005684974029820337,2.1744960228344877e-05,-4.950853176149666,0.22791149839969937,0.07833072255120609,-0.017010561672128718,2.7878237994734407,7.392548268542824e-08,0.00022496400562059407,-4.88574522892998e-05,-0.6984873911863987,102.68399861532036,-0.005205191254832176,1.8589826765788417e-05,0.00335640588565449,24304,0.4048151143168119,0.0116,index_dividend_yield,0.065,11.31,65,24285.05,24313,24267.3,24252,mid_price,ok
2026-08-24T04:35:52.383990+00:00,2026-08-24T10:05:52.383990+05:30,NIFTY,25-Aug-2026,26250.0,PE,24271,1928.35,65,1956.2,65,0.0,1942.275,1,0,0,0,66.22,,,,,,,,,,,,,,,0.00335640588565449,,,,,,11.31,65,24285.05,24313,24267.3,24252,mid_price,no_price_available
2026-08-24T04:35:52.383990+00:00,2026-08-24T10:05:52.383990+05:30,NIFTY,25-Aug-2026,26300.0,CE,24271,0.4,124800,0.45,64675,0.45,0.42500000000000004,11820,1270,6022,0,53.64,0.005199628924021212,1.9850955859008394e-05,-4.62729392161755,0.2105329167767335,0.0723876188881015,-0.01590590070713964,2.608006820383979,6.753702740947967e-08,0.00020889799487219316,-4.589953627038731e-05,-0.6590506449185867,102.34857782132212,-0.004751602686399874,1.6906171381185292e-05,0.00335640588565449,24304,0.4048151143168119,0.0116,index_dividend_yield,0.065,11.31,65,24285.05,24313,24267.3,24252,mid_price,ok
2026-08-24T04:35:52.383990+00:00,2026-08-24T10:05:52.383990+05:30,NIFTY,25-Aug-2026,26300.0,PE,24271,1995,195,1997.6,130,1992.05,1996.3,5071,-55,64,-1.0063111862048402,0,,,,,,,,,,,,,,,0.00335640588565449,,,,,,11.31,65,24285.05,24313,24267.3,24252,mid_price,no_price_available
2026-08-24T04:35:52.383990+00:00,2026-08-24T10:05:52.383990+05:30,NIFTY,25-Aug-2026,26350.0,CE,24271,0.4,5785,0.5,5265,0.45,0.45,476,-21,301,-10,55.33,0.005506444913014978,2.0251103890439e-05,-5.022219699196864,0.22154358867490617,0.07330587062790057,-0.01661287693245122,2.6205029038821466,6.615794165781333e-08,0.0002029365482230367,-4.599014119707063e-05,-0.6843463570607351,98.7161413963153,-0.00502061000794305,1.7181568308128446e-05,0.00335640588565449,24304,0.4048151143168119,0.0116,index_dividend_yield,0.065,11.31,65,24285.05,24313,24267.3,24252,mid_price,wide_quote_low_liquidity
2026-08-24T04:35:52.383990+00:00,2026-08-24T10:05:52.383990+05:30,NIFTY,25-Aug-2026,26350.0,PE,24271,2027.9,65,2086.85,780,0.0,2057.375,1,0,0,0,21.23,,,,,,,,,,,,,,,0.00335640588565449,,,,,,11.31,65,24285.05,24313,24267.3,24252,mid_price,no_price_available
2026-08-24T04:35:52.383990+00:00,2026-08-24T10:05:52.383990+05:30,NIFTY,25-Aug-2026,26400.0,CE,24271,0.4,19305,0.45,23660,0.4,0.42500000000000004,2748,140,666,-11.11111111111111,55.93,0.00503849353146546,1.8512084961725408e-05,-4.690687963920422,0.20471514279135763,0.06782396992725641,-0.01553656751452534,2.4539947682733207,6.05752958633361e-08,0.00018881170768320237,-4.3246376449471204e-05,-0.6457557474878995,98.48541800746376,-0.004585135499351683,1.564670237196917e-05,0.00335640588565449,24304,0.4048151143168119,0.0116,index_dividend_yield,0.065,11.31,65,24285.05,24313,24267.3,24252,mid_price,ok
2026-08-24T04:35:52.383990+00:00,2026-08-24T10:05:52.383990+05:30,NIFTY,25-Aug-2026,26400.0,PE,24271,2077.8,65,2166.5,780,0.0,2122.15,2,0,0,0,0,,,,,,,,,,,,,,,0.00335640588565449,,,,,,11.31,65,24285.05,24313,24267.3,24252,mid_price,no_price_available
2026-08-24T04:35:52.383990+00:00,2026-08-24T10:05:52.383990+05:30,NIFTY,25-Aug-2026,26450.0,CE,24271,0.45,65,0.5,2405,0.45,0.475,730,169,496,0,57.07,0.004963663029751109,1.7902110884476676e-05,-4.722542557797397,0.20200491192977946,0.06573604158263907,-0.015363929548763077,2.383232690034556,5.748636292081731e-08,0.00017983787271671153,-4.2025638745362204e-05,-0.6395218965521036,96.67121682484186,-0.0045076314164407705,1.5073990268430005e-05,0.00335640588565449,24304,0.4048151143168119,0.0116,index_dividend_yield,0.065,11.31,65,24285.05,24313,24267.3,24252,mid_price,ok
2026-08-24T04:35:52.383990+00:00,2026-08-24T10:05:52.383990+05:30,NIFTY,25-Aug-2026,26450.0,PE,24271,1947.75,780,2226.45,780,0.0,2087.1,0,0,0,0,0,,,,,,,,,,,,,,,0.00335640588565449,,,,,,11.31,65,24285.05,24313,24267.3,24252,mid_price,no_price_available
2026-08-24T04:35:52.383990+00:00,2026-08-24T10:05:52.383990+05:30,NIFTY,25-Aug-2026,26500.0,CE,24271,0.4,75335,0.45,60450,0.4,0.42500000000000004,3588,-414,2692,0,58.2,0.004888008940081193,1.7315927455781722e-05,-4.750218170466279,0.1992592800547649,0.06372863568960109,-0.01518848115596304,2.315206693266694,5.4602082622063016e-08,0.0001714418372641487,-4.08523124911813e-05,-0.6331737348447798,94.94754357310033,-0.004429711922267132,1.452544179124722e-05,0.00335640588565449,24304,0.4048151143168119,0.0116,index_dividend_yield,0.065,11.31,65,24285.05,24313,24267.3,24252,mid_price,ok
2026-08-24T04:35:52.383990+00:00,2026-08-24T10:05:52.383990+05:30,NIFTY,25-Aug-2026,26500.0,PE,24271,2185.9,455,2201,130,2200,2193.45,88,0,4,-0.3510361227494055,0,,,,,,,,,,,,,,,0.00335640588565449,,,,,,11.31,65,24285.05,24313,24267.3,24252,mid_price,no_price_available
2026-08-24T04:35:52.383990+00:00,2026-08-24T10:05:52.383990+05:30,NIFTY,25-Aug-2026,26550.0,CE,24271,0.4,845,0.45,5330,0.45,0.42500000000000004,385,88,189,0,59.33,0.004817831140247449,1.676858252274266e-05,-4.78007018366813,0.19670731721779786,0.06184717542456015,-0.015025133316735714,2.2511896663163777,5.1937102514452035e-08,0.00016364190987482822,-3.974656455997005e-05,-0.6272517029680031,93.28162135390933,-0.004357063099171925,1.401337171598152e-05,0.00335640588565449,24304,0.4048151143168119,0.0116,index_dividend_yield,0.065,11.31,65,24285.05,24313,24267.3,24252,mid_price,ok
2026-08-24T04:35:52.383990+00:00,2026-08-24T10:05:52.383990+05:30,NIFTY,25-Aug-2026,26550.0,PE,24271,2040.55,780,2370.95,780,0.0,2205.75,0,0,0,0,0,,,,,,,,,,,,,,,0.00335640588565449,,,,,,11.31,65,24285.05,24313,24267.3,24252,mid_price,no_price_available
2026-08-24T04:35:52.383990+00:00,2026-08-24T10:05:52.383990+05:30,NIFTY,25-Aug-2026,26600.0,CE,24271,0.4,4550,0.45,6045,0.45,0.42500000000000004,951,28,418,12.5,59.81,0.00437226821137747,1.5253880200818703e-05,-4.418644706200499,0.18038646512374598,0.05697963084318018,-0.013954444544441873,2.1006517815116004,4.748943493713505e-08,0.00015213132587472733,-3.7245021221626324e-05,-0.5881465512436225,93.3667799338312,-0.003946719410824029,1.2699668903753252e-05,0.00335640588565449,24304,0.4048151143168119,0.0116,index_dividend_yield,0.065,11.31,65,24285.05,24313,24267.3,24252,mid_price,ok
2026-08-24T04:35:52.383990+00:00,2026-08-24T10:05:52.383990+05:30,NIFTY,25-Aug-2026,26600.0,PE,24271,2094.45,780,2386.1,780,0.0,2240.2749999999996,0,0,0,0,0,,,,,,,,,,,,,,,0.00335640588565449,,,,,,11.31,65,24285.05,24313,24267.3,24252,mid_price,no_price_available
2026-08-24T04:35:52.383990+00:00,2026-08-24T10:05:52.383990+05:30,NIFTY,25-Aug-2026,26650.0,CE,24271,0.4,65,0.45,1105,0.45,0.42500000000000004,353,38,154,12.5,60.93,0.004316621273055095,1.4803052962890923e-05,-4.449843744820883,0.17833323408121918,0.055399914940523765,-0.013820693499256126,2.045811500918565,4.528634574142917e-08,0.00014552265230946022,-3.629076363623757e-05,-0.5832259559168267,91.77422809324044,-0.0038884473930126317,1.2278129418005067e-05,0.00335640588565449,24304,0.4048151143168119,0.0116,index_dividend_yield,0.065,11.31,65,24285.05,24313,24267.3,24252,mid_price,ok
2026-08-24T04:35:52.383990+00:00,2026-08-24T10:05:52.383990+05:30,NIFTY,25-Aug-2026,26650.0,PE,24271,2133.3,780,2387.35,780,0.0,2260.325,0,0,0,0,0,,,,,,,,,,,,,,,0.00335640588565449,,,,,,11.31,65,24285.05,24313,24267.3,24252,mid_price,no_price_available
2026-08-24T04:35:52.383990+00:00,2026-08-24T10:05:52.383990+05:30,NIFTY,25-Aug-2026,26700.0,CE,24271,0.4,650,0.45,8645,0.4,0.42500000000000004,681,-56,448,0,62.03,0.004254184651666555,1.435237337608831e-05,-4.471257296387405,0.1760253917989238,0.05382612421941414,-0.013669635696859387,1.9914450240745145,4.318589740771921e-08,0.00013923580904470984,-3.534656187239721e-05,-0.5776588240590528,90.2822202333001,-0.0038243311956577095,1.185977751147602e-05,0.00335640588565449,24304,0.4048151143168119,0.0116,index_dividend_yield,0.065,11.31,65,24285.05,24313,24267.3,24252,mid_price,ok
2026-08-24T04:35:52.383990+00:00,2026-08-24T10:05:52.383990+05:30,NIFTY,25-Aug-2026,26700.0,PE,24271,2179.85,780,2558.15,780,0.0,2369.0,0,0,0,0,0,,,,,,,,,,,,,,,0.00335640588565449,,,,,,11.31,65,24285.05,24313,24267.3,24252,mid_price,no_price_available
2026-08-24T04:35:52.383990+00:00,2026-08-24T10:05:52.383990+05:30,NIFTY,25-Aug-2026,26750.0,CE,24271,0.4,910,0.45,1690,0.45,0.42500000000000004,463,197,390,0,63.14,0.004201250276904737,1.3943055082815427e-05,-4.500303712222301,0.1740653529816643,0.05238702080416404,-0.01354139839781905,1.9413339436617076,4.1259841128534364e-08,0.0001334223222899806,-3.447382897491267e-05,-0.572924545776223,88.81174318322643,-0.0037689870233144586,1.1478515126389777e-05,0.00335640588565449,24304,0.4048151143168119,0.0116,index_dividend_yield,0.065,11.31,65,24285.05,24313,24267.3,24252,mid_price,ok
2026-08-24T04:35:52.383990+00:00,2026-08-24T10:05:52.383990+05:30,NIFTY,25-Aug-2026,26750.0,PE,24271,2240.05,780,2579.5,780,0.0,2409.775,0,0,0,0,0,,,,,,,,,,,,,,,0.00335640588565449,,,,,,11.31,65,24285.05,24313,24267.3,24252,mid_price,no_price_available
2026-08-24T04:35:52.383990+00:00,2026-08-24T10:05:52.383990+05:30,NIFTY,25-Aug-2026,26800.0,CE,24271,0.4,7605,0.45,17940,0.45,0.42500000000000004,1021,27,793,-10,64.92,0.004502985103443473,1.4427928722407503e-05,-4.922733875656862,0.18519630342203616,0.053750377405159616,-0.014283763277113335,1.9740007653958196,4.109036081425068e-08,0.0001315622063267354,-3.494927916173197e-05,-0.600229445797791,85.8605555469819,-0.004030561599252249,1.1833405327524362e-05,0.00335640588565449,24304,0.4048151143168119,0.0116,index_dividend_yield,0.065,11.31,65,24285.05,24313,24267.3,24252,mid_price,ok
2026-08-24T04:35:52.383990+00:00,2026-08-24T10:05:52.383990+05:30,NIFTY,25-Aug-2026,26800.0,PE,24271,2477.25,65,2569.7,780,0.0,2523.475,2,0,0,0,39.43,,,,,,,,,,,,,,,0.00335640588565449,,,,,,11.31,65,24285.05,24313,24267.3,24252,mid_price,no_price_available
2026-08-24T04:35:52.383990+00:00,2026-08-24T10:05:52.383990+05:30,NIFTY,25-Aug-2026,26850.0,CE,24271,0.35,1300,0.45,2080,0.4,0.4,331,-6,92,0,65.33,0.0040912346186531235,1.3159493918432737e-05,-4.546604666958868,0.16998150119073646,0.04963289873160343,-0.013272973954703978,1.8455495851022046,3.7724170447428586e-08,0.00012273379578952914,-3.2806636914350535e-05,-0.5629901002662426,86.07093878126315,-0.00365529515922865,1.0752908447580839e-05,0.00335640588565449,24304,0.4048151143168119,0.0116,index_dividend_yield,0.065,11.31,65,24285.05,24313,24267.3,24252,mid_price,wide_quote_low_liquidity
2026-08-24T04:35:52.383990+00:00,2026-08-24T10:05:52.383990+05:30,NIFTY,25-Aug-2026,26850.0,PE,24271,2273,780,2689.65,780,0.0,2481.325,0,0,0,0,0,,,,,,,,,,,,,,,0.00335640588565449,,,,,,11.31,65,24285.05,24313,24267.3,24252,mid_price,no_price_available
2026-08-24T04:35:52.383990+00:00,2026-08-24T10:05:52.383990+05:30,NIFTY,25-Aug-2026,26900.0,CE,24271,0.35,5915,0.4,13715,0.4,0.375,2045,77,652,0,65.65,0.0036779507631123825,1.1903537310328662e-05,-4.1528536018648525,0.15451141951180764,0.04549891296077246,-0.012227365509885034,1.7147613407810096,3.443634089273998e-08,0.00011397275604111662,-3.061126791058002e-05,-0.5239622249958621,86.47054416547772,-0.0032801188368148638,9.690514105340824e-06,0.00335640588565449,24304,0.4048151143168119,0.0116,index_dividend_yield,0.065,11.31,65,24285.05,24313,24267.3,24252,mid_price,ok
2026-08-24T04:35:52.383990+00:00,2026-08-24T10:05:52.383990+05:30,NIFTY,25-Aug-2026,26900.0,PE,24271,2577.05,65,2758.9,780,0.0,2667.9750000000004,1,0,0,0,0,,,,,,,,,,,,,,,0.00335640588565449,24304,0.4048151143168119,0.0116,index_dividend_yield,0.065,11.31,65,24285.05,24313,24267.3,24252,mid_price,no_nse_iv
2026-08-24T04:35:52.383990+00:00,2026-08-24T10:05:52.383990+05:30,NIFTY,25-Aug-2026,26950.0,CE,24271,0.35,845,0.45,1625,0.4,0.4,278,100,148,0,66.73,0.0036338520375142794,1.1584820672446906e-05,-4.175504596174388,0.15284817401819806,0.04435660108807835,-0.01211587243680337,1.674226714449431,3.3004443307921664e-08,0.00010953354831874158,-2.990075177807769e-05,-0.519769217698296,85.1764934812322,-0.0032342025398316276,9.396088896088905e-06,0.00335640588565449,24304,0.4048151143168119,0.0116,index_dividend_yield,0.065,11.31,65,24285.05,24313,24267.3,24252,mid_price,wide_quote_low_liquidity
2026-08-24T04:35:52.383990+00:00,2026-08-24T10:05:52.383990+05:30,NIFTY,25-Aug-2026,26950.0,PE,24271,2375.35,780,2781.75,780,0.0,2578.55,0,0,0,0,0,,,,,,,,,,,,,,,0.00335640588565449,,,,,,11.31,65,24285.05,24313,24267.3,24252,mid_price,no_price_available
2026-08-24T04:35:52.383990+00:00,2026-08-24T10:05:52.383990+05:30,NIFTY,25-Aug-2026,27000.0,CE,24271,0.35,19045,0.4,70850,0.4,0.375,3127,174,1958,14.285714285714286,67.81,0.003592660471631082,1.1284265057514083e-05,-4.199671246093711,0.1512923043336596,0.04327617898763729,-0.012011490493390845,1.6357643848770447,3.1664969190216646e-08,0.00010536352655630489,-2.9225867371910867e-05,-0.5158379746794616,83.9187054059942,-0.0031910515434974865,9.118451468732976e-06,0.00335640588565449,24304,0.4048151143168119,0.0116,index_dividend_yield,0.065,11.31,65,24285.05,24313,24267.3,24252,mid_price,ok
2026-08-24T04:35:52.383990+00:00,2026-08-24T10:05:52.383990+05:30,NIFTY,25-Aug-2026,27000.0,PE,24271,2689.3,65,2698.05,65,2694,2693.675,632,-2,3,-0.6179101724614959,0,,,,,,,,,,,,,,,0.00335640588565449,,,,,,11.31,65,24285.05,24313,24267.3,24252,mid_price,no_price_available
2026-08-24T04:35:52.383990+00:00,2026-08-24T10:05:52.383990+05:30,NIFTY,25-Aug-2026,27050.0,CE,24271,0.3,1755,0.35,3575,0.3,0.32499999999999996,546,80,393,-25,68.88,0.003549956889925032,1.0990363711590639e-05,-4.220178632864613,0.14967698209811,0.04222028423280736,-0.01190278738842028,1.5982224194778516,3.039147828993529e-08,0.00010139688129116292,-2.8567470381403115e-05,-0.5117380924560623,82.71618561090463,-0.003146741494861948,8.848157949901665e-06,0.00335640588565449,24304,0.4048151143168119,0.0116,index_dividend_yield,0.065,11.31,65,24285.05,24313,24267.3,24252,mid_price,wide_quote_low_liquidity
2026-08-24T04:35:52.383990+00:00,2026-08-24T10:05:52.383990+05:30,NIFTY,25-Aug-2026,27050.0,PE,24271,2467,780,2896.85,780,0.0,2681.925,0,0,0,0,0,,,,,,,,,,,,,,,0.00335640588565449,,,,,,11.31,65,24285.05,24313,24267.3,24252,mid_price,no_price_available
2026-08-24T04:35:52.383990+00:00,2026-08-24T10:05:52.383990+05:30,NIFTY,25-Aug-2026,27100.0,CE,24271,0.3,9230,0.35,4485,0.35,0.32499999999999996,1423,57,716,0,69.95,0.0035099835049288825,1.0712763065917175e-05,-4.2421708430121425,0.14816275096970957,0.041220053292832404,-0.011800800538032662,1.562547079853871,2.9197654727443807e-08,9.76632490414986e-05,-2.7941179845250717e-05,-0.5078860400477119,81.54586464202815,-0.003105022566444953,8.592870336681244e-06,0.00335640588565449,24304,0.4048151143168119,0.0116,index_dividend_yield,0.065,11.31,65,24285.05,24313,24267.3,24252,mid_price,wide_quote_low_liquidity
2026-08-24T04:35:52.383990+00:00,2026-08-24T10:05:52.383990+05:30,NIFTY,25-Aug-2026,27100.0,PE,24271,2684.5,780,2865.75,780,0.0,2775.125,2,0,0,0,0,,,,,,,,,,,,,,,0.00335640588565449,,,,,,11.31,65,24285.05,24313,24267.3,24252,mid_price,no_price_available
2026-08-24T04:35:52.383990+00:00,2026-08-24T10:05:52.383990+05:30,NIFTY,25-Aug-2026,27150.0,CE,24271,0.3,5720,0.35,20150,0.35,0.32499999999999996,1303,63,343,0,70.09,0.003111210560088083,9.592631598807557e-06,-3.8136742205393634,0.1329363163515285,0.03744976439983721,-0.01074353776569459,1.4406510792090015,2.649683739535218e-08,9.027034221090866e-05,-2.5876165155931226e-05,-0.46762824163491057,82.23774551029501,-0.0027474759978714184,7.666081614938751e-06,0.00335640588565449,24304,0.4048151143168119,0.0116,index_dividend_yield,0.065,11.31,65,24285.05,24313,24267.3,24252,mid_price,wide_quote_low_liquidity
2026-08-24T04:35:52.383990+00:00,2026-08-24T10:05:52.383990+05:30,NIFTY,25-Aug-2026,27150.0,PE,24271,2597.4,780,2968.75,1690,0.0,2783.075,0,0,0,0,0,,,,,,,,,,,,,,,0.00335640588565449,,,,,,11.31,65,24285.05,24313,24267.3,24252,mid_price,no_price_available
2026-08-24T04:35:52.383990+00:00,2026-08-24T10:05:52.383990+05:30,NIFTY,25-Aug-2026,27200.0,CE,24271,0.3,154375,0.35,100165,0.3,0.32499999999999996,5493,257,9510,0,72.07,0.003429660774459144,1.0183655787508168e-05,-4.280392690480133,0.14511357721105872,0.03931206085466343,-0.01159471209843668,1.4944779115841078,2.699160465613831e-08,9.074768487572153e-05,-2.6746232282256605e-05,-0.500085660593238,79.33445035187331,-0.0030217665951634727,8.108513497449852e-06,0.00335640588565449,24304,0.4048151143168119,0.0116,index_dividend_yield,0.065,11.31,65,24285.05,24313,24267.3,24252,mid_price,wide_quote_low_liquidity
2026-08-24T04:35:52.383990+00:00,2026-08-24T10:05:52.383990+05:30,NIFTY,25-Aug-2026,27200.0,PE,24271,2865.7,780,2971.65,780,0.0,2918.675,18,0,0,0,0,,,,,,,,,,,,,,,0.00335640588565449,,,,,,11.31,65,24285.05,24313,24267.3,24252,mid_price,no_price_available
