fetch_ts_utc,fetch_ts_ist,symbol,expiry_date,strike,option_type,underlying_value,bid_price,bid_qty,ask_price,ask_qty,ltp,mid_price,open_interest,change_in_oi,total_traded_volume,pchange_vs_prev_close,nse_iv,delta,gamma,theta,vega,vanna,charm,vomma,speed,zomma,color,veta,omega,dual_delta,dual_gamma,time_to_expiry_years,futures_price,implied_cost_of_carry,dividend_yield_used,dividend_yield_source,risk_free_rate_used,india_vix,lot_size,underlying_day_open,underlying_day_high,underlying_day_low,underlying_prev_close,price_source_for_iv,data_quality_flag
2026-09-15T08:58:54.107358+00:00,2026-09-15T14:28:54.107358+05:30,NIFTY,29-Sep-2026,15000.0,CE,23208.95,,0,8873.35,1690,0.0,,0,0,0,0,0,,,,,,,,,,,,,,,0.03847240907667428,,,,,,13.24,65,23576.15,23592.85,23195.3,23398.1,none,no_price_available
2026-09-15T08:58:54.107358+00:00,2026-09-15T14:28:54.107358+05:30,NIFTY,29-Sep-2026,15000.0,PE,23208.95,0.9,65,1.2,65,0.85,1.05,1416,-38,102,-39.285714285714285,73.67,-0.000944452749605135,9.526413983149415e-07,-0.37816539901470314,0.14543886881121393,-0.012847706953333786,0.00033388181996298223,1.8171861280487644,-9.252648052069124e-10,1.0609610820296433e-05,-2.7513382196986923e-07,-0.052412995889052044,-24.15849437495883,0.0015218058588223203,2.280646202035039e-06,0.03847240907667428,23254,0.05040443660792038,0.0121,index_dividend_yield,0.065,13.24,65,23576.15,23592.85,23195.3,23398.1,mid_price,wide_quote_low_liquidity
2026-09-15T08:58:54.107358+00:00,2026-09-15T14:28:54.107358+05:30,NIFTY,29-Sep-2026,16500.0,CE,23208.95,6359,650,7058.1,650,0.0,6708.55,0,0,0,0,0,,,,,,,,,,,,,,,0.03847240907667428,,,,,,13.24,65,23576.15,23592.85,23195.3,23398.1,mid_price,no_price_available
2026-09-15T08:58:54.107358+00:00,2026-09-15T14:28:54.107358+05:30,NIFTY,29-Sep-2026,16500.0,PE,23208.95,0.5,10400,0.8,5200,0.5,0.65,2036,-3,35,-37.5,57,-0.0008864145478256111,1.1615450402013289e-06,-0.27536969136094147,0.13720542334377103,-0.015936946802045326,0.000319642445420726,2.2676904430625338,-1.4533580020528086e-09,1.7159735921035854e-05,-3.4332637920972836e-07,-0.050377803816858316,-31.64621692752696,0.0012862325182653673,2.2981541300456184e-06,0.03847240907667428,23254,0.05040443660792038,0.0121,index_dividend_yield,0.065,13.24,65,23576.15,23592.85,23195.3,23398.1,mid_price,wide_quote_low_liquidity
2026-09-15T08:58:54.107358+00:00,2026-09-15T14:28:54.107358+05:30,NIFTY,29-Sep-2026,18000.0,CE,23208.95,5170.5,130,5275.85,65,0.0,5223.175,17,0,0,0,0,,,,,,,,,,,,,,,0.03847240907667428,23254,0.05040443660792038,0.0121,index_dividend_yield,0.065,13.24,65,23576.15,23592.85,23195.3,23398.1,mid_price,no_nse_iv
2026-09-15T08:58:54.107358+00:00,2026-09-15T14:28:54.107358+05:30,NIFTY,29-Sep-2026,18000.0,PE,23208.95,0.85,130,0.9,1755,0.95,0.875,12968,-112,2086,-29.62962962962963,45.08,-0.0016312816986236045,2.5667248157850973e-06,-0.37922618871276803,0.2397858683649357,-0.033339639498032723,0.0005264534923575736,4.464644177860341,-3.803857334138667e-09,4.209647266592534e-05,-6.627475830149357e-07,-0.07904880360108543,-38.43165104171411,0.0021580816455703776,4.267222468922054e-06,0.03847240907667428,23254,0.05040443660792038,0.0121,index_dividend_yield,0.065,13.24,65,23576.15,23592.85,23195.3,23398.1,mid_price,ok
2026-09-15T08:58:54.107358+00:00,2026-09-15T14:28:54.107358+05:30,NIFTY,29-Sep-2026,19500.0,CE,23208.95,3736.35,65,3750.45,65,3784.55,3743.3999999999996,2161,0,20,-4.467948151607326,0,,,,,,,,,,,,,,,0.03847240907667428,23254,0.05040443660792038,0.0121,index_dividend_yield,0.065,13.24,65,23576.15,23592.85,23195.3,23398.1,mid_price,no_nse_iv
2026-09-15T08:58:54.107358+00:00,2026-09-15T14:28:54.107358+05:30,NIFTY,29-Sep-2026,19500.0,PE,23208.95,2.85,195,2.9,5590,2.9,2.875,16053,-556,3010,-9.375,36.04,-0.005744070013952107,9.969930681527202e-06,-0.9356716177811356,0.744624444035897,-0.11149707460608684,0.001396382478894463,12.827777653587447,-1.5843361221404173e-08,0.00014408924173551965,-1.7957391006144633e-06,-0.1871734611388871,-43.234806840834565,0.006994734241961277,1.4123225776344513e-05,0.03847240907667428,23254,0.05040443660792038,0.0121,index_dividend_yield,0.065,13.24,65,23576.15,23592.85,23195.3,23398.1,mid_price,ok
2026-09-15T08:58:54.107358+00:00,2026-09-15T14:28:54.107358+05:30,NIFTY,29-Sep-2026,21000.0,CE,23208.95,2243.2,65,2251.65,65,2243.5,2247.425,7883,-7,724,-9.69105363791889,0,,,,,,,,,,,,,,,0.03847240907667428,23254,0.05040443660792038,0.0121,index_dividend_yield,0.065,13.24,65,23576.15,23592.85,23195.3,23398.1,mid_price,no_nse_iv
2026-09-15T08:58:54.107358+00:00,2026-09-15T14:28:54.107358+05:30,NIFTY,29-Sep-2026,21000.0,PE,23208.95,8.2,650,8.25,325,8.25,8.225,38003,901,15364,-15.816326530612244,25.9,-0.020954769430042715,4.271775094264914e-05,-2.0423042624385133,2.2928123438997474,-0.38569782796178503,0.003410995137400005,35.716917916190916,-7.57363855886656e-08,0.0005005165013160061,-4.365947494709905e-06,-0.3974772532805426,-52.386346341500044,0.023601041821767248,5.217720071832557e-05,0.03847240907667428,23254,0.05040443660792038,0.0121,index_dividend_yield,0.065,13.24,65,23576.15,23592.85,23195.3,23398.1,mid_price,ok
2026-09-15T08:58:54.107358+00:00,2026-09-15T14:28:54.107358+05:30,NIFTY,29-Sep-2026,21600.0,CE,23208.95,1640.55,715,1655.95,65,1712,1648.25,803,78,96,-9.847288046340179,22.76,0.9528094598906481,9.428324451935723e-05,-6.510993581050788,4.447000156559904,-0.7007099415360374,0.005391944080395894,53.50161098530881,-1.567271187348484e-07,0.0007200834763600134,-5.322325314870488e-06,-0.5674243844124573,13.22236410741183,-0.9463546211537948,0.00010885239846580594,0.03847240907667428,23254,0.05040443660792038,0.0121,index_dividend_yield,0.065,13.24,65,23576.15,23592.85,23195.3,23398.1,mid_price,ok
2026-09-15T08:58:54.107358+00:00,2026-09-15T14:28:54.107358+05:30,NIFTY,29-Sep-2026,21600.0,PE,23208.95,13.3,1430,13.4,65,13.4,13.350000000000001,11918,824,11141,4.6875,21.53,-0.03829677209739402,8.485567173754143e-05,-2.770857054506769,3.786040656806519,-0.6676291474380924,0.004830076424454023,53.81247447085613,-1.5711256164738327e-07,0.0008119759451733253,-5.708500170659427e-06,-0.5240561106347359,-58.14111018848051,0.04185718953223015,9.796802644145427e-05,0.03847240907667428,23254,0.05040443660792038,0.0121,index_dividend_yield,0.065,13.24,65,23576.15,23592.85,23195.3,23398.1,mid_price,ok
2026-09-15T08:58:54.107358+00:00,2026-09-15T14:28:54.107358+05:30,NIFTY,29-Sep-2026,21650.0,CE,23208.95,1415.65,715,1632.85,65,0.0,1524.25,1,0,0,0,32.96,,,,,,,,,,,,,,,0.03847240907667428,,,,,,13.24,65,23576.15,23592.85,23195.3,23398.1,mid_price,no_price_available
2026-09-15T08:58:54.107358+00:00,2026-09-15T14:28:54.107358+05:30,NIFTY,29-Sep-2026,21650.0,PE,23208.95,14,390,14.15,715,14.1,14.075,918,391,1094,5.223880597014926,21.17,-0.04053427914825017,9.037875363387646e-05,-2.849592947205016,3.9650400070793297,-0.7005596058583599,0.004974141208932435,55.62850138587638,-1.6761415423925206e-07,0.0008410910841092365,-5.789473590061463e-06,-0.5360858795890255,-58.63934427797522,0.04419404981048547,0.00010386316015184006,0.03847240907667428,23254,0.05040443660792038,0.0121,index_dividend_yield,0.065,13.24,65,23576.15,23592.85,23195.3,23398.1,mid_price,ok
2026-09-15T08:58:54.107358+00:00,2026-09-15T14:28:54.107358+05:30,NIFTY,29-Sep-2026,21700.0,CE,23208.95,1538.45,65,1583.25,65,0.0,1560.85,0,0,0,0,33.96,0.8579864031368262,0.00014502989437304174,-14.930930922340861,10.206705406023781,-0.6644998691539561,0.007578247009655148,32.46129955322363,-1.0675382623100953e-07,3.419477191378699e-05,-7.444037130926919e-08,-0.7318470977790614,11.941633914978905,-0.8408036558476278,0.0001659010171784033,0.03847240907667428,23254,0.05040443660792038,0.0121,index_dividend_yield,0.065,13.24,65,23576.15,23592.85,23195.3,23398.1,mid_price,ok
2026-09-15T08:58:54.107358+00:00,2026-09-15T14:28:54.107358+05:30,NIFTY,29-Sep-2026,21700.0,PE,23208.95,14.75,780,14.85,390,14.75,14.8,5591,-254,6851,8.85608856088561,20.85,-0.043241039696369256,9.66966665128986e-05,-2.9533041458034437,4.178091335667154,-0.7364847964584399,0.005139774171857646,57.46641912684769,-1.7888594217094518e-07,0.0008662369338909926,-5.843424798653357e-06,-0.5497377218904145,-58.963597275455726,0.047032232509241066,0.00011061219758588361,0.03847240907667428,23254,0.05040443660792038,0.0121,index_dividend_yield,0.065,13.24,65,23576.15,23592.85,23195.3,23398.1,mid_price,ok
2026-09-15T08:58:54.107358+00:00,2026-09-15T14:28:54.107358+05:30,NIFTY,29-Sep-2026,21750.0,CE,23208.95,1300.8,650,1532.1,65,0.0,1416.4499999999998,1,0,0,0,29.91,,,,,,,,,,,,,,,0.03847240907667428,,,,,,13.24,65,23576.15,23592.85,23195.3,23398.1,mid_price,no_price_available
2026-09-15T08:58:54.107358+00:00,2026-09-15T14:28:54.107358+05:30,NIFTY,29-Sep-2026,21750.0,PE,23208.95,15.45,650,15.6,260,15.45,15.524999999999999,728,214,522,6.920415224913495,20.47,-0.04570546811540132,0.00010298976526340382,-3.027416845725043,4.368901755259203,-0.772455938869026,0.0052811452933394926,59.34997727705537,-1.9103322946238144e-07,0.0008959790204367455,-5.90312364723057e-06,-0.5612468884298538,-59.55560586833359,0.04959022736600705,0.00011726989371347496,0.03847240907667428,23254,0.05040443660792038,0.0121,index_dividend_yield,0.065,13.24,65,23576.15,23592.85,23195.3,23398.1,mid_price,ok
2026-09-15T08:58:54.107358+00:00,2026-09-15T14:28:54.107358+05:30,NIFTY,29-Sep-2026,21800.0,CE,23208.95,1441.5,65,1484,65,0.0,1462.75,1,0,0,0,0,,,,,,,,,,,,,,,0.03847240907667428,23254,0.05040443660792038,0.0121,index_dividend_yield,0.065,13.24,65,23576.15,23592.85,23195.3,23398.1,mid_price,no_nse_iv
2026-09-15T08:58:54.107358+00:00,2026-09-15T14:28:54.107358+05:30,NIFTY,29-Sep-2026,21800.0,PE,23208.95,16.55,260,16.65,910,16.6,16.6,9347,903,9038,8.852459016393443,20.16,-0.048934316844372515,0.00011045337316514709,-3.144459931391489,4.614555556264451,-0.8122847515257791,0.005456691991541689,61.19994921647764,-2.0395020208830553e-07,0.0009170183039091542,-5.912933033728953e-06,-0.5753466861956715,-59.83013202602449,0.052967725821847646,0.00012519211660804672,0.03847240907667428,23254,0.05040443660792038,0.0121,index_dividend_yield,0.065,13.24,65,23576.15,23592.85,23195.3,23398.1,mid_price,ok
2026-09-15T08:58:54.107358+00:00,2026-09-15T14:28:54.107358+05:30,NIFTY,29-Sep-2026,21850.0,CE,23208.95,1230.7,650,1434.2,65,0.0,1332.45,1,0,0,0,19.44,,,,,,,,,,,,,,,0.03847240907667428,,,,,,13.24,65,23576.15,23592.85,23195.3,23398.1,mid_price,no_price_available
2026-09-15T08:58:54.107358+00:00,2026-09-15T14:28:54.107358+05:30,NIFTY,29-Sep-2026,21850.0,PE,23208.95,17.15,1040,17.35,260,17.2,17.25,795,276,1191,8.176100628930818,19.77,-0.05175446168042986,0.00011777549329701568,-3.219069761770875,4.825273883382398,-0.8519578567033406,0.005598560236700738,63.13406786397735,-2.180394295458186e-07,0.0009452830536499549,-5.938230781744867e-06,-0.5866014474618879,-60.474755981959206,0.055882333928956925,0.00013288104509769346,0.03847240907667428,23254,0.05040443660792038,0.0121,index_dividend_yield,0.065,13.24,65,23576.15,23592.85,23195.3,23398.1,mid_price,ok
2026-09-15T08:58:54.107358+00:00,2026-09-15T14:28:54.107358+05:30,NIFTY,29-Sep-2026,21900.0,CE,23208.95,1159.55,650,1384.1,65,0.0,1271.8249999999998,9,0,0,0,14.08,,,,,,,,,,,,,,,0.03847240907667428,,,,,,13.24,65,23576.15,23592.85,23195.3,23398.1,mid_price,no_price_available
2026-09-15T08:58:54.107358+00:00,2026-09-15T14:28:54.107358+05:30,NIFTY,29-Sep-2026,21900.0,PE,23208.95,18.35,520,18.45,195,18.45,18.4,3573,175,4377,9.821428571428571,19.45,-0.05543287647104346,0.0001264051878314622,-3.3382882145579913,5.095008017378404,-0.8953152978076091,0.005772759084545734,64.97096005943436,-2.3287459741988534e-07,0.0009620428876350889,-5.897894761795188e-06,-0.6002366186898982,-60.78884958213633,0.059712462025009405,0.0001419670815249482,0.03847240907667428,23254,0.05040443660792038,0.0121,index_dividend_yield,0.065,13.24,65,23576.15,23592.85,23195.3,23398.1,mid_price,ok
2026-09-15T08:58:54.107358+00:00,2026-09-15T14:28:54.107358+05:30,NIFTY,29-Sep-2026,21950.0,CE,23208.95,1170.05,650,1334.95,65,0.0,1252.5,2,0,0,0,29.21,,,,,,,,,,,,,,,0.03847240907667428,,,,,,13.24,65,23576.15,23592.85,23195.3,23398.1,mid_price,no_price_available
2026-09-15T08:58:54.107358+00:00,2026-09-15T14:28:54.107358+05:30,NIFTY,29-Sep-2026,21950.0,PE,23208.95,19.5,65,19.6,325,19.35,19.55,2697,1074,2284,12.82798833819242,19.13,-0.059430475982740476,0.00013575671548568557,-3.461962438724806,5.381912837017179,-0.9404674102314048,0.0059468820021525625,66.76008554020152,-2.4868094768605346e-07,0.000974385462888626,-5.8204166729236705e-06,-0.6136767932979232,-61.095857575027374,0.06386766534559501,0.0001517760544336623,0.03847240907667428,23254,0.05040443660792038,0.0121,index_dividend_yield,0.065,13.24,65,23576.15,23592.85,23195.3,23398.1,mid_price,ok
2026-09-15T08:58:54.107358+00:00,2026-09-15T14:28:54.107358+05:30,NIFTY,29-Sep-2026,22000.0,CE,23208.95,1258.4,65,1263.25,65,1258.25,1260.825,12339,-6,448,-15.613158512457664,0,,,,,,,,,,,,,,,0.03847240907667428,23254,0.05040443660792038,0.0121,index_dividend_yield,0.065,13.24,65,23576.15,23592.85,23195.3,23398.1,mid_price,no_nse_iv
2026-09-15T08:58:54.107358+00:00,2026-09-15T14:28:54.107358+05:30,NIFTY,29-Sep-2026,22000.0,PE,23208.95,20.9,6630,21,1430,21,20.95,54671,2368,63868,15.384615384615385,18.8,-0.06368056290820748,0.00014579575935136932,-3.5838341215005713,5.680193221088117,-0.9872246539165616,0.006115645484758125,68.50699941981908,-2.6558746350253e-07,0.0009829328577618608,-5.7075172196037124e-06,-0.6265323921917938,-61.44446786321252,0.06827329880124935,0.00016225964308849017,0.03847240907667428,23254,0.05040443660792038,0.0121,index_dividend_yield,0.065,13.24,65,23576.15,23592.85,23195.3,23398.1,mid_price,ok
2026-09-15T08:58:54.107358+00:00,2026-09-15T14:28:54.107358+05:30,NIFTY,29-Sep-2026,22050.0,CE,23208.95,1189.1,195,1236.8,65,0.0,1212.9499999999998,1,0,0,0,31.11,0.8164479153563284,0.00018723167595064238,-15.877234391549958,12.07090143348823,-0.7179414520553373,0.00735356778492513,29.524000023558372,-1.2719812182203027e-07,-0.00014388719525634927,1.9984802117252193e-06,-0.7306596350061055,14.050396589971877,-0.7981977704666192,0.0002074307430171335,0.03847240907667428,23254,0.05040443660792038,0.0121,index_dividend_yield,0.065,13.24,65,23576.15,23592.85,23195.3,23398.1,mid_price,ok
2026-09-15T08:58:54.107358+00:00,2026-09-15T14:28:54.107358+05:30,NIFTY,29-Sep-2026,22050.0,PE,23208.95,22.1,65,22.25,65,22.1,22.175,2139,1006,1848,16.31578947368421,18.49,-0.06851487018680327,0.00015688593331784193,-3.722673273261318,6.01147831190467,-1.0358645407786484,0.006289651253981177,70.10689041619278,-2.8333406036059574e-07,0.0009811912173070534,-5.52914080037946e-06,-0.6396172154220574,-61.68403280875717,0.07328513767907059,0.00017381121838398397,0.03847240907667428,23254,0.05040443660792038,0.0121,index_dividend_yield,0.065,13.24,65,23576.15,23592.85,23195.3,23398.1,mid_price,ok
2026-09-15T08:58:54.107358+00:00,2026-09-15T14:28:54.107358+05:30,NIFTY,29-Sep-2026,22100.0,CE,23208.95,1161.4,65,1170.45,65,1168.85,1165.9250000000002,16,2,14,-16.840382768311336,25.54,0.8511346006635905,0.00019907811439355539,-12.223280289774944,10.536703984810039,-0.8998512876606801,0.007544475398879702,42.726629654389114,-1.86620619347604e-07,2.7804143179323087e-05,3.4897577539481505e-07,-0.7316606239261478,15.87267864365949,-0.8375301223986634,0.0002195583493318877,0.03847240907667428,23254,0.05040443660792038,0.0121,index_dividend_yield,0.065,13.24,65,23576.15,23592.85,23195.3,23398.1,mid_price,ok
2026-09-15T08:58:54.107358+00:00,2026-09-15T14:28:54.107358+05:30,NIFTY,29-Sep-2026,22100.0,PE,23208.95,23.6,390,23.7,260,23.6,23.65,1861,459,3378,21.025641025641026,18.12,-0.0731337182793175,0.00016831788532307713,-3.8270246584737238,6.3204620394769755,-1.0857710847053879,0.006436774834540803,71.79892761228234,-3.02957874764743e-07,0.0009832013939672858,-5.348042964891644e-06,-0.650578118696532,-62.22055298496097,0.07803785029128729,0.00018563365027414144,0.03847240907667428,23254,0.05040443660792038,0.0121,index_dividend_yield,0.065,13.24,65,23576.15,23592.85,23195.3,23398.1,mid_price,ok
2026-09-15T08:58:54.107358+00:00,2026-09-15T14:28:54.107358+05:30,NIFTY,29-Sep-2026,22150.0,CE,23208.95,1106.85,260,1176.05,715,1210,1141.4499999999998,7,0,2,-9.319144152583656,22.72,0.8673627400388525,0.00020685813560641946,-10.587677514327803,9.73960403444028,-1.0088474547993442,0.00749658745084103,51.248872026009806,-2.313109991393256e-07,0.00017802322123045065,-6.892260962745216e-07,-0.7257726906486308,17.15331022116463,-0.855846967039527,0.00022710993385995881,0.03847240907667428,23254,0.05040443660792038,0.0121,index_dividend_yield,0.065,13.24,65,23576.15,23592.85,23195.3,23398.1,mid_price,ok
2026-09-15T08:58:54.107358+00:00,2026-09-15T14:28:54.107358+05:30,NIFTY,29-Sep-2026,22150.0,PE,23208.95,25.25,195,25.55,65,25.2,25.4,772,177,1080,20.863309352517987,17.83,-0.07908090733474736,0.00018154501909679296,-3.9874327431112966,6.708046260599754,-1.1372153057323253,0.006606832089821214,73.0490075018726,-3.225090516037713e-07,0.0009588448311512713,-5.027401734654743e-06,-0.6631165762412694,-62.33347445540952,0.08419094509931944,0.0001993186159142686,0.03847240907667428,23254,0.05040443660792038,0.0121,index_dividend_yield,0.065,13.24,65,23576.15,23592.85,23195.3,23398.1,mid_price,ok
2026-09-15T08:58:54.107358+00:00,2026-09-15T14:28:54.107358+05:30,NIFTY,29-Sep-2026,22200.0,CE,23208.95,1066.1,65,1089.65,2015,1115.8,1077.875,17,7,11,-13.376290660662992,16.16,0.9304322953292816,0.00018069162329406032,-6.419870996745527,6.051175429166095,-1.193149727752696,0.00628844148283747,80.51127619163,-3.7089165364474107e-07,0.0012860607582305874,-6.176961101421013e-06,-0.6374429543460352,20.06328376518272,-0.9242362362162625,0.00019748906625470194,0.03847240907667428,23254,0.05040443660792038,0.0121,index_dividend_yield,0.065,13.24,65,23576.15,23592.85,23195.3,23398.1,mid_price,ok
2026-09-15T08:58:54.107358+00:00,2026-09-15T14:28:54.107358+05:30,NIFTY,29-Sep-2026,22200.0,PE,23208.95,27.3,715,27.45,260,27.5,27.375,5942,652,4894,24.71655328798186,17.53,-0.08545851242103648,0.00019575904241115385,-4.145773413445726,7.111547510142021,-1.1893315541911669,0.006762909471129174,74.1216099207489,-3.4309827061530074e-07,0.000923700348705222,-4.637578350686125e-06,-0.6745663293617143,-62.48124709413004,0.09077235603551458,0.00021395718181012219,0.03847240907667428,23254,0.05040443660792038,0.0121,index_dividend_yield,0.065,13.24,65,23576.15,23592.85,23195.3,23398.1,mid_price,ok
2026-09-15T08:58:54.107358+00:00,2026-09-15T14:28:54.107358+05:30,NIFTY,29-Sep-2026,22250.0,CE,23208.95,1007.3,260,1099.75,650,0.0,1053.525,6,0,0,0,25.01,0.8224413216610279,0.00022808268318736476,-13.094941526532896,11.821330865437435,-0.9107220528029591,0.007373623244106842,38.39876914463236,-1.9467739145220504e-07,-0.00017108360215998034,2.1508719340377735e-06,-0.7302326392491683,17.116961518044995,-0.807768465222721,0.000248166564515459,0.03847240907667428,23254,0.05040443660792038,0.0121,index_dividend_yield,0.065,13.24,65,23576.15,23592.85,23195.3,23398.1,mid_price,ok
2026-09-15T08:58:54.107358+00:00,2026-09-15T14:28:54.107358+05:30,NIFTY,29-Sep-2026,22250.0,PE,23208.95,29.65,65,30.1,325,29.55,29.875,835,84,643,26.824034334763947,17.29,-0.09317394480620186,0.00021165916603091162,-4.349314385433189,7.583897272461833,-1.2403243271628672,0.00692178916269176,74.6002624235902,-3.6295565988664226e-07,0.0008579234281613925,-4.0881085492915634e-06,-0.6862159201717928,-62.28994502733216,0.09874991523850567,0.0002302968701878561,0.03847240907667428,23254,0.05040443660792038,0.0121,index_dividend_yield,0.065,13.24,65,23576.15,23592.85,23195.3,23398.1,mid_price,ok
2026-09-15T08:58:54.107358+00:00,2026-09-15T14:28:54.107358+05:30,NIFTY,29-Sep-2026,22300.0,CE,23208.95,966,910,979.45,325,1090,972.725,29,2,6,-4.4404506202603775,23.36,0.8258171091499887,0.00024123211555735229,-12.303231338962197,11.677996257328056,-0.9811440600443477,0.007380131459501226,41.952216820864585,-2.2256327680092746e-07,-0.00016605155934115874,2.1010876150592904e-06,-0.7297793604855407,18.162592604365305,-0.8121561888489511,0.0002612981802848106,0.03847240907667428,23254,0.05040443660792038,0.0121,index_dividend_yield,0.065,13.24,65,23576.15,23592.85,23195.3,23398.1,mid_price,ok
2026-09-15T08:58:54.107358+00:00,2026-09-15T14:28:54.107358+05:30,NIFTY,29-Sep-2026,22300.0,PE,23208.95,32.4,325,32.55,585,32.35,32.474999999999994,5686,978,9479,29.919678714859437,17,-0.10095781412371191,0.0002283282775731945,-4.522780151442506,8.043943095540266,-1.2914590816789084,0.0070472275721953775,75.00953870104033,-3.8448363812763365e-07,0.0007861264661002625,-3.4935710082196862e-06,-0.6955854734232041,-62.34111583033131,0.1067583141632212,0.0002473209808718708,0.03847240907667428,23254,0.05040443660792038,0.0121,index_dividend_yield,0.065,13.24,65,23576.15,23592.85,23195.3,23398.1,mid_price,ok
2026-09-15T08:58:54.107358+00:00,2026-09-15T14:28:54.107358+05:30,NIFTY,29-Sep-2026,22350.0,CE,23208.95,868.85,650,954.4,260,0.0,911.625,2,0,0,0,0,,,,,,,,,,,,,,,0.03847240907667428,23254,0.05040443660792038,0.0121,index_dividend_yield,0.065,13.24,65,23576.15,23592.85,23195.3,23398.1,mid_price,no_nse_iv
2026-09-15T08:58:54.107358+00:00,2026-09-15T14:28:54.107358+05:30,NIFTY,29-Sep-2026,22350.0,PE,23208.95,35.45,130,35.8,65,35.6,35.625,637,239,1419,32.588454376163874,16.8,-0.11067480658705542,0.00024691523718990043,-4.762597106243693,8.59641831246899,-1.3372677661968937,0.007166808761750256,74.43330771572931,-4.0324711514167275e-07,0.0006682992963029388,-2.670649136800275e-06,-0.704848217102839,-61.884709357984654,0.11678536960468199,0.00026625870907380554,0.03847240907667428,23254,0.05040443660792038,0.0121,index_dividend_yield,0.065,13.24,65,23576.15,23592.85,23195.3,23398.1,mid_price,ok
2026-09-15T08:58:54.107358+00:00,2026-09-15T14:28:54.107358+05:30,NIFTY,29-Sep-2026,22400.0,CE,23208.95,876.35,780,887.95,325,922.9,882.1500000000001,4,-1,2,-16.1,14.75,0.9046609393209789,0.00025143915553636314,-6.922038734069,7.685733077257163,-1.467529259554512,0.006892748831871075,87.58911213915077,-4.989029755398712e-07,0.001160950351359859,-4.4473269805378945e-06,-0.6829362343341892,23.743392362346526,-0.897854137085406,0.0002699279513498648,0.03847240907667428,23254,0.05040443660792038,0.0121,index_dividend_yield,0.065,13.24,65,23576.15,23592.85,23195.3,23398.1,mid_price,ok
2026-09-15T08:58:54.107358+00:00,2026-09-15T14:28:54.107358+05:30,NIFTY,29-Sep-2026,22400.0,PE,23208.95,39.05,520,39.2,520,39.3,39.125,4892,1196,8320,36.69565217391305,16.54,-0.12044217323053386,0.0002663286278460049,-4.9630218670928326,9.128800676288883,-1.3821992287130977,0.007242348277620131,73.77722796504837,-4.236609068915439e-07,0.00054229315852035,-1.7988216906387198e-06,-0.7114607464631959,-61.72138897029647,0.12681365919665852,0.00028591227466915356,0.03847240907667428,23254,0.05040443660792038,0.0121,index_dividend_yield,0.065,13.24,65,23576.15,23592.85,23195.3,23398.1,mid_price,ok
2026-09-15T08:58:54.107358+00:00,2026-09-15T14:28:54.107358+05:30,NIFTY,29-Sep-2026,22450.0,CE,23208.95,821.95,260,853.9,325,0.0,837.925,2,0,0,0,17.21,0.8555043343005502,0.00028956557365218596,-9.052426557391875,10.32733263611484,-1.3555335949915204,0.007363580053966534,65.54072144539535,-4.024006414089888e-07,0.00015520228580244888,3.7113400116431817e-07,-0.7219818984005588,23.007783318078154,-0.8459854321918241,0.00030947475131354546,0.03847240907667428,23254,0.05040443660792038,0.0121,index_dividend_yield,0.065,13.24,65,23576.15,23592.85,23195.3,23398.1,mid_price,ok
2026-09-15T08:58:54.107358+00:00,2026-09-15T14:28:54.107358+05:30,NIFTY,29-Sep-2026,22450.0,PE,23208.95,43.1,130,43.4,65,43.55,43.25,885,238,1588,40.710823909531506,16.33,-0.13181773796916482,0.0002872706711374124,-5.2003562307227575,9.721602096684714,-1.4195719139853125,0.007285849855162979,72.22126852401,-4.412670271044526e-07,0.00037504520067842793,-7.272364400844251e-07,-0.7166593414042612,-61.26124368729977,0.13849847281616365,0.000307022062010426,0.03847240907667428,23254,0.05040443660792038,0.0121,index_dividend_yield,0.065,13.24,65,23576.15,23592.85,23195.3,23398.1,mid_price,ok
2026-09-15T08:58:54.107358+00:00,2026-09-15T14:28:54.107358+05:30,NIFTY,29-Sep-2026,22500.0,CE,23208.95,788.95,715,792.65,65,791,790.8,9480,703,2124,-22.10733628754308,0,,,,,,,,,,,,,,,0.03847240907667428,23254,0.05040443660792038,0.0121,index_dividend_yield,0.065,13.24,65,23576.15,23592.85,23195.3,23398.1,mid_price,no_nse_iv
2026-09-15T08:58:54.107358+00:00,2026-09-15T14:28:54.107358+05:30,NIFTY,29-Sep-2026,22500.0,PE,23208.95,47.4,975,47.65,715,47.65,47.525,52041,4041,54712,39.94126284875183,16.1,-0.14391132218684444,0.0003093570162656838,-5.423130367784723,10.321580739205144,-1.4519865690561933,0.00728107150628382,70.2391458767062,-4.5841392893389797e-07,0.000183810451459776,4.56994635917923e-07,-0.7195638051429238,-60.877111520172775,0.15088425830145533,0.0003291591407344729,0.03847240907667428,23254,0.05040443660792038,0.0121,index_dividend_yield,0.065,13.24,65,23576.15,23592.85,23195.3,23398.1,mid_price,ok
2026-09-15T08:58:54.107358+00:00,2026-09-15T14:28:54.107358+05:30,NIFTY,29-Sep-2026,22550.0,CE,23208.95,740.1,130,758.6,130,850,749.35,3,0,1,-11.825726141078839,20.13,0.7880020048389046,0.0003157842451476163,-11.947242778029544,13.17330057998884,-1.0943976502357788,0.00681197707421044,39.895507212924564,-2.877538299177359e-07,-0.0006123548150579366,5.325169229150693e-06,-0.7159754482353105,22.397614960598496,-0.7748182885062863,0.0003345094198842393,0.03847240907667428,23254,0.05040443660792038,0.0121,index_dividend_yield,0.065,13.24,65,23576.15,23592.85,23195.3,23398.1,mid_price,ok
2026-09-15T08:58:54.107358+00:00,2026-09-15T14:28:54.107358+05:30,NIFTY,29-Sep-2026,22550.0,PE,23208.95,52.65,65,53.05,65,52.6,52.849999999999994,2717,427,2990,45.70637119113574,15.88,-0.15722213341391902,0.0003326789884453108,-5.650733338614072,10.94803653746165,-1.4758173442782907,0.007223518058057654,67.56396488913285,-4.7321107270557793e-07,-4.180285030066719e-05,1.7966119184592436e-06,-0.7203425814520407,-60.40759320796238,0.16449517937451993,0.0003524059770002003,0.03847240907667428,23254,0.05040443660792038,0.0121,index_dividend_yield,0.065,13.24,65,23576.15,23592.85,23195.3,23398.1,mid_price,ok
2026-09-15T08:58:54.107358+00:00,2026-09-15T14:28:54.107358+05:30,NIFTY,29-Sep-2026,22600.0,CE,23208.95,700.55,130,706.35,130,704.05,703.45,26,-3,30,-24.748824283882,8.9,0.9499214519163477,0.0002529629042525662,-4.5556955739449085,4.665596893463992,-1.8778984502491602,0.005131612634965532,140.9186302453671,-1.037370168471739e-06,0.004798910389025319,-1.174762992651069e-05,-0.548626962689835,33.250985806270144,-0.9461788101726966,0.00026677857366031057,0.03847240907667428,23254,0.05040443660792038,0.0121,index_dividend_yield,0.065,13.24,65,23576.15,23592.85,23195.3,23398.1,mid_price,ok
2026-09-15T08:58:54.107358+00:00,2026-09-15T14:28:54.107358+05:30,NIFTY,29-Sep-2026,22600.0,PE,23208.95,59,715,59.15,325,59,59.075,11774,1448,21475,48.05520702634881,15.77,-0.17331521070003664,0.0003568088346192502,-5.9526202224355895,11.660781566864438,-1.477954212463564,0.0070963375465765985,63.30162000486794,-4.786700975602891e-07,-0.0003255399416461028,3.406399031734644e-06,-0.7189560401120847,-59.33340101618007,0.18098488142130903,0.000376296090726732,0.03847240907667428,23254,0.05040443660792038,0.0121,index_dividend_yield,0.065,13.24,65,23576.15,23592.85,23195.3,23398.1,mid_price,ok
2026-09-15T08:58:54.107358+00:00,2026-09-15T14:28:54.107358+05:30,NIFTY,29-Sep-2026,22650.0,CE,23208.95,657.7,65,676.9,130,715,667.3,16,0,6,-19.87897803675482,15.63,0.8093516165749961,0.00038154349375673247,-9.479081492055052,12.358432730269055,-1.4698444306838199,0.006927160600935789,58.67632845704929,-4.819515433991784e-07,-0.0006295173309187822,5.092952967111525e-06,-0.7150595550149266,27.61138398960989,-0.7992889537721031,0.0004006070845319624,0.03847240907667428,23254,0.05040443660792038,0.0121,index_dividend_yield,0.065,13.24,65,23576.15,23592.85,23195.3,23398.1,mid_price,ok
2026-09-15T08:58:54.107358+00:00,2026-09-15T14:28:54.107358+05:30,NIFTY,29-Sep-2026,22650.0,PE,23208.95,65.4,585,65.7,260,65.75,65.55000000000001,2019,-17,1757,51.32336018411968,15.59,-0.18959406897546513,0.00038179389443220816,-6.196030012909905,12.334895141395323,-1.474719182578979,0.006899320465091119,59.016709248504995,-4.846051779001569e-07,-0.0006222020807627223,5.052356850713711e-06,-0.7151150763521043,-58.5970140716495,0.1975882200175406,0.00040086999632631506,0.03847240907667428,23254,0.05040443660792038,0.0121,index_dividend_yield,0.065,13.24,65,23576.15,23592.85,23195.3,23398.1,mid_price,ok
2026-09-15T08:58:54.107358+00:00,2026-09-15T14:28:54.107358+05:30,NIFTY,29-Sep-2026,22700.0,CE,23208.95,614.8,650,621,65,622.5,617.9,186,38,68,-24.1593567251462,10.7,0.8773713335397069,0.0004158170561640942,-6.359967631318281,9.22032957426831,-2.1635081259451794,0.006875459905195114,114.64306467503692,-9.965557176766359e-07,0.0012845044499316114,-1.5494642470933453e-06,-0.6907071101908038,34.83768143883709,-0.8712934117854327,0.0004346719053830495,0.03847240907667428,23254,0.05040443660792038,0.0121,index_dividend_yield,0.065,13.24,65,23576.15,23592.85,23195.3,23398.1,mid_price,ok
2026-09-15T08:58:54.107358+00:00,2026-09-15T14:28:54.107358+05:30,NIFTY,29-Sep-2026,22700.0,PE,23208.95,72.8,260,73,455,73,72.9,14944,2644,26472,53.200419727177334,15.46,-0.20787298861578626,0.00040697621885714,-6.463403920337871,13.038838010634214,-1.4509649439681942,0.00661517026084904,53.734253637896856,-4.828490774842546e-07,-0.0009552169248690928,6.850938201373609e-06,-0.7090511650876082,-57.582322084927,0.2162246005926663,0.00042543018828552196,0.03847240907667428,23254,0.05040443660792038,0.0121,index_dividend_yield,0.065,13.24,65,23576.15,23592.85,23195.3,23398.1,mid_price,ok
2026-09-15T08:58:54.107358+00:00,2026-09-15T14:28:54.107358+05:30,NIFTY,29-Sep-2026,22750.0,CE,23208.95,572.75,65,578.5,325,571.2,575.625,9,1,3,-26.642265459449046,9.86,0.8740336737302289,0.0004598358695909719,-6.143755825006433,9.395937692884049,-2.3618157764450642,0.006776570969080464,123.39735277397423,-1.174073916903209e-06,0.0013760704829629533,-8.729423140824101e-07,-0.6867072042637847,38.044667978690484,-0.8682287550397931,0.00047857612543909426,0.03847240907667428,23254,0.05040443660792038,0.0121,index_dividend_yield,0.065,13.24,65,23576.15,23592.85,23195.3,23398.1,mid_price,ok
2026-09-15T08:58:54.107358+00:00,2026-09-15T14:28:54.107358+05:30,NIFTY,29-Sep-2026,22750.0,PE,23208.95,81.25,195,81.5,325,81.7,81.375,2347,360,3694,56.66347075743049,15.3,-0.22701546214442056,0.0004326873238858898,-6.69369945635078,13.719111025771063,-1.4149764610216498,0.006249426199397583,48.20650417638461,-4.78121933182353e-07,-0.0013076116422381658,8.700605618301217e-06,-0.701192205577712,-56.69264060932249,0.23568028868937804,0.000450321161713882,0.03847240907667428,23254,0.05040443660792038,0.0121,index_dividend_yield,0.065,13.24,65,23576.15,23592.85,23195.3,23398.1,mid_price,ok
2026-09-15T08:58:54.107358+00:00,2026-09-15T14:28:54.107358+05:30,NIFTY,29-Sep-2026,22800.0,CE,23208.95,534.85,65,537.9,65,535,536.375,3571,123,936,-28.22645559431178,10.56,0.8328145739826535,0.0005197623951316763,-6.989457153287406,11.374416869859887,-2.2387928931433265,0.0067005253412902865,98.54882049049074,-1.0469855538062164e-06,-0.00041834752674048013,5.0991032132183e-06,-0.6983032715440896,38.80334234604728,-0.8259048688623938,0.0005385749463630943,0.03847240907667428,23254,0.05040443660792038,0.0121,index_dividend_yield,0.065,13.24,65,23576.15,23592.85,23195.3,23398.1,mid_price,ok
2026-09-15T08:58:54.107358+00:00,2026-09-15T14:28:54.107358+05:30,NIFTY,29-Sep-2026,22800.0,PE,23208.95,91.2,65,91.4,325,91.5,91.30000000000001,20022,-1668,42473,60.38562664329535,15.2,-0.24831037245504967,0.00045749592387118543,-6.945686712665227,14.410902660457753,-1.3530020500602258,0.005779469394991661,41.85069591185098,-4.633539993518196e-07,-0.0016812270422651287,1.062651943839005e-05,-0.6916728112006876,-55.49419347700936,0.2573189533459448,0.00047405476996433373,0.03847240907667428,23254,0.05040443660792038,0.0121,index_dividend_yield,0.065,13.24,65,23576.15,23592.85,23195.3,23398.1,mid_price,ok
2026-09-15T08:58:54.107358+00:00,2026-09-15T14:28:54.107358+05:30,NIFTY,29-Sep-2026,22850.0,CE,23208.95,494.5,65,502.7,65,544,498.6,28,20,27,-22.940718181174304,14.51,0.7364230421674249,0.0004939579274164664,-10.059742120559632,14.853121714629628,-1.360345270936869,0.005394901780086836,39.22650390343563,-4.882918145579419e-07,-0.002099753981866831,1.2461026731610701e-05,-0.6832516693715629,33.36924856077928,-0.7255758978981182,0.0005095989643579835,0.03847240907667428,23254,0.05040443660792038,0.0121,index_dividend_yield,0.065,13.24,65,23576.15,23592.85,23195.3,23398.1,mid_price,ok
2026-09-15T08:58:54.107358+00:00,2026-09-15T14:28:54.107358+05:30,NIFTY,29-Sep-2026,22850.0,PE,23208.95,101.55,195,101.95,195,101.95,101.75,1985,576,4193,59.92156862745098,15.08,-0.2706188595987498,0.00048208873816157704,-7.158575228968579,15.065678505494978,-1.2750663130749185,0.005219607171989271,35.441252064464024,-4.4385987712206294e-07,-0.0020628100653035403,1.2537973233016494e-05,-0.681288051324282,-54.376196553522036,0.2799249728538687,0.0004973539406093093,0.03847240907667428,23254,0.05040443660792038,0.0121,index_dividend_yield,0.065,13.24,65,23576.15,23592.85,23195.3,23398.1,mid_price,ok
2026-09-15T08:58:54.107358+00:00,2026-09-15T14:28:54.107358+05:30,NIFTY,29-Sep-2026,22900.0,CE,23208.95,458.15,65,460.95,65,460.7,459.54999999999995,416,110,820,-29.199323805132934,10.87,0.7683686992372718,0.0006152456486883013,-7.873386184547045,13.859209594148883,-1.997977763925407,0.005692684753719202,66.824660230143,-9.189353861763161e-07,-0.002693433569568007,1.3518597528674231e-05,-0.6825534963585316,42.1923709239237,-0.7602781941340182,0.000631958518040642,0.03847240907667428,23254,0.05040443660792038,0.0121,index_dividend_yield,0.065,13.24,65,23576.15,23592.85,23195.3,23398.1,mid_price,ok
2026-09-15T08:58:54.107358+00:00,2026-09-15T14:28:54.107358+05:30,NIFTY,29-Sep-2026,22900.0,PE,23208.95,113.4,325,113.7,650,113.8,113.55000000000001,11949,-981,22642,62.80400572246066,14.96,-0.29420910278270035,0.0005058877380476781,-7.341739246113785,15.683612885524862,-1.1777405343675884,0.004565628519727916,28.992069566815104,-4.178166352865131e-07,-0.0024464920038343987,1.4405723458656367e-05,-0.6705842055693196,-53.242759959251046,0.3037787111435554,0.0005196299492944667,0.03847240907667428,23254,0.05040443660792038,0.0121,index_dividend_yield,0.065,13.24,65,23576.15,23592.85,23195.3,23398.1,mid_price,ok
2026-09-15T08:58:54.107358+00:00,2026-09-15T14:28:54.107358+05:30,NIFTY,29-Sep-2026,22950.0,CE,23208.95,420.25,325,427.3,1300,427.4,423.775,102,-3,79,-30.79663212435233,11.56,0.724052475256692,0.0006344586891843229,-8.621160946200357,15.199228757948907,-1.655785282850708,0.004708757474575553,44.922001418589375,-7.297570600458681e-07,-0.0036133096644733924,1.731690287551347e-05,-0.6678072658549326,42.453936439822776,-0.7149746723838973,0.0006488569423777972,0.03847240907667428,23254,0.05040443660792038,0.0121,index_dividend_yield,0.065,13.24,65,23576.15,23592.85,23195.3,23398.1,mid_price,ok
2026-09-15T08:58:54.107358+00:00,2026-09-15T14:28:54.107358+05:30,NIFTY,29-Sep-2026,22950.0,PE,23208.95,126.2,260,126.5,130,126.85,126.35,3853,478,5163,66.57912015758372,14.85,-0.31915675732639015,0.0005282706158110189,-7.497129325707087,16.257107437911845,-1.0594067549968278,0.003817329472558695,22.65049867714275,-3.842847462450575e-07,-0.0028214368923865996,1.6178995883872052e-05,-0.6602114744813079,-52.05242257031186,0.3289585058232447,0.0005402590623573152,0.03847240907667428,23254,0.05040443660792038,0.0121,index_dividend_yield,0.065,13.24,65,23576.15,23592.85,23195.3,23398.1,mid_price,ok
2026-09-15T08:58:54.107358+00:00,2026-09-15T14:28:54.107358+05:30,NIFTY,29-Sep-2026,23000.0,CE,23208.95,385.7,325,386.75,325,386,386.225,15268,3346,14340,-32.452533030011374,11.12,0.6977437154837924,0.0006885173779074232,-8.566197026582708,15.866460729653902,-1.557988191745352,0.003879041548427775,36.80194069813769,-7.176011159817148e-07,-0.004594895053818514,2.059991124075131e-05,-0.6555434453425004,45.759757564293515,-0.6886960642384824,0.0007010842649027451,0.03847240907667428,23254,0.05040443660792038,0.0121,index_dividend_yield,0.065,13.24,65,23576.15,23592.85,23195.3,23398.1,mid_price,ok
2026-09-15T08:58:54.107358+00:00,2026-09-15T14:28:54.107358+05:30,NIFTY,29-Sep-2026,23000.0,PE,23208.95,141,390,141.4,65,141.4,141.2,100527.61538461539,3179.3846153846152,88309,64.89795918367346,14.78,-0.34564855256725435,0.0005478197654075382,-7.639440380418995,16.779248246581698,-0.9169423140430455,0.0029740707380628284,16.557992944850497,-3.4147387959648377e-07,-0.003166007142394833,1.777682182219683e-05,-0.6508700645689594,-50.68980386902072,0.3556695397438021,0.0005578186257218612,0.03847240907667428,23254,0.05040443660792038,0.0121,index_dividend_yield,0.065,13.24,65,23576.15,23592.85,23195.3,23398.1,mid_price,ok
2026-09-15T08:58:54.107358+00:00,2026-09-15T14:28:54.107358+05:30,NIFTY,29-Sep-2026,23050.0,CE,23208.95,351.55,130,353.95,65,353.7,352.75,215,91,227,-32.93515358361775,11.22,0.6608959810951944,0.0007160630806618274,-8.817301905773114,16.649626953882656,-1.2835814047870708,0.0027437520471331744,24.29507204253234,-5.984319371129628e-07,-0.0053374535367608335,2.332157911432255e-05,-0.6438610631390596,47.634526378723734,-0.6514834582666099,0.0007259728997510874,0.03847240907667428,23254,0.05040443660792038,0.0121,index_dividend_yield,0.065,13.24,65,23576.15,23592.85,23195.3,23398.1,mid_price,ok
2026-09-15T08:58:54.107358+00:00,2026-09-15T14:28:54.107358+05:30,NIFTY,29-Sep-2026,23050.0,PE,23208.95,156.05,65,156.45,325,156.65,156.25,2421,-176,4611,67.45056119722074,14.67,-0.3728150617992835,0.0005665779214954966,-7.712034175538349,17.224638995119737,-0.761353853793556,0.0020608650167085463,11.228219783767202,-2.9463324439319423e-07,-0.0034929558659551945,1.9201384299166648e-05,-0.6433898111077383,-49.485992285758975,0.3829716503395784,0.0005744189690981741,0.03847240907667428,23254,0.05040443660792038,0.0121,index_dividend_yield,0.065,13.24,65,23576.15,23592.85,23195.3,23398.1,mid_price,ok
2026-09-15T08:58:54.107358+00:00,2026-09-15T14:28:54.107358+05:30,NIFTY,29-Sep-2026,23100.0,CE,23208.95,319.4,195,320.45,65,318.65,319.92499999999995,1425,479,3079,-35.53510014161441,11.2,0.6243976102328526,0.0007435772188328414,-8.931210100672692,17.258556400317214,-1.0015188802133257,0.001515229766184234,14.491043697374195,-4.826417812387584e-07,-0.006015149225021719,2.5588680757278564e-05,-0.6356474515978512,49.96994335805941,-0.6147881526064193,0.000750607849505106,0.03847240907667428,23254,0.05040443660792038,0.0121,index_dividend_yield,0.065,13.24,65,23576.15,23592.85,23195.3,23398.1,mid_price,ok
2026-09-15T08:58:54.107358+00:00,2026-09-15T14:28:54.107358+05:30,NIFTY,29-Sep-2026,23100.0,PE,23208.95,173.05,195,173.65,130,172.8,173.35000000000002,14738,279,21763,65.83493282149712,14.59,-0.40116520430533487,0.0005819250969817091,-7.756584157913748,17.59473569362045,-0.5860911384983625,0.0010754493489090189,6.666412003289324,-2.400331262080859e-07,-0.0037681981906722293,2.0345760594172777e-05,-0.638374700648459,-48.1632838390898,0.4114258389697432,0.0005874272833480721,0.03847240907667428,23254,0.05040443660792038,0.0121,index_dividend_yield,0.065,13.24,65,23576.15,23592.85,23195.3,23398.1,mid_price,ok
2026-09-15T08:58:54.107358+00:00,2026-09-15T14:28:54.107358+05:30,NIFTY,29-Sep-2026,23150.0,CE,23208.95,288.05,195,289.15,195,288.85,288.6,312,47,329,-36.34159779614325,11.25,0.5862141021650531,0.000760249993171439,-9.025212887341507,17.724309095686024,-0.6799486960050727,0.00018667970396679667,6.764330165241361,-3.4749111145011305e-07,-0.006468111880491667,2.7044796202333713e-05,-0.6322693814608762,52.108197857589666,-0.5764282717171376,0.0007641267792258855,0.03847240907667428,23254,0.05040443660792038,0.0121,index_dividend_yield,0.065,13.24,65,23576.15,23592.85,23195.3,23398.1,mid_price,ok
2026-09-15T08:58:54.107358+00:00,2026-09-15T14:28:54.107358+05:30,NIFTY,29-Sep-2026,23150.0,PE,23208.95,191.4,260,192.05,65,192.1,191.72500000000002,4784,355,4617,66.10462602680502,14.52,-0.4303403703138588,0.0005941021721446331,-7.7568148943106765,17.876731790844055,-0.3962806870665414,3.6833782690481875e-05,3.1570687393553953,-1.7975656431196397e-07,-0.003986874676376072,2.1176663032800133e-05,-0.6364378721080044,-46.80929058032735,0.44065309726243834,0.000597131711160186,0.03847240907667428,23254,0.05040443660792038,0.0121,index_dividend_yield,0.065,13.24,65,23576.15,23592.85,23195.3,23398.1,mid_price,ok
2026-09-15T08:58:54.107358+00:00,2026-09-15T14:28:54.107358+05:30,NIFTY,29-Sep-2026,23200.0,CE,23208.95,258.85,455,259.5,325,259.05,259.175,8432,3574,17978,-38.1520830846365,11.27,0.5477285576008631,0.0007716088076360107,-9.032378300101,18.021106785500898,-0.3458902971094635,-0.001189463489406739,1.898599675753232,-2.083850565724136e-07,-0.006765804018164973,2.78054855692699e-05,-0.6345439100069044,54.419116557341766,-0.5378709724759403,0.000772204258575052,0.03847240907667428,23254,0.05040443660792038,0.0121,index_dividend_yield,0.065,13.24,65,23576.15,23592.85,23195.3,23398.1,mid_price,ok
2026-09-15T08:58:54.107358+00:00,2026-09-15T14:28:54.107358+05:30,NIFTY,29-Sep-2026,23200.0,PE,23208.95,212.5,455,213.25,130,213,212.875,28158,5891,42180,67.32128829536528,14.49,-0.46020019749581764,0.0006015396825223761,-7.7294892211056645,18.063131162644776,-0.19434963266265481,-0.0010360370074836145,0.8793716392521134,-1.143878537969112e-07,-0.004122321851998136,2.160945334445433e-05,-0.6380483595687281,-45.33236490067995,0.4705333397115152,0.0006020038910245131,0.03847240907667428,23254,0.05040443660792038,0.0121,index_dividend_yield,0.065,13.24,65,23576.15,23592.85,23195.3,23398.1,mid_price,ok
2026-09-15T08:58:54.107358+00:00,2026-09-15T14:28:54.107358+05:30,NIFTY,29-Sep-2026,23250.0,CE,23208.95,231.95,195,232.55,65,231.85,232.25,9388,831,7120,-39.42521227955584,11.31,0.5090074630057586,0.0007742807911625684,-8.983264163718715,18.14769442206803,-0.003495137466336118,-0.00257464654914763,0.0036874228417360655,-6.567878451232728e-08,-0.006846361753632659,2.773319717034131e-05,-0.6429448135469507,56.68750764844799,-0.49914543511520537,0.0007715490778293386,0.03847240907667428,23254,0.05040443660792038,0.0121,index_dividend_yield,0.065,13.24,65,23576.15,23592.85,23195.3,23398.1,mid_price,ok
2026-09-15T08:58:54.107358+00:00,2026-09-15T14:28:54.107358+05:30,NIFTY,29-Sep-2026,23250.0,PE,23208.95,233.2,195,234.05,65,234,233.625,16540,3866,16085,66.31130063965885,14.34,-0.4903602696980538,0.0006106715507102562,-7.570813063181789,18.147516800279583,0.012602867816929875,-0.002135634981187018,-0.013536078135700791,-4.721689679645503e-08,-0.004259181053493379,2.1857738070498833e-05,-0.6433949232470759,-44.254201833086526,0.5005554659701362,0.0006085170614909194,0.03847240907667428,23254,0.05040443660792038,0.0121,index_dividend_yield,0.065,13.24,65,23576.15,23592.85,23195.3,23398.1,mid_price,ok
2026-09-15T08:58:54.107358+00:00,2026-09-15T14:28:54.107358+05:30,NIFTY,29-Sep-2026,23300.0,CE,23208.95,206.2,130,206.6,130,206.35,206.39999999999998,28240,14651,68516,-39.89222254587824,11.31,0.4704202739614152,0.0007723903102534536,-8.83989734225929,18.10338508333595,0.33703437913429335,-0.003941841492555331,1.1302958006904618,7.611527202241197e-08,-0.006781568607609214,2.698167131337374e-05,-0.6573719012774362,59.207019832432024,-0.4606677027094721,0.0007663655265509695,0.03847240907667428,23254,0.05040443660792038,0.0121,index_dividend_yield,0.065,13.24,65,23576.15,23592.85,23195.3,23398.1,mid_price,ok
2026-09-15T08:58:54.107358+00:00,2026-09-15T14:28:54.107358+05:30,NIFTY,29-Sep-2026,23300.0,PE,23208.95,258.2,65,258.9,130,258.85,258.54999999999995,49124,11013,94608,64.76766390833863,14.39,-0.5206930277437257,0.0006078807199793733,-7.486115656153603,18.12756749708314,0.22339979239482943,-0.003208328675204042,0.5339637210752812,2.258135854578046e-08,-0.004206623550243482,2.1425233853881076e-05,-0.6525876474372154,-42.57267380551558,0.530841194773442,0.0006031391407464796,0.03847240907667428,23254,0.05040443660792038,0.0121,index_dividend_yield,0.065,13.24,65,23576.15,23592.85,23195.3,23398.1,mid_price,ok
2026-09-15T08:58:54.107358+00:00,2026-09-15T14:28:54.107358+05:30,NIFTY,29-Sep-2026,23350.0,CE,23208.95,181.9,325,182.55,65,182,182.22500000000002,4355,1665,10153,-41.67601345938151,11.24,0.43171783734483726,0.0007679364493831562,-8.582384503016431,17.887595295079475,0.6766309615434118,-0.0052796996343650315,5.282743505365062,2.1944944340649552e-07,-0.006605876260433647,2.561264459761828e-05,-0.6777478334482367,62.20680695421278,-0.42221184664197203,0.0007586867465636863,0.03847240907667428,23254,0.05040443660792038,0.0121,index_dividend_yield,0.065,13.24,65,23576.15,23592.85,23195.3,23398.1,mid_price,ok
2026-09-15T08:58:54.107358+00:00,2026-09-15T14:28:54.107358+05:30,NIFTY,29-Sep-2026,23350.0,PE,23208.95,284.15,130,285.15,65,284.15,284.65,4238,737,14014,63.539568345323744,14.47,-0.550503922140672,0.0006004469158943727,-7.369432294523473,18.00543082263666,0.4263326374011056,-0.004236950055325539,2.4762372022291146,8.942944556805232e-08,-0.004067209075417962,2.0597785454985903e-05,-0.6651144670544014,-40.87271392731982,0.5605658799659934,0.0005932146045027837,0.03847240907667428,23254,0.05040443660792038,0.0121,index_dividend_yield,0.065,13.24,65,23576.15,23592.85,23195.3,23398.1,mid_price,ok
2026-09-15T08:58:54.107358+00:00,2026-09-15T14:28:54.107358+05:30,NIFTY,29-Sep-2026,23400.0,CE,23208.95,158.95,1495,159.4,65,159.2,159.175,35671,6946,67203,-43.20371031038174,11.24,0.393968166234089,0.0007517181917240664,-8.307806812916208,17.509822330102814,0.9943812033525179,-0.006498749988106788,12.155864893648172,3.5384905990652387e-07,-0.006166445665010749,2.3388610004738295e-05,-0.7025670338377772,64.89345666480773,-0.3847301683568859,0.0007394934495922403,0.03847240907667428,23254,0.05040443660792038,0.0121,index_dividend_yield,0.065,13.24,65,23576.15,23592.85,23195.3,23398.1,mid_price,ok
2026-09-15T08:58:54.107358+00:00,2026-09-15T14:28:54.107358+05:30,NIFTY,29-Sep-2026,23400.0,PE,23208.95,311.3,130,312.45,325,311.65,311.875,38311,2960,62272,61.81204569055036,14.42,-0.5804553985841356,0.000594973691028783,-7.115742523686569,17.779657488072083,0.6284901602592319,-0.005250557123247845,5.829735168589423,1.5697929533583562e-07,-0.003931121573609456,1.9594594905444408e-05,-0.6810967752135255,-39.567862621539874,0.5902663504694449,0.0005852979907090049,0.03847240907667428,23254,0.05040443660792038,0.0121,index_dividend_yield,0.065,13.24,65,23576.15,23592.85,23195.3,23398.1,mid_price,ok
2026-09-15T08:58:54.107358+00:00,2026-09-15T14:28:54.107358+05:30,NIFTY,29-Sep-2026,23450.0,CE,23208.95,139.7,65,140,390,140,139.85,3627,983,8763,-44.521497919556175,11.26,0.357522455981054,0.0007278911346716515,-7.990464119867203,16.98498580348399,1.2815367269985445,-0.007578643156032072,21.27466834996561,4.753073782637146e-07,-0.005553006978601933,2.0553213749182502e-05,-0.730284409718795,67.5055566196815,-0.34860561732915024,0.0007130035983869427,0.03847240907667428,23254,0.05040443660792038,0.0121,index_dividend_yield,0.065,13.24,65,23576.15,23592.85,23195.3,23398.1,mid_price,ok
2026-09-15T08:58:54.107358+00:00,2026-09-15T14:28:54.107358+05:30,NIFTY,29-Sep-2026,23450.0,PE,23208.95,341.05,130,342.1,260,341.95,341.57500000000005,3247,-366,10636,61.678486997635936,14.51,-0.6089447651438844,0.0005809138077075415,-6.910129431678052,17.46785103079091,0.8086353255886691,-0.006155588185551729,10.20861436697551,2.159267904465883e-07,-0.0036641921106381724,1.8139546245377297e-05,-0.6989266937326164,-37.96288955261864,0.6185608700377738,0.0005690323944321405,0.03847240907667428,23254,0.05040443660792038,0.0121,index_dividend_yield,0.065,13.24,65,23576.15,23592.85,23195.3,23398.1,mid_price,ok
2026-09-15T08:58:54.107358+00:00,2026-09-15T14:28:54.107358+05:30,NIFTY,29-Sep-2026,23500.0,CE,23208.95,120.9,1170,121,325,121,120.95,68037,18858,124837,-45.532297996848975,11.22,0.32160261732517237,0.0007014142448534936,-7.578461423772689,16.30901778395867,1.548113490319386,-0.008537753273531734,32.61841688427225,5.915108473728259e-07,-0.004848849371271672,1.725939227267977e-05,-0.7603210090817711,70.60538533038597,-0.3131210175762213,0.000684147655305716,0.03847240907667428,23254,0.05040443660792038,0.0121,index_dividend_yield,0.065,13.24,65,23576.15,23592.85,23195.3,23398.1,mid_price,ok
2026-09-15T08:58:54.107358+00:00,2026-09-15T14:28:54.107358+05:30,NIFTY,29-Sep-2026,23500.0,PE,23208.95,372.05,780,373.45,325,372.15,372.75,80250,9103,107508,58.631713554987215,14.48,-0.6376344543184383,0.0005684085968418775,-6.577332927235971,17.056486206328533,0.986770085992128,-0.007024681972525926,15.85481677681777,2.7603111559086846e-07,-0.003397236704913355,1.651762071633203e-05,-0.7193527798206601,-36.68477347218895,0.6469034599270242,0.0005544161836436727,0.03847240907667428,23254,0.05040443660792038,0.0121,index_dividend_yield,0.065,13.24,65,23576.15,23592.85,23195.3,23398.1,mid_price,ok
2026-09-15T08:58:54.107358+00:00,2026-09-15T14:28:54.107358+05:30,NIFTY,29-Sep-2026,23550.0,CE,23208.95,103.9,195,104.25,65,103.95,104.075,3413,601,7458,-46.93721286370597,11.23,0.28799340814812185,0.0006672318169189256,-7.161549435842501,15.528048235719002,1.7645034620113464,-0.009294672412609672,44.894128115280374,6.850565054575156e-07,-0.004012549263735475,1.3611222425911633e-05,-0.7891303467996362,73.40636667874861,-0.2799562421455117,0.0006480461134133171,0.03847240907667428,23254,0.05040443660792038,0.0121,index_dividend_yield,0.065,13.24,65,23576.15,23592.85,23195.3,23398.1,mid_price,ok
2026-09-15T08:58:54.107358+00:00,2026-09-15T14:28:54.107358+05:30,NIFTY,29-Sep-2026,23550.0,PE,23208.95,402.6,650,408.1,65,404,405.35,2652,-175,3682,54.552410099464424,14.58,-0.6641408795053853,0.0005489901407889243,-6.299287430730715,16.58755732859066,1.1327534678965967,-0.007753505150852157,21.898043749393636,3.2317265177810774e-07,-0.0030407109164907672,1.4626601602670355e-05,-0.7395919380279885,-35.18428753618186,0.6731255244858162,0.0005332043796762189,0.03847240907667428,23254,0.05040443660792038,0.0121,index_dividend_yield,0.065,13.24,65,23576.15,23592.85,23195.3,23398.1,mid_price,ok
2026-09-15T08:58:54.107358+00:00,2026-09-15T14:28:54.107358+05:30,NIFTY,29-Sep-2026,23600.0,CE,23208.95,89.35,65,89.5,845,89.3,89.425,23563,4090,43290,-48.48572252668013,11.23,0.25606651973841926,0.0006293523033182888,-6.7040138216984975,14.64650317233703,1.9401852867924896,-0.009870594534015287,57.868677939294955,7.626335627076791e-07,-0.0031176150894789883,9.767826546374465e-06,-0.8156788177850025,76.33829891743657,-0.2485247357289135,0.0006086684709409125,0.03847240907667428,23254,0.05040443660792038,0.0121,index_dividend_yield,0.065,13.24,65,23576.15,23592.85,23195.3,23398.1,mid_price,ok
2026-09-15T08:58:54.107358+00:00,2026-09-15T14:28:54.107358+05:30,NIFTY,29-Sep-2026,23600.0,PE,23208.95,440.2,65,441.5,455,441.6,440.85,24266,-45,19140,54.59478382636093,14.73,-0.6888247971894162,0.0005265086167665051,-6.02788555956199,16.071950930265658,1.251951655947603,-0.008364511292449417,28.123015740446178,3.599807566583944e-07,-0.0026531654468739505,1.263123442057717e-05,-0.7591551446166882,-33.66968569484005,0.6975303441569913,0.0005092047697526412,0.03847240907667428,23254,0.05040443660792038,0.0121,index_dividend_yield,0.065,13.24,65,23576.15,23592.85,23195.3,23398.1,mid_price,ok
2026-09-15T08:58:54.107358+00:00,2026-09-15T14:28:54.107358+05:30,NIFTY,29-Sep-2026,23650.0,CE,23208.95,75.9,130,76.2,65,76.25,76.05000000000001,6237,2528,10729,-49.75288303130148,11.22,0.22594405248010754,0.0005884546388878925,-6.214467288448258,13.682523902376966,2.073273966089209,-0.0102584122383019,70.97203521569905,8.235798567862025e-07,-0.0021922267341819754,5.85377508877864e-06,-0.8381289566191102,79.41525189010729,-0.21893837273527084,0.0005667110574206193,0.03847240907667428,23254,0.05040443660792038,0.0121,index_dividend_yield,0.065,13.24,65,23576.15,23592.85,23195.3,23398.1,mid_price,ok
2026-09-15T08:58:54.107358+00:00,2026-09-15T14:28:54.107358+05:30,NIFTY,29-Sep-2026,23650.0,PE,23208.95,475.8,65,479.6,780,479.65,477.70000000000005,3494,94,2183,52.92523513470429,14.58,-0.7162790713064402,0.0005098850357128361,-5.498069863666234,15.406009384290558,1.395989525260044,-0.00899040105591642,36.40321658337342,4.1258955900535055e-07,-0.002292367231605027,1.0435936223614955e-05,-0.7818895449488856,-32.72424560124933,0.724401281083236,0.0004910446254580743,0.03847240907667428,23254,0.05040443660792038,0.0121,index_dividend_yield,0.065,13.24,65,23576.15,23592.85,23195.3,23398.1,mid_price,ok
2026-09-15T08:58:54.107358+00:00,2026-09-15T14:28:54.107358+05:30,NIFTY,29-Sep-2026,23700.0,CE,23208.95,64.1,390,64.4,715,64.15,64.25,30713,4948,47134,-51.309297912713475,11.25,0.19880481376488895,0.0005445888699320837,-5.744552156383522,12.696430841755948,2.151010421344662,-0.010444760553790428,82.80307904134342,8.586592399350121e-07,-0.0012888956220176353,2.143990700152797e-06,-0.8539350878665354,82.16566097183974,-0.19231626651527872,0.0005222555392495505,0.03847240907667428,23254,0.05040443660792038,0.0121,index_dividend_yield,0.065,13.24,65,23576.15,23592.85,23195.3,23398.1,mid_price,ok
2026-09-15T08:58:54.107358+00:00,2026-09-15T14:28:54.107358+05:30,NIFTY,29-Sep-2026,23700.0,PE,23208.95,514,390,515.7,325,515.95,514.85,17269,-78,9134,51.438215438802466,15.08,-0.7334274585020863,0.0004780310760176058,-5.455959068418703,14.938873150990931,1.4228585371703906,-0.009276554755435873,40.43604794811895,4.0910361436980263e-07,-0.0018760573369165396,8.623907930110735e-06,-0.7943762114503414,-30.823326125132034,0.7415328248082362,0.0004584272488248838,0.03847240907667428,23254,0.05040443660792038,0.0121,index_dividend_yield,0.065,13.24,65,23576.15,23592.85,23195.3,23398.1,mid_price,ok
2026-09-15T08:58:54.107358+00:00,2026-09-15T14:28:54.107358+05:30,NIFTY,29-Sep-2026,23750.0,CE,23208.95,55.35,130,55.6,195,55.6,55.475,4881,187,8242,-51.7988729952319,11.33,0.1750002169208327,0.0004996979829863726,-5.313289673128402,11.732697513514582,2.1758232121592833,-0.010455313880887745,92.54462940699692,8.67699524903698e-07,-0.0004686154198377539,-1.151810755970731e-06,-0.8622570348864276,84.42343085806176,-0.16898786349472886,0.00047719002232557114,0.03847240907667428,23254,0.05040443660792038,0.0121,index_dividend_yield,0.065,13.24,65,23576.15,23592.85,23195.3,23398.1,mid_price,ok
2026-09-15T08:58:54.107358+00:00,2026-09-15T14:28:54.107358+05:30,NIFTY,29-Sep-2026,23750.0,PE,23208.95,555.55,65,559.15,65,556.3,557.3499999999999,2652,-723,1879,48.78309708478203,15.4,-0.7515337600044844,0.000451254200163842,-5.262989243909537,14.401321500098154,1.4598451685172154,-0.009551868381460937,45.22053364048073,4.137949894524093e-07,-0.0015132604314661304,6.834635258238478e-06,-0.8074130334649983,-29.340850536360023,0.7594434232036923,0.0004309282990573208,0.03847240907667428,23254,0.05040443660792038,0.0121,index_dividend_yield,0.065,13.24,65,23576.15,23592.85,23195.3,23398.1,mid_price,ok
2026-09-15T08:58:54.107358+00:00,2026-09-15T14:28:54.107358+05:30,NIFTY,29-Sep-2026,23800.0,CE,23208.95,47.1,65,47.15,910,47.1,47.125,50264,4597,57981,-52.27963525835866,11.37,0.1525615194552819,0.0004554958026313559,-4.850966959357931,10.732606625656496,2.1720527149436815,-0.01032240980829549,101.37576666735714,8.679575544059908e-07,0.000296648986032041,-4.235709291211867e-06,-0.8637361360422755,87.06863313465962,-0.14706411730936486,0.0004331531240582768,0.03847240907667428,23254,0.05040443660792038,0.0121,index_dividend_yield,0.065,13.24,65,23576.15,23592.85,23195.3,23398.1,mid_price,ok
2026-09-15T08:58:54.107358+00:00,2026-09-15T14:28:54.107358+05:30,NIFTY,29-Sep-2026,23800.0,PE,23208.95,596.4,325,598.8,325,596.4,597.5999999999999,27726,-2492,12131,46.62569145666872,15.57,-0.7704556702081263,0.0004273527808760785,-4.939823904838208,13.789087094073373,1.5020375150311405,-0.009794130387053901,50.705533447791495,4.2405325133694497e-07,-0.0011732178570494412,5.007893179011073e-06,-0.8202783796252292,-28.146047176539632,0.7780158485049037,0.0004063905551754976,0.03847240907667428,23254,0.05040443660792038,0.0121,index_dividend_yield,0.065,13.24,65,23576.15,23592.85,23195.3,23398.1,mid_price,ok
2026-09-15T08:58:54.107358+00:00,2026-09-15T14:28:54.107358+05:30,NIFTY,29-Sep-2026,23850.0,CE,23208.95,39.75,260,39.95,390,39.6,39.85,3979,16,6557,-54.3778801843318,11.46,0.1333632376584292,0.00041264819823009754,-4.441283240236234,9.799974340161496,2.127968434131364,-0.010067973329237229,107.56532864978396,8.476051538158277e-07,0.0009288623174195118,-6.745810179338118e-06,-0.8576832237773182,89.16235174271439,-0.12832311442703256,0.0003907636632047448,0.03847240907667428,23254,0.05040443660792038,0.0121,index_dividend_yield,0.065,13.24,65,23576.15,23592.85,23195.3,23398.1,mid_price,ok
2026-09-15T08:58:54.107358+00:00,2026-09-15T14:28:54.107358+05:30,NIFTY,29-Sep-2026,23850.0,PE,23208.95,634.6,65,644.2,65,643.7,639.4000000000001,1579,-58,193,44.846984698469846,15.72,,,,,,,,,,,,,,,0.03847240907667428,,,,,,13.24,65,23576.15,23592.85,23195.3,23398.1,mid_price,no_price_available
2026-09-15T08:58:54.107358+00:00,2026-09-15T14:28:54.107358+05:30,NIFTY,29-Sep-2026,23900.0,CE,23208.95,33.85,325,33.95,260,33.9,33.900000000000006,29267,-904,46148,-53.84615384615385,11.56,0.11639885818876332,0.00037197511169692566,-4.054152389320076,8.911115745319467,2.05833783705274,-0.009720250545839276,111.78150045552204,8.161695914537416e-07,0.0014486764528994498,-8.801230212306804e-06,-0.8450006649235267,91.09799120217222,-0.11179248751238025,0.00035077535011690124,0.03847240907667428,23254,0.05040443660792038,0.0121,index_dividend_yield,0.065,13.24,65,23576.15,23592.85,23195.3,23398.1,mid_price,ok
2026-09-15T08:58:54.107358+00:00,2026-09-15T14:28:54.107358+05:30,NIFTY,29-Sep-2026,23900.0,PE,23208.95,682.55,65,684.75,130,682.7,683.65,14856,-508,3509,42.25880391748281,16.33,,,,,,,,,,,,,,,0.03847240907667428,,,,,,13.24,65,23576.15,23592.85,23195.3,23398.1,mid_price,no_price_available
2026-09-15T08:58:54.107358+00:00,2026-09-15T14:28:54.107358+05:30,NIFTY,29-Sep-2026,23950.0,CE,23208.95,29.15,390,29.3,260,28.95,29.225,4277,107,5343,-54.588235294117645,11.71,0.10229390038162833,0.0003346640385931104,-3.7256986416938727,8.121314153954685,1.9671996150758542,-0.009324598954318461,113.58537576151484,7.727419860367293e-07,0.0018230708604785627,-1.0281794281373805e-05,-0.8274146419335179,92.40570857370754,-0.09805601317143224,0.00031427439423944086,0.03847240907667428,23254,0.05040443660792038,0.0121,index_dividend_yield,0.065,13.24,65,23576.15,23592.85,23195.3,23398.1,mid_price,ok
2026-09-15T08:58:54.107358+00:00,2026-09-15T14:28:54.107358+05:30,NIFTY,29-Sep-2026,23950.0,PE,23208.95,724.6,65,733.5,65,733.15,729.05,2014,-58,210,40.73327574623284,16.69,,,,,,,,,,,,,,,0.03847240907667428,,,,,,13.24,65,23576.15,23592.85,23195.3,23398.1,mid_price,no_price_available
2026-09-15T08:58:54.107358+00:00,2026-09-15T14:28:54.107358+05:30,NIFTY,29-Sep-2026,24000.0,CE,23208.95,25.15,1625,25.25,260,25.25,25.2,138457,7566,116183,-53.92335766423358,11.87,0.09000134123860296,0.0003004920026017406,-3.4228431600453324,7.391694425552134,1.8654639849712897,-0.008891667551948895,113.83929829988881,7.251798485691319e-07,0.002096686128682829,-1.1370851209197986e-05,-0.8056595085087759,93.52243719305217,-0.08610422874164175,0.0002810097706065312,0.03847240907667428,23254,0.05040443660792038,0.0121,index_dividend_yield,0.065,13.24,65,23576.15,23592.85,23195.3,23398.1,mid_price,ok
2026-09-15T08:58:54.107358+00:00,2026-09-15T14:28:54.107358+05:30,NIFTY,29-Sep-2026,24000.0,PE,23208.95,775,780,776,65,776,775.5,92911.30769230769,-239.30769230769232,19025,38.05372709482298,17.3,,,,,,,,,,,,,,,0.03847240907667428,,,,,,13.24,65,23576.15,23592.85,23195.3,23398.1,mid_price,no_price_available
2026-09-15T08:58:54.107358+00:00,2026-09-15T14:28:54.107358+05:30,NIFTY,29-Sep-2026,24050.0,CE,23208.95,21.95,520,22,650,21.95,21.975,4072,278,6942,-53.49576271186441,12,0.0786247803716262,0.0002685661687468692,-3.1147050745726115,6.678715096727756,1.7576011942779384,-0.00840969562411345,113.14893979348462,6.779431214542134e-07,0.002312235533858856,-1.2219350524190294e-05,-0.77906487771188,94.91540761467806,-0.07507580336102494,0.0002501106173256402,0.03847240907667428,23254,0.05040443660792038,0.0121,index_dividend_yield,0.065,13.24,65,23576.15,23592.85,23195.3,23398.1,mid_price,ok
2026-09-15T08:58:54.107358+00:00,2026-09-15T14:28:54.107358+05:30,NIFTY,29-Sep-2026,24050.0,PE,23208.95,820,65,828,195,798.8,824.0,1402,-103,201,30.320580797781222,15.22,,,,,,,,,,,,,,,0.03847240907667428,,,,,,13.24,65,23576.15,23592.85,23195.3,23398.1,mid_price,no_price_available
2026-09-15T08:58:54.107358+00:00,2026-09-15T14:28:54.107358+05:30,NIFTY,29-Sep-2026,24100.0,CE,23208.95,18.8,1495,18.9,520,19,18.85,30421,2019,52703,-53.25953259532595,12.15,0.0689347928111308,0.00023987820802748826,-2.8418611265643237,6.039867919755291,1.6459458680245718,-0.00792400042378466,111.16019371515317,6.287651207052924e-07,0.002440789748902068,-1.272382545618273e-05,-0.7500933993553618,96.00615161349744,-0.065694587516209,0.00022246807480206797,0.03847240907667428,23254,0.05040443660792038,0.0121,index_dividend_yield,0.065,13.24,65,23576.15,23592.85,23195.3,23398.1,mid_price,ok
2026-09-15T08:58:54.107358+00:00,2026-09-15T14:28:54.107358+05:30,NIFTY,29-Sep-2026,24100.0,PE,23208.95,867,65,871.15,130,869.5,869.075,13634,-490,1670,32.737958934432484,18.35,,,,,,,,,,,,,,,0.03847240907667428,,,,,,13.24,65,23576.15,23592.85,23195.3,23398.1,mid_price,no_price_available
2026-09-15T08:58:54.107358+00:00,2026-09-15T14:28:54.107358+05:30,NIFTY,29-Sep-2026,24150.0,CE,23208.95,16.7,325,16.8,520,16.75,16.75,5075,552,7457,-52.21112696148359,12.38,0.06164528906692808,0.0002158675779857324,-2.645980668742063,5.538197398082762,1.537981118769287,-0.007502112605842173,107.88302616687551,5.777637244012675e-07,0.002461620515958524,-1.283585585261615e-05,-0.7233302648179425,96.07971710251273,-0.05862656059238472,0.0001993719857419067,0.03847240907667428,23254,0.05040443660792038,0.0121,index_dividend_yield,0.065,13.24,65,23576.15,23592.85,23195.3,23398.1,mid_price,ok
2026-09-15T08:58:54.107358+00:00,2026-09-15T14:28:54.107358+05:30,NIFTY,29-Sep-2026,24150.0,PE,23208.95,914.7,65,930.7,195,925.25,922.7,2488,16,121,33.29251602679536,19.02,,,,,,,,,,,,,,,0.03847240907667428,,,,,,13.24,65,23576.15,23592.85,23195.3,23398.1,mid_price,no_price_available
2026-09-15T08:58:54.107358+00:00,2026-09-15T14:28:54.107358+05:30,NIFTY,29-Sep-2026,24200.0,CE,23208.95,15.3,715,15.35,2535,15.35,15.325,55940,2257,41695,-50.7223113964687,12.67,0.05608702350205295,0.0001958520447315204,-2.5061314634137664,5.142390972364185,1.4381365240285562,-0.007143180080680121,103.98177949340636,5.286276528818725e-07,0.0024146395484051955,-1.2706289265118745e-05,-0.6994780042935211,95.39708817404106,-0.0532262658762077,0.00018013925565478456,0.03847240907667428,23254,0.05040443660792038,0.0121,index_dividend_yield,0.065,13.24,65,23576.15,23592.85,23195.3,23398.1,mid_price,ok
2026-09-15T08:58:54.107358+00:00,2026-09-15T14:28:54.107358+05:30,NIFTY,29-Sep-2026,24200.0,PE,23208.95,962.85,130,966.4,650,967,964.625,29011,704,3796,31.154211311542113,19.12,,,,,,,,,,,,,,,0.03847240907667428,,,,,,13.24,65,23576.15,23592.85,23195.3,23398.1,mid_price,no_price_available
2026-09-15T08:58:54.107358+00:00,2026-09-15T14:28:54.107358+05:30,NIFTY,29-Sep-2026,24250.0,CE,23208.95,13.55,1170,13.65,780,13.6,13.600000000000001,6760,1228,9414,-50,12.88,0.050099866429947716,0.00017616218483458676,-2.3227710205699643,4.702068143567529,1.3383038545704689,-0.006726683691195029,100.13803258766174,4.847746182403186e-07,0.0023841083326900507,-1.2593052827606552e-05,-0.6706568423365766,95.58694495247751,-0.047447456367685756,0.00016136159865408437,0.03847240907667428,23254,0.05040443660792038,0.0121,index_dividend_yield,0.065,13.24,65,23576.15,23592.85,23195.3,23398.1,mid_price,ok
2026-09-15T08:58:54.107358+00:00,2026-09-15T14:28:54.107358+05:30,NIFTY,29-Sep-2026,24250.0,PE,23208.95,1011.2,195,1018.45,65,1011.25,1014.825,2519,-11,175,28.16044610607693,15.58,,,,,,,,,,,,,,,0.03847240907667428,,,,,,13.24,65,23576.15,23592.85,23195.3,23398.1,mid_price,no_price_available
2026-09-15T08:58:54.107358+00:00,2026-09-15T14:28:54.107358+05:30,NIFTY,29-Sep-2026,24300.0,CE,23208.95,12.5,260,12.6,2470,12.55,12.55,66490,-2508,32443,-48.35390946502058,13.18,0.045940033611502014,0.00016061387037823944,-2.211266417594544,4.386911019429214,1.2510878630354432,-0.00640808891756335,95.98569287178194,4.4330839661468246e-07,0.002295760175143025,-1.2289029587326557e-05,-0.6477614936720499,94.71133350809329,-0.0434140892205111,0.00014651479650129012,0.03847240907667428,23254,0.05040443660792038,0.0121,index_dividend_yield,0.065,13.24,65,23576.15,23592.85,23195.3,23398.1,mid_price,ok
2026-09-15T08:58:54.107358+00:00,2026-09-15T14:28:54.107358+05:30,NIFTY,29-Sep-2026,24300.0,PE,23208.95,1062,65,1065.55,195,1064,1063.775,47927,-638,2489,26.968973747016708,20.74,,,,,,,,,,,,,,,0.03847240907667428,,,,,,13.24,65,23576.15,23592.85,23195.3,23398.1,mid_price,no_price_available
2026-09-15T08:58:54.107358+00:00,2026-09-15T14:28:54.107358+05:30,NIFTY,29-Sep-2026,24350.0,CE,23208.95,11.3,975,11.4,585,11.35,11.350000000000001,8205,1219,5638,-47.2093023255814,13.44,0.04177735500335377,0.00014588957657781762,-2.083208200462136,4.063346894148485,1.166527940980752,-0.0060697877415706245,91.88030857528994,4.058109101080536e-07,0.002213482869819732,-1.197746960897547e-05,-0.6226886969374079,94.2538870228074,-0.03939718044612602,0.00013253705569737294,0.03847240907667428,23254,0.05040443660792038,0.0121,index_dividend_yield,0.065,13.24,65,23576.15,23592.85,23195.3,23398.1,mid_price,ok
2026-09-15T08:58:54.107358+00:00,2026-09-15T14:28:54.107358+05:30,NIFTY,29-Sep-2026,24350.0,PE,23208.95,1108.55,65,1117.95,65,1119.35,1113.25,4938,-4,109,26.86008953363178,21.27,,,,,,,,,,,,,,,0.03847240907667428,,,,,,13.24,65,23576.15,23592.85,23195.3,23398.1,mid_price,no_price_available
2026-09-15T08:58:54.107358+00:00,2026-09-15T14:28:54.107358+05:30,NIFTY,29-Sep-2026,24400.0,CE,23208.95,10.75,455,10.85,4875,10.8,10.8,44347,-125,18799,-43.896103896103895,13.75,0.03862508264512413,0.00013379620809337,-1.9947513113565096,3.812473829976571,1.092401042099265,-0.005795018647631642,87.8541711243399,3.717016549668252e-07,0.002110217655065607,-1.1598305749274456e-05,-0.6017348163561298,93.23191468867735,-0.03634558884502493,0.00012105288338296702,0.03847240907667428,23254,0.05040443660792038,0.0121,index_dividend_yield,0.065,13.24,65,23576.15,23592.85,23195.3,23398.1,mid_price,ok
2026-09-15T08:58:54.107358+00:00,2026-09-15T14:28:54.107358+05:30,NIFTY,29-Sep-2026,24400.0,PE,23208.95,1155.25,65,1162.9,65,1151.3,1159.075,30134,31,375,24.203031447219374,20.75,,,,,,,,,,,,,,,0.03847240907667428,,,,,,13.24,65,23576.15,23592.85,23195.3,23398.1,mid_price,no_price_available
2026-09-15T08:58:54.107358+00:00,2026-09-15T14:28:54.107358+05:30,NIFTY,29-Sep-2026,24450.0,CE,23208.95,9.75,1105,9.8,715,9.8,9.775,4833,324,2644,-43.02325581395349,13.99,0.035094255747687125,0.00012158656532172322,-1.8724239199731663,3.52503694090945,1.017231937819548,-0.005472951639399315,83.83812721998174,3.4054038797910553e-07,0.0020227511678968003,-1.1234900097765047e-05,-0.5765239333136569,92.93301567981788,-0.03295445565960998,0.00010955667653949082,0.03847240907667428,23254,0.05040443660792038,0.0121,index_dividend_yield,0.065,13.24,65,23576.15,23592.85,23195.3,23398.1,mid_price,ok
2026-09-15T08:58:54.107358+00:00,2026-09-15T14:28:54.107358+05:30,NIFTY,29-Sep-2026,24450.0,PE,23208.95,1206.95,130,1219.75,195,1219.85,1213.35,1324,-14,57,26.017561983471076,21.32,,,,,,,,,,,,,,,0.03847240907667428,,,,,,13.24,65,23576.15,23592.85,23195.3,23398.1,mid_price,no_price_available
2026-09-15T08:58:54.107358+00:00,2026-09-15T14:28:54.107358+05:30,NIFTY,29-Sep-2026,24500.0,CE,23208.95,9.45,1365,9.55,2990,9.45,9.5,86746,-4070,53082,-40.18987341772152,14.38,0.033381741469108085,0.00011352339332481608,-1.8429446530941664,3.3830204100820707,0.9618354450515905,-0.005303495821189472,80.26072618418856,3.13230461856502e-07,0.0019039063189750611,-1.0813764047971138e-05,-0.5629538269924863,91.08323507766471,-0.031275475747428505,0.0001018741929386698,0.03847240907667428,23254,0.05040443660792038,0.0121,index_dividend_yield,0.065,13.24,65,23576.15,23592.85,23195.3,23398.1,mid_price,ok
2026-09-15T08:58:54.107358+00:00,2026-09-15T14:28:54.107358+05:30,NIFTY,29-Sep-2026,24500.0,PE,23208.95,1254.25,130,1258,195,1254.45,1256.125,48085,240,4206,22.876873347046722,22.48,,,,,,,,,,,,,,,0.03847240907667428,,,,,,13.24,65,23576.15,23592.85,23195.3,23398.1,mid_price,no_price_available
2026-09-15T08:58:54.107358+00:00,2026-09-15T14:28:54.107358+05:30,NIFTY,29-Sep-2026,24550.0,CE,23208.95,8.7,195,8.75,1040,8.85,8.725,3221,236,2061,-37.89473684210526,14.65,0.03074875597343854,0.0001041226851747174,-1.7509795762076241,3.161137246013148,0.8998069580210023,-0.005040875269982852,76.58548036316004,2.8781365687195536e-07,0.0018119174152788971,-1.0429279307493873e-05,-0.5415520312222122,90.45390411582447,-0.028747728166350284,9.305792240388354e-05,0.03847240907667428,23254,0.05040443660792038,0.0121,index_dividend_yield,0.065,13.24,65,23576.15,23592.85,23195.3,23398.1,mid_price,ok
2026-09-15T08:58:54.107358+00:00,2026-09-15T14:28:54.107358+05:30,NIFTY,29-Sep-2026,24550.0,PE,23208.95,1291.4,65,1319.8,65,1290.2,1305.6,810,-11,32,20.680946590590217,20.73,,,,,,,,,,,,,,,0.03847240907667428,,,,,,13.24,65,23576.15,23592.85,23195.3,23398.1,mid_price,no_price_available
2026-09-15T08:58:54.107358+00:00,2026-09-15T14:28:54.107358+05:30,NIFTY,29-Sep-2026,24600.0,CE,23208.95,8.1,780,8.15,1495,8.1,8.125,23880,-1175,9907,-37.45173745173745,14.92,0.028385967978378477,9.567369990910542e-05,-1.6656900890496635,2.958160681254479,0.8423392678127365,-0.004793763059839067,73.04247015045684,2.6470330737961673e-07,0.0017211573617529814,-1.0041725917550321e-05,-0.5209704152554901,89.81000678032993,-0.026482639482402995,8.515954669323437e-05,0.03847240907667428,23254,0.05040443660792038,0.0121,index_dividend_yield,0.065,13.24,65,23576.15,23592.85,23195.3,23398.1,mid_price,ok
2026-09-15T08:58:54.107358+00:00,2026-09-15T14:28:54.107358+05:30,NIFTY,29-Sep-2026,24600.0,PE,23208.95,1350.35,130,1355,195,1352,1352.675,10506,33,243,20.951869744140275,23.91,,,,,,,,,,,,,,,0.03847240907667428,,,,,,13.24,65,23576.15,23592.85,23195.3,23398.1,mid_price,no_price_available
2026-09-15T08:58:54.107358+00:00,2026-09-15T14:28:54.107358+05:30,NIFTY,29-Sep-2026,24650.0,CE,23208.95,7.9,195,7.95,520,7.85,7.925000000000001,2736,211,1641,-34.85477178423236,15.29,0.02705516757702936,8.969668576478299e-05,-1.63705594382483,2.8421320338559246,0.7985442510367712,-0.004646260678599589,70.00422222152936,2.448229618016527e-07,0.0016227055309952045,-9.664614508214748e-06,-0.5084698955858928,88.2264231006423,-0.025184781594288597,7.951581873717639e-05,0.03847240907667428,23254,0.05040443660792038,0.0121,index_dividend_yield,0.065,13.24,65,23576.15,23592.85,23195.3,23398.1,mid_price,ok
2026-09-15T08:58:54.107358+00:00,2026-09-15T14:28:54.107358+05:30,NIFTY,29-Sep-2026,24650.0,PE,23208.95,1404.15,195,1419.2,260,1368.5,1411.6750000000002,561,-8,24,15.748963883955003,18.78,,,,,,,,,,,,,,,0.03847240907667428,,,,,,13.24,65,23576.15,23592.85,23195.3,23398.1,mid_price,no_price_available
2026-09-15T08:58:54.107358+00:00,2026-09-15T14:28:54.107358+05:30,NIFTY,29-Sep-2026,24700.0,CE,23208.95,7.65,1105,7.7,260,7.6,7.675000000000001,23243,-1070,19113,-32.743362831858406,15.62,0.025542562875941085,8.367899247790622e-05,-1.5911961780223298,2.7086808653341383,0.7546705756451659,-0.004475911029980569,67.01044386763822,2.2648951969402665e-07,0.0015344558217001236,-9.301740359870373e-06,-0.49384344779442646,87.04324752648053,-0.023724917912416012,7.388112872887762e-05,0.03847240907667428,23254,0.05040443660792038,0.0121,index_dividend_yield,0.065,13.24,65,23576.15,23592.85,23195.3,23398.1,mid_price,ok
2026-09-15T08:58:54.107358+00:00,2026-09-15T14:28:54.107358+05:30,NIFTY,29-Sep-2026,24700.0,PE,23208.95,1450.2,65,1460.25,65,1449.3,1455.225,3703,13,92,17.595034281309587,23.66,,,,,,,,,,,,,,,0.03847240907667428,,,,,,13.24,65,23576.15,23592.85,23195.3,23398.1,mid_price,no_price_available
2026-09-15T08:58:54.107358+00:00,2026-09-15T14:28:54.107358+05:30,NIFTY,29-Sep-2026,24750.0,CE,23208.95,7.3,1365,7.4,1235,7.4,7.35,4490,-94,1635,-29.1866028708134,15.95,0.02416787084286718,7.823253354876943e-05,-1.5487081333894621,2.5858804941257802,0.7142026592241203,-0.004316513963647264,64.18574413081446,2.0990409287858687e-07,0.001451392596542688,-8.953620250229779e-06,-0.4799659480606353,85.87991343167762,-0.022399174387447283,6.879359009153075e-05,0.03847240907667428,23254,0.05040443660792038,0.0121,index_dividend_yield,0.065,13.24,65,23576.15,23592.85,23195.3,23398.1,mid_price,ok
2026-09-15T08:58:54.107358+00:00,2026-09-15T14:28:54.107358+05:30,NIFTY,29-Sep-2026,24750.0,PE,23208.95,1492.4,130,1515.5,65,1500.1,1503.95,439,-15,23,17.351169522021436,24.36,,,,,,,,,,,,,,,0.03847240907667428,,,,,,13.24,65,23576.15,23592.85,23195.3,23398.1,mid_price,no_price_available
2026-09-15T08:58:54.107358+00:00,2026-09-15T14:28:54.107358+05:30,NIFTY,29-Sep-2026,24800.0,CE,23208.95,7,780,7.05,260,7.05,7.025,17761,1103,9796,-26.5625,16.21,0.022443828169966408,7.232913145527338e-05,-1.476792797970505,2.4297222606668067,0.6707851010724873,-0.00411228301402566,61.23958036220789,1.9405336307430559e-07,0.0013768230936877389,-8.603195052320228e-06,-0.4619149877872987,85.32522772395478,-0.020757775651803805,6.334624471569549e-05,0.03847240907667428,23254,0.05040443660792038,0.0121,index_dividend_yield,0.065,13.24,65,23576.15,23592.85,23195.3,23398.1,mid_price,ok
2026-09-15T08:58:54.107358+00:00,2026-09-15T14:28:54.107358+05:30,NIFTY,29-Sep-2026,24800.0,PE,23208.95,1550.05,65,1558.45,65,1546,1554.25,5373,-50,204,17.14339837090358,26.57,,,,,,,,,,,,,,,0.03847240907667428,,,,,,13.24,65,23576.15,23592.85,23195.3,23398.1,mid_price,no_price_available
2026-09-15T08:58:54.107358+00:00,2026-09-15T14:28:54.107358+05:30,NIFTY,29-Sep-2026,24850.0,CE,23208.95,6.5,1950,6.55,130,6.5,6.525,4023,92,1203,-26.136363636363637,16.5,0.02107050981280403,6.736719830683335e-05,-1.4231770647372965,2.3035243004591948,0.6330459921229659,-0.003943228837482299,58.55551752354926,1.7994008952002e-07,0.0013041964193922456,-8.270414816438618e-06,-0.44673330576271386,84.51353651028933,-0.019446199780942284,5.876336888625735e-05,0.03847240907667428,23254,0.05040443660792038,0.0121,index_dividend_yield,0.065,13.24,65,23576.15,23592.85,23195.3,23398.1,mid_price,ok
2026-09-15T08:58:54.107358+00:00,2026-09-15T14:28:54.107358+05:30,NIFTY,29-Sep-2026,24850.0,PE,23208.95,1457,650,1619.5,65,0.0,1538.25,213,0,0,0,32.52,,,,,,,,,,,,,,,0.03847240907667428,,,,,,13.24,65,23576.15,23592.85,23195.3,23398.1,mid_price,no_price_available
2026-09-15T08:58:54.107358+00:00,2026-09-15T14:28:54.107358+05:30,NIFTY,29-Sep-2026,24900.0,CE,23208.95,6.3,1755,6.4,585,6.3,6.35,8241,59,5944,-25,16.83,0.02005904318991215,6.335035538986628e-05,-1.390531633540005,2.2094976262334844,0.6013729947407804,-0.0038143702144641145,56.18447805390003,1.6755816599581697e-07,0.0012345060987159703,-7.963863740316993e-06,-0.43501193208916766,83.38422962597349,-0.01847253608178251,5.503783567224688e-05,0.03847240907667428,23254,0.05040443660792038,0.0121,index_dividend_yield,0.065,13.24,65,23576.15,23592.85,23195.3,23398.1,mid_price,ok
2026-09-15T08:58:54.107358+00:00,2026-09-15T14:28:54.107358+05:30,NIFTY,29-Sep-2026,24900.0,PE,23208.95,1651.9,195,1658.9,65,1615.55,1655.4,1097,-85,153,13.39580262511406,20.96,,,,,,,,,,,,,,,0.03847240907667428,,,,,,13.24,65,23576.15,23592.85,23195.3,23398.1,mid_price,no_price_available
2026-09-15T08:58:54.107358+00:00,2026-09-15T14:28:54.107358+05:30,NIFTY,29-Sep-2026,24950.0,CE,23208.95,6.2,2015,6.25,390,6.25,6.225,1569,-27,1387,-20.88607594936709,17.19,0.01930375976039131,6.003519927983575e-05,-1.3729784167716608,2.1386622368849113,0.5744192692743298,-0.003715383698408264,54.07983265395333,1.566371660436649e-07,0.0011688555598814887,-7.683197230564042e-06,-0.42591837337332494,82.04464922563203,-0.017737848095081683,5.194883857800614e-05,0.03847240907667428,23254,0.05040443660792038,0.0121,index_dividend_yield,0.065,13.24,65,23576.15,23592.85,23195.3,23398.1,mid_price,ok
2026-09-15T08:58:54.107358+00:00,2026-09-15T14:28:54.107358+05:30,NIFTY,29-Sep-2026,24950.0,PE,23208.95,1565.6,650,1717.95,260,0.0,1641.775,76,0,0,0,40.08,,,,,,,,,,,,,,,0.03847240907667428,,,,,,13.24,65,23576.15,23592.85,23195.3,23398.1,mid_price,no_price_available
2026-09-15T08:58:54.107358+00:00,2026-09-15T14:28:54.107358+05:30,NIFTY,29-Sep-2026,25000.0,CE,23208.95,6.1,780,6.15,4485,6.15,6.125,82671,-4353,41771,-19.607843137254903,17.5,0.018334498632601913,5.644272473720809e-05,-1.3362134174905471,2.0469460072387395,0.5456213976952738,-0.003587337860748427,51.892311108358015,1.4613361872628485e-07,0.0011083573355962393,-7.399459704810441e-06,-0.4140431429597484,81.11586300301637,-0.016811143094854902,4.8645081949579365e-05,0.03847240907667428,23254,0.05040443660792038,0.0121,index_dividend_yield,0.065,13.24,65,23576.15,23592.85,23195.3,23398.1,mid_price,ok
2026-09-15T08:58:54.107358+00:00,2026-09-15T14:28:54.107358+05:30,NIFTY,29-Sep-2026,25000.0,PE,23208.95,1750.05,65,1754.95,65,1755,1752.5,31615.923076923078,-196.3846153846154,1691,16.26751465765676,28.46,,,,,,,,,,,,,,,0.03847240907667428,,,,,,13.24,65,23576.15,23592.85,23195.3,23398.1,mid_price,no_price_available
2026-09-15T08:58:54.107358+00:00,2026-09-15T14:28:54.107358+05:30,NIFTY,29-Sep-2026,25050.0,CE,23208.95,5.75,715,5.8,195,5.75,5.775,1423,-32,864,-19.58041958041958,17.79,0.017340370159167,5.294422039362936e-05,-1.2938347506633705,1.951887907611789,0.5173960360028966,-0.0034532040757023937,49.74104728426565,1.3631292825260303e-07,0.001051600977120896,-7.120911899226059e-06,-0.4014622469045815,80.346417901287,-0.015865981102270603,4.54479274608094e-05,0.03847240907667428,23254,0.05040443660792038,0.0121,index_dividend_yield,0.065,13.24,65,23576.15,23592.85,23195.3,23398.1,mid_price,ok
2026-09-15T08:58:54.107358+00:00,2026-09-15T14:28:54.107358+05:30,NIFTY,29-Sep-2026,25050.0,PE,23208.95,1652.75,650,1822.85,65,0.0,1737.8,60,0,0,0,26.44,,,,,,,,,,,,,,,0.03847240907667428,,,,,,13.24,65,23576.15,23592.85,23195.3,23398.1,mid_price,no_price_available
2026-09-15T08:58:54.107358+00:00,2026-09-15T14:28:54.107358+05:30,NIFTY,29-Sep-2026,25100.0,CE,23208.95,5.6,2925,5.65,520,5.6,5.625,5116,27,1831,-18.248175182481752,18.1,0.016525696328267662,4.993985498076794e-05,-1.2619648593088721,1.8732089300684718,0.4925838381582177,-0.0033403723936612784,47.79051811158485,1.2753250649116025e-07,0.000998186098705422,-6.8628800336789484e-06,-0.3907642311943083,79.43977877540932,-0.015088284817654946,4.269832315063598e-05,0.03847240907667428,23254,0.05040443660792038,0.0121,index_dividend_yield,0.065,13.24,65,23576.15,23592.85,23195.3,23398.1,mid_price,ok
2026-09-15T08:58:54.107358+00:00,2026-09-15T14:28:54.107358+05:30,NIFTY,29-Sep-2026,25100.0,PE,23208.95,1845.85,65,1855.45,65,1827.35,1850.65,1510,55,146,12.507696096539835,25.25,,,,,,,,,,,,,,,0.03847240907667428,,,,,,13.24,65,23576.15,23592.85,23195.3,23398.1,mid_price,no_price_available
2026-09-15T08:58:54.107358+00:00,2026-09-15T14:28:54.107358+05:30,NIFTY,29-Sep-2026,25150.0,CE,23208.95,5.45,390,5.5,325,5.4,5.475,532,-70,557,-16.27906976744186,18.44,0.01591572031400673,4.746493602091825e-05,-1.2436168719859682,1.8138199915498308,0.4715720091884399,-0.0032537770291291047,46.07531449383628,1.197983068737424e-07,0.0009483175419896969,-6.630072503742277e-06,-0.3824806985386038,78.33843799987142,-0.01449987608467758,4.042107941549881e-05,0.03847240907667428,23254,0.05040443660792038,0.0121,index_dividend_yield,0.065,13.24,65,23576.15,23592.85,23195.3,23398.1,mid_price,ok
2026-09-15T08:58:54.107358+00:00,2026-09-15T14:28:54.107358+05:30,NIFTY,29-Sep-2026,25150.0,PE,23208.95,1886.8,65,1907.65,65,1919.1,1897.225,30,13,424,15.604951658082587,30.67,,,,,,,,,,,,,,,0.03847240907667428,,,,,,13.24,65,23576.15,23592.85,23195.3,23398.1,mid_price,no_price_available
2026-09-15T08:58:54.107358+00:00,2026-09-15T14:28:54.107358+05:30,NIFTY,29-Sep-2026,25200.0,CE,23208.95,5.15,650,5.2,520,5.2,5.175000000000001,8762,565,4693,-14.754098360655737,18.64,0.014724551138677714,4.392123628201117e-05,-1.1747927404675564,1.696605348564254,0.4426228234331456,-0.0030834218276587985,43.869438731961026,1.1128363707613901e-07,0.0009000467553897632,-6.348099961810979e-06,-0.36600281338012386,78.21230083277082,-0.013387776356983183,3.725499078110623e-05,0.03847240907667428,23254,0.05040443660792038,0.0121,index_dividend_yield,0.065,13.24,65,23576.15,23592.85,23195.3,23398.1,mid_price,ok
2026-09-15T08:58:54.107358+00:00,2026-09-15T14:28:54.107358+05:30,NIFTY,29-Sep-2026,25200.0,PE,23208.95,1944.45,65,1964.05,130,1945,1954.25,1263,-1,43,13.24599708879185,29.01,,,,,,,,,,,,,,,0.03847240907667428,,,,,,13.24,65,23576.15,23592.85,23195.3,23398.1,mid_price,no_price_available
2026-09-15T08:58:54.107358+00:00,2026-09-15T14:28:54.107358+05:30,NIFTY,29-Sep-2026,25250.0,CE,23208.95,5.15,845,5.2,130,5.2,5.175000000000001,1311,-42,434,-13.333333333333334,19.01,0.01435354287120044,4.213080822359733e-05,-1.1709558750690414,1.6597484631978319,0.4266495362317893,-0.0030276300263813744,42.481769241774046,1.0511979894014885e-07,0.0008567223350082171,-6.152621998680268e-06,-0.3605487943367544,76.93327714259817,-0.013021803344266537,3.559491920414265e-05,0.03847240907667428,23254,0.05040443660792038,0.0121,index_dividend_yield,0.065,13.24,65,23576.15,23592.85,23195.3,23398.1,mid_price,ok
2026-09-15T08:58:54.107358+00:00,2026-09-15T14:28:54.107358+05:30,NIFTY,29-Sep-2026,25250.0,PE,23208.95,1816.15,650,2022.45,65,0.0,1919.3000000000002,29,0,0,0,42.46,,,,,,,,,,,,,,,0.03847240907667428,,,,,,13.24,65,23576.15,23592.85,23195.3,23398.1,mid_price,no_price_available
2026-09-15T08:58:54.107358+00:00,2026-09-15T14:28:54.107358+05:30,NIFTY,29-Sep-2026,25300.0,CE,23208.95,4.95,390,5,715,4.95,4.975,7156,-105,2504,-12.389380530973451,19.3,0.013681114127738096,3.981655297892615e-05,-1.1396528790775797,1.592506949067001,0.4067297260786336,-0.002927083623533085,40.846908336189756,9.869225257085077e-08,0.0008149639686859404,-5.932292594668685e-06,-0.3506532349331981,76.2068614217363,-0.012385679187150523,3.350685010374125e-05,0.03847240907667428,23254,0.05040443660792038,0.0121,index_dividend_yield,0.065,13.24,65,23576.15,23592.85,23195.3,23398.1,mid_price,ok
2026-09-15T08:58:54.107358+00:00,2026-09-15T14:28:54.107358+05:30,NIFTY,29-Sep-2026,25300.0,PE,23208.95,2043.1,65,2065.5,65,1995.35,2054.3,461,0,3,11.472067039106145,18.38,,,,,,,,,,,,,,,0.03847240907667428,,,,,,13.24,65,23576.15,23592.85,23195.3,23398.1,mid_price,no_price_available
2026-09-15T08:58:54.107358+00:00,2026-09-15T14:28:54.107358+05:30,NIFTY,29-Sep-2026,25350.0,CE,23208.95,4.7,910,4.85,585,4.75,4.775,382,5,264,-12.037037037037036,19.58,0.013019670682586972,3.760292778417408e-05,-1.1068213133605598,1.5257898301785093,0.3875182220997924,-0.002826324835712357,39.2582557869996,9.267615664949745e-08,0.0007754624045972125,-5.717718444235981e-06,-0.34064528138446204,75.55134283140494,-0.011762260980943361,3.151931126982419e-05,0.03847240907667428,23254,0.05040443660792038,0.0121,index_dividend_yield,0.065,13.24,65,23576.15,23592.85,23195.3,23398.1,mid_price,ok
2026-09-15T08:58:54.107358+00:00,2026-09-15T14:28:54.107358+05:30,NIFTY,29-Sep-2026,25350.0,PE,23208.95,2066.9,65,2122.3,65,0.0,2094.6000000000004,16,0,0,0,6.15,,,,,,,,,,,,,,,0.03847240907667428,,,,,,13.24,65,23576.15,23592.85,23195.3,23398.1,mid_price,no_price_available
2026-09-15T08:58:54.107358+00:00,2026-09-15T14:28:54.107358+05:30,NIFTY,29-Sep-2026,25400.0,CE,23208.95,4.6,975,4.65,65,4.6,4.625,3034,-107,1611,-11.538461538461538,19.94,0.012704526559473983,3.6149766634977474e-05,-1.1026098414015164,1.4937950630866692,0.37422299953512006,-0.0027767509410262844,38.073246693380526,8.78321827879662e-08,0.0007400724638868703,-5.549523446593772e-06,-0.33568576709397724,74.4076174561912,-0.01145259734479389,3.018207198894095e-05,0.03847240907667428,23254,0.05040443660792038,0.0121,index_dividend_yield,0.065,13.24,65,23576.15,23592.85,23195.3,23398.1,mid_price,ok
2026-09-15T08:58:54.107358+00:00,2026-09-15T14:28:54.107358+05:30,NIFTY,29-Sep-2026,25400.0,PE,23208.95,2140.6,65,2168.9,65,2062.75,2154.75,413,-2,4,8.13325644789264,0,,,,,,,,,,,,,,,0.03847240907667428,,,,,,13.24,65,23576.15,23592.85,23195.3,23398.1,mid_price,no_price_available
2026-09-15T08:58:54.107358+00:00,2026-09-15T14:28:54.107358+05:30,NIFTY,29-Sep-2026,25450.0,CE,23208.95,4.5,130,4.6,390,4.5,4.55,818,66,404,-10,20.27,0.012302091382537166,3.458382325430405e-05,-1.0891890790380585,1.4527374069906527,0.3600724629609078,-0.0027133723430167976,36.837417794459256,8.310176597891806e-08,0.0007063290184783113,-5.3769556734143295e-06,-0.329312716219337,73.47367929314908,-0.0110661149340391,2.8761293601257284e-05,0.03847240907667428,23254,0.05040443660792038,0.0121,index_dividend_yield,0.065,13.24,65,23576.15,23592.85,23195.3,23398.1,mid_price,ok
2026-09-15T08:58:54.107358+00:00,2026-09-15T14:28:54.107358+05:30,NIFTY,29-Sep-2026,25450.0,PE,23208.95,2165.25,65,2237.4,65,0.0,2201.325,11,0,0,0,6.11,,,,,,,,,,,,,,,0.03847240907667428,,,,,,13.24,65,23576.15,23592.85,23195.3,23398.1,mid_price,no_price_available
2026-09-15T08:58:54.107358+00:00,2026-09-15T14:28:54.107358+05:30,NIFTY,29-Sep-2026,25500.0,CE,23208.95,4.35,780,4.4,2600,4.4,4.375,48717,-697,12889,-8.333333333333334,20.62,0.011995875128507553,3.326208855486671e-05,-1.0832203121915955,1.4213418518742373,0.3478842795763687,-0.002664350116258679,35.7441316429562,7.88854207108924e-08,0.0006751648535827258,-5.221953182260501e-06,-0.3243568742621832,72.44361803104421,-0.010767392800116333,2.7553713630577417e-05,0.03847240907667428,23254,0.05040443660792038,0.0121,index_dividend_yield,0.065,13.24,65,23576.15,23592.85,23195.3,23398.1,mid_price,ok
2026-09-15T08:58:54.107358+00:00,2026-09-15T14:28:54.107358+05:30,NIFTY,29-Sep-2026,25500.0,PE,23208.95,2247.25,130,2252.85,65,2247.55,2250.05,22771,-244,645,11.546478733435903,31.94,,,,,,,,,,,,,,,0.03847240907667428,,,,,,13.24,65,23576.15,23592.85,23195.3,23398.1,mid_price,no_price_available
2026-09-15T08:58:54.107358+00:00,2026-09-15T14:28:54.107358+05:30,NIFTY,29-Sep-2026,25550.0,CE,23208.95,4.2,195,4.25,65,4.25,4.225,576,-38,192,-10.526315789473685,20.81,0.011177781446115413,3.099769067294399e-05,-1.0274765209581391,1.3367856906236708,0.32806607283570804,-0.0025335261566563454,34.11125037286467,7.37343182046796e-08,0.0006420174160775607,-5.004460197121602e-06,-0.31102159323738165,72.34721059057857,-0.010013258075843462,2.5577524950931638e-05,0.03847240907667428,23254,0.05040443660792038,0.0121,index_dividend_yield,0.065,13.24,65,23576.15,23592.85,23195.3,23398.1,mid_price,ok
2026-09-15T08:58:54.107358+00:00,2026-09-15T14:28:54.107358+05:30,NIFTY,29-Sep-2026,25550.0,PE,23208.95,2263.55,65,2373.35,715,0.0,2318.45,6,0,0,0,0,,,,,,,,,,,,,,,0.03847240907667428,,,,,,13.24,65,23576.15,23592.85,23195.3,23398.1,mid_price,no_price_available
2026-09-15T08:58:54.107358+00:00,2026-09-15T14:28:54.107358+05:30,NIFTY,29-Sep-2026,25600.0,CE,23208.95,4.05,780,4.1,1560,4.1,4.074999999999999,2305,252,1290,-6.818181818181818,21.01,0.010455767030357723,2.8968891409121757e-05,-0.9781370961216733,1.2612997102575363,0.3099838680868548,-0.0024148900460585696,32.588221923048884,6.90226139372326e-08,0.0006105815384608066,-4.7989828916961645e-06,-0.2987821754141069,72.18487665769834,-0.009347876019055576,2.381019383812056e-05,0.03847240907667428,23254,0.05040443660792038,0.0121,index_dividend_yield,0.065,13.24,65,23576.15,23592.85,23195.3,23398.1,mid_price,ok
2026-09-15T08:58:54.107358+00:00,2026-09-15T14:28:54.107358+05:30,NIFTY,29-Sep-2026,25600.0,PE,23208.95,2315.45,65,2393.65,65,2265.65,2354.55,479,-4,8,6.308652402402402,0,,,,,,,,,,,,,,,0.03847240907667428,,,,,,13.24,65,23576.15,23592.85,23195.3,23398.1,mid_price,no_price_available
2026-09-15T08:58:54.107358+00:00,2026-09-15T14:28:54.107358+05:30,NIFTY,29-Sep-2026,25650.0,CE,23208.95,3.85,780,4.05,585,4.05,3.95,271,1,15,-3.5714285714285716,18.63,0.0038729365678706615,1.3570262230669776e-05,-0.36038649896222813,0.5239157599250893,0.16675965228699832,-0.0011514673212498008,20.213474573097468,4.250066294601229e-08,0.00045070204466983704,-3.1301874725938006e-06,-0.15824186866791173,89.5502440072075,-0.003465225456660002,1.1110266769333437e-05,0.03847240907667428,23254,0.05040443660792038,0.0121,index_dividend_yield,0.065,13.24,65,23576.15,23592.85,23195.3,23398.1,mid_price,ok
2026-09-15T08:58:54.107358+00:00,2026-09-15T14:28:54.107358+05:30,NIFTY,29-Sep-2026,25650.0,PE,23208.95,2202.45,650,2423.55,65,0.0,2313.0,1,0,0,0,13.42,,,,,,,,,,,,,,,0.03847240907667428,,,,,,13.24,65,23576.15,23592.85,23195.3,23398.1,mid_price,no_price_available
2026-09-15T08:58:54.107358+00:00,2026-09-15T14:28:54.107358+05:30,NIFTY,29-Sep-2026,25700.0,CE,23208.95,3.7,520,3.75,1235,3.75,3.725,3081,-285,1886,-5.063291139240507,21.49,0.009397974390042581,2.5803478954705717e-05,-0.9103723318771897,1.149145569338977,0.28091957146892177,-0.0022349777587964605,30.043949437086546,6.115314121540581e-08,0.0005545424502322056,-4.447871982445691e-06,-0.2799446264110319,71.39454245359113,-0.008368172085880535,2.1043743657351795e-05,0.03847240907667428,23254,0.05040443660792038,0.0121,index_dividend_yield,0.065,13.24,65,23576.15,23592.85,23195.3,23398.1,mid_price,ok
2026-09-15T08:58:54.107358+00:00,2026-09-15T14:28:54.107358+05:30,NIFTY,29-Sep-2026,25700.0,PE,23208.95,2414.8,65,2518.9,780,2182.2,2466.8500000000004,185,1,4,14.431043523859465,0,,,,,,,,,,,,,,,0.03847240907667428,,,,,,13.24,65,23576.15,23592.85,23195.3,23398.1,mid_price,no_price_available
2026-09-15T08:58:54.107358+00:00,2026-09-15T14:28:54.107358+05:30,NIFTY,29-Sep-2026,25750.0,CE,23208.95,3.4,65,3.7,195,3.25,3.55,115,-9,117,-14.473684210526315,21.7,0.008844347983672778,2.42308338174242e-05,-0.8711660514779115,1.089653606719167,0.2663282164065547,-0.002138034957820472,28.756426898310593,5.7422586802060115e-08,0.0005277919829234685,-4.27000490143771e-06,-0.2696513997865799,71.16065854235026,-0.007859551779351753,1.9684522221522813e-05,0.03847240907667428,23254,0.05040443660792038,0.0121,index_dividend_yield,0.065,13.24,65,23576.15,23592.85,23195.3,23398.1,mid_price,ok
2026-09-15T08:58:54.107358+00:00,2026-09-15T14:28:54.107358+05:30,NIFTY,29-Sep-2026,25750.0,PE,23208.95,2280.25,650,2523.9,65,0.0,2402.075,8,0,0,0,0,,,,,,,,,,,,,,,0.03847240907667428,,,,,,13.24,65,23576.15,23592.85,23195.3,23398.1,mid_price,no_price_available
2026-09-15T08:58:54.107358+00:00,2026-09-15T14:28:54.107358+05:30,NIFTY,29-Sep-2026,25800.0,CE,23208.95,3.55,65,3.6,650,3.55,3.575,5175,395,2586,-4.054054054054054,22.15,0.008950487185818054,2.398799796403761e-05,-0.897995224399361,1.1011033948413782,0.2632738011475403,-0.0021557848705323485,28.373790872743943,5.5551016302284424e-08,0.0005098302769511086,-4.206720950190457e-06,-0.2715424918952367,69.64769254195977,-0.007936000258678862,1.9411789678289648e-05,0.03847240907667428,23254,0.05040443660792038,0.0121,index_dividend_yield,0.065,13.24,65,23576.15,23592.85,23195.3,23398.1,mid_price,ok
2026-09-15T08:58:54.107358+00:00,2026-09-15T14:28:54.107358+05:30,NIFTY,29-Sep-2026,25800.0,PE,23208.95,2471.8,715,2574.15,65,2350,2522.9750000000004,322,1,1,0,0,,,,,,,,,,,,,,,0.03847240907667428,,,,,,13.24,65,23576.15,23592.85,23195.3,23398.1,mid_price,no_price_available
2026-09-15T08:58:54.107358+00:00,2026-09-15T14:28:54.107358+05:30,NIFTY,29-Sep-2026,25850.0,CE,23208.95,2.4,1755,4.85,130,0.0,3.625,158,0,0,0,19.35,0.002827667282728038,9.846656741251344e-06,-0.28142340801671667,0.39484817551971974,0.12573716111851252,-0.0008992810453611024,15.837251097577,3.0874437757419495e-08,0.0003440436435099727,-2.4722825789671305e-06,-0.12734316135603418,88.63327886670335,-0.0025101258609433004,7.937407723871094e-06,0.03847240907667428,23254,0.05040443660792038,0.0121,index_dividend_yield,0.065,13.24,65,23576.15,23592.85,23195.3,23398.1,mid_price,wide_quote_low_liquidity
2026-09-15T08:58:54.107358+00:00,2026-09-15T14:28:54.107358+05:30,NIFTY,29-Sep-2026,25850.0,PE,23208.95,2558.55,65,2623.9,65,0.0,2591.2250000000004,0,0,0,0,0,,,,,,,,,,,,,,,0.03847240907667428,,,,,,13.24,65,23576.15,23592.85,23195.3,23398.1,mid_price,no_price_available
2026-09-15T08:58:54.107358+00:00,2026-09-15T14:28:54.107358+05:30,NIFTY,29-Sep-2026,25900.0,CE,23208.95,3.2,325,3.3,65,3.05,3.25,751,89,612,-10.294117647058824,22.61,0.00806792775984477,2.1453823322271585e-05,-0.8359256927211243,1.0052304368125053,0.23927732452519532,-0.0019973342501459976,26.203372626241226,4.94598084879794e-08,0.00046434429023433537,-3.903436789635341e-06,-0.2545246405095285,68.97992225127878,-0.007124849461751437,1.7227257982489253e-05,0.03847240907667428,23254,0.05040443660792038,0.0121,index_dividend_yield,0.065,13.24,65,23576.15,23592.85,23195.3,23398.1,mid_price,ok
2026-09-15T08:58:54.107358+00:00,2026-09-15T14:28:54.107358+05:30,NIFTY,29-Sep-2026,25900.0,PE,23208.95,2420.7,650,2669.4,130,0.0,2545.05,72,0,0,0,52.11,,,,,,,,,,,,,,,0.03847240907667428,,,,,,13.24,65,23576.15,23592.85,23195.3,23398.1,mid_price,no_price_available
2026-09-15T08:58:54.107358+00:00,2026-09-15T14:28:54.107358+05:30,NIFTY,29-Sep-2026,25950.0,CE,23208.95,2.1,65,3.1,260,3.15,2.6,166,0,12,-19.23076923076923,23.06,0.008182999482966247,2.1298584076346918e-05,-0.8627381618766496,1.0178186475197268,0.23712931115085506,-0.0020174949976899306,25.912262751456083,4.800793516542646e-08,0.0004498648827825441,-3.854157083325298e-06,-0.2567048036210834,67.55460951202572,-0.00721030782548881,1.7036759553636977e-05,0.03847240907667428,23254,0.05040443660792038,0.0121,index_dividend_yield,0.065,13.24,65,23576.15,23592.85,23195.3,23398.1,mid_price,wide_quote_low_liquidity
2026-09-15T08:58:54.107358+00:00,2026-09-15T14:28:54.107358+05:30,NIFTY,29-Sep-2026,25950.0,PE,23208.95,2460.3,4030,2724.65,65,0.0,2592.4750000000004,1,0,0,0,13.83,,,,,,,,,,,,,,,0.03847240907667428,,,,,,13.24,65,23576.15,23592.85,23195.3,23398.1,mid_price,no_price_available
2026-09-15T08:58:54.107358+00:00,2026-09-15T14:28:54.107358+05:30,NIFTY,29-Sep-2026,26000.0,CE,23208.95,2.75,2210,2.8,650,2.75,2.775,56197.230769230766,-1794,10650,-11.290322580645162,22.83,0.006788403003785068,1.824788255782246e-05,-0.7242290590017904,0.8633338244944971,0.20874521795732165,-0.0017573169027679143,23.45313191774517,4.277875778991663e-08,0.00041578121034478954,-3.5223994925039454e-06,-0.22818595198769928,69.51182674854377,-0.005972506175787708,1.4540413831792878e-05,0.03847240907667428,23254,0.05040443660792038,0.0121,index_dividend_yield,0.065,13.24,65,23576.15,23592.85,23195.3,23398.1,mid_price,ok
2026-09-15T08:58:54.107358+00:00,2026-09-15T14:28:54.107358+05:30,NIFTY,29-Sep-2026,26000.0,PE,23208.95,2743.4,130,2748.15,65,2744,2745.775,30686.53846153846,-202,638,9.344490934449093,39.05,,,,,,,,,,,,,,,0.03847240907667428,,,,,,13.24,65,23576.15,23592.85,23195.3,23398.1,mid_price,no_price_available
2026-09-15T08:58:54.107358+00:00,2026-09-15T14:28:54.107358+05:30,NIFTY,29-Sep-2026,26050.0,CE,23208.95,2.6,130,3.1,1300,2.9,2.85,189,-4,23,9.433962264150944,23.24,0.0068300897804472425,1.802316151471881e-05,-0.740836862881486,0.8680154715528391,0.20606060244836777,-0.0017648122355211704,23.13096243814339,4.144588612746625e-08,0.00040272392741941135,-3.4706350294991855e-06,-0.22901857468218623,68.26081753356817,-0.005996044317264,1.430627290040396e-05,0.03847240907667428,23254,0.05040443660792038,0.0121,index_dividend_yield,0.065,13.24,65,23576.15,23592.85,23195.3,23398.1,mid_price,wide_quote_low_liquidity
2026-09-15T08:58:54.107358+00:00,2026-09-15T14:28:54.107358+05:30,NIFTY,29-Sep-2026,26050.0,PE,23208.95,2558.3,4030,2824.7,65,0.0,2691.5,4,0,0,0,18.06,,,,,,,,,,,,,,,0.03847240907667428,,,,,,13.24,65,23576.15,23592.85,23195.3,23398.1,mid_price,no_price_available
2026-09-15T08:58:54.107358+00:00,2026-09-15T14:28:54.107358+05:30,NIFTY,29-Sep-2026,26100.0,CE,23208.95,2.4,390,2.75,650,2.45,2.575,226,-6,92,-15.517241379310345,23.42,0.00641388689703841,1.6917657685514316e-05,-0.7058883772229313,0.8210838152238573,0.19517694478350753,-0.001683615758532494,22.108595548242292,3.8961678714425954e-08,0.0003832840797959837,-3.325957519805113e-06,-0.21995356633769234,68.1605485354013,-0.005619755753230436,1.337735352194116e-05,0.03847240907667428,23254,0.05040443660792038,0.0121,index_dividend_yield,0.065,13.24,65,23576.15,23592.85,23195.3,23398.1,mid_price,ok
2026-09-15T08:58:54.107358+00:00,2026-09-15T14:28:54.107358+05:30,NIFTY,29-Sep-2026,26100.0,PE,23208.95,2622.3,650,2874.75,65,0.0,2748.525,144,0,0,0,0,,,,,,,,,,,,,,,0.03847240907667428,,,,,,13.24,65,23576.15,23592.85,23195.3,23398.1,mid_price,no_price_available
2026-09-15T08:58:54.107358+00:00,2026-09-15T14:28:54.107358+05:30,NIFTY,29-Sep-2026,26150.0,CE,23208.95,2.25,650,2.6,1300,2.3,2.425,172,0,82,-24.59016393442623,23.6,0.00602752415614128,1.5889823137674734e-05,-0.6729358532053328,0.7771259907104242,0.18493727155678577,-0.0016066935027231697,21.134028402256867,3.664173719705617e-08,0.0003647890528240665,-3.1872918676722327e-06,-0.21128597945092598,68.05461376949349,-0.005271010132034401,1.2516608336504323e-05,0.03847240907667428,23254,0.05040443660792038,0.0121,index_dividend_yield,0.065,13.24,65,23576.15,23592.85,23195.3,23398.1,mid_price,ok
2026-09-15T08:58:54.107358+00:00,2026-09-15T14:28:54.107358+05:30,NIFTY,29-Sep-2026,26150.0,PE,23208.95,2651.45,650,2924.9,65,0.0,2788.175,1,0,0,0,19.21,,,,,,,,,,,,,,,0.03847240907667428,,,,,,13.24,65,23576.15,23592.85,23195.3,23398.1,mid_price,no_price_available
2026-09-15T08:58:54.107358+00:00,2026-09-15T14:28:54.107358+05:30,NIFTY,29-Sep-2026,26200.0,CE,23208.95,2.25,1300,2.45,195,2.2,2.35,2746,-42,306,-16.9811320754717,24,0.006062417930533034,1.5705135966341155e-05,-0.6875192575699427,0.7811120005470714,0.1826980092078708,-0.0016132697049849173,20.861191857793948,3.556391990752986e-08,0.00035399340875461163,-3.1434240092999403e-06,-0.21202962048975527,66.89877553839301,-0.005290043584898079,1.2323954998846535e-05,0.03847240907667428,23254,0.05040443660792038,0.0121,index_dividend_yield,0.065,13.24,65,23576.15,23592.85,23195.3,23398.1,mid_price,ok
2026-09-15T08:58:54.107358+00:00,2026-09-15T14:28:54.107358+05:30,NIFTY,29-Sep-2026,26200.0,PE,23208.95,2917.1,65,3098.6,650,2820,3007.85,570,-11,20,3.1455742501828823,0,,,,,,,,,,,,,,,0.03847240907667428,23254,0.05040443660792038,0.0121,index_dividend_yield,0.065,13.24,65,23576.15,23592.85,23195.3,23398.1,mid_price,no_nse_iv
2026-09-15T08:58:54.107358+00:00,2026-09-15T14:28:54.107358+05:30,NIFTY,29-Sep-2026,26250.0,CE,23208.95,1.4,3510,2.45,2600,2.1,1.925,9,0,1,-26.31578947368421,21.98,0.0026569414810320695,8.194638926773076e-06,-0.3009254650642427,0.3732655233882543,0.1055883765212688,-0.0008538208516561652,13.39681203420065,2.2686278652860294e-08,0.0002568206343448321,-2.0849151265555716e-06,-0.12163546067580278,78.54863470418023,-0.0023192293040892407,6.405930060061193e-06,0.03847240907667428,23254,0.05040443660792038,0.0121,index_dividend_yield,0.065,13.24,65,23576.15,23592.85,23195.3,23398.1,mid_price,wide_quote_low_liquidity
2026-09-15T08:58:54.107358+00:00,2026-09-15T14:28:54.107358+05:30,NIFTY,29-Sep-2026,26250.0,PE,23208.95,2952.65,65,3025.6,65,0.0,2989.125,0,0,0,0,0,,,,,,,,,,,,,,,0.03847240907667428,,,,,,13.24,65,23576.15,23592.85,23195.3,23398.1,mid_price,no_price_available
2026-09-15T08:58:54.107358+00:00,2026-09-15T14:28:54.107358+05:30,NIFTY,29-Sep-2026,26300.0,CE,23208.95,1.65,130,1.8,260,1.8,1.725,2021,-19,433,-2.7027027027027026,23.89,0.004640188909918824,1.2438754509031015e-05,-0.5391683110498686,0.6158194679755997,0.14995903786417475,-0.00131691442771631,17.758165122578273,2.939599337089656e-08,0.00030661827164721664,-2.7057526980492564e-06,-0.17788678005169245,68.90794663648128,-0.004035400989779278,9.686711950857606e-06,0.03847240907667428,23254,0.05040443660792038,0.0121,index_dividend_yield,0.065,13.24,65,23576.15,23592.85,23195.3,23398.1,mid_price,ok
2026-09-15T08:58:54.107358+00:00,2026-09-15T14:28:54.107358+05:30,NIFTY,29-Sep-2026,26300.0,PE,23208.95,3033.6,65,3054.1,130,2920,3043.85,1240,-5,8,5.371416199050936,0,,,,,,,,,,,,,,,0.03847240907667428,,,,,,13.24,65,23576.15,23592.85,23195.3,23398.1,mid_price,no_price_available
2026-09-15T08:58:54.107358+00:00,2026-09-15T14:28:54.107358+05:30,NIFTY,29-Sep-2026,26350.0,CE,23208.95,1.2,195,3.4,1300,0.0,2.3,85,0,0,0,13.52,1.3229989650249346e-06,1.0518734847102177e-08,-0.00014629648623599116,0.00029471386436806063,0.00022686375037954244,-1.1425818380884267e-06,0.04848555587113671,8.875326033972796e-11,1.6518976509602137e-06,-8.30472866608236e-09,-0.0002549698894194899,192.43108168505123,-1.1592353337063613e-06,8.160433958122527e-09,0.03847240907667428,23254,0.05040443660792038,0.0121,index_dividend_yield,0.065,13.24,65,23576.15,23592.85,23195.3,23398.1,mid_price,wide_quote_low_liquidity
2026-09-15T08:58:54.107358+00:00,2026-09-15T14:28:54.107358+05:30,NIFTY,29-Sep-2026,26350.0,PE,23208.95,3050.7,65,3125.85,65,0.0,3088.2749999999996,0,0,0,0,0,,,,,,,,,,,,,,,0.03847240907667428,,,,,,13.24,65,23576.15,23592.85,23195.3,23398.1,mid_price,no_price_available
2026-09-15T08:58:54.107358+00:00,2026-09-15T14:28:54.107358+05:30,NIFTY,29-Sep-2026,26400.0,CE,23208.95,1.5,130,1.9,1300,1.5,1.7,654,-13,49,-14.285714285714286,24.15,0.00398721794326414,1.07447761608223e-05,-0.4755754725267034,0.5377431357821587,0.13208657384902495,-0.0011715506370756764,15.951972839849947,2.5630329832714098e-08,0.0002742417404570311,-2.4431298098937116e-06,-0.16064582722404158,69.11601525795996,-0.003454554776281452,8.304251710469027e-06,0.03847240907667428,23254,0.05040443660792038,0.0121,index_dividend_yield,0.065,13.24,65,23576.15,23592.85,23195.3,23398.1,mid_price,wide_quote_low_liquidity
2026-09-15T08:58:54.107358+00:00,2026-09-15T14:28:54.107358+05:30,NIFTY,29-Sep-2026,26400.0,PE,23208.95,3099.9,650,3175.9,260,0.0,3137.9,56,0,0,0,0,,,,,,,,,,,,,,,0.03847240907667428,,,,,,13.24,65,23576.15,23592.85,23195.3,23398.1,mid_price,no_price_available
2026-09-15T08:58:54.107358+00:00,2026-09-15T14:28:54.107358+05:30,NIFTY,29-Sep-2026,26450.0,CE,23208.95,1,2600,3.35,650,0.0,2.175,42,0,0,0,19.27,0.00035483139303480783,1.4738671894788322e-06,-0.04156342926694764,0.058857313251771265,0.02297593243292162,-0.00016288508238613262,3.5409248148048458,5.754297149735758e-09,8.101299472128039e-05,-5.751260989806137e-07,-0.027207656592736496,103.47361531727103,-0.00030834313806208367,1.1347964904241762e-06,0.03847240907667428,23254,0.05040443660792038,0.0121,index_dividend_yield,0.065,13.24,65,23576.15,23592.85,23195.3,23398.1,mid_price,wide_quote_low_liquidity
2026-09-15T08:58:54.107358+00:00,2026-09-15T14:28:54.107358+05:30,NIFTY,29-Sep-2026,26450.0,PE,23208.95,3149.3,65,3226.4,65,0.0,3187.8500000000004,0,0,0,0,0,,,,,,,,,,,,,,,0.03847240907667428,,,,,,13.24,65,23576.15,23592.85,23195.3,23398.1,mid_price,no_price_available
2026-09-15T08:58:54.107358+00:00,2026-09-15T14:28:54.107358+05:30,NIFTY,29-Sep-2026,26500.0,CE,23208.95,1.35,2795,1.4,4225,1.35,1.375,13653,6,2190,-15.625,24.43,0.003455579063462695,9.342178180297663e-06,-0.422835091512587,0.4729682424456717,0.11690740241087856,-0.0010480776934311585,14.373951773692161,2.243628249205764e-08,0.00024567061687556373,-2.2112845648142306e-06,-0.14571592894773633,69.20056174678793,-0.0029826945791892306,7.16584457365604e-06,0.03847240907667428,23254,0.05040443660792038,0.0121,index_dividend_yield,0.065,13.24,65,23576.15,23592.85,23195.3,23398.1,mid_price,ok
2026-09-15T08:58:54.107358+00:00,2026-09-15T14:28:54.107358+05:30,NIFTY,29-Sep-2026,26500.0,PE,23208.95,3232.95,65,3246.85,130,3171,3239.8999999999996,12974,-18,51,5.4188829787234045,0,,,,,,,,,,,,,,,0.03847240907667428,,,,,,13.24,65,23576.15,23592.85,23195.3,23398.1,mid_price,no_price_available
2026-09-15T08:58:54.107358+00:00,2026-09-15T14:28:54.107358+05:30,NIFTY,29-Sep-2026,26550.0,CE,23208.95,1.1,910,3.35,650,0.0,2.225,72,0,0,0,22.15,0.001234190098859982,4.049269496216254e-06,-0.15068251890113676,0.1858706339560186,0.0566051628005179,-0.0004602515431245855,7.799862523246298,1.212866938319395e-08,0.00015163433231557482,-1.2360389447224885e-06,-0.07005140802320167,82.79425626126674,-0.0010658488576696685,3.0942729223352666e-06,0.03847240907667428,23254,0.05040443660792038,0.0121,index_dividend_yield,0.065,13.24,65,23576.15,23592.85,23195.3,23398.1,mid_price,wide_quote_low_liquidity
2026-09-15T08:58:54.107358+00:00,2026-09-15T14:28:54.107358+05:30,NIFTY,29-Sep-2026,26550.0,PE,23208.95,3247.75,65,3326.65,65,0.0,3287.2,0,0,0,0,0,,,,,,,,,,,,,,,0.03847240907667428,,,,,,13.24,65,23576.15,23592.85,23195.3,23398.1,mid_price,no_price_available
2026-09-15T08:58:54.107358+00:00,2026-09-15T14:28:54.107358+05:30,NIFTY,29-Sep-2026,26600.0,CE,23208.95,1.15,2405,1.4,650,1.3,1.275,641,-6,246,-21.21212121212121,25.07,0.0033895972986540336,8.947347097400813e-06,-0.42613980340712176,0.46484588109653413,0.11227851107774821,-0.0010320854688044613,13.837577835598053,2.097372977418088e-08,0.00023065026361681688,-2.128344381417867e-06,-0.14376148343464185,67.57076410458339,-0.0029137123379358878,6.811488033117325e-06,0.03847240907667428,23254,0.05040443660792038,0.0121,index_dividend_yield,0.065,13.24,65,23576.15,23592.85,23195.3,23398.1,mid_price,wide_quote_low_liquidity
2026-09-15T08:58:54.107358+00:00,2026-09-15T14:28:54.107358+05:30,NIFTY,29-Sep-2026,26600.0,PE,23208.95,3296.75,65,3376.65,65,0.0,3336.7,0,0,0,0,0,,,,,,,,,,,,,,,0.03847240907667428,,,,,,13.24,65,23576.15,23592.85,23195.3,23398.1,mid_price,no_price_available
2026-09-15T08:58:54.107358+00:00,2026-09-15T14:28:54.107358+05:30,NIFTY,29-Sep-2026,26650.0,CE,23208.95,1.4,195,3,325,0.0,2.2,14,0,0,0,21.05,0.0005215592811433633,1.928435924202054e-06,-0.06478287090040301,0.08412356735395492,0.029149088947065548,-0.00022525243628162758,4.350149638079989,6.628234389807767e-09,9.055412954971228e-05,-7.008500905781715e-07,-0.03662180636865542,92.47964877016051,-0.00044930398910112296,1.4625872134234765e-06,0.03847240907667428,23254,0.05040443660792038,0.0121,index_dividend_yield,0.065,13.24,65,23576.15,23592.85,23195.3,23398.1,mid_price,wide_quote_low_liquidity
2026-09-15T08:58:54.107358+00:00,2026-09-15T14:28:54.107358+05:30,NIFTY,29-Sep-2026,26650.0,PE,23208.95,3346.3,65,3427.05,65,0.0,3386.675,0,0,0,0,0,,,,,,,,,,,,,,,0.03847240907667428,,,,,,13.24,65,23576.15,23592.85,23195.3,23398.1,mid_price,no_price_available
2026-09-15T08:58:54.107358+00:00,2026-09-15T14:28:54.107358+05:30,NIFTY,29-Sep-2026,26700.0,CE,23208.95,1.55,455,1.8,65,1.8,1.675,41,2,26,-5.2631578947368425,25.9,0.0035405900831876748,9.006395897128672e-06,-0.45748361471156784,0.48340503025799164,0.11249143326525542,-0.0010673972987916502,13.789597881958827,2.0300374378518517e-08,0.00022213736801888288,-2.115795953119442e-06,-0.14806958907953865,65.18792250779332,-0.0030304425775709346,6.805178113304325e-06,0.03847240907667428,23254,0.05040443660792038,0.0121,index_dividend_yield,0.065,13.24,65,23576.15,23592.85,23195.3,23398.1,mid_price,ok
2026-09-15T08:58:54.107358+00:00,2026-09-15T14:28:54.107358+05:30,NIFTY,29-Sep-2026,26700.0,PE,23208.95,3395.6,65,3477.3,65,0.0,3436.45,0,0,0,0,0,,,,,,,,,,,,,,,0.03847240907667428,,,,,,13.24,65,23576.15,23592.85,23195.3,23398.1,mid_price,no_price_available
2026-09-15T08:58:54.107358+00:00,2026-09-15T14:28:54.107358+05:30,NIFTY,29-Sep-2026,26750.0,CE,23208.95,0.95,325,1.95,1300,1.5,1.45,109,-1,2,-21.05263157894737,26.4,0.003712446005012665,9.219751624487787e-06,-0.48639612504850654,0.5044098004960731,0.11453226103853419,-0.0011072890705155092,13.957191939388519,2.025056107754812e-08,0.00022018566474800094,-2.136854744485068e-06,-0.15290884116022302,63.70605016890061,-0.0031704478846836712,6.940370172198905e-06,0.03847240907667428,23254,0.05040443660792038,0.0121,index_dividend_yield,0.065,13.24,65,23576.15,23592.85,23195.3,23398.1,mid_price,wide_quote_low_liquidity
2026-09-15T08:58:54.107358+00:00,2026-09-15T14:28:54.107358+05:30,NIFTY,29-Sep-2026,26750.0,PE,23208.95,3445.8,65,3602.25,650,0.0,3524.025,1,0,0,0,18.46,,,,,,,,,,,,,,,0.03847240907667428,,,,,,13.24,65,23576.15,23592.85,23195.3,23398.1,mid_price,no_price_available
2026-09-15T08:58:54.107358+00:00,2026-09-15T14:28:54.107358+05:30,NIFTY,29-Sep-2026,26800.0,CE,23208.95,1.05,1300,1.65,130,1.05,1.35,35,-4,18,-30,25.78,0.0027204701623139925,7.1374103613955934e-06,-0.35900440501203,0.38131505099159524,0.09195785794354383,-0.0008680007031472521,11.635424590918014,1.670759008175993e-08,0.00019009955598390992,-1.800253639874573e-06,-0.12341830536905518,66.97644650421454,-0.002320766702039822,5.352812915483485e-06,0.03847240907667428,23254,0.05040443660792038,0.0121,index_dividend_yield,0.065,13.24,65,23576.15,23592.85,23195.3,23398.1,mid_price,wide_quote_low_liquidity
2026-09-15T08:58:54.107358+00:00,2026-09-15T14:28:54.107358+05:30,NIFTY,29-Sep-2026,26800.0,PE,23208.95,3254.5,2340,3577.75,65,0.0,3416.125,21,0,0,0,0,,,,,,,,,,,,,,,0.03847240907667428,,,,,,13.24,65,23576.15,23592.85,23195.3,23398.1,mid_price,no_price_available
2026-09-15T08:58:54.107358+00:00,2026-09-15T14:28:54.107358+05:30,NIFTY,29-Sep-2026,26850.0,CE,23208.95,0.9,8255,3.5,130,0.0,2.2,41,0,0,0,21.32,0.0003184745496227529,1.2047766276410944e-06,-0.04146544813107758,0.053229710213895956,0.018964629117421843,-0.00014829983761329346,2.9482751422818776,4.267516187495282e-09,6.107385334949262e-05,-4.78051175490252e-07,-0.024958506117503377,94.25012760240735,-0.0002723663324744984,9.001791291090086e-07,0.03847240907667428,23254,0.05040443660792038,0.0121,index_dividend_yield,0.065,13.24,65,23576.15,23592.85,23195.3,23398.1,mid_price,wide_quote_low_liquidity
2026-09-15T08:58:54.107358+00:00,2026-09-15T14:28:54.107358+05:30,NIFTY,29-Sep-2026,26850.0,PE,23208.95,3543.35,65,3627.95,65,0.0,3585.6499999999996,0,0,0,0,0,,,,,,,,,,,,,,,0.03847240907667428,,,,,,13.24,65,23576.15,23592.85,23195.3,23398.1,mid_price,no_price_available
2026-09-15T08:58:54.107358+00:00,2026-09-15T14:28:54.107358+05:30,NIFTY,29-Sep-2026,26900.0,CE,23208.95,1.1,1300,1.7,65,1.15,1.4,88,0,2,-17.857142857142858,26.63,0.0028843934376098818,7.28414130502076e-06,-0.3906788926712848,0.401985044906645,0.09327128066699075,-0.0009087437280908108,11.72072105540775,1.6371648321564802e-08,0.00018502682386059132,-1.8085903493092892e-06,-0.1285210602220831,64.55092623226913,-0.0024500622455763026,5.422315553534988e-06,0.03847240907667428,23254,0.05040443660792038,0.0121,index_dividend_yield,0.065,13.24,65,23576.15,23592.85,23195.3,23398.1,mid_price,wide_quote_low_liquidity
2026-09-15T08:58:54.107358+00:00,2026-09-15T14:28:54.107358+05:30,NIFTY,29-Sep-2026,26900.0,PE,23208.95,3592.7,65,3711.1,650,0.0,3651.8999999999996,1,0,0,0,0,,,,,,,,,,,,,,,0.03847240907667428,,,,,,13.24,65,23576.15,23592.85,23195.3,23398.1,mid_price,no_price_available
2026-09-15T08:58:54.107358+00:00,2026-09-15T14:28:54.107358+05:30,NIFTY,29-Sep-2026,26950.0,CE,23208.95,1.5,130,2.05,2600,1.25,1.775,38,-10,10,-32.432432432432435,27.16,0.003066318937852551,7.5466920003288714e-06,-0.42088824391959895,0.42476307785524936,0.0959801218237148,-0.0009533848060907708,11.973583483638528,1.6494658798571664e-08,0.00018494232404206315,-1.8431106106113608e-06,-0.1340719959230599,62.98247395971312,-0.002598742443275763,5.596932541220504e-06,0.03847240907667428,23254,0.05040443660792038,0.0121,index_dividend_yield,0.065,13.24,65,23576.15,23592.85,23195.3,23398.1,mid_price,wide_quote_low_liquidity
2026-09-15T08:58:54.107358+00:00,2026-09-15T14:28:54.107358+05:30,NIFTY,29-Sep-2026,26950.0,PE,23208.95,3642.25,65,3728.55,65,0.0,3685.4,0,0,0,0,0,,,,,,,,,,,,,,,0.03847240907667428,,,,,,13.24,65,23576.15,23592.85,23195.3,23398.1,mid_price,no_price_available
2026-09-15T08:58:54.107358+00:00,2026-09-15T14:28:54.107358+05:30,NIFTY,29-Sep-2026,27000.0,CE,23208.95,1.65,2990,1.75,3510,1.75,1.7,26063,240,2027,-2.7777777777777777,28.25,0.003835422585359227,8.871444787088966e-06,-0.5350539858929253,0.5193655916306164,0.10990989697740992,-0.0011350411356152645,13.339214923667297,1.8093518647903328e-08,0.00019644431097219853,-2.0359511954614294e-06,-0.1562580300178677,59.42448225172538,-0.0032414133463170266,6.555077210451107e-06,0.03847240907667428,23254,0.05040443660792038,0.0121,index_dividend_yield,0.065,13.24,65,23576.15,23592.85,23195.3,23398.1,mid_price,ok
2026-09-15T08:58:54.107358+00:00,2026-09-15T14:28:54.107358+05:30,NIFTY,29-Sep-2026,27000.0,PE,23208.95,3744.45,325,3751.65,130,3752.1,3748.05,23024.46153846154,-87,787,7.056037434375713,47.78,,,,,,,,,,,,,,,0.03847240907667428,,,,,,13.24,65,23576.15,23592.85,23195.3,23398.1,mid_price,no_price_available
2026-09-15T08:58:54.107358+00:00,2026-09-15T14:28:54.107358+05:30,NIFTY,29-Sep-2026,27050.0,CE,23208.95,0.9,6500,2.35,195,0.0,1.625,64,0,0,0,22,0.0002502637049775731,9.327970391891458e-07,-0.03414418809798566,0.04252753468895323,0.014965719563677852,-0.000120640233883603,2.3709506803412106,3.261777456577025e-09,4.776035072807294e-05,-3.8525365029319e-07,-0.02063397991536798,92.72376832550522,-0.0002124109536170635,6.86694558303375e-07,0.03847240907667428,23254,0.05040443660792038,0.0121,index_dividend_yield,0.065,13.24,65,23576.15,23592.85,23195.3,23398.1,mid_price,wide_quote_low_liquidity
2026-09-15T08:58:54.107358+00:00,2026-09-15T14:28:54.107358+05:30,NIFTY,29-Sep-2026,27050.0,PE,23208.95,3740.6,65,3828.85,65,0.0,3784.725,0,0,0,0,0,,,,,,,,,,,,,,,0.03847240907667428,,,,,,13.24,65,23576.15,23592.85,23195.3,23398.1,mid_price,no_price_available
2026-09-15T08:58:54.107358+00:00,2026-09-15T14:28:54.107358+05:30,NIFTY,29-Sep-2026,27100.0,CE,23208.95,0.95,910,1.75,65,1.4,1.35,211,-1,4,-12.5,28.4,0.0032817844521921525,7.672024894776762e-06,-0.4674114591219224,0.4515321841127959,0.09687658525256503,-0.0010052019956801848,11.986693968711492,1.5877600683159303e-08,0.00017664930789554797,-1.8388779454745022e-06,-0.14046451870995547,59.92426892166089,-0.002763679733343488,5.6270711624451235e-06,0.03847240907667428,23254,0.05040443660792038,0.0121,index_dividend_yield,0.065,13.24,65,23576.15,23592.85,23195.3,23398.1,mid_price,wide_quote_low_liquidity
2026-09-15T08:58:54.107358+00:00,2026-09-15T14:28:54.107358+05:30,NIFTY,29-Sep-2026,27100.0,PE,23208.95,3790.05,65,3879.25,65,0.0,3834.65,0,0,0,0,0,,,,,,,,,,,,,,,0.03847240907667428,,,,,,13.24,65,23576.15,23592.85,23195.3,23398.1,mid_price,no_price_available
2026-09-15T08:58:54.107358+00:00,2026-09-15T14:28:54.107358+05:30,NIFTY,29-Sep-2026,27150.0,CE,23208.95,0.95,910,2.3,65,0.0,1.625,122,0,0,0,25.85,0.0012311829554958892,3.461947187365793e-06,-0.17476824361254248,0.18545619859091186,0.04851976353477134,-0.00045843562828441786,6.687445814089671,8.835921238434123e-09,0.00011143917930600212,-1.0550225552440283e-06,-0.06980181625283713,71.09129810984513,-0.0010376619989335533,2.529832434726059e-06,0.03847240907667428,23254,0.05040443660792038,0.0121,index_dividend_yield,0.065,13.24,65,23576.15,23592.85,23195.3,23398.1,mid_price,wide_quote_low_liquidity
2026-09-15T08:58:54.107358+00:00,2026-09-15T14:28:54.107358+05:30,NIFTY,29-Sep-2026,27150.0,PE,23208.95,3839.2,65,3929.3,65,0.0,3884.25,0,0,0,0,0,,,,,,,,,,,,,,,0.03847240907667428,,,,,,13.24,65,23576.15,23592.85,23195.3,23398.1,mid_price,no_price_available
2026-09-15T08:58:54.107358+00:00,2026-09-15T14:28:54.107358+05:30,NIFTY,29-Sep-2026,27200.0,CE,23208.95,1.55,455,1.7,715,1.55,1.625,707,80,126,-3.125,29.32,0.0035173585857763597,7.908965440313697e-06,-0.5132698665122242,0.48055600832491874,0.09910442351467084,-0.001060940840084065,12.158527472031222,1.5699016868447415e-08,0.00017312663282893198,-1.8593935485352853e-06,-0.1472826981857729,57.726178915827994,-0.002949266066680073,5.758281016558173e-06,0.03847240907667428,23254,0.05040443660792038,0.0121,index_dividend_yield,0.065,13.24,65,23576.15,23592.85,23195.3,23398.1,mid_price,ok
2026-09-15T08:58:54.107358+00:00,2026-09-15T14:28:54.107358+05:30,NIFTY,29-Sep-2026,27200.0,PE,23208.95,3889,65,3979.9,65,0.0,3934.45,0,0,0,0,0,,,,,,,,,,,,,,,0.03847240907667428,,,,,,13.24,65,23576.15,23592.85,23195.3,23398.1,mid_price,no_price_available
2026-09-15T08:58:54.107358+00:00,2026-09-15T14:28:54.107358+05:30,NIFTY,29-Sep-2026,28500.0,CE,23208.95,0.6,1560,0.65,26390,0.65,0.625,8012,-59,529,0,34.25,0.001380145329243268,2.9004751306535094e-06,-0.2555961665214929,0.20586858982491602,0.040408875284835735,-0.0005027338106166359,5.505802460870221,5.468406836309103e-09,6.910106426909744e-05,-8.608489936008081e-07,-0.07584077510595016,53.43128655053401,-0.0011028852687452557,1.9234921218473514e-06,0.03847240907667428,23254,0.05040443660792038,0.0121,index_dividend_yield,0.065,13.24,65,23576.15,23592.85,23195.3,23398.1,mid_price,ok
2026-09-15T08:58:54.107358+00:00,2026-09-15T14:28:54.107358+05:30,NIFTY,29-Sep-2026,28500.0,PE,23208.95,5226.95,65,5262.15,65,5155,5244.549999999999,6518,-41,200,3.057746324007157,0,,,,,,,,,,,,,,,0.03847240907667428,,,,,,13.24,65,23576.15,23592.85,23195.3,23398.1,mid_price,no_price_available
2026-09-15T08:58:54.107358+00:00,2026-09-15T14:28:54.107358+05:30,NIFTY,29-Sep-2026,30000.0,CE,23208.95,0.6,455,0.7,1430,0.7,0.6499999999999999,4182,-35,118,0,42.06,0.0011621797301481164,2.018278180528108e-06,-0.2672564160820418,0.1759181548559502,0.028737247421062945,-0.00043739396319564814,3.983659720969895,3.1327861451598216e-09,4.090464969158539e-05,-6.230207311007886e-07,-0.06690807532913312,44.24212913485602,-0.0008787768044212924,1.2079515112437626e-06,0.03847240907667428,23254,0.05040443660792038,0.0121,index_dividend_yield,0.065,13.24,65,23576.15,23592.85,23195.3,23398.1,mid_price,wide_quote_low_liquidity
2026-09-15T08:58:54.107358+00:00,2026-09-15T14:28:54.107358+05:30,NIFTY,29-Sep-2026,30000.0,PE,23208.95,6709.9,650,6756.2,65,6655,6733.049999999999,2143,-30,64,2.258758451137062,0,,,,,,,,,,,,,,,0.03847240907667428,,,,,,13.24,65,23576.15,23592.85,23195.3,23398.1,mid_price,no_price_available
2026-09-15T08:58:54.107358+00:00,2026-09-15T14:28:54.107358+05:30,NIFTY,29-Sep-2026,31500.0,CE,23208.95,0.55,130,1.2,650,0.8,0.875,259,0,4,14.285714285714286,47.27,0.0006271274467104377,1.0182776841347714e-06,-0.16993684803018852,0.0997498373572051,0.015384960346800524,-0.0002626854632700815,2.259440709116836,1.4870924511511567e-09,2.0910603378791238e-05,-3.5701653897662856e-07,-0.04213907446775082,41.203489859844794,-0.00045084836559041363,5.527848149478003e-07,0.03847240907667428,23254,0.05040443660792038,0.0121,index_dividend_yield,0.065,13.24,65,23576.15,23592.85,23195.3,23398.1,mid_price,wide_quote_low_liquidity
2026-09-15T08:58:54.107358+00:00,2026-09-15T14:28:54.107358+05:30,NIFTY,29-Sep-2026,31500.0,PE,23208.95,7493.45,1690,8638.3,1690,0.0,8065.875,0,0,0,0,0,,,,,,,,,,,,,,,0.03847240907667428,,,,,,13.24,65,23576.15,23592.85,23195.3,23398.1,mid_price,no_price_available
2026-09-15T08:58:54.107358+00:00,2026-09-15T14:28:54.107358+05:30,NIFTY,29-Sep-2026,33000.0,CE,23208.95,0.5,3640,1.9,260,0.5,1.2,534,-2,13,0,55.09,0.00072484227671509,9.986041680567497e-07,-0.2259813615219741,0.11400568662073068,0.014967822824491276,-0.00029727574767125916,2.1697901929708108,1.227430491114659e-09,1.7192876622772837e-05,-3.41416617338384e-07,-0.047163087271831265,35.145275208370926,-0.0004952776585257906,4.939425966432199e-07,0.03847240907667428,23254,0.05040443660792038,0.0121,index_dividend_yield,0.065,13.24,65,23576.15,23592.85,23195.3,23398.1,mid_price,wide_quote_low_liquidity
2026-09-15T08:58:54.107358+00:00,2026-09-15T14:28:54.107358+05:30,NIFTY,29-Sep-2026,33000.0,PE,23208.95,8834.85,1690,10226.2,1690,0.0,9530.525000000001,0,0,0,0,0,,,,,,,,,,,,,,,0.03847240907667428,,,,,,13.24,65,23576.15,23592.85,23195.3,23398.1,mid_price,no_price_available
2026-09-15T08:58:54.107358+00:00,2026-09-15T14:28:54.107358+05:30,NIFTY,29-Sep-2026,34500.0,CE,23208.95,0.35,1755,2.5,520,0.0,1.425,151,0,0,0,52.03,6.848223321226837e-05,1.1704308648197069e-07,-0.023603568902433425,0.012620017567948907,0.0020864089630158434,-3.923190699705098e-05,0.36219593799682437,1.841160959942618e-10,3.1341343592581354e-06,-5.884022566714563e-08,-0.007263001471405019,42.718449901437424,-4.499113922573164e-05,5.2968608188577185e-08,0.03847240907667428,23254,0.05040443660792038,0.0121,index_dividend_yield,0.065,13.24,65,23576.15,23592.85,23195.3,23398.1,mid_price,wide_quote_low_liquidity
2026-09-15T08:58:54.107358+00:00,2026-09-15T14:28:54.107358+05:30,NIFTY,29-Sep-2026,34500.0,PE,23208.95,10087.75,1690,11815.1,1690,0.0,10951.425,0,0,0,0,0,,,,,,,,,,,,,,,0.03847240907667428,,,,,,13.24,65,23576.15,23592.85,23195.3,23398.1,mid_price,no_price_available
