fetch_ts_utc,fetch_ts_ist,symbol,expiry_date,strike,option_type,underlying_value,bid_price,bid_qty,ask_price,ask_qty,ltp,mid_price,open_interest,change_in_oi,total_traded_volume,pchange_vs_prev_close,nse_iv,delta,gamma,theta,vega,vanna,charm,vomma,speed,zomma,color,veta,omega,dual_delta,dual_gamma,time_to_expiry_years,futures_price,implied_cost_of_carry,dividend_yield_used,dividend_yield_source,risk_free_rate_used,india_vix,lot_size,underlying_day_open,underlying_day_high,underlying_day_low,underlying_prev_close,price_source_for_iv,data_quality_flag
2026-09-30T10:00:35.654252+00:00,2026-09-30T15:30:35.654252+05:30,NIFTY,27-Oct-2026,20500.0,CE,22620.45,2208.65,65,2218.5,65,2203.55,2213.575,83,67,74,-6.1979865057574015,0,,,,,,,,,,,,,,,0.07397147215081176,22714,0.055793266784558856,0.0125,index_dividend_yield,0.065,13.46,65,22665,22809.35,22595.2,22716.2,mid_price,no_nse_iv
2026-09-30T10:00:35.654252+00:00,2026-09-30T15:30:35.654252+05:30,NIFTY,27-Oct-2026,20500.0,PE,22620.45,15.35,455,15.45,260,15.35,15.399999999999999,8291,5051,15776,16.730038022813687,21.07,-0.03480306750047866,5.9323928511454566e-05,-1.7295491020610623,4.731089687427976,-0.6411517784869931,0.0023073757327797956,71.55537577309401,-8.572199284722811e-08,0.000615700494065104,-2.1305068726973602e-06,-0.34509099995199755,-43.216843557743196,0.039291589319149695,7.223117195956221e-05,0.07397147215081176,22714,0.055793266784558856,0.0125,index_dividend_yield,0.065,13.46,65,22665,22809.35,22595.2,22716.2,mid_price,ok
2026-09-30T10:00:35.654252+00:00,2026-09-30T15:30:35.654252+05:30,NIFTY,27-Oct-2026,20550.0,CE,22620.45,2117.05,650,2192.55,65,0.0,2154.8,0,0,0,0,0,,,,,,,,,,,,,,,0.07397147215081176,22714,0.055793266784558856,0.0125,index_dividend_yield,0.065,13.46,65,22665,22809.35,22595.2,22716.2,mid_price,no_nse_iv
2026-09-30T10:00:35.654252+00:00,2026-09-30T15:30:35.654252+05:30,NIFTY,27-Oct-2026,20550.0,PE,22620.45,14.5,65,16.8,325,15.9,15.65,188,116,463,2.2508038585209005,20.79,-0.03632279300818412,6.226669054990508e-05,-1.7649043091390733,4.899784907774435,-0.6658092471424071,0.0023594447986182085,73.51191038442283,-9.019529033090626e-08,0.0006347030425847008,-2.157526171992424e-06,-0.35120578689324505,-43.535484755983866,0.04090076670880967,7.544572077621627e-05,0.07397147215081176,22714,0.055793266784558856,0.0125,index_dividend_yield,0.065,13.46,65,22665,22809.35,22595.2,22716.2,mid_price,ok
2026-09-30T10:00:35.654252+00:00,2026-09-30T15:30:35.654252+05:30,NIFTY,27-Oct-2026,20600.0,CE,22620.45,2068.9,650,2142.85,65,0.0,2105.875,0,0,0,0,0,,,,,,,,,,,,,,,0.07397147215081176,22714,0.055793266784558856,0.0125,index_dividend_yield,0.065,13.46,65,22665,22809.35,22595.2,22716.2,mid_price,no_nse_iv
2026-09-30T10:00:35.654252+00:00,2026-09-30T15:30:35.654252+05:30,NIFTY,27-Oct-2026,20600.0,PE,22620.45,16.65,130,16.8,325,16.5,16.725,318,111,1180,9.634551495016611,20.53,-0.038068907042103764,6.552129009513213e-05,-1.8083444903595962,5.091410711499483,-0.6922262121508115,0.0024171825062087107,75.51277087757535,-9.49490820390912e-08,0.0006526387209838585,-2.18005756436828e-06,-0.3579291125743804,-43.78986653924175,0.042757329751564065,7.90042545938438e-05,0.07397147215081176,22714,0.055793266784558856,0.0125,index_dividend_yield,0.065,13.46,65,22665,22809.35,22595.2,22716.2,mid_price,ok
2026-09-30T10:00:35.654252+00:00,2026-09-30T15:30:35.654252+05:30,NIFTY,27-Oct-2026,20650.0,CE,22620.45,2020.85,650,2093.2,65,0.0,2057.0249999999996,0,0,0,0,0,,,,,,,,,,,,,,,0.07397147215081176,22714,0.055793266784558856,0.0125,index_dividend_yield,0.065,13.46,65,22665,22809.35,22595.2,22716.2,mid_price,no_nse_iv
2026-09-30T10:00:35.654252+00:00,2026-09-30T15:30:35.654252+05:30,NIFTY,27-Oct-2026,20650.0,PE,22620.45,16.5,845,18.55,325,16.95,17.525,128,36,214,9.003215434083602,20.25,-0.039776474735614895,6.884358425098446e-05,-1.845710102505096,5.276613002902194,-0.7190647232144104,0.0024710770043799707,77.54398416115559,-9.997066329632999e-08,0.0006717590675431157,-2.2019550782653366e-06,-0.3641550052884641,-44.11382601624433,0.04455971546320129,8.260871028442079e-05,0.07397147215081176,22714,0.055793266784558856,0.0125,index_dividend_yield,0.065,13.46,65,22665,22809.35,22595.2,22716.2,mid_price,ok
2026-09-30T10:00:35.654252+00:00,2026-09-30T15:30:35.654252+05:30,NIFTY,27-Oct-2026,20700.0,CE,22620.45,1972.6,650,2043.5,65,0.0,2008.05,0,0,0,0,0,,,,,,,,,,,,,,,0.07397147215081176,22714,0.055793266784558856,0.0125,index_dividend_yield,0.065,13.46,65,22665,22809.35,22595.2,22716.2,mid_price,no_nse_iv
2026-09-30T10:00:35.654252+00:00,2026-09-30T15:30:35.654252+05:30,NIFTY,27-Oct-2026,20700.0,PE,22620.45,18.05,65,18.15,325,18.05,18.1,1131,657,1698,12.461059190031152,20.02,-0.04195970856751585,7.271931872834883e-05,-1.902609604533766,5.5103681758756045,-0.7486836681817877,0.002537588577005166,79.59094265506295,-1.0529041165012527e-07,0.0006871322957127779,-2.2134568661373973e-06,-0.37176561821593695,-44.26643183724376,0.04688836658302653,8.683835566796356e-05,0.07397147215081176,22714,0.055793266784558856,0.0125,index_dividend_yield,0.065,13.46,65,22665,22809.35,22595.2,22716.2,mid_price,ok
2026-09-30T10:00:35.654252+00:00,2026-09-30T15:30:35.654252+05:30,NIFTY,27-Oct-2026,20750.0,CE,22620.45,1924.85,650,1994.05,65,0.0,1959.4499999999998,0,0,0,0,0,,,,,,,,,,,,,,,0.07397147215081176,22714,0.055793266784558856,0.0125,index_dividend_yield,0.065,13.46,65,22665,22809.35,22595.2,22716.2,mid_price,no_nse_iv
2026-09-30T10:00:35.654252+00:00,2026-09-30T15:30:35.654252+05:30,NIFTY,27-Oct-2026,20750.0,PE,22620.45,18.85,325,19.4,780,19.3,19.125,126,87,373,12.209302325581396,19.79,-0.044282268679963745,7.683633452036579e-05,-1.9612034870540072,5.755448543010155,-0.7793738520888716,0.0026047143922722157,81.63716376985386,-1.1088848200980948e-07,0.0007016339154079713,-2.219570112556231e-06,-0.3793720957316821,-44.41675019199394,0.04936080993532391,9.131306430592487e-05,0.07397147215081176,22714,0.055793266784558856,0.0125,index_dividend_yield,0.065,13.46,65,22665,22809.35,22595.2,22716.2,mid_price,ok
2026-09-30T10:00:35.654252+00:00,2026-09-30T15:30:35.654252+05:30,NIFTY,27-Oct-2026,20800.0,CE,22620.45,1876.7,650,1944.35,65,0.0,1910.525,0,0,0,0,0,,,,,,,,,,,,,,,0.07397147215081176,22714,0.055793266784558856,0.0125,index_dividend_yield,0.065,13.46,65,22665,22809.35,22595.2,22716.2,mid_price,no_nse_iv
2026-09-30T10:00:35.654252+00:00,2026-09-30T15:30:35.654252+05:30,NIFTY,27-Oct-2026,20800.0,PE,22620.45,19.75,65,19.9,195,19.8,19.825,3351,538,4170,14.121037463976945,19.56,-0.04675424362109078,8.121052108215898e-05,-2.021511221644696,6.012400332494797,-0.8111401744678483,0.0026722833102394983,83.67467139346196,-1.1677581776058343e-07,0.0007150442116540139,-2.219575434166639e-06,-0.38695549862523576,-44.564520850294656,0.05198720955724274,9.604795174607888e-05,0.07397147215081176,22714,0.055793266784558856,0.0125,index_dividend_yield,0.065,13.46,65,22665,22809.35,22595.2,22716.2,mid_price,ok
2026-09-30T10:00:35.654252+00:00,2026-09-30T15:30:35.654252+05:30,NIFTY,27-Oct-2026,20850.0,CE,22620.45,1829.2,650,1895.15,65,0.0,1862.1750000000002,0,0,0,0,0,,,,,,,,,,,,,,,0.07397147215081176,22714,0.055793266784558856,0.0125,index_dividend_yield,0.065,13.46,65,22665,22809.35,22595.2,22716.2,mid_price,no_nse_iv
2026-09-30T10:00:35.654252+00:00,2026-09-30T15:30:35.654252+05:30,NIFTY,27-Oct-2026,20850.0,PE,22620.45,20.75,390,21.3,325,21.3,21.025,117,36,356,14.824797843665769,19.31,-0.04921777017110252,8.57131520755298e-05,-2.075661383180546,6.264645245651793,-0.8434507412317799,0.0027355534232863035,85.72646597722277,-1.22998130333718e-07,0.0007290588660819233,-2.216820228142751e-06,-0.3939949663684956,-44.78155694206685,0.054589420523917166,0.00010088760874935522,0.07397147215081176,22714,0.055793266784558856,0.0125,index_dividend_yield,0.065,13.46,65,22665,22809.35,22595.2,22716.2,mid_price,ok
2026-09-30T10:00:35.654252+00:00,2026-09-30T15:30:35.654252+05:30,NIFTY,27-Oct-2026,20900.0,CE,22620.45,1781.5,650,1866.85,65,0.0,1824.175,1,0,0,0,24.4,0.8995478170224276,0.0001164770942801931,-7.454050267741985,10.757146835378215,-0.8723462420442973,0.003593805868361777,68.89630795945934,-1.0465180573422286e-07,0.000268649343900215,-8.864466871392676e-07,-0.4802259421287367,10.86703449410879,-0.8840051783184287,0.00013644274129001257,0.07397147215081176,22714,0.055793266784558856,0.0125,index_dividend_yield,0.065,13.46,65,22665,22809.35,22595.2,22716.2,mid_price,ok
2026-09-30T10:00:35.654252+00:00,2026-09-30T15:30:35.654252+05:30,NIFTY,27-Oct-2026,20900.0,PE,22620.45,22.05,325,22.25,520,22,22.15,896,192,2265,11.6751269035533,19.12,-0.05236646424054408,9.094631254929189e-05,-2.155361949313924,6.581724896259556,-0.878360224515047,0.0028123680141708476,87.64471208881952,-1.2941034159046848e-07,0.0007354421580067267,-2.1934492982325816e-06,-0.4024516840122834,-44.77857898198582,0.05794289711042874,0.00010653566069044533,0.07397147215081176,22714,0.055793266784558856,0.0125,index_dividend_yield,0.065,13.46,65,22665,22809.35,22595.2,22716.2,mid_price,ok
2026-09-30T10:00:35.654252+00:00,2026-09-30T15:30:35.654252+05:30,NIFTY,27-Oct-2026,20950.0,CE,22620.45,1734.05,650,1817,65,0.0,1775.525,0,0,0,0,0,,,,,,,,,,,,,,,0.07397147215081176,22714,0.055793266784558856,0.0125,index_dividend_yield,0.065,13.46,65,22665,22809.35,22595.2,22716.2,mid_price,no_nse_iv
2026-09-30T10:00:35.654252+00:00,2026-09-30T15:30:35.654252+05:30,NIFTY,27-Oct-2026,20950.0,PE,22620.45,22.85,1300,23.6,910,23.4,23.225,140,62,264,14.146341463414634,18.81,-0.05463253618296983,9.560057365784295e-05,-2.1883028593715874,6.8063775603832735,-0.9115570940624491,0.00286237555468593,89.78918250420298,-1.3646729888209905e-07,0.0007529422312703649,-2.1897104645495933e-06,-0.4079314447995488,-45.21153219576615,0.06029339211781953,0.00011145381130463756,0.07397147215081176,22714,0.055793266784558856,0.0125,index_dividend_yield,0.065,13.46,65,22665,22809.35,22595.2,22716.2,mid_price,ok
2026-09-30T10:00:35.654252+00:00,2026-09-30T15:30:35.654252+05:30,NIFTY,27-Oct-2026,21000.0,CE,22620.45,1731,65,1735.5,65,1735.6,1733.25,4065,424,1013,-7.387743123182412,0,,,,,,,,,,,,,,,0.07397147215081176,22714,0.055793266784558856,0.0125,index_dividend_yield,0.065,13.46,65,22665,22809.35,22595.2,22716.2,mid_price,no_nse_iv
2026-09-30T10:00:35.654252+00:00,2026-09-30T15:30:35.654252+05:30,NIFTY,27-Oct-2026,21000.0,PE,22620.45,24.6,325,24.75,650,24.65,24.675,18136,697,29033,8.114035087719298,18.65,-0.058462192606269434,0.00010170782746299395,-2.28421990654024,7.179595163862433,-0.9489782447363281,0.0029446310245441407,91.50793355105647,-1.4337744575362075e-07,0.0007510057666649098,-2.138841368437322e-06,-0.4168362053117045,-45.087040333874796,0.06437009296434101,0.00011800985284059785,0.07397147215081176,22714,0.055793266784558856,0.0125,index_dividend_yield,0.065,13.46,65,22665,22809.35,22595.2,22716.2,mid_price,ok
2026-09-30T10:00:35.654252+00:00,2026-09-30T15:30:35.654252+05:30,NIFTY,27-Oct-2026,21050.0,CE,22620.45,1658.4,65,1718.65,65,0.0,1688.525,0,0,0,0,0,,,,,,,,,,,,,,,0.07397147215081176,22714,0.055793266784558856,0.0125,index_dividend_yield,0.065,13.46,65,22665,22809.35,22595.2,22716.2,mid_price,no_nse_iv
2026-09-30T10:00:35.654252+00:00,2026-09-30T15:30:35.654252+05:30,NIFTY,27-Oct-2026,21050.0,PE,22620.45,25.6,65,26.1,520,25.55,25.85,86,37,287,15.610859728506787,18.49,-0.06255693339965261,0.00010816777057148171,-2.3829550180792602,7.570098533164898,-0.9868081179491457,0.003024913441667283,93.08176369493326,-1.5048423202507663e-07,0.0007450575804810602,-2.073735296131469e-06,-0.4254467084057776,-44.95530951896306,0.06871938981204599,0.00012490969816277752,0.07397147215081176,22714,0.055793266784558856,0.0125,index_dividend_yield,0.065,13.46,65,22665,22809.35,22595.2,22716.2,mid_price,ok
2026-09-30T10:00:35.654252+00:00,2026-09-30T15:30:35.654252+05:30,NIFTY,27-Oct-2026,21100.0,CE,22620.45,1458.6,65,1668.4,65,0.0,1563.5,1,0,0,0,22.19,0.8930584186130419,0.00013409287460367373,-7.2360104505312695,11.26236882822543,-0.9793190988470757,0.00361887422255569,75.16000289591318,-1.2828313614764375e-07,0.00029060132412010796,-7.915630420538032e-07,-0.4835564667633623,12.082791199392997,-0.8781739182197911,0.0001541144181807663,0.07397147215081176,22714,0.055793266784558856,0.0125,index_dividend_yield,0.065,13.46,65,22665,22809.35,22595.2,22716.2,mid_price,ok
2026-09-30T10:00:35.654252+00:00,2026-09-30T15:30:35.654252+05:30,NIFTY,27-Oct-2026,21100.0,PE,22620.45,27.2,650,27.45,260,27.15,27.325,640,177,1402,11.728395061728396,18.13,-0.06488588366038492,0.00011349732669320966,-2.3980847654421606,7.7884346273655884,-1.0230841274293523,0.0030635176753453647,95.32915658687324,-1.5901455325747456e-07,0.0007632088687616615,-2.0577736895074504e-06,-0.42961195143363007,-45.57155740657691,0.07108793506523724,0.0001304437280511335,0.07397147215081176,22714,0.055793266784558856,0.0125,index_dividend_yield,0.065,13.46,65,22665,22809.35,22595.2,22716.2,mid_price,ok
2026-09-30T10:00:35.654252+00:00,2026-09-30T15:30:35.654252+05:30,NIFTY,27-Oct-2026,21150.0,CE,22620.45,1562.95,65,1619.45,65,0.0,1591.2,0,0,0,0,0,,,,,,,,,,,,,,,0.07397147215081176,22714,0.055793266784558856,0.0125,index_dividend_yield,0.065,13.46,65,22665,22809.35,22595.2,22716.2,mid_price,no_nse_iv
2026-09-30T10:00:35.654252+00:00,2026-09-30T15:30:35.654252+05:30,NIFTY,27-Oct-2026,21150.0,PE,22620.45,28.65,780,29.25,1040,28.55,28.95,191,60,340,12.180746561886052,17.91,-0.0688486409961674,0.00012028292079657462,-2.4743414513095128,8.153917139731705,-1.0620592557180273,0.0031289166318271278,96.96224818899867,-1.6715587399226769e-07,0.000758790154375498,-1.9861807660663994e-06,-0.43658128405352503,-45.65581115783944,0.07524816643834557,0.00013758962995084252,0.07397147215081176,22714,0.055793266784558856,0.0125,index_dividend_yield,0.065,13.46,65,22665,22809.35,22595.2,22716.2,mid_price,ok
2026-09-30T10:00:35.654252+00:00,2026-09-30T15:30:35.654252+05:30,NIFTY,27-Oct-2026,21200.0,CE,22620.45,1211.85,650,1569.8,65,0.0,1390.8249999999998,1,0,0,0,21.15,,,,,,,,,,,,,,,0.07397147215081176,,,,,,13.46,65,22665,22809.35,22595.2,22716.2,mid_price,no_price_available
2026-09-30T10:00:35.654252+00:00,2026-09-30T15:30:35.654252+05:30,NIFTY,27-Oct-2026,21200.0,PE,22620.45,30.8,130,30.95,325,30.8,30.875,3888,2631,9021,14.074074074074074,17.78,-0.07407531911859216,0.00012816044355476856,-2.592273086294045,8.624868872086818,-1.101670453282251,0.003207994472836914,97.98049776233775,-1.748351514864272e-07,0.0007351656271118237,-1.8658751639175823e-06,-0.4449503912087778,-45.384748013036635,0.0807800622732622,0.00014590990025686835,0.07397147215081176,22714,0.055793266784558856,0.0125,index_dividend_yield,0.065,13.46,65,22665,22809.35,22595.2,22716.2,mid_price,ok
2026-09-30T10:00:35.654252+00:00,2026-09-30T15:30:35.654252+05:30,NIFTY,27-Oct-2026,21250.0,CE,22620.45,1468.1,650,1520.8,65,0.0,1494.4499999999998,0,0,0,0,0,,,,,,,,,,,,,,,0.07397147215081176,22714,0.055793266784558856,0.0125,index_dividend_yield,0.065,13.46,65,22665,22809.35,22595.2,22716.2,mid_price,no_nse_iv
2026-09-30T10:00:35.654252+00:00,2026-09-30T15:30:35.654252+05:30,NIFTY,27-Oct-2026,21250.0,PE,22620.45,32.1,1170,33.15,1300,32.85,32.625,206,83,487,18.37837837837838,17.56,-0.07863896868698277,0.0001358050587475064,-2.6724153387812972,9.026246755326929,-1.1413031213785008,0.00326699065719778,99.27148388531126,-1.8347475098322823e-07,0.0007202683457884542,-1.7600667065869333e-06,-0.45123040237077383,-45.45301308374912,0.08555222839987964,0.0001538865132686929,0.07397147215081176,22714,0.055793266784558856,0.0125,index_dividend_yield,0.065,13.46,65,22665,22809.35,22595.2,22716.2,mid_price,ok
2026-09-30T10:00:35.654252+00:00,2026-09-30T15:30:35.654252+05:30,NIFTY,27-Oct-2026,21300.0,CE,22620.45,1208.7,650,1472.3,65,0.0,1340.5,1,0,0,0,17.96,0.9082650999251652,0.0001479140588005738,-6.041339945266048,10.055010519464055,-1.1706261720578204,0.0034435185854907453,96.16678650987342,-1.849671369797134e-07,0.0005911313906794728,-1.3801833682614017e-06,-0.4661757462151961,14.176393642704559,-0.8965304827077494,0.00016682177128021772,0.07397147215081176,22714,0.055793266784558856,0.0125,index_dividend_yield,0.065,13.46,65,22665,22809.35,22595.2,22716.2,mid_price,wide_quote_low_liquidity
2026-09-30T10:00:35.654252+00:00,2026-09-30T15:30:35.654252+05:30,NIFTY,27-Oct-2026,21300.0,PE,22620.45,35,390,35.15,260,35.05,35.075,4513,2473,6682,15.296052631578947,17.35,-0.08363539412836449,0.00014398811553716813,-2.7585951410063583,9.455682247121905,-1.1811117268868825,0.003323744429294576,100.31682558866261,-1.9228178318897385e-07,0.0006977425874879305,-1.6317564747837861e-06,-0.4573111191376747,-45.474978223243326,0.09077336598435215,0.00016239397844931453,0.07397147215081176,22714,0.055793266784558856,0.0125,index_dividend_yield,0.065,13.46,65,22665,22809.35,22595.2,22716.2,mid_price,ok
2026-09-30T10:00:35.654252+00:00,2026-09-30T15:30:35.654252+05:30,NIFTY,27-Oct-2026,21350.0,CE,22620.45,1374.05,650,1422.65,65,0.0,1398.35,0,0,0,0,0,,,,,,,,,,,,,,,0.07397147215081176,22714,0.055793266784558856,0.0125,index_dividend_yield,0.065,13.46,65,22665,22809.35,22595.2,22716.2,mid_price,no_nse_iv
2026-09-30T10:00:35.654252+00:00,2026-09-30T15:30:35.654252+05:30,NIFTY,27-Oct-2026,21350.0,PE,22620.45,37,910,37.4,130,36.6,37.2,4978,-216,2436,11.585365853658537,17.17,-0.08934381389158143,0.000152859203139342,-2.8601009970760862,9.934102323071228,-1.2202727357231018,0.003379865008727251,100.92323315904127,-2.009135188168852e-07,0.0006627244908462911,-1.4698449057277746e-06,-0.463397584508419,-45.37076502344971,0.09674666591156884,0.0001715925045327535,0.07397147215081176,22714,0.055793266784558856,0.0125,index_dividend_yield,0.065,13.46,65,22665,22809.35,22595.2,22716.2,mid_price,ok
2026-09-30T10:00:35.654252+00:00,2026-09-30T15:30:35.654252+05:30,NIFTY,27-Oct-2026,21400.0,CE,22620.45,1041.6,1690,1356.4,130,1440,1199.0,26,-1,1,-4,19.33,,,,,,,,,,,,,,,0.07397147215081176,,,,,,13.46,65,22665,22809.35,22595.2,22716.2,mid_price,no_price_available
2026-09-30T10:00:35.654252+00:00,2026-09-30T15:30:35.654252+05:30,NIFTY,27-Oct-2026,21400.0,PE,22620.45,39.65,325,39.9,260,39.7,39.775,5502,1533,6883,14.739884393063583,17,-0.09557205708942894,0.00016228017499918333,-2.967857182709651,10.441938507282803,-1.258391460795226,0.0034306198776020425,101.16391974307426,-2.0947797434688326e-07,0.000617676881802315,-1.2801069083330583e-06,-0.46905373374064396,-45.21756263539585,0.1032567116970151,0.0001813177834429131,0.07397147215081176,22714,0.055793266784558856,0.0125,index_dividend_yield,0.065,13.46,65,22665,22809.35,22595.2,22716.2,mid_price,ok
2026-09-30T10:00:35.654252+00:00,2026-09-30T15:30:35.654252+05:30,NIFTY,27-Oct-2026,21450.0,CE,22620.45,1280.6,195,1319,195,0.0,1299.8,0,0,0,0,0,,,,,,,,,,,,,,,0.07397147215081176,22714,0.055793266784558856,0.0125,index_dividend_yield,0.065,13.46,65,22665,22809.35,22595.2,22716.2,mid_price,no_nse_iv
2026-09-30T10:00:35.654252+00:00,2026-09-30T15:30:35.654252+05:30,NIFTY,27-Oct-2026,21450.0,PE,22620.45,41.8,195,42.55,130,43.35,42.175,305,-33,369,18.930041152263374,16.77,-0.10144953687462514,0.00017185244668409174,-3.0485706876307215,10.90826110345222,-1.2974675837953142,0.0034670591960359316,101.6013858427227,-2.1908519462312037e-07,0.0005759629851581546,-1.0937898496276221e-06,-0.47338635252632955,-45.290486514367764,0.10934747825491718,0.00019111888683077683,0.07397147215081176,22714,0.055793266784558856,0.0125,index_dividend_yield,0.065,13.46,65,22665,22809.35,22595.2,22716.2,mid_price,ok
2026-09-30T10:00:35.654252+00:00,2026-09-30T15:30:35.654252+05:30,NIFTY,27-Oct-2026,21500.0,CE,22620.45,1249.75,65,1254.85,65,1249.35,1252.3,6037,-122,1422,-10.999109528049866,0,,,,,,,,,,,,,,,0.07397147215081176,22714,0.055793266784558856,0.0125,index_dividend_yield,0.065,13.46,65,22665,22809.35,22595.2,22716.2,mid_price,no_nse_iv
2026-09-30T10:00:35.654252+00:00,2026-09-30T15:30:35.654252+05:30,NIFTY,27-Oct-2026,21500.0,PE,22620.45,44.7,260,44.85,195,44.9,44.775000000000006,32272,3391,31075,16.623376623376622,16.54,-0.10773637041251663,0.00018199791311440173,-3.1298298041890704,11.393801681912617,-1.3359283494820962,0.0034964059246931356,101.76228664402397,-2.2888195885215676e-07,0.0005252054870182016,-8.827358728030776e-07,-0.47720703889742033,-45.354695200052035,0.11585014928869525,0.00020146145627972364,0.07397147215081176,22714,0.055793266784558856,0.0125,index_dividend_yield,0.065,13.46,65,22665,22809.35,22595.2,22716.2,mid_price,ok
2026-09-30T10:00:35.654252+00:00,2026-09-30T15:30:35.654252+05:30,NIFTY,27-Oct-2026,21550.0,CE,22620.45,1191.05,195,1224,195,0.0,1207.525,0,0,0,0,0,,,,,,,,,,,,,,,0.07397147215081176,22714,0.055793266784558856,0.0125,index_dividend_yield,0.065,13.46,65,22665,22809.35,22595.2,22716.2,mid_price,no_nse_iv
2026-09-30T10:00:35.654252+00:00,2026-09-30T15:30:35.654252+05:30,NIFTY,27-Oct-2026,21550.0,PE,22620.45,47.95,780,48.5,130,48.1,48.225,416,77,515,17.174177831912303,16.3,-0.11432553270440124,0.00019269767686109606,-3.2065462388251644,11.888603030249845,-1.373959738667503,0.0035168204129568115,101.71566489116834,-2.390383520283544e-07,0.00046654216426354896,-6.501134531019365e-07,-0.4803825838126361,-45.449798769614496,0.12264478088559551,0.0002123168247174669,0.07397147215081176,22714,0.055793266784558856,0.0125,index_dividend_yield,0.065,13.46,65,22665,22809.35,22595.2,22716.2,mid_price,ok
2026-09-30T10:00:35.654252+00:00,2026-09-30T15:30:35.654252+05:30,NIFTY,27-Oct-2026,21600.0,CE,22620.45,1148.5,65,1172.5,65,1245,1160.5,13,1,2,-1.4563875257242362,17.53,0.8576797014459873,0.00020771097564189272,-7.0540191724507855,13.78186858140499,-1.310863234652293,0.0036094723582781314,86.5755807431947,-2.1525526686703946e-07,0.00011996406832680078,2.897477685260782e-07,-0.49118409257907913,16.403796710187436,-0.8434435490211616,0.0002278003694001356,0.07397147215081176,22714,0.055793266784558856,0.0125,index_dividend_yield,0.065,13.46,65,22665,22809.35,22595.2,22716.2,mid_price,ok
2026-09-30T10:00:35.654252+00:00,2026-09-30T15:30:35.654252+05:30,NIFTY,27-Oct-2026,21600.0,PE,22620.45,51.4,325,51.55,130,51.2,51.474999999999994,5786,2056,9616,14.41340782122905,16.15,-0.12264670601114172,0.00020438757643143052,-3.326638084943206,12.493777379290396,-1.4050211480689037,0.0035332641696241007,100.38520052866495,-2.4712303078450507e-07,0.000376726873004533,-3.4316006264001526e-07,-0.4836683935932182,-45.171522487530524,0.13128431567561713,0.0002241555376069777,0.07397147215081176,22714,0.055793266784558856,0.0125,index_dividend_yield,0.065,13.46,65,22665,22809.35,22595.2,22716.2,mid_price,ok
2026-09-30T10:00:35.654252+00:00,2026-09-30T15:30:35.654252+05:30,NIFTY,27-Oct-2026,21650.0,CE,22620.45,1102.95,195,1132.85,195,0.0,1117.9,0,0,0,0,0,,,,,,,,,,,,,,,0.07397147215081176,22714,0.055793266784558856,0.0125,index_dividend_yield,0.065,13.46,65,22665,22809.35,22595.2,22716.2,mid_price,no_nse_iv
2026-09-30T10:00:35.654252+00:00,2026-09-30T15:30:35.654252+05:30,NIFTY,27-Oct-2026,21650.0,PE,22620.45,55.7,195,56.05,130,55.65,55.875,876,-5,2539,16.422594142259413,16.02,-0.13181080560372282,0.0002166377635387481,-3.456360680090465,13.136008412581006,-1.4310679583377643,0.0035365715404872267,98.37257929126952,-2.542652973888028e-07,0.00027012276288602055,4.444064199781274e-09,-0.4862139948926103,-44.80183650755899,0.1407931187737155,0.0002364943898657621,0.07397147215081176,22714,0.055793266784558856,0.0125,index_dividend_yield,0.065,13.46,65,22665,22809.35,22595.2,22716.2,mid_price,ok
2026-09-30T10:00:35.654252+00:00,2026-09-30T15:30:35.654252+05:30,NIFTY,27-Oct-2026,21700.0,CE,22620.45,1058.25,130,1084.4,65,0.0,1071.325,3,0,0,0,17.39,0.8366893135741998,0.00022955396690101663,-7.3927466656614715,15.109535964739214,-1.3230035030689646,0.0035428471834938464,80.10084546032381,-2.2050335135009307e-07,-0.00010305134964085701,1.0262594475995534e-06,-0.4920466180572553,17.246047824926475,-0.8216065063825739,0.0002494409863198866,0.07397147215081176,22714,0.055793266784558856,0.0125,index_dividend_yield,0.065,13.46,65,22665,22809.35,22595.2,22716.2,mid_price,ok
2026-09-30T10:00:35.654252+00:00,2026-09-30T15:30:35.654252+05:30,NIFTY,27-Oct-2026,21700.0,PE,22620.45,60.4,455,60.55,130,60.6,60.474999999999994,8031,866,16146,18.24390243902439,15.97,-0.14272892864448022,0.00022945306746554271,-3.624461756086431,13.869650794516277,-1.4456940752171215,0.0035245373095542654,94.95332739437234,-2.5846402718757587e-07,0.0001341521967163122,4.216948557883473e-07,-0.4881722786479408,-44.10810064237986,0.15215621497278062,0.0002493313456325854,0.07397147215081176,22714,0.055793266784558856,0.0125,index_dividend_yield,0.065,13.46,65,22665,22809.35,22595.2,22716.2,mid_price,ok
2026-09-30T10:00:35.654252+00:00,2026-09-30T15:30:35.654252+05:30,NIFTY,27-Oct-2026,21750.0,CE,22620.45,1013.05,260,1043.05,260,0.0,1028.05,4,0,0,0,15.05,0.8577967996594982,0.0002418026376679062,-6.447927568576252,13.77413313851963,-1.536825618627391,0.0035263056833353397,101.54936989239083,-2.8991856897665084e-07,0.00017610263840436033,4.2945583901505885e-07,-0.4856607236261379,18.987797199318482,-0.8451422213781523,0.0002615441388565555,0.07397147215081176,22714,0.055793266784558856,0.0125,index_dividend_yield,0.065,13.46,65,22665,22809.35,22595.2,22716.2,mid_price,ok
2026-09-30T10:00:35.654252+00:00,2026-09-30T15:30:35.654252+05:30,NIFTY,27-Oct-2026,21750.0,PE,22620.45,64.65,780,65.15,130,64.75,64.9,590,114,1203,16.982836495031616,15.65,-0.15032806153880365,0.00024243899509638484,-3.6593525045616446,14.360962880373668,-1.479412500157179,0.003494095346709608,94.15343173395118,-2.7005509657878446e-07,4.0414806358200273e-05,7.381134232811215e-07,-0.4881419076224347,-44.4629922067433,0.1598605734264358,0.00026223245043678324,0.07397147215081176,22714,0.055793266784558856,0.0125,index_dividend_yield,0.065,13.46,65,22665,22809.35,22595.2,22716.2,mid_price,ok
2026-09-30T10:00:35.654252+00:00,2026-09-30T15:30:35.654252+05:30,NIFTY,27-Oct-2026,21800.0,CE,22620.45,977.7,65,988.4,195,968.4,983.05,271,18,494,-14.56173629185231,0,,,,,,,,,,,,,,,0.07397147215081176,22714,0.055793266784558856,0.0125,index_dividend_yield,0.065,13.46,65,22665,22809.35,22595.2,22716.2,mid_price,no_nse_iv
2026-09-30T10:00:35.654252+00:00,2026-09-30T15:30:35.654252+05:30,NIFTY,27-Oct-2026,21800.0,PE,22620.45,70.2,65,70.5,65,70.15,70.35,10427,1708,17170,15.56836902800659,15.58,-0.1622357291396891,0.00025606749302273653,-3.814045408026741,15.100406741999729,-1.4845337413654651,0.0034449668771235893,89.93721708593138,-2.7315188345123656e-07,-0.00011838081653259259,1.2057923460306375e-06,-0.4881533801605595,-43.82100625472498,0.17218309426687128,0.0002757045561208217,0.07397147215081176,22714,0.055793266784558856,0.0125,index_dividend_yield,0.065,13.46,65,22665,22809.35,22595.2,22716.2,mid_price,ok
2026-09-30T10:00:35.654252+00:00,2026-09-30T15:30:35.654252+05:30,NIFTY,27-Oct-2026,21850.0,CE,22620.45,922.75,260,951.05,260,0.0,936.9,0,0,0,0,0,,,,,,,,,,,,,,,0.07397147215081176,22714,0.055793266784558856,0.0125,index_dividend_yield,0.065,13.46,65,22665,22809.35,22595.2,22716.2,mid_price,no_nse_iv
2026-09-30T10:00:35.654252+00:00,2026-09-30T15:30:35.654252+05:30,NIFTY,27-Oct-2026,21850.0,PE,22620.45,75.85,130,76.3,195,75.4,76.07499999999999,637,149,607,16.899224806201552,15.46,-0.17408181727009545,0.000270023229184137,-3.941194115766454,15.800737524234723,-1.4876285188869798,0.003375042030178021,85.80768923076842,-2.767618146362153e-07,-0.000280146433683854,1.6769603090261353e-06,-0.4870768966981736,-43.36632477595695,0.18437585480628424,0.0002894014646024085,0.07397147215081176,22714,0.055793266784558856,0.0125,index_dividend_yield,0.065,13.46,65,22665,22809.35,22595.2,22716.2,mid_price,ok
2026-09-30T10:00:35.654252+00:00,2026-09-30T15:30:35.654252+05:30,NIFTY,27-Oct-2026,21900.0,CE,22620.45,890.8,65,900.2,195,891.9,895.5,93,56,122,-12.94289897510981,8.48,0.9424541964049455,0.0002181275501667727,-4.0203133945805725,7.001210195763126,-2.093572787766673,0.002610698620898133,203.93971655651288,-6.697275096616061e-07,0.00378238412097522,-3.7796242736333355e-06,-0.3805665022558662,26.08435480236965,-0.9361387317176305,0.00023271521186878663,0.07397147215081176,22714,0.055793266784558856,0.0125,index_dividend_yield,0.065,13.46,65,22665,22809.35,22595.2,22716.2,mid_price,ok
2026-09-30T10:00:35.654252+00:00,2026-09-30T15:30:35.654252+05:30,NIFTY,27-Oct-2026,21900.0,PE,22620.45,82.2,195,82.6,455,82.15,82.4,8169,851,15930,16.277423920736023,15.32,-0.1863301292091371,0.0002843688209837457,-4.0544900195152,16.489499932198033,-1.4856800650255297,0.003283862644349378,81.42937498640634,-2.799074340209969e-07,-0.0004518593283127988,2.1659907967463412e-06,-0.48512731278902876,-42.9768586667112,0.19693810117536056,0.00030338648361251413,0.07397147215081176,22714,0.055793266784558856,0.0125,index_dividend_yield,0.065,13.46,65,22665,22809.35,22595.2,22716.2,mid_price,ok
2026-09-30T10:00:35.654252+00:00,2026-09-30T15:30:35.654252+05:30,NIFTY,27-Oct-2026,21950.0,CE,22620.45,838.8,260,868.8,260,0.0,853.8,1,0,0,0,10.39,0.887239161809964,0.0002975967823882308,-4.997925439812681,11.703358844897648,-2.175056541735332,0.0032475705704482216,162.763327322315,-5.751452794188482e-07,0.0012749530286515758,-6.010856107841172e-07,-0.4570558951231512,25.408048514330098,-0.8783531567543291,0.00031605427044933135,0.07397147215081176,22714,0.055793266784558856,0.0125,index_dividend_yield,0.065,13.46,65,22665,22809.35,22595.2,22716.2,mid_price,ok
2026-09-30T10:00:35.654252+00:00,2026-09-30T15:30:35.654252+05:30,NIFTY,27-Oct-2026,21950.0,PE,22620.45,88.95,130,89.55,130,88.8,89.25,516,168,1051,15.926892950391645,15.24,-0.20018552061042358,0.00029864991379725114,-4.19159616956904,17.227176501018747,-1.4677968013853264,0.0031644481254430867,75.88340584295317,-2.793295052777064e-07,-0.0006440939320577184,2.6987931972136743e-06,-0.4823810099813741,-42.35045824744926,0.2111713305327216,0.0003171727189637745,0.07397147215081176,22714,0.055793266784558856,0.0125,index_dividend_yield,0.065,13.46,65,22665,22809.35,22595.2,22716.2,mid_price,ok
2026-09-30T10:00:35.654252+00:00,2026-09-30T15:30:35.654252+05:30,NIFTY,27-Oct-2026,22000.0,CE,22620.45,808.75,130,811.5,65,812.5,810.125,16483,1561,5807,-14.125667177508852,9.17,0.8994782876097687,0.0003100863324428302,-4.623905442078754,10.762637246356862,-2.400519063288309,0.0030988573171780716,189.53877772691018,-7.130715843929232e-07,0.0020800388398833293,-1.2270859759489286e-06,-0.44116256063778536,27.798496687843823,-0.8915759924588366,0.00032782324387997853,0.07397147215081176,22714,0.055793266784558856,0.0125,index_dividend_yield,0.065,13.46,65,22665,22809.35,22595.2,22716.2,mid_price,ok
2026-09-30T10:00:35.654252+00:00,2026-09-30T15:30:35.654252+05:30,NIFTY,27-Oct-2026,22000.0,PE,22620.45,96.3,455,96.7,65,96.25,96.5,59448,6885,72158,17.449664429530202,15.1,-0.21389406231981362,0.00031346221339555516,-4.293304018550486,17.915498037815027,-1.4487768400625323,0.0030245440681528346,70.62220789384632,-2.795724778762412e-07,-0.0008402242576825724,3.230159949638015e-06,-0.4789453029816215,-41.93808664082228,0.22517043336047515,0.0003313922249316634,0.07397147215081176,22714,0.055793266784558856,0.0125,index_dividend_yield,0.065,13.46,65,22665,22809.35,22595.2,22716.2,mid_price,ok
2026-09-30T10:00:35.654252+00:00,2026-09-30T15:30:35.654252+05:30,NIFTY,27-Oct-2026,22050.0,CE,22620.45,762.8,195,778.85,1625,0.0,770.825,0,0,0,0,0,,,,,,,,,,,,,,,0.07397147215081176,22714,0.055793266784558856,0.0125,index_dividend_yield,0.065,13.46,65,22665,22809.35,22595.2,22716.2,mid_price,no_nse_iv
2026-09-30T10:00:35.654252+00:00,2026-09-30T15:30:35.654252+05:30,NIFTY,27-Oct-2026,22050.0,PE,22620.45,104.5,65,105.45,65,104.5,104.975,1170,195,1212,19.633657698912423,14.95,-0.228223760511842,0.0003285727454501927,-4.382784822162562,18.59257199415622,-1.4218230232915656,0.0028600148080359378,65.08396719926424,-2.785945772752443e-07,-0.00104761335423511,3.7765982818478224e-06,-0.47494604533006424,-41.54896325437043,0.2397630720825724,0.0003457935033398912,0.07397147215081176,22714,0.055793266784558856,0.0125,index_dividend_yield,0.065,13.46,65,22665,22809.35,22595.2,22716.2,mid_price,ok
2026-09-30T10:00:35.654252+00:00,2026-09-30T15:30:35.654252+05:30,NIFTY,27-Oct-2026,22100.0,CE,22620.45,728,65,736.3,585,716.4,732.15,117,25,124,-16.586132619200093,10.05,0.8423307591775833,0.000388123794507453,-5.371421608279974,14.763967243173147,-2.3400503653422944,0.0031216530309393638,145.0292344498587,-6.425472379801229e-07,-4.893990138173771e-05,2.161849562432646e-06,-0.46456765195689265,29.0042698727371,-0.8324419223378041,0.00040661949989800135,0.07397147215081176,22714,0.055793266784558856,0.0125,index_dividend_yield,0.065,13.46,65,22665,22809.35,22595.2,22716.2,mid_price,ok
2026-09-30T10:00:35.654252+00:00,2026-09-30T15:30:35.654252+05:30,NIFTY,27-Oct-2026,22100.0,PE,22620.45,113.55,195,114,1560,113.45,113.775,5189,459,11133,20.243773184949656,14.88,-0.24444573652708018,0.0003428329474443175,-4.501257045009179,19.308664045656624,-1.3728691231375267,0.0026597195548726527,58.39539917274017,-2.722997878036162e-07,-0.0012671489523976708,4.346227764951446e-06,-0.4703982380488654,-40.860930147166066,0.2563256451503909,0.00035917035649740177,0.07397147215081176,22714,0.055793266784558856,0.0125,index_dividend_yield,0.065,13.46,65,22665,22809.35,22595.2,22716.2,mid_price,ok
2026-09-30T10:00:35.654252+00:00,2026-09-30T15:30:35.654252+05:30,NIFTY,27-Oct-2026,22150.0,CE,22620.45,683.05,65,693.3,65,690.7,688.175,38,-3,14,-13.02650632751999,10.21,0.8179865282202318,0.0004191776225289003,-5.6141693260944034,16.199088376622356,-2.276719847127462,0.002969359600692334,127.55401524240284,-6.190231326795422e-07,-0.0008046223181451507,3.5131862999699358e-06,-0.46420634485953016,29.92068072180095,-0.8074408212746758,0.0004371727762742212,0.07397147215081176,22714,0.055793266784558856,0.0125,index_dividend_yield,0.065,13.46,65,22665,22809.35,22595.2,22716.2,mid_price,ok
2026-09-30T10:00:35.654252+00:00,2026-09-30T15:30:35.654252+05:30,NIFTY,27-Oct-2026,22150.0,PE,22620.45,122.95,390,123.7,195,122.9,123.325,827,50,1848,19.262493934983016,14.79,-0.26112636588120985,0.00035711165283644724,-4.599703298015157,19.991203421359597,-1.3158603803340718,0.0024336447016185536,51.74303105115108,-2.64825042085091e-07,-0.0014902522636089151,4.91056229560185e-06,-0.4655780224829371,-40.238899221284086,0.2732997327889904,0.0003724423354675187,0.07397147215081176,22714,0.055793266784558856,0.0125,index_dividend_yield,0.065,13.46,65,22665,22809.35,22595.2,22716.2,mid_price,ok
2026-09-30T10:00:35.654252+00:00,2026-09-30T15:30:35.654252+05:30,NIFTY,27-Oct-2026,22200.0,CE,22620.45,647.55,65,651.15,65,650,649.3499999999999,357,182,528,-17.107696231588346,10.47,0.7901522822028365,0.00044590013796612783,-5.893194281510272,17.670589212704023,-2.142609699056608,0.0027310274448421046,106.71331601303358,-5.731771841023113e-07,-0.001565881189796969,4.875209538263527e-06,-0.46129361928776896,30.649894444326222,-0.7788489398414028,0.0004629500533188449,0.07397147215081176,22714,0.055793266784558856,0.0125,index_dividend_yield,0.065,13.46,65,22665,22809.35,22595.2,22716.2,mid_price,ok
2026-09-30T10:00:35.654252+00:00,2026-09-30T15:30:35.654252+05:30,NIFTY,27-Oct-2026,22200.0,PE,22620.45,133.3,195,133.75,65,133.3,133.525,12841,4809,21535,20.578923563998192,14.66,-0.278044065423608,0.0003717838564421693,-4.6678138258667845,20.629620595825408,-1.2535354460547488,0.0021844164427902713,45.340624709302446,-2.569372768520493e-07,-0.0017189498801485495,5.468569155663364e-06,-0.4606877506457572,-39.7457589162597,0.2904380505630793,0.0003859997822563192,0.07397147215081176,22714,0.055793266784558856,0.0125,index_dividend_yield,0.065,13.46,65,22665,22809.35,22595.2,22716.2,mid_price,ok
2026-09-30T10:00:35.654252+00:00,2026-09-30T15:30:35.654252+05:30,NIFTY,27-Oct-2026,22250.0,CE,22620.45,608.65,65,614.2,65,600,611.425,272,-41,91,-20.47713717693837,10.5,0.7661313553399006,0.0004732051585373685,-6.052439939738726,18.806393199260377,-2.0377500153643258,0.002449333937494136,91.33433426549509,-5.475871844340005e-07,-0.0022085082545824533,6.047685763339796e-06,-0.45622710556131457,31.777311284736594,-0.7543762217332798,0.0004890935328900273,0.07397147215081176,22714,0.055793266784558856,0.0125,index_dividend_yield,0.065,13.46,65,22665,22809.35,22595.2,22716.2,mid_price,ok
2026-09-30T10:00:35.654252+00:00,2026-09-30T15:30:35.654252+05:30,NIFTY,27-Oct-2026,22250.0,PE,22620.45,144.25,260,144.9,65,144.05,144.575,3732,172,1951,19.049586776859503,14.58,-0.29633799380850306,0.00038526312605024327,-4.745808558506919,21.260903229439297,-1.172156418480591,0.001901598565626883,38.522640810022324,-2.4463276637229e-07,-0.001944396279437142,6.010422726182542e-06,-0.4558333188450945,-39.07497482015746,0.3089819521482819,0.0003981987516674319,0.07397147215081176,22714,0.055793266784558856,0.0125,index_dividend_yield,0.065,13.46,65,22665,22809.35,22595.2,22716.2,mid_price,ok
2026-09-30T10:00:35.654252+00:00,2026-09-30T15:30:35.654252+05:30,NIFTY,27-Oct-2026,22300.0,CE,22620.45,573.6,65,577.05,65,577.65,575.325,1406,1001,2080,-17.73125400555437,10.53,0.7408572285685416,0.0004986952785244348,-6.195744544407425,19.87606325679323,-1.9006882211587417,0.0021095313098707935,75.79231758726834,-5.140930532826449e-07,-0.002834332440826014,7.168427968689346e-06,-0.4505067533836602,32.9331976731059,-0.7286842931938221,0.0005131307144895412,0.07397147215081176,22714,0.055793266784558856,0.0125,index_dividend_yield,0.065,13.46,65,22665,22809.35,22595.2,22716.2,mid_price,ok
2026-09-30T10:00:35.654252+00:00,2026-09-30T15:30:35.654252+05:30,NIFTY,27-Oct-2026,22300.0,PE,22620.45,158.1,195,158.75,585,158.5,158.425,17360,6206,22971,21.31649445082281,14.53,-0.3156521935286615,0.00039753222566401593,-4.822577790663077,21.862745388677453,-1.0750602268222165,0.0015888554323347235,31.687217425901082,-2.288449847121721e-07,-0.002159833661852066,6.51937735000863e-06,-0.4512815281064811,-38.30429724369821,0.32854716615873825,0.00040903935483640064,0.07397147215081176,22714,0.055793266784558856,0.0125,index_dividend_yield,0.065,13.46,65,22665,22809.35,22595.2,22716.2,mid_price,ok
2026-09-30T10:00:35.654252+00:00,2026-09-30T15:30:35.654252+05:30,NIFTY,27-Oct-2026,22350.0,CE,22620.45,536.85,65,541.95,130,533.3,539.4000000000001,149,4,73,-20.568960381292822,10.84,0.709704366382495,0.0005125003153741933,-6.444874591358125,21.027622017763214,-1.6553011876733748,0.0016800088251085477,56.46729886285229,-4.42837731663914e-07,-0.0033517275296065076,8.133435169973635e-06,-0.4451711611672558,33.475350989901074,-0.6968349172311926,0.0005249785544213707,0.07397147215081176,22714,0.055793266784558856,0.0125,index_dividend_yield,0.065,13.46,65,22665,22809.35,22595.2,22716.2,mid_price,ok
2026-09-30T10:00:35.654252+00:00,2026-09-30T15:30:35.654252+05:30,NIFTY,27-Oct-2026,22350.0,PE,22620.45,170.05,130,171.05,65,169.75,170.55,888,147,1383,21.033868092691623,14.43,-0.33508965943149815,0.0004101824806844658,-4.860655812334151,22.403206446015414,-0.9736351629726081,0.0012560360600792908,25.46184231220039,-2.1280015652192392e-07,-0.0023764663703667557,7.004651624265522e-06,-0.4472714326597895,-37.690594992056646,0.3481425884758528,0.0004201695087767469,0.07397147215081176,22714,0.055793266784558856,0.0125,index_dividend_yield,0.065,13.46,65,22665,22809.35,22595.2,22716.2,mid_price,ok
2026-09-30T10:00:35.654252+00:00,2026-09-30T15:30:35.654252+05:30,NIFTY,27-Oct-2026,22400.0,CE,22620.45,502.95,65,505.3,65,505.25,504.125,746,215,1023,-20.382918373778757,10.82,0.683566823747015,0.0005337363606328867,-6.524699230959692,21.858522013548082,-1.4779031274996246,0.001248364682810088,43.59910818856427,-4.0244465369545125e-07,-0.003868479071992225,9.021877234487966e-06,-0.44019023555541636,34.750754770158416,-0.670430010188095,0.0005442936077692939,0.07397147215081176,22714,0.055793266784558856,0.0125,index_dividend_yield,0.065,13.46,65,22665,22809.35,22595.2,22716.2,mid_price,ok
2026-09-30T10:00:35.654252+00:00,2026-09-30T15:30:35.654252+05:30,NIFTY,27-Oct-2026,22400.0,PE,22620.45,184.8,455,185.4,195,184.15,185.10000000000002,7722,942,12183,20.952380952380953,14.3,-0.3549517750444388,0.00042289641932031905,-4.868220051707523,22.889525403633353,-0.8643722418824884,0.0009011434336262392,19.735533228436353,-1.9542349309204006e-07,-0.002592793954511312,7.4622896047497585e-06,-0.4439686754245038,-37.16066402230279,0.3680908582822918,0.00043126126447827755,0.07397147215081176,22714,0.055793266784558856,0.0125,index_dividend_yield,0.065,13.46,65,22665,22809.35,22595.2,22716.2,mid_price,ok
2026-09-30T10:00:35.654252+00:00,2026-09-30T15:30:35.654252+05:30,NIFTY,27-Oct-2026,22450.0,CE,22620.45,468.35,65,471.85,130,469.35,470.1,118,8,97,-21.664024034048236,10.77,0.656817157959139,0.0005540686060422856,-6.568637294065012,22.586346647813166,-1.2823119929749605,0.0007774363021272324,31.98845688446461,-3.58318471815398e-07,-0.004360121696725091,9.819705483932227e-06,-0.43634346929840717,36.15024654405887,-0.643496955097997,0.0005625139968756963,0.07397147215081176,22714,0.055793266784558856,0.0125,index_dividend_yield,0.065,13.46,65,22665,22809.35,22595.2,22716.2,mid_price,ok
2026-09-30T10:00:35.654252+00:00,2026-09-30T15:30:35.654252+05:30,NIFTY,27-Oct-2026,22450.0,PE,22620.45,200.05,130,201.25,195,199.55,200.65,1139,362,1672,22.724477244772448,14.28,-0.3763514540390983,0.0004318323663419376,-4.906084194464563,23.340499185735315,-0.7314930666872665,0.0005166750160925937,14.138862799459417,-1.7200209528116e-07,-0.002762563822272248,7.824066239186687e-06,-0.4416900717119816,-36.2966699366279,0.38965635912414853,0.0004384145712683722,0.07397147215081176,22714,0.055793266784558856,0.0125,index_dividend_yield,0.065,13.46,65,22665,22809.35,22595.2,22716.2,mid_price,ok
2026-09-30T10:00:35.654252+00:00,2026-09-30T15:30:35.654252+05:30,NIFTY,27-Oct-2026,22500.0,CE,22620.45,436.15,390,437.6,130,437,436.875,16002,3571,22512,-20.933598697304145,10.88,0.6273822866653349,0.0005645510326173944,-6.657481272574502,23.248709133939773,-1.031190296924056,0.0002623984844060123,20.712811251767604,-2.959176067541387e-07,-0.00468625064763351,1.0358808898460609e-05,-0.4345968480654747,37.1428680314128,-0.6137593931044893,0.0005706116713438087,0.07397147215081176,22714,0.055793266784558856,0.0125,index_dividend_yield,0.065,13.46,65,22665,22809.35,22595.2,22716.2,mid_price,ok
2026-09-30T10:00:35.654252+00:00,2026-09-30T15:30:35.654252+05:30,NIFTY,27-Oct-2026,22500.0,PE,22620.45,216.3,130,216.95,130,217.15,216.625,53317,1727,71309,22.30357645733596,14.2,-0.3977936062185437,0.0004412862912884775,-4.897744546983368,23.71786119547073,-0.5959173625870728,0.00011775759172888423,9.463270739834329,-1.4852421878168683e-07,-0.0029317120367427616,8.15011004063758e-06,-0.44051780236504356,-35.611123291343674,0.41115341479495254,0.0004460236429748595,0.07397147215081176,22714,0.055793266784558856,0.0125,index_dividend_yield,0.065,13.46,65,22665,22809.35,22595.2,22716.2,mid_price,ok
2026-09-30T10:00:35.654252+00:00,2026-09-30T15:30:35.654252+05:30,NIFTY,27-Oct-2026,22550.0,CE,22620.45,402.95,130,404.8,65,403.75,403.875,1656,301,965,-22.123637766419133,10.86,0.5988700030182217,0.0005779247396786347,-6.663487265531359,23.755701189374612,-0.7905321759982264,-0.00026998654443555203,12.250113442464183,-2.396979661330158e-07,-0.005023960472353068,1.08340634562197e-05,-0.43463050538722925,38.52459720583155,-0.5851472748024663,0.0005815414490227777,0.07397147215081176,22714,0.055793266784558856,0.0125,index_dividend_yield,0.065,13.46,65,22665,22809.35,22595.2,22716.2,mid_price,ok
2026-09-30T10:00:35.654252+00:00,2026-09-30T15:30:35.654252+05:30,NIFTY,27-Oct-2026,22550.0,PE,22620.45,233.6,195,234.85,260,233.1,234.225,1306,244,2631,20.123679464055655,14.16,-0.4199254402519626,0.00044836427903566434,-4.886533288707873,24.03040006905935,-0.44848820051496263,-0.0002971116164603993,5.548752634716436,-1.2214730478832642e-07,-0.0030630295891247777,8.385570119886815e-06,-0.4407121033955903,-34.81527899528932,0.433336567697816,0.000451170186390435,0.07397147215081176,22714,0.055793266784558856,0.0125,index_dividend_yield,0.065,13.46,65,22665,22809.35,22595.2,22716.2,mid_price,ok
2026-09-30T10:00:35.654252+00:00,2026-09-30T15:30:35.654252+05:30,NIFTY,27-Oct-2026,22600.0,CE,22620.45,374.05,520,375.35,390,375.75,374.70000000000005,10911,5020,19666,-22.204968944099377,10.99,0.5689847963377349,0.0005805203355644164,-6.707813009240694,24.148039224708057,-0.5187689092201464,-0.0008135954265320322,5.58984552568198,-1.7327865418819252e-07,-0.0051482889335837225,1.0988534989085446e-05,-0.4374094610021828,39.45046785109291,-0.5550638371384975,0.000581571398572544,0.07397147215081176,22714,0.055793266784558856,0.0125,index_dividend_yield,0.065,13.46,65,22665,22809.35,22595.2,22716.2,mid_price,ok
2026-09-30T10:00:35.654252+00:00,2026-09-30T15:30:35.654252+05:30,NIFTY,27-Oct-2026,22600.0,PE,22620.45,253.05,130,253.9,65,253.8,253.47500000000002,13918,3706,30429,23.593864134404676,14.1,-0.44233020227645486,0.00045472782647456553,-4.845326444480994,24.26818999296799,-0.2956635652242856,-0.000722686568202735,2.6199642595798878,-9.463876902714633e-08,-0.003176084133527915,8.555881614453738e-06,-0.44233688356689527,-34.07787673540264,0.45572217883871324,0.0004555511354404934,0.07397147215081176,22714,0.055793266784558856,0.0125,index_dividend_yield,0.065,13.46,65,22665,22809.35,22595.2,22716.2,mid_price,ok
2026-09-30T10:00:35.654252+00:00,2026-09-30T15:30:35.654252+05:30,NIFTY,27-Oct-2026,22650.0,CE,22620.45,344.35,195,345.9,130,346.15,345.125,1358,658,2946,-22.966507177033492,10.94,0.5399319343916053,0.0005891417362177007,-6.646023712939357,24.395170335968704,-0.26014620095854424,-0.001371480007738013,1.6249353218427132,-1.1295079101111357e-07,-0.005346407353321741,1.1142372487191491e-05,-0.4422730581201151,40.98420222452486,-0.5260705596229966,0.0005876055082253806,0.07397147215081176,22714,0.055793266784558856,0.0125,index_dividend_yield,0.065,13.46,65,22665,22809.35,22595.2,22716.2,mid_price,ok
2026-09-30T10:00:35.654252+00:00,2026-09-30T15:30:35.654252+05:30,NIFTY,27-Oct-2026,22650.0,PE,22620.45,274.05,260,275.5,65,274.35,274.775,3527,158,6215,19.7773411918795,14.11,-0.46515749336588774,0.00045743395515616947,-4.813608052652537,24.42992621651765,-0.13506474456836948,-0.0011514416365894786,0.717685826838732,-6.501274738741452e-08,-0.0032286360707704667,8.60158539773534e-06,-0.4455631242113043,-33.170321182279196,0.4785556408303813,0.0004562411643499025,0.07397147215081176,22714,0.055793266784558856,0.0125,index_dividend_yield,0.065,13.46,65,22665,22809.35,22595.2,22716.2,mid_price,ok
2026-09-30T10:00:35.654252+00:00,2026-09-30T15:30:35.654252+05:30,NIFTY,27-Oct-2026,22700.0,CE,22620.45,316.75,390,317.95,195,317,317.35,22969,7081,46546,-24.117295032914424,11.01,0.5104680837413599,0.0005881992475022032,-6.6098490362712035,24.511987479095794,0.009108110089417476,-0.0019151078326119508,-0.01536921340061781,-4.8774603061665045e-08,-0.005343218591020169,1.0993401914956768e-05,-0.4498533193663903,42.11897466758355,-0.49660199868845856,0.0005840838939879629,0.07397147215081176,22714,0.055793266784558856,0.0125,index_dividend_yield,0.065,13.46,65,22665,22809.35,22595.2,22716.2,mid_price,ok
2026-09-30T10:00:35.654252+00:00,2026-09-30T15:30:35.654252+05:30,NIFTY,27-Oct-2026,22700.0,PE,22620.45,294.6,325,295.5,195,295.2,295.05,32266,6015,51486,21.356628982528264,14.03,-0.488039555539307,0.0004615690557057897,-4.720017373483817,24.511003894003938,0.02642369326985583,-0.0015873280645993804,-0.04690521499739475,-3.5355282328895355e-08,-0.00329092250968792,8.61781158532736e-06,-0.4503076273414237,-32.493465707826026,0.5012962537810718,0.00045833967409143067,0.07397147215081176,22714,0.055793266784558856,0.0125,index_dividend_yield,0.065,13.46,65,22665,22809.35,22595.2,22716.2,mid_price,ok
2026-09-30T10:00:35.654252+00:00,2026-09-30T15:30:35.654252+05:30,NIFTY,27-Oct-2026,22750.0,CE,22620.45,290.3,130,291.3,195,291.9,290.8,1888,847,6655,-24.661246612466126,11.03,0.48124514049692596,0.0005867348626662997,-6.524659194563672,24.495378185749015,0.27403557203878326,-0.00245258945314053,0.7741242868775089,1.3924170568967629e-08,-0.005301336478068425,1.0720801681326228e-05,-0.4597813050130383,43.449832116785245,-0.4674918787404179,0.0005800715591496344,0.07397147215081176,22714,0.055793266784558856,0.0125,index_dividend_yield,0.065,13.46,65,22665,22809.35,22595.2,22716.2,mid_price,ok
2026-09-30T10:00:35.654252+00:00,2026-09-30T15:30:35.654252+05:30,NIFTY,27-Oct-2026,22750.0,PE,22620.45,318.35,195,319.65,130,315.25,319.0,4543,1346,8195,21.530454895913646,13.96,-0.511151812403168,0.00046387961121505713,-4.608731451581462,24.510797690618947,0.19153455818171627,-0.002022210908648181,0.3434385985894295,-4.5492097496945096e-09,-0.0033165896587783817,8.540101067640554e-06,-0.4566861047810846,-31.793724990073976,0.5242266331227025,0.0004586115236317281,0.07397147215081176,22714,0.055793266784558856,0.0125,index_dividend_yield,0.065,13.46,65,22665,22809.35,22595.2,22716.2,mid_price,ok
2026-09-30T10:00:35.654252+00:00,2026-09-30T15:30:35.654252+05:30,NIFTY,27-Oct-2026,22800.0,CE,22620.45,265.4,130,266.4,195,266.6,265.9,29838,11392,57463,-25.624215371739435,11.01,0.4520751183458779,0.0005842435452057544,-6.394574700377841,24.347141764699973,0.5367166744274232,-0.0029801105546014006,3.9417896673796804,7.641504192004896e-08,-0.0052123103112020714,1.0313567159570035e-05,-0.4720648562333629,44.96930077082932,-0.43854122201318363,0.0005750779415973719,0.07397147215081176,22714,0.055793266784558856,0.0125,index_dividend_yield,0.065,13.46,65,22665,22809.35,22595.2,22716.2,mid_price,ok
2026-09-30T10:00:35.654252+00:00,2026-09-30T15:30:35.654252+05:30,NIFTY,27-Oct-2026,22800.0,PE,22620.45,343.05,130,344,65,343.3,343.525,40333,8918,54926,22.804507243784656,14,-0.5340143979992109,0.00046101842868219206,-4.526458344482936,24.429414840421174,0.35365775526224885,-0.002435490841911081,1.884520575210047,2.592747430925157e-08,-0.003257588514344516,8.311889025952026e-06,-0.46446676143910537,-30.860113367760587,0.5469771191356305,0.0004537859787764388,0.07397147215081176,22714,0.055793266784558856,0.0125,index_dividend_yield,0.065,13.46,65,22665,22809.35,22595.2,22716.2,mid_price,ok
2026-09-30T10:00:35.654252+00:00,2026-09-30T15:30:35.654252+05:30,NIFTY,27-Oct-2026,22850.0,CE,22620.45,240.65,195,241.9,390,241.95,241.275,2003,510,7321,-26.12213740458015,10.88,0.42223747582019894,0.0005842172856945333,-6.1850741290044535,24.058582770030903,0.8079240761737494,-0.003514614837869079,9.702114394192662,1.4284546360238714e-07,-0.005134450760532045,9.811715204341258e-06,-0.4871071914631991,47.03573676122688,-0.4091089300785813,0.0005725382081184552,0.07397147215081176,22714,0.055793266784558856,0.0125,index_dividend_yield,0.065,13.46,65,22665,22809.35,22595.2,22716.2,mid_price,ok
2026-09-30T10:00:35.654252+00:00,2026-09-30T15:30:35.654252+05:30,NIFTY,27-Oct-2026,22850.0,PE,22620.45,367.25,130,369.55,65,368,368.4,1975,533,4491,22.32009306963603,14.07,-0.556431587185386,0.0004557494954513283,-4.438630153050016,24.27096458403209,0.5089229101749027,-0.002828313656113357,4.484856582724461,5.496486452825661e-08,-0.0031550960174033848,7.992230057798672e-06,-0.47341260547363007,-29.894007634400026,0.5692681945724436,0.0004466386152309551,0.07397147215081176,22714,0.055793266784558856,0.0125,index_dividend_yield,0.065,13.46,65,22665,22809.35,22595.2,22716.2,mid_price,ok
2026-09-30T10:00:35.654252+00:00,2026-09-30T15:30:35.654252+05:30,NIFTY,27-Oct-2026,22900.0,CE,22620.45,217.85,65,218.65,130,218.05,218.25,13852,2991,22713,-27.61825726141079,10.95,0.39431912337573893,0.0005709072099882558,-6.048171726429249,23.66172428495955,1.042940407766868,-0.0039593420975728155,17.141759685822322,1.987145978319858e-07,-0.004800519982673247,9.018141653159215e-06,-0.5026860838247593,48.221242875829255,-0.3814280357115152,0.0005570536749850396,0.07397147215081176,22714,0.055793266784558856,0.0125,index_dividend_yield,0.065,13.46,65,22665,22809.35,22595.2,22716.2,mid_price,ok
2026-09-30T10:00:35.654252+00:00,2026-09-30T15:30:35.654252+05:30,NIFTY,27-Oct-2026,22900.0,PE,22620.45,394.3,65,394.7,1495,394.7,394.5,14971,2021,15366,22.691949020826858,13.99,-0.5793941287685768,0.0004537555486189524,-4.260028060607124,24.027379383405727,0.6693588512269311,-0.003230777983895594,8.307182615403974,8.571601190805526e-08,-0.003086692934722992,7.667417689215456e-06,-0.4840016539140706,-29.24553455427732,0.5918907442054911,0.0004427447954427479,0.07397147215081176,22714,0.055793266784558856,0.0125,index_dividend_yield,0.065,13.46,65,22665,22809.35,22595.2,22716.2,mid_price,ok
2026-09-30T10:00:35.654252+00:00,2026-09-30T15:30:35.654252+05:30,NIFTY,27-Oct-2026,22950.0,CE,22620.45,198.05,65,198.85,455,198.8,198.45,944,93,2362,-27.774750227066303,10.95,0.366451478973749,0.0005583476840207017,-5.855218579035458,23.141184282320296,1.2715765175879967,-0.004383087589269974,26.629201909052824,2.542418175961537e-07,-0.004456853974814107,8.13930697866937e-06,-0.5198152369007971,49.757752630742786,-0.3539304695287289,0.0005424276506966621,0.07397147215081176,22714,0.055793266784558856,0.0125,index_dividend_yield,0.065,13.46,65,22665,22809.35,22595.2,22716.2,mid_price,ok
2026-09-30T10:00:35.654252+00:00,2026-09-30T15:30:35.654252+05:30,NIFTY,27-Oct-2026,22950.0,PE,22620.45,422.15,65,425.4,65,422,423.775,787,-91,718,21.806898542358205,14.08,-0.6009070536620995,0.00044515881742590433,-4.145175912019913,23.723806734660347,0.8091358692851602,-0.0035792029277634807,12.800881073815162,1.1168252743422363e-07,-0.0029215702718141945,7.2039259704477295e-06,-0.494837402850159,-28.2934551916931,0.6132117470833287,0.00043246611105184557,0.07397147215081176,22714,0.055793266784558856,0.0125,index_dividend_yield,0.065,13.46,65,22665,22809.35,22595.2,22716.2,mid_price,ok
2026-09-30T10:00:35.654252+00:00,2026-09-30T15:30:35.654252+05:30,NIFTY,27-Oct-2026,23000.0,CE,22620.45,178.55,325,179.2,65,179.25,178.875,83890,6077,93585,-28.812549642573472,10.95,0.3393279061409797,0.0005431794077057665,-5.642519920698806,22.512522451180583,1.4812417722313842,-0.004759838882971268,37.67974108455974,3.055134260163426e-07,-0.004051641263290982,7.1500902303808225e-06,-0.5375133435748474,51.31955699226162,-0.327225312991546,0.0005254000451654108,0.07397147215081176,22714,0.055793266784558856,0.0125,index_dividend_yield,0.065,13.46,65,22665,22809.35,22595.2,22716.2,mid_price,ok
2026-09-30T10:00:35.654252+00:00,2026-09-30T15:30:35.654252+05:30,NIFTY,27-Oct-2026,23000.0,PE,22620.45,455.65,65,456.8,195,457.25,456.225,97129,3599,43182,23.865637274820532,14.12,-0.6222717871524039,0.0004368890004545609,-3.989567909153402,23.349229286782624,0.94447016303012,-0.00391293500406964,18.186263473557673,1.3710038770033812e-07,-0.0027539436866795865,6.704620992563424e-06,-0.5065474391342377,-27.462653927738728,0.6342878664087952,0.0004225887382966425,0.07397147215081176,22714,0.055793266784558856,0.0125,index_dividend_yield,0.065,13.46,65,22665,22809.35,22595.2,22716.2,mid_price,ok
2026-09-30T10:00:35.654252+00:00,2026-09-30T15:30:35.654252+05:30,NIFTY,27-Oct-2026,23050.0,CE,22620.45,160.45,130,161.15,195,161.8,160.8,1838,106,4078,-29.46817785527463,10.86,0.3115546279475502,0.0005288997319728478,-5.362520722598559,21.740519360486186,1.6926906143032716,-0.005114893968584222,51.09786824525209,3.6044464033661837e-07,-0.003627225575919676,6.049210047624743e-06,-0.5565890424384676,53.431992510028664,-0.30002642684991565,0.0005093707096576691,0.07397147215081176,22714,0.055793266784558856,0.0125,index_dividend_yield,0.065,13.46,65,22665,22809.35,22595.2,22716.2,mid_price,ok
2026-09-30T10:00:35.654252+00:00,2026-09-30T15:30:35.654252+05:30,NIFTY,27-Oct-2026,23050.0,PE,22620.45,483.4,130,486.6,195,487.95,485.0,914,-44,314,23.59422492401216,13.82,-0.6468200936624343,0.00043639631435780495,-3.6418978165687017,22.82736902565704,1.1167874041253523,-0.004300738468065668,25.997510878147168,1.7357578921550238e-07,-0.0026608172672018893,6.193325263744419e-06,-0.5215630611178526,-27.199275366849953,0.658103844864334,0.0004202828757490049,0.07397147215081176,22714,0.055793266784558856,0.0125,index_dividend_yield,0.065,13.46,65,22665,22809.35,22595.2,22716.2,mid_price,ok
2026-09-30T10:00:35.654252+00:00,2026-09-30T15:30:35.654252+05:30,NIFTY,27-Oct-2026,23100.0,CE,22620.45,143.1,195,143.65,130,143.75,143.375,18821,2555,22268,-30.184555609519183,10.89,0.2866703475278178,0.0005078960210288582,-5.133599443467076,20.934829721851205,1.8498477496085297,-0.005373741773073093,64.00541774176105,3.989123811953818e-07,-0.0031111392993740964,4.904259335791359e-06,-0.573237369009977,54.884044813075434,-0.27560437776514896,0.00048702732840869397,0.07397147215081176,22714,0.055793266784558856,0.0125,index_dividend_yield,0.065,13.46,65,22665,22809.35,22595.2,22716.2,mid_price,ok
2026-09-30T10:00:35.654252+00:00,2026-09-30T15:30:35.654252+05:30,NIFTY,27-Oct-2026,23100.0,PE,22620.45,516.55,65,518.25,65,516.5,517.4,26723,-99,5528,22.089587519205768,14.03,-0.6653921473261886,0.0004211813970829954,-3.5436562651309425,22.366271604142597,1.210331952670396,-0.004538364863534539,31.939724744500353,1.8925997851903375e-07,-0.0024006247481826886,5.570987039673344e-06,-0.5325995211331431,-26.128861853529557,0.6765159074309911,0.0004038756794771531,0.07397147215081176,22714,0.055793266784558856,0.0125,index_dividend_yield,0.065,13.46,65,22665,22809.35,22595.2,22716.2,mid_price,ok
2026-09-30T10:00:35.654252+00:00,2026-09-30T15:30:35.654252+05:30,NIFTY,27-Oct-2026,23150.0,CE,22620.45,128.15,325,129.3,520,129.2,128.72500000000002,1404,284,2372,-30.350404312668463,10.9,0.26255273005383056,0.0004859127048938581,-4.8821249779641676,20.04709714880009,1.9862669675120292,-0.0055818178545884445,77.57218080472406,4.3321348521164975e-07,-0.0025776897927346225,3.7228692618856193e-06,-0.5888950862340536,56.47064687217524,-0.25200389380570964,0.0004639367164303357,0.07397147215081176,22714,0.055793266784558856,0.0125,index_dividend_yield,0.065,13.46,65,22665,22809.35,22595.2,22716.2,mid_price,ok
2026-09-30T10:00:35.654252+00:00,2026-09-30T15:30:35.654252+05:30,NIFTY,27-Oct-2026,23150.0,PE,22620.45,549.95,65,555,65,551.8,552.475,561,-43,246,23.50044762757386,14.08,-0.6850733890168581,0.00040932060235610533,-3.349991619384502,21.8138841300775,1.3145983964359398,-0.004783532442728555,39.123694058268654,2.0893106697739262e-07,-0.002173039437431762,4.936486596511655e-06,-0.5448876348841267,-25.343566907383906,0.6958156341313044,0.0003908085841588763,0.07397147215081176,22714,0.055793266784558856,0.0125,index_dividend_yield,0.065,13.46,65,22665,22809.35,22595.2,22716.2,mid_price,ok
2026-09-30T10:00:35.654252+00:00,2026-09-30T15:30:35.654252+05:30,NIFTY,27-Oct-2026,23200.0,CE,22620.45,114.5,455,114.9,325,114.45,114.7,40348,2270,26745,-31.095725466586394,10.92,0.2398172439953924,0.0004623429766066778,-4.628084073684818,19.109690163503977,2.093235941677249,-0.005729557400019097,90.9485174980631,4.60146770728912e-07,-0.0020334282288347427,2.546073970796474e-06,-0.6025173648133055,58.00495048782234,-0.22979531782687032,0.00043953227963661586,0.07397147215081176,22714,0.055793266784558856,0.0125,index_dividend_yield,0.065,13.46,65,22665,22809.35,22595.2,22716.2,mid_price,ok
2026-09-30T10:00:35.654252+00:00,2026-09-30T15:30:35.654252+05:30,NIFTY,27-Oct-2026,23200.0,PE,22620.45,587.35,65,589.95,65,589.8,588.6500000000001,35123,-97,6089,22.49221183800623,14.32,-0.7014198580075239,0.00039305436645598507,-3.251368768884202,21.304060451908196,1.3767206607741,-0.00495434010346818,44.92306618939956,2.176961216673315e-07,-0.0019160130014180844,4.3245793889676244e-06,-0.5546759773181229,-24.34108666176823,0.7119944102070184,0.0003736621738638295,0.07397147215081176,22714,0.055793266784558856,0.0125,index_dividend_yield,0.065,13.46,65,22665,22809.35,22595.2,22716.2,mid_price,ok
2026-09-30T10:00:35.654252+00:00,2026-09-30T15:30:35.654252+05:30,NIFTY,27-Oct-2026,23250.0,CE,22620.45,102.1,520,102.95,130,102.9,102.525,2371,207,3223,-30.962764173096275,10.93,0.21810510236342198,0.0004379704822145462,-4.362350587750693,18.11889657443423,2.1762750126954056,-0.005822923380744971,104.16301563540031,4.818612924150135e-07,-0.0014890924505645095,1.3797557430011399e-06,-0.6139600454869409,59.61872006068548,-0.20864010472765807,0.000414573375496418,0.07397147215081176,22714,0.055793266784558856,0.0125,index_dividend_yield,0.065,13.46,65,22665,22809.35,22595.2,22716.2,mid_price,ok
2026-09-30T10:00:35.654252+00:00,2026-09-30T15:30:35.654252+05:30,NIFTY,27-Oct-2026,23250.0,PE,22620.45,621.55,65,627.9,65,631.95,624.7249999999999,1009,-14,139,22.411622276029057,14.42,,,,,,,,,,,,,,,0.07397147215081176,,,,,,13.46,65,22665,22809.35,22595.2,22716.2,mid_price,no_price_available
2026-09-30T10:00:35.654252+00:00,2026-09-30T15:30:35.654252+05:30,NIFTY,27-Oct-2026,23300.0,CE,22620.45,90.4,520,90.65,65,90.4,90.525,49517,3505,28842,-32.18304576144036,10.94,0.19765074732797067,0.00041285345322792755,-4.093541811918542,17.095428308895936,2.2330304159834253,-0.005860875984680603,116.69710916927833,4.973723567275639e-07,-0.0009553845639964447,2.5361792986485507e-07,-0.6226187309052307,61.246113368794006,-0.18875318162920302,0.0003891226940779886,0.07397147215081176,22714,0.055793266784558856,0.0125,index_dividend_yield,0.065,13.46,65,22665,22809.35,22595.2,22716.2,mid_price,ok
2026-09-30T10:00:35.654252+00:00,2026-09-30T15:30:35.654252+05:30,NIFTY,27-Oct-2026,23300.0,PE,22620.45,661.5,130,663.85,325,662.2,662.675,43105,-122,5868,20.334363074686536,14.61,,,,,,,,,,,,,,,0.07397147215081176,,,,,,13.46,65,22665,22809.35,22595.2,22716.2,mid_price,no_price_available
2026-09-30T10:00:35.654252+00:00,2026-09-30T15:30:35.654252+05:30,NIFTY,27-Oct-2026,23350.0,CE,22620.45,80.55,65,81.25,910,81.3,80.9,2098,675,3491,-31.508003369839933,10.97,0.17892732456322488,0.0003872069654129853,-3.8368222065535407,16.0774264441199,2.2599169597330575,-0.0058450559150882144,127.75731930196343,5.048423374873035e-07,-0.0004525619591004982,-7.834930438487724e-07,-0.6279369273743871,62.73162751765125,-0.17057374926757532,0.00036338907963568486,0.07397147215081176,22714,0.055793266784558856,0.0125,index_dividend_yield,0.065,13.46,65,22665,22809.35,22595.2,22716.2,mid_price,ok
2026-09-30T10:00:35.654252+00:00,2026-09-30T15:30:35.654252+05:30,NIFTY,27-Oct-2026,23350.0,PE,22620.45,698.3,325,707.75,325,712.45,703.025,492,-11,79,22.846797137684284,15.07,,,,,,,,,,,,,,,0.07397147215081176,,,,,,13.46,65,22665,22809.35,22595.2,22716.2,mid_price,no_price_available
2026-09-30T10:00:35.654252+00:00,2026-09-30T15:30:35.654252+05:30,NIFTY,27-Oct-2026,23400.0,CE,22620.45,71.2,520,71.5,65,71.2,71.35,33936,3137,23828,-32.9251059821008,11.02,0.16194340802199284,0.0003616016290791133,-3.5947517830248334,15.08268689319357,2.259949593759192,-0.005783274747204275,137.0834990717631,5.049566569927405e-07,5.473756041555729e-06,-1.7106611188745253e-06,-0.62990660310669,64.05721495939041,-0.1541045246239991,0.000337910077691899,0.07397147215081176,22714,0.055793266784558856,0.0125,index_dividend_yield,0.065,13.46,65,22665,22809.35,22595.2,22716.2,mid_price,ok
2026-09-30T10:00:35.654252+00:00,2026-09-30T15:30:35.654252+05:30,NIFTY,27-Oct-2026,23400.0,PE,22620.45,738.6,650,742.8,325,738.9,740.7,23401,-355,1732,20.440097799511,14.63,,,,,,,,,,,,,,,0.07397147215081176,,,,,,13.46,65,22665,22809.35,22595.2,22716.2,mid_price,no_price_available
2026-09-30T10:00:35.654252+00:00,2026-09-30T15:30:35.654252+05:30,NIFTY,27-Oct-2026,23450.0,CE,22620.45,63.55,195,64.35,65,63.7,63.949999999999996,2265,486,3353,-32.44962884411453,11.08,0.14644329248994797,0.0003364913042766586,-3.3629990717137646,14.11173292377904,2.238574285026704,-0.005683311880875841,144.78401658378016,4.995257908465502e-07,0.0004157152487753023,-2.530866117121482e-06,-0.6287243910843205,65.28903091838569,-0.13909916876723244,0.0003131054535413931,0.07397147215081176,22714,0.055793266784558856,0.0125,index_dividend_yield,0.065,13.46,65,22665,22809.35,22595.2,22716.2,mid_price,ok
2026-09-30T10:00:35.654252+00:00,2026-09-30T15:30:35.654252+05:30,NIFTY,27-Oct-2026,23450.0,PE,22620.45,784,520,788.15,65,784,786.075,795,-24,210,17.45318352059925,13.79,,,,,,,,,,,,,,,0.07397147215081176,,,,,,13.46,65,22665,22809.35,22595.2,22716.2,mid_price,no_price_available
2026-09-30T10:00:35.654252+00:00,2026-09-30T15:30:35.654252+05:30,NIFTY,27-Oct-2026,23500.0,CE,22620.45,56.65,65,56.8,1885,56.8,56.724999999999994,139173,7760,90421,-31.483715319662245,11.18,0.1330333533512279,0.000312404539302976,-3.161778285419894,13.219830346223093,2.1948743680082066,-0.0055563383543715825,150.10987770634455,4.870058624406878e-07,0.0007533127524111927,-3.192693200451853e-06,-0.624650268489038,66.16942753480535,-0.12611897868299873,0.0002894570233673276,0.07397147215081176,22714,0.055793266784558856,0.0125,index_dividend_yield,0.065,13.46,65,22665,22809.35,22595.2,22716.2,mid_price,ok
2026-09-30T10:00:35.654252+00:00,2026-09-30T15:30:35.654252+05:30,NIFTY,27-Oct-2026,23500.0,PE,22620.45,826.05,130,829.65,65,828.6,827.8499999999999,96342,-540,13598,19.205869659041863,15.5,,,,,,,,,,,,,,,0.07397147215081176,,,,,,13.46,65,22665,22809.35,22595.2,22716.2,mid_price,no_price_available
2026-09-30T10:00:35.654252+00:00,2026-09-30T15:30:35.654252+05:30,NIFTY,27-Oct-2026,23550.0,CE,22620.45,50.4,130,50.75,65,50.4,50.575,2183,540,2419,-31.568228105906314,11.2,0.11902370123741926,0.00028856628757391556,-2.917414851948366,12.232926251133629,2.147718892828533,-0.005389533251214024,155.83448742557326,4.774632483070815e-07,0.0010998615786867697,-3.879285982435793e-06,-0.6174425484209287,67.7007081660121,-0.11263698406922079,0.0002662356752496645,0.07397147215081176,22714,0.055793266784558856,0.0125,index_dividend_yield,0.065,13.46,65,22665,22809.35,22595.2,22716.2,mid_price,ok
2026-09-30T10:00:35.654252+00:00,2026-09-30T15:30:35.654252+05:30,NIFTY,27-Oct-2026,23550.0,PE,22620.45,747.35,325,877.65,260,883.5,812.5,292,-7,36,20.556730572422733,14.74,,,,,,,,,,,,,,,0.07397147215081176,,,,,,13.46,65,22665,22809.35,22595.2,22716.2,mid_price,no_price_available
2026-09-30T10:00:35.654252+00:00,2026-09-30T15:30:35.654252+05:30,NIFTY,27-Oct-2026,23600.0,CE,22620.45,44.4,65,44.55,195,44.6,44.474999999999994,21130,2463,26826,-30.74534161490683,11.26,0.10699430414927026,0.0002660113174749182,-2.705911352633153,11.337185357737123,2.082885550707965,-0.005205188646224768,159.17832854893987,4.6199002482138e-07,0.0013727707893691798,-4.406285269912115e-06,-0.6076068645626567,68.87966078822717,-0.10106448322064567,0.00024438727495921066,0.07397147215081176,22714,0.055793266784558856,0.0125,index_dividend_yield,0.065,13.46,65,22665,22809.35,22595.2,22716.2,mid_price,ok
2026-09-30T10:00:35.654252+00:00,2026-09-30T15:30:35.654252+05:30,NIFTY,27-Oct-2026,23600.0,PE,22620.45,910.65,65,915.55,65,912.45,913.0999999999999,10726,-147,1271,17.75827579531522,16.04,,,,,,,,,,,,,,,0.07397147215081176,,,,,,13.46,65,22665,22809.35,22595.2,22716.2,mid_price,no_price_available
2026-09-30T10:00:35.654252+00:00,2026-09-30T15:30:35.654252+05:30,NIFTY,27-Oct-2026,23650.0,CE,22620.45,40.15,325,40.4,130,40.2,40.275,2034,673,3922,-30.268863833477884,11.39,0.09741038049068965,0.0002456230260362059,-2.54483640048891,10.589112056869014,2.0050484516456883,-0.005025107195605963,159.86473454659046,4.406187504953511e-07,0.0015520150215138058,-4.744106451909022e-06,-0.5966326818250121,69.41433213691793,-0.09182760918082465,0.00022470320555011171,0.07397147215081176,22714,0.055793266784558856,0.0125,index_dividend_yield,0.065,13.46,65,22665,22809.35,22595.2,22716.2,mid_price,ok
2026-09-30T10:00:35.654252+00:00,2026-09-30T15:30:35.654252+05:30,NIFTY,27-Oct-2026,23650.0,PE,22620.45,942.85,65,960.55,65,960.85,951.7,358,45,108,16.389073950699533,15.3,,,,,,,,,,,,,,,0.07397147215081176,,,,,,13.46,65,22665,22809.35,22595.2,22716.2,mid_price,no_price_available
2026-09-30T10:00:35.654252+00:00,2026-09-30T15:30:35.654252+05:30,NIFTY,27-Oct-2026,23700.0,CE,22620.45,35.55,1040,35.75,260,35.65,35.65,16249,-8,29717,-28.77122877122877,11.44,0.08715071529608887,0.00022521229510916359,-2.3445543937997497,9.75180174549014,1.924617040121389,-0.0048071779783647045,160.80172609048392,4.222320497642319e-07,0.0017452765389677548,-5.104428952019193e-06,-0.5821227063348147,70.63330549412231,-0.08200330025377847,0.00020516245396421954,0.07397147215081176,22714,0.055793266784558856,0.0125,index_dividend_yield,0.065,13.46,65,22665,22809.35,22595.2,22716.2,mid_price,ok
2026-09-30T10:00:35.654252+00:00,2026-09-30T15:30:35.654252+05:30,NIFTY,27-Oct-2026,23700.0,PE,22620.45,1000,65,1006.5,130,1000,1003.25,6006,-39,456,17.0343495816022,16.17,,,,,,,,,,,,,,,0.07397147215081176,,,,,,13.46,65,22665,22809.35,22595.2,22716.2,mid_price,no_price_available
2026-09-30T10:00:35.654252+00:00,2026-09-30T15:30:35.654252+05:30,NIFTY,27-Oct-2026,23750.0,CE,22620.45,32.05,195,32.35,650,32.2,32.2,2089,297,3108,-28.60310421286031,11.58,0.07947400082453368,0.00020758958733397247,-2.205272612978883,9.098731880747268,1.8385010394469241,-0.004615296105600145,159.2750727692067,3.991647221661596e-07,0.0018415091329859723,-5.277709803919563e-06,-0.5682370611310485,71.0105246228794,-0.07462825961937171,0.0001883132238011577,0.07397147215081176,22714,0.055793266784558856,0.0125,index_dividend_yield,0.065,13.46,65,22665,22809.35,22595.2,22716.2,mid_price,ok
2026-09-30T10:00:35.654252+00:00,2026-09-30T15:30:35.654252+05:30,NIFTY,27-Oct-2026,23750.0,PE,22620.45,1034.25,130,1055,65,1065,1044.625,204,2,65,19.629317607413647,16.94,,,,,,,,,,,,,,,0.07397147215081176,,,,,,13.46,65,22665,22809.35,22595.2,22716.2,mid_price,no_price_available
2026-09-30T10:00:35.654252+00:00,2026-09-30T15:30:35.654252+05:30,NIFTY,27-Oct-2026,23800.0,CE,22620.45,28.25,780,28.4,1625,28.4,28.325,25969,6078,29907,-27.735368956743002,11.62,0.07075467236959446,0.00018933046466633252,-2.018159950286443,8.327092163066553,1.7486424243763758,-0.004376406753627951,158.11549855197703,3.79275984998027e-07,0.0019659234741514903,-5.491066819670096e-06,-0.549844513772296,72.27479761626478,-0.06631755651089895,0.00017102872860878354,0.07397147215081176,22714,0.055793266784558856,0.0125,index_dividend_yield,0.065,13.46,65,22665,22809.35,22595.2,22716.2,mid_price,ok
2026-09-30T10:00:35.654252+00:00,2026-09-30T15:30:35.654252+05:30,NIFTY,27-Oct-2026,23800.0,PE,22620.45,1089.75,65,1099.75,195,1095.95,1094.75,8583,46,814,17.026161238654566,16.97,,,,,,,,,,,,,,,0.07397147215081176,,,,,,13.46,65,22665,22809.35,22595.2,22716.2,mid_price,no_price_available
2026-09-30T10:00:35.654252+00:00,2026-09-30T15:30:35.654252+05:30,NIFTY,27-Oct-2026,23850.0,CE,22620.45,25.8,325,26.05,325,25.9,25.925,1608,544,2949,-27.144866385372715,11.79,0.06501535785027593,0.00017480006695983855,-1.911047677942222,7.800494632097039,1.6620308109522168,-0.004195248049208275,154.76169618240877,3.557325271922251e-07,0.001985643059704948,-5.516728278342206e-06,-0.5350226896826502,72.30788324275244,-0.060810799161903545,0.000157241547224531,0.07397147215081176,22714,0.055793266784558856,0.0125,index_dividend_yield,0.065,13.46,65,22665,22809.35,22595.2,22716.2,mid_price,ok
2026-09-30T10:00:35.654252+00:00,2026-09-30T15:30:35.654252+05:30,NIFTY,27-Oct-2026,23850.0,PE,22620.45,1130.05,130,1148.3,65,1156.9,1139.175,177,-28,36,12.320388349514563,17.52,,,,,,,,,,,,,,,0.07397147215081176,,,,,,13.46,65,22665,22809.35,22595.2,22716.2,mid_price,no_price_available
2026-09-30T10:00:35.654252+00:00,2026-09-30T15:30:35.654252+05:30,NIFTY,27-Oct-2026,23900.0,CE,22620.45,23.55,585,23.7,260,23.55,23.625,8212,-890,11954,-24.51923076923077,11.94,0.059493220393070756,0.00016105895001972242,-1.7996968049206095,7.278735414670251,1.5764351858826784,-0.004007609968101983,151.16207653248193,3.336047810149198e-07,0.001996111163505944,-5.520554948370692e-06,-0.5190072763424745,72.49622072542581,-0.05553138893503363,0.00014427515256593934,0.07397147215081176,22714,0.055793266784558856,0.0125,index_dividend_yield,0.065,13.46,65,22665,22809.35,22595.2,22716.2,mid_price,ok
2026-09-30T10:00:35.654252+00:00,2026-09-30T15:30:35.654252+05:30,NIFTY,27-Oct-2026,23900.0,PE,22620.45,1182.6,65,1192.6,65,1179,1187.6,3491,99,473,13.770143780758467,17.1,,,,,,,,,,,,,,,0.07397147215081176,,,,,,13.46,65,22665,22809.35,22595.2,22716.2,mid_price,no_price_available
2026-09-30T10:00:35.654252+00:00,2026-09-30T15:30:35.654252+05:30,NIFTY,27-Oct-2026,23950.0,CE,22620.45,21.85,130,22,390,21.85,21.925,3802,1186,3759,-23.7347294938918,12.11,0.054782986661529996,0.0001488158898441031,-1.704936874818933,6.821190700071473,1.494661358699651,-0.003834158542812625,147.10101332320892,3.1218193109629817e-07,0.001980568854497095,-5.4766689181359426e-06,-0.5036057262164952,72.47247969065985,-0.051027836663593146,0.00013275190155476969,0.07397147215081176,22714,0.055793266784558856,0.0125,index_dividend_yield,0.065,13.46,65,22665,22809.35,22595.2,22716.2,mid_price,ok
2026-09-30T10:00:35.654252+00:00,2026-09-30T15:30:35.654252+05:30,NIFTY,27-Oct-2026,23950.0,PE,22620.45,1218.5,195,1240.3,65,1255.75,1229.4,75,-5,7,9.162428826009476,18.51,,,,,,,,,,,,,,,0.07397147215081176,,,,,,13.46,65,22665,22809.35,22595.2,22716.2,mid_price,no_price_available
2026-09-30T10:00:35.654252+00:00,2026-09-30T15:30:35.654252+05:30,NIFTY,27-Oct-2026,24000.0,CE,22620.45,20.35,975,20.45,455,20.55,20.4,98278,9480,73978,-22.3062381852552,12.33,0.051214064363218466,0.00013855734205452789,-1.6402713726804363,6.466352310199715,1.4203124579516244,-0.003692015729350344,142.67166930737264,2.915186308106327e-07,0.0019335015561316928,-5.380887050176672e-06,-0.49055727730022175,71.97371066590624,-0.047599551380896714,0.00012308625011519473,0.07397147215081176,22714,0.055793266784558856,0.0125,index_dividend_yield,0.065,13.46,65,22665,22809.35,22595.2,22716.2,mid_price,ok
2026-09-30T10:00:35.654252+00:00,2026-09-30T15:30:35.654252+05:30,NIFTY,27-Oct-2026,24000.0,PE,22620.45,1282.8,65,1285.05,325,1285.05,1283.925,45619,1389,6373,13.61566685822908,18.35,,,,,,,,,,,,,,,0.07397147215081176,,,,,,13.46,65,22665,22809.35,22595.2,22716.2,mid_price,no_price_available
2026-09-30T10:00:35.654252+00:00,2026-09-30T15:30:35.654252+05:30,NIFTY,27-Oct-2026,24050.0,CE,22620.45,18.4,325,18.5,195,18.25,18.45,3530,1006,2576,-21.841541755888652,12.42,0.04621464956518518,0.0001267107415763451,-1.5178511662737117,5.956645726422903,1.3376778102899556,-0.003487236268900143,138.44703128828328,2.7297873161432505e-07,0.001924988181509213,-5.331186324417558e-06,-0.47118107919111635,72.62217698323816,-0.04286907154644499,0.00011209487366522728,0.07397147215081176,22714,0.055793266784558856,0.0125,index_dividend_yield,0.065,13.46,65,22665,22809.35,22595.2,22716.2,mid_price,ok
2026-09-30T10:00:35.654252+00:00,2026-09-30T15:30:35.654252+05:30,NIFTY,27-Oct-2026,24050.0,PE,22620.45,1239.95,65,1341.65,65,1348.8,1290.8000000000002,67,-12,17,10.557377049180328,19.07,,,,,,,,,,,,,,,0.07397147215081176,,,,,,13.46,65,22665,22809.35,22595.2,22716.2,mid_price,no_price_available
2026-09-30T10:00:35.654252+00:00,2026-09-30T15:30:35.654252+05:30,NIFTY,27-Oct-2026,24100.0,CE,22620.45,16.85,975,16.95,65,16.95,16.9,10979,-262,9233,-20.422535211267604,12.58,0.042572381503314494,0.00011709178754276385,-1.43502790229017,5.575371615628845,1.2644451834524921,-0.0033250801629609583,133.89110868576725,2.5497377957315136e-07,0.001881268703536619,-5.2261983499016554e-06,-0.4552936105085541,72.61587848091155,-0.03940849694267353,0.00010315608029530763,0.07397147215081176,22714,0.055793266784558856,0.0125,index_dividend_yield,0.065,13.46,65,22665,22809.35,22595.2,22716.2,mid_price,ok
2026-09-30T10:00:35.654252+00:00,2026-09-30T15:30:35.654252+05:30,NIFTY,27-Oct-2026,24100.0,PE,22620.45,1372.75,65,1388.8,130,1377,1380.775,3450,11,273,12.31189592594103,19.17,,,,,,,,,,,,,,,0.07397147215081176,,,,,,13.46,65,22665,22809.35,22595.2,22716.2,mid_price,no_price_available
2026-09-30T10:00:35.654252+00:00,2026-09-30T15:30:35.654252+05:30,NIFTY,27-Oct-2026,24150.0,CE,22620.45,15.2,390,15.5,1755,15.4,15.35,1323,269,892,-19.3717277486911,12.74,0.03925956290033347,0.00010826763364061198,-1.3572917666518793,5.220773058112825,1.1945994422512332,-0.0031691518504822144,129.27041067743562,2.380545942287882e-07,0.001831066621729553,-5.107024927239909e-06,-0.43958288558200476,72.58795931738032,-0.036266442875768884,9.498758696818698e-05,0.07397147215081176,22714,0.055793266784558856,0.0125,index_dividend_yield,0.065,13.46,65,22665,22809.35,22595.2,22716.2,mid_price,ok
2026-09-30T10:00:35.654252+00:00,2026-09-30T15:30:35.654252+05:30,NIFTY,27-Oct-2026,24150.0,PE,22620.45,1415.45,325,1429.45,65,1418.2,1422.45,246,-8,41,14.847957241770256,17.79,,,,,,,,,,,,,,,0.07397147215081176,,,,,,13.46,65,22665,22809.35,22595.2,22716.2,mid_price,no_price_available
2026-09-30T10:00:35.654252+00:00,2026-09-30T15:30:35.654252+05:30,NIFTY,27-Oct-2026,24200.0,CE,22620.45,14.45,325,14.55,715,14.5,14.5,16122,3206,14983,-16.42651296829971,12.9,0.036244169225707445,0.00010017289794616395,-1.2843599665718244,4.891101672797739,1.1281702908072406,-0.0030196115716577404,124.62897348761092,2.2219217857957763e-07,0.0017760318977777317,-4.976920561734007e-06,-0.42411724436912746,72.53980412954245,-0.03341145525461103,8.752295789909606e-05,0.07397147215081176,22714,0.055793266784558856,0.0125,index_dividend_yield,0.065,13.46,65,22665,22809.35,22595.2,22716.2,mid_price,ok
2026-09-30T10:00:35.654252+00:00,2026-09-30T15:30:35.654252+05:30,NIFTY,27-Oct-2026,24200.0,PE,22620.45,1469.55,65,1480.4,65,1472,1474.975,6153,-49,172,11.75220163984209,20.11,,,,,,,,,,,,,,,0.07397147215081176,,,,,,13.46,65,22665,22809.35,22595.2,22716.2,mid_price,no_price_available
2026-09-30T10:00:35.654252+00:00,2026-09-30T15:30:35.654252+05:30,NIFTY,27-Oct-2026,24250.0,CE,22620.45,13.35,260,13.45,260,13.4,13.399999999999999,1803,137,1576,-15.189873417721518,13.07,0.033603941259286056,9.291846814961922e-05,-1.2200486572414928,4.596681062506496,1.0663118554575004,-0.0028818868941040405,120.04192633952249,2.0740235901262447e-07,0.001715699437739158,-4.837576511630028e-06,-0.4095256919928509,72.38547846373626,-0.03091278544309972,8.085018838590223e-05,0.07397147215081176,22714,0.055793266784558856,0.0125,index_dividend_yield,0.065,13.46,65,22665,22809.35,22595.2,22716.2,mid_price,ok
2026-09-30T10:00:35.654252+00:00,2026-09-30T15:30:35.654252+05:30,NIFTY,27-Oct-2026,24250.0,PE,22620.45,1514.05,65,1542.6,130,1537.2,1528.3249999999998,202,-2,11,8.490366292610629,20.23,,,,,,,,,,,,,,,0.07397147215081176,,,,,,13.46,65,22665,22809.35,22595.2,22716.2,mid_price,no_price_available
2026-09-30T10:00:35.654252+00:00,2026-09-30T15:30:35.654252+05:30,NIFTY,27-Oct-2026,24300.0,CE,22620.45,12.6,260,12.7,845,12.7,12.649999999999999,9115,-122,4957,-14.478114478114477,13.29,0.03169994997554499,8.708902988010077e-05,-1.179545333440569,4.380817651137383,1.0137201259145696,-0.0027769868811097563,115.74885450157124,1.939411715268341e-07,0.0016458067150390714,-4.690827024954607e-06,-0.3981800134666367,71.78667620209276,-0.029097871291353293,7.546635708697804e-05,0.07397147215081176,22714,0.055793266784558856,0.0125,index_dividend_yield,0.065,13.46,65,22665,22809.35,22595.2,22716.2,mid_price,ok
2026-09-30T10:00:35.654252+00:00,2026-09-30T15:30:35.654252+05:30,NIFTY,27-Oct-2026,24300.0,PE,22620.45,1564.15,65,1581.6,65,1577.05,1572.875,3572,-7,162,11.58241058478084,19.93,,,,,,,,,,,,,,,0.07397147215081176,,,,,,13.46,65,22665,22809.35,22595.2,22716.2,mid_price,no_price_available
2026-09-30T10:00:35.654252+00:00,2026-09-30T15:30:35.654252+05:30,NIFTY,27-Oct-2026,24350.0,CE,22620.45,11.6,1300,11.65,260,11.6,11.625,2543,-31,2482,-15.636363636363637,13.43,0.029184333038793413,8.047543990015017e-05,-1.1107265827839254,4.090779911240684,0.9550215860700747,-0.002635846412874298,111.1936218790892,1.8093869453809103e-07,0.0015882720634337922,-4.547121294072844e-06,-0.38262267938915784,71.86026601835852,-0.026734126901880952,6.944930578034764e-05,0.07397147215081176,22714,0.055793266784558856,0.0125,index_dividend_yield,0.065,13.46,65,22665,22809.35,22595.2,22716.2,mid_price,ok
2026-09-30T10:00:35.654252+00:00,2026-09-30T15:30:35.654252+05:30,NIFTY,27-Oct-2026,24350.0,PE,22620.45,1436.4,650,1635.45,65,1586.85,1535.9250000000002,235,3,16,8.004083716181725,16.59,,,,,,,,,,,,,,,0.07397147215081176,,,,,,13.46,65,22665,22809.35,22595.2,22716.2,mid_price,no_price_available
2026-09-30T10:00:35.654252+00:00,2026-09-30T15:30:35.654252+05:30,NIFTY,27-Oct-2026,24400.0,CE,22620.45,10.8,1105,10.95,390,10.9,10.875,5973,-629,5884,-12.449799196787149,13.57,0.02689095035429698,7.439795126555359e-05,-1.0462721611923258,3.8212686078160623,0.899402769085414,-0.0025011398858534248,106.69168834065279,1.687582051884983e-07,0.0015290125824737846,-4.398874218766857e-06,-0.36743986239366894,71.91596180165966,-0.024583078571945305,6.39416448939737e-05,0.07397147215081176,22714,0.055793266784558856,0.0125,index_dividend_yield,0.065,13.46,65,22665,22809.35,22595.2,22716.2,mid_price,ok
2026-09-30T10:00:35.654252+00:00,2026-09-30T15:30:35.654252+05:30,NIFTY,27-Oct-2026,24400.0,PE,22620.45,1648.25,650,1677.3,65,1671.25,1662.775,2365,27,57,10.357237189646064,20.39,,,,,,,,,,,,,,,0.07397147215081176,,,,,,13.46,65,22665,22809.35,22595.2,22716.2,mid_price,no_price_available
2026-09-30T10:00:35.654252+00:00,2026-09-30T15:30:35.654252+05:30,NIFTY,27-Oct-2026,24450.0,CE,22620.45,10.25,195,10.4,130,10.2,10.325,1472,-354,1166,-12.068965517241379,13.77,0.02530927910484154,6.969323251359982e-05,-1.0071912001983716,3.632380129676294,0.8539585979109326,-0.0024033126305858105,102.67268979632526,1.579335976300231e-07,0.0014638528658308513,-4.2535027245516185e-06,-0.35620002091774694,71.45455984408272,-0.023087733975799423,5.9653422036662494e-05,0.07397147215081176,22714,0.055793266784558856,0.0125,index_dividend_yield,0.065,13.46,65,22665,22809.35,22595.2,22716.2,mid_price,ok
2026-09-30T10:00:35.654252+00:00,2026-09-30T15:30:35.654252+05:30,NIFTY,27-Oct-2026,24450.0,PE,22620.45,1628.25,650,1748.8,65,1740,1688.525,135,3,7,7.937098725225645,22.37,,,,,,,,,,,,,,,0.07397147215081176,,,,,,13.46,65,22665,22809.35,22595.2,22716.2,mid_price,no_price_available
2026-09-30T10:00:35.654252+00:00,2026-09-30T15:30:35.654252+05:30,NIFTY,27-Oct-2026,24500.0,CE,22620.45,9.75,325,9.8,585,9.75,9.775,37986,-84,20621,-10.95890410958904,13.99,0.024017393679046685,6.564725266635995e-05,-0.9773769265466786,3.476170043746418,0.8136583605391021,-0.002320574129553603,98.94673558031775,1.4811447162576167e-07,0.0013993833692420572,-4.113660623100839e-06,-0.3465537168480095,70.82673967234746,-0.02186178136649093,5.596118052019129e-05,0.07397147215081176,22714,0.055793266784558856,0.0125,index_dividend_yield,0.065,13.46,65,22665,22809.35,22595.2,22716.2,mid_price,ok
2026-09-30T10:00:35.654252+00:00,2026-09-30T15:30:35.654252+05:30,NIFTY,27-Oct-2026,24500.0,PE,22620.45,1765.25,65,1772.1,65,1770,1768.675,23276,99,848,10.235730078161492,22.77,,,,,,,,,,,,,,,0.07397147215081176,,,,,,13.46,65,22665,22809.35,22595.2,22716.2,mid_price,no_price_available
2026-09-30T10:00:35.654252+00:00,2026-09-30T15:30:35.654252+05:30,NIFTY,27-Oct-2026,24550.0,CE,22620.45,9.15,390,9.3,455,9.15,9.225000000000001,1410,-291,1393,-10.731707317073171,14.16,0.022438616228229354,6.125104772294247e-05,-0.9325610460473372,3.282793144442883,0.7701782468497522,-0.002217925072118071,95.0211946629913,1.3856354306083243e-07,0.0013403798949105333,-3.971345321865029e-06,-0.3344139967861901,70.60034492694304,-0.020382168317771468,5.2001157359997034e-05,0.07397147215081176,22714,0.055793266784558856,0.0125,index_dividend_yield,0.065,13.46,65,22665,22809.35,22595.2,22716.2,mid_price,ok
2026-09-30T10:00:35.654252+00:00,2026-09-30T15:30:35.654252+05:30,NIFTY,27-Oct-2026,24550.0,PE,22620.45,1567.15,650,1843.75,195,1661.85,1705.45,102,0,4,-7.8030513176144245,0,,,,,,,,,,,,,,,0.07397147215081176,,,,,,13.46,65,22665,22809.35,22595.2,22716.2,mid_price,no_price_available
2026-09-30T10:00:35.654252+00:00,2026-09-30T15:30:35.654252+05:30,NIFTY,27-Oct-2026,24600.0,CE,22620.45,8.4,1105,8.45,325,8.4,8.425,5375,-218,5223,-10.638297872340425,14.31,0.020842649829203228,5.694590920282189e-05,-0.883998778033928,3.0843873100137613,0.7269969706539502,-0.0021109371405196135,91.07328534075964,1.2948226550003648e-07,0.001283520103799158,-3.827792552567272e-06,-0.32154811848861264,70.52257467465729,-0.01889368860296058,4.81498343926688e-05,0.07397147215081176,22714,0.055793266784558856,0.0125,index_dividend_yield,0.065,13.46,65,22665,22809.35,22595.2,22716.2,mid_price,ok
2026-09-30T10:00:35.654252+00:00,2026-09-30T15:30:35.654252+05:30,NIFTY,27-Oct-2026,24600.0,PE,22620.45,1857.2,65,1870.5,65,1880,1863.85,2936,-10,133,9.248336577853967,22.97,,,,,,,,,,,,,,,0.07397147215081176,,,,,,13.46,65,22665,22809.35,22595.2,22716.2,mid_price,no_price_available
2026-09-30T10:00:35.654252+00:00,2026-09-30T15:30:35.654252+05:30,NIFTY,27-Oct-2026,24650.0,CE,22620.45,8.05,390,8.25,520,8.05,8.15,594,-67,412,-8,14.52,0.019792965023341026,5.3717104780067815e-05,-0.8570855237503034,2.952201225344016,0.6930385108068412,-0.002037429745270297,87.73148154363786,1.2164694653165671e-07,0.0012263837752238952,-3.698205426258331e-06,-0.31257500059195253,69.96309645061757,-0.017903704640999135,4.5235691191039445e-05,0.07397147215081176,22714,0.055793266784558856,0.0125,index_dividend_yield,0.065,13.46,65,22665,22809.35,22595.2,22716.2,mid_price,ok
2026-09-30T10:00:35.654252+00:00,2026-09-30T15:30:35.654252+05:30,NIFTY,27-Oct-2026,24650.0,PE,22620.45,1743.75,65,1941.3,455,1750,1842.525,44,-1,1,3.2813975448536357,0,,,,,,,,,,,,,,,0.07397147215081176,,,,,,13.46,65,22665,22809.35,22595.2,22716.2,mid_price,no_price_available
2026-09-30T10:00:35.654252+00:00,2026-09-30T15:30:35.654252+05:30,NIFTY,27-Oct-2026,24700.0,CE,22620.45,7.6,2665,7.65,195,7.65,7.625,4350,167,1896,-7.2727272727272725,14.7,0.01862374159244939,5.0383081989969395e-05,-0.8226482007292525,2.803295033367137,0.6579266562411809,-0.0019541429754748804,84.29852769546531,1.1408964826949463e-07,0.0011723436104743208,-3.5669892141607795e-06,-0.302281046741923,69.6348349536589,-0.016810834292216907,4.2256478758108194e-05,0.07397147215081176,22714,0.055793266784558856,0.0125,index_dividend_yield,0.065,13.46,65,22665,22809.35,22595.2,22716.2,mid_price,ok
2026-09-30T10:00:35.654252+00:00,2026-09-30T15:30:35.654252+05:30,NIFTY,27-Oct-2026,24700.0,PE,22620.45,1952.3,390,1977.25,195,1790.65,1964.775,3373,12,65,0.4938687319359093,0,,,,,,,,,,,,,,,0.07397147215081176,,,,,,13.46,65,22665,22809.35,22595.2,22716.2,mid_price,no_price_available
2026-09-30T10:00:35.654252+00:00,2026-09-30T15:30:35.654252+05:30,NIFTY,27-Oct-2026,24750.0,CE,22620.45,7.2,715,7.4,520,7.2,7.300000000000001,522,-20,494,-4.635761589403973,14.9,0.01766985369310054,4.752855598547209e-05,-0.7960785734662761,2.680449507717097,0.6270705290109986,-0.0018841174144717046,81.17075180356493,1.0727998004382618e-07,0.0011203020480311445,-3.444336658009585e-06,-0.29351614440474716,69.15024586008913,-0.015915954501784867,3.970147973005249e-05,0.07397147215081176,22714,0.055793266784558856,0.0125,index_dividend_yield,0.065,13.46,65,22665,22809.35,22595.2,22716.2,mid_price,ok
2026-09-30T10:00:35.654252+00:00,2026-09-30T15:30:35.654252+05:30,NIFTY,27-Oct-2026,24750.0,PE,22620.45,1884.45,650,2068.1,65,0.0,1976.275,11,0,0,0,0,,,,,,,,,,,,,,,0.07397147215081176,,,,,,13.46,65,22665,22809.35,22595.2,22716.2,mid_price,no_price_available
2026-09-30T10:00:35.654252+00:00,2026-09-30T15:30:35.654252+05:30,NIFTY,27-Oct-2026,24800.0,CE,22620.45,6.6,585,6.7,585,6.65,6.65,6221,-141,3563,-8.275862068965518,14.99,0.016134417610860884,4.370996588574292e-05,-0.7399956760329942,2.4799837946536307,0.5866060025765205,-0.0017698763466683625,77.2544331017897,9.983026398952836e-08,0.0010700200831350874,-3.298707284190052e-06,-0.27900538854256496,69.48703920530511,-0.014504656141072728,3.6364664615774436e-05,0.07397147215081176,22714,0.055793266784558856,0.0125,index_dividend_yield,0.065,13.46,65,22665,22809.35,22595.2,22716.2,mid_price,ok
2026-09-30T10:00:35.654252+00:00,2026-09-30T15:30:35.654252+05:30,NIFTY,27-Oct-2026,24800.0,PE,22620.45,2053.55,130,2067.5,65,2045,2060.525,4884,-30,59,6.738347512918211,21.4,,,,,,,,,,,,,,,0.07397147215081176,,,,,,13.46,65,22665,22809.35,22595.2,22716.2,mid_price,no_price_available
2026-09-30T10:00:35.654252+00:00,2026-09-30T15:30:35.654252+05:30,NIFTY,27-Oct-2026,24850.0,CE,22620.45,6.15,130,6.7,780,6.4,6.425000000000001,619,74,602,-7.913669064748201,15.24,0.01562542019346868,4.182735757438255e-05,-0.7308637722022265,2.4127489686613255,0.5648108217031992,-0.0017294161227410668,74.82887540118965,9.450707034305945e-08,0.0010227696611433863,-3.1974071800421694e-06,-0.27379427304482595,68.6193769808747,-0.014016221326648362,3.465852879319771e-05,0.07397147215081176,22714,0.055793266784558856,0.0125,index_dividend_yield,0.065,13.46,65,22665,22809.35,22595.2,22716.2,mid_price,ok
2026-09-30T10:00:35.654252+00:00,2026-09-30T15:30:35.654252+05:30,NIFTY,27-Oct-2026,24850.0,PE,22620.45,2096.2,65,2171.45,65,0.0,2133.825,24,0,0,0,26.3,,,,,,,,,,,,,,,0.07397147215081176,,,,,,13.46,65,22665,22809.35,22595.2,22716.2,mid_price,no_price_available
2026-09-30T10:00:35.654252+00:00,2026-09-30T15:30:35.654252+05:30,NIFTY,27-Oct-2026,24900.0,CE,22620.45,6,260,6.1,520,6.05,6.05,3222,-51,2344,-5.46875,15.38,0.01455729826907672,3.8999986351604306e-05,-0.6931400548168198,2.2703223946153965,0.5334597102307224,-0.001645609217855254,71.59649561144832,8.847999758185893e-08,0.0009763140352495347,-3.0716759028284556e-06,-0.2628965221320141,68.56287946591917,-0.01303172106616827,3.218609149242988e-05,0.07397147215081176,22714,0.055793266784558856,0.0125,index_dividend_yield,0.065,13.46,65,22665,22809.35,22595.2,22716.2,mid_price,ok
2026-09-30T10:00:35.654252+00:00,2026-09-30T15:30:35.654252+05:30,NIFTY,27-Oct-2026,24900.0,PE,22620.45,1986.15,390,2164.9,65,2175,2075.525,2187,-46,121,9.376178622614468,25.26,,,,,,,,,,,,,,,0.07397147215081176,,,,,,13.46,65,22665,22809.35,22595.2,22716.2,mid_price,no_price_available
2026-09-30T10:00:35.654252+00:00,2026-09-30T15:30:35.654252+05:30,NIFTY,27-Oct-2026,24950.0,CE,22620.45,5.05,1755,6.55,1300,5.7,5.8,962,7,111,-8.064516129032258,15.56,0.013776001254531958,3.6759554527916165e-05,-0.6678423766922323,2.164943540866589,0.5078285555094129,-0.001582276644056961,68.8337179227596,8.325893281885987e-08,0.0009325063882061414,-2.9607675913459862e-06,-0.2545560559570572,68.20854135629443,-0.012306642128546397,3.0215627680609164e-05,0.07397147215081176,22714,0.055793266784558856,0.0125,index_dividend_yield,0.065,13.46,65,22665,22809.35,22595.2,22716.2,mid_price,wide_quote_low_liquidity
2026-09-30T10:00:35.654252+00:00,2026-09-30T15:30:35.654252+05:30,NIFTY,27-Oct-2026,24950.0,PE,22620.45,2175.1,650,2241.7,975,0.0,2208.3999999999996,57,0,0,0,21.7,,,,,,,,,,,,,,,0.07397147215081176,,,,,,13.46,65,22665,22809.35,22595.2,22716.2,mid_price,no_price_available
2026-09-30T10:00:35.654252+00:00,2026-09-30T15:30:35.654252+05:30,NIFTY,27-Oct-2026,25000.0,CE,22620.45,5.55,650,5.6,585,5.6,5.574999999999999,45608,-1454,20681,-14.50381679389313,15.79,0.01329416696318008,3.5127866901276876e-05,-0.6563580785099264,2.0994263857538304,0.4884279381659716,-0.0015418872794493704,66.62184016997585,7.888772150493298e-08,0.0008922467903397587,-2.868398818343883e-06,-0.24918752592501045,67.49941558589428,-0.01185059555278109,2.875903053047914e-05,0.07397147215081176,22714,0.055793266784558856,0.0125,index_dividend_yield,0.065,13.46,65,22665,22809.35,22595.2,22716.2,mid_price,ok
2026-09-30T10:00:35.654252+00:00,2026-09-30T15:30:35.654252+05:30,NIFTY,27-Oct-2026,25000.0,PE,22620.45,2256.9,195,2259.5,325,2257.5,2258.2,34379,313,1837,7.923987092147724,25.53,,,,,,,,,,,,,,,0.07397147215081176,,,,,,13.46,65,22665,22809.35,22595.2,22716.2,mid_price,no_price_available
2026-09-30T10:00:35.654252+00:00,2026-09-30T15:30:35.654252+05:30,NIFTY,27-Oct-2026,25050.0,CE,22620.45,5.4,130,5.5,195,5.35,5.45,2416,37,1453,-4.464285714285714,15.99,0.01270286356395693,3.3350545881479956e-05,-0.6382615328178789,2.0184507315257396,0.4674537535688172,-0.0014921112723327232,64.26909038157069,7.454722817221689e-08,0.0008533268101368378,-2.771906630162944e-06,-0.2425211087629171,67.00722413286043,-0.011299649850102919,2.719505660182463e-05,0.07397147215081176,22714,0.055793266784558856,0.0125,index_dividend_yield,0.065,13.46,65,22665,22809.35,22595.2,22716.2,mid_price,ok
2026-09-30T10:00:35.654252+00:00,2026-09-30T15:30:35.654252+05:30,NIFTY,27-Oct-2026,25050.0,PE,22620.45,2290.5,65,2405.65,715,0.0,2348.075,5,0,0,0,0,,,,,,,,,,,,,,,0.07397147215081176,,,,,,13.46,65,22665,22809.35,22595.2,22716.2,mid_price,no_price_available
2026-09-30T10:00:35.654252+00:00,2026-09-30T15:30:35.654252+05:30,NIFTY,27-Oct-2026,25100.0,CE,22620.45,5.1,1625,5.2,455,5.1,5.15,1463,95,1305,-3.7735849056603774,16.17,0.012061928170563412,3.153307305115907e-05,-0.6164336694979728,1.9299366759180696,0.4459507426820136,-0.0014374164365742895,61.860713090458596,7.032664911539928e-08,0.0008157162661028883,-2.673816753265199e-06,-0.2351292048961087,66.65287805270863,-0.010707278995052907,2.561069325814529e-05,0.07397147215081176,22714,0.055793266784558856,0.0125,index_dividend_yield,0.065,13.46,65,22665,22809.35,22595.2,22716.2,mid_price,ok
2026-09-30T10:00:35.654252+00:00,2026-09-30T15:30:35.654252+05:30,NIFTY,27-Oct-2026,25100.0,PE,22620.45,2341.35,130,2361.35,65,2355.15,2351.35,671,2,6,8.111271775803898,0,,,,,,,,,,,,,,,0.07397147215081176,,,,,,13.46,65,22665,22809.35,22595.2,22716.2,mid_price,no_price_available
2026-09-30T10:00:35.654252+00:00,2026-09-30T15:30:35.654252+05:30,NIFTY,27-Oct-2026,25150.0,CE,22620.45,3.65,1755,5.3,65,5.85,4.475,273,0,2,5.405405405405405,16.78,0.01337439615809636,3.3227580031977546e-05,-0.6984533823881912,2.1103642041114195,0.46207820279551765,-0.0015433625742723824,62.9612611919006,7.002313292503982e-08,0.0007932958525326858,-2.6956462197509084e-06,-0.2493685903050433,63.52826196431431,-0.011839866822861827,2.6879749343804626e-05,0.07397147215081176,22714,0.055793266784558856,0.0125,index_dividend_yield,0.065,13.46,65,22665,22809.35,22595.2,22716.2,mid_price,wide_quote_low_liquidity
2026-09-30T10:00:35.654252+00:00,2026-09-30T15:30:35.654252+05:30,NIFTY,27-Oct-2026,25150.0,PE,22620.45,2387.7,65,2434.9,65,0.0,2411.3,4,0,0,0,0,,,,,,,,,,,,,,,0.07397147215081176,,,,,,13.46,65,22665,22809.35,22595.2,22716.2,mid_price,no_price_available
2026-09-30T10:00:35.654252+00:00,2026-09-30T15:30:35.654252+05:30,NIFTY,27-Oct-2026,25200.0,CE,22620.45,4.5,1495,4.6,455,4.5,4.55,2514,695,2016,-4.25531914893617,16.49,0.01074724176946507,2.7971126969278594e-05,-0.5674408400105537,1.7458115519055502,0.40330670917055905,-0.0013220873593062215,57.037871938509845,6.238133292183246e-08,0.0007442145700451745,-2.4776044401355607e-06,-0.2193045035536898,66.20372007253593,-0.009501402124397202,2.2537791855515784e-05,0.07397147215081176,22714,0.055793266784558856,0.0125,index_dividend_yield,0.065,13.46,65,22665,22809.35,22595.2,22716.2,mid_price,ok
2026-09-30T10:00:35.654252+00:00,2026-09-30T15:30:35.654252+05:30,NIFTY,27-Oct-2026,25200.0,PE,22620.45,2450.9,130,2478.05,65,2430,2464.4750000000004,529,-1,11,9.105603448275861,22.8,,,,,,,,,,,,,,,0.07397147215081176,,,,,,13.46,65,22665,22809.35,22595.2,22716.2,mid_price,no_price_available
2026-09-30T10:00:35.654252+00:00,2026-09-30T15:30:35.654252+05:30,NIFTY,27-Oct-2026,25250.0,CE,22620.45,3.25,1755,6.3,65,0.0,4.775,32,0,0,0,16.28,0.008794226768935825,2.377839787364186e-05,-0.46984015337597707,1.4652230184958963,0.35374346003608487,-0.0011434255128898521,51.66015874539031,5.556064349391631e-08,0.00069229163927973,-2.2694070688245083e-06,-0.1941181063238402,68.47775614284369,-0.007763340404943412,1.908368789948794e-05,0.07397147215081176,22714,0.055793266784558856,0.0125,index_dividend_yield,0.065,13.46,65,22665,22809.35,22595.2,22716.2,mid_price,wide_quote_low_liquidity
2026-09-30T10:00:35.654252+00:00,2026-09-30T15:30:35.654252+05:30,NIFTY,27-Oct-2026,25250.0,PE,22620.45,2178.9,650,2535,520,0.0,2356.95,4,0,0,0,0,,,,,,,,,,,,,,,0.07397147215081176,,,,,,13.46,65,22665,22809.35,22595.2,22716.2,mid_price,no_price_available
2026-09-30T10:00:35.654252+00:00,2026-09-30T15:30:35.654252+05:30,NIFTY,27-Oct-2026,25300.0,CE,22620.45,3.9,325,4.75,65,4.05,4.325,494,19,326,-1.2195121951219512,16.81,0.009611445196571337,2.4891287031181872e-05,-0.5237006434148546,1.583732426484544,0.365466498499248,-0.0012182209585339283,52.6305695355751,5.546107300633835e-08,0.0006790987311028134,-2.2961943976374084e-06,-0.20476241206090906,65.7367716921432,-0.00846276105900663,1.989797088831153e-05,0.07397147215081176,22714,0.055793266784558856,0.0125,index_dividend_yield,0.065,13.46,65,22665,22809.35,22595.2,22716.2,mid_price,wide_quote_low_liquidity
2026-09-30T10:00:35.654252+00:00,2026-09-30T15:30:35.654252+05:30,NIFTY,27-Oct-2026,25300.0,PE,22620.45,2517.65,650,2584.9,65,2500,2551.275,161,1,7,2.459016393442623,16.2,,,,,,,,,,,,,,,0.07397147215081176,,,,,,13.46,65,22665,22809.35,22595.2,22716.2,mid_price,no_price_available
2026-09-30T10:00:35.654252+00:00,2026-09-30T15:30:35.654252+05:30,NIFTY,27-Oct-2026,25350.0,CE,22620.45,2.6,1040,4.95,910,4,3.7750000000000004,19,0,3,-20,17.03,0.009312057957511796,2.3899162907025393e-05,-0.5155600125178952,1.5405084332649834,0.35272194634400517,-0.001189702962018601,51.05111675405327,5.281827282845847e-08,0.0006516482978912082,-2.2286200908031947e-06,-0.2007183967323656,65.1149162618502,-0.00818177514706614,1.9029581742505808e-05,0.07397147215081176,22714,0.055793266784558856,0.0125,index_dividend_yield,0.065,13.46,65,22665,22809.35,22595.2,22716.2,mid_price,wide_quote_low_liquidity
2026-09-30T10:00:35.654252+00:00,2026-09-30T15:30:35.654252+05:30,NIFTY,27-Oct-2026,25350.0,PE,22620.45,2368.4,650,2675.25,715,0.0,2521.825,23,0,0,0,0,,,,,,,,,,,,,,,0.07397147215081176,,,,,,13.46,65,22665,22809.35,22595.2,22716.2,mid_price,no_price_available
2026-09-30T10:00:35.654252+00:00,2026-09-30T15:30:35.654252+05:30,NIFTY,27-Oct-2026,25400.0,CE,22620.45,3.7,325,3.9,195,3.75,3.8,1460,50,667,-1.3157894736842106,17.22,0.008928521504830762,2.2780947877100434e-05,-0.5019915925807145,1.4848127223858858,0.3384780583435909,-0.0011530704019344171,49.3143770390766,5.011884722211547e-08,0.0006243055836641972,-2.1554800143931652e-06,-0.19549195581039758,64.68881179382493,-0.007828544871037438,1.806786503521281e-05,0.07397147215081176,22714,0.055793266784558856,0.0125,index_dividend_yield,0.065,13.46,65,22665,22809.35,22595.2,22716.2,mid_price,ok
2026-09-30T10:00:35.654252+00:00,2026-09-30T15:30:35.654252+05:30,NIFTY,27-Oct-2026,25400.0,PE,22620.45,2589.7,65,2684.85,130,0.0,2637.2749999999996,135,0,0,0,0,,,,,,,,,,,,,,,0.07397147215081176,,,,,,13.46,65,22665,22809.35,22595.2,22716.2,mid_price,no_price_available
2026-09-30T10:00:35.654252+00:00,2026-09-30T15:30:35.654252+05:30,NIFTY,27-Oct-2026,25450.0,CE,22620.45,2.55,1755,4.35,715,3.7,3.4499999999999997,69,9,16,-20.43010752688172,17.4,0.008536386965719582,2.1674755346385228e-05,-0.487212619284708,1.427480534930614,0.3243177951449709,-0.0011151443063426147,47.58189060691564,4.752098790386204e-08,0.0005978985741596817,-2.0826552554759177e-06,-0.19004166941710676,64.32612183117165,-0.007469354483334117,1.7123049468719772e-05,0.07397147215081176,22714,0.055793266784558856,0.0125,index_dividend_yield,0.065,13.46,65,22665,22809.35,22595.2,22716.2,mid_price,wide_quote_low_liquidity
2026-09-30T10:00:35.654252+00:00,2026-09-30T15:30:35.654252+05:30,NIFTY,27-Oct-2026,25450.0,PE,22620.45,2486.3,650,2735,520,0.0,2610.65,5,0,0,0,0,,,,,,,,,,,,,,,0.07397147215081176,,,,,,13.46,65,22665,22809.35,22595.2,22716.2,mid_price,no_price_available
2026-09-30T10:00:35.654252+00:00,2026-09-30T15:30:35.654252+05:30,NIFTY,27-Oct-2026,25500.0,CE,22620.45,3.3,1560,3.4,1235,3.35,3.3499999999999996,15905,-266,6644,11.666666666666666,17.41,0.007650286728330997,1.9673117897918285e-05,-0.44239216843491014,1.296399062535623,0.2992200287023888,-0.0010283570953326382,44.63691040932272,4.38604209264583e-08,0.0005643603478374355,-1.9635080144428004e-06,-0.17741597417676536,65.00855729908517,-0.006681997103274666,1.5480868242499944e-05,0.07397147215081176,22714,0.055793266784558856,0.0125,index_dividend_yield,0.065,13.46,65,22665,22809.35,22595.2,22716.2,mid_price,ok
2026-09-30T10:00:35.654252+00:00,2026-09-30T15:30:35.654252+05:30,NIFTY,27-Oct-2026,25500.0,PE,22620.45,2750.3,65,2759.15,130,2756.8,2754.7250000000004,13721,-392,576,6.3129073309937915,28.69,,,,,,,,,,,,,,,0.07397147215081176,,,,,,13.46,65,22665,22809.35,22595.2,22716.2,mid_price,no_price_available
2026-09-30T10:00:35.654252+00:00,2026-09-30T15:30:35.654252+05:30,NIFTY,27-Oct-2026,25550.0,CE,22620.45,2.3,1755,3.8,130,0.0,3.05,21,0,0,0,16.67,0.004967642612651596,1.40163881579853e-05,-0.2888952327714372,0.8843790750893468,0.2262012526601069,-0.0007436686627217172,35.871519379377546,3.482900339314623e-08,0.00048441964676310497,-1.6093302010007697e-06,-0.13431398701185793,70.73854714333406,-0.004335881848836802,1.0986434925557254e-05,0.07397147215081176,22714,0.055793266784558856,0.0125,index_dividend_yield,0.065,13.46,65,22665,22809.35,22595.2,22716.2,mid_price,wide_quote_low_liquidity
2026-09-30T10:00:35.654252+00:00,2026-09-30T15:30:35.654252+05:30,NIFTY,27-Oct-2026,25550.0,PE,22620.45,2567.1,650,2875.95,975,0.0,2721.5249999999996,14,0,0,0,24.2,,,,,,,,,,,,,,,0.07397147215081176,,,,,,13.46,65,22665,22809.35,22595.2,22716.2,mid_price,no_price_available
2026-09-30T10:00:35.654252+00:00,2026-09-30T15:30:35.654252+05:30,NIFTY,27-Oct-2026,25600.0,CE,22620.45,2.75,65,3.65,130,3.1,3.2,659,18,584,8.771929824561404,17.84,0.00721763021074633,1.82389458269752e-05,-0.42991053522235334,1.2315763088084437,0.27990233602035547,-0.0009837182772804015,42.11785597651796,4.0012562849109814e-08,0.0005214912893892304,-1.854211849672302e-06,-0.17083142626929093,63.833713804524336,-0.006277670545354359,1.4240403114844205e-05,0.07397147215081176,22714,0.055793266784558856,0.0125,index_dividend_yield,0.065,13.46,65,22665,22809.35,22595.2,22716.2,mid_price,wide_quote_low_liquidity
2026-09-30T10:00:35.654252+00:00,2026-09-30T15:30:35.654252+05:30,NIFTY,27-Oct-2026,25600.0,PE,22620.45,2828.3,780,2875.2,130,2735,2851.75,147,0,1,1.144579427155563,0,,,,,,,,,,,,,,,0.07397147215081176,,,,,,13.46,65,22665,22809.35,22595.2,22716.2,mid_price,no_price_available
2026-09-30T10:00:35.654252+00:00,2026-09-30T15:30:35.654252+05:30,NIFTY,27-Oct-2026,25650.0,CE,22620.45,2.2,1755,3.8,130,0.0,3.0,66,0,0,0,17.45,0.0054939090848750635,1.4644788705770015e-05,-0.33011927230797067,0.9672645782188093,0.23337903650912137,-0.0008015554667010361,36.507625057615954,3.422341444155531e-08,0.0004687992125578031,-1.6270290539385814e-06,-0.143303083797227,66.9848594014453,-0.004772687341224876,1.1389662411360964e-05,0.07397147215081176,22714,0.055793266784558856,0.0125,index_dividend_yield,0.065,13.46,65,22665,22809.35,22595.2,22716.2,mid_price,wide_quote_low_liquidity
2026-09-30T10:00:35.654252+00:00,2026-09-30T15:30:35.654252+05:30,NIFTY,27-Oct-2026,25650.0,PE,22620.45,2874.55,650,2935,520,0.0,2904.775,3,0,0,0,28.98,,,,,,,,,,,,,,,0.07397147215081176,,,,,,13.46,65,22665,22809.35,22595.2,22716.2,mid_price,no_price_available
2026-09-30T10:00:35.654252+00:00,2026-09-30T15:30:35.654252+05:30,NIFTY,27-Oct-2026,25700.0,CE,22620.45,2.6,390,2.8,15080,2.8,2.7,762,62,645,9.803921568627452,18.1,0.006394344329253038,1.6152869317416623e-05,-0.3913256177232767,1.1066110357464616,0.2522692130647857,-0.0008978260736156856,38.63267627453881,3.5555973096363794e-08,0.0004746531415517014,-1.7076453677659273e-06,-0.15798823042998134,63.682000071385744,-0.005539751535861568,1.2513705023480907e-05,0.07397147215081176,22714,0.055793266784558856,0.0125,index_dividend_yield,0.065,13.46,65,22665,22809.35,22595.2,22716.2,mid_price,ok
2026-09-30T10:00:35.654252+00:00,2026-09-30T15:30:35.654252+05:30,NIFTY,27-Oct-2026,25700.0,PE,22620.45,2891.1,650,2985.55,65,2835,2938.325,108,6,28,0.5319148936170213,0,,,,,,,,,,,,,,,0.07397147215081176,,,,,,13.46,65,22665,22809.35,22595.2,22716.2,mid_price,no_price_available
2026-09-30T10:00:35.654252+00:00,2026-09-30T15:30:35.654252+05:30,NIFTY,27-Oct-2026,25750.0,CE,22620.45,2,130,3.4,130,2.35,2.7,1128,-118,248,6.818181818181818,18.2,0.005953063901279748,1.5078151481943133e-05,-0.36907560225801056,1.0386906749511617,0.2378593228280824,-0.0008504564974368429,36.79636912715767,3.33516657196578e-08,0.00045129327591423364,-1.6304369559437514e-06,-0.1508010938512092,63.77486595633227,-0.005147552573260566,1.1635796467420096e-05,0.07397147215081176,22714,0.055793266784558856,0.0125,index_dividend_yield,0.065,13.46,65,22665,22809.35,22595.2,22716.2,mid_price,wide_quote_low_liquidity
2026-09-30T10:00:35.654252+00:00,2026-09-30T15:30:35.654252+05:30,NIFTY,27-Oct-2026,25750.0,PE,22620.45,2813.85,65,3076.9,715,0.0,2945.375,5,0,0,0,0,,,,,,,,,,,,,,,0.07397147215081176,,,,,,13.46,65,22665,22809.35,22595.2,22716.2,mid_price,no_price_available
2026-09-30T10:00:35.654252+00:00,2026-09-30T15:30:35.654252+05:30,NIFTY,27-Oct-2026,25800.0,CE,22620.45,2.25,325,3.25,130,2.55,2.75,1275,20,583,13.333333333333334,18.45,0.0058873750161703865,1.4728205399129034e-05,-0.3701953491011706,1.0285204833936405,0.232754859328361,-0.0008428930595387169,36.06273246544911,3.217483419048495e-08,0.00043656988056518716,-1.5971893419607623e-06,-0.14964549699910934,62.99004391787947,-0.005079877830719619,1.1321732796121166e-05,0.07397147215081176,22714,0.055793266784558856,0.0125,index_dividend_yield,0.065,13.46,65,22665,22809.35,22595.2,22716.2,mid_price,wide_quote_low_liquidity
2026-09-30T10:00:35.654252+00:00,2026-09-30T15:30:35.654252+05:30,NIFTY,27-Oct-2026,25800.0,PE,22620.45,2812.45,650,3121.15,65,0.0,2966.8,183,0,0,0,0,,,,,,,,,,,,,,,0.07397147215081176,,,,,,13.46,65,22665,22809.35,22595.2,22716.2,mid_price,no_price_available
2026-09-30T10:00:35.654252+00:00,2026-09-30T15:30:35.654252+05:30,NIFTY,27-Oct-2026,25850.0,CE,22620.45,1.65,1560,3.4,130,0.0,2.525,9,0,0,0,17.46,0.003413707505664378,9.56636893219694e-06,-0.21532633293216705,0.6322052639565121,0.16199556759326,-0.0005547667756717451,26.95606369459108,2.3829075990271e-08,0.00035308393718557277,-1.2194973661448154e-06,-0.10402523191487423,69.89100345675872,-0.0029444774637522506,7.3253522201768114e-06,0.07397147215081176,22714,0.055793266784558856,0.0125,index_dividend_yield,0.065,13.46,65,22665,22809.35,22595.2,22716.2,mid_price,wide_quote_low_liquidity
2026-09-30T10:00:35.654252+00:00,2026-09-30T15:30:35.654252+05:30,NIFTY,27-Oct-2026,25850.0,PE,22620.45,3069.55,650,3177.4,650,3040.7,3123.4750000000004,1,0,2,177.99414883891023,0,,,,,,,,,,,,,,,0.07397147215081176,,,,,,13.46,65,22665,22809.35,22595.2,22716.2,mid_price,no_price_available
2026-09-30T10:00:35.654252+00:00,2026-09-30T15:30:35.654252+05:30,NIFTY,27-Oct-2026,25900.0,CE,22620.45,2.15,65,2.5,65,2.35,2.325,282,-13,502,-2.0833333333333335,18.69,0.005204567553883422,1.3030974513535527e-05,-0.33566253882460123,0.921834460948913,0.20944303111826998,-0.0007670659210272214,33.006304901698755,2.8590818249825306e-08,0.00039683942041120695,-1.4672813549307336e-06,-0.13795618094512174,62.9208054178444,-0.0044733043749197576,9.939850394450548e-06,0.07397147215081176,22714,0.055793266784558856,0.0125,index_dividend_yield,0.065,13.46,65,22665,22809.35,22595.2,22716.2,mid_price,wide_quote_low_liquidity
2026-09-30T10:00:35.654252+00:00,2026-09-30T15:30:35.654252+05:30,NIFTY,27-Oct-2026,25900.0,PE,22620.45,2748.05,650,3227.65,650,2945.2,2987.8500000000004,25,0,1,0.6905982905982906,0,,,,,,,,,,,,,,,0.07397147215081176,,,,,,13.46,65,22665,22809.35,22595.2,22716.2,mid_price,no_price_available
2026-09-30T10:00:35.654252+00:00,2026-09-30T15:30:35.654252+05:30,NIFTY,27-Oct-2026,25950.0,CE,22620.45,1.85,65,2.9,1300,2.15,2.375,53,35,45,-33.84615384615385,18.8,0.004877945177719022,1.2228209892072671e-05,-0.31849989251864197,0.8701366800309763,0.1982512715225232,-0.0007297736907059997,31.51616268626184,2.691066807920889e-08,0.00037784627789323185,-1.4037100123239335e-06,-0.13212918864441137,62.93533123543019,-0.0041845112085238615,9.29160290001095e-06,0.07397147215081176,22714,0.055793266784558856,0.0125,index_dividend_yield,0.065,13.46,65,22665,22809.35,22595.2,22716.2,mid_price,wide_quote_low_liquidity
2026-09-30T10:00:35.654252+00:00,2026-09-30T15:30:35.654252+05:30,NIFTY,27-Oct-2026,25950.0,PE,22620.45,3167.1,650,3277.95,650,0.0,3222.5249999999996,0,0,0,0,0,,,,,,,,,,,,,,,0.07397147215081176,,,,,,13.46,65,22665,22809.35,22595.2,22716.2,mid_price,no_price_available
2026-09-30T10:00:35.654252+00:00,2026-09-30T15:30:35.654252+05:30,NIFTY,27-Oct-2026,26000.0,CE,22620.45,2.05,390,2.1,1625,2.1,2.075,29933,302,14616,40,18.99,0.0047259136955335465,1.1768897429208674e-05,-0.3125569177997719,0.8459164784938434,0.19163164193377288,-0.0007119839033033655,30.592361719976925,2.5745249236829945e-08,0.0003636323640806395,-1.3632018120775968e-06,-0.12933018212526082,62.496654901659106,-0.004045837161257758,8.908232892566072e-06,0.07397147215081176,22714,0.055793266784558856,0.0125,index_dividend_yield,0.065,13.46,65,22665,22809.35,22595.2,22716.2,mid_price,ok
2026-09-30T10:00:35.654252+00:00,2026-09-30T15:30:35.654252+05:30,NIFTY,27-Oct-2026,26000.0,PE,22620.45,3243.2,65,3256.65,65,3255,3249.925,29053,-321,994,6.096905099496406,34.08,,,,,,,,,,,,,,,0.07397147215081176,,,,,,13.46,65,22665,22809.35,22595.2,22716.2,mid_price,no_price_available
2026-09-30T10:00:35.654252+00:00,2026-09-30T15:30:35.654252+05:30,NIFTY,27-Oct-2026,26050.0,CE,22620.45,1.5,130,3.25,650,2.1,2.375,102,0,24,-16,19.24,0.0046940931565328334,1.1546185443649803e-05,-0.31455719836716833,0.8408341436277271,0.18821840519710067,-0.0007079717796489565,30.074370053880415,2.4942951146171448e-08,0.0003529524458546554,-1.3393742598022505e-06,-0.12869667816927732,61.73489340627833,-0.004010077701243262,8.706138139625447e-06,0.07397147215081176,22714,0.055793266784558856,0.0125,index_dividend_yield,0.065,13.46,65,22665,22809.35,22595.2,22716.2,mid_price,wide_quote_low_liquidity
2026-09-30T10:00:35.654252+00:00,2026-09-30T15:30:35.654252+05:30,NIFTY,27-Oct-2026,26050.0,PE,22620.45,3040.85,650,3378.6,65,0.0,3209.725,4,0,0,0,14.64,,,,,,,,,,,,,,,0.07397147215081176,,,,,,13.46,65,22665,22809.35,22595.2,22716.2,mid_price,no_price_available
2026-09-30T10:00:35.654252+00:00,2026-09-30T15:30:35.654252+05:30,NIFTY,27-Oct-2026,26100.0,CE,22620.45,1.3,1560,2.4,260,0.0,1.85,283,0,0,0,18.88,0.003621801815232892,9.329663737676955e-06,-0.2446612707290386,0.6667065527116166,0.15707543728338985,-0.0005793843260121869,25.947037421797603,2.1274860477862642e-08,0.0003136650444386054,-1.1663297170697026e-06,-0.10805773421810538,64.37191832708217,-0.0030901945145395664,7.007892916609954e-06,0.07397147215081176,22714,0.055793266784558856,0.0125,index_dividend_yield,0.065,13.46,65,22665,22809.35,22595.2,22716.2,mid_price,wide_quote_low_liquidity
2026-09-30T10:00:35.654252+00:00,2026-09-30T15:30:35.654252+05:30,NIFTY,27-Oct-2026,26100.0,PE,22620.45,3088.8,65,3428.9,650,0.0,3258.8500000000004,3,0,0,0,0,,,,,,,,,,,,,,,0.07397147215081176,,,,,,13.46,65,22665,22809.35,22595.2,22716.2,mid_price,no_price_available
2026-09-30T10:00:35.654252+00:00,2026-09-30T15:30:35.654252+05:30,NIFTY,27-Oct-2026,26150.0,CE,22620.45,1.1,1560,2.85,650,0.0,1.975,7,0,0,0,14.76,0.0002367460026894469,9.768259722981438e-07,-0.01567732891978898,0.05457205376991621,0.02125726077719494,-6.129072242629411e-05,4.570188380349556,3.798986910833164e-09,7.517304740216589e-05,-2.176832757000534e-07,-0.014190656659789531,99.93055811340307,-0.00020274229029857376,7.30930850390704e-07,0.07397147215081176,22714,0.055793266784558856,0.0125,index_dividend_yield,0.065,13.46,65,22665,22809.35,22595.2,22716.2,mid_price,wide_quote_low_liquidity
2026-09-30T10:00:35.654252+00:00,2026-09-30T15:30:35.654252+05:30,NIFTY,27-Oct-2026,26150.0,PE,22620.45,3138.65,650,3479.2,650,0.0,3308.925,3,0,0,0,29.46,,,,,,,,,,,,,,,0.07397147215081176,,,,,,13.46,65,22665,22809.35,22595.2,22716.2,mid_price,no_price_available
2026-09-30T10:00:35.654252+00:00,2026-09-30T15:30:35.654252+05:30,NIFTY,27-Oct-2026,26200.0,CE,22620.45,1,1300,2.05,195,1.2,1.525,313,1,44,0,18.83,0.0028256080025097414,7.481890098105332e-06,-0.19496885884608908,0.5332469586167207,0.12973379759384723,-0.00047662031881540683,22.084365620995527,1.765207126027921e-08,0.0002701144479041189,-9.99629858085294e-07,-0.09101341343209679,65.92935270372888,-0.0024025593365112276,5.577135839617019e-06,0.07397147215081176,22714,0.055793266784558856,0.0125,index_dividend_yield,0.065,13.46,65,22665,22809.35,22595.2,22716.2,mid_price,wide_quote_low_liquidity
2026-09-30T10:00:35.654252+00:00,2026-09-30T15:30:35.654252+05:30,NIFTY,27-Oct-2026,26200.0,PE,22620.45,3301.9,650,3550.3,780,3341,3426.1000000000004,285,8,10,0.3785602691984137,0,,,,,,,,,,,,,,,0.07397147215081176,,,,,,13.46,65,22665,22809.35,22595.2,22716.2,mid_price,no_price_available
2026-09-30T10:00:35.654252+00:00,2026-09-30T15:30:35.654252+05:30,NIFTY,27-Oct-2026,26250.0,CE,22620.45,0.9,1560,2.7,130,0.0,1.8,31,0,0,0,16.51,0.0006744494791308303,2.3069827423344658e-06,-0.04623954607147217,0.1441644440703883,0.04613949648094316,-0.00014857268727166116,9.097205808101693,7.2756774320106744e-09,0.0001315892644600786,-4.259024565764606e-07,-0.03196749941678584,83.65272163970762,-0.0005742466095761924,1.7131216786412728e-06,0.07397147215081176,22714,0.055793266784558856,0.0125,index_dividend_yield,0.065,13.46,65,22665,22809.35,22595.2,22716.2,mid_price,wide_quote_low_liquidity
2026-09-30T10:00:35.654252+00:00,2026-09-30T15:30:35.654252+05:30,NIFTY,27-Oct-2026,26250.0,PE,22620.45,3221.9,650,3579.7,650,0.0,3400.8,4,0,0,0,23.75,,,,,,,,,,,,,,,0.07397147215081176,,,,,,13.46,65,22665,22809.35,22595.2,22716.2,mid_price,no_price_available
2026-09-30T10:00:35.654252+00:00,2026-09-30T15:30:35.654252+05:30,NIFTY,27-Oct-2026,26300.0,CE,22620.45,1.35,130,1.55,1495,0.0,1.4500000000000002,614,0,0,0,18.68,0.002085281925872902,5.729460099314917e-06,-0.14679657280394307,0.4050954019695552,0.10277630436767381,-0.00037410271722315117,18.11250314274759,1.4131308928503857e-08,0.00022548907936792493,-8.261740161396964e-07,-0.07343517534276228,68.12805026497772,-0.001767210746880132,4.23842675989074e-06,0.07397147215081176,22714,0.055793266784558856,0.0125,index_dividend_yield,0.065,13.46,65,22665,22809.35,22595.2,22716.2,mid_price,ok
2026-09-30T10:00:35.654252+00:00,2026-09-30T15:30:35.654252+05:30,NIFTY,27-Oct-2026,26300.0,PE,22620.45,3096.65,650,3602.1,65,3500,3349.375,538,0,3,4.069101883650744,25.02,,,,,,,,,,,,,,,0.07397147215081176,,,,,,13.46,65,22665,22809.35,22595.2,22716.2,mid_price,no_price_available
2026-09-30T10:00:35.654252+00:00,2026-09-30T15:30:35.654252+05:30,NIFTY,27-Oct-2026,26350.0,CE,22620.45,0.7,1300,2.5,650,0.0,1.6,8,0,0,0,14.86,0.0001260891132107643,5.382146962476341e-07,-0.008735846219714256,0.030271999269076352,0.012261027024164485,-3.550260761109967e-05,2.7602455038332767,2.183677593678005e-09,4.544365635987194e-05,-1.3206652666603512e-07,-0.008555095703738712,102.95022871622547,-0.00010719119182121344,3.966402596927256e-07,0.07397147215081176,22714,0.055793266784558856,0.0125,index_dividend_yield,0.065,13.46,65,22665,22809.35,22595.2,22716.2,mid_price,wide_quote_low_liquidity
2026-09-30T10:00:35.654252+00:00,2026-09-30T15:30:35.654252+05:30,NIFTY,27-Oct-2026,26350.0,PE,22620.45,3557.65,650,3659.7,65,0.0,3608.675,0,0,0,0,0,,,,,,,,,,,,,,,0.07397147215081176,,,,,,13.46,65,22665,22809.35,22595.2,22716.2,mid_price,no_price_available
2026-09-30T10:00:35.654252+00:00,2026-09-30T15:30:35.654252+05:30,NIFTY,27-Oct-2026,26400.0,CE,22620.45,0.75,1300,2,195,0.0,1.375,70,0,0,0,19.17,0.0020968329830819625,5.611059088272662e-06,-0.15122862244824087,0.4071305553272218,0.10063754788264288,-0.0003754513059394148,17.724798689916028,1.3465273132835407e-08,0.00021500064174185532,-8.072560629837337e-07,-0.07367011592667477,66.38125810138831,-0.001769574889346562,4.119452210805119e-06,0.07397147215081176,22714,0.055793266784558856,0.0125,index_dividend_yield,0.065,13.46,65,22665,22809.35,22595.2,22716.2,mid_price,wide_quote_low_liquidity
2026-09-30T10:00:35.654252+00:00,2026-09-30T15:30:35.654252+05:30,NIFTY,27-Oct-2026,26400.0,PE,22620.45,3606.4,650,3730.4,650,0.0,3668.4,3,0,0,0,24.94,,,,,,,,,,,,,,,0.07397147215081176,,,,,,13.46,65,22665,22809.35,22595.2,22716.2,mid_price,no_price_available
2026-09-30T10:00:35.654252+00:00,2026-09-30T15:30:35.654252+05:30,NIFTY,27-Oct-2026,26450.0,CE,22620.45,0.6,1300,1.9,1300,0.0,1.25,8,0,0,0,15.33,0.0001376889713438059,5.665853266533523e-07,-0.00977557625779836,0.03287564032836721,0.012832063907938824,-3.828446618582364e-05,2.870983317741587,2.2093968757440705e-09,4.5774197602570976e-05,-1.3705918964318802e-07,-0.009176443457648075,99.33132675633689,-0.00011656827829375,4.14396855170908e-07,0.07397147215081176,22714,0.055793266784558856,0.0125,index_dividend_yield,0.065,13.46,65,22665,22809.35,22595.2,22716.2,mid_price,wide_quote_low_liquidity
2026-09-30T10:00:35.654252+00:00,2026-09-30T15:30:35.654252+05:30,NIFTY,27-Oct-2026,26450.0,PE,22620.45,3227.2,650,3780.7,650,0.0,3503.95,3,0,0,0,0,,,,,,,,,,,,,,,0.07397147215081176,,,,,,13.46,65,22665,22809.35,22595.2,22716.2,mid_price,no_price_available
2026-09-30T10:00:35.654252+00:00,2026-09-30T15:30:35.654252+05:30,NIFTY,27-Oct-2026,26500.0,CE,22620.45,0.95,1040,1,3835,1,0.975,11371,241,2062,25,19.83,0.002282223481617752,5.8572844317074984e-06,-0.1687251244483795,0.4396284310948284,0.10414598618068543,-0.0004014272539886029,18.170128233570253,1.3440076841449381e-08,0.00021253728806851802,-8.24456407001491e-07,-0.07818144434533175,63.76612995384817,-0.0019175594074656462,4.2678293601445595e-06,0.07397147215081176,22714,0.055793266784558856,0.0125,index_dividend_yield,0.065,13.46,65,22665,22809.35,22595.2,22716.2,mid_price,ok
2026-09-30T10:00:35.654252+00:00,2026-09-30T15:30:35.654252+05:30,NIFTY,27-Oct-2026,26500.0,PE,22620.45,3728,130,3745.8,65,3717.55,3736.9,8342,270,289,3.763921065118486,30.9,,,,,,,,,,,,,,,0.07397147215081176,,,,,,13.46,65,22665,22809.35,22595.2,22716.2,mid_price,no_price_available
2026-09-30T10:00:35.654252+00:00,2026-09-30T15:30:35.654252+05:30,NIFTY,27-Oct-2026,26550.0,CE,22620.45,0.65,1300,1.9,1300,0.0,1.275,12,0,0,0,20.24,0.002462039503444144,6.146389100221713e-06,-0.18434110649446145,0.4708659657939005,0.10840848291549356,-0.0004262423588408098,18.751729873159206,1.3685389824097526e-08,0.00021439590794630615,-8.483973459716461e-07,-0.08245196456262976,62.10779879053203,-0.0020638695063840357,4.4616292615864305e-06,0.07397147215081176,22714,0.055793266784558856,0.0125,index_dividend_yield,0.065,13.46,65,22665,22809.35,22595.2,22716.2,mid_price,wide_quote_low_liquidity
2026-09-30T10:00:35.654252+00:00,2026-09-30T15:30:35.654252+05:30,NIFTY,27-Oct-2026,26550.0,PE,22620.45,3752.85,650,3881.25,650,0.0,3817.05,0,0,0,0,0,,,,,,,,,,,,,,,0.07397147215081176,,,,,,13.46,65,22665,22809.35,22595.2,22716.2,mid_price,no_price_available
2026-09-30T10:00:35.654252+00:00,2026-09-30T15:30:35.654252+05:30,NIFTY,27-Oct-2026,26600.0,CE,22620.45,0.8,1300,1.7,1300,0.7,1.25,35,-8,23,-73.07692307692308,19.61,0.0016448020626445188,4.398759503951765e-06,-0.12381875604916215,0.32649351118661635,0.080987198536204,-0.00030837316958467705,14.64293673363129,1.0597133279967398e-08,0.0001748388383810768,-6.695463410132548e-07,-0.06180586534416472,66.16395832412735,-0.0013775875952991962,3.1810421634497566e-06,0.07397147215081176,22714,0.055793266784558856,0.0125,index_dividend_yield,0.065,13.46,65,22665,22809.35,22595.2,22716.2,mid_price,wide_quote_low_liquidity
2026-09-30T10:00:35.654252+00:00,2026-09-30T15:30:35.654252+05:30,NIFTY,27-Oct-2026,26600.0,PE,22620.45,3358.1,650,3931.5,65,0.0,3644.8,7,0,0,0,0,,,,,,,,,,,,,,,0.07397147215081176,,,,,,13.46,65,22665,22809.35,22595.2,22716.2,mid_price,no_price_available
2026-09-30T10:00:35.654252+00:00,2026-09-30T15:30:35.654252+05:30,NIFTY,27-Oct-2026,26650.0,CE,22620.45,0.5,3510,1.9,1300,0.0,1.2,6,0,0,0,17.26,0.0003542776949066316,1.2157709718538953e-06,-0.026522689518158987,0.0794253804460224,0.025686015064629905,-8.606970313997481e-05,5.3502446014612115,3.87889252005047e-09,7.484344113620199e-05,-2.5180139671837124e-07,-0.019401583990106636,83.50378824734292,-0.00029710882316583744,8.759106839936471e-07,0.07397147215081176,22714,0.055793266784558856,0.0125,index_dividend_yield,0.065,13.46,65,22665,22809.35,22595.2,22716.2,mid_price,wide_quote_low_liquidity
2026-09-30T10:00:35.654252+00:00,2026-09-30T15:30:35.654252+05:30,NIFTY,27-Oct-2026,26650.0,PE,22620.45,3850.5,650,3981.85,650,0.0,3916.175,0,0,0,0,0,,,,,,,,,,,,,,,0.07397147215081176,,,,,,13.46,65,22665,22809.35,22595.2,22716.2,mid_price,no_price_available
2026-09-30T10:00:35.654252+00:00,2026-09-30T15:30:35.654252+05:30,NIFTY,27-Oct-2026,26700.0,CE,22620.45,0.6,1300,1.5,1300,0.0,1.05,11,0,0,0,19.92,0.0015283464992796043,4.049960078439833e-06,-0.11752294941557218,0.30535625381043746,0.07515187821581211,-0.0002903687562917218,13.692766564455976,9.677149019709834e-09,0.00016126742992873388,-6.265203979430687e-07,-0.058564286090145405,65.51713178973438,-0.0012750639902181608,2.9069040714083013e-06,0.07397147215081176,22714,0.055793266784558856,0.0125,index_dividend_yield,0.065,13.46,65,22665,22809.35,22595.2,22716.2,mid_price,wide_quote_low_liquidity
2026-09-30T10:00:35.654252+00:00,2026-09-30T15:30:35.654252+05:30,NIFTY,27-Oct-2026,26700.0,PE,22620.45,3445.95,650,4004.6,65,0.0,3725.2749999999996,4,0,0,0,36.76,,,,,,,,,,,,,,,0.07397147215081176,,,,,,13.46,65,22665,22809.35,22595.2,22716.2,mid_price,no_price_available
2026-09-30T10:00:35.654252+00:00,2026-09-30T15:30:35.654252+05:30,NIFTY,27-Oct-2026,26750.0,CE,22620.45,0.6,1300,1.9,1300,0.0,1.25,15,0,0,0,16.02,9.282779502142366e-05,3.7448412045460387e-07,-0.0070347372525515935,0.022707151681751078,0.008717428727749887,-2.709310210482314e-05,2.004215340636285,1.4350947602044743e-09,3.070975077503071e-05,-9.573847338363488e-08,-0.006650997217167463,97.18563448483343,-7.768973290315869e-05,2.6778627530857196e-07,0.07397147215081176,22714,0.055793266784558856,0.0125,index_dividend_yield,0.065,13.46,65,22665,22809.35,22595.2,22716.2,mid_price,wide_quote_low_liquidity
2026-09-30T10:00:35.654252+00:00,2026-09-30T15:30:35.654252+05:30,NIFTY,27-Oct-2026,26750.0,PE,22620.45,3948.2,650,4082.45,650,0.0,4015.325,0,0,0,0,0,,,,,,,,,,,,,,,0.07397147215081176,,,,,,13.46,65,22665,22809.35,22595.2,22716.2,mid_price,no_price_available
2026-09-30T10:00:35.654252+00:00,2026-09-30T15:30:35.654252+05:30,NIFTY,27-Oct-2026,26800.0,CE,22620.45,0.6,1300,1.4,650,0.0,1.0,6,0,0,0,20.24,0.001430933744219525,3.7534534989187718e-06,-0.11234518267910401,0.28754663559570764,0.07013711689234982,-0.000275067357897552,12.866329036387985,8.884883476848559e-09,0.00014939549644295332,-5.889973042414939e-07,-0.05578864587676946,64.81954988974671,-0.0011891419425650496,2.6740155742072005e-06,0.07397147215081176,22714,0.055793266784558856,0.0125,index_dividend_yield,0.065,13.46,65,22665,22809.35,22595.2,22716.2,mid_price,wide_quote_low_liquidity
2026-09-30T10:00:35.654252+00:00,2026-09-30T15:30:35.654252+05:30,NIFTY,27-Oct-2026,26800.0,PE,22620.45,3533.15,650,4125.75,65,0.0,3829.45,9,0,0,0,0,,,,,,,,,,,,,,,0.07397147215081176,,,,,,13.46,65,22665,22809.35,22595.2,22716.2,mid_price,no_price_available
2026-09-30T10:00:35.654252+00:00,2026-09-30T15:30:35.654252+05:30,NIFTY,27-Oct-2026,26850.0,CE,22620.45,0.85,325,1,520,0.65,0.925,198,185,355,-89.34426229508196,20.68,0.0015852153867784782,4.0332514759068685e-06,-0.12595898343699208,0.3156985436090565,0.07461277943161457,-0.00029882509165650266,13.54287670267254,9.234645862418674e-09,0.00015350750505217756,-6.180859923960257e-07,-0.06008946644862073,62.967692258157314,-0.0013142947570070917,2.8626562580850002e-06,0.07397147215081176,22714,0.055793266784558856,0.0125,index_dividend_yield,0.065,13.46,65,22665,22809.35,22595.2,22716.2,mid_price,wide_quote_low_liquidity
2026-09-30T10:00:35.654252+00:00,2026-09-30T15:30:35.654252+05:30,NIFTY,27-Oct-2026,26850.0,PE,22620.45,4031.95,650,4183,650,0.0,4107.475,0,0,0,0,0,,,,,,,,,,,,,,,0.07397147215081176,,,,,,13.46,65,22665,22809.35,22595.2,22716.2,mid_price,no_price_available
2026-09-30T10:00:35.654252+00:00,2026-09-30T15:30:35.654252+05:30,NIFTY,27-Oct-2026,26900.0,CE,22620.45,1.15,65,1.4,65,1.5,1.275,488,65,105,25,22.39,0.0029663948748056552,6.574263970750294e-06,-0.24044793785844867,0.5571446622530951,0.11374263088574925,-0.0004928885755471667,19.251298362247205,1.2894837748623258e-08,0.00019779454804045319,-8.624641091996583e-07,-0.09374349205143806,55.36841821488903,-0.0024494157366979014,4.648844916782209e-06,0.07397147215081176,22714,0.055793266784558856,0.0125,index_dividend_yield,0.065,13.46,65,22665,22809.35,22595.2,22716.2,mid_price,wide_quote_low_liquidity
2026-09-30T10:00:35.654252+00:00,2026-09-30T15:30:35.654252+05:30,NIFTY,27-Oct-2026,26900.0,PE,22620.45,3699.5,650,4233.45,975,0.0,3966.475,22,0,0,0,0,,,,,,,,,,,,,,,0.07397147215081176,,,,,,13.46,65,22665,22809.35,22595.2,22716.2,mid_price,no_price_available
2026-09-30T10:00:35.654252+00:00,2026-09-30T15:30:35.654252+05:30,NIFTY,27-Oct-2026,26950.0,CE,22620.45,0.6,1300,1.5,325,0.0,1.05,12,0,0,0,15.98,4.4529112623179954e-05,1.878707373214377e-07,-0.00350584142704191,0.011363252506055735,0.004583360974289329,-1.4184766549263902e-05,1.1047240115888874,7.594223978587299e-10,1.7085135861416623e-05,-5.301270682652394e-08,-0.003630355286525208,101.22358352216338,-3.7006220329974817e-05,1.3235613645780544e-07,0.07397147215081176,22714,0.055793266784558856,0.0125,index_dividend_yield,0.065,13.46,65,22665,22809.35,22595.2,22716.2,mid_price,wide_quote_low_liquidity
2026-09-30T10:00:35.654252+00:00,2026-09-30T15:30:35.654252+05:30,NIFTY,27-Oct-2026,26950.0,PE,22620.45,4143.6,650,4283.7,650,0.0,4213.65,0,0,0,0,0,,,,,,,,,,,,,,,0.07397147215081176,,,,,,13.46,65,22665,22809.35,22595.2,22716.2,mid_price,no_price_available
2026-09-30T10:00:35.654252+00:00,2026-09-30T15:30:35.654252+05:30,NIFTY,27-Oct-2026,27000.0,CE,22620.45,0.75,7020,0.85,64935,0.85,0.8,15204,210,2517,30.76923076923077,21.57,0.0017413682841138684,4.212273444326925e-06,-0.1429202393688706,0.3439010040640429,0.07723091355971655,-0.00032215567247587443,13.879684710849022,9.138826225906267e-09,0.00015046982218012503,-6.309780322887081e-07,-0.06426891303436971,59.9718191189317,-0.0014345821038565713,2.9565927556148594e-06,0.07397147215081176,22714,0.055793266784558856,0.0125,index_dividend_yield,0.065,13.46,65,22665,22809.35,22595.2,22716.2,mid_price,ok
2026-09-30T10:00:35.654252+00:00,2026-09-30T15:30:35.654252+05:30,NIFTY,27-Oct-2026,27000.0,PE,22620.45,4232.25,65,4243.8,65,4223,4238.025,14499,192,432,3.715892624702213,38.17,,,,,,,,,,,,,,,0.07397147215081176,,,,,,13.46,65,22665,22809.35,22595.2,22716.2,mid_price,no_price_available
2026-09-30T10:00:35.654252+00:00,2026-09-30T15:30:35.654252+05:30,NIFTY,27-Oct-2026,27050.0,CE,22620.45,0.85,1300,1.45,65,1.2,1.15,156,14,107,-17.24137931034483,22.63,0.0024618153264288497,5.4968038059185e-06,-0.20514610201770153,0.47082718740603496,0.09717097856805942,-0.0004250195866075902,16.808259474595467,1.0907242833725825e-08,0.00017193646167955293,-7.563466424935901e-07,-0.08224050611504896,55.647873213459654,-0.0020216880121621877,3.843953965331523e-06,0.07397147215081176,22714,0.055793266784558856,0.0125,index_dividend_yield,0.065,13.46,65,22665,22809.35,22595.2,22716.2,mid_price,wide_quote_low_liquidity
2026-09-30T10:00:35.654252+00:00,2026-09-30T15:30:35.654252+05:30,NIFTY,27-Oct-2026,27050.0,PE,22620.45,4228.9,650,4384.55,65,0.0,4306.725,0,0,0,0,0,,,,,,,,,,,,,,,0.07397147215081176,,,,,,13.46,65,22665,22809.35,22595.2,22716.2,mid_price,no_price_available
2026-09-30T10:00:35.654252+00:00,2026-09-30T15:30:35.654252+05:30,NIFTY,27-Oct-2026,27100.0,CE,22620.45,0.65,1300,1.2,1300,1,0.925,144,1,22,-13.043478260869565,22.45,0.0020833105644194904,4.763230167091604e-06,-0.1749034759397796,0.4047479481084053,0.08575103045938372,-0.0003719376816125829,15.113917717544139,9.717533004997122e-09,0.00015664297061599808,-6.831056137198613e-07,-0.07305404203760346,56.84928962648769,-0.0017083567849311952,3.3186806774296674e-06,0.07397147215081176,22714,0.055793266784558856,0.0125,index_dividend_yield,0.065,13.46,65,22665,22809.35,22595.2,22716.2,mid_price,wide_quote_low_liquidity
2026-09-30T10:00:35.654252+00:00,2026-09-30T15:30:35.654252+05:30,NIFTY,27-Oct-2026,27100.0,PE,22620.45,3794.85,650,4434.65,650,0.0,4114.75,4,0,0,0,0,,,,,,,,,,,,,,,0.07397147215081176,,,,,,13.46,65,22665,22809.35,22595.2,22716.2,mid_price,no_price_available
2026-09-30T10:00:35.654252+00:00,2026-09-30T15:30:35.654252+05:30,NIFTY,27-Oct-2026,27150.0,CE,22620.45,0.6,1300,1.6,1300,0.0,1.1,34,0,0,0,21.63,0.0013171602541995316,3.256235051960647e-06,-0.11098324409651263,0.2665870255237151,0.06142782941859171,-0.0002566264876136227,11.364218048048851,7.2600081298045684e-09,0.000123747740587805,-5.194449924952985e-07,-0.05241651864097563,61.09326704958282,-0.0010794498964539021,2.2603649260645118e-06,0.07397147215081176,22714,0.055793266784558856,0.0125,index_dividend_yield,0.065,13.46,65,22665,22809.35,22595.2,22716.2,mid_price,wide_quote_low_liquidity
2026-09-30T10:00:35.654252+00:00,2026-09-30T15:30:35.654252+05:30,NIFTY,27-Oct-2026,27150.0,PE,22620.45,4148.15,650,4485,65,0.0,4316.575,5,0,0,0,0,,,,,,,,,,,,,,,0.07397147215081176,,,,,,13.46,65,22665,22809.35,22595.2,22716.2,mid_price,no_price_available
2026-09-30T10:00:35.654252+00:00,2026-09-30T15:30:35.654252+05:30,NIFTY,27-Oct-2026,27200.0,CE,22620.45,0.65,2665,0.75,455,0.75,0.7,918,-36,405,15.384615384615385,22.42,0.0016971178126898273,3.958729506726065e-06,-0.14488191554924984,0.33593726257438195,0.07283337208852808,-0.00031523325486628394,13.125295863988667,8.2761776589798e-09,0.000137006968670989,-5.959652656314414e-07,-0.0630326661489608,57.84913375059041,-0.001386983579195149,2.737918401868282e-06,0.07397147215081176,22714,0.055793266784558856,0.0125,index_dividend_yield,0.065,13.46,65,22665,22809.35,22595.2,22716.2,mid_price,ok
2026-09-30T10:00:35.654252+00:00,2026-09-30T15:30:35.654252+05:30,NIFTY,27-Oct-2026,27200.0,PE,22620.45,4414.7,65,4485.7,65,4401.75,4450.2,892,0,2,2.889099260194243,32.63,,,,,,,,,,,,,,,0.07397147215081176,,,,,,13.46,65,22665,22809.35,22595.2,22716.2,mid_price,no_price_available
2026-09-30T10:06:22.843989+00:00,2026-09-30T15:36:22.843989+05:30,NIFTY,27-Oct-2026,20500.0,CE,22620.45,2203.6,130,2209.95,195,2205,2206.7749999999996,84,68,84,-6.136262052231658,0,,,,,,,,,,,,,,,0.07396046283647259,22713,0.055206298654584325,0.0125,index_dividend_yield,0.065,13.5,65,22665,22809.35,22595.2,22716.2,mid_price,no_nse_iv
2026-09-30T10:06:22.843989+00:00,2026-09-30T15:36:22.843989+05:30,NIFTY,27-Oct-2026,20500.0,PE,22620.45,16.2,1300,16.25,130,16.25,16.225,8335,5095,16073,23.574144486692017,21.01,-0.03440978700356374,5.8945012913680086e-05,-1.7086575542655615,4.6867870415712245,-0.63893291071173,0.002293233637706227,71.50438085159205,-8.565350760879689e-08,0.0006187547955612206,-2.136092540837577e-06,-0.343411434473329,-43.41836427002352,0.0388435100049032,7.176981482446076e-05,0.07396046283647259,22713,0.055206298654584325,0.0125,index_dividend_yield,0.065,13.5,65,22665,22809.35,22595.2,22716.2,mid_price,ok
2026-09-30T10:06:22.843989+00:00,2026-09-30T15:36:22.843989+05:30,NIFTY,27-Oct-2026,20550.0,CE,22620.45,2127.35,650,2202.65,65,0.0,2165.0,0,0,0,0,0,,,,,,,,,,,,,,,0.07396046283647259,22713,0.055206298654584325,0.0125,index_dividend_yield,0.065,13.5,65,22665,22809.35,22595.2,22716.2,mid_price,no_nse_iv
2026-09-30T10:06:22.843989+00:00,2026-09-30T15:36:22.843989+05:30,NIFTY,27-Oct-2026,20550.0,PE,22620.45,15.15,1690,17,650,15.9,16.075,188,116,463,2.2508038585209005,20.74,-0.03598088302781727,6.193994896834106e-05,-1.7471470870781123,4.861627681386093,-0.6639616237870994,0.002347636670073039,73.47848476216834,-9.014982131745037e-08,0.0006375220607268637,-2.162956498202871e-06,-0.3498123577287995,-43.7071785511294,0.04051219010409344,7.504982284249034e-05,0.07396046283647259,22713,0.055206298654584325,0.0125,index_dividend_yield,0.065,13.5,65,22665,22809.35,22595.2,22716.2,mid_price,ok
2026-09-30T10:06:22.843989+00:00,2026-09-30T15:36:22.843989+05:30,NIFTY,27-Oct-2026,20600.0,CE,22620.45,2079.25,650,2153,65,0.0,2116.125,0,0,0,0,0,,,,,,,,,,,,,,,0.07396046283647259,22713,0.055206298654584325,0.0125,index_dividend_yield,0.065,13.5,65,22665,22809.35,22595.2,22716.2,mid_price,no_nse_iv
2026-09-30T10:06:22.843989+00:00,2026-09-30T15:36:22.843989+05:30,NIFTY,27-Oct-2026,20600.0,PE,22620.45,17.25,390,17.3,390,17.25,17.275,327,120,1235,14.617940199335548,20.52,-0.03798999529597946,6.544722967891918e-05,-1.8045404634273319,5.0824220360759504,-0.6917891624982214,0.002414874395226342,75.50009351684928,-9.49434493863359e-08,0.000653299147090002,-2.181739294257538e-06,-0.3576471496734177,-43.828648778062195,0.04266785657795372,7.891495403261678e-05,0.07396046283647259,22713,0.055206298654584325,0.0125,index_dividend_yield,0.065,13.5,65,22665,22809.35,22595.2,22716.2,mid_price,ok
2026-09-30T10:06:22.843989+00:00,2026-09-30T15:36:22.843989+05:30,NIFTY,27-Oct-2026,20650.0,CE,22620.45,2031.2,650,2125.9,650,0.0,2078.55,0,0,0,0,0,,,,,,,,,,,,,,,0.07396046283647259,22713,0.055206298654584325,0.0125,index_dividend_yield,0.065,13.5,65,22665,22809.35,22595.2,22716.2,mid_price,no_nse_iv
2026-09-30T10:06:22.843989+00:00,2026-09-30T15:36:22.843989+05:30,NIFTY,27-Oct-2026,20650.0,PE,22620.45,14.6,1755,19.15,65,16.95,16.875,121,29,214,9.003215434083602,20.15,-0.03904925033838457,6.815954592396586e-05,-1.809208236743818,5.197611801907151,-0.7155644581150304,0.002447344704295591,77.5368104931573,-9.993570095056163e-08,0.0006785447379487754,-2.215259994993896e-06,-0.3614144041234306,-44.465026183751476,0.04373738144020283,8.17878999707958e-05,0.07396046283647259,22713,0.055206298654584325,0.0125,index_dividend_yield,0.065,13.5,65,22665,22809.35,22595.2,22716.2,mid_price,wide_quote_low_liquidity
2026-09-30T10:06:22.843989+00:00,2026-09-30T15:36:22.843989+05:30,NIFTY,27-Oct-2026,20700.0,CE,22620.45,1983.2,650,2053.65,65,0.0,2018.4250000000002,0,0,0,0,0,,,,,,,,,,,,,,,0.07396046283647259,22713,0.055206298654584325,0.0125,index_dividend_yield,0.065,13.5,65,22665,22809.35,22595.2,22716.2,mid_price,no_nse_iv
2026-09-30T10:06:22.843989+00:00,2026-09-30T15:36:22.843989+05:30,NIFTY,27-Oct-2026,20700.0,PE,22620.45,18.65,520,18.7,2470,18.75,18.674999999999997,1140,666,1736,16.822429906542055,19.97,-0.041575610929105423,7.236589670451239e-05,-1.883838379611889,5.469077954242448,-0.7469679423963149,0.0025258838334851486,79.60042590306804,-1.0529683084782533e-07,0.0006909046406802118,-2.2213707413934545e-06,-0.37042105647005924,-44.44596388390088,0.04645500642440099,8.64163139334769e-05,0.07396046283647259,22713,0.055206298654584325,0.0125,index_dividend_yield,0.065,13.5,65,22665,22809.35,22595.2,22716.2,mid_price,ok
2026-09-30T10:06:22.843989+00:00,2026-09-30T15:36:22.843989+05:30,NIFTY,27-Oct-2026,20750.0,CE,22620.45,1935.3,650,2004.1,65,0.0,1969.6999999999998,0,0,0,0,0,,,,,,,,,,,,,,,0.07396046283647259,22713,0.055206298654584325,0.0125,index_dividend_yield,0.065,13.5,65,22665,22809.35,22595.2,22716.2,mid_price,no_nse_iv
2026-09-30T10:06:22.843989+00:00,2026-09-30T15:36:22.843989+05:30,NIFTY,27-Oct-2026,20750.0,PE,22620.45,18.35,1300,20.15,260,19.3,19.25,126,87,373,12.209302325581396,19.81,-0.04442772187606168,7.696759354376047e-05,-1.9685872186372182,5.770248072851465,-0.7798881976246937,0.0026094822595059478,81.61047022537238,-1.1087816681162839e-07,0.0007000689827526191,-2.2168563704350893e-06,-0.3798917287013506,-44.35150459972667,0.04952454863395954,9.146905383508174e-05,0.07396046283647259,22713,0.055206298654584325,0.0125,index_dividend_yield,0.065,13.5,65,22665,22809.35,22595.2,22716.2,mid_price,ok
2026-09-30T10:06:22.843989+00:00,2026-09-30T15:36:22.843989+05:30,NIFTY,27-Oct-2026,20800.0,CE,22620.45,1887.5,650,1954.6,65,0.0,1921.05,0,0,0,0,0,,,,,,,,,,,,,,,0.07396046283647259,22713,0.055206298654584325,0.0125,index_dividend_yield,0.065,13.5,65,22665,22809.35,22595.2,22716.2,mid_price,no_nse_iv
2026-09-30T10:06:22.843989+00:00,2026-09-30T15:36:22.843989+05:30,NIFTY,27-Oct-2026,20800.0,PE,22620.45,20.45,390,20.5,2405,20.5,20.475,3402,589,4241,18.155619596541786,19.48,-0.04609557594302976,8.062665176429375e-05,-1.9904324613490743,5.94387514731318,-0.8087200392814172,0.0026538894441389196,83.75602430126827,-1.1686658930617744e-07,0.0007222504297796535,-2.2350153384345374e-06,-0.38489245945636963,-44.85588366245646,0.051247513816006396,9.535740757370981e-05,0.07396046283647259,22713,0.055206298654584325,0.0125,index_dividend_yield,0.065,13.5,65,22665,22809.35,22595.2,22716.2,mid_price,ok
2026-09-30T10:06:22.843989+00:00,2026-09-30T15:36:22.843989+05:30,NIFTY,27-Oct-2026,20850.0,CE,22620.45,1839.75,650,1905.3,65,0.0,1872.525,0,0,0,0,0,,,,,,,,,,,,,,,0.07396046283647259,22713,0.055206298654584325,0.0125,index_dividend_yield,0.065,13.5,65,22665,22809.35,22595.2,22716.2,mid_price,no_nse_iv
2026-09-30T10:06:22.843989+00:00,2026-09-30T15:36:22.843989+05:30,NIFTY,27-Oct-2026,20850.0,PE,22620.45,20.55,1430,22.45,1300,20.75,21.5,117,36,358,11.859838274932615,19.24,-0.04861707051839568,8.519146192221712e-05,-2.0479461626667548,6.203020830508755,-0.8414630501436849,0.0027196991117511282,85.82494105050698,-1.2312004590134167e-07,0.0007359505194644197,-2.231869061913294e-06,-0.3922314362922661,-45.04056835556931,0.05391638693911442,0.00010027355978719104,0.07396046283647259,22713,0.055206298654584325,0.0125,index_dividend_yield,0.065,13.5,65,22665,22809.35,22595.2,22716.2,mid_price,ok
2026-09-30T10:06:22.843989+00:00,2026-09-30T15:36:22.843989+05:30,NIFTY,27-Oct-2026,20900.0,CE,22620.45,1792.15,650,1856,65,0.0,1824.075,1,0,0,0,24.4,0.899562258617059,0.00011647353372922413,-7.4539540039023535,10.755217046001553,-0.8723168712218565,0.003594271962544582,68.89325577421523,-1.0466236671039543e-07,0.0002687419291394136,-8.870113643438669e-07,-0.48025369358684955,10.86738279793082,-0.8840222418844338,0.00013643857041557836,0.07396046283647259,22713,0.055206298654584325,0.0125,index_dividend_yield,0.065,13.5,65,22665,22809.35,22595.2,22716.2,mid_price,ok
2026-09-30T10:06:22.843989+00:00,2026-09-30T15:36:22.843989+05:30,NIFTY,27-Oct-2026,20900.0,PE,22620.45,22.75,195,23.05,260,22.8,22.9,887,183,2342,15.736040609137056,19.03,-0.05156566973042706,9.027123661587693e-05,-2.1190500100444902,6.501151414151111,-0.8760953990505395,0.0027924268619990973,87.81810874118356,-1.2963338661734184e-07,0.0007450566176830155,-2.214676366296456e-06,-0.40026166245761097,-45.112453714421044,0.05704760281390854,0.0001057448682045641,0.07396046283647259,22713,0.055206298654584325,0.0125,index_dividend_yield,0.065,13.5,65,22665,22809.35,22595.2,22716.2,mid_price,ok
2026-09-30T10:06:22.843989+00:00,2026-09-30T15:36:22.843989+05:30,NIFTY,27-Oct-2026,20950.0,CE,22620.45,1744.6,650,1806.8,65,0.0,1775.6999999999998,0,0,0,0,0,,,,,,,,,,,,,,,0.07396046283647259,22713,0.055206298654584325,0.0125,index_dividend_yield,0.065,13.5,65,22665,22809.35,22595.2,22716.2,mid_price,no_nse_iv
2026-09-30T10:06:22.843989+00:00,2026-09-30T15:36:22.843989+05:30,NIFTY,27-Oct-2026,20950.0,PE,22620.45,23.6,1300,24.5,910,23.6,24.05,138,60,266,15.121951219512194,18.84,-0.05489457795313798,9.581716956223563e-05,-2.200372996415752,6.831661461043693,-0.9121152154431301,0.0028691481920095283,89.70482684091596,-1.3637826592118765e-07,0.0007495978907986404,-2.1829247373917097e-06,-0.40864701955864646,-45.10536392871255,0.060585671625984536,0.00011170632484230657,0.07396046283647259,22713,0.055206298654584325,0.0125,index_dividend_yield,0.065,13.5,65,22665,22809.35,22595.2,22716.2,mid_price,ok
2026-09-30T10:06:22.843989+00:00,2026-09-30T15:36:22.843989+05:30,NIFTY,27-Oct-2026,21000.0,CE,22620.45,1725.15,65,1727.8,65,1726.7,1726.475,4069,428,1016,-7.862650409540834,0,,,,,,,,,,,,,,,0.07396046283647259,22713,0.055206298654584325,0.0125,index_dividend_yield,0.065,13.5,65,22665,22809.35,22595.2,22716.2,mid_price,no_nse_iv
2026-09-30T10:06:22.843989+00:00,2026-09-30T15:36:22.843989+05:30,NIFTY,27-Oct-2026,21000.0,PE,22620.45,25.4,130,25.45,1885,25.45,25.424999999999997,18401,962,29822,11.62280701754386,18.61,-0.05807093416544692,0.00010139779934810166,-2.2673941965358364,7.141295490528446,-0.948182002288845,0.002936364084654898,91.62042844935492,-1.4354824478146724e-07,0.0007560766177022043,-2.1505578198571844e-06,-0.4159360853829934,-45.241184536738515,0.06393456891485111,0.0001176501325208594,0.07396046283647259,22713,0.055206298654584325,0.0125,index_dividend_yield,0.065,13.5,65,22665,22809.35,22595.2,22716.2,mid_price,ok
2026-09-30T10:06:22.843989+00:00,2026-09-30T15:36:22.843989+05:30,NIFTY,27-Oct-2026,21050.0,CE,22620.45,1649.85,650,1708.65,65,0.0,1679.25,0,0,0,0,0,,,,,,,,,,,,,,,0.07396046283647259,22713,0.055206298654584325,0.0125,index_dividend_yield,0.065,13.5,65,22665,22809.35,22595.2,22716.2,mid_price,no_nse_iv
2026-09-30T10:06:22.843989+00:00,2026-09-30T15:36:22.843989+05:30,NIFTY,27-Oct-2026,21050.0,PE,22620.45,26.55,325,27.3,1950,25.55,26.925,86,37,287,15.610859728506787,18.31,-0.06077083794557057,0.00010679652873865458,-2.306562154782737,7.400270284580782,-0.9841934327871684,0.0029881649645520994,93.71702082638666,-1.51402754436416e-07,0.0007692390527301178,-2.1281669662841864e-06,-0.42153543691605755,-45.63895997773583,0.06673558672553379,0.00012332621906783374,0.07396046283647259,22713,0.055206298654584325,0.0125,index_dividend_yield,0.065,13.5,65,22665,22809.35,22595.2,22716.2,mid_price,ok
2026-09-30T10:06:22.843989+00:00,2026-09-30T15:36:22.843989+05:30,NIFTY,27-Oct-2026,21100.0,CE,22620.45,1458.6,65,1659.75,65,0.0,1559.175,1,0,0,0,22.19,0.8930729608476142,0.0001340896955544497,-7.235953222202421,11.260425662105114,-0.9792916830401177,0.0036193714487962048,75.15705112223525,-1.2829693301575674e-07,0.00029071370862774606,-7.921577849814527e-07,-0.4835865996954514,12.083198095924153,-0.8781908864168309,0.00015411076446446715,0.07396046283647259,22713,0.055206298654584325,0.0125,index_dividend_yield,0.065,13.5,65,22665,22809.35,22595.2,22716.2,mid_price,ok
2026-09-30T10:06:22.843989+00:00,2026-09-30T15:36:22.843989+05:30,NIFTY,27-Oct-2026,21100.0,PE,22620.45,28.15,130,28.35,780,28.2,28.25,640,177,1454,16.049382716049383,18.11,-0.06466898810240515,0.00011333610659805567,-2.389347502877036,7.767635547825103,-1.0227913110425688,0.0030597879806338324,95.40272328059629,-1.5914556285264903e-07,0.0007662224260519343,-2.0649953616833745e-06,-0.4292026269391229,-45.65336216649208,0.07084758175937575,0.00013025843601949393,0.07396046283647259,22713,0.055206298654584325,0.0125,index_dividend_yield,0.065,13.5,65,22665,22809.35,22595.2,22716.2,mid_price,ok
2026-09-30T10:06:22.843989+00:00,2026-09-30T15:36:22.843989+05:30,NIFTY,27-Oct-2026,21150.0,CE,22620.45,1555.55,65,1611.05,65,0.0,1583.3,0,0,0,0,0,,,,,,,,,,,,,,,0.07396046283647259,22713,0.055206298654584325,0.0125,index_dividend_yield,0.065,13.5,65,22665,22809.35,22595.2,22716.2,mid_price,no_nse_iv
2026-09-30T10:06:22.843989+00:00,2026-09-30T15:36:22.843989+05:30,NIFTY,27-Oct-2026,21150.0,PE,22620.45,29.4,1950,30.3,845,28.55,29.85,191,60,340,12.180746561886052,17.86,-0.06830513793997617,0.00011989355600290596,-2.452399339868018,8.103626143365839,-1.0616789659496153,0.0031196305792959983,97.18896745516936,-1.6752973890748428e-07,0.0007666625475160154,-2.0043177470862412e-06,-0.43559336154955375,-45.85506711435691,0.07464719142482117,0.0001371442420477057,0.07396046283647259,22713,0.055206298654584325,0.0125,index_dividend_yield,0.065,13.5,65,22665,22809.35,22595.2,22716.2,mid_price,ok
2026-09-30T10:06:22.843989+00:00,2026-09-30T15:36:22.843989+05:30,NIFTY,27-Oct-2026,21200.0,CE,22620.45,1238.65,650,1562.5,65,0.0,1400.575,1,0,0,0,21.15,,,,,,,,,,,,,,,0.07396046283647259,,,,,,13.5,65,22665,22809.35,22595.2,22716.2,mid_price,no_price_available
2026-09-30T10:06:22.843989+00:00,2026-09-30T15:36:22.843989+05:30,NIFTY,27-Oct-2026,21200.0,PE,22620.45,32.05,715,32.1,195,32.05,32.075,3872,2615,9147,18.703703703703702,17.71,-0.07329127756320529,0.00012763424277739558,-2.5610476247974954,8.554366798868795,-1.1016264752515061,0.0031958424524246853,98.34985220696524,-1.754566080934937e-07,0.0007467714573237592,-1.892701997874925e-06,-0.44367135500401034,-45.660804733593984,0.07991463767183656,0.0001453108238116564,0.07396046283647259,22713,0.055206298654584325,0.0125,index_dividend_yield,0.065,13.5,65,22665,22809.35,22595.2,22716.2,mid_price,ok
2026-09-30T10:06:22.843989+00:00,2026-09-30T15:36:22.843989+05:30,NIFTY,27-Oct-2026,21250.0,CE,22620.45,1461.9,650,1513.9,65,0.0,1487.9,0,0,0,0,0,,,,,,,,,,,,,,,0.07396046283647259,22713,0.055206298654584325,0.0125,index_dividend_yield,0.065,13.5,65,22665,22809.35,22595.2,22716.2,mid_price,no_nse_iv
2026-09-30T10:06:22.843989+00:00,2026-09-30T15:36:22.843989+05:30,NIFTY,27-Oct-2026,21250.0,PE,22620.45,33.3,1235,34.1,325,32.5,33.7,207,84,488,17.117117117117118,17.52,-0.07816928382335854,0.00013550844467173046,-2.6542706340794746,8.984678955515735,-1.1414937614640173,0.0032606854481454645,99.50599696954221,-1.8389640181700493e-07,0.0007273658446157728,-1.7767105509830332e-06,-0.4505600242636465,-45.61385381105923,0.08503479761590843,0.0001535504071889301,0.07396046283647259,22713,0.055206298654584325,0.0125,index_dividend_yield,0.065,13.5,65,22665,22809.35,22595.2,22716.2,mid_price,ok
2026-09-30T10:06:22.843989+00:00,2026-09-30T15:36:22.843989+05:30,NIFTY,27-Oct-2026,21300.0,CE,22620.45,1209.1,650,1465.75,65,0.0,1337.425,1,0,0,0,17.96,0.9082789376832449,0.000147908514631031,-6.041263940064844,10.053137183662924,-1.170574829815585,0.003443945862500519,96.16145459453928,-1.8498472463740454e-07,0.0005912943940862656,-1.3809608312327908e-06,-0.46620063988761373,14.176847098900033,-0.8965463180448806,0.0001668155184047919,0.07396046283647259,22713,0.055206298654584325,0.0125,index_dividend_yield,0.065,13.5,65,22665,22809.35,22595.2,22716.2,mid_price,wide_quote_low_liquidity
2026-09-30T10:06:22.843989+00:00,2026-09-30T15:36:22.843989+05:30,NIFTY,27-Oct-2026,21300.0,PE,22620.45,36.3,2925,36.35,65,36.3,36.325,4512,2472,6768,19.407894736842106,17.32,-0.0832676566653655,0.00014377137701982498,-2.7447892902970357,9.423721023559954,-1.181440834188814,0.0033195185729046612,100.5115002804997,-1.9265199740969323e-07,0.0007034005521158184,-1.6451382475285122e-06,-0.45685516678864774,-45.5975340750681,0.09036901690076869,0.00016214953445486922,0.07396046283647259,22713,0.055206298654584325,0.0125,index_dividend_yield,0.065,13.5,65,22665,22809.35,22595.2,22716.2,mid_price,ok
2026-09-30T10:06:22.843989+00:00,2026-09-30T15:36:22.843989+05:30,NIFTY,27-Oct-2026,21350.0,CE,22620.45,1368.75,650,1417.6,65,0.0,1393.175,0,0,0,0,0,,,,,,,,,,,,,,,0.07396046283647259,22713,0.055206298654584325,0.0125,index_dividend_yield,0.065,13.5,65,22665,22809.35,22595.2,22716.2,mid_price,no_nse_iv
2026-09-30T10:06:22.843989+00:00,2026-09-30T15:36:22.843989+05:30,NIFTY,27-Oct-2026,21350.0,PE,22620.45,38.3,65,38.65,65,38.6,38.474999999999994,5002,-192,2502,17.682926829268293,17.03,-0.08761992859452189,0.00015190646398313364,-2.795288919580916,9.790232449458241,-1.222983891292391,0.003360504422066285,101.94899753559739,-2.0282404477838065e-07,0.0006899172635928329,-1.5324344005775462e-06,-0.4613635146163819,-45.93075815411744,0.09485499640443562,0.0001705230046621361,0.07396046283647259,22713,0.055206298654584325,0.0125,index_dividend_yield,0.065,13.5,65,22665,22809.35,22595.2,22716.2,mid_price,ok
2026-09-30T10:06:22.843989+00:00,2026-09-30T15:36:22.843989+05:30,NIFTY,27-Oct-2026,21400.0,CE,22620.45,1090.65,650,1353.8,130,1440,1222.225,26,-1,1,-4,19.04,0.8785894634882266,0.00017122571757563127,-6.964981510405258,12.337808919599587,-1.179971352873621,0.003634478385145856,85.07618155201956,-1.7849952669362746e-07,0.00028143885205023274,-4.298698114033289e-07,-0.4879551063235308,14.472121887646177,-0.8645243886611343,0.00019131275634495684,0.07396046283647259,22713,0.055206298654584325,0.0125,index_dividend_yield,0.065,13.5,65,22665,22809.35,22595.2,22716.2,mid_price,wide_quote_low_liquidity
2026-09-30T10:06:22.843989+00:00,2026-09-30T15:36:22.843989+05:30,NIFTY,27-Oct-2026,21400.0,PE,22620.45,41.05,4290,41.2,520,41.25,41.125,5439,1470,7013,19.21965317919075,16.9,-0.09429848747274835,0.00016164727602361044,-2.920957037460352,10.338492000829557,-1.2611621295746944,0.0034186729170656988,101.9641685858792,-2.1104181911864128e-07,0.0006378254491862722,-1.3268690570483104e-06,-0.4677730551308823,-45.617662582999465,0.10186140432550389,0.00018061063705614882,0.07396046283647259,22713,0.055206298654584325,0.0125,index_dividend_yield,0.065,13.5,65,22665,22809.35,22595.2,22716.2,mid_price,ok
2026-09-30T10:06:22.843989+00:00,2026-09-30T15:36:22.843989+05:30,NIFTY,27-Oct-2026,21450.0,CE,22620.45,1280.65,65,1318.95,65,0.0,1299.8000000000002,0,0,0,0,0,,,,,,,,,,,,,,,0.07396046283647259,22713,0.055206298654584325,0.0125,index_dividend_yield,0.065,13.5,65,22665,22809.35,22595.2,22716.2,mid_price,no_nse_iv
2026-09-30T10:06:22.843989+00:00,2026-09-30T15:36:22.843989+05:30,NIFTY,27-Oct-2026,21450.0,PE,22620.45,42.7,1690,44,780,43.35,43.35,305,-33,369,18.930041152263374,16.8,-0.10182467194426084,0.0001720199548124291,-3.0627391475527426,10.936798528543198,-1.2963172578620563,0.003470732504306767,101.33525811545319,-2.1858488580921258e-07,0.000569989102065552,-1.0803151632643926e-06,-0.4737608451599886,-45.17675083985003,0.109757786942326,0.00019130517435615488,0.07396046283647259,22713,0.055206298654584325,0.0125,index_dividend_yield,0.065,13.5,65,22665,22809.35,22595.2,22716.2,mid_price,ok
2026-09-30T10:06:22.843989+00:00,2026-09-30T15:36:22.843989+05:30,NIFTY,27-Oct-2026,21500.0,CE,22620.45,1245.45,65,1249.65,195,1250.7,1247.5500000000002,6040,-119,1432,-10.90293855743544,0,,,,,,,,,,,,,,,0.07396046283647259,22713,0.055206298654584325,0.0125,index_dividend_yield,0.065,13.5,65,22665,22809.35,22595.2,22716.2,mid_price,no_nse_iv
2026-09-30T10:06:22.843989+00:00,2026-09-30T15:36:22.843989+05:30,NIFTY,27-Oct-2026,21500.0,PE,22620.45,46.05,2990,46.2,2470,46.05,46.125,32248,3367,31591,19.61038961038961,16.45,-0.10651818228734342,0.00018151287913428292,-3.086900920660674,11.299922079392447,-1.3399202162315758,0.0034885241733906,102.60320619255924,-2.306766438867442e-07,0.0005447798430206855,-9.27961215286822e-07,-0.47629838627042526,-45.7214516290649,0.11452039685043137,0.0002009245509366472,0.07396046283647259,22713,0.055206298654584325,0.0125,index_dividend_yield,0.065,13.5,65,22665,22809.35,22595.2,22716.2,mid_price,ok
2026-09-30T10:06:22.843989+00:00,2026-09-30T15:36:22.843989+05:30,NIFTY,27-Oct-2026,21550.0,CE,22620.45,1191.15,65,1216.7,195,0.0,1203.9250000000002,0,0,0,0,0,,,,,,,,,,,,,,,0.07396046283647259,22713,0.055206298654584325,0.0125,index_dividend_yield,0.065,13.5,65,22665,22809.35,22595.2,22716.2,mid_price,no_nse_iv
2026-09-30T10:06:22.843989+00:00,2026-09-30T15:36:22.843989+05:30,NIFTY,27-Oct-2026,21550.0,PE,22620.45,49.65,130,49.95,1300,49.5,49.8,413,74,531,20.584652862362972,16.28,-0.11403650332159479,0.00019260129404932567,-3.196939566031855,11.866310337602522,-1.3750123416644415,0.00351584482430925,101.91265685016404,-2.395062262248756e-07,0.0004711507295702532,-6.609557993243547e-07,-0.48023502698373477,-45.535295205264646,0.1223297743991576,0.00021221062887283727,0.07396046283647259,22713,0.055206298654584325,0.0125,index_dividend_yield,0.065,13.5,65,22665,22809.35,22595.2,22716.2,mid_price,ok
2026-09-30T10:06:22.843989+00:00,2026-09-30T15:36:22.843989+05:30,NIFTY,27-Oct-2026,21600.0,CE,22620.45,1144.75,130,1166.5,65,1245,1155.625,13,1,2,-1.4563875257242362,17.26,0.8612592254959471,0.0002073300587852181,-6.921614017892927,13.542697040210715,-1.3298590182778125,0.0036066306894091404,89.14226759425503,-2.2122552235934265e-07,0.0001635424918286179,1.7590307996231003e-07,-0.49013363242056585,16.524190125774034,-0.8473642664627101,0.00022738261102028565,0.07396046283647259,22713,0.055206298654584325,0.0125,index_dividend_yield,0.065,13.5,65,22665,22809.35,22595.2,22716.2,mid_price,ok
2026-09-30T10:06:22.843989+00:00,2026-09-30T15:36:22.843989+05:30,NIFTY,27-Oct-2026,21600.0,PE,22620.45,52.8,325,52.85,1885,52.85,52.825,5748,2018,9769,18.100558659217878,16.1,-0.12192919737933629,0.0002041950187666344,-3.302486229674233,12.441510786256323,-1.4082149575734628,0.0035310511061408117,100.91263136246464,-2.4837397415939276e-07,0.0003879952997962833,-3.6933935753692693e-07,-0.48332784242185767,-45.37768047154906,0.13050343277477386,0.0002239443561466056,0.07396046283647259,22713,0.055206298654584325,0.0125,index_dividend_yield,0.065,13.5,65,22665,22809.35,22595.2,22716.2,mid_price,ok
2026-09-30T10:06:22.843989+00:00,2026-09-30T15:36:22.843989+05:30,NIFTY,27-Oct-2026,21650.0,CE,22620.45,1102.95,65,1125.3,195,0.0,1114.125,0,0,0,0,0,,,,,,,,,,,,,,,0.07396046283647259,22713,0.055206298654584325,0.0125,index_dividend_yield,0.065,13.5,65,22665,22809.35,22595.2,22716.2,mid_price,no_nse_iv
2026-09-30T10:06:22.843989+00:00,2026-09-30T15:36:22.843989+05:30,NIFTY,27-Oct-2026,21650.0,PE,22620.45,57.5,195,57.6,390,57.6,57.55,880,-1,2554,20.502092050209207,15.94,-0.13064934495144834,0.0002164146319931511,-3.4175298453459657,13.05500487789516,-1.437045206551718,0.0035344088129113937,99.25849469901848,-2.5644679987130905e-07,0.0002878083878412918,-3.673998485225426e-08,-0.48577095513484636,-45.12680952580094,0.13953056824874677,0.00023625080648549736,0.07396046283647259,22713,0.055206298654584325,0.0125,index_dividend_yield,0.065,13.5,65,22665,22809.35,22595.2,22716.2,mid_price,ok
2026-09-30T10:06:22.843989+00:00,2026-09-30T15:36:22.843989+05:30,NIFTY,27-Oct-2026,21700.0,CE,22620.45,1058,260,1076.8,390,0.0,1067.4,3,0,0,0,17.39,0.8367035496224343,0.00022955809292497052,-7.392885734995598,15.107558723635345,-1.3230149902418442,0.0035435056298470653,80.10025965926282,-2.205352007717367e-07,-0.0001029028216082106,1.0259337888636e-06,-0.4920881421993979,17.246808131814376,-0.8216227152815574,0.0002494454697949427,0.07396046283647259,22713,0.055206298654584325,0.0125,index_dividend_yield,0.065,13.5,65,22665,22809.35,22595.2,22716.2,mid_price,ok
2026-09-30T10:06:22.843989+00:00,2026-09-30T15:36:22.843989+05:30,NIFTY,27-Oct-2026,21700.0,PE,22620.45,62.15,1365,62.35,845,62.4,62.25,8053,888,16461,21.75609756097561,15.85,-0.14097375460363265,0.00022927876780165472,-3.5659886544999715,13.752929176325711,-1.4559797553786862,0.0035238606935312222,96.3220772755049,-2.619918066842083e-07,0.00015932421845134476,3.622669429737555e-07,-0.4876840084852585,-44.58398578764034,0.15024954931056553,0.0002491419458123061,0.07396046283647259,22713,0.055206298654584325,0.0125,index_dividend_yield,0.065,13.5,65,22665,22809.35,22595.2,22716.2,mid_price,ok
2026-09-30T10:06:22.843989+00:00,2026-09-30T15:36:22.843989+05:30,NIFTY,27-Oct-2026,21750.0,CE,22620.45,1013,260,1034.75,65,0.0,1023.875,4,0,0,0,15.05,0.8578109694253151,0.0002418043660165966,-6.4480057258922345,13.772181547817949,-1.536820121215754,0.0035269229406710285,101.54738332206392,-2.899576662239523e-07,0.00017632164870001776,4.288995980766038e-07,-0.48569966862319625,18.988592311884613,-0.845158149515469,0.0002615460083128783,0.07396046283647259,22713,0.055206298654584325,0.0125,index_dividend_yield,0.065,13.5,65,22665,22809.35,22595.2,22716.2,mid_price,ok
2026-09-30T10:06:22.843989+00:00,2026-09-30T15:36:22.843989+05:30,NIFTY,27-Oct-2026,21750.0,PE,22620.45,66.7,130,67.15,455,66.75,66.92500000000001,591,115,1209,20.59620596205962,15.66,-0.15046191483565097,0.00024244591100781157,-3.664333572241559,14.368410346748743,-1.4784539605916385,0.0034946668199866975,94.03329204634225,-2.6977328014412583e-07,3.855391133798238e-05,7.42495961455526e-07,-0.48821586957116736,-44.42768406372917,0.16000571153845186,0.000262239930984208,0.07396046283647259,22713,0.055206298654584325,0.0125,index_dividend_yield,0.065,13.5,65,22665,22809.35,22595.2,22716.2,mid_price,ok
2026-09-30T10:06:22.843989+00:00,2026-09-30T15:36:22.843989+05:30,NIFTY,27-Oct-2026,21800.0,CE,22620.45,969.65,975,980.15,650,982,974.9,275,22,500,-13.36185980854912,0,,,,,,,,,,,,,,,0.07396046283647259,22713,0.055206298654584325,0.0125,index_dividend_yield,0.065,13.5,65,22665,22809.35,22595.2,22716.2,mid_price,no_nse_iv
2026-09-30T10:06:22.843989+00:00,2026-09-30T15:36:22.843989+05:30,NIFTY,27-Oct-2026,21800.0,PE,22620.45,72.45,520,72.55,455,72.45,72.5,10451,1732,17340,19.357495881383855,15.49,-0.1608814861285685,0.0002561711297431182,-3.770248597016836,15.017018030745477,-1.49413316709808,0.003448105931658118,91.020610239811,-2.762781089490816e-07,-0.00010102613450465345,1.164298859059141e-06,-0.4880004775397104,-44.17820380861186,0.17071501554654964,0.0002758161404365557,0.07396046283647259,22713,0.055206298654584325,0.0125,index_dividend_yield,0.065,13.5,65,22665,22809.35,22595.2,22716.2,mid_price,ok
2026-09-30T10:06:22.843989+00:00,2026-09-30T15:36:22.843989+05:30,NIFTY,27-Oct-2026,21850.0,CE,22620.45,922.2,65,946.95,65,0.0,934.575,0,0,0,0,0,,,,,,,,,,,,,,,0.07396046283647259,22713,0.055206298654584325,0.0125,index_dividend_yield,0.065,13.5,65,22665,22809.35,22595.2,22716.2,mid_price,no_nse_iv
2026-09-30T10:06:22.843989+00:00,2026-09-30T15:36:22.843989+05:30,NIFTY,27-Oct-2026,21850.0,PE,22620.45,77.85,195,78.6,520,77.95,78.225,642,154,638,20.852713178294575,15.31,-0.17182369744093026,0.000270430731734642,-3.8683020954999323,15.668713328429542,-1.5051339739509673,0.003382734149321054,87.62851035212815,-2.8230709380729094e-07,-0.00025390312545153846,1.612996612186451e-06,-0.4869445870489581,-43.95387795244126,0.18192937332022358,0.0002898382116011823,0.07396046283647259,22713,0.055206298654584325,0.0125,index_dividend_yield,0.065,13.5,65,22665,22809.35,22595.2,22716.2,mid_price,ok
2026-09-30T10:06:22.843989+00:00,2026-09-30T15:36:22.843989+05:30,NIFTY,27-Oct-2026,21900.0,CE,22620.45,885.95,65,894.05,650,895.3,890.0,94,57,128,-12.611029770619815,9.38,0.9233337669956783,0.0002471077944974885,-4.381327310259807,8.771853781697613,-2.140678796573925,0.002947061560901187,188.82636932149666,-6.216744557267553e-07,0.0026855297012797655,-2.6602374804110735e-06,-0.41931296344157154,25.335335778750416,-0.9160654890639657,0.000263633560762704,0.07396046283647259,22713,0.055206298654584325,0.0125,index_dividend_yield,0.065,13.5,65,22665,22809.35,22595.2,22716.2,mid_price,ok
2026-09-30T10:06:22.843989+00:00,2026-09-30T15:36:22.843989+05:30,NIFTY,27-Oct-2026,21900.0,PE,22620.45,84.75,1495,84.85,325,84.4,84.8,8191,873,15999,19.4621372965322,15.23,-0.18497472427303616,0.00028477813304116767,-4.01101696224227,16.41378130931059,-1.4970213081815091,0.003290429852941063,82.51169424918636,-2.834351136057846e-07,-0.00043822672305321225,2.131711519846348e-06,-0.485144674697679,-43.325500301509706,0.19546975735043243,0.0003038231691301875,0.07396046283647259,22713,0.055206298654584325,0.0125,index_dividend_yield,0.065,13.5,65,22665,22809.35,22595.2,22716.2,mid_price,ok
2026-09-30T10:06:22.843989+00:00,2026-09-30T15:36:22.843989+05:30,NIFTY,27-Oct-2026,21950.0,CE,22620.45,838.8,260,859.85,260,0.0,849.325,1,0,0,0,10.39,0.8872522117529217,0.00029759437072528135,-4.997953227497234,11.701522184337767,-2.1750052953799504,0.0032481033240772117,162.7564731770139,-5.752137359341152e-07,0.0012754180446254368,-6.021213079097812e-07,-0.45708956282784463,25.409068272391323,-0.8783675202759818,0.0003160517092107051,0.07396046283647259,22713,0.055206298654584325,0.0125,index_dividend_yield,0.065,13.5,65,22665,22809.35,22595.2,22716.2,mid_price,ok
2026-09-30T10:06:22.843989+00:00,2026-09-30T15:36:22.843989+05:30,NIFTY,27-Oct-2026,21950.0,PE,22620.45,91.45,325,92.05,65,92.1,91.75,521,173,1067,20.234986945169712,15.09,-0.19795606573500696,0.00029961338742969695,-4.119452513608142,17.110100301071327,-1.4879044977222504,0.003177425015410213,77.64852891436647,-2.8544951566691107e-07,-0.0006257715870897681,2.6499285367614987e-06,-0.48248338056194484,-42.919240687337606,0.20875569044337947,0.00031819594896497313,0.07396046283647259,22713,0.055206298654584325,0.0125,index_dividend_yield,0.065,13.5,65,22665,22809.35,22595.2,22716.2,mid_price,ok
2026-09-30T10:06:22.843989+00:00,2026-09-30T15:36:22.843989+05:30,NIFTY,27-Oct-2026,22000.0,CE,22620.45,804.2,325,805.25,390,804.6,804.725,16522,1600,5917,-14.960629921259843,10.18,0.875894975009254,0.0003252631471026306,-5.080103244311264,12.530971395445263,-2.262994375383909,0.003239018484404776,161.3127552805338,-6.109490570457484e-07,0.0009924708587991148,9.751073596438089e-08,-0.46038901344308597,26.6413184362503,-0.866792675639352,0.0003438681710276729,0.07396046283647259,22713,0.055206298654584325,0.0125,index_dividend_yield,0.065,13.5,65,22665,22809.35,22595.2,22716.2,mid_price,ok
2026-09-30T10:06:22.843989+00:00,2026-09-30T15:36:22.843989+05:30,NIFTY,27-Oct-2026,22000.0,PE,22620.45,99,455,99.15,65,99.25,99.075,59607,7044,73350,21.110433190970102,14.97,-0.2119865954312355,0.0003145600200840026,-4.231281555825285,17.820809392887405,-1.467141386677584,0.0030376750781326844,72.10489242211793,-2.8509806517941307e-07,-0.0008284949049556665,3.195774601968829e-06,-0.47909996583772246,-42.424576257672975,0.22310280754893705,0.00033255282606788517,0.07396046283647259,22713,0.055206298654584325,0.0125,index_dividend_yield,0.065,13.5,65,22665,22809.35,22595.2,22716.2,mid_price,ok
2026-09-30T10:06:22.843989+00:00,2026-09-30T15:36:22.843989+05:30,NIFTY,27-Oct-2026,22050.0,CE,22620.45,764.05,65,774,65,0.0,769.025,0,0,0,0,0,,,,,,,,,,,,,,,0.07396046283647259,22713,0.055206298654584325,0.0125,index_dividend_yield,0.065,13.5,65,22665,22809.35,22595.2,22716.2,mid_price,no_nse_iv
2026-09-30T10:06:22.843989+00:00,2026-09-30T15:36:22.843989+05:30,NIFTY,27-Oct-2026,22050.0,PE,22620.45,107.65,455,107.95,65,107.35,107.80000000000001,1176,201,1223,22.89639381797367,14.82,-0.22635148531331997,0.0003299453620775278,-4.321308360486359,18.505138187887418,-1.4409846740067456,0.0028745605951971953,66.50671163670197,-2.8431604614976564e-07,-0.001040522487400381,3.750986828439395e-06,-0.4751347920309783,-42.029701883343336,0.237732207366355,0.000347238059892074,0.07396046283647259,22713,0.055206298654584325,0.0125,index_dividend_yield,0.065,13.5,65,22665,22809.35,22595.2,22716.2,mid_price,ok
2026-09-30T10:06:22.843989+00:00,2026-09-30T15:36:22.843989+05:30,NIFTY,27-Oct-2026,22100.0,CE,22620.45,724.5,65,728.5,650,730,726.5,117,25,152,-15.002619782266985,9.49,0.855827129800036,0.00038710749300048444,-5.112663367293671,13.90272367834805,-2.4753051691360217,0.003121105475448527,162.22277526118577,-7.153671960136909e-07,0.00043834551596060793,1.5410932457051883e-06,-0.45962612788582646,29.83468730424152,-0.8466204837099847,0.0004055547674173929,0.07396046283647259,22713,0.055206298654584325,0.0125,index_dividend_yield,0.065,13.5,65,22665,22809.35,22595.2,22716.2,mid_price,ok
2026-09-30T10:06:22.843989+00:00,2026-09-30T15:36:22.843989+05:30,NIFTY,27-Oct-2026,22100.0,PE,22620.45,116.75,2990,116.8,325,116.75,116.775,5170,440,11345,23.7413884472708,14.73,-0.2423588812436977,0.00034475008018116954,-4.43098998077197,19.21804577963244,-1.3954502422544728,0.0026775814408880327,59.92367299728407,-2.789670154863735e-07,-0.001265494335992058,4.328736553556919e-06,-0.4706253338060833,-41.40162224830281,0.2540580847803276,0.00036117884854485827,0.07396046283647259,22713,0.055206298654584325,0.0125,index_dividend_yield,0.065,13.5,65,22665,22809.35,22595.2,22716.2,mid_price,ok
2026-09-30T10:06:22.843989+00:00,2026-09-30T15:36:22.843989+05:30,NIFTY,27-Oct-2026,22150.0,CE,22620.45,680.3,260,690.85,65,690.7,685.575,38,-3,14,-13.02650632751999,10.73,0.80652388548711,0.0004143327286204769,-5.856181927837088,16.824844650757584,-2.1377925640683193,0.002928545869995469,114.14432317444678,-5.570126432684464e-07,-0.0010503098006408684,3.874360097468835e-06,-0.46592300489845323,29.09832528760008,-0.7953479845045812,0.00043211989270681793,0.07396046283647259,22713,0.055206298654584325,0.0125,index_dividend_yield,0.065,13.5,65,22665,22809.35,22595.2,22716.2,mid_price,ok
2026-09-30T10:06:22.843989+00:00,2026-09-30T15:36:22.843989+05:30,NIFTY,27-Oct-2026,22150.0,PE,22620.45,125.85,65,126.5,520,126.45,126.175,819,42,1858,22.707423580786028,14.63,-0.25899186163174104,0.00035952046647588597,-4.525531050281801,19.905360418350355,-1.3401665409306374,0.0024532849618553176,53.23767037178939,-2.719527544417247e-07,-0.0014958790105371132,4.905437941155326e-06,-0.4658051586912464,-40.802246206855784,0.27097496808989596,0.0003749545586628491,0.07396046283647259,22713,0.055206298654584325,0.0125,index_dividend_yield,0.065,13.5,65,22665,22809.35,22595.2,22716.2,mid_price,ok
2026-09-30T10:06:22.843989+00:00,2026-09-30T15:36:22.843989+05:30,NIFTY,27-Oct-2026,22200.0,CE,22620.45,645.05,65,646.9,650,646.95,645.9749999999999,367,192,538,-17.496652426193968,10.73,0.78468848521523,0.00044175018253459283,-6.01338304975293,17.93818755359846,-2.0692897410768407,0.002702427228570281,100.65017490650696,-5.423239236567744e-07,-0.0016382117496010486,4.992947999021889e-06,-0.4617577758802582,30.199449039746384,-0.7730742053178361,0.00045864141574572553,0.07396046283647259,22713,0.055206298654584325,0.0125,index_dividend_yield,0.065,13.5,65,22665,22809.35,22595.2,22716.2,mid_price,ok
2026-09-30T10:06:22.843989+00:00,2026-09-30T15:36:22.843989+05:30,NIFTY,27-Oct-2026,22200.0,PE,22620.45,136.5,65,136.7,2535,136.75,136.6,12875,4843,21875,23.69968340117594,14.56,-0.2767742209752367,0.00037352905017045454,-4.622101727978357,20.582013530329295,-1.268670177796749,0.00219688579463978,46.18056821761307,-2.613703501795642e-07,-0.0017273754028775178,5.47455044371583e-06,-0.46082244121074467,-40.091019141609486,0.2890504961998085,0.00038781170708156507,0.07396046283647259,22713,0.055206298654584325,0.0125,index_dividend_yield,0.065,13.5,65,22665,22809.35,22595.2,22716.2,mid_price,ok
2026-09-30T10:06:22.843989+00:00,2026-09-30T15:36:22.843989+05:30,NIFTY,27-Oct-2026,22250.0,CE,22620.45,605.4,65,609.85,65,610,607.625,274,-39,92,-19.151756129887342,10.13,0.7738884764394002,0.0004812989084059322,-5.883947035254241,18.45127675314084,-2.1512828895693947,0.0024972232404867345,99.80663892961594,-5.956906069445376e-07,-0.0021476793882618263,5.94186390212402e-06,-0.45573252245284473,32.51144577838809,-0.7625733987026942,0.0004974590391532718,0.07396046283647259,22713,0.055206298654584325,0.0125,index_dividend_yield,0.065,13.5,65,22665,22809.35,22595.2,22716.2,mid_price,ok
2026-09-30T10:06:22.843989+00:00,2026-09-30T15:36:22.843989+05:30,NIFTY,27-Oct-2026,22250.0,PE,22620.45,147.9,260,148.3,65,148.15,148.10000000000002,3713,153,2103,22.43801652892562,14.38,-0.2939565023107333,0.00038920322717137255,-4.655014851481753,21.180559084265084,-1.2018972294675356,0.0019251238662602586,40.007672728512134,-2.533220496833426e-07,-0.0019714453048922157,6.039415624170606e-06,-0.45599397592560814,-39.748725735475844,0.3063692108794207,0.00040227114593978836,0.07396046283647259,22713,0.055206298654584325,0.0125,index_dividend_yield,0.065,13.5,65,22665,22809.35,22595.2,22716.2,mid_price,ok
2026-09-30T10:06:22.843989+00:00,2026-09-30T15:36:22.843989+05:30,NIFTY,27-Oct-2026,22300.0,CE,22620.45,571.5,65,571.9,455,571.75,571.7,1429,1024,2141,-18.57153029979349,11.06,0.7311949501262313,0.0004838259421601743,-6.43491071272477,20.250995579098404,-1.7514090960217277,0.002038918186089589,66.6417578183065,-4.555806044822398e-07,-0.0027824429996286537,7.148336358775095e-06,-0.4510154117417962,31.83978404366171,-0.718407364039517,0.0004978309642790435,0.07396046283647259,22713,0.055206298654584325,0.0125,index_dividend_yield,0.065,13.5,65,22665,22809.35,22595.2,22716.2,mid_price,ok
2026-09-30T10:06:22.843989+00:00,2026-09-30T15:36:22.843989+05:30,NIFTY,27-Oct-2026,22300.0,PE,22620.45,161.6,2535,161.9,325,161.6,161.75,17425,6271,23276,23.68924607730578,14.39,-0.31412698395590044,0.0004006006083599644,-4.759806152192831,21.81596857315274,-1.094812469731421,0.0016041237935289774,32.556422242743466,-2.345986077460574e-07,-0.002186122591264636,6.552935193291406e-06,-0.4513486418755299,-38.758956551912476,0.3268620673253329,0.0004121965561833996,0.07396046283647259,22713,0.055206298654584325,0.0125,index_dividend_yield,0.065,13.5,65,22665,22809.35,22595.2,22716.2,mid_price,ok
2026-09-30T10:06:22.843989+00:00,2026-09-30T15:36:22.843989+05:30,NIFTY,27-Oct-2026,22350.0,CE,22620.45,534.35,65,538.55,325,533.3,536.45,149,4,73,-20.568960381292822,10.69,0.7122246530267855,0.0005175914685828381,-6.378406513253298,20.939529321192595,-1.6964557630305133,0.0016995198784961474,58.63817434378227,-4.588211252802766e-07,-0.003392512633016234,8.174701658037777e-06,-0.44502001426833004,33.81800273512667,-0.6995276849980026,0.0005301936658498594,0.07396046283647259,22713,0.055206298654584325,0.0125,index_dividend_yield,0.065,13.5,65,22665,22809.35,22595.2,22716.2,mid_price,ok
2026-09-30T10:06:22.843989+00:00,2026-09-30T15:36:22.843989+05:30,NIFTY,27-Oct-2026,22350.0,PE,22620.45,173.55,65,174.75,585,173.7,174.15,892,151,1406,23.850267379679146,14.28,-0.3336093196731042,0.00041380231111240413,-4.7939961270818925,22.362647609018435,-0.9935591304050806,0.0012703436642658716,26.22967765901052,-2.1862574782869526e-07,-0.0024125012731696775,7.0537031984426466e-06,-0.44727440642852656,-38.16492395141429,0.3464932460568851,0.0004238774739980405,0.07396046283647259,22713,0.055206298654584325,0.0125,index_dividend_yield,0.065,13.5,65,22665,22809.35,22595.2,22716.2,mid_price,ok
2026-09-30T10:06:22.843989+00:00,2026-09-30T15:36:22.843989+05:30,NIFTY,27-Oct-2026,22400.0,CE,22620.45,500.45,65,501.6,65,503,501.025,747,216,1032,-20.737472423573905,11.09,0.6796718237076833,0.0005234869386981835,-6.643935978304404,21.97047757276174,-1.4118383468654794,0.001220231046027087,40.697137470411704,-3.7763293950949026e-07,-0.0037508617834893063,8.893426668195184e-06,-0.44068686009116215,34.101287821334815,-0.6662337027557974,0.0005338414533839822,0.07396046283647259,22713,0.055206298654584325,0.0125,index_dividend_yield,0.065,13.5,65,22665,22809.35,22595.2,22716.2,mid_price,ok
2026-09-30T10:06:22.843989+00:00,2026-09-30T15:36:22.843989+05:30,NIFTY,27-Oct-2026,22400.0,PE,22620.45,188.8,1300,189.25,390,189.1,189.025,7633,853,12503,24.203612479474547,14.18,-0.35390217388139944,0.0004260587910199874,-4.815391712859912,22.86377104109889,-0.8790333819622964,0.0009105251752432042,20.22145067961567,-1.9974783405253836e-07,-0.002627929538865991,7.511894229355199e-06,-0.44392759421878125,-37.531004030333335,0.3669075051325242,0.00043448618754606135,0.07396046283647259,22713,0.055206298654584325,0.0125,index_dividend_yield,0.065,13.5,65,22665,22809.35,22595.2,22716.2,mid_price,ok
2026-09-30T10:06:22.843989+00:00,2026-09-30T15:36:22.843989+05:30,NIFTY,27-Oct-2026,22450.0,CE,22620.45,465.7,130,468.75,325,469.35,467.225,118,8,97,-21.664024034048236,11.03,0.653562276006122,0.0005429720810289875,-6.682503528698362,22.66496812353604,-1.224614615245867,0.0007576935786886008,29.879960567400943,-3.366676132067758e-07,-0.004207128317763745,9.647475145959901e-06,-0.4369680886614767,35.46575747530537,-0.6399565069890243,0.000551248333077764,0.07396046283647259,22713,0.055206298654584325,0.0125,index_dividend_yield,0.065,13.5,65,22665,22809.35,22595.2,22716.2,mid_price,ok
2026-09-30T10:06:22.843989+00:00,2026-09-30T15:36:22.843989+05:30,NIFTY,27-Oct-2026,22450.0,PE,22620.45,203.75,195,204.95,195,203.45,204.35,1150,373,1693,25.1230012300123,14.07,-0.3747897393536711,0.00043773973329169313,-4.813807333980898,23.30838415689717,-0.7540844610307573,0.000528217155872146,14.765563084818467,-1.7870597517458305e-07,-0.002833976731929648,7.92530709606829e-06,-0.44151898324738426,-36.92015093138731,0.3878637366779882,0.0004444119812599875,0.07396046283647259,22713,0.055206298654584325,0.0125,index_dividend_yield,0.065,13.5,65,22665,22809.35,22595.2,22716.2,mid_price,ok
2026-09-30T10:06:22.843989+00:00,2026-09-30T15:36:22.843989+05:30,NIFTY,27-Oct-2026,22500.0,CE,22620.45,433.55,195,433.95,260,433.95,433.75,16048,3617,22885,-21.485435136602135,11.09,0.6252590897225889,0.0005549092991743603,-6.749160411636941,23.2892578805224,-0.9923941432542494,0.0002544294546479309,19.58925709064374,-2.814732358685858e-07,-0.004537254291338733,1.0189334484163532e-05,-0.4351712811110069,36.55227228238878,-0.6114088481464308,0.0005608664307602001,0.07396046283647259,22713,0.055206298654584325,0.0125,index_dividend_yield,0.065,13.5,65,22665,22809.35,22595.2,22716.2,mid_price,ok
2026-09-30T10:06:22.843989+00:00,2026-09-30T15:36:22.843989+05:30,NIFTY,27-Oct-2026,22500.0,PE,22620.45,220.35,195,221,780,221.1,220.675,53195,1605,72554,24.528301886792452,13.99,-0.39652185320629185,0.00044755985457423634,-4.805726950829173,23.695776202062092,-0.6150128681328693,0.0001239231648347272,9.890671463697487,-1.542751372447349e-07,-0.0030124684531619944,8.264812568998105e-06,-0.44029980929119367,-36.213564561750935,0.4096527228286623,0.00045236455500042314,0.07396046283647259,22713,0.055206298654584325,0.0125,index_dividend_yield,0.065,13.5,65,22665,22809.35,22595.2,22716.2,mid_price,ok
2026-09-30T10:06:22.843989+00:00,2026-09-30T15:36:22.843989+05:30,NIFTY,27-Oct-2026,22550.0,CE,22620.45,401,65,402.95,65,402.2,401.975,1656,301,970,-22.422605844343718,11.02,0.597623255993859,0.0005700365243748688,-6.733425971591888,23.773130744351732,-0.766844315456483,-0.0002690452627563955,11.729854998284495,-2.307882550011409e-07,-0.0048918531162835946,1.0685928516351558e-05,-0.4350913275336161,38.03601740185603,-0.5837292091992691,0.0005736038684988733,0.07396046283647259,22713,0.055206298654584325,0.0125,index_dividend_yield,0.065,13.5,65,22665,22809.35,22595.2,22716.2,mid_price,ok
2026-09-30T10:06:22.843989+00:00,2026-09-30T15:36:22.843989+05:30,NIFTY,27-Oct-2026,22550.0,PE,22620.45,238.25,65,239.6,65,239.35,238.925,1309,247,2664,23.344498840505025,13.92,-0.4188298763538665,0.0004558696266780132,-4.781267744272708,24.014966961775215,-0.46567001203212666,-0.0002969580164775554,5.84129051144977,-1.274388441658184e-07,-0.0031641965317516464,8.528133234482526e-06,-0.4404459229914224,-35.47664816064133,0.431981045260339,0.00045872250322978386,0.07396046283647259,22713,0.055206298654584325,0.0125,index_dividend_yield,0.065,13.5,65,22665,22809.35,22595.2,22716.2,mid_price,ok
2026-09-30T10:06:22.843989+00:00,2026-09-30T15:36:22.843989+05:30,NIFTY,27-Oct-2026,22600.0,CE,22620.45,372,130,372.35,2470,372.45,372.175,11030,5139,19986,-22.888198757763973,11.08,0.5685188303039594,0.0005759671868247217,-6.747558387902413,24.151249437997823,-0.5095947301048676,-0.000808817448165633,5.453354659941567,-1.6978829840906194e-07,-0.005068603273620403,1.0901219134499833e-05,-0.43764819214237244,39.16051838279709,-0.5545024744940446,0.0005770100061143822,0.07396046283647259,22713,0.055206298654584325,0.0125,index_dividend_yield,0.065,13.5,65,22665,22809.35,22595.2,22716.2,mid_price,ok
2026-09-30T10:06:22.843989+00:00,2026-09-30T15:36:22.843989+05:30,NIFTY,27-Oct-2026,22600.0,PE,22620.45,257.3,65,258,390,258,257.65,14017,3805,30897,25.639152666179694,13.89,-0.44170125795686865,0.0004615305701656826,-4.752929653391432,24.26078332262364,-0.30622273392613697,-0.0007290204981861281,2.743378389412854,-9.803318590828988e-08,-0.0032707303658802297,8.687582397800674e-06,-0.44214097737493674,-34.63273497122142,0.4548663454291459,0.000462366195861636,0.07396046283647259,22713,0.055206298654584325,0.0125,index_dividend_yield,0.065,13.5,65,22665,22809.35,22595.2,22716.2,mid_price,ok
2026-09-30T10:06:22.843989+00:00,2026-09-30T15:36:22.843989+05:30,NIFTY,27-Oct-2026,22650.0,CE,22620.45,342.95,325,343.45,715,343.95,343.2,1375,675,2992,-23.456103260264825,11.11,0.5394924354067583,0.0005802351586405452,-6.721596823892781,24.396088527584414,-0.2505939793979728,-0.0013538988859541634,1.548059672300539,-1.090577729149489e-07,-0.005186235242105757,1.0970661305523483e-05,-0.4425613845502703,40.392352251176646,-0.5254497178799757,0.0005787221551678075,0.07396046283647259,22713,0.055206298654584325,0.0125,index_dividend_yield,0.065,13.5,65,22665,22809.35,22595.2,22716.2,mid_price,ok
2026-09-30T10:06:22.843989+00:00,2026-09-30T15:36:22.843989+05:30,NIFTY,27-Oct-2026,22650.0,PE,22620.45,279.65,715,280,325,279.05,279.825,3547,178,6316,21.829294913774284,13.84,-0.4647875947311491,0.00046635492492856303,-4.693798300240313,24.426135305549266,-0.14247694988239745,-0.0011681590364546746,0.7651834854414119,-6.765840845707114e-08,-0.003355181173800867,8.773588876984236e-06,-0.4454059319148342,-33.84979447419643,0.47789418621596275,0.00046513887207406463,0.07396046283647259,22713,0.055206298654584325,0.0125,index_dividend_yield,0.065,13.5,65,22665,22809.35,22595.2,22716.2,mid_price,ok
2026-09-30T10:06:22.843989+00:00,2026-09-30T15:36:22.843989+05:30,NIFTY,27-Oct-2026,22700.0,CE,22620.45,315.65,65,316.25,1495,315.6,315.95,23300,7412,47310,-24.4524236983842,11.09,0.5104679875980542,0.0005839996985954177,-6.646194288741825,24.510166982194402,0.009817621274832433,-0.0019030375191462223,-0.016564957942222236,-4.8274130051561504e-08,-0.005266825475017903,1.0916038162727348e-05,-0.449907879294539,41.82388291654647,-0.49651669353633937,0.0005799137273498986,0.07396046283647259,22713,0.055206298654584325,0.0125,index_dividend_yield,0.065,13.5,65,22665,22809.35,22595.2,22716.2,mid_price,ok
2026-09-30T10:06:22.843989+00:00,2026-09-30T15:36:22.843989+05:30,NIFTY,27-Oct-2026,22700.0,PE,22620.45,299.6,195,300.45,260,299.6,300.025,32455,6204,52163,23.165467625899282,13.8,-0.4881057342518885,0.00046929910278903754,-4.616905950425585,24.50930019713777,0.02552918504616919,-0.0016090823720166236,-0.045053414657658664,-3.610042315342531e-08,-0.0034017593782885392,8.763857837490615e-06,-0.4503215856621949,-33.048048658697226,0.5011130334047265,0.0004660156376705524,0.07396046283647259,22713,0.055206298654584325,0.0125,index_dividend_yield,0.065,13.5,65,22665,22809.35,22595.2,22716.2,mid_price,ok
2026-09-30T10:06:22.843989+00:00,2026-09-30T15:36:22.843989+05:30,NIFTY,27-Oct-2026,22750.0,CE,22620.45,288.95,455,289.35,1755,289.15,289.15,1903,862,6714,-25.371015614918054,11.11,0.4814533005885312,0.0005825672813522323,-6.56177821751289,24.494143034079354,0.27096713361723923,-0.002436850957228398,0.7566854621394725,1.310647315749531e-08,-0.005226053948519582,1.0649198198428426e-05,-0.45970215671571424,43.13577152150991,-0.46761387378542396,0.000575951307321154,0.07396046283647259,22713,0.055206298654584325,0.0125,index_dividend_yield,0.065,13.5,65,22665,22809.35,22595.2,22716.2,mid_price,ok
2026-09-30T10:06:22.843989+00:00,2026-09-30T15:36:22.843989+05:30,NIFTY,27-Oct-2026,22750.0,PE,22620.45,324.3,1560,324.5,65,324.3,324.4,4534,1337,8310,25.019275250578257,13.81,-0.5114495391573453,0.00046894275171121993,-4.540663298969716,24.508436521296016,0.19458130983296407,-0.0020412424395034323,0.3578200213922855,-4.012799535398069e-09,-0.0033890057791628376,8.632171890824174e-06,-0.4568368899187085,-32.138766388061775,0.5243602545443016,0.0004636171641495868,0.07396046283647259,22713,0.055206298654584325,0.0125,index_dividend_yield,0.065,13.5,65,22665,22809.35,22595.2,22716.2,mid_price,ok
2026-09-30T10:06:22.843989+00:00,2026-09-30T15:36:22.843989+05:30,NIFTY,27-Oct-2026,22800.0,CE,22620.45,264.95,65,265.45,65,265.3,265.2,29853,11407,58355,-25.98688798995676,11.06,0.45233045147055023,0.0005816903275939965,-6.4184920117513045,24.347202632244407,0.5325013509951126,-0.0029682924037374154,3.889405779114341,7.50938895739459e-08,-0.00516689349039026,1.0275044039874414e-05,-0.4719263506583893,44.76015156409559,-0.4387422805867298,0.0005725647788236131,0.07396046283647259,22713,0.055206298654584325,0.0125,index_dividend_yield,0.065,13.5,65,22665,22809.35,22595.2,22716.2,mid_price,ok
2026-09-30T10:06:22.843989+00:00,2026-09-30T15:36:22.843989+05:30,NIFTY,27-Oct-2026,22800.0,PE,22620.45,349.3,975,349.65,65,349.3,349.475,40546,9131,55526,24.95081380790556,13.8,-0.5347402216798788,0.0004676599068215603,-4.4339560244607075,24.42369264790088,0.3624122358688031,-0.0024665397920935472,1.9717834870149886,2.797654593675392e-08,-0.0033512574811608116,8.424439816271279e-06,-0.46486795715610896,-31.2940662449553,0.5474821691926867,0.00046032326551052974,0.07396046283647259,22713,0.055206298654584325,0.0125,index_dividend_yield,0.065,13.5,65,22665,22809.35,22595.2,22716.2,mid_price,ok
2026-09-30T10:06:22.843989+00:00,2026-09-30T15:36:22.843989+05:30,NIFTY,27-Oct-2026,22850.0,CE,22620.45,240,130,240.4,780,240.55,240.2,2005,512,7350,-26.549618320610687,11.04,0.4234990233677877,0.0005761528265372555,-6.263221528910029,24.071816887966815,0.7868142134834222,-0.003469351870474535,9.291780303813724,1.3583255902962483e-07,-0.004996761994485526,9.708052153369496e-06,-0.48618096510666925,46.30396373153679,-0.41019038932192003,0.0005646349654236364,0.07396046283647259,22713,0.055206298654584325,0.0125,index_dividend_yield,0.065,13.5,65,22665,22809.35,22595.2,22716.2,mid_price,ok
2026-09-30T10:06:22.843989+00:00,2026-09-30T15:36:22.843989+05:30,NIFTY,27-Oct-2026,22850.0,PE,22620.45,373.95,130,374.55,325,373.95,374.25,1963,521,4508,24.297822835299982,13.69,-0.5584243467056491,0.00046809000333915014,-4.258921311336156,24.251293927724745,0.5342325289864336,-0.0028970922534674592,4.87363243051675,6.135578327871757e-08,-0.003325311819974097,8.180609013983984e-06,-0.4746140157694149,-30.67398316816582,0.5708367007334745,0.00045873242424067227,0.07396046283647259,22713,0.055206298654584325,0.0125,index_dividend_yield,0.065,13.5,65,22665,22809.35,22595.2,22716.2,mid_price,ok
2026-09-30T10:06:22.843989+00:00,2026-09-30T15:36:22.843989+05:30,NIFTY,27-Oct-2026,22900.0,CE,22620.45,217.25,325,217.4,195,217.45,217.325,14103,3242,23300,-27.817427385892117,10.99,0.3947190286475355,0.0005690293885896651,-6.068530090492576,23.66652477658686,1.0361660914082471,-0.003947471330202512,16.962873727020877,1.964212906996065e-07,-0.004770197659986438,9.001264674222877e-06,-0.5023870755900184,48.030681850863886,-0.3817827875398472,0.0005552214204737117,0.07396046283647259,22713,0.055206298654584325,0.0125,index_dividend_yield,0.065,13.5,65,22665,22809.35,22595.2,22716.2,mid_price,ok
2026-09-30T10:06:22.843989+00:00,2026-09-30T15:36:22.843989+05:30,NIFTY,27-Oct-2026,22900.0,PE,22620.45,399.3,65,400.95,325,400.7,400.125,14984,2034,15800,24.55704072116879,13.67,-0.5815941383410957,0.0004638770447207641,-4.10529994695419,23.997914248752064,0.6978330584084258,-0.003296468582492551,8.901912171252135,9.321238472634733e-08,-0.0032214803257987496,7.801121300356792e-06,-0.4854704064432021,-29.86986828705913,0.5937276132397857,0.0004526206850815859,0.07396046283647259,22713,0.055206298654584325,0.0125,index_dividend_yield,0.065,13.5,65,22665,22809.35,22595.2,22716.2,mid_price,ok
2026-09-30T10:06:22.843989+00:00,2026-09-30T15:36:22.843989+05:30,NIFTY,27-Oct-2026,22950.0,CE,22620.45,197.55,715,197.8,65,197.9,197.675,988,137,2460,-28.10172570390554,11.04,0.3675699552947946,0.0005543952910099103,-5.902180424656568,23.16278132131787,1.2531709935483248,-0.0043541359939396895,26.01263969187606,2.4786467177075694e-07,-0.004399377862228143,8.11905507319059e-06,-0.5188677778579915,49.299987674503306,-0.3549431221694143,0.0005385879513178894,0.07396046283647259,22713,0.055206298654584325,0.0125,index_dividend_yield,0.065,13.5,65,22665,22809.35,22595.2,22716.2,mid_price,ok
2026-09-30T10:06:22.843989+00:00,2026-09-30T15:36:22.843989+05:30,NIFTY,27-Oct-2026,22950.0,PE,22620.45,427.55,260,430.7,65,426.85,429.125,788,-90,719,23.206811949776302,13.63,-0.6046704544662741,0.00045871420460272423,-3.9222642175405813,23.66138409412191,0.8578294558124755,-0.003679241594859328,14.085969632430917,1.247945339115136e-07,-0.0030925403041351493,7.348453129452645e-06,-0.49752408776234347,-29.117841221210895,0.616455830966364,0.0004456349967319256,0.07396046283647259,22713,0.055206298654584325,0.0125,index_dividend_yield,0.065,13.5,65,22665,22809.35,22595.2,22716.2,mid_price,ok
2026-09-30T10:06:22.843989+00:00,2026-09-30T15:36:22.843989+05:30,NIFTY,27-Oct-2026,23000.0,CE,22620.45,177.65,325,177.9,3250,177.9,177.775,83937,6124,94865,-29.348689436060365,11,0.3400464753131705,0.0005411886800751947,-5.669563015304409,22.529081703538097,1.4696128747780923,-0.0047438107578129385,37.20365418112692,3.0141131343803853e-07,-0.004026427538477567,7.1513217836629206e-06,-0.536891332958195,51.05164110171195,-0.32788405408681254,0.0005234744780835655,0.07396046283647259,22713,0.055206298654584325,0.0125,index_dividend_yield,0.065,13.5,65,22665,22809.35,22595.2,22716.2,mid_price,ok
2026-09-30T10:06:22.843989+00:00,2026-09-30T15:36:22.843989+05:30,NIFTY,27-Oct-2026,23000.0,PE,22620.45,460.8,130,461.95,65,460.9,461.375,97092,3562,43834,24.854395232290397,13.84,-0.6249797373440832,0.0004447542937270502,-3.8477806579928746,23.29476537202869,0.9788561316514954,-0.003978151696941268,19.277165662284546,1.4645410869422181e-07,-0.0028456148591432724,6.7661580854895325e-06,-0.5085916665573897,-27.938981178743894,0.636666521809715,0.0004301965845845923,0.07396046283647259,22713,0.055206298654584325,0.0125,index_dividend_yield,0.065,13.5,65,22665,22809.35,22595.2,22716.2,mid_price,ok
2026-09-30T10:06:22.843989+00:00,2026-09-30T15:36:22.843989+05:30,NIFTY,27-Oct-2026,23050.0,CE,22620.45,159.55,65,160.65,130,160,160.10000000000002,1872,140,4148,-30.252833478639932,10.98,0.3135465729507709,0.0005245969525545588,-5.42933946872048,21.79868041765114,1.6616727238350504,-0.005075878647307797,49.58225157092322,3.491593853903911e-07,-0.0035846875685078237,6.0823949151369685e-06,-0.5547759480914216,52.73775011211933,-0.3018688565820717,0.0005052268054858537,0.07396046283647259,22713,0.055206298654584325,0.0125,index_dividend_yield,0.065,13.5,65,22665,22809.35,22595.2,22716.2,mid_price,ok
2026-09-30T10:06:22.843989+00:00,2026-09-30T15:36:22.843989+05:30,NIFTY,27-Oct-2026,23050.0,PE,22620.45,488.55,65,492.3,65,488.1,490.425,914,-44,315,23.632218844984802,13.88,-0.6461698101905786,0.00043482979415210754,-3.673456514058144,22.840776327625857,1.1084369654417725,-0.0042869886281746705,25.681702121739036,1.7126341671869665e-07,-0.0026439667996344444,6.1883891240326e-06,-0.5210872468741812,-27.103641442851135,0.6575244801146515,0.0004187741975239416,0.07396046283647259,22713,0.055206298654584325,0.0125,index_dividend_yield,0.065,13.5,65,22665,22809.35,22595.2,22716.2,mid_price,ok
2026-09-30T10:06:22.843989+00:00,2026-09-30T15:36:22.843989+05:30,NIFTY,27-Oct-2026,23100.0,CE,22620.45,142.5,390,142.95,195,142.7,142.725,18973,2707,22688,-30.69451189898009,10.96,0.2879369723739183,0.00050574271446673,-5.173783412666902,20.97694745041811,1.830883757833468,-0.005352738247646038,62.92565737945921,3.9187666886636745e-07,-0.003097426693913141,4.941308283807179e-06,-0.572108230602602,54.45993786826149,-0.276782101446309,0.0004849624980127522,0.07396046283647259,22713,0.055206298654584325,0.0125,index_dividend_yield,0.065,13.5,65,22665,22809.35,22595.2,22716.2,mid_price,ok
2026-09-30T10:06:22.843989+00:00,2026-09-30T15:36:22.843989+05:30,NIFTY,27-Oct-2026,23100.0,PE,22620.45,523.15,325,524,260,521.25,523.575,26705,-117,5680,23.212386242760903,13.79,-0.6683586215454694,0.0004270294694225757,-3.415798167680486,22.28559398214963,1.2467988178491707,-0.004597300287484951,33.52663686542279,1.995985373523775e-07,-0.0024543154203823456,5.56759430806478e-06,-0.5350131365231405,-26.49242166146244,0.6791882320371156,0.0004094834632162675,0.07396046283647259,22713,0.055206298654584325,0.0125,index_dividend_yield,0.065,13.5,65,22665,22809.35,22595.2,22716.2,mid_price,ok
2026-09-30T10:06:22.843989+00:00,2026-09-30T15:36:22.843989+05:30,NIFTY,27-Oct-2026,23150.0,CE,22620.45,127.7,260,128.4,260,128.4,128.05,1435,315,2430,-30.78167115902965,11.01,0.26469843080548494,0.00048309427927589884,-4.9468554851715965,20.128958966221276,1.9559516784873332,-0.005551825152617096,75.5917276171516,4.2167969120172253e-07,-0.0025735971832789735,3.806422674756439e-06,-0.5870315133082009,55.77084311195784,-0.2540059137641238,0.000461245757512139,0.07396046283647259,22713,0.055206298654584325,0.0125,index_dividend_yield,0.065,13.5,65,22665,22809.35,22595.2,22716.2,mid_price,ok
2026-09-30T10:06:22.843989+00:00,2026-09-30T15:36:22.843989+05:30,NIFTY,27-Oct-2026,23150.0,PE,22620.45,554.5,65,559.95,65,557.9,557.225,559,-45,250,24.865711727842434,13.86,-0.6880231511511339,0.00041416094335057903,-3.230067732877373,21.72373379950888,1.3497534347952644,-0.00483656946372879,40.85920348851246,2.1902986925495588e-07,-0.002209256675135795,4.9079213207325e-06,-0.5473136771709619,-25.65417790365723,0.6984904729173615,0.00039543001489069843,0.07396046283647259,22713,0.055206298654584325,0.0125,index_dividend_yield,0.065,13.5,65,22665,22809.35,22595.2,22716.2,mid_price,ok
2026-09-30T10:06:22.843989+00:00,2026-09-30T15:36:22.843989+05:30,NIFTY,27-Oct-2026,23200.0,CE,22620.45,113.8,455,114.25,455,114.25,114.025,40463,2385,27612,-31.216134858518963,10.99,0.24125276390042016,0.00046092685726165024,-4.67023386791053,19.17042793626861,2.074119486103143,-0.005713762423964319,89.52240276208911,4.526699689393765e-07,-0.002041559853003898,2.614565393006677e-06,-0.6013663696024203,57.53934415326171,-0.2311380324178917,0.00043818602762144357,0.07396046283647259,22713,0.055206298654584325,0.0125,index_dividend_yield,0.065,13.5,65,22665,22809.35,22595.2,22716.2,mid_price,ok
2026-09-30T10:06:22.843989+00:00,2026-09-30T15:36:22.843989+05:30,NIFTY,27-Oct-2026,23200.0,PE,22620.45,592.7,65,594.95,260,592.75,593.825,35087,-133,6251,23.104880581516095,14.05,-0.7052149968420569,0.00039828480763439957,-3.1013809905503695,21.177376898593224,1.420063795437243,-0.005015970502126765,47.29425850964475,2.3015298325680644e-07,-0.001945337918838198,4.264194319599283e-06,-0.5577622090051619,-24.690508703690764,0.7154469897622031,0.000378634559843447,0.07396046283647259,22713,0.055206298654584325,0.0125,index_dividend_yield,0.065,13.5,65,22665,22809.35,22595.2,22716.2,mid_price,ok
2026-09-30T10:06:22.843989+00:00,2026-09-30T15:36:22.843989+05:30,NIFTY,27-Oct-2026,23250.0,CE,22620.45,101.8,65,102.45,195,101.75,102.125,2386,222,3298,-31.73431734317343,11.01,0.2198142615812077,0.00043677625865509424,-4.411391849295888,18.199038500447546,2.155200045295083,-0.005808910462234917,102.37880927999932,4.7332249577413025e-07,-0.0015098822784690488,1.473100273016389e-06,-0.6127313924320461,59.06167311886835,-0.21024125965140011,0.00041344294933245377,0.07396046283647259,22713,0.055206298654584325,0.0125,index_dividend_yield,0.065,13.5,65,22665,22809.35,22595.2,22716.2,mid_price,ok
2026-09-30T10:06:22.843989+00:00,2026-09-30T15:36:22.843989+05:30,NIFTY,27-Oct-2026,23250.0,PE,22620.45,627,65,633.5,65,631.05,630.25,1007,-16,141,22.23728813559322,14.4,-0.7191278049521717,0.0003797823369112927,-3.057435529501784,20.69661664557075,1.4518138819877846,-0.0051329826735436734,52.00234707775664,2.3121441329573844e-07,-0.0016831560952943955,3.6897850223192555e-06,-0.5655988418860041,-23.591049963468894,0.7293133542601948,0.0003594937370461975,0.07396046283647259,22713,0.055206298654584325,0.0125,index_dividend_yield,0.065,13.5,65,22665,22809.35,22595.2,22716.2,mid_price,ok
2026-09-30T10:06:22.843989+00:00,2026-09-30T15:36:22.843989+05:30,NIFTY,27-Oct-2026,23300.0,CE,22620.45,90,1105,90.2,455,90.2,90.1,49528,3516,29496,-32.3330832708177,11,0.19896254892962167,0.00041227410208952365,-4.130810764247761,17.16251147185332,2.218190787742533,-0.005854205707778836,115.26997525071714,4.911070352586915e-07,-0.000978778239983175,3.3299520121762806e-07,-0.6218384861157986,60.81023676448815,-0.18998332431006643,0.00038857664396255365,0.07396046283647259,22713,0.055206298654584325,0.0125,index_dividend_yield,0.065,13.5,65,22665,22809.35,22595.2,22716.2,mid_price,ok
2026-09-30T10:06:22.843989+00:00,2026-09-30T15:36:22.843989+05:30,NIFTY,27-Oct-2026,23300.0,PE,22620.45,667.65,65,670.4,130,666.85,669.025,42954,-273,6136,21.179356714519354,14.24,,,,,,,,,,,,,,,0.07396046283647259,,,,,,13.5,65,22665,22809.35,22595.2,22716.2,mid_price,no_price_available
2026-09-30T10:06:22.843989+00:00,2026-09-30T15:36:22.843989+05:30,NIFTY,27-Oct-2026,23350.0,CE,22620.45,80.45,65,80.95,260,80.35,80.7,2147,724,3603,-32.308340353833195,11.02,0.1800309750498583,0.00038697123404114373,-3.8681071241818943,16.13847069054374,2.24865833843893,-0.005842887329131908,126.52824040420008,4.998561398878434e-07,-0.0004773905241184709,-7.119723015255072e-07,-0.6274482130171624,62.35514540513439,-0.17160908765816052,0.0003631678485786366,0.07396046283647259,22713,0.055206298654584325,0.0125,index_dividend_yield,0.065,13.5,65,22665,22809.35,22595.2,22716.2,mid_price,ok
2026-09-30T10:06:22.843989+00:00,2026-09-30T15:36:22.843989+05:30,NIFTY,27-Oct-2026,23350.0,PE,22620.45,705.15,65,711.95,65,712.45,708.55,492,-11,79,22.846797137684284,14.84,,,,,,,,,,,,,,,0.07396046283647259,,,,,,13.5,65,22665,22809.35,22595.2,22716.2,mid_price,no_price_available
2026-09-30T10:06:22.843989+00:00,2026-09-30T15:36:22.843989+05:30,NIFTY,27-Oct-2026,23400.0,CE,22620.45,71.05,260,71.25,65,71.05,71.15,34118,3319,24541,-33.06641544983514,11.07,0.1630476575935718,0.00036159016884509856,-3.6261088457224853,15.148385054181881,2.2500116502201237,-0.0057844428373386705,135.84839302046615,5.002882417957269e-07,-2.344825759549433e-05,-1.6359961203909186e-06,-0.6296091023376249,63.66871397080359,-0.1551403088552447,0.00033789936831380194,0.07396046283647259,22713,0.055206298654584325,0.0125,index_dividend_yield,0.065,13.5,65,22665,22809.35,22595.2,22716.2,mid_price,ok
2026-09-30T10:06:22.843989+00:00,2026-09-30T15:36:22.843989+05:30,NIFTY,27-Oct-2026,23400.0,PE,22620.45,747.25,65,748.95,65,749,748.1,23361,-395,1813,22.08638956805216,14.56,,,,,,,,,,,,,,,0.07396046283647259,,,,,,13.5,65,22665,22809.35,22595.2,22716.2,mid_price,no_price_available
2026-09-30T10:06:22.843989+00:00,2026-09-30T15:36:22.843989+05:30,NIFTY,27-Oct-2026,23450.0,CE,22620.45,63.95,975,64.25,65,64.2,64.1,2306,527,3535,-31.919406150583246,11.1,0.14686782907243867,0.0003365630108168552,-3.3754144639685246,14.138113499127464,2.2351651422363035,-0.005685499469843812,144.29850645789787,4.97847897187911e-07,0.00040327312348750646,-2.501429928083445e-06,-0.6287188068270346,65.13303321897624,-0.13949721775361867,0.00031317217653989193,0.07396046283647259,22713,0.055206298654584325,0.0125,index_dividend_yield,0.065,13.5,65,22665,22809.35,22595.2,22716.2,mid_price,ok
2026-09-30T10:06:22.843989+00:00,2026-09-30T15:36:22.843989+05:30,NIFTY,27-Oct-2026,23450.0,PE,22620.45,785,65,792.95,65,790,788.975,788,-31,218,18.352059925093634,14.68,,,,,,,,,,,,,,,0.07396046283647259,,,,,,13.5,65,22665,22809.35,22595.2,22716.2,mid_price,no_price_available
2026-09-30T10:06:22.843989+00:00,2026-09-30T15:36:22.843989+05:30,NIFTY,27-Oct-2026,23500.0,CE,22620.45,56.85,3900,56.9,65,56.85,56.875,138951,7538,92125,-31.423401688781663,11.17,0.1327914706615923,0.0003123160194093926,-3.155348804742959,13.202298104209392,2.1961964052987644,-0.00555540417341302,150.34131581681808,4.878582562242726e-07,0.0007607842395215619,-3.209783506025578e-06,-0.6246551031392809,66.26008978369909,-0.12589231092750275,0.0002893750056573333,0.07396046283647259,22713,0.055206298654584325,0.0125,index_dividend_yield,0.065,13.5,65,22665,22809.35,22595.2,22716.2,mid_price,ok
2026-09-30T10:06:22.843989+00:00,2026-09-30T15:36:22.843989+05:30,NIFTY,27-Oct-2026,23500.0,PE,22620.45,832.7,65,834.55,65,833.35,833.625,96160,-722,13926,19.88922457200403,14.98,,,,,,,,,,,,,,,0.07396046283647259,,,,,,13.5,65,22665,22809.35,22595.2,22716.2,mid_price,no_price_available
2026-09-30T10:06:22.843989+00:00,2026-09-30T15:36:22.843989+05:30,NIFTY,27-Oct-2026,23550.0,CE,22620.45,50.3,130,50.8,195,50.8,50.55,2117,474,2616,-31.02511880515954,11.26,0.12028875330655707,0.00028919800360449323,-2.954273355142042,12.323548596432918,2.141272601405217,-0.005402636094632471,154.5202087200792,4.733100412502766e-07,0.001058086610212914,-3.791156342146699e-06,-0.6179680952288109,67.19543703449119,-0.11382132149012075,0.0002668185061318888,0.07396046283647259,22713,0.055206298654584325,0.0125,index_dividend_yield,0.065,13.5,65,22665,22809.35,22595.2,22716.2,mid_price,ok
2026-09-30T10:06:22.843989+00:00,2026-09-30T15:36:22.843989+05:30,NIFTY,27-Oct-2026,23550.0,PE,22620.45,872.05,130,880.8,130,883.5,876.425,292,-7,36,20.556730572422733,15.87,,,,,,,,,,,,,,,0.07396046283647259,,,,,,13.5,65,22665,22809.35,22595.2,22716.2,mid_price,no_price_available
2026-09-30T10:06:22.843989+00:00,2026-09-30T15:36:22.843989+05:30,NIFTY,27-Oct-2026,23600.0,CE,22620.45,44.3,65,44.4,1105,44.6,44.349999999999994,21120,2453,27459,-30.74534161490683,11.27,0.1071816345012917,0.0002661305590032708,-2.711765064377068,11.350650805654489,2.0820422567268264,-0.005208314845304096,158.97192428021256,4.6142499135069447e-07,0.0013662098672044933,-4.393721463607115e-06,-0.6077711019508367,68.79945694086156,-0.10123969266373702,0.00024449682335155986,0.07396046283647259,22713,0.055206298654584325,0.0125,index_dividend_yield,0.065,13.5,65,22665,22809.35,22595.2,22716.2,mid_price,ok
2026-09-30T10:06:22.843989+00:00,2026-09-30T15:36:22.843989+05:30,NIFTY,27-Oct-2026,23600.0,PE,22620.45,915.35,65,921.3,65,915.8,918.325,10726,-147,1272,18.19061753887849,15.29,,,,,,,,,,,,,,,0.07396046283647259,,,,,,13.5,65,22665,22809.35,22595.2,22716.2,mid_price,no_price_available
2026-09-30T10:06:22.843989+00:00,2026-09-30T15:36:22.843989+05:30,NIFTY,27-Oct-2026,23650.0,CE,22620.45,40.05,2600,40.2,585,40.15,40.125,2044,683,3987,-30.355594102341716,11.39,0.0973901865285266,0.0002456039648383234,-2.544599186489474,10.58671442977744,2.0049175334516183,-0.00502539913105611,159.85688085641226,4.406591862636407e-07,0.0015525521674049402,-4.745857289061961e-06,-0.5966472469761452,69.42230520928295,-0.09180872669380201,0.0002246857678027842,0.07396046283647259,22713,0.055206298654584325,0.0125,index_dividend_yield,0.065,13.5,65,22665,22809.35,22595.2,22716.2,mid_price,ok
2026-09-30T10:06:22.843989+00:00,2026-09-30T15:36:22.843989+05:30,NIFTY,27-Oct-2026,23650.0,PE,22620.45,959.75,65,960.75,65,960.85,960.25,358,45,108,16.389073950699533,15.76,,,,,,,,,,,,,,,0.07396046283647259,,,,,,13.5,65,22665,22809.35,22595.2,22716.2,mid_price,no_price_available
2026-09-30T10:06:22.843989+00:00,2026-09-30T15:36:22.843989+05:30,NIFTY,27-Oct-2026,23700.0,CE,22620.45,35.6,1300,35.65,2600,35.6,35.625,16237,-20,30337,-28.87112887112887,11.47,0.08770869177870168,0.0002257124550749364,-2.361781288864797,9.797630197923771,1.9239831123257431,-0.004818741972876239,160.32115818321557,4.209475586825891e-07,0.0017258296673444034,-5.0692362115793916e-06,-0.582892937736597,70.37002023579129,-0.0825238864664344,0.0002056180864859824,0.07396046283647259,22713,0.055206298654584325,0.0125,index_dividend_yield,0.065,13.5,65,22665,22809.35,22595.2,22716.2,mid_price,ok
2026-09-30T10:06:22.843989+00:00,2026-09-30T15:36:22.843989+05:30,NIFTY,27-Oct-2026,23700.0,PE,22620.45,1006.55,65,1011.25,65,1007.9,1008.9,6096,51,528,17.958920943296857,15.67,,,,,,,,,,,,,,,0.07396046283647259,,,,,,13.5,65,22665,22809.35,22595.2,22716.2,mid_price,no_price_available
2026-09-30T10:06:22.843989+00:00,2026-09-30T15:36:22.843989+05:30,NIFTY,27-Oct-2026,23750.0,CE,22620.45,32.1,2730,32.3,2015,32.05,32.2,2074,282,3270,-28.93569844789357,11.59,0.07963929996892767,0.00020775224746704372,-2.210698744023385,9.112368362465789,1.83840965273456,-0.004619615920647038,159.12900831418764,3.9882955814037063e-07,0.0018357266908267474,-5.268226143690096e-06,-0.5685416058829933,70.92797256928301,-0.07478223680187494,0.0001884607796320447,0.07396046283647259,22713,0.055206298654584325,0.0125,index_dividend_yield,0.065,13.5,65,22665,22809.35,22595.2,22716.2,mid_price,ok
2026-09-30T10:06:22.843989+00:00,2026-09-30T15:36:22.843989+05:30,NIFTY,27-Oct-2026,23750.0,PE,22620.45,1036.6,325,1062.1,65,1065,1049.35,204,2,65,19.629317607413647,17.12,,,,,,,,,,,,,,,0.07396046283647259,,,,,,13.5,65,22665,22809.35,22595.2,22716.2,mid_price,no_price_available
2026-09-30T10:06:22.843989+00:00,2026-09-30T15:36:22.843989+05:30,NIFTY,27-Oct-2026,23800.0,CE,22620.45,28.1,390,28.2,2600,28.05,28.15,25922,6031,30465,-28.625954198473284,11.62,0.07073708495566808,0.00018930840004036461,-2.017895343660199,8.324882528918122,1.7484571760746637,-0.004376496853288309,158.10096686156248,3.792952606946474e-07,0.001966318025265669,-5.492605381120566e-06,-0.5498402672100742,72.2833020301675,-0.06630118146990857,0.00017100879687231854,0.07396046283647259,22713,0.055206298654584325,0.0125,index_dividend_yield,0.065,13.5,65,22665,22809.35,22595.2,22716.2,mid_price,ok
2026-09-30T10:06:22.843989+00:00,2026-09-30T15:36:22.843989+05:30,NIFTY,27-Oct-2026,23800.0,PE,22620.45,1098.95,130,1104.2,65,1100,1101.575,8579,42,825,17.45862253069941,16.5,,,,,,,,,,,,,,,0.07396046283647259,,,,,,13.5,65,22665,22809.35,22595.2,22716.2,mid_price,no_price_available
2026-09-30T10:06:22.843989+00:00,2026-09-30T15:36:22.843989+05:30,NIFTY,27-Oct-2026,23850.0,CE,22620.45,25.85,1690,25.95,260,25.7,25.9,1619,555,2961,-27.70745428973277,11.78,0.06483233050453795,0.00017457904175711527,-1.9054296564740503,7.78286498900834,1.6613255983874766,-0.004190457864729144,154.832206704278,3.5596852696556873e-07,0.0019913034159863615,-5.526778168537069e-06,-0.5346153497297976,72.40901632983545,-0.06064079597297687,0.00015704272381755936,0.07396046283647259,22713,0.055206298654584325,0.0125,index_dividend_yield,0.065,13.5,65,22665,22809.35,22595.2,22716.2,mid_price,ok
2026-09-30T10:06:22.843989+00:00,2026-09-30T15:36:22.843989+05:30,NIFTY,27-Oct-2026,23850.0,PE,22620.45,1130.45,260,1161.8,260,1156.9,1146.125,177,-28,36,12.320388349514563,17.72,,,,,,,,,,,,,,,0.07396046283647259,,,,,,13.5,65,22665,22809.35,22595.2,22716.2,mid_price,no_price_available
2026-09-30T10:06:22.843989+00:00,2026-09-30T15:36:22.843989+05:30,NIFTY,27-Oct-2026,23900.0,CE,22620.45,23.5,1950,23.55,195,23.5,23.525,8196,-906,12110,-24.67948717948718,11.95,0.05963478075146966,0.0001612361631666397,-1.804616530834772,7.291761599140025,1.5768915978749756,-0.004012630688701578,151.07864191295573,3.33447191046392e-07,0.001991610256981587,-5.514464909806807e-06,-0.5194261693352216,72.41278181786821,-0.055662625265588093,0.00014443389850216359,0.07396046283647259,22713,0.055206298654584325,0.0125,index_dividend_yield,0.065,13.5,65,22665,22809.35,22595.2,22716.2,mid_price,ok
2026-09-30T10:06:22.843989+00:00,2026-09-30T15:36:22.843989+05:30,NIFTY,27-Oct-2026,23900.0,PE,22620.45,1189.35,195,1198.6,65,1179,1193.975,3491,99,473,13.770143780758467,16.4,,,,,,,,,,,,,,,0.07396046283647259,,,,,,13.5,65,22665,22809.35,22595.2,22716.2,mid_price,no_price_available
2026-09-30T10:06:22.843989+00:00,2026-09-30T15:36:22.843989+05:30,NIFTY,27-Oct-2026,23950.0,CE,22620.45,21.85,1820,22,975,21.65,21.925,3783,1167,3786,-24.43280977312391,12.1,0.054618162720566896,0.00014859558512205943,-1.6996277248663096,6.804455490991164,1.4936707640077416,-0.003828957599852648,147.1293371080442,3.1230708000566826e-07,0.001985123013311196,-5.484236548410678e-06,-0.5031254510462846,72.57261826413142,-0.05087529290432145,0.00013255537771041792,0.07396046283647259,22713,0.055206298654584325,0.0125,index_dividend_yield,0.065,13.5,65,22665,22809.35,22595.2,22716.2,mid_price,ok
2026-09-30T10:06:22.843989+00:00,2026-09-30T15:36:22.843989+05:30,NIFTY,27-Oct-2026,23950.0,PE,22620.45,1222.35,260,1250.8,65,1255.75,1236.5749999999998,75,-5,7,9.162428826009476,18.71,,,,,,,,,,,,,,,0.07396046283647259,,,,,,13.5,65,22665,22809.35,22595.2,22716.2,mid_price,no_price_available
2026-09-30T10:06:22.843989+00:00,2026-09-30T15:36:22.843989+05:30,NIFTY,27-Oct-2026,24000.0,CE,22620.45,20.2,3380,20.3,65,20.3,20.25,98367,9569,74677,-23.251417769376182,12.31,0.050915360481452586,0.00013814820614032477,-1.6301918336366965,6.435842446919715,1.4183850647673002,-0.00368152127537711,142.7159918244083,2.9168847619492866e-07,0.0019413736042789432,-5.392809571268156e-06,-0.4895738144074305,72.16182128607835,-0.04732366707843952,0.00012272279766496738,0.07396046283647259,22713,0.055206298654584325,0.0125,index_dividend_yield,0.065,13.5,65,22665,22809.35,22595.2,22716.2,mid_price,ok
2026-09-30T10:06:22.843989+00:00,2026-09-30T15:36:22.843989+05:30,NIFTY,27-Oct-2026,24000.0,PE,22620.45,1289.3,65,1294.15,65,1288.35,1291.725,45623,1393,6405,13.907431148048273,17.84,,,,,,,,,,,,,,,0.07396046283647259,,,,,,13.5,65,22665,22809.35,22595.2,22716.2,mid_price,no_price_available
2026-09-30T10:06:22.843989+00:00,2026-09-30T15:36:22.843989+05:30,NIFTY,27-Oct-2026,24050.0,CE,22620.45,18.2,195,18.25,975,18.25,18.225,3561,1037,2591,-21.841541755888652,12.39,0.04579981297405103,0.00012611024166460895,-1.5034621009978482,5.913216297461201,1.3345092747357907,-0.0034710502068903554,138.46180129156193,2.730996443846637e-07,0.0019352498965238309,-5.34498042906585e-06,-0.4696098590150175,72.90275661754241,-0.04248654880066566,0.00011156364039404094,0.07396046283647259,22713,0.055206298654584325,0.0125,index_dividend_yield,0.065,13.5,65,22665,22809.35,22595.2,22716.2,mid_price,ok
2026-09-30T10:06:22.843989+00:00,2026-09-30T15:36:22.843989+05:30,NIFTY,27-Oct-2026,24050.0,PE,22620.45,1256.5,650,1347.85,65,1348.8,1302.175,67,-12,17,10.557377049180328,19.29,,,,,,,,,,,,,,,0.07396046283647259,,,,,,13.5,65,22665,22809.35,22595.2,22716.2,mid_price,no_price_available
2026-09-30T10:06:22.843989+00:00,2026-09-30T15:36:22.843989+05:30,NIFTY,27-Oct-2026,24100.0,CE,22620.45,16.65,195,16.7,2470,16.65,16.674999999999997,10911,-330,9577,-21.830985915492956,12.57,0.04243264044129624,0.00011688249129460501,-1.4302020238697148,5.5601542297667415,1.2631797408331202,-0.0033195541575478933,133.86713240268654,2.549813921908039e-07,0.0018843450794942195,-5.230514461759342e-06,-0.4547313119915968,72.71437007362431,-0.03927988402718136,0.00010297169349044572,0.07396046283647259,22713,0.055206298654584325,0.0125,index_dividend_yield,0.065,13.5,65,22665,22809.35,22595.2,22716.2,mid_price,ok
2026-09-30T10:06:22.843989+00:00,2026-09-30T15:36:22.843989+05:30,NIFTY,27-Oct-2026,24100.0,PE,22620.45,1378.65,260,1390.85,65,1377,1384.75,3450,11,273,12.31189592594103,18.25,,,,,,,,,,,,,,,0.07396046283647259,,,,,,13.5,65,22665,22809.35,22595.2,22716.2,mid_price,no_price_available
2026-09-30T10:06:22.843989+00:00,2026-09-30T15:36:22.843989+05:30,NIFTY,27-Oct-2026,24150.0,CE,22620.45,15.15,325,15.5,1950,15.35,15.325,1317,263,893,-19.63350785340314,12.69,0.038650984344052154,0.00010732831047177885,-1.3351068249278621,5.1543987839108105,1.1888197984964537,-0.0031418885981483943,129.16316298235353,2.3796708878465543e-07,0.001843849758351923,-5.120294764202567e-06,-0.4367880701057958,73.04362545325674,-0.03570737321706444,9.416348064766877e-05,0.07396046283647259,22713,0.055206298654584325,0.0125,index_dividend_yield,0.065,13.5,65,22665,22809.35,22595.2,22716.2,mid_price,ok
2026-09-30T10:06:22.843989+00:00,2026-09-30T15:36:22.843989+05:30,NIFTY,27-Oct-2026,24150.0,PE,22620.45,1415.45,325,1437.95,65,1418.2,1426.7,246,-8,41,14.847957241770256,18.06,,,,,,,,,,,,,,,0.07396046283647259,,,,,,13.5,65,22665,22809.35,22595.2,22716.2,mid_price,no_price_available
2026-09-30T10:06:22.843989+00:00,2026-09-30T15:36:22.843989+05:30,NIFTY,27-Oct-2026,24200.0,CE,22620.45,14.25,455,14.35,65,14.3,14.3,16067,3151,15133,-17.579250720461093,12.92,0.03645786676302957,0.00010050769756115847,-1.2925819460231078,4.914325728990729,1.1302310715839217,-0.0030302050128084017,124.66092423627062,2.222537058682335e-07,0.0017717244805189865,-4.974086573780056e-06,-0.42520612402471425,72.3727739170838,-0.03360736673278201,8.781547866278153e-05,0.07396046283647259,22713,0.055206298654584325,0.0125,index_dividend_yield,0.065,13.5,65,22665,22809.35,22595.2,22716.2,mid_price,ok
2026-09-30T10:06:22.843989+00:00,2026-09-30T15:36:22.843989+05:30,NIFTY,27-Oct-2026,24200.0,PE,22620.45,1475.9,130,1486.8,65,1472,1481.35,6153,-49,172,11.75220163984209,18.84,,,,,,,,,,,,,,,0.07396046283647259,,,,,,13.5,65,22665,22809.35,22595.2,22716.2,mid_price,no_price_available
2026-09-30T10:06:22.843989+00:00,2026-09-30T15:36:22.843989+05:30,NIFTY,27-Oct-2026,24250.0,CE,22620.45,13.15,455,13.3,130,13.3,13.225000000000001,1802,136,1584,-15.822784810126583,13.06,0.03348580212881289,9.272734997021907e-05,-1.215686568609445,4.583034496656231,1.064925564094623,-0.0028763249581507735,119.98066488447367,2.073398831705484e-07,0.001717598262505146,-4.83937096851025e-06,-0.4089156961865177,72.48157737688574,-0.030804679552521332,8.068389269553857e-05,0.07396046283647259,22713,0.055206298654584325,0.0125,index_dividend_yield,0.065,13.5,65,22665,22809.35,22595.2,22716.2,mid_price,ok
2026-09-30T10:06:22.843989+00:00,2026-09-30T15:36:22.843989+05:30,NIFTY,27-Oct-2026,24250.0,PE,22620.45,1514.05,65,1542.55,65,1537.2,1528.3,202,-2,11,8.490366292610629,20.48,,,,,,,,,,,,,,,0.07396046283647259,,,,,,13.5,65,22665,22809.35,22595.2,22716.2,mid_price,no_price_available
2026-09-30T10:06:22.843989+00:00,2026-09-30T15:36:22.843989+05:30,NIFTY,27-Oct-2026,24300.0,CE,22620.45,12.5,2990,12.65,390,12.5,12.575,9043,-194,5136,-15.824915824915825,13.26,0.03138524707023742,8.657568596206954e-05,-1.16735673061709,4.344517653017943,1.0099880888203832,-0.0027609006512420674,115.589829538842,1.9373923761580603e-07,0.0016505752364549993,-4.69324412302185e-06,-0.39641362810231406,72.05209199944504,-0.028810499848366405,7.502152269761913e-05,0.07396046283647259,22713,0.055206298654584325,0.0125,index_dividend_yield,0.065,13.5,65,22665,22809.35,22595.2,22716.2,mid_price,ok
2026-09-30T10:06:22.843989+00:00,2026-09-30T15:36:22.843989+05:30,NIFTY,27-Oct-2026,24300.0,PE,22620.45,1573,130,1584.05,65,1589.7,1578.525,3571,-8,163,12.477447199915096,20.19,,,,,,,,,,,,,,,0.07396046283647259,,,,,,13.5,65,22665,22809.35,22595.2,22716.2,mid_price,no_price_available
2026-09-30T10:06:22.843989+00:00,2026-09-30T15:36:22.843989+05:30,NIFTY,27-Oct-2026,24350.0,CE,22620.45,11.4,910,11.85,1495,11.5,11.625,2501,-73,2575,-16.363636363636363,13.4,0.0288878164920468,7.998006801198033e-05,-1.0990093053517367,4.055913351372032,0.9512339200576508,-0.0026198916845475533,111.00640123031869,1.8069416913360277e-07,0.0015921584296107942,-4.547642471641774e-06,-0.3808299615599946,72.12439596785156,-0.02646387237635061,6.902180598936568e-05,0.07396046283647259,22713,0.055206298654584325,0.0125,index_dividend_yield,0.065,13.5,65,22665,22809.35,22595.2,22716.2,mid_price,ok
2026-09-30T10:06:22.843989+00:00,2026-09-30T15:36:22.843989+05:30,NIFTY,27-Oct-2026,24350.0,PE,22620.45,1481.65,650,1636.05,65,1586.85,1558.85,235,3,16,8.004083716181725,17,,,,,,,,,,,,,,,0.07396046283647259,,,,,,13.5,65,22665,22809.35,22595.2,22716.2,mid_price,no_price_available
2026-09-30T10:06:22.843989+00:00,2026-09-30T15:36:22.843989+05:30,NIFTY,27-Oct-2026,24400.0,CE,22620.45,10.9,2600,10.95,65,10.75,10.925,5962,-640,5972,-13.654618473895582,13.6,0.02715121023988469,7.483852896285228e-05,-1.0570617093121257,3.851822374920927,0.9027768166939859,-0.002516396608751619,106.85223500869134,1.6900586722225016e-07,0.0015258287331198516,-4.400808651518602e-06,-0.36915759500556833,71.67251345243832,-0.024819813222299043,6.432030132455638e-05,0.07396046283647259,22713,0.055206298654584325,0.0125,index_dividend_yield,0.065,13.5,65,22665,22809.35,22595.2,22716.2,mid_price,ok
2026-09-30T10:06:22.843989+00:00,2026-09-30T15:36:22.843989+05:30,NIFTY,27-Oct-2026,24400.0,PE,22620.45,1668.2,65,1687.7,130,1671.25,1677.95,2365,27,57,10.357237189646064,20.67,,,,,,,,,,,,,,,0.07396046283647259,,,,,,13.5,65,22665,22809.35,22595.2,22716.2,mid_price,no_price_available
2026-09-30T10:06:22.843989+00:00,2026-09-30T15:36:22.843989+05:30,NIFTY,27-Oct-2026,24450.0,CE,22620.45,10.1,910,10.35,325,10.35,10.225,1456,-370,1188,-10.775862068965518,13.76,0.025214300212697223,6.952970324977176e-05,-1.003374232915008,3.6206863992324965,0.8525677595178377,-0.002397981805258409,102.58233180686993,1.5782755126954334e-07,0.0014646631509068666,-4.253037431093206e-06,-0.35556885205406763,71.54632074685188,-0.023001510649326685,5.951345033727871e-05,0.07396046283647259,22713,0.055206298654584325,0.0125,index_dividend_yield,0.065,13.5,65,22665,22809.35,22595.2,22716.2,mid_price,ok
2026-09-30T10:06:22.843989+00:00,2026-09-30T15:36:22.843989+05:30,NIFTY,27-Oct-2026,24450.0,PE,22620.45,1664.55,650,1751.75,65,1740,1708.15,135,3,7,7.937098725225645,22.62,,,,,,,,,,,,,,,0.07396046283647259,,,,,,13.5,65,22665,22809.35,22595.2,22716.2,mid_price,no_price_available
2026-09-30T10:06:22.843989+00:00,2026-09-30T15:36:22.843989+05:30,NIFTY,27-Oct-2026,24500.0,CE,22620.45,9.75,2405,9.8,1430,9.75,9.775,38065,-5,21100,-10.95890410958904,14,0.024089476063533916,6.577062953219633e-05,-0.980588907377088,3.484673842410863,0.8146212868470354,-0.0023252903976924977,98.99262569885624,1.4819613508990836e-07,0.0013986468283743662,-4.115169941522142e-06,-0.3470909636441277,70.75455809983045,-0.021927073844034514,5.6066353467735226e-05,0.07396046283647259,22713,0.055206298654584325,0.0125,index_dividend_yield,0.065,13.5,65,22665,22809.35,22595.2,22716.2,mid_price,ok
2026-09-30T10:06:22.843989+00:00,2026-09-30T15:36:22.843989+05:30,NIFTY,27-Oct-2026,24500.0,PE,22620.45,1772.8,195,1779.7,65,1775,1776.25,23276,99,855,10.547130445613925,21.5,,,,,,,,,,,,,,,0.07396046283647259,,,,,,13.5,65,22665,22809.35,22595.2,22716.2,mid_price,no_price_available
2026-09-30T10:06:22.843989+00:00,2026-09-30T15:36:22.843989+05:30,NIFTY,27-Oct-2026,24550.0,CE,22620.45,9.1,1755,9.25,455,9.15,9.175,1395,-306,1406,-10.731707317073171,14.16,0.02242970304162763,6.123508696463439e-05,-0.9323083974355033,3.281449259325505,0.7699821336433037,-0.002217659641797723,94.99784470662131,1.3855001364066698e-07,0.0013403207580929388,-3.971666489355696e-06,-0.33436785587374196,70.60910016892433,-0.020374108301623926,5.1987606932123295e-05,0.07396046283647259,22713,0.055206298654584325,0.0125,index_dividend_yield,0.065,13.5,65,22665,22809.35,22595.2,22716.2,mid_price,ok
2026-09-30T10:06:22.843989+00:00,2026-09-30T15:36:22.843989+05:30,NIFTY,27-Oct-2026,24550.0,PE,22620.45,1597.8,650,1843.65,195,1661.85,1720.725,102,0,4,-7.8030513176144245,0,,,,,,,,,,,,,,,0.07396046283647259,,,,,,13.5,65,22665,22809.35,22595.2,22716.2,mid_price,no_price_available
2026-09-30T10:06:22.843989+00:00,2026-09-30T15:36:22.843989+05:30,NIFTY,27-Oct-2026,24600.0,CE,22620.45,8.35,585,8.4,2275,8.4,8.375,5364,-229,5327,-10.638297872340425,14.31,0.020834166624533742,5.693052529213133e-05,-0.8837509958528246,3.083095133033901,0.7268047656180578,-0.002110664641464116,91.0499996942129,1.2946836252165868e-07,0.001283447894627624,-3.828059443012827e-06,-0.32150086450519977,70.53134256669894,-0.01888603241822682,4.813682673746697e-05,0.07396046283647259,22713,0.055206298654584325,0.0125,index_dividend_yield,0.065,13.5,65,22665,22809.35,22595.2,22716.2,mid_price,ok
2026-09-30T10:06:22.843989+00:00,2026-09-30T15:36:22.843989+05:30,NIFTY,27-Oct-2026,24600.0,PE,22620.45,1863.7,195,1876.95,65,1873.45,1870.325,2936,-10,134,8.867710724351339,23.25,,,,,,,,,,,,,,,0.07396046283647259,,,,,,13.5,65,22665,22809.35,22595.2,22716.2,mid_price,no_price_available
2026-09-30T10:06:22.843989+00:00,2026-09-30T15:36:22.843989+05:30,NIFTY,27-Oct-2026,24650.0,CE,22620.45,8,780,8.2,390,8.25,8.1,594,-67,421,-5.714285714285714,14.5,0.01964642418177733,5.3456913822545464e-05,-0.850599991896526,2.9334182228304133,0.6906188924373727,-0.0020278008040451115,87.54880668891896,1.214260418562704e-07,0.0012267783256440354,-3.6944494232382373e-06,-0.3113795313789338,70.12767869631234,-0.017771756057600414,4.5016581880264584e-05,0.07396046283647259,22713,0.055206298654584325,0.0125,index_dividend_yield,0.065,13.5,65,22665,22809.35,22595.2,22716.2,mid_price,ok
2026-09-30T10:06:22.843989+00:00,2026-09-30T15:36:22.843989+05:30,NIFTY,27-Oct-2026,24650.0,PE,22620.45,1744.45,4030,1941.25,65,1750,1842.85,44,-1,1,3.2813975448536357,0,,,,,,,,,,,,,,,0.07396046283647259,,,,,,13.5,65,22665,22809.35,22595.2,22716.2,mid_price,no_price_available
2026-09-30T10:06:22.843989+00:00,2026-09-30T15:36:22.843989+05:30,NIFTY,27-Oct-2026,24700.0,CE,22620.45,7.6,260,7.7,780,7.65,7.65,4350,167,2031,-7.2727272727272725,14.69,0.018550166179621807,5.025150488377721e-05,-0.8193862335430013,2.7936562642250293,0.6566503322939614,-0.0019492930724231729,84.1940612849228,1.13971891740103e-07,0.0011723837134787647,-3.5649964586618625e-06,-0.30166429351059465,69.720261468662,-0.01674471991860407,4.214612454845563e-05,0.07396046283647259,22713,0.055206298654584325,0.0125,index_dividend_yield,0.065,13.5,65,22665,22809.35,22595.2,22716.2,mid_price,ok
2026-09-30T10:06:22.843989+00:00,2026-09-30T15:36:22.843989+05:30,NIFTY,27-Oct-2026,24700.0,PE,22620.45,1961.65,260,1983.7,195,1790.65,1972.6750000000002,3373,12,65,0.4938687319359093,0,,,,,,,,,,,,,,,0.07396046283647259,,,,,,13.5,65,22665,22809.35,22595.2,22716.2,mid_price,no_price_available
2026-09-30T10:06:22.843989+00:00,2026-09-30T15:36:22.843989+05:30,NIFTY,27-Oct-2026,24750.0,CE,22620.45,6.9,715,7.5,650,7.2,7.2,522,-20,494,-4.635761589403973,14.86,0.01741236978337482,4.706656578322979e-05,-0.7841438658849722,2.6468749355578014,0.6226186128015162,-0.001865983395770314,80.81621439920706,1.0685214445437111e-07,0.0011203363409015676,-3.4351219985262683e-06,-0.2912192701517604,69.46112572636466,-0.015685058301013893,3.931557079026874e-05,0.07396046283647259,22713,0.055206298654584325,0.0125,index_dividend_yield,0.065,13.5,65,22665,22809.35,22595.2,22716.2,mid_price,ok
2026-09-30T10:06:22.843989+00:00,2026-09-30T15:36:22.843989+05:30,NIFTY,27-Oct-2026,24750.0,PE,22620.45,1888.55,390,2058.5,65,0.0,1973.525,11,0,0,0,0,,,,,,,,,,,,,,,0.07396046283647259,,,,,,13.5,65,22665,22809.35,22595.2,22716.2,mid_price,no_price_available
2026-09-30T10:06:22.843989+00:00,2026-09-30T15:36:22.843989+05:30,NIFTY,27-Oct-2026,24800.0,CE,22620.45,6.5,455,6.6,845,6.5,6.55,6169,-193,3769,-10.344827586206897,14.98,0.016068712581053104,4.35897125162129e-05,-0.736977138693265,2.471143234141263,0.5853784070987047,-0.001765237603521385,77.14581504418105,9.97105523434347e-08,0.0010698237989090116,-3.296213516084137e-06,-0.27839765667541894,69.57127979263066,-0.014445843472279318,3.626461938894201e-05,0.07396046283647259,22713,0.055206298654584325,0.0125,index_dividend_yield,0.065,13.5,65,22665,22809.35,22595.2,22716.2,mid_price,ok
2026-09-30T10:06:22.843989+00:00,2026-09-30T15:36:22.843989+05:30,NIFTY,27-Oct-2026,24800.0,PE,22620.45,2060.95,65,2073.6,65,2045,2067.2749999999996,4884,-30,59,6.738347512918211,21.79,,,,,,,,,,,,,,,0.07396046283647259,,,,,,13.5,65,22665,22809.35,22595.2,22716.2,mid_price,no_price_available
2026-09-30T10:06:22.843989+00:00,2026-09-30T15:36:22.843989+05:30,NIFTY,27-Oct-2026,24850.0,CE,22620.45,6.15,195,6.7,780,6.8,6.425000000000001,611,66,613,-2.158273381294964,15.2,0.015393422061571713,4.140551617725692e-05,-0.7197252269832576,2.3817923275240718,0.5605610798704603,-0.0017121418028045558,74.46559258352625,9.408383121762629e-08,0.001022114005720613,-3.1869680586445846e-06,-0.27154940573415187,68.92261967438046,-0.013809014190281401,3.430898717602907e-05,0.07396046283647259,22713,0.055206298654584325,0.0125,index_dividend_yield,0.065,13.5,65,22665,22809.35,22595.2,22716.2,mid_price,ok
2026-09-30T10:06:22.843989+00:00,2026-09-30T15:36:22.843989+05:30,NIFTY,27-Oct-2026,24850.0,PE,22620.45,2085.3,650,2175.1,65,0.0,2130.2,24,0,0,0,26.3,,,,,,,,,,,,,,,0.07396046283647259,,,,,,13.5,65,22665,22809.35,22595.2,22716.2,mid_price,no_price_available
2026-09-30T10:06:22.843989+00:00,2026-09-30T15:36:22.843989+05:30,NIFTY,27-Oct-2026,24900.0,CE,22620.45,5.9,780,6.05,455,6,5.975,3227,-46,2409,-6.25,15.37,0.01449740404552936,3.8890023558185725e-05,-0.6902882668881875,2.2621123699886865,0.5322977946565699,-0.0016411843002808507,71.48846943085974,8.83647224932902e-08,0.0009759905303217292,-3.068967801521457e-06,-0.2623046681171237,68.64441539935763,-0.012978331807358861,3.2095340882985424e-05,0.07396046283647259,22713,0.055206298654584325,0.0125,index_dividend_yield,0.065,13.5,65,22665,22809.35,22595.2,22716.2,mid_price,ok
2026-09-30T10:06:22.843989+00:00,2026-09-30T15:36:22.843989+05:30,NIFTY,27-Oct-2026,24900.0,PE,22620.45,2156.8,65,2171.25,65,2164.1,2164.025,2187,-46,123,8.828040532045963,25.56,,,,,,,,,,,,,,,0.07396046283647259,,,,,,13.5,65,22665,22809.35,22595.2,22716.2,mid_price,no_price_available
2026-09-30T10:06:22.843989+00:00,2026-09-30T15:36:22.843989+05:30,NIFTY,27-Oct-2026,24950.0,CE,22620.45,5.65,260,6.95,1300,5.7,6.300000000000001,960,5,113,-8.064516129032258,15.53,0.013617774592015495,3.646803610513886e-05,-0.6600081366236853,2.143314651265007,0.5047586722275159,-0.001569900751519821,68.55280774781325,8.294559734814376e-08,0.0009315791259451957,-2.9522534388942283e-06,-0.25290465782121974,68.43307471760731,-0.012165885945678847,2.9976005295686394e-05,0.07396046283647259,22713,0.055206298654584325,0.0125,index_dividend_yield,0.065,13.5,65,22665,22809.35,22595.2,22716.2,mid_price,wide_quote_low_liquidity
2026-09-30T10:06:22.843989+00:00,2026-09-30T15:36:22.843989+05:30,NIFTY,27-Oct-2026,24950.0,PE,22620.45,2175.1,650,2241.7,975,0.0,2208.3999999999996,57,0,0,0,21.7,,,,,,,,,,,,,,,0.07396046283647259,,,,,,13.5,65,22665,22809.35,22595.2,22716.2,mid_price,no_price_available
2026-09-30T10:06:22.843989+00:00,2026-09-30T15:36:22.843989+05:30,NIFTY,27-Oct-2026,25000.0,CE,22620.45,5.45,455,5.5,3120,5.45,5.475,45580,-1482,20884,-16.793893129770993,15.78,0.013239189418947986,3.5027132893930434e-05,-0.6536478658567554,2.0917688429276846,0.4873323457987733,-0.0015376676868970058,66.51583166171204,7.877837018007571e-08,0.0008918413389839637,-2.8655780283231232e-06,-0.2486130462014544,67.57806984650601,-0.011801794402246527,2.8676560040572214e-05,0.07396046283647259,22713,0.055206298654584325,0.0125,index_dividend_yield,0.065,13.5,65,22665,22809.35,22595.2,22716.2,mid_price,ok
2026-09-30T10:06:22.843989+00:00,2026-09-30T15:36:22.843989+05:30,NIFTY,27-Oct-2026,25000.0,PE,22620.45,2264.55,195,2269.35,195,2267.95,2266.95,34387,321,1851,8.423568782120235,24.82,,,,,,,,,,,,,,,0.07396046283647259,,,,,,13.5,65,22665,22809.35,22595.2,22716.2,mid_price,no_price_available
2026-09-30T10:06:22.843989+00:00,2026-09-30T15:36:22.843989+05:30,NIFTY,27-Oct-2026,25050.0,CE,22620.45,5.25,1625,5.55,130,5.35,5.4,2419,40,1469,-4.464285714285714,15.97,0.012603587277517583,3.3168814803389986e-05,-0.6332031400531377,2.004642670786693,0.4654798219491654,-0.0014841600375200738,64.07986302126889,7.434707000827751e-08,0.0008525604792646042,-2.766175909954816e-06,-0.2414398505461457,67.1535592382942,-0.011211710177814898,2.7046867514529574e-05,0.07396046283647259,22713,0.055206298654584325,0.0125,index_dividend_yield,0.065,13.5,65,22665,22809.35,22595.2,22716.2,mid_price,ok
2026-09-30T10:06:22.843989+00:00,2026-09-30T15:36:22.843989+05:30,NIFTY,27-Oct-2026,25050.0,PE,22620.45,2279.45,650,2401.85,715,0.0,2340.6499999999996,5,0,0,0,0,,,,,,,,,,,,,,,0.07396046283647259,,,,,,13.5,65,22665,22809.35,22595.2,22716.2,mid_price,no_price_available
2026-09-30T10:06:22.843989+00:00,2026-09-30T15:36:22.843989+05:30,NIFTY,27-Oct-2026,25100.0,CE,22620.45,5.1,2405,5.45,65,5.15,5.275,1447,79,1349,-2.830188679245283,16.15,0.0119671665683126,3.135926607966476e-05,-0.6115263734635975,1.9166398678542476,0.44403344219827967,-0.0014296668207982137,61.67295063141076,7.013136722433931e-08,0.0008148809519195598,-2.6679984025006207e-06,-0.23406516442464542,66.79716685458227,-0.01062350938627895,2.5469529819179258e-05,0.07396046283647259,22713,0.055206298654584325,0.0125,index_dividend_yield,0.065,13.5,65,22665,22809.35,22595.2,22716.2,mid_price,ok
2026-09-30T10:06:22.843989+00:00,2026-09-30T15:36:22.843989+05:30,NIFTY,27-Oct-2026,25100.0,PE,22620.45,2351.05,390,2379.05,390,2355.15,2365.05,671,2,6,8.111271775803898,25.43,,,,,,,,,,,,,,,0.07396046283647259,,,,,,13.5,65,22665,22809.35,22595.2,22716.2,mid_price,no_price_available
2026-09-30T10:06:22.843989+00:00,2026-09-30T15:36:22.843989+05:30,NIFTY,27-Oct-2026,25150.0,CE,22620.45,3.8,1105,5.3,65,5.85,4.55,273,0,2,5.405405405405405,16.75,0.013229987382095463,3.297888042475766e-05,-0.6907616099306237,2.0905127482518564,0.4594265141413421,-0.0015319793517662558,62.714813169356006,6.97705190552043e-08,0.0007924611377918907,-2.688156646835652e-06,-0.24783890959445176,63.72284308281228,-0.011712598936249074,2.6678561562523507e-05,0.07396046283647259,22713,0.055206298654584325,0.0125,index_dividend_yield,0.065,13.5,65,22665,22809.35,22595.2,22716.2,mid_price,wide_quote_low_liquidity
2026-09-30T10:06:22.843989+00:00,2026-09-30T15:36:22.843989+05:30,NIFTY,27-Oct-2026,25150.0,PE,22620.45,2355.45,650,2435,325,0.0,2395.225,4,0,0,0,0,,,,,,,,,,,,,,,0.07396046283647259,,,,,,13.5,65,22665,22809.35,22595.2,22716.2,mid_price,no_price_available
2026-09-30T10:06:22.843989+00:00,2026-09-30T15:36:22.843989+05:30,NIFTY,27-Oct-2026,25200.0,CE,22620.45,4.5,780,4.6,1365,4.5,4.55,2510,691,2050,-4.25531914893617,16.44,0.010541385693463454,2.7589626835308245e-05,-0.5563314144660421,1.7165234488186945,0.39899464438179333,-0.0013041738668597407,56.603361950521844,6.193210970138905e-08,0.0007419506257170538,-2.462639799536648e-06,-0.2168068038936477,66.54512195237999,-0.009320142528917446,2.223039735468932e-05,0.07396046283647259,22713,0.055206298654584325,0.0125,index_dividend_yield,0.065,13.5,65,22665,22809.35,22595.2,22716.2,mid_price,ok
2026-09-30T10:06:22.843989+00:00,2026-09-30T15:36:22.843989+05:30,NIFTY,27-Oct-2026,25200.0,PE,22620.45,2452.2,130,2473.95,65,2430,2463.075,529,-1,11,9.105603448275861,23.31,,,,,,,,,,,,,,,0.07396046283647259,,,,,,13.5,65,22665,22809.35,22595.2,22716.2,mid_price,no_price_available
2026-09-30T10:06:22.843989+00:00,2026-09-30T15:36:22.843989+05:30,NIFTY,27-Oct-2026,25250.0,CE,22620.45,3.25,1755,6.45,1040,0.0,4.85,32,0,0,0,16.28,0.008789632043881895,2.3769276883841717e-05,-0.46965609437434996,1.4644429955482696,0.3536092062588021,-0.001143149927533768,51.6409075792924,5.554828949455766e-08,0.0006921599852914021,-2.269279110652401e-06,-0.19406860630234488,68.48647992565398,-0.007759298935136892,1.9076367720743956e-05,0.07396046283647259,22713,0.055206298654584325,0.0125,index_dividend_yield,0.065,13.5,65,22665,22809.35,22595.2,22716.2,mid_price,wide_quote_low_liquidity
2026-09-30T10:06:22.843989+00:00,2026-09-30T15:36:22.843989+05:30,NIFTY,27-Oct-2026,25250.0,PE,22620.45,2234.8,650,2534.95,65,0.0,2384.875,4,0,0,0,0,,,,,,,,,,,,,,,0.07396046283647259,,,,,,13.5,65,22665,22809.35,22595.2,22716.2,mid_price,no_price_available
2026-09-30T10:06:22.843989+00:00,2026-09-30T15:36:22.843989+05:30,NIFTY,27-Oct-2026,25300.0,CE,22620.45,3.8,325,4.3,130,4.3,4.05,483,8,343,4.878048780487805,16.76,0.009424862013761262,2.454313197416891e-05,-0.5133245149876942,1.5567042026159301,0.3614108795819051,-0.0012012922547871493,52.20514709811496,5.503566563674312e-08,0.0006766177877270691,-2.2810853019846402e-06,-0.20235579513967594,66.07065493913147,-0.00829912461557356,1.9619657469628734e-05,0.07396046283647259,22713,0.055206298654584325,0.0125,index_dividend_yield,0.065,13.5,65,22665,22809.35,22595.2,22716.2,mid_price,ok
2026-09-30T10:06:22.843989+00:00,2026-09-30T15:36:22.843989+05:30,NIFTY,27-Oct-2026,25300.0,PE,22620.45,2524.95,650,2584.9,65,2500,2554.925,161,1,7,2.459016393442623,18.03,,,,,,,,,,,,,,,0.07396046283647259,,,,,,13.5,65,22665,22809.35,22595.2,22716.2,mid_price,no_price_available
2026-09-30T10:06:22.843989+00:00,2026-09-30T15:36:22.843989+05:30,NIFTY,27-Oct-2026,25350.0,CE,22620.45,2.6,1040,4.95,910,4,3.7750000000000004,19,0,3,-20,17,0.00920184045329919,2.369494337344447e-05,-0.5093628679083158,1.5244272289147505,0.3503146386303639,-0.0011796695676010265,50.79425673925086,5.256870530209275e-08,0.0006501249035772632,-2.2196678884719283e-06,-0.19928109485561207,65.31401233727055,-0.008085320060069625,1.886697302173962e-05,0.07396046283647259,22713,0.055206298654584325,0.0125,index_dividend_yield,0.065,13.5,65,22665,22809.35,22595.2,22716.2,mid_price,wide_quote_low_liquidity
2026-09-30T10:06:22.843989+00:00,2026-09-30T15:36:22.843989+05:30,NIFTY,27-Oct-2026,25350.0,PE,22620.45,2494,715,2663.65,65,0.0,2578.825,23,0,0,0,0,,,,,,,,,,,,,,,0.07396046283647259,,,,,,13.5,65,22665,22809.35,22595.2,22716.2,mid_price,no_price_available
2026-09-30T10:06:22.843989+00:00,2026-09-30T15:36:22.843989+05:30,NIFTY,27-Oct-2026,25400.0,CE,22620.45,3.6,325,3.9,455,3.95,3.75,1462,52,678,3.9473684210526314,17.13,0.008622347983138668,2.221241076852682e-05,-0.4843889587278499,1.439975689111779,0.3317329080734302,-0.001124353066577339,48.59086016325054,4.941412392493082e-08,0.0006198565002032574,-2.128882776451694e-06,-0.19136062439912616,65.26305043824541,-0.007561135789965029,1.761695088534356e-05,0.07396046283647259,22713,0.055206298654584325,0.0125,index_dividend_yield,0.065,13.5,65,22665,22809.35,22595.2,22716.2,mid_price,ok
2026-09-30T10:06:22.843989+00:00,2026-09-30T15:36:22.843989+05:30,NIFTY,27-Oct-2026,25400.0,PE,22620.45,2590.1,650,2684.95,65,0.0,2637.5249999999996,135,0,0,0,0,,,,,,,,,,,,,,,0.07396046283647259,,,,,,13.5,65,22665,22809.35,22595.2,22716.2,mid_price,no_price_available
2026-09-30T10:06:22.843989+00:00,2026-09-30T15:36:22.843989+05:30,NIFTY,27-Oct-2026,25450.0,CE,22620.45,2.55,1755,4.35,715,3.7,3.4499999999999997,69,9,16,-20.43010752688172,17.37,0.008434967718264916,2.1487253302622034e-05,-0.48134044115209795,1.4124816773597992,0.3220580296143692,-0.0011056224947810014,47.33387253153487,4.7287719554048545e-08,0.0005963452365659356,-2.073837962995066e-06,-0.18865768514157,64.51929590055657,-0.007380961407477258,1.6974922916907093e-05,0.07396046283647259,22713,0.055206298654584325,0.0125,index_dividend_yield,0.065,13.5,65,22665,22809.35,22595.2,22716.2,mid_price,wide_quote_low_liquidity
2026-09-30T10:06:22.843989+00:00,2026-09-30T15:36:22.843989+05:30,NIFTY,27-Oct-2026,25450.0,PE,22620.45,2486.4,650,2734.95,65,0.0,2610.675,5,0,0,0,0,,,,,,,,,,,,,,,0.07396046283647259,,,,,,13.5,65,22665,22809.35,22595.2,22716.2,mid_price,no_price_available
2026-09-30T10:06:22.843989+00:00,2026-09-30T15:36:22.843989+05:30,NIFTY,27-Oct-2026,25500.0,CE,22620.45,3.35,65,3.5,520,3.35,3.425,15890,-281,6964,11.666666666666666,17.39,0.007586472246866776,1.9552474295906073e-05,-0.4386723884229199,1.2867773462219774,0.29772172915334527,-0.0010221769989693184,44.46575143072728,4.3703344822579055e-08,0.0005632032281461303,-1.9574341501964978e-06,-0.1764992396166829,65.14173724949782,-0.0066264712068814895,1.5385933229313792e-05,0.07396046283647259,22713,0.055206298654584325,0.0125,index_dividend_yield,0.065,13.5,65,22665,22809.35,22595.2,22716.2,mid_price,ok
2026-09-30T10:06:22.843989+00:00,2026-09-30T15:36:22.843989+05:30,NIFTY,27-Oct-2026,25500.0,PE,22620.45,2762.3,65,2765.85,65,2762.3,2764.075,13707,-406,583,6.525008676873241,28.98,,,,,,,,,,,,,,,0.07396046283647259,,,,,,13.5,65,22665,22809.35,22595.2,22716.2,mid_price,no_price_available
2026-09-30T10:06:22.843989+00:00,2026-09-30T15:36:22.843989+05:30,NIFTY,27-Oct-2026,25550.0,CE,22620.45,2.35,65,3.8,130,0.0,3.075,21,0,0,0,16.67,0.004964654535584456,1.4009920244635168e-05,-0.28875973348180567,0.8838394120701477,0.22609768879597053,-0.00074343193686307,35.85531976889605,3.481853474806407e-08,0.00048428628583864887,-1.6091060547597747e-06,-0.1342696286101337,70.74768756552417,-0.004333281808773503,1.0981365195158497e-05,0.07396046283647259,22713,0.055206298654584325,0.0125,index_dividend_yield,0.065,13.5,65,22665,22809.35,22595.2,22716.2,mid_price,wide_quote_low_liquidity
2026-09-30T10:06:22.843989+00:00,2026-09-30T15:36:22.843989+05:30,NIFTY,27-Oct-2026,25550.0,PE,22620.45,2573,650,2864.45,325,0.0,2718.725,14,0,0,0,24.2,,,,,,,,,,,,,,,0.07396046283647259,,,,,,13.5,65,22665,22809.35,22595.2,22716.2,mid_price,no_price_available
2026-09-30T10:06:22.843989+00:00,2026-09-30T15:36:22.843989+05:30,NIFTY,27-Oct-2026,25600.0,CE,22620.45,3.15,65,3.85,130,3.1,3.5,659,18,584,8.771929824561404,17.78,0.007046967892047418,1.7919554274152362e-05,-0.4195590302123346,1.205760522036901,0.275912063728265,-0.0009665742458819905,41.66054048542311,3.9596096989710793e-08,0.0005183438313549525,-1.836911728049568e-06,-0.16827853199366172,64.2026136344905,-0.006129794253808334,1.3991032098184552e-05,0.07396046283647259,22713,0.055206298654584325,0.0125,index_dividend_yield,0.065,13.5,65,22665,22809.35,22595.2,22716.2,mid_price,wide_quote_low_liquidity
2026-09-30T10:06:22.843989+00:00,2026-09-30T15:36:22.843989+05:30,NIFTY,27-Oct-2026,25600.0,PE,22620.45,2833.45,650,2882.35,130,2735,2857.8999999999996,147,0,1,1.144579427155563,0,,,,,,,,,,,,,,,0.07396046283647259,,,,,,13.5,65,22665,22809.35,22595.2,22716.2,mid_price,no_price_available
2026-09-30T10:06:22.843989+00:00,2026-09-30T15:36:22.843989+05:30,NIFTY,27-Oct-2026,25650.0,CE,22620.45,2.2,1755,3.8,130,0.0,3.0,66,0,0,0,17.45,0.005490688352698223,1.4638249613938102e-05,-0.32996946076693867,0.9666887862530327,0.23327561663466978,-0.0008013123353015766,36.49167206415582,3.4213629638078736e-08,0.0004686773885412371,-1.626828043226066e-06,-0.14325782965095024,66.99348118965479,-0.004769898718964376,1.1384576776467986e-05,0.07396046283647259,22713,0.055206298654584325,0.0125,index_dividend_yield,0.065,13.5,65,22665,22809.35,22595.2,22716.2,mid_price,wide_quote_low_liquidity
2026-09-30T10:06:22.843989+00:00,2026-09-30T15:36:22.843989+05:30,NIFTY,27-Oct-2026,25650.0,PE,22620.45,2862.95,650,2934.95,65,0.0,2898.95,3,0,0,0,28.98,,,,,,,,,,,,,,,0.07396046283647259,,,,,,13.5,65,22665,22809.35,22595.2,22716.2,mid_price,no_price_available
2026-09-30T10:06:22.843989+00:00,2026-09-30T15:36:22.843989+05:30,NIFTY,27-Oct-2026,25700.0,CE,22620.45,2.75,325,2.8,12675,2.8,2.775,766,66,686,9.803921568627452,18.08,0.006340425481325703,1.6051194533759475e-05,-0.38800547483812364,1.0982668757572913,0.25095413697719854,-0.0008922855851463806,38.47486648404519,3.541962291150227e-08,0.0004735181022738877,-1.7018665944509753e-06,-0.15714328634872432,63.80841854237456,-0.005493212467503497,1.243493708287485e-05,0.07396046283647259,22713,0.055206298654584325,0.0125,index_dividend_yield,0.065,13.5,65,22665,22809.35,22595.2,22716.2,mid_price,ok
2026-09-30T10:06:22.843989+00:00,2026-09-30T15:36:22.843989+05:30,NIFTY,27-Oct-2026,25700.0,PE,22620.45,2891.15,780,2985.55,65,2835,2938.3500000000004,108,6,28,0.5319148936170213,0,,,,,,,,,,,,,,,0.07396046283647259,,,,,,13.5,65,22665,22809.35,22595.2,22716.2,mid_price,no_price_available
2026-09-30T10:06:22.843989+00:00,2026-09-30T15:36:22.843989+05:30,NIFTY,27-Oct-2026,25750.0,CE,22620.45,1.9,260,3.45,780,3.45,2.675,1137,-109,266,56.81818181818182,17.97,0.0054182098570618705,1.4047783997978807e-05,-0.3352620165790637,0.9553400809560418,0.22438907321020804,-0.0007922852632253948,35.1656485401291,3.191523738232159e-08,0.0004389038751461622,-1.5654039903294108e-06,-0.14186167733913158,65.16326946458646,-0.004686660000425515,1.0840662770533298e-05,0.07396046283647259,22713,0.055206298654584325,0.0125,index_dividend_yield,0.065,13.5,65,22665,22809.35,22595.2,22716.2,mid_price,wide_quote_low_liquidity
2026-09-30T10:06:22.843989+00:00,2026-09-30T15:36:22.843989+05:30,NIFTY,27-Oct-2026,25750.0,PE,22620.45,2813.85,65,3076.1,715,0.0,2944.975,5,0,0,0,0,,,,,,,,,,,,,,,0.07396046283647259,,,,,,13.5,65,22665,22809.35,22595.2,22716.2,mid_price,no_price_available
2026-09-30T10:06:22.843989+00:00,2026-09-30T15:36:22.843989+05:30,NIFTY,27-Oct-2026,25800.0,CE,22620.45,2.25,195,3.5,195,2.65,2.875,1273,18,588,17.77777777777778,18.39,0.005745415929537727,1.446079612710512e-05,-0.3611236984091011,1.0064125260503256,0.2292609759140668,-0.0008276616190737179,35.63978580270183,3.181168471887089e-08,0.0004334480557859952,-1.580712544990327e-06,-0.14730649848904542,63.34423985488704,-0.004957836651313153,1.1116172360004565e-05,0.07396046283647259,22713,0.055206298654584325,0.0125,index_dividend_yield,0.065,13.5,65,22665,22809.35,22595.2,22716.2,mid_price,wide_quote_low_liquidity
2026-09-30T10:06:22.843989+00:00,2026-09-30T15:36:22.843989+05:30,NIFTY,27-Oct-2026,25800.0,PE,22620.45,2812.45,650,3110.45,65,0.0,2961.45,183,0,0,0,0,,,,,,,,,,,,,,,0.07396046283647259,,,,,,13.5,65,22665,22809.35,22595.2,22716.2,mid_price,no_price_available
2026-09-30T10:06:22.843989+00:00,2026-09-30T15:36:22.843989+05:30,NIFTY,27-Oct-2026,25850.0,CE,22620.45,1.65,1560,3.4,130,0.0,2.525,9,0,0,0,17.46,0.003411478609438532,9.561467925643103e-06,-0.21521450925864372,0.6317873308047385,0.1619130909721203,-0.0005545621949200226,26.942495673860254,2.382069241846075e-08,0.00035296738398538877,-1.219262484635823e-06,-0.10398572877272694,69.90009777551806,-0.0029425604969036414,7.321599322970496e-06,0.07396046283647259,22713,0.055206298654584325,0.0125,index_dividend_yield,0.065,13.5,65,22665,22809.35,22595.2,22716.2,mid_price,wide_quote_low_liquidity
2026-09-30T10:06:22.843989+00:00,2026-09-30T15:36:22.843989+05:30,NIFTY,27-Oct-2026,25850.0,PE,22620.45,3057.8,650,3165.8,65,3040.7,3111.8,1,0,2,177.99414883891023,17.77,,,,,,,,,,,,,,,0.07396046283647259,,,,,,13.5,65,22665,22809.35,22595.2,22716.2,mid_price,no_price_available
2026-09-30T10:06:22.843989+00:00,2026-09-30T15:36:22.843989+05:30,NIFTY,27-Oct-2026,25900.0,CE,22620.45,2.25,325,2.55,65,2.25,2.4,280,-15,519,-6.25,18.71,0.005243459975250386,1.3104527575996346e-05,-0.3382740387918526,0.927891630511478,0.21040498080361886,-0.000771520410418087,33.12195440150645,2.8692552585454165e-08,0.00039772484735393996,-1.4723636262999698e-06,-0.13864104809674527,62.81546957955849,-0.004506610201751658,9.995955671623387e-06,0.07396046283647259,22713,0.055206298654584325,0.0125,index_dividend_yield,0.065,13.5,65,22665,22809.35,22595.2,22716.2,mid_price,ok
2026-09-30T10:06:22.843989+00:00,2026-09-30T15:36:22.843989+05:30,NIFTY,27-Oct-2026,25900.0,PE,22620.45,2799.45,650,3216.05,65,2945.2,3007.75,25,0,1,0.6905982905982906,0,,,,,,,,,,,,,,,0.07396046283647259,,,,,,13.5,65,22665,22809.35,22595.2,22716.2,mid_price,no_price_available
2026-09-30T10:06:22.843989+00:00,2026-09-30T15:36:22.843989+05:30,NIFTY,27-Oct-2026,25950.0,CE,22620.45,1.85,65,2.9,1300,2.15,2.375,53,35,45,-33.84615384615385,18.77,0.004815795153552643,1.2109463560359634e-05,-0.31440403134987727,0.8601838376980808,0.19663450264196342,-0.0007227711270815151,31.310265224820554,2.6742797978776043e-08,0.0003762501899390789,-1.3956976688602728e-06,-0.13102202018392262,63.11356308396248,-0.004131384609177358,9.201373523033554e-06,0.07396046283647259,22713,0.055206298654584325,0.0125,index_dividend_yield,0.065,13.5,65,22665,22809.35,22595.2,22716.2,mid_price,wide_quote_low_liquidity
2026-09-30T10:06:22.843989+00:00,2026-09-30T15:36:22.843989+05:30,NIFTY,27-Oct-2026,25950.0,PE,22620.45,3155.25,650,3266.3,65,0.0,3210.775,0,0,0,0,0,,,,,,,,,,,,,,,0.07396046283647259,,,,,,13.5,65,22665,22809.35,22595.2,22716.2,mid_price,no_price_available
2026-09-30T10:06:22.843989+00:00,2026-09-30T15:36:22.843989+05:30,NIFTY,27-Oct-2026,26000.0,CE,22620.45,2.1,3185,2.15,650,2.15,2.125,29874,243,14777,43.333333333333336,18.97,0.004684843860751504,1.169080604300512e-05,-0.30983045264024983,0.8392935531045204,0.19055750239322689,-0.0007073484416240438,30.453764691800664,2.5634957449087386e-08,0.00036256019547577695,-1.357910271483477e-06,-0.12859193205749542,62.616205398458064,-0.004010801945886693,8.849123170573084e-06,0.07396046283647259,22713,0.055206298654584325,0.0125,index_dividend_yield,0.065,13.5,65,22665,22809.35,22595.2,22716.2,mid_price,ok
2026-09-30T10:06:22.843989+00:00,2026-09-30T15:36:22.843989+05:30,NIFTY,27-Oct-2026,26000.0,PE,22620.45,3251.4,65,3262,65,3260.75,3256.7,29033,-341,1027,6.284326667644518,33.06,,,,,,,,,,,,,,,0.07396046283647259,,,,,,13.5,65,22665,22809.35,22595.2,22716.2,mid_price,no_price_available
2026-09-30T10:06:22.843989+00:00,2026-09-30T15:36:22.843989+05:30,NIFTY,27-Oct-2026,26050.0,CE,22620.45,1.5,130,3.25,650,2.1,2.375,102,0,24,-16,19.21,0.004635026138647113,1.1435151859271956e-05,-0.3105641324071549,0.8313260741978401,0.1866944230275369,-0.0007012453817189262,29.878547996433802,2.4787823139435834e-08,0.0003514495399064192,-1.3317356835704422e-06,-0.1276272995329749,61.90604292001232,-0.003959798073735349,8.622415794401639e-06,0.07396046283647259,22713,0.055206298654584325,0.0125,index_dividend_yield,0.065,13.5,65,22665,22809.35,22595.2,22716.2,mid_price,wide_quote_low_liquidity
2026-09-30T10:06:22.843989+00:00,2026-09-30T15:36:22.843989+05:30,NIFTY,27-Oct-2026,26050.0,PE,22620.45,3051.9,650,3366.9,65,0.0,3209.4,4,0,0,0,14.64,,,,,,,,,,,,,,,0.07396046283647259,,,,,,13.5,65,22665,22809.35,22595.2,22716.2,mid_price,no_price_available
2026-09-30T10:06:22.843989+00:00,2026-09-30T15:36:22.843989+05:30,NIFTY,27-Oct-2026,26100.0,CE,22620.45,1.3,1560,2.4,260,0.0,1.85,283,0,0,0,18.88,0.003619473974741816,9.32497637007801e-06,-0.2445367568175758,0.6662724116647408,0.15699695323294977,-0.0005791764948677026,25.934218109683826,2.1267576328513248e-08,0.0003135645027731963,-1.1661170854003202e-06,-0.10801773873708087,64.38026456746466,-0.003088214671519155,7.004372042640881e-06,0.07396046283647259,22713,0.055206298654584325,0.0125,index_dividend_yield,0.065,13.5,65,22665,22809.35,22595.2,22716.2,mid_price,wide_quote_low_liquidity
2026-09-30T10:06:22.843989+00:00,2026-09-30T15:36:22.843989+05:30,NIFTY,27-Oct-2026,26100.0,PE,22620.45,3100.95,650,3417.25,65,0.0,3259.1,3,0,0,0,0,,,,,,,,,,,,,,,0.07396046283647259,,,,,,13.5,65,22665,22809.35,22595.2,22716.2,mid_price,no_price_available
2026-09-30T10:06:22.843989+00:00,2026-09-30T15:36:22.843989+05:30,NIFTY,27-Oct-2026,26150.0,CE,22620.45,1.1,1560,2.85,650,0.0,1.975,7,0,0,0,14.76,0.00023650000019450327,9.759517337224933e-07,-0.015663189701474647,0.05451509814345667,0.02123831011228675,-6.124474237513498e-05,4.566136674049502,3.79620856368112e-09,7.511861897115426e-05,-2.1755607187507727e-07,-0.014179930812953191,99.94415635392211,-0.0002025318995615462,7.302766827460405e-07,0.07396046283647259,22713,0.055206298654584325,0.0125,index_dividend_yield,0.065,13.5,65,22665,22809.35,22595.2,22716.2,mid_price,wide_quote_low_liquidity
2026-09-30T10:06:22.843989+00:00,2026-09-30T15:36:22.843989+05:30,NIFTY,27-Oct-2026,26150.0,PE,22620.45,3156.25,715,3467.55,65,0.0,3311.9,3,0,0,0,29.46,,,,,,,,,,,,,,,0.07396046283647259,,,,,,13.5,65,22665,22809.35,22595.2,22716.2,mid_price,no_price_available
2026-09-30T10:06:22.843989+00:00,2026-09-30T15:36:22.843989+05:30,NIFTY,27-Oct-2026,26200.0,CE,22620.45,1,1300,1.3,130,1.5,1.15,313,1,45,25,18.8,0.0027849761463543906,7.3970909735710815e-06,-0.19214678344907457,0.5262849006429741,0.12846486666663126,-0.0004712746796677243,21.904010075790737,1.751316535320426e-08,0.00026850774238815705,-9.922143070460463e-07,-0.09010677815844642,66.11824043374845,-0.0023681150520127713,5.5139250425581505e-06,0.07396046283647259,22713,0.055206298654584325,0.0125,index_dividend_yield,0.065,13.5,65,22665,22809.35,22595.2,22716.2,mid_price,wide_quote_low_liquidity
2026-09-30T10:06:22.843989+00:00,2026-09-30T15:36:22.843989+05:30,NIFTY,27-Oct-2026,26200.0,PE,22620.45,3323,650,3549.4,780,3341,3436.2,285,8,10,0.3785602691984137,0,,,,,,,,,,,,,,,0.07396046283647259,,,,,,13.5,65,22665,22809.35,22595.2,22716.2,mid_price,no_price_available
2026-09-30T10:06:22.843989+00:00,2026-09-30T15:36:22.843989+05:30,NIFTY,27-Oct-2026,26250.0,CE,22620.45,0.9,1560,2.7,130,0.0,1.8,31,0,0,0,16.51,0.0006738528596791982,2.305271644227111e-06,-0.046204945430513525,0.14403607638621346,0.04610541620748808,-0.00014848395127310568,9.090532091593287,7.271454694139756e-09,0.00013151449110829748,-4.257198791575199e-07,-0.03194817042424372,83.66392858747159,-0.0005737395596325587,1.7118510496035257e-06,0.07396046283647259,22713,0.055206298654584325,0.0125,index_dividend_yield,0.065,13.5,65,22665,22809.35,22595.2,22716.2,mid_price,wide_quote_low_liquidity
2026-09-30T10:06:22.843989+00:00,2026-09-30T15:36:22.843989+05:30,NIFTY,27-Oct-2026,26250.0,PE,22620.45,3251,650,3568.05,65,0.0,3409.525,4,0,0,0,23.75,,,,,,,,,,,,,,,0.07396046283647259,,,,,,13.5,65,22665,22809.35,22595.2,22716.2,mid_price,no_price_available
2026-09-30T10:06:22.843989+00:00,2026-09-30T15:36:22.843989+05:30,NIFTY,27-Oct-2026,26300.0,CE,22620.45,1.35,130,1.55,1495,0.0,1.4500000000000002,614,0,0,0,18.68,0.002083779067709134,5.726140027567876e-06,-0.1467105834449129,0.40480040363759917,0.1027170220469554,-0.0003739398236410269,18.102151236574493,1.4125381198776744e-08,0.0002253985523915967,-8.25957280633514e-07,-0.0734024702413445,68.13698481757267,-0.0017659405714649213,4.235970702828906e-06,0.07396046283647259,22713,0.055206298654584325,0.0125,index_dividend_yield,0.065,13.5,65,22665,22809.35,22595.2,22716.2,mid_price,ok
2026-09-30T10:06:22.843989+00:00,2026-09-30T15:36:22.843989+05:30,NIFTY,27-Oct-2026,26300.0,PE,22620.45,3135.35,650,3602.1,65,3500,3368.725,538,0,3,4.069101883650744,26.21,,,,,,,,,,,,,,,0.07396046283647259,,,,,,13.5,65,22665,22809.35,22595.2,22716.2,mid_price,no_price_available
2026-09-30T10:06:22.843989+00:00,2026-09-30T15:36:22.843989+05:30,NIFTY,27-Oct-2026,26350.0,CE,22620.45,0.7,1300,2.5,650,0.0,1.6,8,0,0,0,14.86,0.00012594666565182803,5.376844486755463e-07,-0.008727181779679403,0.03023767438213244,0.012248988817713252,-3.547278504207848e-05,2.757548373676075,2.181884518359525e-09,4.540657515881169e-05,-1.3197730294606582e-07,-0.008547866216259314,102.9643221145113,-0.00010707023769701775,3.9624949084869257e-07,0.07396046283647259,22713,0.055206298654584325,0.0125,index_dividend_yield,0.065,13.5,65,22665,22809.35,22595.2,22716.2,mid_price,wide_quote_low_liquidity
2026-09-30T10:06:22.843989+00:00,2026-09-30T15:36:22.843989+05:30,NIFTY,27-Oct-2026,26350.0,PE,22620.45,3545.45,650,3668.5,65,0.0,3606.975,0,0,0,0,0,,,,,,,,,,,,,,,0.07396046283647259,,,,,,13.5,65,22665,22809.35,22595.2,22716.2,mid_price,no_price_available
2026-09-30T10:06:22.843989+00:00,2026-09-30T15:36:22.843989+05:30,NIFTY,27-Oct-2026,26400.0,CE,22620.45,0.75,1300,2,195,0.0,1.375,70,0,0,0,19.17,0.002095324703178699,5.6078150356155544e-06,-0.15114026069644976,0.40683461245004976,0.10057961835311388,-0.00037528834126120884,17.71468823622724,1.3459640444278395e-08,0.00021491456488548246,-8.070453837647234e-07,-0.07363740079687903,66.38995645743498,-0.0017683055540956571,4.117070535673912e-06,0.07396046283647259,22713,0.055206298654584325,0.0125,index_dividend_yield,0.065,13.5,65,22665,22809.35,22595.2,22716.2,mid_price,wide_quote_low_liquidity
2026-09-30T10:06:22.843989+00:00,2026-09-30T15:36:22.843989+05:30,NIFTY,27-Oct-2026,26400.0,PE,22620.45,3594.2,650,3718.75,65,0.0,3656.475,3,0,0,0,24.94,,,,,,,,,,,,,,,0.07396046283647259,,,,,,13.5,65,22665,22809.35,22595.2,22716.2,mid_price,no_price_available
2026-09-30T10:06:22.843989+00:00,2026-09-30T15:36:22.843989+05:30,NIFTY,27-Oct-2026,26450.0,CE,22620.45,0.6,1300,1.9,1300,0.0,1.25,8,0,0,0,15.33,0.00013753535343889647,5.660350088135582e-07,-0.009766018231816562,0.032838820404003474,0.012819641525360097,-3.8252840329212654e-05,2.8682172878290704,2.2076119574810183e-09,4.573748030836341e-05,-1.3696851698105585e-07,-0.009168815071263391,99.34490233436259,-0.000116438386302431,4.139943562507501e-07,0.07396046283647259,22713,0.055206298654584325,0.0125,index_dividend_yield,0.065,13.5,65,22665,22809.35,22595.2,22716.2,mid_price,wide_quote_low_liquidity
2026-09-30T10:06:22.843989+00:00,2026-09-30T15:36:22.843989+05:30,NIFTY,27-Oct-2026,26450.0,PE,22620.45,3251.9,650,3769.05,65,0.0,3510.4750000000004,3,0,0,0,0,,,,,,,,,,,,,,,0.07396046283647259,,,,,,13.5,65,22665,22809.35,22595.2,22716.2,mid_price,no_price_available
2026-09-30T10:06:22.843989+00:00,2026-09-30T15:36:22.843989+05:30,NIFTY,27-Oct-2026,26500.0,CE,22620.45,0.95,1820,1,1885,0.95,0.975,11370,240,2068,18.75,19.81,0.0022598599533047953,5.811563233458454e-06,-0.16707088089440889,0.43569195818824696,0.10343574257262299,-0.000398344932012597,18.064868536275867,1.3365503506355855e-08,0.00021161469229646974,-8.201534121403865e-07,-0.07764383649772666,63.8852345994438,-0.0018988256251497686,4.234515240855434e-06,0.07396046283647259,22713,0.055206298654584325,0.0125,index_dividend_yield,0.065,13.5,65,22665,22809.35,22595.2,22716.2,mid_price,ok
2026-09-30T10:06:22.843989+00:00,2026-09-30T15:36:22.843989+05:30,NIFTY,27-Oct-2026,26500.0,PE,22620.45,3739.75,65,3749.3,65,3717.55,3744.525,8342,270,289,3.763921065118486,31.58,,,,,,,,,,,,,,,0.07396046283647259,,,,,,13.5,65,22665,22809.35,22595.2,22716.2,mid_price,no_price_available
2026-09-30T10:06:22.843989+00:00,2026-09-30T15:36:22.843989+05:30,NIFTY,27-Oct-2026,26550.0,CE,22620.45,0.65,1300,1.9,1300,0.0,1.275,12,0,0,0,20.24,0.0024603271065471157,6.142979630139594e-06,-0.1842377657847229,0.4705347302299356,0.10834859461181581,-0.00042606734483189874,18.741467918661463,1.3679982461174046e-08,0.00021431521588730475,-8.481964956005229e-07,-0.08241723845818749,62.115900280452394,-0.0020624384465054227,4.459154346439205e-06,0.07396046283647259,22713,0.055206298654584325,0.0125,index_dividend_yield,0.065,13.5,65,22665,22809.35,22595.2,22716.2,mid_price,wide_quote_low_liquidity
2026-09-30T10:06:22.843989+00:00,2026-09-30T15:36:22.843989+05:30,NIFTY,27-Oct-2026,26550.0,PE,22620.45,3740.55,650,3869.6,65,0.0,3805.075,0,0,0,0,0,,,,,,,,,,,,,,,0.07396046283647259,,,,,,13.5,65,22665,22809.35,22595.2,22716.2,mid_price,no_price_available
2026-09-30T10:06:22.843989+00:00,2026-09-30T15:36:22.843989+05:30,NIFTY,27-Oct-2026,26600.0,CE,22620.45,0.75,325,1.7,1300,0.7,1.225,35,-8,23,-73.07692307692308,19.59,0.001627433491631371,4.361197021659757e-06,-0.12251134118113846,0.32332720179214225,0.08037640950553229,-0.00030577952704066366,14.54767770217849,1.0530810100864952e-08,0.00017395357117495653,-6.655623232292662e-07,-0.06133691039664813,66.28965791733816,-0.0013630803848898327,3.153878177824407e-06,0.07396046283647259,22713,0.055206298654584325,0.0125,index_dividend_yield,0.065,13.5,65,22665,22809.35,22595.2,22716.2,mid_price,wide_quote_low_liquidity
2026-09-30T10:06:22.843989+00:00,2026-09-30T15:36:22.843989+05:30,NIFTY,27-Oct-2026,26600.0,PE,22620.45,3407.35,650,3919.85,65,0.0,3663.6,7,0,0,0,0,,,,,,,,,,,,,,,0.07396046283647259,,,,,,13.5,65,22665,22809.35,22595.2,22716.2,mid_price,no_price_available
2026-09-30T10:06:22.843989+00:00,2026-09-30T15:36:22.843989+05:30,NIFTY,27-Oct-2026,26650.0,CE,22620.45,0.5,3510,1.9,1300,0.0,1.2,6,0,0,0,17.26,0.0003539321616726725,1.2147595435041793e-06,-0.026500464136653867,0.07934749341591696,0.025664716432178478,-8.601057432411607e-05,5.345833068245584,3.876290372046329e-09,7.479395783479957e-05,-2.516703391256143e-07,-0.01938812673186334,83.51505297889194,-0.00029681953299206783,8.751819933782947e-07,0.07396046283647259,22713,0.055206298654584325,0.0125,index_dividend_yield,0.065,13.5,65,22665,22809.35,22595.2,22716.2,mid_price,wide_quote_low_liquidity
2026-09-30T10:06:22.843989+00:00,2026-09-30T15:36:22.843989+05:30,NIFTY,27-Oct-2026,26650.0,PE,22620.45,3838.15,650,3970.2,65,0.0,3904.175,0,0,0,0,0,,,,,,,,,,,,,,,0.07396046283647259,,,,,,13.5,65,22665,22809.35,22595.2,22716.2,mid_price,no_price_available
2026-09-30T10:06:22.843989+00:00,2026-09-30T15:36:22.843989+05:30,NIFTY,27-Oct-2026,26700.0,CE,22620.45,0.6,1300,1.5,1300,0.0,1.05,11,0,0,0,19.92,0.0015271801218569182,4.047442471273238e-06,-0.11744921463942389,0.3051210144056942,0.07510533104242254,-0.00029023017505807073,13.68435337091517,9.672677711546693e-09,0.0001611955015861882,-6.263287913181513e-07,-0.058535783784940565,65.52575661620824,-0.0012740935079657899,2.9050970307508536e-06,0.07396046283647259,22713,0.055206298654584325,0.0125,index_dividend_yield,0.065,13.5,65,22665,22809.35,22595.2,22716.2,mid_price,wide_quote_low_liquidity
2026-09-30T10:06:22.843989+00:00,2026-09-30T15:36:22.843989+05:30,NIFTY,27-Oct-2026,26700.0,PE,22620.45,3470.55,650,4004.6,65,0.0,3737.575,4,0,0,0,36.76,,,,,,,,,,,,,,,0.07396046283647259,,,,,,13.5,65,22665,22809.35,22595.2,22716.2,mid_price,no_price_available
2026-09-30T10:06:22.843989+00:00,2026-09-30T15:36:22.843989+05:30,NIFTY,27-Oct-2026,26750.0,CE,22620.45,0.6,1300,1.9,1300,0.0,1.25,15,0,0,0,16.02,9.271910755242196e-05,3.740997835797612e-07,-0.007027474857445718,0.022680471020290284,0.008708507675479758,-2.7069239777799132e-05,2.0021730962205346,1.4338557566069955e-09,3.0683388286887666e-05,-9.566981684302815e-08,-0.006645106028225083,97.19894919526543,-7.759888035491814e-05,2.675114435211709e-07,0.07396046283647259,22713,0.055206298654584325,0.0125,index_dividend_yield,0.065,13.5,65,22665,22809.35,22595.2,22716.2,mid_price,wide_quote_low_liquidity
2026-09-30T10:06:22.843989+00:00,2026-09-30T15:36:22.843989+05:30,NIFTY,27-Oct-2026,26750.0,PE,22620.45,3935.8,650,4070.8,65,0.0,4003.3,0,0,0,0,0,,,,,,,,,,,,,,,0.07396046283647259,,,,,,13.5,65,22665,22809.35,22595.2,22716.2,mid_price,no_price_available
2026-09-30T10:06:22.843989+00:00,2026-09-30T15:36:22.843989+05:30,NIFTY,27-Oct-2026,26800.0,CE,22620.45,0.6,1300,1.4,650,0.0,1.0,6,0,0,0,20.24,0.0014298288524357522,3.7510867040070435e-06,-0.11227370690808001,0.2873225497410519,0.07009304317087997,-0.00027493364309016965,12.858306708095595,8.880698089453345e-09,0.00014932745729017482,-5.888117636545292e-07,-0.05576100573484705,64.82808888340266,-0.0011882262020756827,2.672329434640866e-06,0.07396046283647259,22713,0.055206298654584325,0.0125,index_dividend_yield,0.065,13.5,65,22665,22809.35,22595.2,22716.2,mid_price,wide_quote_low_liquidity
2026-09-30T10:06:22.843989+00:00,2026-09-30T15:36:22.843989+05:30,NIFTY,27-Oct-2026,26800.0,PE,22620.45,3576.5,650,4121.05,65,0.0,3848.775,9,0,0,0,0,,,,,,,,,,,,,,,0.07396046283647259,,,,,,13.5,65,22665,22809.35,22595.2,22716.2,mid_price,no_price_available
2026-09-30T10:06:22.843989+00:00,2026-09-30T15:36:22.843989+05:30,NIFTY,27-Oct-2026,26850.0,CE,22620.45,0.7,1300,1.45,1300,0.65,1.075,198,185,355,-89.34426229508196,20.52,0.001467871253556127,3.7896514614753057e-06,-0.11653265212854975,0.2942921830510031,0.07064344458291129,-0.0002807844076385814,12.924325005104098,8.820608200049928e-09,0.00014795232229508908,-5.911454702245808e-07,-0.05682442012173549,63.829335311416614,-0.0012172703929649732,2.689757764165695e-06,0.07396046283647259,22713,0.055206298654584325,0.0125,index_dividend_yield,0.065,13.5,65,22665,22809.35,22595.2,22716.2,mid_price,wide_quote_low_liquidity
2026-09-30T10:06:22.843989+00:00,2026-09-30T15:36:22.843989+05:30,NIFTY,27-Oct-2026,26850.0,PE,22620.45,4032,650,4171.4,65,0.0,4101.7,0,0,0,0,0,,,,,,,,,,,,,,,0.07396046283647259,,,,,,13.5,65,22665,22809.35,22595.2,22716.2,mid_price,no_price_available
2026-09-30T10:06:22.843989+00:00,2026-09-30T15:36:22.843989+05:30,NIFTY,27-Oct-2026,26900.0,CE,22620.45,1.1,260,1.45,1300,1.5,1.275,488,65,105,25,22.44,0.0030216198842072466,6.6700423767883955e-06,-0.24503630143557548,0.5664395206673029,0.1151482316088968,-0.0005001625822139998,19.44491967185741,1.3023820274657011e-08,0.0001992407477648748,-8.708572515789891e-07,-0.09495594656983353,55.16500380318463,-0.0024948469916280013,4.716572491766834e-06,0.07396046283647259,22713,0.055206298654584325,0.0125,index_dividend_yield,0.065,13.5,65,22665,22809.35,22595.2,22716.2,mid_price,wide_quote_low_liquidity
2026-09-30T10:06:22.843989+00:00,2026-09-30T15:36:22.843989+05:30,NIFTY,27-Oct-2026,26900.0,PE,22620.45,3745.95,650,4232.65,325,0.0,3989.2999999999997,22,0,0,0,0,,,,,,,,,,,,,,,0.07396046283647259,,,,,,13.5,65,22665,22809.35,22595.2,22716.2,mid_price,no_price_available
2026-09-30T10:06:22.843989+00:00,2026-09-30T15:36:22.843989+05:30,NIFTY,27-Oct-2026,26950.0,CE,22620.45,0.6,1300,1.5,325,0.0,1.05,12,0,0,0,15.98,4.447223602528873e-05,1.8765800547399322e-07,-0.003501851153278253,0.01134869624434958,0.004578184457947904,-1.4170775677696297e-05,1.1034809409437807,7.586867002667769e-10,1.7068633749070685e-05,-5.29690260096311e-08,-0.003626758500028403,101.23753552250612,-3.695900346963765e-05,1.3220626551020224e-07,0.07396046283647259,22713,0.055206298654584325,0.0125,index_dividend_yield,0.065,13.5,65,22665,22809.35,22595.2,22716.2,mid_price,wide_quote_low_liquidity
2026-09-30T10:06:22.843989+00:00,2026-09-30T15:36:22.843989+05:30,NIFTY,27-Oct-2026,26950.0,PE,22620.45,4131.05,650,4272.05,65,0.0,4201.55,0,0,0,0,0,,,,,,,,,,,,,,,0.07396046283647259,,,,,,13.5,65,22665,22809.35,22595.2,22716.2,mid_price,no_price_available
2026-09-30T10:06:22.843989+00:00,2026-09-30T15:36:22.843989+05:30,NIFTY,27-Oct-2026,27000.0,CE,22620.45,0.75,4225,0.8,18070,0.8,0.775,15204,210,2541,23.076923076923077,21.67,0.0018184620656342028,4.36169378633719e-06,-0.14935982228000666,0.3576977305940081,0.07960859971698896,-0.00033365700437976457,14.239726548504388,9.373300860534785e-09,0.0001535014159601445,-6.467969386703859e-07,-0.06631041857905884,59.502387618109516,-0.0014978934448697725,3.0614708236149417e-06,0.07396046283647259,22713,0.055206298654584325,0.0125,index_dividend_yield,0.065,13.5,65,22665,22809.35,22595.2,22716.2,mid_price,ok
2026-09-30T10:06:22.843989+00:00,2026-09-30T15:36:22.843989+05:30,NIFTY,27-Oct-2026,27000.0,PE,22620.45,4232.55,130,4246.75,65,4223,4239.65,14499,192,432,3.715892624702213,36.28,,,,,,,,,,,,,,,0.07396046283647259,,,,,,13.5,65,22665,22809.35,22595.2,22716.2,mid_price,no_price_available
2026-09-30T10:06:22.843989+00:00,2026-09-30T15:36:22.843989+05:30,NIFTY,27-Oct-2026,27050.0,CE,22620.45,0.85,1235,1.65,65,0.85,1.25,156,14,108,-41.37931034482759,22.61,0.002440737629133863,5.459446889471984e-06,-0.20339212458866746,0.46714457390354264,0.09659435056364275,-0.0004221851667973969,16.723700081615082,1.0854917172805458e-08,0.00017129476783522585,-7.52956144980817e-07,-0.08174968639240193,55.73959382056226,-0.002004438974076567,3.8178300081779994e-06,0.07396046283647259,22713,0.055206298654584325,0.0125,index_dividend_yield,0.065,13.5,65,22665,22809.35,22595.2,22716.2,mid_price,wide_quote_low_liquidity
2026-09-30T10:06:22.843989+00:00,2026-09-30T15:36:22.843989+05:30,NIFTY,27-Oct-2026,27050.0,PE,22620.45,4228.95,650,4372.8,65,0.0,4300.875,0,0,0,0,0,,,,,,,,,,,,,,,0.07396046283647259,,,,,,13.5,65,22665,22809.35,22595.2,22716.2,mid_price,no_price_available
2026-09-30T10:06:22.843989+00:00,2026-09-30T15:36:22.843989+05:30,NIFTY,27-Oct-2026,27100.0,CE,22620.45,0.65,1300,1.2,1300,1,0.925,144,1,22,-13.043478260869565,22.43,0.002064725914655028,4.729225874351882e-06,-0.17334573879387913,0.40144072794274516,0.08521339042835696,-0.0003693299710888225,15.032904963178883,9.667719617338178e-09,0.00015600635757931076,-6.798125806115434e-07,-0.07259388201757744,56.94401753237109,-0.0016931674275465246,3.2949888999370224e-06,0.07396046283647259,22713,0.055206298654584325,0.0125,index_dividend_yield,0.065,13.5,65,22665,22809.35,22595.2,22716.2,mid_price,wide_quote_low_liquidity
2026-09-30T10:06:22.843989+00:00,2026-09-30T15:36:22.843989+05:30,NIFTY,27-Oct-2026,27100.0,PE,22620.45,3850.55,650,4422.95,65,0.0,4136.75,4,0,0,0,0,,,,,,,,,,,,,,,0.07396046283647259,,,,,,13.5,65,22665,22809.35,22595.2,22716.2,mid_price,no_price_available
2026-09-30T10:06:22.843989+00:00,2026-09-30T15:36:22.843989+05:30,NIFTY,27-Oct-2026,27150.0,CE,22620.45,0.6,1300,1.6,1300,0.0,1.1,34,0,0,0,21.63,0.001316129459776726,3.2541477740579195e-06,-0.11091151975273553,0.266376489464258,0.06138856624109557,-0.0002564990986508068,11.35700783759394,7.256509969578628e-09,0.00012368997141320269,-5.192757784227803e-07,-0.05239001123304666,61.101312727902,-0.0010786074948782207,2.2589160104650583e-06,0.07396046283647259,22713,0.055206298654584325,0.0125,index_dividend_yield,0.065,13.5,65,22665,22809.35,22595.2,22716.2,mid_price,wide_quote_low_liquidity
2026-09-30T10:06:22.843989+00:00,2026-09-30T15:36:22.843989+05:30,NIFTY,27-Oct-2026,27150.0,PE,22620.45,4148.15,650,4473.3,65,0.0,4310.725,5,0,0,0,0,,,,,,,,,,,,,,,0.07396046283647259,,,,,,13.5,65,22665,22809.35,22595.2,22716.2,mid_price,no_price_available
2026-09-30T10:06:22.843989+00:00,2026-09-30T15:36:22.843989+05:30,NIFTY,27-Oct-2026,27200.0,CE,22620.45,0.65,2665,0.75,455,0.75,0.7,918,-36,405,15.384615384615385,22.27,0.001589134016514345,3.7540082711944695e-06,-0.13556251415754395,0.3163862078141808,0.06952310480773394,-0.00029894071576536964,12.614934515755488,7.960540016833172e-09,0.00013281663607142606,-5.739165558152613e-07,-0.060105999102239516,58.53238391913303,-0.001298999601306076,2.5963300369489714e-06,0.07396046283647259,22713,0.055206298654584325,0.0125,index_dividend_yield,0.065,13.5,65,22665,22809.35,22595.2,22716.2,mid_price,ok
2026-09-30T10:06:22.843989+00:00,2026-09-30T15:36:22.843989+05:30,NIFTY,27-Oct-2026,27200.0,PE,22620.45,4421.2,65,4489.55,65,4401.75,4455.375,892,0,2,2.889099260194243,33.6,,,,,,,,,,,,,,,0.07396046283647259,,,,,,13.5,65,22665,22809.35,22595.2,22716.2,mid_price,no_price_available
