fetch_ts_utc,fetch_ts_ist,symbol,expiry_date,strike,option_type,underlying_value,bid_price,bid_qty,ask_price,ask_qty,ltp,mid_price,open_interest,change_in_oi,total_traded_volume,pchange_vs_prev_close,nse_iv,delta,gamma,theta,vega,vanna,charm,vomma,speed,zomma,color,veta,omega,dual_delta,dual_gamma,time_to_expiry_years,futures_price,implied_cost_of_carry,dividend_yield_used,dividend_yield_source,risk_free_rate_used,india_vix,lot_size,underlying_day_open,underlying_day_high,underlying_day_low,underlying_prev_close,price_source_for_iv,data_quality_flag
2026-09-11T08:19:00.891474+00:00,2026-09-11T13:49:00.891474+05:30,NIFTY,29-Sep-2026,15000.0,CE,23337.5,,0,8748.55,1690,0.0,,0,0,0,0,0,,,,,,,,,,,,,,,0.0495072015641172,,,,,,12.48,65,23270.3,23361.1,23231.4,23477.8,none,no_price_available
2026-09-11T08:19:00.891474+00:00,2026-09-11T13:49:00.891474+05:30,NIFTY,29-Sep-2026,15000.0,PE,23337.5,1.3,65,1.75,2275,1.3,1.525,1424,-14,27,-3.7037037037037037,68.42,-0.0013634076921181103,1.2587584229491634e-06,-0.43477088216035426,0.23222153934350256,-0.01859288715080529,0.00034770213953596766,2.893270502181175,-1.1173529216484837e-09,1.3843177230154422e-05,-2.5832898531924305e-07,-0.0605375464851624,-22.246360257949526,0.002216587142906299,3.0469724920355864e-06,0.0495072015641172,23409.2,0.06196267460043315,0.0121,index_dividend_yield,0.065,12.48,65,23270.3,23361.1,23231.4,23477.8,mid_price,wide_quote_low_liquidity
2026-09-11T08:19:00.891474+00:00,2026-09-11T13:49:00.891474+05:30,NIFTY,29-Sep-2026,16500.0,CE,23337.5,6417.35,650,6996.65,1690,0.0,6707.0,0,0,0,0,0,,,,,,,,,,,,,,,0.0495072015641172,,,,,,12.48,65,23270.3,23361.1,23231.4,23477.8,mid_price,no_price_available
2026-09-11T08:19:00.891474+00:00,2026-09-11T13:49:00.891474+05:30,NIFTY,29-Sep-2026,16500.0,PE,23337.5,0.9,130,1.1,195,1.1,1.0,2039,-1,53,37.5,53.98,-0.0014955409741021026,1.736076457937582e-06,-0.37213757805140557,0.2526845963704185,-0.025677750830239987,0.0003776087287401869,3.9579966960964637,-1.9171399848638023e-09,2.3977205227160903e-05,-3.5169574205105006e-07,-0.06520246438985625,-28.241235488872515,0.0021901846405613366,3.47303868950413e-06,0.0495072015641172,23409.2,0.06196267460043315,0.0121,index_dividend_yield,0.065,12.48,65,23270.3,23361.1,23231.4,23477.8,mid_price,wide_quote_low_liquidity
2026-09-11T08:19:00.891474+00:00,2026-09-11T13:49:00.891474+05:30,NIFTY,29-Sep-2026,18000.0,CE,23337.5,5352.65,130,5412.6,130,5299.7,5382.625,18,0,2,-5.3625,0,,,,,,,,,,,,,,,0.0495072015641172,23409.2,0.06196267460043315,0.0121,index_dividend_yield,0.065,12.48,65,23270.3,23361.1,23231.4,23477.8,mid_price,no_nse_iv
2026-09-11T08:19:00.891474+00:00,2026-09-11T13:49:00.891474+05:30,NIFTY,29-Sep-2026,18000.0,PE,23337.5,1.6,65,1.7,260,1.65,1.65,13100,-83,1510,32,43.04,-0.00265856156112417,3.6707971784102407e-06,-0.4980131210895162,0.4260000910721788,-0.05129790746801138,0.0005983099627912538,7.423648559832991,-4.7478651849561636e-09,5.543950350043762e-05,-6.443215737673468e-07,-0.09837809264882656,-34.004831766395846,0.0035482638876665365,6.170552346651053e-06,0.0495072015641172,23409.2,0.06196267460043315,0.0121,index_dividend_yield,0.065,12.48,65,23270.3,23361.1,23231.4,23477.8,mid_price,ok
2026-09-11T08:19:00.891474+00:00,2026-09-11T13:49:00.891474+05:30,NIFTY,29-Sep-2026,19500.0,CE,23337.5,3884.95,65,3903.6,65,3887,3894.2749999999996,2161,0,24,-3.308457711442786,0,,,,,,,,,,,,,,,0.0495072015641172,23409.2,0.06196267460043315,0.0121,index_dividend_yield,0.065,12.48,65,23270.3,23361.1,23231.4,23477.8,mid_price,no_nse_iv
2026-09-11T08:19:00.891474+00:00,2026-09-11T13:49:00.891474+05:30,NIFTY,29-Sep-2026,19500.0,PE,23337.5,3.8,455,3.9,1885,3.9,3.8499999999999996,15649,600,2010,25.806451612903224,34.13,-0.007377883255666659,1.1516693334886509e-05,-0.9751525510021606,1.0598420122779677,-0.14126192304829593,0.0012944354786422934,17.883900122268148,-1.6382125843393932e-08,0.0001605895226630757,-1.4620385961322908e-06,-0.19320189059698134,-39.1823874769911,0.009055164423015113,1.6495566762733076e-05,0.0495072015641172,23409.2,0.06196267460043315,0.0121,index_dividend_yield,0.065,12.48,65,23270.3,23361.1,23231.4,23477.8,mid_price,ok
2026-09-11T08:19:00.891474+00:00,2026-09-11T13:49:00.891474+05:30,NIFTY,29-Sep-2026,21000.0,CE,23337.5,2395.6,65,2410.55,65,2394,2403.075,7948,12,157,-3.3586307120943,0,,,,,,,,,,,,,,,0.0495072015641172,23409.2,0.06196267460043315,0.0121,index_dividend_yield,0.065,12.48,65,23270.3,23361.1,23231.4,23477.8,mid_price,no_nse_iv
2026-09-11T08:19:00.891474+00:00,2026-09-11T13:49:00.891474+05:30,NIFTY,29-Sep-2026,21000.0,PE,23337.5,9.8,65,9.85,325,9.8,9.825,33939,2309,12818,32.432432432432435,24.79,-0.023367232227608493,4.2894660354478476e-05,-1.8856374280139885,2.8671921584711386,-0.4306066122209649,0.002807142589404052,44.46118323844361,-6.823193339250458e-08,0.0004921333612465671,-3.1501892606547306e-06,-0.3691522402281895,-47.496607024733024,0.026514966304665027,5.29752854862322e-05,0.0495072015641172,23409.2,0.06196267460043315,0.0121,index_dividend_yield,0.065,12.48,65,23270.3,23361.1,23231.4,23477.8,mid_price,ok
2026-09-11T08:19:00.891474+00:00,2026-09-11T13:49:00.891474+05:30,NIFTY,29-Sep-2026,21600.0,CE,23337.5,1796.75,65,1810.2,65,1792.3,1803.475,709,13,21,-7.134715025906735,0,,,,,,,,,,,,,,,0.0495072015641172,23409.2,0.06196267460043315,0.0121,index_dividend_yield,0.065,12.48,65,23270.3,23361.1,23231.4,23477.8,mid_price,no_nse_iv
2026-09-11T08:19:00.891474+00:00,2026-09-11T13:49:00.891474+05:30,NIFTY,29-Sep-2026,21600.0,PE,23337.5,13.65,910,13.8,260,13.75,13.725000000000001,10489,3120,7813,39.59390862944162,20.52,-0.03794886250807492,7.747222098527184e-05,-2.3025207109623564,4.286476065470789,-0.6955623620157614,0.0036854792497526753,64.09965811210138,-1.3248459246473176e-07,0.0007809867562624163,-3.996377967557826e-06,-0.4581932953345573,-53.78128857336908,0.04176383609009733,9.043721215315659e-05,0.0495072015641172,23409.2,0.06196267460043315,0.0121,index_dividend_yield,0.065,12.48,65,23270.3,23361.1,23231.4,23477.8,mid_price,ok
2026-09-11T08:19:00.891474+00:00,2026-09-11T13:49:00.891474+05:30,NIFTY,29-Sep-2026,21650.0,CE,23337.5,1547.85,650,1803.45,65,0.0,1675.65,1,0,0,0,32.96,,,,,,,,,,,,,,,0.0495072015641172,,,,,,12.48,65,23270.3,23361.1,23231.4,23477.8,mid_price,no_price_available
2026-09-11T08:19:00.891474+00:00,2026-09-11T13:49:00.891474+05:30,NIFTY,29-Sep-2026,21650.0,PE,23337.5,14.5,1755,14.55,65,14.7,14.525,572,233,791,42.71844660194175,20.21,-0.040049382041886024,8.218771727995335e-05,-2.365992065692146,4.478682459934777,-0.7275709011324676,0.0037888258706309866,66.10908952593108,-1.406744408937264e-07,0.0008065107111385256,-4.045039365083329e-06,-0.4681358499220157,-54.177643055894904,0.04396785587675828,9.549920997293281e-05,0.0495072015641172,23409.2,0.06196267460043315,0.0121,index_dividend_yield,0.065,12.48,65,23270.3,23361.1,23231.4,23477.8,mid_price,ok
2026-09-11T08:19:00.891474+00:00,2026-09-11T13:49:00.891474+05:30,NIFTY,29-Sep-2026,21700.0,CE,23337.5,1686.15,65,1739.65,65,0.0,1712.9,0,0,0,0,33.96,0.849207915326559,0.00013230660114917016,-13.92968428614284,12.115078557209397,-0.6593051231651992,0.005777290932520107,35.44131718562582,-8.323626611289156e-08,-2.5437834331900992e-06,2.893383317590899e-07,-0.6438443396789371,10.798619717828425,-0.8287151651442405,0.0001530279312356156,0.0495072015641172,23409.2,0.06196267460043315,0.0121,index_dividend_yield,0.065,12.48,65,23270.3,23361.1,23231.4,23477.8,mid_price,ok
2026-09-11T08:19:00.891474+00:00,2026-09-11T13:49:00.891474+05:30,NIFTY,29-Sep-2026,21700.0,PE,23337.5,14.9,715,15,650,15,14.95,5425,2069,5270,45.63106796116505,19.85,-0.04192129069928156,8.683665749905648e-05,-2.407787859376206,4.647727418729707,-0.7594811926352681,0.0038758652634631676,68.16846585908375,-1.4944058353089118e-07,0.0008361962785132689,-4.098703781940224e-06,-0.4764321370553155,-54.79196410970431,0.0459075403439584,0.00010043666708295357,0.0495072015641172,23409.2,0.06196267460043315,0.0121,index_dividend_yield,0.065,12.48,65,23270.3,23361.1,23231.4,23477.8,mid_price,ok
2026-09-11T08:19:00.891474+00:00,2026-09-11T13:49:00.891474+05:30,NIFTY,29-Sep-2026,21750.0,CE,23337.5,1570.15,650,1688.35,65,0.0,1629.25,1,0,0,0,29.91,0.8704908992053126,0.00013538956088451662,-11.66985257405696,10.918893569616257,-0.7484722484434325,0.005766388878011729,43.96456670863724,-1.0426446876091127e-07,9.249163514367267e-05,-4.2953428740924253e-07,-0.6387491657596129,11.632024052763356,-0.8537288614417846,0.00015587458815232854,0.0495072015641172,23409.2,0.06196267460043315,0.0121,index_dividend_yield,0.065,12.48,65,23270.3,23361.1,23231.4,23477.8,mid_price,ok
2026-09-11T08:19:00.891474+00:00,2026-09-11T13:49:00.891474+05:30,NIFTY,29-Sep-2026,21750.0,PE,23337.5,15.65,65,15.85,1365,16,15.75,551,150,803,40.35087719298246,19.59,-0.04471856451872162,9.270017848014983e-05,-2.499575851884859,4.896570890148194,-0.7963892644989103,0.0040014122041032996,70.2223795344663,-1.5878214766011525e-07,0.0008562497846359952,-4.116383091974944e-06,-0.48825752520955845,-54.97586221222326,0.0488552979583881,0.00010672611719721724,0.0495072015641172,23409.2,0.06196267460043315,0.0121,index_dividend_yield,0.065,12.48,65,23270.3,23361.1,23231.4,23477.8,mid_price,ok
2026-09-11T08:19:00.891474+00:00,2026-09-11T13:49:00.891474+05:30,NIFTY,29-Sep-2026,21800.0,CE,23337.5,1588.65,65,1639.75,65,0.0,1614.2,2,0,0,0,0,,,,,,,,,,,,,,,0.0495072015641172,23409.2,0.06196267460043315,0.0121,index_dividend_yield,0.065,12.48,65,23270.3,23361.1,23231.4,23477.8,mid_price,no_nse_iv
2026-09-11T08:19:00.891474+00:00,2026-09-11T13:49:00.891474+05:30,NIFTY,29-Sep-2026,21800.0,PE,23337.5,16.5,130,16.55,455,16.7,16.525,7790,2711,5390,40.33613445378151,19.25,-0.04706568093725894,9.82959343898799e-05,-2.554867282839588,5.102033775443389,-0.8324041660877114,0.004099362563346816,72.34423767480847,-1.688340896680158e-07,0.0008831869331742264,-4.145998011797819e-06,-0.49738673579012893,-55.51153773265858,0.05129275790280836,0.0001126500088269631,0.0495072015641172,23409.2,0.06196267460043315,0.0121,index_dividend_yield,0.065,12.48,65,23270.3,23361.1,23231.4,23477.8,mid_price,ok
2026-09-11T08:19:00.891474+00:00,2026-09-11T13:49:00.891474+05:30,NIFTY,29-Sep-2026,21850.0,CE,23337.5,1396.9,650,1590.1,65,0.0,1493.5,1,0,0,0,19.44,0.9451655023136007,0.00010897400270428375,-5.990329420535433,5.712105286783854,-0.8836043742514454,0.004415433610583497,73.63277909942978,-1.778554317705447e-07,0.0008442119582742903,-3.953487519789073e-06,-0.5231699935342569,14.073829003875742,-0.9377806814053612,0.0001243164736528874,0.0495072015641172,23409.2,0.06196267460043315,0.0121,index_dividend_yield,0.065,12.48,65,23270.3,23361.1,23231.4,23477.8,mid_price,ok
2026-09-11T08:19:00.891474+00:00,2026-09-11T13:49:00.891474+05:30,NIFTY,29-Sep-2026,21850.0,PE,23337.5,17,650,17.25,1365,17.5,17.125,429,200,389,37.254901960784316,18.9,-0.049499103511951574,0.00010423593082308785,-2.6068758325426513,5.311978312440322,-0.8699917058597705,0.0041951943918434945,74.51465293219294,-1.7965358607042627e-07,0.0009107065146760036,-4.168498188593506e-06,-0.5062348314811933,-56.099956592575126,0.053811298991770284,0.00011891132771379068,0.0495072015641172,23409.2,0.06196267460043315,0.0121,index_dividend_yield,0.065,12.48,65,23270.3,23361.1,23231.4,23477.8,mid_price,ok
2026-09-11T08:19:00.891474+00:00,2026-09-11T13:49:00.891474+05:30,NIFTY,29-Sep-2026,21900.0,CE,23337.5,1293.6,715,1539.45,65,0.0,1416.525,9,0,0,0,14.08,,,,,,,,,,,,,,,0.0495072015641172,,,,,,12.48,65,23270.3,23361.1,23231.4,23477.8,mid_price,no_price_available
2026-09-11T08:19:00.891474+00:00,2026-09-11T13:49:00.891474+05:30,NIFTY,29-Sep-2026,21900.0,PE,23337.5,17.9,390,18.1,1625,18.1,18.0,3524,501,2093,44.223107569721115,18.57,-0.05229634554517115,0.00011083401153442105,-2.670837186868792,5.549604021829883,-0.9100902230664322,0.0042994407422920836,76.68507930899482,-1.9121498466702408e-07,0.0009347096909116572,-4.1703328355016005e-06,-0.5157635510114478,-56.60258911932491,0.056713606425776636,0.000125861668475234,0.0495072015641172,23409.2,0.06196267460043315,0.0121,index_dividend_yield,0.065,12.48,65,23270.3,23361.1,23231.4,23477.8,mid_price,ok
2026-09-11T08:19:00.891474+00:00,2026-09-11T13:49:00.891474+05:30,NIFTY,29-Sep-2026,21950.0,CE,23337.5,1270.25,650,1490,65,0.0,1380.125,2,0,0,0,29.21,,,,,,,,,,,,,,,0.0495072015641172,,,,,,12.48,65,23270.3,23361.1,23231.4,23477.8,mid_price,no_price_available
2026-09-11T08:19:00.891474+00:00,2026-09-11T13:49:00.891474+05:30,NIFTY,29-Sep-2026,21950.0,PE,23337.5,18.8,130,18.9,780,19,18.85,1671,776,1206,38.68613138686131,18.27,-0.05559566296574862,0.00011824443418877599,-2.752617771048193,5.825004898507445,-0.9528516433072522,0.004414959842498116,78.79763802627826,-2.034547464847752e-07,0.0009523850015356234,-4.14151693377431e-06,-0.5262070399490106,-56.96456185654121,0.06014762951063687,0.0001336658056085742,0.0495072015641172,23409.2,0.06196267460043315,0.0121,index_dividend_yield,0.065,12.48,65,23270.3,23361.1,23231.4,23477.8,mid_price,ok
2026-09-11T08:19:00.891474+00:00,2026-09-11T13:49:00.891474+05:30,NIFTY,29-Sep-2026,22000.0,CE,23337.5,1413.1,65,1418,65,1412.8,1415.55,12532,399,749,-5.719052385719053,0,,,,,,,,,,,,,,,0.0495072015641172,23409.2,0.06196267460043315,0.0121,index_dividend_yield,0.065,12.48,65,23270.3,23361.1,23231.4,23477.8,mid_price,no_nse_iv
2026-09-11T08:19:00.891474+00:00,2026-09-11T13:49:00.891474+05:30,NIFTY,29-Sep-2026,22000.0,PE,23337.5,19.9,1235,20,5395,19.95,19.95,51016,4794,34696,40.49295774647887,17.97,-0.059158951594463285,0.00012624031769861493,-2.8370608002933198,6.116784723112703,-0.9974073216852952,0.004530319122270476,80.87718743087623,-2.16492283620547e-07,0.0009667114895929807,-4.090443997816672e-06,-0.5365256502159834,-57.323815793204915,0.06385030217366054,0.00014205658792567388,0.0495072015641172,23409.2,0.06196267460043315,0.0121,index_dividend_yield,0.065,12.48,65,23270.3,23361.1,23231.4,23477.8,mid_price,ok
2026-09-11T08:19:00.891474+00:00,2026-09-11T13:49:00.891474+05:30,NIFTY,29-Sep-2026,22050.0,CE,23337.5,1195.7,650,1390.95,65,0.0,1293.325,1,0,0,0,31.11,0.8133895373003417,0.00016575972040772213,-14.450681899745376,13.904521780198879,-0.7084296509356491,0.005566255290716415,32.823640456595804,-9.84805792747168e-08,-0.0001415151367574534,1.5321251133559258e-06,-0.6409127875320983,12.53551261525701,-0.7922078090655074,0.00018568228839458372,0.0495072015641172,23409.2,0.06196267460043315,0.0121,index_dividend_yield,0.065,12.48,65,23270.3,23361.1,23231.4,23477.8,mid_price,wide_quote_low_liquidity
2026-09-11T08:19:00.891474+00:00,2026-09-11T13:49:00.891474+05:30,NIFTY,29-Sep-2026,22050.0,PE,23337.5,20.8,65,21,1625,21.3,20.9,1318,340,1369,43.91891891891892,17.62,-0.06248971879252018,0.0001343819571738949,-2.896864809324232,6.3844561156400115,-1.042967417711673,0.004628275562138094,83.07294728883008,-2.3078838523481896e-07,0.0009859289508353543,-4.042985634557884e-06,-0.5452209121258038,-57.92970945170202,0.06728019740335872,0.00015053324936610662,0.0495072015641172,23409.2,0.06196267460043315,0.0121,index_dividend_yield,0.065,12.48,65,23270.3,23361.1,23231.4,23477.8,mid_price,ok
2026-09-11T08:19:00.891474+00:00,2026-09-11T13:49:00.891474+05:30,NIFTY,29-Sep-2026,22100.0,CE,23337.5,1132.8,780,1342.15,65,0.0,1237.475,14,0,0,0,27.06,,,,,,,,,,,,,,,0.0495072015641172,,,,,,12.48,65,23270.3,23361.1,23231.4,23477.8,mid_price,no_price_available
2026-09-11T08:19:00.891474+00:00,2026-09-11T13:49:00.891474+05:30,NIFTY,29-Sep-2026,22100.0,PE,23337.5,21.85,325,22,260,21.9,21.925,2410,480,2504,42.671009771986974,17.29,-0.06630781462436122,0.0001434049773603342,-2.969462226270017,6.685536414180749,-1.0909510282326034,0.004732038499660654,85.17615679199109,-2.459445168748905e-07,0.0009976792011024826,-3.958773475829018e-06,-0.5543570351537301,-58.43946471586323,0.07121892800489305,0.00015991468237820368,0.0495072015641172,23409.2,0.06196267460043315,0.0121,index_dividend_yield,0.065,12.48,65,23270.3,23361.1,23231.4,23477.8,mid_price,ok
2026-09-11T08:19:00.891474+00:00,2026-09-11T13:49:00.891474+05:30,NIFTY,29-Sep-2026,22150.0,CE,23337.5,1244.9,65,1288.85,65,0.0,1266.875,1,0,0,0,30.44,0.8000735336707179,0.00017671860240989372,-14.668930668036,14.504539878447734,-0.71196781651367,0.005427298732441299,31.188031760713386,-1.0168486962932976e-07,-0.00020055980671560935,2.013148507647351e-06,-0.6374311207562542,13.091639848218765,-0.7785771585044122,0.0001961749131573728,0.0495072015641172,23409.2,0.06196267460043315,0.0121,index_dividend_yield,0.065,12.48,65,23270.3,23361.1,23231.4,23477.8,mid_price,ok
2026-09-11T08:19:00.891474+00:00,2026-09-11T13:49:00.891474+05:30,NIFTY,29-Sep-2026,22150.0,PE,23337.5,22.95,130,23.25,1365,23.45,23.1,748,-279,1051,41.265060240963855,16.99,-0.07078538387601327,0.00015348136908404926,-3.0610080824548382,7.031145472867256,-1.1411191146613457,0.004843190275167303,87.08413620088118,-2.617682967897421e-07,0.000997642063869117,-3.823164690828568e-06,-0.5640667574157616,-58.79289804847175,0.07584883719744698,0.00017037931400962886,0.0495072015641172,23409.2,0.06196267460043315,0.0121,index_dividend_yield,0.065,12.48,65,23270.3,23361.1,23231.4,23477.8,mid_price,ok
2026-09-11T08:19:00.891474+00:00,2026-09-11T13:49:00.891474+05:30,NIFTY,29-Sep-2026,22200.0,CE,23337.5,1196.4,195,1231.55,130,0.0,1213.975,1,0,0,0,21.3,0.8709373427844572,0.0001896604268097356,-9.13992132923635,10.892645431822162,-1.0694551871734959,0.005691495154896198,62.93724959495339,-2.0188236577243794e-07,0.00020545139056337097,-5.500533350056419e-07,-0.6342486547883794,16.038148210224694,-0.8584764910746813,0.00020959428499424276,0.0495072015641172,23409.2,0.06196267460043315,0.0121,index_dividend_yield,0.065,12.48,65,23270.3,23361.1,23231.4,23477.8,mid_price,ok
2026-09-11T08:19:00.891474+00:00,2026-09-11T13:49:00.891474+05:30,NIFTY,29-Sep-2026,22200.0,PE,23337.5,24.35,65,24.45,1040,24.45,24.4,5368,1577,7243,38.92045454545455,16.67,-0.07540537704389177,0.00016418194901748068,-3.1436079824865644,7.379688778215163,-1.1928977908909275,0.004944736800082228,88.97315978938236,-2.7884333890622225e-07,0.0009946347435921031,-3.6640975902081153e-06,-0.5729060464917444,-59.246699036424936,0.08060700231813128,0.00018143794565959328,0.0495072015641172,23409.2,0.06196267460043315,0.0121,index_dividend_yield,0.065,12.48,65,23270.3,23361.1,23231.4,23477.8,mid_price,ok
2026-09-11T08:19:00.891474+00:00,2026-09-11T13:49:00.891474+05:30,NIFTY,29-Sep-2026,22250.0,CE,23337.5,1151.75,65,1223.25,650,0.0,1187.5,6,0,0,0,25.01,0.8239449518090769,0.00019877456594777143,-11.836797793249618,13.40452859820032,-0.904970228516877,0.005619225629124869,43.816382359604944,-1.5082068668990942e-07,-0.0001450220664288228,1.4911884818316265e-06,-0.6411846773664696,15.128611488777967,-0.8070917829465795,0.000218680191264967,0.0495072015641172,23409.2,0.06196267460043315,0.0121,index_dividend_yield,0.065,12.48,65,23270.3,23361.1,23231.4,23477.8,mid_price,ok
2026-09-11T08:19:00.891474+00:00,2026-09-11T13:49:00.891474+05:30,NIFTY,29-Sep-2026,22250.0,PE,23337.5,26,195,26.45,1040,27,26.225,741,-113,697,45.945945945945944,16.39,-0.08092166692542993,0.00017617306303129772,-3.2515233386215416,7.785661161135428,-1.2460323964351705,0.005052659722389885,90.49190524710582,-2.962550382112771e-07,0.0009728371919014058,-3.430219135061346e-06,-0.5822709875214809,-59.47932911184831,0.0863038240982823,0.00019381533515481033,0.0495072015641172,23409.2,0.06196267460043315,0.0121,index_dividend_yield,0.065,12.48,65,23270.3,23361.1,23231.4,23477.8,mid_price,ok
2026-09-11T08:19:00.891474+00:00,2026-09-11T13:49:00.891474+05:30,NIFTY,29-Sep-2026,22300.0,CE,23337.5,1115.75,390,1135.8,130,1111.45,1125.775,22,-8,30,-17.67037037037037,0,,,,,,,,,,,,,,,0.0495072015641172,23409.2,0.06196267460043315,0.0121,index_dividend_yield,0.065,12.48,65,23270.3,23361.1,23231.4,23477.8,mid_price,no_nse_iv
2026-09-11T08:19:00.891474+00:00,2026-09-11T13:49:00.891474+05:30,NIFTY,29-Sep-2026,22300.0,PE,23337.5,27.95,65,28.1,195,28.15,28.025,4547,237,12410,44.35897435897436,16.13,-0.08718082648083776,0.0001893112606804073,-3.3738215293914546,8.233563799321146,-1.2996332159077792,0.005157726323318318,91.64596943273561,-3.1404764976330494e-07,0.0009336068777106142,-3.1258946306996892e-06,-0.5914196166140595,-59.58952426531398,0.09276797444748343,0.00020733631876326827,0.0495072015641172,23409.2,0.06196267460043315,0.0121,index_dividend_yield,0.065,12.48,65,23270.3,23361.1,23231.4,23477.8,mid_price,ok
2026-09-11T08:19:00.891474+00:00,2026-09-11T13:49:00.891474+05:30,NIFTY,29-Sep-2026,22350.0,CE,23337.5,1051.95,65,1094,65,0.0,1072.975,2,0,0,0,18.26,0.8741823366124547,0.00021733064294341388,-8.166337885125856,10.700369581171163,-1.250724881420029,0.005614273337715248,74.6188833099719,-2.715975733096982e-07,0.0003254006705401025,-7.493479964785056e-07,-0.6289097732418778,18.45664308184367,-0.8633499121353314,0.00023695974389003545,0.0495072015641172,23409.2,0.06196267460043315,0.0121,index_dividend_yield,0.065,12.48,65,23270.3,23361.1,23231.4,23477.8,mid_price,ok
2026-09-11T08:19:00.891474+00:00,2026-09-11T13:49:00.891474+05:30,NIFTY,29-Sep-2026,22350.0,PE,23337.5,29.95,520,30.5,455,30.7,30.225,391,-3,771,48.6682808716707,15.82,-0.09331490404027133,0.0002030192301112671,-3.4687537999422235,8.660055907808939,-1.354712442159428,0.0052409026124709684,92.87721087415245,-3.337576385847483e-07,0.0008941220176805141,-2.8071728622130843e-06,-0.5988170201874556,-59.961377979964496,0.09906288864139876,0.00022135573760044362,0.0495072015641172,23409.2,0.06196267460043315,0.0121,index_dividend_yield,0.065,12.48,65,23270.3,23361.1,23231.4,23477.8,mid_price,ok
2026-09-11T08:19:00.891474+00:00,2026-09-11T13:49:00.891474+05:30,NIFTY,29-Sep-2026,22400.0,CE,23337.5,924.1,1105,1039.7,130,0.0,981.9000000000001,3,0,0,0,24.45,0.7959718132609893,0.00022271465449507944,-12.421753550666427,14.682658502380809,-0.895814755481783,0.005335342430047962,38.562807431756774,-1.5447658428385526e-07,-0.00032595036504503693,2.70336512058774e-06,-0.6343096024698376,16.23465934213796,-0.77820419744015,0.0002417471815809285,0.0495072015641172,23409.2,0.06196267460043315,0.0121,index_dividend_yield,0.065,12.48,65,23270.3,23361.1,23231.4,23477.8,mid_price,ok
2026-09-11T08:19:00.891474+00:00,2026-09-11T13:49:00.891474+05:30,NIFTY,29-Sep-2026,22400.0,PE,23337.5,32.5,325,32.6,195,32.6,32.55,3460,565,12372,42.669584245076585,15.62,-0.1015476207829299,0.00021877447963090444,-3.6318592712577233,9.21413835544305,-1.4060076801860193,0.0053342191605249695,92.90132064270384,-3.5108860107481335e-07,0.000805280840388288,-2.316035032723612e-06,-0.6072874837036206,-59.70206019957033,0.10756975468255472,0.00023747029117823,0.0495072015641172,23409.2,0.06196267460043315,0.0121,index_dividend_yield,0.065,12.48,65,23270.3,23361.1,23231.4,23477.8,mid_price,ok
2026-09-11T08:19:00.891474+00:00,2026-09-11T13:49:00.891474+05:30,NIFTY,29-Sep-2026,22450.0,CE,23337.5,861.3,650,998.05,65,0.0,929.675,2,0,0,0,17.21,0.8638226264130788,0.00024362313672991745,-8.125754849050633,11.305152913579269,-1.343141587257568,0.0056018635874411915,76.72260221324211,-3.0885116346377023e-07,0.00023782096861323185,-1.1326125767783537e-07,-0.6307565133140205,19.999899340648195,-0.8530727146368977,0.0002632658344468062,0.0495072015641172,23409.2,0.06196267460043315,0.0121,index_dividend_yield,0.065,12.48,65,23270.3,23361.1,23231.4,23477.8,mid_price,ok
2026-09-11T08:19:00.891474+00:00,2026-09-11T13:49:00.891474+05:30,NIFTY,29-Sep-2026,22450.0,PE,23337.5,35.3,65,35.55,390,36,35.425,718,83,1587,46.34146341463415,15.38,-0.10992012686334551,0.00023528557763301527,-3.772901952949434,9.757278080344152,-1.4567758737522793,0.005400919310335248,92.78858439659032,-3.6965705067691155e-07,0.0007077778336345164,-1.785673566591416e-06,-0.613860818533098,-59.64383634659981,0.11618131928563064,0.00025425603971893963,0.0495072015641172,23409.2,0.06196267460043315,0.0121,index_dividend_yield,0.065,12.48,65,23270.3,23361.1,23231.4,23477.8,mid_price,ok
2026-09-11T08:19:00.891474+00:00,2026-09-11T13:49:00.891474+05:30,NIFTY,29-Sep-2026,22500.0,CE,23337.5,934.9,65,938.15,65,934.5,936.525,8732,446,1964,-6.950114507617246,0,,,,,,,,,,,,,,,0.0495072015641172,23409.2,0.06196267460043315,0.0121,index_dividend_yield,0.065,12.48,65,23270.3,23361.1,23231.4,23477.8,mid_price,no_nse_iv
2026-09-11T08:19:00.891474+00:00,2026-09-11T13:49:00.891474+05:30,NIFTY,29-Sep-2026,22500.0,PE,23337.5,38.65,585,38.85,650,38.7,38.75,47018,10926,58516,40.98360655737705,15.19,-0.11978626786339594,0.00025324977446484635,-3.9460822190858056,10.372510454049776,-1.5016204141571274,0.005451882039415101,91.67572625975495,-3.862183468000193e-07,0.0005711978437626046,-1.11925472597187e-06,-0.6197104323716918,-59.2805164957695,0.1263408611384781,0.00027245368922981355,0.0495072015641172,23409.2,0.06196267460043315,0.0121,index_dividend_yield,0.065,12.48,65,23270.3,23361.1,23231.4,23477.8,mid_price,ok
2026-09-11T08:19:00.891474+00:00,2026-09-11T13:49:00.891474+05:30,NIFTY,29-Sep-2026,22550.0,CE,23337.5,740.3,650,903.1,65,0.0,821.7,3,0,0,0,14.99,0.8690537168143302,0.00027222919910865743,-7.34336200047306,11.003057396125232,-1.542254336618698,0.005506054670193161,90.04709840555502,-4.0244056701386893e-07,0.00041191042038493447,-3.7289568213208935e-07,-0.6238501294964003,22.595866770805902,-0.8595992744059384,0.00029157499373523766,0.0495072015641172,23409.2,0.06196267460043315,0.0121,index_dividend_yield,0.065,12.48,65,23270.3,23361.1,23231.4,23477.8,mid_price,wide_quote_low_liquidity
2026-09-11T08:19:00.891474+00:00,2026-09-11T13:49:00.891474+05:30,NIFTY,29-Sep-2026,22550.0,PE,23337.5,42,1040,42.25,65,42.85,42.125,2215,1718,4352,45.74829931972789,14.95,-0.12972985797405467,0.0002720619353588788,-4.088755258279866,10.966953849569428,-1.545556123787012,0.005470091530536403,90.47417487501885,-4.042525902370425e-07,0.0004247271973043345,-4.151777224410138e-07,-0.6235154957121516,-59.1722588968415,0.13652930958537338,0.00029139584349362684,0.0495072015641172,23409.2,0.06196267460043315,0.0121,index_dividend_yield,0.065,12.48,65,23270.3,23361.1,23231.4,23477.8,mid_price,ok
2026-09-11T08:19:00.891474+00:00,2026-09-11T13:49:00.891474+05:30,NIFTY,29-Sep-2026,22600.0,CE,23337.5,841.5,390,852.95,780,841.85,847.225,23,8,21,-22.76605504587156,0,,,,,,,,,,,,,,,0.0495072015641172,23409.2,0.06196267460043315,0.0121,index_dividend_yield,0.065,12.48,65,23270.3,23361.1,23231.4,23477.8,mid_price,no_nse_iv
2026-09-11T08:19:00.891474+00:00,2026-09-11T13:49:00.891474+05:30,NIFTY,29-Sep-2026,22600.0,PE,23337.5,45.9,325,46.1,520,46,46.0,10402,3429,19258,37.93103448275862,14.76,-0.14133868153472842,0.00029223077064054247,-4.261847206620042,11.630257783036479,-1.5798183410563882,0.005460307562290462,88.10299394317411,-4.191515203595949e-07,0.00023396647914100373,4.3587111040930236e-07,-0.6261586824848333,-58.75563515963817,0.14843498369109082,0.00031161454948363154,0.0495072015641172,23409.2,0.06196267460043315,0.0121,index_dividend_yield,0.065,12.48,65,23270.3,23361.1,23231.4,23477.8,mid_price,ok
2026-09-11T08:19:00.891474+00:00,2026-09-11T13:49:00.891474+05:30,NIFTY,29-Sep-2026,22650.0,CE,23337.5,786.8,65,813.1,65,0.0,799.95,3,0,0,0,0,,,,,,,,,,,,,,,0.0495072015641172,23409.2,0.06196267460043315,0.0121,index_dividend_yield,0.065,12.48,65,23270.3,23361.1,23231.4,23477.8,mid_price,no_nse_iv
2026-09-11T08:19:00.891474+00:00,2026-09-11T13:49:00.891474+05:30,NIFTY,29-Sep-2026,22650.0,PE,23337.5,50.15,1300,50.55,65,52.65,50.349999999999994,2219,576,2502,42.10526315789474,14.55,-0.1536031549916306,0.0003134457684732824,-4.420321764386544,12.297092635172117,-1.6086324689320168,0.005412480289212984,85.26337944506857,-4.3363873214410494e-07,1.9150867025009843e-05,1.3626309557410283e-06,-0.6269713057335764,-58.4227117057507,0.16097447462080056,0.0003327627160796637,0.0495072015641172,23409.2,0.06196267460043315,0.0121,index_dividend_yield,0.065,12.48,65,23270.3,23361.1,23231.4,23477.8,mid_price,ok
2026-09-11T08:19:00.891474+00:00,2026-09-11T13:49:00.891474+05:30,NIFTY,29-Sep-2026,22700.0,CE,23337.5,754.1,65,761.65,260,755,757.875,146,117,168,-6.8246328520301125,0,,,,,,,,,,,,,,,0.0495072015641172,23409.2,0.06196267460043315,0.0121,index_dividend_yield,0.065,12.48,65,23270.3,23361.1,23231.4,23477.8,mid_price,no_nse_iv
2026-09-11T08:19:00.891474+00:00,2026-09-11T13:49:00.891474+05:30,NIFTY,29-Sep-2026,22700.0,PE,23337.5,55.4,1560,55.7,195,55.8,55.55,11659,944,22560,42.89372599231754,14.38,-0.1675524729467822,0.0003356798642142022,-4.600037739062727,13.015510802678081,-1.6236490207003351,0.0053210145258404395,81.23418200306354,-4.4387166052318245e-07,-0.00023916635095581939,2.425268293095766e-06,-0.6261772221623563,-57.83748948147616,0.17523627628591953,0.0003547988784873985,0.0495072015641172,23409.2,0.06196267460043315,0.0121,index_dividend_yield,0.065,12.48,65,23270.3,23361.1,23231.4,23477.8,mid_price,ok
2026-09-11T08:19:00.891474+00:00,2026-09-11T13:49:00.891474+05:30,NIFTY,29-Sep-2026,22750.0,CE,23337.5,703.25,130,718.05,65,712,710.65,6,3,6,-19.60252935862692,0,,,,,,,,,,,,,,,0.0495072015641172,23409.2,0.06196267460043315,0.0121,index_dividend_yield,0.065,12.48,65,23270.3,23361.1,23231.4,23477.8,mid_price,no_nse_iv
2026-09-11T08:19:00.891474+00:00,2026-09-11T13:49:00.891474+05:30,NIFTY,29-Sep-2026,22750.0,PE,23337.5,61.15,715,61.55,195,61.7,61.349999999999994,2327,443,2138,40.8675799086758,14.21,-0.18261285504883618,0.00035875902716969444,-4.773843613730806,13.74592454735337,-1.6271195322364873,0.0051798205412368625,76.46999941987342,-4.51374357299401e-07,-0.0005287974431176894,3.577503378882085e-06,-0.6235916097142109,-57.22413815750689,0.19060227703169072,0.00037752759167253503,0.0495072015641172,23409.2,0.06196267460043315,0.0121,index_dividend_yield,0.065,12.48,65,23270.3,23361.1,23231.4,23477.8,mid_price,ok
2026-09-11T08:19:00.891474+00:00,2026-09-11T13:49:00.891474+05:30,NIFTY,29-Sep-2026,22800.0,CE,23337.5,665.85,65,668.55,130,665.65,667.2,3356,3142,3963,-10.458703255313425,0,,,,,,,,,,,,,,,0.0495072015641172,23409.2,0.06196267460043315,0.0121,index_dividend_yield,0.065,12.48,65,23270.3,23361.1,23231.4,23477.8,mid_price,no_nse_iv
2026-09-11T08:19:00.891474+00:00,2026-09-11T13:49:00.891474+05:30,NIFTY,29-Sep-2026,22800.0,PE,23337.5,67.75,325,68,975,68,67.875,20529,2213,32240,38.35198372329603,14.02,-0.19851741345971602,0.00038274815721223745,-4.926991925224858,14.468988188850453,-1.6204260247247582,0.004986711819373046,71.2299320750569,-4.570152002385713e-07,-0.0008457021795249162,4.797494293410363e-06,-0.6193517977340726,-56.6898481848181,0.20678174411795744,0.0004010071131757388,0.0495072015641172,23409.2,0.06196267460043315,0.0121,index_dividend_yield,0.065,12.48,65,23270.3,23361.1,23231.4,23477.8,mid_price,ok
2026-09-11T08:19:00.891474+00:00,2026-09-11T13:49:00.891474+05:30,NIFTY,29-Sep-2026,22850.0,CE,23337.5,620.2,65,627.75,65,613.75,623.975,6,1,7,-61.055236524001394,7.53,0.92232249645001,0.0003695895535022626,-4.583266550505122,7.503980617612991,-2.701696238999629,0.0044106442378273325,199.8793605335747,-1.3444235911522918e-06,0.004938057468761099,-5.726729529273856e-06,-0.5313823045688917,38.39615036572691,-0.9174663442182667,0.0003855280134085356,0.0495072015641172,23409.2,0.06196267460043315,0.0121,index_dividend_yield,0.065,12.48,65,23270.3,23361.1,23231.4,23477.8,mid_price,ok
2026-09-11T08:19:00.891474+00:00,2026-09-11T13:49:00.891474+05:30,NIFTY,29-Sep-2026,22850.0,PE,23337.5,74.8,325,75.4,130,77.75,75.1,1608,-85,2789,40.85144927536232,13.92,-0.2170851179817324,0.00040640222519308525,-5.12469992801696,15.253599964578855,-1.584151829904165,0.004721575085113311,64.29924373459706,-4.521917439660438e-07,-0.0012063846076831733,6.146081685386867e-06,-0.613486503892549,-55.64555512498976,0.22570102758803062,0.00042392822264263297,0.0495072015641172,23409.2,0.06196267460043315,0.0121,index_dividend_yield,0.065,12.48,65,23270.3,23361.1,23231.4,23477.8,mid_price,ok
2026-09-11T08:19:00.891474+00:00,2026-09-11T13:49:00.891474+05:30,NIFTY,29-Sep-2026,22900.0,CE,23337.5,583.5,650,591.1,455,565.2,587.3,303,202,464,-11.542374207684482,7.5,0.9025437318228453,0.0004401490615802702,-4.808177954298241,8.900985298573477,-2.93127415719302,0.004625574349769956,197.78739020002865,-1.459772408667937e-06,0.0039136836247294715,-3.144597717172099e-06,-0.5560270007222758,40.90197114898219,-0.897299065028884,0.0004571276357926857,0.0495072015641172,23409.2,0.06196267460043315,0.0121,index_dividend_yield,0.065,12.48,65,23270.3,23361.1,23231.4,23477.8,mid_price,ok
2026-09-11T08:19:00.891474+00:00,2026-09-11T13:49:00.891474+05:30,NIFTY,29-Sep-2026,22900.0,PE,23337.5,83.65,65,83.95,195,83.95,83.80000000000001,11568,288,19660,37.96220213640098,13.8,-0.23655293550229295,0.00043028578354545923,-5.295577250523057,16.010803368253203,-1.5333859538340378,0.0043936957798171306,57.09037632098024,-4.440357562467172e-07,-0.0015837073674940488,7.518232305256931e-06,-0.6063604327010808,-54.68982237728848,0.24548022363181266,0.00044688388574802763,0.0495072015641172,23409.2,0.06196267460043315,0.0121,index_dividend_yield,0.065,12.48,65,23270.3,23361.1,23231.4,23477.8,mid_price,ok
2026-09-11T08:19:00.891474+00:00,2026-09-11T13:49:00.891474+05:30,NIFTY,29-Sep-2026,22950.0,CE,23337.5,542.8,130,547.45,65,533.7,545.125,108,97,128,-10.362781323480013,8.28,0.85496036129983,0.0005286319253348051,-5.5103504838369535,11.802140067436103,-2.8596335213375013,0.004793453022131411,157.4438268621545,-1.296684449862422e-06,0.0006687256776407007,2.892273190034612e-06,-0.5884783054877367,41.61990592740615,-0.8485070205507075,0.0005466340365257046,0.0495072015641172,23409.2,0.06196267460043315,0.0121,index_dividend_yield,0.065,12.48,65,23270.3,23361.1,23231.4,23477.8,mid_price,ok
2026-09-11T08:19:00.891474+00:00,2026-09-11T13:49:00.891474+05:30,NIFTY,29-Sep-2026,22950.0,PE,23337.5,92.4,325,92.85,130,93.55,92.625,2810,410,4315,40.149812734082396,13.63,-0.2565245374900118,0.00045498388438291863,-5.4188756407605805,16.72125654435629,-1.4726184716113144,0.004008139463275107,49.983200611730894,-4.3452500887197294e-07,-0.001978079377580545,8.897871726350345e-06,-0.5984583577142324,-53.96560816838252,0.26568957628387885,0.000470477974096742,0.0495072015641172,23409.2,0.06196267460043315,0.0121,index_dividend_yield,0.065,12.48,65,23270.3,23361.1,23231.4,23477.8,mid_price,ok
2026-09-11T08:19:00.891474+00:00,2026-09-11T13:49:00.891474+05:30,NIFTY,29-Sep-2026,23000.0,CE,23337.5,504.05,130,505.75,65,502.8,504.9,12500,1246,13909,-10.166160443094515,8.65,0.816136386810608,0.0005906719618637566,-5.978958849886679,13.776519260419,-2.709379412474233,0.00451554284115907,126.99485060359272,-1.1831234610572186e-06,-0.00138302252795236,7.344300846375755e-06,-0.5910906979511683,43.02422473040687,-0.8088647190033781,0.0006081340855614709,0.0495072015641172,23409.2,0.06196267460043315,0.0121,index_dividend_yield,0.065,12.48,65,23270.3,23361.1,23231.4,23477.8,mid_price,ok
2026-09-11T08:19:00.891474+00:00,2026-09-11T13:49:00.891474+05:30,NIFTY,29-Sep-2026,23000.0,PE,23337.5,103.55,325,103.9,845,103.95,103.725,97994.23076923077,6496.384615384615,99751,34.824902723735406,13.58,-0.2794794354364764,0.0004767930880638117,-5.592806989080019,17.458493315348598,-1.3708468606938584,0.0035307259230877848,41.56517380404701,-4.101160284225362e-07,-0.0023758923338656154,1.0281204767282454e-05,-0.5898455386450188,-52.62435260427662,0.2889692616053438,0.0004908885935550744,0.0495072015641172,23409.2,0.06196267460043315,0.0121,index_dividend_yield,0.065,12.48,65,23270.3,23361.1,23231.4,23477.8,mid_price,ok
2026-09-11T08:19:00.891474+00:00,2026-09-11T13:49:00.891474+05:30,NIFTY,29-Sep-2026,23050.0,CE,23337.5,465.5,65,469.25,65,450.95,467.375,122,114,174,-11.46559340335722,8.25,0.795441645639276,0.0006610700412309141,-5.976665132008269,14.70545493591991,-2.776400212899932,0.00412981866589468,119.25964444202464,-1.2680319817777783e-06,-0.0026512351922778157,1.0392913786337198e-05,-0.5826483197180963,46.75248034026884,-0.7881369936378765,0.0006776637870340296,0.0495072015641172,23409.2,0.06196267460043315,0.0121,index_dividend_yield,0.065,12.48,65,23270.3,23361.1,23231.4,23477.8,mid_price,ok
2026-09-11T08:19:00.891474+00:00,2026-09-11T13:49:00.891474+05:30,NIFTY,29-Sep-2026,23050.0,PE,23337.5,114,130,114.3,845,114,114.15,2419,760,4147,30.360205831903944,13.4,-0.3018747777666017,0.0005009320746759325,-5.665581986594066,18.09925416871697,-1.2711934151812543,0.0030104250701120105,34.226952603679806,-3.8957307374737004e-07,-0.0027910844543052376,1.163130877715251e-05,-0.581552155337377,-51.89768175372962,0.31152930808813567,0.0005135061424650613,0.0495072015641172,23409.2,0.06196267460043315,0.0121,index_dividend_yield,0.065,12.48,65,23270.3,23361.1,23231.4,23477.8,mid_price,ok
2026-09-11T08:19:00.891474+00:00,2026-09-11T13:49:00.891474+05:30,NIFTY,29-Sep-2026,23100.0,CE,23337.5,428.35,65,429.75,130,427.7,429.05,1048,728,2369,-12.16757367286169,8.95,0.7433606684690716,0.0006922156668776807,-6.585287884333971,16.704808441389492,-2.2833764320869254,0.003339410557218203,77.68475073886272,-9.7842084652127e-07,-0.00451518843798686,1.4508958021999504e-05,-0.5744419641687841,46.88478510266987,-0.7349853828110261,0.0007065227107763617,0.0495072015641172,23409.2,0.06196267460043315,0.0121,index_dividend_yield,0.065,12.48,65,23270.3,23361.1,23231.4,23477.8,mid_price,ok
2026-09-11T08:19:00.891474+00:00,2026-09-11T13:49:00.891474+05:30,NIFTY,29-Sep-2026,23100.0,PE,23337.5,126.3,65,126.65,130,127.5,126.475,12746,533,16086,33.437990580847725,13.28,-0.3263104499590414,0.0005226039327746084,-5.745940929795067,18.713188345901084,-1.1398962243250321,0.0024114504867537856,26.612458427988983,-3.5810024636870603e-07,-0.0031921851005987,1.2904054189962627e-05,-0.5737534586501809,-50.86147560515885,0.3361470055258626,0.0005334053603723903,0.0495072015641172,23409.2,0.06196267460043315,0.0121,index_dividend_yield,0.065,12.48,65,23270.3,23361.1,23231.4,23477.8,mid_price,ok
2026-09-11T08:19:00.891474+00:00,2026-09-11T13:49:00.891474+05:30,NIFTY,29-Sep-2026,23150.0,CE,23337.5,391.5,65,394.1,65,386.4,392.8,321,229,607,-11.649708471475934,9.08,0.7046381358249671,0.000731285783955233,-6.821662440578314,17.903997952310803,-1.9702401190512253,0.0025011369478931123,55.15085740960757,-8.432301955962739e-07,-0.005801512556851394,1.743346151421429e-05,-0.5641842040204246,48.870229482991746,-0.6958099112921652,0.0007431796379692063,0.0495072015641172,23409.2,0.06196267460043315,0.0121,index_dividend_yield,0.065,12.48,65,23270.3,23361.1,23231.4,23477.8,mid_price,ok
2026-09-11T08:19:00.891474+00:00,2026-09-11T13:49:00.891474+05:30,NIFTY,29-Sep-2026,23150.0,PE,23337.5,139.6,65,140.2,325,140.7,139.89999999999998,4369,432,3056,29.797047970479706,13.14,-0.35172288575447086,0.000543616447591034,-5.783816120085914,19.260386305727792,-0.9904845767619297,0.0017519049953629295,19.550742746421435,-3.213835963817883e-07,-0.003585461586218697,1.4083737192540106e-05,-0.5671429834491626,-49.89638831388376,0.36167777111550625,0.0005524579905405936,0.0495072015641172,23409.2,0.06196267460043315,0.0121,index_dividend_yield,0.065,12.48,65,23270.3,23361.1,23231.4,23477.8,mid_price,ok
2026-09-11T08:19:00.891474+00:00,2026-09-11T13:49:00.891474+05:30,NIFTY,29-Sep-2026,23200.0,CE,23337.5,357.05,65,358.2,65,356.65,357.625,6680,5359,21129,-12.553634914797106,9.24,0.6642163178517289,0.0007591903033855842,-7.028104911805125,18.91470898643142,-1.5948961666775174,0.001532675063597111,35.20856284427154,-6.851965260842095e-07,-0.0068037220557592,1.9702352280029064e-05,-0.5561237765775537,50.71218489824525,-0.6549775521533473,0.0007682159937416957,0.0495072015641172,23409.2,0.06196267460043315,0.0121,index_dividend_yield,0.065,12.48,65,23270.3,23361.1,23231.4,23477.8,mid_price,ok
2026-09-11T08:19:00.891474+00:00,2026-09-11T13:49:00.891474+05:30,NIFTY,29-Sep-2026,23200.0,PE,23337.5,154.7,130,155.25,130,154.95,154.975,21621,1496,29403,28.642590286425904,13.12,-0.3792957637599875,0.0005583379322797602,-5.855042543179844,19.751860469656393,-0.8047063683609412,0.0010210025768020436,12.817720946715738,-2.71143416960518e-07,-0.0038934935254664096,1.5009308145818503e-05,-0.5623859192875784,-48.39910103703629,0.3894270267692375,0.0005649757742916453,0.0495072015641172,23409.2,0.06196267460043315,0.0121,index_dividend_yield,0.065,12.48,65,23270.3,23361.1,23231.4,23477.8,mid_price,ok
2026-09-11T08:19:00.891474+00:00,2026-09-11T13:49:00.891474+05:30,NIFTY,29-Sep-2026,23250.0,CE,23337.5,325.65,65,326.6,65,325.3,326.125,8677,8489,16976,-13.044640470462443,9.37,0.623707403645933,0.0007794863879811962,-7.1662731613052015,19.693602444852825,-1.1956587652078854,0.0004845822613502859,19.634847721262005,-5.244382562992224e-07,-0.0075425276580545954,2.130265214781563e-05,-0.5519316375239107,52.652247525839456,-0.6141643198554856,0.0007853645300716232,0.0495072015641172,23409.2,0.06196267460043315,0.0121,index_dividend_yield,0.065,12.48,65,23270.3,23361.1,23231.4,23477.8,mid_price,ok
2026-09-11T08:19:00.891474+00:00,2026-09-11T13:49:00.891474+05:30,NIFTY,29-Sep-2026,23250.0,PE,23337.5,170.75,260,171.35,195,172.4,171.05,12573,10132,25337,27.561968183499815,13.02,-0.407034167089918,0.0005737254062096737,-5.843710955932226,20.14151371615766,-0.6124984446916337,0.00025300385953969107,7.460314180447014,-2.20061304255986e-07,-0.004194216971165217,1.5808998177376443e-05,-0.5599431615985679,-47.245588213328354,0.417213723363953,0.0005780518954346142,0.0495072015641172,23409.2,0.06196267460043315,0.0121,index_dividend_yield,0.065,12.48,65,23270.3,23361.1,23231.4,23477.8,mid_price,ok
2026-09-11T08:19:00.891474+00:00,2026-09-11T13:49:00.891474+05:30,NIFTY,29-Sep-2026,23300.0,CE,23337.5,291.65,325,292.6,65,291.8,292.125,14254,11822,50331,-14.06273008393462,9.39,0.5838958888500234,0.0007994025971755973,-7.18967321417769,20.239891835557966,-0.7965637704529516,-0.0006148309622634462,8.801571262447183,-3.7156572640784683e-07,-0.008166577095328436,2.2433328150208595e-05,-0.5524124582029977,55.13794234520277,-0.5742288625010438,0.0008019778521968108,0.0495072015641172,23409.2,0.06196267460043315,0.0121,index_dividend_yield,0.065,12.48,65,23270.3,23361.1,23231.4,23477.8,mid_price,ok
2026-09-11T08:19:00.891474+00:00,2026-09-11T13:49:00.891474+05:30,NIFTY,29-Sep-2026,23300.0,PE,23337.5,189.95,130,190.15,260,189.95,190.05,39335,5770,58580,26.887107548430194,12.95,-0.43574261336819414,0.0005852687162127216,-5.809634976550275,20.436292938054386,-0.40208298147856314,-0.0005531649668002458,3.3639369227032034,-1.6250275219063528e-07,-0.0044233658850404535,1.6350624633684773e-05,-0.5603411920278809,-45.96957304926068,0.44593810705633447,0.0005871541444131193,0.0495072015641172,23409.2,0.06196267460043315,0.0121,index_dividend_yield,0.065,12.48,65,23270.3,23361.1,23231.4,23477.8,mid_price,ok
2026-09-11T08:19:00.891474+00:00,2026-09-11T13:49:00.891474+05:30,NIFTY,29-Sep-2026,23350.0,CE,23337.5,263.1,130,263.95,130,263.95,263.525,3480,2910,9799,-13.274190898636439,9.52,0.543053472550762,0.0008017646135167859,-7.218576501931889,20.580734631494174,-0.36544594537041286,-0.0017315803074153813,2.067671656444503,-2.0437942885339424e-07,-0.008342253794746662,2.2607648565080556e-05,-0.5589453420299364,57.059827823688714,-0.533250589116227,0.0008009064229296047,0.0495072015641172,23409.2,0.06196267460043315,0.0121,index_dividend_yield,0.065,12.48,65,23270.3,23361.1,23231.4,23477.8,mid_price,ok
2026-09-11T08:19:00.891474+00:00,2026-09-11T13:49:00.891474+05:30,NIFTY,29-Sep-2026,23350.0,PE,23337.5,208.85,130,209.5,390,209.15,209.175,3596,-345,10125,24.75395168505816,12.88,-0.4650455252974307,0.000593882922255168,-5.734344519454501,20.62498968181866,-0.1800187145519494,-0.001382821414199431,0.8135655278813658,-1.0080606804664276e-07,-0.004587740489978432,1.6638237360791096e-05,-0.5638860857889725,-44.698736641206025,0.47519499907410034,0.0005932472434971199,0.0495072015641172,23409.2,0.06196267460043315,0.0121,index_dividend_yield,0.065,12.48,65,23270.3,23361.1,23231.4,23477.8,mid_price,ok
2026-09-11T08:19:00.891474+00:00,2026-09-11T13:49:00.891474+05:30,NIFTY,29-Sep-2026,23400.0,CE,23337.5,234.45,130,235.2,390,234.3,234.825,23032,5114,37380,-14.985486211901307,9.39,0.5028048947428466,0.0008176785981344006,-7.04512793821997,20.702617730994948,0.0556517233538667,-0.0028944043860557045,-0.02249944332355369,-4.5763093196269946e-08,-0.008709848697113103,2.270915300209254e-05,-0.5710365952337817,60.56121629284912,-0.49318168424353803,0.000813316490159897,0.0495072015641172,23409.2,0.06196267460043315,0.0121,index_dividend_yield,0.065,12.48,65,23270.3,23361.1,23231.4,23477.8,mid_price,ok
2026-09-11T08:19:00.891474+00:00,2026-09-11T13:49:00.891474+05:30,NIFTY,29-Sep-2026,23400.0,PE,23337.5,230.75,455,231,65,231,230.875,28715,1373,31788,23.167155425219942,12.88,-0.49476090451104715,0.0005960904875927335,-5.656796919712075,20.701656328733403,0.0503564192844419,-0.002212648660514349,-0.03239650069630784,-3.565039901895269e-08,-0.004629243589158202,1.6561992807808952e-05,-0.5707724228062148,-43.19594274873804,0.5048627095616589,0.0005929104959977638,0.0495072015641172,23409.2,0.06196267460043315,0.0121,index_dividend_yield,0.065,12.48,65,23270.3,23361.1,23231.4,23477.8,mid_price,ok
2026-09-11T08:19:00.891474+00:00,2026-09-11T13:49:00.891474+05:30,NIFTY,29-Sep-2026,23450.0,CE,23337.5,208.2,65,209,260,207,208.6,1783,-426,4770,-15.88785046728972,9.35,0.46193258557491046,0.000817514412235424,-6.864440857575592,20.610288388962026,0.4910897752506693,-0.004021498525155043,2.4195204317649655,1.2214697798984303e-07,-0.008648471162514375,2.1868407596947813e-05,-0.5895467573454525,63.68020739945389,-0.4524973485900866,0.0008096892727774705,0.0495072015641172,23409.2,0.06196267460043315,0.0121,index_dividend_yield,0.065,12.48,65,23270.3,23361.1,23231.4,23477.8,mid_price,ok
2026-09-11T08:19:00.891474+00:00,2026-09-11T13:49:00.891474+05:30,NIFTY,29-Sep-2026,23450.0,PE,23337.5,254,585,255,195,255,254.5,3339,-521,5106,23.06949806949807,12.88,-0.524440365989309,0.0005949882258309068,-5.538141029164106,20.6633758249297,0.2803880867386921,-0.0030300389667353707,0.9040769416088779,2.967484858672519e-08,-0.0045937159484199085,1.6210717064943565e-05,-0.5808400925418375,-41.73076027377125,0.5344313407744111,0.0005892930774967798,0.0495072015641172,23409.2,0.06196267460043315,0.0121,index_dividend_yield,0.065,12.48,65,23270.3,23361.1,23231.4,23477.8,mid_price,ok
2026-09-11T08:19:00.891474+00:00,2026-09-11T13:49:00.891474+05:30,NIFTY,29-Sep-2026,23500.0,CE,23337.5,183.25,195,183.6,715,183.25,183.425,45625,8758,96017,-16.912264792564045,9.43,0.4222871127064937,0.0007988381813402413,-6.701635351785363,20.31175956683503,0.8976587087877741,-0.005031661371640406,9.109061469972701,2.77576268866789e-07,-0.008113846368006192,2.0124881571555392e-05,-0.6126012187518022,66.01099769552384,-0.41301405476107317,0.0007878286163076291,0.0495072015641172,23409.2,0.06196267460043315,0.0121,index_dividend_yield,0.065,12.48,65,23270.3,23361.1,23231.4,23477.8,mid_price,ok
2026-09-11T08:19:00.891474+00:00,2026-09-11T13:49:00.891474+05:30,NIFTY,29-Sep-2026,23500.0,PE,23337.5,278.65,65,279,65,278.95,278.825,73182,1795,83489,22.105493543444954,12.78,-0.5544301108132418,0.0005951315523181727,-5.3200208334281545,20.507884835232318,0.5134468937170178,-0.0038482121905575313,3.6716038447615063,9.68773198612994e-08,-0.004550461550431747,1.5699136495996133e-05,-0.5942123914207365,-40.60029230133789,0.5641576728096156,0.0005869294662370923,0.0495072015641172,23409.2,0.06196267460043315,0.0121,index_dividend_yield,0.065,12.48,65,23270.3,23361.1,23231.4,23477.8,mid_price,ok
2026-09-11T08:19:00.891474+00:00,2026-09-11T13:49:00.891474+05:30,NIFTY,29-Sep-2026,23550.0,CE,23337.5,161.4,195,162.05,130,160.8,161.72500000000002,3096,8,4398,-16.94214876033058,9.59,0.3851446752579631,0.0007673700751208147,-6.544399446628224,19.842688122222803,1.2462487179327464,-0.0058914131858173735,18.859035366999066,4.059694985466048e-07,-0.007273119180049533,1.7809917439823904e-05,-0.6377720340368676,67.68666111530725,-0.37603061030072743,0.0007535840505637475,0.0495072015641172,23409.2,0.06196267460043315,0.0121,index_dividend_yield,0.065,12.48,65,23270.3,23361.1,23231.4,23477.8,mid_price,ok
2026-09-11T08:19:00.891474+00:00,2026-09-11T13:49:00.891474+05:30,NIFTY,29-Sep-2026,23550.0,PE,23337.5,306.4,65,307.6,260,308.1,307.0,2938,-966,2964,21.99564442684617,12.87,-0.5831138706153499,0.0005834949170720684,-5.176222223559574,20.248491037483383,0.7253845451221097,-0.004577579932715348,7.939176528253711,1.5700104292723742e-07,-0.004305218520165253,1.4733127062611256e-05,-0.6095410677091166,-38.94213858191124,0.5926909663293073,0.0005730122627225189,0.0495072015641172,23409.2,0.06196267460043315,0.0121,index_dividend_yield,0.065,12.48,65,23270.3,23361.1,23231.4,23477.8,mid_price,ok
2026-09-11T08:19:00.891474+00:00,2026-09-11T13:49:00.891474+05:30,NIFTY,29-Sep-2026,23600.0,CE,23337.5,140.9,65,141.15,65,141.05,141.025,21367,5812,35186,-18.041836141778035,9.49,0.3461661842166119,0.000748328931468838,-6.178906452334147,19.14854538631026,1.6175892946532489,-0.006769048604352346,33.19274015426643,5.537498401992848e-07,-0.006588795488931154,1.5298339137363877e-05,-0.6683637503247617,71.48881731964151,-0.3375274360820406,0.0007317743657541279,0.0495072015641172,23409.2,0.06196267460043315,0.0121,index_dividend_yield,0.065,12.48,65,23270.3,23361.1,23231.4,23477.8,mid_price,ok
2026-09-11T08:19:00.891474+00:00,2026-09-11T13:49:00.891474+05:30,NIFTY,29-Sep-2026,23600.0,PE,23337.5,336.95,65,338.05,455,337.5,337.5,24373,-2775,16973,20.29941186954197,12.97,-0.6108184595687842,0.0005688569252267313,-5.005531980524019,19.89390619017926,0.9194865517415107,-0.005245856732434828,13.484549722775796,2.1137575945062428e-07,-0.004000563863976061,1.3573028118597849e-05,-0.6264813842470645,-37.33753076232402,0.6202018044236904,0.0005562726471707574,0.0495072015641172,23409.2,0.06196267460043315,0.0121,index_dividend_yield,0.065,12.48,65,23270.3,23361.1,23231.4,23477.8,mid_price,ok
2026-09-11T08:19:00.891474+00:00,2026-09-11T13:49:00.891474+05:30,NIFTY,29-Sep-2026,23650.0,CE,23337.5,123.05,130,123.9,455,121.65,123.475,3865,87,7020,-18.08080808080808,9.46,0.30941002431582854,0.0007173539274156182,-5.818973522880347,18.297917149480835,1.9298524853886556,-0.007469477324312301,49.80947949451142,6.778135634896721e-07,-0.0056306149534102005,1.2307196794903537e-05,-0.6987560081948558,74.84222940506042,-0.3012420887222471,0.0006985216193194163,0.0495072015641172,23409.2,0.06196267460043315,0.0121,index_dividend_yield,0.065,12.48,65,23270.3,23361.1,23231.4,23477.8,mid_price,ok
2026-09-11T08:19:00.891474+00:00,2026-09-11T13:49:00.891474+05:30,NIFTY,29-Sep-2026,23650.0,PE,23337.5,366.95,65,368.95,130,370.55,367.95,3371,-449,1088,18.97575854872371,13.17,-0.6364120456078031,0.0005483908059023378,-4.869665368246698,19.473901994360677,1.0798718666987228,-0.005812981609157997,19.621421300090702,2.538003875640507e-07,-0.003611556754695125,1.2232883517516566e-05,-0.6434712241563822,-35.58477732377849,0.645650869872336,0.0005339941960572037,0.0495072015641172,23409.2,0.06196267460043315,0.0121,index_dividend_yield,0.065,12.48,65,23270.3,23361.1,23231.4,23477.8,mid_price,ok
2026-09-11T08:19:00.891474+00:00,2026-09-11T13:49:00.891474+05:30,NIFTY,29-Sep-2026,23700.0,CE,23337.5,106.25,65,106.6,195,106.45,106.425,25018,6730,38872,-18.42911877394636,9.5,0.27584699293992304,0.0006772238077223078,-5.478236780084906,17.34733888560719,2.165885704941195,-0.007976608386425776,66.89384109262164,7.686181497658067e-07,-0.004517318293979549,9.133230464324852e-06,-0.7260598577476536,77.58998883726571,-0.26812700418047003,0.0006566654808245438,0.0495072015641172,23409.2,0.06196267460043315,0.0121,index_dividend_yield,0.065,12.48,65,23270.3,23361.1,23231.4,23477.8,mid_price,ok
2026-09-11T08:19:00.891474+00:00,2026-09-11T13:49:00.891474+05:30,NIFTY,29-Sep-2026,23700.0,PE,23337.5,400,325,401.3,325,401,400.65,21320,-396,10244,17.320070216500877,13.04,-0.6647186691249061,0.0005376379825077592,-4.492671221194816,18.90360240063998,1.2716576910613564,-0.006430810031723966,28.16248552099765,3.114603848613103e-07,-0.0033221496696475452,1.086085876074005e-05,-0.6643921036955511,-34.63774133046029,0.6734486210610301,0.0005213170303040514,0.0495072015641172,23409.2,0.06196267460043315,0.0121,index_dividend_yield,0.065,12.48,65,23270.3,23361.1,23231.4,23477.8,mid_price,ok
2026-09-11T08:19:00.891474+00:00,2026-09-11T13:49:00.891474+05:30,NIFTY,29-Sep-2026,23750.0,CE,23337.5,92.3,130,92.7,130,92.15,92.5,4354,-221,7570,-17.42831541218638,9.56,0.24496911422679454,0.0006330494255632086,-5.132437741765445,16.318211262760066,2.338011148209487,-0.00831936193361446,83.76966428489041,8.333135073052243e-07,-0.0033720144541632023,5.9613074963950656e-06,-0.749331655404621,80.13298442218166,-0.23771045112149278,0.0006112502546099708,0.0495072015641172,23409.2,0.06196267460043315,0.0121,index_dividend_yield,0.065,12.48,65,23270.3,23361.1,23231.4,23477.8,mid_price,ok
2026-09-11T08:19:00.891474+00:00,2026-09-11T13:49:00.891474+05:30,NIFTY,29-Sep-2026,23750.0,PE,23337.5,434.5,65,437.8,65,438,436.15,3331,-122,906,16.877918612408273,13.43,-0.6853099210368304,0.0005085908600932181,-4.438850981638506,18.417115170051137,1.3565357014759805,-0.006785934194338927,34.07760403262472,3.269634653267375e-07,-0.002846004642389642,9.400119593390975e-06,-0.6789091033915149,-32.68414733475493,0.6940106495884925,0.0004910774422513766,0.0495072015641172,23409.2,0.06196267460043315,0.0121,index_dividend_yield,0.065,12.48,65,23270.3,23361.1,23231.4,23477.8,mid_price,ok
2026-09-11T08:19:00.891474+00:00,2026-09-11T13:49:00.891474+05:30,NIFTY,29-Sep-2026,23800.0,CE,23337.5,79.85,455,80.15,195,79.9,80.0,45484,239,50446,-18.302658486707568,9.66,0.21744110834887417,0.0005861773743628608,-4.805491000766819,15.268037493030077,2.44096335407136,-0.008501431548321503,98.92731481115469,8.679895829786524e-07,-0.0022697866716927953,2.9969806516489794e-06,-0.7667654247958087,82.21177000484481,-0.21062213193465973,0.0005636166302547228,0.0495072015641172,23409.2,0.06196267460043315,0.0121,index_dividend_yield,0.065,12.48,65,23270.3,23361.1,23231.4,23477.8,mid_price,ok
2026-09-11T08:19:00.891474+00:00,2026-09-11T13:49:00.891474+05:30,NIFTY,29-Sep-2026,23800.0,PE,23337.5,473.7,65,475.55,325,475.5,474.625,30456,-3018,8215,18.59334081556304,13.6,-0.7073291114227074,0.00048617200907090494,-4.222540387978769,17.828134405505274,1.4569295494781809,-0.007152446776781617,41.37162627376334,3.51439603746344e-07,-0.0024466430796872083,7.94940624529786e-06,-0.6951628696074259,-31.283734940531396,0.7157544914143779,0.00046746026281643723,0.0495072015641172,23409.2,0.06196267460043315,0.0121,index_dividend_yield,0.065,12.48,65,23270.3,23361.1,23231.4,23477.8,mid_price,ok
2026-09-11T08:19:00.891474+00:00,2026-09-11T13:49:00.891474+05:30,NIFTY,29-Sep-2026,23850.0,CE,23337.5,68.5,65,68.95,130,68.5,68.725,4099,354,6814,-19.030732860520093,9.67,0.19009387948728573,0.0005404690563258298,-4.4042904194913355,14.092055610655704,2.5220672318755355,-0.008571247227523698,114.87990655623825,9.025090513903489e-07,-0.0011827771260395346,-1.6265702851791207e-08,-0.7801225569011763,85.280387984614,-0.18382790604756263,0.0005174909144755517,0.0495072015641172,23409.2,0.06196267460043315,0.0121,index_dividend_yield,0.065,12.48,65,23270.3,23361.1,23231.4,23477.8,mid_price,ok
2026-09-11T08:19:00.891474+00:00,2026-09-11T13:49:00.891474+05:30,NIFTY,29-Sep-2026,23850.0,PE,23337.5,510.25,65,514.4,65,514.15,512.325,1650,-245,578,15.12539184952978,13.66,,,,,,,,,,,,,,,0.0495072015641172,,,,,,12.48,65,23270.3,23361.1,23231.4,23477.8,mid_price,no_price_available
2026-09-11T08:19:00.891474+00:00,2026-09-11T13:49:00.891474+05:30,NIFTY,29-Sep-2026,23900.0,CE,23337.5,58.85,390,59.1,520,58.85,58.975,28849,1423,31037,-19.383561643835616,9.75,0.16684898861173084,0.0004937440456206967,-4.058261714244885,12.980264045580586,2.5330446796741066,-0.008499160590156346,127.10751401490228,9.042371342466808e-07,-0.00022862224128791277,-2.5603471647836582e-06,-0.7854455909574352,87.5201327247154,-0.16106056484150033,0.00047077645169781056,0.0495072015641172,23409.2,0.06196267460043315,0.0121,index_dividend_yield,0.065,12.48,65,23270.3,23361.1,23231.4,23477.8,mid_price,ok
2026-09-11T08:19:00.891474+00:00,2026-09-11T13:49:00.891474+05:30,NIFTY,29-Sep-2026,23900.0,PE,23337.5,551.8,195,553.45,260,554.3,552.625,15653,-741,5213,14.053497942386832,14.05,,,,,,,,,,,,,,,0.0495072015641172,,,,,,12.48,65,23270.3,23361.1,23231.4,23477.8,mid_price,no_price_available
2026-09-11T08:19:00.891474+00:00,2026-09-11T13:49:00.891474+05:30,NIFTY,29-Sep-2026,23950.0,CE,23337.5,51.1,195,51.5,260,51.1,51.3,4062,-43,4101,-18.695306284805092,9.85,0.1463999708834721,0.00044841742027313574,-3.734315032651565,11.909560815232455,2.499664361616971,-0.008325374474072611,136.50726636435095,8.876607176109484e-07,0.0005878511073012266,-4.711974515268303e-06,-0.7840027983102207,89.46055273545419,-0.14106129777993648,0.00042577494575251533,0.0495072015641172,23409.2,0.06196267460043315,0.0121,index_dividend_yield,0.065,12.48,65,23270.3,23361.1,23231.4,23477.8,mid_price,ok
2026-09-11T08:19:00.891474+00:00,2026-09-11T13:49:00.891474+05:30,NIFTY,29-Sep-2026,23950.0,PE,23337.5,593.1,65,597.9,260,596.65,595.5,2113,-102,148,16.41951219512195,14.41,,,,,,,,,,,,,,,0.0495072015641172,,,,,,12.48,65,23270.3,23361.1,23231.4,23477.8,mid_price,no_price_available
2026-09-11T08:19:00.891474+00:00,2026-09-11T13:49:00.891474+05:30,NIFTY,29-Sep-2026,24000.0,CE,23337.5,44.45,65,44.6,2015,44.5,44.525000000000006,132129,4367,108153,-17.744916820702404,9.98,0.1288349323961931,0.00040559728488040036,-3.4438670617571363,10.914469220907963,2.4298888468865103,-0.008078105277907435,142.78178836854406,8.552564025975199e-07,0.001242450548038669,-6.419132286791297e-06,-0.7765095036207884,90.94985916551407,-0.12390110510083724,0.0003835139958597759,0.0495072015641172,23409.2,0.06196267460043315,0.0121,index_dividend_yield,0.065,12.48,65,23270.3,23361.1,23231.4,23477.8,mid_price,ok
2026-09-11T08:19:00.891474+00:00,2026-09-11T13:49:00.891474+05:30,NIFTY,29-Sep-2026,24000.0,PE,23337.5,635.55,390,638.35,390,640,636.95,94611.61538461539,-5119,17753,15.889542779538253,14.67,,,,,,,,,,,,,,,0.0495072015641172,,,,,,12.48,65,23270.3,23361.1,23231.4,23477.8,mid_price,no_price_available
2026-09-11T08:19:00.891474+00:00,2026-09-11T13:49:00.891474+05:30,NIFTY,29-Sep-2026,24050.0,CE,23337.5,38.5,130,38.8,1170,38.25,38.65,3314,-722,4595,-17.386609071274297,10.07,0.11228356359701841,0.00036486954690423965,-3.135222900545226,9.907044825405855,2.3426826922193498,-0.007758166986912812,147.70159806751158,8.205558836500224e-07,0.0018169958486457583,-7.92196679608566e-06,-0.7631138982961633,92.88571914596533,-0.10778405258796343,0.00034357069851851985,0.0495072015641172,23409.2,0.06196267460043315,0.0121,index_dividend_yield,0.065,12.48,65,23270.3,23361.1,23231.4,23477.8,mid_price,ok
2026-09-11T08:19:00.891474+00:00,2026-09-11T13:49:00.891474+05:30,NIFTY,29-Sep-2026,24050.0,PE,23337.5,679.55,130,687.05,715,697,683.3,1516,-98,193,15.655853314527503,14.84,,,,,,,,,,,,,,,0.0495072015641172,,,,,,12.48,65,23270.3,23361.1,23231.4,23477.8,mid_price,no_price_available
2026-09-11T08:19:00.891474+00:00,2026-09-11T13:49:00.891474+05:30,NIFTY,29-Sep-2026,24100.0,CE,23337.5,33.05,1300,33.2,650,33.1,33.125,28916,889,34637,-17.456359102244388,10.18,0.09804228520509652,0.0003271795546258034,-2.8569914471525144,8.980716252132252,2.234148482704791,-0.007396516139504274,149.94490765092382,7.769051676597615e-07,0.00224930961992029,-9.035949477044633e-06,-0.7447782426996721,94.49450632414674,-0.09393560700512965,0.0003068037994847879,0.0495072015641172,23409.2,0.06196267460043315,0.0121,index_dividend_yield,0.065,12.48,65,23270.3,23361.1,23231.4,23477.8,mid_price,ok
2026-09-11T08:19:00.891474+00:00,2026-09-11T13:49:00.891474+05:30,NIFTY,29-Sep-2026,24100.0,PE,23337.5,726.85,325,728.4,195,730.65,727.625,14686,-886,2386,12.286768095896727,15.78,,,,,,,,,,,,,,,0.0495072015641172,,,,,,12.48,65,23270.3,23361.1,23231.4,23477.8,mid_price,no_price_available
2026-09-11T08:19:00.891474+00:00,2026-09-11T13:49:00.891474+05:30,NIFTY,29-Sep-2026,24150.0,CE,23337.5,29,195,29.05,195,28.8,29.025,4330,265,5191,-17.12230215827338,10.35,0.08672996559840179,0.00029389248845915336,-2.6384129516386503,8.201737700966248,2.111776112881103,-0.007038757048283439,149.23093217141582,7.243982252346324e-07,0.002508357077871879,-9.695443923912219e-06,-0.724221917047208,95.21590096629356,-0.08293180050846624,0.00027444977426193957,0.0495072015641172,23409.2,0.06196267460043315,0.0121,index_dividend_yield,0.065,12.48,65,23270.3,23361.1,23231.4,23477.8,mid_price,ok
2026-09-11T08:19:00.891474+00:00,2026-09-11T13:49:00.891474+05:30,NIFTY,29-Sep-2026,24150.0,PE,23337.5,772.65,65,777.5,65,786.2,775.075,2484,-45,192,12.450833154544805,16.14,,,,,,,,,,,,,,,0.0495072015641172,,,,,,12.48,65,23270.3,23361.1,23231.4,23477.8,mid_price,no_price_available
2026-09-11T08:19:00.891474+00:00,2026-09-11T13:49:00.891474+05:30,NIFTY,29-Sep-2026,24200.0,CE,23337.5,25.75,585,25.85,390,25.65,25.8,53062,-1781,38093,-16.0392798690671,10.53,0.07696636614083188,0.0002640007536195034,-2.4409598539845363,7.495672063807785,1.9860993611156008,-0.006676821981370638,147.01304440451725,6.713746869943615e-07,0.0026711913619854367,-1.0106050238645344e-05,-0.7015216049601385,95.72030392531768,-0.07344782868583409,0.0002455178637055223,0.0495072015641172,23409.2,0.06196267460043315,0.0121,index_dividend_yield,0.065,12.48,65,23270.3,23361.1,23231.4,23477.8,mid_price,ok
2026-09-11T08:19:00.891474+00:00,2026-09-11T13:49:00.891474+05:30,NIFTY,29-Sep-2026,24200.0,PE,23337.5,817.45,130,820.35,65,820.25,818.9000000000001,28954,-1241,3177,11.50003398355196,16.39,,,,,,,,,,,,,,,0.0495072015641172,,,,,,12.48,65,23270.3,23361.1,23231.4,23477.8,mid_price,no_price_available
2026-09-11T08:19:00.891474+00:00,2026-09-11T13:49:00.891474+05:30,NIFTY,29-Sep-2026,24250.0,CE,23337.5,22.7,325,22.8,585,22.65,22.75,5760,403,8360,-16.266173752310536,10.7,0.06818587528347708,0.00023678415435047067,-2.2502658977618744,6.831458803490005,1.8600829616674808,-0.006305251824830757,143.83427077827804,6.202956702976968e-07,0.002772886615916054,-1.0351652789884752e-05,-0.6764950648288464,96.28375748093698,-0.06493858969022626,0.00021929958608612438,0.0495072015641172,23409.2,0.06196267460043315,0.0121,index_dividend_yield,0.065,12.48,65,23270.3,23361.1,23231.4,23477.8,mid_price,ok
2026-09-11T08:19:00.891474+00:00,2026-09-11T13:49:00.891474+05:30,NIFTY,29-Sep-2026,24250.0,PE,23337.5,864.55,65,868.85,65,867.45,866.7,2582,-78,243,9.030920060331825,17.47,,,,,,,,,,,,,,,0.0495072015641172,,,,,,12.48,65,23270.3,23361.1,23231.4,23477.8,mid_price,no_price_available
2026-09-11T08:19:00.891474+00:00,2026-09-11T13:49:00.891474+05:30,NIFTY,29-Sep-2026,24300.0,CE,23337.5,20.4,455,20.5,1105,20.35,20.45,67613,-2649,32000,-14.675052410901468,10.93,0.061502202048893236,0.0002139581235181306,-2.1123764676798604,6.3055936819305405,1.7400507942815988,-0.005983530148109158,139.32738747139962,5.690590403379774e-07,0.002770401167869244,-1.0340446303741074e-05,-0.6534958691325157,95.9710770986806,-0.05845070013284375,0.00019734444000104494,0.0495072015641172,23409.2,0.06196267460043315,0.0121,index_dividend_yield,0.065,12.48,65,23270.3,23361.1,23231.4,23477.8,mid_price,ok
2026-09-11T08:19:00.891474+00:00,2026-09-11T13:49:00.891474+05:30,NIFTY,29-Sep-2026,24300.0,PE,23337.5,911.5,65,915,390,915,913.25,49616,-1034,2695,10.15469812797207,17.52,,,,,,,,,,,,,,,0.0495072015641172,,,,,,12.48,65,23270.3,23361.1,23231.4,23477.8,mid_price,no_price_available
2026-09-11T08:19:00.891474+00:00,2026-09-11T13:49:00.891474+05:30,NIFTY,29-Sep-2026,24350.0,CE,23337.5,18.1,1430,18.15,195,18.15,18.125,7053,-128,4816,-14.184397163120567,11.12,0.05495607370516907,0.00019250671124227536,-1.9594972370731247,5.772018335023029,1.622297443455066,-0.005640268728834365,134.64172862859724,5.224709686850456e-07,0.0027596540064125483,-1.0289286880914609e-05,-0.6277465741816046,96.13311849067989,-0.052123043347011046,0.00017683026813247504,0.0495072015641172,23409.2,0.06196267460043315,0.0121,index_dividend_yield,0.065,12.48,65,23270.3,23361.1,23231.4,23477.8,mid_price,ok
2026-09-11T08:19:00.891474+00:00,2026-09-11T13:49:00.891474+05:30,NIFTY,29-Sep-2026,24350.0,PE,23337.5,959.6,65,964.4,65,963.1,962.0,4950,-114,220,11.097012342830777,18.45,,,,,,,,,,,,,,,0.0495072015641172,,,,,,12.48,65,23270.3,23361.1,23231.4,23477.8,mid_price,no_price_available
2026-09-11T08:19:00.891474+00:00,2026-09-11T13:49:00.891474+05:30,NIFTY,29-Sep-2026,24400.0,CE,23337.5,16.3,260,16.45,715,16.3,16.375,44141,327,16999,-13.984168865435356,11.31,0.049183198573146895,0.0001732992911219149,-1.8181247439878847,5.2848958282058485,1.509620202896727,-0.005308095651511295,129.54167024394712,4.788403891724325e-07,0.002715840644344856,-1.014439193770247e-05,-0.6016577521912101,96.23637370506489,-0.04655269997432271,0.0001585352330867712,0.0495072015641172,23409.2,0.06196267460043315,0.0121,index_dividend_yield,0.065,12.48,65,23270.3,23361.1,23231.4,23477.8,mid_price,ok
2026-09-11T08:19:00.891474+00:00,2026-09-11T13:49:00.891474+05:30,NIFTY,29-Sep-2026,24400.0,PE,23337.5,1004.65,65,1010.45,65,1008.65,1007.55,30151,-608,1402,9.244016029459548,18.35,,,,,,,,,,,,,,,0.0495072015641172,,,,,,12.48,65,23270.3,23361.1,23231.4,23477.8,mid_price,no_price_available
2026-09-11T08:19:00.891474+00:00,2026-09-11T13:49:00.891474+05:30,NIFTY,29-Sep-2026,24450.0,CE,23337.5,14.75,975,14.8,65,14.65,14.775,3773,-37,1757,-13.056379821958457,11.53,0.044509269098866516,0.00015690786395236315,-1.7049014818951636,4.878104027759456,1.406157709855412,-0.005014577447571361,124.15155248220478,4.3809532924635046e-07,0.0026327692606464997,-9.902610841775627e-06,-0.5776615923356223,95.8974010812362,-0.04204103616964309,0.00014295378056304356,0.0495072015641172,23409.2,0.06196267460043315,0.0121,index_dividend_yield,0.065,12.48,65,23270.3,23361.1,23231.4,23477.8,mid_price,ok
2026-09-11T08:19:00.891474+00:00,2026-09-11T13:49:00.891474+05:30,NIFTY,29-Sep-2026,24450.0,PE,23337.5,1055.6,65,1064.7,65,1062.4,1060.15,1337,-4,34,9.025604186977269,19.12,,,,,,,,,,,,,,,0.0495072015641172,,,,,,12.48,65,23270.3,23361.1,23231.4,23477.8,mid_price,no_price_available
2026-09-11T08:19:00.891474+00:00,2026-09-11T13:49:00.891474+05:30,NIFTY,29-Sep-2026,24500.0,CE,23337.5,13.6,910,13.7,1820,13.6,13.649999999999999,91455,-1985,49521,-12.540192926045016,11.79,0.04089440005100815,0.00014329179064535196,-1.622584424475355,4.555249352326262,1.3141839774951993,-0.004769728049859451,118.74711545681072,4.0075909244448587e-07,0.002520162161148668,-9.595100580866571e-06,-0.5569739478516533,95.01436255497542,-0.038544022348776505,0.00013001630009444143,0.0495072015641172,23409.2,0.06196267460043315,0.0121,index_dividend_yield,0.065,12.48,65,23270.3,23361.1,23231.4,23477.8,mid_price,ok
2026-09-11T08:19:00.891474+00:00,2026-09-11T13:49:00.891474+05:30,NIFTY,29-Sep-2026,24500.0,PE,23337.5,1100.95,65,1105.95,65,1111.6,1103.45,48413,-1012,4119,9.103400893163862,19.12,,,,,,,,,,,,,,,0.0495072015641172,,,,,,12.48,65,23270.3,23361.1,23231.4,23477.8,mid_price,no_price_available
2026-09-11T08:19:00.891474+00:00,2026-09-11T13:49:00.891474+05:30,NIFTY,29-Sep-2026,24550.0,CE,23337.5,12.25,1820,12.4,195,12.35,12.325,3009,-401,1870,-11.469534050179211,12.01,0.03718524538102138,0.00013018841901742858,-1.5251591031461187,4.215920381364698,1.2240375378146373,-0.004505936553591695,113.3935706021778,3.668225973539193e-07,0.0024177543998915693,-9.29036218167567e-06,-0.5340330373263633,94.60937250296145,-0.034975075299469256,0.00011764623199682929,0.0495072015641172,23409.2,0.06196267460043315,0.0121,index_dividend_yield,0.065,12.48,65,23270.3,23361.1,23231.4,23477.8,mid_price,ok
2026-09-11T08:19:00.891474+00:00,2026-09-11T13:49:00.891474+05:30,NIFTY,29-Sep-2026,24550.0,PE,23337.5,1145.15,65,1173.85,65,1154.2,1159.5,824,-12,32,6.969416126042632,19.77,,,,,,,,,,,,,,,0.0495072015641172,,,,,,12.48,65,23270.3,23361.1,23231.4,23477.8,mid_price,no_price_available
2026-09-11T08:19:00.891474+00:00,2026-09-11T13:49:00.891474+05:30,NIFTY,29-Sep-2026,24600.0,CE,23337.5,11.25,780,11.35,325,11.3,11.3,24874,-907,11591,-10.317460317460318,12.23,0.0338864982973008,0.00011847127576895289,-1.435182043888922,3.9067584695274333,1.1401285233606437,-0.0042569631218448215,108.1177478624935,3.358503147793743e-07,0.0023100564621992043,-8.96575859028448e-06,-0.5117444375038533,94.17330451135729,-0.03180604032978494,0.00010662315099617395,0.0495072015641172,23409.2,0.06196267460043315,0.0121,index_dividend_yield,0.065,12.48,65,23270.3,23361.1,23231.4,23477.8,mid_price,ok
2026-09-11T08:19:00.891474+00:00,2026-09-11T13:49:00.891474+05:30,NIFTY,29-Sep-2026,24600.0,PE,23337.5,1200.05,65,1204.45,65,1213.85,1202.25,10500,-220,1172,9.672027466570293,20.03,,,,,,,,,,,,,,,0.0495072015641172,,,,,,12.48,65,23270.3,23361.1,23231.4,23477.8,mid_price,no_price_available
2026-09-11T08:19:00.891474+00:00,2026-09-11T13:49:00.891474+05:30,NIFTY,29-Sep-2026,24650.0,CE,23337.5,10.55,65,10.7,845,10.4,10.625,2631,-162,2087,-12.236286919831224,12.54,0.03190862835670243,0.00010995482183978714,-1.3965106264347555,3.71782424945904,1.0739490852873113,-0.0040963820511096885,103.34436704487437,3.085754476708035e-07,0.002179673045468432,-8.617695299566785e-06,-0.49702278311567966,92.64870336179153,-0.029883573012561625,9.855736728599625e-05,0.0495072015641172,23409.2,0.06196267460043315,0.0121,index_dividend_yield,0.065,12.48,65,23270.3,23361.1,23231.4,23477.8,mid_price,ok
2026-09-11T08:19:00.891474+00:00,2026-09-11T13:49:00.891474+05:30,NIFTY,29-Sep-2026,24650.0,PE,23337.5,1250.85,65,1270.35,715,1267.15,1260.6,577,-2,9,7.185755371341567,19.24,,,,,,,,,,,,,,,0.0495072015641172,,,,,,12.48,65,23270.3,23361.1,23231.4,23477.8,mid_price,no_price_available
2026-09-11T08:19:00.891474+00:00,2026-09-11T13:49:00.891474+05:30,NIFTY,29-Sep-2026,24700.0,CE,23337.5,9.9,4225,10.05,2470,10,9.975000000000001,24336,-1700,16376,-9.502262443438914,12.78,0.02942043670851467,0.00010087495550013376,-1.3274036825329547,3.4760919028704604,1.0043657212699275,-0.003891010533596535,98.5220619150775,2.8333312201820367e-07,0.0020698286815899656,-8.286896741846735e-06,-0.47783434597599816,91.95110279618034,-0.027495240308754748,9.005298469342273e-05,0.0495072015641172,23409.2,0.06196267460043315,0.0121,index_dividend_yield,0.065,12.48,65,23270.3,23361.1,23231.4,23477.8,mid_price,ok
2026-09-11T08:19:00.891474+00:00,2026-09-11T13:49:00.891474+05:30,NIFTY,29-Sep-2026,24700.0,PE,23337.5,1298.05,65,1303.35,65,1303,1300.6999999999998,3713,-85,197,7.348821881693854,20.05,,,,,,,,,,,,,,,0.0495072015641172,,,,,,12.48,65,23270.3,23361.1,23231.4,23477.8,mid_price,no_price_available
2026-09-11T08:19:00.891474+00:00,2026-09-11T13:49:00.891474+05:30,NIFTY,29-Sep-2026,24750.0,CE,23337.5,9.2,3185,9.35,910,9.2,9.274999999999999,4168,171,5359,-11.11111111111111,13.03,0.027281971430944345,9.291724467952881e-05,-1.2680177535647827,3.2645083122731133,0.9413050215946253,-0.0037062892840560237,93.94679512943837,2.6056344082326545e-07,0.0019609485444832763,-7.959102821297805e-06,-0.46020515660151246,91.1298055129363,-0.025442680719863938,8.261417653549177e-05,0.0495072015641172,23409.2,0.06196267460043315,0.0121,index_dividend_yield,0.065,12.48,65,23270.3,23361.1,23231.4,23477.8,mid_price,ok
2026-09-11T08:19:00.891474+00:00,2026-09-11T13:49:00.891474+05:30,NIFTY,29-Sep-2026,24750.0,PE,23337.5,1341.4,65,1372,585,1364.35,1356.7,455,0,20,7.306618427779307,21.87,,,,,,,,,,,,,,,0.0495072015641172,,,,,,12.48,65,23270.3,23361.1,23231.4,23477.8,mid_price,no_price_available
2026-09-11T08:19:00.891474+00:00,2026-09-11T13:49:00.891474+05:30,NIFTY,29-Sep-2026,24800.0,CE,23337.5,8.55,1560,8.65,2730,8.65,8.600000000000001,16400,-4765,16673,-6.989247311827957,13.26,0.025180426577606958,8.538694645190879e-05,-1.204132102269891,3.052896261368963,0.8805694057222625,-0.0035179649751233347,89.4649950550066,2.396481006587624e-07,0.0018583596871252803,-7.635464916033464e-06,-0.4418698221113489,90.52168580200455,-0.0234337262297672,7.561305463643815e-05,0.0495072015641172,23409.2,0.06196267460043315,0.0121,index_dividend_yield,0.065,12.48,65,23270.3,23361.1,23231.4,23477.8,mid_price,ok
2026-09-11T08:19:00.891474+00:00,2026-09-11T13:49:00.891474+05:30,NIFTY,29-Sep-2026,24800.0,PE,23337.5,1395.2,65,1401.3,65,1410.85,1398.25,5435,-3,217,7.673815156834313,22.49,,,,,,,,,,,,,,,0.0495072015641172,,,,,,12.48,65,23270.3,23361.1,23231.4,23477.8,mid_price,no_price_available
2026-09-11T08:19:00.891474+00:00,2026-09-11T13:49:00.891474+05:30,NIFTY,29-Sep-2026,24850.0,CE,23337.5,7.9,195,8,845,7.85,7.95,3971,-213,2284,-9.248554913294798,13.48,0.023206610251842546,7.842754777454775e-05,-1.140668232055249,2.8505953229479206,0.8231452008571252,-0.0033339249856878528,85.11514750516724,2.2048043693930156e-07,0.0017599708005702572,-7.31563986700543e-06,-0.42358955721813096,90.0082855902469,-0.021552000713509545,6.91710728593684e-05,0.0495072015641172,23409.2,0.06196267460043315,0.0121,index_dividend_yield,0.065,12.48,65,23270.3,23361.1,23231.4,23477.8,mid_price,ok
2026-09-11T08:19:00.891474+00:00,2026-09-11T13:49:00.891474+05:30,NIFTY,29-Sep-2026,24850.0,PE,23337.5,1405.3,195,1468.5,715,1470,1436.9,214,-3,14,6.48701510377051,22.95,,,,,,,,,,,,,,,0.0495072015641172,,,,,,12.48,65,23270.3,23361.1,23231.4,23477.8,mid_price,no_price_available
2026-09-11T08:19:00.891474+00:00,2026-09-11T13:49:00.891474+05:30,NIFTY,29-Sep-2026,24900.0,CE,23337.5,7.55,975,7.65,520,7.55,7.6,7885,-2138,6567,-9.580838323353293,13.78,0.022049006425656586,7.348121779705609e-05,-1.1145671079673893,2.7302511761653245,0.7797076157048336,-0.0032199484972450405,81.49578837750116,2.042696409729667e-07,0.0016601326029107423,-7.025630944587532e-06,-0.41207800437205533,88.64600054674509,-0.020432286275342666,6.454852355753398e-05,0.0495072015641172,23409.2,0.06196267460043315,0.0121,index_dividend_yield,0.065,12.48,65,23270.3,23361.1,23231.4,23477.8,mid_price,ok
2026-09-11T08:19:00.891474+00:00,2026-09-11T13:49:00.891474+05:30,NIFTY,29-Sep-2026,24900.0,PE,23337.5,1494.3,65,1499.55,65,1496.9,1496.925,1180,-4,46,6.567472324066493,23.25,,,,,,,,,,,,,,,0.0495072015641172,,,,,,12.48,65,23270.3,23361.1,23231.4,23477.8,mid_price,no_price_available
2026-09-11T08:19:00.891474+00:00,2026-09-11T13:49:00.891474+05:30,NIFTY,29-Sep-2026,24950.0,CE,23337.5,7.25,65,7.3,910,7.25,7.275,1412,-306,1215,-12.121212121212121,14.05,0.02077259772250578,6.852586226845753e-05,-1.0785111585379512,2.596019039729754,0.7361992734293051,-0.0030923523999626633,77.89972292816527,1.8917170005553475e-07,0.0015685689652592408,-6.741994134239849e-06,-0.3990261013737042,87.61573664696743,-0.019208315404764472,5.995453942069445e-05,0.0495072015641172,23409.2,0.06196267460043315,0.0121,index_dividend_yield,0.065,12.48,65,23270.3,23361.1,23231.4,23477.8,mid_price,ok
2026-09-11T08:19:00.891474+00:00,2026-09-11T13:49:00.891474+05:30,NIFTY,29-Sep-2026,24950.0,PE,23337.5,1538.5,130,1567.6,715,1562.45,1553.05,77,-2,4,12.812274368231048,20.73,,,,,,,,,,,,,,,0.0495072015641172,,,,,,12.48,65,23270.3,23361.1,23231.4,23477.8,mid_price,no_price_available
2026-09-11T08:19:00.891474+00:00,2026-09-11T13:49:00.891474+05:30,NIFTY,29-Sep-2026,25000.0,CE,23337.5,6.85,4290,6.9,195,6.9,6.875,86943,-3159,28076,-12.658227848101266,14.33,0.01968015356460704,6.417886830030429e-05,-1.0488836216875188,2.4797921745126836,0.697157149151523,-0.002979932577818766,74.57773534936041,1.756248576351031e-07,0.0014822742591143851,-6.475034208954492e-06,-0.38737523096779425,86.50025066346487,-0.018159037570882004,5.5926893816704854e-05,0.0495072015641172,23409.2,0.06196267460043315,0.0121,index_dividend_yield,0.065,12.48,65,23270.3,23361.1,23231.4,23477.8,mid_price,ok
2026-09-11T08:19:00.891474+00:00,2026-09-11T13:49:00.891474+05:30,NIFTY,29-Sep-2026,25000.0,PE,23337.5,1592.5,195,1600.5,65,1596.65,1596.5,32065.30769230769,-914,1934,5.347717075745579,24.17,,,,,,,,,,,,,,,0.0495072015641172,,,,,,12.48,65,23270.3,23361.1,23231.4,23477.8,mid_price,no_price_available
2026-09-11T08:19:00.891474+00:00,2026-09-11T13:49:00.891474+05:30,NIFTY,29-Sep-2026,25050.0,CE,23337.5,6.5,1430,6.55,390,6.5,6.525,1389,-133,1026,-13.907284768211921,14.57,0.018418580363254413,5.966396954223469e-05,-1.0063734370067605,2.343952120431332,0.6566967023671038,-0.0028479058054372633,71.17579516358741,1.627345127651485e-07,0.0014022459371685842,-6.206670300876329e-06,-0.3735122970190434,85.78359518900331,-0.016959394362518566,5.178516279061201e-05,0.0495072015641172,23409.2,0.06196267460043315,0.0121,index_dividend_yield,0.065,12.48,65,23270.3,23361.1,23231.4,23477.8,mid_price,ok
2026-09-11T08:19:00.891474+00:00,2026-09-11T13:49:00.891474+05:30,NIFTY,29-Sep-2026,25050.0,PE,23337.5,1576.4,845,1677.25,65,0.0,1626.825,60,0,0,0,11.04,,,,,,,,,,,,,,,0.0495072015641172,,,,,,12.48,65,23270.3,23361.1,23231.4,23477.8,mid_price,no_price_available
2026-09-11T08:19:00.891474+00:00,2026-09-11T13:49:00.891474+05:30,NIFTY,29-Sep-2026,25100.0,CE,23337.5,6.15,2080,6.25,390,6.2,6.2,5469,-494,2920,-12.67605633802817,14.84,0.017455912888318506,5.5957303857095125e-05,-0.9775986429082639,2.239070262825022,0.6224144371201958,-0.0027437097292152303,68.16519908299101,1.514194564596529e-07,0.0013264685087388884,-5.961616029412207e-06,-0.36242665147222874,84.78720487903895,-0.01603875154121648,4.8374668290070324e-05,0.0495072015641172,23409.2,0.06196267460043315,0.0121,index_dividend_yield,0.065,12.48,65,23270.3,23361.1,23231.4,23477.8,mid_price,ok
2026-09-11T08:19:00.891474+00:00,2026-09-11T13:49:00.891474+05:30,NIFTY,29-Sep-2026,25100.0,PE,23337.5,1687.6,65,1699.95,130,1707.8,1693.775,1450,-24,55,5.798537975467724,24.81,,,,,,,,,,,,,,,0.0495072015641172,,,,,,12.48,65,23270.3,23361.1,23231.4,23477.8,mid_price,no_price_available
2026-09-11T08:19:00.891474+00:00,2026-09-11T13:49:00.891474+05:30,NIFTY,29-Sep-2026,25150.0,CE,23337.5,5.95,65,6,520,5.9,5.975,626,-86,337,-15.107913669064748,15.15,0.016811071090690535,5.307726009407928e-05,-0.9649307081812336,2.168194153092834,0.594759338208125,-0.00267146110671943,65.60578393846184,1.4167408030739646e-07,0.0012556799034484601,-5.745476689898343e-06,-0.3546619270396558,83.44531803582386,-0.015412594403077226,4.570262857745948e-05,0.0495072015641172,23409.2,0.06196267460043315,0.0121,index_dividend_yield,0.065,12.48,65,23270.3,23361.1,23231.4,23477.8,mid_price,ok
2026-09-11T08:19:00.891474+00:00,2026-09-11T13:49:00.891474+05:30,NIFTY,29-Sep-2026,25150.0,PE,23337.5,1660.05,65,1770.75,65,1757.85,1715.4,19,-2,3,99.74433270836884,27.05,,,,,,,,,,,,,,,0.0495072015641172,,,,,,12.48,65,23270.3,23361.1,23231.4,23477.8,mid_price,no_price_available
2026-09-11T08:19:00.891474+00:00,2026-09-11T13:49:00.891474+05:30,NIFTY,29-Sep-2026,25200.0,CE,23337.5,5.65,585,5.7,1170,5.7,5.675000000000001,8250,79,6004,-14.285714285714286,15.36,0.01565236468259018,4.924488284089378e-05,-0.9189788163102115,2.0395265552174053,0.5592511537330976,-0.0025422125328219084,62.51961547494178,1.3142954563588762e-07,0.0011889429049628279,-5.499698417090433e-06,-0.34062252677254,83.01325803900194,-0.014320901378808142,4.2234629517626906e-05,0.0495072015641172,23409.2,0.06196267460043315,0.0121,index_dividend_yield,0.065,12.48,65,23270.3,23361.1,23231.4,23477.8,mid_price,ok
2026-09-11T08:19:00.891474+00:00,2026-09-11T13:49:00.891474+05:30,NIFTY,29-Sep-2026,25200.0,PE,23337.5,1784.3,65,1798.45,65,1775,1791.375,1276,-109,205,3.0568699741632073,24.34,,,,,,,,,,,,,,,0.0495072015641172,,,,,,12.48,65,23270.3,23361.1,23231.4,23477.8,mid_price,no_price_available
2026-09-11T08:19:00.891474+00:00,2026-09-11T13:49:00.891474+05:30,NIFTY,29-Sep-2026,25250.0,CE,23337.5,5.45,130,5.55,910,5.45,5.5,1326,-31,581,-16.153846153846153,15.66,0.015073329630666394,4.6763139165759475e-05,-0.9058216051779714,1.9745696391831211,0.534868353432142,-0.0024746219763502574,60.20991517563967,1.2324396386389387e-07,0.0011273124852095538,-5.303490432766101e-06,-0.3331950570421116,81.79888180701653,-0.013761321104795896,3.9947495293490096e-05,0.0495072015641172,23409.2,0.06196267460043315,0.0121,index_dividend_yield,0.065,12.48,65,23270.3,23361.1,23231.4,23477.8,mid_price,ok
2026-09-11T08:19:00.891474+00:00,2026-09-11T13:49:00.891474+05:30,NIFTY,29-Sep-2026,25250.0,PE,23337.5,1685.8,2080,1870.65,65,1829.75,1778.225,29,-1,1,45.103092783505154,25.38,,,,,,,,,,,,,,,0.0495072015641172,,,,,,12.48,65,23270.3,23361.1,23231.4,23477.8,mid_price,no_price_available
2026-09-11T08:19:00.891474+00:00,2026-09-11T13:49:00.891474+05:30,NIFTY,29-Sep-2026,25300.0,CE,23337.5,5.2,715,5.25,975,5.2,5.225,7453,-376,2192,-15.447154471544716,15.91,0.014283112631230745,4.394461128334656e-05,-0.8774892601260373,1.8851801011538172,0.5076111040350894,-0.0023821430123833667,57.702049339413364,1.1511766822428269e-07,0.0010688523686421942,-5.096371865366333e-06,-0.3229428332987405,81.0293708759108,-0.013012585812749005,3.7391530917438615e-05,0.0495072015641172,23409.2,0.06196267460043315,0.0121,index_dividend_yield,0.065,12.48,65,23270.3,23361.1,23231.4,23477.8,mid_price,ok
2026-09-11T08:19:00.891474+00:00,2026-09-11T13:49:00.891474+05:30,NIFTY,29-Sep-2026,25300.0,PE,23337.5,1878.8,130,1901.65,130,1920,1890.225,466,-20,23,8.287978342404331,29.81,,,,,,,,,,,,,,,0.0495072015641172,,,,,,12.48,65,23270.3,23361.1,23231.4,23477.8,mid_price,no_price_available
2026-09-11T08:19:00.891474+00:00,2026-09-11T13:49:00.891474+05:30,NIFTY,29-Sep-2026,25350.0,CE,23337.5,4.9,780,5.05,1300,4.95,4.975,393,-7,130,-17.5,16.13,0.013411437525379682,4.105420539997054e-05,-0.8415850732283914,1.785537839514666,0.47958751115900233,-0.0022782500660399625,55.130721280932434,1.0729019207283558e-07,0.0010130699984347272,-4.885713359814421e-06,-0.31129510825183027,80.51149351785796,-0.012193369267253193,3.47944828044502e-05,0.0495072015641172,23409.2,0.06196267460043315,0.0121,index_dividend_yield,0.065,12.48,65,23270.3,23361.1,23231.4,23477.8,mid_price,ok
2026-09-11T08:19:00.891474+00:00,2026-09-11T13:49:00.891474+05:30,NIFTY,29-Sep-2026,25350.0,PE,23337.5,1913.05,65,1980.5,65,0.0,1946.775,16,0,0,0,6.15,,,,,,,,,,,,,,,0.0495072015641172,,,,,,12.48,65,23270.3,23361.1,23231.4,23477.8,mid_price,no_price_available
2026-09-11T08:19:00.891474+00:00,2026-09-11T13:49:00.891474+05:30,NIFTY,29-Sep-2026,25400.0,CE,23337.5,4.75,1170,4.8,1040,4.8,4.775,3269,-216,2856,-17.24137931034483,16.43,0.01297696325756998,3.9173915078449775e-05,-0.8321781370712227,1.7354479032751151,0.46036587769209164,-0.0022243441468589274,53.22747223731938,1.010644730411192e-07,0.000963054091218081,-4.721281018124384e-06,-0.30519323082488814,79.3518274547977,-0.011772965916183736,3.3070305446489635e-05,0.0495072015641172,23409.2,0.06196267460043315,0.0121,index_dividend_yield,0.065,12.48,65,23270.3,23361.1,23231.4,23477.8,mid_price,ok
2026-09-11T08:19:00.891474+00:00,2026-09-11T13:49:00.891474+05:30,NIFTY,29-Sep-2026,25400.0,PE,23337.5,1988.65,65,2003,260,2005,1995.825,412,-5,6,5.5624292521125644,29.53,,,,,,,,,,,,,,,0.0495072015641172,,,,,,12.48,65,23270.3,23361.1,23231.4,23477.8,mid_price,no_price_available
2026-09-11T08:19:00.891474+00:00,2026-09-11T13:49:00.891474+05:30,NIFTY,29-Sep-2026,25450.0,CE,23337.5,4.55,1040,4.75,130,4.7,4.65,747,-34,97,-16.8141592920354,16.71,0.012485097692783801,3.7251056909189735e-05,-0.8175946247619551,1.6783869315001683,0.4407846553590028,-0.0021630042590544286,51.30599194239493,9.511301750137373e-08,0.0009157769194475015,-4.557058349082792e-06,-0.298203653340277,78.37508306064225,-0.011302684457702565,3.1323601331904076e-05,0.0495072015641172,23409.2,0.06196267460043315,0.0121,index_dividend_yield,0.065,12.48,65,23270.3,23361.1,23231.4,23477.8,mid_price,ok
2026-09-11T08:19:00.891474+00:00,2026-09-11T13:49:00.891474+05:30,NIFTY,29-Sep-2026,25450.0,PE,23337.5,2011.1,65,2094.15,65,0.0,2052.625,11,0,0,0,6.11,,,,,,,,,,,,,,,0.0495072015641172,,,,,,12.48,65,23270.3,23361.1,23231.4,23477.8,mid_price,no_price_available
2026-09-11T08:19:00.891474+00:00,2026-09-11T13:49:00.891474+05:30,NIFTY,29-Sep-2026,25500.0,CE,23337.5,4.4,4550,4.45,5330,4.4,4.425000000000001,49681,301,17645,-18.51851851851852,16.95,0.01186002675902181,3.51246676596529e-05,-0.7923806494042619,1.6053102044416414,0.4193279494453849,-0.002084494897783052,49.23897973358038,8.919374776089448e-08,0.0008701274887413217,-4.383589521317872e-06,-0.2891843062481303,77.71860227879853,-0.010714589079446748,2.941985478900131e-05,0.0495072015641172,23409.2,0.06196267460043315,0.0121,index_dividend_yield,0.065,12.48,65,23270.3,23361.1,23231.4,23477.8,mid_price,ok
2026-09-11T08:19:00.891474+00:00,2026-09-11T13:49:00.891474+05:30,NIFTY,29-Sep-2026,25500.0,PE,23337.5,2090.55,65,2098.45,65,2092.35,2094.5,23015,-211,933,4.50254719808211,30.11,,,,,,,,,,,,,,,0.0495072015641172,,,,,,12.48,65,23270.3,23361.1,23231.4,23477.8,mid_price,no_price_available
2026-09-11T08:19:00.891474+00:00,2026-09-11T13:49:00.891474+05:30,NIFTY,29-Sep-2026,25550.0,CE,23337.5,4.15,260,4.3,455,4.25,4.225,608,-9,261,-20.560747663551403,17.22,0.011401947737791561,3.34115917057167e-05,-0.7771269954695963,1.5513412940688056,0.40159662902634374,-0.0020255757711469535,47.471197461183664,8.405774712327505e-08,0.0008283590067485096,-4.232110508683174e-06,-0.28235838171862215,76.84524044878911,-0.010279070179348093,2.787558681633897e-05,0.0495072015641172,23409.2,0.06196267460043315,0.0121,index_dividend_yield,0.065,12.48,65,23270.3,23361.1,23231.4,23477.8,mid_price,ok
2026-09-11T08:19:00.891474+00:00,2026-09-11T13:49:00.891474+05:30,NIFTY,29-Sep-2026,25550.0,PE,23337.5,2109.15,65,2264.9,2340,0.0,2187.025,6,0,0,0,0,,,,,,,,,,,,,,,0.0495072015641172,,,,,,12.48,65,23270.3,23361.1,23231.4,23477.8,mid_price,no_price_available
2026-09-11T08:19:00.891474+00:00,2026-09-11T13:49:00.891474+05:30,NIFTY,29-Sep-2026,25600.0,CE,23337.5,4,2210,4.1,1235,4.05,4.05,2423,-293,1147,-18.181818181818183,17.39,0.010594546755918205,3.103716284682776e-05,-0.7355327133829325,1.4553204665367354,0.3776146271228338,-0.001921100493541713,45.18331097139683,7.828930699096364e-08,0.0007851209605399446,-4.043288728423845e-06,-0.2701357340020225,76.71030419268517,-0.009532307282486847,2.5793527871703182e-05,0.0495072015641172,23409.2,0.06196267460043315,0.0121,index_dividend_yield,0.065,12.48,65,23270.3,23361.1,23231.4,23477.8,mid_price,ok
2026-09-11T08:19:00.891474+00:00,2026-09-11T13:49:00.891474+05:30,NIFTY,29-Sep-2026,25600.0,PE,23337.5,2152.6,715,2215.4,130,2205,2184.0,484,-3,23,3.1747888543153264,31.67,,,,,,,,,,,,,,,0.0495072015641172,,,,,,12.48,65,23270.3,23361.1,23231.4,23477.8,mid_price,no_price_available
2026-09-11T08:19:00.891474+00:00,2026-09-11T13:49:00.891474+05:30,NIFTY,29-Sep-2026,25650.0,CE,23337.5,3.8,585,3.95,325,3.95,3.875,242,-14,98,-19.387755102040817,17.72,0.010431770496627954,3.0050987297125912e-05,-0.7387078779280639,1.435818360435039,0.3666436785686707,-0.001898465169853569,43.98193523282967,7.454711155017292e-08,0.00075092109959962,-3.9346493489403746e-06,-0.2674643268407231,75.42398923483114,-0.009365445299032398,2.4876694220427625e-05,0.0495072015641172,23409.2,0.06196267460043315,0.0121,index_dividend_yield,0.065,12.48,65,23270.3,23361.1,23231.4,23477.8,mid_price,ok
2026-09-11T08:19:00.891474+00:00,2026-09-11T13:49:00.891474+05:30,NIFTY,29-Sep-2026,25650.0,PE,23337.5,2053.05,650,2274.65,65,0.0,2163.8500000000004,1,0,0,0,13.42,,,,,,,,,,,,,,,0.0495072015641172,,,,,,12.48,65,23270.3,23361.1,23231.4,23477.8,mid_price,no_price_available
2026-09-11T08:19:00.891474+00:00,2026-09-11T13:49:00.891474+05:30,NIFTY,29-Sep-2026,25700.0,CE,23337.5,3.65,2210,3.7,8320,3.65,3.675,3654,-433,2950,-17.97752808988764,17.81,0.009444588256098807,2.7413497827961105e-05,-0.6801783346961731,1.3164531634696237,0.3397993370054539,-0.0017664660090370866,41.41924523342555,6.879126770658811e-08,0.0007085692057461669,-3.724898012576017e-06,-0.2517469261594636,75.84205278945518,-0.008463302198410676,2.260512267181561e-05,0.0495072015641172,23409.2,0.06196267460043315,0.0121,index_dividend_yield,0.065,12.48,65,23270.3,23361.1,23231.4,23477.8,mid_price,ok
2026-09-11T08:19:00.891474+00:00,2026-09-11T13:49:00.891474+05:30,NIFTY,29-Sep-2026,25700.0,PE,23337.5,2256.25,65,2321.05,65,0.0,2288.65,184,0,0,0,0,,,,,,,,,,,,,,,0.0495072015641172,,,,,,12.48,65,23270.3,23361.1,23231.4,23477.8,mid_price,no_price_available
2026-09-11T08:19:00.891474+00:00,2026-09-11T13:49:00.891474+05:30,NIFTY,29-Sep-2026,25750.0,CE,23337.5,3.5,520,3.7,1040,3.7,3.6,106,8,87,-18.681318681318682,18.18,0.009458332222363598,2.6889750337707646e-05,-0.694533725346674,1.318128313865561,0.3333467363963059,-0.0017670214794566798,40.623384824713504,6.60481253316877e-08,0.000680794526762279,-3.648515398368196e-06,-0.2518112642262511,74.30598395987134,-0.00845682415081238,2.208721532776271e-05,0.0495072015641172,23409.2,0.06196267460043315,0.0121,index_dividend_yield,0.065,12.48,65,23270.3,23361.1,23231.4,23477.8,mid_price,ok
2026-09-11T08:19:00.891474+00:00,2026-09-11T13:49:00.891474+05:30,NIFTY,29-Sep-2026,25750.0,PE,23337.5,2257.95,650,2375,65,0.0,2316.475,8,0,0,0,0,,,,,,,,,,,,,,,0.0495072015641172,,,,,,12.48,65,23270.3,23361.1,23231.4,23477.8,mid_price,no_price_available
2026-09-11T08:19:00.891474+00:00,2026-09-11T13:49:00.891474+05:30,NIFTY,29-Sep-2026,25800.0,CE,23337.5,3.4,1105,3.5,260,3.45,3.45,4962,-73,2287,-20.689655172413794,18.37,0.008895664418880575,2.5220589958916107e-05,-0.6645676697435089,1.2492272172161973,0.315691987999891,-0.001689209903454933,38.84503652737647,6.190971540822315e-08,0.0006469360155044983,-3.498086670981663e-06,-0.2424197933517722,74.01860121100069,-0.007937900514817688,2.063595116009224e-05,0.0495072015641172,23409.2,0.06196267460043315,0.0121,index_dividend_yield,0.065,12.48,65,23270.3,23361.1,23231.4,23477.8,mid_price,ok
2026-09-11T08:19:00.891474+00:00,2026-09-11T13:49:00.891474+05:30,NIFTY,29-Sep-2026,25800.0,PE,23337.5,2340.9,65,2414.95,65,2350,2377.925,320,0,1,3.2967032967032965,26.97,,,,,,,,,,,,,,,0.0495072015641172,,,,,,12.48,65,23270.3,23361.1,23231.4,23477.8,mid_price,no_price_available
2026-09-11T08:19:00.891474+00:00,2026-09-11T13:49:00.891474+05:30,NIFTY,29-Sep-2026,25850.0,CE,23337.5,3.15,780,3.35,195,3.3,3.25,133,4,78,-21.428571428571427,18.56,0.008375346544005903,2.3677089696291705e-05,-0.6363694251387689,1.1849044523352688,0.2991542224763484,-0.0016157011228306404,37.15499505808306,5.8071085120428976e-08,0.0006148583614668412,-3.354275243774799e-06,-0.23345841418968363,73.72636432600429,-0.007458742745909225,1.9298159273851846e-05,0.0495072015641172,23409.2,0.06196267460043315,0.0121,index_dividend_yield,0.065,12.48,65,23270.3,23361.1,23231.4,23477.8,mid_price,ok
2026-09-11T08:19:00.891474+00:00,2026-09-11T13:49:00.891474+05:30,NIFTY,29-Sep-2026,25850.0,PE,23337.5,2403.6,65,2475.45,65,0.0,2439.5249999999996,0,0,0,0,0,,,,,,,,,,,,,,,0.0495072015641172,,,,,,12.48,65,23270.3,23361.1,23231.4,23477.8,mid_price,no_price_available
2026-09-11T08:19:00.891474+00:00,2026-09-11T13:49:00.891474+05:30,NIFTY,29-Sep-2026,25900.0,CE,23337.5,3.15,845,3.3,65,3.2,3.2249999999999996,503,67,343,-20.987654320987655,18.81,0.008064984203249807,2.2600175708347137e-05,-0.6234085622560277,1.1462455199957984,0.2872361634403261,-0.0015707499918047178,35.88100995824139,5.50013515319274e-08,0.0005872929397392804,-3.242917729947216e-06,-0.22793399739045106,73.03938024214195,-0.007167554046869418,1.834936118849154e-05,0.0495072015641172,23409.2,0.06196267460043315,0.0121,index_dividend_yield,0.065,12.48,65,23270.3,23361.1,23231.4,23477.8,mid_price,ok
2026-09-11T08:19:00.891474+00:00,2026-09-11T13:49:00.891474+05:30,NIFTY,29-Sep-2026,25900.0,PE,23337.5,2476.25,65,2515.8,65,2485,2496.025,73,-3,5,58.13923889525264,32.61,,,,,,,,,,,,,,,0.0495072015641172,,,,,,12.48,65,23270.3,23361.1,23231.4,23477.8,mid_price,no_price_available
2026-09-11T08:19:00.891474+00:00,2026-09-11T13:49:00.891474+05:30,NIFTY,29-Sep-2026,25950.0,CE,23337.5,2.75,910,3.6,195,0.0,3.175,166,0,0,0,20.27,0.011533516943542047,2.8668480253224125e-05,-0.9170926912402486,1.5668789997337333,0.34494548918415163,-0.0020306944031538293,40.69649153857391,6.087039288313248e-08,0.0006031665054022843,-3.590096922638722e-06,-0.28293117656544453,65.33936621988809,-0.010213640975413654,2.3186682153638743e-05,0.0495072015641172,23409.2,0.06196267460043315,0.0121,index_dividend_yield,0.065,12.48,65,23270.3,23361.1,23231.4,23477.8,mid_price,wide_quote_low_liquidity
2026-09-11T08:19:00.891474+00:00,2026-09-11T13:49:00.891474+05:30,NIFTY,29-Sep-2026,25950.0,PE,23337.5,2363.95,650,2576.2,65,0.0,2470.075,1,0,0,0,13.83,,,,,,,,,,,,,,,0.0495072015641172,,,,,,12.48,65,23270.3,23361.1,23231.4,23477.8,mid_price,no_price_available
2026-09-11T08:19:00.891474+00:00,2026-09-11T13:49:00.891474+05:30,NIFTY,29-Sep-2026,26000.0,CE,23337.5,2.85,3185,2.9,7150,2.9,2.875,58717.846153846156,-2011,13508,-18.309859154929576,19.26,0.007370426921232786,2.039016718653832e-05,-0.588815699731207,1.0588979550755147,0.26271999338398466,-0.0014684515866234163,33.2649129277196,4.9116945728623824e-08,0.0005346701754348414,-3.0156073964827543e-06,-0.21523430662764953,72.00415413521188,-0.006523787895882193,1.6427926560252772e-05,0.0495072015641172,23409.2,0.06196267460043315,0.0121,index_dividend_yield,0.065,12.48,65,23270.3,23361.1,23231.4,23477.8,mid_price,ok
2026-09-11T08:19:00.891474+00:00,2026-09-11T13:49:00.891474+05:30,NIFTY,29-Sep-2026,26000.0,PE,23337.5,2587.35,65,2590,130,2596,2588.675,30926.53846153846,-327,1035,3.7196851652083582,34.27,,,,,,,,,,,,,,,0.0495072015641172,,,,,,12.48,65,23270.3,23361.1,23231.4,23477.8,mid_price,no_price_available
2026-09-11T08:19:00.891474+00:00,2026-09-11T13:49:00.891474+05:30,NIFTY,29-Sep-2026,26050.0,CE,23337.5,2.35,195,3.5,2470,3.35,2.925,193,0,4,-8.219178082191782,19.88,0.008092574223637607,2.144804899866275e-05,-0.6593064501436132,1.14969121612847,0.2727194695861749,-0.001572037369827541,34.05003715796395,4.928055710810314e-08,0.0005273225758623992,-3.067705439615451e-06,-0.22808826327777984,69.1340383835945,-0.0071450537319105315,1.7213968336143904e-05,0.0495072015641172,23409.2,0.06196267460043315,0.0121,index_dividend_yield,0.065,12.48,65,23270.3,23361.1,23231.4,23477.8,mid_price,wide_quote_low_liquidity
2026-09-11T08:19:00.891474+00:00,2026-09-11T13:49:00.891474+05:30,NIFTY,29-Sep-2026,26050.0,PE,23337.5,2572.25,650,2676.25,65,0.0,2624.25,4,0,0,0,18.06,,,,,,,,,,,,,,,0.0495072015641172,,,,,,12.48,65,23270.3,23361.1,23231.4,23477.8,mid_price,no_price_available
2026-09-11T08:19:00.891474+00:00,2026-09-11T13:49:00.891474+05:30,NIFTY,29-Sep-2026,26100.0,CE,23337.5,2.5,260,2.8,12610,2.8,2.65,292,52,52,-15.151515151515152,19.76,0.006885284035982275,1.8715533197603053e-05,-0.5680910966663129,0.9971630672920763,0.243633769232227,-0.0013948252667910941,31.158356195109537,4.436880721366304e-08,0.0004900788440463129,-2.8296744601953308e-06,-0.20597957567626343,70.68091479805094,-0.006069422442411631,1.4963385051053404e-05,0.0495072015641172,23409.2,0.06196267460043315,0.0121,index_dividend_yield,0.065,12.48,65,23270.3,23361.1,23231.4,23477.8,mid_price,ok
2026-09-11T08:19:00.891474+00:00,2026-09-11T13:49:00.891474+05:30,NIFTY,29-Sep-2026,26100.0,PE,23337.5,2609.45,650,2726.5,65,0.0,2667.975,144,0,0,0,0,,,,,,,,,,,,,,,0.0495072015641172,,,,,,12.48,65,23270.3,23361.1,23231.4,23477.8,mid_price,no_price_available
2026-09-11T08:19:00.891474+00:00,2026-09-11T13:49:00.891474+05:30,NIFTY,29-Sep-2026,26150.0,CE,23337.5,2.3,910,2.85,1300,2.55,2.575,174,52,246,-36.25,19.85,0.006295068873906389,1.721131173791311e-05,-0.5268888576446872,0.92119489372875,0.22692785189760847,-0.0013041060715298994,29.398464728612126,4.1162079289510174e-08,0.0004625531802553631,-2.6797443989910424e-06,-0.19444075602405075,70.98290128663892,-0.005538871893164573,1.3708162571522267e-05,0.0495072015641172,23409.2,0.06196267460043315,0.0121,index_dividend_yield,0.065,12.48,65,23270.3,23361.1,23231.4,23477.8,mid_price,wide_quote_low_liquidity
2026-09-11T08:19:00.891474+00:00,2026-09-11T13:49:00.891474+05:30,NIFTY,29-Sep-2026,26150.0,PE,23337.5,2595,650,2776.75,65,0.0,2685.875,1,0,0,0,19.21,,,,,,,,,,,,,,,0.0495072015641172,,,,,,12.48,65,23270.3,23361.1,23231.4,23477.8,mid_price,no_price_available
2026-09-11T08:19:00.891474+00:00,2026-09-11T13:49:00.891474+05:30,NIFTY,29-Sep-2026,26200.0,CE,23337.5,2.3,1105,2.85,65,2.35,2.575,2783,35,499,-26.5625,19.97,0.005819786215724482,1.5958080488721654e-05,-0.49415726909043195,0.8592820826327434,0.21272509610180096,-0.0012289705510496645,27.864796993778583,3.836845488434667e-08,0.00043756674400508504,-2.547516668614003e-06,-0.18476406403667267,71.09617990619043,-0.005111026768550614,1.2661545806227537e-05,0.0495072015641172,23409.2,0.06196267460043315,0.0121,index_dividend_yield,0.065,12.48,65,23270.3,23361.1,23231.4,23477.8,mid_price,wide_quote_low_liquidity
2026-09-11T08:19:00.891474+00:00,2026-09-11T13:49:00.891474+05:30,NIFTY,29-Sep-2026,26200.0,PE,23337.5,2647.35,1690,2828.6,65,0.0,2737.975,581,0,0,0,0,,,,,,,,,,,,,,,0.0495072015641172,,,,,,12.48,65,23270.3,23361.1,23231.4,23477.8,mid_price,no_price_available
2026-09-11T08:19:00.891474+00:00,2026-09-11T13:49:00.891474+05:30,NIFTY,29-Sep-2026,26250.0,CE,23337.5,2.2,130,3,1300,2.95,2.6,9,2,4,3.508771929824561,20.82,0.006962264784146294,1.7937912133467848e-05,-0.6032389786748507,1.0070004337168348,0.23335886538601233,-0.0014044524533255607,29.79604572691652,4.02288657212235e-08,0.0004445970676071553,-2.697521823172459e-06,-0.20719200723612444,67.05611964547019,-0.006097477397232737,1.4178227439137292e-05,0.0495072015641172,23409.2,0.06196267460043315,0.0121,index_dividend_yield,0.065,12.48,65,23270.3,23361.1,23231.4,23477.8,mid_price,wide_quote_low_liquidity
2026-09-11T08:19:00.891474+00:00,2026-09-11T13:49:00.891474+05:30,NIFTY,29-Sep-2026,26250.0,PE,23337.5,2796.7,650,2877.4,65,0.0,2837.05,0,0,0,0,0,,,,,,,,,,,,,,,0.0495072015641172,,,,,,12.48,65,23270.3,23361.1,23231.4,23477.8,mid_price,no_price_available
2026-09-11T08:19:00.891474+00:00,2026-09-11T13:49:00.891474+05:30,NIFTY,29-Sep-2026,26300.0,CE,23337.5,2,195,2.05,650,2.05,2.025,2047,-12,165,-18,20.25,0.005056615959307431,1.3889075985524273e-05,-0.44172944490390553,0.7583600063305239,0.18872839175660414,-0.001104076657050191,25.202114444994205,3.358597508174226e-08,0.0003929677359675579,-2.315259954483221e-06,-0.16842448164771906,71.06024234345243,-0.004423881695582636,1.0936302611833456e-05,0.0495072015641172,23409.2,0.06196267460043315,0.0121,index_dividend_yield,0.065,12.48,65,23270.3,23361.1,23231.4,23477.8,mid_price,ok
2026-09-11T08:19:00.891474+00:00,2026-09-11T13:49:00.891474+05:30,NIFTY,29-Sep-2026,26300.0,PE,23337.5,2845.5,650,2894.85,130,0.0,2870.175,1245,0,0,0,0,,,,,,,,,,,,,,,0.0495072015641172,,,,,,12.48,65,23270.3,23361.1,23231.4,23477.8,mid_price,no_price_available
2026-09-11T08:19:00.891474+00:00,2026-09-11T13:49:00.891474+05:30,NIFTY,29-Sep-2026,26350.0,CE,23337.5,1.4,910,3.3,1300,0.0,2.3499999999999996,85,0,0,0,13.52,4.179520979596402e-05,2.478058781662901e-07,-0.0035196652251996297,0.009033693171032501,0.005107014720914558,-1.999284087927888e-05,1.0429387598994257,1.4541996504939804e-09,2.6767892689914644e-05,-1.0497619268807507e-07,-0.004334943941923996,146.28486432166122,-3.6763868150650286e-05,1.9438333403686192e-07,0.0495072015641172,23409.2,0.06196267460043315,0.0121,index_dividend_yield,0.065,12.48,65,23270.3,23361.1,23231.4,23477.8,mid_price,wide_quote_low_liquidity
2026-09-11T08:19:00.891474+00:00,2026-09-11T13:49:00.891474+05:30,NIFTY,29-Sep-2026,26350.0,PE,23337.5,2894.9,650,2977.8,65,0.0,2936.3500000000004,0,0,0,0,0,,,,,,,,,,,,,,,0.0495072015641172,,,,,,12.48,65,23270.3,23361.1,23231.4,23477.8,mid_price,no_price_available
2026-09-11T08:19:00.891474+00:00,2026-09-11T13:49:00.891474+05:30,NIFTY,29-Sep-2026,26400.0,CE,23337.5,1.85,65,2.05,130,2,1.95,668,-47,192,-20,20.79,0.00485499255050488,1.3046704870950472e-05,-0.4368532940301799,0.7313619598698176,0.17831595739751072,-0.0010695505110732825,23.941853356127474,3.087923298140321e-08,0.00036433163516740643,-2.200119768592475e-06,-0.16384781326058062,69.50004795810626,-0.00423004262073892,1.019533842843351e-05,0.0495072015641172,23409.2,0.06196267460043315,0.0121,index_dividend_yield,0.065,12.48,65,23270.3,23361.1,23231.4,23477.8,mid_price,ok
2026-09-11T08:19:00.891474+00:00,2026-09-11T13:49:00.891474+05:30,NIFTY,29-Sep-2026,26400.0,PE,23337.5,2944,650,3028.05,65,0.0,2986.025,56,0,0,0,0,,,,,,,,,,,,,,,0.0495072015641172,,,,,,12.48,65,23270.3,23361.1,23231.4,23477.8,mid_price,no_price_available
2026-09-11T08:19:00.891474+00:00,2026-09-11T13:49:00.891474+05:30,NIFTY,29-Sep-2026,26450.0,CE,23337.5,1.3,910,2.9,1300,0.0,2.1,42,0,0,0,19.27,0.0022728152597175856,7.114927503026878e-06,-0.2046843715672917,0.3696827907009895,0.10641990747520344,-0.0005914366058096497,15.678712016743951,2.0072927498931457e-08,0.0002648168382808277,-1.4794010691326912e-06,-0.09737386190510966,79.9972937467713,-0.0019802941726846444,5.538954382376563e-06,0.0495072015641172,23409.2,0.06196267460043315,0.0121,index_dividend_yield,0.065,12.48,65,23270.3,23361.1,23231.4,23477.8,mid_price,wide_quote_low_liquidity
2026-09-11T08:19:00.891474+00:00,2026-09-11T13:49:00.891474+05:30,NIFTY,29-Sep-2026,26450.0,PE,23337.5,2993.25,650,3078.4,65,0.0,3035.825,0,0,0,0,0,,,,,,,,,,,,,,,0.0495072015641172,,,,,,12.48,65,23270.3,23361.1,23231.4,23477.8,mid_price,no_price_available
2026-09-11T08:19:00.891474+00:00,2026-09-11T13:49:00.891474+05:30,NIFTY,29-Sep-2026,26500.0,CE,23337.5,1.55,3965,1.6,910,1.55,1.5750000000000002,13662,-251,6755,-26.19047619047619,20.87,0.00393831323324737,1.0780214973389132e-05,-0.3634032559126529,0.6066342276944549,0.15134302087212756,-0.0009101731856208457,20.88076469508726,2.614572491338371e-08,0.00031939776027490815,-1.9325996808018146e-06,-0.142369321725613,70.56192844094043,-0.0034191636172706667,8.36073263402852e-06,0.0495072015641172,23409.2,0.06196267460043315,0.0121,index_dividend_yield,0.065,12.48,65,23270.3,23361.1,23231.4,23477.8,mid_price,ok
2026-09-11T08:19:00.891474+00:00,2026-09-11T13:49:00.891474+05:30,NIFTY,29-Sep-2026,26500.0,PE,23337.5,3071.7,65,3087.4,65,3099.15,3079.55,13012,-49,76,3.479189969782467,38.32,,,,,,,,,,,,,,,0.0495072015641172,,,,,,12.48,65,23270.3,23361.1,23231.4,23477.8,mid_price,no_price_available
2026-09-11T08:19:00.891474+00:00,2026-09-11T13:49:00.891474+05:30,NIFTY,29-Sep-2026,26550.0,CE,23337.5,1.25,910,2.45,650,0.0,1.85,72,0,0,0,22.15,0.005554454731887978,1.3803660182929442e-05,-0.5237036795987419,0.8244133768340336,0.18552703582401867,-0.0011833340270124932,24.459930643358383,3.00287692605121e-08,0.00034722082479042994,-2.229684621480714e-06,-0.1788273533541682,64.47512220589653,-0.0048066512078403555,1.0665319507701235e-05,0.0495072015641172,23409.2,0.06196267460043315,0.0121,index_dividend_yield,0.065,12.48,65,23270.3,23361.1,23231.4,23477.8,mid_price,wide_quote_low_liquidity
2026-09-11T08:19:00.891474+00:00,2026-09-11T13:49:00.891474+05:30,NIFTY,29-Sep-2026,26550.0,PE,23337.5,3091.55,65,3178.9,65,0.0,3135.2250000000004,0,0,0,0,0,,,,,,,,,,,,,,,0.0495072015641172,,,,,,12.48,65,23270.3,23361.1,23231.4,23477.8,mid_price,no_price_available
2026-09-11T08:19:00.891474+00:00,2026-09-11T13:49:00.891474+05:30,NIFTY,29-Sep-2026,26600.0,CE,23337.5,1.55,130,1.7,325,1.55,1.625,652,-31,100,-27.906976744186046,21.37,0.0037559392449083794,1.0089989886804449e-05,-0.35626229522036745,0.5813963396149568,0.14254683957172282,-0.0008767858660511909,19.785190363955984,2.4030426522011057e-08,0.0002961418417600063,-1.832149924907738e-06,-0.13779056527459788,69.22280745738551,-0.003247668038244086,7.76669265648529e-06,0.0495072015641172,23409.2,0.06196267460043315,0.0121,index_dividend_yield,0.065,12.48,65,23270.3,23361.1,23231.4,23477.8,mid_price,ok
2026-09-11T08:19:00.891474+00:00,2026-09-11T13:49:00.891474+05:30,NIFTY,29-Sep-2026,26600.0,PE,23337.5,3140.55,65,3229.05,65,0.0,3184.8,0,0,0,0,0,,,,,,,,,,,,,,,0.0495072015641172,,,,,,12.48,65,23270.3,23361.1,23231.4,23477.8,mid_price,no_price_available
2026-09-11T08:19:00.891474+00:00,2026-09-11T13:49:00.891474+05:30,NIFTY,29-Sep-2026,26650.0,CE,23337.5,1.25,910,2.8,1300,0.0,2.025,14,0,0,0,21.05,0.002937299506694012,8.212016926335329e-06,-0.28124609937060313,0.4660998638852976,0.11946025428767473,-0.0007234396313733363,17.08596812283644,2.0497201587565486e-08,0.00026200840369455293,-1.5950940867733565e-06,-0.11637612081402758,71.76935044630316,-0.0025363637862277476,6.297440473746971e-06,0.0495072015641172,23409.2,0.06196267460043315,0.0121,index_dividend_yield,0.065,12.48,65,23270.3,23361.1,23231.4,23477.8,mid_price,wide_quote_low_liquidity
2026-09-11T08:19:00.891474+00:00,2026-09-11T13:49:00.891474+05:30,NIFTY,29-Sep-2026,26650.0,PE,23337.5,3189.9,65,3279.45,65,0.0,3234.675,0,0,0,0,0,,,,,,,,,,,,,,,0.0495072015641172,,,,,,12.48,65,23270.3,23361.1,23231.4,23477.8,mid_price,no_price_available
2026-09-11T08:19:00.891474+00:00,2026-09-11T13:49:00.891474+05:30,NIFTY,29-Sep-2026,26700.0,CE,23337.5,1.35,910,2.4,910,0.0,1.875,39,0,0,0,23.02,0.0053647399275872235,1.287804274101321e-05,-0.5269380080490662,0.7993412430137786,0.17402734858828214,-0.0011516365893567103,23.05349500477938,2.7058511145088727e-08,0.00031546106142308435,-2.1009493407527416e-06,-0.1746804657619665,62.27687946114783,-0.004613829486552697,9.838661102142246e-06,0.0495072015641172,23409.2,0.06196267460043315,0.0121,index_dividend_yield,0.065,12.48,65,23270.3,23361.1,23231.4,23477.8,mid_price,wide_quote_low_liquidity
2026-09-11T08:19:00.891474+00:00,2026-09-11T13:49:00.891474+05:30,NIFTY,29-Sep-2026,26700.0,PE,23337.5,3239.1,65,3329.75,65,0.0,3284.425,0,0,0,0,0,,,,,,,,,,,,,,,0.0495072015641172,,,,,,12.48,65,23270.3,23361.1,23231.4,23477.8,mid_price,no_price_available
2026-09-11T08:19:00.891474+00:00,2026-09-11T13:49:00.891474+05:30,NIFTY,29-Sep-2026,26750.0,CE,23337.5,1.15,910,2.5,65,0.0,1.825,110,0,0,0,23.3,0.005291137486333491,1.25679401755206e-05,-0.5265910853974565,0.7895816848297501,0.17019143496751435,-0.0011393480928408124,22.587871978381912,2.6131086576963975e-08,0.00030558981369565235,-2.0586158880085035e-06,-0.17306724684935104,61.619356712938874,-0.0045412326785510635,9.565885846464808e-06,0.0495072015641172,23409.2,0.06196267460043315,0.0121,index_dividend_yield,0.065,12.48,65,23270.3,23361.1,23231.4,23477.8,mid_price,wide_quote_low_liquidity
2026-09-11T08:19:00.891474+00:00,2026-09-11T13:49:00.891474+05:30,NIFTY,29-Sep-2026,26750.0,PE,23337.5,3289.2,65,3637.15,650,0.0,3463.175,1,0,0,0,18.46,-0.9988003273660266,2.1971777786842023e-06,3.9173362625062573,0.10936388634290911,0.03742333111655949,-0.00023182636184937433,6.292426509086388,7.453115451361232e-09,0.00011450500323929249,-6.098694530234583e-07,-0.036442118534358664,-6.977460290954524,0.9962687273996693,1.672346583588952e-06,0.0495072015641172,23409.2,0.06196267460043315,0.0121,index_dividend_yield,0.065,12.48,65,23270.3,23361.1,23231.4,23477.8,mid_price,ok
2026-09-11T08:19:00.891474+00:00,2026-09-11T13:49:00.891474+05:30,NIFTY,29-Sep-2026,26800.0,CE,23337.5,1.25,910,2.2,260,0.0,1.725,40,0,0,0,23.38,0.004894848101861623,1.168625319362542e-05,-0.4928228535379352,0.7367104638332426,0.15989997048750265,-0.0010735986156947576,21.445928176285488,2.4477948528233032e-08,0.00029020086889992207,-1.960186054186353e-06,-0.16438213527789614,61.85745436646201,-0.004193537150975748,8.861645351883378e-06,0.0495072015641172,23409.2,0.06196267460043315,0.0121,index_dividend_yield,0.065,12.48,65,23270.3,23361.1,23231.4,23477.8,mid_price,wide_quote_low_liquidity
2026-09-11T08:19:00.891474+00:00,2026-09-11T13:49:00.891474+05:30,NIFTY,29-Sep-2026,26800.0,PE,23337.5,3161.6,650,3430.35,65,0.0,3295.975,21,0,0,0,0,,,,,,,,,,,,,,,0.0495072015641172,,,,,,12.48,65,23270.3,23361.1,23231.4,23477.8,mid_price,no_price_available
2026-09-11T08:19:00.891474+00:00,2026-09-11T13:49:00.891474+05:30,NIFTY,29-Sep-2026,26850.0,CE,23337.5,1.3,910,2.2,65,0.0,1.75,41,0,0,0,21.32,0.002008500397423183,5.748771388263859e-06,-0.2016346559478093,0.33047550797350206,0.0872932042819708,-0.0005343830563772369,13.038752839009264,1.4817989322356408e-08,0.0001998416989096046,-1.2287570732859816e-06,-0.08897203717821833,73.11897316179169,-0.0017218741798854468,4.343052909550365e-06,0.0495072015641172,23409.2,0.06196267460043315,0.0121,index_dividend_yield,0.065,12.48,65,23270.3,23361.1,23231.4,23477.8,mid_price,wide_quote_low_liquidity
2026-09-11T08:19:00.891474+00:00,2026-09-11T13:49:00.891474+05:30,NIFTY,29-Sep-2026,26850.0,PE,23337.5,3386.65,65,3480.65,65,0.0,3433.65,0,0,0,0,0,,,,,,,,,,,,,,,0.0495072015641172,,,,,,12.48,65,23270.3,23361.1,23231.4,23477.8,mid_price,no_price_available
2026-09-11T08:19:00.891474+00:00,2026-09-11T13:49:00.891474+05:30,NIFTY,29-Sep-2026,26900.0,CE,23337.5,1.3,195,1.95,845,1.95,1.625,88,1,5,-13.333333333333334,23.63,0.004318169523624747,1.0338761703005054e-05,-0.4450225101589962,0.6587327977706754,0.14379924383429218,-0.0009748935050560323,19.60721263890619,2.1789896942377793e-08,0.00026397464686487155,-1.799636717190978e-06,-0.15116115393176033,61.9168504084338,-0.0036857877582580686,7.78166673471077e-06,0.0495072015641172,23409.2,0.06196267460043315,0.0121,index_dividend_yield,0.065,12.48,65,23270.3,23361.1,23231.4,23477.8,mid_price,wide_quote_low_liquidity
2026-09-11T08:19:00.891474+00:00,2026-09-11T13:49:00.891474+05:30,NIFTY,29-Sep-2026,26900.0,PE,23337.5,3435.85,65,3739.95,650,0.0,3587.8999999999996,1,0,0,0,0,,,,,,,,,,,,,,,0.0495072015641172,23409.2,0.06196267460043315,0.0121,index_dividend_yield,0.065,12.48,65,23270.3,23361.1,23231.4,23477.8,mid_price,no_nse_iv
2026-09-11T08:19:00.891474+00:00,2026-09-11T13:49:00.891474+05:30,NIFTY,29-Sep-2026,26950.0,CE,23337.5,1.3,1755,2.45,1300,0.0,1.875,48,0,0,0,22.54,0.0026142279060716446,6.90369726616074e-06,-0.2703647406947513,0.419577982804203,0.10190623161529869,-0.0006588252931099205,14.775940616214845,1.6286751985184933e-08,0.0002124856796775119,-1.3801135252760893e-06,-0.10714431590330553,67.74504524703593,-0.0022303884239435784,5.17693678339659e-06,0.0495072015641172,23409.2,0.06196267460043315,0.0121,index_dividend_yield,0.065,12.48,65,23270.3,23361.1,23231.4,23477.8,mid_price,wide_quote_low_liquidity
2026-09-11T08:19:00.891474+00:00,2026-09-11T13:49:00.891474+05:30,NIFTY,29-Sep-2026,26950.0,PE,23337.5,3485.1,650,3581.25,65,0.0,3533.175,0,0,0,0,0,,,,,,,,,,,,,,,0.0495072015641172,,,,,,12.48,65,23270.3,23361.1,23231.4,23477.8,mid_price,no_price_available
2026-09-11T08:19:00.891474+00:00,2026-09-11T13:49:00.891474+05:30,NIFTY,29-Sep-2026,27000.0,CE,23337.5,1.65,2015,1.7,2730,1.7,1.6749999999999998,25985,-890,4067,-15,23.85,0.003777518302965444,9.087359548567429e-06,-0.39818016829005426,0.5843904834977771,0.12855107042707234,-0.0008788498101464601,17.829886996144573,1.9310118552178155e-08,0.00023914905956447984,-1.6434470895413473e-06,-0.1380721566550861,62.09052111471732,-0.0032125187344663655,6.78920379318554e-06,0.0495072015641172,23409.2,0.06196267460043315,0.0121,index_dividend_yield,0.065,12.48,65,23270.3,23361.1,23231.4,23477.8,mid_price,ok
2026-09-11T08:19:00.891474+00:00,2026-09-11T13:49:00.891474+05:30,NIFTY,29-Sep-2026,27000.0,PE,23337.5,3584.95,65,3595.6,65,3595.65,3590.2749999999996,23119.46153846154,-131,398,2.5394969486111902,43,,,,,,,,,,,,,,,0.0495072015641172,,,,,,12.48,65,23270.3,23361.1,23231.4,23477.8,mid_price,no_price_available
2026-09-11T08:19:00.891474+00:00,2026-09-11T13:49:00.891474+05:30,NIFTY,29-Sep-2026,27050.0,CE,23337.5,1.1,910,2.3,1300,0.0,1.7,64,0,0,0,22,0.001651565383780784,4.663005054045115e-06,-0.17387333925074872,0.27660855446036836,0.07232547653258024,-0.0004560638427063228,11.032904287999967,1.1893967348951816e-08,0.00016478706227991723,-1.0431471133394115e-06,-0.07723223695731868,71.98466266761896,-0.0014051004800855087,3.4708832790285028e-06,0.0495072015641172,23409.2,0.06196267460043315,0.0121,index_dividend_yield,0.065,12.48,65,23270.3,23361.1,23231.4,23477.8,mid_price,wide_quote_low_liquidity
2026-09-11T08:19:00.891474+00:00,2026-09-11T13:49:00.891474+05:30,NIFTY,29-Sep-2026,27050.0,PE,23337.5,3583.5,650,3681.85,65,0.0,3632.675,0,0,0,0,0,,,,,,,,,,,,,,,0.0495072015641172,,,,,,12.48,65,23270.3,23361.1,23231.4,23477.8,mid_price,no_price_available
2026-09-11T08:19:00.891474+00:00,2026-09-11T13:49:00.891474+05:30,NIFTY,29-Sep-2026,27100.0,CE,23337.5,1.2,195,1.55,65,1.6,1.375,212,2,7,-25.58139534883721,24.26,0.0035324177964377217,8.411910592402977e-06,-0.3810791613180269,0.5502530831756434,0.12001634040353189,-0.0008338866295653936,16.78597280952393,1.771678257392831e-08,0.00022193320023631592,-1.5496221259552406e-06,-0.13186303630327129,61.41693316387333,-0.0029924551777017316,6.238278052476338e-06,0.0495072015641172,23409.2,0.06196267460043315,0.0121,index_dividend_yield,0.065,12.48,65,23270.3,23361.1,23231.4,23477.8,mid_price,wide_quote_low_liquidity
2026-09-11T08:19:00.891474+00:00,2026-09-11T13:49:00.891474+05:30,NIFTY,29-Sep-2026,27100.0,PE,23337.5,3632.9,650,3732.25,65,0.0,3682.575,0,0,0,0,0,,,,,,,,,,,,,,,0.0495072015641172,,,,,,12.48,65,23270.3,23361.1,23231.4,23477.8,mid_price,no_price_available
2026-09-11T08:19:00.891474+00:00,2026-09-11T13:49:00.891474+05:30,NIFTY,29-Sep-2026,27150.0,CE,23337.5,1.3,325,1.85,130,1.3,1.5750000000000002,121,2,11,-3.7037037037037037,24.02,0.002928255474675556,7.176649304338292e-06,-0.3186366045044542,0.4648060449680417,0.10468163011821142,-0.0007198908215573815,14.977841869240892,1.5636483028025025e-08,0.0002013754796824379,-1.3911711731930736e-06,-0.11587047404651352,63.02739641538617,-0.002477123422237351,5.302622600252507e-06,0.0495072015641172,23409.2,0.06196267460043315,0.0121,index_dividend_yield,0.065,12.48,65,23270.3,23361.1,23231.4,23477.8,mid_price,wide_quote_low_liquidity
2026-09-11T08:19:00.891474+00:00,2026-09-11T13:49:00.891474+05:30,NIFTY,29-Sep-2026,27150.0,PE,23337.5,3681.9,650,3782.45,65,0.0,3732.175,0,0,0,0,0,,,,,,,,,,,,,,,0.0495072015641172,,,,,,12.48,65,23270.3,23361.1,23231.4,23477.8,mid_price,no_price_available
2026-09-11T08:19:00.891474+00:00,2026-09-11T13:49:00.891474+05:30,NIFTY,29-Sep-2026,27200.0,CE,23337.5,1.3,1690,1.7,1430,1.3,1.5,628,-19,76,-18.75,24.29,0.0029031371655283997,7.0419726267261665e-06,-0.3196070475369322,0.46121018299126176,0.10284212526774118,-0.0007148958683043127,14.729696364876421,1.5183195246199397e-08,0.00019590290051779677,-1.3679113522719575e-06,-0.11516087964867427,62.38254457716651,-0.002450951880195292,5.184002310313821e-06,0.0495072015641172,23409.2,0.06196267460043315,0.0121,index_dividend_yield,0.065,12.48,65,23270.3,23361.1,23231.4,23477.8,mid_price,wide_quote_low_liquidity
2026-09-11T08:19:00.891474+00:00,2026-09-11T13:49:00.891474+05:30,NIFTY,29-Sep-2026,27200.0,PE,23337.5,3731.15,650,3832.75,65,0.0,3781.95,0,0,0,0,0,,,,,,,,,,,,,,,0.0495072015641172,,,,,,12.48,65,23270.3,23361.1,23231.4,23477.8,mid_price,no_price_available
2026-09-11T08:19:00.891474+00:00,2026-09-11T13:49:00.891474+05:30,NIFTY,29-Sep-2026,28500.0,CE,23337.5,0.6,51675,0.7,2795,0.6,0.6499999999999999,8090,-270,776,-7.6923076923076925,28.98,0.0012367406991037212,2.7183735528905652e-06,-0.1744216458989277,0.21241469463423304,0.04363172466497378,-0.00035914034079901095,6.856523030245684,5.378761476911814e-09,7.83636835296527e-05,-6.465836171910183e-07,-0.06232148895171017,56.08308442662936,-0.000994659612733019,1.8227540764853706e-06,0.0495072015641172,23409.2,0.06196267460043315,0.0121,index_dividend_yield,0.065,12.48,65,23270.3,23361.1,23231.4,23477.8,mid_price,wide_quote_low_liquidity
2026-09-11T08:19:00.891474+00:00,2026-09-11T13:49:00.891474+05:30,NIFTY,29-Sep-2026,28500.0,PE,23337.5,5069.8,65,5094.25,65,5075.5,5082.025,6576,-43,51,1.687953919358878,54.96,,,,,,,,,,,,,,,0.0495072015641172,,,,,,12.48,65,23270.3,23361.1,23231.4,23477.8,mid_price,no_price_available
2026-09-11T08:19:00.891474+00:00,2026-09-11T13:49:00.891474+05:30,NIFTY,29-Sep-2026,30000.0,CE,23337.5,0.5,6695,0.55,3640,0.55,0.525,4283,-122,173,-15.384615384615385,35.59,0.000971272809453638,1.7737674485951166e-06,-0.17082351647855146,0.1702165205574509,0.02927141399234316,-0.00029436284722692127,4.709815003769505,2.908698922106085e-09,4.409448098931968e-05,-4.4412978230012023e-07,-0.052079291143294106,46.65020308075471,-0.0007393728215275663,1.0734030701607744e-06,0.0495072015641172,23409.2,0.06196267460043315,0.0121,index_dividend_yield,0.065,12.48,65,23270.3,23361.1,23231.4,23477.8,mid_price,ok
2026-09-11T08:19:00.891474+00:00,2026-09-11T13:49:00.891474+05:30,NIFTY,29-Sep-2026,30000.0,PE,23337.5,6559.45,65,6598.1,520,6560,6578.775,2179,-1,11,0.8021143858139463,64.44,,,,,,,,,,,,,,,0.0495072015641172,,,,,,12.48,65,23270.3,23361.1,23231.4,23477.8,mid_price,no_price_available
2026-09-11T08:19:00.891474+00:00,2026-09-11T13:49:00.891474+05:30,NIFTY,29-Sep-2026,31500.0,CE,23337.5,0.55,1755,0.8,1625,0.85,0.675,259,0,2,-15,44.62,0.0016139185001801846,2.251313030679779e-06,-0.3396838728841269,0.27085851376006254,0.03558891565241828,-0.0004470528060261975,5.442280003878613,2.7701858230779286e-09,4.0188966676317954e-05,-5.056042544329171e-07,-0.07586428690793406,36.03239207333859,-0.0011625243955112228,1.2357295708297384e-06,0.0495072015641172,23409.2,0.06196267460043315,0.0121,index_dividend_yield,0.065,12.48,65,23270.3,23361.1,23231.4,23477.8,mid_price,wide_quote_low_liquidity
2026-09-11T08:19:00.891474+00:00,2026-09-11T13:49:00.891474+05:30,NIFTY,29-Sep-2026,31500.0,PE,23337.5,,0,8515.95,1690,0.0,,0,0,0,0,0,,,,,,,,,,,,,,,0.0495072015641172,,,,,,12.48,65,23270.3,23361.1,23231.4,23477.8,none,no_price_available
2026-09-11T08:19:00.891474+00:00,2026-09-11T13:49:00.891474+05:30,NIFTY,29-Sep-2026,33000.0,CE,23337.5,0.65,260,0.8,715,0.95,0.7250000000000001,529,-10,55,90,48.29,0.0008263476482161648,1.1268433098967337e-06,-0.1987455289171165,0.14672285736206503,0.01903898315532037,-0.0002583347221180309,3.1104502927015165,1.3682519104985034e-09,2.1554737432940095e-05,-2.927082806525357e-07,-0.04627002214405762,35.02308365142835,-0.0005677046846783266,5.635653882619711e-07,0.0495072015641172,23409.2,0.06196267460043315,0.0121,index_dividend_yield,0.065,12.48,65,23270.3,23361.1,23231.4,23477.8,mid_price,wide_quote_low_liquidity
2026-09-11T08:19:00.891474+00:00,2026-09-11T13:49:00.891474+05:30,NIFTY,29-Sep-2026,33000.0,PE,23337.5,,0,10109.25,1690,0.0,,0,0,0,0,0,,,,,,,,,,,,,,,0.0495072015641172,,,,,,12.48,65,23270.3,23361.1,23231.4,23477.8,none,no_price_available
2026-09-11T08:19:00.891474+00:00,2026-09-11T13:49:00.891474+05:30,NIFTY,29-Sep-2026,34500.0,CE,23337.5,0.65,130,0.75,1755,0.0,0.7,151,0,0,0,52.03,0.0004899623077981757,6.45532151178669e-07,-0.13197695182804503,0.09056257103353722,0.01143689180071756,-0.00016698324934903024,1.9574334615783326,7.61327551545964e-10,1.271177437638199e-05,-1.8566398759264576e-07,-0.031089661248839454,33.72821170048326,-0.00032160801832812914,2.9538493994300364e-07,0.0495072015641172,23409.2,0.06196267460043315,0.0121,index_dividend_yield,0.065,12.48,65,23270.3,23361.1,23231.4,23477.8,mid_price,ok
2026-09-11T08:19:00.891474+00:00,2026-09-11T13:49:00.891474+05:30,NIFTY,29-Sep-2026,34500.0,PE,23337.5,,0,11649.45,1690,0.0,,0,0,0,0,0,,,,,,,,,,,,,,,0.0495072015641172,,,,,,12.48,65,23270.3,23361.1,23231.4,23477.8,none,no_price_available
2026-09-11T08:25:11.410555+00:00,2026-09-11T13:55:11.410555+05:30,NIFTY,29-Sep-2026,15000.0,CE,23350.5,,0,8741.45,1690,0.0,,0,0,0,0,0,,,,,,,,,,,,,,,0.04949545248113268,,,,,,12.5,65,23270.3,23380.6,23231.4,23477.8,none,no_price_available
2026-09-11T08:25:11.410555+00:00,2026-09-11T13:55:11.410555+05:30,NIFTY,29-Sep-2026,15000.0,PE,23350.5,1.3,65,1.75,2275,1.3,1.525,1424,-14,27,-3.7037037037037037,68.29,-0.0013218921880549757,1.2254777990489697e-06,-0.4221441102582577,0.2258500694482475,-0.018171137835628747,0.00033926100406249013,2.837768045066788,-1.0925732862895303e-09,1.3603338887189087e-05,-2.534413331963144e-07,-0.05923825645721398,-22.347581903667365,0.002149870653264957,2.9697185977997936e-06,0.04949545248113268,23425,0.06435805317313821,0.0121,index_dividend_yield,0.065,12.5,65,23270.3,23380.6,23231.4,23477.8,mid_price,wide_quote_low_liquidity
2026-09-11T08:25:11.410555+00:00,2026-09-11T13:55:11.410555+05:30,NIFTY,29-Sep-2026,16500.0,CE,23350.5,6418.15,650,6996.65,1690,0.0,6707.4,0,0,0,0,0,,,,,,,,,,,,,,,0.04949545248113268,,,,,,12.5,65,23270.3,23380.6,23231.4,23477.8,mid_price,no_price_available
2026-09-11T08:25:11.410555+00:00,2026-09-11T13:55:11.410555+05:30,NIFTY,29-Sep-2026,16500.0,PE,23350.5,0.9,130,1.1,195,1.1,1.0,2039,-1,53,37.5,53.84,-0.0014363457423795993,1.6768724920389484e-06,-0.35798990345631276,0.2436479487830169,-0.024923737141124662,0.0003656736995019496,3.859497717814506,-1.863075413001403e-09,2.3447726252789967e-05,-3.43140077448902e-07,-0.06337440620311255,-28.411221795202945,0.0021042357141730556,3.3583389079251166e-06,0.04949545248113268,23425,0.06435805317313821,0.0121,index_dividend_yield,0.065,12.5,65,23270.3,23380.6,23231.4,23477.8,mid_price,wide_quote_low_liquidity
2026-09-11T08:25:11.410555+00:00,2026-09-11T13:55:11.410555+05:30,NIFTY,29-Sep-2026,18000.0,CE,23350.5,5356.1,65,5436.9,130,5299.7,5396.5,18,0,2,-5.3625,0,,,,,,,,,,,,,,,0.04949545248113268,23425,0.06435805317313821,0.0121,index_dividend_yield,0.065,12.5,65,23270.3,23380.6,23231.4,23477.8,mid_price,no_nse_iv
2026-09-11T08:25:11.410555+00:00,2026-09-11T13:55:11.410555+05:30,NIFTY,29-Sep-2026,18000.0,PE,23350.5,1.55,65,1.7,260,1.6,1.625,13100,-83,1511,28,43.03,-0.0026036583642457174,3.6015079507430313e-06,-0.48894804004424713,0.4182282760662275,-0.050478716507884124,0.0005887910898236008,7.326014878614228,-4.668241822825372e-09,5.4716603398047317e-05,-6.359721276541362e-07,-0.09703228420685511,-34.07832783581215,0.0034767085344310058,6.060824891311786e-06,0.04949545248113268,23425,0.06435805317313821,0.0121,index_dividend_yield,0.065,12.5,65,23270.3,23380.6,23231.4,23477.8,mid_price,ok
2026-09-11T08:25:11.410555+00:00,2026-09-11T13:55:11.410555+05:30,NIFTY,29-Sep-2026,19500.0,CE,23350.5,3906.5,65,3925.1,65,3916.4,3915.8,2161,0,26,-2.5771144278606966,0,,,,,,,,,,,,,,,0.04949545248113268,23425,0.06435805317313821,0.0121,index_dividend_yield,0.065,12.5,65,23270.3,23380.6,23231.4,23477.8,mid_price,no_nse_iv
2026-09-11T08:25:11.410555+00:00,2026-09-11T13:55:11.410555+05:30,NIFTY,29-Sep-2026,19500.0,PE,23350.5,3.8,650,3.9,3250,3.9,3.8499999999999996,15650,601,2012,25.806451612903224,34.08,-0.0071547053732314075,1.1220497699709534e-05,-0.9484075687329989,1.031975471640375,-0.13834224736558207,0.0012662572803588462,17.60159145174256,-1.6047687691943506e-08,0.00015845422902323425,-1.4411026781457069e-06,-0.18966988631303985,-39.370011630224504,0.008785098980800782,1.608923026563127e-05,0.04949545248113268,23425,0.06435805317313821,0.0121,index_dividend_yield,0.065,12.5,65,23270.3,23380.6,23231.4,23477.8,mid_price,ok
2026-09-11T08:25:11.410555+00:00,2026-09-11T13:55:11.410555+05:30,NIFTY,29-Sep-2026,21000.0,CE,23350.5,2416,65,2432.95,65,2394,2424.475,7948,12,157,-3.3586307120943,0,,,,,,,,,,,,,,,0.04949545248113268,23425,0.06435805317313821,0.0121,index_dividend_yield,0.065,12.5,65,23270.3,23380.6,23231.4,23477.8,mid_price,no_nse_iv
2026-09-11T08:25:11.410555+00:00,2026-09-11T13:55:11.410555+05:30,NIFTY,29-Sep-2026,21000.0,PE,23350.5,9.7,1495,9.8,1755,9.75,9.75,33953,2323,12937,31.756756756756758,24.67,-0.022296836684136692,4.141545192139157e-05,-1.805264935692044,2.757333022052019,-0.4202518692648233,0.002727804080868361,43.84264854018149,-6.681064652682842e-08,0.0004906467882901052,-3.1289698933792954e-06,-0.36086531454419113,-48.032545266277914,0.02530864999467946,5.120544965162615e-05,0.04949545248113268,23425,0.06435805317313821,0.0121,index_dividend_yield,0.065,12.5,65,23270.3,23380.6,23231.4,23477.8,mid_price,ok
2026-09-11T08:25:11.410555+00:00,2026-09-11T13:55:11.410555+05:30,NIFTY,29-Sep-2026,21600.0,CE,23350.5,1819.55,65,1836.9,65,1826.9,1828.225,709,13,45,-5.341968911917099,0,,,,,,,,,,,,,,,0.04949545248113268,23425,0.06435805317313821,0.0121,index_dividend_yield,0.065,12.5,65,23270.3,23380.6,23231.4,23477.8,mid_price,no_nse_iv
2026-09-11T08:25:11.410555+00:00,2026-09-11T13:55:11.410555+05:30,NIFTY,29-Sep-2026,21600.0,PE,23350.5,13.3,975,13.4,130,13.4,13.350000000000001,10510,3141,7930,36.04060913705584,20.38,-0.03598147582179788,7.464987421502913e-05,-2.191321472574086,4.105735121603515,-0.6800832691962883,0.0035816028699985417,63.56103346800346,-1.3020097466960525e-07,0.0007893843866403987,-4.021664064744729e-06,-0.4483250545112196,-54.59386732399771,0.03960996257777723,8.723965650169133e-05,0.04949545248113268,23425,0.06435805317313821,0.0121,index_dividend_yield,0.065,12.5,65,23270.3,23380.6,23231.4,23477.8,mid_price,ok
2026-09-11T08:25:11.410555+00:00,2026-09-11T13:55:11.410555+05:30,NIFTY,29-Sep-2026,21650.0,CE,23350.5,1550.35,650,1810.05,65,0.0,1680.1999999999998,1,0,0,0,32.96,,,,,,,,,,,,,,,0.04949545248113268,,,,,,12.5,65,23270.3,23380.6,23231.4,23477.8,mid_price,no_price_available
2026-09-11T08:25:11.410555+00:00,2026-09-11T13:55:11.410555+05:30,NIFTY,29-Sep-2026,21650.0,PE,23350.5,14,65,14.2,260,14.1,14.1,575,236,823,36.89320388349515,20.08,-0.03804773504492282,7.930329395276507e-05,-2.2566555085714337,4.297467518949531,-0.7122260770790028,0.0036879823448939457,65.61980762008268,-1.383632955929449e-07,0.0008159973000736379,-4.077017278583019e-06,-0.4586758987321309,-54.964656027638384,0.04178278813487778,9.225030148734288e-05,0.04949545248113268,23425,0.06435805317313821,0.0121,index_dividend_yield,0.065,12.5,65,23270.3,23380.6,23231.4,23477.8,mid_price,ok
2026-09-11T08:25:11.410555+00:00,2026-09-11T13:55:11.410555+05:30,NIFTY,29-Sep-2026,21700.0,CE,23350.5,1710.2,650,1762.75,65,0.0,1736.475,0,0,0,0,33.96,0.8509456515720969,0.00013122535398678,-13.854755687081559,12.026606524576065,-0.659306534771531,0.005782221236257601,35.71300159607915,-8.307579964000114e-08,3.265495121160776e-06,2.3445289207838426e-07,-0.6441101232265538,10.76228920759478,-0.8305872976488501,0.0001519464836986963,0.04949545248113268,23425,0.06435805317313821,0.0121,index_dividend_yield,0.065,12.5,65,23270.3,23380.6,23231.4,23477.8,mid_price,ok
2026-09-11T08:25:11.410555+00:00,2026-09-11T13:55:11.410555+05:30,NIFTY,29-Sep-2026,21700.0,PE,23350.5,14.4,130,14.55,715,14.55,14.475000000000001,5397,2041,5322,41.262135922330096,19.73,-0.03989296306519339,8.388315283395815e-05,-2.3009323170204388,4.466419372755448,-0.7441635897290528,0.0037778588307860878,67.71660346832186,-1.4707111193267853e-07,0.0008466419184869442,-4.1364450604729615e-06,-0.4673364796618618,-55.55726872630666,0.04369988425926477,9.712871581176537e-05,0.04949545248113268,23425,0.06435805317313821,0.0121,index_dividend_yield,0.065,12.5,65,23270.3,23380.6,23231.4,23477.8,mid_price,ok
2026-09-11T08:25:11.410555+00:00,2026-09-11T13:55:11.410555+05:30,NIFTY,29-Sep-2026,21750.0,CE,23350.5,1461.85,650,1804.9,650,0.0,1633.375,1,0,0,0,29.91,0.8722668531174563,0.00013403259070657764,-11.594892924829887,10.818934536544898,-0.7472093220076137,0.005761773966311612,44.23901799975294,-1.039067732898097e-07,9.995106308286178e-05,-4.923493571783535e-07,-0.6384576039380772,11.58742125110306,-0.8556372629784937,0.00015448426768348408,0.04949545248113268,23425,0.06435805317313821,0.0121,index_dividend_yield,0.065,12.5,65,23270.3,23380.6,23231.4,23477.8,mid_price,wide_quote_low_liquidity
2026-09-11T08:25:11.410555+00:00,2026-09-11T13:55:11.410555+05:30,NIFTY,29-Sep-2026,21750.0,PE,23350.5,15.05,325,16.05,65,15.65,15.55,534,133,804,37.280701754385966,19.47,-0.04257015689766189,8.95992544807174e-05,-2.389672394888279,4.707908520006631,-0.7810285843030534,0.003903572520521676,69.84092103429163,-1.56413866985762e-07,0.0008690213244164635,-4.165220339269764e-06,-0.47930691370060075,-55.75319675340643,0.04652246623553399,0.00010327096671392235,0.04949545248113268,23425,0.06435805317313821,0.0121,index_dividend_yield,0.065,12.5,65,23270.3,23380.6,23231.4,23477.8,mid_price,ok
2026-09-11T08:25:11.410555+00:00,2026-09-11T13:55:11.410555+05:30,NIFTY,29-Sep-2026,21800.0,CE,23350.5,1610.55,65,1660.15,65,0.0,1635.35,2,0,0,0,0,,,,,,,,,,,,,,,0.04949545248113268,23425,0.06435805317313821,0.0121,index_dividend_yield,0.065,12.5,65,23270.3,23380.6,23231.4,23477.8,mid_price,no_nse_iv
2026-09-11T08:25:11.410555+00:00,2026-09-11T13:55:11.410555+05:30,NIFTY,29-Sep-2026,21800.0,PE,23350.5,16.45,195,16.6,65,16.5,16.525,7782,2703,5444,38.65546218487395,19.09,-0.044475602610781574,9.467014511250137e-05,-2.4230922406581135,4.877268211287714,-0.8154881573885115,0.003986309626390662,72.04735443253263,-1.6647452905169736e-07,0.0009025875260382023,-4.217762122754422e-06,-0.48711282965684694,-56.49429356879202,0.048482130006892485,0.00010861565475371749,0.04949545248113268,23425,0.06435805317313821,0.0121,index_dividend_yield,0.065,12.5,65,23270.3,23380.6,23231.4,23477.8,mid_price,ok
2026-09-11T08:25:11.410555+00:00,2026-09-11T13:55:11.410555+05:30,NIFTY,29-Sep-2026,21850.0,CE,23350.5,1340.5,650,1611.4,65,0.0,1475.95,1,0,0,0,19.44,,,,,,,,,,,,,,,0.04949545248113268,,,,,,12.5,65,23270.3,23380.6,23231.4,23477.8,mid_price,no_price_available
2026-09-11T08:25:11.410555+00:00,2026-09-11T13:55:11.410555+05:30,NIFTY,29-Sep-2026,21850.0,PE,23350.5,16.75,1495,17.4,1430,16.95,17.075,430,201,394,32.94117647058823,18.82,-0.04745596583012011,0.00010116509942358244,-2.512248794276571,5.138164445032679,-0.8555006789464428,0.004111761189609431,74.20821430017766,-1.7713792130778762e-07,0.000923573870314324,-4.224318572599797e-06,-0.4988082334872761,-56.73232666602314,0.05160883139344018,0.0001155367638744236,0.04949545248113268,23425,0.06435805317313821,0.0121,index_dividend_yield,0.065,12.5,65,23270.3,23380.6,23231.4,23477.8,mid_price,ok
2026-09-11T08:25:11.410555+00:00,2026-09-11T13:55:11.410555+05:30,NIFTY,29-Sep-2026,21900.0,CE,23350.5,1321.45,715,1560.8,130,0.0,1441.125,9,0,0,0,14.08,,,,,,,,,,,,,,,0.04949545248113268,,,,,,12.5,65,23270.3,23380.6,23231.4,23477.8,mid_price,no_price_available
2026-09-11T08:25:11.410555+00:00,2026-09-11T13:55:11.410555+05:30,NIFTY,29-Sep-2026,21900.0,PE,23350.5,17.9,130,18.05,65,18,17.975,3531,508,2135,43.42629482071713,18.44,-0.04968870546419042,0.00010711565660659153,-2.5487207158093104,5.330544077789549,-0.893960206961697,0.004197902546999775,76.51518801701096,-1.8881091038100071e-07,0.0009566979756392833,-4.257436003918594e-06,-0.5067692558929107,-57.493027890911854,0.05390122973509699,0.00012177470707772568,0.04949545248113268,23425,0.06435805317313821,0.0121,index_dividend_yield,0.065,12.5,65,23270.3,23380.6,23231.4,23477.8,mid_price,ok
2026-09-11T08:25:11.410555+00:00,2026-09-11T13:55:11.410555+05:30,NIFTY,29-Sep-2026,21950.0,CE,23350.5,1280.45,650,1521.35,65,0.0,1400.9,2,0,0,0,29.21,0.8467069915286258,0.00015545179203474129,-12.490549681018702,12.254199818199393,-0.7749128890292001,0.005767997439897754,41.245052624419465,-1.1142196693219729e-07,-8.96285011542429e-06,4.309462329824519e-07,-0.644231549629458,12.503939061860937,-0.8286946399928227,0.00017592155399955104,0.04949545248113268,23425,0.06435805317313821,0.0121,index_dividend_yield,0.065,12.5,65,23270.3,23380.6,23231.4,23477.8,mid_price,wide_quote_low_liquidity
2026-09-11T08:25:11.410555+00:00,2026-09-11T13:55:11.410555+05:30,NIFTY,29-Sep-2026,21950.0,PE,23350.5,18.35,260,18.6,260,18.55,18.475,1667,772,1226,35.4014598540146,18.1,-0.052462148738339084,0.00011394820449072927,-2.606965417022882,5.566006753761658,-0.9357753447258588,0.00430009439950018,78.80859402774342,-2.0127988259420289e-07,0.0009838752009681425,-4.26212926771236e-06,-0.5161214964287444,-58.072270290157306,0.05677048332598961,0.00012895280875879336,0.04949545248113268,23425,0.06435805317313821,0.0121,index_dividend_yield,0.065,12.5,65,23270.3,23380.6,23231.4,23477.8,mid_price,ok
2026-09-11T08:25:11.410555+00:00,2026-09-11T13:55:11.410555+05:30,NIFTY,29-Sep-2026,22000.0,CE,23350.5,1433.3,65,1440.35,65,1437.25,1436.8249999999998,12533,400,771,-4.087420754087421,0,,,,,,,,,,,,,,,0.04949545248113268,23425,0.06435805317313821,0.0121,index_dividend_yield,0.065,12.5,65,23270.3,23380.6,23231.4,23477.8,mid_price,no_nse_iv
2026-09-11T08:25:11.410555+00:00,2026-09-11T13:55:11.410555+05:30,NIFTY,29-Sep-2026,22000.0,PE,23350.5,19.9,715,20,1365,19.85,19.95,51011,4789,35298,39.7887323943662,17.83,-0.0561405064615893,0.00012204468991410015,-2.703955277070476,5.872565903943789,-0.9814615278125361,0.004428168337102932,80.95250435737489,-2.142958406595886e-07,0.0009979241392735194,-4.214756261963166e-06,-0.5277007547626322,-58.30371284717914,0.060608774411671056,0.00013748834859651063,0.04949545248113268,23425,0.06435805317313821,0.0121,index_dividend_yield,0.065,12.5,65,23270.3,23380.6,23231.4,23477.8,mid_price,ok
2026-09-11T08:25:11.410555+00:00,2026-09-11T13:55:11.410555+05:30,NIFTY,29-Sep-2026,22050.0,CE,23350.5,1192.8,650,1415.95,65,0.0,1304.375,1,0,0,0,31.11,0.8155600269706276,0.00016448339810862865,-14.37876021676365,13.809557049982482,-0.7102409286169342,0.005587362116157846,33.222132146979,-9.850667333847434e-08,-0.00013300884086138605,1.4595440058041227e-06,-0.6418155530976328,12.489148264064626,-0.7945084761585878,0.00018445789615180607,0.04949545248113268,23425,0.06435805317313821,0.0121,index_dividend_yield,0.065,12.5,65,23270.3,23380.6,23231.4,23477.8,mid_price,wide_quote_low_liquidity
2026-09-11T08:25:11.410555+00:00,2026-09-11T13:55:11.410555+05:30,NIFTY,29-Sep-2026,22050.0,PE,23350.5,19.75,65,20.05,455,20.35,19.9,1315,337,1380,37.5,17.45,-0.058994382744232104,0.00012966163910582156,-2.7451788815985547,6.106109757700599,-1.0266105536232764,0.004517188447493707,83.35630974886632,-2.2890584383596012e-07,0.0010270544325880506,-4.201835813207581e-06,-0.5356945239896707,-59.093789715171496,0.06353104554630452,0.00014540746018184257,0.04949545248113268,23425,0.06435805317313821,0.0121,index_dividend_yield,0.065,12.5,65,23270.3,23380.6,23231.4,23477.8,mid_price,ok
2026-09-11T08:25:11.410555+00:00,2026-09-11T13:55:11.410555+05:30,NIFTY,29-Sep-2026,22100.0,CE,23350.5,1135.7,715,1361.8,260,0.0,1248.75,14,0,0,0,27.06,,,,,,,,,,,,,,,0.04949545248113268,,,,,,12.5,65,23270.3,23380.6,23231.4,23477.8,mid_price,no_price_available
2026-09-11T08:25:11.410555+00:00,2026-09-11T13:55:11.410555+05:30,NIFTY,29-Sep-2026,22100.0,PE,23350.5,21.6,1105,21.9,325,21.7,21.75,2410,480,2589,41.36807817589577,17.14,-0.06282916457696633,0.00013866899423513765,-2.825762859159319,6.414279068642722,-1.0754983860039105,0.004630492090839891,85.54772745389228,-2.440907365971028e-07,0.0010404595175913128,-4.1267967539054134e-06,-0.5457633124056036,-59.527814460773065,0.06749945256463138,0.00015480578543651847,0.04949545248113268,23425,0.06435805317313821,0.0121,index_dividend_yield,0.065,12.5,65,23270.3,23380.6,23231.4,23477.8,mid_price,ok
2026-09-11T08:25:11.410555+00:00,2026-09-11T13:55:11.410555+05:30,NIFTY,29-Sep-2026,22150.0,CE,23350.5,1272,195,1314,65,0.0,1293.0,1,0,0,0,30.44,0.8023856438038368,0.00017540175256361095,-14.598896355015986,14.409079725123377,-0.7145479511693753,0.00545464745100388,31.623100458771702,-1.0180321379430709e-07,-0.00019127041245972968,1.935975288421476e-06,-0.6385278244080812,13.042111919906484,-0.7810167357939077,0.0001949300688653418,0.04949545248113268,23425,0.06435805317313821,0.0121,index_dividend_yield,0.065,12.5,65,23270.3,23380.6,23231.4,23477.8,mid_price,ok
2026-09-11T08:25:11.410555+00:00,2026-09-11T13:55:11.410555+05:30,NIFTY,29-Sep-2026,22150.0,PE,23350.5,22.55,715,23.3,1105,23.3,22.925,746,-281,1122,40.36144578313253,16.86,-0.06732606043415636,0.00014874137507316833,-2.925503108155172,6.767792428385609,-1.1267103122406668,0.00475197425568652,87.54650448641677,-2.5994791479810096e-07,0.0010419318106936336,-4.0002946504494004e-06,-0.5564546181532437,-59.79725227580726,0.07216196986820542,0.00016530146399548295,0.04949545248113268,23425,0.06435805317313821,0.0121,index_dividend_yield,0.065,12.5,65,23270.3,23380.6,23231.4,23477.8,mid_price,ok
2026-09-11T08:25:11.410555+00:00,2026-09-11T13:55:11.410555+05:30,NIFTY,29-Sep-2026,22200.0,CE,23350.5,1224.3,260,1265.85,130,0.0,1245.0749999999998,1,0,0,0,21.3,0.8734102178964301,0.00018703149212870364,-9.065987239637192,10.751077930466854,-1.0666290977316417,0.00568491670062965,63.45603464046601,-2.01007437960691e-07,0.0002258591405176043,-6.730050085429766e-07,-0.6336471652596707,15.950433320704283,-0.8610785539928618,0.00020691937535354522,0.04949545248113268,23425,0.06435805317313821,0.0121,index_dividend_yield,0.065,12.5,65,23270.3,23380.6,23231.4,23477.8,mid_price,ok
2026-09-11T08:25:11.410555+00:00,2026-09-11T13:55:11.410555+05:30,NIFTY,29-Sep-2026,22200.0,PE,23350.5,24.1,975,24.3,65,24.15,24.200000000000003,5387,1596,7367,37.21590909090909,16.49,-0.07115047755841085,0.00015869164365739467,-2.9773587891380555,7.062075916204164,-1.179074881257014,0.00484186432117463,89.85539782115559,-2.779901528603499e-07,0.0010568588725551325,-3.901509022564227e-06,-0.5643524579893091,-60.55306793674161,0.07607370738135757,0.00017556602583707932,0.04949545248113268,23425,0.06435805317313821,0.0121,index_dividend_yield,0.065,12.5,65,23270.3,23380.6,23231.4,23477.8,mid_price,ok
2026-09-11T08:25:11.410555+00:00,2026-09-11T13:55:11.410555+05:30,NIFTY,29-Sep-2026,22250.0,CE,23350.5,1176.1,195,1377.65,650,0.0,1276.875,6,0,0,0,25.01,0.8265404179629682,0.00019681486684453858,-11.764013919447114,13.28401203133792,-0.9067755964530244,0.005639530865017228,44.39888018655669,-1.5079803913654127e-07,-0.00012912507363399735,1.381744438248275e-06,-0.6419835018918398,15.058220484144469,-0.8098171375324057,0.0002167655385218855,0.04949545248113268,23425,0.06435805317313821,0.0121,index_dividend_yield,0.065,12.5,65,23270.3,23380.6,23231.4,23477.8,mid_price,wide_quote_low_liquidity
2026-09-11T08:25:11.410555+00:00,2026-09-11T13:55:11.410555+05:30,NIFTY,29-Sep-2026,22250.0,PE,23350.5,25.9,650,26.25,65,25.65,26.075,750,-104,759,38.648648648648646,16.28,-0.07727817020423693,0.00017120757692438586,-3.1223866079371243,7.5220297920101915,-1.2336533354459291,0.004976816653425933,91.21670479331412,-2.947231463773201e-07,0.0010246023952022788,-3.639110846793438e-06,-0.5760722338132647,-60.417539038213334,0.08244273267611851,0.0001885624963502164,0.04949545248113268,23425,0.06435805317313821,0.0121,index_dividend_yield,0.065,12.5,65,23270.3,23380.6,23231.4,23477.8,mid_price,ok
2026-09-11T08:25:11.410555+00:00,2026-09-11T13:55:11.410555+05:30,NIFTY,29-Sep-2026,22300.0,CE,23350.5,1137.5,130,1166.65,130,1149.6,1152.075,24,-6,36,-14.844444444444445,0,,,,,,,,,,,,,,,0.04949545248113268,23425,0.06435805317313821,0.0121,index_dividend_yield,0.065,12.5,65,23270.3,23380.6,23231.4,23477.8,mid_price,no_nse_iv
2026-09-11T08:25:11.410555+00:00,2026-09-11T13:55:11.410555+05:30,NIFTY,29-Sep-2026,22300.0,PE,23350.5,27.7,585,27.9,520,27.75,27.799999999999997,4492,182,12653,42.30769230769231,15.96,-0.08253402925384717,0.00018354971761571007,-3.2071681141894546,7.905771822541556,-1.289512849342686,0.005072466033507847,92.97574926274166,-3.141827186123696e-07,0.00100866091212295,-3.412976227788847e-06,-0.5844319588824476,-60.88310666755436,0.08784148561337198,0.00020125021988080444,0.04949545248113268,23425,0.06435805317313821,0.0121,index_dividend_yield,0.065,12.5,65,23270.3,23380.6,23231.4,23477.8,mid_price,ok
2026-09-11T08:25:11.410555+00:00,2026-09-11T13:55:11.410555+05:30,NIFTY,29-Sep-2026,22350.0,CE,23350.5,1094,1040,1134.85,260,0.0,1114.425,2,0,0,0,18.26,0.8770086658917476,0.00021379185393219323,-8.093423487175055,10.535365192427262,-1.2462570179322952,0.005604813167202849,75.27994121366443,-2.7018489668396447e-07,0.00035686822572298684,-9.127710615477753e-07,-0.6279983851107733,18.33836318467565,-0.8663034980450001,0.00023336110220016615,0.04949545248113268,23425,0.06435805317313821,0.0121,index_dividend_yield,0.065,12.5,65,23270.3,23380.6,23231.4,23477.8,mid_price,ok
2026-09-11T08:25:11.410555+00:00,2026-09-11T13:55:11.410555+05:30,NIFTY,29-Sep-2026,22350.0,PE,23350.5,28.7,715,29.25,65,28.8,28.975,389,-5,782,39.46731234866828,15.74,-0.08960653780611352,0.00019792300928937902,-3.3530995225849445,8.407341361319626,-1.3446766983640916,0.005185519692201879,93.80621967002955,-3.3234908167624425e-07,0.0009509982164990119,-3.0398395954350686e-06,-0.5943220561748195,-60.76647473615286,0.09515839916677671,0.00021603971689768955,0.04949545248113268,23425,0.06435805317313821,0.0121,index_dividend_yield,0.065,12.5,65,23270.3,23380.6,23231.4,23477.8,mid_price,ok
2026-09-11T08:25:11.410555+00:00,2026-09-11T13:55:11.410555+05:30,NIFTY,29-Sep-2026,22400.0,CE,23350.5,924.1,715,1082.45,325,0.0,1003.2750000000001,3,0,0,0,24.45,0.7988770239588265,0.0002207092360213235,-12.352774977052404,14.56320754198531,-0.8999754081651101,0.005371386353785534,39.241309698371474,-1.5480941001382098e-07,-0.00030797738887193993,2.583821193959118e-06,-0.6356163428257773,16.15735598940734,-0.7812342122778064,0.00023983736258863686,0.04949545248113268,23425,0.06435805317313821,0.0121,index_dividend_yield,0.065,12.5,65,23270.3,23380.6,23231.4,23477.8,mid_price,wide_quote_low_liquidity
2026-09-11T08:25:11.410555+00:00,2026-09-11T13:55:11.410555+05:30,NIFTY,29-Sep-2026,22400.0,PE,23350.5,32.05,780,32.3,650,32.05,32.175,3485,590,12558,40.26258205689278,15.41,-0.09577266600620135,0.00021236044297490102,-3.435974017245532,8.831488934542259,-1.4025747878421215,0.005260695194665516,95.1373605029282,-3.5401732387361456e-07,0.0009096901973726986,-2.704287849170897e-06,-0.601142367944691,-61.26554640718949,0.10146616250583446,0.0002307650077513484,0.04949545248113268,23425,0.06435805317313821,0.0121,index_dividend_yield,0.065,12.5,65,23270.3,23380.6,23231.4,23477.8,mid_price,ok
2026-09-11T08:25:11.410555+00:00,2026-09-11T13:55:11.410555+05:30,NIFTY,29-Sep-2026,22450.0,CE,23350.5,832,650,1045.25,65,0.0,938.625,2,0,0,0,17.21,0.8669875531303253,0.00023959661085318283,-8.053019062018762,11.12805359675323,-1.3397661929134275,0.005600536241121778,77.58327945562193,-3.0755245574298637e-07,0.0002783011108847881,-3.0988658139742163e-07,-0.6302338269300023,19.863341200895963,-0.8563652172304665,0.0002592031940350734,0.04949545248113268,23425,0.06435805317313821,0.0121,index_dividend_yield,0.065,12.5,65,23270.3,23380.6,23231.4,23477.8,mid_price,wide_quote_low_liquidity
2026-09-11T08:25:11.410555+00:00,2026-09-11T13:55:11.410555+05:30,NIFTY,29-Sep-2026,22450.0,PE,23350.5,34.85,195,35.25,65,34.95,35.05,718,83,1729,42.073170731707314,15.25,-0.10498412692725467,0.0002294621959881585,-3.6233692715878925,9.443623343497507,-1.4535214736442759,0.005355593675760606,94.63828910076266,-3.710986735010945e-07,0.0007949683715846134,-2.122932137452611e-06,-0.6099404988020751,-60.75581161121819,0.11099246252158788,0.00024823946339908156,0.04949545248113268,23425,0.06435805317313821,0.0121,index_dividend_yield,0.065,12.5,65,23270.3,23380.6,23231.4,23477.8,mid_price,ok
2026-09-11T08:25:11.410555+00:00,2026-09-11T13:55:11.410555+05:30,NIFTY,29-Sep-2026,22500.0,CE,23350.5,954.75,325,959.2,130,956.1,956.975,8731,445,2012,-4.799362740217067,0,,,,,,,,,,,,,,,0.04949545248113268,23425,0.06435805317313821,0.0121,index_dividend_yield,0.065,12.5,65,23270.3,23380.6,23231.4,23477.8,mid_price,no_nse_iv
2026-09-11T08:25:11.410555+00:00,2026-09-11T13:55:11.410555+05:30,NIFTY,29-Sep-2026,22500.0,PE,23350.5,38.05,585,38.25,455,38,38.15,46918,10826,59149,38.43351548269581,15,-0.1136538158321001,0.00024697045858942913,-3.7580576847306837,9.997558062028654,-1.5056956830207593,0.005412226468150025,94.41099759655458,-3.9103077841107493e-07,0.0006858851228020357,-1.5484070096115398e-06,-0.6159229759354652,-60.745628255796824,0.11989163243592978,0.00026599430652884086,0.04949545248113268,23425,0.06435805317313821,0.0121,index_dividend_yield,0.065,12.5,65,23270.3,23380.6,23231.4,23477.8,mid_price,ok
2026-09-11T08:25:11.410555+00:00,2026-09-11T13:55:11.410555+05:30,NIFTY,29-Sep-2026,22550.0,CE,23350.5,775.65,650,928.8,65,0.0,852.2249999999999,3,0,0,0,14.99,0.8725821284250889,0.0002669775578398616,-7.271876801027395,10.800256173309073,-1.53648229314568,0.005500957873084688,91.09112005787789,-4.002931041133082e-07,0.00047080243594397274,-6.238677359761695e-07,-0.622929567110452,22.418277278788928,-0.8632533100931559,0.00028626880993124686,0.04949545248113268,23425,0.06435805317313821,0.0121,index_dividend_yield,0.065,12.5,65,23270.3,23380.6,23231.4,23477.8,mid_price,wide_quote_low_liquidity
2026-09-11T08:25:11.410555+00:00,2026-09-11T13:55:11.410555+05:30,NIFTY,29-Sep-2026,22550.0,PE,23350.5,41.2,715,41.65,65,40.65,41.425,2202,1705,4507,38.265306122448976,14.76,-0.12326463073046702,0.0002658076526184333,-3.8996288634225897,10.587940826094027,-1.5542964275094482,0.005446825994904023,93.54151958333556,-4.105127652220991e-07,0.0005475885926923738,-8.727039705223524e-07,-0.6206972770510593,-60.65174809799398,0.12974486842525687,0.00028501436975215326,0.04949545248113268,23425,0.06435805317313821,0.0121,index_dividend_yield,0.065,12.5,65,23270.3,23380.6,23231.4,23477.8,mid_price,ok
2026-09-11T08:25:11.410555+00:00,2026-09-11T13:55:11.410555+05:30,NIFTY,29-Sep-2026,22600.0,CE,23350.5,862,325,869,390,866.9,865.5,23,8,33,-20.46788990825688,0,,,,,,,,,,,,,,,0.04949545248113268,23425,0.06435805317313821,0.0121,index_dividend_yield,0.065,12.5,65,23270.3,23380.6,23231.4,23477.8,mid_price,no_nse_iv
2026-09-11T08:25:11.410555+00:00,2026-09-11T13:55:11.410555+05:30,NIFTY,29-Sep-2026,22600.0,PE,23350.5,45,650,45.25,260,45.2,45.125,10385,3412,19620,35.532233883058474,14.54,-0.1340613642806065,0.00028601716701695507,-4.053458154877682,11.22313469113265,-1.5967819574280728,0.005454549109438295,91.83199103793082,-4.2856344883250674e-07,0.0003733143357679907,-7.765772947658858e-08,-0.6241585521929895,-60.41236538831966,0.14080606597571638,0.00030532867377291864,0.04949545248113268,23425,0.06435805317313821,0.0121,index_dividend_yield,0.065,12.5,65,23270.3,23380.6,23231.4,23477.8,mid_price,ok
2026-09-11T08:25:11.410555+00:00,2026-09-11T13:55:11.410555+05:30,NIFTY,29-Sep-2026,22650.0,CE,23350.5,778.55,65,849.95,325,821,814.25,3,0,21,-39.68557155451072,0,,,,,,,,,,,,,,,0.04949545248113268,23425,0.06435805317313821,0.0121,index_dividend_yield,0.065,12.5,65,23270.3,23380.6,23231.4,23477.8,mid_price,no_nse_iv
2026-09-11T08:25:11.410555+00:00,2026-09-11T13:55:11.410555+05:30,NIFTY,29-Sep-2026,22650.0,PE,23350.5,48.95,780,49.75,65,48.5,49.35,2217,574,2680,30.904183535762485,14.5,-0.14873665283139545,0.0003077276014680141,-4.318677960348287,12.041819743080271,-1.6133627209099637,0.005429616236965862,87.29237153496871,-4.3544348790872324e-07,0.00010859784933136716,1.0111804960787844e-06,-0.6268837863405725,-59.10020744380661,0.15593117367349668,0.0003270562162630694,0.04949545248113268,23425,0.06435805317313821,0.0121,index_dividend_yield,0.065,12.5,65,23270.3,23380.6,23231.4,23477.8,mid_price,ok
2026-09-11T08:25:11.410555+00:00,2026-09-11T13:55:11.410555+05:30,NIFTY,29-Sep-2026,22700.0,CE,23350.5,772.1,650,780.5,260,778.05,776.3,146,117,177,-3.980007404664939,8.37,0.951691801067681,0.0002284431874396951,-4.288216795529229,5.160138245634529,-1.9561661707861444,0.003790288768109939,169.42434222858483,-8.844415892477809e-07,0.004772049013322468,-8.087359816994199e-06,-0.46815663631892157,30.94632013492549,-0.9473295930660737,0.0002417234954479549,0.04949545248113268,23425,0.06435805317313821,0.0121,index_dividend_yield,0.065,12.5,65,23270.3,23380.6,23231.4,23477.8,mid_price,ok
2026-09-11T08:25:11.410555+00:00,2026-09-11T13:55:11.410555+05:30,NIFTY,29-Sep-2026,22700.0,PE,23350.5,54.35,195,54.45,325,54.45,54.400000000000006,11685,970,23029,39.436619718309856,14.18,-0.15992602867963618,0.00033013126885170376,-4.405598294080469,12.633409096922955,-1.6512467775326027,0.005359322121636284,85.30070101769915,-4.5604862395523796e-07,-9.899451095129086e-05,1.9048128967025886e-06,-0.6263270030937829,-59.37473299432107,0.16727962014672984,0.00034932310811224465,0.04949545248113268,23425,0.06435805317313821,0.0121,index_dividend_yield,0.065,12.5,65,23270.3,23380.6,23231.4,23477.8,mid_price,ok
2026-09-11T08:25:11.410555+00:00,2026-09-11T13:55:11.410555+05:30,NIFTY,29-Sep-2026,22750.0,CE,23350.5,703.3,390,740.65,65,712,721.9749999999999,6,3,6,-19.60252935862692,9.11,0.922338210631841,0.00030530878963347066,-4.893531173162063,7.50611739242726,-2.227466460803351,0.004614263031824883,164.87614013119867,-9.239927513756165e-07,0.0033557303840974382,-5.345037508294997e-06,-0.5467286811230103,31.85273205996662,-0.9169632356590384,0.00032163912685424486,0.04949545248113268,23425,0.06435805317313821,0.0121,index_dividend_yield,0.065,12.5,65,23270.3,23380.6,23231.4,23477.8,mid_price,ok
2026-09-11T08:25:11.410555+00:00,2026-09-11T13:55:11.410555+05:30,NIFTY,29-Sep-2026,22750.0,PE,23350.5,59.55,780,60.2,325,58.05,59.875,2351,467,2222,32.534246575342465,14.02,-0.17483628064108572,0.0003536400341774799,-4.5878364123919475,13.380338648615128,-1.6600936030217588,0.005240585134530212,80.62212537781032,-4.6490067777887555e-07,-0.00039147103767916145,3.0646108882510597e-06,-0.624641071991455,-58.69593173881331,0.1825084919464161,0.0003725555099481494,0.04949545248113268,23425,0.06435805317313821,0.0121,index_dividend_yield,0.065,12.5,65,23270.3,23380.6,23231.4,23477.8,mid_price,ok
2026-09-11T08:25:11.410555+00:00,2026-09-11T13:55:11.410555+05:30,NIFTY,29-Sep-2026,22800.0,CE,23350.5,684.25,130,690.6,65,682.65,687.425,3410,3196,4088,-8.171912832929783,8.63,0.9169722037362711,0.0003391250212207606,-4.878103293982869,7.89820310313162,-2.412295237869455,0.004645345905910148,174.02247164070593,-1.0530744994658085e-06,0.003543420612713634,-4.902399006486964e-06,-0.5512029845943553,34.16415875314411,-0.9116240262072739,0.00035569888915159073,0.04949545248113268,23425,0.06435805317313821,0.0121,index_dividend_yield,0.065,12.5,65,23270.3,23380.6,23231.4,23477.8,mid_price,ok
2026-09-11T08:25:11.410555+00:00,2026-09-11T13:55:11.410555+05:30,NIFTY,29-Sep-2026,22800.0,PE,23350.5,65.85,130,66.15,390,66.05,66.0,20634,2318,32999,34.38453713123093,13.82,-0.1902666038086069,0.00037821719235877065,-4.737944396258078,14.106100615284122,-1.6617539005229636,0.005071437899549475,75.66790958764003,-4.7334344232203967e-07,-0.0007078233186891497,4.280956477540731e-06,-0.6211342608709192,-58.214552487059045,0.1982078231830273,0.0003967015901562514,0.04949545248113268,23425,0.06435805317313821,0.0121,index_dividend_yield,0.065,12.5,65,23270.3,23380.6,23231.4,23477.8,mid_price,ok
2026-09-11T08:25:11.410555+00:00,2026-09-11T13:55:11.410555+05:30,NIFTY,29-Sep-2026,22850.0,CE,23350.5,629.25,455,652.6,65,613.75,640.925,6,1,7,-61.055236524001394,8.25,0.90808111723616,0.0003829612682251069,-4.917022043775121,8.526415041907695,-2.613900582081552,0.00470350608263681,180.9290719369301,-1.1898525197922598e-06,0.0034856759082222528,-3.92195342424818e-06,-0.559127981110608,36.669508117336605,-0.902665119914932,0.0003999215553940248,0.04949545248113268,23425,0.06435805317313821,0.0121,index_dividend_yield,0.065,12.5,65,23270.3,23380.6,23231.4,23477.8,mid_price,ok
2026-09-11T08:25:11.410555+00:00,2026-09-11T13:55:11.410555+05:30,NIFTY,29-Sep-2026,22850.0,PE,23350.5,72.8,780,73.35,390,72.8,73.07499999999999,1641,-52,2927,31.884057971014492,13.79,-0.2097270993248296,0.00040189598565973795,-4.983235572666034,14.956693785174009,-1.6207037676018998,0.004820247100673053,67.94185456268842,-4.650854605111635e-07,-0.0010887035316529926,5.699759298837198e-06,-0.6158018406475776,-56.756591942701455,0.21809704412703054,0.0004196948386884412,0.04949545248113268,23425,0.06435805317313821,0.0121,index_dividend_yield,0.065,12.5,65,23270.3,23380.6,23231.4,23477.8,mid_price,ok
2026-09-11T08:25:11.410555+00:00,2026-09-11T13:55:11.410555+05:30,NIFTY,29-Sep-2026,22900.0,CE,23350.5,601.3,650,606,260,605,603.65,302,201,477,-5.3134048047578055,9.95,0.843107693201957,0.0004634379377150471,-6.181771278505774,12.444353272941232,-2.3769035293434437,0.005006629862980061,124.64944676421474,-9.097872116717543e-07,-1.5151689628325506e-05,3.1173882459385083e-06,-0.6050558231708614,35.61488179856016,-0.8355551107054473,0.00048185124690137,0.04949545248113268,23425,0.06435805317313821,0.0121,index_dividend_yield,0.065,12.5,65,23270.3,23380.6,23231.4,23477.8,mid_price,ok
2026-09-11T08:25:11.410555+00:00,2026-09-11T13:55:11.410555+05:30,NIFTY,29-Sep-2026,22900.0,PE,23350.5,80.9,65,81.3,260,81.2,81.1,11619,339,20264,33.442892358258014,13.52,-0.22656049951181248,0.00042857180779029476,-5.067842611115768,15.63716282648683,-1.6023586599779454,0.004539665011370347,62.41465341553276,-4.7055025076122295e-07,-0.0014592597354126896,7.022945147606638e-06,-0.6093769543763781,-56.593426728936855,0.23509956395841827,0.0004455998164256952,0.04949545248113268,23425,0.06435805317313821,0.0121,index_dividend_yield,0.065,12.5,65,23270.3,23380.6,23231.4,23477.8,mid_price,ok
2026-09-11T08:25:11.410555+00:00,2026-09-11T13:55:11.410555+05:30,NIFTY,29-Sep-2026,22950.0,CE,23350.5,559.9,325,568.55,65,567,564.2249999999999,109,98,131,-4.769902586496473,9.13,0.8386047338228578,0.0005145557762838008,-5.95248083838635,12.678296472283016,-2.594185434133034,0.004843127024908522,133.53613582515854,-1.075227829400083e-06,-0.0002156033548051067,4.1976935991576555e-06,-0.5982997277390858,39.101212633250505,-0.831417910703172,0.0005326714829356414,0.04949545248113268,23425,0.06435805317313821,0.0121,index_dividend_yield,0.065,12.5,65,23270.3,23380.6,23231.4,23477.8,mid_price,ok
2026-09-11T08:25:11.410555+00:00,2026-09-11T13:55:11.410555+05:30,NIFTY,29-Sep-2026,22950.0,PE,23350.5,89.4,65,89.65,130,89.25,89.525,3100,700,4819,33.70786516853933,13.37,-0.24667457927454106,0.00045414082615511883,-5.210288690215809,16.38625167053291,-1.5448151324875814,0.004172984082027514,54.93687483883036,-4.614514315266286e-07,-0.0018741497067421094,8.465817005567401e-06,-0.6016626102558753,-55.74017484047561,0.2554819567703054,0.00047012953401623326,0.04949545248113268,23425,0.06435805317313821,0.0121,index_dividend_yield,0.065,12.5,65,23270.3,23380.6,23231.4,23477.8,mid_price,ok
2026-09-11T08:25:11.410555+00:00,2026-09-11T13:55:11.410555+05:30,NIFTY,29-Sep-2026,23000.0,CE,23350.5,521.3,65,523.4,65,522.25,522.3499999999999,12488,1234,14076,-6.691084509558692,10.1,0.7879162012693514,0.0005514207367818134,-6.78348188254912,15.030109195272933,-2.2297871528009217,0.004394607019120089,92.77309708799208,-8.486472186033819e-07,-0.002055780916103802,8.613624085160158e-06,-0.597221127222765,38.812928002753225,-0.7793136446871121,0.0005683551388886224,0.04949545248113268,23425,0.06435805317313821,0.0121,index_dividend_yield,0.065,12.5,65,23270.3,23380.6,23231.4,23477.8,mid_price,ok
2026-09-11T08:25:11.410555+00:00,2026-09-11T13:55:11.410555+05:30,NIFTY,29-Sep-2026,23000.0,PE,23350.5,100.45,585,100.65,65,100.2,100.55000000000001,98699.23076923077,7201.384615384615,102286,29.961089494163424,13.29,-0.2691621849722071,0.0004780275206943988,-5.374823478412397,17.14492339580832,-1.4535188330475624,0.0037213108917463766,46.42984827206398,-4.4056326900245573e-07,-0.002302392394074379,9.927359150455105e-06,-0.5931077831758564,-54.49470058361999,0.2782784882422538,0.0004927079810281983,0.04949545248113268,23425,0.06435805317313821,0.0121,index_dividend_yield,0.065,12.5,65,23270.3,23380.6,23231.4,23477.8,mid_price,ok
2026-09-11T08:25:11.410555+00:00,2026-09-11T13:55:11.410555+05:30,NIFTY,29-Sep-2026,23050.0,CE,23350.5,480.7,65,487.1,65,484.15,483.9,123,115,181,-4.947482085010307,9.11,0.7813663170560108,0.0006222725381760905,-6.426819994730197,15.298775797581392,-2.4509041449738977,0.0041010929561083875,99.11778004069215,-1.0249895446488591e-06,-0.0027988230922800254,1.0542714218993838e-05,-0.5876983838466909,43.42121755509994,-0.7733232593674493,0.000638603279986539,0.04949545248113268,23425,0.06435805317313821,0.0121,index_dividend_yield,0.065,12.5,65,23270.3,23380.6,23231.4,23477.8,mid_price,ok
2026-09-11T08:25:11.410555+00:00,2026-09-11T13:55:11.410555+05:30,NIFTY,29-Sep-2026,23050.0,PE,23350.5,109.85,260,110.7,260,109.8,110.275,2410,751,4356,25.55746140651801,13.14,-0.291925077337669,0.0005028535416205814,-5.474286802115883,17.831773795131102,-1.3532887272647842,0.0032115625204885423,38.47560544791939,-4.189866162029278e-07,-0.0027419581254788106,1.1355794547414735e-05,-0.5845317055179464,-53.59272355990915,0.301248984534215,0.0005160502855758024,0.04949545248113268,23425,0.06435805317313821,0.0121,index_dividend_yield,0.065,12.5,65,23270.3,23380.6,23231.4,23477.8,mid_price,ok
2026-09-11T08:25:11.410555+00:00,2026-09-11T13:55:11.410555+05:30,NIFTY,29-Sep-2026,23100.0,CE,23350.5,443.95,65,445.75,130,446.05,444.85,1061,741,2401,-8.39921963240579,10.12,0.7275091936258048,0.0006309367004771353,-7.2172475712136945,17.231535162821267,-1.9145848890805284,0.003252799118840244,60.33921038635803,-7.386429977646212e-07,-0.004025325568490897,1.3762739856372627e-05,-0.5780995061052927,42.53174485107213,-0.7181078395253698,0.0006446948477457043,0.04949545248113268,23425,0.06435805317313821,0.0121,index_dividend_yield,0.065,12.5,65,23270.3,23380.6,23231.4,23477.8,mid_price,ok
2026-09-11T08:25:11.410555+00:00,2026-09-11T13:55:11.410555+05:30,NIFTY,29-Sep-2026,23100.0,PE,23350.5,121.75,130,122.4,65,121.55,122.075,12794,581,16711,27.210884353741495,13,-0.31616420097604964,0.0005266592767962976,-5.552964230388933,18.47697020762381,-1.2284944637372675,0.0026285770133134823,30.5021428183867,-3.8964825035834555e-07,-0.003181922332221444,1.273130037482298e-05,-0.5763168035274369,-52.61332544672817,0.32566710349715866,0.0005381435602197248,0.04949545248113268,23425,0.06435805317313821,0.0121,index_dividend_yield,0.065,12.5,65,23270.3,23380.6,23231.4,23477.8,mid_price,ok
2026-09-11T08:25:11.410555+00:00,2026-09-11T13:55:11.410555+05:30,NIFTY,29-Sep-2026,23150.0,CE,23350.5,406.65,650,411.75,65,410.2,409.2,326,234,629,-6.207842688921916,9.9,0.6985468119535173,0.0006767007255293381,-7.2536465009706825,18.079628590424424,-1.7557300397407216,0.0025449083521631444,47.56305074693934,-6.981286402731676e-07,-0.005055394727681867,1.620115423427832e-05,-0.5681164543205668,45.26698379380584,-0.6890315018521312,0.0006884731700125221,0.04949545248113268,23425,0.06435805317313821,0.0121,index_dividend_yield,0.065,12.5,65,23270.3,23380.6,23231.4,23477.8,mid_price,ok
2026-09-11T08:25:11.410555+00:00,2026-09-11T13:55:11.410555+05:30,NIFTY,29-Sep-2026,23150.0,PE,23350.5,134.2,195,135.6,390,134.75,134.89999999999998,4363,426,3227,24.30811808118081,12.84,-0.3414958658014079,0.0005500340940427966,-5.589962652939739,19.059535040051,-1.083749782886445,0.001979629919640069,22.96189319265629,-3.5443981777420226e-07,-0.0036212657709540027,1.4030189969255766e-05,-0.5690872771434172,-51.70321590648402,0.3511156594699106,0.0005596029412328332,0.04949545248113268,23425,0.06435805317313821,0.0121,index_dividend_yield,0.065,12.5,65,23270.3,23380.6,23231.4,23477.8,mid_price,ok
2026-09-11T08:25:11.410555+00:00,2026-09-11T13:55:11.410555+05:30,NIFTY,29-Sep-2026,23200.0,CE,23350.5,373.65,65,374.65,65,374.05,374.15,6597,5276,21415,-8.287360549221528,10,0.6621623067572803,0.0007028542964550127,-7.432081327708166,18.968062491060635,-1.4504413946790917,0.0016585536104106735,31.608703549132144,-5.830692803928043e-07,-0.005857714224456116,1.8162524527081227e-05,-0.5600400667733858,47.045726405201464,-0.6522916284301788,0.0007120028026019599,0.04949545248113268,23425,0.06435805317313821,0.0121,index_dividend_yield,0.065,12.5,65,23270.3,23380.6,23231.4,23477.8,mid_price,ok
2026-09-11T08:25:11.410555+00:00,2026-09-11T13:55:11.410555+05:30,NIFTY,29-Sep-2026,23200.0,PE,23350.5,149.4,65,149.95,65,149.4,149.675,21641,1516,30051,24.03486924034869,12.79,-0.3691621060907944,0.000567611041082679,-5.655369239677891,19.59201240005508,-0.8994986259545923,0.0012517382885329775,15.584150976090783,-3.043494925882324e-07,-0.003986634921639121,1.5100855202423729e-05,-0.5635301537081681,-50.26025307192953,0.37894954461352176,0.0005749991912648875,0.04949545248113268,23425,0.06435805317313821,0.0121,index_dividend_yield,0.065,12.5,65,23270.3,23380.6,23231.4,23477.8,mid_price,ok
2026-09-11T08:25:11.410555+00:00,2026-09-11T13:55:11.410555+05:30,NIFTY,29-Sep-2026,23250.0,CE,23350.5,339.95,65,341.95,65,341.35,340.95,8665,8477,17129,-8.754343758353382,10.12,0.6248110568864034,0.0007207351986113018,-7.574431751457749,19.684025209758243,-1.110670043035722,0.0006929664027351956,18.414875953023824,-4.567450161438137e-07,-0.006448158115256446,1.957238782326193e-05,-0.5553231774555591,48.74566684003223,-0.6146386708190498,0.0007269795373743495,0.04949545248113268,23425,0.06435805317313821,0.0121,index_dividend_yield,0.065,12.5,65,23270.3,23380.6,23231.4,23477.8,mid_price,ok
2026-09-11T08:25:11.410555+00:00,2026-09-11T13:55:11.410555+05:30,NIFTY,29-Sep-2026,23250.0,PE,23350.5,164.6,195,165.5,455,164.35,165.05,12547,10106,25730,21.605623381428043,12.63,-0.3969102199068676,0.0005873613853472842,-5.621415520622924,20.020107717356804,-0.7098894887496432,0.0004810496456987834,9.616035827038516,-2.5425963499422673e-07,-0.004368652610975442,1.608677413752254e-05,-0.5601661095138049,-49.304400219268025,0.4067108927020447,0.0005924501939326126,0.04949545248113268,23425,0.06435805317313821,0.0121,index_dividend_yield,0.065,12.5,65,23270.3,23380.6,23231.4,23477.8,mid_price,ok
2026-09-11T08:25:11.410555+00:00,2026-09-11T13:55:11.410555+05:30,NIFTY,29-Sep-2026,23300.0,CE,23350.5,306,130,307.3,325,307.3,306.65,14246,11814,51405,-9.497864821086733,10.05,0.5887024250063159,0.0007445618022724926,-7.561535194803112,20.19409903235849,-0.7843262806961349,-0.0003184975340829732,9.173189153651506,-3.4365910429995345e-07,-0.0070710076589447,2.0787180814608596e-05,-0.5543321841190867,51.27916750720434,-0.5784731428735381,0.0007477927995427022,0.04949545248113268,23425,0.06435805317313821,0.0121,index_dividend_yield,0.065,12.5,65,23270.3,23380.6,23231.4,23477.8,mid_price,ok
2026-09-11T08:25:11.410555+00:00,2026-09-11T13:55:11.410555+05:30,NIFTY,29-Sep-2026,23300.0,PE,23350.5,182.4,130,183.35,260,182.15,182.875,39380,5815,60665,21.67668670674683,12.6,-0.42649428413110174,0.0005988201577422937,-5.6203234281552525,20.36219650376561,-0.4872591819343186,-0.00034130994455350283,4.674392856914622,-1.911685096638986e-07,-0.004615352128299632,1.6693359489695415e-05,-0.5597945875641379,-47.77691766351307,0.4363647931631624,0.0006014187147581207,0.04949545248113268,23425,0.06435805317313821,0.0121,index_dividend_yield,0.065,12.5,65,23270.3,23380.6,23231.4,23477.8,mid_price,ok
2026-09-11T08:25:11.410555+00:00,2026-09-11T13:55:11.410555+05:30,NIFTY,29-Sep-2026,23350.0,CE,23350.5,275.95,65,277.7,520,276.5,276.825,3459,2889,10145,-9.150648923936258,10.1,0.5508773732588267,0.0007536198142575783,-7.563371952186812,20.541461980771647,-0.41598261784031587,-0.0013696012479110786,2.781718104930775,-2.1111629712742087e-07,-0.007360233767519811,2.1233099806926455e-05,-0.5586120310083693,53.34917189374512,-0.5405630639974752,0.0007536520895416466,0.04949545248113268,23425,0.06435805317313821,0.0121,index_dividend_yield,0.065,12.5,65,23270.3,23380.6,23231.4,23477.8,mid_price,ok
2026-09-11T08:25:11.410555+00:00,2026-09-11T13:55:11.410555+05:30,NIFTY,29-Sep-2026,23350.0,PE,23350.5,201,195,202.15,260,201.7,201.575,3604,-337,10732,20.310169997017596,12.52,-0.456447936297194,0.0006093982462291359,-5.549191623700318,20.590324767944836,-0.2559500423338912,-0.0011907539550889412,1.4453598214583252,-1.255045608651792e-07,-0.00482492438005314,1.7090834989143353e-05,-0.5626039223296786,-46.467713608328204,0.46628082568255697,0.000609424344934525,0.04949545248113268,23425,0.06435805317313821,0.0121,index_dividend_yield,0.065,12.5,65,23270.3,23380.6,23231.4,23477.8,mid_price,ok
2026-09-11T08:25:11.410555+00:00,2026-09-11T13:55:11.410555+05:30,NIFTY,29-Sep-2026,23400.0,CE,23350.5,247.4,455,248.35,195,247.6,247.875,22940,5022,38650,-10.159651669085632,10.04,0.513088076479578,0.000763998505512736,-7.450472614715317,20.700645574208774,-0.04464784962160406,-0.00244512899321514,0.07789994531748334,-7.909127555244345e-08,-0.007607425892100961,2.1338622698752782e-05,-0.5679989565050114,56.04079920490588,-0.5028664488176905,0.0007607696229235539,0.04949545248113268,23425,0.06435805317313821,0.0121,index_dividend_yield,0.065,12.5,65,23270.3,23380.6,23231.4,23477.8,mid_price,ok
2026-09-11T08:25:11.410555+00:00,2026-09-11T13:55:11.410555+05:30,NIFTY,29-Sep-2026,23400.0,PE,23350.5,222.25,325,223.5,715,222.5,222.875,28630,1288,33038,18.63503065849107,12.47,-0.4869766801073867,0.0006151534306199361,-5.451743052725362,20.701774406492724,-0.013348981361571699,-0.002052419966562413,0.022135477127704917,-5.532354216506021e-08,-0.0049327260791216035,1.7154095203367127e-05,-0.5689482256154328,-45.05010822987742,0.496733337788974,0.0006125536111340701,0.04949545248113268,23425,0.06435805317313821,0.0121,index_dividend_yield,0.065,12.5,65,23270.3,23380.6,23231.4,23477.8,mid_price,ok
2026-09-11T08:25:11.410555+00:00,2026-09-11T13:55:11.410555+05:30,NIFTY,29-Sep-2026,23450.0,CE,23350.5,219.5,130,221.1,130,220.95,220.3,1766,-443,4929,-10.219422998780983,9.99,0.47483866191340784,0.0007667613162432135,-7.288965492973773,20.672040647612274,0.337104327762211,-0.0035122447040503157,1.092853177057762,5.8679910684431835e-08,-0.007635511467834696,2.0831839924337022e-05,-0.5829393344894243,58.801708021900176,-0.46478289904861103,0.0007602682763105099,0.04949545248113268,23425,0.06435805317313821,0.0121,index_dividend_yield,0.065,12.5,65,23270.3,23380.6,23231.4,23477.8,mid_price,ok
2026-09-11T08:25:11.410555+00:00,2026-09-11T13:55:11.410555+05:30,NIFTY,29-Sep-2026,23450.0,PE,23350.5,245.05,65,246.6,65,245.05,245.825,3317,-543,5313,18.267374517374517,12.43,-0.5177371473565177,0.0006168155564155658,-5.316649407883101,20.691125494499957,0.23362886240063663,-0.002909205285910099,0.5492785096787856,1.6963822216292714e-08,-0.004946257491372709,1.6896819684923854e-05,-0.5788289805596953,-43.61499018336219,0.5273606082753577,0.0006115922777314742,0.04949545248113268,23425,0.06435805317313821,0.0121,index_dividend_yield,0.065,12.5,65,23270.3,23380.6,23231.4,23477.8,mid_price,ok
2026-09-11T08:25:11.410555+00:00,2026-09-11T13:55:11.410555+05:30,NIFTY,29-Sep-2026,23500.0,CE,23350.5,194.3,260,194.95,325,195.65,194.625,45556,8689,98045,-11.28995692586715,9.96,0.4366617627274804,0.0007609176757384844,-7.086270889017787,20.45288982420621,0.7152760037887895,-0.00453372364820942,5.900366751465214,1.966856476747483e-07,-0.007420936816795911,1.969734116733944e-05,-0.6029566915390028,61.551309708133104,-0.42683470982826327,0.0007512670078375438,0.04949545248113268,23425,0.06435805317313821,0.0121,index_dividend_yield,0.065,12.5,65,23270.3,23380.6,23231.4,23477.8,mid_price,ok
2026-09-11T08:25:11.410555+00:00,2026-09-11T13:55:11.410555+05:30,NIFTY,29-Sep-2026,23500.0,PE,23350.5,269.25,390,269.95,65,269.75,269.6,73489,2102,85906,18.07835412562924,12.36,-0.5486665764127939,0.0006162555650192255,-5.121065879098518,20.55592349738444,0.48222677833481553,-0.0037545341593941957,3.084620805021032,9.070332503272848e-08,-0.004893722357097487,1.636697293012923e-05,-0.5921891186168047,-42.29992116082636,0.5580644715305316,0.0006084396369763727,0.04949545248113268,23425,0.06435805317313821,0.0121,index_dividend_yield,0.065,12.5,65,23270.3,23380.6,23231.4,23477.8,mid_price,ok
2026-09-11T08:25:11.410555+00:00,2026-09-11T13:55:11.410555+05:30,NIFTY,29-Sep-2026,23550.0,CE,23350.5,171.15,130,172.15,65,172.55,171.65,3080,-8,4510,-10.87293388429752,9.88,0.39837662097737314,0.0007515871017541991,-6.802390220127517,20.039825282746566,1.0890977532381774,-0.005510033135382341,14.53820177519205,3.3619416910486313e-07,-0.0070625479358642235,1.806809014603375e-05,-0.6277394104917704,64.7603830620438,-0.38890240173090485,0.0007389071422016698,0.04949545248113268,23425,0.06435805317313821,0.0121,index_dividend_yield,0.065,12.5,65,23270.3,23380.6,23231.4,23477.8,mid_price,ok
2026-09-11T08:25:11.410555+00:00,2026-09-11T13:55:11.410555+05:30,NIFTY,29-Sep-2026,23550.0,PE,23350.5,295.3,130,297.2,260,294,296.25,2964,-940,3058,16.412591566026528,12.52,-0.5779361210445704,0.0006011690304854481,-5.022929243370881,20.31227633935729,0.7038297983186226,-0.004493939996203955,7.221801061021438,1.5472070401802905e-07,-0.00458820313437437,1.5305740341990692e-05,-0.6074636898978092,-40.309727127801075,0.5872561583169252,0.000591026760916163,0.04949545248113268,23425,0.06435805317313821,0.0121,index_dividend_yield,0.065,12.5,65,23270.3,23380.6,23231.4,23477.8,mid_price,ok
2026-09-11T08:25:11.410555+00:00,2026-09-11T13:55:11.410555+05:30,NIFTY,29-Sep-2026,23600.0,CE,23350.5,150.55,130,151.3,65,151.35,150.925,21282,5727,35713,-12.056943637420105,9.92,0.36223652655165917,0.0007272237841965859,-6.548633293162846,19.46872067678008,1.41295744682976,-0.006330168436637529,25.833356370435823,4.547852221393751e-07,-0.006366426208481431,1.5825204754214253e-05,-0.6541670184914317,67.18927468897536,-0.3530726615945108,0.0007119285954759588,0.04949545248113268,23425,0.06435805317313821,0.0121,index_dividend_yield,0.065,12.5,65,23270.3,23380.6,23231.4,23477.8,mid_price,ok
2026-09-11T08:25:11.410555+00:00,2026-09-11T13:55:11.410555+05:30,NIFTY,29-Sep-2026,23600.0,PE,23350.5,325.2,65,326.25,390,326,325.725,24322,-2826,17554,16.20032079843165,12.51,-0.607549728587434,0.0005909148448141399,-4.786284036659469,19.949861172632556,0.9262489555188491,-0.005228584002150649,13.179651886824573,2.2059716144266728e-07,-0.004333399058335558,1.4184430033030763e-05,-0.6256355502123867,-38.9012468699462,0.6165793252911609,0.0005784865465850913,0.04949545248113268,23425,0.06435805317313821,0.0121,index_dividend_yield,0.065,12.5,65,23270.3,23380.6,23231.4,23477.8,mid_price,ok
2026-09-11T08:25:11.410555+00:00,2026-09-11T13:55:11.410555+05:30,NIFTY,29-Sep-2026,23650.0,CE,23350.5,131.15,585,132,325,130.15,131.575,3800,22,7193,-12.356902356902356,9.89,0.3264372277494708,0.0007015406404569165,-6.210653789212561,18.72435189027487,1.7175141371317815,-0.007066423934638799,40.08578011869979,5.700098314544513e-07,-0.005591907677293456,1.3254316262284677e-05,-0.6828000821289386,70.21972083904878,-0.31771335104263426,0.0006838847408978917,0.04949545248113268,23425,0.06435805317313821,0.0121,index_dividend_yield,0.065,12.5,65,23270.3,23380.6,23231.4,23477.8,mid_price,ok
2026-09-11T08:25:11.410555+00:00,2026-09-11T13:55:11.410555+05:30,NIFTY,29-Sep-2026,23650.0,PE,23350.5,354.6,65,357.75,390,360.85,356.175,3368,-452,1176,15.861293947664151,12.52,-0.6363093403849469,0.0005766642029903797,-4.527505174295486,19.484308159881756,1.1308865392319345,-0.005893129454456858,20.541391606744952,2.81241892128425e-07,-0.003998193446764424,1.2826962352114842e-05,-0.6453064322158433,-37.48055130053166,0.6450132748507594,0.0005621511090081807,0.04949545248113268,23425,0.06435805317313821,0.0121,index_dividend_yield,0.065,12.5,65,23270.3,23380.6,23231.4,23477.8,mid_price,ok
2026-09-11T08:25:11.410555+00:00,2026-09-11T13:55:11.410555+05:30,NIFTY,29-Sep-2026,23700.0,CE,23350.5,114,65,114.5,130,114.4,114.25,24897,6609,39670,-12.337164750957854,9.93,0.2934133183737367,0.0006669799998976736,-5.888451005504097,17.873916618965083,1.957874958142869,-0.007630145596111693,55.22651756720265,6.58443544984316e-07,-0.004656185097406929,1.0441920472921114e-05,-0.709599279934661,72.71536412715207,-0.28511081146881667,0.0006474533588704658,0.04949545248113268,23425,0.06435805317313821,0.0121,index_dividend_yield,0.065,12.5,65,23270.3,23380.6,23231.4,23477.8,mid_price,ok
2026-09-11T08:25:11.410555+00:00,2026-09-11T13:55:11.410555+05:30,NIFTY,29-Sep-2026,23700.0,PE,23350.5,386.65,65,388.25,325,386.3,387.45,21384,-332,10666,13.01930953774137,12.51,-0.6644790013825141,0.0005603273784276027,-4.2245943950092055,18.91719849138631,1.3205509796133108,-0.0064924332656763895,29.21307287692798,3.382547292457068e-07,-0.0036138978588984706,1.129013881000869e-05,-0.6660985930326753,-36.15252139605157,0.6727888737305388,0.0005439231210616384,0.04949545248113268,23425,0.06435805317313821,0.0121,index_dividend_yield,0.065,12.5,65,23270.3,23380.6,23231.4,23477.8,mid_price,ok
2026-09-11T08:25:11.410555+00:00,2026-09-11T13:55:11.410555+05:30,NIFTY,29-Sep-2026,23750.0,CE,23350.5,99.15,130,99.7,390,98.55,99.42500000000001,4318,-257,7728,-11.693548387096774,9.91,0.2610407999570476,0.0006311734861953853,-5.498934140927277,16.88029645053806,2.1697815009391053,-0.008080315248914838,72.10773097825118,7.408239680976039e-07,-0.00367288642298051,7.438008785659827e-06,-0.7354353089270802,75.79312187059101,-0.2532636301414184,0.0006101180704901665,0.04949545248113268,23425,0.06435805317313821,0.0121,index_dividend_yield,0.065,12.5,65,23270.3,23380.6,23231.4,23477.8,mid_price,ok
2026-09-11T08:25:11.410555+00:00,2026-09-11T13:55:11.410555+05:30,NIFTY,29-Sep-2026,23750.0,PE,23350.5,419.95,65,425.4,650,421.05,422.67499999999995,3331,-122,917,12.354903268845897,12.67,-0.6892325934670489,0.0005359461718220031,-4.010469667481474,18.3254840893932,1.4562905404048032,-0.006945251042763889,37.43881221707035,3.747614998968522e-07,-0.003135208946597576,9.648464852233325e-06,-0.6845589508539405,-34.505410499201695,0.6972776053296127,0.0005180674590906515,0.04949545248113268,23425,0.06435805317313821,0.0121,index_dividend_yield,0.065,12.5,65,23270.3,23380.6,23231.4,23477.8,mid_price,ok
2026-09-11T08:25:11.410555+00:00,2026-09-11T13:55:11.410555+05:30,NIFTY,29-Sep-2026,23800.0,CE,23350.5,85.85,325,86.2,65,86.45,86.025,45270,25,51362,-11.605316973415134,10.02,0.23355452018922362,0.0005881915001990006,-5.188754830860826,15.905383085989085,2.288822230955681,-0.008331802674017147,86.41761039644358,7.79792298663795e-07,-0.0026742701405701595,4.652702233918539e-06,-0.754526220482422,77.63275592663601,-0.22619184601122547,0.0005661834874582079,0.04949545248113268,23425,0.06435805317313821,0.0121,index_dividend_yield,0.065,12.5,65,23270.3,23380.6,23231.4,23477.8,mid_price,ok
2026-09-11T08:25:11.410555+00:00,2026-09-11T13:55:11.410555+05:30,NIFTY,29-Sep-2026,23800.0,PE,23350.5,458.2,65,460.75,65,459.25,459.475,30447,-3027,8414,14.540466392318244,13.06,-0.7089622611799847,0.0005047303741023983,-3.9401651998874145,17.78935843028865,1.5225397608474855,-0.007236920522128654,43.63056843618551,3.8377383745361044e-07,-0.0026268481924478487,8.122355711127818e-06,-0.6984792390039196,-32.53509356688382,0.7169515493658916,0.00048584517684920324,0.04949545248113268,23425,0.06435805317313821,0.0121,index_dividend_yield,0.065,12.5,65,23270.3,23380.6,23231.4,23477.8,mid_price,ok
2026-09-11T08:25:11.410555+00:00,2026-09-11T13:55:11.410555+05:30,NIFTY,29-Sep-2026,23850.0,CE,23350.5,73.95,195,74.5,715,74.25,74.225,4089,344,6998,-12.23404255319149,10.04,0.2062134289687597,0.0005465292176251624,-4.802015611366418,14.808285027227065,2.3893252682866684,-0.00848343861613679,101.68948587697457,8.188811116921316e-07,-0.0016902027478469324,1.8047006499295661e-06,-0.7706617067818886,80.35267531955259,-0.19938201335276598,0.000523876583557259,0.04949545248113268,23425,0.06435805317313821,0.0121,index_dividend_yield,0.065,12.5,65,23270.3,23380.6,23231.4,23477.8,mid_price,ok
2026-09-11T08:25:11.410555+00:00,2026-09-11T13:55:11.410555+05:30,NIFTY,29-Sep-2026,23850.0,PE,23350.5,493.7,65,502.85,650,490.7,498.275,1649,-246,588,9.87460815047022,13.01,,,,,,,,,,,,,,,0.04949545248113268,,,,,,12.5,65,23270.3,23380.6,23231.4,23477.8,mid_price,no_price_available
2026-09-11T08:25:11.410555+00:00,2026-09-11T13:55:11.410555+05:30,NIFTY,29-Sep-2026,23900.0,CE,23350.5,63.4,585,63.75,65,63.7,63.575,29056,1630,32109,-12.73972602739726,10.09,0.18174555414072077,0.0005035277870074656,-4.434846965368984,13.711099295143017,2.4347217577052187,-0.008498311624800525,114.89422409866367,8.356640277754582e-07,-0.000770606685091468,-7.899751863987099e-07,-0.7802960533997947,82.76205645620796,-0.17542141597949837,0.0004806401084564108,0.04949545248113268,23425,0.06435805317313821,0.0121,index_dividend_yield,0.065,12.5,65,23270.3,23380.6,23231.4,23477.8,mid_price,ok
2026-09-11T08:25:11.410555+00:00,2026-09-11T13:55:11.410555+05:30,NIFTY,29-Sep-2026,23900.0,PE,23350.5,534.75,130,538.4,260,533.8,536.575,15640,-754,5360,9.835390946502057,13.22,,,,,,,,,,,,,,,0.04949545248113268,,,,,,12.5,65,23270.3,23380.6,23231.4,23477.8,mid_price,no_price_available
2026-09-11T08:25:11.410555+00:00,2026-09-11T13:55:11.410555+05:30,NIFTY,29-Sep-2026,23950.0,CE,23350.5,54.95,65,55.35,65,54.45,55.150000000000006,4049,-56,4192,-13.365155131264917,10.17,0.16017016543210266,0.0004607602847625052,-4.093677784591932,12.646014013822223,2.4318850669318577,-0.008399954151015049,125.50430973622983,8.325696136729956e-07,4.263830317597782e-05,-3.0426695200489145e-06,-0.7833060700717311,84.81368362205522,-0.1543196726407782,0.0004379821099572687,0.04949545248113268,23425,0.06435805317313821,0.0121,index_dividend_yield,0.065,12.5,65,23270.3,23380.6,23231.4,23477.8,mid_price,ok
2026-09-11T08:25:11.410555+00:00,2026-09-11T13:55:11.410555+05:30,NIFTY,29-Sep-2026,23950.0,PE,23350.5,572.2,65,585.7,715,577.6,578.95,2106,-109,171,12.702439024390245,13.51,,,,,,,,,,,,,,,0.04949545248113268,,,,,,12.5,65,23270.3,23380.6,23231.4,23477.8,mid_price,no_price_available
2026-09-11T08:25:11.410555+00:00,2026-09-11T13:55:11.410555+05:30,NIFTY,29-Sep-2026,24000.0,CE,23350.5,47.55,650,47.7,585,47.65,47.625,131770,4008,110570,-11.922365988909426,10.32,0.14235288480242356,0.00041980224161652344,-3.814311124911168,11.69181993936543,2.3822928457139234,-0.008221004092519052,132.3582450646157,8.071477452905437e-07,0.0006850289969533821,-4.782776717530404e-06,-0.780162700003986,86.00265605203494,-0.13689003913075787,0.00039738789959558555,0.04949545248113268,23425,0.06435805317313821,0.0121,index_dividend_yield,0.065,12.5,65,23270.3,23380.6,23231.4,23477.8,mid_price,ok
2026-09-11T08:25:11.410555+00:00,2026-09-11T13:55:11.410555+05:30,NIFTY,29-Sep-2026,24000.0,PE,23350.5,618.8,130,621.3,390,620.6,620.05,94585.61538461539,-5145,18230,12.376641014033499,13.85,,,,,,,,,,,,,,,0.04949545248113268,,,,,,12.5,65,23270.3,23380.6,23231.4,23477.8,mid_price,no_price_available
2026-09-11T08:25:11.410555+00:00,2026-09-11T13:55:11.410555+05:30,NIFTY,29-Sep-2026,24050.0,CE,23350.5,41.35,65,41.75,260,41.9,41.55,3272,-764,4709,-9.503239740820735,10.41,0.12502886152712267,0.00038064519831913296,-3.4982030166305775,10.693718633865933,2.319467227362114,-0.00796713351180127,138.55705631648263,7.823447383172674e-07,0.0012759274700646064,-6.408425043490758e-06,-0.7717323813650836,87.82398468042479,-0.1200101437914657,0.00035882489235626667,0.04949545248113268,23425,0.06435805317313821,0.0121,index_dividend_yield,0.065,12.5,65,23270.3,23380.6,23231.4,23477.8,mid_price,ok
2026-09-11T08:25:11.410555+00:00,2026-09-11T13:55:11.410555+05:30,NIFTY,29-Sep-2026,24050.0,PE,23350.5,658.95,65,671,65,668.5,664.975,1515,-99,234,10.92674023064797,14.98,,,,,,,,,,,,,,,0.04949545248113268,,,,,,12.5,65,23270.3,23380.6,23231.4,23477.8,mid_price,no_price_available
2026-09-11T08:25:11.410555+00:00,2026-09-11T13:55:11.410555+05:30,NIFTY,29-Sep-2026,24100.0,CE,23350.5,35.5,910,35.65,65,35.7,35.575,28975,948,35393,-10.972568578553616,10.51,0.10975064721026569,0.00034377771275607386,-3.2026231843805766,9.7507517948251,2.233876115863592,-0.007657855952846987,142.45589322590567,7.491121996792078e-07,0.0017520344104031763,-7.706153805205236e-06,-0.7580676766344823,89.47304186020794,-0.10514896173355284,0.00032272752068436447,0.04949545248113268,23425,0.06435805317313821,0.0121,index_dividend_yield,0.065,12.5,65,23270.3,23380.6,23231.4,23477.8,mid_price,ok
2026-09-11T08:25:11.410555+00:00,2026-09-11T13:55:11.410555+05:30,NIFTY,29-Sep-2026,24100.0,PE,23350.5,706.75,65,711.05,65,703.15,708.9,14605,-967,2555,8.060550176732749,14.84,,,,,,,,,,,,,,,0.04949545248113268,,,,,,12.5,65,23270.3,23380.6,23231.4,23477.8,mid_price,no_price_available
2026-09-11T08:25:11.410555+00:00,2026-09-11T13:55:11.410555+05:30,NIFTY,29-Sep-2026,24150.0,CE,23350.5,31,390,31.35,195,31.1,31.175,4330,265,5326,-10.503597122302159,10.64,0.09678115636719413,0.00030994024902764755,-2.9438726088266223,8.899739061669056,2.1308032205078002,-0.007320406133377991,143.88201122905642,7.08102429581825e-07,0.002098297915294504,-8.6403578202839e-06,-0.7404908657104237,90.69230732046942,-0.09254534985653258,0.00028975842771459674,0.04949545248113268,23425,0.06435805317313821,0.0121,index_dividend_yield,0.065,12.5,65,23270.3,23380.6,23231.4,23477.8,mid_price,ok
2026-09-11T08:25:11.410555+00:00,2026-09-11T13:55:11.410555+05:30,NIFTY,29-Sep-2026,24150.0,PE,23350.5,749.55,65,761.5,65,753.6,755.525,2484,-45,204,7.788028320102982,15.65,,,,,,,,,,,,,,,0.04949545248113268,,,,,,12.5,65,23270.3,23380.6,23231.4,23477.8,mid_price,no_price_available
2026-09-11T08:25:11.410555+00:00,2026-09-11T13:55:11.410555+05:30,NIFTY,29-Sep-2026,24200.0,CE,23350.5,27.55,195,27.65,455,27.6,27.6,53112,-1731,38438,-9.656301145662848,10.81,0.08608153249290519,0.00027968944756751453,-2.7285644632390937,8.159422897404927,2.0180731114381176,-0.006981193409385772,143.1029726000963,6.618645859892584e-07,0.0023184055588418946,-9.232178159441324e-06,-0.7207469549041451,91.34332967242447,-0.08215047194204438,0.0002603980442676427,0.04949545248113268,23425,0.06435805317313821,0.0121,index_dividend_yield,0.065,12.5,65,23270.3,23380.6,23231.4,23477.8,mid_price,ok
2026-09-11T08:25:11.410555+00:00,2026-09-11T13:55:11.410555+05:30,NIFTY,29-Sep-2026,24200.0,PE,23350.5,797.15,650,801.65,650,801.95,799.4,28950,-1245,3198,9.01243798001767,15.51,,,,,,,,,,,,,,,0.04949545248113268,,,,,,12.5,65,23270.3,23380.6,23231.4,23477.8,mid_price,no_price_available
2026-09-11T08:25:11.410555+00:00,2026-09-11T13:55:11.410555+05:30,NIFTY,29-Sep-2026,24250.0,CE,23350.5,24.1,195,24.35,130,24.2,24.225,5787,430,8465,-10.536044362292051,11,0.07698883168002224,0.0002526660457112366,-2.5405591271369703,7.500621260269045,1.9028351045921044,-0.00664518167232675,140.89576860348885,6.147020479771018e-07,0.0024496386090356505,-9.586044845989348e-06,-0.6995277554286377,91.67418332082413,-0.07332444317919952,0.00023426950863748082,0.04949545248113268,23425,0.06435805317313821,0.0121,index_dividend_yield,0.065,12.5,65,23270.3,23380.6,23231.4,23477.8,mid_price,ok
2026-09-11T08:25:11.410555+00:00,2026-09-11T13:55:11.410555+05:30,NIFTY,29-Sep-2026,24250.0,PE,23350.5,843.05,65,865.5,65,836,854.275,2580,-80,246,5.077928607340372,15.62,,,,,,,,,,,,,,,0.04949545248113268,,,,,,12.5,65,23270.3,23380.6,23231.4,23477.8,mid_price,no_price_available
2026-09-11T08:25:11.410555+00:00,2026-09-11T13:55:11.410555+05:30,NIFTY,29-Sep-2026,24300.0,CE,23350.5,21.7,455,21.85,845,21.75,21.775,67666,-2596,32449,-8.80503144654088,11.2,0.06911915143328165,0.00022849727469138526,-2.3716359242145657,6.9064793088875085,1.7887241504355098,-0.0063151356313678455,137.72102014196852,5.686655364057025e-07,0.0025166139212161784,-9.766467361434032e-06,-0.6772785771052545,91.8158754757158,-0.06569499787475021,0.0002109895016323937,0.04949545248113268,23425,0.06435805317313821,0.0121,index_dividend_yield,0.065,12.5,65,23270.3,23380.6,23231.4,23477.8,mid_price,ok
2026-09-11T08:25:11.410555+00:00,2026-09-11T13:55:11.410555+05:30,NIFTY,29-Sep-2026,24300.0,PE,23350.5,891.4,65,896.3,65,888.5,893.8499999999999,49612,-1038,2742,6.964425449948835,16.06,,,,,,,,,,,,,,,0.04949545248113268,,,,,,12.5,65,23270.3,23380.6,23231.4,23477.8,mid_price,no_price_available
2026-09-11T08:25:11.410555+00:00,2026-09-11T13:55:11.410555+05:30,NIFTY,29-Sep-2026,24350.0,CE,23350.5,19.15,390,19.3,65,19.2,19.225,7024,-157,4946,-9.21985815602837,11.35,0.06131118601619701,0.00020545066706554628,-2.181562441566872,6.293048589759809,1.6742781128961381,-0.005952036749533874,134.2564835927904,5.264093764064421e-07,0.002573263770657975,-9.899450131865709e-06,-0.6513645472117329,92.51240569774149,-0.05815900046418447,0.00018893046502465913,0.04949545248113268,23425,0.06435805317313821,0.0121,index_dividend_yield,0.065,12.5,65,23270.3,23380.6,23231.4,23477.8,mid_price,ok
2026-09-11T08:25:11.410555+00:00,2026-09-11T13:55:11.410555+05:30,NIFTY,29-Sep-2026,24350.0,PE,23350.5,935.7,130,958.8,65,963.1,947.25,4950,-114,220,11.097012342830777,16.52,,,,,,,,,,,,,,,0.04949545248113268,,,,,,12.5,65,23270.3,23380.6,23231.4,23477.8,mid_price,no_price_available
2026-09-11T08:25:11.410555+00:00,2026-09-11T13:55:11.410555+05:30,NIFTY,29-Sep-2026,24400.0,CE,23350.5,17.25,390,17.35,130,17.25,17.3,44156,342,17119,-8.970976253298153,11.58,0.05565741759316604,0.0001866383622156198,-2.0551828138583015,5.8326664587724055,1.5684454729058896,-0.005655871641162499,129.71780158647172,4.840338334151024e-07,0.00253933959500603,-9.80600947878983e-06,-0.629118412771672,92.1688819935532,-0.05268557444231317,0.00017092816530422445,0.04949545248113268,23425,0.06435805317313821,0.0121,index_dividend_yield,0.065,12.5,65,23270.3,23380.6,23231.4,23477.8,mid_price,ok
2026-09-11T08:25:11.410555+00:00,2026-09-11T13:55:11.410555+05:30,NIFTY,29-Sep-2026,24400.0,PE,23350.5,983.65,65,992.95,65,983.4,988.3,30148,-611,1408,6.509260262103325,16.76,,,,,,,,,,,,,,,0.04949545248113268,,,,,,12.5,65,23270.3,23380.6,23231.4,23477.8,mid_price,no_price_available
2026-09-11T08:25:11.410555+00:00,2026-09-11T13:55:11.410555+05:30,NIFTY,29-Sep-2026,24450.0,CE,23350.5,15.7,195,15.75,195,15.85,15.725,3780,-30,1783,-5.9347181008902075,11.78,0.05019719133699082,0.0001690420503419502,-1.9196968643885035,5.374000592463401,1.4654281774193443,-0.005347388431079292,125.05238407887775,4.4523702359226035e-07,0.0024988141339284202,-9.678551219947099e-06,-0.6049851485975513,92.14466658344347,-0.04741959021118652,0.0001541804801196046,0.04949545248113268,23425,0.06435805317313821,0.0121,index_dividend_yield,0.065,12.5,65,23270.3,23380.6,23231.4,23477.8,mid_price,ok
2026-09-11T08:25:11.410555+00:00,2026-09-11T13:55:11.410555+05:30,NIFTY,29-Sep-2026,24450.0,PE,23350.5,1016.6,65,1043.75,65,1062.4,1030.175,1337,-4,34,9.025604186977269,17.68,,,,,,,,,,,,,,,0.04949545248113268,,,,,,12.5,65,23270.3,23380.6,23231.4,23477.8,mid_price,no_price_available
2026-09-11T08:25:11.410555+00:00,2026-09-11T13:55:11.410555+05:30,NIFTY,29-Sep-2026,24500.0,CE,23350.5,14.35,845,14.45,845,14.4,14.399999999999999,91395,-2045,50093,-7.395498392282958,12.03,0.046034493684491105,0.00015445054164380922,-1.823213049667835,5.014327907172632,1.3727920915444434,-0.005091064309182013,120.11670923451811,4.088282064898268e-07,0.0024161199365977746,-9.449308290189625e-06,-0.5841762096687395,91.48333204511022,-0.0433950388777618,0.00014029740424848275,0.04949545248113268,23425,0.06435805317313821,0.0121,index_dividend_yield,0.065,12.5,65,23270.3,23380.6,23231.4,23477.8,mid_price,ok
2026-09-11T08:25:11.410555+00:00,2026-09-11T13:55:11.410555+05:30,NIFTY,29-Sep-2026,24500.0,PE,23350.5,1080.3,65,1084.9,65,1079.85,1082.6,48395,-1030,4305,5.987142366393483,17.56,,,,,,,,,,,,,,,0.04949545248113268,,,,,,12.5,65,23270.3,23380.6,23231.4,23477.8,mid_price,no_price_available
2026-09-11T08:25:11.410555+00:00,2026-09-11T13:55:11.410555+05:30,NIFTY,29-Sep-2026,24550.0,CE,23350.5,12.8,130,12.95,65,12.9,12.875,3007,-403,1874,-7.526881720430108,12.24,0.041807477060376776,0.0001404545863510136,-1.7112758877343894,4.6395409327752875,1.281936716420122,-0.004815807937908749,115.19723572949036,3.7566161576196516e-07,0.002340056543141027,-9.216484983161583e-06,-0.5611093876111255,91.26202971910361,-0.03932906483651223,0.0001270648128329822,0.04949545248113268,23425,0.06435805317313821,0.0121,index_dividend_yield,0.065,12.5,65,23270.3,23380.6,23231.4,23477.8,mid_price,ok
2026-09-11T08:25:11.410555+00:00,2026-09-11T13:55:11.410555+05:30,NIFTY,29-Sep-2026,24550.0,PE,23350.5,1103.05,65,1153.8,65,1154.2,1128.425,824,-12,32,6.969416126042632,18.14,,,,,,,,,,,,,,,0.04949545248113268,,,,,,12.5,65,23270.3,23380.6,23231.4,23477.8,mid_price,no_price_available
2026-09-11T08:25:11.410555+00:00,2026-09-11T13:55:11.410555+05:30,NIFTY,29-Sep-2026,24600.0,CE,23350.5,11.85,390,11.95,130,11.85,11.899999999999999,24874,-907,11692,-5.9523809523809526,12.46,0.03815993007108167,0.00012810906758045352,-1.6129397004039883,4.30780048083207,1.1977810510317606,-0.00456196947522966,110.27085911926359,3.451425137922452e-07,0.002251291759170279,-8.946793490896625e-06,-0.5391634183384086,90.89143829681903,-0.035823168925887494,0.00011542556923398624,0.04949545248113268,23425,0.06435805317313821,0.0121,index_dividend_yield,0.065,12.5,65,23270.3,23380.6,23231.4,23477.8,mid_price,ok
2026-09-11T08:25:11.410555+00:00,2026-09-11T13:55:11.410555+05:30,NIFTY,29-Sep-2026,24600.0,PE,23350.5,1176.3,65,1186.05,65,1178.85,1181.175,10497,-223,1177,6.509757860498735,19.58,,,,,,,,,,,,,,,0.04949545248113268,,,,,,12.5,65,23270.3,23380.6,23231.4,23477.8,mid_price,no_price_available
2026-09-11T08:25:11.410555+00:00,2026-09-11T13:55:11.410555+05:30,NIFTY,29-Sep-2026,24650.0,CE,23350.5,11,65,11.15,845,10.95,11.075,2629,-164,2107,-7.594936708860759,12.71,0.035237588158993825,0.00011766598742438334,-1.5373755464231162,4.036027921197238,1.1227310455206967,-0.004345584061882415,105.48420141071601,3.1735980570515923e-07,0.002149604257995978,-8.648653070470169e-06,-0.5199414566670058,90.15729499087433,-0.033009690082875826,0.00010558676046182246,0.04949545248113268,23425,0.06435805317313821,0.0121,index_dividend_yield,0.065,12.5,65,23270.3,23380.6,23231.4,23477.8,mid_price,ok
2026-09-11T08:25:11.410555+00:00,2026-09-11T13:55:11.410555+05:30,NIFTY,29-Sep-2026,24650.0,PE,23350.5,1220.2,65,1253.25,845,1267.15,1236.725,577,-2,9,7.185755371341567,20.45,,,,,,,,,,,,,,,0.04949545248113268,,,,,,12.5,65,23270.3,23380.6,23231.4,23477.8,mid_price,no_price_available
2026-09-11T08:25:11.410555+00:00,2026-09-11T13:55:11.410555+05:30,NIFTY,29-Sep-2026,24700.0,CE,23350.5,10.35,325,10.45,1885,10.45,10.399999999999999,24394,-1642,16619,-5.429864253393665,13.01,0.03314287594860297,0.0001093048556113273,-1.4924705542339016,3.8377300192829953,1.0590302242831326,-0.0041812003476420015,101.02002456799907,2.925036324367708e-07,0.0020371402059001066,-8.33650859953286e-06,-0.5050164578143215,88.87040367651866,-0.030979534746338196,9.76872575099602e-05,0.04949545248113268,23425,0.06435805317313821,0.0121,index_dividend_yield,0.065,12.5,65,23270.3,23380.6,23231.4,23477.8,mid_price,ok
2026-09-11T08:25:11.410555+00:00,2026-09-11T13:55:11.410555+05:30,NIFTY,29-Sep-2026,24700.0,PE,23350.5,1274.75,65,1284.6,130,1275.85,1279.675,3712,-86,204,5.1120448179271705,19.74,,,,,,,,,,,,,,,0.04949545248113268,,,,,,12.5,65,23270.3,23380.6,23231.4,23477.8,mid_price,no_price_available
2026-09-11T08:25:11.410555+00:00,2026-09-11T13:55:11.410555+05:30,NIFTY,29-Sep-2026,24750.0,CE,23350.5,9.55,130,9.6,65,9.6,9.575,4162,165,5383,-7.246376811594203,13.26,0.030751456081148876,0.00010081204239117249,-1.4265608257487656,3.6075603518570505,0.994518977849284,-0.0039890613437571325,96.59067171381629,2.696365815840904e-07,0.0019389895582131295,-8.038274086482995e-06,-0.4872386355586027,88.1284377850927,-0.02868339285715175,8.973345212776476e-05,0.04949545248113268,23425,0.06435805317313821,0.0121,index_dividend_yield,0.065,12.5,65,23270.3,23380.6,23231.4,23477.8,mid_price,ok
2026-09-11T08:25:11.410555+00:00,2026-09-11T13:55:11.410555+05:30,NIFTY,29-Sep-2026,24750.0,PE,23350.5,1313.6,65,1341.6,1495,1335.4,1327.6,455,0,21,5.0296905108340875,21.36,,,,,,,,,,,,,,,0.04949545248113268,,,,,,12.5,65,23270.3,23380.6,23231.4,23477.8,mid_price,no_price_available
2026-09-11T08:25:11.410555+00:00,2026-09-11T13:55:11.410555+05:30,NIFTY,29-Sep-2026,24800.0,CE,23350.5,8.95,195,9,1885,8.95,8.975,16405,-4760,16819,-3.763440860215054,13.48,0.028314995317638227,9.259944680411435e-05,-1.351256971053965,3.3686504786824285,0.9311981093620396,-0.0037856714159811497,92.19640117364803,2.485051373848191e-07,0.0018474630047047573,-7.741838620954804e-06,-0.4680142082125153,87.68870871664268,-0.026356021726857387,8.209135032744045e-05,0.04949545248113268,23425,0.06435805317313821,0.0121,index_dividend_yield,0.065,12.5,65,23270.3,23380.6,23231.4,23477.8,mid_price,ok
2026-09-11T08:25:11.410555+00:00,2026-09-11T13:55:11.410555+05:30,NIFTY,29-Sep-2026,24800.0,PE,23350.5,1371.3,65,1382.7,65,1372.15,1377.0,5435,-3,218,4.720293062657407,21.6,,,,,,,,,,,,,,,0.04949545248113268,,,,,,12.5,65,23270.3,23380.6,23231.4,23477.8,mid_price,no_price_available
2026-09-11T08:25:11.410555+00:00,2026-09-11T13:55:11.410555+05:30,NIFTY,29-Sep-2026,24850.0,CE,23350.5,8.25,65,8.35,650,8.35,8.3,3972,-212,2300,-3.468208092485549,13.7,0.026120503481010127,8.518241046184131e-05,-1.281307088745506,3.149402445588433,0.8723124377934856,-0.003594077131364122,87.9516331245156,2.2918063898760122e-07,0.0017571142610006553,-7.445058426136983e-06,-0.44951275795522644,87.23154297375034,-0.02426296869983384,7.521241059007757e-05,0.04949545248113268,23425,0.06435805317313821,0.0121,index_dividend_yield,0.065,12.5,65,23270.3,23380.6,23231.4,23477.8,mid_price,ok
2026-09-11T08:25:11.410555+00:00,2026-09-11T13:55:11.410555+05:30,NIFTY,29-Sep-2026,24850.0,PE,23350.5,1390.5,195,1430.1,715,1453.05,1410.3,214,-3,15,5.259154623492339,23,,,,,,,,,,,,,,,0.04949545248113268,,,,,,12.5,65,23270.3,23380.6,23231.4,23477.8,mid_price,no_price_available
2026-09-11T08:25:11.410555+00:00,2026-09-11T13:55:11.410555+05:30,NIFTY,29-Sep-2026,24900.0,CE,23350.5,7.8,1040,7.85,65,7.85,7.824999999999999,7923,-2100,6625,-5.9880239520958085,13.97,0.024550882118092504,7.930982099963951e-05,-1.237985915380464,2.9900678517631865,0.8233691015817856,-0.00345021480758197,84.15312331166835,2.1216828620769804e-07,0.0016644296795058865,-7.159547520053294e-06,-0.4353618666432948,86.26249902885924,-0.022756211444965396,6.974621503544096e-05,0.04949545248113268,23425,0.06435805317313821,0.0121,index_dividend_yield,0.065,12.5,65,23270.3,23380.6,23231.4,23477.8,mid_price,ok
2026-09-11T08:25:11.410555+00:00,2026-09-11T13:55:11.410555+05:30,NIFTY,29-Sep-2026,24900.0,PE,23350.5,1467.65,65,1481.8,65,1475.95,1474.725,1180,-4,57,5.075997579468195,21.34,,,,,,,,,,,,,,,0.04949545248113268,,,,,,12.5,65,23270.3,23380.6,23231.4,23477.8,mid_price,no_price_available
2026-09-11T08:25:11.410555+00:00,2026-09-11T13:55:11.410555+05:30,NIFTY,29-Sep-2026,24950.0,CE,23350.5,7.45,260,7.55,1430,7.45,7.5,1405,-313,1253,-9.696969696969697,14.28,0.023436002014321205,7.461654317407201e-05,-1.214643093872496,2.8755505096999423,0.7825697353858254,-0.0033437715765768546,80.78603500454528,1.972357624722031e-07,0.001573785790316855,-6.892980961320529e-06,-0.42474555019210314,84.91932529582229,-0.02167527467832557,6.535613997640605e-05,0.04949545248113268,23425,0.06435805317313821,0.0121,index_dividend_yield,0.065,12.5,65,23270.3,23380.6,23231.4,23477.8,mid_price,ok
2026-09-11T08:25:11.410555+00:00,2026-09-11T13:55:11.410555+05:30,NIFTY,29-Sep-2026,24950.0,PE,23350.5,1397.25,650,1544.7,780,1562.45,1470.975,77,-2,4,12.812274368231048,23.43,,,,,,,,,,,,,,,0.04949545248113268,,,,,,12.5,65,23270.3,23380.6,23231.4,23477.8,mid_price,no_price_available
2026-09-11T08:25:11.410555+00:00,2026-09-11T13:55:11.410555+05:30,NIFTY,29-Sep-2026,25000.0,CE,23350.5,7.05,2015,7.15,2795,7.15,7.1,86791,-3311,28672,-9.49367088607595,14.55,0.02211899935156436,6.974836702933898e-05,-1.1766436326217677,2.7387645975858743,0.7405644092673691,-0.0032166799994915655,77.3874498137046,1.831916337635822e-07,0.0014914817185934575,-6.63096159347116e-06,-0.4119150949476808,83.97911973656305,-0.02041357914935712,6.084801229513761e-05,0.04949545248113268,23425,0.06435805317313821,0.0121,index_dividend_yield,0.065,12.5,65,23270.3,23380.6,23231.4,23477.8,mid_price,ok
2026-09-11T08:25:11.410555+00:00,2026-09-11T13:55:11.410555+05:30,NIFTY,29-Sep-2026,25000.0,PE,23350.5,1572.5,130,1580.3,130,1578.9,1576.4,32051.30769230769,-928,1971,4.176563737133808,22.38,,,,,,,,,,,,,,,0.04949545248113268,,,,,,12.5,65,23270.3,23380.6,23231.4,23477.8,mid_price,no_price_available
2026-09-11T08:25:11.410555+00:00,2026-09-11T13:55:11.410555+05:30,NIFTY,29-Sep-2026,25050.0,CE,23350.5,6.65,650,6.75,650,6.7,6.7,1385,-137,1059,-11.258278145695364,14.77,0.020566759229410935,6.460961506665016e-05,-1.1213341347686885,2.575344408251437,0.6963572097710251,-0.0030637430959575,73.86589025578827,1.6974853225675383e-07,0.0014157037425614643,-6.365769081533536e-06,-0.39624418184682986,83.50275702792788,-0.018941831329290927,5.614021378614568e-05,0.04949545248113268,23425,0.06435805317313821,0.0121,index_dividend_yield,0.065,12.5,65,23270.3,23380.6,23231.4,23477.8,mid_price,ok
2026-09-11T08:25:11.410555+00:00,2026-09-11T13:55:11.410555+05:30,NIFTY,29-Sep-2026,25050.0,PE,23350.5,1577.8,130,1649.6,65,0.0,1613.6999999999998,60,0,0,0,11.04,,,,,,,,,,,,,,,0.04949545248113268,,,,,,12.5,65,23270.3,23380.6,23231.4,23477.8,mid_price,no_price_available
2026-09-11T08:25:11.410555+00:00,2026-09-11T13:55:11.410555+05:30,NIFTY,29-Sep-2026,25100.0,CE,23350.5,6.3,65,6.35,260,6.3,6.324999999999999,5470,-493,2951,-11.267605633802816,15.02,0.01935230170266052,6.033667510902191e-05,-1.0812151592446764,2.4457326138207565,0.658357776372926,-0.002939560019738285,70.6946525944685,1.5782824183453366e-07,0.00134234888204293,-6.117902156556406e-06,-0.3833242232672798,82.74921585031184,-0.017785857056153383,5.22187294187023e-05,0.04949545248113268,23425,0.06435805317313821,0.0121,index_dividend_yield,0.065,12.5,65,23270.3,23380.6,23231.4,23477.8,mid_price,ok
2026-09-11T08:25:11.410555+00:00,2026-09-11T13:55:11.410555+05:30,NIFTY,29-Sep-2026,25100.0,PE,23350.5,1664.75,325,1680.85,130,1707.8,1672.8,1450,-24,55,5.798537975467724,24.61,,,,,,,,,,,,,,,0.04949545248113268,,,,,,12.5,65,23270.3,23380.6,23231.4,23477.8,mid_price,no_price_available
2026-09-11T08:25:11.410555+00:00,2026-09-11T13:55:11.410555+05:30,NIFTY,29-Sep-2026,25150.0,CE,23350.5,6.1,65,6.15,780,6,6.125,626,-86,339,-13.66906474820144,15.27,0.01824176750021648,5.643825592391452e-05,-1.0437359160408086,2.3257888782690843,0.6230759651138507,-0.0028228688209248685,67.68885113075763,1.4693199907596684e-07,0.0012729584819222155,-5.880179395497411e-06,-0.3710225263559401,81.99859733048054,-0.016730009439332057,4.865079872709959e-05,0.04949545248113268,23425,0.06435805317313821,0.0121,index_dividend_yield,0.065,12.5,65,23270.3,23380.6,23231.4,23477.8,mid_price,ok
2026-09-11T08:25:11.410555+00:00,2026-09-11T13:55:11.410555+05:30,NIFTY,29-Sep-2026,25150.0,PE,23350.5,1660.05,65,1901.85,1690,1757.85,1780.9499999999998,19,-2,3,99.74433270836884,25.16,,,,,,,,,,,,,,,0.04949545248113268,,,,,,12.5,65,23270.3,23380.6,23231.4,23477.8,mid_price,no_price_available
2026-09-11T08:25:11.410555+00:00,2026-09-11T13:55:11.410555+05:30,NIFTY,29-Sep-2026,25200.0,CE,23350.5,5.75,845,5.8,65,5.85,5.775,8222,51,6073,-12.030075187969924,15.56,0.017461349240656468,5.335882390121052e-05,-1.0231237951702203,2.240647348393809,0.5941817363961411,-0.002738065687208354,65.09799549919659,1.374718006456204e-07,0.0012073232038343458,-5.667383821419707e-06,-0.3619804120726489,80.91273476799947,-0.015979844744810665,4.58139287389071e-05,0.04949545248113268,23425,0.06435805317313821,0.0121,index_dividend_yield,0.065,12.5,65,23270.3,23380.6,23231.4,23477.8,mid_price,ok
2026-09-11T08:25:11.410555+00:00,2026-09-11T13:55:11.410555+05:30,NIFTY,29-Sep-2026,25200.0,PE,23350.5,1751.3,65,1791.35,65,1775,1771.3249999999998,1276,-109,205,3.0568699741632073,21.8,,,,,,,,,,,,,,,0.04949545248113268,,,,,,12.5,65,23270.3,23380.6,23231.4,23477.8,mid_price,no_price_available
2026-09-11T08:25:11.410555+00:00,2026-09-11T13:55:11.410555+05:30,NIFTY,29-Sep-2026,25250.0,CE,23350.5,5.5,390,5.7,975,5.5,5.6,1326,-31,594,-15.384615384615385,15.84,0.016685077302515013,5.041744555317308e-05,-1.0004432930514329,2.1552302947304476,0.5663980446395724,-0.0026523972027432605,62.59391674082026,1.286999498531692e-07,0.0011459706738189618,-5.462009710766021e-06,-0.35276005474647004,79.93105517608555,-0.015236856857182561,4.311718924509038e-05,0.04949545248113268,23425,0.06435805317313821,0.0121,index_dividend_yield,0.065,12.5,65,23270.3,23380.6,23231.4,23477.8,mid_price,ok
2026-09-11T08:25:11.410555+00:00,2026-09-11T13:55:11.410555+05:30,NIFTY,29-Sep-2026,25250.0,PE,23350.5,1685.85,65,1839.2,65,1829.75,1762.525,29,-1,1,45.103092783505154,22.94,,,,,,,,,,,,,,,0.04949545248113268,,,,,,12.5,65,23270.3,23380.6,23231.4,23477.8,mid_price,no_price_available
2026-09-11T08:25:11.410555+00:00,2026-09-11T13:55:11.410555+05:30,NIFTY,29-Sep-2026,25300.0,CE,23350.5,5.25,1690,5.35,845,5.25,5.3,7453,-376,2197,-14.634146341463415,16.06,0.015646060394432327,4.706156558965182e-05,-0.9587543234262332,2.039715421508581,0.5351110508842989,-0.0025365224765917568,59.85175943994425,1.1994397944543695e-07,0.0010878969459015154,-5.243638291373285e-06,-0.3401505257989761,79.44804001422526,-0.014258688304057266,4.008830530710657e-05,0.04949545248113268,23425,0.06435805317313821,0.0121,index_dividend_yield,0.065,12.5,65,23270.3,23380.6,23231.4,23477.8,mid_price,ok
2026-09-11T08:25:11.410555+00:00,2026-09-11T13:55:11.410555+05:30,NIFTY,29-Sep-2026,25300.0,PE,23350.5,1856,390,1886.7,65,1870.35,1871.35,466,-20,26,5.487718902456219,27.98,,,,,,,,,,,,,,,0.04949545248113268,,,,,,12.5,65,23270.3,23380.6,23231.4,23477.8,mid_price,no_price_available
2026-09-11T08:25:11.410555+00:00,2026-09-11T13:55:11.410555+05:30,NIFTY,29-Sep-2026,25350.0,CE,23350.5,5,130,5.1,715,5.05,5.05,393,-7,132,-15.833333333333334,16.3,0.0147945325952478,4.419236338308531e-05,-0.9262718668089394,1.9439831678408614,0.5077099380108872,-0.0024387947096835387,57.372762273407375,1.1212605126369457e-07,0.001033124574665828,-5.042058639224061e-06,-0.3293855207295302,78.80242877756417,-0.013454669101248547,3.749589027363237e-05,0.04949545248113268,23425,0.06435805317313821,0.0121,index_dividend_yield,0.065,12.5,65,23270.3,23380.6,23231.4,23477.8,mid_price,ok
2026-09-11T08:25:11.410555+00:00,2026-09-11T13:55:11.410555+05:30,NIFTY,29-Sep-2026,25350.0,PE,23350.5,1892.75,65,1951.45,65,0.0,1922.1,16,0,0,0,6.15,,,,,,,,,,,,,,,0.04949545248113268,,,,,,12.5,65,23270.3,23380.6,23231.4,23477.8,mid_price,no_price_available
2026-09-11T08:25:11.410555+00:00,2026-09-11T13:55:11.410555+05:30,NIFTY,29-Sep-2026,25400.0,CE,23350.5,4.8,1820,4.9,845,4.85,4.85,3272,-213,2882,-16.379310344827587,16.58,0.014203767143424209,4.194855871553095e-05,-0.9086123366961878,1.8769782398385642,0.4855692871103849,-0.002368984279511264,55.2760298630387,1.0539525931158488e-07,0.000982349609604889,-4.8661743229050055e-06,-0.3216201907531795,77.85083300895494,-0.012889952801263215,3.5452101127800414e-05,0.04949545248113268,23425,0.06435805317313821,0.0121,index_dividend_yield,0.065,12.5,65,23270.3,23380.6,23231.4,23477.8,mid_price,ok
2026-09-11T08:25:11.410555+00:00,2026-09-11T13:55:11.410555+05:30,NIFTY,29-Sep-2026,25400.0,PE,23350.5,1949.9,65,1991.25,650,2005,1970.575,412,-5,6,5.5624292521125644,27.49,,,,,,,,,,,,,,,0.04949545248113268,,,,,,12.5,65,23270.3,23380.6,23231.4,23477.8,mid_price,no_price_available
2026-09-11T08:25:11.410555+00:00,2026-09-11T13:55:11.410555+05:30,NIFTY,29-Sep-2026,25450.0,CE,23350.5,4.6,65,4.75,715,4.7,4.675,747,-34,97,-16.8141592920354,16.88,0.01374917546046616,4.006371252823619e-05,-0.8984252870160628,1.8250774581540816,0.46654670791645114,-0.002314081216019802,53.419776893855904,9.942394526241428e-08,0.0009353082108267305,-4.707648013367732e-06,-0.3154681600505569,76.76761249802944,-0.012450609737536198,3.37262446904709e-05,0.04949545248113268,23425,0.06435805317313821,0.0121,index_dividend_yield,0.065,12.5,65,23270.3,23380.6,23231.4,23477.8,mid_price,ok
2026-09-11T08:25:11.410555+00:00,2026-09-11T13:55:11.410555+05:30,NIFTY,29-Sep-2026,25450.0,PE,23350.5,1977.9,65,2241.4,65,0.0,2109.65,11,0,0,0,6.11,-0.9994012838996491,8.463899662968256e-12,3.744012586634868,1.3956270692926702e-07,2.845190749667381e-07,-3.313134196447631e-05,9.039581176337728e-05,3.1662628425118515e-13,5.320257414857045e-09,-9.4696854952589e-12,-1.6489772897634949e-07,-11.486011152470054,0.9967879648543381,7.125039919045896e-12,0.04949545248113268,23425,0.06435805317313821,0.0121,index_dividend_yield,0.065,12.5,65,23270.3,23380.6,23231.4,23477.8,mid_price,ok
2026-09-11T08:25:11.410555+00:00,2026-09-11T13:55:11.410555+05:30,NIFTY,29-Sep-2026,25500.0,CE,23350.5,4.4,2210,4.5,5915,4.45,4.45,49675,295,17787,-17.59259259259259,17.1,0.01296977152724272,3.7604513604303335e-05,-0.8644854633439537,1.7353766670828268,0.44244943737809916,-0.002220173902185981,51.18344301893685,9.308081088382127e-08,0.0008891950207668401,-4.524652862962896e-06,-0.30485786230433964,76.29244897998714,-0.011720825417719934,3.153203382301586e-05,0.04949545248113268,23425,0.06435805317313821,0.0121,index_dividend_yield,0.065,12.5,65,23270.3,23380.6,23231.4,23477.8,mid_price,ok
2026-09-11T08:25:11.410555+00:00,2026-09-11T13:55:11.410555+05:30,NIFTY,29-Sep-2026,25500.0,PE,23350.5,2068.5,65,2080.05,65,2070.8,2074.275,23013,-213,945,3.426231145739686,27.64,,,,,,,,,,,,,,,0.04949545248113268,,,,,,12.5,65,23270.3,23380.6,23231.4,23477.8,mid_price,no_price_available
2026-09-11T08:25:11.410555+00:00,2026-09-11T13:55:11.410555+05:30,NIFTY,29-Sep-2026,25550.0,CE,23350.5,4.25,65,4.35,65,4.25,4.3,608,-9,261,-20.560747663551403,17.33,0.012292624185432368,3.542273841950197e-05,-0.835526495383516,1.6566789825524924,0.4206912688312029,-0.0021366426348936023,49.119731852192096,8.732630809567519e-08,0.0008458566052294263,-4.3537234762183096e-06,-0.2953201682893767,75.74342141015556,-0.011086078248186061,2.9586438666709583e-05,0.04949545248113268,23425,0.06435805317313821,0.0121,index_dividend_yield,0.065,12.5,65,23270.3,23380.6,23231.4,23477.8,mid_price,ok
2026-09-11T08:25:11.410555+00:00,2026-09-11T13:55:11.410555+05:30,NIFTY,29-Sep-2026,25550.0,PE,23350.5,2086.55,65,2264.9,2340,0.0,2175.7250000000004,6,0,0,0,0,,,,,,,,,,,,,,,0.04949545248113268,,,,,,12.5,65,23270.3,23380.6,23231.4,23477.8,mid_price,no_price_available
2026-09-11T08:25:11.410555+00:00,2026-09-11T13:55:11.410555+05:30,NIFTY,29-Sep-2026,25600.0,CE,23350.5,4,650,4.1,715,4,4.05,2407,-309,1190,-19.19191919191919,17.56,0.01166606082808026,3.340814217020639e-05,-0.8082685068620115,1.5831953459963506,0.40034260863545595,-0.0020577552408199227,47.1617447632916,8.200988681180525e-08,0.0008049325758356274,-4.190517903121361e-06,-0.2862246139998954,75.19557875717017,-0.010499440971515703,2.7794877445781037e-05,0.04949545248113268,23425,0.06435805317313821,0.0121,index_dividend_yield,0.065,12.5,65,23270.3,23380.6,23231.4,23477.8,mid_price,ok
2026-09-11T08:25:11.410555+00:00,2026-09-11T13:55:11.410555+05:30,NIFTY,29-Sep-2026,25600.0,PE,23350.5,2151.6,130,2197.5,130,2205,2174.55,484,-3,23,3.1747888543153264,29.54,,,,,,,,,,,,,,,0.04949545248113268,,,,,,12.5,65,23270.3,23380.6,23231.4,23477.8,mid_price,no_price_available
2026-09-11T08:25:11.410555+00:00,2026-09-11T13:55:11.410555+05:30,NIFTY,29-Sep-2026,25650.0,CE,23350.5,3.8,585,4,195,3.95,3.9,242,-14,98,-19.387755102040817,17.83,0.01123864254675773,3.185253474245559e-05,-0.7937441802910766,1.5326853598824095,0.3841596911752587,-0.0020025801673145688,45.539782973228135,7.747926426804399e-08,0.0007677599338378468,-4.051807204565524e-06,-0.2798102342287996,74.37314555174805,-0.010093543553575123,2.6397428858669336e-05,0.04949545248113268,23425,0.06435805317313821,0.0121,index_dividend_yield,0.065,12.5,65,23270.3,23380.6,23231.4,23477.8,mid_price,ok
2026-09-11T08:25:11.410555+00:00,2026-09-11T13:55:11.410555+05:30,NIFTY,29-Sep-2026,25650.0,PE,23350.5,2055.25,650,2252.4,65,0.0,2153.825,1,0,0,0,13.42,,,,,,,,,,,,,,,0.04949545248113268,,,,,,12.5,65,23270.3,23380.6,23231.4,23477.8,mid_price,no_price_available
2026-09-11T08:25:11.410555+00:00,2026-09-11T13:55:11.410555+05:30,NIFTY,29-Sep-2026,25700.0,CE,23350.5,3.65,2730,3.7,260,3.7,3.675,3717,-370,3076,-16.853932584269664,18.01,0.010510704316812666,2.9748933160937137e-05,-0.7557042308714922,1.4459150446675282,0.36277683481363093,-0.001908071726969879,43.48357187262719,7.245096692413985e-08,0.0007294604520631095,-3.8819403338798594e-06,-0.26872378505768757,74.17315543015795,-0.009421063011239478,2.4558255772783207e-05,0.04949545248113268,23425,0.06435805317313821,0.0121,index_dividend_yield,0.065,12.5,65,23270.3,23380.6,23231.4,23477.8,mid_price,ok
2026-09-11T08:25:11.410555+00:00,2026-09-11T13:55:11.410555+05:30,NIFTY,29-Sep-2026,25700.0,PE,23350.5,2236.1,65,2303.6,65,0.0,2269.85,184,0,0,0,0,,,,,,,,,,,,,,,0.04949545248113268,,,,,,12.5,65,23270.3,23380.6,23231.4,23477.8,mid_price,no_price_available
2026-09-11T08:25:11.410555+00:00,2026-09-11T13:55:11.410555+05:30,NIFTY,29-Sep-2026,25750.0,CE,23350.5,3.5,520,3.7,1040,3.7,3.6,106,8,87,-18.681318681318682,18.34,0.010361598204456535,2.8852119665099096e-05,-0.7593217109258109,1.4280214269367741,0.3527588682719646,-0.0018873310198852331,42.381595478603764,6.91349104982249e-08,0.0006989605696676059,-3.7825343792745192e-06,-0.2662712249126802,72.96658459370535,-0.009267286137711198,2.3725513836646935e-05,0.04949545248113268,23425,0.06435805317313821,0.0121,index_dividend_yield,0.065,12.5,65,23270.3,23380.6,23231.4,23477.8,mid_price,ok
2026-09-11T08:25:11.410555+00:00,2026-09-11T13:55:11.410555+05:30,NIFTY,29-Sep-2026,25750.0,PE,23350.5,2207.3,650,2352.6,65,0.0,2279.95,8,0,0,0,0,,,,,,,,,,,,,,,0.04949545248113268,,,,,,12.5,65,23270.3,23380.6,23231.4,23477.8,mid_price,no_price_available
2026-09-11T08:25:11.410555+00:00,2026-09-11T13:55:11.410555+05:30,NIFTY,29-Sep-2026,25800.0,CE,23350.5,3.45,260,3.5,585,3.45,3.475,4981,-54,2322,-20.689655172413794,18.5,0.00964798367031647,2.6875456977932152e-05,-0.7191196628390571,1.34179217158963,0.332380131557149,-0.0017919783679644587,40.39551124379326,6.459672093675786e-08,0.0006638190994977625,-3.618019652523784e-06,-0.25492224029401633,72.89302843719928,-0.008612194363719466,2.201449941528441e-05,0.04949545248113268,23425,0.06435805317313821,0.0121,index_dividend_yield,0.065,12.5,65,23270.3,23380.6,23231.4,23477.8,mid_price,ok
2026-09-11T08:25:11.410555+00:00,2026-09-11T13:55:11.410555+05:30,NIFTY,29-Sep-2026,25800.0,PE,23350.5,2326.7,260,2391.7,130,2350,2359.2,320,0,1,3.2967032967032965,22.57,,,,,,,,,,,,,,,0.04949545248113268,,,,,,12.5,65,23270.3,23380.6,23231.4,23477.8,mid_price,no_price_available
2026-09-11T08:25:11.410555+00:00,2026-09-11T13:55:11.410555+05:30,NIFTY,29-Sep-2026,25850.0,CE,23350.5,3.2,65,3.35,195,3.3,3.2750000000000004,133,4,78,-21.428571428571427,18.72,0.009180197594330327,2.54298301279841e-05,-0.6961581251760394,1.2847155219325277,0.31701159741434526,-0.0017277381362633976,38.83247335400575,6.088148832566221e-08,0.0006328009429975925,-3.4850643355492083e-06,-0.2471968650214551,72.42324486251576,-0.00817804063056964,2.07498390877975e-05,0.04949545248113268,23425,0.06435805317313821,0.0121,index_dividend_yield,0.065,12.5,65,23270.3,23380.6,23231.4,23477.8,mid_price,ok
2026-09-11T08:25:11.410555+00:00,2026-09-11T13:55:11.410555+05:30,NIFTY,29-Sep-2026,25850.0,PE,23350.5,2372.15,65,2440.7,65,0.0,2406.425,0,0,0,0,0,,,,,,,,,,,,,,,0.04949545248113268,,,,,,12.5,65,23270.3,23380.6,23231.4,23477.8,mid_price,no_price_available
2026-09-11T08:25:11.410555+00:00,2026-09-11T13:55:11.410555+05:30,NIFTY,29-Sep-2026,25900.0,CE,23350.5,3.15,585,3.3,65,3.2,3.2249999999999996,503,67,343,-20.987654320987655,18.97,0.008835853022147505,2.4268290875356518e-05,-0.6816844881111255,1.2424078603391813,0.30438724311641735,-0.0016794901250042021,37.50992220164784,5.767178233771461e-08,0.0006047507200285388,-3.3706611934058397e-06,-0.24135149527956012,71.76519864496743,-0.007855082348052026,1.9725682223652132e-05,0.04949545248113268,23425,0.06435805317313821,0.0121,index_dividend_yield,0.065,12.5,65,23270.3,23380.6,23231.4,23477.8,mid_price,ok
2026-09-11T08:25:11.410555+00:00,2026-09-11T13:55:11.410555+05:30,NIFTY,29-Sep-2026,25900.0,PE,23350.5,2415.4,650,2481.95,65,2485,2448.675,73,-3,5,58.13923889525264,30,,,,,,,,,,,,,,,0.04949545248113268,,,,,,12.5,65,23270.3,23380.6,23231.4,23477.8,mid_price,no_price_available
2026-09-11T08:25:11.410555+00:00,2026-09-11T13:55:11.410555+05:30,NIFTY,29-Sep-2026,25950.0,CE,23350.5,2.75,910,3.6,195,0.0,3.175,166,0,0,0,20.27,0.011902457955071074,2.944986699525037e-05,-0.9432955959765326,1.6109970836383196,0.35265646081478974,-0.0020770823409740433,41.40354176474958,6.215726196457289e-08,0.0006115849279960856,-3.642695991165559e-06,-0.2884408757787009,65.12211860471095,-0.010545685623125273,2.3845200707711515e-05,0.04949545248113268,23425,0.06435805317313821,0.0121,index_dividend_yield,0.065,12.5,65,23270.3,23380.6,23231.4,23477.8,mid_price,wide_quote_low_liquidity
2026-09-11T08:25:11.410555+00:00,2026-09-11T13:55:11.410555+05:30,NIFTY,29-Sep-2026,25950.0,PE,23350.5,2363.85,650,2553.95,65,0.0,2458.8999999999996,1,0,0,0,13.83,,,,,,,,,,,,,,,0.04949545248113268,,,,,,12.5,65,23270.3,23380.6,23231.4,23477.8,mid_price,no_price_available
2026-09-11T08:25:11.410555+00:00,2026-09-11T13:55:11.410555+05:30,NIFTY,29-Sep-2026,26000.0,CE,23350.5,2.85,3250,2.9,2795,2.9,2.875,58705.846153846156,-2023,13606,-18.309859154929576,19.29,0.007714315943721365,2.1183487311504734e-05,-0.6144094605273736,1.1027761182188442,0.2712488314744635,-0.001519189684745098,34.127017220488945,5.056403634982011e-08,0.0005457265544746181,-3.0848204703350503e-06,-0.22165958843944597,71.5742161668455,-0.0068314000863417546,1.7086107323108715e-05,0.04949545248113268,23425,0.06435805317313821,0.0121,index_dividend_yield,0.065,12.5,65,23270.3,23380.6,23231.4,23477.8,mid_price,ok
2026-09-11T08:25:11.410555+00:00,2026-09-11T13:55:11.410555+05:30,NIFTY,29-Sep-2026,26000.0,PE,23350.5,2565.05,65,2575.9,65,2579.25,2570.4750000000004,30927.53846153846,-326,1081,3.050461464700947,32.43,,,,,,,,,,,,,,,0.04949545248113268,,,,,,12.5,65,23270.3,23380.6,23231.4,23477.8,mid_price,no_price_available
2026-09-11T08:25:11.410555+00:00,2026-09-11T13:55:11.410555+05:30,NIFTY,29-Sep-2026,26050.0,CE,23350.5,2.35,130,3.5,1300,2.95,2.925,207,14,40,-19.17808219178082,20.04,0.008822724437076603,2.2942610063333247e-05,-0.717507555160661,1.2407897833488741,0.288109169620669,-0.0016748595320128998,35.512273492559366,5.154028390681896e-08,0.0005421406394523876,-3.1818576528886143e-06,-0.24078390476005304,67.99324422566278,-0.007792134095802364,1.8434006551606195e-05,0.04949545248113268,23425,0.06435805317313821,0.0121,index_dividend_yield,0.065,12.5,65,23270.3,23380.6,23231.4,23477.8,mid_price,wide_quote_low_liquidity
2026-09-11T08:25:11.410555+00:00,2026-09-11T13:55:11.410555+05:30,NIFTY,29-Sep-2026,26050.0,PE,23350.5,2489.55,650,2653.05,65,0.0,2571.3,4,0,0,0,18.06,,,,,,,,,,,,,,,0.04949545248113268,,,,,,12.5,65,23270.3,23380.6,23231.4,23477.8,mid_price,no_price_available
2026-09-11T08:25:11.410555+00:00,2026-09-11T13:55:11.410555+05:30,NIFTY,29-Sep-2026,26100.0,CE,23350.5,2.5,260,2.8,12545,2.8,2.65,292,52,53,-15.151515151515152,19.92,0.007532739839760074,2.008780612323282e-05,-0.6204032287311178,1.079889976401862,0.25826744268475293,-0.0014912249061609364,32.60977908494722,4.6560436455471746e-08,0.000505745132524138,-2.946037153277517e-06,-0.21817762751469982,69.50585771700793,-0.006642245858608677,1.6078438263265716e-05,0.04949545248113268,23425,0.06435805317313821,0.0121,index_dividend_yield,0.065,12.5,65,23270.3,23380.6,23231.4,23477.8,mid_price,ok
2026-09-11T08:25:11.410555+00:00,2026-09-11T13:55:11.410555+05:30,NIFTY,29-Sep-2026,26100.0,PE,23350.5,2559.8,650,2704.25,65,0.0,2632.025,144,0,0,0,0,,,,,,,,,,,,,,,0.04949545248113268,,,,,,12.5,65,23270.3,23380.6,23231.4,23477.8,mid_price,no_price_available
2026-09-11T08:25:11.410555+00:00,2026-09-11T13:55:11.410555+05:30,NIFTY,29-Sep-2026,26150.0,CE,23350.5,2.3,910,2.85,1300,2.55,2.575,174,52,246,-36.25,20.01,0.006895557771605489,1.8497948827721683e-05,-0.5761318308809175,0.9989145295572547,0.24090840184035978,-0.0013962030079047328,30.81664393250949,4.3260060293927954e-08,0.0004782099518307751,-2.7948503533891175e-06,-0.20625028506384369,69.80736141453094,-0.006069145844529881,1.4749338953386442e-05,0.04949545248113268,23425,0.06435805317313821,0.0121,index_dividend_yield,0.065,12.5,65,23270.3,23380.6,23231.4,23477.8,mid_price,wide_quote_low_liquidity
2026-09-11T08:25:11.410555+00:00,2026-09-11T13:55:11.410555+05:30,NIFTY,29-Sep-2026,26150.0,PE,23350.5,2593.4,650,2752.6,65,0.0,2673.0,1,0,0,0,19.21,,,,,,,,,,,,,,,0.04949545248113268,,,,,,12.5,65,23270.3,23380.6,23231.4,23477.8,mid_price,no_price_available
2026-09-11T08:25:11.410555+00:00,2026-09-11T13:55:11.410555+05:30,NIFTY,29-Sep-2026,26200.0,CE,23350.5,2.3,1105,2.9,130,2.35,2.5999999999999996,2783,35,499,-26.5625,20.12,0.006358013909022839,1.712304956983887e-05,-0.5388730227903095,0.9297512226129375,0.22560169452233436,-0.0013137018202258512,29.19809911330351,4.030763343502652e-08,0.0004526203010118309,-2.6568293369700766e-06,-0.19576020691551232,69.98352973271409,-0.005585549902419455,1.3601001866994475e-05,0.04949545248113268,23425,0.06435805317313821,0.0121,index_dividend_yield,0.065,12.5,65,23270.3,23380.6,23231.4,23477.8,mid_price,wide_quote_low_liquidity
2026-09-11T08:25:11.410555+00:00,2026-09-11T13:55:11.410555+05:30,NIFTY,29-Sep-2026,26200.0,PE,23350.5,2647.35,1690,2799.95,65,0.0,2723.6499999999996,581,0,0,0,0,,,,,,,,,,,,,,,0.04949545248113268,,,,,,12.5,65,23270.3,23380.6,23231.4,23477.8,mid_price,no_price_available
2026-09-11T08:25:11.410555+00:00,2026-09-11T13:55:11.410555+05:30,NIFTY,29-Sep-2026,26250.0,CE,23350.5,2.1,130,3,1300,2.95,2.55,9,2,4,3.508771929824561,20.98,0.007581209077502661,1.918092360005356e-05,-0.6557730702341503,1.0860071065187709,0.24661098199211606,-0.0014962347781269133,31.10828593914128,4.210529652511255e-08,0.00045799753039237344,-2.8021907692482593e-06,-0.21879872150368218,65.99853010550156,-0.006641629162504937,1.517760580047746e-05,0.04949545248113268,23425,0.06435805317313821,0.0121,index_dividend_yield,0.065,12.5,65,23270.3,23380.6,23231.4,23477.8,mid_price,wide_quote_low_liquidity
2026-09-11T08:25:11.410555+00:00,2026-09-11T13:55:11.410555+05:30,NIFTY,29-Sep-2026,26250.0,PE,23350.5,2776.8,65,2856.05,65,0.0,2816.425,0,0,0,0,0,,,,,,,,,,,,,,,0.04949545248113268,,,,,,12.5,65,23270.3,23380.6,23231.4,23477.8,mid_price,no_price_available
2026-09-11T08:25:11.410555+00:00,2026-09-11T13:55:11.410555+05:30,NIFTY,29-Sep-2026,26300.0,CE,23350.5,2,195,2.05,650,2.05,2.025,2047,-12,165,-18,20.41,0.005550900892566329,1.4965380668847692e-05,-0.4840877921309395,0.8243059616843484,0.20094556836402175,-0.0011853129686295429,26.506549661667933,3.5408264915037073e-08,0.00040789526200103244,-2.4238278534725314e-06,-0.17917298147371374,69.90492433334947,-0.0048578757152315175,1.1796920162357087e-05,0.04949545248113268,23425,0.06435805317313821,0.0121,index_dividend_yield,0.065,12.5,65,23270.3,23380.6,23231.4,23477.8,mid_price,ok
2026-09-11T08:25:11.410555+00:00,2026-09-11T13:55:11.410555+05:30,NIFTY,29-Sep-2026,26300.0,PE,23350.5,2825.5,65,3091,650,0.0,2958.25,1245,0,0,0,0,,,,,,,,,,,,,,,0.04949545248113268,23425,0.06435805317313821,0.0121,index_dividend_yield,0.065,12.5,65,23270.3,23380.6,23231.4,23477.8,mid_price,no_nse_iv
2026-09-11T08:25:11.410555+00:00,2026-09-11T13:55:11.410555+05:30,NIFTY,29-Sep-2026,26350.0,CE,23350.5,1.4,910,3.3,650,0.0,2.3499999999999996,85,0,0,0,13.52,4.504438906297641e-05,2.658530541877057e-07,-0.003780803466014591,0.009700095574849715,0.005456251051544773,-2.1367568468516672e-05,1.109642518621212,1.5512798544485724e-09,2.8437100762806873e-05,-1.1156771468081637e-07,-0.004616217787021291,145.753703842532,-3.964298526946106e-05,2.087722557919913e-07,0.04949545248113268,23425,0.06435805317313821,0.0121,index_dividend_yield,0.065,12.5,65,23270.3,23380.6,23231.4,23477.8,mid_price,wide_quote_low_liquidity
2026-09-11T08:25:11.410555+00:00,2026-09-11T13:55:11.410555+05:30,NIFTY,29-Sep-2026,26350.0,PE,23350.5,2875.15,65,2955,65,0.0,2915.075,0,0,0,0,0,,,,,,,,,,,,,,,0.04949545248113268,,,,,,12.5,65,23270.3,23380.6,23231.4,23477.8,mid_price,no_price_available
2026-09-11T08:25:11.410555+00:00,2026-09-11T13:55:11.410555+05:30,NIFTY,29-Sep-2026,26400.0,CE,23350.5,1.85,65,2.05,130,2,1.95,668,-47,192,-20,20.95,0.00532062706457688,1.4040816414373647e-05,-0.47797101190048114,0.7938419698966434,0.18969755846386452,-0.0011470218756786865,25.16857220983093,3.253464647039511e-08,0.00037813031211700456,-2.3024988731416112e-06,-0.17416022317838264,68.39932516159467,-0.0046372318288854545,1.0984413573317428e-05,0.04949545248113268,23425,0.06435805317313821,0.0121,index_dividend_yield,0.065,12.5,65,23270.3,23380.6,23231.4,23477.8,mid_price,ok
2026-09-11T08:25:11.410555+00:00,2026-09-11T13:55:11.410555+05:30,NIFTY,29-Sep-2026,26400.0,PE,23350.5,2925.05,65,3005.85,65,0.0,2965.45,56,0,0,0,0,,,,,,,,,,,,,,,0.04949545248113268,,,,,,12.5,65,23270.3,23380.6,23231.4,23477.8,mid_price,no_price_available
2026-09-11T08:25:11.410555+00:00,2026-09-11T13:55:11.410555+05:30,NIFTY,29-Sep-2026,26450.0,CE,23350.5,1.3,910,2.9,1300,0.0,2.1,42,0,0,0,19.27,0.0023643870483974214,7.370778951199586e-06,-0.21230912750016778,0.383312312348492,0.10981076573909443,-0.0006105240849660406,16.113319102339318,2.068856209545476e-08,0.0002715818247840452,-1.5179314226146249e-06,-0.10020445537492201,79.74932155553628,-0.0020611467013487658,5.744528694868329e-06,0.04949545248113268,23425,0.06435805317313821,0.0121,index_dividend_yield,0.065,12.5,65,23270.3,23380.6,23231.4,23477.8,mid_price,wide_quote_low_liquidity
2026-09-11T08:25:11.410555+00:00,2026-09-11T13:55:11.410555+05:30,NIFTY,29-Sep-2026,26450.0,PE,23350.5,2973.55,650,3057.05,65,0.0,3015.3,0,0,0,0,0,,,,,,,,,,,,,,,0.04949545248113268,,,,,,12.5,65,23270.3,23380.6,23231.4,23477.8,mid_price,no_price_available
2026-09-11T08:25:11.410555+00:00,2026-09-11T13:55:11.410555+05:30,NIFTY,29-Sep-2026,26500.0,CE,23350.5,1.55,2860,1.6,1560,1.55,1.5750000000000002,13662,-251,6755,-26.19047619047619,20.95,0.00420221814511443,1.1375968149763184e-05,-0.38690005439135483,0.6431763438089462,0.15848983468241384,-0.0009571768502146514,21.695788547590965,2.723333917836046e-08,0.0003294262251026709,-2.002018923097527e-06,-0.14883657595051225,69.89767709380044,-0.0036498140689397852,8.832608652523382e-06,0.04949545248113268,23425,0.06435805317313821,0.0121,index_dividend_yield,0.065,12.5,65,23270.3,23380.6,23231.4,23477.8,mid_price,ok
2026-09-11T08:25:11.410555+00:00,2026-09-11T13:55:11.410555+05:30,NIFTY,29-Sep-2026,26500.0,PE,23350.5,3053.75,65,3066.25,65,3063,3060.0,13011,-50,77,2.2721581328569758,37.61,,,,,,,,,,,,,,,0.04949545248113268,,,,,,12.5,65,23270.3,23380.6,23231.4,23477.8,mid_price,no_price_available
2026-09-11T08:25:11.410555+00:00,2026-09-11T13:55:11.410555+05:30,NIFTY,29-Sep-2026,26550.0,CE,23350.5,1.2,910,2.45,650,0.0,1.8250000000000002,72,0,0,0,22.15,0.005731246765721041,1.4186869331224045e-05,-0.5389056399736359,0.8480431822448581,0.18995114217196543,-0.0012120293110512732,24.945835881680477,3.071017806375275e-08,0.00035326074144588856,-2.2696052831319585e-06,-0.18264840404776717,64.29156831156153,-0.004962181031773758,1.0973619232289434e-05,0.04949545248113268,23425,0.06435805317313821,0.0121,index_dividend_yield,0.065,12.5,65,23270.3,23380.6,23231.4,23477.8,mid_price,wide_quote_low_liquidity
2026-09-11T08:25:11.410555+00:00,2026-09-11T13:55:11.410555+05:30,NIFTY,29-Sep-2026,26550.0,PE,23350.5,3060.4,65,3145.75,65,0.0,3103.075,0,0,0,0,0,,,,,,,,,,,,,,,0.04949545248113268,,,,,,12.5,65,23270.3,23380.6,23231.4,23477.8,mid_price,no_price_available
2026-09-11T08:25:11.410555+00:00,2026-09-11T13:55:11.410555+05:30,NIFTY,29-Sep-2026,26600.0,CE,23350.5,1.55,130,1.7,130,1.55,1.625,652,-31,100,-27.906976744186046,21.52,0.0041088023394551445,1.0854140282816513e-05,-0.38910233355140006,0.6303697512771563,0.15172096316529116,-0.0009401093064052905,20.82928743894852,2.5350490904911075e-08,0.00030820629239622615,-1.9212714547871906e-06,-0.1465180115996807,68.2084412595604,-0.0035539842216578076,8.364202254560839e-06,0.04949545248113268,23425,0.06435805317313821,0.0121,index_dividend_yield,0.065,12.5,65,23270.3,23380.6,23231.4,23477.8,mid_price,ok
2026-09-11T08:25:11.410555+00:00,2026-09-11T13:55:11.410555+05:30,NIFTY,29-Sep-2026,26600.0,PE,23350.5,3117.9,65,3204.8,650,0.0,3161.3500000000004,0,0,0,0,0,,,,,,,,,,,,,,,0.04949545248113268,,,,,,12.5,65,23270.3,23380.6,23231.4,23477.8,mid_price,no_price_available
2026-09-11T08:25:11.410555+00:00,2026-09-11T13:55:11.410555+05:30,NIFTY,29-Sep-2026,26650.0,CE,23350.5,1.25,910,2.8,1300,0.0,2.025,14,0,0,0,21.05,0.0030425988938608236,8.4730999484352e-06,-0.2905445930271905,0.48134015928230717,0.12280353389205241,-0.0007439689476444662,17.498198909785184,2.10471347318151e-08,0.00026776092640158606,-1.6308722915927404e-06,-0.11933763421504068,71.5634555310549,-0.0026286466537720106,6.50489471347047e-06,0.04949545248113268,23425,0.06435805317313821,0.0121,index_dividend_yield,0.065,12.5,65,23270.3,23380.6,23231.4,23477.8,mid_price,wide_quote_low_liquidity
2026-09-11T08:25:11.410555+00:00,2026-09-11T13:55:11.410555+05:30,NIFTY,29-Sep-2026,26650.0,PE,23350.5,3170.2,65,3258.1,65,0.0,3214.1499999999996,0,0,0,0,0,,,,,,,,,,,,,,,0.04949545248113268,,,,,,12.5,65,23270.3,23380.6,23231.4,23477.8,mid_price,no_price_available
2026-09-11T08:25:11.410555+00:00,2026-09-11T13:55:11.410555+05:30,NIFTY,29-Sep-2026,26700.0,CE,23350.5,1.35,910,2.4,910,0.0,1.875,39,0,0,0,23.02,0.005529390632553302,1.3222924429045509e-05,-0.5417110792516479,0.8214677213480651,0.1780407179122743,-0.0011786430845426923,23.497892789086592,2.7651634983236792e-08,0.0003207909069437677,-2.13746439666345e-06,-0.1782977940726411,62.107300963427726,-0.004757870762611468,1.0113404134026868e-05,0.04949545248113268,23425,0.06435805317313821,0.0121,index_dividend_yield,0.065,12.5,65,23270.3,23380.6,23231.4,23477.8,mid_price,wide_quote_low_liquidity
2026-09-11T08:25:11.410555+00:00,2026-09-11T13:55:11.410555+05:30,NIFTY,29-Sep-2026,26700.0,PE,23350.5,3219.1,65,3306.55,65,0.0,3262.825,0,0,0,0,0,,,,,,,,,,,,,,,0.04949545248113268,,,,,,12.5,65,23270.3,23380.6,23231.4,23477.8,mid_price,no_price_available
2026-09-11T08:25:11.410555+00:00,2026-09-11T13:55:11.410555+05:30,NIFTY,29-Sep-2026,26750.0,CE,23350.5,1.15,910,2.5,65,0.0,1.825,110,0,0,0,23.3,0.005451733403084549,1.290086400190407e-05,-0.5411995713319606,0.8112083005533951,0.17407731951587938,-0.0011658001275731541,23.01950003343267,2.669798966563922e-08,0.000310710338345782,-2.0940932427394596e-06,-0.17661820722760632,61.45393791794282,-0.0046814661398878995,9.83022805370293e-06,0.04949545248113268,23425,0.06435805317313821,0.0121,index_dividend_yield,0.065,12.5,65,23270.3,23380.6,23231.4,23477.8,mid_price,wide_quote_low_liquidity
2026-09-11T08:25:11.410555+00:00,2026-09-11T13:55:11.410555+05:30,NIFTY,29-Sep-2026,26750.0,PE,23350.5,3269.45,65,3622.65,650,0.0,3446.05,1,0,0,0,18.46,-0.9987721643628934,2.2916011769049084e-06,3.914347956306661,0.11416379607326789,0.038891766657611626,-0.00023969636632370506,6.5156263962644,7.736524768298784e-09,0.0001183628159736397,-6.306781335670216e-07,-0.03777318319524596,-7.008354284326987,0.9962447780297442,1.746159185445601e-06,0.04949545248113268,23425,0.06435805317313821,0.0121,index_dividend_yield,0.065,12.5,65,23270.3,23380.6,23231.4,23477.8,mid_price,ok
2026-09-11T08:25:11.410555+00:00,2026-09-11T13:55:11.410555+05:30,NIFTY,29-Sep-2026,26800.0,CE,23350.5,1.25,910,2.2,260,0.0,1.725,40,0,0,0,23.38,0.005044129426581291,1.1997960935564672e-05,-0.5065836876595026,0.7570239477359965,0.16358929679977574,-0.0010987773201733908,21.86214335419084,2.5014951529760617e-08,0.00029516619844829954,-1.9946428452914774e-06,-0.16779803709272656,61.69300733302237,-0.004323647984469061,9.10815105198575e-06,0.04949545248113268,23425,0.06435805317313821,0.0121,index_dividend_yield,0.065,12.5,65,23270.3,23380.6,23231.4,23477.8,mid_price,wide_quote_low_liquidity
2026-09-11T08:25:11.410555+00:00,2026-09-11T13:55:11.410555+05:30,NIFTY,29-Sep-2026,26800.0,PE,23350.5,3157.6,650,3408.05,65,0.0,3282.825,21,0,0,0,0,,,,,,,,,,,,,,,0.04949545248113268,,,,,,12.5,65,23270.3,23380.6,23231.4,23477.8,mid_price,no_price_available
2026-09-11T08:25:11.410555+00:00,2026-09-11T13:55:11.410555+05:30,NIFTY,29-Sep-2026,26850.0,CE,23350.5,1.3,910,2.2,65,0.0,1.75,41,0,0,0,21.32,0.0020821278166816715,5.9371034613458495e-06,-0.20849422621992408,0.341601276797347,0.0898410589993473,-0.0005501787506090629,13.372094021938757,1.523350749735165e-08,0.00020455312068446265,-1.2582671796319907e-06,-0.09135230052779109,72.91750042584069,-0.0017859203766762658,4.4903315194126055e-06,0.04949545248113268,23425,0.06435805317313821,0.0121,index_dividend_yield,0.065,12.5,65,23270.3,23380.6,23231.4,23477.8,mid_price,wide_quote_low_liquidity
2026-09-11T08:25:11.410555+00:00,2026-09-11T13:55:11.410555+05:30,NIFTY,29-Sep-2026,26850.0,PE,23350.5,3144.95,1755,3668.2,1690,0.0,3406.575,0,0,0,0,0,,,,,,,,,,,,,,,0.04949545248113268,,,,,,12.5,65,23270.3,23380.6,23231.4,23477.8,mid_price,no_price_available
2026-09-11T08:25:11.410555+00:00,2026-09-11T13:55:11.410555+05:30,NIFTY,29-Sep-2026,26900.0,CE,23350.5,1.3,195,1.95,845,1.95,1.625,88,1,5,-13.333333333333334,23.79,0.004689573935494657,1.1049580579235482e-05,-0.4826450559186116,0.7094109753700925,0.1521534647325254,-0.0010388738895017605,20.532468120584458,2.2858322416134656e-08,0.0002733553254576979,-1.8772050098352317e-06,-0.15983122425601648,61.05440680676933,-0.004004102231680673,8.325946238762784e-06,0.04949545248113268,23425,0.06435805317313821,0.0121,index_dividend_yield,0.065,12.5,65,23270.3,23380.6,23231.4,23477.8,mid_price,wide_quote_low_liquidity
2026-09-11T08:25:11.410555+00:00,2026-09-11T13:55:11.410555+05:30,NIFTY,29-Sep-2026,26900.0,PE,23350.5,3415.8,65,3722.05,650,0.0,3568.925,1,0,0,0,0,,,,,,,,,,,,,,,0.04949545248113268,23425,0.06435805317313821,0.0121,index_dividend_yield,0.065,12.5,65,23270.3,23380.6,23231.4,23477.8,mid_price,no_nse_iv
2026-09-11T08:25:11.410555+00:00,2026-09-11T13:55:11.410555+05:30,NIFTY,29-Sep-2026,26950.0,CE,23350.5,1.3,1755,2.45,1300,0.0,1.875,48,0,0,0,22.54,0.002702452463102867,7.1106612881177856e-06,-0.2788075740547,0.43253531443431315,0.10460953099035919,-0.0006765429438072052,15.116113085117899,1.6700388197469938e-08,0.00021694672379969328,-1.4096886892246223e-06,-0.10973966030810323,67.56609581510729,-0.0023068520362156775,5.338076847979375e-06,0.04949545248113268,23425,0.06435805317313821,0.0121,index_dividend_yield,0.065,12.5,65,23270.3,23380.6,23231.4,23477.8,mid_price,wide_quote_low_liquidity
2026-09-11T08:25:11.410555+00:00,2026-09-11T13:55:11.410555+05:30,NIFTY,29-Sep-2026,26950.0,PE,23350.5,3465.25,65,3559.8,65,0.0,3512.525,0,0,0,0,0,,,,,,,,,,,,,,,0.04949545248113268,,,,,,12.5,65,23270.3,23380.6,23231.4,23477.8,mid_price,no_price_available
2026-09-11T08:25:11.410555+00:00,2026-09-11T13:55:11.410555+05:30,NIFTY,29-Sep-2026,27000.0,CE,23350.5,1.6,4745,1.7,4355,1.65,1.65,25962,-913,4168,-17.5,24,0.004094069488601337,9.701309476593914e-06,-0.4309484927774587,0.6283465986914297,0.13594526313901031,-0.0009355611094336103,18.672187345807224,2.025679508833472e-08,0.00024785965639688147,-1.714882970380379e-06,-0.14589673462170494,61.27629393943121,-0.0034829054208914464,7.255965341706212e-06,0.04949545248113268,23425,0.06435805317313821,0.0121,index_dividend_yield,0.065,12.5,65,23270.3,23380.6,23231.4,23477.8,mid_price,ok
2026-09-11T08:25:11.410555+00:00,2026-09-11T13:55:11.410555+05:30,NIFTY,29-Sep-2026,27000.0,PE,23350.5,3563.65,65,3573.9,65,3562.55,3568.775,23119.46153846154,-131,434,1.595562653282382,42.5,,,,,,,,,,,,,,,0.04949545248113268,,,,,,12.5,65,23270.3,23380.6,23231.4,23477.8,mid_price,no_price_available
2026-09-11T08:25:11.410555+00:00,2026-09-11T13:55:11.410555+05:30,NIFTY,29-Sep-2026,27050.0,CE,23350.5,1.1,910,2.3,1300,0.0,1.7,64,0,0,0,22,0.001711176846549978,4.813907746369484e-06,-0.17971729220194502,0.28581045534435284,0.07442308115034242,-0.00046945297289070526,11.315296794013635,1.2225464217382244e-08,0.00016869447951164363,-1.0683157743303177e-06,-0.07929411915857867,71.79549379151659,-0.0014565729444436302,3.5872000193989897e-06,0.04949545248113268,23425,0.06435805317313821,0.0121,index_dividend_yield,0.065,12.5,65,23270.3,23380.6,23231.4,23477.8,mid_price,wide_quote_low_liquidity
2026-09-11T08:25:11.410555+00:00,2026-09-11T13:55:11.410555+05:30,NIFTY,29-Sep-2026,27050.0,PE,23350.5,3563.4,65,3660.6,65,0.0,3612.0,0,0,0,0,0,,,,,,,,,,,,,,,0.04949545248113268,,,,,,12.5,65,23270.3,23380.6,23231.4,23477.8,mid_price,no_price_available
2026-09-11T08:25:11.410555+00:00,2026-09-11T13:55:11.410555+05:30,NIFTY,29-Sep-2026,27100.0,CE,23350.5,1.2,195,1.6,65,1.6,1.4,212,2,7,-25.58139534883721,24.41,0.0038269211148865036,8.978971619351237e-06,-0.4122943569922011,0.5914963187363794,0.1269275313738351,-0.0008876516390834972,17.5836670329656,1.8588761679980585e-08,0.00023013211585113963,-1.6175922418226694e-06,-0.13934616129131683,60.62505488869206,-0.0032430455662097327,6.666231417006556e-06,0.04949545248113268,23425,0.06435805317313821,0.0121,index_dividend_yield,0.065,12.5,65,23270.3,23380.6,23231.4,23477.8,mid_price,wide_quote_low_liquidity
2026-09-11T08:25:11.410555+00:00,2026-09-11T13:55:11.410555+05:30,NIFTY,29-Sep-2026,27100.0,PE,23350.5,3612.65,65,3709.95,65,0.0,3661.3,0,0,0,0,0,,,,,,,,,,,,,,,0.04949545248113268,,,,,,12.5,65,23270.3,23380.6,23231.4,23477.8,mid_price,no_price_available
2026-09-11T08:25:11.410555+00:00,2026-09-11T13:55:11.410555+05:30,NIFTY,29-Sep-2026,27150.0,CE,23350.5,1.3,325,1.85,130,1.3,1.5750000000000002,121,2,11,-3.7037037037037037,24.17,0.0031834377418906864,7.686174220470836e-06,-0.3459374718646373,0.5013540672251563,0.11107956856772917,-0.0007689077032275462,15.74186530227789,1.6459821782478544e-08,0.00020952950479889072,-1.4572278690849188e-06,-0.12285018755764471,62.20578298641617,-0.0026939182259348147,5.6854248757977834e-06,0.04949545248113268,23425,0.06435805317313821,0.0121,index_dividend_yield,0.065,12.5,65,23270.3,23380.6,23231.4,23477.8,mid_price,wide_quote_low_liquidity
2026-09-11T08:25:11.410555+00:00,2026-09-11T13:55:11.410555+05:30,NIFTY,29-Sep-2026,27150.0,PE,23350.5,3661.8,650,3758.8,65,0.0,3710.3,0,0,0,0,0,,,,,,,,,,,,,,,0.04949545248113268,,,,,,12.5,65,23270.3,23380.6,23231.4,23477.8,mid_price,no_price_available
2026-09-11T08:25:11.410555+00:00,2026-09-11T13:55:11.410555+05:30,NIFTY,29-Sep-2026,27200.0,CE,23350.5,1.3,1690,1.7,1430,1.3,1.5,628,-19,76,-18.75,24.44,0.0031536140956584095,7.5371431719247866e-06,-0.34672226006384815,0.49712503478254433,0.10907080209315748,-0.0007631201794867704,15.474779915413572,1.5975596349528212e-08,0.0002037753024126258,-1.432333651982859e-06,-0.12203599247792467,61.57846382178548,-0.002663331552004725,5.554709176622123e-06,0.04949545248113268,23425,0.06435805317313821,0.0121,index_dividend_yield,0.065,12.5,65,23270.3,23380.6,23231.4,23477.8,mid_price,wide_quote_low_liquidity
2026-09-11T08:25:11.410555+00:00,2026-09-11T13:55:11.410555+05:30,NIFTY,29-Sep-2026,27200.0,PE,23350.5,3467.15,1755,4074.65,650,0.0,3770.9,0,0,0,0,0,,,,,,,,,,,,,,,0.04949545248113268,,,,,,12.5,65,23270.3,23380.6,23231.4,23477.8,mid_price,no_price_available
2026-09-11T08:25:11.410555+00:00,2026-09-11T13:55:11.410555+05:30,NIFTY,29-Sep-2026,28500.0,CE,23350.5,0.6,50310,0.65,780,0.6,0.625,8090,-270,797,-7.6923076923076925,29.11,0.0013299142278205658,2.890826394964939e-06,-0.1873694937596395,0.22710248411135592,0.046093285398871614,-0.00038120411175147136,7.193781321039635,5.64809777130416e-09,8.163777780796516e-05,-6.768475577029975e-07,-0.06578677159577734,55.543163305224134,-0.0010700021945437275,1.9405492097849183e-06,0.04949545248113268,23425,0.06435805317313821,0.0121,index_dividend_yield,0.065,12.5,65,23270.3,23380.6,23231.4,23477.8,mid_price,ok
2026-09-11T08:25:11.410555+00:00,2026-09-11T13:55:11.410555+05:30,NIFTY,29-Sep-2026,28500.0,PE,23350.5,5046.8,65,5082.2,65,5075.5,5064.5,6576,-43,51,1.687953919358878,51.32,,,,,,,,,,,,,,,0.04949545248113268,,,,,,12.5,65,23270.3,23380.6,23231.4,23477.8,mid_price,no_price_available
2026-09-11T08:25:11.410555+00:00,2026-09-11T13:55:11.410555+05:30,NIFTY,29-Sep-2026,30000.0,CE,23350.5,0.5,15535,0.55,3640,0.55,0.525,4283,-122,173,-15.384615384615385,35.72,0.0010326102132220377,1.8686613270355415e-06,-0.18148503809144875,0.1801356685681137,0.03067696561403772,-0.0003096988052060173,4.909147794912166,3.0328582277091667e-09,4.5693297539185995e-05,-4.620476757711037e-07,-0.054551811639756365,46.28642424405603,-0.000786367842113731,1.132088704543097e-06,0.04949545248113268,23425,0.06435805317313821,0.0121,index_dividend_yield,0.065,12.5,65,23270.3,23380.6,23231.4,23477.8,mid_price,ok
2026-09-11T08:25:11.410555+00:00,2026-09-11T13:55:11.410555+05:30,NIFTY,29-Sep-2026,30000.0,PE,23350.5,6529.75,65,6583.65,325,6560,6556.7,2179,-1,11,0.8021143858139463,59.93,,,,,,,,,,,,,,,0.04949545248113268,,,,,,12.5,65,23270.3,23380.6,23231.4,23477.8,mid_price,no_price_available
2026-09-11T08:25:11.410555+00:00,2026-09-11T13:55:11.410555+05:30,NIFTY,29-Sep-2026,31500.0,CE,23350.5,0.55,1755,0.8,1625,0.85,0.675,259,0,2,-15,43.62,0.0013081210053577663,1.9002876306047649e-06,-0.2743415755961685,0.22369829321020782,0.03066689457205526,-0.0003767360902192083,4.794250602810774,2.4474203919897764e-09,3.636958176707628e-05,-4.4740802947477484e-07,-0.0650935025895526,37.426140410861336,-0.0009437819451209829,1.0442166237023457e-06,0.04949545248113268,23425,0.06435805317313821,0.0121,index_dividend_yield,0.065,12.5,65,23270.3,23380.6,23231.4,23477.8,mid_price,wide_quote_low_liquidity
2026-09-11T08:25:11.410555+00:00,2026-09-11T13:55:11.410555+05:30,NIFTY,29-Sep-2026,31500.0,PE,23350.5,,0,8508.45,1690,0.0,,0,0,0,0,0,,,,,,,,,,,,,,,0.04949545248113268,,,,,,12.5,65,23270.3,23380.6,23231.4,23477.8,none,no_price_available
2026-09-11T08:25:11.410555+00:00,2026-09-11T13:55:11.410555+05:30,NIFTY,29-Sep-2026,33000.0,CE,23350.5,0.7,260,0.95,1625,0.95,0.825,529,-10,55,90,50.26,0.00128817462466415,1.626227081670152e-06,-0.3110238521034675,0.22057756654611324,0.0264081629589983,-0.0003729333175259257,4.134880469455967,1.8104031116234159e-09,2.7248853499330267e-05,-3.8521809653986696e-07,-0.06450297985624318,32.643101596883575,-0.0008835774292502483,8.142273350273806e-07,0.04949545248113268,23425,0.06435805317313821,0.0121,index_dividend_yield,0.065,12.5,65,23270.3,23380.6,23231.4,23477.8,mid_price,wide_quote_low_liquidity
2026-09-11T08:25:11.410555+00:00,2026-09-11T13:55:11.410555+05:30,NIFTY,29-Sep-2026,33000.0,PE,23350.5,,0,10101.85,1690,0.0,,0,0,0,0,0,,,,,,,,,,,,,,,0.04949545248113268,,,,,,12.5,65,23270.3,23380.6,23231.4,23477.8,none,no_price_available
2026-09-11T08:25:11.410555+00:00,2026-09-11T13:55:11.410555+05:30,NIFTY,29-Sep-2026,34500.0,CE,23350.5,0.65,130,0.75,1755,0.0,0.7,151,0,0,0,52.03,0.000497693296211005,6.546705494758241e-07,-0.13399605906040982,0.09192513963111422,0.011588863655324026,-0.00016924290566198855,1.9816636899601114,7.706964383597255e-10,1.2854548742908027e-05,-1.8779618964958106e-07,-0.031488747574240195,33.69806621754717,-0.00032685563001848186,2.9990035738927157e-07,0.04949545248113268,23425,0.06435805317313821,0.0121,index_dividend_yield,0.065,12.5,65,23270.3,23380.6,23231.4,23477.8,mid_price,ok
2026-09-11T08:25:11.410555+00:00,2026-09-11T13:55:11.410555+05:30,NIFTY,29-Sep-2026,34500.0,PE,23350.5,,0,11642.45,1690,0.0,,0,0,0,0,0,,,,,,,,,,,,,,,0.04949545248113268,,,,,,12.5,65,23270.3,23380.6,23231.4,23477.8,none,no_price_available
2026-09-11T12:54:36.459594+00:00,2026-09-11T18:24:36.459594+05:30,NIFTY,29-Sep-2026,15000.0,CE,23398.1,,0,,0,0.0,,0,0,0,0,0,,,,,,,,,,,,,,,0.04898286213869863,,,,,,12.27,65,23270.3,23448.1,23231.4,23477.8,none,no_price_available
2026-09-11T12:54:36.459594+00:00,2026-09-11T18:24:36.459594+05:30,NIFTY,29-Sep-2026,15000.0,PE,23398.1,1.25,455,1.45,1755,1.25,1.35,1445,7,136,-7.407407407407407,68.41,-0.001224747529366932,1.1444623277173707e-06,-0.39729943449707333,0.20995510336661494,-0.017056388429501773,0.000322417002082748,2.6756853698543526,-1.029141343639602e-09,1.291211604665873e-05,-2.4356756903703554e-07,-0.05645572840434451,-22.56213176821652,0.001995126122092254,2.784711247583344e-06,0.04898286213869863,23499,0.08784796109277047,0.0121,index_dividend_yield,0.065,12.27,65,23270.3,23448.1,23231.4,23477.8,mid_price,ok
2026-09-11T12:54:36.459594+00:00,2026-09-11T18:24:36.459594+05:30,NIFTY,29-Sep-2026,16500.0,CE,23398.1,,0,,0,0.0,,0,0,0,0,0,,,,,,,,,,,,,,,0.04898286213869863,,,,,,12.27,65,23270.3,23448.1,23231.4,23477.8,none,no_price_available
2026-09-11T12:54:36.459594+00:00,2026-09-11T18:24:36.459594+05:30,NIFTY,29-Sep-2026,16500.0,PE,23398.1,0.75,7735,1.05,910,0.8,0.9,2039,-1,144,0,52.72,-0.0010548884190135278,1.2952265942651025e-06,-0.2662577523106136,0.18311608645949268,-0.019836963275603886,0.00028808640028755365,3.157911770815938,-1.5176183961035778e-09,1.9879735828524516e-05,-2.8799862856053267e-07,-0.0509881285160353,-29.893826843850867,0.0015459426061255656,2.6045880884584227e-06,0.04898286213869863,23499,0.08784796109277047,0.0121,index_dividend_yield,0.065,12.27,65,23270.3,23448.1,23231.4,23477.8,mid_price,wide_quote_low_liquidity
2026-09-11T12:54:36.459594+00:00,2026-09-11T18:24:36.459594+05:30,NIFTY,29-Sep-2026,18000.0,CE,23398.1,5452.4,130,5516.4,195,5487.4,5484.4,17,-1,3,-2.0107142857142857,40.38,0.9980955631621184,2.064744765305923e-06,-2.667982124953101,0.22358261526125645,-0.031212763018040324,0.0003785827603471903,4.862730209537258,-3.070613435443662e-09,3.9792590840040306e-05,-4.3903489740455756e-07,-0.06007781581861352,4.291156182684112,-0.9950717192970147,3.4888520186423097e-06,0.04898286213869863,23499,0.08784796109277047,0.0121,index_dividend_yield,0.065,12.27,65,23270.3,23448.1,23231.4,23477.8,mid_price,ok
2026-09-11T12:54:36.459594+00:00,2026-09-11T18:24:36.459594+05:30,NIFTY,29-Sep-2026,18000.0,PE,23398.1,1.1,3510,1.45,1235,1.25,1.275,13080,-103,2260,0,42.28,-0.002003554699809011,2.9002892183396954e-06,-0.38179250464483094,0.3288377214284502,-0.041811312065227715,0.000484434608361441,6.230099954032175,-3.94787721327368e-09,4.8088134693982094e-05,-5.553090817234629e-07,-0.0813856218096814,-35.663457244840515,0.002677437025267961,4.9006928430457795e-06,0.04898286213869863,23499,0.08784796109277047,0.0121,index_dividend_yield,0.065,12.27,65,23270.3,23448.1,23231.4,23477.8,mid_price,wide_quote_low_liquidity
2026-09-11T12:54:36.459594+00:00,2026-09-11T18:24:36.459594+05:30,NIFTY,29-Sep-2026,19500.0,CE,23398.1,3979.9,65,4007,65,3961.55,3993.45,2161,0,49,-1.4539800995024876,0,,,,,,,,,,,,,,,0.04898286213869863,23499,0.08784796109277047,0.0121,index_dividend_yield,0.065,12.27,65,23270.3,23448.1,23231.4,23477.8,mid_price,no_nse_iv
2026-09-11T12:54:36.459594+00:00,2026-09-11T18:24:36.459594+05:30,NIFTY,29-Sep-2026,19500.0,PE,23398.1,2.65,1040,3.15,1040,2.75,2.9,16599,1550,4816,-11.290322580645162,33.15,-0.005292092249939313,8.859155798355727e-06,-0.711654157996432,0.7875555847462696,-0.11389274738871254,0.0010253523266434764,15.074515956676192,-1.3615343177205572e-08,0.00014284640712817643,-1.2787041508792458e-06,-0.15774042901307495,-41.95628427425352,0.0065013429492881206,1.2755112754229123e-05,0.04898286213869863,23499,0.08784796109277047,0.0121,index_dividend_yield,0.065,12.27,65,23270.3,23448.1,23231.4,23477.8,mid_price,wide_quote_low_liquidity
2026-09-11T12:54:36.459594+00:00,2026-09-11T18:24:36.459594+05:30,NIFTY,29-Sep-2026,21000.0,CE,23398.1,2489.8,1950,2504.65,65,2500.45,2497.2250000000004,7891,-45,374,0.9385596641369288,0,,,,,,,,,,,,,,,0.04898286213869863,23499,0.08784796109277047,0.0121,index_dividend_yield,0.065,12.27,65,23270.3,23448.1,23231.4,23477.8,mid_price,no_nse_iv
2026-09-11T12:54:36.459594+00:00,2026-09-11T18:24:36.459594+05:30,NIFTY,29-Sep-2026,21000.0,PE,23398.1,8.25,455,9.8,650,9.65,9.025,37101,5471,21543,30.405405405405407,25.08,-0.021548918933522045,3.970717185132103e-05,-1.7981483573109163,2.670556872071444,-0.404454946052896,0.0027007279132043663,42.36059329118436,-6.366767331008683e-08,0.00047151897889632905,-3.0960655157189334e-06,-0.3575214702414038,-47.69478779287184,0.024513105937363684,4.929371519394834e-05,0.04898286213869863,23499,0.08784796109277047,0.0121,index_dividend_yield,0.065,12.27,65,23270.3,23448.1,23231.4,23477.8,mid_price,wide_quote_low_liquidity
2026-09-11T12:54:36.459594+00:00,2026-09-11T18:24:36.459594+05:30,NIFTY,29-Sep-2026,21600.0,CE,23398.1,1884.5,325,1914.1,195,1899,1899.3,725,29,46,-1.6062176165803108,0,,,,,,,,,,,,,,,0.04898286213869863,23499,0.08784796109277047,0.0121,index_dividend_yield,0.065,12.27,65,23270.3,23448.1,23231.4,23477.8,mid_price,no_nse_iv
2026-09-11T12:54:36.459594+00:00,2026-09-11T18:24:36.459594+05:30,NIFTY,29-Sep-2026,21600.0,PE,23398.1,12.1,1300,12.5,1300,12.2,12.3,11095,3726,13868,23.85786802030457,20.45,-0.032383910897954955,6.84392836944703e-05,-2.034250126178806,3.7532207722056334,-0.6383973352104346,0.003417254950281664,61.04693048528165,-1.2245314540672665e-07,0.0007785272954800507,-4.046208161224079e-06,-0.43169762185792976,-55.53694512964936,0.03571136813649519,8.03080607118138e-05,0.04898286213869863,23499,0.08784796109277047,0.0121,index_dividend_yield,0.065,12.27,65,23270.3,23448.1,23231.4,23477.8,mid_price,ok
2026-09-11T12:54:36.459594+00:00,2026-09-11T18:24:36.459594+05:30,NIFTY,29-Sep-2026,21650.0,CE,23398.1,1489.4,650,2224.45,650,0.0,1856.925,1,0,0,0,32.96,0.8715998211431628,0.00012246484096515274,-12.592147038695119,10.824403408333161,-0.67445568705371,0.005831550280605446,39.69264831610264,-8.667638321705463e-08,7.752208095156967e-05,-4.359770594411581e-07,-0.6438201988782772,10.646922544213993,-0.8535019574267575,0.00014303977126619373,0.04898286213869863,23499,0.08784796109277047,0.0121,index_dividend_yield,0.065,12.27,65,23270.3,23448.1,23231.4,23477.8,mid_price,wide_quote_low_liquidity
2026-09-11T12:54:36.459594+00:00,2026-09-11T18:24:36.459594+05:30,NIFTY,29-Sep-2026,21650.0,PE,23398.1,12.5,65,14,195,12.65,13.25,527,188,1131,22.815533980582526,20.11,-0.033972475013625256,7.23967235418436e-05,-2.078014368412526,3.9042383750910745,-0.6675380248635717,0.003506989306973012,63.090754457647336,-1.3015746517979665e-07,0.0008099116544164393,-4.123112311272588e-06,-0.440597274297585,-56.10226395695533,0.03736997609329835,8.455986791175316e-05,0.04898286213869863,23499,0.08784796109277047,0.0121,index_dividend_yield,0.065,12.27,65,23270.3,23448.1,23231.4,23477.8,mid_price,ok
2026-09-11T12:54:36.459594+00:00,2026-09-11T18:24:36.459594+05:30,NIFTY,29-Sep-2026,21700.0,CE,23398.1,1487.6,650,2116.95,650,0.0,1802.2749999999999,0,0,0,0,33.96,0.8581869126852981,0.0001272873570797158,-13.583924141510858,11.591997910914193,-0.6587052827465856,0.005853988803729448,36.65165957846739,-8.31116939800509e-08,2.7646121254201652e-05,3.5650834494813446e-09,-0.6479147410577486,10.656033182548326,-0.8385055306628818,0.00014798816562314976,0.04898286213869863,23499,0.08784796109277047,0.0121,index_dividend_yield,0.065,12.27,65,23270.3,23448.1,23231.4,23477.8,mid_price,wide_quote_low_liquidity
2026-09-11T12:54:36.459594+00:00,2026-09-11T18:24:36.459594+05:30,NIFTY,29-Sep-2026,21700.0,PE,23398.1,12.55,715,14.9,1625,13.7,13.725000000000001,5872,2516,8567,33.00970873786408,19.93,-0.03679440734344005,7.799080774578404e-05,-2.1957379703557995,4.168272090837291,-0.7046538287844017,0.003661230882617522,65.27726688634283,-1.3867149133220928e-07,0.000830071198017375,-4.166569944147487e-06,-0.4556891298995546,-55.957747771158964,0.040382690699397275,9.067449304126987e-05,0.04898286213869863,23499,0.08784796109277047,0.0121,index_dividend_yield,0.065,12.27,65,23270.3,23448.1,23231.4,23477.8,mid_price,wide_quote_low_liquidity
2026-09-11T12:54:36.459594+00:00,2026-09-11T18:24:36.459594+05:30,NIFTY,29-Sep-2026,21750.0,CE,23398.1,1444.15,650,2072.1,650,0.0,1758.125,1,0,0,0,29.91,0.8796073376470734,0.00012897708564126544,-11.316125855765211,10.345091015864462,-0.7409954996913659,0.005790897341486079,45.11199321294068,-1.0327422523212063e-07,0.00013122184468181467,-7.635852182021107e-07,-0.6397113935504368,11.451087093557554,-0.86362444015077,0.0001492640503884441,0.04898286213869863,23499,0.08784796109277047,0.0121,index_dividend_yield,0.065,12.27,65,23270.3,23448.1,23231.4,23477.8,mid_price,wide_quote_low_liquidity
2026-09-11T12:54:36.459594+00:00,2026-09-11T18:24:36.459594+05:30,NIFTY,29-Sep-2026,21750.0,PE,23398.1,12.1,1755,15.8,1300,14.3,13.95,514,113,1320,25.43859649122807,19.6,-0.03874064973161858,8.271128221368715e-05,-2.2487191680928715,4.3473656372495695,-0.7374767322959087,0.003760074014950106,67.41385885340367,-1.4752426745622093e-07,0.0008606151886396965,-4.22799380007412e-06,-0.46524212534678006,-56.478146065123454,0.04241412881466592,9.572104172345054e-05,0.04898286213869863,23499,0.08784796109277047,0.0121,index_dividend_yield,0.065,12.27,65,23270.3,23448.1,23231.4,23477.8,mid_price,wide_quote_low_liquidity
2026-09-11T12:54:36.459594+00:00,2026-09-11T18:24:36.459594+05:30,NIFTY,29-Sep-2026,21800.0,CE,23398.1,1393.3,390,2011.6,650,1700,1702.4499999999998,1,-1,1,-20.930232558139537,0,,,,,,,,,,,,,,,0.04898286213869863,23499,0.08784796109277047,0.0121,index_dividend_yield,0.065,12.27,65,23270.3,23448.1,23231.4,23477.8,mid_price,no_nse_iv
2026-09-11T12:54:36.459594+00:00,2026-09-11T18:24:36.459594+05:30,NIFTY,29-Sep-2026,21800.0,PE,23398.1,13.3,325,14.9,130,14.8,14.100000000000001,8828,3749,8322,24.369747899159663,19.25,-0.040674645892041526,8.761775560625606e-05,-2.294059528743278,4.523016806982458,-0.771328887254695,0.003853463514442511,69.60634064863535,-1.570346499842994e-07,0.0008932489384651308,-4.28782924335063e-06,-0.47418224597882913,-57.09804938011303,0.04442098243449373,0.00010093465955145428,0.04898286213869863,23499,0.08784796109277047,0.0121,index_dividend_yield,0.065,12.27,65,23270.3,23448.1,23231.4,23477.8,mid_price,ok
2026-09-11T12:54:36.459594+00:00,2026-09-11T18:24:36.459594+05:30,NIFTY,29-Sep-2026,21850.0,CE,23398.1,1341.4,650,1955.15,650,0.0,1648.275,1,0,0,0,19.44,0.9522494942837769,9.7754910229463e-05,-5.710619689730589,5.096126329202849,-0.8249943180187458,0.004184851183003491,71.46475963175236,-1.6664522095473342e-07,0.0008680247222086612,-4.166770991673283e-06,-0.502097216581598,13.722528702467422,-0.9454078272936279,0.00011209774703019311,0.04898286213869863,23499,0.08784796109277047,0.0121,index_dividend_yield,0.065,12.27,65,23270.3,23448.1,23231.4,23477.8,mid_price,wide_quote_low_liquidity
2026-09-11T12:54:36.459594+00:00,2026-09-11T18:24:36.459594+05:30,NIFTY,29-Sep-2026,21850.0,PE,23398.1,14.1,1755,17.45,1300,16.2,15.774999999999999,519,290,703,27.058823529411764,19.09,-0.044289529489175666,9.465042484925495e-05,-2.4334205115728005,4.8454469105694935,-0.8138213706032245,0.004021898773905866,71.75641006073042,-1.6714034213886983e-07,0.0009058984337554168,-4.281985359636179e-06,-0.49006926353421676,-56.83115898694593,0.04826203176132073,0.0001085377640483397,0.04898286213869863,23499,0.08784796109277047,0.0121,index_dividend_yield,0.065,12.27,65,23270.3,23448.1,23231.4,23477.8,mid_price,wide_quote_low_liquidity
2026-09-11T12:54:36.459594+00:00,2026-09-11T18:24:36.459594+05:30,NIFTY,29-Sep-2026,21900.0,CE,23398.1,1358.5,650,1849.55,650,0.0,1604.025,9,0,0,0,14.08,0.986276914018914,4.630581226478708e-05,-3.755731042841573,1.748410898663978,-0.5253533124493504,0.0019437670860117384,60.45106916265197,-1.4447304497481377e-07,0.0012721293823040349,-4.528495479134455e-06,-0.2687429715145859,14.819269425028233,-0.9826381828164047,5.2857724438698536e-05,0.04898286213869863,23499,0.08784796109277047,0.0121,index_dividend_yield,0.065,12.27,65,23270.3,23448.1,23231.4,23477.8,mid_price,wide_quote_low_liquidity
2026-09-11T12:54:36.459594+00:00,2026-09-11T18:24:36.459594+05:30,NIFTY,29-Sep-2026,21900.0,PE,23398.1,14.15,260,17.05,260,15.65,15.600000000000001,3398,375,4218,24.701195219123505,18.48,-0.044388347927802226,9.795047110527847e-05,-2.355024025765135,4.854157231439232,-0.8423438413024987,0.004019293919833994,74.22528150962249,-1.784300457869269e-07,0.0009677651351980174,-4.4093463132844235e-06,-0.4898634202999226,-58.71615842129061,0.04823249048954551,0.00011180970070706784,0.04898286213869863,23499,0.08784796109277047,0.0121,index_dividend_yield,0.065,12.27,65,23270.3,23448.1,23231.4,23477.8,mid_price,wide_quote_low_liquidity
2026-09-11T12:54:36.459594+00:00,2026-09-11T18:24:36.459594+05:30,NIFTY,29-Sep-2026,21950.0,CE,23398.1,1352.3,650,1713.7,390,0.0,1533.0,2,0,0,0,29.21,0.8550681162326756,0.0001501873576278963,-12.221511139379292,11.764413393242968,-0.7746317743314024,0.0058482492303731926,42.54735082224137,-1.115419759228727e-07,2.9012167448834122e-05,1.2304705973860517e-07,-0.6482499585021273,12.354743213617988,-0.8377035865116685,0.00017065755247236566,0.04898286213869863,23499,0.08784796109277047,0.0121,index_dividend_yield,0.065,12.27,65,23270.3,23448.1,23231.4,23477.8,mid_price,wide_quote_low_liquidity
2026-09-11T12:54:36.459594+00:00,2026-09-11T18:24:36.459594+05:30,NIFTY,29-Sep-2026,21950.0,PE,23398.1,14.15,65,18.15,325,16.6,16.15,1632,737,1683,21.16788321167883,18.2,-0.04737780771995331,0.00010480502179869765,-2.439524983849391,5.115155304087478,-0.8847694386508245,0.004145987743303291,76.54062881588652,-1.9027479137582464e-07,0.0009924347459866199,-4.419773378690718e-06,-0.5016538273899727,-59.02200128635934,0.05135911952494293,0.00011908970761235708,0.04898286213869863,23499,0.08784796109277047,0.0121,index_dividend_yield,0.065,12.27,65,23270.3,23448.1,23231.4,23477.8,mid_price,wide_quote_low_liquidity
2026-09-11T12:54:36.459594+00:00,2026-09-11T18:24:36.459594+05:30,NIFTY,29-Sep-2026,22000.0,CE,23398.1,1506,325,1517.2,65,1514.9,1511.6,12351,218,1277,1.0944277610944277,15.71,0.9682604521802254,8.626807975597313e-05,-4.61951310262231,3.6343910949411895,-0.8171222078763307,0.003329013790622337,78.8711165121796,-2.0185361461719932e-07,0.0013230416081579733,-5.1406144764471774e-06,-0.41972948936939414,15.473368009422419,-0.9632407695260676,9.758115517552998e-05,0.04898286213869863,23499,0.08784796109277047,0.0121,index_dividend_yield,0.065,12.27,65,23270.3,23448.1,23231.4,23477.8,mid_price,ok
2026-09-11T12:54:36.459594+00:00,2026-09-11T18:24:36.459594+05:30,NIFTY,29-Sep-2026,22000.0,PE,23398.1,17.3,325,17.45,195,17.5,17.375,52545,6323,48651,23.239436619718308,17.9,-0.05042709156787232,0.00011200701175666294,-2.5169301128606922,5.37654871657372,-0.9284926980040811,0.004266171467425028,78.87565754792858,-2.0298065608546677e-07,0.001017481887162017,-4.4196292098565125e-06,-0.5127063278707649,-59.425902516331824,0.05453423081745999,0.00012669545474863279,0.04898286213869863,23499,0.08784796109277047,0.0121,index_dividend_yield,0.065,12.27,65,23270.3,23448.1,23231.4,23477.8,mid_price,ok
2026-09-11T12:54:36.459594+00:00,2026-09-11T18:24:36.459594+05:30,NIFTY,29-Sep-2026,22050.0,CE,23398.1,1223.55,650,1684.5,390,0.0,1454.025,1,0,0,0,31.11,0.8243412959537453,0.00016001055741303238,-14.13156054594505,13.349161668039196,-0.7168148713830313,0.005722853945425599,34.667877145466264,-9.942496409663683e-08,-9.878565247974406e-05,1.1778487016491257e-06,-0.6483197836714272,12.354725269748497,-0.8039380682318883,0.00018017421394573855,0.04898286213869863,23499,0.08784796109277047,0.0121,index_dividend_yield,0.065,12.27,65,23270.3,23448.1,23231.4,23477.8,mid_price,wide_quote_low_liquidity
2026-09-11T12:54:36.459594+00:00,2026-09-11T18:24:36.459594+05:30,NIFTY,29-Sep-2026,22050.0,PE,23398.1,15.7,195,20.35,650,18.6,18.025,1133,155,1944,25.675675675675677,17.62,-0.053921927904546745,0.00012000676686569093,-2.607571701023715,5.670442919045683,-0.974828101827644,0.004394618431216635,81.15766975382942,-2.164718546002261e-07,0.0010365492809732326,-4.389032800488523e-06,-0.5243751915704502,-59.723037699852846,0.058176690300645977,0.0001351293641980296,0.04898286213869863,23499,0.08784796109277047,0.0121,index_dividend_yield,0.065,12.27,65,23270.3,23448.1,23231.4,23477.8,mid_price,wide_quote_low_liquidity
2026-09-11T12:54:36.459594+00:00,2026-09-11T18:24:36.459594+05:30,NIFTY,29-Sep-2026,22100.0,CE,23398.1,1150.2,650,1627.7,650,0.0,1388.95,14,0,0,0,27.06,0.8471120468834904,0.00016804396500709877,-11.839342088504123,12.194276996800419,-0.8409440642229149,0.005823600561556618,44.69191172867326,-1.2998097935852502e-07,-5.117085362358362e-06,4.5955399225516337e-07,-0.6485980471951986,13.497275007400894,-0.8304211601734449,0.00018836471738202997,0.04898286213869863,23499,0.08784796109277047,0.0121,index_dividend_yield,0.065,12.27,65,23270.3,23448.1,23231.4,23477.8,mid_price,wide_quote_low_liquidity
2026-09-11T12:54:36.459594+00:00,2026-09-11T18:24:36.459594+05:30,NIFTY,29-Sep-2026,22100.0,PE,23398.1,16,130,21.3,130,18.9,18.65,1415,-515,5372,23.127035830618894,17.17,-0.05597557741759478,0.00012684373268263496,-2.6108035006885815,5.840427703728818,-1.0188813240016996,0.004460271093241874,83.8503360992351,-2.3197166172109632e-07,0.0010823817723056505,-4.426830847143853e-06,-0.5303243173545571,-60.93006858267435,0.06023609302355701,0.00014218233816035568,0.04898286213869863,23499,0.08784796109277047,0.0121,index_dividend_yield,0.065,12.27,65,23270.3,23448.1,23231.4,23477.8,mid_price,wide_quote_low_liquidity
2026-09-11T12:54:36.459594+00:00,2026-09-11T18:24:36.459594+05:30,NIFTY,29-Sep-2026,22150.0,CE,23398.1,1142.85,650,1558.65,650,1334.35,1350.75,1,0,7,-19.13030303030303,0,,,,,,,,,,,,,,,0.04898286213869863,23499,0.08784796109277047,0.0121,index_dividend_yield,0.065,12.27,65,23270.3,23448.1,23231.4,23477.8,mid_price,no_nse_iv
2026-09-11T12:54:36.459594+00:00,2026-09-11T18:24:36.459594+05:30,NIFTY,29-Sep-2026,22150.0,PE,23398.1,18.65,1755,22.9,195,20.4,20.775,590,-437,1713,22.89156626506024,16.94,-0.06053758080969619,0.00013672740129327534,-2.733099826355185,6.211182769702442,-1.0708705894057793,0.004607460093911962,85.95446388282912,-2.471513229890354e-07,0.0010850563298135966,-4.319370830542269e-06,-0.5434448901897726,-60.95153053808895,0.06499790349173523,0.00015257004834716865,0.04898286213869863,23499,0.08784796109277047,0.0121,index_dividend_yield,0.065,12.27,65,23270.3,23448.1,23231.4,23477.8,mid_price,wide_quote_low_liquidity
2026-09-11T12:54:36.459594+00:00,2026-09-11T18:24:36.459594+05:30,NIFTY,29-Sep-2026,22200.0,CE,23398.1,1036.65,650,1503.8,650,1288.1,1270.225,1,0,10,-9.288732394366198,0,,,,,,,,,,,,,,,0.04898286213869863,23499,0.08784796109277047,0.0121,index_dividend_yield,0.065,12.27,65,23270.3,23448.1,23231.4,23477.8,mid_price,no_nse_iv
2026-09-11T12:54:36.459594+00:00,2026-09-11T18:24:36.459594+05:30,NIFTY,29-Sep-2026,22200.0,PE,23398.1,20.5,65,22.55,130,20.5,21.525,5291,1500,11474,16.477272727272727,16.45,-0.06258680216300982,0.00014450835999863627,-2.716252810951593,6.374765566124965,-1.1200034608970753,0.004660347716622167,88.92017442940059,-2.65885660320284e-07,0.0011373127327910788,-4.348281685334637e-06,-0.5481926819359337,-62.43258292595591,0.06702108797427242,0.00016052704415055064,0.04898286213869863,23499,0.08784796109277047,0.0121,index_dividend_yield,0.065,12.27,65,23270.3,23448.1,23231.4,23477.8,mid_price,ok
2026-09-11T12:54:36.459594+00:00,2026-09-11T18:24:36.459594+05:30,NIFTY,29-Sep-2026,22250.0,CE,23398.1,1055.3,650,1434.35,650,0.0,1244.8249999999998,6,0,0,0,25.01,0.8368096079856665,0.0001898101168422064,-11.506811155079799,12.73029277295303,-0.9122500538850664,0.005766188122927617,46.4591577024569,-1.518482614117011e-07,-6.621503600545003e-05,9.561474066394212e-07,-0.6478189178359344,14.843126322633156,-0.8207030244099379,0.00020990390172502142,0.04898286213869863,23499,0.08784796109277047,0.0121,index_dividend_yield,0.065,12.27,65,23270.3,23448.1,23231.4,23477.8,mid_price,wide_quote_low_liquidity
2026-09-11T12:54:36.459594+00:00,2026-09-11T18:24:36.459594+05:30,NIFTY,29-Sep-2026,22250.0,PE,23398.1,22.35,195,25.4,325,22.75,23.875,753,-101,1341,22.972972972972972,16.3,-0.06879381087333457,0.00015693106814427464,-2.889047186719976,6.859648758324824,-1.177073114064113,0.004831311905359806,90.48964777887036,-2.82166322541705e-07,0.001107477229006829,-4.110421784552366e-06,-0.5631637208093823,-61.9698946401125,0.0735109701671563,0.000173544192761562,0.04898286213869863,23499,0.08784796109277047,0.0121,index_dividend_yield,0.065,12.27,65,23270.3,23448.1,23231.4,23477.8,mid_price,ok
2026-09-11T12:54:36.459594+00:00,2026-09-11T18:24:36.459594+05:30,NIFTY,29-Sep-2026,22300.0,CE,23398.1,1000.2,715,1409,715,1140.65,1204.6,27,-3,37,-15.507407407407408,0,,,,,,,,,,,,,,,0.04898286213869863,23499,0.08784796109277047,0.0121,index_dividend_yield,0.065,12.27,65,23270.3,23448.1,23231.4,23477.8,mid_price,no_nse_iv
2026-09-11T12:54:36.459594+00:00,2026-09-11T18:24:36.459594+05:30,NIFTY,29-Sep-2026,22300.0,PE,23398.1,22.65,260,23.55,65,23.25,23.1,4738,428,16110,19.23076923076923,15.86,-0.07199572346283245,0.00016702571032124018,-2.9019584577255,7.103818450920355,-1.2330884282064845,0.004900663695490651,93.27945440170681,-3.035141724041908e-07,0.001140155935735291,-4.047478143203847e-06,-0.5692929859889517,-63.19087512494437,0.07673638861562482,0.0001838801235100229,0.04898286213869863,23499,0.08784796109277047,0.0121,index_dividend_yield,0.065,12.27,65,23270.3,23448.1,23231.4,23477.8,mid_price,ok
2026-09-11T12:54:36.459594+00:00,2026-09-11T18:24:36.459594+05:30,NIFTY,29-Sep-2026,22350.0,CE,23398.1,968.6,650,1368.35,650,1150,1168.475,2,0,2,-25.806451612903224,0,,,,,,,,,,,,,,,0.04898286213869863,23499,0.08784796109277047,0.0121,index_dividend_yield,0.065,12.27,65,23270.3,23448.1,23231.4,23477.8,mid_price,no_nse_iv
2026-09-11T12:54:36.459594+00:00,2026-09-11T18:24:36.459594+05:30,NIFTY,29-Sep-2026,22350.0,PE,23398.1,25.5,910,27,650,26.35,26.25,398,4,1222,27.602905569007262,15.79,-0.08025944222311734,0.0001822332333146133,-3.1299095400336183,7.716405720121826,-1.2909972900114544,0.005080562949613537,93.79828587309369,-3.195361785077286e-07,0.0010611571227837327,-3.6230987272670456e-06,-0.5848268779335051,-62.20450446553844,0.08537395453351765,0.00019972558936285208,0.04898286213869863,23499,0.08784796109277047,0.0121,index_dividend_yield,0.065,12.27,65,23270.3,23448.1,23231.4,23477.8,mid_price,ok
2026-09-11T12:54:36.459594+00:00,2026-09-11T18:24:36.459594+05:30,NIFTY,29-Sep-2026,22400.0,CE,23398.1,934.15,650,1187.95,650,1100,1061.05,5,2,2,-2.7409372236958442,0,,,,,,,,,,,,,,,0.04898286213869863,23499,0.08784796109277047,0.0121,index_dividend_yield,0.065,12.27,65,23270.3,23448.1,23231.4,23477.8,mid_price,no_nse_iv
2026-09-11T12:54:36.459594+00:00,2026-09-11T18:24:36.459594+05:30,NIFTY,29-Sep-2026,22400.0,PE,23398.1,27.05,65,28.05,65,27.55,27.55,3726,831,15704,20.568927789934353,15.41,-0.08510057042952336,0.0001951413044155865,-3.181093456264683,8.064123790180139,-1.3511835386793083,0.00515891717057558,95.94795572166336,-3.4248263558843486e-07,0.0010555881708640869,-3.409307465244841e-06,-0.5917504353099758,-63.048363723479625,0.09030239414975186,0.00021291896800356753,0.04898286213869863,23499,0.08784796109277047,0.0121,index_dividend_yield,0.065,12.27,65,23270.3,23448.1,23231.4,23477.8,mid_price,ok
2026-09-11T12:54:36.459594+00:00,2026-09-11T18:24:36.459594+05:30,NIFTY,29-Sep-2026,22450.0,CE,23398.1,904.9,650,1262.3,650,0.0,1083.6,2,0,0,0,17.21,0.8790917257096751,0.0002248342435836672,-7.786630654627153,10.37644698085129,-1.3214286033990108,0.005627724760709274,80.27355279650993,-3.0424126834207677e-07,0.0004329945083028701,-1.0764749020969239e-06,-0.629907255408833,19.418136853046867,-0.8690336193229,0.00024422546905498484,0.04898286213869863,23499,0.08784796109277047,0.0121,index_dividend_yield,0.065,12.27,65,23270.3,23448.1,23231.4,23477.8,mid_price,wide_quote_low_liquidity
2026-09-11T12:54:36.459594+00:00,2026-09-11T18:24:36.459594+05:30,NIFTY,29-Sep-2026,22450.0,PE,23398.1,28.05,65,31.4,65,30.45,29.725,647,12,3111,23.78048780487805,15.24,-0.09335430917725879,0.00021138818138227348,-3.359255058457515,8.639149965767043,-1.4080635204971326,0.005281894565717468,96.25481727381757,-3.6114394930067133e-07,0.0009682698803621664,-2.9246435675258915e-06,-0.6025558103456827,-62.60864352562646,0.09885086105205784,0.000229619727528535,0.04898286213869863,23499,0.08784796109277047,0.0121,index_dividend_yield,0.065,12.27,65,23270.3,23448.1,23231.4,23477.8,mid_price,ok
2026-09-11T12:54:36.459594+00:00,2026-09-11T18:24:36.459594+05:30,NIFTY,29-Sep-2026,22500.0,CE,23398.1,1021.45,260,1033.15,65,1024.75,1027.3000000000002,8775,489,2745,2.0362441501543365,12.63,0.9335251921877616,0.0001958738333534414,-5.335363946566696,6.634147403107461,-1.500041472465019,0.004665251325077446,117.05508596286008,-4.58243360172524e-07,0.0019054038895304928,-5.197119949268669e-06,-0.5469077973773793,22.40680329339665,-0.9274618058080593,0.0002118227354011913,0.04898286213869863,23499,0.08784796109277047,0.0121,index_dividend_yield,0.065,12.27,65,23270.3,23448.1,23231.4,23477.8,mid_price,ok
2026-09-11T12:54:36.459594+00:00,2026-09-11T18:24:36.459594+05:30,NIFTY,29-Sep-2026,22500.0,PE,23398.1,31.85,130,33.1,130,33.15,32.475,48057,11965,84849,20.76502732240437,15.01,-0.10148553512526047,0.00022818661878268792,-3.504666648829384,9.184937572056405,-1.4647271853912223,0.005372099557412746,96.54425597298565,-3.816091588293214e-07,0.0008783878530419068,-2.4165087457641155e-06,-0.610832663964219,-62.508362811357706,0.10722474291640768,0.0002467665687906372,0.04898286213869863,23499,0.08784796109277047,0.0121,index_dividend_yield,0.065,12.27,65,23270.3,23448.1,23231.4,23477.8,mid_price,ok
2026-09-11T12:54:36.459594+00:00,2026-09-11T18:24:36.459594+05:30,NIFTY,29-Sep-2026,22550.0,CE,23398.1,821.95,650,1151.45,650,964,986.7,4,1,3,-8.19047619047619,9.73,0.9669472982318779,0.00014412152326036398,-4.1398349622006005,3.760512420206355,-1.3611624015082424,0.0032470006093096022,130.0861545307521,-5.366834824537025e-07,0.0035046137426335776,-7.744220144056426e-06,-0.4122767326220367,24.79768333506279,-0.9628539630795391,0.00015516613293125458,0.04898286213869863,23499,0.08784796109277047,0.0121,index_dividend_yield,0.065,12.27,65,23270.3,23448.1,23231.4,23477.8,mid_price,wide_quote_low_liquidity
2026-09-11T12:54:36.459594+00:00,2026-09-11T18:24:36.459594+05:30,NIFTY,29-Sep-2026,22550.0,PE,23398.1,34,65,36,65,34.1,35.0,2280,1783,8725,15.986394557823129,14.56,-0.10701147503314484,0.00024445463875139955,-3.5166234202097413,9.544759749545117,-1.5317308796676947,0.005405353936529883,98.53695858141265,-4.110015375247815e-07,0.0008448515360242502,-2.0702474893280346e-06,-0.6145287716190744,-63.75590940602442,0.11277773260749592,0.0002631881769916958,0.04898286213869863,23499,0.08784796109277047,0.0121,index_dividend_yield,0.065,12.27,65,23270.3,23448.1,23231.4,23477.8,mid_price,ok
2026-09-11T12:54:36.459594+00:00,2026-09-11T18:24:36.459594+05:30,NIFTY,29-Sep-2026,22600.0,CE,23398.1,918.15,65,952,195,935.6,935.075,30,15,41,-14.1651376146789,13.07,0.9033133220746073,0.00025179541361362986,-6.13108672129555,8.825285145071602,-1.6622825755170378,0.005252750324370781,112.23528085925949,-4.929093199128017e-07,0.0012758859595097388,-3.014701648820122e-06,-0.5991097687279634,23.828570987615787,-0.8959655208854054,0.00026989331180805485,0.04898286213869863,23499,0.08784796109277047,0.0121,index_dividend_yield,0.065,12.27,65,23270.3,23448.1,23231.4,23477.8,mid_price,ok
2026-09-11T12:54:36.459594+00:00,2026-09-11T18:24:36.459594+05:30,NIFTY,29-Sep-2026,22600.0,PE,23398.1,37.35,130,37.85,130,38.05,37.6,10336,3363,27995,14.09295352323838,14.41,-0.11786277493310383,0.000264645379108706,-3.7137955321435143,10.22665581229764,-1.5807961822118104,0.005470173214612781,97.03966608185333,-4.290936173589993e-07,0.0006747837919802535,-1.2888754020487611e-06,-0.6216551326425623,-63.10007418617678,0.12395883264625733,0.0002836668738214083,0.04898286213869863,23499,0.08784796109277047,0.0121,index_dividend_yield,0.065,12.27,65,23270.3,23448.1,23231.4,23477.8,mid_price,ok
2026-09-11T12:54:36.459594+00:00,2026-09-11T18:24:36.459594+05:30,NIFTY,29-Sep-2026,22650.0,CE,23398.1,740.25,650,1046.15,650,892.4,893.2,16,13,30,-34.440199823684985,13.28,0.8860380018421025,0.0002793441024114926,-6.548908651145899,9.94816375178124,-1.7055733403632534,0.005417426584134688,106.73711144738007,-4.99351032045159e-07,0.0008938643170512727,-1.6500222464151178e-06,-0.6150307183822754,24.545775281609416,-0.8780130609974535,0.0002981015812119012,0.04898286213869863,23499,0.08784796109277047,0.0121,index_dividend_yield,0.065,12.27,65,23270.3,23448.1,23231.4,23477.8,mid_price,wide_quote_low_liquidity
2026-09-11T12:54:36.459594+00:00,2026-09-11T18:24:36.459594+05:30,NIFTY,29-Sep-2026,22650.0,PE,23398.1,41,65,44.45,65,41.5,42.725,2038,395,3667,12.010796221322536,14.18,-0.12838812355625456,0.00028555460051882654,-3.862176622487752,10.858522503402428,-1.6299955824294747,0.005492497027872634,95.69570102801528,-4.4998091773348606e-07,0.000502931041220753,-4.937300322812189e-07,-0.6259813885771113,-62.91991092114863,0.13473651186249067,0.000304729103647233,0.04898286213869863,23499,0.08784796109277047,0.0121,index_dividend_yield,0.065,12.27,65,23270.3,23448.1,23231.4,23477.8,mid_price,ok
2026-09-11T12:54:36.459594+00:00,2026-09-11T18:24:36.459594+05:30,NIFTY,29-Sep-2026,22700.0,CE,23398.1,833.25,65,854.25,130,819,843.75,150,121,184,1.0736764161421695,9.44,0.9428732400989993,0.0002325238077483833,-4.6145777405956006,5.8863321429534805,-1.8822941026696571,0.004212332265295271,154.42732996597286,-7.607659607702394e-07,0.00363764997885983,-7.044851474578313e-06,-0.507407929727866,28.715619553350354,-0.9380250708894358,0.00024704547146874706,0.04898286213869863,23499,0.08784796109277047,0.0121,index_dividend_yield,0.065,12.27,65,23270.3,23448.1,23231.4,23477.8,mid_price,ok
2026-09-11T12:54:36.459594+00:00,2026-09-11T18:24:36.459594+05:30,NIFTY,29-Sep-2026,22700.0,PE,23398.1,45.4,65,45.85,65,45.5,45.625,12269,1554,36232,16.51728553137004,13.96,-0.1400579566708713,0.0003079152792844298,-4.016019398761783,11.52715151496816,-1.6723224498937372,0.005481391723647061,93.50481977313585,-4.694413176695234e-07,0.00029215491617590574,4.255822675944612e-07,-0.6286921557649716,-62.644165082134165,0.14666972909205708,0.0003271453193539998,0.04898286213869863,23499,0.08784796109277047,0.0121,index_dividend_yield,0.065,12.27,65,23270.3,23448.1,23231.4,23477.8,mid_price,ok
2026-09-11T12:54:36.459594+00:00,2026-09-11T18:24:36.459594+05:30,NIFTY,29-Sep-2026,22750.0,CE,23398.1,750.7,650,946.9,650,804.6,848.8,8,5,13,-9.146341463414634,13.26,0.8549482808923891,0.0003310276434683797,-7.129274975273462,11.770993771993776,-1.7669669395501408,0.005459652099573109,97.00676400319175,-5.206591648742001e-07,0.00023177864079661973,8.81091217294508e-07,-0.6269418517700593,26.385499263372807,-0.8459786991245132,0.0003501568654500636,0.04898286213869863,23499,0.08784796109277047,0.0121,index_dividend_yield,0.065,12.27,65,23270.3,23448.1,23231.4,23477.8,mid_price,wide_quote_low_liquidity
2026-09-11T12:54:36.459594+00:00,2026-09-11T18:24:36.459594+05:30,NIFTY,29-Sep-2026,22750.0,PE,23398.1,48.95,65,69.35,65,49.9,59.15,1987,103,3619,13.926940639269406,13.74,-0.15279642255156403,0.0003316730562688555,-4.167568826458223,12.220874068748369,-1.7067769310689789,0.005430042820270209,90.52102945690166,-4.874248604096023e-07,4.293792834424138e-05,1.4617518271641827e-06,-0.629589259532386,-62.33384480896863,0.15967036425902226,0.00035083957496872517,0.04898286213869863,23499,0.08784796109277047,0.0121,index_dividend_yield,0.065,12.27,65,23270.3,23448.1,23231.4,23477.8,mid_price,wide_quote_low_liquidity
2026-09-11T12:54:36.459594+00:00,2026-09-11T18:24:36.459594+05:30,NIFTY,29-Sep-2026,22800.0,CE,23398.1,741.25,65,756.05,260,750.45,748.65,3448,3234,4795,0.9483454398708636,12.24,0.8560705390403833,0.0003567319031922107,-6.7858413608778205,11.70924012011314,-1.9174839021491863,0.00538372282499322,105.76235797495225,-6.084438326132628e-07,0.0003078876862861401,9.871156230366264e-07,-0.6224190039227651,28.45901780175424,-0.8476574600225767,0.0003756932933189004,0.04898286213869863,23499,0.08784796109277047,0.0121,index_dividend_yield,0.065,12.27,65,23270.3,23448.1,23231.4,23477.8,mid_price,ok
2026-09-11T12:54:36.459594+00:00,2026-09-11T18:24:36.459594+05:30,NIFTY,29-Sep-2026,22800.0,PE,23398.1,53.9,195,54.5,65,54.35,54.2,22026,3710,50111,10.579857578840285,13.49,-0.16616947464876197,0.0003568925524047494,-4.296156553304399,12.910848303404386,-1.735732388200073,0.005334100549508725,87.10317122989419,-5.055553099067812e-07,-0.00023770370239300587,2.5847338078894264e-06,-0.6285627128388374,-62.17651763997475,0.17327115942316176,0.000375862481527714,0.04898286213869863,23499,0.08784796109277047,0.0121,index_dividend_yield,0.065,12.27,65,23270.3,23448.1,23231.4,23477.8,mid_price,ok
2026-09-11T12:54:36.459594+00:00,2026-09-11T18:24:36.459594+05:30,NIFTY,29-Sep-2026,22850.0,CE,23398.1,693.55,260,719.05,260,705.95,706.3,8,3,14,-55.204797106507186,12.1,0.8397027592286046,0.00038775844744984723,-6.987624949621227,12.58206665664753,-1.9447593918344719,0.005295332251613272,100.23859490211872,-6.253504261173235e-07,-0.00011522085509283494,2.4885015933276172e-06,-0.6229224988786495,29.76154370534394,-0.8309534718230124,0.00040658377565475366,0.04898286213869863,23499,0.08784796109277047,0.0121,index_dividend_yield,0.065,12.27,65,23270.3,23448.1,23231.4,23477.8,mid_price,ok
2026-09-11T12:54:36.459594+00:00,2026-09-11T18:24:36.459594+05:30,NIFTY,29-Sep-2026,22850.0,PE,23398.1,58.9,65,61.45,65,60.75,60.175,1431,-262,4492,10.054347826086957,13.35,-0.18269633661321125,0.0003830244056341943,-4.487530602079417,13.712386836042292,-1.7359296481016389,0.005177818174292609,81.33374204542586,-5.123694271213919e-07,-0.0005971158701112704,3.939874723674682e-06,-0.625884163505269,-61.28792387062106,0.19013110538569997,0.0004016199003138699,0.04898286213869863,23499,0.08784796109277047,0.0121,index_dividend_yield,0.065,12.27,65,23270.3,23448.1,23231.4,23477.8,mid_price,ok
2026-09-11T12:54:36.459594+00:00,2026-09-11T18:24:36.459594+05:30,NIFTY,29-Sep-2026,22900.0,CE,23398.1,651.3,260,672.75,65,656.5,662.025,308,207,529,2.7466937945066126,11.49,0.8311762713731852,0.00042235825809263506,-6.89157177232369,13.013866947734952,-2.0457933528415517,0.005170667013737917,101.79162818206765,-6.909499367801306e-07,-0.000372047955368547,3.519806472818273e-06,-0.6193870988536911,31.828924477290556,-0.8225733914941011,0.00044093158641064626,0.04898286213869863,23499,0.08784796109277047,0.0121,index_dividend_yield,0.065,12.27,65,23270.3,23448.1,23231.4,23477.8,mid_price,ok
2026-09-11T12:54:36.459594+00:00,2026-09-11T18:24:36.459594+05:30,NIFTY,29-Sep-2026,22900.0,PE,23398.1,66.35,195,67,390,67,66.675,13066,1786,31480,10.106820049301561,13.15,-0.19951304720398463,0.000410422506598092,-4.632305204942172,14.473123392037513,-1.7297267483697003,0.004964509357609642,75.5084163312416,-5.197629111104625e-07,-0.00097976235675912,5.338380330729552e-06,-0.6212654802357704,-60.73829633977441,0.20720891994859425,0.00042847095674222426,0.04898286213869863,23499,0.08784796109277047,0.0121,index_dividend_yield,0.065,12.27,65,23270.3,23448.1,23231.4,23477.8,mid_price,ok
2026-09-11T12:54:36.459594+00:00,2026-09-11T18:24:36.459594+05:30,NIFTY,29-Sep-2026,22950.0,CE,23398.1,610.5,260,628.75,260,614,619.625,105,94,138,3.123950285522338,11.42,0.8101504745779168,0.00045765663510737524,-7.122115233995541,14.015584384778942,-2.0262347333920294,0.004947846097528297,92.36553095133004,-6.907783451205062e-07,-0.0009912675957980774,5.489618042773116e-06,-0.6157945205823943,33.287160267706994,-0.8011552741507838,0.00047570264797213037,0.04898286213869863,23499,0.08784796109277047,0.0121,index_dividend_yield,0.065,12.27,65,23270.3,23448.1,23231.4,23477.8,mid_price,ok
2026-09-11T12:54:36.459594+00:00,2026-09-11T18:24:36.459594+05:30,NIFTY,29-Sep-2026,22950.0,PE,23398.1,68.45,65,77.85,65,72.3,73.15,3390,990,7368,8.314606741573034,12.84,-0.2158507139134253,0.0004403364468384825,-4.697674925053831,15.161947932617913,-1.7271861105676438,0.004703467101974862,70.29111113061859,-5.326812043060274e-07,-0.0013879377266549713,6.762956818834016e-06,-0.615213936162375,-60.82653610610511,0.2236831254232126,0.00045769950152817044,0.04898286213869863,23499,0.08784796109277047,0.0121,index_dividend_yield,0.065,12.27,65,23270.3,23448.1,23231.4,23477.8,mid_price,ok
2026-09-11T12:54:36.459594+00:00,2026-09-11T18:24:36.459594+05:30,NIFTY,29-Sep-2026,23000.0,CE,23398.1,575.2,130,583.45,65,580,579.325,11922,668,18322,3.626943005181347,11.89,0.7770304491884141,0.0004837310191288206,-7.6680262469857965,15.423791131775356,-1.8473166303449307,0.004529775957194615,73.06651891570492,-6.117508780937466e-07,-0.0017767535235979203,7.95905188083571e-06,-0.6089682427803496,33.845018348606814,-0.767123963217207,0.0005006214465372873,0.04898286213869863,23499,0.08784796109277047,0.0121,index_dividend_yield,0.065,12.27,65,23270.3,23448.1,23231.4,23477.8,mid_price,ok
2026-09-11T12:54:36.459594+00:00,2026-09-11T18:24:36.459594+05:30,NIFTY,29-Sep-2026,23000.0,PE,23398.1,81.15,65,82.55,65,83.35,81.85,98391.23076923077,6893.384615384615,150388,8.106355382619974,12.87,-0.2394308383431501,0.0004657174404939099,-4.956287116800657,16.07334965657076,-1.6380666903242913,0.0043103317834157495,60.03316964672756,-5.078257505347474e-07,-0.0018791775008170368,8.456842808517748e-06,-0.6072334258421908,-58.79759349355668,0.24771767662680438,0.00048197888809693094,0.04898286213869863,23499,0.08784796109277047,0.0121,index_dividend_yield,0.065,12.27,65,23270.3,23448.1,23231.4,23477.8,mid_price,ok
2026-09-11T12:54:36.459594+00:00,2026-09-11T18:24:36.459594+05:30,NIFTY,29-Sep-2026,23050.0,CE,23398.1,525.8,260,547.45,260,533.6,536.625,124,116,226,4.760969863551585,11.4,0.7605106803343524,0.0005251295261959203,-7.609620419531688,16.053755067463506,-1.860580220056085,0.004177935135150523,68.3548424572864,-6.428341916844042e-07,-0.002370430746825977,9.715876893594722e-06,-0.6009896467404676,36.20293134077024,-0.7506717501460481,0.0005411102540305878,0.04898286213869863,23499,0.08784796109277047,0.0121,index_dividend_yield,0.065,12.27,65,23270.3,23448.1,23231.4,23477.8,mid_price,ok
2026-09-11T12:54:36.459594+00:00,2026-09-11T18:24:36.459594+05:30,NIFTY,29-Sep-2026,23050.0,PE,23398.1,86.85,65,90.65,195,88.8,88.75,2609,950,6603,1.5437392795883362,12.48,-0.25759793055028923,0.0004993525068576312,-4.941107837518294,16.7119513728313,-1.6102269563505744,0.003919775837730455,54.228084312642366,-5.163986885477819e-07,-0.0023809065822352955,1.0032093618059582e-05,-0.5991142773998703,-59.25373666116332,0.26590118620814585,0.000514548789122425,0.04898286213869863,23499,0.08784796109277047,0.0121,index_dividend_yield,0.065,12.27,65,23270.3,23448.1,23231.4,23477.8,mid_price,ok
2026-09-11T12:54:36.459594+00:00,2026-09-11T18:24:36.459594+05:30,NIFTY,29-Sep-2026,23100.0,CE,23398.1,497.15,65,506.3,130,497.45,501.725,946,626,3124,2.156278878734983,11.52,0.7310436721233471,0.0005524019236669643,-7.895645071524819,17.06526375003547,-1.692956124347611,0.003606774711997995,54.120689178567716,-5.851533523220064e-07,-0.0030433262919041314,1.1764124885297461e-05,-0.5912192275521093,37.451875764369206,-0.720706173928146,0.0005667511473514391,0.04898286213869863,23499,0.08784796109277047,0.0121,index_dividend_yield,0.065,12.27,65,23270.3,23448.1,23231.4,23477.8,mid_price,ok
2026-09-11T12:54:36.459594+00:00,2026-09-11T18:24:36.459594+05:30,NIFTY,29-Sep-2026,23100.0,PE,23398.1,98.6,65,100.15,65,100.1,99.375,14553,2340,27160,4.761904761904762,12.4,-0.2823573702997751,0.0005261925527731241,-5.089874848227507,17.49732770936492,-1.493064024702645,0.0033854904383192608,44.48807620189221,-4.865779568726326e-07,-0.002905682139537984,1.1695678907735952e-05,-0.5899217093857843,-57.817424980128926,0.29094775002363976,0.0005398609603534685,0.04898286213869863,23499,0.08784796109277047,0.0121,index_dividend_yield,0.065,12.27,65,23270.3,23448.1,23231.4,23477.8,mid_price,ok
2026-09-11T12:54:36.459594+00:00,2026-09-11T18:24:36.459594+05:30,NIFTY,29-Sep-2026,23150.0,CE,23398.1,450.85,325,465.25,325,461.35,458.05,265,173,1310,5.487595747113296,11.56,0.7017805608124547,0.0005785323357030271,-8.102696754031369,17.934563678622318,-1.513453141368526,0.0029556413051540216,41.59807442781904,-5.281859856666677e-07,-0.003662873014339781,1.3604327890712913e-05,-0.5815838756558271,38.89953406511022,-0.6910673946740438,0.0005909991178402856,0.04898286213869863,23499,0.08784796109277047,0.0121,index_dividend_yield,0.065,12.27,65,23270.3,23448.1,23231.4,23477.8,mid_price,ok
2026-09-11T12:54:36.459594+00:00,2026-09-11T18:24:36.459594+05:30,NIFTY,29-Sep-2026,23150.0,PE,23398.1,107.75,65,112.25,65,110.25,110.0,4429,492,5027,1.7066420664206643,12.19,-0.3067176596394906,0.0005560876796910288,-5.134610125125754,18.178260484884895,-1.3756379672917596,0.002795126801334813,35.952598399113356,-4.608152136336932e-07,-0.003462146683833999,1.3332964654402162e-05,-0.581113712521212,-57.10543630707754,0.3154334105426074,0.0005680708023690329,0.04898286213869863,23499,0.08784796109277047,0.0121,index_dividend_yield,0.065,12.27,65,23270.3,23448.1,23231.4,23477.8,mid_price,ok
2026-09-11T12:54:36.459594+00:00,2026-09-11T18:24:36.459594+05:30,NIFTY,29-Sep-2026,23200.0,CE,23398.1,418.25,65,428.25,130,425.85,423.25,4858,3537,28726,4.413387274733358,11.55,0.6720793047803895,0.0006032892287317295,-8.245686914983517,18.685851757861716,-1.3159699591729912,0.002228340485960878,30.447934993361514,-4.6767802084961e-07,-0.0042404590337272886,1.5250603787744267e-05,-0.5730246866830164,40.5157857746811,-0.6610883235252161,0.0006136359389566012,0.04898286213869863,23499,0.08784796109277047,0.0121,index_dividend_yield,0.065,12.27,65,23270.3,23448.1,23231.4,23477.8,mid_price,ok
2026-09-11T12:54:36.459594+00:00,2026-09-11T18:24:36.459594+05:30,NIFTY,29-Sep-2026,23200.0,PE,23398.1,121.2,65,122.65,130,123.6,121.92500000000001,22544,2419,43778,2.61519302615193,12.1,-0.3342557386867343,0.0005807005339150937,-5.217674154636584,18.84269156048633,-1.2055372819863575,0.0021002806310664313,26.699083097938114,-4.140263243962946e-07,-0.003976548467580804,1.4824855299301306e-05,-0.5731262461277744,-55.67857223858271,0.3431644504713496,0.000590659836792884,0.04898286213869863,23499,0.08784796109277047,0.0121,index_dividend_yield,0.065,12.27,65,23270.3,23448.1,23231.4,23477.8,mid_price,ok
2026-09-11T12:54:36.459594+00:00,2026-09-11T18:24:36.459594+05:30,NIFTY,29-Sep-2026,23250.0,CE,23398.1,380.55,65,392.35,325,386.5,386.45000000000005,8550,8362,18612,3.314621758887998,11.26,0.6443861700086798,0.0006382423163510376,-8.191588637223965,19.27211280904835,-1.1446881546428034,0.0014625095369839025,22.007403821087124,-4.2497475417796534e-07,-0.004939705497985851,1.696069511660089e-05,-0.5660744966481417,43.04726526547406,-0.6334262171996035,0.0006463992832252679,0.04898286213869863,23499,0.08784796109277047,0.0121,index_dividend_yield,0.065,12.27,65,23270.3,23448.1,23231.4,23477.8,mid_price,ok
2026-09-11T12:54:36.459594+00:00,2026-09-11T18:24:36.459594+05:30,NIFTY,29-Sep-2026,23250.0,PE,23398.1,134.3,585,136.2,130,134.05,135.25,12668,10227,30515,-0.8139104698483167,11.79,-0.360821701958693,0.0006130041481998662,-5.139697587974021,19.38128473739434,-1.0463553470383968,0.0013601989735909648,19.274579992377028,-3.762855348629159e-07,-0.004589994288563259,1.637192979988991e-05,-0.5666946459649331,-55.41455765679308,0.36967288989488095,0.0006208385621873617,0.04898286213869863,23499,0.08784796109277047,0.0121,index_dividend_yield,0.065,12.27,65,23270.3,23448.1,23231.4,23477.8,mid_price,ok
2026-09-11T12:54:36.459594+00:00,2026-09-11T18:24:36.459594+05:30,NIFTY,29-Sep-2026,23300.0,CE,23398.1,345.7,65,352.4,65,352.95,349.04999999999995,13586,11154,64335,3.9463996465910762,11.2,0.612360568080597,0.0006598077113777158,-8.227065439353648,19.817129761434813,-0.894030300261639,0.0005836484740461279,13.261660218191196,-3.4663345189599404e-07,-0.0054499785738843405,1.8204666658995874e-05,-0.5619564394414596,45.02753588141404,-0.6012818404010385,0.0006653753849254768,0.04898286213869863,23499,0.08784796109277047,0.0121,index_dividend_yield,0.065,12.27,65,23270.3,23448.1,23231.4,23477.8,mid_price,ok
2026-09-11T12:54:36.459594+00:00,2026-09-11T18:24:36.459594+05:30,NIFTY,29-Sep-2026,23300.0,PE,23398.1,149.45,65,151.45,65,151,150.45,38465,4900,82467,0.8684034736138945,11.76,-0.39181177350785507,0.0006305806888104505,-5.181101874103968,19.886270008234064,-0.8097849229776466,0.0005124110851923436,11.490659316057972,-3.0470600761048635e-07,-0.0049980419962179536,1.742779490670099e-05,-0.562987398280903,-53.605241741355286,0.40080139909399404,0.0006359017351702876,0.04898286213869863,23499,0.08784796109277047,0.0121,index_dividend_yield,0.065,12.27,65,23270.3,23448.1,23231.4,23477.8,mid_price,ok
2026-09-11T12:54:36.459594+00:00,2026-09-11T18:24:36.459594+05:30,NIFTY,29-Sep-2026,23350.0,CE,23398.1,312.3,65,321.5,65,319.8,316.9,2684,2114,14101,5.076392311483489,11.09,0.5795748327435954,0.0006802766979675556,-8.188957115627126,20.23123918692251,-0.6240825845502673,-0.0003519662942016444,6.51854690993936,-2.6200927164197983e-07,-0.0059154130157527286,1.9186944966065713e-05,-0.5612968724744931,47.29124617073516,-0.568488050575382,0.0006830822663975353,0.04898286213869863,23499,0.08784796109277047,0.0121,index_dividend_yield,0.065,12.27,65,23270.3,23448.1,23231.4,23477.8,mid_price,ok
2026-09-11T12:54:36.459594+00:00,2026-09-11T18:24:36.459594+05:30,NIFTY,29-Sep-2026,23350.0,PE,23398.1,165.45,520,167.95,130,165.25,166.7,3478,-463,14707,-1.4315538323889054,11.52,-0.4224105786224987,0.0006557417176634247,-5.060689541564987,20.25772337928023,-0.5759449672293471,-0.0003820139594864491,5.819025595387828,-2.374241234903014e-07,-0.005504234339226822,1.8489643400030633e-05,-0.5621956031203688,-52.85423540568928,0.43128918057707827,0.0006584460999637356,0.04898286213869863,23499,0.08784796109277047,0.0121,index_dividend_yield,0.065,12.27,65,23270.3,23448.1,23231.4,23477.8,mid_price,ok
2026-09-11T12:54:36.459594+00:00,2026-09-11T18:24:36.459594+05:30,NIFTY,29-Sep-2026,23400.0,CE,23398.1,284.95,65,288.05,65,289.65,286.5,28943,11025,78422,5.097968069666183,11.05,0.5453991036402253,0.000692186087120847,-8.141993518684068,20.51117250911835,-0.32408537425948625,-0.0013279379343290598,1.9278239007736175,-1.6446835535139557e-07,-0.0061995692475718496,1.966044852743374e-05,-0.5649905885810114,49.39231579036076,-0.5343135303795082,0.0006920736853966981,0.04898286213869863,23499,0.08784796109277047,0.0121,index_dividend_yield,0.065,12.27,65,23270.3,23448.1,23231.4,23477.8,mid_price,ok
2026-09-11T12:54:36.459594+00:00,2026-09-11T18:24:36.459594+05:30,NIFTY,29-Sep-2026,23400.0,PE,23398.1,184.1,520,186.1,130,182.05,185.1,35888,8546,74701,-2.932551319648094,11.33,-0.45489039046849905,0.0006752509835160082,-4.921565838357405,20.516367924539416,-0.30620151061175327,-0.0013349482707317173,1.7861266397911635,-1.5483820505226892e-07,-0.005901516131439287,1.916923708025428e-05,-0.5654433850529514,-51.7962192356566,0.46363505060095817,0.0006751413318252377,0.04898286213869863,23499,0.08784796109277047,0.0121,index_dividend_yield,0.065,12.27,65,23270.3,23448.1,23231.4,23477.8,mid_price,ok
2026-09-11T12:54:36.459594+00:00,2026-09-11T18:24:36.459594+05:30,NIFTY,29-Sep-2026,23450.0,CE,23398.1,254.5,130,258.35,65,257.25,256.425,2693,484,9051,4.530678585940675,10.83,0.5107271288290831,0.0007106495789790522,-7.942357352722538,20.63903099155745,-0.013556490421728906,-0.002352558673525129,0.019412821893993737,-6.335933384770647e-08,-0.006561752079291673,2.0024062330640103e-05,-0.573177204525205,52.4179720375689,-0.49987498254688606,0.0007075074128061828,0.04898286213869863,23499,0.08784796109277047,0.0121,index_dividend_yield,0.065,12.27,65,23270.3,23448.1,23231.4,23477.8,mid_price,ok
2026-09-11T12:54:36.459594+00:00,2026-09-11T18:24:36.459594+05:30,NIFTY,29-Sep-2026,23450.0,PE,23398.1,203.35,455,206.45,130,204.6,204.89999999999998,3626,-234,8216,-1.2548262548262548,11.35,-0.4887370866870786,0.0006780938463189703,-4.852871561745543,20.639112019229813,-0.008393717986138194,-0.0022896775192498,0.011957810036378191,-5.8967114933800916e-08,-0.005974465833289701,1.9101684338906607e-05,-0.5733334778393022,-49.73504765883254,0.4974604697648913,0.0006750956266493049,0.04898286213869863,23499,0.08784796109277047,0.0121,index_dividend_yield,0.065,12.27,65,23270.3,23448.1,23231.4,23477.8,mid_price,ok
2026-09-11T12:54:36.459594+00:00,2026-09-11T18:24:36.459594+05:30,NIFTY,29-Sep-2026,23500.0,CE,23398.1,227.65,65,228.6,455,227.95,228.125,49341,12474,145873,3.3552482430287918,10.67,0.47480689541948196,0.0007201745224992616,-7.723416403854593,20.606655764725783,0.3211254543620812,-0.003385732963739674,1.0391945723728924,5.021375932498917e-08,-0.006713793257064027,1.978881463353464e-05,-0.5866717370092438,55.39047118558185,-0.4642132255728034,0.0007139424648637122,0.04898286213869863,23499,0.08784796109277047,0.0121,index_dividend_yield,0.065,12.27,65,23270.3,23448.1,23231.4,23477.8,mid_price,ok
2026-09-11T12:54:36.459594+00:00,2026-09-11T18:24:36.459594+05:30,NIFTY,29-Sep-2026,23500.0,PE,23398.1,225.2,130,228.95,65,228.15,227.075,79445,8058,129374,-0.1313197636244255,11.34,-0.5225585688329727,0.0006778328866847078,-4.719580378040931,20.61299196094562,0.2894366243390012,-0.003234835165834893,0.8597270122869816,3.706428180324979e-08,-0.0059495504681638285,1.8673240500189834e-05,-0.5853983715151365,-47.86622801919717,0.5311623894820066,0.0006719672340059235,0.04898286213869863,23499,0.08784796109277047,0.0121,index_dividend_yield,0.065,12.27,65,23270.3,23448.1,23231.4,23477.8,mid_price,ok
2026-09-11T12:54:36.459594+00:00,2026-09-11T18:24:36.459594+05:30,NIFTY,29-Sep-2026,23550.0,CE,23398.1,199.3,130,202.35,520,202.05,200.825,2820,-268,6813,4.364669421487603,10.59,0.438617042813225,0.0007184828577733894,-7.49886939699166,20.40411273463676,0.6595561747486933,-0.004376654133572244,5.254114913288532,1.6766620636557716e-07,-0.006600093203758727,1.8893528370024352e-05,-0.6049824119523954,58.10862212498626,-0.4282883766628597,0.0007092441680309898,0.04898286213869863,23499,0.08784796109277047,0.0121,index_dividend_yield,0.065,12.27,65,23270.3,23448.1,23231.4,23477.8,mid_price,ok
2026-09-11T12:54:36.459594+00:00,2026-09-11T18:24:36.459594+05:30,NIFTY,29-Sep-2026,23550.0,PE,23398.1,247.8,65,256.45,65,248.1,252.125,2844,-1060,4735,-1.7620273213225104,11.07,-0.5577512416221087,0.0006881241695052087,-4.383336476871742,20.427714361175873,0.6079966346404508,-0.004235612952961709,4.600613638588769,1.4357326337527087e-07,-0.0060616174284050285,1.8200117260770005e-05,-0.6025717617430892,-47.05931026085553,0.565929330955108,0.0006792758502481469,0.04898286213869863,23499,0.08784796109277047,0.0121,index_dividend_yield,0.065,12.27,65,23270.3,23448.1,23231.4,23477.8,mid_price,ok
2026-09-11T12:54:36.459594+00:00,2026-09-11T18:24:36.459594+05:30,NIFTY,29-Sep-2026,23600.0,CE,23398.1,177.4,65,178.35,520,177.8,177.875,19558,4003,49637,3.3120278907611853,10.5,0.4023700060063117,0.000711304463992216,-7.218299849192189,20.028580798641386,0.9940278963600779,-0.005319348317296191,12.695101418913168,2.862757885363554e-07,-0.006323981868530139,1.7504372111663965e-05,-0.6276093713852546,61.02450259143283,-0.3923905240657688,0.0006991859840535205,0.04898286213869863,23499,0.08784796109277047,0.0121,index_dividend_yield,0.065,12.27,65,23270.3,23448.1,23231.4,23477.8,mid_price,ok
2026-09-11T12:54:36.459594+00:00,2026-09-11T18:24:36.459594+05:30,NIFTY,29-Sep-2026,23600.0,PE,23398.1,274.5,65,278.75,130,274.55,276.625,24319,-2829,22817,-2.1386562110140797,11.03,-0.5920038597600702,0.00067924163528679,-4.135470215375501,20.091166594133647,0.907630759646727,-0.005124375907751166,10.980799398051744,2.442530804180435e-07,-0.00578732117207547,1.693732731174798e-05,-0.6230124292386456,-45.31860464486158,0.5998906130476659,0.0006676694091200216,0.04898286213869863,23499,0.08784796109277047,0.0121,index_dividend_yield,0.065,12.27,65,23270.3,23448.1,23231.4,23477.8,mid_price,ok
2026-09-11T12:54:36.459594+00:00,2026-09-11T18:24:36.459594+05:30,NIFTY,29-Sep-2026,23650.0,CE,23398.1,154.35,130,156.85,585,158,155.6,3712,-66,10904,6.397306397306397,10.54,0.3681027782917222,0.0006903193088247394,-6.975355093350839,19.51173888894657,1.2857067698280322,-0.006120395117151456,22.3931259554373,3.877413966024752e-07,-0.005757672626601341,1.555510993703072e-05,-0.6518678051187123,63.18908492053433,-0.3584186860037329,0.0006756922169932127,0.04898286213869863,23499,0.08784796109277047,0.0121,index_dividend_yield,0.065,12.27,65,23270.3,23448.1,23231.4,23477.8,mid_price,ok
2026-09-11T12:54:36.459594+00:00,2026-09-11T18:24:36.459594+05:30,NIFTY,29-Sep-2026,23650.0,PE,23398.1,297.4,65,311.1,65,303.85,304.25,3414,-406,1763,-2.440199068871408,11.05,-0.6250236365033676,0.0006620585698023971,-3.8830839037111042,19.61842023268854,1.1799344041126258,-0.005913972213605011,19.53485940596522,3.3524239743258533e-07,-0.0053326001797983115,1.5250238624516703e-05,-0.6456072020621662,-43.412861984852896,0.6326102606247397,0.0006480302913310392,0.04898286213869863,23499,0.08784796109277047,0.0121,index_dividend_yield,0.065,12.27,65,23270.3,23448.1,23231.4,23477.8,mid_price,ok
2026-09-11T12:54:36.459594+00:00,2026-09-11T18:24:36.459594+05:30,NIFTY,29-Sep-2026,23700.0,CE,23398.1,134.45,65,136.7,65,134.1,135.575,26145,7857,57348,2.7586206896551726,10.29,0.330580905747024,0.0006798610536268133,-6.499347454936423,18.76034761349655,1.6215249342003413,-0.006962781624772263,36.7629561168652,5.181540186428523e-07,-0.005275067104893317,1.3309751177720154e-05,-0.6821610975565697,67.54495507706392,-0.3215379444303583,0.0006626506929681991,0.04898286213869863,23499,0.08784796109277047,0.0121,index_dividend_yield,0.065,12.27,65,23270.3,23448.1,23231.4,23477.8,mid_price,ok
2026-09-11T12:54:36.459594+00:00,2026-09-11T18:24:36.459594+05:30,NIFTY,29-Sep-2026,23700.0,PE,23398.1,327.8,130,340.2,650,340.55,334.0,24182,2466,21459,-0.36571094207138677,11.36,-0.6529252988699636,0.0006270683274373355,-3.787931288920403,19.10286649076764,1.3620528597237946,-0.006477242127894023,27.81203882178751,3.8657385307292975e-07,-0.004607269747973204,1.3234741204201413e-05,-0.6654476208512499,-40.71677512293955,0.6604395885500424,0.0006111943896448723,0.04898286213869863,23499,0.08784796109277047,0.0121,index_dividend_yield,0.065,12.27,65,23270.3,23448.1,23231.4,23477.8,mid_price,ok
2026-09-11T12:54:36.459594+00:00,2026-09-11T18:24:36.459594+05:30,NIFTY,29-Sep-2026,23750.0,CE,23398.1,116.7,130,119.2,65,121.85,117.95,4696,121,11165,9.184587813620071,10.54,0.30233493512283793,0.0006390387536161341,-6.330884362005678,18.0623041266277,1.7887926233985385,-0.00743172411338805,47.91187280074283,5.666042325406755e-07,-0.0043680644833827,1.0842866660435097e-05,-0.70386748171207,68.18064723460832,-0.2934866669035035,0.0006202419748006803,0.04898286213869863,23499,0.08784796109277047,0.0121,index_dividend_yield,0.065,12.27,65,23270.3,23448.1,23231.4,23477.8,mid_price,ok
2026-09-11T12:54:36.459594+00:00,2026-09-11T18:24:36.459594+05:30,NIFTY,29-Sep-2026,23750.0,PE,23398.1,358.85,325,375.25,325,366.7,367.05,3379,-74,1406,-2.1480987324883256,11.06,-0.6881415924204143,0.000616859391015376,-3.253511834230558,18.295599772017418,1.6491093632539644,-0.007217454265668221,41.99753199684686,4.940448278013353e-07,-0.004161571498798564,1.1096623140692736e-05,-0.6942905418494725,-39.90624684617012,0.6949339628094809,0.0005987149991963525,0.04898286213869863,23499,0.08784796109277047,0.0121,index_dividend_yield,0.065,12.27,65,23270.3,23448.1,23231.4,23477.8,mid_price,ok
2026-09-11T12:54:36.459594+00:00,2026-09-11T18:24:36.459594+05:30,NIFTY,29-Sep-2026,23800.0,CE,23398.1,101.45,260,102.45,65,101.8,101.95,45767,522,73614,4.08997955010225,10.3,0.2668040750252282,0.0006160200415511125,-5.79075499244555,17.015213776909615,2.0571217478830004,-0.008007616212933999,66.26855453062142,6.779724087340737e-07,-0.003581629117091706,7.898835675093467e-06,-0.7335231933591295,72.80989808356148,-0.2586961594904266,0.0005953907910342925,0.04898286213869863,23499,0.08784796109277047,0.0121,index_dividend_yield,0.065,12.27,65,23270.3,23448.1,23231.4,23477.8,mid_price,ok
2026-09-11T12:54:36.459594+00:00,2026-09-11T18:24:36.459594+05:30,NIFTY,29-Sep-2026,23800.0,PE,23398.1,395.4,65,406,65,400.3,400.7,30221,-3253,11634,-0.16211497692979174,11.05,,,,,,,,,,,,,,,0.04898286213869863,,,,,,12.27,65,23270.3,23448.1,23231.4,23477.8,mid_price,no_price_available
2026-09-11T12:54:36.459594+00:00,2026-09-11T18:24:36.459594+05:30,NIFTY,29-Sep-2026,23850.0,CE,23398.1,86.2,65,89.8,65,88.2,88.0,3963,218,10041,4.25531914893617,10.32,0.23788712364073136,0.0005787415949591075,-5.416110676330498,16.016578167240837,2.2043846387435337,-0.008318533407836615,81.35914343784734,7.324322137976643e-07,-0.00266804590326892,5.098526363953655e-06,-0.7546817928069539,75.36645539426235,-0.23028313656295202,0.0005570178537635945,0.04898286213869863,23499,0.08784796109277047,0.0121,index_dividend_yield,0.065,12.27,65,23270.3,23448.1,23231.4,23477.8,mid_price,ok
2026-09-11T12:54:36.459594+00:00,2026-09-11T18:24:36.459594+05:30,NIFTY,29-Sep-2026,23850.0,PE,23398.1,427.4,260,444.7,260,443.05,436.04999999999995,1638,-257,772,-0.7948947604120018,11.47,,,,,,,,,,,,,,,0.04898286213869863,,,,,,12.27,65,23270.3,23448.1,23231.4,23477.8,mid_price,no_price_available
2026-09-11T12:54:36.459594+00:00,2026-09-11T18:24:36.459594+05:30,NIFTY,29-Sep-2026,23900.0,CE,23398.1,75.05,130,76.35,65,75,75.69999999999999,30169,2743,48110,2.73972602739726,10.27,0.20931259685043763,0.0005407287760822441,-4.975906159657482,14.89207686717731,2.3272914494007897,-0.008512525352566108,97.43160566027153,7.838066841780976e-07,-0.0017271774479024333,2.186410460833341e-06,-0.7726137202612726,78.6448268434223,-0.20231143140751218,0.0005182566288770418,0.04898286213869863,23499,0.08784796109277047,0.0121,index_dividend_yield,0.065,12.27,65,23270.3,23448.1,23231.4,23477.8,mid_price,ok
2026-09-11T12:54:36.459594+00:00,2026-09-11T18:24:36.459594+05:30,NIFTY,29-Sep-2026,23900.0,PE,23398.1,465.65,195,483.25,130,473.95,474.45,15488,-906,6792,-2.4794238683127574,11.15,,,,,,,,,,,,,,,0.04898286213869863,,,,,,12.27,65,23270.3,23448.1,23231.4,23477.8,mid_price,no_price_available
2026-09-11T12:54:36.459594+00:00,2026-09-11T18:24:36.459594+05:30,NIFTY,29-Sep-2026,23950.0,CE,23398.1,64.85,65,66.05,65,65.3,65.44999999999999,4168,63,6951,3.898170246618934,10.35,0.18576852732202825,0.0004991987269698446,-4.630810515079313,13.85540300600782,2.3682192521387866,-0.008542765789655377,109.54597643700924,7.963883624843677e-07,-0.0008760048002836749,-2.746903972184302e-07,-0.7824266757813625,80.6515507049624,-0.17923743757419905,0.0004764568982717358,0.04898286213869863,23499,0.08784796109277047,0.0121,index_dividend_yield,0.065,12.27,65,23270.3,23448.1,23231.4,23477.8,mid_price,ok
2026-09-11T12:54:36.459594+00:00,2026-09-11T18:24:36.459594+05:30,NIFTY,29-Sep-2026,23950.0,PE,23398.1,508.05,260,522.95,260,515.25,515.5,2074,-141,279,0.5365853658536586,11.37,,,,,,,,,,,,,,,0.04898286213869863,,,,,,12.27,65,23270.3,23448.1,23231.4,23477.8,mid_price,no_price_available
2026-09-11T12:54:36.459594+00:00,2026-09-11T18:24:36.459594+05:30,NIFTY,29-Sep-2026,24000.0,CE,23398.1,56.05,195,56.85,260,56.8,56.45,132565,4803,165607,4.990757855822551,10.44,0.16454696363167737,0.0004582392048695132,-4.295377132287255,12.829155963222213,2.369791486510217,-0.0084685068002196,119.72588124761162,7.942532121066932e-07,-0.00011243903279566135,-2.4667096003143396e-06,-0.7864279168652502,82.51296342698058,-0.15847608036519964,0.0004355429063237797,0.04898286213869863,23499,0.08784796109277047,0.0121,index_dividend_yield,0.065,12.27,65,23270.3,23448.1,23231.4,23477.8,mid_price,ok
2026-09-11T12:54:36.459594+00:00,2026-09-11T18:24:36.459594+05:30,NIFTY,29-Sep-2026,24000.0,PE,23398.1,547,130,555,65,553.95,551.0,93092.76923076923,-6637.846153846154,28905,0.30783159800814847,11.35,,,,,,,,,,,,,,,0.04898286213869863,,,,,,12.27,65,23270.3,23448.1,23231.4,23477.8,mid_price,no_price_available
2026-09-11T12:54:36.459594+00:00,2026-09-11T18:24:36.459594+05:30,NIFTY,29-Sep-2026,24050.0,CE,23398.1,43.15,65,49,130,49.05,46.075,3794,-242,7151,5.939524838012959,10.51,0.1448584266160096,0.00041841984467565956,-3.9503131221453254,11.792892330343225,2.3436225797093257,-0.008303323275037827,128.45488882788115,7.84018881295586e-07,0.0005769425936061844,-4.447429360303367e-06,-0.7847300547891845,84.55210136009993,-0.13926508459718961,0.00039604387216257047,0.04898286213869863,23499,0.08784796109277047,0.0121,index_dividend_yield,0.065,12.27,65,23270.3,23448.1,23231.4,23477.8,mid_price,ok
2026-09-11T12:54:36.459594+00:00,2026-09-11T18:24:36.459594+05:30,NIFTY,29-Sep-2026,24050.0,PE,23398.1,590.45,195,604.7,65,599.9,597.575,1510,-104,315,-0.4563179291462706,11.76,,,,,,,,,,,,,,,0.04898286213869863,,,,,,12.27,65,23270.3,23448.1,23231.4,23477.8,mid_price,no_price_available
2026-09-11T12:54:36.459594+00:00,2026-09-11T18:24:36.459594+05:30,NIFTY,29-Sep-2026,24100.0,CE,23398.1,41.1,65,42,6955,41.1,41.55,28435,408,47595,2.493765586034913,10.48,0.12479154423584601,0.00037880037128202167,-3.537376280523119,10.645768604059699,2.303261889225472,-0.008031364020318357,137.2916622249063,7.766260313577963e-07,0.0012711209322301944,-6.443453481568125e-06,-0.7762885768144088,87.73093429342703,-0.11977604799810784,0.00035705695449051946,0.04898286213869863,23499,0.08784796109277047,0.0121,index_dividend_yield,0.065,12.27,65,23270.3,23448.1,23231.4,23477.8,mid_price,ok
2026-09-11T12:54:36.459594+00:00,2026-09-11T18:24:36.459594+05:30,NIFTY,29-Sep-2026,24100.0,PE,23398.1,631.3,65,646.75,195,643.7,639.025,14125,-1447,3553,-1.0757645612417397,11.98,,,,,,,,,,,,,,,0.04898286213869863,,,,,,12.27,65,23270.3,23448.1,23231.4,23477.8,mid_price,no_price_available
2026-09-11T12:54:36.459594+00:00,2026-09-11T18:24:36.459594+05:30,NIFTY,29-Sep-2026,24150.0,CE,23398.1,35.9,65,36.8,65,36.05,36.349999999999994,4523,458,7154,3.741007194244604,10.62,0.11046741601052464,0.0003428946449180784,-3.2697646386294967,9.765411822855288,2.2145499742238504,-0.007736544809054599,140.3400580779257,7.394172139428438e-07,0.0016994950264927504,-7.629274375219097e-06,-0.7632326159290237,88.89153307402442,-0.10582403004130764,0.0003218752754178149,0.04898286213869863,23499,0.08784796109277047,0.0121,index_dividend_yield,0.065,12.27,65,23270.3,23448.1,23231.4,23477.8,mid_price,ok
2026-09-11T12:54:36.459594+00:00,2026-09-11T18:24:36.459594+05:30,NIFTY,29-Sep-2026,24150.0,PE,23398.1,677.15,195,695.7,65,696.95,686.425,2473,-56,261,-0.3146678109132518,12.87,,,,,,,,,,,,,,,0.04898286213869863,,,,,,12.27,65,23270.3,23448.1,23231.4,23477.8,mid_price,no_price_available
2026-09-11T12:54:36.459594+00:00,2026-09-11T18:24:36.459594+05:30,NIFTY,29-Sep-2026,24200.0,CE,23398.1,31.6,390,31.95,130,31.9,31.775,53808,-1035,57419,4.4189852700491,10.79,0.098353476128155,0.00031024669048908943,-3.037826920750797,8.977056231737981,2.111851244134218,-0.007421412853423237,141.15364333041836,6.960524199865818e-07,0.0020033923624679425,-8.470536532780991e-06,-0.7469584150623643,89.61670601351564,-0.09403327600200571,0.0002900264528182468,0.04898286213869863,23499,0.08784796109277047,0.0121,index_dividend_yield,0.065,12.27,65,23270.3,23448.1,23231.4,23477.8,mid_price,ok
2026-09-11T12:54:36.459594+00:00,2026-09-11T18:24:36.459594+05:30,NIFTY,29-Sep-2026,24200.0,PE,23398.1,721.4,130,735.95,130,723.3,728.675,28404,-1791,4418,-1.6787874668660367,11.59,,,,,,,,,,,,,,,0.04898286213869863,,,,,,12.27,65,23270.3,23448.1,23231.4,23477.8,mid_price,no_price_available
2026-09-11T12:54:36.459594+00:00,2026-09-11T18:24:36.459594+05:30,NIFTY,29-Sep-2026,24250.0,CE,23398.1,25.6,65,28.2,65,27.75,26.9,5535,178,10093,2.587800369685767,10.91,0.0865991800690625,0.000279254923144307,-2.78250482579357,8.170166974635526,2.0039551681763843,-0.0070581737775656786,141.31133928191008,6.552067389944096e-07,0.0022707907685759355,-9.20626957037952e-06,-0.7260838706790951,90.87792704600146,-0.08263751805625283,0.0002599791610198592,0.04898286213869863,23499,0.08784796109277047,0.0121,index_dividend_yield,0.065,12.27,65,23270.3,23448.1,23231.4,23477.8,mid_price,ok
2026-09-11T12:54:36.459594+00:00,2026-09-11T18:24:36.459594+05:30,NIFTY,29-Sep-2026,24250.0,PE,23398.1,768.3,195,805.35,65,775,786.825,2532,-128,369,-2.5892408245349423,12.33,,,,,,,,,,,,,,,0.04898286213869863,,,,,,12.27,65,23270.3,23448.1,23231.4,23477.8,mid_price,no_price_available
2026-09-11T12:54:36.459594+00:00,2026-09-11T18:24:36.459594+05:30,NIFTY,29-Sep-2026,24300.0,CE,23398.1,24.65,65,25.15,65,24.55,24.9,69683,-579,48607,2.9350104821802936,11.07,0.07693031485973924,0.00025172003028333284,-2.5707832331291196,7.4725828643859895,1.8902834961238082,-0.006702714718266722,139.5635280856986,6.106400251170786e-07,0.0024277942509244653,-9.634791981951872e-06,-0.7037469651175305,91.5837573811432,-0.07326620603627336,0.00023338149290514355,0.04898286213869863,23499,0.08784796109277047,0.0121,index_dividend_yield,0.065,12.27,65,23270.3,23448.1,23231.4,23477.8,mid_price,ok
2026-09-11T12:54:36.459594+00:00,2026-09-11T18:24:36.459594+05:30,NIFTY,29-Sep-2026,24300.0,PE,23398.1,814.1,130,836.15,390,822.4,825.125,49206,-1444,4379,-0.993198097875158,12.67,,,,,,,,,,,,,,,0.04898286213869863,,,,,,12.27,65,23270.3,23448.1,23231.4,23477.8,mid_price,no_price_available
2026-09-11T12:54:36.459594+00:00,2026-09-11T18:24:36.459594+05:30,NIFTY,29-Sep-2026,24350.0,CE,23398.1,21.5,65,22.9,130,21.55,22.2,6987,-194,6667,1.8912529550827424,11.21,0.06801307352872007,0.00022618646658117663,-2.3592272439961817,6.799509302718672,1.7747147731006219,-0.00632798070954789,136.97966918325565,5.675424932491953e-07,0.002539260655620796,-9.925830175390086e-06,-0.6784796321200268,92.47113368973508,-0.06464752578340248,0.00020884778357561703,0.04898286213869863,23499,0.08784796109277047,0.0121,index_dividend_yield,0.065,12.27,65,23270.3,23448.1,23231.4,23477.8,mid_price,ok
2026-09-11T12:54:36.459594+00:00,2026-09-11T18:24:36.459594+05:30,NIFTY,29-Sep-2026,24350.0,PE,23398.1,861.8,195,899.2,65,877.25,880.5,4942,-122,242,1.1939093321028953,13.7,,,,,,,,,,,,,,,0.04898286213869863,,,,,,12.27,65,23270.3,23448.1,23231.4,23477.8,mid_price,no_price_available
2026-09-11T12:54:36.459594+00:00,2026-09-11T18:24:36.459594+05:30,NIFTY,29-Sep-2026,24400.0,CE,23398.1,19.5,1560,19.6,1170,19.55,19.55,44532,718,23173,3.1662269129287597,11.43,0.06145600224868396,0.00020503796218958762,-2.2145618992335634,6.2847188018560916,1.6644143092143793,-0.006012991522978273,132.94059220671483,5.229010807179696e-07,0.002543599303693822,-9.93855216296265e-06,-0.6559447245425494,92.30909243154908,-0.058294102085875724,0.0001885453428868579,0.04898286213869863,23499,0.08784796109277047,0.0121,index_dividend_yield,0.065,12.27,65,23270.3,23448.1,23231.4,23477.8,mid_price,ok
2026-09-11T12:54:36.459594+00:00,2026-09-11T18:24:36.459594+05:30,NIFTY,29-Sep-2026,24400.0,PE,23398.1,911,65,933.25,65,911.1,922.125,30104,-655,1635,-1.321347341059244,12.63,,,,,,,,,,,,,,,0.04898286213869863,,,,,,12.27,65,23270.3,23448.1,23231.4,23477.8,mid_price,no_price_available
2026-09-11T12:54:36.459594+00:00,2026-09-11T18:24:36.459594+05:30,NIFTY,29-Sep-2026,24450.0,CE,23398.1,16.15,520,18.45,1300,17.65,17.299999999999997,4496,686,4576,4.747774480712166,11.64,0.05548658504560224,0.00018581443450994386,-2.0737492180393673,5.800130589723607,1.5580499438084434,-0.005699421723807247,128.5735041177065,4.814173253466163e-07,0.002522919001198031,-9.874698647098149e-06,-0.6324582879410476,92.2189185576324,-0.05252361632211451,0.0001701699638451467,0.04898286213869863,23499,0.08784796109277047,0.0121,index_dividend_yield,0.065,12.27,65,23270.3,23448.1,23231.4,23477.8,mid_price,ok
2026-09-11T12:54:36.459594+00:00,2026-09-11T18:24:36.459594+05:30,NIFTY,29-Sep-2026,24450.0,PE,23398.1,957,195,994.5,65,968,975.75,1337,-4,51,-0.661911847708964,13.93,,,,,,,,,,,,,,,0.04898286213869863,,,,,,12.27,65,23270.3,23448.1,23231.4,23477.8,mid_price,no_price_available
2026-09-11T12:54:36.459594+00:00,2026-09-11T18:24:36.459594+05:30,NIFTY,29-Sep-2026,24500.0,CE,23398.1,15.25,65,16.45,260,15.8,15.85,91336,-2104,70233,1.607717041800643,11.82,0.04975256759273457,0.00016781010973636708,-1.9247680420289563,5.31913412473224,1.4538557011137507,-0.005372493531042265,123.99726183651971,4.4311978854111147e-07,0.00249241312961647,-9.766247467482949e-06,-0.6068997893900434,92.44113286032608,-0.04700091855367147,0.00015305486483645458,0.04898286213869863,23499,0.08784796109277047,0.0121,index_dividend_yield,0.065,12.27,65,23270.3,23448.1,23231.4,23477.8,mid_price,ok
2026-09-11T12:54:36.459594+00:00,2026-09-11T18:24:36.459594+05:30,NIFTY,29-Sep-2026,24500.0,PE,23398.1,1005,65,1016.9,130,1003.6,1010.95,48388,-1037,5843,-1.4967855915983708,12.76,,,,,,,,,,,,,,,0.04898286213869863,,,,,,12.27,65,23270.3,23448.1,23231.4,23477.8,mid_price,no_price_available
2026-09-11T12:54:36.459594+00:00,2026-09-11T18:24:36.459594+05:30,NIFTY,29-Sep-2026,24550.0,CE,23398.1,13.45,390,15.45,65,14.5,14.45,2979,-431,2780,3.942652329749104,12.06,0.045482122665276056,0.00015306324908843138,-1.8217403323087134,4.950209498815423,1.3606600233539399,-0.005105838414792799,119.08385832529156,4.0689615153179014e-07,0.0024131368076050993,-9.539657804953443e-06,-0.5852359024808278,91.90109071618804,-0.04287639369333977,0.00013903659407304744,0.04898286213869863,23499,0.08784796109277047,0.0121,index_dividend_yield,0.065,12.27,65,23270.3,23448.1,23231.4,23477.8,mid_price,ok
2026-09-11T12:54:36.459594+00:00,2026-09-11T18:24:36.459594+05:30,NIFTY,29-Sep-2026,24550.0,PE,23398.1,1053,65,1130.25,650,1082.2,1091.625,822,-14,47,0.2965708989805375,16.46,,,,,,,,,,,,,,,0.04898286213869863,,,,,,12.27,65,23270.3,23448.1,23231.4,23477.8,mid_price,no_price_available
2026-09-11T12:54:36.459594+00:00,2026-09-11T18:24:36.459594+05:30,NIFTY,29-Sep-2026,24600.0,CE,23398.1,12.75,130,13.5,260,12.75,13.125,25055,-726,17706,1.1904761904761905,12.18,0.04015526472899962,0.00013703891218106319,-1.6590405531126229,4.476066543059684,1.259953599240981,-0.004754263801412015,114.09046895107488,3.7376917256217297e-07,0.0023680181746670546,-9.350634974307899e-06,-0.5556308867026756,92.73941169661721,-0.03778153453496856,0.00012397521605608808,0.04898286213869863,23499,0.08784796109277047,0.0121,index_dividend_yield,0.065,12.27,65,23270.3,23448.1,23231.4,23477.8,mid_price,ok
2026-09-11T12:54:36.459594+00:00,2026-09-11T18:24:36.459594+05:30,NIFTY,29-Sep-2026,24600.0,PE,23398.1,1085.9,130,1122.6,65,1127.5,1104.25,10472,-248,1275,1.8702565955908927,16.56,,,,,,,,,,,,,,,0.04898286213869863,,,,,,12.27,65,23270.3,23448.1,23231.4,23477.8,mid_price,no_price_available
2026-09-11T12:54:36.459594+00:00,2026-09-11T18:24:36.459594+05:30,NIFTY,29-Sep-2026,24650.0,CE,23398.1,12,195,13.45,260,12,12.725,2532,-261,2895,1.2658227848101267,12.47,0.03744359727721083,0.00012644206414869405,-1.5998326802877851,4.22827644708099,1.1840767105729226,-0.00455597195734371,109.19821895336356,3.432422924988841e-07,0.0022516070022452366,-9.030932886993905e-06,-0.5383628808222891,91.54207467333215,-0.03515369055548661,0.00011392496800788425,0.04898286213869863,23499,0.08784796109277047,0.0121,index_dividend_yield,0.065,12.27,65,23270.3,23448.1,23231.4,23477.8,mid_price,ok
2026-09-11T12:54:36.459594+00:00,2026-09-11T18:24:36.459594+05:30,NIFTY,29-Sep-2026,24650.0,PE,23398.1,1151.05,195,1188.1,65,1182.3,1169.5749999999998,572,-7,17,0.00845880561664693,17.59,,,,,,,,,,,,,,,0.04898286213869863,,,,,,12.27,65,23270.3,23448.1,23231.4,23477.8,mid_price,no_price_available
2026-09-11T12:54:36.459594+00:00,2026-09-11T18:24:36.459594+05:30,NIFTY,29-Sep-2026,24700.0,CE,23398.1,11.2,65,11.55,65,11.45,11.375,24312,-1724,22096,3.6199095022624435,12.78,0.03523200012153315,0.00011737775195435603,-1.5556053627419473,4.0227401939606,1.1164886353104801,-0.004386382561152154,104.57016941598751,3.158597324602067e-07,0.002132858314637049,-8.707084415052974e-06,-0.5232845941937789,90.13379505643529,-0.03300469159188382,0.00010533023825035171,0.04898286213869863,23499,0.08784796109277047,0.0121,index_dividend_yield,0.065,12.27,65,23270.3,23448.1,23231.4,23477.8,mid_price,ok
2026-09-11T12:54:36.459594+00:00,2026-09-11T18:24:36.459594+05:30,NIFTY,29-Sep-2026,24700.0,PE,23398.1,1189.7,325,1212,65,1215.7,1200.85,3691,-107,246,0.15653320151590047,16.36,,,,,,,,,,,,,,,0.04898286213869863,,,,,,12.27,65,23270.3,23448.1,23231.4,23477.8,mid_price,no_price_available
2026-09-11T12:54:36.459594+00:00,2026-09-11T18:24:36.459594+05:30,NIFTY,29-Sep-2026,24750.0,CE,23398.1,9.95,325,11.95,65,10.5,10.95,4585,588,6621,1.4492753623188406,12.99,0.03218907314228962,0.00010720789673579612,-1.464362713355264,3.734575729131803,1.0425743811382227,-0.004149044906873064,99.84120751188064,2.9043288538878656e-07,0.002040896139060589,-8.409938599454066e-06,-0.5017326707253025,89.83344857454857,-0.03009208717737552,9.581589372104116e-05,0.04898286213869863,23499,0.08784796109277047,0.0121,index_dividend_yield,0.065,12.27,65,23270.3,23448.1,23231.4,23477.8,mid_price,wide_quote_low_liquidity
2026-09-11T12:54:36.459594+00:00,2026-09-11T18:24:36.459594+05:30,NIFTY,29-Sep-2026,24750.0,PE,23398.1,1049.35,650,1330,650,1278.3,1189.675,455,0,22,0.538754964803964,18.29,,,,,,,,,,,,,,,0.04898286213869863,,,,,,12.27,65,23270.3,23448.1,23231.4,23477.8,mid_price,no_price_available
2026-09-11T12:54:36.459594+00:00,2026-09-11T18:24:36.459594+05:30,NIFTY,29-Sep-2026,24800.0,CE,23398.1,9.15,325,10.05,325,9.4,9.600000000000001,16649,-4516,23167,1.075268817204301,13.14,0.028880779412851495,9.687817779514677e-05,-1.3510582549054577,3.413710360133157,0.9663453930975184,-0.0038777443467924093,94.94068603766448,2.664548371341713e-07,0.0019571208243131283,-8.104250531931276e-06,-0.4764129921865696,90.15667359799504,-0.026945968543038285,8.62350432096632e-05,0.04898286213869863,23499,0.08784796109277047,0.0121,index_dividend_yield,0.065,12.27,65,23270.3,23448.1,23231.4,23477.8,mid_price,ok
2026-09-11T12:54:36.459594+00:00,2026-09-11T18:24:36.459594+05:30,NIFTY,29-Sep-2026,24800.0,PE,23398.1,1286.5,65,1315.65,65,1313,1301.075,5424,-14,259,0.20605968098908647,17.08,,,,,,,,,,,,,,,0.04898286213869863,,,,,,12.27,65,23270.3,23448.1,23231.4,23477.8,mid_price,no_price_available
2026-09-11T12:54:36.459594+00:00,2026-09-11T18:24:36.459594+05:30,NIFTY,29-Sep-2026,24850.0,CE,23398.1,8.05,260,10.3,260,8.7,9.175,3934,-250,3161,0.5780346820809249,13.37,0.026653662747770906,8.905322987478998e-05,-1.2829989675145388,3.192908156225923,0.9046340686413977,-0.0036827060920338675,90.51353463982225,2.45282863759651e-07,0.0018584887519095242,-7.788150127191508e-06,-0.45773930817841535,89.58317037173869,-0.024816234781871047,7.895107993396465e-05,0.04898286213869863,23499,0.08784796109277047,0.0121,index_dividend_yield,0.065,12.27,65,23270.3,23448.1,23231.4,23477.8,mid_price,wide_quote_low_liquidity
2026-09-11T12:54:36.459594+00:00,2026-09-11T18:24:36.459594+05:30,NIFTY,29-Sep-2026,24850.0,PE,23398.1,1073.55,975,1470.7,650,1375,1272.125,213,-4,18,-0.39479879749357094,19.01,,,,,,,,,,,,,,,0.04898286213869863,,,,,,12.27,65,23270.3,23448.1,23231.4,23477.8,mid_price,no_price_available
2026-09-11T12:54:36.459594+00:00,2026-09-11T18:24:36.459594+05:30,NIFTY,29-Sep-2026,24900.0,CE,23398.1,8.25,1040,8.5,520,8.4,8.375,8185,-1838,9304,0.5988023952095808,13.68,0.025330071530940048,8.340485176852167e-05,-1.25528221985966,3.059727541346578,0.8570246276820483,-0.003559885709574953,86.72298272113731,2.2708095551864446e-07,0.001754328108448455,-7.488261856558566e-06,-0.4457699159241826,88.16557433086179,-0.023532258854685916,7.364678727124397e-05,0.04898286213869863,23499,0.08784796109277047,0.0121,index_dividend_yield,0.065,12.27,65,23270.3,23448.1,23231.4,23477.8,mid_price,ok
2026-09-11T12:54:36.459594+00:00,2026-09-11T18:24:36.459594+05:30,NIFTY,29-Sep-2026,24900.0,PE,23398.1,1378.4,130,1418.2,130,1424.7,1398.3000000000002,1183,-1,61,1.4274018438756986,19.51,,,,,,,,,,,,,,,0.04898286213869863,,,,,,12.27,65,23270.3,23448.1,23231.4,23477.8,mid_price,no_price_available
2026-09-11T12:54:36.459594+00:00,2026-09-11T18:24:36.459594+05:30,NIFTY,29-Sep-2026,24950.0,CE,23398.1,7,65,8.65,260,7.8,7.825,1599,-119,2749,-5.454545454545454,13.9,0.023398068171989358,7.679504093128927e-05,-1.190992788594167,2.8625515735341818,0.8027410176501808,-0.0033792651750750584,82.6347177328619,2.094349078764606e-07,0.0016644268525249886,-7.185804796264888e-06,-0.42789546189342476,87.68471643106069,-0.02169245353071086,6.753878783543392e-05,0.04898286213869863,23499,0.08784796109277047,0.0121,index_dividend_yield,0.065,12.27,65,23270.3,23448.1,23231.4,23477.8,mid_price,wide_quote_low_liquidity
2026-09-11T12:54:36.459594+00:00,2026-09-11T18:24:36.459594+05:30,NIFTY,29-Sep-2026,24950.0,PE,23398.1,1217.85,1755,1472.25,65,1562.45,1345.05,77,-2,4,12.812274368231048,27.78,,,,,,,,,,,,,,,0.04898286213869863,,,,,,12.27,65,23270.3,23448.1,23231.4,23477.8,mid_price,no_price_available
2026-09-11T12:54:36.459594+00:00,2026-09-11T18:24:36.459594+05:30,NIFTY,29-Sep-2026,25000.0,CE,23398.1,7.4,2015,7.6,3965,7.55,7.5,87162,-2940,45347,-4.430379746835443,14.21,0.022334905684777945,7.22335633008765e-05,-1.168531568801461,2.7525705604562463,0.762654209825582,-0.003274130511822969,79.28263671523705,1.945921411498214e-07,0.001572244888263447,-6.912895404268476e-06,-0.4173237640745078,86.30394661403643,-0.020661563163202692,6.327325947734785e-05,0.04898286213869863,23499,0.08784796109277047,0.0121,index_dividend_yield,0.065,12.27,65,23270.3,23448.1,23231.4,23477.8,mid_price,ok
2026-09-11T12:54:36.459594+00:00,2026-09-11T18:24:36.459594+05:30,NIFTY,29-Sep-2026,25000.0,PE,23398.1,1495.1,65,1507.85,65,1498,1501.475,31812.30769230769,-1167,2493,-1.1612562681446292,16.83,,,,,,,,,,,,,,,0.04898286213869863,,,,,,12.27,65,23270.3,23448.1,23231.4,23477.8,mid_price,no_price_available
2026-09-11T12:54:36.459594+00:00,2026-09-11T18:24:36.459594+05:30,NIFTY,29-Sep-2026,25050.0,CE,23398.1,6.8,65,7.6,1300,7.2,7.199999999999999,1455,-67,2588,-4.635761589403973,14.49,0.021145514691495684,6.763767093203233e-05,-1.1357080387011436,2.6282239796070694,0.7223684462139887,-0.0031550692703695496,75.95111054736935,1.8074338453849215e-07,0.0014878382428371835,-6.646426121084996e-06,-0.4052117541009559,85.24151083842926,-0.019519385064188023,5.9011189593692994e-05,0.04898286213869863,23499,0.08784796109277047,0.0121,index_dividend_yield,0.065,12.27,65,23270.3,23448.1,23231.4,23477.8,mid_price,ok
2026-09-11T12:54:36.459594+00:00,2026-09-11T18:24:36.459594+05:30,NIFTY,29-Sep-2026,25050.0,PE,23398.1,1480.95,195,1787.55,1755,1464.65,1634.25,60,0,3,85.1175429726997,0,,,,,,,,,,,,,,,0.04898286213869863,,,,,,12.27,65,23270.3,23448.1,23231.4,23477.8,mid_price,no_price_available
2026-09-11T12:54:36.459594+00:00,2026-09-11T18:24:36.459594+05:30,NIFTY,29-Sep-2026,25100.0,CE,23398.1,6.55,260,6.85,325,6.7,6.699999999999999,5123,-840,4334,-5.633802816901408,14.7,0.01958174741513042,6.246815351686944e-05,-1.077794685943992,2.462528962978001,0.6776043494728777,-0.0029960141973388206,72.36105522303693,1.671894522956007e-07,0.0014106734039738473,-6.369870587597035e-06,-0.38879406253569165,84.84390767029075,-0.018038863154218255,5.42840712004513e-05,0.04898286213869863,23499,0.08784796109277047,0.0121,index_dividend_yield,0.065,12.27,65,23270.3,23448.1,23231.4,23477.8,mid_price,ok
2026-09-11T12:54:36.459594+00:00,2026-09-11T18:24:36.459594+05:30,NIFTY,29-Sep-2026,25100.0,PE,23398.1,1364.25,650,1643.55,650,1624.2,1503.9,1454,-20,62,0.6195019204559534,21.54,,,,,,,,,,,,,,,0.04898286213869863,,,,,,12.27,65,23270.3,23448.1,23231.4,23477.8,mid_price,no_price_available
2026-09-11T12:54:36.459594+00:00,2026-09-11T18:24:36.459594+05:30,NIFTY,29-Sep-2026,25150.0,CE,23398.1,6.25,65,6.95,1950,6.3,6.6,605,-107,551,-9.352517985611511,14.93,0.018290309071746322,5.803803856365135e-05,-1.0313410786783637,2.3236883355945075,0.6381053280619057,-0.0028597216885704983,69.06651370410555,1.5505253467278192e-07,0.0013363227300335835,-6.108439164881127e-06,-0.3744978217919437,84.25080930318546,-0.016814270520967213,5.023401991714314e-05,0.04898286213869863,23499,0.08784796109277047,0.0121,index_dividend_yield,0.065,12.27,65,23270.3,23448.1,23231.4,23477.8,mid_price,ok
2026-09-11T12:54:36.459594+00:00,2026-09-11T18:24:36.459594+05:30,NIFTY,29-Sep-2026,25150.0,PE,23398.1,1372.75,195,1730.6,390,1660.05,1551.675,17,-4,4,88.63132776546787,20.21,,,,,,,,,,,,,,,0.04898286213869863,,,,,,12.27,65,23270.3,23448.1,23231.4,23477.8,mid_price,no_price_available
2026-09-11T12:54:36.459594+00:00,2026-09-11T18:24:36.459594+05:30,NIFTY,29-Sep-2026,25200.0,CE,23398.1,5.55,130,6.1,260,6,5.824999999999999,8224,53,9064,-9.774436090225564,15.19,0.017294289101502037,5.438374421863673e-05,-0.9988551121445509,2.215298339571734,0.6044927041268001,-0.0027509932338375636,66.13986827761664,1.44366845368292e-07,0.0012656566324461287,-5.868776945454294e-06,-0.36293772302208005,83.38503069157767,-0.015865106122967623,4.6884491336208895e-05,0.04898286213869863,23499,0.08784796109277047,0.0121,index_dividend_yield,0.065,12.27,65,23270.3,23448.1,23231.4,23477.8,mid_price,ok
2026-09-11T12:54:36.459594+00:00,2026-09-11T18:24:36.459594+05:30,NIFTY,29-Sep-2026,25200.0,PE,23398.1,1450,650,1937.65,650,1696.9,1693.825,1264,-121,230,-1.477632304699974,18.53,,,,,,,,,,,,,,,0.04898286213869863,,,,,,12.27,65,23270.3,23448.1,23231.4,23477.8,mid_price,no_price_available
2026-09-11T12:54:36.459594+00:00,2026-09-11T18:24:36.459594+05:30,NIFTY,29-Sep-2026,25250.0,CE,23398.1,5.75,65,6.3,325,5.8,6.025,1355,-2,1006,-10.76923076923077,15.47,0.016496141065833633,5.128491720751336e-05,-0.9755736117847051,2.1275771428293826,0.5752697737165645,-0.0026614354114161756,63.50953865864861,1.3487445868280844e-07,0.0011993738797344434,-5.648644031004894e-06,-0.35331040724375756,82.35425034631471,-0.015100655553037032,4.403804991110123e-05,0.04898286213869863,23499,0.08784796109277047,0.0121,index_dividend_yield,0.065,12.27,65,23270.3,23448.1,23231.4,23477.8,mid_price,ok
2026-09-11T12:54:36.459594+00:00,2026-09-11T18:24:36.459594+05:30,NIFTY,29-Sep-2026,25250.0,PE,23398.1,1471.8,780,,0,1829.75,,29,-1,1,45.103092783505154,28.68,,,,,,,,,,,,,,,0.04898286213869863,,,,,,12.27,65,23270.3,23448.1,23231.4,23477.8,ltp,no_price_available
2026-09-11T12:54:36.459594+00:00,2026-09-11T18:24:36.459594+05:30,NIFTY,29-Sep-2026,25300.0,CE,23398.1,5,325,5.85,130,5.7,5.425,7259,-570,3198,-7.317073170731708,15.79,0.015981348821425278,4.889938283199147e-05,-0.9677089577847527,2.070574453035005,0.5519075125835102,-0.0026016920106007434,61.29334763985583,1.2671249224183771e-07,0.0011378355836213303,-5.456408734293573e-06,-0.3468324961306253,81.0061603637076,-0.014597513426824985,4.1823803069709876e-05,0.04898286213869863,23499,0.08784796109277047,0.0121,index_dividend_yield,0.065,12.27,65,23270.3,23448.1,23231.4,23477.8,mid_price,wide_quote_low_liquidity
2026-09-11T12:54:36.459594+00:00,2026-09-11T18:24:36.459594+05:30,NIFTY,29-Sep-2026,25300.0,PE,23398.1,1597.95,650,1851,650,1790,1724.475,462,-24,31,0.9559798088040382,17.94,,,,,,,,,,,,,,,0.04898286213869863,,,,,,12.27,65,23270.3,23448.1,23231.4,23477.8,mid_price,no_price_available
2026-09-11T12:54:36.459594+00:00,2026-09-11T18:24:36.459594+05:30,NIFTY,29-Sep-2026,25350.0,CE,23398.1,4.25,130,5.8,1300,5.25,5.025,377,-23,223,-12.5,15.96,0.01471977794118368,4.5080242771771614e-05,-0.9103315212276375,1.929409784887488,0.5165196890969271,-0.0024571091525698915,58.237181708681526,1.1738162854981265e-07,0.0010782352939884884,-5.212363169999055e-06,-0.3309871958866697,80.92409268689637,-0.013418493601355878,3.8405330282807826e-05,0.04898286213869863,23499,0.08784796109277047,0.0121,index_dividend_yield,0.065,12.27,65,23270.3,23448.1,23231.4,23477.8,mid_price,wide_quote_low_liquidity
2026-09-11T12:54:36.459594+00:00,2026-09-11T18:24:36.459594+05:30,NIFTY,29-Sep-2026,25350.0,PE,23398.1,1694.6,1755,,0,0.0,,16,0,0,0,6.15,,,,,,,,,,,,,,,0.04898286213869863,,,,,,12.27,65,23270.3,23448.1,23231.4,23477.8,none,no_price_available
2026-09-11T12:54:36.459594+00:00,2026-09-11T18:24:36.459594+05:30,NIFTY,29-Sep-2026,25400.0,CE,23398.1,5.05,455,5.45,910,5.2,5.25,3158,-327,3792,-10.344827586206897,16.29,0.014357674419091623,4.32303042408551e-05,-0.9082737627844574,1.8884901316659526,0.4976869889387232,-0.0024127302817851647,56.366996558743665,1.1074403624812491e-07,0.001024937032344301,-5.046485884697377e-06,-0.32606700778753694,79.53084565517598,-0.013059773677458739,3.6684452705578357e-05,0.04898286213869863,23499,0.08784796109277047,0.0121,index_dividend_yield,0.065,12.27,65,23270.3,23448.1,23231.4,23477.8,mid_price,ok
2026-09-11T12:54:36.459594+00:00,2026-09-11T18:24:36.459594+05:30,NIFTY,29-Sep-2026,25400.0,PE,23398.1,1627.9,650,1920.6,65,1907.6,1774.25,415,-2,16,0.4343591228578198,22.27,,,,,,,,,,,,,,,0.04898286213869863,,,,,,12.27,65,23270.3,23448.1,23231.4,23477.8,mid_price,no_price_available
2026-09-11T12:54:36.459594+00:00,2026-09-11T18:24:36.459594+05:30,NIFTY,29-Sep-2026,25450.0,CE,23398.1,4.75,65,5.65,325,4.9,5.2,753,-28,156,-13.274336283185841,16.51,0.013498467459717589,4.04442177084854e-05,-0.8718413153768829,1.790642368899515,0.4707820598941299,-0.0023097342981180553,53.90952593206843,1.0337141559557466e-07,0.000972647373505995,-4.842833557044012e-06,-0.31456023429766344,79.03689834378225,-0.012253139580547634,3.418550907959016e-05,0.04898286213869863,23499,0.08784796109277047,0.0121,index_dividend_yield,0.065,12.27,65,23270.3,23448.1,23231.4,23477.8,mid_price,wide_quote_low_liquidity
2026-09-11T12:54:36.459594+00:00,2026-09-11T18:24:36.459594+05:30,NIFTY,29-Sep-2026,25450.0,PE,23398.1,1671.2,130,,0,0.0,,11,0,0,0,6.11,,,,,,,,,,,,,,,0.04898286213869863,,,,,,12.27,65,23270.3,23448.1,23231.4,23477.8,none,no_price_available
2026-09-11T12:54:36.459594+00:00,2026-09-11T18:24:36.459594+05:30,NIFTY,29-Sep-2026,25500.0,CE,23398.1,4.75,390,4.9,1300,4.8,4.825,49404,24,23906,-11.11111111111111,16.81,0.013067703478360308,3.862505265475549e-05,-0.8621609631609813,1.7411738714813105,0.4522668545123721,-0.002256049772452985,52.08520605666722,9.749101425247015e-08,0.0009256408822433406,-4.683419710769146e-06,-0.3085058223857282,77.92712254721924,-0.011836697021638358,3.251995298945375e-05,0.04898286213869863,23499,0.08784796109277047,0.0121,index_dividend_yield,0.065,12.27,65,23270.3,23448.1,23231.4,23477.8,mid_price,ok
2026-09-11T12:54:36.459594+00:00,2026-09-11T18:24:36.459594+05:30,NIFTY,29-Sep-2026,25500.0,PE,23398.1,1989.65,130,2007.15,65,2003.15,1998.4,23015,-211,1008,0.04744780741184697,22.48,,,,,,,,,,,,,,,0.04898286213869863,,,,,,12.27,65,23270.3,23448.1,23231.4,23477.8,mid_price,no_price_available
2026-09-11T12:54:36.459594+00:00,2026-09-11T18:24:36.459594+05:30,NIFTY,29-Sep-2026,25550.0,CE,23398.1,4.25,65,5.15,650,4.9,4.7,614,-3,284,-8.411214953271028,17.2,0.013061730807443285,3.773433844313448e-05,-0.8807848174233363,1.740485985823224,0.4420411909188526,-0.0022531681561660157,50.91169071856294,9.303245047579683e-08,0.0008843893846275828,-4.570901883969516e-06,-0.30817547357375563,76.18493685164526,-0.011804623624395176,3.164580276081863e-05,0.04898286213869863,23499,0.08784796109277047,0.0121,index_dividend_yield,0.065,12.27,65,23270.3,23448.1,23231.4,23477.8,mid_price,wide_quote_low_liquidity
2026-09-11T12:54:36.459594+00:00,2026-09-11T18:24:36.459594+05:30,NIFTY,29-Sep-2026,25550.0,PE,23398.1,1765.25,1300,2231.8,650,0.0,1998.525,6,0,0,0,0,,,,,,,,,,,,,,,0.04898286213869863,,,,,,12.27,65,23270.3,23448.1,23231.4,23477.8,mid_price,no_price_available
2026-09-11T12:54:36.459594+00:00,2026-09-11T18:24:36.459594+05:30,NIFTY,29-Sep-2026,25600.0,CE,23398.1,4.25,390,4.45,260,4.25,4.35,2056,-660,1960,-14.141414141414142,17.21,0.011471553248475864,3.3700148137073876e-05,-0.786851685837745,1.5553137939197093,0.40351590359514933,-0.002055420791527509,47.51950592626719,8.498845628632999e-08,0.0008338123578701173,-4.302133091994891e-06,-0.2855471681331343,77.24360338460008,-0.010349127586377743,2.8152247037386106e-05,0.04898286213869863,23499,0.08784796109277047,0.0121,index_dividend_yield,0.065,12.27,65,23270.3,23448.1,23231.4,23477.8,mid_price,ok
2026-09-11T12:54:36.459594+00:00,2026-09-11T18:24:36.459594+05:30,NIFTY,29-Sep-2026,25600.0,PE,23398.1,1803.2,650,2119.85,65,2131.2,1961.525,483,-4,27,-0.2784081604005334,27.45,,,,,,,,,,,,,,,0.04898286213869863,,,,,,12.27,65,23270.3,23448.1,23231.4,23477.8,mid_price,no_price_available
2026-09-11T12:54:36.459594+00:00,2026-09-11T18:24:36.459594+05:30,NIFTY,29-Sep-2026,25650.0,CE,23398.1,3.8,390,4.35,65,4.3,4.074999999999999,267,11,182,-12.244897959183673,17.57,0.011387931339700345,3.280051244020105e-05,-0.7973771749834495,1.5454598742853012,0.39335406053579797,-0.0020430684472759787,46.37974426026403,8.108136928550002e-08,0.0007976586933964707,-4.195227010860572e-06,-0.28411256438131005,75.74023527172518,-0.010250991516590351,2.7293992968168987e-05,0.04898286213869863,23499,0.08784796109277047,0.0121,index_dividend_yield,0.065,12.27,65,23270.3,23448.1,23231.4,23477.8,mid_price,ok
2026-09-11T12:54:36.459594+00:00,2026-09-11T18:24:36.459594+05:30,NIFTY,29-Sep-2026,25650.0,PE,23398.1,1837.2,650,2217.05,650,0.0,2027.125,1,0,0,0,13.42,,,,,,,,,,,,,,,0.04898286213869863,,,,,,12.27,65,23270.3,23448.1,23231.4,23477.8,mid_price,no_price_available
2026-09-11T12:54:36.459594+00:00,2026-09-11T18:24:36.459594+05:30,NIFTY,29-Sep-2026,25700.0,CE,23398.1,3.55,260,4.55,130,3.85,4.05,3369,-718,4116,-13.48314606741573,17.65,0.010264765884689275,2.9830013931293467e-05,-0.7311653701889951,1.411898605848779,0.3638390510068666,-0.0018961982218965844,43.64110360975148,7.472047998001163e-08,0.0007530105713860799,-3.970783931530138e-06,-0.266926211790917,76.2501661112939,-0.009222808407923541,2.4725688581305732e-05,0.04898286213869863,23499,0.08784796109277047,0.0121,index_dividend_yield,0.065,12.27,65,23270.3,23448.1,23231.4,23477.8,mid_price,wide_quote_low_liquidity
2026-09-11T12:54:36.459594+00:00,2026-09-11T18:24:36.459594+05:30,NIFTY,29-Sep-2026,25700.0,PE,23398.1,1919.9,780,2240.8,65,0.0,2080.3500000000004,184,0,0,0,0,,,,,,,,,,,,,,,0.04898286213869863,,,,,,12.27,65,23270.3,23448.1,23231.4,23477.8,mid_price,no_price_available
2026-09-11T12:54:36.459594+00:00,2026-09-11T18:24:36.459594+05:30,NIFTY,29-Sep-2026,25750.0,CE,23398.1,3,195,5.1,1300,3.75,4.05,121,23,133,-17.582417582417584,17.92,0.00990203171305634,2.8472533045580794e-05,-0.7187417426712985,1.3682625947437743,0.3493629808023722,-0.0018465497618721132,42.14924192789893,7.064281491081676e-08,0.0007181956084001362,-3.839283098557148e-06,-0.2610434614752051,75.4029519812542,-0.008878293348323324,2.3508927920951122e-05,0.04898286213869863,23499,0.08784796109277047,0.0121,index_dividend_yield,0.065,12.27,65,23270.3,23448.1,23231.4,23477.8,mid_price,wide_quote_low_liquidity
2026-09-11T12:54:36.459594+00:00,2026-09-11T18:24:36.459594+05:30,NIFTY,29-Sep-2026,25750.0,PE,23398.1,2090.2,650,2535.55,650,0.0,2312.875,8,0,0,0,0,,,,,,,,,,,,,,,0.04898286213869863,,,,,,12.27,65,23270.3,23448.1,23231.4,23477.8,mid_price,no_price_available
2026-09-11T12:54:36.459594+00:00,2026-09-11T18:24:36.459594+05:30,NIFTY,29-Sep-2026,25800.0,CE,23398.1,3.5,2275,4.25,520,3.85,3.875,4781,-254,3057,-11.494252873563218,18.31,0.009971175408366291,2.8035873651786476e-05,-0.7381527977325174,1.376600052813547,0.34375172194763687,-0.0018544333480045219,41.42587562004074,6.795597981847098e-08,0.0006905516873461802,-3.76703749735173e-06,-0.2619771262114847,73.7621566121561,-0.008920294648039916,2.305875567588574e-05,0.04898286213869863,23499,0.08784796109277047,0.0121,index_dividend_yield,0.065,12.27,65,23270.3,23448.1,23231.4,23477.8,mid_price,wide_quote_low_liquidity
2026-09-11T12:54:36.459594+00:00,2026-09-11T18:24:36.459594+05:30,NIFTY,29-Sep-2026,25800.0,PE,23398.1,2152.15,520,2351.9,650,2350,2252.025,321,1,1,3.2967032967032965,31.64,,,,,,,,,,,,,,,0.04898286213869863,,,,,,12.27,65,23270.3,23448.1,23231.4,23477.8,mid_price,no_price_available
2026-09-11T12:54:36.459594+00:00,2026-09-11T18:24:36.459594+05:30,NIFTY,29-Sep-2026,25850.0,CE,23398.1,3.15,520,4.6,650,3.15,3.875,158,29,149,-25,18.17,0.00833711851157053,2.4154228331763052e-05,-0.6258687169005994,1.1769376015619937,0.3044254378318,-0.0016281201305857699,37.73303350861612,6.077090639290563e-08,0.0006414446877541739,-3.4656328272731733e-06,-0.2347194826098391,75.72140280017562,-0.0074466747577390515,1.9789428758465465e-05,0.04898286213869863,23499,0.08784796109277047,0.0121,index_dividend_yield,0.065,12.27,65,23270.3,23448.1,23231.4,23477.8,mid_price,wide_quote_low_liquidity
2026-09-11T12:54:36.459594+00:00,2026-09-11T18:24:36.459594+05:30,NIFTY,29-Sep-2026,25850.0,PE,23398.1,1974.95,1755,,0,0.0,,0,0,0,0,0,,,,,,,,,,,,,,,0.04898286213869863,,,,,,12.27,65,23270.3,23448.1,23231.4,23477.8,none,no_price_available
2026-09-11T12:54:36.459594+00:00,2026-09-11T18:24:36.459594+05:30,NIFTY,29-Sep-2026,25900.0,CE,23398.1,3.1,260,4,1300,3.7,3.55,668,232,635,-8.641975308641975,18.87,0.009392433679235174,2.5818995846658048e-05,-0.7207874105743391,1.3065215916778277,0.3197242715783574,-0.0017740006692310189,38.90025500117245,6.128037149854848e-08,0.0006318962897982796,-3.54293390092285e-06,-0.25237769892001705,72.0528925987759,-0.008367376448186997,2.1071769403992133e-05,0.04898286213869863,23499,0.08784796109277047,0.0121,index_dividend_yield,0.065,12.27,65,23270.3,23448.1,23231.4,23477.8,mid_price,wide_quote_low_liquidity
2026-09-11T12:54:36.459594+00:00,2026-09-11T18:24:36.459594+05:30,NIFTY,29-Sep-2026,25900.0,PE,23398.1,2025.55,260,2486.55,390,2485,2256.05,73,-3,5,58.13923889525264,36.23,,,,,,,,,,,,,,,0.04898286213869863,,,,,,12.27,65,23270.3,23448.1,23231.4,23477.8,mid_price,no_price_available
2026-09-11T12:54:36.459594+00:00,2026-09-11T18:24:36.459594+05:30,NIFTY,29-Sep-2026,25950.0,CE,23398.1,2.8,65,3.9,3055,0.0,3.3499999999999996,166,0,0,0,20.27,0.012956812301322722,3.179680503224243e-05,-1.0228872073500714,1.7283933078514457,0.37412255225306895,-0.002227534783215598,43.15018215369148,6.631878254789247e-08,0.0006369520198656529,-3.83718622224938e-06,-0.30524654154073305,64.84418248290122,-0.011502485883130551,2.5850559370269144e-05,0.04898286213869863,23499,0.08784796109277047,0.0121,index_dividend_yield,0.065,12.27,65,23270.3,23448.1,23231.4,23477.8,mid_price,wide_quote_low_liquidity
2026-09-11T12:54:36.459594+00:00,2026-09-11T18:24:36.459594+05:30,NIFTY,29-Sep-2026,25950.0,PE,23398.1,2150.6,650,,0,0.0,,1,0,0,0,13.83,,,,,,,,,,,,,,,0.04898286213869863,,,,,,12.27,65,23270.3,23448.1,23231.4,23477.8,none,no_price_available
2026-09-11T12:54:36.459594+00:00,2026-09-11T18:24:36.459594+05:30,NIFTY,29-Sep-2026,26000.0,CE,23398.1,3.05,2405,3.2,1170,3.15,3.125,58038.230769230766,-2690.6153846153848,18819,-11.267605633802816,19.13,0.008013906316043576,2.2158805085349868e-05,-0.6348694591929334,1.1367544182012785,0.28118103042602904,-0.0015787563677042748,35.06268398936041,5.3205411831935876e-08,0.0005676341546549541,-3.217389686674832e-06,-0.22866051373073404,72.2582138270524,-0.0071121222985097475,1.794571750233619e-05,0.04898286213869863,23499,0.08784796109277047,0.0121,index_dividend_yield,0.065,12.27,65,23270.3,23448.1,23231.4,23477.8,mid_price,ok
2026-09-11T12:54:36.459594+00:00,2026-09-11T18:24:36.459594+05:30,NIFTY,29-Sep-2026,26000.0,PE,23398.1,2493,65,2502.65,65,2498.8,2497.825,30889.53846153846,-364,1473,-0.16380998042270967,26.27,,,,,,,,,,,,,,,0.04898286213869863,,,,,,12.27,65,23270.3,23448.1,23231.4,23477.8,mid_price,no_price_available
2026-09-11T12:54:36.459594+00:00,2026-09-11T18:24:36.459594+05:30,NIFTY,29-Sep-2026,26050.0,CE,23398.1,2.25,195,3.6,1300,2.95,2.925,193,0,93,-19.17808219178082,19.29,0.007488082546214546,2.0701005530753543e-05,-0.6026497652649061,1.0708509160210808,0.26536633071389587,-0.0015011289877885081,33.42967674150587,4.980758349485265e-08,0.0005389146895276256,-3.076237013261016e-06,-0.21905624967613158,72.15819982741127,-0.006632583879304642,1.670079601790186e-05,0.04898286213869863,23499,0.08784796109277047,0.0121,index_dividend_yield,0.065,12.27,65,23270.3,23448.1,23231.4,23477.8,mid_price,wide_quote_low_liquidity
2026-09-11T12:54:36.459594+00:00,2026-09-11T18:24:36.459594+05:30,NIFTY,29-Sep-2026,26050.0,PE,23398.1,2162.3,650,2629.95,650,0.0,2396.125,4,0,0,0,18.06,,,,,,,,,,,,,,,0.04898286213869863,,,,,,12.27,65,23270.3,23448.1,23231.4,23477.8,mid_price,no_price_available
2026-09-11T12:54:36.459594+00:00,2026-09-11T18:24:36.459594+05:30,NIFTY,29-Sep-2026,26100.0,CE,23398.1,2.5,1170,3,195,2.95,2.75,247,7,181,-10.606060606060606,19.61,0.007410240643353055,2.0176578991569578e-05,-0.6065847744378325,1.0610368545882192,0.2591129360930752,-0.0014888111853135488,32.69266653576952,4.780746419546663e-08,0.000518780398307502,-3.0072891227286475e-06,-0.21752170055764164,71.07002492279652,-0.006549651636544885,1.621540136530198e-05,0.04898286213869863,23499,0.08784796109277047,0.0121,index_dividend_yield,0.065,12.27,65,23270.3,23448.1,23231.4,23477.8,mid_price,wide_quote_low_liquidity
2026-09-11T12:54:36.459594+00:00,2026-09-11T18:24:36.459594+05:30,NIFTY,29-Sep-2026,26100.0,PE,23398.1,2190.25,390,2850.75,650,0.0,2520.5,144,0,0,0,0,,,,,,,,,,,,,,,0.04898286213869863,,,,,,12.27,65,23270.3,23448.1,23231.4,23477.8,mid_price,no_price_available
2026-09-11T12:54:36.459594+00:00,2026-09-11T18:24:36.459594+05:30,NIFTY,29-Sep-2026,26150.0,CE,23398.1,2.35,650,3.45,1300,3,2.9000000000000004,174,52,250,-25,19.96,0.007413686591977099,1.983090397356092e-05,-0.6172168750503374,1.0614716318448332,0.2547359624030291,-0.0014885681678878928,32.13822872650163,4.613672172979372e-08,0.0005010576729166666,-2.9535165980892815e-06,-0.21749023592390648,69.836815172792,-0.006538520134264715,1.5876702634632892e-05,0.04898286213869863,23499,0.08784796109277047,0.0121,index_dividend_yield,0.065,12.27,65,23270.3,23448.1,23231.4,23477.8,mid_price,wide_quote_low_liquidity
2026-09-11T12:54:36.459594+00:00,2026-09-11T18:24:36.459594+05:30,NIFTY,29-Sep-2026,26150.0,PE,23398.1,2247.6,650,2722.4,650,0.0,2485.0,1,0,0,0,19.21,,,,,,,,,,,,,,,0.04898286213869863,,,,,,12.27,65,23270.3,23448.1,23231.4,23477.8,mid_price,no_price_available
2026-09-11T12:54:36.459594+00:00,2026-09-11T18:24:36.459594+05:30,NIFTY,29-Sep-2026,26200.0,CE,23398.1,2.35,325,2.75,1560,2.75,2.55,2787,39,598,-14.0625,20.06,0.006808221159576283,1.8303197519693002e-05,-0.575048987783272,0.984607724515714,0.2380397520000922,-0.001396905191113222,30.40968483652229,4.291981691132076e-08,0.00047404272997266607,-2.804953595149807e-06,-0.20599478762779277,70.0820851953674,-0.005993373996432169,1.45977381557517e-05,0.04898286213869863,23499,0.08784796109277047,0.0121,index_dividend_yield,0.065,12.27,65,23270.3,23448.1,23231.4,23477.8,mid_price,wide_quote_low_liquidity
2026-09-11T12:54:36.459594+00:00,2026-09-11T18:24:36.459594+05:30,NIFTY,29-Sep-2026,26200.0,PE,23398.1,2290,1300,2777.7,650,0.0,2533.85,581,0,0,0,0,,,,,,,,,,,,,,,0.04898286213869863,,,,,,12.27,65,23270.3,23448.1,23231.4,23477.8,mid_price,no_price_available
2026-09-11T12:54:36.459594+00:00,2026-09-11T18:24:36.459594+05:30,NIFTY,29-Sep-2026,26250.0,CE,23398.1,1.6,325,3.5,1300,2.85,2.55,9,2,15,0,20.46,0.0069425327055354594,1.825765366498297e-05,-0.596305917946363,1.0017421259566117,0.23686879253170248,-0.0014166651764388498,30.174232550625568,4.182693529093649e-08,0.00046070698752694993,-2.778040619693965e-06,-0.20848439788164586,68.59811780926073,-0.006098059019268822,1.450599537218223e-05,0.04898286213869863,23499,0.08784796109277047,0.0121,index_dividend_yield,0.065,12.27,65,23270.3,23448.1,23231.4,23477.8,mid_price,wide_quote_low_liquidity
2026-09-11T12:54:36.459594+00:00,2026-09-11T18:24:36.459594+05:30,NIFTY,29-Sep-2026,26250.0,PE,23398.1,2326.95,1755,3059.45,650,0.0,2693.2,0,0,0,0,0,,,,,,,,,,,,,,,0.04898286213869863,,,,,,12.27,65,23270.3,23448.1,23231.4,23477.8,mid_price,no_price_available
2026-09-11T12:54:36.459594+00:00,2026-09-11T18:24:36.459594+05:30,NIFTY,29-Sep-2026,26300.0,CE,23398.1,1.6,130,1.95,130,1.65,1.775,2040,-19,213,-34,19.51,0.004316928715774045,1.2553058629036347e-05,-0.37274589080050446,0.6567682809376397,0.17351824584540576,-0.0009890171477971786,23.595557569791758,3.233403746516499e-08,0.0003866354908745467,-2.218768574802488e-06,-0.15286466446209035,75.19148597573265,-0.0037895280280529067,9.935717749654306e-06,0.04898286213869863,23499,0.08784796109277047,0.0121,index_dividend_yield,0.065,12.27,65,23270.3,23448.1,23231.4,23477.8,mid_price,wide_quote_low_liquidity
2026-09-11T12:54:36.459594+00:00,2026-09-11T18:24:36.459594+05:30,NIFTY,29-Sep-2026,26300.0,PE,23398.1,2761.35,65,2827.15,65,2771.15,2794.25,1245,0,1,0.8424308588064047,0,,,,,,,,,,,,,,,0.04898286213869863,,,,,,12.27,65,23270.3,23448.1,23231.4,23477.8,mid_price,no_price_available
2026-09-11T12:54:36.459594+00:00,2026-09-11T18:24:36.459594+05:30,NIFTY,29-Sep-2026,26350.0,CE,23398.1,1.4,65,5.1,650,0.0,3.25,85,0,0,0,13.52,5.457760872263235e-05,3.196878269522614e-07,-0.004565970354161616,0.011590659151408795,0.006462436531335575,-2.5577153313725877e-05,1.2945443613267262,1.8470486942483222e-09,3.333095594974545e-05,-1.321718727673593e-07,-0.00545026529327761,145.08677360484887,-4.812943575856156e-05,2.5207283508525315e-07,0.04898286213869863,23499,0.08784796109277047,0.0121,index_dividend_yield,0.065,12.27,65,23270.3,23448.1,23231.4,23477.8,mid_price,wide_quote_low_liquidity
2026-09-11T12:54:36.459594+00:00,2026-09-11T18:24:36.459594+05:30,NIFTY,29-Sep-2026,26350.0,PE,23398.1,2415.05,1755,3165,650,0.0,2790.025,0,0,0,0,0,,,,,,,,,,,,,,,0.04898286213869863,,,,,,12.27,65,23270.3,23448.1,23231.4,23477.8,mid_price,no_price_available
2026-09-11T12:54:36.459594+00:00,2026-09-11T18:24:36.459594+05:30,NIFTY,29-Sep-2026,26400.0,CE,23398.1,1.7,1885,2.4,260,1.7,2.05,668,-47,246,-32,20.16,0.004329974359280341,1.2181130537042705e-05,-0.38572019903211074,0.6585419851809688,0.1684028157349104,-0.0009904563072371812,22.891039245684972,3.031962361241762e-08,0.0003629840965647834,-2.1489632102288694e-06,-0.1530572794727998,72.77735020954749,-0.0037848892225969513,9.568435397597615e-06,0.04898286213869863,23499,0.08784796109277047,0.0121,index_dividend_yield,0.065,12.27,65,23270.3,23448.1,23231.4,23477.8,mid_price,wide_quote_low_liquidity
2026-09-11T12:54:36.459594+00:00,2026-09-11T18:24:36.459594+05:30,NIFTY,29-Sep-2026,26400.0,PE,23398.1,2457.3,1755,3310.55,650,0.0,2883.925,56,0,0,0,0,,,,,,,,,,,,,,,0.04898286213869863,,,,,,12.27,65,23270.3,23448.1,23231.4,23477.8,mid_price,no_price_available
2026-09-11T12:54:36.459594+00:00,2026-09-11T18:24:36.459594+05:30,NIFTY,29-Sep-2026,26450.0,CE,23398.1,1.5,65,5.1,650,0.0,3.3,42,0,0,0,19.27,0.0026126743099727603,8.092949054105418e-06,-0.23409943016252446,0.41820947172074013,0.11883067981148,-0.0006677321217623401,17.183918456625896,2.251975938131862e-08,0.0002905214487244426,-1.641462840286033e-06,-0.10826468358297851,79.50316050618775,-0.0022821434484401907,6.33310428171943e-06,0.04898286213869863,23499,0.08784796109277047,0.0121,index_dividend_yield,0.065,12.27,65,23270.3,23448.1,23231.4,23477.8,mid_price,wide_quote_low_liquidity
2026-09-11T12:54:36.459594+00:00,2026-09-11T18:24:36.459594+05:30,NIFTY,29-Sep-2026,26450.0,PE,23398.1,2503.05,1755,3270.15,650,0.0,2886.6000000000004,0,0,0,0,0,,,,,,,,,,,,,,,0.04898286213869863,,,,,,12.27,65,23270.3,23448.1,23231.4,23477.8,mid_price,no_price_available
2026-09-11T12:54:36.459594+00:00,2026-09-11T18:24:36.459594+05:30,NIFTY,29-Sep-2026,26500.0,CE,23398.1,1.6,3120,1.65,4485,1.6,1.625,13647,-266,8030,-23.80952380952381,20.61,0.004027229054458681,1.1167114604510366e-05,-0.369164815087122,0.617197713442137,0.15586394763170575,-0.0009359742659826717,21.385067812226378,2.7435195915057597e-08,0.0003327314326793669,-2.010514512987507e-06,-0.14568709748966935,71.67397273527128,-0.0035062193139587527,8.705834579321247e-06,0.04898286213869863,23499,0.08784796109277047,0.0121,index_dividend_yield,0.065,12.27,65,23270.3,23448.1,23231.4,23477.8,mid_price,ok
2026-09-11T12:54:36.459594+00:00,2026-09-11T18:24:36.459594+05:30,NIFTY,29-Sep-2026,26500.0,PE,23398.1,2976.65,65,2997.15,65,3008.8,2986.9,12993,-68,102,0.4624451159451744,32.65,,,,,,,,,,,,,,,0.04898286213869863,,,,,,12.27,65,23270.3,23448.1,23231.4,23477.8,mid_price,no_price_available
2026-09-11T12:54:36.459594+00:00,2026-09-11T18:24:36.459594+05:30,NIFTY,29-Sep-2026,26550.0,CE,23398.1,1.5,65,2.5,260,0.0,2.0,72,0,0,0,22.15,0.006196780757285843,1.5252289553809912e-05,-0.5818155696336414,0.9059706230327493,0.20137437997587915,-0.0012986296193575877,26.075220568825994,3.2751135041470045e-08,0.00037011757852459384,-2.4038528131995608e-06,-0.19349522865149416,64.14114888093539,-0.005375983703392145,1.1845875833264594e-05,0.04898286213869863,23499,0.08784796109277047,0.0121,index_dividend_yield,0.065,12.27,65,23270.3,23448.1,23231.4,23477.8,mid_price,wide_quote_low_liquidity
2026-09-11T12:54:36.459594+00:00,2026-09-11T18:24:36.459594+05:30,NIFTY,29-Sep-2026,26550.0,PE,23398.1,2554.95,650,3286.8,650,0.0,2920.875,0,0,0,0,0,,,,,,,,,,,,,,,0.04898286213869863,,,,,,12.27,65,23270.3,23448.1,23231.4,23477.8,mid_price,no_price_available
2026-09-11T12:54:36.459594+00:00,2026-09-11T18:24:36.459594+05:30,NIFTY,29-Sep-2026,26600.0,CE,23398.1,1.55,1300,2.35,1300,1.55,1.9500000000000002,647,-36,135,-27.906976744186046,21.11,0.0038317761909976667,1.042740192153755e-05,-0.36125740262742273,0.5902957962318719,0.1465048234764719,-0.0009000306798398797,20.228182194444,2.5156839996994403e-08,0.0003079192796492577,-1.9028665474394863e-06,-0.14078474262942986,70.30865816060188,-0.003322597791205581,8.068151152158337e-06,0.04898286213869863,23499,0.08784796109277047,0.0121,index_dividend_yield,0.065,12.27,65,23270.3,23448.1,23231.4,23477.8,mid_price,wide_quote_low_liquidity
2026-09-11T12:54:36.459594+00:00,2026-09-11T18:24:36.459594+05:30,NIFTY,29-Sep-2026,26600.0,PE,23398.1,2593.7,1755,3427.75,650,0.0,3010.725,0,0,0,0,0,,,,,,,,,,,,,,,0.04898286213869863,,,,,,12.27,65,23270.3,23448.1,23231.4,23477.8,mid_price,no_price_available
2026-09-11T12:54:36.459594+00:00,2026-09-11T18:24:36.459594+05:30,NIFTY,29-Sep-2026,26650.0,CE,23398.1,1.65,65,4.8,260,0.0,3.2249999999999996,14,0,0,0,21.05,0.0033179562249652083,9.189226388248793e-06,-0.3164245225847728,0.5187240628015565,0.13138940406099883,-0.0008044521741748796,18.4679983880216,2.2653299209604573e-08,0.0002834971715583522,-1.7454022087625734e-06,-0.1275880464285205,71.39961257860134,-0.0028722910514896003,7.083464306343673e-06,0.04898286213869863,23499,0.08784796109277047,0.0121,index_dividend_yield,0.065,12.27,65,23270.3,23448.1,23231.4,23477.8,mid_price,wide_quote_low_liquidity
2026-09-11T12:54:36.459594+00:00,2026-09-11T18:24:36.459594+05:30,NIFTY,29-Sep-2026,26650.0,PE,23398.1,2637.7,1755,3392.8,650,0.0,3015.25,0,0,0,0,0,,,,,,,,,,,,,,,0.04898286213869863,,,,,,12.27,65,23270.3,23448.1,23231.4,23477.8,mid_price,no_price_available
2026-09-11T12:54:36.459594+00:00,2026-09-11T18:24:36.459594+05:30,NIFTY,29-Sep-2026,26700.0,CE,23398.1,1.6,65,4.7,260,0.0,3.1500000000000004,39,0,0,0,23.02,0.005952928420964405,1.4162908405920784e-05,-0.582648298446908,0.874305296382974,0.18817334629154733,-0.001258970776006123,24.504146829107288,2.9400932920882522e-08,0.0003354127484569246,-2.2591318103686348e-06,-0.18839965121264748,61.99055082995891,-0.00513259565799323,1.0876548713067414e-05,0.04898286213869863,23499,0.08784796109277047,0.0121,index_dividend_yield,0.065,12.27,65,23270.3,23448.1,23231.4,23477.8,mid_price,wide_quote_low_liquidity
2026-09-11T12:54:36.459594+00:00,2026-09-11T18:24:36.459594+05:30,NIFTY,29-Sep-2026,26700.0,PE,23398.1,2681.6,1755,3534.25,650,0.0,3107.925,0,0,0,0,0,,,,,,,,,,,,,,,0.04898286213869863,,,,,,12.27,65,23270.3,23448.1,23231.4,23477.8,mid_price,no_price_available
2026-09-11T12:54:36.459594+00:00,2026-09-11T18:24:36.459594+05:30,NIFTY,29-Sep-2026,26750.0,CE,23398.1,1.55,65,3,65,0.0,2.275,110,0,0,0,23.3,0.005861627013910221,1.3802218589138797e-05,-0.5814311646812304,0.8624028154339008,0.18381462578024926,-0.0012440904012278858,23.988385270638457,2.836116626486365e-08,0.00032467581174603705,-2.21190731344869e-06,-0.18647993846776367,61.34722210415909,-0.005043562046421971,1.0559965855138998e-05,0.04898286213869863,23499,0.08784796109277047,0.0121,index_dividend_yield,0.065,12.27,65,23270.3,23448.1,23231.4,23477.8,mid_price,wide_quote_low_liquidity
2026-09-11T12:54:36.459594+00:00,2026-09-11T18:24:36.459594+05:30,NIFTY,29-Sep-2026,26750.0,PE,23398.1,2725.7,1755,3461.65,650,0.0,3093.675,1,0,0,0,18.46,,,,,,,,,,,,,,,0.04898286213869863,,,,,,12.27,65,23270.3,23448.1,23231.4,23477.8,mid_price,no_price_available
2026-09-11T12:54:36.459594+00:00,2026-09-11T18:24:36.459594+05:30,NIFTY,29-Sep-2026,26800.0,CE,23398.1,1.5,65,2.1,260,1.5,1.8,39,-1,1,-14.285714285714286,22.17,0.003578693006858044,9.338570991240981e-06,-0.35614565318615254,0.555202561605142,0.13242722162725243,-0.0008525169113170555,18.44145965131211,2.1610737001289465e-08,0.000268056601536949,-1.735038107214039e-06,-0.13425360229386496,67.3954244899349,-0.003078066385601534,7.118230090142026e-06,0.04898286213869863,23499,0.08784796109277047,0.0121,index_dividend_yield,0.065,12.27,65,23270.3,23448.1,23231.4,23477.8,mid_price,wide_quote_low_liquidity
2026-09-11T12:54:36.459594+00:00,2026-09-11T18:24:36.459594+05:30,NIFTY,29-Sep-2026,26800.0,PE,23398.1,2777.15,650,3639.75,650,0.0,3208.45,21,0,0,0,0,,,,,,,,,,,,,,,0.04898286213869863,,,,,,12.27,65,23270.3,23448.1,23231.4,23477.8,mid_price,no_price_available
2026-09-11T12:54:36.459594+00:00,2026-09-11T18:24:36.459594+05:30,NIFTY,29-Sep-2026,26850.0,CE,23398.1,1.45,65,2.2,65,0.0,1.8250000000000002,41,0,0,0,21.32,0.0022694338683797027,6.4396962718421854e-06,-0.2270880380253728,0.36817807964548316,0.09621609198793689,-0.0005954606300840339,14.139241210763236,1.6412863896457206e-08,0.0002170910887995799,-1.3497247477993137e-06,-0.09780985870826964,72.78567756729078,-0.001950498897984306,4.890328011769253e-06,0.04898286213869863,23499,0.08784796109277047,0.0121,index_dividend_yield,0.065,12.27,65,23270.3,23448.1,23231.4,23477.8,mid_price,wide_quote_low_liquidity
2026-09-11T12:54:36.459594+00:00,2026-09-11T18:24:36.459594+05:30,NIFTY,29-Sep-2026,26850.0,PE,23398.1,2813.7,1755,3589.4,650,0.0,3201.55,0,0,0,0,0,,,,,,,,,,,,,,,0.04898286213869863,,,,,,12.27,65,23270.3,23448.1,23231.4,23477.8,mid_price,no_price_available
2026-09-11T12:54:36.459594+00:00,2026-09-11T18:24:36.459594+05:30,NIFTY,29-Sep-2026,26900.0,CE,23398.1,1.3,195,1.9,260,1.4,1.6,88,1,6,-37.77777777777778,22.57,0.003309273633582178,8.550200731134146e-06,-0.33766163075858985,0.5175034068926169,0.1224393262225247,-0.0008016469934055727,17.215559251808397,1.9620425030003167e-08,0.0002465450051807888,-1.6225057926483452e-06,-0.12719564987056092,66.66914253838353,-0.0028352898813250975,6.4689372166733805e-06,0.04898286213869863,23499,0.08784796109277047,0.0121,index_dividend_yield,0.065,12.27,65,23270.3,23448.1,23231.4,23477.8,mid_price,wide_quote_low_liquidity
2026-09-11T12:54:36.459594+00:00,2026-09-11T18:24:36.459594+05:30,NIFTY,29-Sep-2026,26900.0,PE,23398.1,2857.7,1755,3638,650,0.0,3247.85,1,0,0,0,0,,,,,,,,,,,,,,,0.04898286213869863,,,,,,12.27,65,23270.3,23448.1,23231.4,23477.8,mid_price,no_price_available
2026-09-11T12:54:36.459594+00:00,2026-09-11T18:24:36.459594+05:30,NIFTY,29-Sep-2026,26950.0,CE,23398.1,1.35,65,3.5,260,0.0,2.425,48,0,0,0,22.54,0.002922478358694397,7.65515179083137e-06,-0.3014054951035939,0.4627144495357011,0.11124187547737113,-0.0007270477026761722,15.87675457456203,1.786695915627448e-08,0.00022869490919831252,-1.5019547645311905e-06,-0.11671460356170005,67.46890983433411,-0.0024997005750665344,5.7702875126073295e-06,0.04898286213869863,23499,0.08784796109277047,0.0121,index_dividend_yield,0.065,12.27,65,23270.3,23448.1,23231.4,23477.8,mid_price,wide_quote_low_liquidity
2026-09-11T12:54:36.459594+00:00,2026-09-11T18:24:36.459594+05:30,NIFTY,29-Sep-2026,26950.0,PE,23398.1,2901.7,1755,4077.75,650,0.0,3489.725,0,0,0,0,0,,,,,,,,,,,,,,,0.04898286213869863,,,,,,12.27,65,23270.3,23448.1,23231.4,23477.8,mid_price,no_price_available
2026-09-11T12:54:36.459594+00:00,2026-09-11T18:24:36.459594+05:30,NIFTY,29-Sep-2026,27000.0,CE,23398.1,1.65,390,1.8,585,1.8,1.725,25809,-1066,5499,-10,23.74,0.004027766911780169,9.69594571621725e-06,-0.4232064238911166,0.6172715111358871,0.1356749354355809,-0.0009333833505046586,18.614897927910214,2.0587265145316952e-08,0.0002515495808250244,-1.739797885520022e-06,-0.14533151226618435,62.34637234281048,-0.003434463108916558,7.281549942223858e-06,0.04898286213869863,23499,0.08784796109277047,0.0121,index_dividend_yield,0.065,12.27,65,23270.3,23448.1,23231.4,23477.8,mid_price,ok
2026-09-11T12:54:36.459594+00:00,2026-09-11T18:24:36.459594+05:30,NIFTY,29-Sep-2026,27000.0,PE,23398.1,3488.2,650,3497.35,65,3492.55,3492.7749999999996,23111.46153846154,-139,522,-0.4006730165972737,33.63,,,,,,,,,,,,,,,0.04898286213869863,,,,,,12.27,65,23270.3,23448.1,23231.4,23477.8,mid_price,no_price_available
2026-09-11T12:54:36.459594+00:00,2026-09-11T18:24:36.459594+05:30,NIFTY,29-Sep-2026,27050.0,CE,23398.1,0.9,6500,3.7,975,0.0,2.3000000000000003,64,0,0,0,22,0.0018582444893393223,5.205329969398749e-06,-0.1951370436577401,0.30709750584322965,0.07951876473686487,-0.0005068920283449671,11.94582775196487,1.3142000681037867e-08,0.00017881432013472202,-1.144488217398001e-06,-0.08474538725826075,71.70142816371899,-0.0015849536172346426,3.894708079983793e-06,0.04898286213869863,23499,0.08784796109277047,0.0121,index_dividend_yield,0.065,12.27,65,23270.3,23448.1,23231.4,23477.8,mid_price,wide_quote_low_liquidity
2026-09-11T12:54:36.459594+00:00,2026-09-11T18:24:36.459594+05:30,NIFTY,29-Sep-2026,27050.0,PE,23398.1,2989.7,1755,4183.2,650,0.0,3586.45,0,0,0,0,0,,,,,,,,,,,,,,,0.04898286213869863,,,,,,12.27,65,23270.3,23448.1,23231.4,23477.8,mid_price,no_price_available
2026-09-11T12:54:36.459594+00:00,2026-09-11T18:24:36.459594+05:30,NIFTY,29-Sep-2026,27100.0,CE,23398.1,1,65,1.6,195,1.6,1.3,212,2,7,-25.58139534883721,24,0.003572025910065529,8.61207710358556e-06,-0.38389649552002375,0.5542739840311369,0.12233294379876261,-0.000850077756989016,17.03977368947357,1.8367948804979187e-08,0.00022886712727809735,-1.5982975164126062e-06,-0.13391537140357013,62.33789047714572,-0.003034608265661487,6.419933258034142e-06,0.04898286213869863,23499,0.08784796109277047,0.0121,index_dividend_yield,0.065,12.27,65,23270.3,23448.1,23231.4,23477.8,mid_price,wide_quote_low_liquidity
2026-09-11T12:54:36.459594+00:00,2026-09-11T18:24:36.459594+05:30,NIFTY,29-Sep-2026,27100.0,PE,23398.1,3033.6,1755,3878.7,650,0.0,3456.1499999999996,0,0,0,0,0,,,,,,,,,,,,,,,0.04898286213869863,,,,,,12.27,65,23270.3,23448.1,23231.4,23477.8,mid_price,no_price_available
2026-09-11T12:54:36.459594+00:00,2026-09-11T18:24:36.459594+05:30,NIFTY,29-Sep-2026,27150.0,CE,23398.1,0.9,6500,2.65,1560,1.3,1.775,122,3,16,-3.7037037037037037,23.77,0.0029649960483793428,7.354148450996063e-06,-0.3214841632052167,0.4687776715269683,0.10679096961166076,-0.0007347008277497738,15.215415855819037,1.6219220850918276e-08,0.00020775322281364744,-1.435892164191045e-06,-0.11779657910826036,63.94794098433532,-0.0025153002918804467,5.4620278467902106e-06,0.04898286213869863,23499,0.08784796109277047,0.0121,index_dividend_yield,0.065,12.27,65,23270.3,23448.1,23231.4,23477.8,mid_price,wide_quote_low_liquidity
2026-09-11T12:54:36.459594+00:00,2026-09-11T18:24:36.459594+05:30,NIFTY,29-Sep-2026,27150.0,PE,23398.1,3078.4,1755,3934.5,650,0.0,3506.45,0,0,0,0,0,,,,,,,,,,,,,,,0.04898286213869863,,,,,,12.27,65,23270.3,23448.1,23231.4,23477.8,mid_price,no_price_available
2026-09-11T12:54:36.459594+00:00,2026-09-11T18:24:36.459594+05:30,NIFTY,29-Sep-2026,27200.0,CE,23398.1,1.35,65,1.7,130,1.6,1.525,627,-20,77,0,24.56,0.0035167181472679013,8.29862506405329e-06,-0.3870914681052658,0.5465625228845795,0.1181572491564713,-0.0008394998370660122,16.48999532548251,1.7318020851917667e-08,0.00021657786518302543,-1.5461917023704188e-06,-0.13245256162522479,61.02075305011333,-0.002975590258989841,6.140864587330176e-06,0.04898286213869863,23499,0.08784796109277047,0.0121,index_dividend_yield,0.065,12.27,65,23270.3,23448.1,23231.4,23477.8,mid_price,wide_quote_low_liquidity
2026-09-11T12:54:36.459594+00:00,2026-09-11T18:24:36.459594+05:30,NIFTY,29-Sep-2026,27200.0,PE,23398.1,3121.6,1755,3986.1,650,0.0,3553.85,0,0,0,0,0,,,,,,,,,,,,,,,0.04898286213869863,,,,,,12.27,65,23270.3,23448.1,23231.4,23477.8,mid_price,no_price_available
2026-09-11T12:54:36.459594+00:00,2026-09-11T18:24:36.459594+05:30,NIFTY,29-Sep-2026,28500.0,CE,23398.1,0.55,13130,0.65,30225,0.65,0.6000000000000001,8074,-286,1056,0,28.94,0.0013178854711936973,2.8929127867244214e-06,-0.18607798715355778,0.2245118204398942,0.04601141315696739,-0.0003822679440753381,7.164870063335715,5.710961479291461e-09,8.232314278849781e-05,-6.856385027994685e-07,-0.0658122801235855,56.18860395280861,-0.001062709515834011,1.949875159294852e-06,0.04898286213869863,23499,0.08784796109277047,0.0121,index_dividend_yield,0.065,12.27,65,23270.3,23448.1,23231.4,23477.8,mid_price,wide_quote_low_liquidity
2026-09-11T12:54:36.459594+00:00,2026-09-11T18:24:36.459594+05:30,NIFTY,29-Sep-2026,28500.0,PE,23398.1,4965.7,65,5005.2,195,5002.05,4985.45,6560,-59,71,0.21637866265965439,48.36,,,,,,,,,,,,,,,0.04898286213869863,,,,,,12.27,65,23270.3,23448.1,23231.4,23477.8,mid_price,no_price_available
2026-09-11T12:54:36.459594+00:00,2026-09-11T18:24:36.459594+05:30,NIFTY,29-Sep-2026,30000.0,CE,23398.1,0.55,7475,0.7,3380,0.55,0.625,4218,-187,324,-15.384615384615385,35.36,0.0009551571079085583,1.7628937864054075e-06,-0.16846096141365935,0.16716438190715024,0.029049435748501422,-0.0002933550793662959,4.668806893669456,2.92365003225344e-09,4.4250070019229745e-05,-4.4755338646280404e-07,-0.05182892485757318,47.24921324137914,-0.0007291953957436501,1.0723704128141157e-06,0.04898286213869863,23499,0.08784796109277047,0.0121,index_dividend_yield,0.065,12.27,65,23270.3,23448.1,23231.4,23477.8,mid_price,wide_quote_low_liquidity
2026-09-11T12:54:36.459594+00:00,2026-09-11T18:24:36.459594+05:30,NIFTY,29-Sep-2026,30000.0,PE,23398.1,6457.35,65,6513.2,65,6508,6485.275,2174,-6,17,0.0030732351946894496,61.52,,,,,,,,,,,,,,,0.04898286213869863,,,,,,12.27,65,23270.3,23448.1,23231.4,23477.8,mid_price,no_price_available
2026-09-11T12:54:36.459594+00:00,2026-09-11T18:24:36.459594+05:30,NIFTY,29-Sep-2026,31500.0,CE,23398.1,0.5,1755,0.95,1300,0.7,0.725,259,0,54,-30,42.57,0.0010300781828332661,1.5694108643294566e-06,-0.21667940466573263,0.17916189542356392,0.025808303065622613,-0.0003126855361072525,4.1179641852261275,2.131701136430252e-09,3.238512247343077e-05,-3.928395573505699e-07,-0.05490843055073086,39.195775511263236,-0.0007456178533498018,8.659179304850134e-07,0.04898286213869863,23499,0.08784796109277047,0.0121,index_dividend_yield,0.065,12.27,65,23270.3,23448.1,23231.4,23477.8,mid_price,wide_quote_low_liquidity
2026-09-11T12:54:36.459594+00:00,2026-09-11T18:24:36.459594+05:30,NIFTY,29-Sep-2026,31500.0,PE,23398.1,,0,8429.7,1690,0.0,,0,0,0,0,0,,,,,,,,,,,,,,,0.04898286213869863,,,,,,12.27,65,23270.3,23448.1,23231.4,23477.8,none,no_price_available
2026-09-11T12:54:36.459594+00:00,2026-09-11T18:24:36.459594+05:30,NIFTY,29-Sep-2026,33000.0,CE,23398.1,0.5,4485,0.7,455,0.5,0.6,537,-2,80,0,47.39,0.0006837204703191947,9.669762228434927e-07,-0.1651050607914043,0.12288753914369895,0.016555997226617384,-0.00022284010177933157,2.744572430000397,1.222710532252495e-09,1.955572151557486e-05,-2.633975126627937e-07,-0.04038328417999129,36.32243157242667,-0.00047143401407977984,4.861262814924079e-07,0.04898286213869863,23499,0.08784796109277047,0.0121,index_dividend_yield,0.065,12.27,65,23270.3,23448.1,23231.4,23477.8,mid_price,wide_quote_low_liquidity
2026-09-11T12:54:36.459594+00:00,2026-09-11T18:24:36.459594+05:30,NIFTY,29-Sep-2026,33000.0,PE,23398.1,,0,10009.8,1690,0.0,,0,0,0,0,0,,,,,,,,,,,,,,,0.04898286213869863,,,,,,12.27,65,23270.3,23448.1,23231.4,23477.8,none,no_price_available
2026-09-11T12:54:36.459594+00:00,2026-09-11T18:24:36.459594+05:30,NIFTY,29-Sep-2026,34500.0,CE,23398.1,0.15,1300,,0,0.0,,151,0,0,0,52.03,,,,,,,,,,,,,,,0.04898286213869863,,,,,,12.27,65,23270.3,23448.1,23231.4,23477.8,none,no_price_available
2026-09-11T12:54:36.459594+00:00,2026-09-11T18:24:36.459594+05:30,NIFTY,29-Sep-2026,34500.0,PE,23398.1,,0,11551.85,1690,0.0,,0,0,0,0,0,,,,,,,,,,,,,,,0.04898286213869863,,,,,,12.27,65,23270.3,23448.1,23231.4,23477.8,none,no_price_available
