fetch_ts_utc,fetch_ts_ist,symbol,expiry_date,strike,option_type,underlying_value,bid_price,bid_qty,ask_price,ask_qty,ltp,mid_price,open_interest,change_in_oi,total_traded_volume,pchange_vs_prev_close,nse_iv,delta,gamma,theta,vega,vanna,charm,vomma,speed,zomma,color,veta,omega,dual_delta,dual_gamma,time_to_expiry_years,futures_price,implied_cost_of_carry,dividend_yield_used,dividend_yield_source,risk_free_rate_used,india_vix,lot_size,underlying_day_open,underlying_day_high,underlying_day_low,underlying_prev_close,price_source_for_iv,data_quality_flag
2026-09-10T08:24:36.620753+00:00,2026-09-10T13:54:36.620753+05:30,NIFTY,29-Sep-2026,15000.0,CE,23434.1,,0,8809.15,1690,0.0,,0,0,0,0,0,,,,,,,,,,,,,,,0.05223628168591451,,,,,,11.81,65,23446.6,23494.95,23403.05,23431.5,none,no_price_available
2026-09-10T08:24:36.620753+00:00,2026-09-10T13:54:36.620753+05:30,NIFTY,29-Sep-2026,15000.0,PE,23434.1,1.45,65,1.55,65,1.4,1.5,1470,67,176,-9.67741935483871,67.51,-0.0014099316664363574,1.275323579375528e-06,-0.43219294704934497,0.24697745452194997,-0.01934579116099353,0.00033812318367528837,3.0944675446013674,-1.1093942965849447e-09,1.4089825332998764e-05,-2.457284682435444e-07,-0.06056624264957086,-21.87863540160918,0.002303376707797541,3.1126796687810175e-06,0.05223628168591451,23515.5,0.06638205365825421,0.0121,index_dividend_yield,0.065,11.81,65,23446.6,23494.95,23403.05,23431.5,mid_price,ok
2026-09-10T08:24:36.620753+00:00,2026-09-10T13:54:36.620753+05:30,NIFTY,29-Sep-2026,16500.0,CE,23434.1,,0,7118.15,1690,0.0,,0,0,0,0,0,,,,,,,,,,,,,,,0.05223628168591451,,,,,,11.81,65,23446.6,23494.95,23403.05,23431.5,none,no_price_available
2026-09-10T08:24:36.620753+00:00,2026-09-10T13:54:36.620753+05:30,NIFTY,29-Sep-2026,16500.0,PE,23434.1,0.8,8255,1.15,130,1,0.975,2042,0,369,17.647058823529413,52.56,-0.001333322914972754,1.5565680052941584e-06,-0.31876007591375766,0.234688748385267,-0.02403913547326076,0.000326025250283463,3.8671233399318745,-1.7311075015710028e-09,2.2686923780585975e-05,-3.068942478062419e-07,-0.05860642189566089,-28.492442489886095,0.0019601113281580798,3.1397622873094576e-06,0.05223628168591451,23515.5,0.06638205365825421,0.0121,index_dividend_yield,0.065,11.81,65,23446.6,23494.95,23403.05,23431.5,mid_price,wide_quote_low_liquidity
2026-09-10T08:24:36.620753+00:00,2026-09-10T13:54:36.620753+05:30,NIFTY,29-Sep-2026,18000.0,CE,23434.1,5414.6,390,5564.2,65,0.0,5489.4,18,0,0,0,69.65,0.9596996122814683,2.294196308072307e-05,-10.644580803862208,4.583745642991306,-0.19599396093111787,0.0035332982092664,18.414899069059576,-1.1770313078532666e-08,5.9229054420620406e-05,-1.0447142083597258e-06,-0.44901937678684867,4.056868353378112,-0.9414492504853095,3.888500185699407e-05,0.05223628168591451,23515.5,0.06638205365825421,0.0121,index_dividend_yield,0.065,11.81,65,23446.6,23494.95,23403.05,23431.5,mid_price,ok
2026-09-10T08:24:36.620753+00:00,2026-09-10T13:54:36.620753+05:30,NIFTY,29-Sep-2026,18000.0,PE,23434.1,1.25,780,1.35,4810,1.3,1.3,13191,-94,593,-16.129032258064516,41.56,-0.0021570019369190944,3.0503181544614507e-06,-0.38875803444948875,0.3636549397677399,-0.045075923614245304,0.0004807935712149666,6.890249430709205,-4.0532876354903685e-09,5.0454967098157776e-05,-5.362869971686337e-07,-0.08303511553976106,-34.90490535809002,0.0028886413939107174,5.1700731399188486e-06,0.05223628168591451,23515.5,0.06638205365825421,0.0121,index_dividend_yield,0.065,11.81,65,23446.6,23494.95,23403.05,23431.5,mid_price,ok
2026-09-10T08:24:36.620753+00:00,2026-09-10T13:54:36.620753+05:30,NIFTY,29-Sep-2026,19500.0,CE,23434.1,4003.8,130,4021.6,65,4020,4012.7,2161,0,10,-1.08632801446797,0,,,,,,,,,,,,,,,0.05223628168591451,23515.5,0.06638205365825421,0.0121,index_dividend_yield,0.065,11.81,65,23446.6,23494.95,23403.05,23431.5,mid_price,no_nse_iv
2026-09-10T08:24:36.620753+00:00,2026-09-10T13:54:36.620753+05:30,NIFTY,29-Sep-2026,19500.0,PE,23434.1,3.3,325,3.35,7605,3.35,3.325,15090,166,695,-8.219178082191782,33.28,-0.006373993181409222,1.0063136116337653e-05,-0.8161250522233072,0.9606948831584907,-0.13013230741124687,0.0011010305983183031,17.358164410093025,-1.4532745612323466e-08,0.00015158529960438563,-1.2744029565871126e-06,-0.1720589545237896,-39.70331366081386,0.007852867575565399,1.453318098893489e-05,0.05223628168591451,23515.5,0.06638205365825421,0.0121,index_dividend_yield,0.065,11.81,65,23446.6,23494.95,23403.05,23431.5,mid_price,ok
2026-09-10T08:24:36.620753+00:00,2026-09-10T13:54:36.620753+05:30,NIFTY,29-Sep-2026,21000.0,CE,23434.1,2514.6,65,2527.5,65,2529,2521.05,7923,33,233,-1.4764891503369824,0,,,,,,,,,,,,,,,0.05223628168591451,23515.5,0.06638205365825421,0.0121,index_dividend_yield,0.065,11.81,65,23446.6,23494.95,23403.05,23431.5,mid_price,no_nse_iv
2026-09-10T08:24:36.620753+00:00,2026-09-10T13:54:36.620753+05:30,NIFTY,29-Sep-2026,21000.0,PE,23434.1,7.5,4875,7.6,3770,7.55,7.55,29892,1483,4465,-5.031446540880503,23.83,-0.018226300820026492,3.505233698153369e-05,-1.43396913248055,2.396127002854887,-0.38243777974801896,0.0022697372416546485,42.84179877761618,-5.909414803841982e-08,0.00047963003543303144,-2.8008368634593425e-06,-0.31708169458662594,-49.66901177143765,0.020748391441532024,4.3649065125529794e-05,0.05223628168591451,23515.5,0.06638205365825421,0.0121,index_dividend_yield,0.065,11.81,65,23446.6,23494.95,23403.05,23431.5,mid_price,ok
2026-09-10T08:24:36.620753+00:00,2026-09-10T13:54:36.620753+05:30,NIFTY,29-Sep-2026,21600.0,CE,23434.1,1918.25,65,1926.65,65,1930,1922.45,695,-80,96,-5.392156862745098,0,,,,,,,,,,,,,,,0.05223628168591451,23515.5,0.06638205365825421,0.0121,index_dividend_yield,0.065,11.81,65,23446.6,23494.95,23403.05,23431.5,mid_price,no_nse_iv
2026-09-10T08:24:36.620753+00:00,2026-09-10T13:54:36.620753+05:30,NIFTY,29-Sep-2026,21600.0,PE,23434.1,10.5,6955,10.55,1560,10.5,10.525,6844,1292,3708,0.4784688995215311,19.77,-0.029532860440397907,6.342117223246253e-05,-1.7622625992145735,3.5967458164673065,-0.6257536170139345,0.003027355654153213,63.25663577922391,-1.1597293867400324e-07,0.0007946184455896678,-3.7341426034035473e-06,-0.4003188176994353,-56.36117891526787,0.03260904203937599,7.46488841622145e-05,0.05223628168591451,23515.5,0.06638205365825421,0.0121,index_dividend_yield,0.065,11.81,65,23446.6,23494.95,23403.05,23431.5,mid_price,ok
2026-09-10T08:24:36.620753+00:00,2026-09-10T13:54:36.620753+05:30,NIFTY,29-Sep-2026,21650.0,CE,23434.1,1846.2,650,1904.2,65,0.0,1875.2,1,0,0,0,25.63,0.9228107582098727,0.0001047312618737715,-7.972855048874804,7.70005372375489,-0.7683024102703162,0.004838983752405657,58.773559078614475,-1.1335075434355921e-07,0.00039078546581396037,-2.2547961968099754e-06,-0.5694740791642845,11.435545382182143,-0.9115097037408604,0.0001227035400697855,0.05223628168591451,23515.5,0.06638205365825421,0.0121,index_dividend_yield,0.065,11.81,65,23446.6,23494.95,23403.05,23431.5,mid_price,ok
2026-09-10T08:24:36.620753+00:00,2026-09-10T13:54:36.620753+05:30,NIFTY,29-Sep-2026,21650.0,PE,23434.1,10.9,195,11.1,1170,10.9,11.0,337,69,271,-3.111111111111111,19.43,-0.03088915451380269,6.697785861795547e-05,-1.7950038979377825,3.733127920425494,-0.6540136237149722,0.0031034476267362623,65.41908768615734,-1.2327740705824296e-07,0.0008290176207975568,-3.8142511595058595e-06,-0.408290686265786,-57.00213532834631,0.034021170908627836,7.847151090972314e-05,0.05223628168591451,23515.5,0.06638205365825421,0.0121,index_dividend_yield,0.065,11.81,65,23446.6,23494.95,23403.05,23431.5,mid_price,ok
2026-09-10T08:24:36.620753+00:00,2026-09-10T13:54:36.620753+05:30,NIFTY,29-Sep-2026,21700.0,CE,23434.1,1613.05,650,1872.65,650,0.0,1742.85,1,0,0,0,16.59,0.9823517739709111,4.74825587081469e-05,-3.9992509064932564,2.2596923365610992,-0.5293377612004546,0.002173744401810618,60.08678239597831,-1.1590006425093091e-07,0.0009763852578581527,-3.861406933743493e-06,-0.3022329827791932,12.80085423450539,-0.9779802230553531,5.537467672963573e-05,0.05223628168591451,23515.5,0.06638205365825421,0.0121,index_dividend_yield,0.065,11.81,65,23446.6,23494.95,23403.05,23431.5,mid_price,ok
2026-09-10T08:24:36.620753+00:00,2026-09-10T13:54:36.620753+05:30,NIFTY,29-Sep-2026,21700.0,PE,23434.1,11.3,65,11.35,455,11.3,11.325,3305,370,1012,0,19.1,-0.03240625782323202,7.08888374102817e-05,-1.8330317915513863,3.884007268812967,-0.6843878165792467,0.0031856733799774765,67.67526673305046,-1.311786176727366e-07,0.0008640454111899083,-3.8916498644198935e-06,-0.41682963519117194,-57.607996785312665,0.03560340476949516,8.267133368826946e-05,0.05223628168591451,23515.5,0.06638205365825421,0.0121,index_dividend_yield,0.065,11.81,65,23446.6,23494.95,23403.05,23431.5,mid_price,ok
2026-09-10T08:24:36.620753+00:00,2026-09-10T13:54:36.620753+05:30,NIFTY,29-Sep-2026,21750.0,CE,23434.1,1700.15,650,1820.75,65,0.0,1760.45,1,0,0,0,29.91,0.8775505866352802,0.0001261768342099964,-11.143917762517079,10.825920975352957,-0.7414842405227828,0.005417333718832462,46.28888443588153,-9.706964724029459e-08,0.00011765155243908935,-6.085799147524814e-07,-0.6198883714507133,11.162633820297001,-0.8607970648397733,0.00014647302871373074,0.05223628168591451,23515.5,0.06638205365825421,0.0121,index_dividend_yield,0.065,11.81,65,23446.6,23494.95,23403.05,23431.5,mid_price,ok
2026-09-10T08:24:36.620753+00:00,2026-09-10T13:54:36.620753+05:30,NIFTY,29-Sep-2026,21750.0,PE,23434.1,11.7,455,11.95,975,11.85,11.825,411,106,654,2.5974025974025974,18.81,-0.034317578351022546,7.545986166938997e-05,-1.889456827731106,4.071679759827479,-0.7183836517843135,0.0032857549056641844,70.04667802244535,-1.3978298538544743e-07,0.000897017293532954,-3.959954729908989e-06,-0.4271157249540649,-58.027896620773504,0.037611974309497524,8.75979695816385e-05,0.05223628168591451,23515.5,0.06638205365825421,0.0121,index_dividend_yield,0.065,11.81,65,23446.6,23494.95,23403.05,23431.5,mid_price,ok
2026-09-10T08:24:36.620753+00:00,2026-09-10T13:54:36.620753+05:30,NIFTY,29-Sep-2026,21800.0,CE,23434.1,1699,65,1754.05,65,0.0,1726.525,2,0,0,0,0,,,,,,,,,,,,,,,0.05223628168591451,23515.5,0.06638205365825421,0.0121,index_dividend_yield,0.065,11.81,65,23446.6,23494.95,23403.05,23431.5,mid_price,no_nse_iv
2026-09-10T08:24:36.620753+00:00,2026-09-10T13:54:36.620753+05:30,NIFTY,29-Sep-2026,21800.0,PE,23434.1,12.25,780,12.4,2015,12.4,12.325,4990,40,2027,-0.8,18.5,-0.03622328538079202,8.020202145748602e-05,-1.939307946817827,4.256237520517555,-0.7533028803152209,0.0033806209323706464,72.46247325703159,-1.4898474890185768e-07,0.000931939783232532,-4.025815076521213e-06,-0.43676434730643443,-58.5496119548071,0.03960358832416284,9.267634233435149e-05,0.05223628168591451,23515.5,0.06638205365825421,0.0121,index_dividend_yield,0.065,11.81,65,23446.6,23494.95,23403.05,23431.5,mid_price,ok
2026-09-10T08:24:36.620753+00:00,2026-09-10T13:54:36.620753+05:30,NIFTY,29-Sep-2026,21850.0,CE,23434.1,1478.6,650,1702.4,65,0.0,1590.5,1,0,0,0,19.44,0.9509116893665207,9.659350371434531e-05,-5.679253712820686,5.386578494444434,-0.8356363635480535,0.003963254248160686,74.2819865486699,-1.5811351564747537e-07,0.0008351911607747245,-3.733104997770867e-06,-0.4905575466266061,13.386152972317666,-0.9436646344253506,0.00011110704429394638,0.05223628168591451,23515.5,0.06638205365825421,0.0121,index_dividend_yield,0.065,11.81,65,23446.6,23494.95,23403.05,23431.5,mid_price,ok
2026-09-10T08:24:36.620753+00:00,2026-09-10T13:54:36.620753+05:30,NIFTY,29-Sep-2026,21850.0,PE,23434.1,12.3,2730,12.95,1300,12.3,12.625,216,0,14,-3.5294117647058822,18.02,-0.036935961695659644,8.366128610138504e-05,-1.9156382643744203,4.324621828485673,-0.7822982605236138,0.003411063269038512,74.87887544556581,-1.5867712120440282e-07,0.0009843159903035331,-4.123579836162904e-06,-0.4398596967193286,-59.9599446207001,0.04027444732563528,9.623171189694235e-05,0.05223628168591451,23515.5,0.06638205365825421,0.0121,index_dividend_yield,0.065,11.81,65,23446.6,23494.95,23403.05,23431.5,mid_price,ok
2026-09-10T08:24:36.620753+00:00,2026-09-10T13:54:36.620753+05:30,NIFTY,29-Sep-2026,21900.0,CE,23434.1,1433.6,650,1654.65,65,0.0,1544.125,9,0,0,0,14.08,0.9856816862903633,4.6403463416991165e-05,-3.755316569182475,1.8742255925747724,-0.5402236012019834,0.001869342407172181,63.82388474758926,-1.3892154428769428e-07,0.0012506204382190336,-4.154861828776016e-06,-0.2660805381755884,14.46204932455933,-0.9817981074699942,5.3132313225781154e-05,0.05223628168591451,23515.5,0.06638205365825421,0.0121,index_dividend_yield,0.065,11.81,65,23446.6,23494.95,23403.05,23431.5,mid_price,ok
2026-09-10T08:24:36.620753+00:00,2026-09-10T13:54:36.620753+05:30,NIFTY,29-Sep-2026,21900.0,PE,23434.1,13.3,390,13.5,65,13.5,13.4,3040,-23,514,-1.098901098901099,17.88,-0.04047941866022732,9.084988210579463e-05,-2.0445919286204934,4.659729382081994,-0.8291101034382381,0.0035773529024726645,77.48298776921247,-1.6955098908313172e-07,0.001002594529661262,-4.1370502445550625e-06,-0.45646256715573413,-59.60944010101228,0.044041658017502636,0.00010402379557735516,0.05223628168591451,23515.5,0.06638205365825421,0.0121,index_dividend_yield,0.065,11.81,65,23446.6,23494.95,23403.05,23431.5,mid_price,ok
2026-09-10T08:24:36.620753+00:00,2026-09-10T13:54:36.620753+05:30,NIFTY,29-Sep-2026,21950.0,CE,23434.1,1382.1,650,1604.2,65,0.0,1493.15,2,0,0,0,29.21,0.8536956093463769,0.00014611116484341627,-11.981237609629467,12.242885079940097,-0.77317916122982,0.005455808716365196,43.67940589264929,-1.0457891756441105e-07,2.1083193927717934e-05,1.7630891084775445e-07,-0.6272487901443746,12.0189663593198,-0.8355848162624787,0.00016653706696610106,0.05223628168591451,23515.5,0.06638205365825421,0.0121,index_dividend_yield,0.065,11.81,65,23446.6,23494.95,23403.05,23431.5,mid_price,ok
2026-09-10T08:24:36.620753+00:00,2026-09-10T13:54:36.620753+05:30,NIFTY,29-Sep-2026,21950.0,PE,23434.1,13.8,585,14,520,14,13.9,981,85,626,-1.7543859649122806,17.52,-0.04242419630070772,9.631006146005028e-05,-2.0768739463472676,4.840325576115956,-0.8680523279109009,0.003659423288744419,80.10274186594701,-1.8106239974394004e-07,0.0010441607419241035,-4.194936317818371e-06,-0.46456764327511824,-60.416267408469935,0.04604228893732007,0.0001097739188656152,0.05223628168591451,23515.5,0.06638205365825421,0.0121,index_dividend_yield,0.065,11.81,65,23446.6,23494.95,23403.05,23431.5,mid_price,ok
2026-09-10T08:24:36.620753+00:00,2026-09-10T13:54:36.620753+05:30,NIFTY,29-Sep-2026,22000.0,CE,23434.1,1525.9,65,1532.85,65,1528,1529.375,12121,111,427,-2.264295765638992,0,,,,,,,,,,,,,,,0.05223628168591451,23515.5,0.06638205365825421,0.0121,index_dividend_yield,0.065,11.81,65,23446.6,23494.95,23403.05,23431.5,mid_price,no_nse_iv
2026-09-10T08:24:36.620753+00:00,2026-09-10T13:54:36.620753+05:30,NIFTY,29-Sep-2026,22000.0,PE,23434.1,14.5,2015,14.65,1300,14.55,14.575,48832,-2054,12891,-2.0202020202020203,17.21,-0.0449714506260788,0.0001027678184758451,-2.133957031105509,5.073490140580875,-0.911495802344904,0.0037629497100991685,82.76792591390291,-1.934825544349466e-07,0.0010794358505916962,-4.227809181168521e-06,-0.4746846867644985,-60.96448061353209,0.048688728179461634,0.00011660262663270652,0.05223628168591451,23515.5,0.06638205365825421,0.0121,index_dividend_yield,0.065,11.81,65,23446.6,23494.95,23403.05,23431.5,mid_price,ok
2026-09-10T08:24:36.620753+00:00,2026-09-10T13:54:36.620753+05:30,NIFTY,29-Sep-2026,22050.0,CE,23434.1,1407.85,650,1509,195,1500,1458.425,1,1,1,-3.225806451612903,11.18,0.9932231034277927,2.900063747904671e-05,-3.388640460516953,0.9300754068733422,-0.3848896770802246,0.0010625662843479766,51.603403131430525,-1.2525804476409407e-07,0.0013495476023903687,-3.5432702065546945e-06,-0.16242127297694064,16.104912291262487,-0.9900254116424844,3.275570223846677e-05,0.05223628168591451,23515.5,0.06638205365825421,0.0121,index_dividend_yield,0.065,11.81,65,23446.6,23494.95,23403.05,23431.5,mid_price,ok
2026-09-10T08:24:36.620753+00:00,2026-09-10T13:54:36.620753+05:30,NIFTY,29-Sep-2026,22050.0,PE,23434.1,14.9,845,15.15,325,15.1,15.025,1156,625,1101,-3.2051282051282053,16.83,-0.04705691038565724,0.00010898545790740598,-2.159265149574567,5.261644260042749,-0.954531661704415,0.0038409115076410705,85.57074095518935,-2.0705649040116828e-07,0.001124924709514247,-4.275607946298957e-06,-0.4822488197476149,-61.91576933376426,0.05081844036406897,0.00012309712881715913,0.05223628168591451,23515.5,0.06638205365825421,0.0121,index_dividend_yield,0.065,11.81,65,23446.6,23494.95,23403.05,23431.5,mid_price,ok
2026-09-10T08:24:36.620753+00:00,2026-09-10T13:54:36.620753+05:30,NIFTY,29-Sep-2026,22100.0,CE,23434.1,1426.35,195,1437.95,130,1450,1432.15,12,0,1,-1.3773167828600579,10.43,0.9945263243941377,2.515194319995693e-05,-3.3351457906802127,0.752531467479609,-0.3452673658893568,0.0008916321914730352,47.82882942572702,-1.2095458634662898e-07,0.0013572964456354893,-3.31539142492239e-06,-0.13867442902759064,16.70594978343958,-0.9914374534064603,2.8280270159524682e-05,0.05223628168591451,23515.5,0.06638205365825421,0.0121,index_dividend_yield,0.065,11.81,65,23446.6,23494.95,23403.05,23431.5,mid_price,ok
2026-09-10T08:24:36.620753+00:00,2026-09-10T13:54:36.620753+05:30,NIFTY,29-Sep-2026,22100.0,PE,23434.1,15.7,65,15.8,130,15.7,15.75,2276,406,2187,-2.484472049689441,16.51,-0.04990591894256533,0.00011644461454898741,-2.2149136041281685,5.514870181855281,-1.0026539970645447,0.00394378481263221,88.36390472398303,-2.2162207091514857e-07,0.0011605311380255246,-4.28668499319863e-06,-0.4921259144849391,-62.53991459102179,0.05376472205104352,0.00013092766359589734,0.05223628168591451,23515.5,0.06638205365825421,0.0121,index_dividend_yield,0.065,11.81,65,23446.6,23494.95,23403.05,23431.5,mid_price,ok
2026-09-10T08:24:36.620753+00:00,2026-09-10T13:54:36.620753+05:30,NIFTY,29-Sep-2026,22150.0,CE,23434.1,1363.5,195,1402.2,65,0.0,1382.85,1,0,0,0,30.44,0.8112824545973732,0.0001653717313699095,-14.01221145266114,14.440250736017111,-0.7218275083372139,0.005228817465508961,34.19674309776166,-9.660339482909894e-08,-0.00015164214324181143,1.5197385592815866e-06,-0.6246364140473979,12.52128730625586,-0.7897664089934967,0.0001851016840105564,0.05223628168591451,23515.5,0.06638205365825421,0.0121,index_dividend_yield,0.065,11.81,65,23446.6,23494.95,23403.05,23431.5,mid_price,ok
2026-09-10T08:24:36.620753+00:00,2026-09-10T13:54:36.620753+05:30,NIFTY,29-Sep-2026,22150.0,PE,23434.1,16.35,585,16.6,65,16.7,16.475,1109,-40,256,-0.8902077151335311,16.13,-0.052363712487405394,0.0001238356389342969,-2.2424670135843163,5.729923575704764,-1.051340652585865,0.004024676753201915,91.33629172368751,-2.3769560312517781e-07,0.0012062961441193741,-4.310782257532829e-06,-0.49984437998791353,-63.53377984065589,0.05627135685333963,0.00013861005818454182,0.05223628168591451,23515.5,0.06638205365825421,0.0121,index_dividend_yield,0.065,11.81,65,23446.6,23494.95,23403.05,23431.5,mid_price,ok
2026-09-10T08:24:36.620753+00:00,2026-09-10T13:54:36.620753+05:30,NIFTY,29-Sep-2026,22200.0,CE,23434.1,1306.7,650,1348.65,65,0.0,1327.6750000000002,1,0,0,0,21.3,0.8828900979319533,0.00017166285992331024,-8.61505343191319,10.488774775387155,-1.051545761491246,0.005320713586798864,67.15691612833385,-1.8629452302459819e-07,0.00029321034291418025,-1.0250819371024052e-06,-0.6126196488033155,15.20318526694646,-0.8706690657751802,0.0001912788501659612,0.05223628168591451,23515.5,0.06638205365825421,0.0121,index_dividend_yield,0.065,11.81,65,23446.6,23494.95,23403.05,23431.5,mid_price,ok
2026-09-10T08:24:36.620753+00:00,2026-09-10T13:54:36.620753+05:30,NIFTY,29-Sep-2026,22200.0,PE,23434.1,17.35,195,17.45,390,17.55,17.4,3878,362,2498,-0.2840909090909091,15.88,-0.05646110985886535,0.00013350901055694141,-2.3372513715800025,6.0817685475975996,-1.1073000492954657,0.004155871633686199,93.99383096119162,-2.5426750976059755e-07,0.001222717898571586,-4.244690747073454e-06,-0.51219176874406,-63.74392487992974,0.06053477577905946,0.00014876514370980236,0.05223628168591451,23515.5,0.06638205365825421,0.0121,index_dividend_yield,0.065,11.81,65,23446.6,23494.95,23403.05,23431.5,mid_price,ok
2026-09-10T08:24:36.620753+00:00,2026-09-10T13:54:36.620753+05:30,NIFTY,29-Sep-2026,22250.0,CE,23434.1,1258.35,650,1300,65,0.0,1279.175,3,0,0,0,23.5,0.8511450747812198,0.00018373921791634636,-10.284816732861664,12.386212843212213,-0.9742224243941555,0.005409169568128203,54.45840224258269,-1.5979229154936757e-07,2.5991196681902267e-05,3.614851701679489e-07,-0.6251763065015581,14.84684227293584,-0.8360620379844297,0.00020381605465807435,0.05223628168591451,23515.5,0.06638205365825421,0.0121,index_dividend_yield,0.065,11.81,65,23446.6,23494.95,23403.05,23431.5,mid_price,ok
2026-09-10T08:24:36.620753+00:00,2026-09-10T13:54:36.620753+05:30,NIFTY,29-Sep-2026,22250.0,PE,23434.1,18.2,1040,18.5,65,18.25,18.35,905,80,385,-1.881720430107527,15.59,-0.06046611912825953,0.00014351129098842785,-2.414634137250715,6.418019012469288,-1.1643834726370699,0.0042710094462967835,96.69882926975993,-2.7227715361295264e-07,0.001241797716371946,-4.169405292753995e-06,-0.5229265212868963,-64.1929523345915,0.0646760752780137,0.00015919249825840256,0.05223628168591451,23515.5,0.06638205365825421,0.0121,index_dividend_yield,0.065,11.81,65,23446.6,23494.95,23403.05,23431.5,mid_price,ok
2026-09-10T08:24:36.620753+00:00,2026-09-10T13:54:36.620753+05:30,NIFTY,29-Sep-2026,22300.0,CE,23434.1,1092.45,715,1268.2,195,0.0,1180.325,30,0,0,0,22.82,0.8479974800424389,0.0001918847076243778,-10.166800423607706,12.56101741335525,-1.0051192883067106,0.0053926039344289745,55.457988854827,-1.6945295526852456e-07,6.342096184523238e-06,5.15817087071266e-07,-0.6249520636171795,15.366265563562488,-0.8331314579800432,0.00021189816525460947,0.05223628168591451,23515.5,0.06638205365825421,0.0121,index_dividend_yield,0.065,11.81,65,23446.6,23494.95,23403.05,23431.5,mid_price,ok
2026-09-10T08:24:36.620753+00:00,2026-09-10T13:54:36.620753+05:30,NIFTY,29-Sep-2026,22300.0,PE,23434.1,19.45,520,19.6,975,19.7,19.525,3674,-701,6292,-0.7556675062972292,15.28,-0.0645899376359372,0.00015415082456954804,-2.483955013417359,6.756752628416482,-1.2236082599863183,0.00437747427427488,99.41982055247634,-2.918256523731602e-07,0.0012594471883143829,-4.073629709536359e-06,-0.5327846302799282,-64.76562397471616,0.06892276184261817,0.00017022866127880328,0.05223628168591451,23515.5,0.06638205365825421,0.0121,index_dividend_yield,0.065,11.81,65,23446.6,23494.95,23403.05,23431.5,mid_price,ok
2026-09-10T08:24:36.620753+00:00,2026-09-10T13:54:36.620753+05:30,NIFTY,29-Sep-2026,22350.0,CE,23434.1,1171.2,195,1203.95,65,0.0,1187.575,2,0,0,0,18.26,0.8885910404983111,0.00019320535267883417,-7.650667401124625,10.120191726317735,-1.221355752530462,0.005222522324094481,79.94054270028083,-2.488611469066012e-07,0.00046812101908645827,-1.4179604965612505e-06,-0.6049241740875271,17.376082672327602,-0.8780734167974636,0.00021240300513424658,0.05223628168591451,23515.5,0.06638205365825421,0.0121,index_dividend_yield,0.065,11.81,65,23446.6,23494.95,23403.05,23431.5,mid_price,ok
2026-09-10T08:24:36.620753+00:00,2026-09-10T13:54:36.620753+05:30,NIFTY,29-Sep-2026,22350.0,PE,23434.1,20.7,390,21.05,455,20.95,20.875,445,-10,300,-0.7109004739336493,14.99,-0.06934903828219871,0.00016601580973823544,-2.566279079209583,7.138712531339715,-1.2857550479911175,0.0044883514109051725,101.94271381469821,-3.1250064390156093e-07,0.0012633410987831345,-3.923791318857469e-06,-0.5429844610712591,-65.20542741740032,0.07382798950001555,0.0001825118010411081,0.05223628168591451,23515.5,0.06638205365825421,0.0121,index_dividend_yield,0.065,11.81,65,23446.6,23494.95,23403.05,23431.5,mid_price,ok
2026-09-10T08:24:36.620753+00:00,2026-09-10T13:54:36.620753+05:30,NIFTY,29-Sep-2026,22400.0,CE,23434.1,1135.95,130,1153.4,975,1131,1144.6750000000002,3,0,1,-2.5,0,,,,,,,,,,,,,,,0.05223628168591451,23515.5,0.06638205365825421,0.0121,index_dividend_yield,0.065,11.81,65,23446.6,23494.95,23403.05,23431.5,mid_price,no_nse_iv
2026-09-10T08:24:36.620753+00:00,2026-09-10T13:54:36.620753+05:30,NIFTY,29-Sep-2026,22400.0,PE,23434.1,22.45,65,22.6,260,22.6,22.525,2909,268,1828,-1.5250544662309369,14.73,-0.0749598027574282,0.00017932739497761844,-2.667651437063221,7.57736485643321,-1.3501919111382903,0.004604297309043354,104.09798656466495,-3.339295657633896e-07,0.0012462864541589716,-3.6998533086982977e-06,-0.5536018088670174,-65.43597999773796,0.0796187638164107,0.00019626694419788297,0.05223628168591451,23515.5,0.06638205365825421,0.0121,index_dividend_yield,0.065,11.81,65,23446.6,23494.95,23403.05,23431.5,mid_price,ok
2026-09-10T08:24:36.620753+00:00,2026-09-10T13:54:36.620753+05:30,NIFTY,29-Sep-2026,22450.0,CE,23434.1,923.25,650,1118.6,260,0.0,1020.925,2,0,0,0,17.21,0.8805669099990039,0.00021544942160093297,-7.595237050557624,10.636408678297546,-1.3169561718739398,0.0052419864092076995,83.2769608221664,-2.840290708242073e-07,0.00043502172485773065,-1.0216972400552723e-06,-0.608174804529142,18.758054051560773,-0.8701655501749713,0.00023475194516196505,0.05223628168591451,23515.5,0.06638205365825421,0.0121,index_dividend_yield,0.065,11.81,65,23446.6,23494.95,23403.05,23431.5,mid_price,wide_quote_low_liquidity
2026-09-10T08:24:36.620753+00:00,2026-09-10T13:54:36.620753+05:30,NIFTY,29-Sep-2026,22450.0,PE,23434.1,24.05,65,24.55,1950,24.75,24.3,584,-25,387,0.814663951120163,14.53,-0.08195578745586718,0.00019451915773015683,-2.8057596655087917,8.107683887869896,-1.415268951723253,0.004729740227046891,105.49325132449283,-3.549533510336524e-07,0.0011923703431801795,-3.358524731814848e-06,-0.5650679223367163,-65.2451645362608,0.08685951767402131,0.0002119464991324148,0.05223628168591451,23515.5,0.06638205365825421,0.0121,index_dividend_yield,0.065,11.81,65,23446.6,23494.95,23403.05,23431.5,mid_price,ok
2026-09-10T08:24:36.620753+00:00,2026-09-10T13:54:36.620753+05:30,NIFTY,29-Sep-2026,22500.0,CE,23434.1,1044.05,65,1047.9,130,1051.4,1045.975,8206,14,341,-3.563402889245586,0,,,,,,,,,,,,,,,0.05223628168591451,23515.5,0.06638205365825421,0.0121,index_dividend_yield,0.065,11.81,65,23446.6,23494.95,23403.05,23431.5,mid_price,no_nse_iv
2026-09-10T08:24:36.620753+00:00,2026-09-10T13:54:36.620753+05:30,NIFTY,29-Sep-2026,22500.0,PE,23434.1,26.2,130,26.35,130,26.4,26.275,35475,-774,13551,-3.8251366120218577,14.23,-0.08814200637690707,0.00020975336644179688,-2.8902004785983655,8.56214646632973,-1.4822196167342607,0.004816397599883865,107.32778347640969,-3.7949332920534506e-07,0.0011554035466365892,-3.04415065936574e-06,-0.5731834170655201,-65.70718798290551,0.09319839750070646,0.00022753094011776688,0.05223628168591451,23515.5,0.06638205365825421,0.0121,index_dividend_yield,0.065,11.81,65,23446.6,23494.95,23403.05,23431.5,mid_price,ok
2026-09-10T08:24:36.620753+00:00,2026-09-10T13:54:36.620753+05:30,NIFTY,29-Sep-2026,22550.0,CE,23434.1,979.15,65,1012.15,130,0.0,995.65,3,0,0,0,14.99,0.888261797761471,0.00023585300603358258,-6.827364459838552,10.141725733114349,-1.4981891512528267,0.005118611755378977,97.9209841049844,-3.6674846114404865e-07,0.0007039294887354605,-1.544856034641092e-06,-0.5982133626782531,21.035776981603654,-0.8792054026753019,0.00025470934622986367,0.05223628168591451,23515.5,0.06638205365825421,0.0121,index_dividend_yield,0.065,11.81,65,23446.6,23494.95,23403.05,23431.5,mid_price,ok
2026-09-10T08:24:36.620753+00:00,2026-09-10T13:54:36.620753+05:30,NIFTY,29-Sep-2026,22550.0,PE,23434.1,28.25,65,28.85,715,29.05,28.55,405,-72,401,-1.0221465076660987,14.03,-0.09647858741819543,0.0002274593290709509,-3.034336378764089,9.154407435365831,-1.5464861777357564,0.004914827840116903,107.80590526802935,-4.0177251799903116e-07,0.0010575606401932193,-2.5486640799658527e-06,-0.5825638658877956,-65.4651118037174,0.10179266731529459,0.00024564459862468725,0.05223628168591451,23515.5,0.06638205365825421,0.0121,index_dividend_yield,0.065,11.81,65,23446.6,23494.95,23403.05,23431.5,mid_price,ok
2026-09-10T08:24:36.620753+00:00,2026-09-10T13:54:36.620753+05:30,NIFTY,29-Sep-2026,22600.0,CE,23434.1,933.65,715,965.25,715,0.0,949.45,15,0,0,0,21.74,0.7904913478977037,0.0002466713821334182,-11.27039911490064,15.383215352026504,-1.004319000939502,0.004915754337228906,43.56381500117745,-1.8138850015433117e-07,-0.00043608445958942185,3.0763212179885373e-06,-0.6149874563149869,17.868542974981068,-0.7737940598293584,0.0002652152219403309,0.05223628168591451,23515.5,0.06638205365825421,0.0121,index_dividend_yield,0.065,11.81,65,23446.6,23494.95,23403.05,23431.5,mid_price,ok
2026-09-10T08:24:36.620753+00:00,2026-09-10T13:54:36.620753+05:30,NIFTY,29-Sep-2026,22600.0,PE,23434.1,31.15,260,31.4,910,32,31.275,6500,-107,4348,-1.5384615384615385,13.83,-0.10561679751232297,0.0002464829366082858,-3.181069209948641,9.77862636894053,-1.6081745573213804,0.00499266677413146,107.65259396558413,-4.240794894755629e-07,0.0009314427212024938,-1.960728318897069e-06,-0.5905239467918548,-65.19393701486818,0.11119463620290879,0.0002650126097794089,0.05223628168591451,23515.5,0.06638205365825421,0.0121,index_dividend_yield,0.065,11.81,65,23446.6,23494.95,23403.05,23431.5,mid_price,ok
2026-09-10T08:24:36.620753+00:00,2026-09-10T13:54:36.620753+05:30,NIFTY,29-Sep-2026,22650.0,CE,23434.1,885.75,65,946.25,650,0.0,916.0,3,0,0,0,0,,,,,,,,,,,,,,,0.05223628168591451,23515.5,0.06638205365825421,0.0121,index_dividend_yield,0.065,11.81,65,23446.6,23494.95,23403.05,23431.5,mid_price,no_nse_iv
2026-09-10T08:24:36.620753+00:00,2026-09-10T13:54:36.620753+05:30,NIFTY,29-Sep-2026,22650.0,PE,23434.1,33.7,65,34.15,325,33.7,33.925,1609,50,717,-0.14814814814814814,13.58,-0.1147944634697755,0.00026648022002124995,-3.2996800140772735,10.380865426694736,-1.6698614296790926,0.005038816920768824,107.4202852111794,-4.4859857957049486e-07,0.0007953772397119026,-1.3323632615874705e-06,-0.5962360520714238,-65.23689940174137,0.12058900121069596,0.0002852496520020618,0.05223628168591451,23515.5,0.06638205365825421,0.0121,index_dividend_yield,0.065,11.81,65,23446.6,23494.95,23403.05,23431.5,mid_price,ok
2026-09-10T08:24:36.620753+00:00,2026-09-10T13:54:36.620753+05:30,NIFTY,29-Sep-2026,22700.0,CE,23434.1,854.45,650,860.25,650,846.25,857.35,27,-1,2,-3.9934199330648363,0,,,,,,,,,,,,,,,0.05223628168591451,23515.5,0.06638205365825421,0.0121,index_dividend_yield,0.065,11.81,65,23446.6,23494.95,23403.05,23431.5,mid_price,no_nse_iv
2026-09-10T08:24:36.620753+00:00,2026-09-10T13:54:36.620753+05:30,NIFTY,29-Sep-2026,22700.0,PE,23434.1,37.05,910,37.3,975,37.1,37.175,10953,1969,7150,-3.6363636363636362,13.3,-0.12434757336041037,0.0002878732135611755,-3.4004469393880896,10.983018363227098,-1.7310543468522788,0.005056773414183119,106.91571702661307,-4.749243259592209e-07,0.0006380527122342252,-6.361955693631521e-07,-0.6001996834190475,-65.46054388684567,0.13032988671900309,0.0003067934612809615,0.05223628168591451,23515.5,0.06638205365825421,0.0121,index_dividend_yield,0.065,11.81,65,23446.6,23494.95,23403.05,23431.5,mid_price,ok
2026-09-10T08:24:36.620753+00:00,2026-09-10T13:54:36.620753+05:30,NIFTY,29-Sep-2026,22750.0,CE,23434.1,791.5,1300,824.95,260,0.0,808.225,3,0,0,0,15.74,0.8202676704743799,0.00031020971417287273,-8.419645242925581,14.006477709045205,-1.4660682453818685,0.005026507457922658,72.11355543704911,-3.488074623153456e-07,-0.0003736398637342001,2.6986793333056256e-06,-0.6127338514595237,23.17067303625352,-0.8084677511139086,0.0003291464302110568,0.05223628168591451,23515.5,0.06638205365825421,0.0121,index_dividend_yield,0.065,11.81,65,23446.6,23494.95,23403.05,23431.5,mid_price,ok
2026-09-10T08:24:36.620753+00:00,2026-09-10T13:54:36.620753+05:30,NIFTY,29-Sep-2026,22750.0,PE,23434.1,41.3,260,41.65,585,41.65,41.474999999999994,1563,-18,398,-1.8845700824499412,13.16,-0.13734390582350045,0.0003116273929764541,-3.5846245838330253,11.76414391077828,-1.772283878806874,0.005054529696899401,103.65254154495406,-4.921538874063967e-07,0.00037789218375965084,3.43041643206983e-07,-0.603964438701281,-64.67067009351773,0.1436614873668314,0.00033065065105284725,0.05223628168591451,23515.5,0.06638205365825421,0.0121,index_dividend_yield,0.065,11.81,65,23446.6,23494.95,23403.05,23431.5,mid_price,ok
2026-09-10T08:24:36.620753+00:00,2026-09-10T13:54:36.620753+05:30,NIFTY,29-Sep-2026,22800.0,CE,23434.1,762.75,65,766.75,65,776,764.75,207,5,247,-3.3804395193923926,10.62,0.8949028885363705,0.00031844816408581155,-5.612090452229415,9.701347898730234,-2.100990602126873,0.004800290115629102,141.35712671416644,-7.101543250218067e-07,0.0016419425191071472,-2.1772836148106355e-06,-0.5750198840886505,28.915674099690193,-0.887981954094134,0.00033640745628970046,0.05223628168591451,23515.5,0.06638205365825421,0.0121,index_dividend_yield,0.065,11.81,65,23446.6,23494.95,23403.05,23431.5,mid_price,ok
2026-09-10T08:24:36.620753+00:00,2026-09-10T13:54:36.620753+05:30,NIFTY,29-Sep-2026,22800.0,PE,23434.1,45.4,455,45.6,715,45.55,45.5,17448,1476,14563,-3.9029535864978904,12.93,-0.14988059657878688,0.00033643158460887985,-3.7124915178357343,12.478549291835357,-1.8144888366986023,0.005006188232545894,100.73750990196206,-5.133569904848021e-07,0.00011418319858036235,1.3317614019838658e-06,-0.6050074933991354,-64.47175039776432,0.15643838921224204,0.00035540507485321384,0.05223628168591451,23515.5,0.06638205365825421,0.0121,index_dividend_yield,0.065,11.81,65,23446.6,23494.95,23403.05,23431.5,mid_price,ok
2026-09-10T08:24:36.620753+00:00,2026-09-10T13:54:36.620753+05:30,NIFTY,29-Sep-2026,22850.0,CE,23434.1,708.25,1170,730.3,260,0.0,719.275,5,0,0,0,0,,,,,,,,,,,,,,,0.05223628168591451,23515.5,0.06638205365825421,0.0121,index_dividend_yield,0.065,11.81,65,23446.6,23494.95,23403.05,23431.5,mid_price,no_nse_iv
2026-09-10T08:24:36.620753+00:00,2026-09-10T13:54:36.620753+05:30,NIFTY,29-Sep-2026,22850.0,PE,23434.1,51.05,130,51.35,195,51.9,51.2,1517,294,1432,0,12.82,-0.16581432613152539,0.000362596237340344,-3.9089693078789045,13.33460425330295,-1.827694220354961,0.004908952456741306,94.99809144064031,-5.228308728077244e-07,-0.0002450145751241295,2.5742597313964713e-06,-0.6046596983712185,-63.4062395311646,0.17273489112523505,0.0003813708036559546,0.05223628168591451,23515.5,0.06638205365825421,0.0121,index_dividend_yield,0.065,11.81,65,23446.6,23494.95,23403.05,23431.5,mid_price,ok
2026-09-10T08:24:36.620753+00:00,2026-09-10T13:54:36.620753+05:30,NIFTY,29-Sep-2026,22900.0,CE,23434.1,675.75,65,679.1,65,675.4,677.425,84,9,28,-5.326604990187833,9.42,0.8862957127759662,0.0003800469321349075,-5.4358352875923694,10.269680837904259,-2.4189961690617157,0.004715378763404998,156.77328291997216,-9.155564386830697e-07,0.0017679022618432671,-1.2623885784072194e-06,-0.5726248929828035,33.23746697659484,-0.8796794293863008,0.0003979814446334328,0.05223628168591451,23515.5,0.06638205365825421,0.0121,index_dividend_yield,0.065,11.81,65,23446.6,23494.95,23403.05,23431.5,mid_price,ok
2026-09-10T08:24:36.620753+00:00,2026-09-10T13:54:36.620753+05:30,NIFTY,29-Sep-2026,22900.0,PE,23434.1,56.65,390,56.8,1755,56.85,56.724999999999994,11214,1374,15776,-2.9035012809564473,12.63,-0.18159795191566264,0.0003899685293935964,-4.050787604580257,14.128684398593194,-1.838006754358884,0.004758623938390633,89.47400977664977,-5.348560772954221e-07,-0.0006179158445755902,3.837641532223961e-06,-0.6019661718408873,-62.8533487273331,0.18879000583184632,0.0004083712446191947,0.05223628168591451,23515.5,0.06638205365825421,0.0121,index_dividend_yield,0.065,11.81,65,23446.6,23494.95,23403.05,23431.5,mid_price,ok
2026-09-10T08:24:36.620753+00:00,2026-09-10T13:54:36.620753+05:30,NIFTY,29-Sep-2026,22950.0,CE,23434.1,619.6,260,644.05,260,622.65,631.825,10,5,14,-30.816666666666666,8.54,0.8883576667997145,0.0004137297219360998,-5.185223428676537,10.135458619026087,-2.661799735719006,0.004586642069113411,174.05445119695085,-1.1043524202936413e-06,0.0022613545818850234,-1.3033504101846714e-06,-0.5634038884810924,36.40387975260103,-0.8821788259391062,0.00043136797456065266,0.05223628168591451,23515.5,0.06638205365825421,0.0121,index_dividend_yield,0.065,11.81,65,23446.6,23494.95,23403.05,23431.5,mid_price,ok
2026-09-10T08:24:36.620753+00:00,2026-09-10T13:54:36.620753+05:30,NIFTY,29-Sep-2026,22950.0,PE,23434.1,63.4,195,63.6,195,63.4,63.5,2102,232,979,-1.4763014763014763,12.42,-0.19839822633223309,0.0004187266774507294,-4.171909184122388,14.91835851294185,-1.8357024452153037,0.004551710679948362,83.27094044796812,-5.445784688269703e-07,-0.001034043852990755,5.191680091228327e-06,-0.5974840610436694,-62.392736861282614,0.20583007858641753,0.00043657796181810265,0.05223628168591451,23515.5,0.06638205365825421,0.0121,index_dividend_yield,0.065,11.81,65,23446.6,23494.95,23403.05,23431.5,mid_price,ok
2026-09-10T08:24:36.620753+00:00,2026-09-10T13:54:36.620753+05:30,NIFTY,29-Sep-2026,23000.0,CE,23434.1,590.35,195,592.15,130,591.7,591.25,10922,1148,5521,-4.7565392354124745,9.48,0.8411393680038796,0.0004756186638993862,-5.97616483812225,12.934094769947844,-2.4956283312552174,0.004618120816636484,133.85437051534055,-9.418285669537112e-07,-9.43756605602654e-05,3.4346244859536387e-06,-0.5849219003788857,36.513460193092094,-0.8335437529280104,0.0004937416615732142,0.05223628168591451,23515.5,0.06638205365825421,0.0121,index_dividend_yield,0.065,11.81,65,23446.6,23494.95,23403.05,23431.5,mid_price,ok
2026-09-10T08:24:36.620753+00:00,2026-09-10T13:54:36.620753+05:30,NIFTY,29-Sep-2026,23000.0,PE,23434.1,71.3,455,71.6,845,71.4,71.44999999999999,93131.76923076923,1407.7692307692307,50590,-2.3923444976076556,12.37,-0.21955182755718267,0.00044627198883433005,-4.37630410016192,15.835731910965793,-1.7806639791784207,0.004254858698578001,73.74837023421676,-5.331905956976504e-07,-0.0015293040186910864,6.7448584400452735e-06,-0.5912675679994717,-60.835827830057646,0.2273726673132909,0.0004632767593141739,0.05223628168591451,23515.5,0.06638205365825421,0.0121,index_dividend_yield,0.065,11.81,65,23446.6,23494.95,23403.05,23431.5,mid_price,ok
2026-09-10T08:24:36.620753+00:00,2026-09-10T13:54:36.620753+05:30,NIFTY,29-Sep-2026,23050.0,CE,23434.1,546.25,65,553.5,65,572.05,549.875,5,0,2,-7.412802460144048,11.39,0.7740901140223044,0.0004918370354928867,-7.335083318961783,16.0699218628744,-1.9177420089134256,0.004084823881109312,77.45168688872717,-6.195734342303118e-07,-0.0019475827107662768,7.898948193648487e-06,-0.5848176234382301,34.36553664413203,-0.7640888361625234,0.0005083653322837942,0.05223628168591451,23515.5,0.06638205365825421,0.0121,index_dividend_yield,0.065,11.81,65,23446.6,23494.95,23403.05,23431.5,mid_price,ok
2026-09-10T08:24:36.620753+00:00,2026-09-10T13:54:36.620753+05:30,NIFTY,29-Sep-2026,23050.0,PE,23434.1,79.15,130,79.55,65,79.6,79.35,1761,71,1235,-1.5460729746444033,12.17,-0.23950346221399313,0.00047625863578391463,-4.476341451993106,16.626554288097527,-1.7335802469816002,0.0039086613487971655,65.6864367881056,-5.299886510641862e-07,-0.002031807067175834,8.256772642597197e-06,-0.5838680092599624,-60.22576338972448,0.24753752264381176,0.000492263416866699,0.05223628168591451,23515.5,0.06638205365825421,0.0121,index_dividend_yield,0.065,11.81,65,23446.6,23494.95,23403.05,23431.5,mid_price,ok
2026-09-10T08:24:36.620753+00:00,2026-09-10T13:54:36.620753+05:30,NIFTY,29-Sep-2026,23100.0,CE,23434.1,509.65,130,511.9,65,510,510.775,233,40,199,-7.583582495243273,9.87,0.7789571429148937,0.000560563841116087,-6.670779480164599,15.871246832029705,-2.2451713112423555,0.0039345678678003315,92.64022620123136,-8.244063369403326e-07,-0.002407308840032601,9.025012451680165e-06,-0.5769554054514767,39.23720609228698,-0.7700837146560642,0.0005768962000215979,0.05223628168591451,23515.5,0.06638205365825421,0.0121,index_dividend_yield,0.065,11.81,65,23446.6,23494.95,23403.05,23431.5,mid_price,ok
2026-09-10T08:24:36.620753+00:00,2026-09-10T13:54:36.620753+05:30,NIFTY,29-Sep-2026,23100.0,PE,23434.1,89.25,65,89.6,585,89.75,89.425,12569,339,8455,-0.49889135254988914,12.11,-0.26336618388495914,0.000503254988168606,-4.6388025735803495,17.48239965737126,-1.630279968601045,0.0034607737844183917,55.23025244887059,-5.049425762732112e-07,-0.0025658516505079284,9.833921487000961e-06,-0.5754288232039819,-58.69788900629109,0.2717270046525888,0.0005179176197635975,0.05223628168591451,23515.5,0.06638205365825421,0.0121,index_dividend_yield,0.065,11.81,65,23446.6,23494.95,23403.05,23431.5,mid_price,ok
2026-09-10T08:24:36.620753+00:00,2026-09-10T13:54:36.620753+05:30,NIFTY,29-Sep-2026,23150.0,CE,23434.1,468.55,65,474.05,65,480,471.3,70,34,81,-6.222526130702354,10.45,0.7379074312520899,0.0005810346217513267,-7.201468040766766,17.417551948265057,-1.9122774877295412,0.0032928046795868138,65.38404026387212,-6.744321900462738e-07,-0.003379033174164502,1.1532553749143948e-05,-0.5679394686726091,39.529917692289146,-0.7280669863083518,0.0005953832030772835,0.05223628168591451,23515.5,0.06638205365825421,0.0121,index_dividend_yield,0.065,11.81,65,23446.6,23494.95,23403.05,23431.5,mid_price,ok
2026-09-10T08:24:36.620753+00:00,2026-09-10T13:54:36.620753+05:30,NIFTY,29-Sep-2026,23150.0,PE,23434.1,99.6,195,100.2,130,99.55,99.9,3900,7,1609,-0.20050125313283207,12.05,-0.2885827326626797,0.0005289875420523857,-4.777018664461085,18.285266907188912,-1.5001326128373516,0.002935499231318195,44.75507189502537,-4.7192513753269966e-07,-0.0030952791315510945,1.1352145355949452e-05,-0.5667898941037919,-57.17048263576949,0.2972339641290096,0.0005420508268953415,0.05223628168591451,23515.5,0.06638205365825421,0.0121,index_dividend_yield,0.065,11.81,65,23446.6,23494.95,23403.05,23431.5,mid_price,ok
2026-09-10T08:24:36.620753+00:00,2026-09-10T13:54:36.620753+05:30,NIFTY,29-Sep-2026,23200.0,CE,23434.1,432.4,130,434.05,65,429.75,433.225,1120,172,1160,-7.151344928162471,9.69,0.7216744653866753,0.000645799371710434,-6.943574920342419,17.951064528243673,-1.9614293024584617,0.0028159291237123125,61.901008294034554,-7.434886190700157e-07,-0.0044378298796844875,1.3792230447565972e-05,-0.5582814356113381,43.588247840681284,-0.7122328396750133,0.0006588980254478631,0.05223628168591451,23515.5,0.06638205365825421,0.0121,index_dividend_yield,0.065,11.81,65,23446.6,23494.95,23403.05,23431.5,mid_price,ok
2026-09-10T08:24:36.620753+00:00,2026-09-10T13:54:36.620753+05:30,NIFTY,29-Sep-2026,23200.0,PE,23434.1,111.75,780,112.25,390,112.25,112.0,20286,-111,11501,0.9442446043165468,11.89,-0.313735648586859,0.0005566699030986281,-4.831338180967164,18.986652805877856,-1.364266321309815,0.0023538975819418217,35.42101522791796,-4.4032716265604094e-07,-0.0036434790451895355,1.2821965838587157e-05,-0.5586901565363043,-56.21087771415649,0.3225391273661685,0.0005679607569243679,0.05223628168591451,23515.5,0.06638205365825421,0.0121,index_dividend_yield,0.065,11.81,65,23446.6,23494.95,23403.05,23431.5,mid_price,ok
2026-09-10T08:24:36.620753+00:00,2026-09-10T13:54:36.620753+05:30,NIFTY,29-Sep-2026,23250.0,CE,23434.1,396.15,65,398.9,65,396.75,397.525,174,58,139,-6.6360748323332155,9.75,0.6871742854301274,0.0006774142293783623,-7.115142688967427,18.94644543748414,-1.6937690044616094,0.0020536837996799617,44.37241323225294,-6.477654932858056e-07,-0.005361672474723589,1.589121154809076e-05,-0.5494555043896412,45.444423553301625,-0.6773745881382803,0.0006881846131813371,0.05223628168591451,23515.5,0.06638205365825421,0.0121,index_dividend_yield,0.065,11.81,65,23446.6,23494.95,23403.05,23431.5,mid_price,ok
2026-09-10T08:24:36.620753+00:00,2026-09-10T13:54:36.620753+05:30,NIFTY,29-Sep-2026,23250.0,PE,23434.1,124.9,65,125.55,65,125.65,125.225,2386,185,2046,0.9236947791164659,11.77,-0.3409198691190418,0.0005816141827652916,-4.877490182158518,19.63723168317615,-1.191485126043057,0.001691829155936353,26.12546047401132,-3.957109737923709e-07,-0.004167936106126929,1.4171413851973521e-05,-0.5516966132772865,-54.99081798459244,0.34986803601402233,0.0005908614168828626,0.05223628168591451,23515.5,0.06638205365825421,0.0121,index_dividend_yield,0.065,11.81,65,23446.6,23494.95,23403.05,23431.5,mid_price,ok
2026-09-10T08:24:36.620753+00:00,2026-09-10T13:54:36.620753+05:30,NIFTY,29-Sep-2026,23300.0,CE,23434.1,361.5,390,362.8,195,361.5,362.15,2131,658,3843,-8.411451735495312,9.62,0.6541563815213559,0.000714962018808762,-7.142415656598569,19.729989590626364,-1.438799847498784,0.0012238212399635628,30.649324522562083,-5.677175315274602e-07,-0.006321900004260675,1.7852518402793733e-05,-0.542391487086892,48.08709325222694,-0.6442394215605258,0.0007232154358534644,0.05223628168591451,23515.5,0.06638205365825421,0.0121,index_dividend_yield,0.065,11.81,65,23446.6,23494.95,23403.05,23431.5,mid_price,ok
2026-09-10T08:24:36.620753+00:00,2026-09-10T13:54:36.620753+05:30,NIFTY,29-Sep-2026,23300.0,PE,23434.1,140.05,65,140.5,520,140.35,140.275,33609,1071,14986,0.7537688442211056,11.73,-0.3702616946173935,0.0006008669071067451,-4.932882728483975,20.218322086887014,-0.9775330300247909,0.0009545796843692389,17.306922486131526,-3.3574968138968876e-07,-0.004608417404573925,1.5274912556026096e-05,-0.546697184353107,-53.326046665749665,0.37937600269742283,0.0006078032268583526,0.05223628168591451,23515.5,0.06638205365825421,0.0121,index_dividend_yield,0.065,11.81,65,23446.6,23494.95,23403.05,23431.5,mid_price,ok
2026-09-10T08:24:36.620753+00:00,2026-09-10T13:54:36.620753+05:30,NIFTY,29-Sep-2026,23350.0,CE,23434.1,328.1,65,329.65,65,328.15,328.875,392,160,739,-7.913568121229129,9.86,0.6150132635187143,0.0007231493406410665,-7.3255039840633565,20.453786686194,-1.0493019598916686,0.000277835955826089,16.49213394118121,-4.2182565352923997e-07,-0.006751694520266157,1.8852998552687343e-05,-0.5397969192009455,49.290725925006306,-0.6047061640798436,0.000728367874430071,0.05223628168591451,23515.5,0.06638205365825421,0.0121,index_dividend_yield,0.065,11.81,65,23446.6,23494.95,23403.05,23431.5,mid_price,ok
2026-09-10T08:24:36.620753+00:00,2026-09-10T13:54:36.620753+05:30,NIFTY,29-Sep-2026,23350.0,PE,23434.1,156.1,260,157,455,155.9,156.55,3825,173,2736,0.8082767539605561,11.63,-0.4000716006381381,0.0006199778426847077,-4.917355057568206,20.683531695166526,-0.7502560348837672,0.00016960136762633748,10.147228357354265,-2.7261275260064036e-07,-0.0050270305676625,1.6211813974359077e-05,-0.5442430780436034,-51.97646443697315,0.4092374351597895,0.0006244518498346225,0.05223628168591451,23515.5,0.06638205365825421,0.0121,index_dividend_yield,0.065,11.81,65,23446.6,23494.95,23403.05,23431.5,mid_price,ok
2026-09-10T08:24:36.620753+00:00,2026-09-10T13:54:36.620753+05:30,NIFTY,29-Sep-2026,23400.0,CE,23434.1,297.7,65,298.45,260,298.15,298.075,15752,11251,29308,-8.683001531393568,9.84,0.5784501796917746,0.0007416832277711554,-7.320184200374403,20.93545332898649,-0.7007083435049966,-0.0006916928759219676,7.464012775587392,-3.0330805722256836e-07,-0.007273713090706841,1.9751411192812257e-05,-0.540800254098464,51.609111237301846,-0.5680685057090881,0.0007438464607797925,0.05223628168591451,23515.5,0.06638205365825421,0.0121,index_dividend_yield,0.065,11.81,65,23446.6,23494.95,23403.05,23431.5,mid_price,ok
2026-09-10T08:24:36.620753+00:00,2026-09-10T13:54:36.620753+05:30,NIFTY,29-Sep-2026,23400.0,PE,23434.1,173.9,520,174.4,65,174.25,174.15,27245,8459,39708,1.662777129521587,11.56,-0.4310865915881529,0.0006343818018695062,-4.877588004548046,21.036687864851388,-0.4977830595456201,-0.0006597987199361,4.610380662620983,-2.0020796332920427e-07,-0.005349085996036659,1.6844757540163753e-05,-0.5450454085197869,-50.4728429129544,0.44026820658759697,0.0006362320737949033,0.05223628168591451,23515.5,0.06638205365825421,0.0121,index_dividend_yield,0.065,11.81,65,23446.6,23494.95,23403.05,23431.5,mid_price,ok
2026-09-10T08:24:36.620753+00:00,2026-09-10T13:54:36.620753+05:30,NIFTY,29-Sep-2026,23450.0,CE,23434.1,266.55,130,267.5,260,267.1,267.025,1585,733,6214,-8.839590443686006,9.82,0.5411215080219214,0.0007539377771293318,-7.265330861244876,21.238107046500755,-0.3298565966454725,-0.0016935896719419974,1.8396751686697854,-1.762398126494754e-07,-0.007613046077884302,2.014388444678309e-05,-0.5467574463765565,54.01516158741048,-0.530743443505881,0.0007529157262443589,0.05223628168591451,23515.5,0.06638205365825421,0.0121,index_dividend_yield,0.065,11.81,65,23446.6,23494.95,23403.05,23431.5,mid_price,ok
2026-09-10T08:24:36.620753+00:00,2026-09-10T13:54:36.620753+05:30,NIFTY,29-Sep-2026,23450.0,PE,23434.1,193.65,195,194.2,130,194.4,193.925,4502,2052,8209,1.0920436817472698,11.52,-0.46291520341301917,0.0006434229148300177,-4.8117800407270135,21.262670822809245,-0.2275542947439424,-0.001513460996079352,1.125665024536815,-1.2108668894495325e-07,-0.005551619304635204,1.7126202298615046e-05,-0.5495345381782499,-48.84065509293634,0.47207297378096147,0.0006425506797736744,0.05223628168591451,23515.5,0.06638205365825421,0.0121,index_dividend_yield,0.065,11.81,65,23446.6,23494.95,23403.05,23431.5,mid_price,ok
2026-09-10T08:24:36.620753+00:00,2026-09-10T13:54:36.620753+05:30,NIFTY,29-Sep-2026,23500.0,CE,23434.1,238.5,650,239.2,65,239.35,238.85,34854,8487,49988,-10.623599701269605,9.77,0.5033337166571143,0.0007618832032323591,-7.143238247845967,21.35264971543398,0.053764117085908225,-0.0027093591259556016,-0.026359562983913065,-4.3911878250756604e-08,-0.007799948042141167,2.006111818101102e-05,-0.5579668603176842,56.680534152063665,-0.49306695617169366,0.0007576161645155138,0.05223628168591451,23515.5,0.06638205365825421,0.0121,index_dividend_yield,0.065,11.81,65,23446.6,23494.95,23403.05,23431.5,mid_price,ok
2026-09-10T08:24:36.620753+00:00,2026-09-10T13:54:36.620753+05:30,NIFTY,29-Sep-2026,23500.0,PE,23434.1,216,260,216.6,520,216.55,216.3,72412,2033,56710,3.04544373066857,11.53,-0.49511024273893256,0.0006455698990831842,-4.7306785154441835,21.352139223201803,0.05144893208317014,-0.002365134280136849,-0.03161256019090786,-3.835034935301226e-08,-0.005600422112913336,1.700177953133596e-05,-0.5578460433932584,-47.02477646235719,0.5042210121974962,0.0006419542900999031,0.05223628168591451,23515.5,0.06638205365825421,0.0121,index_dividend_yield,0.065,11.81,65,23446.6,23494.95,23403.05,23431.5,mid_price,ok
2026-09-10T08:24:36.620753+00:00,2026-09-10T13:54:36.620753+05:30,NIFTY,29-Sep-2026,23550.0,CE,23434.1,211.95,260,212.8,520,213.05,212.375,2872,1418,5090,-10.689582896667366,9.77,0.4654274585931068,0.00075910088205261,-6.998738889280305,21.274671976464322,0.44059250372596725,-0.00369255724104478,2.0303317811851684,9.091182815872558e-08,-0.007698062924795629,1.933008209707319e-05,-0.5743451860582773,59.15076849873486,-0.45530711403451796,0.0007516475233748022,0.05223628168591451,23515.5,0.06638205365825421,0.0121,index_dividend_yield,0.065,11.81,65,23446.6,23494.95,23403.05,23431.5,mid_price,ok
2026-09-10T08:24:36.620753+00:00,2026-09-10T13:54:36.620753+05:30,NIFTY,29-Sep-2026,23550.0,PE,23434.1,238.1,260,239.1,65,238.95,238.6,3347,611,3639,3.1067961165048543,11.43,-0.5275760836644822,0.0006496664100564867,-4.544917557074692,21.301267983564664,0.33454665177190535,-0.003227628846636188,1.2546698369160225,4.623340401250929e-08,-0.005646032119766312,1.6698195030542167e-05,-0.5699943325717491,-45.68619595225053,0.5364706382390741,0.000643287552002757,0.05223628168591451,23515.5,0.06638205365825421,0.0121,index_dividend_yield,0.065,11.81,65,23446.6,23494.95,23403.05,23431.5,mid_price,ok
2026-09-10T08:24:36.620753+00:00,2026-09-10T13:54:36.620753+05:30,NIFTY,29-Sep-2026,23600.0,CE,23434.1,187.6,325,188.2,325,188,187.89999999999998,14983,2067,22068,-12.659698025551684,9.7,0.4273340428576115,0.0007547426518348271,-6.764833890126439,21.000974159302338,0.8273312032374414,-0.004654949794244689,8.086677005175957,2.2786889353687484e-07,-0.007490979563579418,1.818428300768551e-05,-0.595721228400393,62.165012306401294,-0.41750416362851434,0.0007441687783039914,0.05223628168591451,23515.5,0.06638205365825421,0.0121,index_dividend_yield,0.065,11.81,65,23446.6,23494.95,23403.05,23431.5,mid_price,ok
2026-09-10T08:24:36.620753+00:00,2026-09-10T13:54:36.620753+05:30,NIFTY,29-Sep-2026,23600.0,PE,23434.1,265.1,65,265.8,195,264.9,265.45000000000005,27728,-118,16451,4.373522458628842,11.51,-0.5592522913057612,0.0006395020971463774,-4.420506549398406,21.114758060317968,0.6038096994437359,-0.004014170176539045,4.850364638938842,1.264775732467641e-07,-0.005409545285067264,1.582575148525837e-05,-0.5851631461338869,-43.695967213660104,0.5680296830170612,0.0006305427329425775,0.05223628168591451,23515.5,0.06638205365825421,0.0121,index_dividend_yield,0.065,11.81,65,23446.6,23494.95,23403.05,23431.5,mid_price,ok
2026-09-10T08:24:36.620753+00:00,2026-09-10T13:54:36.620753+05:30,NIFTY,29-Sep-2026,23650.0,CE,23434.1,165.05,65,165.65,325,165,165.35000000000002,3424,109,3331,-13.11216429699842,9.62,0.3893253242833122,0.0007439584380033037,-6.4767566317715195,20.530170626574193,1.2051424895385132,-0.00555554843208983,18.10314525996226,3.64610995333092e-07,-0.007078107474776734,1.650893152124126e-05,-0.6213900330527444,65.40366409078621,-0.3798728758395002,0.0007304372983161611,0.05223628168591451,23515.5,0.06638205365825421,0.0121,index_dividend_yield,0.065,11.81,65,23446.6,23494.95,23403.05,23431.5,mid_price,ok
2026-09-10T08:24:36.620753+00:00,2026-09-10T13:54:36.620753+05:30,NIFTY,29-Sep-2026,23650.0,PE,23434.1,290.45,130,291.55,65,290.5,291.0,3856,-13,999,3.694449402106015,11.48,-0.5910050079945864,0.0006313392035678315,-4.193468820125185,20.790908111228546,0.8701975585262423,-0.004784934198889923,10.771419160944262,2.0707523564404457e-07,-0.005172740075925304,1.4791586767123279e-05,-0.6035647781214806,-42.16192792929454,0.5994992835706584,0.0006198648723077133,0.05223628168591451,23515.5,0.06638205365825421,0.0121,index_dividend_yield,0.065,11.81,65,23446.6,23494.95,23403.05,23431.5,mid_price,ok
2026-09-10T08:24:36.620753+00:00,2026-09-10T13:54:36.620753+05:30,NIFTY,29-Sep-2026,23700.0,CE,23434.1,144.35,130,144.9,650,144.7,144.625,17828,1183,16571,-14.5304193738925,9.71,0.3544258646767876,0.0007151603156857025,-6.254235721881849,19.9200970600325,1.5130731110918616,-0.00627156416259983,30.214206105956265,4.712071484055668e-07,-0.0062809619307565125,1.4277953449376999e-05,-0.6472238328145252,67.41822078745506,-0.3452512748670316,0.0006992029840250431,0.05223628168591451,23515.5,0.06638205365825421,0.0121,index_dividend_yield,0.065,11.81,65,23446.6,23494.95,23403.05,23431.5,mid_price,ok
2026-09-10T08:24:36.620753+00:00,2026-09-10T13:54:36.620753+05:30,NIFTY,29-Sep-2026,23700.0,PE,23434.1,321.8,195,322.8,195,322.05,322.3,21620,-410,6149,4.324586977648202,11.55,-0.6211506909761059,0.0006143468408748056,-3.991393666676606,20.35468690422324,1.1054277876664242,-0.0054568451078220725,18.327781776829255,2.767492433370495e-07,-0.004766146739121357,1.3415295483245422e-05,-0.6232785861039218,-40.36014339594319,0.6293992784911118,0.0006006389545736508,0.05223628168591451,23515.5,0.06638205365825421,0.0121,index_dividend_yield,0.065,11.81,65,23446.6,23494.95,23403.05,23431.5,mid_price,ok
2026-09-10T08:24:36.620753+00:00,2026-09-10T13:54:36.620753+05:30,NIFTY,29-Sep-2026,23750.0,CE,23434.1,126.05,195,126.5,130,126.6,126.275,3987,-528,5043,-15.261044176706827,9.67,0.3190519088829416,0.0006893667698996774,-5.914003493809337,19.122542370192253,1.8162866222897756,-0.006938221914333521,45.70497740627211,5.824179482149362e-07,-0.0054816018909750455,1.1800019832611536e-05,-0.6757112539433408,70.51486901018679,-0.31034375993998997,0.0006711501239128439,0.05223628168591451,23515.5,0.06638205365825421,0.0121,index_dividend_yield,0.065,11.81,65,23446.6,23494.95,23403.05,23431.5,mid_price,ok
2026-09-10T08:24:36.620753+00:00,2026-09-10T13:54:36.620753+05:30,NIFTY,29-Sep-2026,23750.0,PE,23434.1,350.25,65,352.8,65,351.9,351.525,3582,-143,648,4.6076099881093935,11.39,-0.6532431228531349,0.0006044508008593124,-3.611015435995733,19.749381276314008,1.3638093181545519,-0.006149800060796795,28.870139138735595,3.5981875628383274e-07,-0.004423498196716989,1.1904387397459137e-05,-0.6470085979248026,-39.28140455083024,0.6609629385311608,0.0005884780752559092,0.05223628168591451,23515.5,0.06638205365825421,0.0121,index_dividend_yield,0.065,11.81,65,23446.6,23494.95,23403.05,23431.5,mid_price,ok
2026-09-10T08:24:36.620753+00:00,2026-09-10T13:54:36.620753+05:30,NIFTY,29-Sep-2026,23800.0,CE,23434.1,109.85,260,110.05,65,110,109.94999999999999,42437,2620,26730,-15.417147251057285,9.7,0.28649293110482243,0.0006548914624229331,-5.592056621310986,18.222580433286033,2.0530928410722735,-0.007438854599063238,61.92862646849662,6.669353258821192e-07,-0.004526003997657975,9.122654337051744e-06,-0.7019369318360553,73.0671289680061,-0.27822772870470236,0.0006349097148253906,0.05223628168591451,23515.5,0.06638205365825421,0.0121,index_dividend_yield,0.065,11.81,65,23446.6,23494.95,23403.05,23431.5,mid_price,ok
2026-09-10T08:24:36.620753+00:00,2026-09-10T13:54:36.620753+05:30,NIFTY,29-Sep-2026,23800.0,PE,23434.1,385.1,65,386.6,65,383.25,385.85,32952,-876,7720,3.3854869166441866,11.63,-0.6788310769670206,0.0005743031681020981,-3.4617455172290037,19.159745659031902,1.5140869979147764,-0.006592474755340749,37.76224563782016,3.98502892347838e-07,-0.0038063805449019294,1.0170561838445985e-05,-0.6656913401194124,-37.16193340264719,0.686380768352799,0.0005567802935374664,0.05223628168591451,23515.5,0.06638205365825421,0.0121,index_dividend_yield,0.065,11.81,65,23446.6,23494.95,23403.05,23431.5,mid_price,ok
2026-09-10T08:24:36.620753+00:00,2026-09-10T13:54:36.620753+05:30,NIFTY,29-Sep-2026,23850.0,CE,23434.1,95.6,130,95.95,195,95.4,95.775,3485,418,3901,-15.2,9.78,0.2569647702442045,0.0006153011660519021,-5.285771973207598,17.26217065502209,2.2232000355626447,-0.0077846460350575195,77.66964023804235,7.243989475617408e-07,-0.003522926394043885,6.45130345355903e-06,-0.7243636821059737,75.1503598899486,-0.24912406388461308,0.0005940288381465346,0.05223628168591451,23515.5,0.06638205365825421,0.0121,index_dividend_yield,0.065,11.81,65,23446.6,23494.95,23403.05,23431.5,mid_price,ok
2026-09-10T08:24:36.620753+00:00,2026-09-10T13:54:36.620753+05:30,NIFTY,29-Sep-2026,23850.0,PE,23434.1,420.05,65,422.8,65,419.5,421.425,1935,-179,538,5.58771709035993,11.96,-0.7010897625255608,0.0005411850877995484,-3.3587801657621945,18.56717427233027,1.6120989633727212,-0.006919184582117932,45.66229309413217,4.1752075075810673e-07,-0.0031941185338219013,8.51840118683278e-06,-0.6816309527210187,-35.01773798693314,0.7085359108045001,0.0005224751173325074,0.05223628168591451,23515.5,0.06638205365825421,0.0121,index_dividend_yield,0.065,11.81,65,23446.6,23494.95,23403.05,23431.5,mid_price,ok
2026-09-10T08:24:36.620753+00:00,2026-09-10T13:54:36.620753+05:30,NIFTY,29-Sep-2026,23900.0,CE,23434.1,82.7,2665,82.85,130,82.7,82.775,28475,28,20294,-15.955284552845528,9.78,0.22771412012336878,0.0005762919423150092,-4.9078310747585885,16.16777344855006,2.3714223678466677,-0.008033135336674269,94.74848909481537,7.800873178586181e-07,-0.0025151289982662506,3.6790989924669233e-06,-0.7446863319682945,78.01675004695103,-0.220413236933604,0.0005540427843296536,0.05223628168591451,23515.5,0.06638205365825421,0.0121,index_dividend_yield,0.065,11.81,65,23446.6,23494.95,23403.05,23431.5,mid_price,ok
2026-09-10T08:24:36.620753+00:00,2026-09-10T13:54:36.620753+05:30,NIFTY,29-Sep-2026,23900.0,PE,23434.1,457.65,65,459.8,650,457.05,458.725,16537,-448,1614,3.032010820559062,11.86,,,,,,,,,,,,,,,0.05223628168591451,,,,,,11.81,65,23446.6,23494.95,23403.05,23431.5,mid_price,no_price_available
2026-09-10T08:24:36.620753+00:00,2026-09-10T13:54:36.620753+05:30,NIFTY,29-Sep-2026,23950.0,CE,23434.1,71.55,130,71.85,65,71.5,71.69999999999999,4008,138,3378,-16.129032258064516,9.89,0.20318925976965324,0.0005334254798628702,-4.604469481567167,15.133481877777072,2.4354515784307944,-0.008122671384993174,108.25221213553071,7.976791061916667e-07,-0.0015776205899716662,1.2670475775257949e-06,-0.7576687107721333,79.74228673988576,-0.19631923206060067,0.0005106922635117507,0.05223628168591451,23515.5,0.06638205365825421,0.0121,index_dividend_yield,0.065,11.81,65,23446.6,23494.95,23403.05,23431.5,mid_price,ok
2026-09-10T08:24:36.620753+00:00,2026-09-10T13:54:36.620753+05:30,NIFTY,29-Sep-2026,23950.0,PE,23434.1,494.3,65,497.75,65,497.75,496.025,2264,-65,545,5.5785343090465584,11.91,,,,,,,,,,,,,,,0.05223628168591451,,,,,,11.81,65,23446.6,23494.95,23403.05,23431.5,mid_price,no_price_available
2026-09-10T08:24:36.620753+00:00,2026-09-10T13:54:36.620753+05:30,NIFTY,29-Sep-2026,24000.0,CE,23434.1,61.2,1105,61.45,845,61.2,61.325,126792,3210,57996,-17.962466487935657,9.88,0.17787849570291647,0.0004920743577453993,-4.208583402257044,13.946219354068187,2.492245172681415,-0.008123612085106091,123.22007596125317,8.226062886861577e-07,-0.0006324392612241047,-1.264988559797342e-06,-0.7671586202169376,82.7438549342682,-0.1715852095759348,0.0004691425332328012,0.05223628168591451,23515.5,0.06638205365825421,0.0121,index_dividend_yield,0.065,11.81,65,23446.6,23494.95,23403.05,23431.5,mid_price,ok
2026-09-10T08:24:36.620753+00:00,2026-09-10T13:54:36.620753+05:30,NIFTY,29-Sep-2026,24000.0,PE,23434.1,535.55,390,537,520,537.1,536.275,100811.76923076923,-835,9825,4.402760229371173,12.1,,,,,,,,,,,,,,,0.05223628168591451,,,,,,11.81,65,23446.6,23494.95,23403.05,23431.5,mid_price,no_price_available
2026-09-10T08:24:36.620753+00:00,2026-09-10T13:54:36.620753+05:30,NIFTY,29-Sep-2026,24050.0,CE,23434.1,52.9,65,53.1,260,52.9,53.0,3905,-85,3422,-18.615384615384617,9.92,0.1559028992376874,0.0004501179759473294,-3.854004505155418,12.80875274582105,2.492032688697493,-0.008007209079430172,134.95230642657407,8.237186199399625e-07,0.00020543037928529928,-3.4335001954096203e-06,-0.7693256336011451,85.20477112458893,-0.15012747328558532,0.00042735890074274945,0.05223628168591451,23515.5,0.06638205365825421,0.0121,index_dividend_yield,0.065,11.81,65,23446.6,23494.95,23403.05,23431.5,mid_price,ok
2026-09-10T08:24:36.620753+00:00,2026-09-10T13:54:36.620753+05:30,NIFTY,29-Sep-2026,24050.0,PE,23434.1,574.9,65,580.3,65,585.35,577.5999999999999,1675,-63,121,7.838983050847458,12.66,,,,,,,,,,,,,,,0.05223628168591451,,,,,,11.81,65,23446.6,23494.95,23403.05,23431.5,mid_price,no_price_available
2026-09-10T08:24:36.620753+00:00,2026-09-10T13:54:36.620753+05:30,NIFTY,29-Sep-2026,24100.0,CE,23434.1,45.65,390,45.9,1300,45.8,45.775,29804,1396,17810,-18.287243532560215,10.03,0.13770614276902735,0.00040961076764566923,-3.560970891208929,11.78531270960953,2.4421707491827647,-0.007810764792022279,142.61898691579944,8.018821403608988e-07,0.0008735416959068296,-5.1125316628941445e-06,-0.7650228281003404,86.80211077263391,-0.13235862157975992,0.0003872878185007656,0.05223628168591451,23515.5,0.06638205365825421,0.0121,index_dividend_yield,0.065,11.81,65,23446.6,23494.95,23403.05,23431.5,mid_price,ok
2026-09-10T08:24:36.620753+00:00,2026-09-10T13:54:36.620753+05:30,NIFTY,29-Sep-2026,24100.0,PE,23434.1,618.85,195,621.6,65,620.9,620.225,15742,-266,1993,4.195334787716059,12.65,,,,,,,,,,,,,,,0.05223628168591451,,,,,,11.81,65,23446.6,23494.95,23403.05,23431.5,mid_price,no_price_available
2026-09-10T08:24:36.620753+00:00,2026-09-10T13:54:36.620753+05:30,NIFTY,29-Sep-2026,24150.0,CE,23434.1,39.65,910,39.85,130,40,39.75,4040,27,2926,-20.23928215353938,10.15,0.12163614623592908,0.0003714285471510285,-3.2859614642310473,10.814591878846109,2.3665812610277612,-0.007557070772981663,147.8599595124761,7.708432361680806e-07,0.001419409960339257,-6.4773970580499175e-06,-0.7555994969394089,88.21190585702702,-0.11669234513350112,0.0003497337681050944,0.05223628168591451,23515.5,0.06638205365825421,0.0121,index_dividend_yield,0.065,11.81,65,23446.6,23494.95,23403.05,23431.5,mid_price,ok
2026-09-10T08:24:36.620753+00:00,2026-09-10T13:54:36.620753+05:30,NIFTY,29-Sep-2026,24150.0,PE,23434.1,662.45,65,667.05,65,649,664.75,2539,-36,132,4.064779924637216,11.63,,,,,,,,,,,,,,,0.05223628168591451,,,,,,11.81,65,23446.6,23494.95,23403.05,23431.5,mid_price,no_price_available
2026-09-10T08:24:36.620753+00:00,2026-09-10T13:54:36.620753+05:30,NIFTY,29-Sep-2026,24200.0,CE,23434.1,34.45,390,34.55,260,34.8,34.5,52770,142,22432,-18.309859154929576,10.25,0.1068397002135626,0.0003353482364077205,-3.0083359766935964,9.860267678687334,2.2747967484052847,-0.007250173156308715,151.46710421945107,7.364017829115722e-07,0.0018802427661719677,-7.626514386867354e-06,-0.7411884216645941,89.80622240185917,-0.10230633846585584,0.000314457424044144,0.05223628168591451,23515.5,0.06638205365825421,0.0121,index_dividend_yield,0.065,11.81,65,23446.6,23494.95,23403.05,23431.5,mid_price,ok
2026-09-10T08:24:36.620753+00:00,2026-09-10T13:54:36.620753+05:30,NIFTY,29-Sep-2026,24200.0,PE,23434.1,706.95,65,710,650,708.7,708.475,30326,-704,1923,3.930195043261475,13.1,,,,,,,,,,,,,,,0.05223628168591451,,,,,,11.81,65,23446.6,23494.95,23403.05,23431.5,mid_price,no_price_available
2026-09-10T08:24:36.620753+00:00,2026-09-10T13:54:36.620753+05:30,NIFTY,29-Sep-2026,24250.0,CE,23434.1,30.3,390,30.5,585,30.45,30.4,5447,-68,2423,-18.25503355704698,10.4,0.09474946030925456,0.0003027953328339785,-2.7811517490333846,9.033401824705665,2.165702385212208,-0.006931796985273006,152.15524818234627,6.930408492319723e-07,0.002189174708142473,-8.386353202801625e-06,-0.7237724564732203,90.70261666037575,-0.09055211041796792,0.00028276278381256643,0.05223628168591451,23515.5,0.06638205365825421,0.0121,index_dividend_yield,0.065,11.81,65,23446.6,23494.95,23403.05,23431.5,mid_price,ok
2026-09-10T08:24:36.620753+00:00,2026-09-10T13:54:36.620753+05:30,NIFTY,29-Sep-2026,24250.0,PE,23434.1,752.4,65,757.45,65,748.75,754.925,2668,-49,207,4.210160055671538,12.85,,,,,,,,,,,,,,,0.05223628168591451,,,,,,11.81,65,23446.6,23494.95,23403.05,23431.5,mid_price,no_price_available
2026-09-10T08:24:36.620753+00:00,2026-09-10T13:54:36.620753+05:30,NIFTY,29-Sep-2026,24300.0,CE,23434.1,26.6,455,26.75,195,26.7,26.675,72610,102,18030,-17.846153846153847,10.56,0.08423190633564775,0.00027321867206221733,-2.5742199118159017,8.27643116226105,2.0499446473808276,-0.006601854778668967,151.169802081899,6.47777328350222e-07,0.002403522237454396,-8.909479276055724e-06,-0.7037720039681874,91.39867247364612,-0.08034165984992962,0.00025409398633365916,0.05223628168591451,23515.5,0.06638205365825421,0.0121,index_dividend_yield,0.065,11.81,65,23446.6,23494.95,23403.05,23431.5,mid_price,ok
2026-09-10T08:24:36.620753+00:00,2026-09-10T13:54:36.620753+05:30,NIFTY,29-Sep-2026,24300.0,PE,23434.1,798.6,65,801.7,325,800.6,800.1500000000001,51091,-275,948,5.487845049080967,13.84,,,,,,,,,,,,,,,0.05223628168591451,,,,,,11.81,65,23446.6,23494.95,23403.05,23431.5,mid_price,no_price_available
2026-09-10T08:24:36.620753+00:00,2026-09-10T13:54:36.620753+05:30,NIFTY,29-Sep-2026,24350.0,CE,23434.1,23.5,195,23.75,130,23.7,23.625,6984,-396,2365,-17.132867132867133,10.69,0.0743359780359196,0.000245528589271173,-2.3598359365213883,7.5291957181172435,1.930788158273973,-0.006243852401740384,149.32014089610846,6.043136355055146e-07,0.002572966251930073,-9.31093572592573e-06,-0.6802232757850408,92.41070173130039,-0.07076575554650044,0.00022740535906373672,0.05223628168591451,23515.5,0.06638205365825421,0.0121,index_dividend_yield,0.065,11.81,65,23446.6,23494.95,23403.05,23431.5,mid_price,ok
2026-09-10T08:24:36.620753+00:00,2026-09-10T13:54:36.620753+05:30,NIFTY,29-Sep-2026,24350.0,PE,23434.1,844.8,65,851.05,65,849.05,847.925,5078,-98,150,4.402090378112511,14.08,,,,,,,,,,,,,,,0.05223628168591451,,,,,,11.81,65,23446.6,23494.95,23403.05,23431.5,mid_price,no_price_available
2026-09-10T08:24:36.620753+00:00,2026-09-10T13:54:36.620753+05:30,NIFTY,29-Sep-2026,24400.0,CE,23434.1,21.05,4290,21.1,1235,21.05,21.075000000000003,43236,-731,9680,-16.13545816733068,10.89,0.06684926615894447,0.00022213441716627434,-2.2057592326240676,6.939250179258737,1.813319022055046,-0.005930344457392406,145.61964853864274,5.581994959186465e-07,0.0026220339667996045,-9.422729291785984e-06,-0.6581259223513385,92.45747300628227,-0.06350856134469401,0.000204895659159759,0.05223628168591451,23515.5,0.06638205365825421,0.0121,index_dividend_yield,0.065,11.81,65,23446.6,23494.95,23403.05,23431.5,mid_price,ok
2026-09-10T08:24:36.620753+00:00,2026-09-10T13:54:36.620753+05:30,NIFTY,29-Sep-2026,24400.0,PE,23434.1,892.2,65,896.25,65,896.8,894.225,30947,-106,418,5.3942884005171,14.95,,,,,,,,,,,,,,,0.05223628168591451,,,,,,11.81,65,23446.6,23494.95,23403.05,23431.5,mid_price,no_price_available
2026-09-10T08:24:36.620753+00:00,2026-09-10T13:54:36.620753+05:30,NIFTY,29-Sep-2026,24450.0,CE,23434.1,18.7,585,18.85,390,18.85,18.775,3829,105,1781,-15.848214285714286,11.07,0.05987905873917767,0.00020057078242709158,-2.049672691730629,6.369188502063335,1.698013057257565,-0.005608112380087897,141.46326399029795,5.151852229927207e-07,0.0026432632671552904,-9.456112834730572e-06,-0.6341646577570224,92.70094592251955,-0.05677197856624082,0.00018424957699532786,0.05223628168591451,23515.5,0.06638205365825421,0.0121,index_dividend_yield,0.065,11.81,65,23446.6,23494.95,23403.05,23431.5,mid_price,ok
2026-09-10T08:24:36.620753+00:00,2026-09-10T13:54:36.620753+05:30,NIFTY,29-Sep-2026,24450.0,PE,23434.1,939.8,65,944.85,130,942,942.325,1363,-7,44,3.87032748924909,14.67,,,,,,,,,,,,,,,0.05223628168591451,,,,,,11.81,65,23446.6,23494.95,23403.05,23431.5,mid_price,no_price_available
2026-09-10T08:24:36.620753+00:00,2026-09-10T13:54:36.620753+05:30,NIFTY,29-Sep-2026,24500.0,CE,23434.1,17.15,975,17.2,260,17.2,17.174999999999997,93165,-1443,24458,-14.640198511166252,11.28,0.05418194116180721,0.00018193689411294655,-1.9230327542458006,5.887063075777952,1.5892570246134539,-0.005316749453592257,136.64169279288663,4.739235652268896e-07,0.002610199518841868,-9.3588013687728e-06,-0.6114375241612571,92.5103147906724,-0.05126449049128299,0.00016645052353036536,0.05223628168591451,23515.5,0.06638205365825421,0.0121,index_dividend_yield,0.065,11.81,65,23446.6,23494.95,23403.05,23431.5,mid_price,ok
2026-09-10T08:24:36.620753+00:00,2026-09-10T13:54:36.620753+05:30,NIFTY,29-Sep-2026,24500.0,PE,23434.1,988.55,65,991.4,325,990,989.9749999999999,50147,140,2227,3.7463976945244957,15.41,,,,,,,,,,,,,,,0.05223628168591451,,,,,,11.81,65,23446.6,23494.95,23403.05,23431.5,mid_price,no_price_available
2026-09-10T08:24:36.620753+00:00,2026-09-10T13:54:36.620753+05:30,NIFTY,29-Sep-2026,24550.0,CE,23434.1,15.2,1365,15.35,455,15.25,15.274999999999999,3650,-2482,6333,-13.352272727272727,11.45,0.04853070241145333,0.00016419896124174544,-1.7820471842128862,5.393177386756581,1.4818623583000636,-0.005005016836523178,131.6684186541841,4.3606700798352824e-07,0.002574910347677496,-9.236102379667031e-06,-0.5860816895876422,92.7724286204478,-0.04582544157501303,0.00014961115307799577,0.05223628168591451,23515.5,0.06638205365825421,0.0121,index_dividend_yield,0.065,11.81,65,23446.6,23494.95,23403.05,23431.5,mid_price,ok
2026-09-10T08:24:36.620753+00:00,2026-09-10T13:54:36.620753+05:30,NIFTY,29-Sep-2026,24550.0,PE,23434.1,1027.4,390,1052.6,130,1041,1040.0,840,-1,12,1.923924217946835,15.72,,,,,,,,,,,,,,,0.05223628168591451,,,,,,11.81,65,23446.6,23494.95,23403.05,23431.5,mid_price,no_price_available
2026-09-10T08:24:36.620753+00:00,2026-09-10T13:54:36.620753+05:30,NIFTY,29-Sep-2026,24600.0,CE,23434.1,13.6,1755,13.75,1235,13.7,13.675,26276,2115,11904,-14.641744548286605,11.63,0.0436585304191387,0.00014848692172246154,-1.65716709279674,4.953780184247863,1.3805178804834062,-0.004712635203029676,126.3940337406102,4.0054268339589717e-07,0.0025120263820295283,-9.041365413964519e-06,-0.5613219879467497,92.8606159021722,-0.04114149582736706,0.00013474558600876942,0.05223628168591451,23515.5,0.06638205365825421,0.0121,index_dividend_yield,0.065,11.81,65,23446.6,23494.95,23403.05,23431.5,mid_price,ok
2026-09-10T08:24:36.620753+00:00,2026-09-10T13:54:36.620753+05:30,NIFTY,29-Sep-2026,24600.0,PE,23434.1,1083.8,65,1090.2,65,1070,1087.0,10753,-139,419,1.2682188150671967,14.17,,,,,,,,,,,,,,,0.05223628168591451,,,,,,11.81,65,23446.6,23494.95,23403.05,23431.5,mid_price,no_price_available
2026-09-10T08:24:36.620753+00:00,2026-09-10T13:54:36.620753+05:30,NIFTY,29-Sep-2026,24650.0,CE,23434.1,12.6,1820,12.7,195,12.75,12.649999999999999,2826,-71,1629,-12.068965517241379,11.89,0.0403647432725858,0.00013630433806464682,-1.5848563545782943,4.649008556710004,1.294516609172666,-0.004497312571769212,121.0677806484739,3.6763360627773217e-07,0.002403367661355269,-8.759347870172828e-06,-0.5424718454249886,91.93072105041067,-0.03795626921292421,0.00012318913011574774,0.05223628168591451,23515.5,0.06638205365825421,0.0121,index_dividend_yield,0.065,11.81,65,23446.6,23494.95,23403.05,23431.5,mid_price,ok
2026-09-10T08:24:36.620753+00:00,2026-09-10T13:54:36.620753+05:30,NIFTY,29-Sep-2026,24650.0,PE,23434.1,1131.1,130,1152.85,910,1129,1141.975,585,-11,14,4.016952275658744,15.66,,,,,,,,,,,,,,,0.05223628168591451,,,,,,11.81,65,23446.6,23494.95,23403.05,23431.5,mid_price,no_price_available
2026-09-10T08:24:36.620753+00:00,2026-09-10T13:54:36.620753+05:30,NIFTY,29-Sep-2026,24700.0,CE,23434.1,11.8,1625,11.9,325,11.8,11.850000000000001,27022,-691,9803,-13.553113553113553,12.15,0.037416923045651446,0.0001253990133279631,-1.5179452596392535,4.370581369623729,1.2148639617575971,-0.004294824066254227,115.89647927690861,3.3782899843547025e-07,0.0022932962055310095,-8.468980476674854e-06,-0.5242913390261768,90.99467757954561,-0.035109143205812265,0.00011287474197327604,0.05223628168591451,23515.5,0.06638205365825421,0.0121,index_dividend_yield,0.065,11.81,65,23446.6,23494.95,23403.05,23431.5,mid_price,ok
2026-09-10T08:24:36.620753+00:00,2026-09-10T13:54:36.620753+05:30,NIFTY,29-Sep-2026,24700.0,PE,23434.1,1181,65,1185.7,65,1182.15,1183.35,3819,-75,162,2.0943086622333533,16.52,,,,,,,,,,,,,,,0.05223628168591451,,,,,,11.81,65,23446.6,23494.95,23403.05,23431.5,mid_price,no_price_available
2026-09-10T08:24:36.620753+00:00,2026-09-10T13:54:36.620753+05:30,NIFTY,29-Sep-2026,24750.0,CE,23434.1,10.95,1690,11.05,65,11.1,11.0,3987,505,1159,-10.483870967741936,12.36,0.03420291559808263,0.00011452272556864875,-1.4307304536005634,4.0604948033813395,1.1348439604214229,-0.0040655120577897524,110.74507202035156,3.104911055657371e-07,0.002197015063523067,-8.188090744559704e-06,-0.5031819121415273,90.62900922181277,-0.03202709645444756,0.00010266864411030763,0.05223628168591451,23515.5,0.06638205365825421,0.0121,index_dividend_yield,0.065,11.81,65,23446.6,23494.95,23403.05,23431.5,mid_price,ok
2026-09-10T08:24:36.620753+00:00,2026-09-10T13:54:36.620753+05:30,NIFTY,29-Sep-2026,24750.0,PE,23434.1,1231.65,65,1253.95,585,1232,1242.8000000000002,460,-6,12,4.076029567053855,17.03,,,,,,,,,,,,,,,0.05223628168591451,,,,,,11.81,65,23446.6,23494.95,23403.05,23431.5,mid_price,no_price_available
2026-09-10T08:24:36.620753+00:00,2026-09-10T13:54:36.620753+05:30,NIFTY,29-Sep-2026,24800.0,CE,23434.1,9.9,1495,10.05,2990,9.9,9.975000000000001,21573,-368,10595,-11.210762331838565,12.54,0.031008560218895465,0.00010411017113786,-1.3354649846029856,3.745066292960128,1.056345451233025,-0.0038256740522071004,105.56547423953887,2.8516043866110926e-07,0.0021045041329105663,-7.899438417216051e-06,-0.48049499282248886,90.57931100717946,-0.02897723244580745,9.295791120660478e-05,0.05223628168591451,23515.5,0.06638205365825421,0.0121,index_dividend_yield,0.065,11.81,65,23446.6,23494.95,23403.05,23431.5,mid_price,ok
2026-09-10T08:24:36.620753+00:00,2026-09-10T13:54:36.620753+05:30,NIFTY,29-Sep-2026,24800.0,PE,23434.1,1276.75,65,1283.05,65,1278.85,1279.9,5446,-64,526,1.7706509629158045,17.23,,,,,,,,,,,,,,,0.05223628168591451,,,,,,11.81,65,23446.6,23494.95,23403.05,23431.5,mid_price,no_price_available
2026-09-10T08:24:36.620753+00:00,2026-09-10T13:54:36.620753+05:30,NIFTY,29-Sep-2026,24850.0,CE,23434.1,9.3,650,9.35,1755,9.3,9.325,4338,-688,5341,-11.428571428571429,12.82,0.029144094385721707,9.67328692905199e-05,-1.293602195791708,3.557385315790882,0.9959977701193434,-0.00367535686200305,100.99365724431419,2.630396465278528e-07,0.0019917534137815257,-7.598544211982434e-06,-0.46593831907286587,89.37896248559353,-0.027176031695238648,8.60236451985283e-05,0.05223628168591451,23515.5,0.06638205365825421,0.0121,index_dividend_yield,0.065,11.81,65,23446.6,23494.95,23403.05,23431.5,mid_price,ok
2026-09-10T08:24:36.620753+00:00,2026-09-10T13:54:36.620753+05:30,NIFTY,29-Sep-2026,24850.0,PE,23434.1,1236.15,650,1347.45,260,0.0,1291.8000000000002,217,0,0,0,11.81,,,,,,,,,,,,,,,0.05223628168591451,,,,,,11.81,65,23446.6,23494.95,23403.05,23431.5,mid_price,no_price_available
2026-09-10T08:24:36.620753+00:00,2026-09-10T13:54:36.620753+05:30,NIFTY,29-Sep-2026,24900.0,CE,23434.1,8.85,1170,8.95,1040,9,8.899999999999999,10192,-1091,3032,-6.7357512953367875,13.1,0.02745693249986629,9.008166459407992e-05,-1.2548815127256034,3.385139038877509,0.9403867362217291,-0.003534912651893634,96.66589331353914,2.4306786668621157e-07,0.001884776362168344,-7.308412362639794e-06,-0.4521117742158464,88.19607075901526,-0.025547512817592755,7.9787391396731e-05,0.05223628168591451,23515.5,0.06638205365825421,0.0121,index_dividend_yield,0.065,11.81,65,23446.6,23494.95,23403.05,23431.5,mid_price,ok
2026-09-10T08:24:36.620753+00:00,2026-09-10T13:54:36.620753+05:30,NIFTY,29-Sep-2026,24900.0,PE,23434.1,1376.35,65,1381.65,65,1394,1379.0,1194,-2,6,4.158105129450442,19.82,,,,,,,,,,,,,,,0.05223628168591451,,,,,,11.81,65,23446.6,23494.95,23403.05,23431.5,mid_price,no_price_available
2026-09-10T08:24:36.620753+00:00,2026-09-10T13:54:36.620753+05:30,NIFTY,29-Sep-2026,24950.0,CE,23434.1,8.45,1040,8.65,975,8.55,8.55,1832,-535,1235,-6.557377049180328,13.39,0.02601528941759083,8.424923805257307e-05,-1.2234282990969543,3.236051106039521,0.8903270744262964,-0.003410889600787527,92.63225841379152,2.2513576477186883e-07,0.0017824903163346096,-7.030834337724823e-06,-0.43971644191886305,86.92777107045299,-0.024153573493305287,7.432269336741098e-05,0.05223628168591451,23515.5,0.06638205365825421,0.0121,index_dividend_yield,0.065,11.81,65,23446.6,23494.95,23403.05,23431.5,mid_price,ok
2026-09-10T08:24:36.620753+00:00,2026-09-10T13:54:36.620753+05:30,NIFTY,29-Sep-2026,24950.0,PE,23434.1,1410.55,130,1449.8,910,1385,1430.175,79,-1,1,0.2606051831475315,0,,,,,,,,,,,,,,,0.05223628168591451,,,,,,11.81,65,23446.6,23494.95,23403.05,23431.5,mid_price,no_price_available
2026-09-10T08:24:36.620753+00:00,2026-09-10T13:54:36.620753+05:30,NIFTY,29-Sep-2026,25000.0,CE,23434.1,8.05,1560,8.1,12740,8.05,8.075,91288,-3112,17998,-6.936416184971098,13.63,0.02428230715901959,7.811948799897036e-05,-1.1730492371339882,3.05438695988766,0.8381302370756328,-0.0032596017988466217,88.52637465595258,2.0826442008295383e-07,0.001691054061944274,-6.757954010461655e-06,-0.4243673398180774,86.18854070756703,-0.022497272553542842,6.863978722455336e-05,0.05223628168591451,23515.5,0.06638205365825421,0.0121,index_dividend_yield,0.065,11.81,65,23446.6,23494.95,23403.05,23431.5,mid_price,ok
2026-09-10T08:24:36.620753+00:00,2026-09-10T13:54:36.620753+05:30,NIFTY,29-Sep-2026,25000.0,PE,23434.1,1475.25,65,1480.9,65,1489.55,1478.075,33052.307692307695,-254.84615384615384,977,3.8665365037305626,20.44,,,,,,,,,,,,,,,0.05223628168591451,,,,,,11.81,65,23446.6,23494.95,23403.05,23431.5,mid_price,no_price_available
2026-09-10T08:24:36.620753+00:00,2026-09-10T13:54:36.620753+05:30,NIFTY,29-Sep-2026,25050.0,CE,23434.1,7.7,1170,7.8,1495,7.7,7.75,1747,-659,2093,-6.097560975609756,13.91,0.023026481697684717,7.320383846937585e-05,-1.1425964382584832,2.9209881619650253,0.7944716208535679,-0.0031452397606583707,84.87296453889593,1.9342936372146674e-07,0.0016007868431757912,-6.501820486520872e-06,-0.41258425989352293,85.05295485128572,-0.02128784569342824,6.406413274239283e-05,0.05223628168591451,23515.5,0.06638205365825421,0.0121,index_dividend_yield,0.065,11.81,65,23446.6,23494.95,23403.05,23431.5,mid_price,ok
2026-09-10T08:24:36.620753+00:00,2026-09-10T13:54:36.620753+05:30,NIFTY,29-Sep-2026,25050.0,PE,23434.1,1458.35,650,1550.85,65,0.0,1504.6,60,0,0,0,11.04,,,,,,,,,,,,,,,0.05223628168591451,,,,,,11.81,65,23446.6,23494.95,23403.05,23431.5,mid_price,no_price_available
2026-09-10T08:24:36.620753+00:00,2026-09-10T13:54:36.620753+05:30,NIFTY,29-Sep-2026,25100.0,CE,23434.1,7.35,130,7.4,2015,7.35,7.375,6162,-342,2098,-5.161290322580645,14.17,0.02172864597787561,6.842898287295076e-05,-1.1063223390992194,2.7814979731042886,0.7518065467855967,-0.0030247033043561515,81.29678345954238,1.7969014069963677e-07,0.0015171258718227568,-6.25279342307894e-06,-0.4000011398208869,84.12808060479476,-0.020045366164873794,5.9647081597126645e-05,0.05223628168591451,23515.5,0.06638205365825421,0.0121,index_dividend_yield,0.065,11.81,65,23446.6,23494.95,23403.05,23431.5,mid_price,ok
2026-09-10T08:24:36.620753+00:00,2026-09-10T13:54:36.620753+05:30,NIFTY,29-Sep-2026,25100.0,PE,23434.1,1571.85,65,1579.85,65,1560,1575.85,1472,-2,3,0,17.8,,,,,,,,,,,,,,,0.05223628168591451,,,,,,11.81,65,23446.6,23494.95,23403.05,23431.5,mid_price,no_price_available
2026-09-10T08:24:36.620753+00:00,2026-09-10T13:54:36.620753+05:30,NIFTY,29-Sep-2026,25150.0,CE,23434.1,7.05,1170,7.15,195,7.05,7.1,777,-171,412,-4.081632653061225,14.48,0.020900642139364527,6.47997806948463e-05,-1.0920103720171175,2.6916024242417365,0.7178060356548416,-0.002944420072722564,78.24316309119995,1.6783013377410698e-07,0.0014361901053066572,-6.028142773925892e-06,-0.39151914245729946,82.74991670494337,-0.019239317970153155,5.625927289719864e-05,0.05223628168591451,23515.5,0.06638205365825421,0.0121,index_dividend_yield,0.065,11.81,65,23446.6,23494.95,23403.05,23431.5,mid_price,ok
2026-09-10T08:24:36.620753+00:00,2026-09-10T13:54:36.620753+05:30,NIFTY,29-Sep-2026,25150.0,PE,23434.1,1478.95,650,1650.15,65,0.0,1564.5500000000002,21,0,0,0,0,,,,,,,,,,,,,,,0.05223628168591451,,,,,,11.81,65,23446.6,23494.95,23403.05,23431.5,mid_price,no_price_available
2026-09-10T08:24:36.620753+00:00,2026-09-10T13:54:36.620753+05:30,NIFTY,29-Sep-2026,25200.0,CE,23434.1,6.75,1105,6.8,520,6.8,6.775,8914,-433,3170,-4.225352112676056,14.71,0.01959332146811573,6.038748392261065e-05,-1.0485328851636229,2.548170129464703,0.6777468767404041,-0.002818257135382262,74.84681055165309,1.5601373204765901e-07,0.0013632364862159148,-5.792633307719886e-06,-0.37804217859127665,82.12656862931475,-0.017998455207937636,5.2220666562228e-05,0.05223628168591451,23515.5,0.06638205365825421,0.0121,index_dividend_yield,0.065,11.81,65,23446.6,23494.95,23403.05,23431.5,mid_price,ok
2026-09-10T08:24:36.620753+00:00,2026-09-10T13:54:36.620753+05:30,NIFTY,29-Sep-2026,25200.0,PE,23434.1,1669.9,65,1679.35,65,1643.15,1674.625,1411,0,10,0.33584709797575796,15.31,,,,,,,,,,,,,,,0.05223628168591451,,,,,,11.81,65,23446.6,23494.95,23403.05,23431.5,mid_price,no_price_available
2026-09-10T08:24:36.620753+00:00,2026-09-10T13:54:36.620753+05:30,NIFTY,29-Sep-2026,25250.0,CE,23434.1,6.55,455,6.6,65,6.6,6.574999999999999,1456,-113,554,-2.9411764705882355,15.02,0.018914502796709507,5.739513523410829e-05,-1.0373297450464642,2.4729414216083936,0.6488340665508161,-0.0027493374691611072,72.15709701177242,1.4621419187922522e-07,0.001292593911642099,-5.5916579288872145e-06,-0.3705917120924371,80.79925407121314,-0.017336974334425336,4.943663207425618e-05,0.05223628168591451,23515.5,0.06638205365825421,0.0121,index_dividend_yield,0.065,11.81,65,23446.6,23494.95,23403.05,23431.5,mid_price,ok
2026-09-10T08:24:36.620753+00:00,2026-09-10T13:54:36.620753+05:30,NIFTY,29-Sep-2026,25250.0,PE,23434.1,1568,650,1747.6,65,0.0,1657.8,30,0,0,0,0,,,,,,,,,,,,,,,0.05223628168591451,,,,,,11.81,65,23446.6,23494.95,23403.05,23431.5,mid_price,no_price_available
2026-09-10T08:24:36.620753+00:00,2026-09-10T13:54:36.620753+05:30,NIFTY,29-Sep-2026,25300.0,CE,23434.1,6.25,3705,6.35,975,6.25,6.3,7898,-930,2521,-3.8461538461538463,15.25,0.017793319428081197,5.366223592377754e-05,-0.9983257280572915,2.3475098371358367,0.6139491830565099,-0.0026363375436154954,69.09685420911526,1.362808753097218e-07,0.0012276186740572566,-5.375585800784605e-06,-0.35825561995797806,80.18664775173367,-0.01627551101083886,4.603883014962619e-05,0.05223628168591451,23515.5,0.06638205365825421,0.0121,index_dividend_yield,0.065,11.81,65,23446.6,23494.95,23403.05,23431.5,mid_price,ok
2026-09-10T08:24:36.620753+00:00,2026-09-10T13:54:36.620753+05:30,NIFTY,29-Sep-2026,25300.0,PE,23434.1,1770.7,65,1778.75,130,1773.05,1774.725,487,-4,12,3.0843023255813953,21.56,,,,,,,,,,,,,,,0.05223628168591451,,,,,,11.81,65,23446.6,23494.95,23403.05,23431.5,mid_price,no_price_available
2026-09-10T08:24:36.620753+00:00,2026-09-10T13:54:36.620753+05:30,NIFTY,29-Sep-2026,25350.0,CE,23434.1,6.05,390,6.15,585,6.05,6.1,480,-81,273,-2.4193548387096775,15.53,0.0170570316004652,5.0827074073111e-05,-0.9792037652645911,2.2643073603543202,0.5863434838860176,-0.0025593980244502344,66.52705386163605,1.2777276961193313e-07,0.0011660544834815236,-5.1858368853561725e-06,-0.3497600024683343,79.15729643995098,-0.015568699803199963,4.343459137001032e-05,0.05223628168591451,23515.5,0.06638205365825421,0.0121,index_dividend_yield,0.065,11.81,65,23446.6,23494.95,23403.05,23431.5,mid_price,ok
2026-09-10T08:24:36.620753+00:00,2026-09-10T13:54:36.620753+05:30,NIFTY,29-Sep-2026,25350.0,PE,23434.1,1797.15,65,1857.75,130,0.0,1827.45,16,0,0,0,6.15,,,,,,,,,,,,,,,0.05223628168591451,,,,,,11.81,65,23446.6,23494.95,23403.05,23431.5,mid_price,no_price_available
2026-09-10T08:24:36.620753+00:00,2026-09-10T13:54:36.620753+05:30,NIFTY,29-Sep-2026,25400.0,CE,23434.1,5.9,585,5.95,65,5.9,5.925000000000001,3516,-250,1735,-2.479338842975207,15.82,0.016432626295779747,4.832869255398471e-05,-0.9648282423991061,2.1932106103755875,0.561578959676375,-0.002492795786335704,64.16858147679827,1.2009065188855354e-07,0.001108499813519413,-5.00943815623021e-06,-0.3423431048925094,78.06793934004217,-0.014966580016815839,4.113714719731524e-05,0.05223628168591451,23515.5,0.06638205365825421,0.0121,index_dividend_yield,0.065,11.81,65,23446.6,23494.95,23403.05,23431.5,mid_price,ok
2026-09-10T08:24:36.620753+00:00,2026-09-10T13:54:36.620753+05:30,NIFTY,29-Sep-2026,25400.0,PE,23434.1,1867.35,65,1881.45,130,1900,1874.4,419,0,1,3.660865295433466,25.64,,,,,,,,,,,,,,,0.05223628168591451,,,,,,11.81,65,23446.6,23494.95,23403.05,23431.5,mid_price,no_price_available
2026-09-10T08:24:36.620753+00:00,2026-09-10T13:54:36.620753+05:30,NIFTY,29-Sep-2026,25450.0,CE,23434.1,5.65,650,5.8,1495,5.65,5.725,691,-37,125,-3.4188034188034186,16.07,0.01563930577447897,4.5601330794719585e-05,-0.9381687105816272,2.1021427611553403,0.5348602402701907,-0.002407793707958074,61.682350817791274,1.1258552182221002e-07,0.0010542915167763222,-4.827902533445921e-06,-0.3327948641928671,77.31606919418022,-0.014214257874119939,3.8663262790291514e-05,0.05223628168591451,23515.5,0.06638205365825421,0.0121,index_dividend_yield,0.065,11.81,65,23446.6,23494.95,23403.05,23431.5,mid_price,ok
2026-09-10T08:24:36.620753+00:00,2026-09-10T13:54:36.620753+05:30,NIFTY,29-Sep-2026,25450.0,PE,23434.1,1899.15,65,1959.05,65,0.0,1929.1,11,0,0,0,6.11,,,,,,,,,,,,,,,0.05223628168591451,,,,,,11.81,65,23446.6,23494.95,23403.05,23431.5,mid_price,no_price_available
2026-09-10T08:24:36.620753+00:00,2026-09-10T13:54:36.620753+05:30,NIFTY,29-Sep-2026,25500.0,CE,23434.1,5.55,1430,5.6,2470,5.55,5.574999999999999,49603,-2199,11775,0,16.37,0.01516217784843825,4.359050955430568e-05,-0.9294106940487891,2.0469603860657215,0.5143122351744643,-0.0023548578100600712,59.65200058273445,1.0622812691583027e-07,0.001004016186453859,-4.673287301572717e-06,-0.3267972692353136,76.1903812224098,-0.01375092220436648,3.6813587576199265e-05,0.05223628168591451,23515.5,0.06638205365825421,0.0121,index_dividend_yield,0.065,11.81,65,23446.6,23494.95,23403.05,23431.5,mid_price,ok
2026-09-10T08:24:36.620753+00:00,2026-09-10T13:54:36.620753+05:30,NIFTY,29-Sep-2026,25500.0,PE,23434.1,1972.55,65,1980.85,65,1980.75,1976.6999999999998,23243,-52,244,2.539214163690014,22.33,,,,,,,,,,,,,,,0.05223628168591451,,,,,,11.81,65,23446.6,23494.95,23403.05,23431.5,mid_price,no_price_available
2026-09-10T08:24:36.620753+00:00,2026-09-10T13:54:36.620753+05:30,NIFTY,29-Sep-2026,25550.0,CE,23434.1,5.25,130,5.4,845,5.4,5.325,687,-56,168,0,16.65,0.014619480346339257,4.1535189063180863e-05,-0.9150422246787501,1.9838061960269937,0.4934139059685023,-0.002294423094713392,57.60927835014062,1.0016401791877144e-07,0.0009567063865498418,-4.519681046457255e-06,-0.3199047807172197,75.24078441531371,-0.013230569774146174,3.49406468242549e-05,0.05223628168591451,23515.5,0.06638205365825421,0.0121,index_dividend_yield,0.065,11.81,65,23446.6,23494.95,23403.05,23431.5,mid_price,ok
2026-09-10T08:24:36.620753+00:00,2026-09-10T13:54:36.620753+05:30,NIFTY,29-Sep-2026,25550.0,PE,23434.1,1956.7,650,2136.55,715,0.0,2046.625,6,0,0,0,0,,,,,,,,,,,,,,,0.05223628168591451,,,,,,11.81,65,23446.6,23494.95,23403.05,23431.5,mid_price,no_price_available
2026-09-10T08:24:36.620753+00:00,2026-09-10T13:54:36.620753+05:30,NIFTY,29-Sep-2026,25600.0,CE,23434.1,5.05,1625,5.15,1495,5.1,5.1,2586,-50,1736,-1.9230769230769231,16.83,0.013644864699276258,3.87193923637462e-05,-0.8706150793371386,1.8693105712886504,0.46567041206522963,-0.0021857618265375967,55.045904192808415,9.35467323672042e-08,0.0009101075029692305,-4.3363822830391955e-06,-0.3073892356472323,75.03478058694652,-0.012323972593608021,3.244480439739221e-05,0.05223628168591451,23515.5,0.06638205365825421,0.0121,index_dividend_yield,0.065,11.81,65,23446.6,23494.95,23403.05,23431.5,mid_price,ok
2026-09-10T08:24:36.620753+00:00,2026-09-10T13:54:36.620753+05:30,NIFTY,29-Sep-2026,25600.0,PE,23434.1,2060.6,130,2082.45,130,2084.4,2071.5249999999996,494,-2,12,12.430216564632271,25.89,,,,,,,,,,,,,,,0.05223628168591451,,,,,,11.81,65,23446.6,23494.95,23403.05,23431.5,mid_price,no_price_available
2026-09-10T08:24:36.620753+00:00,2026-09-10T13:54:36.620753+05:30,NIFTY,29-Sep-2026,25650.0,CE,23434.1,4.95,130,5,65,4.95,4.975,248,18,179,-2.9411764705882355,17.12,0.013237550343217956,3.708047644177437e-05,-0.8617859827973061,1.8210332638479734,0.4484400002002899,-0.002138276400232557,53.29311457419794,8.85207971129686e-08,0.0008685727269366965,-4.201950223329765e-06,-0.3018646568972454,74.03229283373511,-0.011930599569975744,3.0950461169439686e-05,0.05223628168591451,23515.5,0.06638205365825421,0.0121,index_dividend_yield,0.065,11.81,65,23446.6,23494.95,23403.05,23431.5,mid_price,ok
2026-09-10T08:24:36.620753+00:00,2026-09-10T13:54:36.620753+05:30,NIFTY,29-Sep-2026,25650.0,PE,23434.1,1930.3,650,2154.35,65,0.0,2042.3249999999998,1,0,0,0,13.42,,,,,,,,,,,,,,,0.05223628168591451,,,,,,11.81,65,23446.6,23494.95,23403.05,23431.5,mid_price,no_price_available
2026-09-10T08:24:36.620753+00:00,2026-09-10T13:54:36.620753+05:30,NIFTY,29-Sep-2026,25700.0,CE,23434.1,4.65,1690,4.7,195,4.7,4.675000000000001,4312,-257,1038,0,17.35,0.01259936782882278,3.505849286944493e-05,-0.8359762284178688,1.7448638065933946,0.42768642137177,-0.002064070109032196,51.26589741721732,8.32984121920535e-08,0.0008279800385234021,-4.0517271266417605e-06,-0.29316881872453804,73.46837778505187,-0.011332141785277375,2.9148992822843407e-05,0.05223628168591451,23515.5,0.06638205365825421,0.0121,index_dividend_yield,0.065,11.81,65,23446.6,23494.95,23403.05,23431.5,mid_price,ok
2026-09-10T08:24:36.620753+00:00,2026-09-10T13:54:36.620753+05:30,NIFTY,29-Sep-2026,25700.0,PE,23434.1,2137.95,650,2195.45,130,0.0,2166.7,184,0,0,0,0,,,,,,,,,,,,,,,0.05223628168591451,,,,,,11.81,65,23446.6,23494.95,23403.05,23431.5,mid_price,no_price_available
2026-09-10T08:24:36.620753+00:00,2026-09-10T13:54:36.620753+05:30,NIFTY,29-Sep-2026,25750.0,CE,23434.1,4.55,65,4.65,65,4.5,4.6,61,4,43,-3.225806451612903,17.56,0.011925312896420468,3.302765560679642e-05,-0.8059475566088105,1.6636848882551099,0.4067452405644035,-0.0019843358312063315,49.21722895117597,7.82743950363856e-08,0.0007889720639546861,-3.900442123958917e-06,-0.28373490641857635,73.04400023609072,-0.010704197120136328,2.7353936746498926e-05,0.05223628168591451,23515.5,0.06638205365825421,0.0121,index_dividend_yield,0.065,11.81,65,23446.6,23494.95,23403.05,23431.5,mid_price,ok
2026-09-10T08:24:36.620753+00:00,2026-09-10T13:54:36.620753+05:30,NIFTY,29-Sep-2026,25750.0,PE,23434.1,2021.95,650,2254.55,65,0.0,2138.25,8,0,0,0,0,,,,,,,,,,,,,,,0.05223628168591451,,,,,,11.81,65,23446.6,23494.95,23403.05,23431.5,mid_price,no_price_available
2026-09-10T08:24:36.620753+00:00,2026-09-10T13:54:36.620753+05:30,NIFTY,29-Sep-2026,25800.0,CE,23434.1,4.55,1820,4.6,130,4.55,4.574999999999999,5039,-25,2793,-2.150537634408602,17.91,0.011849514879821322,3.2203602573533656e-05,-0.816641578808715,1.654507945226873,0.397157162517375,-0.001973840941095822,48.109133364689804,7.487332532929895e-08,0.0007565871490285047,-3.809217484267164e-06,-0.282483123467411,71.6848013385075,-0.010612754042108152,2.6568167713944834e-05,0.05223628168591451,23515.5,0.06638205365825421,0.0121,index_dividend_yield,0.065,11.81,65,23446.6,23494.95,23403.05,23431.5,mid_price,ok
2026-09-10T08:24:36.620753+00:00,2026-09-10T13:54:36.620753+05:30,NIFTY,29-Sep-2026,25800.0,PE,23434.1,2260.35,65,2276.3,65,2275,2268.325,319,1,3,6.0606060606060606,26.58,,,,,,,,,,,,,,,0.05223628168591451,,,,,,11.81,65,23446.6,23494.95,23403.05,23431.5,mid_price,no_price_available
2026-09-10T08:24:36.620753+00:00,2026-09-10T13:54:36.620753+05:30,NIFTY,29-Sep-2026,25850.0,CE,23434.1,4.2,520,4.35,65,4.25,4.275,129,4,10,-3.409090909090909,18.07,0.011055350471639379,3.005177984231358e-05,-0.7750798204052006,1.557747862426414,0.3749427144910189,-0.0018779829191312315,45.95011138375915,7.007998396543309e-08,0.0007201437816898673,-3.6517683637252686e-06,-0.27099940499176234,71.59789136386516,-0.009882156876940738,2.4697083006606462e-05,0.05223628168591451,23515.5,0.06638205365825421,0.0121,index_dividend_yield,0.065,11.81,65,23446.6,23494.95,23403.05,23431.5,mid_price,ok
2026-09-10T08:24:36.620753+00:00,2026-09-10T13:54:36.620753+05:30,NIFTY,29-Sep-2026,25850.0,PE,23434.1,2284.95,650,2354.85,65,0.0,2319.8999999999996,0,0,0,0,0,,,,,,,,,,,,,,,0.05223628168591451,,,,,,11.81,65,23446.6,23494.95,23403.05,23431.5,mid_price,no_price_available
2026-09-10T08:24:36.620753+00:00,2026-09-10T13:54:36.620753+05:30,NIFTY,29-Sep-2026,25900.0,CE,23434.1,4.1,520,4.25,195,4.15,4.175,437,-99,229,-3.488372093023256,18.34,0.010716729180629686,2.881851419580194e-05,-0.76496136463237,1.5161414816294636,0.3614730083554823,-0.001835582531851782,44.527834351152485,6.654279669442456e-08,0.00068923188707006,-3.5420039209713536e-06,-0.2658726295814504,70.79464281807736,-0.009559440288430641,2.3592209469066655e-05,0.05223628168591451,23515.5,0.06638205365825421,0.0121,index_dividend_yield,0.065,11.81,65,23446.6,23494.95,23403.05,23431.5,mid_price,ok
2026-09-10T08:24:36.620753+00:00,2026-09-10T13:54:36.620753+05:30,NIFTY,29-Sep-2026,25900.0,PE,23434.1,2167.2,650,2395,130,0.0,2281.1,76,0,0,0,0,,,,,,,,,,,,,,,0.05223628168591451,,,,,,11.81,65,23446.6,23494.95,23403.05,23431.5,mid_price,no_price_available
2026-09-10T08:24:36.620753+00:00,2026-09-10T13:54:36.620753+05:30,NIFTY,29-Sep-2026,25950.0,CE,23434.1,3.6,260,4.15,520,4.05,3.875,615,-7,39,-4.705882352941177,18.6,0.010364427261961538,2.7600061477302144e-05,-0.7528900536396901,1.4726237708355452,0.3481448117920423,-0.0017911041504175482,43.121460647563055,6.31728441487108e-08,0.0006597897827267666,-3.4338690573065524e-06,-0.26046414878939306,70.06847921071851,-0.009225999499119772,2.250773963899664e-05,0.05223628168591451,23515.5,0.06638205365825421,0.0121,index_dividend_yield,0.065,11.81,65,23446.6,23494.95,23403.05,23431.5,mid_price,ok
2026-09-10T08:24:36.620753+00:00,2026-09-10T13:54:36.620753+05:30,NIFTY,29-Sep-2026,25950.0,PE,23434.1,2242.55,650,2455.5,65,0.0,2349.025,1,0,0,0,13.83,,,,,,,,,,,,,,,0.05223628168591451,,,,,,11.81,65,23446.6,23494.95,23403.05,23431.5,mid_price,no_price_available
2026-09-10T08:24:36.620753+00:00,2026-09-10T13:54:36.620753+05:30,NIFTY,29-Sep-2026,26000.0,CE,23434.1,3.7,1885,3.75,3640,3.75,3.725,59733.846153846156,-103,8406,-6.25,18.73,0.009603116234866987,2.5642666717355752e-05,-0.7087695257704918,1.3777479643563797,0.3274266184179276,-0.0016946173569039758,41.057123790793405,5.902533052767477e-08,0.0006272386730450399,-3.2821984146940987e-06,-0.24862364554518224,70.15335250653845,-0.008532021194811836,2.0831140568440074e-05,0.05223628168591451,23515.5,0.06638205365825421,0.0121,index_dividend_yield,0.065,11.81,65,23446.6,23494.95,23403.05,23431.5,mid_price,ok
2026-09-10T08:24:36.620753+00:00,2026-09-10T13:54:36.620753+05:30,NIFTY,29-Sep-2026,26000.0,PE,23434.1,2468.05,65,2476.15,195,2475,2472.1000000000004,31353.53846153846,-191,594,1.7179023508137432,28.65,,,,,,,,,,,,,,,0.05223628168591451,,,,,,11.81,65,23446.6,23494.95,23403.05,23431.5,mid_price,no_price_available
2026-09-10T08:24:36.620753+00:00,2026-09-10T13:54:36.620753+05:30,NIFTY,29-Sep-2026,26050.0,CE,23434.1,3.7,130,4.25,1365,3.7,3.975,594,7,44,-6.329113924050633,19.01,0.009371527657547294,2.4731403054423137e-05,-0.7036011268903748,1.3486513301084342,0.31708125129824205,-0.0016640075911672056,39.914421181894475,5.62923332826348e-08,0.0006018390239195937,-3.192316608093915e-06,-0.2448335772178878,69.31084780585681,-0.008308821072515635,2.001381392775477e-05,0.05223628168591451,23515.5,0.06638205365825421,0.0121,index_dividend_yield,0.065,11.81,65,23446.6,23494.95,23403.05,23431.5,mid_price,ok
2026-09-10T08:24:36.620753+00:00,2026-09-10T13:54:36.620753+05:30,NIFTY,29-Sep-2026,26050.0,PE,23434.1,2335.75,650,2555.6,65,0.0,2445.675,4,0,0,0,18.06,,,,,,,,,,,,,,,0.05223628168591451,,,,,,11.81,65,23446.6,23494.95,23403.05,23431.5,mid_price,no_price_available
2026-09-10T08:24:36.620753+00:00,2026-09-10T13:54:36.620753+05:30,NIFTY,29-Sep-2026,26100.0,CE,23434.1,3.5,780,3.6,130,3.45,3.55,252,-63,204,-8,19.16,0.008759102417846398,2.3127704599646526e-05,-0.6679215876683395,1.2711501388598208,0.29966599522505966,-0.0015835768461520162,38.124137444626946,5.2797954718708514e-08,0.0005729239133704286,-3.058696500846544e-06,-0.23480156079219694,69.25998611395431,-0.0077508828248504785,1.864438552711369e-05,0.05223628168591451,23515.5,0.06638205365825421,0.0121,index_dividend_yield,0.065,11.81,65,23446.6,23494.95,23403.05,23431.5,mid_price,ok
2026-09-10T08:24:36.620753+00:00,2026-09-10T13:54:36.620753+05:30,NIFTY,29-Sep-2026,26100.0,PE,23434.1,2439.4,650,2605.6,65,0.0,2522.5,144,0,0,0,0,,,,,,,,,,,,,,,0.05223628168591451,,,,,,11.81,65,23446.6,23494.95,23403.05,23431.5,mid_price,no_price_available
2026-09-10T08:24:36.620753+00:00,2026-09-10T13:54:36.620753+05:30,NIFTY,29-Sep-2026,26150.0,CE,23434.1,2.8,65,3.9,1300,0.0,3.3499999999999996,122,0,0,0,19.75,0.009494191430114818,2.4077029413380287e-05,-0.7381488787911303,1.3640767797494024,0.3082850778626254,-0.0016777489909097845,38.72725373311292,5.257840020596062e-08,0.0005616490732091599,-3.088428823944014e-06,-0.2465324883085871,66.6577045028704,-0.008380499625906663,1.9335529720506887e-05,0.05223628168591451,23515.5,0.06638205365825421,0.0121,index_dividend_yield,0.065,11.81,65,23446.6,23494.95,23403.05,23431.5,mid_price,wide_quote_low_liquidity
2026-09-10T08:24:36.620753+00:00,2026-09-10T13:54:36.620753+05:30,NIFTY,29-Sep-2026,26150.0,PE,23434.1,2431.95,650,2655.85,65,0.0,2543.8999999999996,1,0,0,0,19.21,,,,,,,,,,,,,,,0.05223628168591451,,,,,,11.81,65,23446.6,23494.95,23403.05,23431.5,mid_price,no_price_available
2026-09-10T08:24:36.620753+00:00,2026-09-10T13:54:36.620753+05:30,NIFTY,29-Sep-2026,26200.0,CE,23434.1,3.25,65,3.35,130,3.25,3.3,2746,-36,191,-4.411764705882353,19.7,0.008327228242079803,2.151767797704684e-05,-0.6559743048238318,1.2159912302478133,0.28109160023379737,-0.0015246196471866537,36.04114416306026,4.812663391190228e-08,0.0005285326850982075,-2.8945743000164097e-06,-0.22737396397880352,67.7374242148551,-0.007338177602072027,1.7214300457451343e-05,0.05223628168591451,23515.5,0.06638205365825421,0.0121,index_dividend_yield,0.065,11.81,65,23446.6,23494.95,23403.05,23431.5,mid_price,ok
2026-09-10T08:24:36.620753+00:00,2026-09-10T13:54:36.620753+05:30,NIFTY,29-Sep-2026,26200.0,PE,23434.1,2600.05,650,2706.4,65,0.0,2653.2250000000004,582,0,0,0,0,,,,,,,,,,,,,,,0.05223628168591451,,,,,,11.81,65,23446.6,23494.95,23403.05,23431.5,mid_price,no_price_available
2026-09-10T08:24:36.620753+00:00,2026-09-10T13:54:36.620753+05:30,NIFTY,29-Sep-2026,26250.0,CE,23434.1,2.2,910,3,65,2.85,2.6,7,2,2,0,19.62,0.007208398374161147,1.9029148378066697e-05,-0.5750962907967783,1.0709943220671418,0.2539128638534799,-0.001370523656816231,33.26968457234136,4.371558920443471e-08,0.0004941276485156291,-2.691225297909911e-06,-0.20766578221565887,69.00511862229732,-0.0063418803905254725,1.5165519601620783e-05,0.05223628168591451,23515.5,0.06638205365825421,0.0121,index_dividend_yield,0.065,11.81,65,23446.6,23494.95,23403.05,23431.5,mid_price,wide_quote_low_liquidity
2026-09-10T08:24:36.620753+00:00,2026-09-10T13:54:36.620753+05:30,NIFTY,29-Sep-2026,26250.0,PE,23434.1,2677.05,650,2756.4,65,0.0,2716.7250000000004,0,0,0,0,0,,,,,,,,,,,,,,,0.05223628168591451,,,,,,11.81,65,23446.6,23494.95,23403.05,23431.5,mid_price,no_price_available
2026-09-10T08:24:36.620753+00:00,2026-09-10T13:54:36.620753+05:30,NIFTY,29-Sep-2026,26300.0,CE,23434.1,2.6,845,3,390,2.6,2.8,2087,9,80,-11.864406779661017,19.7,0.006590304954261898,1.7509419797849245e-05,-0.5331710347757533,0.9894794848971994,0.23666731632984456,-0.0012816491233784344,31.41747434621367,4.060479602862032e-08,0.0004670590524371048,-2.5510644120500682e-06,-0.1960903991381292,69.33787762625781,-0.0057874730837241565,1.3901344818496369e-05,0.05223628168591451,23515.5,0.06638205365825421,0.0121,index_dividend_yield,0.065,11.81,65,23446.6,23494.95,23403.05,23431.5,mid_price,ok
2026-09-10T08:24:36.620753+00:00,2026-09-10T13:54:36.620753+05:30,NIFTY,29-Sep-2026,26300.0,PE,23434.1,2736.65,780,2776.1,65,2748,2756.375,1245,1,2,4.100767118098305,26.26,,,,,,,,,,,,,,,0.05223628168591451,,,,,,11.81,65,23446.6,23494.95,23403.05,23431.5,mid_price,no_price_available
2026-09-10T08:24:36.620753+00:00,2026-09-10T13:54:36.620753+05:30,NIFTY,29-Sep-2026,26350.0,CE,23434.1,2.05,910,3,715,0.0,2.525,85,0,0,0,13.52,0.00011186822465469901,6.0735351938003e-07,-0.00872807069877585,0.023555214145861134,0.012116142219575774,-4.508091658411608e-05,2.394361035412273,3.2053426321423055e-09,5.722955945471294e-05,-2.1353195977749635e-07,-0.009530065099694424,135.2584944021907,-9.875330267423363e-05,4.803710993709451e-07,0.05223628168591451,23515.5,0.06638205365825421,0.0121,index_dividend_yield,0.065,11.81,65,23446.6,23494.95,23403.05,23431.5,mid_price,wide_quote_low_liquidity
2026-09-10T08:24:36.620753+00:00,2026-09-10T13:54:36.620753+05:30,NIFTY,29-Sep-2026,26350.0,PE,23434.1,2775.05,650,2856.7,65,0.0,2815.875,0,0,0,0,0,,,,,,,,,,,,,,,0.05223628168591451,,,,,,11.81,65,23446.6,23494.95,23403.05,23431.5,mid_price,no_price_available
2026-09-10T08:24:36.620753+00:00,2026-09-10T13:54:36.620753+05:30,NIFTY,29-Sep-2026,26400.0,CE,23434.1,2.65,65,2.8,65,2.65,2.7249999999999996,725,20,66,-14.516129032258064,20.25,0.006346134709583887,1.6474338004891466e-05,-0.5293591622441365,0.956977688662121,0.22397350692397472,-0.0012448811040755101,29.893605073167905,3.7345611520601406e-08,0.00043325232730448475,-2.4278354411833682e-06,-0.1912533642301677,67.72798928746745,-0.00555000653699132,1.2980657054950924e-05,0.05223628168591451,23515.5,0.06638205365825421,0.0121,index_dividend_yield,0.065,11.81,65,23446.6,23494.95,23403.05,23431.5,mid_price,ok
2026-09-10T08:24:36.620753+00:00,2026-09-10T13:54:36.620753+05:30,NIFTY,29-Sep-2026,26400.0,PE,23434.1,2826.7,780,2897.7,260,2874.8,2862.2,56,-2,2,52.299215935579575,32.06,,,,,,,,,,,,,,,0.05223628168591451,,,,,,11.81,65,23446.6,23494.95,23403.05,23431.5,mid_price,no_price_available
2026-09-10T08:24:36.620753+00:00,2026-09-10T13:54:36.620753+05:30,NIFTY,29-Sep-2026,26450.0,CE,23434.1,1.8,65,2.9,1300,0.0,2.35,42,0,0,0,19.27,0.0038577424616094884,1.1111631601884713e-05,-0.32328123363353406,0.6142262343663295,0.16117306117599756,-0.0008519869153727055,22.99609948306852,2.8423768162936736e-08,0.0003583330781008828,-1.9070984744626933e-06,-0.13767609932483083,74.48335170604553,-0.003371984575682685,8.722139716889448e-06,0.05223628168591451,23515.5,0.06638205365825421,0.0121,index_dividend_yield,0.065,11.81,65,23446.6,23494.95,23403.05,23431.5,mid_price,wide_quote_low_liquidity
2026-09-10T08:24:36.620753+00:00,2026-09-10T13:54:36.620753+05:30,NIFTY,29-Sep-2026,26450.0,PE,23434.1,2873.25,650,2957.15,65,0.0,2915.2,0,0,0,0,0,,,,,,,,,,,,,,,0.05223628168591451,,,,,,11.81,65,23446.6,23494.95,23403.05,23431.5,mid_price,no_price_available
2026-09-10T08:24:36.620753+00:00,2026-09-10T13:54:36.620753+05:30,NIFTY,29-Sep-2026,26500.0,CE,23434.1,2.15,1300,2.2,23140,2.15,2.175,13995,-232,2131,-6.521739130434782,20.44,0.0053920591740014585,1.4124985022323831e-05,-0.4619223000826128,0.8282047181871739,0.19640492014731584,-0.0011003751349277736,26.817073687482484,3.247372154247651e-08,0.00038824855323349585,-2.1914908417199537e-06,-0.17196903982623535,68.15848710230696,-0.004698270492557488,1.1045688863787686e-05,0.05223628168591451,23515.5,0.06638205365825421,0.0121,index_dividend_yield,0.065,11.81,65,23446.6,23494.95,23403.05,23431.5,mid_price,ok
2026-09-10T08:24:36.620753+00:00,2026-09-10T13:54:36.620753+05:30,NIFTY,29-Sep-2026,26500.0,PE,23434.1,2959.95,65,2969.7,130,2953.55,2964.825,13069,-13,20,0.7882748383354092,29.23,,,,,,,,,,,,,,,0.05223628168591451,,,,,,11.81,65,23446.6,23494.95,23403.05,23431.5,mid_price,no_price_available
2026-09-10T08:24:36.620753+00:00,2026-09-10T13:54:36.620753+05:30,NIFTY,29-Sep-2026,26550.0,CE,23434.1,1.6,910,2.4,650,2,2.0,72,-4,6,-9.090909090909092,20.56,0.005018131887756397,1.3172651116239366e-05,-0.4356196772610269,0.7768999842896204,0.18494395742558706,-0.0010415628426772728,25.499428722888293,3.0409290235234606e-08,0.0003682732812293285,-2.0889468902227884e-06,-0.16398618422248246,68.22247000755779,-0.004364282470469755,1.0262205245352162e-05,0.05223628168591451,23515.5,0.06638205365825421,0.0121,index_dividend_yield,0.065,11.81,65,23446.6,23494.95,23403.05,23431.5,mid_price,wide_quote_low_liquidity
2026-09-10T08:24:36.620753+00:00,2026-09-10T13:54:36.620753+05:30,NIFTY,29-Sep-2026,26550.0,PE,23434.1,2971.35,650,3057.55,65,0.0,3014.45,0,0,0,0,0,,,,,,,,,,,,,,,0.05223628168591451,,,,,,11.81,65,23446.6,23494.95,23403.05,23431.5,mid_price,no_price_available
2026-09-10T08:24:36.620753+00:00,2026-09-10T13:54:36.620753+05:30,NIFTY,29-Sep-2026,26600.0,CE,23434.1,1.95,195,2.25,1300,2.2,2.1,685,-167,221,-15.384615384615385,21.07,0.0053832827303128645,1.3682814064807049e-05,-0.47490389325441557,0.8270062160330209,0.1904036427579788,-0.0010981631549492714,26.00349639191152,3.0495128496886465e-08,0.00036527860198289227,-2.1220424034795222e-06,-0.1716690045719531,66.15846068917467,-0.0046708858710708435,1.061961347327224e-05,0.05223628168591451,23515.5,0.06638205365825421,0.0121,index_dividend_yield,0.065,11.81,65,23446.6,23494.95,23403.05,23431.5,mid_price,ok
2026-09-10T08:24:36.620753+00:00,2026-09-10T13:54:36.620753+05:30,NIFTY,29-Sep-2026,26600.0,PE,23434.1,3020.25,650,3107.65,65,0.0,3063.95,0,0,0,0,0,,,,,,,,,,,,,,,0.05223628168591451,,,,,,11.81,65,23446.6,23494.95,23403.05,23431.5,mid_price,no_price_available
2026-09-10T08:24:36.620753+00:00,2026-09-10T13:54:36.620753+05:30,NIFTY,29-Sep-2026,26650.0,CE,23434.1,1.35,910,2.65,1300,0.0,2.0,14,0,0,0,21.05,0.004775359753441522,1.2309844248522986e-05,-0.42624847438189745,0.7433159826754424,0.17403225960996999,-0.0010021864327443624,24.154444520140206,2.7927723276906285e-08,0.0003415261798650606,-1.9801941419062913e-06,-0.15859489734192034,66.96200703078912,-0.004136400288087023,9.518196994562367e-06,0.05223628168591451,23515.5,0.06638205365825421,0.0121,index_dividend_yield,0.065,11.81,65,23446.6,23494.95,23403.05,23431.5,mid_price,wide_quote_low_liquidity
2026-09-10T08:24:36.620753+00:00,2026-09-10T13:54:36.620753+05:30,NIFTY,29-Sep-2026,26650.0,PE,23434.1,3069.55,650,3158.05,65,0.0,3113.8,0,0,0,0,0,,,,,,,,,,,,,,,0.05223628168591451,,,,,,11.81,65,23446.6,23494.95,23403.05,23431.5,mid_price,no_price_available
2026-09-10T08:24:36.620753+00:00,2026-09-10T13:54:36.620753+05:30,NIFTY,29-Sep-2026,26700.0,CE,23434.1,1.85,520,2.5,130,1.9,2.175,39,-3,5,-20.833333333333332,21.29,0.004655118425595438,1.1897347940251982e-05,-0.4211898110514947,0.7265987344429929,0.16879399850953936,-0.000982504654186457,23.506635525712195,2.6772144644555117e-08,0.00032900672995243933,-1.927866546095881e-06,-0.1558860102737144,66.37271652007753,-0.004024154910183102,9.164825445931938e-06,0.05223628168591451,23515.5,0.06638205365825421,0.0121,index_dividend_yield,0.065,11.81,65,23446.6,23494.95,23403.05,23431.5,mid_price,wide_quote_low_liquidity
2026-09-10T08:24:36.620753+00:00,2026-09-10T13:54:36.620753+05:30,NIFTY,29-Sep-2026,26700.0,PE,23434.1,3118.65,650,3208.3,65,0.0,3163.4750000000004,0,0,0,0,0,,,,,,,,,,,,,,,0.05223628168591451,,,,,,11.81,65,23446.6,23494.95,23403.05,23431.5,mid_price,no_price_available
2026-09-10T08:24:36.620753+00:00,2026-09-10T13:54:36.620753+05:30,NIFTY,29-Sep-2026,26750.0,CE,23434.1,2.15,65,2.9,1300,1.9,2.525,110,-6,12,-20.833333333333332,21.57,0.004607031772494321,1.1634603530653951e-05,-0.42257059504766464,0.7198973029239545,0.16532808713142724,-0.0009744061763944352,23.055510011554645,2.5867362810079714e-08,0.0003186634706975679,-1.8904562635426222e-06,-0.15476833634969245,65.58544944051131,-0.003974412014240567,8.928953751993301e-06,0.05223628168591451,23515.5,0.06638205365825421,0.0121,index_dividend_yield,0.065,11.81,65,23446.6,23494.95,23403.05,23431.5,mid_price,wide_quote_low_liquidity
2026-09-10T08:24:36.620753+00:00,2026-09-10T13:54:36.620753+05:30,NIFTY,29-Sep-2026,26750.0,PE,23434.1,3168.65,650,3368.75,715,0.0,3268.7,1,0,0,0,18.46,,,,,,,,,,,,,,,0.05223628168591451,,,,,,11.81,65,23446.6,23494.95,23403.05,23431.5,mid_price,no_price_available
2026-09-10T08:24:36.620753+00:00,2026-09-10T13:54:36.620753+05:30,NIFTY,29-Sep-2026,26800.0,CE,23434.1,1.75,780,2.3,650,0.0,2.025,41,0,0,0,22.24,0.005221581318457852,1.2616110967969164e-05,-0.48681561829517855,0.8048762193626853,0.17645784157160416,-0.0010716405530484096,24.199288491806637,2.6709591275006707e-08,0.0003225793820972327,-1.972271565958715e-06,-0.1680758507921294,62.906288058158914,-0.0044932050218720754,9.646115770400913e-06,0.05223628168591451,23515.5,0.06638205365825421,0.0121,index_dividend_yield,0.065,11.81,65,23446.6,23494.95,23403.05,23431.5,mid_price,wide_quote_low_liquidity
2026-09-10T08:24:36.620753+00:00,2026-09-10T13:54:36.620753+05:30,NIFTY,29-Sep-2026,26800.0,PE,23434.1,2983.5,650,3308.7,65,0.0,3146.1,21,0,0,0,0,,,,,,,,,,,,,,,0.05223628168591451,,,,,,11.81,65,23446.6,23494.95,23403.05,23431.5,mid_price,no_price_available
2026-09-10T08:24:36.620753+00:00,2026-09-10T13:54:36.620753+05:30,NIFTY,29-Sep-2026,26850.0,CE,23434.1,1.35,910,2.5,650,0.0,1.925,41,0,0,0,21.32,0.0033471214700921924,8.841529427686733e-06,-0.3134893081826343,0.5407336665375369,0.1307128443749793,-0.0007606742561380888,18.98206798157548,2.0753407295585463e-08,0.0002688955757759591,-1.573784533945241e-06,-0.12465215505056854,68.25395356112817,-0.002878494933834179,6.734965484398171e-06,0.05223628168591451,23515.5,0.06638205365825421,0.0121,index_dividend_yield,0.065,11.81,65,23446.6,23494.95,23403.05,23431.5,mid_price,wide_quote_low_liquidity
2026-09-10T08:24:36.620753+00:00,2026-09-10T13:54:36.620753+05:30,NIFTY,29-Sep-2026,26850.0,PE,23434.1,3266,650,3359.05,65,0.0,3312.525,0,0,0,0,0,,,,,,,,,,,,,,,0.05223628168591451,,,,,,11.81,65,23446.6,23494.95,23403.05,23431.5,mid_price,no_price_available
2026-09-10T08:24:36.620753+00:00,2026-09-10T13:54:36.620753+05:30,NIFTY,29-Sep-2026,26900.0,CE,23434.1,1.75,650,2.25,195,0.0,2.0,87,0,0,0,22.69,0.004928364043912101,1.1745691708681588e-05,-0.4713123230831566,0.7645077747724268,0.1656078166168769,-0.0010249757205522932,22.888877042268774,2.4556719357257532e-08,0.00029988547879419874,-1.8679698008364513e-06,-0.16171678028784553,62.009010668325416,-0.0042241366522944475,8.913958243387345e-06,0.05223628168591451,23515.5,0.06638205365825421,0.0121,index_dividend_yield,0.065,11.81,65,23446.6,23494.95,23403.05,23431.5,mid_price,wide_quote_low_liquidity
2026-09-10T08:24:36.620753+00:00,2026-09-10T13:54:36.620753+05:30,NIFTY,29-Sep-2026,26900.0,PE,23434.1,3315.1,650,3520.2,715,0.0,3417.6499999999996,1,0,0,0,0,,,,,,,,,,,,,,,0.05223628168591451,,,,,,11.81,65,23446.6,23494.95,23403.05,23431.5,mid_price,no_price_available
2026-09-10T08:24:36.620753+00:00,2026-09-10T13:54:36.620753+05:30,NIFTY,29-Sep-2026,26950.0,CE,23434.1,1.85,130,2.25,650,0.0,2.05,48,0,0,0,22.54,0.004214596934325933,1.0282623061584696e-05,-0.4070299584018298,0.6648545425581749,0.14791146024013477,-0.0009089607157813209,20.867325587205944,2.2112947260272685e-08,0.0002771065834528239,-1.713127962634196e-06,-0.14567711895401736,63.31154108955707,-0.003606875597800051,7.77468736900914e-06,0.05223628168591451,23515.5,0.06638205365825421,0.0121,index_dividend_yield,0.065,11.81,65,23446.6,23494.95,23403.05,23431.5,mid_price,wide_quote_low_liquidity
2026-09-10T08:24:36.620753+00:00,2026-09-10T13:54:36.620753+05:30,NIFTY,29-Sep-2026,26950.0,PE,23434.1,3364.25,650,3459.55,65,0.0,3411.9,0,0,0,0,0,,,,,,,,,,,,,,,0.05223628168591451,,,,,,11.81,65,23446.6,23494.95,23403.05,23431.5,mid_price,no_price_available
2026-09-10T08:24:36.620753+00:00,2026-09-10T13:54:36.620753+05:30,NIFTY,29-Sep-2026,27000.0,CE,23434.1,2.1,520,2.15,3770,2.15,2.125,27287,220,2333,-2.272727272727273,23.21,0.004774148091904779,1.1161723141677966e-05,-0.468216863011845,0.7431478048226107,0.15810039113777885,-0.00099989590745118,21.944065590526197,2.289770475641844e-08,0.00028149261796118206,-1.7912785119693265e-06,-0.1582772655341116,60.818391736550126,-0.004075493474418334,8.408146602397544e-06,0.05223628168591451,23515.5,0.06638205365825421,0.0121,index_dividend_yield,0.065,11.81,65,23446.6,23494.95,23403.05,23431.5,mid_price,ok
2026-09-10T08:24:36.620753+00:00,2026-09-10T13:54:36.620753+05:30,NIFTY,29-Sep-2026,27000.0,PE,23434.1,3467.95,65,3478.3,65,3475,3473.125,23272.46153846154,205,568,1.145343675869195,37.39,,,,,,,,,,,,,,,0.05223628168591451,,,,,,11.81,65,23446.6,23494.95,23403.05,23431.5,mid_price,no_price_available
2026-09-10T08:24:36.620753+00:00,2026-09-10T13:54:36.620753+05:30,NIFTY,29-Sep-2026,27050.0,CE,23434.1,1.15,910,2.5,1300,0.0,1.825,64,0,0,0,22,0.002769153902038496,7.223411464446562e-06,-0.27223657504158627,0.4558624789054591,0.1092601759945511,-0.0006547817761386023,16.23100009747644,1.6807489514236965e-08,0.00022434793447744086,-1.351325515224688e-06,-0.10923207528091289,67.24908352543666,-0.0023633149775417715,5.421311638015896e-06,0.05223628168591451,23515.5,0.06638205365825421,0.0121,index_dividend_yield,0.065,11.81,65,23446.6,23494.95,23403.05,23431.5,mid_price,wide_quote_low_liquidity
2026-09-10T08:24:36.620753+00:00,2026-09-10T13:54:36.620753+05:30,NIFTY,29-Sep-2026,27050.0,PE,23434.1,3462.5,650,3560.05,65,0.0,3511.275,0,0,0,0,0,,,,,,,,,,,,,,,0.05223628168591451,,,,,,11.81,65,23446.6,23494.95,23403.05,23431.5,mid_price,no_price_available
2026-09-10T08:24:36.620753+00:00,2026-09-10T13:54:36.620753+05:30,NIFTY,29-Sep-2026,27100.0,CE,23434.1,1.55,325,2.2,65,2.15,1.875,208,0,2,19.444444444444443,23.83,0.004787312808425869,1.0898047619393583e-05,-0.48147657576509423,0.7449747556913057,0.15439282496815948,-0.0010015354717116199,21.421652588762107,2.1749107364639074e-08,0.0002676335623690931,-1.746560200690801e-06,-0.1585019043582684,59.24529600363315,-0.004069844131093326,8.149044271004944e-06,0.05223628168591451,23515.5,0.06638205365825421,0.0121,index_dividend_yield,0.065,11.81,65,23446.6,23494.95,23403.05,23431.5,mid_price,wide_quote_low_liquidity
2026-09-10T08:24:36.620753+00:00,2026-09-10T13:54:36.620753+05:30,NIFTY,29-Sep-2026,27100.0,PE,23434.1,3511.6,650,3610.3,65,0.0,3560.95,0,0,0,0,0,,,,,,,,,,,,,,,0.05223628168591451,,,,,,11.81,65,23446.6,23494.95,23403.05,23431.5,mid_price,no_price_available
2026-09-10T08:24:36.620753+00:00,2026-09-10T13:54:36.620753+05:30,NIFTY,29-Sep-2026,27150.0,CE,23434.1,1.2,910,2.5,1300,0.0,1.85,119,0,0,0,16.39,6.232338684114895e-05,2.8896502501501226e-07,-0.006048931965798195,0.013586044957451216,0.006000437620874407,-2.6827093927034654e-05,1.2328339027048085,1.2918285333604094e-09,2.4453522341191436e-05,-1.0950618647769801e-07,-0.005870227890744948,115.2946145408192,-5.332688756374804e-05,2.1527924953147118e-07,0.05223628168591451,23515.5,0.06638205365825421,0.0121,index_dividend_yield,0.065,11.81,65,23446.6,23494.95,23403.05,23431.5,mid_price,wide_quote_low_liquidity
2026-09-10T08:24:36.620753+00:00,2026-09-10T13:54:36.620753+05:30,NIFTY,29-Sep-2026,27150.0,PE,23434.1,3560.75,650,3660.55,65,0.0,3610.65,0,0,0,0,0,,,,,,,,,,,,,,,0.05223628168591451,,,,,,11.81,65,23446.6,23494.95,23403.05,23431.5,mid_price,no_price_available
2026-09-10T08:24:36.620753+00:00,2026-09-10T13:54:36.620753+05:30,NIFTY,29-Sep-2026,27200.0,CE,23434.1,1.7,260,2,585,2,1.85,664,3,40,-4.761904761904762,24.19,0.004421395714145483,1.0000390393413146e-05,-0.4549152922106001,0.6939395425335537,0.14317968700004086,-0.0009419669321283474,20.074816837909626,1.986635160760567e-08,0.0002479523308038212,-1.6405458480362582e-06,-0.15027363901923108,58.802186998332246,-0.0037444630773467275,7.422935790701092e-06,0.05223628168591451,23515.5,0.06638205365825421,0.0121,index_dividend_yield,0.065,11.81,65,23446.6,23494.95,23403.05,23431.5,mid_price,wide_quote_low_liquidity
2026-09-10T08:24:36.620753+00:00,2026-09-10T13:54:36.620753+05:30,NIFTY,29-Sep-2026,27200.0,PE,23434.1,3609.9,650,3710.85,65,0.0,3660.375,0,0,0,0,0,,,,,,,,,,,,,,,0.05223628168591451,,,,,,11.81,65,23446.6,23494.95,23403.05,23431.5,mid_price,no_price_available
2026-09-10T08:24:36.620753+00:00,2026-09-10T13:54:36.620753+05:30,NIFTY,29-Sep-2026,28500.0,CE,23434.1,0.6,13130,0.65,7215,0.65,0.625,8503,-180,648,-7.142857142857143,27.92,0.0013857990339081207,3.035467215925244e-06,-0.1826078363957343,0.24311389061830968,0.049680119539002365,-0.00037409984555483933,7.960463287182557,5.974473432073873e-09,8.851781824474416e-05,-6.684396218443867e-07,-0.06632534671542037,56.183249646164235,-0.0011191906919790873,2.052260018275419e-06,0.05223628168591451,23515.5,0.06638205365825421,0.0121,index_dividend_yield,0.065,11.81,65,23446.6,23494.95,23403.05,23431.5,mid_price,ok
2026-09-10T08:24:36.620753+00:00,2026-09-10T13:54:36.620753+05:30,NIFTY,29-Sep-2026,28500.0,PE,23434.1,4950.95,65,4967.7,975,4972,4959.325,6641,-5,25,1.2864520203306273,49.44,,,,,,,,,,,,,,,0.05223628168591451,,,,,,11.81,65,23446.6,23494.95,23403.05,23431.5,mid_price,no_price_available
2026-09-10T08:24:36.620753+00:00,2026-09-10T13:54:36.620753+05:30,NIFTY,29-Sep-2026,30000.0,CE,23434.1,0.65,585,0.7,5135,0.7,0.675,4423,30,96,0,34.87,0.001243161418474485,2.2007262976131976e-06,-0.20540820426541914,0.22013383182184698,0.0365940211377499,-0.0003421666451359391,5.9283626820875455,3.481944053997251e-09,5.295479179541981e-05,-4.96138757924304e-07,-0.06121063810914787,45.5385100017818,-0.0009497546200517226,1.3428270507016264e-06,0.05223628168591451,23515.5,0.06638205365825421,0.0121,index_dividend_yield,0.065,11.81,65,23446.6,23494.95,23403.05,23431.5,mid_price,ok
2026-09-10T08:24:36.620753+00:00,2026-09-10T13:54:36.620753+05:30,NIFTY,29-Sep-2026,30000.0,PE,23434.1,6447,65,6472.5,130,6444,6459.75,2185,-7,26,1.0031347962382444,55.07,,,,,,,,,,,,,,,0.05223628168591451,,,,,,11.81,65,23446.6,23494.95,23403.05,23431.5,mid_price,no_price_available
2026-09-10T08:24:36.620753+00:00,2026-09-10T13:54:36.620753+05:30,NIFTY,29-Sep-2026,31500.0,CE,23434.1,0.55,3510,0.95,130,1,0.75,249,0,6,53.84615384615385,42.45,0.0014793722451963255,2.119188856932997e-06,-0.2921336178354441,0.2580573119473741,0.03483257894202815,-0.00039500537969151096,5.544140004459824,2.6849426326586374e-09,4.0536206983923124e-05,-4.604525968268052e-07,-0.06964386580605478,37.09320386449156,-0.001070893493076823,1.1728571285756905e-06,0.05223628168591451,23515.5,0.06638205365825421,0.0121,index_dividend_yield,0.065,11.81,65,23446.6,23494.95,23403.05,23431.5,mid_price,wide_quote_low_liquidity
2026-09-10T08:24:36.620753+00:00,2026-09-10T13:54:36.620753+05:30,NIFTY,29-Sep-2026,31500.0,PE,23434.1,,0,,0,0.0,,0,0,0,0,0,,,,,,,,,,,,,,,0.05223628168591451,,,,,,11.81,65,23446.6,23494.95,23403.05,23431.5,none,no_price_available
2026-09-10T08:24:36.620753+00:00,2026-09-10T13:54:36.620753+05:30,NIFTY,29-Sep-2026,33000.0,CE,23434.1,0.55,520,0.95,260,0.5,0.75,539,-2,4,-37.5,45.9,0.0007251018045346526,1.0190297584691144e-06,-0.1638840199529299,0.134173999384323,0.017952505775202108,-0.0002196650529781135,3.0617242752545293,1.2791720943975341e-09,2.1032878222100014e-05,-2.575959490548439e-07,-0.04098614816111873,36.17087016105832,-0.0005006768157853938,5.138726985273531e-07,0.05223628168591451,23515.5,0.06638205365825421,0.0121,index_dividend_yield,0.065,11.81,65,23446.6,23494.95,23403.05,23431.5,mid_price,wide_quote_low_liquidity
2026-09-10T08:24:36.620753+00:00,2026-09-10T13:54:36.620753+05:30,NIFTY,29-Sep-2026,33000.0,PE,0,,0,,0,0.0,,0,0,0,0,0,,,,,,,,,,,,,,,0.05223628168591451,,,,,,11.81,65,23446.6,23494.95,23403.05,23431.5,none,no_price_available
2026-09-10T08:24:36.620753+00:00,2026-09-10T13:54:36.620753+05:30,NIFTY,29-Sep-2026,34500.0,CE,23434.1,0.2,1755,0.55,1495,0.0,0.375,151,0,0,0,52.03,0.0007623774341290463,9.414671344284302e-07,-0.19421802371264513,0.14051665492636028,0.016583271247379835,-0.00022958029485972058,2.8153021821115676,1.0323357032304452e-09,1.7052970343094756e-05,-2.3625942409007767e-07,-0.042664784535809394,31.912001516386763,-0.0005016170605007972,4.3437370925899753e-07,0.05223628168591451,23515.5,0.06638205365825421,0.0121,index_dividend_yield,0.065,11.81,65,23446.6,23494.95,23403.05,23431.5,mid_price,wide_quote_low_liquidity
2026-09-10T08:24:36.620753+00:00,2026-09-10T13:54:36.620753+05:30,NIFTY,29-Sep-2026,34500.0,PE,0,,0,,0,0.0,,0,0,0,0,0,,,,,,,,,,,,,,,0.05223628168591451,,,,,,11.81,65,23446.6,23494.95,23403.05,23431.5,none,no_price_available
2026-09-10T08:30:31.480042+00:00,2026-09-10T14:00:31.480042+05:30,NIFTY,29-Sep-2026,15000.0,CE,23425.25,,0,8809.15,1690,0.0,,0,0,0,0,0,,,,,,,,,,,,,,,0.05222502917167681,,,,,,11.85,65,23446.6,23494.95,23403.05,23431.5,none,no_price_available
2026-09-10T08:30:31.480042+00:00,2026-09-10T14:00:31.480042+05:30,NIFTY,29-Sep-2026,15000.0,PE,23425.25,1.35,65,1.55,65,1.4,1.4500000000000002,1470,67,176,-9.67741935483871,67.52,-0.001421810957186817,1.2855648951487426e-06,-0.4354609898357312,0.24875601932839678,-0.01947397549553417,0.00034048348709176356,3.1107843018186863,-1.1177651193646746e-09,1.4172414292144835e-05,-2.472551392873326e-07,-0.060918629202711426,-21.86314576837991,0.002321978355644902,3.1353061584542705e-06,0.05222502917167681,23516,0.07403615039007856,0.0121,index_dividend_yield,0.065,11.85,65,23446.6,23494.95,23403.05,23431.5,mid_price,ok
2026-09-10T08:30:31.480042+00:00,2026-09-10T14:00:31.480042+05:30,NIFTY,29-Sep-2026,16500.0,CE,23425.25,,0,7117.35,1690,0.0,,0,0,0,0,0,,,,,,,,,,,,,,,0.05222502917167681,,,,,,11.85,65,23446.6,23494.95,23403.05,23431.5,none,no_price_available
2026-09-10T08:30:31.480042+00:00,2026-09-10T14:00:31.480042+05:30,NIFTY,29-Sep-2026,16500.0,PE,23425.25,0.8,8255,1.15,130,1,0.975,2042,0,369,17.647058823529413,52.57,-0.0013482402171480674,1.5729394585956586e-06,-0.32198858495042426,0.2369720603108388,-0.024251574243159622,0.00032903382755575857,3.895007380317561,-1.7479274917177437e-09,2.2861459599629215e-05,-3.0937338244684435e-07,-0.05906628014373708,-28.465271782619244,0.001981356776338799,3.1703892574988982e-06,0.05222502917167681,23516,0.07403615039007856,0.0121,index_dividend_yield,0.065,11.85,65,23446.6,23494.95,23403.05,23431.5,mid_price,wide_quote_low_liquidity
2026-09-10T08:30:31.480042+00:00,2026-09-10T14:00:31.480042+05:30,NIFTY,29-Sep-2026,18000.0,CE,23425.25,5451.2,130,5554.7,65,0.0,5502.95,18,0,0,0,69.65,0.959510666628149,2.3042007954628442e-05,-10.674388361389044,4.599266797660528,-0.19648323663395972,0.0035426937166972423,18.428717017626717,-1.1813626627995968e-08,5.924417109810212e-05,-1.0451059078893862e-06,-0.4497606265689562,4.060790821213928,-0.9412057419095666,3.9025078108507814e-05,0.05222502917167681,23516,0.07403615039007856,0.0121,index_dividend_yield,0.065,11.85,65,23446.6,23494.95,23403.05,23431.5,mid_price,ok
2026-09-10T08:30:31.480042+00:00,2026-09-10T14:00:31.480042+05:30,NIFTY,29-Sep-2026,18000.0,PE,23425.25,1.25,650,1.35,4940,1.3,1.3,13194,-91,599,-16.129032258064516,41.56,-0.002182162111092634,3.084054037980584e-06,-0.3927530910593647,0.3673200866771286,-0.04549163829560446,0.0004853178335908985,6.941443707480177,-4.094926033110715e-09,5.08597640553885e-05,-5.406838609968003e-07,-0.0836931003946384,-34.87496648988527,0.0029213019278955575,5.22330562336584e-06,0.05222502917167681,23516,0.07403615039007856,0.0121,index_dividend_yield,0.065,11.85,65,23446.6,23494.95,23403.05,23431.5,mid_price,ok
2026-09-10T08:30:31.480042+00:00,2026-09-10T14:00:31.480042+05:30,NIFTY,29-Sep-2026,19500.0,CE,23425.25,3997.7,65,4013.95,130,4020,4005.825,2161,0,10,-1.08632801446797,0,,,,,,,,,,,,,,,0.05222502917167681,23516,0.07403615039007856,0.0121,index_dividend_yield,0.065,11.85,65,23446.6,23494.95,23403.05,23431.5,mid_price,no_nse_iv
2026-09-10T08:30:31.480042+00:00,2026-09-10T14:00:31.480042+05:30,NIFTY,29-Sep-2026,19500.0,PE,23425.25,3.3,195,3.35,6955,3.3,3.325,15090,166,707,-9.58904109589041,33.29,-0.006472201214213537,1.0202093404238913e-05,-0.827234858383085,0.973307905166774,-0.13156738552685562,0.0011136808780006068,17.502769926211858,-1.4704684003827782e-08,0.00015281466291813846,-1.2852701713502546e-06,-0.17368618080178388,-39.634645470866076,0.007971189446514211,1.4722736575076977e-05,0.05222502917167681,23516,0.07403615039007856,0.0121,index_dividend_yield,0.065,11.85,65,23446.6,23494.95,23403.05,23431.5,mid_price,ok
2026-09-10T08:30:31.480042+00:00,2026-09-10T14:00:31.480042+05:30,NIFTY,29-Sep-2026,21000.0,CE,23425.25,2505.7,65,2518.75,65,2529,2512.225,7923,33,233,-1.4764891503369824,0,,,,,,,,,,,,,,,0.05222502917167681,23516,0.07403615039007856,0.0121,index_dividend_yield,0.065,11.85,65,23446.6,23494.95,23403.05,23431.5,mid_price,no_nse_iv
2026-09-10T08:30:31.480042+00:00,2026-09-10T14:00:31.480042+05:30,NIFTY,29-Sep-2026,21000.0,PE,23425.25,7.5,3315,7.6,520,7.5,7.55,29897,1488,4494,-5.660377358490566,23.86,-0.018645538544811404,3.571023808857635e-05,-1.4633216586867834,2.4418014386962117,-0.3876405833594491,0.0023036174144928923,43.210984812803055,-5.989461353050132e-08,0.0004822770277616582,-2.819268905452099e-06,-0.3208183136956535,-49.470459753154294,0.021219306496010313,4.443473814884081e-05,0.05222502917167681,23516,0.07403615039007856,0.0121,index_dividend_yield,0.065,11.85,65,23446.6,23494.95,23403.05,23431.5,mid_price,ok
2026-09-10T08:30:31.480042+00:00,2026-09-10T14:00:31.480042+05:30,NIFTY,29-Sep-2026,21600.0,CE,23425.25,1908.9,65,1919,65,1930,1913.95,695,-80,96,-5.392156862745098,0,,,,,,,,,,,,,,,0.05222502917167681,23516,0.07403615039007856,0.0121,index_dividend_yield,0.065,11.85,65,23446.6,23494.95,23403.05,23431.5,mid_price,no_nse_iv
2026-09-10T08:30:31.480042+00:00,2026-09-10T14:00:31.480042+05:30,NIFTY,29-Sep-2026,21600.0,PE,23425.25,10.5,7475,10.55,1170,10.5,10.525,6844,1292,3718,0.4784688995215311,19.78,-0.03014940609480531,6.451620091237126e-05,-1.7928374111876562,3.657145449603507,-0.6330990678865139,0.0030641536199571655,63.65963893762561,-1.1740950149517974e-07,0.0007968735120715984,-3.7442229976066915e-06,-0.4039990127690855,-56.17541087991704,0.0332791543101833,7.588042459556434e-05,0.05222502917167681,23516,0.07403615039007856,0.0121,index_dividend_yield,0.065,11.85,65,23446.6,23494.95,23403.05,23431.5,mid_price,ok
2026-09-10T08:30:31.480042+00:00,2026-09-10T14:00:31.480042+05:30,NIFTY,29-Sep-2026,21650.0,CE,23425.25,1846.15,65,1904.2,65,0.0,1875.1750000000002,1,0,0,0,25.63,0.9218993929352947,0.00010572887069087542,-8.015389444536117,7.765856474781771,-0.7716757460832779,0.004859507183810674,58.74223375864318,-1.1399672521047723e-07,0.0003872432008310438,-2.2296174773526236e-06,-0.5710027752484903,11.469645792779717,-0.9105249391864064,0.00012377879801109243,0.05222502917167681,23516,0.07403615039007856,0.0121,index_dividend_yield,0.065,11.85,65,23446.6,23494.95,23403.05,23431.5,mid_price,ok
2026-09-10T08:30:31.480042+00:00,2026-09-10T14:00:31.480042+05:30,NIFTY,29-Sep-2026,21650.0,PE,23425.25,10.95,715,11.15,520,10.9,11.05,337,69,271,-3.111111111111111,19.44,-0.03154000516431694,6.814101765962666e-05,-1.8263426416840365,3.7962257971748694,-0.6616651550979784,0.003141017406990621,65.82444250371377,-1.247987731536433e-07,0.0008310238836086046,-3.822702331110768e-06,-0.41201486916116625,-56.81026179676761,0.03472691782519052,7.977398421119346e-05,0.05222502917167681,23516,0.07403615039007856,0.0121,index_dividend_yield,0.065,11.85,65,23446.6,23494.95,23403.05,23431.5,mid_price,ok
2026-09-10T08:30:31.480042+00:00,2026-09-10T14:00:31.480042+05:30,NIFTY,29-Sep-2026,21700.0,CE,23425.25,1621.75,650,1872.65,650,0.0,1747.2,1,0,0,0,16.59,0.9819360834070202,4.849566551544755e-05,-4.01834812813122,2.3056663952883425,-0.5378380558406226,0.002207835405055758,60.741228086539586,-1.1788010927483593e-07,0.0009852709719187227,-3.894541859900713e-06,-0.3060654296751806,12.852844313245084,-0.977532157451939,5.6513463561757115e-05,0.05222502917167681,23516,0.07403615039007856,0.0121,index_dividend_yield,0.065,11.85,65,23446.6,23494.95,23403.05,23431.5,mid_price,ok
2026-09-10T08:30:31.480042+00:00,2026-09-10T14:00:31.480042+05:30,NIFTY,29-Sep-2026,21700.0,PE,23425.25,11.35,455,11.5,2405,11.4,11.425,3313,378,1028,0.8849557522123894,19.11,-0.03309475928477032,7.212552394572439e-05,-1.865194562635636,3.9499975686431372,-0.6923483772629003,0.0032239852840105984,68.0803923994635,-1.3278778446522604e-07,0.0008657190629112981,-3.898092937704647e-06,-0.42059089587654647,-57.40996596021656,0.036348240339319285,8.405005119645113e-05,0.05222502917167681,23516,0.07403615039007856,0.0121,index_dividend_yield,0.065,11.85,65,23446.6,23494.95,23403.05,23431.5,mid_price,ok
2026-09-10T08:30:31.480042+00:00,2026-09-10T14:00:31.480042+05:30,NIFTY,29-Sep-2026,21750.0,CE,23425.25,1700.15,650,1820.7,650,0.0,1760.4250000000002,1,0,0,0,29.91,0.8764523826052194,0.00012703577591359838,-11.191803521499288,10.889040616991437,-0.7424909714677796,0.005423709899910922,46.113936303966874,-9.73467472620846e-08,0.0001132628086512286,-5.736191236936606e-07,-0.620275832491636,11.191883997213255,-0.8596161595677159,0.00014735877104799874,0.05222502917167681,23516,0.07403615039007856,0.0121,index_dividend_yield,0.065,11.85,65,23446.6,23494.95,23403.05,23431.5,mid_price,ok
2026-09-10T08:30:31.480042+00:00,2026-09-10T14:00:31.480042+05:30,NIFTY,29-Sep-2026,21750.0,PE,23425.25,11.9,65,12.1,910,11.9,12.0,411,106,655,3.0303030303030303,18.82,-0.03504988687567169,7.677617819920081e-05,-1.9226183408414181,4.140885949515557,-0.7266281756170972,0.0033247124248531115,70.44474396173817,-1.4147551628659207e-07,0.0008981879094726404,-3.963629320659958e-06,-0.43089467872395465,-57.82444008699892,0.03840236399069086,8.905871738754291e-05,0.05222502917167681,23516,0.07403615039007856,0.0121,index_dividend_yield,0.065,11.85,65,23446.6,23494.95,23403.05,23431.5,mid_price,ok
2026-09-10T08:30:31.480042+00:00,2026-09-10T14:00:31.480042+05:30,NIFTY,29-Sep-2026,21800.0,CE,23425.25,1699,65,1754.05,65,0.0,1726.525,2,0,0,0,0,,,,,,,,,,,,,,,0.05222502917167681,23516,0.07403615039007856,0.0121,index_dividend_yield,0.065,11.85,65,23446.6,23494.95,23403.05,23431.5,mid_price,no_nse_iv
2026-09-10T08:30:31.480042+00:00,2026-09-10T14:00:31.480042+05:30,NIFTY,29-Sep-2026,21800.0,PE,23425.25,12.4,130,12.5,2080,12.3,12.45,4989,39,2064,-1.6,18.51,-0.03700105466988425,8.160350976545413e-05,-1.9734168998571835,4.328749128366501,-0.7618482800602449,0.003420201025354515,72.85323846069991,-1.5076821690691903e-07,0.0009325576008024152,-4.026532627463217e-06,-0.4405606000098361,-58.339984814534375,0.04044110031125324,9.422460378335072e-05,0.05222502917167681,23516,0.07403615039007856,0.0121,index_dividend_yield,0.065,11.85,65,23446.6,23494.95,23403.05,23431.5,mid_price,ok
2026-09-10T08:30:31.480042+00:00,2026-09-10T14:00:31.480042+05:30,NIFTY,29-Sep-2026,21850.0,CE,23425.25,1486.55,650,1702.4,65,0.0,1594.475,1,0,0,0,19.44,0.950067040593826,9.798429149705928e-05,-5.714104082582287,5.4588338694482115,-0.8428839327240811,0.003996514802683593,74.51349435456089,-1.596719750789108e-07,0.0008334867498684492,-3.7204026358886175e-06,-0.4934979795413365,13.437300798353508,-0.9427599918558976,0.00011262169076761506,0.05222502917167681,23516,0.07403615039007856,0.0121,index_dividend_yield,0.065,11.85,65,23446.6,23494.95,23403.05,23431.5,mid_price,ok
2026-09-10T08:30:31.480042+00:00,2026-09-10T14:00:31.480042+05:30,NIFTY,29-Sep-2026,21850.0,PE,23425.25,12.3,2730,13,975,12.3,12.65,216,0,14,-3.5294117647058822,18.03,-0.037747544699334105,8.515396685260964e-05,-1.950064618665222,4.399950301710295,-0.7913201368615965,0.003451600427333265,75.28367046638307,-1.6060366821395492e-07,0.0009847324057673844,-4.1229655408729616e-06,-0.4437379436098965,-59.739055158254935,0.04114633746259067,9.7874705996095e-05,0.05222502917167681,23516,0.07403615039007856,0.0121,index_dividend_yield,0.065,11.85,65,23446.6,23494.95,23403.05,23431.5,mid_price,ok
2026-09-10T08:30:31.480042+00:00,2026-09-10T14:00:31.480042+05:30,NIFTY,29-Sep-2026,21900.0,CE,23425.25,1433.6,650,1654.65,65,0.0,1544.125,9,0,0,0,14.08,0.9852734150992118,4.761810139355961e-05,-3.771800277076956,1.9214181572691234,-0.5511581354986639,0.0019060742937878628,64.7441878603101,-1.41862884562906e-07,0.0012663380998263792,-4.204248149991023e-06,-0.27040531008676316,14.530082374690243,-0.9813620254586248,5.448190877794468e-05,0.05222502917167681,23516,0.07403615039007856,0.0121,index_dividend_yield,0.065,11.85,65,23446.6,23494.95,23403.05,23431.5,mid_price,ok
2026-09-10T08:30:31.480042+00:00,2026-09-10T14:00:31.480042+05:30,NIFTY,29-Sep-2026,21900.0,PE,23425.25,13.45,585,13.6,65,13.5,13.524999999999999,3042,-21,516,-1.098901098901099,17.89,-0.04135906150731153,9.24411995256779e-05,-2.0806634104491266,4.739396822715846,-0.838254623663659,0.003617972229029785,77.84981982697614,-1.7152569810291166e-07,0.0010017614669911997,-4.130473103617225e-06,-0.46026818979062245,-59.38664152576584,0.04498450087609792,0.00010576593464440267,0.05222502917167681,23516,0.07403615039007856,0.0121,index_dividend_yield,0.065,11.85,65,23446.6,23494.95,23403.05,23431.5,mid_price,ok
2026-09-10T08:30:31.480042+00:00,2026-09-10T14:00:31.480042+05:30,NIFTY,29-Sep-2026,21950.0,CE,23425.25,1382.1,650,1604.2,65,0.0,1493.15,2,0,0,0,29.21,0.8524208201925857,0.00014703982865809035,-12.029647469483733,12.308743034057015,-0.7733441195750812,0.005455355590075817,43.43729643984506,-1.0477048567209563e-07,1.5517995803645645e-05,2.193429391629401e-07,-0.6272558605322338,12.051504913579823,-0.8342263387617578,0.00016746899256983927,0.05222502917167681,23516,0.07403615039007856,0.0121,index_dividend_yield,0.065,11.85,65,23446.6,23494.95,23403.05,23431.5,mid_price,ok
2026-09-10T08:30:31.480042+00:00,2026-09-10T14:00:31.480042+05:30,NIFTY,29-Sep-2026,21950.0,PE,23425.25,13.95,585,14.15,65,14,14.05,981,85,627,-1.7543859649122806,17.53,-0.04335620656527474,9.800789537504762e-05,-2.1137671988196387,4.923683628397439,-0.8775536528316357,0.0037005885066693014,80.46000560031263,-1.8315441969927778e-07,0.0010425394299355762,-4.184565783619566e-06,-0.46838815668581013,-60.184895607666355,0.04703895862167893,0.00011162474584022408,0.05222502917167681,23516,0.07403615039007856,0.0121,index_dividend_yield,0.065,11.85,65,23446.6,23494.95,23403.05,23431.5,mid_price,ok
2026-09-10T08:30:31.480042+00:00,2026-09-10T14:00:31.480042+05:30,NIFTY,29-Sep-2026,22000.0,CE,23425.25,1517,130,1522.1,65,1522.1,1519.55,12122,112,428,-2.6416783932454906,0,,,,,,,,,,,,,,,0.05222502917167681,23516,0.07403615039007856,0.0121,index_dividend_yield,0.065,11.85,65,23446.6,23494.95,23403.05,23431.5,mid_price,no_nse_iv
2026-09-10T08:30:31.480042+00:00,2026-09-10T14:00:31.480042+05:30,NIFTY,29-Sep-2026,22000.0,PE,23425.25,14.7,520,14.75,455,14.7,14.725,48734,-2152,13002,-1.0101010101010102,17.22,-0.04596504975373027,0.00010457976315142925,-2.171881192493192,5.160929912774569,-0.9212858901040781,0.003804407988963074,83.10356228910453,-1.956775558450012e-07,0.0010767163957929766,-4.2123910335687586e-06,-0.47848514971864026,-60.72567942469404,0.049748820057686556,0.0001185688919286113,0.05222502917167681,23516,0.07403615039007856,0.0121,index_dividend_yield,0.065,11.85,65,23446.6,23494.95,23403.05,23431.5,mid_price,ok
2026-09-10T08:30:31.480042+00:00,2026-09-10T14:00:31.480042+05:30,NIFTY,29-Sep-2026,22050.0,CE,23425.25,1407.85,650,1509,195,1500,1458.425,1,1,1,-3.225806451612903,0,,,,,,,,,,,,,,,0.05222502917167681,23516,0.07403615039007856,0.0121,index_dividend_yield,0.065,11.85,65,23446.6,23494.95,23403.05,23431.5,mid_price,no_nse_iv
2026-09-10T08:30:31.480042+00:00,2026-09-10T14:00:31.480042+05:30,NIFTY,29-Sep-2026,22050.0,PE,23425.25,15.1,650,15.3,65,15.25,15.2,1156,625,1103,-2.2435897435897436,16.84,-0.04811009193145549,0.00011092281015791582,-2.197970644439171,5.353158604996455,-0.9647080636114407,0.0038828162085151607,85.89233444671906,-2.0938676542397907e-07,0.0011211376101629682,-4.2554477947468996e-06,-0.48605677078083515,-61.666788456245,0.05193952034172067,0.0001251907222506181,0.05222502917167681,23516,0.07403615039007856,0.0121,index_dividend_yield,0.065,11.85,65,23446.6,23494.95,23403.05,23431.5,mid_price,ok
2026-09-10T08:30:31.480042+00:00,2026-09-10T14:00:31.480042+05:30,NIFTY,29-Sep-2026,22100.0,CE,23425.25,1417.85,65,1429.45,130,1450,1423.65,12,0,1,-1.3773167828600579,0,,,,,,,,,,,,,,,0.05222502917167681,23516,0.07403615039007856,0.0121,index_dividend_yield,0.065,11.85,65,23446.6,23494.95,23403.05,23431.5,mid_price,no_nse_iv
2026-09-10T08:30:31.480042+00:00,2026-09-10T14:00:31.480042+05:30,NIFTY,29-Sep-2026,22100.0,PE,23425.25,15.95,65,16.05,130,15.95,16.0,2261,391,2195,-0.9316770186335404,16.52,-0.05103010800738071,0.00011851540939085994,-2.254642934406946,5.610893484099008,-1.0131127115657994,0.003985768321223382,88.65544705470319,-2.240641007967396e-07,0.0011552638960835116,-4.260179182726074e-06,-0.495895067648795,-62.28230840993031,0.05495865055034438,0.00013315538745381367,0.05222502917167681,23516,0.07403615039007856,0.0121,index_dividend_yield,0.065,11.85,65,23446.6,23494.95,23403.05,23431.5,mid_price,ok
2026-09-10T08:30:31.480042+00:00,2026-09-10T14:00:31.480042+05:30,NIFTY,29-Sep-2026,22150.0,CE,23425.25,1363.5,195,1402.2,65,0.0,1382.85,1,0,0,0,30.44,0.8098365414299119,0.00016623458780749264,-14.058944528878722,14.501509090645646,-0.720486733539194,0.005216597817386037,33.910281431842826,-9.66078978646754e-08,-0.0001573802098795362,1.5656352382352262e-06,-0.6241406849149502,12.554039235279856,-0.788239563692468,0.00018592697297254446,0.05222502917167681,23516,0.07403615039007856,0.0121,index_dividend_yield,0.065,11.85,65,23446.6,23494.95,23403.05,23431.5,mid_price,ok
2026-09-10T08:30:31.480042+00:00,2026-09-10T14:00:31.480042+05:30,NIFTY,29-Sep-2026,22150.0,PE,23425.25,16.55,585,16.85,260,16.7,16.700000000000003,1109,-40,256,-0.8902077151335311,16.14,-0.05355852119689826,0.00012605435934263945,-2.283005771338334,5.830537059045664,-1.0621767196336944,0.004066872299240694,91.60356741496045,-2.4028256731411865e-07,0.0011994977963539963,-4.277988657965404e-06,-0.5035990426095207,-63.26479420318491,0.05753738271321729,0.00014098693762643042,0.05222502917167681,23516,0.07403615039007856,0.0121,index_dividend_yield,0.065,11.85,65,23446.6,23494.95,23403.05,23431.5,mid_price,ok
2026-09-10T08:30:31.480042+00:00,2026-09-10T14:00:31.480042+05:30,NIFTY,29-Sep-2026,22200.0,CE,23425.25,1306.65,195,1348.65,65,0.0,1327.65,1,0,0,0,21.3,0.8813854474181685,0.0001733147664342183,-8.662121394337548,10.579431474036447,-1.0540579309540887,0.005330597578147467,66.85307921026151,-1.870110650330174e-07,0.0002815449091937011,-9.582181042189436e-07,-0.6133533746849302,15.259480179820748,-0.8690826702039809,0.00019297368327897828,0.05222502917167681,23516,0.07403615039007856,0.0121,index_dividend_yield,0.065,11.85,65,23446.6,23494.95,23403.05,23431.5,mid_price,ok
2026-09-10T08:30:31.480042+00:00,2026-09-10T14:00:31.480042+05:30,NIFTY,29-Sep-2026,22200.0,PE,23425.25,17.5,845,17.7,650,17.55,17.6,3878,362,2499,-0.2840909090909091,15.9,-0.05785909328271705,0.00013599880012455412,-2.384248932235892,6.196969537129059,-1.1184959907819154,0.004201061311801001,94.16808629700756,-2.568366756740759e-07,0.0012113478729864923,-4.1966003390561755e-06,-0.5161669948611074,-63.40685138009101,0.062015287913215665,0.00015142500504432074,0.05222502917167681,23516,0.07403615039007856,0.0121,index_dividend_yield,0.065,11.85,65,23446.6,23494.95,23403.05,23431.5,mid_price,ok
2026-09-10T08:30:31.480042+00:00,2026-09-10T14:00:31.480042+05:30,NIFTY,29-Sep-2026,22250.0,CE,23425.25,1258.3,195,1300,65,0.0,1279.15,3,0,0,0,23.5,0.8495349055941923,0.00018515992867132263,-10.332819287082481,12.469872910238294,-0.9744077883550584,0.00540698180760979,54.08042506415889,-1.600825616076877e-07,1.5117724137383233e-05,4.2913277750896393e-07,-0.6251753175774937,14.897077339336503,-0.8343684024149693,0.00020523689853706826,0.05222502917167681,23516,0.07403615039007856,0.0121,index_dividend_yield,0.065,11.85,65,23446.6,23494.95,23403.05,23431.5,mid_price,ok
2026-09-10T08:30:31.480042+00:00,2026-09-10T14:00:31.480042+05:30,NIFTY,29-Sep-2026,22250.0,PE,23425.25,18.5,2080,18.8,130,18.25,18.65,905,80,385,-1.881720430107527,15.6,-0.061846747070053894,0.00014604286585896963,-2.457612609134653,6.529081732843572,-1.1754062412882016,0.0043117587666495,96.84831827317453,-2.750122810326713e-07,0.0012302174920135619,-4.117641239331831e-06,-0.5264487858469442,-63.90846774883283,0.0661323618406827,0.00016187835595662698,0.05222502917167681,23516,0.07403615039007856,0.0121,index_dividend_yield,0.065,11.85,65,23446.6,23494.95,23403.05,23431.5,mid_price,ok
2026-09-10T08:30:31.480042+00:00,2026-09-10T14:00:31.480042+05:30,NIFTY,29-Sep-2026,22300.0,CE,23425.25,1169.5,650,1268.15,650,0.0,1218.825,30,0,0,0,22.82,0.8463147688631526,0.00019339205559222892,-10.21467105780919,12.647405115511111,-1.0051279858596107,0.005389041952986395,55.04687509906425,-1.6973283851751214e-07,-5.726938410451727e-06,5.886556095128744e-07,-0.6248977771812374,15.419876269440465,-0.8313653812476262,0.0002134014531796268,0.05222502917167681,23516,0.07403615039007856,0.0121,index_dividend_yield,0.065,11.85,65,23446.6,23494.95,23403.05,23431.5,mid_price,ok
2026-09-10T08:30:31.480042+00:00,2026-09-10T14:00:31.480042+05:30,NIFTY,29-Sep-2026,22300.0,PE,23425.25,19.8,585,19.95,325,19.9,19.875,3673,-702,6307,0.2518891687657431,15.29,-0.06607099945521748,0.0001568591975573526,-2.5279898625826305,6.873289468159488,-1.2347157352836715,0.0044172649036284956,99.5044866626027,-2.9464306366040035e-07,0.0012450451917966811,-4.011276089307042e-06,-0.5361850475737704,-64.47115514742491,0.07048144506169149,0.00017308870625952594,0.05222502917167681,23516,0.07403615039007856,0.0121,index_dividend_yield,0.065,11.85,65,23446.6,23494.95,23403.05,23431.5,mid_price,ok
2026-09-10T08:30:31.480042+00:00,2026-09-10T14:00:31.480042+05:30,NIFTY,29-Sep-2026,22350.0,CE,23425.25,1171.2,195,1203.95,65,0.0,1187.575,2,0,0,0,18.26,0.8868928801167526,0.00019541450646043913,-7.6968772126756635,10.225975162030698,-1.2253756263322924,0.005235751108833564,79.5783542459647,-2.5003203305417817e-07,0.00045058369315271454,-1.3309728994213062e-06,-0.6059654979372979,17.451193411728894,-0.8762946331718565,0.00021466943544830042,0.05222502917167681,23516,0.07403615039007856,0.0121,index_dividend_yield,0.065,11.85,65,23446.6,23494.95,23403.05,23431.5,mid_price,ok
2026-09-10T08:30:31.480042+00:00,2026-09-10T14:00:31.480042+05:30,NIFTY,29-Sep-2026,22350.0,PE,23425.25,21.05,390,21.4,650,21.3,21.225,445,-10,303,0.9478672985781991,15,-0.07094168744633458,0.00016890996296350878,-2.611412472028533,7.260954009276612,-1.296808274930672,0.00452666176521184,101.94692410283324,-3.1536785345903356e-07,0.0012456047632050692,-3.849263340046055e-06,-0.5462224998643155,-64.9014202982424,0.07550032048655816,0.00018555329922914605,0.05222502917167681,23516,0.07403615039007856,0.0121,index_dividend_yield,0.065,11.85,65,23446.6,23494.95,23403.05,23431.5,mid_price,ok
2026-09-10T08:30:31.480042+00:00,2026-09-10T14:00:31.480042+05:30,NIFTY,29-Sep-2026,22400.0,CE,23425.25,1119.5,3315,1153.4,3965,1131,1136.45,3,0,1,-2.5,0,,,,,,,,,,,,,,,0.05222502917167681,23516,0.07403615039007856,0.0121,index_dividend_yield,0.065,11.85,65,23446.6,23494.95,23403.05,23431.5,mid_price,no_nse_iv
2026-09-10T08:30:31.480042+00:00,2026-09-10T14:00:31.480042+05:30,NIFTY,29-Sep-2026,22400.0,PE,23425.25,22.85,390,23,455,22.75,22.925,2908,267,1832,-0.8714596949891068,14.74,-0.07667706356883597,0.00018241234035696339,-2.713931913575173,7.705465124205221,-1.3609843531854764,0.004640416137440706,104.00244304279926,-3.367942700095541e-07,0.001224642310414546,-3.6113820935862527e-06,-0.5566246883733426,-65.12348789815823,0.08141788005932678,0.00019949253437445477,0.05222502917167681,23516,0.07403615039007856,0.0121,index_dividend_yield,0.065,11.85,65,23446.6,23494.95,23403.05,23431.5,mid_price,ok
2026-09-10T08:30:31.480042+00:00,2026-09-10T14:00:31.480042+05:30,NIFTY,29-Sep-2026,22450.0,CE,23425.25,923.25,650,1118.6,260,0.0,1020.925,2,0,0,0,17.21,0.8786705641161677,0.00021797452717458397,-7.641655630460292,10.750626525052015,-1.3206691353310762,0.005251693057246709,82.79983958326831,-2.85239157243006e-07,0.0004123136982859166,-9.160566879656308e-07,-0.6090298425459615,18.844476925107287,-0.8681878458958328,0.0002373239251211291,0.05222502917167681,23516,0.07403615039007856,0.0121,index_dividend_yield,0.065,11.85,65,23446.6,23494.95,23403.05,23431.5,mid_price,wide_quote_low_liquidity
2026-09-10T08:30:31.480042+00:00,2026-09-10T14:00:31.480042+05:30,NIFTY,29-Sep-2026,22450.0,PE,23425.25,24.45,130,24.7,65,24.45,24.575,589,-20,404,-0.4073319755600815,14.54,-0.08381427958094666,0.0001977880875217486,-2.8532789750881613,8.241603137575385,-1.4254458537421022,0.004762545751552036,105.27134025373641,-3.577199160269747e-07,0.0011661997394419004,-3.254083033701286e-06,-0.5677938703768373,-64.92694139203311,0.08880223344269238,0.00021534555381907955,0.05222502917167681,23516,0.07403615039007856,0.0121,index_dividend_yield,0.065,11.85,65,23446.6,23494.95,23403.05,23431.5,mid_price,ok
2026-09-10T08:30:31.480042+00:00,2026-09-10T14:00:31.480042+05:30,NIFTY,29-Sep-2026,22500.0,CE,23425.25,1035.05,65,1040.3,65,1046.5,1037.675,8206,14,342,-4.012841091492777,0,,,,,,,,,,,,,,,0.05222502917167681,23516,0.07403615039007856,0.0121,index_dividend_yield,0.065,11.85,65,23446.6,23494.95,23403.05,23431.5,mid_price,no_nse_iv
2026-09-10T08:30:31.480042+00:00,2026-09-10T14:00:31.480042+05:30,NIFTY,29-Sep-2026,22500.0,PE,23425.25,26.75,520,26.95,455,26.8,26.85,35473,-776,13601,-2.3679417122040074,14.24,-0.09014260612811295,0.00021323951830098286,-2.938582517691785,8.702115481511711,-1.4919363969156663,0.004846167535779836,106.98781512624666,-3.8221269395274764e-07,0.0011243325464998567,-2.92350367755035e-06,-0.5756670441663676,-65.37787407645514,0.09528496325325311,0.00023113787996678094,0.05222502917167681,23516,0.07403615039007856,0.0121,index_dividend_yield,0.065,11.85,65,23446.6,23494.95,23403.05,23431.5,mid_price,ok
2026-09-10T08:30:31.480042+00:00,2026-09-10T14:00:31.480042+05:30,NIFTY,29-Sep-2026,22550.0,CE,23425.25,979.15,65,1012.15,130,0.0,995.65,3,0,0,0,14.99,0.8861811159740076,0.00023911762297907065,-6.872695566436994,10.272126945276245,-1.504222303392977,0.005132779338464344,97.38858330084187,-3.687290379960418e-07,0.0006719690259269177,-1.4137256027242217e-06,-0.5994733350370574,21.146978790205885,-0.8770448021157565,0.00025803995729799516,0.05222502917167681,23516,0.07403615039007856,0.0121,index_dividend_yield,0.065,11.85,65,23446.6,23494.95,23403.05,23431.5,mid_price,ok
2026-09-10T08:30:31.480042+00:00,2026-09-10T14:00:31.480042+05:30,NIFTY,29-Sep-2026,22550.0,PE,23425.25,28.65,2665,29.2,520,29.05,28.924999999999997,405,-72,401,-1.0221465076660987,14.04,-0.09864271547052612,0.00023113709139662076,-3.0836966268579538,9.300020628257393,-1.5551670339885513,0.0049398432009361976,107.31292035581407,-4.0428310054373775e-07,0.0010209600628730464,-2.409668881855106e-06,-0.5846886153851152,-65.12974577220054,0.10404475157677413,0.00024942789431788216,0.05222502917167681,23516,0.07403615039007856,0.0121,index_dividend_yield,0.065,11.85,65,23446.6,23494.95,23403.05,23431.5,mid_price,ok
2026-09-10T08:30:31.480042+00:00,2026-09-10T14:00:31.480042+05:30,NIFTY,29-Sep-2026,22600.0,CE,23425.25,933.05,1040,948.1,455,0.0,940.575,15,0,0,0,21.74,0.7883212525690996,0.000248294343895004,-11.314306769384324,15.46940203350677,-1.0004306958074638,0.00488955715115702,42.97065167956138,-1.8106365686192493e-07,-0.0004523923933787914,3.1683982447912643e-06,-0.6141360080954943,17.934420161759167,-0.7715463501862743,0.0002667585924357657,0.05222502917167681,23516,0.07403615039007856,0.0121,index_dividend_yield,0.065,11.85,65,23446.6,23494.95,23403.05,23431.5,mid_price,ok
2026-09-10T08:30:31.480042+00:00,2026-09-10T14:00:31.480042+05:30,NIFTY,29-Sep-2026,22600.0,PE,23425.25,31.9,390,32,325,31.85,31.95,6503,-104,4364,-2,13.84,-0.10795592127229058,0.0002503501686787931,-3.231210647550951,9.929585933525052,-1.615554863952512,0.005012073371760961,106.99489184978361,-4.2630816747971486e-07,0.0008888781023815473,-1.802542403877259e-06,-0.5922625788855633,-64.8524440856377,0.11362340860316987,0.00026896729730199525,0.05222502917167681,23516,0.07403615039007856,0.0121,index_dividend_yield,0.065,11.85,65,23446.6,23494.95,23403.05,23431.5,mid_price,ok
2026-09-10T08:30:31.480042+00:00,2026-09-10T14:00:31.480042+05:30,NIFTY,29-Sep-2026,22650.0,CE,23425.25,885.75,65,945.95,650,0.0,915.85,3,0,0,0,0,,,,,,,,,,,,,,,0.05222502917167681,23516,0.07403615039007856,0.0121,index_dividend_yield,0.065,11.85,65,23446.6,23494.95,23403.05,23431.5,mid_price,no_nse_iv
2026-09-10T08:30:31.480042+00:00,2026-09-10T14:00:31.480042+05:30,NIFTY,29-Sep-2026,22650.0,PE,23425.25,34.3,1495,34.85,130,33.7,34.575,1609,50,717,-0.14814814814814814,13.59,-0.11731741086396623,0.0002705560762410799,-3.35029861915195,10.537168110141327,-1.6758455102879808,0.005052259690327798,106.59414741164674,-4.5051775332928436e-07,0.0007462633494044674,-1.1542255231701353e-06,-0.5976058265594784,-64.88627760376593,0.12320280889479349,0.0002893938837346669,0.05222502917167681,23516,0.07403615039007856,0.0121,index_dividend_yield,0.065,11.85,65,23446.6,23494.95,23403.05,23431.5,mid_price,ok
2026-09-10T08:30:31.480042+00:00,2026-09-10T14:00:31.480042+05:30,NIFTY,29-Sep-2026,22700.0,CE,23425.25,845.45,650,851.25,650,846.25,848.35,27,-1,2,-3.9934199330648363,0,,,,,,,,,,,,,,,0.05222502917167681,23516,0.07403615039007856,0.0121,index_dividend_yield,0.065,11.85,65,23446.6,23494.95,23403.05,23431.5,mid_price,no_nse_iv
2026-09-10T08:30:31.480042+00:00,2026-09-10T14:00:31.480042+05:30,NIFTY,29-Sep-2026,22700.0,PE,23425.25,37.95,260,38.15,65,38.05,38.05,10957,1973,7245,-1.1688311688311688,13.31,-0.12706681866261924,0.0002921722184319786,-3.4512738095033018,11.144590975352246,-1.7354403495954962,0.00506363978610147,105.91194712111829,-4.764717563025101e-07,0.0005816767691713435,-4.370596205399463e-07,-0.6012022329398192,-65.09866862554976,0.13314079299959608,0.00031113987485335506,0.05222502917167681,23516,0.07403615039007856,0.0121,index_dividend_yield,0.065,11.85,65,23446.6,23494.95,23403.05,23431.5,mid_price,ok
2026-09-10T08:30:31.480042+00:00,2026-09-10T14:00:31.480042+05:30,NIFTY,29-Sep-2026,22750.0,CE,23425.25,791.5,1300,824.95,260,0.0,808.225,3,0,0,0,15.74,0.81752910573296,0.0003133283066407763,-8.464304628165639,14.133558467313296,-1.4626133581019385,0.005003281586661745,71.092622683385,-3.4860880011166746e-07,-0.00041453677852816085,2.8665458634378614e-06,-0.6121096634344969,23.289018245524577,-0.8056488944651239,0.00033220433746757033,0.05222502917167681,23516,0.07403615039007856,0.0121,index_dividend_yield,0.065,11.85,65,23446.6,23494.95,23403.05,23431.5,mid_price,ok
2026-09-10T08:30:31.480042+00:00,2026-09-10T14:00:31.480042+05:30,NIFTY,29-Sep-2026,22750.0,PE,23425.25,42.2,260,42.45,130,41.9,42.325,1566,-15,409,-1.2956419316843346,13.17,-0.14027798987528559,0.00031605855394592616,-3.6354783262611594,11.928902362576926,-1.7741428846214795,0.005052202882526197,102.45134762365193,-4.93059084844524e-07,0.00031479537702773313,5.619974858197424e-07,-0.6044836153454547,-64.30607724781152,0.14668778384148387,0.00033509906474853,0.05222502917167681,23516,0.07403615039007856,0.0121,index_dividend_yield,0.065,11.85,65,23446.6,23494.95,23403.05,23431.5,mid_price,ok
2026-09-10T08:30:31.480042+00:00,2026-09-10T14:00:31.480042+05:30,NIFTY,29-Sep-2026,22800.0,CE,23425.25,754.65,65,758.9,65,776,756.775,207,5,247,-3.3804395193923926,10.5,0.8946216176852052,0.000322872461354793,-5.585567506510817,9.71555162371267,-2.126941205198074,0.004792281738702608,142.85709630692622,-7.273753784886381e-07,0.001672993697843391,-2.1538640803785017e-06,-0.5743574424828104,29.26311090489987,-0.8877450210065602,0.00034082369417202805,0.05222502917167681,23516,0.07403615039007856,0.0121,index_dividend_yield,0.065,11.85,65,23446.6,23494.95,23403.05,23431.5,mid_price,ok
2026-09-10T08:30:31.480042+00:00,2026-09-10T14:00:31.480042+05:30,NIFTY,29-Sep-2026,22800.0,PE,23425.25,46.5,455,46.65,65,46.5,46.575,17471,1499,14660,-1.8987341772151898,12.94,-0.1530392548415817,0.0003410304734022685,-3.762933871252114,12.646624518609501,-1.8137870404261458,0.004994627902508653,99.34241920472874,-5.135956185723709e-07,4.3566491065617514e-05,1.5710262348484565e-06,-0.6051076798713009,-64.0987601309858,0.15968911645468925,0.00035999126491768007,0.05222502917167681,23516,0.07403615039007856,0.0121,index_dividend_yield,0.065,11.85,65,23446.6,23494.95,23403.05,23431.5,mid_price,ok
2026-09-10T08:30:31.480042+00:00,2026-09-10T14:00:31.480042+05:30,NIFTY,29-Sep-2026,22850.0,CE,23425.25,705.8,260,723.55,260,0.0,714.675,5,0,0,0,0,,,,,,,,,,,,,,,0.05222502917167681,23516,0.07403615039007856,0.0121,index_dividend_yield,0.065,11.85,65,23446.6,23494.95,23403.05,23431.5,mid_price,no_nse_iv
2026-09-10T08:30:31.480042+00:00,2026-09-10T14:00:31.480042+05:30,NIFTY,29-Sep-2026,22850.0,PE,23425.25,52.1,195,52.4,65,51.8,52.25,1519,296,1433,-0.1926782273603083,12.83,-0.16920635840576967,0.0003672486392345918,-3.95855399538456,13.503116414258972,-1.823599739385187,0.004885867414382544,93.41789201637063,-5.221594097601853e-07,-0.0003215609083840156,2.8295226644656176e-06,-0.6042887318197128,-63.032722505387795,0.17621813908985484,0.0003859724044840762,0.05222502917167681,23516,0.07403615039007856,0.0121,index_dividend_yield,0.065,11.85,65,23446.6,23494.95,23403.05,23431.5,mid_price,ok
2026-09-10T08:30:31.480042+00:00,2026-09-10T14:00:31.480042+05:30,NIFTY,29-Sep-2026,22900.0,CE,23425.25,668,650,672.25,65,668.25,670.125,85,10,29,-6.328847771236333,9.3,0.8858475769071384,0.000386226106953205,-5.408879488149984,10.293705411755473,-2.4528773191828113,0.004702682973772965,158.5856550280722,-9.405209016493695e-07,0.001798008685685755,-1.1957675610395802e-06,-0.5717595286492916,33.69874235246078,-0.8792757786461552,0.0004041467873556299,0.05222502917167681,23516,0.07403615039007856,0.0121,index_dividend_yield,0.065,11.85,65,23446.6,23494.95,23403.05,23431.5,mid_price,ok
2026-09-10T08:30:31.480042+00:00,2026-09-10T14:00:31.480042+05:30,NIFTY,29-Sep-2026,22900.0,PE,23425.25,58.05,585,58.3,325,57.85,58.175,11310,1470,16186,-1.1955593509820666,12.64,-0.18523406566137957,0.0003946962048745682,-4.099017041210091,14.297403852953472,-1.8304027950696993,0.004723888377913682,87.71829524647944,-5.332136707997991e-07,-0.0007009077842432736,4.10836261374015e-06,-0.6012015713384482,-62.47417774105733,0.19251569699599527,0.0004130098931940998,0.05222502917167681,23516,0.07403615039007856,0.0121,index_dividend_yield,0.065,11.85,65,23446.6,23494.95,23403.05,23431.5,mid_price,ok
2026-09-10T08:30:31.480042+00:00,2026-09-10T14:00:31.480042+05:30,NIFTY,29-Sep-2026,22950.0,CE,23425.25,617,390,633.85,390,622.65,625.425,10,5,14,-30.816666666666666,8.42,0.887901523491306,0.0004210644367110008,-5.158235415931819,10.160330005291634,-2.7028681365048324,0.00457047617502826,176.30615066913256,-1.1374203461315688e-06,0.002306833341748785,-1.2197285264983542e-06,-0.5623273786650209,36.959515766788165,-0.8817671353599111,0.0004386838552413021,0.05222502917167681,23516,0.07403615039007856,0.0121,index_dividend_yield,0.065,11.85,65,23446.6,23494.95,23403.05,23431.5,mid_price,ok
2026-09-10T08:30:31.480042+00:00,2026-09-10T14:00:31.480042+05:30,NIFTY,29-Sep-2026,22950.0,PE,23425.25,64.85,195,65.25,260,64.35,65.05,2107,237,990,0,12.43,-0.20228953157123297,0.0004235049293212749,-4.218260820802746,15.086092228729331,-1.824218372083977,0.004504564399669703,81.35348151995636,-5.418263144758643e-07,-0.0011232208585367095,5.4755522952212865e-06,-0.5963774328175013,-62.00659948110058,0.2098085003637432,0.00044122647013256576,0.05222502917167681,23516,0.07403615039007856,0.0121,index_dividend_yield,0.065,11.85,65,23446.6,23494.95,23403.05,23431.5,mid_price,ok
2026-09-10T08:30:31.480042+00:00,2026-09-10T14:00:31.480042+05:30,NIFTY,29-Sep-2026,23000.0,CE,23425.25,583,65,584.6,195,585.05,583.8,10926,1152,5533,-5.826961770623742,9.39,0.8391675190740341,0.0004843227758222164,-5.96447163601997,13.033097529202124,-2.5195238692072297,0.004590399372431886,133.973705625297,-9.603476127939526e-07,-0.00017870751346969684,3.7037228369113406e-06,-0.5840006708157048,37.005580046412845,-0.8315869395011188,0.0005023977545169029,0.05222502917167681,23516,0.07403615039007856,0.0121,index_dividend_yield,0.065,11.85,65,23446.6,23494.95,23403.05,23431.5,mid_price,ok
2026-09-10T08:30:31.480042+00:00,2026-09-10T14:00:31.480042+05:30,NIFTY,29-Sep-2026,23000.0,PE,23425.25,73.05,1040,73.25,65,73.15,73.15,93179.76923076923,1455.7692307692307,50920,0,12.37,-0.22350521586172378,0.00045106518542152287,-4.414071319090839,15.990283662445375,-1.7668025998653358,0.004195295496282031,71.88052978755621,-5.301603576639263e-07,-0.0016187316565371653,7.024834933151269e-06,-0.5898683164753784,-60.51791379723035,0.2313991246919728,0.00046789898722357064,0.05222502917167681,23516,0.07403615039007856,0.0121,index_dividend_yield,0.065,11.85,65,23446.6,23494.95,23403.05,23431.5,mid_price,ok
2026-09-10T08:30:31.480042+00:00,2026-09-10T14:00:31.480042+05:30,NIFTY,29-Sep-2026,23050.0,CE,23425.25,538.75,325,547.75,195,572.05,543.25,5,0,2,-7.412802460144048,11.32,0.7710654598405596,0.0004988572680545064,-7.330469500843611,16.18340456429591,-1.9177867900121437,0.0040276697129804084,76.38483605456514,-6.241464517945721e-07,-0.0020522192187096997,8.190095917422918e-06,-0.583348001608277,34.74466574997571,-0.7610646435636012,0.000515232101076642,0.05222502917167681,23516,0.07403615039007856,0.0121,index_dividend_yield,0.065,11.85,65,23446.6,23494.95,23403.05,23431.5,mid_price,ok
2026-09-10T08:30:31.480042+00:00,2026-09-10T14:00:31.480042+05:30,NIFTY,29-Sep-2026,23050.0,PE,23425.25,81.25,585,81.65,65,80.55,81.45,1753,63,1260,-0.37105751391465674,12.18,-0.24389499557771208,0.0004808157432180938,-4.516861368137559,16.783136536167117,-1.7130361765726048,0.0038337515960993047,63.58557630538897,-5.245967198250566e-07,-0.0021259246931314567,8.544804076212004e-06,-0.5822668343931241,-59.83804864207721,0.25200783729122345,0.00049659836885832,0.05222502917167681,23516,0.07403615039007856,0.0121,index_dividend_yield,0.065,11.85,65,23446.6,23494.95,23403.05,23431.5,mid_price,ok
2026-09-10T08:30:31.480042+00:00,2026-09-10T14:00:31.480042+05:30,NIFTY,29-Sep-2026,23100.0,CE,23425.25,502.35,130,504.7,130,505,503.525,240,47,209,-8.489625804113437,9.8,0.7755434782570795,0.0005698173279127853,-6.665301777222136,16.003275718777747,-2.2466380607104597,0.003867545881878098,91.27635983237514,-8.316458652494105e-07,-0.0025643035264202364,9.410176294593784e-06,-0.575308502420949,39.73564856937805,-0.7666708140153696,0.000585976448159666,0.05222502917167681,23516,0.07403615039007856,0.0121,index_dividend_yield,0.065,11.85,65,23446.6,23494.95,23403.05,23431.5,mid_price,ok
2026-09-10T08:30:31.480042+00:00,2026-09-10T14:00:31.480042+05:30,NIFTY,29-Sep-2026,23100.0,PE,23425.25,91.5,65,91.9,65,91.15,91.7,12598,368,8556,1.0532150776053215,12.13,-0.26814711527153745,0.0005072722111723803,-4.6810097830631845,17.633926772828914,-1.6027873488557443,0.0033697998438593224,53.021457846202935,-4.971457528270896e-07,-0.00265674830706331,1.0110700834552416e-05,-0.573729448438808,-58.25386229073728,0.2765905403621012,0.0005216576506048052,0.05222502917167681,23516,0.07403615039007856,0.0121,index_dividend_yield,0.065,11.85,65,23446.6,23494.95,23403.05,23431.5,mid_price,ok
2026-09-10T08:30:31.480042+00:00,2026-09-10T14:00:31.480042+05:30,NIFTY,29-Sep-2026,23150.0,CE,23425.25,461.25,65,467.85,65,480,464.55,70,34,81,-6.222526130702354,10.4,0.7336961873585506,0.0005888913227625802,-7.202285658481921,17.55155723385217,-1.8969062867035258,0.00320083258686743,63.51730300202796,-6.734417235733907e-07,-0.003531346552839245,1.1901525004139588e-05,-0.5661641631030143,39.96700937248595,-0.7238439103039047,0.0006029782310371573,0.05222502917167681,23516,0.07403615039007856,0.0121,index_dividend_yield,0.065,11.85,65,23446.6,23494.95,23403.05,23431.5,mid_price,ok
2026-09-10T08:30:31.480042+00:00,2026-09-10T14:00:31.480042+05:30,NIFTY,29-Sep-2026,23150.0,PE,23425.25,102.05,130,102.5,65,101.7,102.275,3912,19,1614,1.9548872180451127,12.07,-0.2935653411573602,0.0005326065034134284,-4.814402485206276,18.423023047233514,-1.468095107990397,0.002831161948510408,42.63553514975449,-4.627962074256923e-07,-0.0031801640075912333,1.160703248131599e-05,-0.5651438875459753,-56.733516462674395,0.302291772754538,0.0005453470188022975,0.05222502917167681,23516,0.07403615039007856,0.0121,index_dividend_yield,0.065,11.85,65,23446.6,23494.95,23403.05,23431.5,mid_price,ok
2026-09-10T08:30:31.480042+00:00,2026-09-10T14:00:31.480042+05:30,NIFTY,29-Sep-2026,23200.0,CE,23425.25,426.65,325,428.15,130,428.85,427.4,1120,172,1170,-7.345792373339095,9.64,0.716905530143259,0.0006548434556881798,-6.940572013768557,18.090963015117865,-1.9386686448966683,0.0027036599285551466,59.68233488514407,-7.40150644930505e-07,-0.004632830991963736,1.4217245233102993e-05,-0.5564374200060449,44.11331803037904,-0.707456763464226,0.0006676210029203278,0.05222502917167681,23516,0.07403615039007856,0.0121,index_dividend_yield,0.065,11.85,65,23446.6,23494.95,23403.05,23431.5,mid_price,ok
2026-09-10T08:30:31.480042+00:00,2026-09-10T14:00:31.480042+05:30,NIFTY,29-Sep-2026,23200.0,PE,23425.25,114.75,325,115.05,260,114.35,114.9,20295,-102,11615,2.83273381294964,11.91,-0.3189363035540067,0.0005598991759873367,-4.863401627355068,19.11035479321042,-1.3275674681919314,0.002236868476991727,33.41243973161667,-4.2972839510972367e-07,-0.0037223259081852617,1.3052595387135046e-05,-0.5572183873580983,-55.7733351018653,0.3278068302314772,0.0005708241353868323,0.05222502917167681,23516,0.07403615039007856,0.0121,index_dividend_yield,0.065,11.85,65,23446.6,23494.95,23403.05,23431.5,mid_price,ok
2026-09-10T08:30:31.480042+00:00,2026-09-10T14:00:31.480042+05:30,NIFTY,29-Sep-2026,23250.0,CE,23425.25,390.3,65,392.65,65,392,391.475,175,59,145,-7.753853394517002,9.7,0.681987920241615,0.000686048659843802,-7.105796627716544,19.07101530882082,-1.6612978105574605,0.0019211264897309732,42.20125756381421,-6.404601519403417e-07,-0.0055549107080760714,1.6289406217465758e-05,-0.5478504616516737,45.99803367129752,-0.6721902813055769,0.0006964300063069644,0.05222502917167681,23516,0.07403615039007856,0.0121,index_dividend_yield,0.065,11.85,65,23446.6,23494.95,23403.05,23431.5,mid_price,ok
2026-09-10T08:30:31.480042+00:00,2026-09-10T14:00:31.480042+05:30,NIFTY,29-Sep-2026,23250.0,PE,23425.25,128.15,65,128.55,130,127.4,128.35000000000002,2384,183,2094,2.3293172690763053,11.79,-0.3463068232400183,0.000584340925591865,-4.903545621773149,19.743642082726335,-1.1505299789209278,0.0015634866177314797,24.312888334060645,-3.837660797570585e-07,-0.004236898520422255,1.436746261460032e-05,-0.5505344970592958,-54.55635334658084,0.3553126941195261,0.0005931832220006289,0.05222502917167681,23516,0.07403615039007856,0.0121,index_dividend_yield,0.065,11.85,65,23446.6,23494.95,23403.05,23431.5,mid_price,ok
2026-09-10T08:30:31.480042+00:00,2026-09-10T14:00:31.480042+05:30,NIFTY,29-Sep-2026,23300.0,CE,23425.25,355.8,65,356.8,65,354.3,356.3,2132,659,3847,-10.235621991385862,9.57,0.6485053284604804,0.0007233488402013494,-7.126011547456741,19.838411181672964,-1.396195083320284,0.0010709907701877963,28.5840823823591,-5.562022498721085e-07,-0.006516818782682689,1.8221551376166527e-05,-0.5412231312704705,48.68965473925917,-0.6386006343309144,0.0007311465185308475,0.05222502917167681,23516,0.07403615039007856,0.0121,index_dividend_yield,0.065,11.85,65,23446.6,23494.95,23403.05,23431.5,mid_price,ok
2026-09-10T08:30:31.480042+00:00,2026-09-10T14:00:31.480042+05:30,NIFTY,29-Sep-2026,23300.0,PE,23425.25,143.7,130,144.05,65,144.05,143.875,33725,1187,15461,3.4099066762383345,11.77,-0.37596253207475194,0.00060203813045363,-4.963231362856283,20.307086628177583,-0.9301230713909536,0.0008156747357720429,15.709388536437885,-3.213629137823022e-07,-0.004649577399611863,1.5403208798376905e-05,-0.5460071038467156,-52.79873913510542,0.3851424823595109,0.0006085280830497565,0.05222502917167681,23516,0.07403615039007856,0.0121,index_dividend_yield,0.065,11.85,65,23446.6,23494.95,23403.05,23431.5,mid_price,ok
2026-09-10T08:30:31.480042+00:00,2026-09-10T14:00:31.480042+05:30,NIFTY,29-Sep-2026,23350.0,CE,23425.25,322.55,65,324.15,65,328.15,323.35,392,160,739,-7.913568121229129,9.82,0.608994396441194,0.0007297171194425799,-7.306219892058528,20.535873624717137,-0.9972514892437889,0.00011171327102588169,14.82686004086986,-4.0603210504567445e-07,-0.006904709391947813,1.912441812135235e-05,-0.5393786080024263,49.85839853446254,-0.5987031582354552,0.0007344280140351787,0.05222502917167681,23516,0.07403615039007856,0.0121,index_dividend_yield,0.065,11.85,65,23446.6,23494.95,23403.05,23431.5,mid_price,ok
2026-09-10T08:30:31.480042+00:00,2026-09-10T14:00:31.480042+05:30,NIFTY,29-Sep-2026,23350.0,PE,23425.25,159.95,195,160.5,65,160,160.225,3828,176,2765,3.45942450695118,11.65,-0.40570985438696694,0.0006214309765875057,-4.9297811195136765,20.74751003816461,-0.7030216783809051,2.5315478273002512e-05,8.95525039984335,-2.5868300383509404e-07,-0.005066287137827372,1.6312883246644757e-05,-0.5440574972507335,-51.557267404408655,0.4149118054112456,0.0006254427994559562,0.05222502917167681,23516,0.07403615039007856,0.0121,index_dividend_yield,0.065,11.85,65,23446.6,23494.95,23403.05,23431.5,mid_price,ok
2026-09-10T08:30:31.480042+00:00,2026-09-10T14:00:31.480042+05:30,NIFTY,29-Sep-2026,23400.0,CE,23425.25,292.4,65,293.2,195,292.75,292.79999999999995,15744,11243,29485,-10.336906584992343,9.81,0.5720622075608663,0.0007466324119995376,-7.297635767039389,20.99051077688039,-0.6401022417370505,-0.0008688899959232721,6.25594588119327,-2.836072208487832e-07,-0.007389141116659759,1.992604703092253e-05,-0.541256682892481,52.16181261563578,-0.5617005936039953,0.0007482446034417304,0.05222502917167681,23516,0.07403615039007856,0.0121,index_dividend_yield,0.065,11.85,65,23446.6,23494.95,23403.05,23431.5,mid_price,ok
2026-09-10T08:30:31.480042+00:00,2026-09-10T14:00:31.480042+05:30,NIFTY,29-Sep-2026,23400.0,PE,23425.25,178.15,520,178.65,65,178.5,178.4,27232,8446,40083,4.142357059509918,11.59,-0.4368466934987401,0.0006345843304809144,-4.888139594788685,21.077540876320096,-0.4477156622745282,-0.0008078821961374216,3.793571398183815,-1.85206704603094e-07,-0.005361447400984267,1.687578526766672e-05,-0.5454910801736936,-50.015356126112074,0.4460617533816179,0.0006359545782902898,0.05222502917167681,23516,0.07403615039007856,0.0121,index_dividend_yield,0.065,11.85,65,23446.6,23494.95,23403.05,23431.5,mid_price,ok
2026-09-10T08:30:31.480042+00:00,2026-09-10T14:00:31.480042+05:30,NIFTY,29-Sep-2026,23450.0,CE,23425.25,261.95,130,262.9,130,262.4,262.42499999999995,1584,732,6278,-10.443686006825939,9.71,0.5347269324947954,0.0007640308787256931,-7.189847354783345,21.260687364614725,-0.26923651478355515,-0.0018908958065961823,1.2685896926996065,-1.5713281048451302e-07,-0.007823729060135514,2.039762123906075e-05,-0.5480218585336338,55.02745219342336,-0.524455360435741,0.0007624189567457281,0.05222502917167681,23516,0.07403615039007856,0.0121,index_dividend_yield,0.065,11.85,65,23446.6,23494.95,23403.05,23431.5,mid_price,ok
2026-09-10T08:30:31.480042+00:00,2026-09-10T14:00:31.480042+05:30,NIFTY,29-Sep-2026,23450.0,PE,23425.25,197.95,65,198.5,65,198.3,198.225,4481,2031,8259,3.1201248049921997,11.54,-0.46865656441530373,0.0006434108997934206,-4.809410585455433,21.27851828496343,-0.17750717146639006,-0.0016629862965170104,0.7403171983995094,-1.0619555515956492e-07,-0.00555351335552735,1.711300641081667e-05,-0.5506100447444418,-48.44024432259112,0.47782665780610206,0.0006420534570507191,0.05222502917167681,23516,0.07403615039007856,0.0121,index_dividend_yield,0.065,11.85,65,23446.6,23494.95,23403.05,23431.5,mid_price,ok
2026-09-10T08:30:31.480042+00:00,2026-09-10T14:00:31.480042+05:30,NIFTY,29-Sep-2026,23500.0,CE,23425.25,234.5,130,235.2,195,234.7,234.85,34874,8507,50598,-12.359970126960418,9.74,0.49654077989883494,0.0007646093243603307,-7.102225952805111,21.342520487447672,0.12338924672908314,-0.0028954043605551316,0.052092363668876374,-1.975092292573772e-08,-0.007849159040453751,2.0045238043295255e-05,-0.5603877509342539,57.29707013000438,-0.48632284685696037,0.0007597528437692558,0.05222502917167681,23516,0.07403615039007856,0.0121,index_dividend_yield,0.065,11.85,65,23446.6,23494.95,23403.05,23431.5,mid_price,ok
2026-09-10T08:30:31.480042+00:00,2026-09-10T14:00:31.480042+05:30,NIFTY,29-Sep-2026,23500.0,PE,23425.25,221,260,221.35,195,221.4,221.175,72328,1949,57112,5.353319057815845,11.56,-0.5008049340230479,0.0006442471335932116,-4.72653642923877,21.343099509912314,0.10081108408072081,-0.002510168121992562,0.015177785478215355,-2.365608364506055e-08,-0.005573030785608419,1.6915660341410292e-05,-0.5595483247165411,-46.59809454499162,0.5099250889211188,0.0006401551436050323,0.05222502917167681,23516,0.07403615039007856,0.0121,index_dividend_yield,0.065,11.85,65,23446.6,23494.95,23403.05,23431.5,mid_price,ok
2026-09-10T08:30:31.480042+00:00,2026-09-10T14:00:31.480042+05:30,NIFTY,29-Sep-2026,23550.0,CE,23425.25,208,780,208.6,65,208.05,208.3,2869,1415,5208,-12.785579543072732,9.77,0.4586974911913307,0.0007582535250047987,-6.96583036931993,21.230301503797296,0.5087120787909405,-0.0038637892027433285,2.8049151676370343,1.148324236377814e-07,-0.007661646632636332,1.9157787289716174e-05,-0.5776029228147657,59.604570282880594,-0.448612749870556,0.0007502415004911425,0.05222502917167681,23516,0.07403615039007856,0.0121,index_dividend_yield,0.065,11.85,65,23446.6,23494.95,23403.05,23431.5,mid_price,ok
2026-09-10T08:30:31.480042+00:00,2026-09-10T14:00:31.480042+05:30,NIFTY,29-Sep-2026,23550.0,PE,23425.25,243.35,130,244.45,195,242.25,243.89999999999998,3347,611,3669,4.53074433656958,11.46,-0.5332223761241015,0.0006475706877269209,-4.533502686398284,21.267623334453354,0.3827781952291387,-0.003367744074747936,1.7259437339909312,6.064337970115347e-08,-0.005598571564640285,1.655396909491856e-05,-0.5722990473637815,-45.26877463515183,0.5421144055944924,0.0006407281844568429,0.05222502917167681,23516,0.07403615039007856,0.0121,index_dividend_yield,0.065,11.85,65,23446.6,23494.95,23403.05,23431.5,mid_price,ok
2026-09-10T08:30:31.480042+00:00,2026-09-10T14:00:31.480042+05:30,NIFTY,29-Sep-2026,23600.0,CE,23425.25,184,65,184.5,130,184.65,184.25,14983,2067,22341,-14.21602787456446,9.68,0.42046521222592925,0.0007541343691554783,-6.7114044813869205,20.92046105185554,0.8969146257165606,-0.004824973855288017,9.605156228158052,2.5321684022864306e-07,-0.007445140325201078,1.7944536364886414e-05,-0.5999118004498811,62.77886621100897,-0.41070384319461517,0.0007430074988627522,0.05222502917167681,23516,0.07403615039007856,0.0121,index_dividend_yield,0.065,11.85,65,23446.6,23494.95,23403.05,23431.5,mid_price,ok
2026-09-10T08:30:31.480042+00:00,2026-09-10T14:00:31.480042+05:30,NIFTY,29-Sep-2026,23600.0,PE,23425.25,270.8,65,271.3,65,270.9,271.05,27736,-110,16541,6.73758865248227,11.54,-0.564728707234017,0.0006367583676503918,-4.40259829281795,21.058509536444877,0.6485571092333942,-0.004144847730436774,5.69013333424806,1.3969289676990438e-07,-0.005346163073122916,1.5634667746486515e-05,-0.5879121250864046,-43.30043180303889,0.5734926135989723,0.0006273633207536585,0.05222502917167681,23516,0.07403615039007856,0.0121,index_dividend_yield,0.065,11.85,65,23446.6,23494.95,23403.05,23431.5,mid_price,ok
2026-09-10T08:30:31.480042+00:00,2026-09-10T14:00:31.480042+05:30,NIFTY,29-Sep-2026,23650.0,CE,23425.25,162,130,162.5,65,162.55,162.25,3429,114,3346,-14.40231700895208,9.6,0.3824788399582539,0.0007420152388703604,-6.414828776642694,20.414146061128395,1.272357706106092,-0.005711837146793241,20.323392875639,3.89853806603725e-07,-0.006991250868576592,1.6169416418833024e-05,-0.6262553627986982,66.05281821525536,-0.3731086062154881,0.0007279792546960265,0.05222502917167681,23516,0.07403615039007856,0.0121,index_dividend_yield,0.065,11.85,65,23446.6,23494.95,23403.05,23431.5,mid_price,ok
2026-09-10T08:30:31.480042+00:00,2026-09-10T14:00:31.480042+05:30,NIFTY,29-Sep-2026,23650.0,PE,23425.25,296.4,195,297.7,130,294,297.04999999999995,3856,-13,1018,4.943780117794039,11.51,-0.5963300295048279,0.0006279430551241752,-4.169288887715013,20.71298761314608,0.9115071424810606,-0.004904931328544859,11.947765241448138,2.1923578092932422e-07,-0.005093761476777914,1.4555726613736922e-05,-0.6066871034324635,-41.78048813216361,0.6048002961314255,0.0006160648640542402,0.05222502917167681,23516,0.07403615039007856,0.0121,index_dividend_yield,0.065,11.85,65,23446.6,23494.95,23403.05,23431.5,mid_price,ok
2026-09-10T08:30:31.480042+00:00,2026-09-10T14:00:31.480042+05:30,NIFTY,29-Sep-2026,23700.0,CE,23425.25,142.1,1690,142.45,195,142.1,142.27499999999998,17740,1095,17283,-16.066154754873008,9.69,0.34777537312309076,0.0007120900932473441,-6.185471786441116,19.774516843901466,1.5740632668855559,-0.006408368496277849,32.92888944066341,4.944769586493445e-07,-0.006163402419533028,1.3869360499797993e-05,-0.6523524379096841,68.07874292033328,-0.3386944662674373,0.0006956755191006535,0.05222502917167681,23516,0.07403615039007856,0.0121,index_dividend_yield,0.065,11.85,65,23446.6,23494.95,23403.05,23431.5,mid_price,ok
2026-09-10T08:30:31.480042+00:00,2026-09-10T14:00:31.480042+05:30,NIFTY,29-Sep-2026,23700.0,PE,23425.25,327.5,130,328.45,65,326,327.975,21597,-433,6255,5.604146420472951,11.58,-0.6262559575242613,0.000610448365610624,-3.9618612178812684,20.258377279450805,1.1420881625057167,-0.005563787722778546,19.749503067556518,2.874106166180299e-07,-0.0046767450001608535,1.3148247775549037e-05,-0.6265897500774322,-39.99857006834482,0.6344713307829329,0.0005963767613921941,0.05222502917167681,23516,0.07403615039007856,0.0121,index_dividend_yield,0.065,11.85,65,23446.6,23494.95,23403.05,23431.5,mid_price,ok
2026-09-10T08:30:31.480042+00:00,2026-09-10T14:00:31.480042+05:30,NIFTY,29-Sep-2026,23750.0,CE,23425.25,123.5,65,124,325,123.25,123.75,3980,-535,5049,-17.50334672021419,9.65,0.3125721817624251,0.0006851242416942273,-5.838782000269868,18.947146274547173,1.8709117415477428,-0.007052879906341125,48.882488151743786,6.039935110010634e-07,-0.005332465446398419,1.1322739126252957e-05,-0.6809083115698371,71.20549977111888,-0.30396847244310427,0.00066651599407517,0.05222502917167681,23516,0.07403615039007856,0.0121,index_dividend_yield,0.065,11.85,65,23446.6,23494.95,23403.05,23431.5,mid_price,ok
2026-09-10T08:30:31.480042+00:00,2026-09-10T14:00:31.480042+05:30,NIFTY,29-Sep-2026,23750.0,PE,23425.25,356.55,65,359.35,65,351.9,357.95000000000005,3582,-143,648,4.6076099881093935,11.43,-0.6580443703795896,0.0005994758511801478,-3.582544672555197,19.63654529103122,1.3941073717039787,-0.006238330319260798,30.47150347998162,3.6832240665571785e-07,-0.004314735997033013,1.159921872476144e-05,-0.6503142522941765,-38.898838903798776,0.6657319769671388,0.0005831938480024177,0.05222502917167681,23516,0.07403615039007856,0.0121,index_dividend_yield,0.065,11.85,65,23446.6,23494.95,23403.05,23431.5,mid_price,ok
2026-09-10T08:30:31.480042+00:00,2026-09-10T14:00:31.480042+05:30,NIFTY,29-Sep-2026,23800.0,CE,23425.25,107.55,390,107.75,195,107.8,107.65,42453,2636,27115,-17.10880430603614,9.68,0.2802739892905778,0.0006496950825243433,-5.5119079692058826,18.023208098516427,2.0995528756232726,-0.007528885397894591,65.36466698784338,6.859425961705578e-07,-0.0043556121877844555,8.604038076202945e-06,-0.7068288739013973,73.77710141718488,-0.27212173949502766,0.0006293962260561919,0.05222502917167681,23516,0.07403615039007856,0.0121,index_dividend_yield,0.065,11.85,65,23446.6,23494.95,23403.05,23431.5,mid_price,ok
2026-09-10T08:30:31.480042+00:00,2026-09-10T14:00:31.480042+05:30,NIFTY,29-Sep-2026,23800.0,PE,23425.25,391.8,65,393.2,65,391.7,392.5,32943,-885,7815,5.66495818721338,11.68,-0.6831542004525037,0.0005688612488862887,-3.4367941808328837,19.04128938533374,1.5362573825440928,-0.0066621867555684,39.29330630972139,4.040481095945113e-07,-0.0036966463909670916,9.868859852661302e-06,-0.6686574634218907,-36.78570973807192,0.6906761585104596,0.0005510879377561349,0.05222502917167681,23516,0.07403615039007856,0.0121,index_dividend_yield,0.065,11.85,65,23446.6,23494.95,23403.05,23431.5,mid_price,ok
2026-09-10T08:30:31.480042+00:00,2026-09-10T14:00:31.480042+05:30,NIFTY,29-Sep-2026,23850.0,CE,23425.25,93.6,195,94,65,94.4,93.8,3482,415,3927,-16.08888888888889,9.77,0.2512907557990729,0.0006090584703077561,-5.209435334209657,17.052996829778536,2.257226791120101,-0.007845424340033935,80.95999187969483,7.384280272033906e-07,-0.0033423949317961787,5.93441664630055e-06,-0.7284081729356444,75.77256343718939,-0.2435581426762545,0.0005875579266096517,0.05222502917167681,23516,0.07403615039007856,0.0121,index_dividend_yield,0.065,11.85,65,23446.6,23494.95,23403.05,23431.5,mid_price,ok
2026-09-10T08:30:31.480042+00:00,2026-09-10T14:00:31.480042+05:30,NIFTY,29-Sep-2026,23850.0,PE,23425.25,427.05,130,430.2,65,429,428.625,1935,-179,540,7.978857286685124,12,-0.7052370384192697,0.0005361905101419694,-3.3248887280096264,18.43943159323291,1.6311479052573685,-0.006979632577161943,47.227420916755136,4.2234547109553277e-07,-0.003095039397902743,8.226731849230264e-06,-0.684470003575921,-34.69763711879532,0.712640555434571,0.0005172622987208376,0.05222502917167681,23516,0.07403615039007856,0.0121,index_dividend_yield,0.065,11.85,65,23446.6,23494.95,23403.05,23431.5,mid_price,ok
2026-09-10T08:30:31.480042+00:00,2026-09-10T14:00:31.480042+05:30,NIFTY,29-Sep-2026,23900.0,CE,23425.25,80.9,260,81.05,130,80.85,80.975,28455,8,20474,-17.835365853658537,9.76,0.22213285752021467,0.0005696860609257225,-4.821643047987262,15.934284650279372,2.399733330046616,-0.008071466490008894,98.2251353109369,7.931335642724518e-07,-0.002324982471232516,3.137184288086155e-06,-0.7480790710105527,78.76055632154711,-0.21495607369809375,0.0005472783402761746,0.05222502917167681,23516,0.07403615039007856,0.0121,index_dividend_yield,0.065,11.85,65,23446.6,23494.95,23403.05,23431.5,mid_price,ok
2026-09-10T08:30:31.480042+00:00,2026-09-10T14:00:31.480042+05:30,NIFTY,29-Sep-2026,23900.0,PE,23425.25,465.2,260,467.35,260,465,466.275,16541,-444,1622,4.824165915238954,11.9,,,,,,,,,,,,,,,0.05222502917167681,,,,,,11.85,65,23446.6,23494.95,23403.05,23431.5,mid_price,no_price_available
2026-09-10T08:30:31.480042+00:00,2026-09-10T14:00:31.480042+05:30,NIFTY,29-Sep-2026,23950.0,CE,23425.25,70.15,130,70.4,130,70.15,70.275,4006,136,3431,-17.712609970674485,9.87,0.19797661172452488,0.0005264878257526393,-4.5172705347569595,14.891986920033652,2.4548694089834706,-0.008137419998520912,111.50576418732783,8.076233878636907e-07,-0.0013917596899946688,7.46144146764223e-07,-0.7600040265176986,80.49002756422074,-0.19123314851235745,0.0005036696321959919,0.05222502917167681,23516,0.07403615039007856,0.0121,index_dividend_yield,0.065,11.85,65,23446.6,23494.95,23403.05,23431.5,mid_price,ok
2026-09-10T08:30:31.480042+00:00,2026-09-10T14:00:31.480042+05:30,NIFTY,29-Sep-2026,23950.0,PE,23425.25,502,390,505.85,65,499.05,503.925,2262,-67,548,5.854279350938594,11.96,,,,,,,,,,,,,,,0.05222502917167681,,,,,,11.85,65,23446.6,23494.95,23403.05,23431.5,mid_price,no_price_available
2026-09-10T08:30:31.480042+00:00,2026-09-10T14:00:31.480042+05:30,NIFTY,29-Sep-2026,24000.0,CE,23425.25,60.2,520,60.3,650,60.3,60.25,126691,3109,58919,-19.168900804289546,9.87,0.17327331242991126,0.0004846895285529679,-4.128912673336082,13.709699952073187,2.499849566511919,-0.008112558478061693,125.92258182626902,8.277374435252114e-07,-0.00045846590828330916,-1.732025355528498e-06,-0.7680413674682355,83.40083596833163,-0.16709593486900196,0.00046175289043441284,0.05222502917167681,23516,0.07403615039007856,0.0121,index_dividend_yield,0.065,11.85,65,23446.6,23494.95,23403.05,23431.5,mid_price,ok
2026-09-10T08:30:31.480042+00:00,2026-09-10T14:00:31.480042+05:30,NIFTY,29-Sep-2026,24000.0,PE,23425.25,543.6,390,545.75,195,541.5,544.675,100781.76923076923,-865,9907,5.258042569734668,12.15,,,,,,,,,,,,,,,0.05222502917167681,,,,,,11.85,65,23446.6,23494.95,23403.05,23431.5,mid_price,no_price_available
2026-09-10T08:30:31.480042+00:00,2026-09-10T14:00:31.480042+05:30,NIFTY,29-Sep-2026,24050.0,CE,23425.25,51.9,455,52.25,260,51.7,52.075,3909,-81,3435,-20.46153846153846,9.91,0.1516703313397143,0.0004426537378742117,-3.775373187762657,12.571437788357917,2.4917719862817265,-0.00797556634058516,137.2550388043816,8.261427062666963e-07,0.00036666771758881063,-3.858019312938052e-06,-0.7688793574800473,85.87134340014704,-0.14601000257873456,0.0004199546973809296,0.05222502917167681,23516,0.07403615039007856,0.0121,index_dividend_yield,0.065,11.85,65,23446.6,23494.95,23403.05,23431.5,mid_price,ok
2026-09-10T08:30:31.480042+00:00,2026-09-10T14:00:31.480042+05:30,NIFTY,29-Sep-2026,24050.0,PE,23425.25,584.45,65,588.6,130,585.35,586.5250000000001,1675,-63,121,7.838983050847458,12.71,,,,,,,,,,,,,,,0.05222502917167681,,,,,,11.85,65,23446.6,23494.95,23403.05,23431.5,mid_price,no_price_available
2026-09-10T08:30:31.480042+00:00,2026-09-10T14:00:31.480042+05:30,NIFTY,29-Sep-2026,24100.0,CE,23425.25,44.85,260,45,390,45,44.925,29810,1402,18068,-19.714540588760034,10.02,0.13383757962872278,0.00040229165691868046,-3.4841449818687136,11.551966149259245,2.435538575396648,-0.007763019322537784,144.47724556330854,8.020617947225301e-07,0.001017002761943554,-5.48583246264174e-06,-0.7633418028798804,87.46719229798153,-0.12860309992605204,0.0003800803433126978,0.05222502917167681,23516,0.07403615039007856,0.0121,index_dividend_yield,0.065,11.85,65,23446.6,23494.95,23403.05,23431.5,mid_price,ok
2026-09-10T08:30:31.480042+00:00,2026-09-10T14:00:31.480042+05:30,NIFTY,29-Sep-2026,24100.0,PE,23425.25,627.4,65,630.05,65,628.5,628.7249999999999,15738,-270,2006,5.470716563181742,12.63,,,,,,,,,,,,,,,0.05222502917167681,,,,,,11.85,65,23446.6,23494.95,23403.05,23431.5,mid_price,no_price_available
2026-09-10T08:30:31.480042+00:00,2026-09-10T14:00:31.480042+05:30,NIFTY,29-Sep-2026,24150.0,CE,23425.25,39,130,39.3,260,38.95,39.15,4013,0,3014,-22.333000997008973,10.14,0.11811334245029861,0.0003643483361718678,-3.21149409280365,10.587706793242385,2.3546676601867986,-0.0074960910905127465,149.266161988014,7.691621109962583e-07,0.0015439696067056437,-6.797443234569121e-06,-0.7527494365889691,88.87349151472966,-0.11327959807512789,0.0003428080324026565,0.05222502917167681,23516,0.07403615039007856,0.0121,index_dividend_yield,0.065,11.85,65,23446.6,23494.95,23403.05,23431.5,mid_price,ok
2026-09-10T08:30:31.480042+00:00,2026-09-10T14:00:31.480042+05:30,NIFTY,29-Sep-2026,24150.0,PE,23425.25,671,65,676.1,65,649,673.55,2539,-36,132,4.064779924637216,11.7,,,,,,,,,,,,,,,0.05222502917167681,,,,,,11.85,65,23446.6,23494.95,23403.05,23431.5,mid_price,no_price_available
2026-09-10T08:30:31.480042+00:00,2026-09-10T14:00:31.480042+05:30,NIFTY,29-Sep-2026,24200.0,CE,23425.25,34.05,845,34.2,975,34.15,34.125,52882,254,22677,-19.835680751173708,10.24,0.1036456821523955,0.0003285445324731219,-2.936745865239058,9.641427970242525,2.2583606445035764,-0.007177911849248986,152.4201772929894,7.331314997213798e-07,0.0019860098873264085,-7.893004927142977e-06,-0.7372036339697347,90.46679034352618,-0.09921852296466953,0.0003078449128179078,0.05222502917167681,23516,0.07403615039007856,0.0121,index_dividend_yield,0.065,11.85,65,23446.6,23494.95,23403.05,23431.5,mid_price,ok
2026-09-10T08:30:31.480042+00:00,2026-09-10T14:00:31.480042+05:30,NIFTY,29-Sep-2026,24200.0,PE,23425.25,714.25,65,718.75,65,716,716.5,30328,-702,1928,5.000733245343892,13.17,,,,,,,,,,,,,,,0.05222502917167681,,,,,,11.85,65,23446.6,23494.95,23403.05,23431.5,mid_price,no_price_available
2026-09-10T08:30:31.480042+00:00,2026-09-10T14:00:31.480042+05:30,NIFTY,29-Sep-2026,24250.0,CE,23425.25,29.95,520,30.1,455,30,30.025,5440,-75,2464,-19.463087248322147,10.39,0.09185429601740716,0.0002963612767145208,-2.712562414117309,8.824379251295692,2.146153981696333,-0.006851938967248561,152.70333284810977,6.8867156626226e-07,0.0022765723689320387,-8.602678050435375e-06,-0.7188683675439584,91.35452011702576,-0.08775902864194993,0.00027654540078194583,0.05222502917167681,23516,0.07403615039007856,0.0121,index_dividend_yield,0.065,11.85,65,23446.6,23494.95,23403.05,23431.5,mid_price,ok
2026-09-10T08:30:31.480042+00:00,2026-09-10T14:00:31.480042+05:30,NIFTY,29-Sep-2026,24250.0,PE,23425.25,760.8,65,766.7,65,748.75,763.75,2668,-49,207,4.210160055671538,12.92,,,,,,,,,,,,,,,0.05222502917167681,,,,,,11.85,65,23446.6,23494.95,23403.05,23431.5,mid_price,no_price_available
2026-09-10T08:30:31.480042+00:00,2026-09-10T14:00:31.480042+05:30,NIFTY,29-Sep-2026,24300.0,CE,23425.25,26.25,975,26.4,390,26.45,26.325,72645,137,18229,-18.615384615384617,10.55,0.08160981169153621,0.00026717859486178355,-2.508755341882876,8.077952243792833,2.028169954098935,-0.006516640502698942,151.35561564895104,6.42623698818296e-07,0.0024740469520501346,-9.079823840877407e-06,-0.698088348007393,92.04035705585784,-0.07781727062069832,0.00024828905941018354,0.05222502917167681,23516,0.07403615039007856,0.0121,index_dividend_yield,0.065,11.85,65,23446.6,23494.95,23403.05,23431.5,mid_price,ok
2026-09-10T08:30:31.480042+00:00,2026-09-10T14:00:31.480042+05:30,NIFTY,29-Sep-2026,24300.0,PE,23425.25,807.1,260,810.45,325,808,808.7750000000001,51091,-275,951,6.462876342315041,13.91,,,,,,,,,,,,,,,0.05222502917167681,,,,,,11.85,65,23446.6,23494.95,23403.05,23431.5,mid_price,no_price_available
2026-09-10T08:30:31.480042+00:00,2026-09-10T14:00:31.480042+05:30,NIFTY,29-Sep-2026,24350.0,CE,23425.25,23.3,65,23.45,325,23.4,23.375,6985,-395,2383,-18.181818181818183,10.68,0.07197074591073017,0.00023986939473638174,-2.2977801827629785,7.34164282765601,1.907204961951403,-0.006154409990718132,149.1636828791707,5.985160639337195e-07,0.0026279813038801686,-9.43785344495644e-06,-0.6738128357538846,93.04618700862729,-0.06849336367759698,0.0002219961164862931,0.05222502917167681,23516,0.07403615039007856,0.0121,index_dividend_yield,0.065,11.85,65,23446.6,23494.95,23403.05,23431.5,mid_price,ok
2026-09-10T08:30:31.480042+00:00,2026-09-10T14:00:31.480042+05:30,NIFTY,29-Sep-2026,24350.0,PE,23425.25,853.85,65,859.8,65,849.05,856.825,5078,-98,150,4.402090378112511,14.16,,,,,,,,,,,,,,,0.05222502917167681,,,,,,11.85,65,23446.6,23494.95,23403.05,23431.5,mid_price,no_price_available
2026-09-10T08:30:31.480042+00:00,2026-09-10T14:00:31.480042+05:30,NIFTY,29-Sep-2026,24400.0,CE,23425.25,20.75,390,20.9,650,20.85,20.825,43237,-730,9946,-16.932270916334662,10.88,0.06470231458038496,0.00021688896805475633,-2.146695058348813,6.7625971630252035,1.7890901711504135,-0.005839511772349648,145.2112484811856,5.521762148966171e-07,0.002664083497796649,-9.514873045040007e-06,-0.6512578828594426,93.07731528331107,-0.06145016098400987,0.00019990620686960057,0.05222502917167681,23516,0.07403615039007856,0.0121,index_dividend_yield,0.065,11.85,65,23446.6,23494.95,23403.05,23431.5,mid_price,ok
2026-09-10T08:30:31.480042+00:00,2026-09-10T14:00:31.480042+05:30,NIFTY,29-Sep-2026,24400.0,PE,23425.25,901.6,65,905.3,65,903,903.45,30940,-113,450,6.122928663767775,15.02,,,,,,,,,,,,,,,0.05222502917167681,,,,,,11.85,65,23446.6,23494.95,23403.05,23431.5,mid_price,no_price_available
2026-09-10T08:30:31.480042+00:00,2026-09-10T14:00:31.480042+05:30,NIFTY,29-Sep-2026,24450.0,CE,23425.25,18.6,260,18.7,260,18.55,18.65,3835,111,1784,-17.1875,11.06,0.057934107307638025,0.00019571285824488362,-1.9936963053744527,6.203283744844109,1.6734099101570477,-0.005516639805213844,140.82990395076544,5.090228631944563e-07,0.0026739183105445835,-9.516866619557957e-06,-0.6269003666823298,93.30805099282384,-0.054911101258845255,0.00017965119136225698,0.05222502917167681,23516,0.07403615039007856,0.0121,index_dividend_yield,0.065,11.85,65,23446.6,23494.95,23403.05,23431.5,mid_price,ok
2026-09-10T08:30:31.480042+00:00,2026-09-10T14:00:31.480042+05:30,NIFTY,29-Sep-2026,24450.0,PE,23425.25,946.25,65,955.9,130,942,951.075,1363,-7,44,3.87032748924909,14.76,,,,,,,,,,,,,,,0.05222502917167681,,,,,,11.85,65,23446.6,23494.95,23403.05,23431.5,mid_price,no_price_available
2026-09-10T08:30:31.480042+00:00,2026-09-10T14:00:31.480042+05:30,NIFTY,29-Sep-2026,24500.0,CE,23425.25,17.05,1105,17.15,520,17.1,17.1,93161,-1447,24757,-15.136476426799007,11.27,0.05241230265380196,0.0001774543810987644,-1.8698547137033197,5.7313615021597535,1.5648177415821147,-0.005225938816030513,135.84144821829415,4.678129942124846e-07,0.0026316107074391506,-9.394364143534985e-06,-0.6039265869612347,93.10125922042653,-0.049574849368636736,0.0001622269585919912,0.05222502917167681,23516,0.07403615039007856,0.0121,index_dividend_yield,0.065,11.85,65,23446.6,23494.95,23403.05,23431.5,mid_price,ok
2026-09-10T08:30:31.480042+00:00,2026-09-10T14:00:31.480042+05:30,NIFTY,29-Sep-2026,24500.0,PE,23425.25,996.65,130,999.8,65,998.3,998.2249999999999,50152,145,2249,4.616190725700812,15.41,,,,,,,,,,,,,,,0.05222502917167681,,,,,,11.85,65,23446.6,23494.95,23403.05,23431.5,mid_price,no_price_available
2026-09-10T08:30:31.480042+00:00,2026-09-10T14:00:31.480042+05:30,NIFTY,29-Sep-2026,24550.0,CE,23425.25,15.1,910,15.25,130,15.25,15.175,3650,-2482,6333,-13.352272727272727,11.44,0.046928528997803316,0.000160061221054162,-1.7318770128419552,5.247582925794795,1.4576118766825088,-0.004915102378117257,130.7089418895737,4.299984803174443e-07,0.002587954457646552,-9.247906464046065e-06,-0.5783370140292874,93.3523673119668,-0.0442988422390561,0.00014573088479700829,0.05222502917167681,23516,0.07403615039007856,0.0121,index_dividend_yield,0.065,11.85,65,23446.6,23494.95,23403.05,23431.5,mid_price,ok
2026-09-10T08:30:31.480042+00:00,2026-09-10T14:00:31.480042+05:30,NIFTY,29-Sep-2026,24550.0,PE,23425.25,1027.75,325,1051.9,65,1041,1039.825,840,-1,12,1.923924217946835,15.81,,,,,,,,,,,,,,,0.05222502917167681,,,,,,11.85,65,23446.6,23494.95,23403.05,23431.5,mid_price,no_price_available
2026-09-10T08:30:31.480042+00:00,2026-09-10T14:00:31.480042+05:30,NIFTY,29-Sep-2026,24600.0,CE,23425.25,13.65,260,13.75,1430,13.7,13.7,26265,2104,11947,-14.641744548286605,11.62,0.04220527711856023,0.00014467477934059625,-1.6098261925822268,4.817770598297191,1.3567367947389177,-0.004624345216925049,125.31313632116169,3.9460959531423247e-07,0.002518212401886693,-9.033642960148237e-06,-0.5534383849256237,93.4285769917221,-0.03975963750233914,0.0001311870854017081,0.05222502917167681,23516,0.07403615039007856,0.0121,index_dividend_yield,0.065,11.85,65,23446.6,23494.95,23403.05,23431.5,mid_price,ok
2026-09-10T08:30:31.480042+00:00,2026-09-10T14:00:31.480042+05:30,NIFTY,29-Sep-2026,24600.0,PE,23425.25,1093.05,65,1098.8,65,1070,1095.925,10753,-139,419,1.2682188150671967,14.29,,,,,,,,,,,,,,,0.05222502917167681,,,,,,11.85,65,23446.6,23494.95,23403.05,23431.5,mid_price,no_price_available
2026-09-10T08:30:31.480042+00:00,2026-09-10T14:00:31.480042+05:30,NIFTY,29-Sep-2026,24650.0,CE,23425.25,12.55,1170,12.65,325,12.65,12.600000000000001,2840,-57,1690,-12.758620689655173,11.88,0.03902738844589942,0.00013279703865005173,-1.5395965982022164,4.521182014634967,1.2716784548650502,-0.004411576559626006,119.93727802262066,3.62019455760362e-07,0.002405152380979215,-8.739811692537035e-06,-0.534616971533822,92.47833160411759,-0.036687240872198316,0.00011992866855688692,0.05222502917167681,23516,0.07403615039007856,0.0121,index_dividend_yield,0.065,11.85,65,23446.6,23494.95,23403.05,23431.5,mid_price,ok
2026-09-10T08:30:31.480042+00:00,2026-09-10T14:00:31.480042+05:30,NIFTY,29-Sep-2026,24650.0,PE,23425.25,1138.45,130,1154.15,650,1129,1146.3000000000002,585,-11,14,4.016952275658744,15.77,,,,,,,,,,,,,,,0.05222502917167681,,,,,,11.85,65,23446.6,23494.95,23403.05,23431.5,mid_price,no_price_available
2026-09-10T08:30:31.480042+00:00,2026-09-10T14:00:31.480042+05:30,NIFTY,29-Sep-2026,24700.0,CE,23425.25,11.8,65,11.85,1105,11.8,11.825,27017,-696,9849,-13.553113553113553,12.14,0.0361835976156064,0.00012216854962339508,-1.47464669178757,4.250355587570195,1.1929952164464637,-0.004211743533603693,114.73335467683121,3.325353000219066e-07,0.0022915901909880024,-8.439918548791328e-06,-0.5164978354547083,91.52295808415212,-0.03394124082778166,0.00010988387860309476,0.05222502917167681,23516,0.07403615039007856,0.0121,index_dividend_yield,0.065,11.85,65,23446.6,23494.95,23403.05,23431.5,mid_price,ok
2026-09-10T08:30:31.480042+00:00,2026-09-10T14:00:31.480042+05:30,NIFTY,29-Sep-2026,24700.0,PE,23425.25,1191,65,1195,65,1190,1193.0,3819,-75,171,2.772260126090336,16.62,,,,,,,,,,,,,,,0.05222502917167681,,,,,,11.85,65,23446.6,23494.95,23403.05,23431.5,mid_price,no_price_available
2026-09-10T08:30:31.480042+00:00,2026-09-10T14:00:31.480042+05:30,NIFTY,29-Sep-2026,24750.0,CE,23425.25,10.9,1170,11.05,65,11.1,10.975000000000001,3987,505,1159,-10.483870967741936,12.35,0.033073618855000465,0.0001115460183767303,-1.3896642380918045,3.9479186090206313,1.1138122251719493,-0.003984981394261414,109.54025968666592,3.054506459952733e-07,0.0021918866092283493,-8.149037067786645e-06,-0.4954277772736919,91.14371091323888,-0.030959894641977796,9.99245348349541e-05,0.05222502917167681,23516,0.07403615039007856,0.0121,index_dividend_yield,0.065,11.85,65,23446.6,23494.95,23403.05,23431.5,mid_price,ok
2026-09-10T08:30:31.480042+00:00,2026-09-10T14:00:31.480042+05:30,NIFTY,29-Sep-2026,24750.0,PE,23425.25,1239.1,65,1253.75,650,1232,1246.425,460,-6,12,4.076029567053855,17.14,,,,,,,,,,,,,,,0.05222502917167681,,,,,,11.85,65,23446.6,23494.95,23403.05,23431.5,mid_price,no_price_available
2026-09-10T08:30:31.480042+00:00,2026-09-10T14:00:31.480042+05:30,NIFTY,29-Sep-2026,24800.0,CE,23425.25,9.9,455,9.95,4160,9.9,9.925,21570,-371,10678,-11.210762331838565,12.53,0.029979161538110664,0.00010136896302814441,-1.2967427653907082,3.640015517139001,1.0361192183344428,-0.0037477717423530722,104.32180884905296,2.8034805677562006e-07,0.00209627436560037,-7.851029896924864e-06,-0.4727901670342844,91.0836723779201,-0.028006419253354883,9.044199032315068e-05,0.05222502917167681,23516,0.07403615039007856,0.0121,index_dividend_yield,0.065,11.85,65,23446.6,23494.95,23403.05,23431.5,mid_price,ok
2026-09-10T08:30:31.480042+00:00,2026-09-10T14:00:31.480042+05:30,NIFTY,29-Sep-2026,24800.0,PE,23425.25,1285.7,65,1292.85,65,1278.85,1289.275,5446,-64,526,1.7706509629158045,17.34,,,,,,,,,,,,,,,0.05222502917167681,,,,,,11.85,65,23446.6,23494.95,23403.05,23431.5,mid_price,no_price_available
2026-09-10T08:30:31.480042+00:00,2026-09-10T14:00:31.480042+05:30,NIFTY,29-Sep-2026,24850.0,CE,23425.25,9.3,455,9.4,65,9.35,9.350000000000001,4338,-688,5345,-10.952380952380953,12.81,0.0281856600940396,9.419917153610177e-05,-1.2563428954675553,3.458146384979013,0.9768039493836151,-0.0036002823927730396,99.76431083831838,2.5855847380036733e-07,0.001982265249680614,-7.546769396091093e-06,-0.4583869061078421,89.86431285017687,-0.026273999109427144,8.370719056418408e-05,0.05222502917167681,23516,0.07403615039007856,0.0121,index_dividend_yield,0.065,11.85,65,23446.6,23494.95,23403.05,23431.5,mid_price,ok
2026-09-10T08:30:31.480042+00:00,2026-09-10T14:00:31.480042+05:30,NIFTY,29-Sep-2026,24850.0,PE,23425.25,1236.15,650,1347.45,65,0.0,1291.8000000000002,217,0,0,0,11.81,,,,,,,,,,,,,,,0.05222502917167681,,,,,,11.85,65,23446.6,23494.95,23403.05,23431.5,mid_price,no_price_available
2026-09-10T08:30:31.480042+00:00,2026-09-10T14:00:31.480042+05:30,NIFTY,29-Sep-2026,24900.0,CE,23425.25,8.8,2340,8.9,130,8.85,8.850000000000001,10193,-1090,3047,-8.290155440414507,13.09,0.02656261256269367,8.773569512109264e-05,-1.2189910782401565,3.2912670964447,0.92217758978572,-0.003462574885924871,95.45620727252046,2.388960739280223e-07,0.0018743878376726991,-7.2542161193630015e-06,-0.44472041747199365,88.66344415789312,-0.024707545679932445,7.765082890343575e-05,0.05222502917167681,23516,0.07403615039007856,0.0121,index_dividend_yield,0.065,11.85,65,23446.6,23494.95,23403.05,23431.5,mid_price,ok
2026-09-10T08:30:31.480042+00:00,2026-09-10T14:00:31.480042+05:30,NIFTY,29-Sep-2026,24900.0,PE,23425.25,1383.25,65,1391.65,65,1394,1387.45,1194,-2,6,4.158105129450442,19.92,,,,,,,,,,,,,,,0.05222502917167681,,,,,,11.85,65,23446.6,23494.95,23403.05,23431.5,mid_price,no_price_available
2026-09-10T08:30:31.480042+00:00,2026-09-10T14:00:31.480042+05:30,NIFTY,29-Sep-2026,24950.0,CE,23425.25,8.5,910,8.6,260,8.55,8.55,1804,-563,1265,-6.557377049180328,13.38,0.025177300043236258,8.207224778904577e-05,-1.1887469439119895,3.147020715128326,0.8730660916011281,-0.003341183555197518,91.44932742127331,2.2125886032453935e-07,0.001771583629811282,-6.975325781878167e-06,-0.4324942860224454,87.37734953257922,-0.02336812391180018,7.234752808345303e-05,0.05222502917167681,23516,0.07403615039007856,0.0121,index_dividend_yield,0.065,11.85,65,23446.6,23494.95,23403.05,23431.5,mid_price,ok
2026-09-10T08:30:31.480042+00:00,2026-09-10T14:00:31.480042+05:30,NIFTY,29-Sep-2026,24950.0,PE,23425.25,1412.35,195,1448.95,910,1385,1430.65,79,-1,1,0.2606051831475315,8.9,,,,,,,,,,,,,,,0.05222502917167681,,,,,,11.85,65,23446.6,23494.95,23403.05,23431.5,mid_price,no_price_available
2026-09-10T08:30:31.480042+00:00,2026-09-10T14:00:31.480042+05:30,NIFTY,29-Sep-2026,25000.0,CE,23425.25,8.05,3575,8.15,2665,8.1,8.100000000000001,91275,-3125,18493,-6.358381502890174,13.62,0.02350365599241992,7.610135979134801e-05,-1.1398521573512634,2.9704119586826994,0.8217101479818714,-0.0031924684972035357,87.35867250004081,2.046298190465238e-07,0.001679394425312312,-6.700152552589715e-06,-0.4172939911197809,86.62500882788208,-0.021768925105993084,6.681606090174267e-05,0.05222502917167681,23516,0.07403615039007856,0.0121,index_dividend_yield,0.065,11.85,65,23446.6,23494.95,23403.05,23431.5,mid_price,ok
2026-09-10T08:30:31.480042+00:00,2026-09-10T14:00:31.480042+05:30,NIFTY,29-Sep-2026,25000.0,PE,23425.25,1484,65,1490.6,65,1475,1487.3,33052.307692307695,-254.84615384615384,985,2.8519629035632104,20.54,,,,,,,,,,,,,,,0.05222502917167681,,,,,,11.85,65,23446.6,23494.95,23403.05,23431.5,mid_price,no_price_available
2026-09-10T08:30:31.480042+00:00,2026-09-10T14:00:31.480042+05:30,NIFTY,29-Sep-2026,25050.0,CE,23425.25,7.7,1755,7.8,1300,7.7,7.75,1740,-666,2120,-6.097560975609756,13.9,0.0222955006798369,7.13259904312817e-05,-1.110518716133952,2.8412521111670253,0.7788935932804119,-0.0030805458862204964,83.73479473827983,1.9004475108140275e-07,0.0015889405956330369,-6.443581957613046e-06,-0.40567983501311833,85.47402353024434,-0.020605481437643305,6.237360124975127e-05,0.05222502917167681,23516,0.07403615039007856,0.0121,index_dividend_yield,0.065,11.85,65,23446.6,23494.95,23403.05,23431.5,mid_price,ok
2026-09-10T08:30:31.480042+00:00,2026-09-10T14:00:31.480042+05:30,NIFTY,29-Sep-2026,25050.0,PE,23425.25,1458.35,650,1551.15,130,0.0,1504.75,60,0,0,0,11.04,,,,,,,,,,,,,,,0.05222502917167681,,,,,,11.85,65,23446.6,23494.95,23403.05,23431.5,mid_price,no_price_available
2026-09-10T08:30:31.480042+00:00,2026-09-10T14:00:31.480042+05:30,NIFTY,29-Sep-2026,25100.0,CE,23425.25,7.3,1885,7.4,195,7.4,7.35,6160,-344,2123,-4.516129032258065,14.16,0.02104406386766325,6.668116166756792e-05,-1.0754286386313532,2.705911389936802,0.7370084738904971,-0.00296238017509675,80.18497816103176,1.765276625921231e-07,0.0015050842214912041,-6.194004389247634e-06,-0.39325919543168725,84.53587631825616,-0.019407611861818712,5.8079675758867596e-05,0.05222502917167681,23516,0.07403615039007856,0.0121,index_dividend_yield,0.065,11.85,65,23446.6,23494.95,23403.05,23431.5,mid_price,ok
2026-09-10T08:30:31.480042+00:00,2026-09-10T14:00:31.480042+05:30,NIFTY,29-Sep-2026,25100.0,PE,23425.25,1580.7,65,1589.1,65,1560,1584.9,1472,-2,3,0,17.97,,,,,,,,,,,,,,,0.05222502917167681,,,,,,11.85,65,23446.6,23494.95,23403.05,23431.5,mid_price,no_price_available
2026-09-10T08:30:31.480042+00:00,2026-09-10T14:00:31.480042+05:30,NIFTY,29-Sep-2026,25150.0,CE,23425.25,7.05,520,7.2,260,7.05,7.125,777,-171,412,-4.081632653061225,14.47,0.020251365610793735,6.316469716838095e-05,-1.0619002703228,2.6193293521183967,0.7037727334324642,-0.0028842575348689728,77.16946201290197,1.648939195811448e-07,0.001424419047360063,-5.970387176944063e-06,-0.38495060388636654,83.14187567805834,-0.018635684833077218,5.4798277651158324e-05,0.05222502917167681,23516,0.07403615039007856,0.0121,index_dividend_yield,0.065,11.85,65,23446.6,23494.95,23403.05,23431.5,mid_price,ok
2026-09-10T08:30:31.480042+00:00,2026-09-10T14:00:31.480042+05:30,NIFTY,29-Sep-2026,25150.0,PE,23425.25,1478.95,650,1651.75,130,0.0,1565.35,21,0,0,0,0,,,,,,,,,,,,,,,0.05222502917167681,,,,,,11.85,65,23446.6,23494.95,23403.05,23431.5,mid_price,no_price_available
2026-09-10T08:30:31.480042+00:00,2026-09-10T14:00:31.480042+05:30,NIFTY,29-Sep-2026,25200.0,CE,23425.25,6.75,1755,6.85,260,6.85,6.8,8914,-433,3173,-3.5211267605633805,14.7,0.018987082646297136,5.886446928834915e-05,-1.019668709967726,2.479806121844964,0.664394116710135,-0.002760338566072391,73.79580322734691,1.5325721907558407e-07,0.0013512982549896866,-5.7343266370277186e-06,-0.37162819138339076,82.50838515410511,-0.017435970927957456,5.086518404614623e-05,0.05222502917167681,23516,0.07403615039007856,0.0121,index_dividend_yield,0.065,11.85,65,23446.6,23494.95,23403.05,23431.5,mid_price,ok
2026-09-10T08:30:31.480042+00:00,2026-09-10T14:00:31.480042+05:30,NIFTY,29-Sep-2026,25200.0,PE,23425.25,1679.95,65,1689,65,1643.15,1684.475,1411,0,10,0.33584709797575796,15.62,,,,,,,,,,,,,,,0.05222502917167681,,,,,,11.85,65,23446.6,23494.95,23403.05,23431.5,mid_price,no_price_available
2026-09-10T08:30:31.480042+00:00,2026-09-10T14:00:31.480042+05:30,NIFTY,29-Sep-2026,25250.0,CE,23425.25,6.55,520,6.7,455,6.6,6.625,1456,-113,555,-2.9411764705882355,15.01,0.018337468434718816,5.596559796841934e-05,-1.0091392404844377,2.4074041276466334,0.636152688572809,-0.002693360131535833,71.14363157238613,1.4364995998654068e-07,0.001281044668187128,-5.534749545861153e-06,-0.3643425580861525,81.16670088028008,-0.01680267196170178,4.81689137179077e-05,0.05222502917167681,23516,0.07403615039007856,0.0121,index_dividend_yield,0.065,11.85,65,23446.6,23494.95,23403.05,23431.5,mid_price,ok
2026-09-10T08:30:31.480042+00:00,2026-09-10T14:00:31.480042+05:30,NIFTY,29-Sep-2026,25250.0,PE,23425.25,1568,650,1747.6,65,0.0,1657.8,30,0,0,0,0,,,,,,,,,,,,,,,0.05222502917167681,,,,,,11.85,65,23446.6,23494.95,23403.05,23431.5,mid_price,no_price_available
2026-09-10T08:30:31.480042+00:00,2026-09-10T14:00:31.480042+05:30,NIFTY,29-Sep-2026,25300.0,CE,23425.25,6.25,1690,6.35,65,6.25,6.3,7898,-930,2521,-3.8461538461538463,15.24,0.01725282009149629,5.23272460884123e-05,-0.9712540863908101,2.285388334375154,0.6018779408610582,-0.0025824291075207187,68.10794254849294,1.338722269122433e-07,0.0012160750628310525,-5.318698667165916e-06,-0.35215930312092775,80.54486046940234,-0.01577604359769883,4.485959058376719e-05,0.05222502917167681,23516,0.07403615039007856,0.0121,index_dividend_yield,0.065,11.85,65,23446.6,23494.95,23403.05,23431.5,mid_price,ok
2026-09-10T08:30:31.480042+00:00,2026-09-10T14:00:31.480042+05:30,NIFTY,29-Sep-2026,25300.0,PE,23425.25,1778.05,65,1795.2,65,1773.05,1786.625,487,-4,12,3.0843023255813953,21.69,,,,,,,,,,,,,,,0.05222502917167681,,,,,,11.85,65,23446.6,23494.95,23403.05,23431.5,mid_price,no_price_available
2026-09-10T08:30:31.480042+00:00,2026-09-10T14:00:31.480042+05:30,NIFTY,29-Sep-2026,25350.0,CE,23425.25,6,910,6.15,520,6.05,6.075,480,-81,273,-2.4193548387096775,15.52,0.016544306425150087,4.9573398610063584e-05,-0.9528902147470942,2.204893265776336,0.5748574010245657,-0.002507322085008647,65.57023081448499,1.2552093235088098e-07,0.0011548210714241714,-5.1300539732603636e-06,-0.3438175735407887,79.50399007287855,-0.015095852433706435,4.23312638978621e-05,0.05222502917167681,23516,0.07403615039007856,0.0121,index_dividend_yield,0.065,11.85,65,23446.6,23494.95,23403.05,23431.5,mid_price,ok
2026-09-10T08:30:31.480042+00:00,2026-09-10T14:00:31.480042+05:30,NIFTY,29-Sep-2026,25350.0,PE,23425.25,1797.15,65,1857.75,65,0.0,1827.45,16,0,0,0,6.15,,,,,,,,,,,,,,,0.05222502917167681,,,,,,11.85,65,23446.6,23494.95,23403.05,23431.5,mid_price,no_price_available
2026-09-10T08:30:31.480042+00:00,2026-09-10T14:00:31.480042+05:30,NIFTY,29-Sep-2026,25400.0,CE,23425.25,5.9,1495,5.95,65,5.9,5.925000000000001,3516,-250,1735,-2.479338842975207,15.82,0.015999517459596876,4.725836173463629e-05,-0.9425397085917584,2.142556590545377,0.5515810486220402,-0.0024481385837473533,63.31143354715118,1.1810396637893344e-07,0.0010977317392051546,-4.958678089564597e-06,-0.33719097448703383,78.32243240576547,-0.014567222158959855,4.019570941725856e-05,0.05222502917167681,23516,0.07403615039007856,0.0121,index_dividend_yield,0.065,11.85,65,23446.6,23494.95,23403.05,23431.5,mid_price,ok
2026-09-10T08:30:31.480042+00:00,2026-09-10T14:00:31.480042+05:30,NIFTY,29-Sep-2026,25400.0,PE,23425.25,1876.65,65,1904.35,130,1900,1890.5,419,0,1,3.660865295433466,25.75,,,,,,,,,,,,,,,0.05222502917167681,,,,,,11.85,65,23446.6,23494.95,23403.05,23431.5,mid_price,no_price_available
2026-09-10T08:30:31.480042+00:00,2026-09-10T14:00:31.480042+05:30,NIFTY,29-Sep-2026,25450.0,CE,23425.25,5.7,65,5.8,845,5.8,5.75,687,-41,146,-0.8547008547008547,16.06,0.015177894279901539,4.449307953048371e-05,-0.9133534588626581,2.0477888173688816,0.5244384331191199,-0.0023591794728906965,60.78536843371784,1.1060859132712338e-07,0.001043658994630576,-4.7742727981350255e-06,-0.3271470768830673,77.64226689204237,-0.013790439460524164,3.7695140078835356e-05,0.05222502917167681,23516,0.07403615039007856,0.0121,index_dividend_yield,0.065,11.85,65,23446.6,23494.95,23403.05,23431.5,mid_price,ok
2026-09-10T08:30:31.480042+00:00,2026-09-10T14:00:31.480042+05:30,NIFTY,29-Sep-2026,25450.0,PE,23425.25,1899.2,650,1967.75,65,0.0,1933.475,11,0,0,0,6.11,,,,,,,,,,,,,,,0.05222502917167681,,,,,,11.85,65,23446.6,23494.95,23403.05,23431.5,mid_price,no_price_available
2026-09-10T08:30:31.480042+00:00,2026-09-10T14:00:31.480042+05:30,NIFTY,29-Sep-2026,25500.0,CE,23425.25,5.55,2535,5.6,2470,5.55,5.574999999999999,49579,-2223,11836,0,16.37,0.014771018501495444,4.2642756619557856e-05,-0.908332483049163,2.000511771827707,0.5052479032286389,-0.0023131617458905726,58.85214881822331,1.0448812046589918e-07,0.0009939891921323996,-4.624975044520555e-06,-0.32190638401118354,76.42929178353894,-0.013391668523873686,3.598598377166468e-05,0.05222502917167681,23516,0.07403615039007856,0.0121,index_dividend_yield,0.065,11.85,65,23446.6,23494.95,23403.05,23431.5,mid_price,ok
2026-09-10T08:30:31.480042+00:00,2026-09-10T14:00:31.480042+05:30,NIFTY,29-Sep-2026,25500.0,PE,23425.25,1981.55,65,1989.15,65,1988.2,1985.35,23240,-55,245,2.9248848164828907,22.5,,,,,,,,,,,,,,,0.05222502917167681,,,,,,11.85,65,23446.6,23494.95,23403.05,23431.5,mid_price,no_price_available
2026-09-10T08:30:31.480042+00:00,2026-09-10T14:00:31.480042+05:30,NIFTY,29-Sep-2026,25550.0,CE,23425.25,5.25,130,5.4,845,5.4,5.325,687,-56,168,0,16.64,0.01419808185617605,4.054634688166267e-05,-0.8913445433579447,1.9335357826735389,0.48392841919753066,-0.0022488067466023345,56.77278126556695,9.84275030261222e-08,0.0009468539069690604,-4.468894552051986e-06,-0.31453145296452956,75.54651873770361,-0.012845053467626485,3.408304528163352e-05,0.05222502917167681,23516,0.07403615039007856,0.0121,index_dividend_yield,0.065,11.85,65,23446.6,23494.95,23403.05,23431.5,mid_price,ok
2026-09-10T08:30:31.480042+00:00,2026-09-10T14:00:31.480042+05:30,NIFTY,29-Sep-2026,25550.0,PE,23425.25,1956.7,650,2136.55,715,0.0,2046.625,6,0,0,0,0,,,,,,,,,,,,,,,0.05222502917167681,,,,,,11.85,65,23446.6,23494.95,23403.05,23431.5,mid_price,no_price_available
2026-09-10T08:30:31.480042+00:00,2026-09-10T14:00:31.480042+05:30,NIFTY,29-Sep-2026,25600.0,CE,23425.25,5.1,130,5.15,325,5.1,5.125,2586,-50,1736,-1.9230769230769231,16.82,0.013251299683622713,3.77940465950407e-05,-0.848005139119693,1.8217825834298924,0.45662615172710647,-0.002141914187748022,54.229706942581664,9.190519999187636e-08,0.0009003248602245785,-4.285871517571127e-06,-0.3021570160662965,75.33553327576305,-0.011964631837479076,3.1645497855390444e-05,0.05222502917167681,23516,0.07403615039007856,0.0121,index_dividend_yield,0.065,11.85,65,23446.6,23494.95,23403.05,23431.5,mid_price,ok
2026-09-10T08:30:31.480042+00:00,2026-09-10T14:00:31.480042+05:30,NIFTY,29-Sep-2026,25600.0,PE,23425.25,2074.5,65,2092.25,130,2084.4,2083.375,494,-2,12,12.430216564632271,26.02,,,,,,,,,,,,,,,0.05222502917167681,,,,,,11.85,65,23446.6,23494.95,23403.05,23431.5,mid_price,no_price_available
2026-09-10T08:30:31.480042+00:00,2026-09-10T14:00:31.480042+05:30,NIFTY,29-Sep-2026,25650.0,CE,23425.25,4.95,130,5,65,4.95,4.975,248,18,179,-2.9411764705882355,17.11,0.012860169851800756,3.620364362320876e-05,-0.8396448674597744,1.7752088361200267,0.43979658737858335,-0.002095742182381455,52.50511533143509,8.697899245845708e-08,0.0008591885346319165,-4.1529218471516975e-06,-0.29675864348187675,74.32375274515009,-0.011586722985876088,3.019576322451243e-05,0.05222502917167681,23516,0.07403615039007856,0.0121,index_dividend_yield,0.065,11.85,65,23446.6,23494.95,23403.05,23431.5,mid_price,ok
2026-09-10T08:30:31.480042+00:00,2026-09-10T14:00:31.480042+05:30,NIFTY,29-Sep-2026,25650.0,PE,23425.25,1930.3,650,2154.35,65,0.0,2042.3249999999998,1,0,0,0,13.42,,,,,,,,,,,,,,,0.05222502917167681,,,,,,11.85,65,23446.6,23494.95,23403.05,23431.5,mid_price,no_price_available
2026-09-10T08:30:31.480042+00:00,2026-09-10T14:00:31.480042+05:30,NIFTY,29-Sep-2026,25700.0,CE,23425.25,4.65,520,4.75,1365,4.7,4.7,4308,-261,1041,0,17.32,0.01215828153146623,3.406830777128483e-05,-0.8088228749264116,1.6910077962004906,0.41789989396606025,-0.0020132856755344427,50.37603844552707,8.164947845252245e-08,0.0008182048515697702,-3.995764061952533e-06,-0.28704390217689246,73.89342836256507,-0.010932157167209593,2.8304323825059455e-05,0.05222502917167681,23516,0.07403615039007856,0.0121,index_dividend_yield,0.065,11.85,65,23446.6,23494.95,23403.05,23431.5,mid_price,ok
2026-09-10T08:30:31.480042+00:00,2026-09-10T14:00:31.480042+05:30,NIFTY,29-Sep-2026,25700.0,PE,23425.25,2137.95,650,2202.95,130,0.0,2170.45,184,0,0,0,0,,,,,,,,,,,,,,,0.05222502917167681,,,,,,11.85,65,23446.6,23494.95,23403.05,23431.5,mid_price,no_price_available
2026-09-10T08:30:31.480042+00:00,2026-09-10T14:00:31.480042+05:30,NIFTY,29-Sep-2026,25750.0,CE,23425.25,4.55,65,4.65,65,4.5,4.6,61,4,43,-3.225806451612903,17.55,0.01158811924139017,3.2249690456006994e-05,-0.7853473574463452,1.621996196518751,0.3988647667502766,-0.0019447349130079453,48.4748979100933,7.690109077415442e-08,0.0007800439311626925,-3.853187098729205e-06,-0.2788894615205939,73.32325141485563,-0.01039815253514271,2.6689445605046766e-05,0.05222502917167681,23516,0.07403615039007856,0.0121,index_dividend_yield,0.065,11.85,65,23446.6,23494.95,23403.05,23431.5,mid_price,ok
2026-09-10T08:30:31.480042+00:00,2026-09-10T14:00:31.480042+05:30,NIFTY,29-Sep-2026,25750.0,PE,23425.25,2021.95,650,2254.55,65,0.0,2138.25,8,0,0,0,0,,,,,,,,,,,,,,,0.05222502917167681,,,,,,11.85,65,23446.6,23494.95,23403.05,23431.5,mid_price,no_price_available
2026-09-10T08:30:31.480042+00:00,2026-09-10T14:00:31.480042+05:30,NIFTY,29-Sep-2026,25800.0,CE,23425.25,4.55,195,4.6,65,4.6,4.574999999999999,5039,-25,2795,-1.075268817204301,17.9,0.011520451360656379,3.1458712118945886e-05,-0.7961365106121422,1.6137681148924496,0.38959403953449206,-0.0019351429826391495,47.394942184144746,7.358318218260112e-08,0.0007481583643632153,-3.7638471827820237e-06,-0.2777399530648603,71.95361338248104,-0.010314684109590232,2.5934029242317324e-05,0.05222502917167681,23516,0.07403615039007856,0.0121,index_dividend_yield,0.065,11.85,65,23446.6,23494.95,23403.05,23431.5,mid_price,ok
2026-09-10T08:30:31.480042+00:00,2026-09-10T14:00:31.480042+05:30,NIFTY,29-Sep-2026,25800.0,PE,23425.25,2270.4,1040,2286.2,65,2275,2278.3,319,1,3,6.0606060606060606,26.73,,,,,,,,,,,,,,,0.05222502917167681,,,,,,11.85,65,23446.6,23494.95,23403.05,23431.5,mid_price,no_price_available
2026-09-10T08:30:31.480042+00:00,2026-09-10T14:00:31.480042+05:30,NIFTY,29-Sep-2026,25850.0,CE,23425.25,4.2,520,4.35,65,4.25,4.275,129,4,10,-3.409090909090909,18.06,0.010747719901917105,2.9353232279928156e-05,-0.7555412405217787,1.5192205889221424,0.36772807644566435,-0.0018408169757994728,45.25482288473037,6.885777749107493e-08,0.0007118376800081502,-3.606937164963775e-06,-0.2663889243216815,71.8632448848661,-0.009604046157096627,2.410478739686675e-05,0.05222502917167681,23516,0.07403615039007856,0.0121,index_dividend_yield,0.065,11.85,65,23446.6,23494.95,23403.05,23431.5,mid_price,ok
2026-09-10T08:30:31.480042+00:00,2026-09-10T14:00:31.480042+05:30,NIFTY,29-Sep-2026,25850.0,PE,23425.25,2284.95,650,2354.85,65,0.0,2319.8999999999996,0,0,0,0,0,,,,,,,,,,,,,,,0.05222502917167681,,,,,,11.85,65,23446.6,23494.95,23403.05,23431.5,mid_price,no_price_available
2026-09-10T08:30:31.480042+00:00,2026-09-10T14:00:31.480042+05:30,NIFTY,29-Sep-2026,25900.0,CE,23425.25,4.1,520,4.25,195,4.15,4.175,437,-99,229,-3.488372093023256,18.33,0.01042136442429228,2.8154338302742843e-05,-0.7458450133666437,1.478954965907358,0.3545588169628069,-0.0017994950405056736,43.85535446144406,6.538896425118176e-08,0.0006812517198860519,-3.498454408049914e-06,-0.2613705870072145,71.05293677696596,-0.009292945004259144,2.3031077969577867e-05,0.05222502917167681,23516,0.07403615039007856,0.0121,index_dividend_yield,0.065,11.85,65,23446.6,23494.95,23403.05,23431.5,mid_price,ok
2026-09-10T08:30:31.480042+00:00,2026-09-10T14:00:31.480042+05:30,NIFTY,29-Sep-2026,25900.0,PE,23425.25,2167.2,650,2400.15,130,0.0,2283.675,76,0,0,0,0,,,,,,,,,,,,,,,0.05222502917167681,,,,,,11.85,65,23446.6,23494.95,23403.05,23431.5,mid_price,no_price_available
2026-09-10T08:30:31.480042+00:00,2026-09-10T14:00:31.480042+05:30,NIFTY,29-Sep-2026,25950.0,CE,23425.25,3.6,260,4.15,520,4.05,3.875,615,-7,39,-4.705882352941177,18.59,0.010081199444615229,2.6968662986848913e-05,-0.7342179874626272,1.4367657484119674,0.34151685144750804,-0.0017560794362601866,42.470572930020325,6.208231116533602e-08,0.0006521087848470903,-3.3915155803522783e-06,-0.2560686401013528,70.32030741015872,-0.008970957485246307,2.19762284344634e-05,0.05222502917167681,23516,0.07403615039007856,0.0121,index_dividend_yield,0.065,11.85,65,23446.6,23494.95,23403.05,23431.5,mid_price,ok
2026-09-10T08:30:31.480042+00:00,2026-09-10T14:00:31.480042+05:30,NIFTY,29-Sep-2026,25950.0,PE,23425.25,2242.55,650,2455.5,65,0.0,2349.025,1,0,0,0,13.83,,,,,,,,,,,,,,,0.05222502917167681,,,,,,11.85,65,23446.6,23494.95,23403.05,23431.5,mid_price,no_price_available
2026-09-10T08:30:31.480042+00:00,2026-09-10T14:00:31.480042+05:30,NIFTY,29-Sep-2026,26000.0,CE,23425.25,3.7,1755,3.8,4550,3.75,3.75,59711.846153846156,-125,8460,-6.25,18.72,0.009339482436167047,2.505154615910151e-05,-0.6910755004804557,1.3439637036278944,0.32111130332513566,-0.0016610753307556069,40.42398613943687,5.799115174083772e-08,0.0006196720286858518,-3.240405155117565e-06,-0.24436101980124136,70.40295492780847,-0.008295083654736201,2.033556804571039e-05,0.05222502917167681,23516,0.07403615039007856,0.0121,index_dividend_yield,0.065,11.85,65,23446.6,23494.95,23403.05,23431.5,mid_price,ok
2026-09-10T08:30:31.480042+00:00,2026-09-10T14:00:31.480042+05:30,NIFTY,29-Sep-2026,26000.0,PE,23425.25,2476.25,65,2484.9,130,2482,2480.575,31351.53846153846,-193,599,2.005589347361499,28.8,,,,,,,,,,,,,,,0.05222502917167681,,,,,,11.85,65,23446.6,23494.95,23403.05,23431.5,mid_price,no_price_available
2026-09-10T08:30:31.480042+00:00,2026-09-10T14:00:31.480042+05:30,NIFTY,29-Sep-2026,26050.0,CE,23425.25,3.7,130,4.25,65,3.7,3.975,594,7,44,-6.329113924050633,19,0.009116986113395013,2.4166970571219286e-05,-0.6862113301071896,1.3159002649959768,0.3110146250496007,-0.0016313536726316779,39.30206652994694,5.5314048133268707e-08,0.000594591406771579,-3.1518043938672544e-06,-0.24066576028753264,69.55370182877516,-0.008080504233462333,1.9542279792743204e-05,0.05222502917167681,23516,0.07403615039007856,0.0121,index_dividend_yield,0.065,11.85,65,23446.6,23494.95,23403.05,23431.5,mid_price,ok
2026-09-10T08:30:31.480042+00:00,2026-09-10T14:00:31.480042+05:30,NIFTY,29-Sep-2026,26050.0,PE,23425.25,2347,715,2555.6,65,0.0,2451.3,4,0,0,0,18.06,,,,,,,,,,,,,,,0.05222502917167681,,,,,,11.85,65,23446.6,23494.95,23403.05,23431.5,mid_price,no_price_available
2026-09-10T08:30:31.480042+00:00,2026-09-10T14:00:31.480042+05:30,NIFTY,29-Sep-2026,26100.0,CE,23425.25,3.5,780,3.6,65,3.45,3.55,252,-63,204,-8,19.15,0.008520657913056711,2.259733761537482e-05,-0.6513483913368997,1.240147130552129,0.29387900351491786,-0.0015522354180014224,37.52971523930593,5.187050743074251e-08,0.0005658352114768792,-3.0189306626249346e-06,-0.2307576351224494,69.50012816166581,-0.007537418605722889,1.8203073744880118e-05,0.05222502917167681,23516,0.07403615039007856,0.0121,index_dividend_yield,0.065,11.85,65,23446.6,23494.95,23403.05,23431.5,mid_price,ok
2026-09-10T08:30:31.480042+00:00,2026-09-10T14:00:31.480042+05:30,NIFTY,29-Sep-2026,26100.0,PE,23425.25,2414,650,2605.6,65,0.0,2509.8,144,0,0,0,0,,,,,,,,,,,,,,,0.05222502917167681,,,,,,11.85,65,23446.6,23494.95,23403.05,23431.5,mid_price,no_price_available
2026-09-10T08:30:31.480042+00:00,2026-09-10T14:00:31.480042+05:30,NIFTY,29-Sep-2026,26150.0,CE,23425.25,2.8,65,3.9,1300,0.0,3.3499999999999996,122,0,0,0,19.75,0.009276370066889344,2.3604608607728846e-05,-0.7230271033793934,1.3360141684905622,0.3031808037059214,-0.00165003247200708,38.20776980452278,5.176967955846379e-08,0.0005555266340134186,-3.0544713942180173e-06,-0.24298514742073762,66.82679318334573,-0.00818545234659275,1.8941827893427072e-05,0.05222502917167681,23516,0.07403615039007856,0.0121,index_dividend_yield,0.065,11.85,65,23446.6,23494.95,23403.05,23431.5,mid_price,wide_quote_low_liquidity
2026-09-10T08:30:31.480042+00:00,2026-09-10T14:00:31.480042+05:30,NIFTY,29-Sep-2026,26150.0,PE,23425.25,2431.95,650,2655.85,65,0.0,2543.8999999999996,1,0,0,0,19.21,,,,,,,,,,,,,,,0.05222502917167681,,,,,,11.85,65,23446.6,23494.95,23403.05,23431.5,mid_price,no_price_available
2026-09-10T08:30:31.480042+00:00,2026-09-10T14:00:31.480042+05:30,NIFTY,29-Sep-2026,26200.0,CE,23425.25,3.25,65,3.35,130,3.25,3.3,2746,-36,191,-4.411764705882353,19.69,0.008104903865433432,2.1033073120962214e-05,-0.6399899233718938,1.1868493820001411,0.2757406178013613,-0.001494904167405155,35.4841446145151,4.7293372956970675e-08,0.000522010850765764,-2.8571494060714582e-06,-0.22350661106918504,67.96561292669553,-0.0071399212462600675,1.681390611054103e-05,0.05222502917167681,23516,0.07403615039007856,0.0121,index_dividend_yield,0.065,11.85,65,23446.6,23494.95,23403.05,23431.5,mid_price,ok
2026-09-10T08:30:31.480042+00:00,2026-09-10T14:00:31.480042+05:30,NIFTY,29-Sep-2026,26200.0,PE,23425.25,2600.05,650,2706.4,65,0.0,2653.2250000000004,582,0,0,0,0,,,,,,,,,,,,,,,0.05222502917167681,,,,,,11.85,65,23446.6,23494.95,23403.05,23431.5,mid_price,no_price_available
2026-09-10T08:30:31.480042+00:00,2026-09-10T14:00:31.480042+05:30,NIFTY,29-Sep-2026,26250.0,CE,23425.25,2.2,910,3,65,2.85,2.6,7,2,2,0,19.61,0.007011236818349002,1.8587687861366628e-05,-0.5606926499138054,1.0446002483039478,0.24889261183057765,-0.001342810095499595,32.72903100427327,4.292649165312728e-08,0.00048758469480958644,-2.6540432212423627e-06,-0.2039805580380892,69.23705987882563,-0.006166393738088624,1.4802505269011785e-05,0.05222502917167681,23516,0.07403615039007856,0.0121,index_dividend_yield,0.065,11.85,65,23446.6,23494.95,23403.05,23431.5,mid_price,wide_quote_low_liquidity
2026-09-10T08:30:31.480042+00:00,2026-09-10T14:00:31.480042+05:30,NIFTY,29-Sep-2026,26250.0,PE,23425.25,2677.05,650,2756.4,65,0.0,2716.7250000000004,0,0,0,0,0,,,,,,,,,,,,,,,0.05222502917167681,,,,,,11.85,65,23446.6,23494.95,23403.05,23431.5,mid_price,no_price_available
2026-09-10T08:30:31.480042+00:00,2026-09-10T14:00:31.480042+05:30,NIFTY,29-Sep-2026,26300.0,CE,23425.25,2.7,195,2.95,130,2.7,2.825,2086,8,90,-8.474576271186441,19.7,0.006431747570861353,1.7144616546814268e-05,-0.521606556475024,0.9679237862820855,0.232419983005102,-0.0012587182448729238,30.94659331215549,3.992338645251032e-08,0.00046111013219843485,-2.5184465717392624e-06,-0.19299014742214307,69.50990382982089,-0.005646302573867877,1.3601435557130465e-05,0.05222502917167681,23516,0.07403615039007856,0.0121,index_dividend_yield,0.065,11.85,65,23446.6,23494.95,23403.05,23431.5,mid_price,ok
2026-09-10T08:30:31.480042+00:00,2026-09-10T14:00:31.480042+05:30,NIFTY,29-Sep-2026,26300.0,PE,23425.25,2726.1,650,2788,65,2748,2757.05,1245,1,2,4.100767118098305,26.52,,,,,,,,,,,,,,,0.05222502917167681,,,,,,11.85,65,23446.6,23494.95,23403.05,23431.5,mid_price,no_price_available
2026-09-10T08:30:31.480042+00:00,2026-09-10T14:00:31.480042+05:30,NIFTY,29-Sep-2026,26350.0,CE,23425.25,2.1,325,3,715,0.0,2.55,85,0,0,0,13.52,0.00010643470340096019,5.798963640116396e-07,-0.008326079525732928,0.022468508157630726,0.011602268225082141,-4.317286624339963e-05,2.299546510858832,3.073732861816716e-09,5.50459465000015e-05,-2.053937798876387e-07,-0.009149591334441296,135.64465809821516,-9.392329106614815e-05,4.583081872353859e-07,0.05222502917167681,23516,0.07403615039007856,0.0121,index_dividend_yield,0.065,11.85,65,23446.6,23494.95,23403.05,23431.5,mid_price,wide_quote_low_liquidity
2026-09-10T08:30:31.480042+00:00,2026-09-10T14:00:31.480042+05:30,NIFTY,29-Sep-2026,26350.0,PE,23425.25,2775.05,650,2856.7,65,0.0,2815.875,0,0,0,0,0,,,,,,,,,,,,,,,0.05222502917167681,,,,,,11.85,65,23446.6,23494.95,23403.05,23431.5,mid_price,no_price_available
2026-09-10T08:30:31.480042+00:00,2026-09-10T14:00:31.480042+05:30,NIFTY,29-Sep-2026,26400.0,CE,23425.25,2.65,65,2.8,195,2.65,2.7249999999999996,725,20,66,-14.516129032258064,20.24,0.006174779734039059,1.609560252524479e-05,-0.5162332071523663,0.9336087366198295,0.2195525381230726,-0.001219787577220563,29.403392175767483,3.6671700166608174e-08,0.0004273862273893104,-2.393682123606791e-06,-0.18785159115264183,67.94769437682545,-0.005398370378468187,1.2672662066947459e-05,0.05222502917167681,23516,0.07403615039007856,0.0121,index_dividend_yield,0.065,11.85,65,23446.6,23494.95,23403.05,23431.5,mid_price,ok
2026-09-10T08:30:31.480042+00:00,2026-09-10T14:00:31.480042+05:30,NIFTY,29-Sep-2026,26400.0,PE,23425.25,2826.8,650,2897.8,260,2874.8,2862.3,56,-2,2,52.299215935579575,32.22,,,,,,,,,,,,,,,0.05222502917167681,,,,,,11.85,65,23446.6,23494.95,23403.05,23431.5,mid_price,no_price_available
2026-09-10T08:30:31.480042+00:00,2026-09-10T14:00:31.480042+05:30,NIFTY,29-Sep-2026,26450.0,CE,23425.25,1.8,65,2.9,1300,0.0,2.35,42,0,0,0,19.27,0.003757072391073454,1.0856615898335293e-05,-0.3155880439647103,0.5995471568625347,0.1579139052717566,-0.0008348190596492609,22.595227734539925,2.7881912716667406e-08,0.00035280153696461115,-1.877641944905193e-06,-0.1351842269680389,74.66573826064952,-0.0032828595536392555,8.515528155017614e-06,0.05222502917167681,23516,0.07403615039007856,0.0121,index_dividend_yield,0.065,11.85,65,23446.6,23494.95,23403.05,23431.5,mid_price,wide_quote_low_liquidity
2026-09-10T08:30:31.480042+00:00,2026-09-10T14:00:31.480042+05:30,NIFTY,29-Sep-2026,26450.0,PE,23425.25,2873.25,650,2957.15,65,0.0,2915.2,0,0,0,0,0,,,,,,,,,,,,,,,0.05222502917167681,,,,,,11.85,65,23446.6,23494.95,23403.05,23431.5,mid_price,no_price_available
2026-09-10T08:30:31.480042+00:00,2026-09-10T14:00:31.480042+05:30,NIFTY,29-Sep-2026,26500.0,CE,23425.25,2.1,2015,2.15,3055,2.1,2.125,13974,-253,2153,-8.695652173913043,20.43,0.005244606183099882,1.3794397419865561e-05,-0.4502835946827938,0.807640819516255,0.19242615827062348,-0.0010776388764452659,26.36049328579998,3.18704973386082e-08,0.00038270279361868304,-2.159087110729475e-06,-0.16881554993827774,68.37618514746079,-0.004568280829185328,1.077902440077344e-05,0.05222502917167681,23516,0.07403615039007856,0.0121,index_dividend_yield,0.065,11.85,65,23446.6,23494.95,23403.05,23431.5,mid_price,ok
2026-09-10T08:30:31.480042+00:00,2026-09-10T14:00:31.480042+05:30,NIFTY,29-Sep-2026,26500.0,PE,23425.25,2967.2,65,2978.7,130,2953.55,2972.95,13069,-13,20,0.7882748383354092,29.45,,,,,,,,,,,,,,,0.05222502917167681,,,,,,11.85,65,23446.6,23494.95,23403.05,23431.5,mid_price,no_price_available
2026-09-10T08:30:31.480042+00:00,2026-09-10T14:00:31.480042+05:30,NIFTY,29-Sep-2026,26550.0,CE,23425.25,1.6,910,2.4,650,2,2.0,72,-4,6,-9.090909090909092,20.55,0.004880392025505136,1.2862536769410556e-05,-0.4245872500795374,0.7575051951513951,0.1811626250349859,-0.0010198537000651485,25.059173720157588,2.983851589739268e-08,0.0003629060704236771,-2.0574789276853374e-06,-0.16094540872951668,68.43854114250865,-0.004243086069462538,1.0013042220491421e-05,0.05222502917167681,23516,0.07403615039007856,0.0121,index_dividend_yield,0.065,11.85,65,23446.6,23494.95,23403.05,23431.5,mid_price,wide_quote_low_liquidity
2026-09-10T08:30:31.480042+00:00,2026-09-10T14:00:31.480042+05:30,NIFTY,29-Sep-2026,26550.0,PE,23425.25,2971.35,650,3057.55,65,0.0,3014.45,0,0,0,0,0,,,,,,,,,,,,,,,0.05222502917167681,,,,,,11.85,65,23446.6,23494.95,23403.05,23431.5,mid_price,no_price_available
2026-09-10T08:30:31.480042+00:00,2026-09-10T14:00:31.480042+05:30,NIFTY,29-Sep-2026,26600.0,CE,23425.25,1.95,195,2.25,1300,2.2,2.1,685,-167,221,-15.384615384615385,21.06,0.0052402518577972755,1.3371860287649465e-05,-0.4632760334345589,0.8070442681563524,0.1866555233497307,-0.0010761259287536823,25.572901653021894,2.994547708248287e-08,0.0003602120904226838,-2.091602190498163e-06,-0.16860928401629482,66.36372820057596,-0.004545281632387921,1.0370436248238921e-05,0.05222502917167681,23516,0.07403615039007856,0.0121,index_dividend_yield,0.065,11.85,65,23446.6,23494.95,23403.05,23431.5,mid_price,ok
2026-09-10T08:30:31.480042+00:00,2026-09-10T14:00:31.480042+05:30,NIFTY,29-Sep-2026,26600.0,PE,23425.25,3020.25,650,3107.65,65,0.0,3063.95,0,0,0,0,0,,,,,,,,,,,,,,,0.05222502917167681,,,,,,11.85,65,23446.6,23494.95,23403.05,23431.5,mid_price,no_price_available
2026-09-10T08:30:31.480042+00:00,2026-09-10T14:00:31.480042+05:30,NIFTY,29-Sep-2026,26650.0,CE,23425.25,1.4,585,2.65,1300,0.0,2.025,14,0,0,0,21.05,0.004663454895175,1.2058071505817123e-05,-0.4171742356384282,0.7274063958208002,0.17091592287200863,-0.000984327175098187,23.78495534215763,2.7459562063885298e-08,0.000336985816806813,-1.9538893962682487e-06,-0.1560662219676041,67.1149768589664,-0.0040380826830678,9.316480883945328e-06,0.05222502917167681,23516,0.07403615039007856,0.0121,index_dividend_yield,0.065,11.85,65,23446.6,23494.95,23403.05,23431.5,mid_price,wide_quote_low_liquidity
2026-09-10T08:30:31.480042+00:00,2026-09-10T14:00:31.480042+05:30,NIFTY,29-Sep-2026,26650.0,PE,23425.25,3069.55,650,3158.05,65,0.0,3113.8,0,0,0,0,0,,,,,,,,,,,,,,,0.05222502917167681,,,,,,11.85,65,23446.6,23494.95,23403.05,23431.5,mid_price,no_price_available
2026-09-10T08:30:31.480042+00:00,2026-09-10T14:00:31.480042+05:30,NIFTY,29-Sep-2026,26700.0,CE,23425.25,1.85,520,2.5,130,1.9,2.175,39,-3,5,-20.833333333333332,21.28,0.004530339071972688,1.1623398111994133e-05,-0.4107567254946499,0.708846006326301,0.16540504944318,-0.0009624156443311391,23.105926497435814,2.6278800367080047e-08,0.0003242520120773549,-1.899132129438411e-06,-0.15304150858148635,66.57545915079635,-0.003914991746490462,8.947033413843943e-06,0.05222502917167681,23516,0.07403615039007856,0.0121,index_dividend_yield,0.065,11.85,65,23446.6,23494.95,23403.05,23431.5,mid_price,wide_quote_low_liquidity
2026-09-10T08:30:31.480042+00:00,2026-09-10T14:00:31.480042+05:30,NIFTY,29-Sep-2026,26700.0,PE,23425.25,3118.65,650,3208.3,65,0.0,3163.4750000000004,0,0,0,0,0,,,,,,,,,,,,,,,0.05222502917167681,,,,,,11.85,65,23446.6,23494.95,23403.05,23431.5,mid_price,no_price_available
2026-09-10T08:30:31.480042+00:00,2026-09-10T14:00:31.480042+05:30,NIFTY,29-Sep-2026,26750.0,CE,23425.25,2.15,65,2.9,1300,1.9,2.525,110,-6,12,-20.833333333333332,21.56,0.004484911529729967,1.1369667614104134e-05,-0.41221680380989567,0.702495724229492,0.1620430754971768,-0.0009546943130111073,22.66619021463839,2.539583327909873e-08,0.00031410114644302514,-1.8625563545178027e-06,-0.1519724855231268,65.78323266771639,-0.00386777972585652,8.719039893611183e-06,0.05222502917167681,23516,0.07403615039007856,0.0121,index_dividend_yield,0.065,11.85,65,23446.6,23494.95,23403.05,23431.5,mid_price,wide_quote_low_liquidity
2026-09-10T08:30:31.480042+00:00,2026-09-10T14:00:31.480042+05:30,NIFTY,29-Sep-2026,26750.0,PE,23425.25,3168.65,650,3368.75,715,0.0,3268.7,1,0,0,0,18.46,,,,,,,,,,,,,,,0.05222502917167681,,,,,,11.85,65,23446.6,23494.95,23403.05,23431.5,mid_price,no_price_available
2026-09-10T08:30:31.480042+00:00,2026-09-10T14:00:31.480042+05:30,NIFTY,29-Sep-2026,26800.0,CE,23425.25,1.75,780,2.3,650,0.0,2.025,41,0,0,0,22.24,0.005106634528900138,1.2374649267552538e-05,-0.47709499895357244,0.7887054498656377,0.17350812687537193,-0.0010538300236129436,23.854963458338595,2.629346016581552e-08,0.0003186311001587403,-1.9481796274059864e-06,-0.16557948268601475,63.043581655363,-0.004392787554121733,9.454352257731203e-06,0.05222502917167681,23516,0.07403615039007856,0.0121,index_dividend_yield,0.065,11.85,65,23446.6,23494.95,23403.05,23431.5,mid_price,wide_quote_low_liquidity
2026-09-10T08:30:31.480042+00:00,2026-09-10T14:00:31.480042+05:30,NIFTY,29-Sep-2026,26800.0,PE,23425.25,2983.9,650,3308.7,65,0.0,3146.3,21,0,0,0,0,,,,,,,,,,,,,,,0.05222502917167681,,,,,,11.85,65,23446.6,23494.95,23403.05,23431.5,mid_price,no_price_available
2026-09-10T08:30:31.480042+00:00,2026-09-10T14:00:31.480042+05:30,NIFTY,29-Sep-2026,26850.0,CE,23425.25,1.4,585,2.5,650,0.0,1.95,41,0,0,0,21.32,0.0032666099478259204,8.654266758682982e-06,-0.3065904079515006,0.5287673591791733,0.1282557173671688,-0.0007464521756290238,18.671552368670906,2.0386805844606204e-08,0.0002649932384487312,-1.5510072231392985e-06,-0.12254558544713179,68.40476321408845,-0.0028082868621613776,6.587341317616161e-06,0.05222502917167681,23516,0.07403615039007856,0.0121,index_dividend_yield,0.065,11.85,65,23446.6,23494.95,23403.05,23431.5,mid_price,wide_quote_low_liquidity
2026-09-10T08:30:31.480042+00:00,2026-09-10T14:00:31.480042+05:30,NIFTY,29-Sep-2026,26850.0,PE,23425.25,3266,650,3359.05,65,0.0,3312.525,0,0,0,0,0,,,,,,,,,,,,,,,0.05222502917167681,,,,,,11.85,65,23446.6,23494.95,23403.05,23431.5,mid_price,no_price_available
2026-09-10T08:30:31.480042+00:00,2026-09-10T14:00:31.480042+05:30,NIFTY,29-Sep-2026,26900.0,CE,23425.25,1.75,650,2.25,195,0.0,2.0,87,0,0,0,22.69,0.004821225041337429,1.1523442330983908e-05,-0.4620056300087208,0.7493140722875538,0.16286274732282618,-0.001008091334274386,22.564628816200806,2.4177471089506623e-08,0.00029622003550921393,-1.84520450239858e-06,-0.15933047013747326,62.1413766136569,-0.004130890670220372,8.738686145120674e-06,0.05222502917167681,23516,0.07403615039007856,0.0121,index_dividend_yield,0.065,11.85,65,23446.6,23494.95,23403.05,23431.5,mid_price,wide_quote_low_liquidity
2026-09-10T08:30:31.480042+00:00,2026-09-10T14:00:31.480042+05:30,NIFTY,29-Sep-2026,26900.0,PE,23425.25,3315.1,650,3520.2,715,0.0,3417.6499999999996,1,0,0,0,0,,,,,,,,,,,,,,,0.05222502917167681,,,,,,11.85,65,23446.6,23494.95,23403.05,23431.5,mid_price,no_price_available
2026-09-10T08:30:31.480042+00:00,2026-09-10T14:00:31.480042+05:30,NIFTY,29-Sep-2026,26950.0,CE,23425.25,1.85,130,2.25,650,0.0,2.05,48,0,0,0,22.54,0.004120781786787621,1.0082516530500403e-05,-0.39877399707444444,0.6512834085019013,0.1453745078857133,-0.0008934669180701094,20.558861660210315,2.175863540614863e-08,0.0002735325108577365,-1.6911071998208852e-06,-0.14344305892239584,63.44622957802066,-0.00352537633871995,7.617629967485095e-06,0.05222502917167681,23516,0.07403615039007856,0.0121,index_dividend_yield,0.065,11.85,65,23446.6,23494.95,23403.05,23431.5,mid_price,wide_quote_low_liquidity
2026-09-10T08:30:31.480042+00:00,2026-09-10T14:00:31.480042+05:30,NIFTY,29-Sep-2026,26950.0,PE,23425.25,3364.25,650,3459.55,65,0.0,3411.9,0,0,0,0,0,,,,,,,,,,,,,,,0.05222502917167681,,,,,,11.85,65,23446.6,23494.95,23403.05,23431.5,mid_price,no_price_available
2026-09-10T08:30:31.480042+00:00,2026-09-10T14:00:31.480042+05:30,NIFTY,29-Sep-2026,27000.0,CE,23425.25,2.05,4030,2.1,3965,2.05,2.075,27295,228,2396,-6.818181818181818,23.21,0.004672213359625563,1.095422965859405e-05,-0.4591285215573514,0.7286251243665831,0.1555208127938714,-0.0009836900674687551,21.63729578552076,2.2549933023695074e-08,0.00027809471412132566,-1.7697371205852322e-06,-0.1559756172022282,60.945270218727075,-0.003987108484755683,8.245609861527249e-06,0.05222502917167681,23516,0.07403615039007856,0.0121,index_dividend_yield,0.065,11.85,65,23446.6,23494.95,23403.05,23431.5,mid_price,ok
2026-09-10T08:30:31.480042+00:00,2026-09-10T14:00:31.480042+05:30,NIFTY,29-Sep-2026,27000.0,PE,23425.25,3477.2,65,3487.3,65,3484.7,3482.25,23272.46153846154,205,582,1.4276774409500386,37.56,,,,,,,,,,,,,,,0.05222502917167681,,,,,,11.85,65,23446.6,23494.95,23403.05,23431.5,mid_price,no_price_available
2026-09-10T08:30:31.480042+00:00,2026-09-10T14:00:31.480042+05:30,NIFTY,29-Sep-2026,27050.0,CE,23425.25,1.15,910,2.5,1300,0.0,1.825,64,0,0,0,22,0.0027032370309873093,7.071456942266211e-06,-0.2662866638073124,0.4458397046495451,0.1072061501399572,-0.0006425464893976812,15.963063194397082,1.6510411401527398e-08,0.00022103873475834074,-1.3314742795735822e-06,-0.10737713112533509,67.39183164874547,-0.002306261150178197,5.303258923499278e-06,0.05222502917167681,23516,0.07403615039007856,0.0121,index_dividend_yield,0.065,11.85,65,23446.6,23494.95,23403.05,23431.5,mid_price,wide_quote_low_liquidity
2026-09-10T08:30:31.480042+00:00,2026-09-10T14:00:31.480042+05:30,NIFTY,29-Sep-2026,27050.0,PE,23425.25,3462.5,650,3560.05,65,0.0,3511.275,0,0,0,0,0,,,,,,,,,,,,,,,0.05222502917167681,,,,,,11.85,65,23446.6,23494.95,23403.05,23431.5,mid_price,no_price_available
2026-09-10T08:30:31.480042+00:00,2026-09-10T14:00:31.480042+05:30,NIFTY,29-Sep-2026,27100.0,CE,23425.25,1.65,325,2.25,1040,2.15,1.95,208,0,2,19.444444444444443,23.82,0.00467248121042713,1.0674251643516678e-05,-0.47080264589887577,0.7286623906880934,0.1516242908276744,-0.0009832781589759199,21.09504645565513,2.1393504659149423e-08,0.0002642054525991333,-1.7235487460311523e-06,-0.15591825309519025,59.40808640373994,-0.003970908881051397,7.975672714959898e-06,0.05222502917167681,23516,0.07403615039007856,0.0121,index_dividend_yield,0.065,11.85,65,23446.6,23494.95,23403.05,23431.5,mid_price,wide_quote_low_liquidity
2026-09-10T08:30:31.480042+00:00,2026-09-10T14:00:31.480042+05:30,NIFTY,29-Sep-2026,27100.0,PE,23425.25,3511.6,650,3610.3,65,0.0,3560.95,0,0,0,0,0,,,,,,,,,,,,,,,0.05222502917167681,,,,,,11.85,65,23446.6,23494.95,23403.05,23431.5,mid_price,no_price_available
2026-09-10T08:30:31.480042+00:00,2026-09-10T14:00:31.480042+05:30,NIFTY,29-Sep-2026,27150.0,CE,23425.25,1.2,910,2.5,1300,0.0,1.85,119,0,0,0,16.39,5.970856278103399e-05,2.776559400392643e-07,-0.005807299468398897,0.013041666274349314,0.0057785090184183045,-2.5838809217518866e-05,1.1899127688542637,1.2456082393369614e-09,2.363433291365963e-05,-1.05850588955529e-07,-0.005664884241611452,115.56326881150997,-5.10712628843535e-05,2.0669775997240527e-07,0.05222502917167681,23516,0.07403615039007856,0.0121,index_dividend_yield,0.065,11.85,65,23446.6,23494.95,23403.05,23431.5,mid_price,wide_quote_low_liquidity
2026-09-10T08:30:31.480042+00:00,2026-09-10T14:00:31.480042+05:30,NIFTY,29-Sep-2026,27150.0,PE,23425.25,3560.75,650,3660.55,65,0.0,3610.65,0,0,0,0,0,,,,,,,,,,,,,,,0.05222502917167681,,,,,,11.85,65,23446.6,23494.95,23403.05,23431.5,mid_price,no_price_available
2026-09-10T08:30:31.480042+00:00,2026-09-10T14:00:31.480042+05:30,NIFTY,29-Sep-2026,27200.0,CE,23425.25,1.7,260,2,585,2,1.85,664,3,40,-4.761904761904762,24.18,0.0043157787607051214,9.79544997940321e-06,-0.4448563181383169,0.6787781407977862,0.14060812168238634,-0.0009247791393651415,19.766714812772758,1.954075229119231e-08,0.000244737320416959,-1.6186991337312651e-06,-0.1478151154269951,58.96100169249113,-0.0036538064077163796,7.265325096202235e-06,0.05222502917167681,23516,0.07403615039007856,0.0121,index_dividend_yield,0.065,11.85,65,23446.6,23494.95,23403.05,23431.5,mid_price,wide_quote_low_liquidity
2026-09-10T08:30:31.480042+00:00,2026-09-10T14:00:31.480042+05:30,NIFTY,29-Sep-2026,27200.0,PE,23425.25,3609.9,650,3710.85,65,0.0,3660.375,0,0,0,0,0,,,,,,,,,,,,,,,0.05222502917167681,,,,,,11.85,65,23446.6,23494.95,23403.05,23431.5,mid_price,no_price_available
2026-09-10T08:30:31.480042+00:00,2026-09-10T14:00:31.480042+05:30,NIFTY,29-Sep-2026,28500.0,CE,23425.25,0.6,17940,0.65,1040,0.65,0.625,8421,-262,771,-7.142857142857143,27.92,0.0013576553716778909,2.9805479006223013e-06,-0.17916026591969567,0.23848368843324141,0.04885740542955464,-0.0003679656244835153,7.84120410686924,5.882006786896446e-09,8.732059206458811e-05,-6.594902313111754e-07,-0.06531699533692165,56.27567590929715,-0.0010960800135698583,2.0136076604548905e-06,0.05222502917167681,23516,0.07403615039007856,0.0121,index_dividend_yield,0.065,11.85,65,23446.6,23494.95,23403.05,23431.5,mid_price,ok
2026-09-10T08:30:31.480042+00:00,2026-09-10T14:00:31.480042+05:30,NIFTY,29-Sep-2026,28500.0,PE,23425.25,4955.95,65,4980.45,65,4972,4968.2,6641,-5,25,1.2864520203306273,49.64,,,,,,,,,,,,,,,0.05222502917167681,,,,,,11.85,65,23446.6,23494.95,23403.05,23431.5,mid_price,no_price_available
2026-09-10T08:30:31.480042+00:00,2026-09-10T14:00:31.480042+05:30,NIFTY,29-Sep-2026,30000.0,CE,23425.25,0.65,455,0.7,5135,0.65,0.675,4423,30,98,-7.142857142857143,34.87,0.0012224339349025,2.1681799338434273e-06,-0.20221155533743768,0.2166678273119663,0.0360942450417527,-0.0003375562952991245,5.854378195895807,3.4381149934693083e-09,5.236534593284912e-05,-4.906986506269583e-07,-0.06043934985580535,45.59965327194894,-0.0009335945746038095,1.321969027948166e-06,0.05222502917167681,23516,0.07403615039007856,0.0121,index_dividend_yield,0.065,11.85,65,23446.6,23494.95,23403.05,23431.5,mid_price,ok
2026-09-10T08:30:31.480042+00:00,2026-09-10T14:00:31.480042+05:30,NIFTY,29-Sep-2026,30000.0,PE,23425.25,6447,65,6486.65,130,6444,6466.825,2185,-7,26,1.0031347962382444,55.36,,,,,,,,,,,,,,,0.05222502917167681,,,,,,11.85,65,23446.6,23494.95,23403.05,23431.5,mid_price,no_price_available
2026-09-10T08:30:31.480042+00:00,2026-09-10T14:00:31.480042+05:30,NIFTY,29-Sep-2026,31500.0,CE,23425.25,0.55,3510,0.95,130,1,0.75,249,0,6,53.84615384615385,42.44,0.0014556758665891071,2.0896959282233983e-06,-0.287708942604853,0.2541590812599733,0.03438620594410624,-0.00038992812086519535,5.4795564461377895,2.654118404757428e-09,4.012848312990471e-05,-4.557964453146776e-07,-0.06880824120611245,37.150642857974304,-0.0010533872418581273,1.1556610012075043e-06,0.05222502917167681,23516,0.07403615039007856,0.0121,index_dividend_yield,0.065,11.85,65,23446.6,23494.95,23403.05,23431.5,mid_price,wide_quote_low_liquidity
2026-09-10T08:30:31.480042+00:00,2026-09-10T14:00:31.480042+05:30,NIFTY,29-Sep-2026,31500.0,PE,23425.25,,0,,0,0.0,,0,0,0,0,0,,,,,,,,,,,,,,,0.05222502917167681,,,,,,11.85,65,23446.6,23494.95,23403.05,23431.5,none,no_price_available
2026-09-10T08:30:31.480042+00:00,2026-09-10T14:00:31.480042+05:30,NIFTY,29-Sep-2026,33000.0,CE,23425.25,0.55,520,0.95,260,0.5,0.75,539,-2,4,-37.5,45.89,0.0007134681385840781,1.0046561912522484e-06,-0.1613774677014572,0.132124294961393,0.017715679259880563,-0.00021676449629542429,3.0243050661326043,1.263962907264253e-09,2.0806846539604593e-05,-2.548215694201391e-07,-0.040474791140989314,36.22208132000775,-0.0004924776120669415,5.062418611886101e-07,0.05222502917167681,23516,0.07403615039007856,0.0121,index_dividend_yield,0.065,11.85,65,23446.6,23494.95,23403.05,23431.5,mid_price,wide_quote_low_liquidity
2026-09-10T08:30:31.480042+00:00,2026-09-10T14:00:31.480042+05:30,NIFTY,29-Sep-2026,33000.0,PE,0,,0,,0,0.0,,0,0,0,0,0,,,,,,,,,,,,,,,0.05222502917167681,,,,,,11.85,65,23446.6,23494.95,23403.05,23431.5,none,no_price_available
2026-09-10T08:30:31.480042+00:00,2026-09-10T14:00:31.480042+05:30,NIFTY,29-Sep-2026,34500.0,CE,23425.25,0.2,1755,0.55,1495,0.0,0.375,151,0,0,0,52.03,0.0007531523052937627,9.314201269299985e-07,-0.19199776101014587,0.13888220542472884,0.016415909098698216,-0.00022731030391428533,2.7886443024411482,1.023009987613709e-09,1.691182138008274e-05,-2.3435040039362807e-07,-0.04226162018509762,31.941817485561945,-0.000495375068504172,4.294137010748395e-07,0.05222502917167681,23516,0.07403615039007856,0.0121,index_dividend_yield,0.065,11.85,65,23446.6,23494.95,23403.05,23431.5,mid_price,wide_quote_low_liquidity
2026-09-10T08:30:31.480042+00:00,2026-09-10T14:00:31.480042+05:30,NIFTY,29-Sep-2026,34500.0,PE,0,,0,,0,0.0,,0,0,0,0,0,,,,,,,,,,,,,,,0.05222502917167681,,,,,,11.85,65,23446.6,23494.95,23403.05,23431.5,none,no_price_available
2026-09-10T13:06:41.173820+00:00,2026-09-10T18:36:41.173820+05:30,NIFTY,29-Sep-2026,15000.0,CE,23477.8,,0,8765.85,1690,0.0,,0,0,0,0,0,,,,,,,,,,,,,,,0.05169960762874176,,,,,,11.72,65,23446.6,23494.95,23380.1,23431.5,none,no_price_available
2026-09-10T13:06:41.173820+00:00,2026-09-10T18:36:41.173820+05:30,NIFTY,29-Sep-2026,15000.0,PE,23477.8,1,1105,1.35,195,1.35,1.175,1465,62,211,-12.903225806451612,67.54,-0.0012973868869111888,1.1853570154901156e-06,-0.40362512933420686,0.22814569335062257,-0.018086804147613787,0.00031961283590564975,2.9080247134268684,-1.042232079304943e-09,1.335386663258876e-05,-2.354753131573826e-07,-0.057437788436211806,-22.131243944273965,0.002122407673565552,2.903898642159135e-06,0.05169960762874176,23500.1,0.018363440205365903,0.0121,index_dividend_yield,0.065,11.72,65,23446.6,23494.95,23380.1,23431.5,mid_price,wide_quote_low_liquidity
2026-09-10T13:06:41.173820+00:00,2026-09-10T18:36:41.173820+05:30,NIFTY,29-Sep-2026,16500.0,CE,23477.8,,0,7072.8,1690,0.0,,0,0,0,0,0,,,,,,,,,,,,,,,0.05169960762874176,,,,,,11.72,65,23446.6,23494.95,23380.1,23431.5,none,no_price_available
2026-09-10T13:06:41.173820+00:00,2026-09-10T18:36:41.173820+05:30,NIFTY,29-Sep-2026,16500.0,PE,23477.8,0.6,17550,0.85,1040,0.75,0.725,2042,0,465,-11.764705882352942,51.52,-0.000991091339439903,1.2141953361195998e-06,-0.2398395864049491,0.1782651541814106,-0.01928702368400874,0.0002591628918490543,3.1842068675358575,-1.4206794024764378e-09,1.933126721600737e-05,-2.591158334733109e-07,-0.047514987335796594,-29.911420083785316,0.0014573674336756375,2.458303329154717e-06,0.05169960762874176,23500.1,0.018363440205365903,0.0121,index_dividend_yield,0.065,11.72,65,23446.6,23494.95,23380.1,23431.5,mid_price,wide_quote_low_liquidity
2026-09-10T13:06:41.173820+00:00,2026-09-10T18:36:41.173820+05:30,NIFTY,29-Sep-2026,18000.0,CE,23477.8,5416.65,65,5545.35,65,0.0,5481.0,18,0,0,0,69.65,0.9613748801000879,2.222605632389596e-05,-10.418271365301324,4.411492810167548,-0.1917040902981726,0.0034935998729948015,18.15557097552256,-1.1554650347622494e-08,5.956077097657396e-05,-1.0626280273643062e-06,-0.444569341441051,4.0424240777100575,-0.9437469067615241,3.781222188763205e-05,0.05169960762874176,23500.1,0.018363440205365903,0.0121,index_dividend_yield,0.065,11.72,65,23446.6,23494.95,23380.1,23431.5,mid_price,ok
2026-09-10T13:06:41.173820+00:00,2026-09-10T18:36:41.173820+05:30,NIFTY,29-Sep-2026,18000.0,PE,23477.8,1.15,195,1.25,1300,1.1,1.2,13183,-102,1167,-29.032258064516128,41.17,-0.001781877521529723,2.5972694223607187e-06,-0.32613725880441613,0.30471926633791635,-0.03910794060002357,0.0004176955443705023,6.083890964502403,-3.5660847841267742e-09,4.5546764683665964e-05,-4.848430841411369e-07,-0.07305882318357804,-35.99247441952921,0.002388715459664969,4.418621381548391e-06,0.05169960762874176,23500.1,0.018363440205365903,0.0121,index_dividend_yield,0.065,11.72,65,23446.6,23494.95,23380.1,23431.5,mid_price,ok
2026-09-10T13:06:41.173820+00:00,2026-09-10T18:36:41.173820+05:30,NIFTY,29-Sep-2026,19500.0,CE,23477.8,3979.7,130,4000.6,130,4020,3990.1499999999996,2161,0,10,-1.08632801446797,0,,,,,,,,,,,,,,,0.05169960762874176,23500.1,0.018363440205365903,0.0121,index_dividend_yield,0.065,11.72,65,23446.6,23494.95,23380.1,23431.5,mid_price,no_nse_iv
2026-09-10T13:06:41.173820+00:00,2026-09-10T18:36:41.173820+05:30,NIFTY,29-Sep-2026,19500.0,PE,23477.8,3,4550,3.15,325,3,3.075,15068,144,1118,-17.80821917808219,33.14,-0.0055770954734878034,9.006808091040416e-06,-0.7273581905965711,0.8506001555277326,-0.11838765845993172,0.0010084507952746995,16.03719998237224,-1.3345428504614575e-08,0.00014263492840763776,-1.2077408788474147e-06,-0.15914796041028678,-40.61920205764743,0.006880075883444274,1.305619067358364e-05,0.05169960762874176,23500.1,0.018363440205365903,0.0121,index_dividend_yield,0.065,11.72,65,23446.6,23494.95,23380.1,23431.5,mid_price,ok
2026-09-10T13:06:41.173820+00:00,2026-09-10T18:36:41.173820+05:30,NIFTY,29-Sep-2026,21000.0,CE,23477.8,2487.8,65,2504.95,650,2491.45,2496.375,7936,46,309,-2.9393431765943356,0,,,,,,,,,,,,,,,0.05169960762874176,23500.1,0.018363440205365903,0.0121,index_dividend_yield,0.065,11.72,65,23446.6,23494.95,23380.1,23431.5,mid_price,no_nse_iv
2026-09-10T13:06:41.173820+00:00,2026-09-10T18:36:41.173820+05:30,NIFTY,29-Sep-2026,21000.0,PE,23477.8,6.9,2600,7,585,6.9,6.95,31639,3230,7740,-13.20754716981132,23.86,-0.01643671505448443,3.2156396866558424e-05,-1.3250037918258302,2.186451577993613,-0.356895879486353,0.0021457963427835795,40.644916459442015,-5.5390995078784544e-08,0.00046299894631180534,-2.742445383905343e-06,-0.3022914935011296,-50.50380401544375,0.01873994647054306,4.019236742182527e-05,0.05169960762874176,23500.1,0.018363440205365903,0.0121,index_dividend_yield,0.065,11.72,65,23446.6,23494.95,23380.1,23431.5,mid_price,ok
2026-09-10T13:06:41.173820+00:00,2026-09-10T18:36:41.173820+05:30,NIFTY,29-Sep-2026,21600.0,CE,23477.8,1889.25,260,1904.45,65,1930,1896.85,695,-80,96,-5.392156862745098,0,,,,,,,,,,,,,,,0.05169960762874176,23500.1,0.018363440205365903,0.0121,index_dividend_yield,0.065,11.72,65,23446.6,23494.95,23380.1,23431.5,mid_price,no_nse_iv
2026-09-10T13:06:41.173820+00:00,2026-09-10T18:36:41.173820+05:30,NIFTY,29-Sep-2026,21600.0,PE,23477.8,9.25,325,9.6,195,9.25,9.425,7365,1813,6310,-11.483253588516746,19.69,-0.02584313687530679,5.716397404403065e-05,-1.5836227345871197,3.207525914960909,-0.5799957655306838,0.0028300143361391222,60.23482212942599,-1.0849897579550249e-07,0.0007831853386052884,-3.724346745892985e-06,-0.3788668436294729,-57.94437308841739,0.028574586853938686,6.753512505999518e-05,0.05169960762874176,23500.1,0.018363440205365903,0.0121,index_dividend_yield,0.065,11.72,65,23446.6,23494.95,23380.1,23431.5,mid_price,ok
2026-09-10T13:06:41.173820+00:00,2026-09-10T18:36:41.173820+05:30,NIFTY,29-Sep-2026,21650.0,CE,23477.8,1686.95,65,1917.9,650,1850,1802.4250000000002,0,-1,2,-17.77777777777778,0,,,,,,,,,,,,,,,0.05169960762874176,,,,,,11.72,65,23446.6,23494.95,23380.1,23431.5,mid_price,no_price_available
2026-09-10T13:06:41.173820+00:00,2026-09-10T18:36:41.173820+05:30,NIFTY,29-Sep-2026,21650.0,PE,23477.8,9.6,1755,12,650,9.95,10.8,347,79,368,-11.555555555555555,19.49,-0.02786934999900585,6.150718251555095e-05,-1.6673330877086223,3.416171908417835,-0.6134856644088669,0.002957393691186593,62.64308606874835,-1.1594944336189211e-07,0.0008123001441968482,-3.808429831452137e-06,-0.39246384766680803,-57.94884630253976,0.030743750963406456,7.23310599836281e-05,0.05169960762874176,23500.1,0.018363440205365903,0.0121,index_dividend_yield,0.065,11.72,65,23446.6,23494.95,23380.1,23431.5,mid_price,wide_quote_low_liquidity
2026-09-10T13:06:41.173820+00:00,2026-09-10T18:36:41.173820+05:30,NIFTY,29-Sep-2026,21700.0,CE,23477.8,1634.6,65,1874.25,1690,1820,1754.425,1,0,1,-16.129032258064516,0,,,,,,,,,,,,,,,0.05169960762874176,,,,,,11.72,65,23446.6,23494.95,23380.1,23431.5,mid_price,no_price_available
2026-09-10T13:06:41.173820+00:00,2026-09-10T18:36:41.173820+05:30,NIFTY,29-Sep-2026,21700.0,PE,23477.8,9.65,130,10.6,390,9.8,10.125,3356,421,1674,-13.274336283185841,19,-0.02820345523157755,6.372264720735056e-05,-1.6390192019859469,3.4502411821583117,-0.6341941091841004,0.002974455420133387,64.5817448801771,-1.2283202434037742e-07,0.0008573951293451253,-3.9069293671119e-06,-0.3942833733767972,-59.369042086033865,0.031028031611509046,7.459146534271834e-05,0.05169960762874176,23500.1,0.018363440205365903,0.0121,index_dividend_yield,0.065,11.72,65,23446.6,23494.95,23380.1,23431.5,mid_price,ok
2026-09-10T13:06:41.173820+00:00,2026-09-10T18:36:41.173820+05:30,NIFTY,29-Sep-2026,21750.0,CE,23477.8,1571.3,650,1827.95,650,0.0,1699.625,1,0,0,0,29.91,,,,,,,,,,,,,,,0.05169960762874176,,,,,,11.72,65,23446.6,23494.95,23380.1,23431.5,mid_price,no_price_available
2026-09-10T13:06:41.173820+00:00,2026-09-10T18:36:41.173820+05:30,NIFTY,29-Sep-2026,21750.0,PE,23477.8,9.65,1755,10.8,1105,10.8,10.225000000000001,398,93,738,-6.4935064935064934,18.86,-0.030877237575333404,6.920819747894947e-05,-1.7515499619644457,3.719643097858382,-0.6741916732238371,0.003132075899599973,67.22147150438839,-1.3158632151404836e-07,0.0008837921641732519,-3.977951623757394e-06,-0.4108096104668269,-59.0642842578328,0.0338943989896372,8.064061161700266e-05,0.05169960762874176,23500.1,0.018363440205365903,0.0121,index_dividend_yield,0.065,11.72,65,23446.6,23494.95,23380.1,23431.5,mid_price,ok
2026-09-10T13:06:41.173820+00:00,2026-09-10T18:36:41.173820+05:30,NIFTY,29-Sep-2026,21800.0,CE,23477.8,1417.45,1755,1787.45,650,0.0,1602.45,2,0,0,0,0,,,,,,,,,,,,,,,0.05169960762874176,,,,,,11.72,65,23446.6,23494.95,23380.1,23431.5,mid_price,no_price_available
2026-09-10T13:06:41.173820+00:00,2026-09-10T18:36:41.173820+05:30,NIFTY,29-Sep-2026,21800.0,PE,23477.8,11.05,130,11.2,65,11.15,11.125,5070,120,3102,-10.8,18.52,-0.03237086958053694,7.328458014841403e-05,-1.785545442906032,3.86772538492048,-0.7059806217037078,0.003213431466897499,69.59892211227836,-1.4025657588399305e-07,0.000923056381377795,-4.062061177067226e-06,-0.41923722644987294,-59.7621743232229,0.03544558818512538,8.499911702215151e-05,0.05169960762874176,23500.1,0.018363440205365903,0.0121,index_dividend_yield,0.065,11.72,65,23446.6,23494.95,23380.1,23431.5,mid_price,ok
2026-09-10T13:06:41.173820+00:00,2026-09-10T18:36:41.173820+05:30,NIFTY,29-Sep-2026,21850.0,CE,23477.8,1466.45,650,1728.55,650,0.0,1597.5,1,0,0,0,19.44,,,,,,,,,,,,,,,0.05169960762874176,,,,,,11.72,65,23446.6,23494.95,23380.1,23431.5,mid_price,no_price_available
2026-09-10T13:06:41.173820+00:00,2026-09-10T18:36:41.173820+05:30,NIFTY,29-Sep-2026,21850.0,PE,23477.8,10.3,195,13.9,1300,12.05,12.100000000000001,230,14,84,-5.490196078431373,18.32,-0.035012644118170864,7.902505362233054e-05,-1.8810751976595739,4.125649346170739,-0.7465839084706966,0.003353524882055321,72.1952387741367,-1.499553569135894e-07,0.0009515336623097553,-4.119095897077367e-06,-0.43356051092776937,-59.74232058253125,0.03825076791824553,9.123820110843108e-05,0.05169960762874176,23500.1,0.018363440205365903,0.0121,index_dividend_yield,0.065,11.72,65,23446.6,23494.95,23380.1,23431.5,mid_price,wide_quote_low_liquidity
2026-09-10T13:06:41.173820+00:00,2026-09-10T18:36:41.173820+05:30,NIFTY,29-Sep-2026,21900.0,CE,23477.8,1419.7,650,1677.8,650,0.0,1548.75,9,0,0,0,14.08,,,,,,,,,,,,,,,0.05169960762874176,,,,,,11.72,65,23446.6,23494.95,23380.1,23431.5,mid_price,no_price_available
2026-09-10T13:06:41.173820+00:00,2026-09-10T18:36:41.173820+05:30,NIFTY,29-Sep-2026,21900.0,PE,23477.8,12.15,325,12.4,650,12.3,12.275,3023,-40,878,-9.89010989010989,17.93,-0.03639155003615807,8.334088589819256e-05,-1.8967341634009525,4.258341104015599,-0.7799386422380413,0.0034201301809055483,74.68956726614051,-1.5995637331101862e-07,0.0009969803694882561,-4.203221366992337e-06,-0.44030919809161073,-60.71554912250662,0.03965596368457866,9.578217182847079e-05,0.05169960762874176,23500.1,0.018363440205365903,0.0121,index_dividend_yield,0.065,11.72,65,23446.6,23494.95,23380.1,23431.5,mid_price,ok
2026-09-10T13:06:41.173820+00:00,2026-09-10T18:36:41.173820+05:30,NIFTY,29-Sep-2026,21950.0,CE,23477.8,1374.75,650,1627.15,650,0.0,1500.95,2,0,0,0,29.21,,,,,,,,,,,,,,,0.05169960762874176,,,,,,11.72,65,23446.6,23494.95,23380.1,23431.5,mid_price,no_price_available
2026-09-10T13:06:41.173820+00:00,2026-09-10T18:36:41.173820+05:30,NIFTY,29-Sep-2026,21950.0,PE,23477.8,12.2,195,13.45,1300,12.45,12.825,898,2,772,-12.631578947368421,17.51,-0.03762208612278389,8.769146214985884e-05,-1.8995618791902042,4.375679477015642,-0.8139758961940614,0.003476430780194016,77.28791307512361,-1.708057363438729e-07,0.001048123992991236,-4.293216567276883e-06,-0.4459841787233874,-61.887127931417986,0.04089094806475719,0.00010032358885334256,0.05169960762874176,23500.1,0.018363440205365903,0.0121,index_dividend_yield,0.065,11.72,65,23446.6,23494.95,23380.1,23431.5,mid_price,ok
2026-09-10T13:06:41.173820+00:00,2026-09-10T18:36:41.173820+05:30,NIFTY,29-Sep-2026,22000.0,CE,23477.8,1498.35,130,1509.5,130,1502,1503.925,12128,118,598,-3.927337853396444,0,,,,,,,,,,,,,,,0.05169960762874176,23500.1,0.018363440205365903,0.0121,index_dividend_yield,0.065,11.72,65,23446.6,23494.95,23380.1,23431.5,mid_price,no_nse_iv
2026-09-10T13:06:41.173820+00:00,2026-09-10T18:36:41.173820+05:30,NIFTY,29-Sep-2026,22000.0,PE,23477.8,13.25,260,13.6,390,13.4,13.425,46220,-4666,21783,-9.764309764309765,17.29,-0.04064676692867631,9.457691978429285e-05,-1.9937981624662011,4.659960155739833,-0.8600933255357608,0.0036167729785297545,80.02559386359209,-1.827802384874848e-07,0.0010772047291467046,-4.325401010397547e-06,-0.45993647257755477,-61.95918892593425,0.044077212934498636,0.00010770964670260725,0.05169960762874176,23500.1,0.018363440205365903,0.0121,index_dividend_yield,0.065,11.72,65,23446.6,23494.95,23380.1,23431.5,mid_price,ok
2026-09-10T13:06:41.173820+00:00,2026-09-10T18:36:41.173820+05:30,NIFTY,29-Sep-2026,22050.0,CE,23477.8,1305,650,1530.45,650,1500,1417.725,1,1,1,-3.225806451612903,0,,,,,,,,,,,,,,,0.05169960762874176,,,,,,11.72,65,23446.6,23494.95,23380.1,23431.5,mid_price,no_price_available
2026-09-10T13:06:41.173820+00:00,2026-09-10T18:36:41.173820+05:30,NIFTY,29-Sep-2026,22050.0,PE,23477.8,12.1,1755,14.75,1950,13.6,13.425,981,450,1372,-12.820512820512821,16.87,-0.04213104414731372,9.979029397765329e-05,-1.9982763476032124,4.797394457447048,-0.8990855752942055,0.003677593099110324,82.84933712215548,-1.9566279774013136e-07,0.0011318609858568893,-4.406643935857705e-06,-0.4659452646185045,-63.175878943919024,0.045569216337203095,0.00011313211642694395,0.05169960762874176,23500.1,0.018363440205365903,0.0121,index_dividend_yield,0.065,11.72,65,23446.6,23494.95,23380.1,23431.5,mid_price,wide_quote_low_liquidity
2026-09-10T13:06:41.173820+00:00,2026-09-10T18:36:41.173820+05:30,NIFTY,29-Sep-2026,22100.0,CE,23477.8,1378.15,65,1415.6,130,1405.55,1396.875,13,1,2,-4.400612140792382,0,,,,,,,,,,,,,,,0.05169960762874176,23500.1,0.018363440205365903,0.0121,index_dividend_yield,0.065,11.72,65,23446.6,23494.95,23380.1,23431.5,mid_price,no_nse_iv
2026-09-10T13:06:41.173820+00:00,2026-09-10T18:36:41.173820+05:30,NIFTY,29-Sep-2026,22100.0,PE,23477.8,14.25,130,14.95,325,14.3,14.6,1913,43,3018,-11.180124223602485,16.56,-0.04476085614461032,0.00010675064433083487,-2.055221156503509,5.037706735261859,-0.9459276265154359,0.0037855529784924726,85.72409963596206,-2.0963131249542772e-07,0.0011719408358688607,-4.442785461381181e-06,-0.476487925547743,-63.77239287737496,0.04829706484447848,0.00012047605970474869,0.05169960762874176,23500.1,0.018363440205365903,0.0121,index_dividend_yield,0.065,11.72,65,23446.6,23494.95,23380.1,23431.5,mid_price,ok
2026-09-10T13:06:41.173820+00:00,2026-09-10T18:36:41.173820+05:30,NIFTY,29-Sep-2026,22150.0,CE,23477.8,1187.3,1755,1427.75,650,0.0,1307.525,1,0,0,0,30.44,,,,,,,,,,,,,,,0.05169960762874176,,,,,,11.72,65,23446.6,23494.95,23380.1,23431.5,mid_price,no_price_available
2026-09-10T13:06:41.173820+00:00,2026-09-10T18:36:41.173820+05:30,NIFTY,29-Sep-2026,22150.0,PE,23477.8,12.65,1755,16.3,650,15.45,14.475000000000001,1028,-121,454,-8.308605341246292,16.34,-0.04851180143040063,0.00011540444149020478,-2.1583353181827194,5.373739631226369,-0.9992171871730932,0.0039316247940143975,88.50137468051899,-2.244249619154334e-07,0.0011944089463390613,-4.422298612280661e-06,-0.4905499570169649,-63.82280613754457,0.05222554759444903,0.00012965517621927182,0.05169960762874176,23500.1,0.018363440205365903,0.0121,index_dividend_yield,0.065,11.72,65,23446.6,23494.95,23380.1,23431.5,mid_price,wide_quote_low_liquidity
2026-09-10T13:06:41.173820+00:00,2026-09-10T18:36:41.173820+05:30,NIFTY,29-Sep-2026,22200.0,CE,23477.8,1150.05,650,1370.65,650,0.0,1260.35,1,0,0,0,21.3,,,,,,,,,,,,,,,0.05169960762874176,,,,,,11.72,65,23446.6,23494.95,23380.1,23431.5,mid_price,no_price_available
2026-09-10T13:06:41.173820+00:00,2026-09-10T18:36:41.173820+05:30,NIFTY,29-Sep-2026,22200.0,PE,23477.8,15.9,130,16.75,455,16.55,16.325,3796,280,3622,-5.965909090909091,16.08,-0.052185454742027244,0.0001242945188346684,-2.245725887674352,5.695607671202482,-1.0530696432161646,0.004061928357448792,91.27901752314749,-2.4030850454832406e-07,0.001219057932653862,-4.391862852506668e-06,-0.5029305332595051,-64.10466000101438,0.0560500972649475,0.00013901473172389458,0.05169960762874176,23500.1,0.018363440205365903,0.0121,index_dividend_yield,0.065,11.72,65,23446.6,23494.95,23380.1,23431.5,mid_price,ok
2026-09-10T13:06:41.173820+00:00,2026-09-10T18:36:41.173820+05:30,NIFTY,29-Sep-2026,22250.0,CE,23477.8,1207.8,650,1328.8,715,1257.3,1268.3,6,3,3,-10.215303317027885,0,,,,,,,,,,,,,,,0.05169960762874176,23500.1,0.018363440205365903,0.0121,index_dividend_yield,0.065,11.72,65,23446.6,23494.95,23380.1,23431.5,mid_price,no_nse_iv
2026-09-10T13:06:41.173820+00:00,2026-09-10T18:36:41.173820+05:30,NIFTY,29-Sep-2026,22250.0,PE,23477.8,17.2,65,18,65,17.7,17.6,854,29,683,-4.838709677419355,15.82,-0.05619131108201226,0.0001339518924809768,-2.3365090272360183,6.038893593296323,-1.1092477812920387,0.004191946453534018,93.99005292444728,-2.572525897967765e-07,0.0012381899742961045,-4.331312509211783e-06,-0.5151341711929343,-64.3768678332294,0.06021307627823192,0.00014914325612393482,0.05169960762874176,23500.1,0.018363440205365903,0.0121,index_dividend_yield,0.065,11.72,65,23446.6,23494.95,23380.1,23431.5,mid_price,ok
2026-09-10T13:06:41.173820+00:00,2026-09-10T18:36:41.173820+05:30,NIFTY,29-Sep-2026,22300.0,CE,23477.8,1053.45,2340,1275.85,650,0.0,1164.65,30,0,0,0,22.82,,,,,,,,,,,,,,,0.05169960762874176,,,,,,11.72,65,23446.6,23494.95,23380.1,23431.5,mid_price,no_price_available
2026-09-10T13:06:41.173820+00:00,2026-09-10T18:36:41.173820+05:30,NIFTY,29-Sep-2026,22300.0,PE,23477.8,19.5,18265,19.55,1885,19.55,19.525,4310,-65,9619,-1.5113350125944585,15.66,-0.06173239406505787,0.00014568303420328178,-2.4835552380128654,6.501338523438599,-1.1699803030266256,0.004356918783253713,96.18904558676,-2.7421189489263837e-07,0.0012252119505493585,-4.168253010348869e-06,-0.5303844412228704,-64.00798112646227,0.06600824787842305,0.000161478255664303,0.05169960762874176,23500.1,0.018363440205365903,0.0121,index_dividend_yield,0.065,11.72,65,23446.6,23494.95,23380.1,23431.5,mid_price,ok
2026-09-10T13:06:41.173820+00:00,2026-09-10T18:36:41.173820+05:30,NIFTY,29-Sep-2026,22350.0,CE,23477.8,1014.05,650,1231.7,650,0.0,1122.875,2,0,0,0,18.26,,,,,,,,,,,,,,,0.05169960762874176,,,,,,11.72,65,23446.6,23494.95,23380.1,23431.5,mid_price,no_price_available
2026-09-10T13:06:41.173820+00:00,2026-09-10T18:36:41.173820+05:30,NIFTY,29-Sep-2026,22350.0,PE,23477.8,16.65,1755,21.05,650,20.55,18.85,362,-93,573,-2.6066350710900474,15.33,-0.06570850133970917,0.00015622371990053774,-2.5443603877128904,6.824819565776482,-1.2286901165891526,0.004457171849345035,98.92631724211265,-2.940383144101706e-07,0.001245494195915804,-4.076877798301785e-06,-0.5396130215383206,-64.69409701103967,0.07009114026753975,0.00017238787537903868,0.05169960762874176,23500.1,0.018363440205365903,0.0121,index_dividend_yield,0.065,11.72,65,23446.6,23494.95,23380.1,23431.5,mid_price,wide_quote_low_liquidity
2026-09-10T13:06:41.173820+00:00,2026-09-10T18:36:41.173820+05:30,NIFTY,29-Sep-2026,22400.0,CE,23477.8,1053.95,1755,1133.9,260,1131,1093.9250000000002,3,0,1,-2.5,0,,,,,,,,,,,,,,,0.05169960762874176,23500.1,0.018363440205365903,0.0121,index_dividend_yield,0.065,11.72,65,23446.6,23494.95,23380.1,23431.5,mid_price,no_nse_iv
2026-09-10T13:06:41.173820+00:00,2026-09-10T18:36:41.173820+05:30,NIFTY,29-Sep-2026,22400.0,PE,23477.8,21.7,130,22.4,195,22.05,22.049999999999997,2945,304,3148,-3.9215686274509802,15.06,-0.07082087553591757,0.00016849078319333176,-2.6399434881988526,7.2310799831183985,-1.2907913101029636,0.004575263221975115,101.25028738859365,-3.1439594287815914e-07,0.00124052875770267,-3.899566857194374e-06,-0.5503941147816143,-64.99161998959644,0.07537062197805289,0.00018509509481491376,0.05169960762874176,23500.1,0.018363440205365903,0.0121,index_dividend_yield,0.065,11.72,65,23446.6,23494.95,23380.1,23431.5,mid_price,ok
2026-09-10T13:06:41.173820+00:00,2026-09-10T18:36:41.173820+05:30,NIFTY,29-Sep-2026,22450.0,CE,23477.8,908.3,715,1130.4,2405,0.0,1019.35,2,0,0,0,17.21,,,,,,,,,,,,,,,0.05169960762874176,,,,,,11.72,65,23446.6,23494.95,23380.1,23431.5,mid_price,no_price_available
2026-09-10T13:06:41.173820+00:00,2026-09-10T18:36:41.173820+05:30,NIFTY,29-Sep-2026,22450.0,PE,23477.8,18.65,1755,25.05,650,23.65,21.85,641,32,686,-3.6659877800407332,14.79,-0.07641398570159688,0.00018183248482803874,-2.7384010102281944,7.663756403731017,-1.3546786683783993,0.004687803376848695,103.36215050508413,-3.359433341990544e-07,0.0012230837845560465,-3.6699875559224903e-06,-0.5606462107358441,-65.27566095590733,0.08113657961451008,0.00019886281386686895,0.05169960762874176,23500.1,0.018363440205365903,0.0121,index_dividend_yield,0.065,11.72,65,23446.6,23494.95,23380.1,23431.5,mid_price,wide_quote_low_liquidity
2026-09-10T13:06:41.173820+00:00,2026-09-10T18:36:41.173820+05:30,NIFTY,29-Sep-2026,22500.0,CE,23477.8,1015.75,130,1023.45,130,1020,1019.6,8286,94,734,-6.443476266911259,0,,,,,,,,,,,,,,,0.05169960762874176,23500.1,0.018363440205365903,0.0121,index_dividend_yield,0.065,11.72,65,23446.6,23494.95,23380.1,23431.5,mid_price,no_nse_iv
2026-09-10T13:06:41.173820+00:00,2026-09-10T18:36:41.173820+05:30,NIFTY,29-Sep-2026,22500.0,PE,23477.8,25.6,195,26.3,260,25,25.950000000000003,36155,-94,24091,-8.925318761384336,14.46,-0.08168683597646241,0.0001956221028282233,-2.8053595913501885,8.06098773556143,-1.420809356250649,0.004775726933171354,105.6924643691901,-3.6022677721276017e-07,0.001212194959831944,-3.439444570733002e-06,-0.5687466042977016,-65.95071492288126,0.08652919558283492,0.00021299415426210872,0.05169960762874176,23500.1,0.018363440205365903,0.0121,index_dividend_yield,0.065,11.72,65,23446.6,23494.95,23380.1,23431.5,mid_price,ok
2026-09-10T13:06:41.173820+00:00,2026-09-10T18:36:41.173820+05:30,NIFTY,29-Sep-2026,22550.0,CE,23477.8,884.6,2405,1035.7,1690,0.0,960.1500000000001,3,0,0,0,14.99,0.8992111403270592,0.00021954066304623923,-6.601643452718283,9.378181828223472,-1.4604557858703404,0.005084120055883767,99.81550372358505,-3.5902710851618103e-07,0.0008721846232007346,-2.2649161736958048e-06,-0.5935802325460529,20.5509200228637,-0.8906528485206776,0.0002379779266333667,0.05169960762874176,23500.1,0.018363440205365903,0.0121,index_dividend_yield,0.065,11.72,65,23446.6,23494.95,23380.1,23431.5,mid_price,wide_quote_low_liquidity
2026-09-10T13:06:41.173820+00:00,2026-09-10T18:36:41.173820+05:30,NIFTY,29-Sep-2026,22550.0,PE,23477.8,27,65,29.8,650,28.55,28.4,503,26,736,-2.72572402044293,14.4,-0.09147966487160142,0.0002137877663214561,-3.030160377409877,8.772984988931753,-1.4820097695960668,0.004924668623789041,105.33029448025476,-3.777825930403101e-07,0.0010822743118973216,-2.8657040293009564e-06,-0.58234961574842,-64.78433797693108,0.0967136782361037,0.00023174189538656563,0.05169960762874176,23500.1,0.018363440205365903,0.0121,index_dividend_yield,0.065,11.72,65,23446.6,23494.95,23380.1,23431.5,mid_price,ok
2026-09-10T13:06:41.173820+00:00,2026-09-10T18:36:41.173820+05:30,NIFTY,29-Sep-2026,22600.0,CE,23477.8,891.2,65,977.4,1690,0.0,934.3,15,0,0,0,21.74,0.8020902786794866,0.00023919403663676535,-11.074961198718443,14.818762313406344,-1.0234100430289161,0.005109432754198506,46.48841240291901,-1.8486676451238047e-07,-0.00034985428178552257,2.618895560709244e-06,-0.6230307380093123,17.610588836771264,-0.7859290884815673,0.0002581358163505675,0.05169960762874176,23500.1,0.018363440205365903,0.0121,index_dividend_yield,0.065,11.72,65,23446.6,23494.95,23380.1,23431.5,mid_price,ok
2026-09-10T13:06:41.173820+00:00,2026-09-10T18:36:41.173820+05:30,NIFTY,29-Sep-2026,22600.0,PE,23477.8,30.7,260,32.1,195,31.65,31.4,6994,387,6842,-2.6153846153846154,14.24,-0.10064317983572996,0.0002319105725013925,-3.2018477981437825,9.410930837519293,-1.5414781548786505,0.005024390966903852,105.12895683914802,-3.9767290360964697e-07,0.0009622114442364775,-2.299960615020024e-06,-0.5918985204989777,-64.26680644531916,0.10617907873998199,0.0002502755745699597,0.05169960762874176,23500.1,0.018363440205365903,0.0121,index_dividend_yield,0.065,11.72,65,23446.6,23494.95,23380.1,23431.5,mid_price,ok
2026-09-10T13:06:41.173820+00:00,2026-09-10T18:36:41.173820+05:30,NIFTY,29-Sep-2026,22650.0,CE,23477.8,784.8,650,932.35,650,0.0,858.575,3,0,0,0,0,,,,,,,,,,,,,,,0.05169960762874176,23500.1,0.018363440205365903,0.0121,index_dividend_yield,0.065,11.72,65,23446.6,23494.95,23380.1,23431.5,mid_price,no_nse_iv
2026-09-10T13:06:41.173820+00:00,2026-09-10T18:36:41.173820+05:30,NIFTY,29-Sep-2026,22650.0,PE,23477.8,33.5,65,34.95,65,34.2,34.225,1644,85,1138,1.3333333333333333,13.98,-0.10905994622021022,0.0002503679228528573,-3.316571816272501,9.974425757594277,-1.6029958301933127,0.005083111962932471,105.35750055754356,-4.213317225303394e-07,0.0008538232197917732,-1.7523124359890199e-06,-0.5982462151038082,-64.38466251797429,0.11480159827598117,0.0002690029675035946,0.05169960762874176,23500.1,0.018363440205365903,0.0121,index_dividend_yield,0.065,11.72,65,23446.6,23494.95,23380.1,23431.5,mid_price,ok
2026-09-10T13:06:41.173820+00:00,2026-09-10T18:36:41.173820+05:30,NIFTY,29-Sep-2026,22700.0,CE,23477.8,821.7,65,840.7,130,810.3,831.2,30,2,6,-8.071926938567133,0,,,,,,,,,,,,,,,0.05169960762874176,23500.1,0.018363440205365903,0.0121,index_dividend_yield,0.065,11.72,65,23446.6,23494.95,23380.1,23431.5,mid_price,no_nse_iv
2026-09-10T13:06:41.173820+00:00,2026-09-10T18:36:41.173820+05:30,NIFTY,29-Sep-2026,22700.0,PE,23477.8,37.65,65,38.8,65,37.9,38.224999999999994,10721,1737,11843,-1.5584415584415585,13.81,-0.11977832921045367,0.0002709423972227767,-3.4863146614183034,10.662835077219702,-1.6550815768154106,0.005131272532492903,103.88122533705335,-4.408242735334606e-07,0.0006778406510978398,-1.004259174316644e-06,-0.6044513544689849,-63.87366147950981,0.12582194381789427,0.0002898278078368826,0.05169960762874176,23500.1,0.018363440205365903,0.0121,index_dividend_yield,0.065,11.72,65,23446.6,23494.95,23380.1,23431.5,mid_price,ok
2026-09-10T13:06:41.173820+00:00,2026-09-10T18:36:41.173820+05:30,NIFTY,29-Sep-2026,22750.0,CE,23477.8,746.1,650,839.1,650,0.0,792.6,3,0,0,0,15.74,0.834498722169708,0.0002952204465657916,-8.208295104382884,13.241988466270055,-1.4789079280262407,0.005192340009392504,76.9133136796114,-3.5258502357029713e-07,-0.00016081458944407364,1.8430560846776625e-06,-0.6190012132052427,22.672911446814147,-0.8232118973760415,0.00031441150411487805,0.05169960762874176,23500.1,0.018363440205365903,0.0121,index_dividend_yield,0.065,11.72,65,23446.6,23494.95,23380.1,23431.5,mid_price,ok
2026-09-10T13:06:41.173820+00:00,2026-09-10T18:36:41.173820+05:30,NIFTY,29-Sep-2026,22750.0,PE,23477.8,41.5,195,42.95,65,41.8,42.225,1884,303,1198,-1.5312131919905771,13.62,-0.131138516467312,0.0002926573218880687,-3.6444000123234437,11.35895936798554,-1.7023619492997493,0.005144441879550377,101.84338957284655,-4.602316566694269e-07,0.000475358062881128,-1.7395668586557772e-07,-0.608586151399269,-63.46447643802786,0.137466229951388,0.00031168176132595097,0.05169960762874176,23500.1,0.018363440205365903,0.0121,index_dividend_yield,0.065,11.72,65,23446.6,23494.95,23380.1,23431.5,mid_price,ok
2026-09-10T13:06:41.173820+00:00,2026-09-10T18:36:41.173820+05:30,NIFTY,29-Sep-2026,22800.0,CE,23477.8,737,130,748.1,65,742.05,742.55,214,12,339,-7.607545290418975,0,,,,,,,,,,,,,,,0.05169960762874176,23500.1,0.018363440205365903,0.0121,index_dividend_yield,0.065,11.72,65,23446.6,23494.95,23380.1,23431.5,mid_price,no_nse_iv
2026-09-10T13:06:41.173820+00:00,2026-09-10T18:36:41.173820+05:30,NIFTY,29-Sep-2026,22800.0,PE,23477.8,46.25,325,47.05,325,46.45,46.65,18697,2725,24127,-2.0042194092827006,13.46,-0.1440591522810581,0.00031575337345865045,-3.819692694111579,12.111421077247858,-1.7382571670094131,0.005121398095276314,98.53670246046153,-4.762670752437208e-07,0.00022320485741229835,7.994634442594264e-07,-0.6110640255226976,-62.824910436654456,0.15070294609424834,0.0003348058999664618,0.05169960762874176,23500.1,0.018363440205365903,0.0121,index_dividend_yield,0.065,11.72,65,23446.6,23494.95,23380.1,23431.5,mid_price,ok
2026-09-10T13:06:41.173820+00:00,2026-09-10T18:36:41.173820+05:30,NIFTY,29-Sep-2026,22850.0,CE,23477.8,667.7,650,740.8,650,0.0,704.25,5,0,0,0,0,,,,,,,,,,,,,,,0.05169960762874176,23500.1,0.018363440205365903,0.0121,index_dividend_yield,0.065,11.72,65,23446.6,23494.95,23380.1,23431.5,mid_price,no_nse_iv
2026-09-10T13:06:41.173820+00:00,2026-09-10T18:36:41.173820+05:30,NIFTY,29-Sep-2026,22850.0,PE,23477.8,52,65,53.15,130,52.55,52.575,1689,466,2905,1.252408477842004,13.38,-0.15951955971700219,0.00033990502005813353,-4.041135486666808,12.960320353706482,-1.7520925174531743,0.005051028718729728,93.16310620183188,-4.842174149906076e-07,-9.691184982445525e-05,1.965384575511504e-06,-0.6118017865249001,-61.639670880578585,0.1665613731647889,0.0003588392722933136,0.05169960762874176,23500.1,0.018363440205365903,0.0121,index_dividend_yield,0.065,11.72,65,23446.6,23494.95,23380.1,23431.5,mid_price,ok
2026-09-10T13:06:41.173820+00:00,2026-09-10T18:36:41.173820+05:30,NIFTY,29-Sep-2026,22900.0,CE,23477.8,647.65,260,658.8,65,653.95,653.2249999999999,101,26,66,-8.333333333333334,0,,,,,,,,,,,,,,,0.05169960762874176,23500.1,0.018363440205365903,0.0121,index_dividend_yield,0.065,11.72,65,23446.6,23494.95,23380.1,23431.5,mid_price,no_nse_iv
2026-09-10T13:06:41.173820+00:00,2026-09-10T18:36:41.173820+05:30,NIFTY,29-Sep-2026,22900.0,PE,23477.8,58.1,65,58.7,130,58.55,58.400000000000006,11288,1448,25668,0,13.24,-0.1751381687754893,0.00036481300959987603,-4.220810887664053,13.76449704316312,-1.759602470220986,0.004927199814983518,87.70156597506772,-4.927078371688716e-07,-0.00043083227638704403,3.161486373034843e-06,-0.6100999137037899,-60.81719416129804,0.1825095649354956,0.0003834547747978847,0.05169960762874176,23500.1,0.018363440205365903,0.0121,index_dividend_yield,0.065,11.72,65,23446.6,23494.95,23380.1,23431.5,mid_price,ok
2026-09-10T13:06:41.173820+00:00,2026-09-10T18:36:41.173820+05:30,NIFTY,29-Sep-2026,22950.0,CE,23477.8,604.3,65,668.4,65,595.4,636.3499999999999,11,6,18,-33.84444444444444,0,,,,,,,,,,,,,,,0.05169960762874176,23500.1,0.018363440205365903,0.0121,index_dividend_yield,0.065,11.72,65,23446.6,23494.95,23380.1,23431.5,mid_price,no_nse_iv
2026-09-10T13:06:41.173820+00:00,2026-09-10T18:36:41.173820+05:30,NIFTY,29-Sep-2026,22950.0,PE,23477.8,65.1,130,65.4,325,65.25,65.25,2401,531,2075,1.3986013986013985,13.11,-0.19218775477379832,0.00039038581000136116,-4.398939537002097,14.584742281778166,-1.7497691591546598,0.004744915437350172,81.2141293533788,-4.964334454938595e-07,-0.0008038379827917579,4.454316299610183e-06,-0.6064695843841914,-59.904618198434335,0.19988966606734365,0.00040854833120564045,0.05169960762874176,23500.1,0.018363440205365903,0.0121,index_dividend_yield,0.065,11.72,65,23446.6,23494.95,23380.1,23431.5,mid_price,ok
2026-09-10T13:06:41.173820+00:00,2026-09-10T18:36:41.173820+05:30,NIFTY,29-Sep-2026,23000.0,CE,23477.8,568.15,65,572,780,571,570.075,11271,1497,7844,-8.088531187122737,0,,,,,,,,,,,,,,,0.05169960762874176,23500.1,0.018363440205365903,0.0121,index_dividend_yield,0.065,11.72,65,23446.6,23494.95,23380.1,23431.5,mid_price,no_nse_iv
2026-09-10T13:06:41.173820+00:00,2026-09-10T18:36:41.173820+05:30,NIFTY,29-Sep-2026,23000.0,PE,23477.8,73.7,130,74.55,130,73.7,74.125,93563.84615384616,1839.8461538461538,78725,0.7518796992481203,13.04,-0.21156933512880152,0.0004157202074399378,-4.602632960714142,15.448302719454809,-1.7107968977384673,0.004490994510888885,73.11347242751064,-4.903102126728323e-07,-0.0012204584923794439,5.857031864962934e-06,-0.6010309939679335,-58.60694913780762,0.21964942142334973,0.00043317188464614333,0.05169960762874176,23500.1,0.018363440205365903,0.0121,index_dividend_yield,0.065,11.72,65,23446.6,23494.95,23380.1,23431.5,mid_price,ok
2026-09-10T13:06:41.173820+00:00,2026-09-10T18:36:41.173820+05:30,NIFTY,29-Sep-2026,23050.0,CE,23477.8,523.6,65,536.85,65,509.35,530.225,7,2,6,-17.56089665776483,0,,,,,,,,,,,,,,,0.05169960762874176,23500.1,0.018363440205365903,0.0121,index_dividend_yield,0.065,11.72,65,23446.6,23494.95,23380.1,23431.5,mid_price,no_nse_iv
2026-09-10T13:06:41.173820+00:00,2026-09-10T18:36:41.173820+05:30,NIFTY,29-Sep-2026,23050.0,PE,23477.8,81.55,65,83.8,130,82.55,82.675,1663,-27,1733,2.102659245516388,12.95,-0.2318965735170649,0.0004411339792499583,-4.780059609389203,16.2795473157536,-1.6548167787034522,0.004170959438023036,64.67939432504544,-4.802494546627303e-07,-0.0016537629421891405,7.279349215470895e-06,-0.5941313329532072,-57.418481389133746,0.24031416011213091,0.00045766051967628695,0.05169960762874176,23500.1,0.018363440205365903,0.0121,index_dividend_yield,0.065,11.72,65,23446.6,23494.95,23380.1,23431.5,mid_price,ok
2026-09-10T13:06:41.173820+00:00,2026-09-10T18:36:41.173820+05:30,NIFTY,29-Sep-2026,23100.0,CE,23477.8,488,65,496.3,65,489,492.15,328,135,444,-11.38896439249796,0,,,,,,,,,,,,,,,0.05169960762874176,23500.1,0.018363440205365903,0.0121,index_dividend_yield,0.065,11.72,65,23446.6,23494.95,23380.1,23431.5,mid_price,no_nse_iv
2026-09-10T13:06:41.173820+00:00,2026-09-10T18:36:41.173820+05:30,NIFTY,29-Sep-2026,23100.0,PE,23477.8,91.6,65,93.45,130,90,92.525,12622,392,13792,-0.22172949002217296,12.71,-0.25113323554949724,0.00046934036932557897,-4.852016247297767,16.999474866183434,-1.6074004053111683,0.0038093816664697966,57.5312945423363,-4.775842111303983e-07,-0.0021043018270928654,8.681581024092141e-06,-0.5865067704790405,-57.065456008762624,0.25971328163157575,0.0004848180141459199,0.05169960762874176,23500.1,0.018363440205365903,0.0121,index_dividend_yield,0.065,11.72,65,23446.6,23494.95,23380.1,23431.5,mid_price,ok
2026-09-10T13:06:41.173820+00:00,2026-09-10T18:36:41.173820+05:30,NIFTY,29-Sep-2026,23150.0,CE,23477.8,444.05,65,457.2,65,453.7,450.625,92,56,220,-11.360750219790955,5.14,0.924901741402499,0.0005130513066976943,-4.099390398256001,7.5149476825771,-3.918874327938693,0.0036240049084562682,301.898073034327,-2.647281412479265e-06,0.010636942654065982,-5.291840289457631e-06,-0.4756261754773661,54.29126978464254,-0.9207210443305378,0.0005276836095566042,0.05169960762874176,23500.1,0.018363440205365903,0.0121,index_dividend_yield,0.065,11.72,65,23446.6,23494.95,23380.1,23431.5,mid_price,ok
2026-09-10T13:06:41.173820+00:00,2026-09-10T18:36:41.173820+05:30,NIFTY,29-Sep-2026,23150.0,PE,23477.8,103.1,65,106.4,65,103.1,104.75,3940,47,2475,3.3583959899749374,12.76,-0.27628474619888144,0.0004908227854192594,-5.073089286454939,17.847501804309275,-1.478828754051309,0.0033219587160847053,46.84763738437425,-4.42538680461375e-07,-0.002558271837297516,1.0122867362388126e-05,-0.5778420868414322,-55.05785805666657,0.2852860257939041,0.0005048211274029006,0.05169960762874176,23500.1,0.018363440205365903,0.0121,index_dividend_yield,0.065,11.72,65,23446.6,23494.95,23380.1,23431.5,mid_price,ok
2026-09-10T13:06:41.173820+00:00,2026-09-10T18:36:41.173820+05:30,NIFTY,29-Sep-2026,23200.0,CE,23477.8,414.35,65,417,65,417,415.675,1320,372,2278,-9.906017068164632,6.26,0.8492544791237241,0.0006979393052809711,-4.889541238225281,12.450707612782729,-3.8050403370021857,0.003966073827332828,210.37225560914584,-2.108408211237893e-06,0.0006465657059354177,6.312631382082321e-06,-0.5471504047061568,54.31248705175084,-0.8435998865546231,0.0007147538188218885,0.05169960762874176,23500.1,0.018363440205365903,0.0121,index_dividend_yield,0.065,11.72,65,23446.6,23494.95,23380.1,23431.5,mid_price,ok
2026-09-10T13:06:41.173820+00:00,2026-09-10T18:36:41.173820+05:30,NIFTY,29-Sep-2026,23200.0,PE,23477.8,116,260,116.7,130,116,116.35,20209,-188,17105,4.316546762589928,12.73,-0.3012772744887714,0.00051244773284722,-5.221761179959093,18.59002715469981,-1.3439032797831485,0.0027805503567205343,37.321096536704346,-4.083512941392685e-07,-0.0029968267473974943,1.1463241376801e-05,-0.5694693811719702,-53.521302924547285,0.31058132335772426,0.0005247934472636094,0.05169960762874176,23500.1,0.018363440205365903,0.0121,index_dividend_yield,0.065,11.72,65,23446.6,23494.95,23380.1,23431.5,mid_price,ok
2026-09-10T13:06:41.173820+00:00,2026-09-10T18:36:41.173820+05:30,NIFTY,29-Sep-2026,23250.0,CE,23477.8,371.85,390,382.95,65,378,377.4,188,72,238,-11.048358630427108,6.59,0.7992464533482426,0.0007959236125614148,-5.270642251445183,14.947165667284372,-3.508643474476214,0.003445915392781384,157.49478476393097,-1.8556303569543974e-06,-0.003689910757428104,1.294673276011312e-05,-0.5490100391551973,56.739914374439984,-0.7928531945517859,0.000811596698999076,0.05169960762874176,23500.1,0.018363440205365903,0.0121,index_dividend_yield,0.065,11.72,65,23446.6,23494.95,23380.1,23431.5,mid_price,ok
2026-09-10T13:06:41.173820+00:00,2026-09-10T18:36:41.173820+05:30,NIFTY,29-Sep-2026,23250.0,PE,23477.8,129.35,585,130.75,130,130.2,130.05,2465,264,2992,4.578313253012048,12.7,-0.3273061783332377,0.0005322126138592649,-5.341602879776688,19.261536536720065,-1.1874113394715058,0.0021749656104630977,28.32281924619373,-3.6801569152569657e-07,-0.003408209903843864,1.268395419820091e-05,-0.5618901982088573,-52.00141106108035,0.3368689231986993,0.0005426927832732438,0.05169960762874176,23500.1,0.018363440205365903,0.0121,index_dividend_yield,0.065,11.72,65,23446.6,23494.95,23380.1,23431.5,mid_price,ok
2026-09-10T13:06:41.173820+00:00,2026-09-10T18:36:41.173820+05:30,NIFTY,29-Sep-2026,23300.0,CE,23477.8,342.55,65,344,65,343.1,343.275,2442,969,5933,-13.073220167215608,6.98,0.7446654523631653,0.0008610102031026097,-5.648116148802531,17.12638745574824,-2.957486923903241,0.0025655635256932596,104.09930512246035,-1.4947482672666578e-06,-0.007101986220879998,1.8353246325816222e-05,-0.542654153410691,58.52707868149965,-0.7375273951448239,0.0008742009080251384,0.05169960762874176,23500.1,0.018363440205365903,0.0121,index_dividend_yield,0.065,11.72,65,23446.6,23494.95,23380.1,23431.5,mid_price,ok
2026-09-10T13:06:41.173820+00:00,2026-09-10T18:36:41.173820+05:30,NIFTY,29-Sep-2026,23300.0,PE,23477.8,144.8,65,146.05,130,146.9,145.425,34326,1788,23402,5.455850681981335,12.74,-0.35497564744519144,0.0005471762024193352,-5.468469456492813,19.865462169851984,-1.0000729098779138,0.0015031040025681452,19.824919215624348,-3.1726311818854504e-07,-0.0037490697091039347,1.3695010537503579e-05,-0.5557724686207273,-50.17608057414786,0.3648130160966129,0.0005555589600228281,0.05169960762874176,23500.1,0.018363440205365903,0.0121,index_dividend_yield,0.065,11.72,65,23446.6,23494.95,23380.1,23431.5,mid_price,ok
2026-09-10T13:06:41.173820+00:00,2026-09-10T18:36:41.173820+05:30,NIFTY,29-Sep-2026,23350.0,CE,23477.8,305.4,65,313.15,65,313.4,309.275,571,339,1377,-12.052757120808193,7.47,0.6878116801172716,0.000886326290263822,-6.026386941045158,18.86758337505064,-2.242485152749052,0.0014459968222003683,58.77206673855895,-1.0837891464166323e-06,-0.00910520630319721,2.177085718244379e-05,-0.5366227394797036,59.33942964055183,-0.6799216522270483,0.000896054982624494,0.05169960762874176,23500.1,0.018363440205365903,0.0121,index_dividend_yield,0.065,11.72,65,23446.6,23494.95,23380.1,23431.5,mid_price,ok
2026-09-10T13:06:41.173820+00:00,2026-09-10T18:36:41.173820+05:30,NIFTY,29-Sep-2026,23350.0,PE,23477.8,161.5,195,163.05,520,162.5,162.275,3940,288,4095,5.075978014872292,12.65,-0.3821415315924255,0.00056455106167568,-5.488514383182929,20.35147067101067,-0.8151758844767709,0.0007992419857421607,13.022333513319495,-2.699257122968755e-07,-0.0041018371673376295,1.4623858227673455e-05,-0.551580413756902,-48.971858135741996,0.39207907898821737,0.0005707478129864176,0.05169960762874176,23500.1,0.018363440205365903,0.0121,index_dividend_yield,0.065,11.72,65,23446.6,23494.95,23380.1,23431.5,mid_price,ok
2026-09-10T13:06:41.173820+00:00,2026-09-10T18:36:41.173820+05:30,NIFTY,29-Sep-2026,23400.0,CE,23477.8,280.6,65,282.45,130,282.5,281.525,17955,13454,41652,-13.476263399693721,7.7,0.6381376094794878,0.0009108563046855651,-6.205720129830677,19.986771082517137,-1.639083299200983,0.0002661062376582146,31.027672115540028,-7.916942049010083e-07,-0.01041669295063954,2.396371464118141e-05,-0.533594683610545,61.43533716876442,-0.629837603020552,0.0009169231786483957,0.05169960762874176,23500.1,0.018363440205365903,0.0121,index_dividend_yield,0.065,11.72,65,23446.6,23494.95,23380.1,23431.5,mid_price,ok
2026-09-10T13:06:41.173820+00:00,2026-09-10T18:36:41.173820+05:30,NIFTY,29-Sep-2026,23400.0,PE,23477.8,181.05,65,182.35,260,181.25,181.7,27776,8990,56703,5.746791131855309,12.65,-0.41078449840314574,0.0005756609859422804,-5.5216735268175885,20.751971729670895,-0.6026718835566158,4.793669027780556e-05,7.234888469071166,-2.1269632418300425e-07,-0.0043502366730579665,1.5258259276093847e-05,-0.5499530875120513,-47.38630393108422,0.42084793560329475,0.0005794952489638623,0.05169960762874176,23500.1,0.018363440205365903,0.0121,index_dividend_yield,0.065,11.72,65,23446.6,23494.95,23380.1,23431.5,mid_price,ok
2026-09-10T13:06:41.173820+00:00,2026-09-10T18:36:41.173820+05:30,NIFTY,29-Sep-2026,23450.0,CE,23477.8,249.5,65,250.45,65,250,249.975,2207,1355,8755,-14.675767918088738,7.72,0.5913915227764498,0.0009417256298645094,-6.212113521884163,20.717804710840106,-1.0786379574938554,-0.000978592415581958,13.365376062967727,-5.467535029368729e-07,-0.011592791239293859,2.5556937686928793e-05,-0.5359458899018712,64.89650801903761,-0.5829689743338026,0.0009439597868540955,0.05169960762874176,23500.1,0.018363440205365903,0.0121,index_dividend_yield,0.065,11.72,65,23446.6,23494.95,23380.1,23431.5,mid_price,ok
2026-09-10T13:06:41.173820+00:00,2026-09-10T18:36:41.173820+05:30,NIFTY,29-Sep-2026,23450.0,PE,23477.8,201,65,201.9,585,201.2,201.45,3870,1420,11586,4.6281851274050965,12.65,-0.43984768566733434,0.0005837381740747349,-5.516500519156476,21.04314584755134,-0.37986841231985036,-0.000727599947760782,3.0552697423136266,-1.524372462116837e-07,-0.004530052721242288,1.5652323300272735e-05,-0.5511885693839211,-45.83618579441263,0.44997658129141205,0.0005851230389231991,0.05169960762874176,23500.1,0.018363440205365903,0.0121,index_dividend_yield,0.065,11.72,65,23446.6,23494.95,23380.1,23431.5,mid_price,ok
2026-09-10T13:06:41.173820+00:00,2026-09-10T18:36:41.173820+05:30,NIFTY,29-Sep-2026,23500.0,CE,23477.8,222.7,130,223.9,195,223,223.3,36985,10618,74219,-16.72890216579537,7.9,0.5429084553928577,0.0009398278005384113,-6.242425483642157,21.158136918713225,-0.454914244593041,-0.0022282499255469324,2.638185709512797,-2.6996463351974184e-07,-0.011781227638917143,2.5522851975903388e-05,-0.5469454893015033,67.15753298743954,-0.5343191134511555,0.0009380529646084004,0.05169960762874176,23500.1,0.018363440205365903,0.0121,index_dividend_yield,0.065,11.72,65,23446.6,23494.95,23380.1,23431.5,mid_price,ok
2026-09-10T13:06:41.173820+00:00,2026-09-10T18:36:41.173820+05:30,NIFTY,29-Sep-2026,23500.0,PE,23477.8,223,260,225.15,130,225,224.075,72899,2520,83878,7.0663811563169165,12.76,-0.46933817409764894,0.0005836143923300484,-5.533278480198499,21.221628721319522,-0.14700756650753988,-0.0015046728786020092,0.5979851167126071,-8.845860610345574e-08,-0.004557613651085272,1.5656500768820142e-05,-0.5555913729665605,-43.92487573374514,0.47956972534138737,0.0005825122544786404,0.05169960762874176,23500.1,0.018363440205365903,0.0121,index_dividend_yield,0.065,11.72,65,23446.6,23494.95,23380.1,23431.5,mid_price,ok
2026-09-10T13:06:41.173820+00:00,2026-09-10T18:36:41.173820+05:30,NIFTY,29-Sep-2026,23550.0,CE,23477.8,196.8,195,197.75,520,198,197.275,3117,1663,9024,-16.998532802347516,8.05,0.4960257110075808,0.000927733347447523,-6.197481694695513,21.28242405976205,0.1361476376487425,-0.00343161241709683,0.06677040804703438,-1.7546824972399066e-08,-0.011523504510950423,2.454890020382196e-05,-0.5649510468311227,69.54754454247663,-0.48739467120682506,0.0009220535453361116,0.05169960762874176,23500.1,0.018363440205365903,0.0121,index_dividend_yield,0.065,11.72,65,23446.6,23494.95,23380.1,23431.5,mid_price,ok
2026-09-10T13:06:41.173820+00:00,2026-09-10T18:36:41.173820+05:30,NIFTY,29-Sep-2026,23550.0,PE,23477.8,246.35,65,247.25,325,246.15,246.8,3908,1172,6230,6.213592233009709,12.67,-0.498589204373587,0.0005894664635938142,-5.3997649738904565,21.283240922552437,0.08198791064931155,-0.002298118864881349,-0.012051600085882797,-2.6724827500599027e-08,-0.004653081830981415,1.5654355464839458e-05,-0.5629441071755821,-42.77616146892005,0.5086806588905678,0.0005858576110353307,0.05169960762874176,23500.1,0.018363440205365903,0.0121,index_dividend_yield,0.065,11.72,65,23446.6,23494.95,23380.1,23431.5,mid_price,ok
2026-09-10T13:06:41.173820+00:00,2026-09-10T18:36:41.173820+05:30,NIFTY,29-Sep-2026,23600.0,CE,23477.8,173.6,65,174.25,520,174.3,173.925,15569,2653,30939,-19.024390243902438,8.15,0.45065440676489593,0.0009094497570888873,-6.0686400016307305,21.1221617692135,0.6886497124632684,-0.004567895446081327,4.533334420781188,2.1254223542363027e-07,-0.010965309216087564,2.283739359501644e-05,-0.5891809097746581,72.3002274532204,-0.4421201102433387,0.0009000559406223244,0.05169960762874176,23500.1,0.018363440205365903,0.0121,index_dividend_yield,0.065,11.72,65,23446.6,23494.95,23380.1,23431.5,mid_price,ok
2026-09-10T13:06:41.173820+00:00,2026-09-10T18:36:41.173820+05:30,NIFTY,29-Sep-2026,23600.0,PE,23477.8,273.7,195,275,260,275,274.35,27177,-669,21829,8.353033884948779,12.88,-0.5272696113535571,0.0005784696066566777,-5.397786014552215,21.232368992099932,0.3042577059832463,-0.003025029976459481,1.1246390153001329,3.347943500510744e-08,-0.004460849213875728,1.5050031528515652e-05,-0.5730487487977278,-40.68395691182318,0.537432455955363,0.0005724945241696452,0.05169960762874176,23500.1,0.018363440205365903,0.0121,index_dividend_yield,0.065,11.72,65,23446.6,23494.95,23380.1,23431.5,mid_price,ok
2026-09-10T13:06:41.173820+00:00,2026-09-10T18:36:41.173820+05:30,NIFTY,29-Sep-2026,23650.0,CE,23477.8,151.65,65,152.8,520,152.5,152.22500000000002,3781,466,5722,-19.694576092680357,8.23,0.4068442162587641,0.0008827629745726685,-5.876511150360753,20.703605752545613,1.1958310296756591,-0.005599336829754442,15.00480977799512,4.208454612434912e-07,-0.010087733294896796,2.0423852075800858e-05,-0.6183525022314385,75.20737981574321,-0.39851166563938095,0.0008699546556431957,0.05169960762874176,23500.1,0.018363440205365903,0.0121,index_dividend_yield,0.065,11.72,65,23446.6,23494.95,23380.1,23431.5,mid_price,ok
2026-09-10T13:06:41.173820+00:00,2026-09-10T18:36:41.173820+05:30,NIFTY,29-Sep-2026,23650.0,PE,23477.8,299.85,65,305.2,65,299.9,302.525,3843,-26,1521,7.049794752810994,12.83,-0.5561788163126613,0.0005762642861756265,-5.211132879903478,21.069314502872384,0.5271192155565374,-0.003772324343840005,4.00077808853716,9.40449566014704e-08,-0.004382369116990269,1.451468214416112e-05,-0.5861054131220591,-39.47276519971088,0.56611677416556,0.0005679030646726796,0.05169960762874176,23500.1,0.018363440205365903,0.0121,index_dividend_yield,0.065,11.72,65,23446.6,23494.95,23380.1,23431.5,mid_price,ok
2026-09-10T13:06:41.173820+00:00,2026-09-10T18:36:41.173820+05:30,NIFTY,29-Sep-2026,23700.0,CE,23477.8,132.6,130,133.5,650,132.85,133.05,18674,2029,29055,-21.529828706438277,8.31,0.36506554944477215,0.0008470102448147349,-5.639197315836,20.058189568013486,1.6426074892653686,-0.006488282067400541,30.19872051048189,6.018578692679884e-07,-0.00891846712102785,1.7429842739561307e-05,-0.6503381280676734,78.08826540923333,-0.3570116610652275,0.0008312023618900579,0.05169960762874176,23500.1,0.018363440205365903,0.0121,index_dividend_yield,0.065,11.72,65,23446.6,23494.95,23380.1,23431.5,mid_price,ok
2026-09-10T13:06:41.173820+00:00,2026-09-10T18:36:41.173820+05:30,NIFTY,29-Sep-2026,23700.0,PE,23477.8,332.45,130,335.35,65,332.75,333.9,21718,-312,8983,7.79073534175575,13.09,-0.5826912559861902,0.0005581453098384316,-5.173603332653079,20.8203952894995,0.7135780051862883,-0.004394778122391307,7.989206039349384,1.4206575235303774e-07,-0.004049952299249278,1.3499360942374012e-05,-0.6000100324396129,-37.45677413881705,0.5926387341603396,0.0005477285577779966,0.05169960762874176,23500.1,0.018363440205365903,0.0121,index_dividend_yield,0.065,11.72,65,23446.6,23494.95,23380.1,23431.5,mid_price,ok
2026-09-10T13:06:41.173820+00:00,2026-09-10T18:36:41.173820+05:30,NIFTY,29-Sep-2026,23750.0,CE,23477.8,112.95,65,115.85,65,114.55,114.4,4583,68,7732,-23.326639892904954,8.36,0.32505632274522495,0.0008062366158460845,-5.344020900918337,19.207499914779163,2.0318745481424094,-0.007234943707845165,49.146650973019845,7.600382798563951e-07,-0.007581716751277518,1.4036100496214688e-05,-0.6835609066173944,81.28060831693585,-0.31737748337212274,0.0007878618790677985,0.05169960762874176,23500.1,0.018363440205365903,0.0121,index_dividend_yield,0.065,11.72,65,23446.6,23494.95,23380.1,23431.5,mid_price,ok
2026-09-10T13:06:41.173820+00:00,2026-09-10T18:36:41.173820+05:30,NIFTY,29-Sep-2026,23750.0,PE,23477.8,362,65,366.9,65,366.25,364.45,3454,-271,1077,8.873365041617122,13.33,-0.607935964912493,0.0005395023982113754,-5.0985292834602625,20.49394533242068,0.8791454643495289,-0.0049625048344861256,12.903712174356485,1.8329988837108548e-07,-0.003707770721105355,1.2407647655818276e-05,-0.6149201359924383,-35.6418678708589,0.6178296830892042,0.0005272067341798121,0.05169960762874176,23500.1,0.018363440205365903,0.0121,index_dividend_yield,0.065,11.72,65,23446.6,23494.95,23380.1,23431.5,mid_price,ok
2026-09-10T13:06:41.173820+00:00,2026-09-10T18:36:41.173820+05:30,NIFTY,29-Sep-2026,23800.0,CE,23477.8,99.5,1430,100,130,99.55,99.75,45253,5436,45244,-23.452518262206844,8.48,0.2891193659994891,0.000754833291442128,-5.067915103884462,18.241012580546222,2.3160079423350797,-0.007764226372140304,68.67919597284988,8.679926118101975e-07,-0.006059627547706661,1.0487470592792703e-05,-0.7132362121079049,83.62206168213953,-0.28179467462075736,0.0007345340444789631,0.05169960762874176,23500.1,0.018363440205365903,0.0121,index_dividend_yield,0.065,11.72,65,23446.6,23494.95,23380.1,23431.5,mid_price,ok
2026-09-10T13:06:41.173820+00:00,2026-09-10T18:36:41.173820+05:30,NIFTY,29-Sep-2026,23800.0,PE,23477.8,397,1170,399.5,65,397,398.25,33481,-347,13047,7.094685729700567,13.37,-0.6338790907137917,0.0005266585012590533,-4.874638452663076,20.06608051818945,1.0504034837997,-0.005535811998657491,19.24544044711496,2.2808589652276697e-07,-0.0034341378418523746,1.132384636086392e-05,-0.6320912823577736,-34.38531055205627,0.6434827783748812,0.0005124954123975607,0.05169960762874176,23500.1,0.018363440205365903,0.0121,index_dividend_yield,0.065,11.72,65,23446.6,23494.95,23380.1,23431.5,mid_price,ok
2026-09-10T13:06:41.173820+00:00,2026-09-10T18:36:41.173820+05:30,NIFTY,29-Sep-2026,23850.0,CE,23477.8,85.35,130,86.9,65,85.35,86.125,3761,694,6349,-24.133333333333333,8.54,0.2546378647450409,0.0007036265094218965,-4.728965584134429,17.123877345722832,2.55017911538602,-0.008157731256233536,89.78785745839701,9.605716924928251e-07,-0.004549747817803463,6.852198888682115e-06,-0.7406502241787649,86.63341916251017,-0.24777063220357806,0.0006818364651602222,0.05169960762874176,23500.1,0.018363440205365903,0.0121,index_dividend_yield,0.065,11.72,65,23446.6,23494.95,23380.1,23431.5,mid_price,ok
2026-09-10T13:06:41.173820+00:00,2026-09-10T18:36:41.173820+05:30,NIFTY,29-Sep-2026,23850.0,PE,23477.8,431.9,65,441.4,65,432,436.65,1896,-218,653,8.733954190787818,13.55,-0.657346111394174,0.0005075076118596577,-4.7155150784809665,19.596743130585832,1.1844098301988515,-0.0060027340646062735,25.693712177110584,2.6044516078415875e-07,-0.0030801559875654524,1.0106863989489071e-05,-0.6483689086351809,-32.89677259338949,0.666757900755537,0.0004917910162262095,0.05169960762874176,23500.1,0.018363440205365903,0.0121,index_dividend_yield,0.065,11.72,65,23446.6,23494.95,23380.1,23431.5,mid_price,ok
2026-09-10T13:06:41.173820+00:00,2026-09-10T18:36:41.173820+05:30,NIFTY,29-Sep-2026,23900.0,CE,23477.8,73.85,195,74.8,65,72.55,74.32499999999999,27507,-940,28264,-26.270325203252032,8.58,0.2223979653129568,0.0006503053487667278,-4.361200127411541,15.900349055667133,2.7188832385016264,-0.008387762107473051,110.84985477399556,1.0290261826204166e-06,-0.003045363229843361,3.2515183243991483e-06,-0.7630118713662668,89.89362994217643,-0.21603893636182447,0.0006275326425517942,0.05169960762874176,23500.1,0.018363440205365903,0.0121,index_dividend_yield,0.065,11.72,65,23446.6,23494.95,23380.1,23431.5,mid_price,ok
2026-09-10T13:06:41.173820+00:00,2026-09-10T18:36:41.173820+05:30,NIFTY,29-Sep-2026,23900.0,PE,23477.8,471.5,65,475.45,65,475.45,473.475,16403,-582,2251,7.179891794409378,14.11,-0.6747538698692566,0.0004774228707169719,-4.7896408168906826,19.19695195714525,1.2395236643212293,-0.006282787970274484,30.05890234454256,2.64748668439365e-07,-0.0026361016862533368,8.892519542058445e-06,-0.6598556744130875,-30.83353441904914,0.6843313431330934,0.000460704246464924,0.05169960762874176,23500.1,0.018363440205365903,0.0121,index_dividend_yield,0.065,11.72,65,23446.6,23494.95,23380.1,23431.5,mid_price,ok
2026-09-10T13:06:41.173820+00:00,2026-09-10T18:36:41.173820+05:30,NIFTY,29-Sep-2026,23950.0,CE,23477.8,63.45,65,64.4,130,63.5,63.925000000000004,4128,258,5604,-25.513196480938415,8.76,0.19685095434932012,0.0005928269062237193,-4.0958033122822695,14.799057480937458,2.7609308395200594,-0.00842013347990847,125.65597777360438,1.030435296183785e-06,-0.001733335854123665,3.608844659058188e-07,-0.7751023900483425,91.17925779712454,-0.1908534475806974,0.0005696809123685961,0.05169960762874176,23500.1,0.018363440205365903,0.0121,index_dividend_yield,0.065,11.72,65,23446.6,23494.95,23380.1,23431.5,mid_price,ok
2026-09-10T13:06:41.173820+00:00,2026-09-10T18:36:41.173820+05:30,NIFTY,29-Sep-2026,23950.0,PE,23477.8,506.8,65,518.5,65,509.35,512.65,2214,-115,646,8.039028529006258,14.14,-0.6974116881038457,0.0004618195545752656,-4.501237894689619,18.609031539295927,1.3568885616030424,-0.0066800431199307555,37.53883222996812,2.9427422781697533e-07,-0.0023345044051720307,7.68300864516778e-06,-0.6766388793217857,-29.81769913074518,0.7065895091423499,0.0004437885366505478,0.05169960762874176,23500.1,0.018363440205365903,0.0121,index_dividend_yield,0.065,11.72,65,23446.6,23494.95,23380.1,23431.5,mid_price,ok
2026-09-10T13:06:41.173820+00:00,2026-09-10T18:36:41.173820+05:30,NIFTY,29-Sep-2026,24000.0,CE,23477.8,54.4,585,54.9,130,54.45,54.65,127995,4413,91151,-27.010723860589813,8.86,0.1719275262728126,0.0005387806269848395,-3.7708547744074368,13.603408432867717,2.779254789827115,-0.008353018176838839,140.38792232545472,1.032005881659102e-06,-0.0005201272572953608,-2.4336683416308806e-06,-0.7821606877024525,93.46372092020142,-0.16638718371278957,0.0005155897622896281,0.05169960762874176,23500.1,0.018363440205365903,0.0121,index_dividend_yield,0.065,11.72,65,23446.6,23494.95,23380.1,23431.5,mid_price,ok
2026-09-10T13:06:41.173820+00:00,2026-09-10T18:36:41.173820+05:30,NIFTY,29-Sep-2026,24000.0,PE,23477.8,551.5,2535,553,130,551.5,552.25,99946.61538461539,-1700.1538461538462,16495,7.201866070560793,14.54,-0.7139072556751096,0.0004375943768200681,-4.450762318304125,18.131685752705035,1.3997943678069613,-0.006907268085966867,42.30729237139741,2.9760102101228755e-07,-0.0019885655041141257,6.58905956238832e-06,-0.6878848500124413,-28.301853788986488,0.723049727514014,0.0004187588963370159,0.05169960762874176,23500.1,0.018363440205365903,0.0121,index_dividend_yield,0.065,11.72,65,23446.6,23494.95,23380.1,23431.5,mid_price,ok
2026-09-10T13:06:41.173820+00:00,2026-09-10T18:36:41.173820+05:30,NIFTY,29-Sep-2026,24050.0,CE,23477.8,46,65,47.45,65,47.2,46.725,4037,47,5892,-27.384615384615383,9,0.1507497897914047,0.000486810870710309,-3.48372358309791,12.485467873921422,2.7371751726214115,-0.008179423848381356,150.92544985630417,1.0057921323545254e-06,0.00047635705165274345,-4.686054086683322e-06,-0.7816319943283325,95.08060176807773,-0.1456153633011215,0.0004639219311934829,0.05169960762874176,23500.1,0.018363440205365903,0.0121,index_dividend_yield,0.065,11.72,65,23446.6,23494.95,23380.1,23431.5,mid_price,ok
2026-09-10T13:06:41.173820+00:00,2026-09-10T18:36:41.173820+05:30,NIFTY,29-Sep-2026,24050.0,PE,23477.8,588.85,65,601.3,130,595,595.075,1614,-124,217,9.616801768607221,14.99,-0.728350510621796,0.0004138521958535682,-4.429929902670095,17.678643622875764,1.4212284400803576,-0.007078978100780508,46.221793569667824,2.9473716143622427e-07,-0.0016788275532789892,5.6086641791180535e-06,-0.697282155275925,-26.853209023165498,0.7374996065300407,0.00039439363720228653,0.05169960762874176,23500.1,0.018363440205365903,0.0121,index_dividend_yield,0.065,11.72,65,23446.6,23494.95,23380.1,23431.5,mid_price,ok
2026-09-10T13:06:41.173820+00:00,2026-09-10T18:36:41.173820+05:30,NIFTY,29-Sep-2026,24100.0,CE,23477.8,40,260,40.6,650,40.4,40.3,28283,-125,30131,-27.92149866190901,9.11,0.13119734489090323,0.0004376759088995503,-3.1834880426233174,11.36247821804149,2.6659821176063665,-0.007920591083986156,159.45836645009237,9.724834684816043e-07,0.0013386940859535948,-6.653037847931351e-06,-0.7746387334238385,97.03867690554934,-0.1264930615494227,0.00041536830521276457,0.05169960762874176,23500.1,0.018363440205365903,0.0121,index_dividend_yield,0.065,11.72,65,23446.6,23494.95,23380.1,23431.5,mid_price,ok
2026-09-10T13:06:41.173820+00:00,2026-09-10T18:36:41.173820+05:30,NIFTY,29-Sep-2026,24100.0,PE,23477.8,633.7,65,641.9,130,636.35,637.8,15577,-431,2328,6.788051686524585,15.28,-0.743869718616037,0.00039395678050584945,-4.293156372727234,17.15433860715352,1.4543141519731684,-0.007254912163699223,50.99033778679818,2.97833292016053e-07,-0.001407232458070488,4.629649042249551e-06,-0.7074649849080571,-25.716560262084144,0.7528438370215538,0.00037387746713595714,0.05169960762874176,23500.1,0.018363440205365903,0.0121,index_dividend_yield,0.065,11.72,65,23446.6,23494.95,23380.1,23431.5,mid_price,ok
2026-09-10T13:06:41.173820+00:00,2026-09-10T18:36:41.173820+05:30,NIFTY,29-Sep-2026,24150.0,CE,23477.8,34.25,65,35.2,65,35,34.725,4065,52,5138,-30.209371884346957,9.25,0.11468133251703153,0.00039224062821523767,-2.9194775294819286,10.33942418298514,2.5600164450552203,-0.007605515817667358,164.22569906538965,9.235279970626561e-07,0.001990484124074406,-8.118371963313062e-06,-0.7616972128503701,98.45150703874253,-0.11035682197485046,0.00037070897705808063,0.05169960762874176,23500.1,0.018363440205365903,0.0121,index_dividend_yield,0.065,11.72,65,23446.6,23494.95,23380.1,23431.5,mid_price,ok
2026-09-10T13:06:41.173820+00:00,2026-09-10T18:36:41.173820+05:30,NIFTY,29-Sep-2026,24150.0,PE,23477.8,680.65,195,689.95,130,674.7,685.3,2529,-46,159,8.185681071113605,15.36,-0.7614488465478679,0.0003772307245703536,-4.001268596572571,16.51202425514988,1.5051809052890608,-0.007436350201356912,57.252678141678004,3.0912695753701417e-07,-0.0011479250456468881,3.56696571585189e-06,-0.7188549892955329,-24.880030391028683,0.7700073526958379,0.00035652302683855875,0.05169960762874176,23500.1,0.018363440205365903,0.0121,index_dividend_yield,0.065,11.72,65,23446.6,23494.95,23380.1,23431.5,mid_price,ok
2026-09-10T13:06:41.173820+00:00,2026-09-10T18:36:41.173820+05:30,NIFTY,29-Sep-2026,24200.0,CE,23477.8,30.15,65,30.75,65,30.95,30.45,54916,2288,38071,-27.347417840375588,9.45,0.10162178604683635,0.00035193391157995336,-2.7145907479159788,9.477525671071783,2.4299855421664045,-0.007278704954027326,165.0121843681367,8.60929711388864e-07,0.0024040492548993526,-9.031975776563447e-06,-0.74525267074136,98.84565202710128,-0.09759168519170415,0.00033124183504165645,0.05169960762874176,23500.1,0.018363440205365903,0.0121,index_dividend_yield,0.065,11.72,65,23446.6,23494.95,23380.1,23431.5,mid_price,ok
2026-09-10T13:06:41.173820+00:00,2026-09-10T18:36:41.173820+05:30,NIFTY,29-Sep-2026,24200.0,PE,23477.8,722.8,65,733.7,260,723.75,728.25,30195,-835,2726,6.137263528376595,16.03,-0.769256019446464,0.00035484736189334525,-4.13061714963622,16.209781006722498,1.4670043092999685,-0.007465469862437346,57.79526808086288,2.8870312691373673e-07,-0.0009484296828572117,2.9966250294658024e-06,-0.7220688256474812,-23.510097693992552,0.7780429010138263,0.0003339839880321943,0.05169960762874176,23500.1,0.018363440205365903,0.0121,index_dividend_yield,0.065,11.72,65,23446.6,23494.95,23380.1,23431.5,mid_price,ok
2026-09-10T13:06:41.173820+00:00,2026-09-10T18:36:41.173820+05:30,NIFTY,29-Sep-2026,24250.0,CE,23477.8,26.15,65,27.25,65,27,26.7,5359,-156,3825,-27.516778523489933,9.61,0.08926871072205396,0.0003145809586018608,-2.493679660348914,8.615051214678683,2.2951114118860487,-0.0069114361936681995,164.78637334231738,8.022414423171099e-07,0.0027444201909929207,-9.788065819024271e-06,-0.7243766281621848,99.74630812761932,-0.08555964133674979,0.0002948653513083255,0.05169960762874176,23500.1,0.018363440205365903,0.0121,index_dividend_yield,0.065,11.72,65,23446.6,23494.95,23380.1,23431.5,mid_price,ok
2026-09-10T13:06:41.173820+00:00,2026-09-10T18:36:41.173820+05:30,NIFTY,29-Sep-2026,24250.0,PE,23477.8,771,195,778.7,130,773,774.85,2661,-56,238,7.585247042449548,16.7,-0.7762566654298932,0.00033472475216149406,-4.261731934601209,15.929654052179915,1.4280869011069064,-0.007485420968695089,58.03480526610816,2.6968570416574297e-07,-0.0007848487389115744,2.5091357294188465e-06,-0.724691067591392,-22.27832293396168,0.7852721438185275,0.0003137466809064115,0.05169960762874176,23500.1,0.018363440205365903,0.0121,index_dividend_yield,0.065,11.72,65,23446.6,23494.95,23380.1,23431.5,mid_price,ok
2026-09-10T13:06:41.173820+00:00,2026-09-10T18:36:41.173820+05:30,NIFTY,29-Sep-2026,24300.0,CE,23477.8,23.4,325,23.45,130,23.4,23.424999999999997,70305,-2203,32411,-28,9.74,0.0778007227969379,0.0002799082477819862,-2.266561801348052,7.769207073152625,2.1542710471212088,-0.006509266579161829,163.2707515774632,7.453770087439254e-07,0.003009114351691254,-1.0360597803483692e-05,-0.6990799381171815,101.0139715358084,-0.0744241672204445,0.0002612870861857897,0.05169960762874176,23500.1,0.018363440205365903,0.0121,index_dividend_yield,0.065,11.72,65,23446.6,23494.95,23380.1,23431.5,mid_price,ok
2026-09-10T13:06:41.173820+00:00,2026-09-10T18:36:41.173820+05:30,NIFTY,29-Sep-2026,24300.0,PE,23477.8,816.65,65,825.2,130,821,820.925,50695,-671,2199,8.175769154753278,17.27,,,,,,,,,,,,,,,0.05169960762874176,,,,,,11.72,65,23446.6,23494.95,23380.1,23431.5,mid_price,no_price_available
2026-09-10T13:06:41.173820+00:00,2026-09-10T18:36:41.173820+05:30,NIFTY,29-Sep-2026,24350.0,CE,23477.8,20.5,65,20.85,260,20.75,20.675,7171,-209,4015,-27.447552447552447,9.94,0.06917762822258886,0.00025070950196025185,-2.102932866945525,7.101649319460134,2.013025487860691,-0.006152240776791094,159.22007448237218,6.84155259076264e-07,0.0030992504500336284,-1.0539313874548966e-05,-0.6746827035575809,101.11845190769534,-0.06604011406772121,0.00023307068920959265,0.05169960762874176,23500.1,0.018363440205365903,0.0121,index_dividend_yield,0.065,11.72,65,23446.6,23494.95,23380.1,23431.5,mid_price,ok
2026-09-10T13:06:41.173820+00:00,2026-09-10T18:36:41.173820+05:30,NIFTY,29-Sep-2026,24350.0,PE,23477.8,864.85,195,873.15,65,865.55,869.0,5068,-108,193,6.430986781432524,17.62,,,,,,,,,,,,,,,0.05169960762874176,,,,,,11.72,65,23446.6,23494.95,23380.1,23431.5,mid_price,no_price_available
2026-09-10T13:06:41.173820+00:00,2026-09-10T18:36:41.173820+05:30,NIFTY,29-Sep-2026,24400.0,CE,23477.8,18.1,260,18.5,130,18.5,18.3,43859,-108,16002,-26.294820717131476,10.14,0.06163016386091132,0.00022469883665408985,-1.9516504884116315,6.492931533235435,1.8758368966572818,-0.00580197583211934,154.30603403375588,6.263287286025866e-07,0.0031245125742832354,-1.0566281298165852e-05,-0.649224050669102,101.1458444883742,-0.05871455627574406,0.0002080347899029678,0.05169960762874176,23500.1,0.018363440205365903,0.0121,index_dividend_yield,0.065,11.72,65,23446.6,23494.95,23380.1,23431.5,mid_price,ok
2026-09-10T13:06:41.173820+00:00,2026-09-10T18:36:41.173820+05:30,NIFTY,29-Sep-2026,24400.0,PE,23477.8,912.55,65,920.2,130,912.55,916.375,30760,-293,763,7.245269714420026,18.1,,,,,,,,,,,,,,,0.05169960762874176,,,,,,11.72,65,23446.6,23494.95,23380.1,23431.5,mid_price,no_price_available
2026-09-10T13:06:41.173820+00:00,2026-09-10T18:36:41.173820+05:30,NIFTY,29-Sep-2026,24450.0,CE,23477.8,16,260,16.6,325,16.35,16.3,3813,89,3006,-27.008928571428573,10.31,0.05449421773319463,0.0002006224825706352,-1.793416000539934,5.894409578502548,1.7411449356965585,-0.0054367529012232935,148.94467121097497,5.73052065438812e-07,0.003123976000539547,-1.0516875446099774e-05,-0.6211892032956472,101.55351849271086,-0.051812107115401,0.00018498506676720725,0.05169960762874176,23500.1,0.018363440205365903,0.0121,index_dividend_yield,0.065,11.72,65,23446.6,23494.95,23380.1,23431.5,mid_price,ok
2026-09-10T13:06:41.173820+00:00,2026-09-10T18:36:41.173820+05:30,NIFTY,29-Sep-2026,24450.0,PE,23477.8,960.25,195,966.9,130,974.45,963.575,1342,-28,84,7.448450766346896,19.52,,,,,,,,,,,,,,,0.05169960762874176,,,,,,11.72,65,23446.6,23494.95,23380.1,23431.5,mid_price,no_price_available
2026-09-10T13:06:41.173820+00:00,2026-09-10T18:36:41.173820+05:30,NIFTY,29-Sep-2026,24500.0,CE,23477.8,14.8,520,14.95,195,15,14.875,94022,-586,47436,-25.558312655086848,10.57,0.04970180500431834,0.0001818886870039365,-1.7014843056528004,5.478765592462212,1.6228257315639392,-0.005161687202385426,142.7209767864852,5.216357775602511e-07,0.0030176926456650277,-1.0254080445713581e-05,-0.5990515714553588,100.55684953696525,-0.04715448022409,0.00016702762912773768,0.05169960762874176,23500.1,0.018363440205365903,0.0121,index_dividend_yield,0.065,11.72,65,23446.6,23494.95,23380.1,23431.5,mid_price,ok
2026-09-10T13:06:41.173820+00:00,2026-09-10T18:36:41.173820+05:30,NIFTY,29-Sep-2026,24500.0,PE,23477.8,1006.9,455,1015.65,65,1009,1011.275,50077,70,3650,5.737490175530521,19.17,,,,,,,,,,,,,,,0.05169960762874176,,,,,,11.72,65,23446.6,23494.95,23380.1,23431.5,mid_price,no_price_available
2026-09-10T13:06:41.173820+00:00,2026-09-10T18:36:41.173820+05:30,NIFTY,29-Sep-2026,24550.0,CE,23477.8,13.15,325,13.75,520,13.35,13.45,3415,-2717,7347,-24.147727272727273,10.75,0.04426886201713332,0.00016298796556384369,-1.571006480409469,4.993051523006077,1.5027600806920038,-0.004832913214181306,136.6065887257508,4.7580450546941263e-07,0.002943341869383214,-1.0025056607016234e-05,-0.5715715815703781,100.68967117058716,-0.04191500296462237,0.00014906213706820912,0.05169960762874176,23500.1,0.018363440205365903,0.0121,index_dividend_yield,0.065,11.72,65,23446.6,23494.95,23380.1,23431.5,mid_price,ok
2026-09-10T13:06:41.173820+00:00,2026-09-10T18:36:41.173820+05:30,NIFTY,29-Sep-2026,24550.0,PE,23477.8,1051,195,1075.5,65,1070.85,1063.25,837,-4,19,4.846526655896607,20.6,,,,,,,,,,,,,,,0.05169960762874176,,,,,,11.72,65,23446.6,23494.95,23380.1,23431.5,mid_price,no_price_available
2026-09-10T13:06:41.173820+00:00,2026-09-10T18:36:41.173820+05:30,NIFTY,29-Sep-2026,24600.0,CE,23477.8,12,1820,12.05,650,12.05,12.025,25833,1672,17292,-24.922118380062305,10.95,0.039773441301115424,0.00014672499458419618,-1.4620669578775831,4.578468870815564,1.3924605764584417,-0.004537308457548878,130.3082385223977,4.334608640015576e-07,0.0028362159622080485,-9.721940303381623e-06,-0.5458713661399495,100.47744023452545,-0.03758127407974692,0.00013364375985147652,0.05169960762874176,23500.1,0.018363440205365903,0.0121,index_dividend_yield,0.065,11.72,65,23446.6,23494.95,23380.1,23431.5,mid_price,ok
2026-09-10T13:06:41.173820+00:00,2026-09-10T18:36:41.173820+05:30,NIFTY,29-Sep-2026,24600.0,PE,23477.8,1102.55,65,1113.9,260,1103.4,1108.225,10717,-175,537,4.429301533219761,20.06,,,,,,,,,,,,,,,0.05169960762874176,,,,,,11.72,65,23446.6,23494.95,23380.1,23431.5,mid_price,no_price_available
2026-09-10T13:06:41.173820+00:00,2026-09-10T18:36:41.173820+05:30,NIFTY,29-Sep-2026,24650.0,CE,23477.8,10.7,260,11.55,130,11.6,11.125,2797,-100,2333,-20,11.29,0.03763132744115216,0.00013603059419328492,-1.4356775720851556,4.376556923171744,1.3100809688465185,-0.004379977798634013,124.3850721066142,3.955711037047774e-07,0.0026613930855792713,-9.323306964335561e-06,-0.5317731069301495,98.2772463590163,-0.03547711554143867,0.0001234006778264109,0.05169960762874176,23500.1,0.018363440205365903,0.0121,index_dividend_yield,0.065,11.72,65,23446.6,23494.95,23380.1,23431.5,mid_price,ok
2026-09-10T13:06:41.173820+00:00,2026-09-10T18:36:41.173820+05:30,NIFTY,29-Sep-2026,24650.0,PE,23477.8,1153.85,195,1178.7,65,1182.2,1166.275,580,-16,20,8.918371107425834,22.63,,,,,,,,,,,,,,,0.05169960762874176,,,,,,11.72,65,23446.6,23494.95,23380.1,23431.5,mid_price,no_price_available
2026-09-10T13:06:41.173820+00:00,2026-09-10T18:36:41.173820+05:30,NIFTY,29-Sep-2026,24700.0,CE,23477.8,10.5,260,10.75,650,10.75,10.625,26104,-1609,15360,-21.245421245421245,11.54,0.03460938609751417,0.00012426648677503385,-1.3658391639811824,4.086597580154116,1.2224580704325305,-0.004158890016614222,118.55384816890613,3.613891191981808e-07,0.002528331127208918,-8.97386688753666e-06,-0.5115690556189181,97.33805714248123,-0.03255888706689243,0.00011227289238097113,0.05169960762874176,23500.1,0.018363440205365903,0.0121,index_dividend_yield,0.065,11.72,65,23446.6,23494.95,23380.1,23431.5,mid_price,ok
2026-09-10T13:06:41.173820+00:00,2026-09-10T18:36:41.173820+05:30,NIFTY,29-Sep-2026,24700.0,PE,23477.8,1203,65,1211.55,65,1199.7,1207.275,3796,-98,218,3.6099835909836773,21.04,,,,,,,,,,,,,,,0.05169960762874176,,,,,,11.72,65,23446.6,23494.95,23380.1,23431.5,mid_price,no_price_available
2026-09-10T13:06:41.173820+00:00,2026-09-10T18:36:41.173820+05:30,NIFTY,29-Sep-2026,24750.0,CE,23477.8,9.2,325,10,325,9.9,9.6,3997,515,1611,-20.161290322580644,11.77,0.03168901722301195,0.00011330344328185379,-1.2916464841285042,3.8003326730370683,1.138846689900646,-0.003935420283324078,112.84898697639534,3.3035987739855063e-07,0.0024019565055525918,-8.625973249012e-06,-0.4906235734394268,96.64836086895056,-0.029749111878542914,0.0001019547582167574,0.05169960762874176,23500.1,0.018363440205365903,0.0121,index_dividend_yield,0.065,11.72,65,23446.6,23494.95,23380.1,23431.5,mid_price,ok
2026-09-10T13:06:41.173820+00:00,2026-09-10T18:36:41.173820+05:30,NIFTY,29-Sep-2026,24750.0,PE,23477.8,1250.5,195,1290.45,65,1271.45,1270.475,455,-11,19,7.408658922914467,23.18,,,,,,,,,,,,,,,0.05169960762874176,,,,,,11.72,65,23446.6,23494.95,23380.1,23431.5,mid_price,no_price_available
2026-09-10T13:06:41.173820+00:00,2026-09-10T18:36:41.173820+05:30,NIFTY,29-Sep-2026,24800.0,CE,23477.8,8.75,390,9,910,9,8.875,21181,-760,13589,-19.282511210762333,11.96,0.028662722212809907,0.00010260129915200703,-1.204459336355707,3.4969231163381926,1.055775316311857,-0.0036931872465539514,107.1134989848479,3.017127026786818e-07,0.0022849747327736898,-8.276526836319443e-06,-0.46731822691638625,96.44995141479384,-0.026853249747811284,9.195265970861234e-05,0.05169960762874176,23500.1,0.018363440205365903,0.0121,index_dividend_yield,0.065,11.72,65,23446.6,23494.95,23380.1,23431.5,mid_price,ok
2026-09-10T13:06:41.173820+00:00,2026-09-10T18:36:41.173820+05:30,NIFTY,29-Sep-2026,24800.0,PE,23477.8,1297.3,130,1304,130,1301,1300.65,5439,-71,540,3.5333439439758076,22.34,,,,,,,,,,,,,,,0.05169960762874176,,,,,,11.72,65,23446.6,23494.95,23380.1,23431.5,mid_price,no_price_available
2026-09-10T13:06:41.173820+00:00,2026-09-10T18:36:41.173820+05:30,NIFTY,29-Sep-2026,24850.0,CE,23477.8,8.1,2145,8.4,455,8.1,8.25,4184,-842,6289,-22.857142857142858,12.14,0.025875665691448432,9.28125170032898e-05,-1.1197702117401163,3.2109037082945027,0.9772406963307178,-0.003457713841423408,101.46059864105416,2.7541427934169866e-07,0.0021683067554860943,-7.918851952255407e-06,-0.44404518887056993,96.34449971356867,-0.024193085233289273,8.284543101918785e-05,0.05169960762874176,23500.1,0.018363440205365903,0.0121,index_dividend_yield,0.065,11.72,65,23446.6,23494.95,23380.1,23431.5,mid_price,ok
2026-09-10T13:06:41.173820+00:00,2026-09-10T18:36:41.173820+05:30,NIFTY,29-Sep-2026,24850.0,PE,23477.8,1292.15,650,1392.4,65,1380.45,1342.275,217,0,2,7.809754383224647,25.03,,,,,,,,,,,,,,,0.05169960762874176,,,,,,11.72,65,23446.6,23494.95,23380.1,23431.5,mid_price,no_price_available
2026-09-10T13:06:41.173820+00:00,2026-09-10T18:36:41.173820+05:30,NIFTY,29-Sep-2026,24900.0,CE,23477.8,7.85,650,8,65,8,7.925,10025,-1258,4172,-17.098445595854923,12.5,0.02505075823524457,8.772661349946323e-05,-1.1191323666605786,3.124952512465064,0.9305872040444706,-0.0033791293613864917,97.30741409333432,2.5456707018498257e-07,0.0020299444592484697,-7.596003424991748e-06,-0.4361175457662365,93.99596584448547,-0.02336866063650118,7.799153496191578e-05,0.05169960762874176,23500.1,0.018363440205365903,0.0121,index_dividend_yield,0.065,11.72,65,23446.6,23494.95,23380.1,23431.5,mid_price,ok
2026-09-10T13:06:41.173820+00:00,2026-09-10T18:36:41.173820+05:30,NIFTY,29-Sep-2026,24900.0,PE,23477.8,1392.05,65,1406.6,130,1401,1399.3249999999998,1191,-5,15,4.681137221205216,23.53,,,,,,,,,,,,,,,0.05169960762874176,,,,,,11.72,65,23446.6,23494.95,23380.1,23431.5,mid_price,no_price_available
2026-09-10T13:06:41.173820+00:00,2026-09-10T18:36:41.173820+05:30,NIFTY,29-Sep-2026,24950.0,CE,23477.8,7.6,65,7.95,65,8,7.775,1718,-649,1605,-12.568306010928962,12.88,0.024479412675341844,8.350660954632296e-05,-1.1282080878023548,3.0650584348142718,0.8906038136476425,-0.003322029440294302,93.59507220978536,2.36260583702168e-07,0.0019016696900689034,-7.300034419206135e-06,-0.43030828783549024,91.5251606330022,-0.022783300946313596,7.394257128437822e-05,0.05169960762874176,23500.1,0.018363440205365903,0.0121,index_dividend_yield,0.065,11.72,65,23446.6,23494.95,23380.1,23431.5,mid_price,ok
2026-09-10T13:06:41.173820+00:00,2026-09-10T18:36:41.173820+05:30,NIFTY,29-Sep-2026,24950.0,PE,23477.8,1413.95,650,1520.35,260,1385,1467.15,79,-1,1,0.2606051831475315,18.24,,,,,,,,,,,,,,,0.05169960762874176,,,,,,11.72,65,23446.6,23494.95,23380.1,23431.5,mid_price,no_price_available
2026-09-10T13:06:41.173820+00:00,2026-09-10T18:36:41.173820+05:30,NIFTY,29-Sep-2026,25000.0,CE,23477.8,7.35,390,7.5,1300,7.5,7.425,90100,-4300,31534,-13.294797687861271,13.12,0.022776934990770117,7.71568400729985e-05,-1.0792981313841004,2.884764151063842,0.8356957811261577,-0.00316624685794684,89.18770522296725,2.1770797756029848e-07,0.0017973889055156913,-6.994374987615186e-06,-0.4143266956845335,90.70785963308658,-0.021154279967877304,6.804703601497333e-05,0.05169960762874176,23500.1,0.018363440205365903,0.0121,index_dividend_yield,0.065,11.72,65,23446.6,23494.95,23380.1,23431.5,mid_price,ok
2026-09-10T13:06:41.173820+00:00,2026-09-10T18:36:41.173820+05:30,NIFTY,29-Sep-2026,25000.0,PE,23477.8,1495.4,65,1503,65,1502.95,1499.2,32982.307692307695,-324.84615384615387,1166,4.800920437905306,24.84,,,,,,,,,,,,,,,0.05169960762874176,,,,,,11.72,65,23446.6,23494.95,23380.1,23431.5,mid_price,no_price_available
2026-09-10T13:06:41.173820+00:00,2026-09-10T18:36:41.173820+05:30,NIFTY,29-Sep-2026,25050.0,CE,23477.8,6.7,455,7.2,65,7.3,6.95,1521,-885,2508,-10.975609756097562,13.44,0.021870543259930396,7.278336366551804e-05,-1.066101678380308,2.787619126562571,0.7952401339028757,-0.0030781896581028967,85.59441587168526,2.021617633209079e-07,0.0016933092199341757,-6.722798219976873e-06,-0.4051597466735272,89.02887939455778,-0.020267655129983072,6.393393857902827e-05,0.05169960762874176,23500.1,0.018363440205365903,0.0121,index_dividend_yield,0.065,11.72,65,23446.6,23494.95,23380.1,23431.5,mid_price,ok
2026-09-10T13:06:41.173820+00:00,2026-09-10T18:36:41.173820+05:30,NIFTY,29-Sep-2026,25050.0,PE,23477.8,1455.8,650,1676.5,390,0.0,1566.15,60,0,0,0,11.04,,,,,,,,,,,,,,,0.05169960762874176,,,,,,11.72,65,23446.6,23494.95,23380.1,23431.5,mid_price,no_price_available
2026-09-10T13:06:41.173820+00:00,2026-09-10T18:36:41.173820+05:30,NIFTY,29-Sep-2026,25100.0,CE,23477.8,6.65,390,6.85,325,6.7,6.75,6006,-498,3147,-13.548387096774194,13.62,0.019992942281602644,6.656695554984585e-05,-0.9994942729751237,2.5836747854557096,0.7407331349852491,-0.002898343758234979,81.20373426380878,1.8594114401975684e-07,0.0016034394529379247,-6.423091023297924e-06,-0.3861774637822171,88.85801352124388,-0.018490351576249685,5.824062800247619e-05,0.05169960762874176,23500.1,0.018363440205365903,0.0121,index_dividend_yield,0.065,11.72,65,23446.6,23494.95,23380.1,23431.5,mid_price,ok
2026-09-10T13:06:41.173820+00:00,2026-09-10T18:36:41.173820+05:30,NIFTY,29-Sep-2026,25100.0,PE,23477.8,1590.45,65,1603.3,130,1603.35,1596.875,1475,1,10,2.7788461538461537,26.03,,,,,,,,,,,,,,,0.05169960762874176,,,,,,11.72,65,23446.6,23494.95,23380.1,23431.5,mid_price,no_price_available
2026-09-10T13:06:41.173820+00:00,2026-09-10T18:36:41.173820+05:30,NIFTY,29-Sep-2026,25150.0,CE,23477.8,6.2,195,7.15,1950,6.8,6.675000000000001,712,-236,681,-7.482993197278912,14.02,0.019851133383250005,6.427836253032615e-05,-1.0205962305626117,2.5681173373322275,0.7165890983875378,-0.0028793741506177033,78.66941928237226,1.745640741740191e-07,0.001510581904594989,-6.209404236394582e-06,-0.38413761322652107,86.42502795184636,-0.018316830124513798,5.601490752164019e-05,0.05169960762874176,23500.1,0.018363440205365903,0.0121,index_dividend_yield,0.065,11.72,65,23446.6,23494.95,23380.1,23431.5,mid_price,ok
2026-09-10T13:06:41.173820+00:00,2026-09-10T18:36:41.173820+05:30,NIFTY,29-Sep-2026,25150.0,PE,23477.8,1509,650,1777.6,455,0.0,1643.3,21,0,0,0,0,,,,,,,,,,,,,,,0.05169960762874176,,,,,,11.72,65,23446.6,23494.95,23380.1,23431.5,mid_price,no_price_available
2026-09-10T13:06:41.173820+00:00,2026-09-10T18:36:41.173820+05:30,NIFTY,29-Sep-2026,25200.0,CE,23477.8,6.3,325,6.6,520,6.3,6.449999999999999,8172,-1175,6141,-11.267605633802816,14.22,0.01835924788146714,5.930131782731121e-05,-0.967009639124046,2.403067585782039,0.6713955822475626,-0.002730204747025202,74.85648973193193,1.6132179221703748e-07,0.0014302369811397542,-5.940997127160436e-06,-0.3680612038089462,86.0421618110017,-0.016905760868990097,5.1472831634500344e-05,0.05169960762874176,23500.1,0.018363440205365903,0.0121,index_dividend_yield,0.065,11.72,65,23446.6,23494.95,23380.1,23431.5,mid_price,ok
2026-09-10T13:06:41.173820+00:00,2026-09-10T18:36:41.173820+05:30,NIFTY,29-Sep-2026,25200.0,PE,23477.8,1689.5,65,1703.5,390,1692.55,1696.5,1384,-27,47,3.352364668885293,26.29,,,,,,,,,,,,,,,0.05169960762874176,,,,,,11.72,65,23446.6,23494.95,23380.1,23431.5,mid_price,no_price_available
2026-09-10T13:06:41.173820+00:00,2026-09-10T18:36:41.173820+05:30,NIFTY,29-Sep-2026,25250.0,CE,23477.8,5.65,1755,6.7,1300,6.1,6.175000000000001,1360,-209,863,-10.294117647058824,14.51,0.017577785115070417,5.600006998960368e-05,-0.949201512201805,2.315570598960385,0.6395046653654112,-0.002647989697561085,71.9044926510397,1.505447689306885e-07,0.0013530087571972027,-5.7170236035689205e-06,-0.3590770334452795,84.78505723388318,-0.016151297630068093,4.841507425202387e-05,0.05169960762874176,23500.1,0.018363440205365903,0.0121,index_dividend_yield,0.065,11.72,65,23446.6,23494.95,23380.1,23431.5,mid_price,wide_quote_low_liquidity
2026-09-10T13:06:41.173820+00:00,2026-09-10T18:36:41.173820+05:30,NIFTY,29-Sep-2026,25250.0,PE,23477.8,1602.1,650,1870.5,2080,0.0,1736.3,30,0,0,0,0,,,,,,,,,,,,,,,0.05169960762874176,,,,,,11.72,65,23446.6,23494.95,23380.1,23431.5,mid_price,no_price_available
2026-09-10T13:06:41.173820+00:00,2026-09-10T18:36:41.173820+05:30,NIFTY,29-Sep-2026,25300.0,CE,23477.8,5.8,130,6.25,195,5.9,6.025,7834,-994,3399,-9.23076923076923,14.79,0.016798342010360085,5.2851512841213024e-05,-0.9292622888240829,2.2275509261547564,0.6088986381003504,-0.002564820177679873,69.05863761068164,1.4059216197504262e-07,0.0012811579905375162,-5.501689964839703e-06,-0.3499026349216341,83.64950881731833,-0.015402108498608858,4.551255096220992e-05,0.05169960762874176,23500.1,0.018363440205365903,0.0121,index_dividend_yield,0.065,11.72,65,23446.6,23494.95,23380.1,23431.5,mid_price,ok
2026-09-10T13:06:41.173820+00:00,2026-09-10T18:36:41.173820+05:30,NIFTY,29-Sep-2026,25300.0,PE,23477.8,1789.95,130,1799.9,130,1773.05,1794.9250000000002,487,-4,12,3.0843023255813953,25.7,,,,,,,,,,,,,,,0.05169960762874176,,,,,,11.72,65,23446.6,23494.95,23380.1,23431.5,mid_price,no_price_available
2026-09-10T13:06:41.173820+00:00,2026-09-10T18:36:41.173820+05:30,NIFTY,29-Sep-2026,25350.0,CE,23477.8,5.25,65,6,325,5.5,5.625,400,-161,599,-11.290322580645162,14.98,0.015562757808326536,4.887500956765051e-05,-0.8803117345226156,2.0864150808811037,0.5711804908228729,-0.002432300925142423,65.71335312666204,1.3025830633997197e-07,0.0012130851909427402,-5.260350520782234e-06,-0.3351064765003384,83.34727104266936,-0.014240453518490348,4.192236022907977e-05,0.05169960762874176,23500.1,0.018363440205365903,0.0121,index_dividend_yield,0.065,11.72,65,23446.6,23494.95,23380.1,23431.5,mid_price,ok
2026-09-10T13:06:41.173820+00:00,2026-09-10T18:36:41.173820+05:30,NIFTY,29-Sep-2026,25350.0,PE,23477.8,1691.75,2080,1893.15,65,0.0,1792.45,16,0,0,0,6.15,,,,,,,,,,,,,,,0.05169960762874176,,,,,,11.72,65,23446.6,23494.95,23380.1,23431.5,mid_price,no_price_available
2026-09-10T13:06:41.173820+00:00,2026-09-10T18:36:41.173820+05:30,NIFTY,29-Sep-2026,25400.0,CE,23477.8,5.25,260,5.85,520,5.4,5.55,3489,-277,2271,-10.743801652892563,15.29,0.015088969747110012,4.662950878178547e-05,-0.8737019104008944,2.0317504762989493,0.5481726651176003,-0.0023783893457299202,63.425807090658594,1.224143103926528e-07,0.0011506750081494265,-5.080343992786891e-06,-0.3290158401947434,81.97052163352275,-0.013776931789032975,3.983897944101498e-05,0.05169960762874176,23500.1,0.018363440205365903,0.0121,index_dividend_yield,0.065,11.72,65,23446.6,23494.95,23380.1,23431.5,mid_price,ok
2026-09-10T13:06:41.173820+00:00,2026-09-10T18:36:41.173820+05:30,NIFTY,29-Sep-2026,25400.0,PE,23477.8,1834,65,1905.5,65,1899.35,1869.75,418,-1,3,3.6254023678323968,29.07,,,,,,,,,,,,,,,0.05169960762874176,,,,,,11.72,65,23446.6,23494.95,23380.1,23431.5,mid_price,no_price_available
2026-09-10T13:06:41.173820+00:00,2026-09-10T18:36:41.173820+05:30,NIFTY,29-Sep-2026,25450.0,CE,23477.8,5.05,1755,6.1,1950,5.25,5.574999999999999,782,54,319,-10.256410256410257,15.57,0.014492701234977187,4.4230340878167634e-05,-0.8582001479291502,1.9625057750999837,0.5238832333176267,-0.00231072189996045,61.06117065478955,1.1484975785004614e-07,0.0010920961235464587,-4.898136020605166e-06,-0.32131863259235716,80.88863701162587,-0.01320433230869411,3.7640857663475103e-05,0.05169960762874176,23500.1,0.018363440205365903,0.0121,index_dividend_yield,0.065,11.72,65,23446.6,23494.95,23380.1,23431.5,mid_price,wide_quote_low_liquidity
2026-09-10T13:06:41.173820+00:00,2026-09-10T18:36:41.173820+05:30,NIFTY,29-Sep-2026,25450.0,PE,23477.8,1874.85,1755,1992,65,0.0,1933.425,11,0,0,0,6.11,,,,,,,,,,,,,,,0.05169960762874176,,,,,,11.72,65,23446.6,23494.95,23380.1,23431.5,mid_price,no_price_available
2026-09-10T13:06:41.173820+00:00,2026-09-10T18:36:41.173820+05:30,NIFTY,29-Sep-2026,25500.0,CE,23477.8,5.1,130,5.5,325,5.1,5.3,49363,-2439,16202,-8.108108108108109,15.85,0.01394103929902822,4.202045251149273e-05,-0.8438036907406186,1.897981766389702,0.5012748291680019,-0.0022471526673912903,58.8343298640559,1.0791575792095117e-07,0.0010374437157989163,-4.725893255307625e-06,-0.314030696172682,79.829671216308,-0.012674701622015068,3.562010222019405e-05,0.05169960762874176,23500.1,0.018363440205365903,0.0121,index_dividend_yield,0.065,11.72,65,23446.6,23494.95,23380.1,23431.5,mid_price,ok
2026-09-10T13:06:41.173820+00:00,2026-09-10T18:36:41.173820+05:30,NIFTY,29-Sep-2026,25500.0,PE,23477.8,1992.9,130,2005.2,130,1994.3,1999.0500000000002,23226,-69,339,3.2406688409173268,29.72,,,,,,,,,,,,,,,0.05169960762874176,,,,,,11.72,65,23446.6,23494.95,23380.1,23431.5,mid_price,no_price_available
2026-09-10T13:06:41.173820+00:00,2026-09-10T18:36:41.173820+05:30,NIFTY,29-Sep-2026,25550.0,CE,23477.8,4.4,1755,5.8,1950,5.2,5.1,618,-125,356,-3.7037037037037037,16.24,0.013963404852583247,4.1068055372784625e-05,-0.8646032471522718,1.9006064914129375,0.4899706241142986,-0.0022470655405053344,57.491191153976274,1.0283847980410426e-07,0.0009893724640380227,-4.6090562583196406e-06,-0.31401459323699665,77.92041285449753,-0.012666253798043297,3.467664938572502e-05,0.05169960762874176,23500.1,0.018363440205365903,0.0121,index_dividend_yield,0.065,11.72,65,23446.6,23494.95,23380.1,23431.5,mid_price,wide_quote_low_liquidity
2026-09-10T13:06:41.173820+00:00,2026-09-10T18:36:41.173820+05:30,NIFTY,29-Sep-2026,25550.0,PE,23477.8,1902.4,650,2133.75,715,0.0,2018.075,6,0,0,0,0,,,,,,,,,,,,,,,0.05169960762874176,,,,,,11.72,65,23446.6,23494.95,23380.1,23431.5,mid_price,no_price_available
2026-09-10T13:06:41.173820+00:00,2026-09-10T18:36:41.173820+05:30,NIFTY,29-Sep-2026,25600.0,CE,23477.8,4.5,260,5.1,390,4.9,4.8,2717,81,2336,-5.769230769230769,16.44,0.013093771189456897,3.8378035306289384e-05,-0.8270579945353461,1.7979872001597823,0.463115110053018,-0.002146947859238071,54.960751916088846,9.60347932119115e-08,0.0009396849782743464,-4.42162024006042e-06,-0.3024269302473883,77.54583675984676,-0.011853463565377254,3.227881663527014e-05,0.05169960762874176,23500.1,0.018363440205365903,0.0121,index_dividend_yield,0.065,11.72,65,23446.6,23494.95,23380.1,23431.5,mid_price,ok
2026-09-10T13:06:41.173820+00:00,2026-09-10T18:36:41.173820+05:30,NIFTY,29-Sep-2026,25600.0,PE,23477.8,1877.25,65,2143.95,65,2135,2010.6,495,-1,69,15.159524259014537,34.14,,,,,,,,,,,,,,,0.05169960762874176,,,,,,11.72,65,23446.6,23494.95,23380.1,23431.5,mid_price,no_price_available
2026-09-10T13:06:41.173820+00:00,2026-09-10T18:36:41.173820+05:30,NIFTY,29-Sep-2026,25650.0,CE,23477.8,4.15,130,5.4,650,4.45,4.775,259,29,250,-12.745098039215685,16.55,0.011903105800011016,3.5102323848597824e-05,-0.7658417475365588,1.6555256395328097,0.43053544373941943,-0.002006510633347053,51.94059237753312,8.87488701144654e-08,0.000889192838949969,-4.2024118839562475e-06,-0.28593171508703596,77.85765614995374,-0.0107551416271857,2.9408706770955272e-05,0.05169960762874176,23500.1,0.018363440205365903,0.0121,index_dividend_yield,0.065,11.72,65,23446.6,23494.95,23380.1,23431.5,mid_price,wide_quote_low_liquidity
2026-09-10T13:06:41.173820+00:00,2026-09-10T18:36:41.173820+05:30,NIFTY,29-Sep-2026,25650.0,PE,23477.8,1969.75,650,,0,0.0,,1,0,0,0,13.42,,,,,,,,,,,,,,,0.05169960762874176,,,,,,11.72,65,23446.6,23494.95,23380.1,23431.5,none,no_price_available
2026-09-10T13:06:41.173820+00:00,2026-09-10T18:36:41.173820+05:30,NIFTY,29-Sep-2026,25700.0,CE,23477.8,4.2,715,4.45,65,4.45,4.325,4086,-483,1856,-5.319148936170213,16.88,0.011723989899485315,3.396627436352467e-05,-0.77002876075562,1.633888439726408,0.4177923591176221,-0.001983306242807112,50.53293772604494,8.437733268164938e-08,0.000849276548620763,-4.086761040021659e-06,-0.2831747323848097,76.48087561845045,-0.010570214222088696,2.8346305540620215e-05,0.05169960762874176,23500.1,0.018363440205365903,0.0121,index_dividend_yield,0.065,11.72,65,23446.6,23494.95,23380.1,23431.5,mid_price,ok
2026-09-10T13:06:41.173820+00:00,2026-09-10T18:36:41.173820+05:30,NIFTY,29-Sep-2026,25700.0,PE,23477.8,2056.9,650,2272.45,390,0.0,2164.675,184,0,0,0,0,,,,,,,,,,,,,,,0.05169960762874176,,,,,,11.72,65,23446.6,23494.95,23380.1,23431.5,mid_price,no_price_available
2026-09-10T13:06:41.173820+00:00,2026-09-10T18:36:41.173820+05:30,NIFTY,29-Sep-2026,25750.0,CE,23477.8,4,1560,4.45,325,4.45,4.225,93,36,94,-4.301075268817204,17.21,0.011557312683103447,3.290340544215713e-05,-0.7745416268614693,1.6137035845288057,0.40581360661804106,-0.0019616071756030293,49.202818838466996,8.032854336287404e-08,0.000812046792587754,-3.977476666913954e-06,-0.28058936958060743,75.14977876864707,-0.010397266642227091,2.7352761554615537e-05,0.05169960762874176,23500.1,0.018363440205365903,0.0121,index_dividend_yield,0.065,11.72,65,23446.6,23494.95,23380.1,23431.5,mid_price,ok
2026-09-10T13:06:41.173820+00:00,2026-09-10T18:36:41.173820+05:30,NIFTY,29-Sep-2026,25750.0,PE,23477.8,2062.1,650,2322.15,1040,0.0,2192.125,8,0,0,0,0,,,,,,,,,,,,,,,0.05169960762874176,,,,,,11.72,65,23446.6,23494.95,23380.1,23431.5,mid_price,no_price_available
2026-09-10T13:06:41.173820+00:00,2026-09-10T18:36:41.173820+05:30,NIFTY,29-Sep-2026,25800.0,CE,23477.8,4.1,65,4.25,1040,4,4.175,5034,-30,3743,-13.978494623655914,17.29,0.010438962945857982,2.9976047732119834e-05,-0.7115811862378968,1.4769690996157054,0.37592483398059,-0.0018234001372450827,46.354543918808886,7.412859123580133e-08,0.0007674109166395461,-3.768772910123553e-06,-0.26397330306334266,75.63453354634842,-0.00937377961657758,2.482274221088703e-05,0.05169960762874176,23500.1,0.018363440205365903,0.0121,index_dividend_yield,0.065,11.72,65,23446.6,23494.95,23380.1,23431.5,mid_price,ok
2026-09-10T13:06:41.173820+00:00,2026-09-10T18:36:41.173820+05:30,NIFTY,29-Sep-2026,25800.0,PE,23477.8,2213.25,1495,2301.2,65,2275,2257.225,319,1,3,6.0606060606060606,31.08,,,,,,,,,,,,,,,0.05169960762874176,,,,,,11.72,65,23446.6,23494.95,23380.1,23431.5,mid_price,no_price_available
2026-09-10T13:06:41.173820+00:00,2026-09-10T18:36:41.173820+05:30,NIFTY,29-Sep-2026,25850.0,CE,23477.8,3.3,1755,4.5,1950,4.2,3.9,129,4,13,-4.545454545454546,17.73,0.010726988409199495,2.99335182926173e-05,-0.7463958375237487,1.5124065358024399,0.3739074420693426,-0.0018575826168327084,45.900538127848,7.17993084024807e-08,0.0007396218384262789,-3.7199227707919982e-06,-0.26810679756896305,73.56523815224985,-0.00961016053008528,2.4691727076754426e-05,0.05169960762874176,23500.1,0.018363440205365903,0.0121,index_dividend_yield,0.065,11.72,65,23446.6,23494.95,23380.1,23431.5,mid_price,wide_quote_low_liquidity
2026-09-10T13:06:41.173820+00:00,2026-09-10T18:36:41.173820+05:30,NIFTY,29-Sep-2026,25850.0,PE,23477.8,2198.1,650,2498.95,650,0.0,2348.5249999999996,0,0,0,0,0,,,,,,,,,,,,,,,0.05169960762874176,,,,,,11.72,65,23446.6,23494.95,23380.1,23431.5,mid_price,no_price_available
2026-09-10T13:06:41.173820+00:00,2026-09-10T18:36:41.173820+05:30,NIFTY,29-Sep-2026,25900.0,CE,23477.8,3.45,260,3.8,1300,3.8,3.625,437,-99,288,-11.627906976744185,17.82,0.009751663437960717,2.7406417127955676e-05,-0.6897729178296014,1.3917524918463287,0.3476201632834552,-0.001733852311104903,43.339138200155446,6.646128364322715e-08,0.0006996270988651957,-3.530285623451135e-06,-0.25304235477746984,73.945705543004,-0.00872013303653598,2.2519955740464278e-05,0.05169960762874176,23500.1,0.018363440205365903,0.0121,index_dividend_yield,0.065,11.72,65,23446.6,23494.95,23380.1,23431.5,mid_price,ok
2026-09-10T13:06:41.173820+00:00,2026-09-10T18:36:41.173820+05:30,NIFTY,29-Sep-2026,25900.0,PE,23477.8,2199.95,650,2475.95,650,0.0,2337.95,76,0,0,0,0,,,,,,,,,,,,,,,0.05169960762874176,,,,,,11.72,65,23446.6,23494.95,23380.1,23431.5,mid_price,no_price_available
2026-09-10T13:06:41.173820+00:00,2026-09-10T18:36:41.173820+05:30,NIFTY,29-Sep-2026,25950.0,CE,23477.8,3.05,1755,3.9,910,3.9,3.4749999999999996,166,-456,672,-8.235294117647058,18.2,0.00983050585670659,2.7023600982552513e-05,-0.7087749589536252,1.401575999620426,0.34245454574534806,-0.0017426329416365008,42.64008525753216,6.403930589116542e-08,0.0006736453594051237,-3.4672697557784033e-06,-0.2541169361479241,72.3595171348165,-0.008771061281356459,2.211990679520931e-05,0.05169960762874176,23500.1,0.018363440205365903,0.0121,index_dividend_yield,0.065,11.72,65,23446.6,23494.95,23380.1,23431.5,mid_price,wide_quote_low_liquidity
2026-09-10T13:06:41.173820+00:00,2026-09-10T18:36:41.173820+05:30,NIFTY,29-Sep-2026,25950.0,PE,23477.8,2264.25,650,2516.1,650,0.0,2390.175,1,0,0,0,13.83,,,,,,,,,,,,,,,0.05169960762874176,,,,,,11.72,65,23446.6,23494.95,23380.1,23431.5,mid_price,no_price_available
2026-09-10T13:06:41.173820+00:00,2026-09-10T18:36:41.173820+05:30,NIFTY,29-Sep-2026,26000.0,CE,23477.8,3.3,5200,3.4,845,3.4,3.3499999999999996,60740.846153846156,904,14267,-15,18.19,0.008642292775192623,2.41555221343411e-05,-0.6324095940749782,1.2521350509757019,0.31227731162751776,-0.0015866136489762414,39.68011860765996,5.850150970964924e-08,0.0006326792336892013,-3.248876867349276e-06,-0.23478471448523217,73.37821005776502,-0.007697571835487276,1.9696294573524294e-05,0.05169960762874176,23500.1,0.018363440205365903,0.0121,index_dividend_yield,0.065,11.72,65,23446.6,23494.95,23380.1,23431.5,mid_price,ok
2026-09-10T13:06:41.173820+00:00,2026-09-10T18:36:41.173820+05:30,NIFTY,29-Sep-2026,26000.0,PE,23477.8,2488.3,195,2500.9,130,2495.15,2494.6000000000004,31254.53846153846,-290,833,2.546029919447641,35.04,,,,,,,,,,,,,,,0.05169960762874176,,,,,,11.72,65,23446.6,23494.95,23380.1,23431.5,mid_price,no_price_available
2026-09-10T13:06:41.173820+00:00,2026-09-10T18:36:41.173820+05:30,NIFTY,29-Sep-2026,26050.0,CE,23477.8,3.1,1755,3.9,1300,3.3,3.5,197,-390,735,-16.455696202531644,18.44,0.008342370333700277,2.3100810631079154e-05,-0.621024160320671,1.2139203197979633,0.30031417796457394,-0.0015452829804140174,38.368180646463635,5.548053397907443e-08,0.0006048554145549059,-3.1445207998734035e-06,-0.22959194508570843,72.658737644015,-0.007415158544167137,1.8764049160155624e-05,0.05169960762874176,23500.1,0.018363440205365903,0.0121,index_dividend_yield,0.065,11.72,65,23446.6,23494.95,23380.1,23431.5,mid_price,wide_quote_low_liquidity
2026-09-10T13:06:41.173820+00:00,2026-09-10T18:36:41.173820+05:30,NIFTY,29-Sep-2026,26050.0,PE,23477.8,2355.25,650,2612.85,650,0.0,2484.05,4,0,0,0,18.06,,,,,,,,,,,,,,,0.05169960762874176,,,,,,11.72,65,23446.6,23494.95,23380.1,23431.5,mid_price,no_price_available
2026-09-10T13:06:41.173820+00:00,2026-09-10T18:36:41.173820+05:30,NIFTY,29-Sep-2026,26100.0,CE,23477.8,3.1,1235,3.5,715,3.1,3.3,240,-75,269,-17.333333333333332,18.6,0.0078036607750186695,2.1597025739448455e-05,-0.5902757916077557,1.144745472385669,0.2836194832664912,-0.0014706648848700505,36.60451182829749,5.195640856982349e-08,0.0005744631047913432,-3.0082789206081627e-06,-0.22014128825167179,72.53173207597465,-0.00692286665116382,1.7475424277142192e-05,0.05169960762874176,23500.1,0.018363440205365903,0.0121,index_dividend_yield,0.065,11.72,65,23446.6,23494.95,23380.1,23431.5,mid_price,ok
2026-09-10T13:06:41.173820+00:00,2026-09-10T18:36:41.173820+05:30,NIFTY,29-Sep-2026,26100.0,PE,23477.8,2414.15,1365,2675.5,715,0.0,2544.825,144,0,0,0,0,,,,,,,,,,,,,,,0.05169960762874176,,,,,,11.72,65,23446.6,23494.95,23380.1,23431.5,mid_price,no_price_available
2026-09-10T13:06:41.173820+00:00,2026-09-10T18:36:41.173820+05:30,NIFTY,29-Sep-2026,26150.0,CE,23477.8,2.1,1755,3.9,715,0.0,3.0,122,0,0,0,19.75,0.010244266775960301,2.5815097688993555e-05,-0.7945395644595492,1.4529240653467974,0.3254928485124844,-0.0017903688924106843,40.259393171240944,5.585398666984184e-08,0.0005845991937656731,-3.2503487967796913e-06,-0.25994153643890194,66.46200855451902,-0.009059045680967683,2.0808711249674802e-05,0.05169960762874176,23500.1,0.018363440205365903,0.0121,index_dividend_yield,0.065,11.72,65,23446.6,23494.95,23380.1,23431.5,mid_price,wide_quote_low_liquidity
2026-09-10T13:06:41.173820+00:00,2026-09-10T18:36:41.173820+05:30,NIFTY,29-Sep-2026,26150.0,PE,23477.8,2462.15,650,2713.85,650,0.0,2588.0,1,0,0,0,19.21,,,,,,,,,,,,,,,0.05169960762874176,,,,,,11.72,65,23446.6,23494.95,23380.1,23431.5,mid_price,no_price_available
2026-09-10T13:06:41.173820+00:00,2026-09-10T18:36:41.173820+05:30,NIFTY,29-Sep-2026,26200.0,CE,23477.8,2.75,390,3.25,1430,3.1,3.0,2750,-32,352,-8.823529411764707,19.22,0.007631106802878134,2.0493053891047863e-05,-0.597130157915867,1.1224373503164937,0.2701652189658157,-0.0014449972332231395,34.98531928576676,4.783071095760693e-08,0.000532114226144276,-2.872982396055525e-06,-0.2168645007233938,70.38006934253134,-0.006741067539420339,1.64557960764203e-05,0.05169960762874176,23500.1,0.018363440205365903,0.0121,index_dividend_yield,0.065,11.72,65,23446.6,23494.95,23380.1,23431.5,mid_price,wide_quote_low_liquidity
2026-09-10T13:06:41.173820+00:00,2026-09-10T18:36:41.173820+05:30,NIFTY,29-Sep-2026,26200.0,PE,23477.8,2542.45,65,2724,65,2734,2633.225,582,0,1,11.808608526735508,40.54,,,,,,,,,,,,,,,0.05169960762874176,,,,,,11.72,65,23446.6,23494.95,23380.1,23431.5,mid_price,no_price_available
2026-09-10T13:06:41.173820+00:00,2026-09-10T18:36:41.173820+05:30,NIFTY,29-Sep-2026,26250.0,CE,23477.8,2.1,1755,3.75,1300,2.85,2.925,7,2,2,0,19.32,0.007010741498603228,1.891871536160137e-05,-0.5566495980072003,1.0415996124730698,0.2525264030990757,-0.0013565570635199224,33.1138682096328,4.4499029242850903e-08,0.0005035169088936827,-2.7292266462243887e-06,-0.20548787753851586,70.61438492543496,-0.006181556664445474,1.5133794241793365e-05,0.05169960762874176,23500.1,0.018363440205365903,0.0121,index_dividend_yield,0.065,11.72,65,23446.6,23494.95,23380.1,23431.5,mid_price,wide_quote_low_liquidity
2026-09-10T13:06:41.173820+00:00,2026-09-10T18:36:41.173820+05:30,NIFTY,29-Sep-2026,26250.0,PE,23477.8,2574.2,650,2921.15,650,0.0,2747.675,0,0,0,0,0,,,,,,,,,,,,,,,0.05169960762874176,,,,,,11.72,65,23446.6,23494.95,23380.1,23431.5,mid_price,no_price_available
2026-09-10T13:06:41.173820+00:00,2026-09-10T18:36:41.173820+05:30,NIFTY,29-Sep-2026,26300.0,CE,23477.8,2.3,195,2.8,65,2.3,2.55,2059,-19,147,-22.033898305084747,19.14,0.0058022729777118765,1.615257261729092e-05,-0.4662135120554361,0.8810198227199838,0.22136850550825157,-0.0011771956002142236,29.82257481343714,3.9457339845416986e-08,0.00046236052456567777,-2.4790730043709246e-06,-0.18193995866102067,72.59052358768747,-0.005108288501900523,1.2871969515626819e-05,0.05169960762874176,23500.1,0.018363440205365903,0.0121,index_dividend_yield,0.065,11.72,65,23446.6,23494.95,23380.1,23431.5,mid_price,wide_quote_low_liquidity
2026-09-10T13:06:41.173820+00:00,2026-09-10T18:36:41.173820+05:30,NIFTY,29-Sep-2026,26300.0,PE,23477.8,2770.1,130,2800.65,65,2748,2785.375,1245,1,2,4.100767118098305,32.94,,,,,,,,,,,,,,,0.05169960762874176,,,,,,11.72,65,23446.6,23494.95,23380.1,23431.5,mid_price,no_price_available
2026-09-10T13:06:41.173820+00:00,2026-09-10T18:36:41.173820+05:30,NIFTY,29-Sep-2026,26350.0,CE,23477.8,2.05,1755,3.9,1300,0.0,2.9749999999999996,85,0,0,0,13.52,0.00013103298077940986,7.068064012224731e-07,-0.01019721307582474,0.02723197941284057,0.013899675693735097,-5.2264309578388925e-05,2.7077987378338086,3.6984293607523614e-09,6.503660540464645e-05,-2.452558378783176e-07,-0.01090715968121823,134.76091076054882,-0.00011588378707030344,5.611177826133272e-07,0.05169960762874176,23500.1,0.018363440205365903,0.0121,index_dividend_yield,0.065,11.72,65,23446.6,23494.95,23380.1,23431.5,mid_price,wide_quote_low_liquidity
2026-09-10T13:06:41.173820+00:00,2026-09-10T18:36:41.173820+05:30,NIFTY,29-Sep-2026,26350.0,PE,23477.8,2632.05,650,3024,650,0.0,2828.025,0,0,0,0,0,,,,,,,,,,,,,,,0.05169960762874176,,,,,,11.72,65,23446.6,23494.95,23380.1,23431.5,mid_price,no_price_available
2026-09-10T13:06:41.173820+00:00,2026-09-10T18:36:41.173820+05:30,NIFTY,29-Sep-2026,26400.0,CE,23477.8,2.5,65,2.85,1300,2.5,2.675,717,12,93,-19.35483870967742,19.91,0.0060629447450824304,1.6144937947834618e-05,-0.5035144796188276,0.9160299737624155,0.22007924138548862,-0.0012155080084422405,29.467015952417906,3.762488980029142e-08,0.00043825241118324113,-2.4401256289986984e-06,-0.18702379927162383,69.52608170002696,-0.00531428972195007,1.276860122576348e-05,0.05169960762874176,23500.1,0.018363440205365903,0.0121,index_dividend_yield,0.065,11.72,65,23446.6,23494.95,23380.1,23431.5,mid_price,ok
2026-09-10T13:06:41.173820+00:00,2026-09-10T18:36:41.173820+05:30,NIFTY,29-Sep-2026,26400.0,PE,23477.8,2853.4,130,2938.4,650,2874.8,2895.9,56,-2,2,52.299215935579575,36.98,,,,,,,,,,,,,,,0.05169960762874176,,,,,,11.72,65,23446.6,23494.95,23380.1,23431.5,mid_price,no_price_available
2026-09-10T13:06:41.173820+00:00,2026-09-10T18:36:41.173820+05:30,NIFTY,29-Sep-2026,26450.0,CE,23477.8,1.55,1755,2.9,1300,0.0,2.225,42,0,0,0,19.27,0.004189310792149353,1.2002515743162303e-05,-0.3505521577963106,0.6591071810547257,0.17172147085323022,-0.0009173654583139309,24.16511535149529,3.047265409555063e-08,0.00037775319909749114,-2.032202758287426e-06,-0.14656540064513313,74.31490051705006,-0.003668517977736801,9.456615448851068e-06,0.05169960762874176,23500.1,0.018363440205365903,0.0121,index_dividend_yield,0.065,11.72,65,23446.6,23494.95,23380.1,23431.5,mid_price,wide_quote_low_liquidity
2026-09-10T13:06:41.173820+00:00,2026-09-10T18:36:41.173820+05:30,NIFTY,29-Sep-2026,26450.0,PE,23477.8,2711.7,650,3127.75,650,0.0,2919.725,0,0,0,0,0,,,,,,,,,,,,,,,0.05169960762874176,,,,,,11.72,65,23446.6,23494.95,23380.1,23431.5,mid_price,no_price_available
2026-09-10T13:06:41.173820+00:00,2026-09-10T18:36:41.173820+05:30,NIFTY,29-Sep-2026,26500.0,CE,23477.8,2,130,2.05,650,2,2.025,13913,-314,3025,-13.043478260869565,19.99,0.004919814700340819,1.3355560994666594e-05,-0.41942572947981177,0.76081133375064,0.18727251721660812,-0.0010370253432703865,25.8037303338407,3.193692468656807e-08,0.00038614517081950493,-2.1538835756570605e-06,-0.16305351936697254,70.6289560181851,-0.004297019923240402,1.0482990315582012e-05,0.05169960762874176,23500.1,0.018363440205365903,0.0121,index_dividend_yield,0.065,11.72,65,23446.6,23494.95,23380.1,23431.5,mid_price,ok
2026-09-10T13:06:41.173820+00:00,2026-09-10T18:36:41.173820+05:30,NIFTY,29-Sep-2026,26500.0,PE,23477.8,2980.35,65,2995.55,65,2994.95,2987.95,13062,-20,25,2.201027146001467,40.02,,,,,,,,,,,,,,,0.05169960762874176,,,,,,11.72,65,23446.6,23494.95,23380.1,23431.5,mid_price,no_price_available
2026-09-10T13:06:41.173820+00:00,2026-09-10T18:36:41.173820+05:30,NIFTY,29-Sep-2026,26550.0,CE,23477.8,1.65,1755,2.8,1300,1.9,2.2249999999999996,74,-2,14,-13.636363636363637,20.16,0.0046559600770786835,1.260779207152575e-05,-0.4024780365158072,0.7243218893501033,0.17809059098095611,-0.0009938956584697421,24.718929262949885,3.011579830104412e-08,0.00036771591311754903,-2.066616327340965e-06,-0.15715071727465757,70.39745002669169,-0.00405871639359187,9.858816524096473e-06,0.05169960762874176,23500.1,0.018363440205365903,0.0121,index_dividend_yield,0.065,11.72,65,23446.6,23494.95,23380.1,23431.5,mid_price,wide_quote_low_liquidity
2026-09-10T13:06:41.173820+00:00,2026-09-10T18:36:41.173820+05:30,NIFTY,29-Sep-2026,26550.0,PE,23477.8,2794.8,650,3231.7,650,0.0,3013.25,0,0,0,0,0,,,,,,,,,,,,,,,0.05169960762874176,,,,,,11.72,65,23446.6,23494.95,23380.1,23431.5,mid_price,no_price_available
2026-09-10T13:06:41.173820+00:00,2026-09-10T18:36:41.173820+05:30,NIFTY,29-Sep-2026,26600.0,CE,23477.8,1.85,1300,2.6,65,1.9,2.225,683,-169,226,-26.923076923076923,20.44,0.004598854582660016,1.2298890959386729e-05,-0.4033610677748353,0.7163889641548612,0.1740468892362638,-0.00098416279635495,24.19699880102788,2.901203920711124e-08,0.00035522994642563365,-2.022537954249052e-06,-0.15581197423668058,69.52429457389321,-0.00400067637564885,9.58114637752235e-06,0.05169960762874176,23500.1,0.018363440205365903,0.0121,index_dividend_yield,0.065,11.72,65,23446.6,23494.95,23380.1,23431.5,mid_price,wide_quote_low_liquidity
2026-09-10T13:06:41.173820+00:00,2026-09-10T18:36:41.173820+05:30,NIFTY,29-Sep-2026,26600.0,PE,23477.8,2860.05,650,3283.25,650,0.0,3071.65,0,0,0,0,0,,,,,,,,,,,,,,,0.05169960762874176,,,,,,11.72,65,23446.6,23494.95,23380.1,23431.5,mid_price,no_price_available
2026-09-10T13:06:41.173820+00:00,2026-09-10T18:36:41.173820+05:30,NIFTY,29-Sep-2026,26650.0,CE,23477.8,1.3,1755,2.65,1300,0.0,1.975,14,0,0,0,21.05,0.005128888355413747,1.3161926905588131e-05,-0.45749906321972483,0.7895390581198304,0.1837143138417553,-0.001069098257793651,25.172335617805185,2.966732809006132e-08,0.000357096262606754,-2.092719721752673e-06,-0.1674120046190315,66.86054687723032,-0.004450807783979838,1.021503467688198e-05,0.05169960762874176,23500.1,0.018363440205365903,0.0121,index_dividend_yield,0.065,11.72,65,23446.6,23494.95,23380.1,23431.5,mid_price,wide_quote_low_liquidity
2026-09-10T13:06:41.173820+00:00,2026-09-10T18:36:41.173820+05:30,NIFTY,29-Sep-2026,26650.0,PE,23477.8,2887.3,1755,3335.55,650,0.0,3111.425,0,0,0,0,0,,,,,,,,,,,,,,,0.05169960762874176,,,,,,11.72,65,23446.6,23494.95,23380.1,23431.5,mid_price,no_price_available
2026-09-10T13:06:41.173820+00:00,2026-09-10T18:36:41.173820+05:30,NIFTY,29-Sep-2026,26700.0,CE,23477.8,1.55,1300,2.65,1300,1.9,2.1,39,-3,5,-20.833333333333332,21.01,0.004510882853341016,1.1760685052726083e-05,-0.4070623290393694,0.7041427575071033,0.16692696918720615,-0.0009689909661665655,23.26609681889913,2.7037810292332017e-08,0.0003326069910124197,-1.9435672106427207e-06,-0.15372029749566563,67.78264676560659,-0.003907984118929639,9.093370671099315e-06,0.05169960762874176,23500.1,0.018363440205365903,0.0121,index_dividend_yield,0.065,11.72,65,23446.6,23494.95,23380.1,23431.5,mid_price,wide_quote_low_liquidity
2026-09-10T13:06:41.173820+00:00,2026-09-10T18:36:41.173820+05:30,NIFTY,29-Sep-2026,26700.0,PE,23477.8,2940.35,650,3387.1,650,0.0,3163.725,0,0,0,0,0,,,,,,,,,,,,,,,0.05169960762874176,,,,,,11.72,65,23446.6,23494.95,23380.1,23431.5,mid_price,no_price_available
2026-09-10T13:06:41.173820+00:00,2026-09-10T18:36:41.173820+05:30,NIFTY,29-Sep-2026,26750.0,CE,23477.8,1.4,1755,2.9,1300,1.9,2.15,110,-6,12,-20.833333333333332,21.29,0.004462616831737583,1.149504860847686e-05,-0.40832407753998007,0.6974105582066668,0.1634213091017329,-0.0009607006928307417,22.80957084777574,2.6106962997264615e-08,0.000321956022978099,-1.905007510692224e-06,-0.1525750236265272,66.96891620060134,-0.0038582404516362273,8.854785326974256e-06,0.05169960762874176,23500.1,0.018363440205365903,0.0121,index_dividend_yield,0.065,11.72,65,23446.6,23494.95,23380.1,23431.5,mid_price,wide_quote_low_liquidity
2026-09-10T13:06:41.173820+00:00,2026-09-10T18:36:41.173820+05:30,NIFTY,29-Sep-2026,26750.0,PE,23477.8,3014.2,1690,3394.45,715,0.0,3204.325,1,0,0,0,18.46,,,,,,,,,,,,,,,0.05169960762874176,,,,,,11.72,65,23446.6,23494.95,23380.1,23431.5,mid_price,no_price_available
2026-09-10T13:06:41.173820+00:00,2026-09-10T18:36:41.173820+05:30,NIFTY,29-Sep-2026,26800.0,CE,23477.8,1.75,65,2.3,650,1.75,2.025,41,0,1,-23.91304347826087,21.38,0.004119612182460958,1.0656821357961497e-05,-0.3815810160627421,0.649288081581587,0.15306429059610235,-0.0009031087027233809,21.58623957497008,2.4359421028807725e-08,0.00030444274135025395,-1.80749149369679e-06,-0.14457321682507285,67.17377949525242,-0.0035552086509972555,8.178485631038614e-06,0.05169960762874176,23500.1,0.018363440205365903,0.0121,index_dividend_yield,0.065,11.72,65,23446.6,23494.95,23380.1,23431.5,mid_price,wide_quote_low_liquidity
2026-09-10T13:06:41.173820+00:00,2026-09-10T18:36:41.173820+05:30,NIFTY,29-Sep-2026,26800.0,PE,23477.8,3027.5,650,3392.6,715,0.0,3210.05,21,0,0,0,0,,,,,,,,,,,,,,,0.05169960762874176,,,,,,11.72,65,23446.6,23494.95,23380.1,23431.5,mid_price,no_price_available
2026-09-10T13:06:41.173820+00:00,2026-09-10T18:36:41.173820+05:30,NIFTY,29-Sep-2026,26850.0,CE,23477.8,1.3,1755,2.5,650,0.0,1.9,41,0,0,0,21.32,0.0035927248748900725,9.453325246119544e-06,-0.3364569169096103,0.5743463229947766,0.13809503420025934,-0.0008120729795815262,19.81438446029521,2.2064847083983906e-08,0.0002817808453121946,-1.6667664742861438e-06,-0.13174434035143046,68.18126219297157,-0.0030954243301240733,7.227878068148145e-06,0.05169960762874176,23500.1,0.018363440205365903,0.0121,index_dividend_yield,0.065,11.72,65,23446.6,23494.95,23380.1,23431.5,mid_price,wide_quote_low_liquidity
2026-09-10T13:06:41.173820+00:00,2026-09-10T18:36:41.173820+05:30,NIFTY,29-Sep-2026,26850.0,PE,23477.8,3070.95,650,3544.5,650,0.0,3307.725,0,0,0,0,0,,,,,,,,,,,,,,,0.05169960762874176,,,,,,11.72,65,23446.6,23494.95,23380.1,23431.5,mid_price,no_price_available
2026-09-10T13:06:41.173820+00:00,2026-09-10T18:36:41.173820+05:30,NIFTY,29-Sep-2026,26900.0,CE,23477.8,1.55,1300,2.3,195,2.25,1.9249999999999998,87,0,1,2.272727272727273,22.54,0.0049939375252514365,1.2003465210076658e-05,-0.4771348641094617,0.7710145862201278,0.16835309529187983,-0.0010459582119690782,23.150609624044748,2.53087434408336e-08,0.0003071566245128204,-1.9206851682223094e-06,-0.16426620034368877,62.657162786093096,-0.00428904926391182,9.143592767447151e-06,0.05169960762874176,23500.1,0.018363440205365903,0.0121,index_dividend_yield,0.065,11.72,65,23446.6,23494.95,23380.1,23431.5,mid_price,wide_quote_low_liquidity
2026-09-10T13:06:41.173820+00:00,2026-09-10T18:36:41.173820+05:30,NIFTY,29-Sep-2026,26900.0,PE,23477.8,3135.55,650,3483.55,715,0.0,3309.55,1,0,0,0,0,,,,,,,,,,,,,,,0.05169960762874176,,,,,,11.72,65,23446.6,23494.95,23380.1,23431.5,mid_price,no_price_available
2026-09-10T13:06:41.173820+00:00,2026-09-10T18:36:41.173820+05:30,NIFTY,29-Sep-2026,26950.0,CE,23477.8,1.85,130,2.25,650,0.0,2.05,48,0,0,0,22.54,0.004494392380713208,1.0926585226447486e-05,-0.4341601655453967,0.7018437126052678,0.15536363590327962,-0.0009647670977284313,21.664880930788833,2.3375388540882603e-08,0.00028880370850241507,-1.8044303278045657e-06,-0.15313517318691283,63.26592245943523,-0.0038534541551865625,8.292428123734414e-06,0.05169960762874176,23500.1,0.018363440205365903,0.0121,index_dividend_yield,0.065,11.72,65,23446.6,23494.95,23380.1,23431.5,mid_price,wide_quote_low_liquidity
2026-09-10T13:06:41.173820+00:00,2026-09-10T18:36:41.173820+05:30,NIFTY,29-Sep-2026,26950.0,PE,23477.8,3164.85,650,3646.75,650,0.0,3405.8,0,0,0,0,0,,,,,,,,,,,,,,,0.05169960762874176,,,,,,11.72,65,23446.6,23494.95,23380.1,23431.5,mid_price,no_price_available
2026-09-10T13:06:41.173820+00:00,2026-09-10T18:36:41.173820+05:30,NIFTY,29-Sep-2026,27000.0,CE,23477.8,1.85,650,1.9,1040,1.85,1.875,26856,-211,3777,-15.909090909090908,22.62,0.004156356664275859,1.0152974150810027e-05,-0.40612576813188794,0.6544672597347474,0.14581682072219507,-0.0009082438655023711,20.54079425249561,2.1870677959499627e-08,0.00027376400091869585,-1.715254796249642e-06,-0.1452887377026083,63.49200178643918,-0.00355722928735563,7.6768057137828e-06,0.05169960762874176,23500.1,0.018363440205365903,0.0121,index_dividend_yield,0.065,11.72,65,23446.6,23494.95,23380.1,23431.5,mid_price,ok
2026-09-10T13:06:41.173820+00:00,2026-09-10T18:36:41.173820+05:30,NIFTY,29-Sep-2026,27000.0,PE,23477.8,3491.4,1105,3498,325,3490.65,3494.7,23262.46153846154,195,802,1.6008615545821023,44.37,,,,,,,,,,,,,,,0.05169960762874176,,,,,,11.72,65,23446.6,23494.95,23380.1,23431.5,mid_price,no_price_available
2026-09-10T13:06:41.173820+00:00,2026-09-10T18:36:41.173820+05:30,NIFTY,29-Sep-2026,27050.0,CE,23477.8,0.6,3510,2.5,1300,0.0,1.55,64,0,0,0,22,0.0029627632063134557,7.702723001459215e-06,-0.2913990653424671,0.4829131211092318,0.11520814202002887,-0.0006976527558832067,16.922558645596165,1.7835973082354184e-08,0.00023490322233933844,-1.4298833016411514e-06,-0.11527874355579136,67.20872537300822,-0.002533241767484029,5.802625455818636e-06,0.05169960762874176,23500.1,0.018363440205365903,0.0121,index_dividend_yield,0.065,11.72,65,23446.6,23494.95,23380.1,23431.5,mid_price,wide_quote_low_liquidity
2026-09-10T13:06:41.173820+00:00,2026-09-10T18:36:41.173820+05:30,NIFTY,29-Sep-2026,27050.0,PE,23477.8,3256.85,650,3751.25,650,0.0,3504.05,0,0,0,0,0,,,,,,,,,,,,,,,0.05169960762874176,,,,,,11.72,65,23446.6,23494.95,23380.1,23431.5,mid_price,no_price_available
2026-09-10T13:06:41.173820+00:00,2026-09-10T18:36:41.173820+05:30,NIFTY,29-Sep-2026,27100.0,CE,23477.8,1.2,325,2.35,1040,2.15,1.775,210,2,2,19.444444444444443,23.55,0.004636041510538484,1.0751703579219832e-05,-0.4657013565897332,0.7215563257276051,0.15239856927722928,-0.0009872339226039504,21.165027171211936,2.1891892857044894e-08,0.00026971295264712776,-1.757607366254462e-06,-0.15623033474775438,60.421565792163996,-0.003949913087528653,8.069627691588056e-06,0.05169960762874176,23500.1,0.018363440205365903,0.0121,index_dividend_yield,0.065,11.72,65,23446.6,23494.95,23380.1,23431.5,mid_price,wide_quote_low_liquidity
2026-09-10T13:06:41.173820+00:00,2026-09-10T18:36:41.173820+05:30,NIFTY,29-Sep-2026,27100.0,PE,23477.8,3302.8,650,3802.75,650,0.0,3552.775,0,0,0,0,0,,,,,,,,,,,,,,,0.05169960762874176,,,,,,11.72,65,23446.6,23494.95,23380.1,23431.5,mid_price,no_price_available
2026-09-10T13:06:41.173820+00:00,2026-09-10T18:36:41.173820+05:30,NIFTY,29-Sep-2026,27150.0,CE,23477.8,1.1,1755,2.5,1300,0.0,1.8,119,0,0,0,16.39,7.015355169601212e-05,3.241229171022473e-07,-0.006810615250907652,0.015138775089142005,0.006657260903042376,-3.0073834342886712e-05,1.3529130463985646,1.4422734331827391e-09,2.6983191725454817e-05,-1.2209911376682388e-07,-0.0065151668670786105,115.17235251343844,-6.013813280654795e-05,2.4237335159183177e-07,0.05169960762874176,23500.1,0.018363440205365903,0.0121,index_dividend_yield,0.065,11.72,65,23446.6,23494.95,23380.1,23431.5,mid_price,wide_quote_low_liquidity
2026-09-10T13:06:41.173820+00:00,2026-09-10T18:36:41.173820+05:30,NIFTY,29-Sep-2026,27150.0,PE,23477.8,3348.7,650,3860.9,650,0.0,3604.8,0,0,0,0,0,,,,,,,,,,,,,,,0.05169960762874176,,,,,,11.72,65,23446.6,23494.95,23380.1,23431.5,mid_price,no_price_available
2026-09-10T13:06:41.173820+00:00,2026-09-10T18:36:41.173820+05:30,NIFTY,29-Sep-2026,27200.0,CE,23477.8,1.6,715,2.2,65,1.6,1.9000000000000001,654,-7,64,-23.80952380952381,23.36,0.003542854179729403,8.520190179998026e-06,-0.3628822244489689,0.5671842619312599,0.12488629321224055,-0.0008017927279296799,17.950333725488264,1.8130092318755495e-08,0.0002331682772276822,-1.5049053110955403e-06,-0.13027919159649437,62.384715746549226,-0.0030090113143060875,6.347844479293672e-06,0.05169960762874176,23500.1,0.018363440205365903,0.0121,index_dividend_yield,0.065,11.72,65,23446.6,23494.95,23380.1,23431.5,mid_price,wide_quote_low_liquidity
2026-09-10T13:06:41.173820+00:00,2026-09-10T18:36:41.173820+05:30,NIFTY,29-Sep-2026,27200.0,PE,23477.8,3395.95,650,3901.35,650,0.0,3648.6499999999996,0,0,0,0,0,,,,,,,,,,,,,,,0.05169960762874176,,,,,,11.72,65,23446.6,23494.95,23380.1,23431.5,mid_price,no_price_available
2026-09-10T13:06:41.173820+00:00,2026-09-10T18:36:41.173820+05:30,NIFTY,29-Sep-2026,28500.0,CE,23477.8,0.6,15795,0.65,65,0.6,0.625,8365,-318,846,-14.285714285714286,27.49,0.001237061008877181,2.788188927423198e-06,-0.16321746423793088,0.21842330914180938,0.04597701452087734,-0.00034443731684569287,7.427475248891646,5.662939430367229e-09,8.46668266136389e-05,-6.360012913991847e-07,-0.0614367696785143,57.82468704494013,-0.001001445729195715,1.892113897166659e-06,0.05169960762874176,23500.1,0.018363440205365903,0.0121,index_dividend_yield,0.065,11.72,65,23446.6,23494.95,23380.1,23431.5,mid_price,ok
2026-09-10T13:06:41.173820+00:00,2026-09-10T18:36:41.173820+05:30,NIFTY,29-Sep-2026,28500.0,PE,23477.8,4965.25,130,4994.85,65,4995,4980.05,6623,-23,51,1.7549935320900008,58.31,,,,,,,,,,,,,,,0.05169960762874176,,,,,,11.72,65,23446.6,23494.95,23380.1,23431.5,mid_price,no_price_available
2026-09-10T13:06:41.173820+00:00,2026-09-10T18:36:41.173820+05:30,NIFTY,29-Sep-2026,30000.0,CE,23477.8,0.6,195,0.65,1950,0.6,0.625,4405,12,318,-14.285714285714286,34.18,0.0010335048459173607,1.9019183154062652e-06,-0.1712005924298976,0.18525330447542437,0.032064183677736266,-0.000296944578840057,5.272273019946788,3.141391935114789e-09,4.856266413105541e-05,-4.5056816529213616e-07,-0.053740352420468505,47.30521267822278,-0.0007917162248525984,1.1648342949491533e-06,0.05169960762874176,23500.1,0.018363440205365903,0.0121,index_dividend_yield,0.065,11.72,65,23446.6,23494.95,23380.1,23431.5,mid_price,ok
2026-09-10T13:06:41.173820+00:00,2026-09-10T18:36:41.173820+05:30,NIFTY,29-Sep-2026,30000.0,PE,23477.8,6465.25,65,6508.25,130,6460,6486.75,2180,-12,38,1.2539184952978057,65.95,,,,,,,,,,,,,,,0.05169960762874176,,,,,,11.72,65,23446.6,23494.95,23380.1,23431.5,mid_price,no_price_available
2026-09-10T13:06:41.173820+00:00,2026-09-10T18:36:41.173820+05:30,NIFTY,29-Sep-2026,31500.0,CE,23477.8,0.65,130,1,1690,1,0.825,259,10,16,53.84615384615385,42.2,0.001408538896238085,2.0451149819879053e-06,-0.27963750115361047,0.24594173114329274,0.03365680480630717,-0.00038334751642125084,5.366356695384073,2.6299398533926586e-09,3.977684660879783e-05,-4.537861645177773e-07,-0.06764431588387534,37.63376826859207,-0.0010219263013749337,1.136086554542788e-06,0.05169960762874176,23500.1,0.018363440205365903,0.0121,index_dividend_yield,0.065,11.72,65,23446.6,23494.95,23380.1,23431.5,mid_price,wide_quote_low_liquidity
2026-09-10T13:06:41.173820+00:00,2026-09-10T18:36:41.173820+05:30,NIFTY,29-Sep-2026,31500.0,PE,23477.8,,0,8161.2,1690,0.0,,0,0,0,0,0,,,,,,,,,,,,,,,0.05169960762874176,,,,,,11.72,65,23446.6,23494.95,23380.1,23431.5,none,no_price_available
2026-09-10T13:06:41.173820+00:00,2026-09-10T18:36:41.173820+05:30,NIFTY,29-Sep-2026,33000.0,CE,23477.8,0.55,910,0.95,260,0.5,0.75,539,-2,4,-37.5,45.66,0.0006842968954712356,9.743269234325315e-07,-0.15563034663410524,0.12677763768799757,0.01718979552762644,-0.00021139971495167146,2.9373371577692056,1.2407963122600293e-09,2.0440194521919206e-05,-2.515939683569471e-07,-0.0394871051745983,36.68289664854461,-0.00047357035516720585,4.931642892020082e-07,0.05169960762874176,23500.1,0.018363440205365903,0.0121,index_dividend_yield,0.065,11.72,65,23446.6,23494.95,23380.1,23431.5,mid_price,wide_quote_low_liquidity
2026-09-10T13:06:41.173820+00:00,2026-09-10T18:36:41.173820+05:30,NIFTY,29-Sep-2026,33000.0,PE,0,,0,,0,0.0,,0,0,0,0,0,,,,,,,,,,,,,,,0.05169960762874176,,,,,,11.72,65,23446.6,23494.95,23380.1,23431.5,none,no_price_available
2026-09-10T13:06:41.173820+00:00,2026-09-10T18:36:41.173820+05:30,NIFTY,29-Sep-2026,34500.0,CE,23477.8,0.15,3510,0.55,1495,0.0,0.35000000000000003,151,0,0,0,52.03,0.0007584163974133884,9.400585552064819e-07,-0.19463805152680166,0.13938331089185943,0.016508431164835212,-0.00023090296250908562,2.794697413647129,1.0349423321326608e-09,1.7041634109280165e-05,-2.385332240707144e-07,-0.04278718992631865,32.08371062838213,-0.0005000279541817852,4.353429475444108e-07,0.05169960762874176,23500.1,0.018363440205365903,0.0121,index_dividend_yield,0.065,11.72,65,23446.6,23494.95,23380.1,23431.5,mid_price,wide_quote_low_liquidity
2026-09-10T13:06:41.173820+00:00,2026-09-10T18:36:41.173820+05:30,NIFTY,29-Sep-2026,34500.0,PE,0,,0,,0,0.0,,0,0,0,0,0,,,,,,,,,,,,,,,0.05169960762874176,,,,,,11.72,65,23446.6,23494.95,23380.1,23431.5,none,no_price_available
