fetch_ts_utc,fetch_ts_ist,symbol,expiry_date,strike,option_type,underlying_value,bid_price,bid_qty,ask_price,ask_qty,ltp,mid_price,open_interest,change_in_oi,total_traded_volume,pchange_vs_prev_close,nse_iv,delta,gamma,theta,vega,vanna,charm,vomma,speed,zomma,color,veta,omega,dual_delta,dual_gamma,time_to_expiry_years,futures_price,implied_cost_of_carry,dividend_yield_used,dividend_yield_source,risk_free_rate_used,india_vix,lot_size,underlying_day_open,underlying_day_high,underlying_day_low,underlying_prev_close,price_source_for_iv,data_quality_flag
2026-09-17T08:55:27.556087+00:00,2026-09-17T14:25:27.556087+05:30,NIFTY,29-Sep-2026,15000.0,CE,23283.3,,0,8616.8,1690,0.0,,0,0,0,0,0,,,,,,,,,,,,,,,0.03299950671971715,,,,,,12.44,65,23195.25,23363.55,23193.65,23217.6,none,no_price_available
2026-09-17T08:55:27.556087+00:00,2026-09-17T14:25:27.556087+05:30,NIFTY,29-Sep-2026,15000.0,PE,23283.3,1,130,1.25,65,0.95,1.125,1443,16,25,-13.636363636363637,80.68,-0.00101672737554791,1.001815020763703e-06,-0.4806652080393527,0.1445938909591738,-0.012451797180188526,0.0004137743263366376,1.6248372689426498,-9.50383537934581e-10,1.0015891593318049e-05,-3.3207570732364116e-07,-0.06001097608358334,-23.673985673985193,0.0016448478059492432,2.4137600157028412e-06,0.03299950671971715,23335,0.06721355037238498,0.012199999999999999,index_dividend_yield,0.065,12.44,65,23195.25,23363.55,23193.65,23217.6,mid_price,wide_quote_low_liquidity
2026-09-17T08:55:27.556087+00:00,2026-09-17T14:25:27.556087+05:30,NIFTY,29-Sep-2026,16500.0,CE,23283.3,,0,7011.5,780,0.0,,0,0,0,0,0,,,,,,,,,,,,,,,0.03299950671971715,,,,,,12.44,65,23195.25,23363.55,23193.65,23217.6,none,no_price_available
2026-09-17T08:55:27.556087+00:00,2026-09-17T14:25:27.556087+05:30,NIFTY,29-Sep-2026,16500.0,PE,23283.3,0.5,1430,0.55,2210,0.5,0.525,2035,1,186,-9.090909090909092,61.01,-0.0007401544817583401,9.893862894433967e-07,-0.2708976228169554,0.1079849990416063,-0.012837040883016399,0.00032200565454099073,1.7257153585362865,-1.2649145597846857e-09,1.4189663139420239e-05,-3.549988478866701e-07,-0.047784737721494164,-32.35265395640385,0.001076721655764942,1.970094539605867e-06,0.03299950671971715,23335,0.06721355037238498,0.012199999999999999,index_dividend_yield,0.065,12.44,65,23195.25,23363.55,23193.65,23217.6,mid_price,ok
2026-09-17T08:55:27.556087+00:00,2026-09-17T14:25:27.556087+05:30,NIFTY,29-Sep-2026,18000.0,CE,23283.3,5296.45,65,5343.8,65,5325,5320.125,15,-1,2,1.4285714285714286,0,,,,,,,,,,,,,,,0.03299950671971715,23335,0.06721355037238498,0.012199999999999999,index_dividend_yield,0.065,12.44,65,23195.25,23363.55,23193.65,23217.6,mid_price,no_nse_iv
2026-09-17T08:55:27.556087+00:00,2026-09-17T14:25:27.556087+05:30,NIFTY,29-Sep-2026,18000.0,PE,23283.3,0.75,2015,0.8,21905,0.8,0.775,12673,40,1009,6.666666666666667,48.55,-0.0014313227822796996,2.276747908887235e-06,-0.3935554394079192,0.19774280783899492,-0.02786681058321934,0.0005539732076518139,3.5147028700564658,-3.4170971503991883e-09,3.577735056503825e-05,-7.091490871422935e-07,-0.07809517212734113,-38.933258409290005,0.001898994072132073,3.809421285371482e-06,0.03299950671971715,23335,0.06721355037238498,0.012199999999999999,index_dividend_yield,0.065,12.44,65,23195.25,23363.55,23193.65,23217.6,mid_price,ok
2026-09-17T08:55:27.556087+00:00,2026-09-17T14:25:27.556087+05:30,NIFTY,29-Sep-2026,19500.0,CE,23283.3,3815.9,65,3833.7,130,3780,3824.8,2161,0,4,0.31980254515054607,0,,,,,,,,,,,,,,,0.03299950671971715,23335,0.06721355037238498,0.012199999999999999,index_dividend_yield,0.065,12.44,65,23195.25,23363.55,23193.65,23217.6,mid_price,no_nse_iv
2026-09-17T08:55:27.556087+00:00,2026-09-17T14:25:27.556087+05:30,NIFTY,29-Sep-2026,19500.0,PE,23283.3,1.4,1560,1.45,1950,1.4,1.4249999999999998,15888,-156,2323,-31.70731707317073,36.55,-0.003164322708981929,6.209186763936009e-06,-0.6050657907273262,0.40599306978388183,-0.06995613832779164,0.001039943020957511,8.077943217294575,-1.1288661170663099e-08,0.00010655326937830541,-1.5778115668713055e-06,-0.13695354171702984,-48.716549800402944,0.0038558057759551837,8.852268298829423e-06,0.03299950671971715,23335,0.06721355037238498,0.012199999999999999,index_dividend_yield,0.065,12.44,65,23195.25,23363.55,23193.65,23217.6,mid_price,ok
2026-09-17T08:55:27.556087+00:00,2026-09-17T14:25:27.556087+05:30,NIFTY,29-Sep-2026,21000.0,CE,23283.3,2325.65,65,2330,65,2325.1,2327.825,7948,51,689,2.655687763526789,0,,,,,,,,,,,,,,,0.03299950671971715,23335,0.06721355037238498,0.012199999999999999,index_dividend_yield,0.065,12.44,65,23195.25,23363.55,23193.65,23217.6,mid_price,no_nse_iv
2026-09-17T08:55:27.556087+00:00,2026-09-17T14:25:27.556087+05:30,NIFTY,29-Sep-2026,21000.0,PE,23283.3,3.5,14105,3.55,2535,3.5,3.525,40808,469,21638,-41.666666666666664,25.19,-0.010260623293919243,2.5581858776685382e-05,-1.1702350745034438,1.1528074663689376,-0.24569665823855924,0.0024808867485076568,24.07298214337783,-5.704139084691187e-08,0.00043264332460054287,-4.332749269988453e-06,-0.2909242286254492,-63.38815210711509,0.01155571580510719,3.1447242928939056e-05,0.03299950671971715,23335,0.06721355037238498,0.012199999999999999,index_dividend_yield,0.065,12.44,65,23195.25,23363.55,23193.65,23217.6,mid_price,ok
2026-09-17T08:55:27.556087+00:00,2026-09-17T14:25:27.556087+05:30,NIFTY,29-Sep-2026,21350.0,CE,23283.3,1832.5,780,2001.15,65,0.0,1916.825,0,0,0,0,0,,,,,,,,,,,,,,,0.03299950671971715,,,,,,12.44,65,23195.25,23363.55,23193.65,23217.6,mid_price,no_price_available
2026-09-17T08:55:27.556087+00:00,2026-09-17T14:25:27.556087+05:30,NIFTY,29-Sep-2026,21350.0,PE,23283.3,4.4,195,4.45,650,4.4,4.425000000000001,748,528,2163,-47.30538922155689,22.54,-0.014619420118918161,3.88530425430717e-05,-1.4157531090381803,1.5666625475077849,-0.35152540753952566,0.0031555777749320275,32.413453522249334,-9.099953820085855e-08,0.0006314752691513535,-5.605349692777059e-06,-0.35598548984426004,-68.16035866833974,0.016177155907664772,4.62081246256281e-05,0.03299950671971715,23335,0.06721355037238498,0.012199999999999999,index_dividend_yield,0.065,12.44,65,23195.25,23363.55,23193.65,23217.6,mid_price,ok
2026-09-17T08:55:27.556087+00:00,2026-09-17T14:25:27.556087+05:30,NIFTY,29-Sep-2026,21400.0,CE,23283.3,1786.15,780,1951.2,65,0.0,1868.6750000000002,0,0,0,0,0,,,,,,,,,,,,,,,0.03299950671971715,,,,,,12.44,65,23195.25,23363.55,23193.65,23217.6,mid_price,no_price_available
2026-09-17T08:55:27.556087+00:00,2026-09-17T14:25:27.556087+05:30,NIFTY,29-Sep-2026,21400.0,PE,23283.3,4.65,1040,4.7,130,4.65,4.675000000000001,1639,344,6038,-47.752808988764045,22.26,-0.015804673106151582,4.206656528694654e-05,-1.493748119066209,1.6751693934880163,-0.37518561344941465,0.0033224161891761902,34.10420795516234,-9.832965418356395e-08,0.0006674409490926848,-5.840263377853894e-06,-0.37152249345982197,-68.3934217827255,0.0174469794225878,4.9796472002221164e-05,0.03299950671971715,23335,0.06721355037238498,0.012199999999999999,index_dividend_yield,0.065,12.44,65,23195.25,23363.55,23193.65,23217.6,mid_price,ok
2026-09-17T08:55:27.556087+00:00,2026-09-17T14:25:27.556087+05:30,NIFTY,29-Sep-2026,21450.0,CE,23283.3,1811.75,780,1901.15,65,0.0,1856.45,0,0,0,0,0,,,,,,,,,,,,,,,0.03299950671971715,23335,0.06721355037238498,0.012199999999999999,index_dividend_yield,0.065,12.44,65,23195.25,23363.55,23193.65,23217.6,mid_price,no_nse_iv
2026-09-17T08:55:27.556087+00:00,2026-09-17T14:25:27.556087+05:30,NIFTY,29-Sep-2026,21450.0,PE,23283.3,4.95,325,5.05,65,5.15,5.0,91,27,152,-43.71584699453552,21.9,-0.016779730569011757,4.500766340997108e-05,-1.5455035092410547,1.763303614697525,-0.3969736941228652,0.003454437763501352,35.681916572894764,-1.0571616209841263e-07,0.0007052542057830689,-6.060024560953232e-06,-0.3836733098600464,-69.03270411920893,0.018477713567462837,5.302991632735649e-05,0.03299950671971715,23335,0.06721355037238498,0.012199999999999999,index_dividend_yield,0.065,12.44,65,23195.25,23363.55,23193.65,23217.6,mid_price,ok
2026-09-17T08:55:27.556087+00:00,2026-09-17T14:25:27.556087+05:30,NIFTY,29-Sep-2026,21500.0,CE,23283.3,1627.6,910,1855.05,130,0.0,1741.3249999999998,0,0,0,0,0,,,,,,,,,,,,,,,0.03299950671971715,,,,,,12.44,65,23195.25,23363.55,23193.65,23217.6,mid_price,no_price_available
2026-09-17T08:55:27.556087+00:00,2026-09-17T14:25:27.556087+05:30,NIFTY,29-Sep-2026,21500.0,PE,23283.3,5.15,650,5.2,390,5.25,5.175000000000001,7832,4934,20151,-46.15384615384615,21.44,-0.017416378099155857,4.746000765487685e-05,-1.5604178609715538,1.820325701233624,-0.41575410768558174,0.0035374764103275023,37.10571216856451,-1.1303457398616355e-07,0.0007460696658260891,-6.264501375560318e-06,-0.39125366920957866,-70.21399904952514,0.019129586557796893,5.565958348235901e-05,0.03299950671971715,23335,0.06721355037238498,0.012199999999999999,index_dividend_yield,0.065,12.44,65,23195.25,23363.55,23193.65,23217.6,mid_price,ok
2026-09-17T08:55:27.556087+00:00,2026-09-17T14:25:27.556087+05:30,NIFTY,29-Sep-2026,21550.0,CE,23283.3,1581.05,780,1801.3,65,0.0,1691.175,0,0,0,0,0,,,,,,,,,,,,,,,0.03299950671971715,,,,,,12.44,65,23195.25,23363.55,23193.65,23217.6,mid_price,no_price_available
2026-09-17T08:55:27.556087+00:00,2026-09-17T14:25:27.556087+05:30,NIFTY,29-Sep-2026,21550.0,PE,23283.3,5.6,260,5.7,65,5.65,5.65,147,79,307,-45.933014354066984,21.34,-0.019695188534995807,5.294543824747938e-05,-1.7230273437989059,2.021247419918505,-0.45260229945685326,0.003828011016917529,39.43317268247715,-1.2364901071415471e-07,0.000784829592364122,-6.542305987145038e-06,-0.41738713846482134,-69.47818743754841,0.02158557631325223,6.180492253416899e-05,0.03299950671971715,23335,0.06721355037238498,0.012199999999999999,index_dividend_yield,0.065,12.44,65,23195.25,23363.55,23193.65,23217.6,mid_price,ok
2026-09-17T08:55:27.556087+00:00,2026-09-17T14:25:27.556087+05:30,NIFTY,29-Sep-2026,21600.0,CE,23283.3,1724.7,65,1738.25,65,1683.3,1731.475,719,0,8,0.6036337556777432,0,,,,,,,,,,,,,,,0.03299950671971715,23335,0.06721355037238498,0.012199999999999999,index_dividend_yield,0.065,12.44,65,23195.25,23363.55,23193.65,23217.6,mid_price,no_nse_iv
2026-09-17T08:55:27.556087+00:00,2026-09-17T14:25:27.556087+05:30,NIFTY,29-Sep-2026,21600.0,PE,23283.3,5.85,1625,5.9,1040,5.85,5.875,13530,301,14273,-47.2972972972973,20.78,-0.020027833016168412,5.515058011909657e-05,-1.6998876634747961,2.0501807162751344,-0.47007740707263707,0.003866100126011976,40.81827442390473,-1.3178645406138023e-07,0.000832628505266401,-6.745275061416389e-06,-0.4207755770640733,-71.22436462624557,0.021891720305613843,6.408134974567328e-05,0.03299950671971715,23335,0.06721355037238498,0.012199999999999999,index_dividend_yield,0.065,12.44,65,23195.25,23363.55,23193.65,23217.6,mid_price,ok
2026-09-17T08:55:27.556087+00:00,2026-09-17T14:25:27.556087+05:30,NIFTY,29-Sep-2026,21650.0,CE,23283.3,1514,845,1703.2,65,0.0,1608.6,1,0,0,0,32.96,,,,,,,,,,,,,,,0.03299950671971715,,,,,,12.44,65,23195.25,23363.55,23193.65,23217.6,mid_price,no_price_available
2026-09-17T08:55:27.556087+00:00,2026-09-17T14:25:27.556087+05:30,NIFTY,29-Sep-2026,21650.0,PE,23283.3,6.3,650,6.35,910,6.35,6.324999999999999,1030,-136,1407,-47.083333333333336,20.5,-0.021763486152943656,5.997847981121675e-05,-1.7972781281334507,2.199610738171591,-0.5025897046285442,0.0040717903457981215,42.90682583977845,-1.4279629875340563e-07,0.0008774024867518317,-6.993489099705498e-06,-0.4388826166594124,-71.44705198899767,0.02373293778488029,6.936952499517519e-05,0.03299950671971715,23335,0.06721355037238498,0.012199999999999999,index_dividend_yield,0.065,12.44,65,23195.25,23363.55,23193.65,23217.6,mid_price,ok
2026-09-17T08:55:27.556087+00:00,2026-09-17T14:25:27.556087+05:30,NIFTY,29-Sep-2026,21700.0,CE,23283.3,1441.6,780,1653.1,65,0.0,1547.35,0,0,0,0,33.96,,,,,,,,,,,,,,,0.03299950671971715,,,,,,12.44,65,23195.25,23363.55,23193.65,23217.6,mid_price,no_price_available
2026-09-17T08:55:27.556087+00:00,2026-09-17T14:25:27.556087+05:30,NIFTY,29-Sep-2026,21700.0,PE,23283.3,6.65,1755,6.7,2210,6.65,6.675000000000001,8588,-91,7376,-46.5863453815261,20.11,-0.02308135834162104,6.424973732603558e-05,-1.8505109806449713,2.3114257282901263,-0.5318559184255799,0.004220300968261596,44.849339512438966,-1.5397519267555238e-07,0.0009271759350293622,-7.23024438711088e-06,-0.45178709169496756,-72.29581762840952,0.025108003687991202,7.396750278187865e-05,0.03299950671971715,23335,0.06721355037238498,0.012199999999999999,index_dividend_yield,0.065,12.44,65,23195.25,23363.55,23193.65,23217.6,mid_price,ok
2026-09-17T08:55:27.556087+00:00,2026-09-17T14:25:27.556087+05:30,NIFTY,29-Sep-2026,21750.0,CE,23283.3,1391.3,1690,1601.7,65,0.0,1496.5,1,0,0,0,29.91,,,,,,,,,,,,,,,0.03299950671971715,,,,,,12.44,65,23195.25,23363.55,23193.65,23217.6,mid_price,no_price_available
2026-09-17T08:55:27.556087+00:00,2026-09-17T14:25:27.556087+05:30,NIFTY,29-Sep-2026,21750.0,PE,23283.3,7.05,780,7.2,195,7.3,7.125,549,-89,695,-45.925925925925924,19.95,-0.025821502823239365,7.116057510911676e-05,-2.0147921461496696,2.5396792189799258,-0.5747616061607379,0.004516937447553427,47.305273170956006,-1.677365613721561e-07,0.0009687885303943223,-7.468419841966331e-06,-0.4771354163633688,-71.80555366047513,0.02802678365781085,8.15473766874351e-05,0.03299950671971715,23335,0.06721355037238498,0.012199999999999999,index_dividend_yield,0.065,12.44,65,23195.25,23363.55,23193.65,23217.6,mid_price,ok
2026-09-17T08:55:27.556087+00:00,2026-09-17T14:25:27.556087+05:30,NIFTY,29-Sep-2026,21800.0,CE,23283.3,1513.5,910,1545.45,195,0.0,1529.475,1,0,0,0,0,,,,,,,,,,,,,,,0.03299950671971715,23335,0.06721355037238498,0.012199999999999999,index_dividend_yield,0.065,12.44,65,23195.25,23363.55,23193.65,23217.6,mid_price,no_nse_iv
2026-09-17T08:55:27.556087+00:00,2026-09-17T14:25:27.556087+05:30,NIFTY,29-Sep-2026,21800.0,PE,23283.3,7.55,1560,7.6,1365,7.6,7.574999999999999,14346,2019,14841,-47.22222222222222,19.46,-0.026850528122170515,7.537461780563822e-05,-2.0277573907852418,2.624003892541171,-0.6037067318420477,0.004619642578265172,49.257117891185366,-1.8049790253389304e-07,0.0010275966138615336,-7.704374983763651e-06,-0.4857921479391849,-73.24814605600918,0.029068983783235646,8.598074498497895e-05,0.03299950671971715,23335,0.06721355037238498,0.012199999999999999,index_dividend_yield,0.065,12.44,65,23195.25,23363.55,23193.65,23217.6,mid_price,ok
2026-09-17T08:55:27.556087+00:00,2026-09-17T14:25:27.556087+05:30,NIFTY,29-Sep-2026,21850.0,CE,23283.3,1464,195,1492.8,65,1550,1478.4,1,0,1,-23.645320197044335,28.43,0.9010749567189927,0.00014435251383140504,-11.427340476005226,7.341718474048537,-0.7559460897628156,0.008466957246325846,41.2391598056927,-1.6075658983128081e-07,0.0003031060163687663,-3.0603160284212204e-06,-0.7646809876889754,13.731364510257846,-0.8902567370098704,0.00016391191969186662,0.03299950671971715,23335,0.06721355037238498,0.012199999999999999,index_dividend_yield,0.065,12.44,65,23195.25,23363.55,23193.65,23217.6,mid_price,ok
2026-09-17T08:55:27.556087+00:00,2026-09-17T14:25:27.556087+05:30,NIFTY,29-Sep-2026,21850.0,PE,23283.3,7.95,585,8.1,1625,8.5,8.025,994,80,1006,-44.62540716612378,19.21,-0.029496817802135502,8.257078633285501e-05,-2.1617883503371194,2.8375942885199406,-0.6471827064501757,0.00487940636278655,51.68208266789653,-1.9598098931323633e-07,0.0010740768248288643,-7.917759718397525e-06,-0.507384333441816,-73.25924898908644,0.03186077596708279,9.375892209326183e-05,0.03299950671971715,23335,0.06721355037238498,0.012199999999999999,index_dividend_yield,0.065,12.44,65,23195.25,23363.55,23193.65,23217.6,mid_price,ok
2026-09-17T08:55:27.556087+00:00,2026-09-17T14:25:27.556087+05:30,NIFTY,29-Sep-2026,21900.0,CE,23283.3,1414.9,845,1437.55,195,0.0,1426.225,9,0,0,0,14.08,0.992949389585091,3.126333795040966e-05,-3.5513620023033887,0.7874709038668057,-0.32396875916895773,0.0018201635146135597,33.92020138283974,-1.3414997738935695e-07,0.0011245758720563209,-6.129106065500032e-06,-0.2197802932486812,16.25648084796858,-0.9907301136640765,3.5337529459499305e-05,0.03299950671971715,23335,0.06721355037238498,0.012199999999999999,index_dividend_yield,0.065,12.44,65,23195.25,23363.55,23193.65,23217.6,mid_price,ok
2026-09-17T08:55:27.556087+00:00,2026-09-17T14:25:27.556087+05:30,NIFTY,29-Sep-2026,21900.0,PE,23283.3,8.5,910,8.55,130,8.55,8.525,5633,577,10962,-47.38461538461539,18.73,-0.030841576287186145,8.787503009592214e-05,-2.1837341784174478,2.9444201432047072,-0.6817672659285688,0.0050014848824528856,53.87656309353339,-2.1159647643938433e-07,0.0011387796702952123,-8.155357773050544e-06,-0.5174021173996772,-74.69176411168246,0.033228665187008725,9.932677277438137e-05,0.03299950671971715,23335,0.06721355037238498,0.012199999999999999,index_dividend_yield,0.065,12.44,65,23195.25,23363.55,23193.65,23217.6,mid_price,ok
2026-09-17T08:55:27.556087+00:00,2026-09-17T14:25:27.556087+05:30,NIFTY,29-Sep-2026,21950.0,CE,23283.3,1365.8,195,1400.35,195,0.0,1383.0749999999998,2,0,0,0,29.21,0.87878446079121,0.0001626678651580541,-13.009263181164812,8.500213617327434,-0.7689463861392243,0.00880830200888394,38.07493185451882,-1.6078453533850375e-07,0.00017175496432747257,-1.5674059119732573e-06,-0.7871804926542492,14.147877127209588,-0.86627690382934,0.00018302979186715223,0.03299950671971715,23335,0.06721355037238498,0.012199999999999999,index_dividend_yield,0.065,12.44,65,23195.25,23363.55,23193.65,23217.6,mid_price,ok
2026-09-17T08:55:27.556087+00:00,2026-09-17T14:25:27.556087+05:30,NIFTY,29-Sep-2026,21950.0,PE,23283.3,9.1,520,9.2,1885,9.1,9.149999999999999,3140,468,2981,-48,18.43,-0.033601301536301136,9.585161951760916e-05,-2.3027471761548663,3.1602490276262882,-0.7283653910265669,0.00524621535552975,56.38060621303475,-2.296666479369927e-07,0.0011899894192115375,-8.346087421661494e-06,-0.53720680683299,-75.00012690155702,0.03611756213504841,0.00010784983225415397,0.03299950671971715,23335,0.06721355037238498,0.012199999999999999,index_dividend_yield,0.065,12.44,65,23195.25,23363.55,23193.65,23217.6,mid_price,ok
2026-09-17T08:55:27.556087+00:00,2026-09-17T14:25:27.556087+05:30,NIFTY,29-Sep-2026,22000.0,CE,23283.3,1332.15,65,1337.85,195,1334.2,1335.0,12256,-189,537,4.275107463853067,0,,,,,,,,,,,,,,,0.03299950671971715,23335,0.06721355037238498,0.012199999999999999,index_dividend_yield,0.065,12.44,65,23195.25,23363.55,23193.65,23217.6,mid_price,no_nse_iv
2026-09-17T08:55:27.556087+00:00,2026-09-17T14:25:27.556087+05:30,NIFTY,29-Sep-2026,22000.0,PE,23283.3,9.9,650,9.95,2795,9.9,9.925,61905,4038,43971,-47.05882352941177,18.13,-0.03664924726198453,0.00010463290991125772,-2.428597572850343,3.3936154126998614,-0.7779192943582758,0.005498897191991058,58.92172033854304,-2.4927066196319687e-07,0.0012395989598001937,-8.506952947722756e-06,-0.5572942562133734,-75.29558454715496,0.03930219515411278,0.00011719578971000786,0.03299950671971715,23335,0.06721355037238498,0.012199999999999999,index_dividend_yield,0.065,12.44,65,23195.25,23363.55,23193.65,23217.6,mid_price,ok
2026-09-17T08:55:27.556087+00:00,2026-09-17T14:25:27.556087+05:30,NIFTY,29-Sep-2026,22050.0,CE,23283.3,1266,195,1302.95,195,0.0,1284.475,1,0,0,0,31.11,0.8462940425652908,0.0001797557225069372,-15.524437153189314,10.00412828420175,-0.7341338200383407,0.008908204615578508,31.737501814721902,-1.4700436004311826e-07,-7.536688986128069e-06,5.658934856685952e-07,-0.7987753005137481,14.289505632282848,-0.831091509345416,0.0002004262520770569,0.03299950671971715,23335,0.06721355037238498,0.012199999999999999,index_dividend_yield,0.065,12.44,65,23195.25,23363.55,23193.65,23217.6,mid_price,ok
2026-09-17T08:55:27.556087+00:00,2026-09-17T14:25:27.556087+05:30,NIFTY,29-Sep-2026,22050.0,PE,23283.3,10.35,130,10.4,325,10.35,10.375,3099,532,2307,-48.888888888888886,17.71,-0.03902593964215006,0.00011275011062669279,-2.4925928117009493,3.5721694655189817,-0.8248659161215823,0.005681103807004922,61.47053481764608,-2.7040943795788015e-07,0.0013036176979249656,-8.691827567951831e-06,-0.5715657884720469,-76.38388943771122,0.04174823258034744,0.00012571550868601395,0.03299950671971715,23335,0.06721355037238498,0.012199999999999999,index_dividend_yield,0.065,12.44,65,23195.25,23363.55,23193.65,23217.6,mid_price,ok
2026-09-17T08:55:27.556087+00:00,2026-09-17T14:25:27.556087+05:30,NIFTY,29-Sep-2026,22100.0,CE,23283.3,1219.15,130,1252.45,130,0.0,1235.8000000000002,17,0,0,0,19.07,0.9417918272451741,0.0001434209836886716,-6.824256788161199,4.892827514180231,-0.9333240226779282,0.006935851525273762,62.106132982941986,-2.8559353472476714e-07,0.0010684531507862334,-7.520320375599919e-06,-0.6622958270413131,17.662508310847176,-0.9360416586324674,0.00015919052590138383,0.03299950671971715,23335,0.06721355037238498,0.012199999999999999,index_dividend_yield,0.065,12.44,65,23195.25,23363.55,23193.65,23217.6,mid_price,ok
2026-09-17T08:55:27.556087+00:00,2026-09-17T14:25:27.556087+05:30,NIFTY,29-Sep-2026,22100.0,PE,23283.3,11,325,11.05,260,11.1,11.025,4882,525,9828,-47.64150943396226,17.35,-0.04216122454055278,0.00012253969914988383,-2.595043512660684,3.803407029952347,-0.878182864234793,0.005908924130299947,64.10795466122177,-2.937103324031972e-07,0.001359222962278216,-8.820777674553498e-06,-0.5891470896035647,-77.07655626080712,0.04499495518775008,0.00013601328515367152,0.03299950671971715,23335,0.06721355037238498,0.012199999999999999,index_dividend_yield,0.065,12.44,65,23195.25,23363.55,23193.65,23217.6,mid_price,ok
2026-09-17T08:55:27.556087+00:00,2026-09-17T14:25:27.556087+05:30,NIFTY,29-Sep-2026,22150.0,CE,23283.3,1169.9,195,1203.85,65,1260,1186.875,6,-1,3,6.779661016949152,25.14,0.875318149139399,0.00019279112290867677,-11.776305882758367,8.670593427877083,-0.9034452023157225,0.008811430759361638,44.082298682480925,-2.1678814943997274e-07,0.00021331906157856897,-1.526025258935499e-06,-0.7880666972764327,16.45917276413178,-0.8642014359877928,0.0002130240512323381,0.03299950671971715,23335,0.06721355037238498,0.012199999999999999,index_dividend_yield,0.065,12.44,65,23195.25,23363.55,23193.65,23217.6,mid_price,ok
2026-09-17T08:55:27.556087+00:00,2026-09-17T14:25:27.556087+05:30,NIFTY,29-Sep-2026,22150.0,PE,23283.3,11.75,130,11.85,910,11.75,11.8,1009,-459,3313,-48.91304347826087,16.96,-0.045345649311745936,0.0001329423546196541,-2.684617659765107,4.033534077657765,-0.9338009485192027,0.006123363453970237,66.8103666097244,-3.192949215698256e-07,0.001418219566692497,-8.931671236425356e-06,-0.6054442370205324,-77.98231151516377,0.048276987703879747,0.0001468943099359389,0.03299950671971715,23335,0.06721355037238498,0.012199999999999999,index_dividend_yield,0.065,12.44,65,23195.25,23363.55,23193.65,23217.6,mid_price,ok
2026-09-17T08:55:27.556087+00:00,2026-09-17T14:25:27.556087+05:30,NIFTY,29-Sep-2026,22200.0,CE,23283.3,1134.3,130,1143.4,195,1115,1138.85,19,2,6,6.190476190476191,0,,,,,,,,,,,,,,,0.03299950671971715,23335,0.06721355037238498,0.012199999999999999,index_dividend_yield,0.065,12.44,65,23195.25,23363.55,23193.65,23217.6,mid_price,no_nse_iv
2026-09-17T08:55:27.556087+00:00,2026-09-17T14:25:27.556087+05:30,NIFTY,29-Sep-2026,22200.0,PE,23283.3,12.45,520,12.5,325,12.5,12.475,8952,1277,12317,-49.1869918699187,16.54,-0.048567760231831174,0.00014403285046770737,-2.760038176612328,4.261805022324744,-0.9921464358327997,0.006323899086234111,69.60584079028153,-3.4760121764688614e-07,0.0014816652041194842,-9.026425799269329e-06,-0.6204720334034071,-79.11884128470457,0.0515815486303106,0.00015843264571634678,0.03299950671971715,23335,0.06721355037238498,0.012199999999999999,index_dividend_yield,0.065,12.44,65,23195.25,23363.55,23193.65,23217.6,mid_price,ok
2026-09-17T08:55:27.556087+00:00,2026-09-17T14:25:27.556087+05:30,NIFTY,29-Sep-2026,22250.0,CE,23283.3,1074.15,260,1105.3,260,0.0,1089.725,6,0,0,0,25.01,0.8551346916636422,0.00021489817206183498,-12.657293764087392,9.614859206327463,-0.9223762243110722,0.008885121040463684,41.36272040196065,-2.2382569059522934e-07,6.524919617467511e-05,4.519177476864939e-08,-0.7958912896779378,17.28836693302798,-0.843087435136132,0.00023532158163492252,0.03299950671971715,23335,0.06721355037238498,0.012199999999999999,index_dividend_yield,0.065,12.44,65,23195.25,23363.55,23193.65,23217.6,mid_price,ok
2026-09-17T08:55:27.556087+00:00,2026-09-17T14:25:27.556087+05:30,NIFTY,29-Sep-2026,22250.0,PE,23283.3,13.75,390,13.85,1300,13.9,13.8,1157,91,3622,-48.89705882352941,16.22,-0.05318889010292146,0.00015789670337642696,-2.902979798252647,4.581634375927243,-1.0585059908283476,0.006592361780965554,72.28200243553795,-3.7798241356016546e-07,0.001517661473264637,-8.971598604547447e-06,-0.6402469202672867,-79.51391093557407,0.05635899686363423,0.00017290282935859296,0.03299950671971715,23335,0.06721355037238498,0.012199999999999999,index_dividend_yield,0.065,12.44,65,23195.25,23363.55,23193.65,23217.6,mid_price,ok
2026-09-17T08:55:27.556087+00:00,2026-09-17T14:25:27.556087+05:30,NIFTY,29-Sep-2026,22300.0,CE,23283.3,1035.8,325,1044.6,65,1058.6,1040.1999999999998,25,1,3,6.929292929292929,14.92,0.9521452535735437,0.0001567298327764478,-5.613673278520582,4.183280723547858,-1.0889562420097199,0.006247010892659888,76.91239039624786,-4.213714233318311e-07,0.0018312127593888455,-9.948560806003734e-06,-0.6124125618413578,21.435023641420198,-0.9477505723529951,0.0001708563058495556,0.03299950671971715,23335,0.06721355037238498,0.012199999999999999,index_dividend_yield,0.065,12.44,65,23195.25,23363.55,23193.65,23217.6,mid_price,ok
2026-09-17T08:55:27.556087+00:00,2026-09-17T14:25:27.556087+05:30,NIFTY,29-Sep-2026,22300.0,PE,23283.3,14.85,455,14.95,1625,14.85,14.899999999999999,8949,1465,28230,-49.23076923076923,15.96,-0.05901482905784969,0.00017417710105670388,-3.0929055042874682,4.973022922286137,-1.1299852627353717,0.006897041536448899,74.69722811844458,-4.0995565250534754e-07,0.0015249805633597922,-8.750605573184855e-06,-0.6622392493217415,-79.42812516884426,0.06239279743313078,0.00018987614242261324,0.03299950671971715,23335,0.06721355037238498,0.012199999999999999,index_dividend_yield,0.065,12.44,65,23195.25,23363.55,23193.65,23217.6,mid_price,ok
2026-09-17T08:55:27.556087+00:00,2026-09-17T14:25:27.556087+05:30,NIFTY,29-Sep-2026,22350.0,CE,23283.3,976.15,325,1010.4,260,0.0,993.275,2,0,0,0,0,,,,,,,,,,,,,,,0.03299950671971715,23335,0.06721355037238498,0.012199999999999999,index_dividend_yield,0.065,12.44,65,23195.25,23363.55,23193.65,23217.6,mid_price,no_nse_iv
2026-09-17T08:55:27.556087+00:00,2026-09-17T14:25:27.556087+05:30,NIFTY,29-Sep-2026,22350.0,PE,23283.3,16.4,520,16.5,130,16.75,16.45,1987,1053,7353,-48.142414860681114,15.68,-0.06528354333562746,0.0001918149406257931,-3.278910108591775,5.380529366202016,-1.2032625447067555,0.007183479332231089,76.93396771999339,-4.441781228487859e-07,0.0015194771555667368,-8.424104639894391e-06,-0.6825159347799721,-79.46061176235082,0.06886557066152489,0.00020816918634998784,0.03299950671971715,23335,0.06721355037238498,0.012199999999999999,index_dividend_yield,0.065,12.44,65,23195.25,23363.55,23193.65,23217.6,mid_price,ok
2026-09-17T08:55:27.556087+00:00,2026-09-17T14:25:27.556087+05:30,NIFTY,29-Sep-2026,22400.0,CE,23283.3,942.9,65,949.1,65,925,946.0,4,0,1,9.83139396817858,0,,,,,,,,,,,,,,,0.03299950671971715,23335,0.06721355037238498,0.012199999999999999,index_dividend_yield,0.065,12.44,65,23195.25,23363.55,23193.65,23217.6,mid_price,no_nse_iv
2026-09-17T08:55:27.556087+00:00,2026-09-17T14:25:27.556087+05:30,NIFTY,29-Sep-2026,22400.0,PE,23283.3,18.2,455,18.25,260,18.25,18.225,10826,1299,28621,-48.30028328611898,15.41,-0.07241497867993367,0.00021141712981275317,-3.4806231365342595,5.828265499336713,-1.2785297926059882,0.007464332697303095,78.83529608026807,-4.800893630508523e-07,0.0014878772360601407,-7.932348183479056e-06,-0.7020544593425556,-79.37944135832186,0.07621875809256701,0.00022841951436424987,0.03299950671971715,23335,0.06721355037238498,0.012199999999999999,index_dividend_yield,0.065,12.44,65,23195.25,23363.55,23193.65,23217.6,mid_price,ok
2026-09-17T08:55:27.556087+00:00,2026-09-17T14:25:27.556087+05:30,NIFTY,29-Sep-2026,22450.0,CE,23283.3,880.75,390,911.05,325,950,895.9,1,-1,3,-34.48275862068966,19.29,0.8655714506482681,0.0002647603260170221,-10.066232855596075,9.136537705239297,-1.2007505853121603,0.008756048832621377,56.237657219580406,-3.686092794775858e-07,0.0002571858319161337,-8.535757075915033e-07,-0.7876207156700161,21.715861904865616,-0.8563613305033965,0.0002847798680551693,0.03299950671971715,23335,0.06721355037238498,0.012199999999999999,index_dividend_yield,0.065,12.44,65,23195.25,23363.55,23193.65,23217.6,mid_price,ok
2026-09-17T08:55:27.556087+00:00,2026-09-17T14:25:27.556087+05:30,NIFTY,29-Sep-2026,22450.0,PE,23283.3,20.45,130,20.55,260,20.65,20.5,2292,962,4612,-46.915167095115685,15.17,-0.08079272911401977,0.00023341095662040586,-3.712592600427285,6.3343686547540425,-1.3544308446355457,0.007741150159243648,80.17664176702377,-5.165695165895947e-07,0.0014158716700691993,-7.209185899617685e-06,-0.7210405419400283,-79.0236445411739,0.08485193264078121,0.00025106005279928713,0.03299950671971715,23335,0.06721355037238498,0.012199999999999999,index_dividend_yield,0.065,12.44,65,23195.25,23363.55,23193.65,23217.6,mid_price,ok
2026-09-17T08:55:27.556087+00:00,2026-09-17T14:25:27.556087+05:30,NIFTY,29-Sep-2026,22500.0,CE,23283.3,850.6,195,853.5,325,837.05,852.05,9090,-705,2220,3.09767212710925,0,,,,,,,,,,,,,,,0.03299950671971715,23335,0.06721355037238498,0.012199999999999999,index_dividend_yield,0.065,12.44,65,23195.25,23363.55,23193.65,23217.6,mid_price,no_nse_iv
2026-09-17T08:55:27.556087+00:00,2026-09-17T14:25:27.556087+05:30,NIFTY,29-Sep-2026,22500.0,PE,23283.3,22.85,520,23,1235,22.8,22.925,59411,1876,66980,-46.728971962616825,14.94,-0.09029869001989832,0.00025759419436465804,-3.9608577883548417,6.884670886926065,-1.4289281484639316,0.007992726295804914,80.90926887436378,-5.533699559159589e-07,0.0013032214351513813,-6.252400076825829e-06,-0.7381988718375601,-78.54430236672327,0.09463196463096034,0.00027584181543730506,0.03299950671971715,23335,0.06721355037238498,0.012199999999999999,index_dividend_yield,0.065,12.44,65,23195.25,23363.55,23193.65,23217.6,mid_price,ok
2026-09-17T08:55:27.556087+00:00,2026-09-17T14:25:27.556087+05:30,NIFTY,29-Sep-2026,22550.0,CE,23283.3,798.95,65,814.4,65,833.4,806.675,5,-3,8,8.628779979144943,15.77,0.8830568580798891,0.0002937344144694619,-8.254661657709331,8.286727190913961,-1.4455771358982683,0.008506405254786853,72.89625065228388,-5.336263191920317e-07,0.0007214052510725493,-2.9608846567451426e-06,-0.7710868975413653,25.360719553937646,-0.8758206809876852,0.0003131488403594645,0.03299950671971715,23335,0.06721355037238498,0.012199999999999999,index_dividend_yield,0.065,12.44,65,23195.25,23363.55,23193.65,23217.6,mid_price,ok
2026-09-17T08:55:27.556087+00:00,2026-09-17T14:25:27.556087+05:30,NIFTY,29-Sep-2026,22550.0,PE,23283.3,25.45,390,25.6,260,25.45,25.525,4142,527,6124,-46.25131995776135,14.66,-0.10016238143624169,0.0002833400972731686,-4.179466804781811,7.430850518330482,-1.5024980632284135,0.008187954111047516,81.37038130799512,-5.928805700558083e-07,0.0011700843131376524,-5.1580206875912415e-06,-0.7517299727238217,-78.40592415539172,0.10473857379388529,0.000302067509007036,0.03299950671971715,23335,0.06721355037238498,0.012199999999999999,index_dividend_yield,0.065,12.44,65,23195.25,23363.55,23193.65,23217.6,mid_price,ok
2026-09-17T08:55:27.556087+00:00,2026-09-17T14:25:27.556087+05:30,NIFTY,29-Sep-2026,22600.0,CE,23283.3,755.05,65,761.45,780,752.6,758.25,52,-3,162,4.382801664355062,9.44,0.9672480106807098,0.00018136955442650578,-4.328506669122541,3.062900553727369,-1.4036660977865267,0.004920511828883423,109.66271132029992,-8.529776456067242e-07,0.004572760652073944,-1.509542496788631e-05,-0.5088864095040071,30.95892905205477,-0.9643047268229546,0.0001925025894159976,0.03299950671971715,23335,0.06721355037238498,0.012199999999999999,index_dividend_yield,0.065,12.44,65,23195.25,23363.55,23193.65,23217.6,mid_price,ok
2026-09-17T08:55:27.556087+00:00,2026-09-17T14:25:27.556087+05:30,NIFTY,29-Sep-2026,22600.0,PE,23283.3,28.75,1040,28.95,780,29.2,28.85,16992,409,47859,-44.59203036053131,14.42,-0.11181108699125782,0.0003118942046711546,-4.433652171233271,8.045797197826296,-1.5704914437997055,0.008349414731671945,80.82280317804535,-6.301297310683752e-07,0.0009703203459111875,-3.720027815553922e-06,-0.7635066814803633,-77.90331118783867,0.11667028962594807,0.00033103925415094897,0.03299950671971715,23335,0.06721355037238498,0.012199999999999999,index_dividend_yield,0.065,12.44,65,23195.25,23363.55,23193.65,23217.6,mid_price,ok
2026-09-17T08:55:27.556087+00:00,2026-09-17T14:25:27.556087+05:30,NIFTY,29-Sep-2026,22650.0,CE,23283.3,705.4,65,715.4,65,783.35,710.4,27,-2,8,16.146489732374526,19.29,0.803180877151038,0.0003393592812241065,-11.946897723367508,11.710851528138743,-1.1757951868530125,0.008305075186900934,42.48160096027842,-3.6708052120939376e-07,-0.000528185982736311,5.430519329215652e-06,-0.7848032826216667,24.51040723267355,-0.791952824892354,0.0003586017351048558,0.03299950671971715,23335,0.06721355037238498,0.012199999999999999,index_dividend_yield,0.065,12.44,65,23195.25,23363.55,23193.65,23217.6,mid_price,ok
2026-09-17T08:55:27.556087+00:00,2026-09-17T14:25:27.556087+05:30,NIFTY,29-Sep-2026,22650.0,PE,23283.3,32.65,455,32.85,260,32.7,32.75,2781,446,9785,-44.1025641025641,14.22,-0.12545204872992885,0.0003430854557582668,-4.722615343982805,8.727672072771304,-1.6282438527068164,0.008455174499785292,79.05663158805076,-6.62887166640492e-07,0.0006951915999115475,-1.9042459643243753e-06,-0.772643900814188,-77.03464793131958,0.13063376954259648,0.00036253919232846136,0.03299950671971715,23335,0.06721355037238498,0.012199999999999999,index_dividend_yield,0.065,12.44,65,23195.25,23363.55,23193.65,23217.6,mid_price,ok
2026-09-17T08:55:27.556087+00:00,2026-09-17T14:25:27.556087+05:30,NIFTY,29-Sep-2026,22700.0,CE,23283.3,664.85,130,667.85,130,660,666.35,409,-8,861,4.216011369019422,10.13,0.930538127231411,0.000310098820348731,-5.384056643672043,5.619608691073023,-1.920319866713649,0.0070624300510122575,120.42444963729126,-1.0768670441247952e-06,0.0035846350502017946,-1.1469605981480823e-05,-0.6739261649303634,34.08110456072634,-0.9264440349301704,0.00032624019476141744,0.03299950671971715,23335,0.06721355037238498,0.012199999999999999,index_dividend_yield,0.065,12.44,65,23195.25,23363.55,23193.65,23217.6,mid_price,ok
2026-09-17T08:55:27.556087+00:00,2026-09-17T14:25:27.556087+05:30,NIFTY,29-Sep-2026,22700.0,PE,23283.3,37.1,1105,37.35,780,36.9,37.225,18389,-546,54604,-42.96754250386399,14.03,-0.14077495481675995,0.00037643972334828075,-5.020893222381695,9.448212068333994,-1.6735436323349617,0.008478462498348133,76.20781116880426,-6.912167668126671e-07,0.000353360782421626,2.3839418137824604e-07,-0.7781051768119518,-76.03571539052882,0.14629131945460042,0.0003960342981084798,0.03299950671971715,23335,0.06721355037238498,0.012199999999999999,index_dividend_yield,0.065,12.44,65,23195.25,23363.55,23193.65,23217.6,mid_price,ok
2026-09-17T08:55:27.556087+00:00,2026-09-17T14:25:27.556087+05:30,NIFTY,29-Sep-2026,22750.0,CE,23283.3,618.2,65,623.3,65,603.45,620.75,80,48,419,-0.17369727047146402,7.93,0.9583903501575778,0.00026317911002361234,-4.354007053812073,3.7335426537693284,-1.9168026360106283,0.005454926199593868,140.7960834271844,-1.3761316419575938e-06,0.0066070589362455315,-1.7167437823808356e-05,-0.5531206442778851,38.58583128661595,-0.9554365787381108,0.0002756624933060999,0.03299950671971715,23335,0.06721355037238498,0.012199999999999999,index_dividend_yield,0.065,12.44,65,23195.25,23363.55,23193.65,23217.6,mid_price,ok
2026-09-17T08:55:27.556087+00:00,2026-09-17T14:25:27.556087+05:30,NIFTY,29-Sep-2026,22750.0,PE,23283.3,42.3,715,42.55,520,42.3,42.425,3965,853,9535,-41.37214137214137,13.84,-0.15774417182834982,0.0004117437931363519,-5.316846488663604,10.194352985227216,-1.7038359286964122,0.008401704076383215,72.32066568454165,-7.143478270097409e-07,-5.388804988701182e-05,2.686176690382927e-06,-0.7796102444988051,-74.9830250514392,0.16359501950745559,0.00043127404986320687,0.03299950671971715,23335,0.06721355037238498,0.012199999999999999,index_dividend_yield,0.065,12.44,65,23195.25,23363.55,23193.65,23217.6,mid_price,ok
2026-09-17T08:55:27.556087+00:00,2026-09-17T14:25:27.556087+05:30,NIFTY,29-Sep-2026,22800.0,CE,23283.3,574.25,130,576.95,65,571,575.6,4221,25,1282,3.903193521972523,10.5,0.8846885546654496,0.0004367654221769541,-6.458122991669592,8.204158911920443,-2.1825962231017404,0.008075066399938824,110.83757369761659,-1.1791322573601784e-06,0.0017415787333349459,-3.621788183383399e-06,-0.7487559001339141,37.5980708845827,-0.8794126882985311,0.00045547822843241897,0.03299950671971715,23335,0.06721355037238498,0.012199999999999999,index_dividend_yield,0.065,12.44,65,23195.25,23363.55,23193.65,23217.6,mid_price,ok
2026-09-17T08:55:27.556087+00:00,2026-09-17T14:25:27.556087+05:30,NIFTY,29-Sep-2026,22800.0,PE,23283.3,48.6,455,48.8,520,48.9,48.7,26696,2666,58758,-39.292364990689016,13.67,-0.17682192866127994,0.0004487027489647775,-5.621258720083033,10.972959109170706,-1.712685309106593,0.008207151884192188,67.17362033489759,-7.284644797452437e-07,-0.0005354175901960319,5.4652792405036205e-06,-0.7772067470605252,-73.72773373422046,0.18301923563949496,0.0004679269988282901,0.03299950671971715,23335,0.06721355037238498,0.012199999999999999,index_dividend_yield,0.065,12.44,65,23195.25,23363.55,23193.65,23217.6,mid_price,ok
2026-09-17T08:55:27.556087+00:00,2026-09-17T14:25:27.556087+05:30,NIFTY,29-Sep-2026,22850.0,CE,23283.3,530.8,130,535.8,65,522.7,533.3,65,-79,152,2.5102961364973524,9.98,0.8727855940290308,0.0004925326359418548,-6.493660678588063,8.793506117779316,-2.33984557903566,0.008067795341569428,112.96079568835981,-1.324985336964413e-06,0.0013925303144613063,-1.2888474702420997e-06,-0.7527149922981504,40.6619209792048,-0.867464581767926,0.0005113893412771098,0.03299950671971715,23335,0.06721355037238498,0.012199999999999999,index_dividend_yield,0.065,12.44,65,23195.25,23363.55,23193.65,23217.6,mid_price,ok
2026-09-17T08:55:27.556087+00:00,2026-09-17T14:25:27.556087+05:30,NIFTY,29-Sep-2026,22850.0,PE,23283.3,55.25,325,55.45,65,55.05,55.35,2608,272,5621,-38.86729594669628,13.53,-0.19828322722284514,0.00048660680931792517,-5.935929711399912,11.778025615720104,-1.6936838637839762,0.007872966555378808,60.712687778334384,-7.300593788509644e-07,-0.001088071542863756,8.546684491138638e-06,-0.7709488231342547,-72.20727015429102,0.20484133354644016,0.0005052366432575384,0.03299950671971715,23335,0.06721355037238498,0.012199999999999999,index_dividend_yield,0.065,12.44,65,23195.25,23363.55,23193.65,23217.6,mid_price,ok
2026-09-17T08:55:27.556087+00:00,2026-09-17T14:25:27.556087+05:30,NIFTY,29-Sep-2026,22900.0,CE,23283.3,491.8,130,493.75,130,493.75,492.775,2051,1445,2632,5.310867015036792,10.86,0.825955714557648,0.0005583410797297059,-7.589061456093893,10.847406698355865,-2.1723465410274367,0.007945753636471542,86.33678509383368,-1.1403415686705718e-06,-0.0006969651466107521,6.994237061596991e-06,-0.7645590679044343,41.246155394966365,-0.8194203400076386,0.0005771885209952833,0.03299950671971715,23335,0.06721355037238498,0.012199999999999999,index_dividend_yield,0.065,12.44,65,23195.25,23363.55,23193.65,23217.6,mid_price,ok
2026-09-17T08:55:27.556087+00:00,2026-09-17T14:25:27.556087+05:30,NIFTY,29-Sep-2026,22900.0,PE,23283.3,63.2,260,63.4,65,63.45,63.3,19898,2305,43639,-36.771300448430495,13.36,-0.22118654666115553,0.0005255182476293926,-6.2078117668354835,12.560032836899598,-1.6529069725300798,0.00739572653544962,53.68666095557462,-7.242726458512425e-07,-0.0016871838736253093,1.1776561798130928e-05,-0.7614055690761212,-70.85583591455514,0.22806265706816276,0.0005432577166847216,0.03299950671971715,23335,0.06721355037238498,0.012199999999999999,index_dividend_yield,0.065,12.44,65,23195.25,23363.55,23193.65,23217.6,mid_price,ok
2026-09-17T08:55:27.556087+00:00,2026-09-17T14:25:27.556087+05:30,NIFTY,29-Sep-2026,22950.0,CE,23283.3,450.1,455,452.45,65,435.55,451.275,154,-16,125,0.6353974121996303,9.82,0.8195363283607039,0.0006318029789014663,-7.21105828948888,11.099148780821986,-2.3971090217259627,0.007676630899086656,92.7622371652097,-1.3795608893329227e-06,-0.0011530056212848984,9.396697852766408e-06,-0.7563148004236773,46.0889744744338,-0.8133984990721547,0.0006502874273524603,0.03299950671971715,23335,0.06721355037238498,0.012199999999999999,index_dividend_yield,0.065,12.44,65,23195.25,23363.55,23193.65,23217.6,mid_price,ok
2026-09-17T08:55:27.556087+00:00,2026-09-17T14:25:27.556087+05:30,NIFTY,29-Sep-2026,22950.0,PE,23283.3,71.95,390,72.3,390,71.65,72.125,4088,-724,10091,-35.94099240053643,13.18,-0.2459562706021972,0.0005649994084341408,-6.445539450995079,13.321708284810109,-1.5844602746897944,0.006763952601835904,46.03935913630597,-7.073086762951079e-07,-0.0023341667361034346,1.5136606616394932e-05,-0.7493463322492975,-69.52086166077332,0.2531175203162402,0.0005815294071660266,0.03299950671971715,23335,0.06721355037238498,0.012199999999999999,index_dividend_yield,0.065,12.44,65,23195.25,23363.55,23193.65,23217.6,mid_price,ok
2026-09-17T08:55:27.556087+00:00,2026-09-17T14:25:27.556087+05:30,NIFTY,29-Sep-2026,23000.0,CE,23283.3,411.05,260,412.6,130,413.65,411.82500000000005,18020,-192,23534,5.080655404547187,10.66,0.7675602064373017,0.0006766676524573913,-8.226961319074137,12.904142092059999,-2.0392257696045246,0.006776457802607272,63.12706863969186,-1.0968865085884188e-06,-0.0030373743144263563,1.7163534329151398e-05,-0.7442113611029998,46.44465658185227,-0.7602846440044095,0.0006934398757238932,0.03299950671971715,23335,0.06721355037238498,0.012199999999999999,index_dividend_yield,0.065,12.44,65,23195.25,23363.55,23193.65,23217.6,mid_price,ok
2026-09-17T08:55:27.556087+00:00,2026-09-17T14:25:27.556087+05:30,NIFTY,29-Sep-2026,23000.0,PE,23283.3,82.55,780,82.8,520,82.65,82.675,108563.61538461539,-1036,133445,-33.932853717026376,13.03,-0.27326163774338824,0.000603431801803023,-6.67117072662931,14.065951841367855,-1.4777605853245612,0.005957563720543901,37.66931925619588,-6.722569714760665e-07,-0.0030151268883771764,1.855912282147155e-05,-0.7355610854383716,-67.93411629113905,0.2806995051245226,0.0006183887646032877,0.03299950671971715,23335,0.06721355037238498,0.012199999999999999,index_dividend_yield,0.065,12.44,65,23195.25,23363.55,23193.65,23217.6,mid_price,ok
2026-09-17T08:55:27.556087+00:00,2026-09-17T14:25:27.556087+05:30,NIFTY,29-Sep-2026,23050.0,CE,23283.3,372.5,585,374.35,65,360.15,373.425,291,-129,636,0.5584252408208851,10.15,0.741821721040964,0.0007520651247239188,-8.191659807040432,13.655827054963693,-2.00873150457781,0.005961222109768571,55.22048897080278,-1.1340870385318487e-06,-0.004368401379121003,2.2273834615627432e-05,-0.7296290577311222,50.706364660444834,-0.7345522208048243,0.0007673661862751415,0.03299950671971715,23335,0.06721355037238498,0.012199999999999999,index_dividend_yield,0.065,12.44,65,23195.25,23363.55,23193.65,23217.6,mid_price,ok
2026-09-17T08:55:27.556087+00:00,2026-09-17T14:25:27.556087+05:30,NIFTY,29-Sep-2026,23050.0,PE,23283.3,93.45,195,93.75,195,93.35,93.6,5084,1508,14089,-32.50180766449747,12.87,-0.3024690136000786,0.0006409520441846741,-6.846396407696891,14.757085716025333,-1.3381482864699423,0.0049856571539173,29.260780142704945,-6.228012938177726e-07,-0.003709422514787007,2.1903185064078303e-05,-0.7213996907278624,-66.36846260320534,0.31013399482223813,0.0006539924662931345,0.03299950671971715,23335,0.06721355037238498,0.012199999999999999,index_dividend_yield,0.065,12.44,65,23195.25,23363.55,23193.65,23217.6,mid_price,ok
2026-09-17T08:55:27.556087+00:00,2026-09-17T14:25:27.556087+05:30,NIFTY,29-Sep-2026,23100.0,CE,23283.3,335.4,65,336.45,65,337,335.92499999999995,4467,589,15992,3.7881121034801355,10.62,0.6945723893359762,0.0007796679443696847,-8.814042220049092,14.812580090109329,-1.6171508557201175,0.004531542686743384,34.862340178611895,-8.89786617925481e-07,-0.005506772878200198,2.730082035625966e-05,-0.7116522943958579,51.86560055573856,-0.6865858279781737,0.0007920904678937495,0.03299950671971715,23335,0.06721355037238498,0.012199999999999999,index_dividend_yield,0.065,12.44,65,23195.25,23363.55,23193.65,23217.6,mid_price,ok
2026-09-17T08:55:27.556087+00:00,2026-09-17T14:25:27.556087+05:30,NIFTY,29-Sep-2026,23100.0,PE,23283.3,106.7,65,107.05,260,106.75,106.875,22075,5402,51277,-30.205949656750573,12.72,-0.3338233401153446,0.0006760578897879537,-6.977400738672896,15.383937711559641,-1.1607197617302945,0.0038453574347824815,21.062905778125973,-5.553450045667279e-07,-0.004389486784401187,2.5035726882574496e-05,-0.708168164709619,-64.69679559524818,0.3416730060288184,0.0006868295844563939,0.03299950671971715,23335,0.06721355037238498,0.012199999999999999,index_dividend_yield,0.065,12.44,65,23195.25,23363.55,23193.65,23217.6,mid_price,ok
2026-09-17T08:55:27.556087+00:00,2026-09-17T14:25:27.556087+05:30,NIFTY,29-Sep-2026,23150.0,CE,23283.3,300.1,325,301.15,195,300.35,300.625,4830,-521,5963,3.6941135853616434,10.41,0.6570741143673713,0.0008343179315444262,-8.878360560876406,15.537417056182052,-1.3632909859162545,0.0031071401833964174,23.367106544728955,-7.766884829165641e-07,-0.00676028914497101,3.185408679230717e-05,-0.6974399418010524,55.58889816917249,-0.6489693103434844,0.0008439537650283299,0.03299950671971715,23335,0.06721355037238498,0.012199999999999999,index_dividend_yield,0.065,12.44,65,23195.25,23363.55,23193.65,23217.6,mid_price,ok
2026-09-17T08:55:27.556087+00:00,2026-09-17T14:25:27.556087+05:30,NIFTY,29-Sep-2026,23150.0,PE,23283.3,120.9,520,121.35,195,120.35,121.125,8323,1751,16428,-29.3513354857646,12.62,-0.36756605321779223,0.0007056388551958878,-7.08348065884626,15.93082832663152,-0.940157206067882,0.0025398332129391576,13.437861031712295,-4.656805356106231e-07,-0.004996477086601078,2.7728453942460637e-05,-0.6973725899457488,-62.69909072477087,0.3755786737673688,0.0007137885284216008,0.03299950671971715,23335,0.06721355037238498,0.012199999999999999,index_dividend_yield,0.065,12.44,65,23195.25,23363.55,23193.65,23217.6,mid_price,ok
2026-09-17T08:55:27.556087+00:00,2026-09-17T14:25:27.556087+05:30,NIFTY,29-Sep-2026,23200.0,CE,23283.3,266.25,325,267.05,65,267.4,266.65,22807,3518,83296,3.1436837029893923,10.46,0.613775951100188,0.0008643026288045709,-9.046254392097165,16.173128399463913,-0.9901029015779161,0.0014110671586392565,12.137931073191055,-5.823030866257088e-07,-0.0076148816631401986,3.503327108480311e-05,-0.6880043756032297,58.41465005760991,-0.6054347714940358,0.000870520358214338,0.03299950671971715,23335,0.06721355037238498,0.012199999999999999,index_dividend_yield,0.065,12.44,65,23195.25,23363.55,23193.65,23217.6,mid_price,ok
2026-09-17T08:55:27.556087+00:00,2026-09-17T14:25:27.556087+05:30,NIFTY,29-Sep-2026,23200.0,PE,23283.3,138.35,65,138.7,390,138.7,138.52499999999998,52851,9845,100758,-26.82669480348193,12.49,-0.40263885086468,0.0007323565371375023,-7.100690946398074,16.363700301661453,-0.6920857243225553,0.0011103974467459032,7.2044754814726275,-3.632147990334828e-07,-0.005541431902872048,2.993385756307654e-05,-0.6905685632144625,-60.85671157813091,0.41072446634219945,0.0007376250560886633,0.03299950671971715,23335,0.06721355037238498,0.012199999999999999,index_dividend_yield,0.065,12.44,65,23195.25,23363.55,23193.65,23217.6,mid_price,ok
2026-09-17T08:55:27.556087+00:00,2026-09-17T14:25:27.556087+05:30,NIFTY,29-Sep-2026,23250.0,CE,23283.3,235.6,195,236.3,65,237.2,235.95,11990,631,30990,2.484337869950313,10.49,0.5696511494880925,0.000884972487117596,-9.111994016565472,16.607404867052217,-0.5877698706905354,-0.00040142625165540124,4.377518637479483,-3.749781745180488e-07,-0.008203789450929788,3.697267202207918e-05,-0.6858595415741249,61.41388815168313,-0.5611781439215967,0.0008875093204806547,0.03299950671971715,23335,0.06721355037238498,0.012199999999999999,index_dividend_yield,0.065,12.44,65,23195.25,23363.55,23193.65,23217.6,mid_price,ok
2026-09-17T08:55:27.556087+00:00,2026-09-17T14:25:27.556087+05:30,NIFTY,29-Sep-2026,23250.0,PE,23283.3,155.7,65,156.1,325,155,155.89999999999998,18243,1211,34973,-26.17289830912122,12.38,-0.43927404873363163,0.0007527928071244642,-7.0576194684259415,16.672188867820537,-0.4135424508386609,-0.00042425111636862356,2.6651368609478254,-2.4454665773831103e-07,-0.005960756583725903,3.142768914974508e-05,-0.6890400347575039,-58.8898933745844,0.44737312949827257,0.0007549507385137258,0.03299950671971715,23335,0.06721355037238498,0.012199999999999999,index_dividend_yield,0.065,12.44,65,23195.25,23363.55,23193.65,23217.6,mid_price,ok
2026-09-17T08:55:27.556087+00:00,2026-09-17T14:25:27.556087+05:30,NIFTY,29-Sep-2026,23300.0,CE,23283.3,205.05,390,205.7,195,204.9,205.375,51838,15329,150888,1.1352418558736426,10.38,0.525226666362414,0.0009064743575446784,-8.988666056177598,16.832529828459347,-0.17236293831057736,-0.0022939768392000737,0.4652075481850204,-1.634816326157278e-07,-0.008708645653968995,3.803599500884979e-05,-0.6921004459040212,65.33629954398155,-0.5168171593798176,0.0009051754136188469,0.03299950671971715,23335,0.06721355037238498,0.012199999999999999,index_dividend_yield,0.065,12.44,65,23195.25,23363.55,23193.65,23217.6,mid_price,ok
2026-09-17T08:55:27.556087+00:00,2026-09-17T14:25:27.556087+05:30,NIFTY,29-Sep-2026,23300.0,PE,23283.3,176.2,130,176.7,130,176.05,176.45,59543,12233,133520,-24.001726742931147,12.27,-0.477021690808675,0.0007671551921374215,-6.935652557600082,16.83931059565284,-0.11311639452693534,-0.0020245926757849753,0.2734296880362308,-1.1371171867417027e-07,-0.006240239953884366,3.212700532643879e-05,-0.693763752903017,-56.91675051839376,0.4850548263784292,0.0007660558873763949,0.03299950671971715,23335,0.06721355037238498,0.012199999999999999,index_dividend_yield,0.065,12.44,65,23195.25,23363.55,23193.65,23217.6,mid_price,ok
2026-09-17T08:55:27.556087+00:00,2026-09-17T14:25:27.556087+05:30,NIFTY,29-Sep-2026,23350.0,CE,23283.3,178.65,130,179.2,130,178.8,178.925,6379,1529,26061,0.3930376193149916,10.32,0.4797582354603033,0.0009124485788776666,-8.8037473547627,16.845527399047914,0.2663991896918738,-0.004201390110002701,0.5665469503650655,6.494934841906858e-08,-0.008811691532657262,3.746058369354327e-05,-0.707846586367065,69.18770600325402,-0.47147344439982,0.0009072431488550573,0.03299950671971715,23335,0.06721355037238498,0.012199999999999999,index_dividend_yield,0.065,12.44,65,23195.25,23363.55,23193.65,23217.6,mid_price,ok
2026-09-17T08:55:27.556087+00:00,2026-09-17T14:25:27.556087+05:30,NIFTY,29-Sep-2026,23350.0,PE,23283.3,198.05,65,198.5,650,198,198.275,3617,95,15480,-22.927209030751264,12.19,-0.5155172688681195,0.0007728508915124856,-6.753118588968391,16.853726185024694,0.20127580960521696,-0.003641325699989539,0.33567293044178825,2.6078852938710173e-08,-0.006325071379562801,3.186424635475153e-05,-0.7052609409451378,-54.80796718442806,0.5234236915322765,0.0007684418526616302,0.03299950671971715,23335,0.06721355037238498,0.012199999999999999,index_dividend_yield,0.065,12.44,65,23195.25,23363.55,23193.65,23217.6,mid_price,ok
2026-09-17T08:55:27.556087+00:00,2026-09-17T14:25:27.556087+05:30,NIFTY,29-Sep-2026,23400.0,CE,23283.3,152.5,390,152.9,260,153,152.7,37967,8348,77951,-1.066925315227934,10.26,0.4341216880772209,0.0009064540012705791,-8.5236813154162,16.637560477531835,0.7058263410708032,-0.006049273421414092,4.939640616550278,2.972180573457245e-07,-0.0085664865890284,3.538095564613471e-05,-0.7326753089421594,73.24108821869493,-0.42605890871741214,0.0008974352489551325,0.03299950671971715,23335,0.06721355037238498,0.012199999999999999,index_dividend_yield,0.065,12.44,65,23195.25,23363.55,23193.65,23217.6,mid_price,ok
2026-09-17T08:55:27.556087+00:00,2026-09-17T14:25:27.556087+05:30,NIFTY,29-Sep-2026,23400.0,PE,23283.3,222.7,65,223.35,780,221.9,223.02499999999998,31474,2097,40126,-21.673138016237203,12.24,-0.5536200582028602,0.0007632660037194163,-6.583271538103115,16.712978439094243,0.5088487000808883,-0.0051787249199728436,2.9138155720556114,1.634611507686811e-07,-0.006103156188806116,3.0390863478508352e-05,-0.7229198373542439,-52.1942563819071,0.5614130723452523,0.000755671898526326,0.03299950671971715,23335,0.06721355037238498,0.012199999999999999,index_dividend_yield,0.065,12.44,65,23195.25,23363.55,23193.65,23217.6,mid_price,ok
2026-09-17T08:55:27.556087+00:00,2026-09-17T14:25:27.556087+05:30,NIFTY,29-Sep-2026,23450.0,CE,23283.3,130.4,195,130.75,65,130.15,130.575,5679,-168,22765,-1.5879017013232515,10.19,0.3888079376565418,0.0008891848302236016,-8.145332415913236,16.209243443501972,1.1303538611535935,-0.007769155877367539,13.484438520201536,5.258675908230865e-07,-0.007987007350020647,3.187623529538508e-05,-0.7652854264141844,77.58526917912162,-0.38106826394871834,0.0008765877933747741,0.03299950671971715,23335,0.06721355037238498,0.012199999999999999,index_dividend_yield,0.065,12.44,65,23195.25,23363.55,23193.65,23217.6,mid_price,ok
2026-09-17T08:55:27.556087+00:00,2026-09-17T14:25:27.556087+05:30,NIFTY,29-Sep-2026,23450.0,PE,23283.3,250.1,65,250.95,455,250.1,250.52499999999998,2883,-691,5744,-19.646586345381525,12.16,-0.5918969618989919,0.0007545890690885959,-6.243496776455401,16.41498917603729,0.8143250337305785,-0.006677127228599478,8.027104741668012,3.0256381539710837e-07,-0.005836858060089185,2.8359148667073705e-05,-0.7466190427911207,-50.17597108706749,0.5994018840301698,0.0007438988436304748,0.03299950671971715,23335,0.06721355037238498,0.012199999999999999,index_dividend_yield,0.065,12.44,65,23195.25,23363.55,23193.65,23217.6,mid_price,ok
2026-09-17T08:55:27.556087+00:00,2026-09-17T14:25:27.556087+05:30,NIFTY,29-Sep-2026,23500.0,CE,23283.3,109.6,455,109.95,715,109.7,109.775,71963,5735,162998,-4.275741710296684,10.11,0.3443033025187556,0.0008607517492396648,-7.675801314933406,15.567740566593411,1.5245784432749432,-0.009292638887582028,25.819672580163378,7.434489658886978e-07,-0.007086771827482033,2.706693913304939e-05,-0.8033790164863657,82.25217792401186,-0.3369810387653153,0.0008449504807125102,0.03299950671971715,23335,0.06721355037238498,0.012199999999999999,index_dividend_yield,0.065,12.44,65,23195.25,23363.55,23193.65,23217.6,mid_price,ok
2026-09-17T08:55:27.556087+00:00,2026-09-17T14:25:27.556087+05:30,NIFTY,29-Sep-2026,23500.0,PE,23283.3,278.1,65,278.7,260,277.95,278.4,71985,6375,62013,-18.465825755353475,12.08,-0.6297229478481902,0.0007386952279275925,-5.829915865420628,15.963523051287495,1.1052664539912826,-0.008057732943552165,15.511706106416057,4.3758292561204584e-07,-0.005397537732504984,2.5491024895954754e-05,-0.7750362221473405,-48.18706768911516,0.636863889720723,0.0007251346145840564,0.03299950671971715,23335,0.06721355037238498,0.012199999999999999,index_dividend_yield,0.065,12.44,65,23195.25,23363.55,23193.65,23217.6,mid_price,ok
2026-09-17T08:55:27.556087+00:00,2026-09-17T14:25:27.556087+05:30,NIFTY,29-Sep-2026,23550.0,CE,23283.3,91.35,195,91.6,65,92.15,91.475,5633,1031,18068,-5.048943843379702,10.07,0.30203067464260547,0.0008186383991547218,-7.167610892301211,14.747489594413482,1.857803060107216,-0.010520107838229709,40.724129398959086,9.295032018671857e-07,-0.0058691419790564215,2.1206664391295086e-05,-0.8425745872631634,86.75299026007859,-0.29516815119475615,0.0008002014921537132,0.03299950671971715,23335,0.06721355037238498,0.012199999999999999,index_dividend_yield,0.065,12.44,65,23195.25,23363.55,23193.65,23217.6,mid_price,ok
2026-09-17T08:55:27.556087+00:00,2026-09-17T14:25:27.556087+05:30,NIFTY,29-Sep-2026,23550.0,PE,23283.3,311,65,311.95,130,320.3,311.475,2147,-130,1354,-14.541088580576307,12.19,-0.6641606657495683,0.0007067873227765692,-5.502141073139629,15.413063684006275,1.3355109284644007,-0.009167550312149775,23.984573684685984,5.391678805775709e-07,-0.004698457584957475,2.184708031936679e-05,-0.8036309129745085,-45.65580055407951,0.671021533702633,0.0006908694619078656,0.03299950671971715,23335,0.06721355037238498,0.012199999999999999,index_dividend_yield,0.065,12.44,65,23195.25,23363.55,23193.65,23217.6,mid_price,ok
2026-09-17T08:55:27.556087+00:00,2026-09-17T14:25:27.556087+05:30,NIFTY,29-Sep-2026,23600.0,CE,23283.3,75.55,390,75.85,325,75.75,75.69999999999999,35490,1733,69690,-6.769230769230769,10.02,0.26182141700581757,0.0007679667349270583,-6.595887167727599,13.765964529074898,2.1296822464655083,-0.0114428114635608,57.42142071801837,1.0864980591797524e-06,-0.0044609818373117244,1.4679958423851758e-05,-0.8797552213681232,91.54423891946686,-0.2554862337250921,0.0007474935863084216,0.03299950671971715,23335,0.06721355037238498,0.012199999999999999,index_dividend_yield,0.065,12.44,65,23195.25,23363.55,23193.65,23217.6,mid_price,ok
2026-09-17T08:55:27.556087+00:00,2026-09-17T14:25:27.556087+05:30,NIFTY,29-Sep-2026,23600.0,PE,23283.3,342.95,130,343.95,260,345.45,343.45,21564,-1172,13782,-15.278969957081545,12.14,-0.6990886482267893,0.00067750940471601,-4.994216083676238,14.71399251906196,1.560792588195914,-0.010177921747115404,34.500994526768025,6.456209805547817e-07,-0.003992320019147275,1.7820153384023028e-05,-0.8348260382729863,-43.71212058804122,0.7054856319900477,0.0006594477490446971,0.03299950671971715,23335,0.06721355037238498,0.012199999999999999,index_dividend_yield,0.065,12.44,65,23195.25,23363.55,23193.65,23217.6,mid_price,ok
2026-09-17T08:55:27.556087+00:00,2026-09-17T14:25:27.556087+05:30,NIFTY,29-Sep-2026,23650.0,CE,23283.3,61.9,520,62.1,65,62.35,62.0,7257,251,26272,-8.376193975018369,9.97,0.22426701652777686,0.0007097766998432699,-5.985082137296845,12.659408460895417,2.328699457051733,-0.01202676404256528,74.62150145664114,1.2069545254049052e-06,-0.002935098442088924,7.856947901006156e-06,-0.9106844548093296,96.53201039038663,-0.21850247504239706,0.0006879367593904851,0.03299950671971715,23335,0.06721355037238498,0.012199999999999999,index_dividend_yield,0.065,12.44,65,23195.25,23363.55,23193.65,23217.6,mid_price,ok
2026-09-17T08:55:27.556087+00:00,2026-09-17T14:25:27.556087+05:30,NIFTY,29-Sep-2026,23650.0,PE,23283.3,378.7,65,381.15,65,393.25,379.92499999999995,3219,-70,686,-11.529808773903262,12.49,-0.725653705445892,0.0006302977803567311,-4.784227439026661,14.08330977541817,1.6616809838710944,-0.010769568933789775,42.213766284143084,6.752322751003875e-07,-0.0031571878235059315,1.3971825612283066e-05,-0.8571542342327678,-40.87423386783016,0.7318802958131636,0.0006109034187306687,0.03299950671971715,23335,0.06721355037238498,0.012199999999999999,index_dividend_yield,0.065,12.44,65,23195.25,23363.55,23193.65,23217.6,mid_price,ok
2026-09-17T08:55:27.556087+00:00,2026-09-17T14:25:27.556087+05:30,NIFTY,29-Sep-2026,23700.0,CE,23283.3,50.25,455,50.45,585,50.4,50.35,41603,5144,102500,-10.08028545941124,9.97,0.1909363807502905,0.0006453633510762888,-5.399138118785226,11.510547287296188,2.435632258228029,-0.012252363414603173,90.06118262403362,1.2732163368667139e-06,-0.0014231598604764356,1.3798056624456405e-06,-0.9306545133915822,101.03559020333559,-0.18572271771044224,0.0006228689401344456,0.03299950671971715,23335,0.06721355037238498,0.012199999999999999,index_dividend_yield,0.065,12.44,65,23195.25,23363.55,23193.65,23217.6,mid_price,ok
2026-09-17T08:55:27.556087+00:00,2026-09-17T14:25:27.556087+05:30,NIFTY,29-Sep-2026,23700.0,PE,23283.3,417.15,65,418.8,130,418,417.975,15874,-956,5828,-13.22399833921528,12.18,-0.7614314437967437,0.0006008107596644607,-3.9749782804803524,13.091261738405072,1.8653593069901109,-0.011486891797935272,56.170331641078874,7.8770346352922e-07,-0.002354825376169685,9.116974098037135e-06,-0.8881232472522259,-39.69571338124166,0.766888190532527,0.0005798692480282108,0.03299950671971715,23335,0.06721355037238498,0.012199999999999999,index_dividend_yield,0.065,12.44,65,23195.25,23363.55,23193.65,23217.6,mid_price,ok
2026-09-17T08:55:27.556087+00:00,2026-09-17T14:25:27.556087+05:30,NIFTY,29-Sep-2026,23750.0,CE,23283.3,41,780,41.2,195,41.5,41.1,7954,1881,21856,-11.324786324786325,9.97,0.1608924183180781,0.0005790115450934944,-4.809677590465016,10.32711225168603,2.470146708014681,-0.012171371467808776,103.49480736510851,1.3008561337307496e-06,-4.297589589914979e-06,-4.5729413703540604e-06,-0.9384401930865387,105.62690767435689,-0.15623751526125493,0.0005564793632473605,0.03299950671971715,23335,0.06721355037238498,0.012199999999999999,index_dividend_yield,0.065,12.44,65,23195.25,23363.55,23193.65,23217.6,mid_price,ok
2026-09-17T08:55:27.556087+00:00,2026-09-17T14:25:27.556087+05:30,NIFTY,29-Sep-2026,23750.0,PE,23283.3,459.15,65,461.15,65,468.5,460.15,2061,-86,1064,-10.676835081029552,12.88,,,,,,,,,,,,,,,0.03299950671971715,,,,,,12.44,65,23195.25,23363.55,23193.65,23217.6,mid_price,no_price_available
2026-09-17T08:55:27.556087+00:00,2026-09-17T14:25:27.556087+05:30,NIFTY,29-Sep-2026,23800.0,CE,23283.3,33.15,1170,33.25,455,33.15,33.2,63421,7752,131451,-13.671875,10.02,0.13538576187640464,0.0005132458541356398,-4.277591845735689,9.200039404567482,2.429620954414194,-0.011832041749948952,113.15252350870608,1.2814026366478268e-06,0.0011909401193446571,-9.457262963592458e-06,-0.9327439450622759,109.52770597988444,-0.13123727426559062,0.0004912025399022461,0.03299950671971715,23335,0.06721355037238498,0.012199999999999999,index_dividend_yield,0.065,12.44,65,23195.25,23363.55,23193.65,23217.6,mid_price,ok
2026-09-17T08:55:27.556087+00:00,2026-09-17T14:25:27.556087+05:30,NIFTY,29-Sep-2026,23800.0,PE,23283.3,498.55,65,501.25,65,499.75,499.9,26338,635,5509,-11.052772092195426,12.85,,,,,,,,,,,,,,,0.03299950671971715,,,,,,12.44,65,23195.25,23363.55,23193.65,23217.6,mid_price,no_price_available
2026-09-17T08:55:27.556087+00:00,2026-09-17T14:25:27.556087+05:30,NIFTY,29-Sep-2026,23850.0,CE,23283.3,26.8,390,26.95,390,26.9,26.875,6143,-671,21411,-15.54160125588697,10.05,0.11258685005119357,0.0004497306753936622,-3.7483678858175637,8.085652803119695,2.341312013992389,-0.011279346914495227,120.09196854235692,1.238713825802967e-06,0.002205399015133268,-1.3534850071935418e-05,-0.9139991513582134,113.7376232136278,-0.10894531158452567,0.00042861247996281524,0.03299950671971715,23335,0.06721355037238498,0.012199999999999999,index_dividend_yield,0.065,12.44,65,23195.25,23363.55,23193.65,23217.6,mid_price,ok
2026-09-17T08:55:27.556087+00:00,2026-09-17T14:25:27.556087+05:30,NIFTY,29-Sep-2026,23850.0,PE,23283.3,544.2,65,547.8,130,547.3,546.0,1270,-81,687,-10.087070806637096,13.62,,,,,,,,,,,,,,,0.03299950671971715,,,,,,12.44,65,23195.25,23363.55,23193.65,23217.6,mid_price,no_price_available
2026-09-17T08:55:27.556087+00:00,2026-09-17T14:25:27.556087+05:30,NIFTY,29-Sep-2026,23900.0,CE,23283.3,21.35,2080,21.5,1170,21.5,21.425,51482,15386,93805,-18.250950570342205,10.11,0.09348449740747218,0.00039055979407807273,-3.2760966423935103,7.063748119385641,2.209705041896985,-0.01058548488996068,123.31552402059653,1.1687504587503295e-06,0.002955802727301772,-1.647497818897404e-05,-0.8837836603738776,117.4487527441796,-0.09029686298593995,0.00037066433376047064,0.03299950671971715,23335,0.06721355037238498,0.012199999999999999,index_dividend_yield,0.065,12.44,65,23195.25,23363.55,23193.65,23217.6,mid_price,ok
2026-09-17T08:55:27.556087+00:00,2026-09-17T14:25:27.556087+05:30,NIFTY,29-Sep-2026,23900.0,PE,23283.3,586.1,65,588.8,65,589.1,587.45,14563,654,2763,-9.895992658305293,12.73,,,,,,,,,,,,,,,0.03299950671971715,,,,,,12.44,65,23195.25,23363.55,23193.65,23217.6,mid_price,no_price_available
2026-09-17T08:55:27.556087+00:00,2026-09-17T14:25:27.556087+05:30,NIFTY,29-Sep-2026,23950.0,CE,23283.3,17.65,845,17.8,910,17.75,17.725,5633,361,12587,-20.40358744394619,10.22,0.07813084586746882,0.00033778868199176953,-2.8805297762370365,6.175789797901115,2.0516431238195922,-0.009837653513668304,123.01248216435967,1.0789370897582916e-06,0.0034237099233048324,-1.8264517085305658e-05,-0.8460502181631674,120.23804127079775,-0.07532419219104072,0.00031924428129985076,0.03299950671971715,23335,0.06721355037238498,0.012199999999999999,index_dividend_yield,0.065,12.44,65,23195.25,23363.55,23193.65,23217.6,mid_price,ok
2026-09-17T08:55:27.556087+00:00,2026-09-17T14:25:27.556087+05:30,NIFTY,29-Sep-2026,23950.0,PE,23283.3,634.5,130,638.6,65,635.9,636.55,1747,-166,292,-9.124687388352983,14.13,,,,,,,,,,,,,,,0.03299950671971715,,,,,,12.44,65,23195.25,23363.55,23193.65,23217.6,mid_price,no_price_available
2026-09-17T08:55:27.556087+00:00,2026-09-17T14:25:27.556087+05:30,NIFTY,29-Sep-2026,24000.0,CE,23283.3,14.8,2860,14.9,2860,14.9,14.850000000000001,150060,-2875,159546,-20.74468085106383,10.41,0.06657214905112899,0.00029332946552012635,-2.5825553184262753,5.462644476808171,1.8863160378593813,-0.009135029403773129,119.80618752900929,9.779762144877594e-07,0.0036160535065677345,-1.900127649058931e-05,-0.8068137004514062,121.50074126906708,-0.06405258479967023,0.00027607194528857465,0.03299950671971715,23335,0.06721355037238498,0.012199999999999999,index_dividend_yield,0.065,12.44,65,23195.25,23363.55,23193.65,23217.6,mid_price,ok
2026-09-17T08:55:27.556087+00:00,2026-09-17T14:25:27.556087+05:30,NIFTY,29-Sep-2026,24000.0,PE,23283.3,679.05,130,681.6,195,680.35,680.325,86634.15384615384,-2068,14800,-8.63492916135097,13.75,,,,,,,,,,,,,,,0.03299950671971715,,,,,,12.44,65,23195.25,23363.55,23193.65,23217.6,mid_price,no_price_available
2026-09-17T08:55:27.556087+00:00,2026-09-17T14:25:27.556087+05:30,NIFTY,29-Sep-2026,24050.0,CE,23283.3,12.1,1885,12.2,1885,12.2,12.149999999999999,6189,1354,13313,-22.78481012658228,10.54,0.05572048779545872,0.0002520899693569435,-2.265515589341514,4.753272277851291,1.7172469471398721,-0.008358033642998738,115.59972972284082,8.831951994352088e-07,0.003739547507235132,-1.9395282811154337e-05,-0.7598272644198802,123.68891742972106,-0.05350802347754759,0.00023627320475552865,0.03299950671971715,23335,0.06721355037238498,0.012199999999999999,index_dividend_yield,0.065,12.44,65,23195.25,23363.55,23193.65,23217.6,mid_price,ok
2026-09-17T08:55:27.556087+00:00,2026-09-17T14:25:27.556087+05:30,NIFTY,29-Sep-2026,24050.0,PE,23283.3,729.1,65,732.85,65,744.95,730.975,1344,-47,126,-6.0829551185073125,15.28,,,,,,,,,,,,,,,0.03299950671971715,,,,,,12.44,65,23195.25,23363.55,23193.65,23217.6,mid_price,no_price_available
2026-09-17T08:55:27.556087+00:00,2026-09-17T14:25:27.556087+05:30,NIFTY,29-Sep-2026,24100.0,CE,23283.3,10.4,1755,10.45,780,10.45,10.425,29672,2732,67151,-22.878228782287824,10.75,0.04779440199008849,0.0002187817930502681,-2.036944625396703,4.207422814644122,1.55998677759428,-0.007693739364296777,109.95351102318773,7.89326204898171e-07,0.003682659288276109,-1.913411678335249e-05,-0.7168311401447558,124.32028686102962,-0.045803329247358256,0.0002042049005322338,0.03299950671971715,23335,0.06721355037238498,0.012199999999999999,index_dividend_yield,0.065,12.44,65,23195.25,23363.55,23193.65,23217.6,mid_price,ok
2026-09-17T08:55:27.556087+00:00,2026-09-17T14:25:27.556087+05:30,NIFTY,29-Sep-2026,24100.0,PE,23283.3,773.35,65,777,65,780,775.175,12231,-201,1406,-6.65948662717645,15.48,,,,,,,,,,,,,,,0.03299950671971715,,,,,,12.44,65,23195.25,23363.55,23193.65,23217.6,mid_price,no_price_available
2026-09-17T08:55:27.556087+00:00,2026-09-17T14:25:27.556087+05:30,NIFTY,29-Sep-2026,24150.0,CE,23283.3,8.8,130,8.95,1365,8.85,8.875,6881,-15,6463,-23.70689655172414,10.95,0.040928169869259526,0.00018954754231522195,-1.824260253591891,3.713032861503948,1.4106634019269564,-0.0070460903044000794,103.80706241943072,7.029850055252603e-07,0.0035685288707316635,-1.8616124537983305e-05,-0.6725459623804326,125.0063013569917,-0.03914367283423367,0.00017618663275515662,0.03299950671971715,23335,0.06721355037238498,0.012199999999999999,index_dividend_yield,0.065,12.44,65,23195.25,23363.55,23193.65,23217.6,mid_price,ok
2026-09-17T08:55:27.556087+00:00,2026-09-17T14:25:27.556087+05:30,NIFTY,29-Sep-2026,24150.0,PE,23283.3,825.4,65,835.45,65,855.7,830.425,2438,-28,117,-3.8215128695065754,17.85,,,,,,,,,,,,,,,0.03299950671971715,,,,,,12.44,65,23195.25,23363.55,23193.65,23217.6,mid_price,no_price_available
2026-09-17T08:55:27.556087+00:00,2026-09-17T14:25:27.556087+05:30,NIFTY,29-Sep-2026,24200.0,CE,23283.3,7.85,1235,7.9,195,7.9,7.875,56413,13,46275,-23.67149758454106,11.22,0.03599879770193459,0.0001666125099539192,-1.6776602311300366,3.3442364787977152,1.2819834348621086,-0.006527710244407867,97.54306487997755,6.248860945724127e-07,0.0033749281649522434,-1.7841604834008365e-05,-0.6354242444832257,124.34805844436823,-0.0343566233335006,0.00015422896456517617,0.03299950671971715,23335,0.06721355037238498,0.012199999999999999,index_dividend_yield,0.065,12.44,65,23195.25,23363.55,23193.65,23217.6,mid_price,ok
2026-09-17T08:55:27.556087+00:00,2026-09-17T14:25:27.556087+05:30,NIFTY,29-Sep-2026,24200.0,PE,23283.3,872.1,65,875.65,65,873,873.875,26518,-338,928,-6.576060784418642,17.57,,,,,,,,,,,,,,,0.03299950671971715,,,,,,12.44,65,23195.25,23363.55,23193.65,23217.6,mid_price,no_price_available
2026-09-17T08:55:27.556087+00:00,2026-09-17T14:25:27.556087+05:30,NIFTY,29-Sep-2026,24250.0,CE,23283.3,6.9,455,6.95,130,6.9,6.925000000000001,7799,458,4093,-24.59016393442623,11.5,0.03189634544478425,0.00014715702126974963,-1.5516085766322165,3.0274386053884608,1.1665221943746948,-0.00606013112625094,91.44624963900205,5.557986777108344e-07,0.003165531142126091,-1.6994240532660894e-05,-0.6006742705756278,123.44878515403278,-0.030376754934709014,0.00013565836247110384,0.03299950671971715,23335,0.06721355037238498,0.012199999999999999,index_dividend_yield,0.065,12.44,65,23195.25,23363.55,23193.65,23217.6,mid_price,ok
2026-09-17T08:55:27.556087+00:00,2026-09-17T14:25:27.556087+05:30,NIFTY,29-Sep-2026,24250.0,PE,23283.3,921.9,65,938.55,195,947.4,930.2249999999999,2441,6,60,-4.225636878285483,18.43,,,,,,,,,,,,,,,0.03299950671971715,,,,,,12.44,65,23195.25,23363.55,23193.65,23217.6,mid_price,no_price_available
2026-09-17T08:55:27.556087+00:00,2026-09-17T14:25:27.556087+05:30,NIFTY,29-Sep-2026,24300.0,CE,23283.3,6.05,1040,6.1,390,6.05,6.074999999999999,72200,-777,23686,-24.375,11.72,0.027734813127048303,0.0001285813651023412,-1.404076701650703,2.695889951011618,1.052968199282538,-0.0055518411192235495,85.2855650032358,4.933753537273407e-07,0.0029707241068597395,-1.6118593682449878e-05,-0.5615301991538049,123.49681928555839,-0.02635921935394101,0.00011804689083729949,0.03299950671971715,23335,0.06721355037238498,0.012199999999999999,index_dividend_yield,0.065,12.44,65,23195.25,23363.55,23193.65,23217.6,mid_price,ok
2026-09-17T08:55:27.556087+00:00,2026-09-17T14:25:27.556087+05:30,NIFTY,29-Sep-2026,24300.0,PE,23283.3,971.9,130,975.65,65,976.15,973.775,45476,-146,532,-5.613034229356024,17.67,,,,,,,,,,,,,,,0.03299950671971715,,,,,,12.44,65,23195.25,23363.55,23193.65,23217.6,mid_price,no_price_available
2026-09-17T08:55:27.556087+00:00,2026-09-17T14:25:27.556087+05:30,NIFTY,29-Sep-2026,24350.0,CE,23283.3,5.6,975,5.7,715,5.6,5.65,8490,-962,3333,-25.333333333333332,12.09,0.02561783759900226,0.00011664807117622514,-1.3515885442544713,2.522901987036001,0.97251485949729,-0.005269724598155973,80.18086577337402,4.4195045858590384e-07,0.002742466012435924,-1.5253485342923712e-05,-0.5391547010727393,121.02045214123267,-0.024293188718844127,0.00010665192505072865,0.03299950671971715,23335,0.06721355037238498,0.012199999999999999,index_dividend_yield,0.065,12.44,65,23195.25,23363.55,23193.65,23217.6,mid_price,ok
2026-09-17T08:55:27.556087+00:00,2026-09-17T14:25:27.556087+05:30,NIFTY,29-Sep-2026,24350.0,PE,23283.3,1010.05,65,1036.7,195,1050,1023.375,4865,-15,50,-2.8542350927510753,20.13,,,,,,,,,,,,,,,0.03299950671971715,,,,,,12.44,65,23195.25,23363.55,23193.65,23217.6,mid_price,no_price_available
2026-09-17T08:55:27.556087+00:00,2026-09-17T14:25:27.556087+05:30,NIFTY,29-Sep-2026,24400.0,CE,23283.3,5.25,3185,5.3,1625,5.3,5.275,43565,174,24761,-25.874125874125873,12.43,0.023493708357466545,0.00010550787296647572,-1.2888907308895428,2.346132374429317,0.8963898628188537,-0.004976814641883362,75.30400125078995,3.964575754222957e-07,0.0025377341544275036,-1.4428586667564873e-05,-0.515443384661936,119.07370960318096,-0.022230212036730618,9.607143617804477e-05,0.03299950671971715,23335,0.06721355037238498,0.012199999999999999,index_dividend_yield,0.065,12.44,65,23195.25,23363.55,23193.65,23217.6,mid_price,ok
2026-09-17T08:55:27.556087+00:00,2026-09-17T14:25:27.556087+05:30,NIFTY,29-Sep-2026,24400.0,PE,23283.3,1067.7,65,1073.45,130,1070.8,1070.575,29475,-140,453,-5.062505541271389,17.6,,,,,,,,,,,,,,,0.03299950671971715,,,,,,12.44,65,23195.25,23363.55,23193.65,23217.6,mid_price,no_price_available
2026-09-17T08:55:27.556087+00:00,2026-09-17T14:25:27.556087+05:30,NIFTY,29-Sep-2026,24450.0,CE,23283.3,4.9,1430,4.95,390,4.95,4.925000000000001,5311,-556,3343,-25.56390977443609,12.81,0.021963809996765716,9.672986827644666e-05,-1.2519542833061323,2.2166965334266986,0.8337047849581204,-0.00475543294261704,71.03820356989621,3.5782323262053034e-07,0.0023448165996229468,-1.3671696718061307e-05,-0.49718255892588736,116.56980061833866,-0.020736318699686927,8.771864963345414e-05,0.03299950671971715,23335,0.06721355037238498,0.012199999999999999,index_dividend_yield,0.065,12.44,65,23195.25,23363.55,23193.65,23217.6,mid_price,ok
2026-09-17T08:55:27.556087+00:00,2026-09-17T14:25:27.556087+05:30,NIFTY,29-Sep-2026,24450.0,PE,23283.3,1118.7,65,1125,65,1143.25,1121.85,1245,-73,116,-4.282484929671802,20.72,,,,,,,,,,,,,,,0.03299950671971715,,,,,,12.44,65,23195.25,23363.55,23193.65,23217.6,mid_price,no_price_available
2026-09-17T08:55:27.556087+00:00,2026-09-17T14:25:27.556087+05:30,NIFTY,29-Sep-2026,24500.0,CE,23283.3,4.6,4745,4.65,3250,4.6,4.625,84656,913,50730,-26.4,13.11,0.019991733088539642,8.728272129324343e-05,-1.1806528329461274,2.0470454527483977,0.7669346387590078,-0.004464246127162015,66.61836386662645,3.218598123399813e-07,0.0021747495023258273,-1.2915291068488872e-05,-0.4727246845272317,115.27729033536767,-0.01883410854579631,7.882884755652183e-05,0.03299950671971715,23335,0.06721355037238498,0.012199999999999999,index_dividend_yield,0.065,12.44,65,23195.25,23363.55,23193.65,23217.6,mid_price,ok
2026-09-17T08:55:27.556087+00:00,2026-09-17T14:25:27.556087+05:30,NIFTY,29-Sep-2026,24500.0,PE,23283.3,1166.65,65,1171.9,65,1172.5,1169.275,46025,-280,3751,-4.833407735075687,18.87,,,,,,,,,,,,,,,0.03299950671971715,,,,,,12.44,65,23195.25,23363.55,23193.65,23217.6,mid_price,no_price_available
2026-09-17T08:55:27.556087+00:00,2026-09-17T14:25:27.556087+05:30,NIFTY,29-Sep-2026,24550.0,CE,23283.3,4.25,1560,4.3,1820,4.25,4.275,4750,-683,4851,-27.35042735042735,13.44,0.01847107606003818,7.960273956712725e-05,-1.1293451415044862,1.9139200812455186,0.7105941991207079,-0.00422926508916718,62.70069341828821,2.9098030000389763e-07,0.002015541673099021,-1.2219972992692844e-05,-0.45260243696155444,113.56905071491502,-0.01736377870285528,7.160017594089927e-05,0.03299950671971715,23335,0.06721355037238498,0.012199999999999999,index_dividend_yield,0.065,12.44,65,23195.25,23363.55,23193.65,23217.6,mid_price,ok
2026-09-17T08:55:27.556087+00:00,2026-09-17T14:25:27.556087+05:30,NIFTY,29-Sep-2026,24550.0,PE,23283.3,1217.95,65,1235,65,1251.45,1226.475,722,-37,67,-2.0353047085991625,23.06,,,,,,,,,,,,,,,0.03299950671971715,,,,,,12.44,65,23195.25,23363.55,23193.65,23217.6,mid_price,no_price_available
2026-09-17T08:55:27.556087+00:00,2026-09-17T14:25:27.556087+05:30,NIFTY,29-Sep-2026,24600.0,CE,23283.3,3.9,1105,3.95,2470,3.95,3.925,19820,-467,15297,-27.522935779816514,13.72,0.01679521135711535,7.189836699336553e-05,-1.061012707825125,1.7646949946219905,0.6537006854077481,-0.003962075686659716,58.74641183111262,2.623889850570491e-07,0.0018694441139455824,-1.152475373598917e-05,-0.42929745425965504,112.55262100843217,-0.01575502390101522,6.440771326856073e-05,0.03299950671971715,23335,0.06721355037238498,0.012199999999999999,index_dividend_yield,0.065,12.44,65,23195.25,23363.55,23193.65,23217.6,mid_price,ok
2026-09-17T08:55:27.556087+00:00,2026-09-17T14:25:27.556087+05:30,NIFTY,29-Sep-2026,24600.0,PE,23283.3,1264.85,195,1272.1,65,1298.5,1268.475,10293,-65,133,-1.8592698964552943,23.38,,,,,,,,,,,,,,,0.03299950671971715,,,,,,12.44,65,23195.25,23363.55,23193.65,23217.6,mid_price,no_price_available
2026-09-17T08:55:27.556087+00:00,2026-09-17T14:25:27.556087+05:30,NIFTY,29-Sep-2026,24650.0,CE,23283.3,3.65,390,3.7,1820,3.65,3.675,2291,-49,2445,-29.12621359223301,14.04,0.015558996512262663,6.580485994704403e-05,-1.0151161395402062,1.652804904681523,0.6069817030770119,-0.003756258079745679,55.33361278317905,2.3812691497651478e-07,0.001734352685043612,-1.0903548195240186e-05,-0.4110227870554337,111.00626350471089,-0.014563948111415391,5.871014998763238e-05,0.03299950671971715,23335,0.06721355037238498,0.012199999999999999,index_dividend_yield,0.065,12.44,65,23195.25,23363.55,23193.65,23217.6,mid_price,ok
2026-09-17T08:55:27.556087+00:00,2026-09-17T14:25:27.556087+05:30,NIFTY,29-Sep-2026,24650.0,PE,23283.3,1313.3,65,1323.5,65,1360.8,1318.4,558,-8,16,3.012869038607116,25.51,,,,,,,,,,,,,,,0.03299950671971715,,,,,,12.44,65,23195.25,23363.55,23193.65,23217.6,mid_price,no_price_available
2026-09-17T08:55:27.556087+00:00,2026-09-17T14:25:27.556087+05:30,NIFTY,29-Sep-2026,24700.0,CE,23283.3,3.5,845,3.55,4095,3.5,3.525,21362,-362,14087,-29.292929292929294,14.4,0.014684716377795072,6.104943325321141e-05,-0.988998331496175,1.5726810169298913,0.5692102667620297,-0.0036052843913566626,52.44237859445777,2.176727953907259e-07,0.0016117798561150881,-1.0361108203789452e-05,-0.3974331718370856,108.98479451984052,-0.013715443017410614,5.42471339555903e-05,0.03299950671971715,23335,0.06721355037238498,0.012199999999999999,index_dividend_yield,0.065,12.44,65,23195.25,23363.55,23193.65,23217.6,mid_price,ok
2026-09-17T08:55:27.556087+00:00,2026-09-17T14:25:27.556087+05:30,NIFTY,29-Sep-2026,24700.0,PE,23283.3,1367.9,65,1373.3,65,1380,1370.6,3402,-122,358,-3.5302341838518,22.14,,,,,,,,,,,,,,,0.03299950671971715,,,,,,12.44,65,23195.25,23363.55,23193.65,23217.6,mid_price,no_price_available
2026-09-17T08:55:27.556087+00:00,2026-09-17T14:25:27.556087+05:30,NIFTY,29-Sep-2026,24750.0,CE,23283.3,3.25,1235,3.3,1430,3.25,3.275,3850,-40,3815,-30.107526881720432,14.69,0.013526715410188057,5.575465352742283e-05,-0.9385319278841419,1.4652085124882441,0.5275758877853692,-0.0034022599131695998,49.32621950481752,1.9782514680004582e-07,0.001497422683740469,-9.790582591353645e-06,-0.3789118392995319,107.8613012792388,-0.01260713741561721,4.934234468556233e-05,0.03299950671971715,23335,0.06721355037238498,0.012199999999999999,index_dividend_yield,0.065,12.44,65,23195.25,23363.55,23193.65,23217.6,mid_price,ok
2026-09-17T08:55:27.556087+00:00,2026-09-17T14:25:27.556087+05:30,NIFTY,29-Sep-2026,24750.0,PE,23283.3,1402.5,65,1423.6,65,1466.15,1413.05,428,-12,14,-5.531572164948454,27.49,,,,,,,,,,,,,,,0.03299950671971715,,,,,,12.44,65,23195.25,23363.55,23193.65,23217.6,mid_price,no_price_available
2026-09-17T08:55:27.556087+00:00,2026-09-17T14:25:27.556087+05:30,NIFTY,29-Sep-2026,24800.0,CE,23283.3,2.95,1950,3,3705,3,2.975,16352,672,11875,-29.41176470588235,14.92,0.01220183925819421,5.02127814934476e-05,-0.8707027428755433,1.340230874851194,0.48371589861317,-0.003162536338340863,46.04313050092512,1.7871029036606422e-07,0.001388474538174388,-9.19391270080101e-06,-0.35666093308099955,107.44848767703364,-0.01134899334017963,4.4258835779797335e-05,0.03299950671971715,23335,0.06721355037238498,0.012199999999999999,index_dividend_yield,0.065,12.44,65,23195.25,23363.55,23193.65,23217.6,mid_price,ok
2026-09-17T08:55:27.556087+00:00,2026-09-17T14:25:27.556087+05:30,NIFTY,29-Sep-2026,24800.0,PE,23283.3,1462.5,65,1470.8,195,1488.2,1466.65,5246,-22,73,-2.2175498538059726,24.61,,,,,,,,,,,,,,,0.03299950671971715,,,,,,12.44,65,23195.25,23363.55,23193.65,23217.6,mid_price,no_price_available
2026-09-17T08:55:27.556087+00:00,2026-09-17T14:25:27.556087+05:30,NIFTY,29-Sep-2026,24850.0,CE,23283.3,2.7,1170,2.75,780,2.75,2.725,3911,-24,1149,-30.379746835443036,15.21,0.011298647053590653,4.607527232716487e-05,-0.8291902369468483,1.2537000432365042,0.4497041688003725,-0.002992245545490768,43.366037495930485,1.6299935165347548e-07,0.001290814396414719,-8.691492400808003e-06,-0.34059100986027957,106.31342984852498,-0.010486733006691605,4.044866502062158e-05,0.03299950671971715,23335,0.06721355037238498,0.012199999999999999,index_dividend_yield,0.065,12.44,65,23195.25,23363.55,23193.65,23217.6,mid_price,ok
2026-09-17T08:55:27.556087+00:00,2026-09-17T14:25:27.556087+05:30,NIFTY,29-Sep-2026,24850.0,PE,23283.3,1509.9,130,1530.45,715,1552.7,1520.1750000000002,210,-1,3,-0.2825765846766425,27.2,,,,,,,,,,,,,,,0.03299950671971715,,,,,,12.44,65,23195.25,23363.55,23193.65,23217.6,mid_price,no_price_available
2026-09-17T08:55:27.556087+00:00,2026-09-17T14:25:27.556087+05:30,NIFTY,29-Sep-2026,24900.0,CE,23283.3,2.65,1105,2.7,845,2.7,2.675,6957,-990,6738,-28.94736842105263,15.55,0.010699528916968975,4.298155301544736e-05,-0.8074207941244756,1.1956636129948586,0.4233845913309015,-0.002875513554051508,41.19855318225974,1.5005572848994654e-07,0.0012045688867469181,-8.273588394468673e-06,-0.3294437157900283,104.62587056465298,-0.009909208149023184,3.758135868694676e-05,0.03299950671971715,23335,0.06721355037238498,0.012199999999999999,index_dividend_yield,0.065,12.44,65,23195.25,23363.55,23193.65,23217.6,mid_price,ok
2026-09-17T08:55:27.556087+00:00,2026-09-17T14:25:27.556087+05:30,NIFTY,29-Sep-2026,24900.0,PE,23283.3,1564.15,65,1570.9,130,1595,1567.525,1061,-12,32,-2.3270055113288426,26.83,,,,,,,,,,,,,,,0.03299950671971715,,,,,,12.44,65,23195.25,23363.55,23193.65,23217.6,mid_price,no_price_available
2026-09-17T08:55:27.556087+00:00,2026-09-17T14:25:27.556087+05:30,NIFTY,29-Sep-2026,24950.0,CE,23283.3,2.5,260,2.6,1755,2.55,2.55,1711,-38,1443,-32.89473684210526,15.89,0.010156286906515703,4.019432541066814e-05,-0.7874642075416929,1.1425761579130131,0.39937714989984796,-0.002767629723413373,39.194468897049916,1.3846887467522294e-07,0.001125833906401089,-7.885465046595501e-06,-0.3190445206010726,102.98115981830935,-0.009385796050698584,3.5003599992083486e-05,0.03299950671971715,23335,0.06721355037238498,0.012199999999999999,index_dividend_yield,0.065,12.44,65,23195.25,23363.55,23193.65,23217.6,mid_price,ok
2026-09-17T08:55:27.556087+00:00,2026-09-17T14:25:27.556087+05:30,NIFTY,29-Sep-2026,24950.0,PE,23283.3,1606.3,585,1630.45,780,1568.2,1618.375,73,-2,3,-6.707516582884678,0,,,,,,,,,,,,,,,0.03299950671971715,,,,,,12.44,65,23195.25,23363.55,23193.65,23217.6,mid_price,no_price_available
2026-09-17T08:55:27.556087+00:00,2026-09-17T14:25:27.556087+05:30,NIFTY,29-Sep-2026,25000.0,CE,23283.3,2.4,12155,2.45,5070,2.4,2.425,73298,-2896,17780,-30.434782608695652,16.18,0.0094747071302852,3.7150102913156446e-05,-0.7537691456096318,1.0753133917409063,0.3732991344959618,-0.0026304395416785423,37.04572250515192,1.2710679649090954e-07,0.0010502337835749693,-7.4750721449400655e-06,-0.3056835139130193,101.89929464925187,-0.0087375016798086,3.222323004516259e-05,0.03299950671971715,23335,0.06721355037238498,0.012199999999999999,index_dividend_yield,0.065,12.44,65,23195.25,23363.55,23193.65,23217.6,mid_price,ok
2026-09-17T08:55:27.556087+00:00,2026-09-17T14:25:27.556087+05:30,NIFTY,29-Sep-2026,25000.0,PE,23283.3,1664,65,1670.35,65,1670,1667.175,30585.923076923078,-597,1317,-3.303320691352306,24.23,,,,,,,,,,,,,,,0.03299950671971715,,,,,,12.44,65,23195.25,23363.55,23193.65,23217.6,mid_price,no_price_available
2026-09-17T08:55:27.556087+00:00,2026-09-17T14:25:27.556087+05:30,NIFTY,29-Sep-2026,25050.0,CE,23283.3,2.3,195,2.35,3120,2.3,2.325,1156,-78,1780,-33.333333333333336,16.55,0.009140912345517059,3.519752114007809e-05,-0.7463447364183018,1.0420932733418133,0.3557650062134274,-0.0025608063565554368,35.506350829857865,1.1835203935747512e-07,0.0009865593678722903,-7.169776655379399e-06,-0.2988396033566222,100.017137232706,-0.00841128395371252,3.0407848021437427e-05,0.03299950671971715,23335,0.06721355037238498,0.012199999999999999,index_dividend_yield,0.065,12.44,65,23195.25,23363.55,23193.65,23217.6,mid_price,ok
2026-09-17T08:55:27.556087+00:00,2026-09-17T14:25:27.556087+05:30,NIFTY,29-Sep-2026,25050.0,PE,23283.3,1691.95,65,1729.95,130,0.0,1710.95,59,0,0,0,16.31,,,,,,,,,,,,,,,0.03299950671971715,,,,,,12.44,65,23195.25,23363.55,23193.65,23217.6,mid_price,no_price_available
2026-09-17T08:55:27.556087+00:00,2026-09-17T14:25:27.556087+05:30,NIFTY,29-Sep-2026,25100.0,CE,23283.3,2.2,455,2.25,3315,2.25,2.225,5436,313,5397,-30.76923076923077,16.82,0.00849893450602398,3.2491126605126445e-05,-0.710896178854797,0.9776587192839971,0.33217427273376804,-0.002426991103766973,33.52976392233131,1.087379218427278e-07,0.0009211234639226421,-6.79120060533047e-06,-0.28557229290251684,99.17232100624501,-0.0078042985774598,2.7958018983128436e-05,0.03299950671971715,23335,0.06721355037238498,0.012199999999999999,index_dividend_yield,0.065,12.44,65,23195.25,23363.55,23193.65,23217.6,mid_price,ok
2026-09-17T08:55:27.556087+00:00,2026-09-17T14:25:27.556087+05:30,NIFTY,29-Sep-2026,25100.0,PE,23283.3,1759.35,65,1774.85,195,1683.9,1767.1,1503,-6,7,-7.7315068493150685,0,,,,,,,,,,,,,,,0.03299950671971715,,,,,,12.44,65,23195.25,23363.55,23193.65,23217.6,mid_price,no_price_available
2026-09-17T08:55:27.556087+00:00,2026-09-17T14:25:27.556087+05:30,NIFTY,29-Sep-2026,25150.0,CE,23283.3,2.05,975,2.1,520,2.1,2.075,588,32,637,-32.25806451612903,17.13,0.008043044136717756,3.039512476413806e-05,-0.6890952458553917,0.9314462731191704,0.31341634037531035,-0.0023293957704572784,31.904149265725433,1.0071509292852993e-07,0.000863642611940228,-6.474192270879169e-06,-0.27579443005094595,97.94546192827985,-0.0073700453812388335,2.6050557357414653e-05,0.03299950671971715,23335,0.06721355037238498,0.012199999999999999,index_dividend_yield,0.065,12.44,65,23195.25,23363.55,23193.65,23217.6,mid_price,ok
2026-09-17T08:55:27.556087+00:00,2026-09-17T14:25:27.556087+05:30,NIFTY,29-Sep-2026,25150.0,PE,23283.3,1675.7,1690,1842.15,65,0.0,1758.9250000000002,23,0,0,0,29.07,,,,,,,,,,,,,,,0.03299950671971715,,,,,,12.44,65,23195.25,23363.55,23193.65,23217.6,mid_price,no_price_available
2026-09-17T08:55:27.556087+00:00,2026-09-17T14:25:27.556087+05:30,NIFTY,29-Sep-2026,25200.0,CE,23283.3,2,3250,2.05,9100,2,2.025,8950,-720,6560,-33.333333333333336,17.42,0.00756759800523944,2.8328941104012696e-05,-0.663564692373003,0.882825782788165,0.2948317929282128,-0.002225889232390488,30.28882047635817,9.315271481656825e-08,0.0008092919749407579,-6.159861342831965e-06,-0.26532841669994045,96.92599892413308,-0.006919872492563781,2.4183453936869907e-05,0.03299950671971715,23335,0.06721355037238498,0.012199999999999999,index_dividend_yield,0.065,12.44,65,23195.25,23363.55,23193.65,23217.6,mid_price,ok
2026-09-17T08:55:27.556087+00:00,2026-09-17T14:25:27.556087+05:30,NIFTY,29-Sep-2026,25200.0,PE,23283.3,1858.7,65,1881.55,260,1791.4,1870.125,1220,-12,16,-6.94025974025974,0,,,,,,,,,,,,,,,0.03299950671971715,,,,,,12.44,65,23195.25,23363.55,23193.65,23217.6,mid_price,no_price_available
2026-09-17T08:55:27.556087+00:00,2026-09-17T14:25:27.556087+05:30,NIFTY,29-Sep-2026,25250.0,CE,23283.3,1.9,195,1.95,975,1.9,1.9249999999999998,725,-67,758,-34.48275862068966,17.71,0.007134045729168782,2.645305940149317e-05,-0.6398595868829211,0.8380906283670001,0.2777532773729878,-0.0021296146210789246,28.78469930116062,8.630521194264584e-08,0.0007591570032478277,-5.865855048691324e-06,-0.255501948660807,95.91817294194718,-0.006509798001571123,2.2492732078945893e-05,0.03299950671971715,23335,0.06721355037238498,0.012199999999999999,index_dividend_yield,0.065,12.44,65,23195.25,23363.55,23193.65,23217.6,mid_price,ok
2026-09-17T08:55:27.556087+00:00,2026-09-17T14:25:27.556087+05:30,NIFTY,29-Sep-2026,25250.0,PE,23283.3,1871.6,130,1928.7,65,0.0,1900.15,26,0,0,0,19.56,,,,,,,,,,,,,,,0.03299950671971715,,,,,,12.44,65,23195.25,23363.55,23193.65,23217.6,mid_price,no_price_available
2026-09-17T08:55:27.556087+00:00,2026-09-17T14:25:27.556087+05:30,NIFTY,29-Sep-2026,25300.0,CE,23283.3,1.6,4550,1.65,6500,1.65,1.625,11529,3695,10408,-37.735849056603776,17.74,0.006077234255145769,2.2917847713306744e-05,-0.5558179766554469,0.7273173718644327,0.24618482859530041,-0.0018889692727886926,26.108514571505815,7.648868071396434e-08,0.0006934726661346934,-5.358544892733023e-06,-0.2305362389731026,97.27279147572334,-0.005535312895415611,1.9409835506238485e-05,0.03299950671971715,23335,0.06721355037238498,0.012199999999999999,index_dividend_yield,0.065,12.44,65,23195.25,23363.55,23193.65,23217.6,mid_price,ok
2026-09-17T08:55:27.556087+00:00,2026-09-17T14:25:27.556087+05:30,NIFTY,29-Sep-2026,25300.0,PE,23283.3,1958.35,65,1970.95,130,1997.9,1964.65,452,-2,3,-1.0450718177315503,32.22,,,,,,,,,,,,,,,0.03299950671971715,,,,,,12.44,65,23195.25,23363.55,23193.65,23217.6,mid_price,no_price_available
2026-09-17T08:55:27.556087+00:00,2026-09-17T14:25:27.556087+05:30,NIFTY,29-Sep-2026,25350.0,CE,23283.3,1.65,1235,1.75,1430,1.7,1.7,418,107,562,-34.61538461538461,18.25,0.006276669797054598,2.2923777795167913e-05,-0.587858028082334,0.7484203278995996,0.24522932553817975,-0.0019338145814847127,25.888669639340666,7.393395396468833e-08,0.0006673291581064301,-5.299089971036339e-06,-0.23523266320079173,94.28549693672772,-0.005703810485038594,1.9338346195589692e-05,0.03299950671971715,23335,0.06721355037238498,0.012199999999999999,index_dividend_yield,0.065,12.44,65,23195.25,23363.55,23193.65,23217.6,mid_price,ok
2026-09-17T08:55:27.556087+00:00,2026-09-17T14:25:27.556087+05:30,NIFTY,29-Sep-2026,25350.0,PE,23283.3,1973.35,130,2028.6,130,0.0,2000.975,16,0,0,0,6.15,,,,,,,,,,,,,,,0.03299950671971715,,,,,,12.44,65,23195.25,23363.55,23193.65,23217.6,mid_price,no_price_available
2026-09-17T08:55:27.556087+00:00,2026-09-17T14:25:27.556087+05:30,NIFTY,29-Sep-2026,25400.0,CE,23283.3,1.5,7800,1.55,6565,1.5,1.525,8753,3925,12026,-38.775510204081634,18.44,0.005720128352282336,2.0894934348001056e-05,-0.5466435864931143,0.6892843905760906,0.22645249377977555,-0.001802743721377213,24.22016921071979,6.759772023327217e-08,0.0006208766641377177,-4.974973975818552e-06,-0.22144010872665676,94.16063804450563,-0.005187757332133266,1.755749872863511e-05,0.03299950671971715,23335,0.06721355037238498,0.012199999999999999,index_dividend_yield,0.065,12.44,65,23195.25,23363.55,23193.65,23217.6,mid_price,ok
2026-09-17T08:55:27.556087+00:00,2026-09-17T14:25:27.556087+05:30,NIFTY,29-Sep-2026,25400.0,PE,23283.3,2053.15,65,2073.05,65,2060.55,2063.1000000000004,403,0,1,-2.927874876336741,26.31,,,,,,,,,,,,,,,0.03299950671971715,,,,,,12.44,65,23195.25,23363.55,23193.65,23217.6,mid_price,no_price_available
2026-09-17T08:55:27.556087+00:00,2026-09-17T14:25:27.556087+05:30,NIFTY,29-Sep-2026,25450.0,CE,23283.3,1.55,130,1.8,715,1.55,1.675,632,-9,159,-35.416666666666664,18.82,0.005626636425065582,2.0175688801897822e-05,-0.5493800145828627,0.6792732396202033,0.21920967894713955,-0.0017794839084314905,23.499119441455385,6.405983089001407e-08,0.0005907465483134208,-4.825871509172123e-06,-0.21897194946517526,92.42303776233578,-0.005091913408654583,1.68865863508644e-05,0.03299950671971715,23335,0.06721355037238498,0.012199999999999999,index_dividend_yield,0.065,12.44,65,23195.25,23363.55,23193.65,23217.6,mid_price,ok
2026-09-17T08:55:27.556087+00:00,2026-09-17T14:25:27.556087+05:30,NIFTY,29-Sep-2026,25450.0,PE,23283.3,2004.9,780,2138.6,65,0.0,2071.75,11,0,0,0,6.11,,,,,,,,,,,,,,,0.03299950671971715,,,,,,12.44,65,23195.25,23363.55,23193.65,23217.6,mid_price,no_price_available
2026-09-17T08:55:27.556087+00:00,2026-09-17T14:25:27.556087+05:30,NIFTY,29-Sep-2026,25500.0,CE,23283.3,1.65,18720,1.7,5330,1.7,1.6749999999999998,49301,4511,21920,-29.166666666666668,19.47,0.00613208840249953,2.1048410295587902e-05,-0.6129063016247963,0.7331313115983578,0.2260996840368944,-0.0018971170942888175,23.948199787349854,6.370850065154372e-08,0.0005794376181311137,-4.893037298614225e-06,-0.23138665802592595,88.63529240619226,-0.005535860262657914,1.7548015442833734e-05,0.03299950671971715,23335,0.06721355037238498,0.012199999999999999,index_dividend_yield,0.065,12.44,65,23195.25,23363.55,23193.65,23217.6,mid_price,ok
2026-09-17T08:55:27.556087+00:00,2026-09-17T14:25:27.556087+05:30,NIFTY,29-Sep-2026,25500.0,PE,23283.3,2164.6,65,2171.8,260,2165,2168.2,22497,-103,566,-2.7272318821045065,30.57,,,,,,,,,,,,,,,0.03299950671971715,,,,,,12.44,65,23195.25,23363.55,23193.65,23217.6,mid_price,no_price_available
2026-09-17T08:55:27.556087+00:00,2026-09-17T14:25:27.556087+05:30,NIFTY,29-Sep-2026,25550.0,CE,23283.3,1.55,260,1.75,1365,1.55,1.65,575,-3,91,-29.545454545454547,19.58,0.005459927262525079,1.888129383043859e-05,-0.5556911265554778,0.6613646136385231,0.20609648739269587,-0.0017377447000453605,22.18513636054187,5.779356772292857e-08,0.0005369163080991445,-4.55407421554919e-06,-0.21452769095729893,89.12531478363103,-0.004919716657995938,1.5679745517099152e-05,0.03299950671971715,23335,0.06721355037238498,0.012199999999999999,index_dividend_yield,0.065,12.44,65,23195.25,23363.55,23193.65,23217.6,mid_price,ok
2026-09-17T08:55:27.556087+00:00,2026-09-17T14:25:27.556087+05:30,NIFTY,29-Sep-2026,25550.0,PE,23283.3,2177.15,130,2227.2,65,0.0,2202.175,6,0,0,0,0,,,,,,,,,,,,,,,0.03299950671971715,,,,,,12.44,65,23195.25,23363.55,23193.65,23217.6,mid_price,no_price_available
2026-09-17T08:55:27.556087+00:00,2026-09-17T14:25:27.556087+05:30,NIFTY,29-Sep-2026,25600.0,CE,23283.3,1.55,1170,1.6,845,1.55,1.5750000000000002,2429,95,1565,-27.906976744186046,20.09,0.005649722085325946,1.896911327875468e-05,-0.5873141911717775,0.6817473881467779,0.20616981581141794,-0.0017822297006148625,22.08883436210629,5.625784572225271e-08,0.0005201708603235279,-4.523158903886676e-06,-0.21926081898264593,86.60550879516094,-0.005079112695436587,1.5691200340062474e-05,0.03299950671971715,23335,0.06721355037238498,0.012199999999999999,index_dividend_yield,0.065,12.44,65,23195.25,23363.55,23193.65,23217.6,mid_price,ok
2026-09-17T08:55:27.556087+00:00,2026-09-17T14:25:27.556087+05:30,NIFTY,29-Sep-2026,25600.0,PE,23283.3,2255.3,130,2276.65,130,2250,2265.9750000000004,477,0,1,-1.3157894736842106,24.79,,,,,,,,,,,,,,,0.03299950671971715,,,,,,12.44,65,23195.25,23363.55,23193.65,23217.6,mid_price,no_price_available
2026-09-17T08:55:27.556087+00:00,2026-09-17T14:25:27.556087+05:30,NIFTY,29-Sep-2026,25650.0,CE,23283.3,1.55,195,1.7,1300,1.6,1.625,824,197,259,-27.272727272727273,20.54,0.0057147207439302685,1.874290431516357e-05,-0.6061920533617823,0.6887059631325851,0.20345776471153257,-0.0017968374810737873,21.76377383665845,5.423758470980391e-08,0.0005010305067375974,-4.450525588091444e-06,-0.2208096849998906,84.63631478957177,-0.005126138322106934,1.5443695036834257e-05,0.03299950671971715,23335,0.06721355037238498,0.012199999999999999,index_dividend_yield,0.065,12.44,65,23195.25,23363.55,23193.65,23217.6,mid_price,ok
2026-09-17T08:55:27.556087+00:00,2026-09-17T14:25:27.556087+05:30,NIFTY,29-Sep-2026,25650.0,PE,23283.3,2200.2,780,2343.3,65,0.0,2271.75,1,0,0,0,13.42,,,,,,,,,,,,,,,0.03299950671971715,,,,,,12.44,65,23195.25,23363.55,23193.65,23217.6,mid_price,no_price_available
2026-09-17T08:55:27.556087+00:00,2026-09-17T14:25:27.556087+05:30,NIFTY,29-Sep-2026,25700.0,CE,23283.3,1.4,1560,1.45,1820,1.4,1.4249999999999998,3305,13,1446,-28.205128205128204,20.62,0.005065616745280185,1.6772470860054206e-05,-0.5464061955122811,0.6187030015815904,0.18506143684276793,-0.0016396776896272943,20.124889371680776,4.9186253124271445e-08,0.0004642136364763405,-4.135123936576088e-06,-0.20400895315301626,85.27453061082196,-0.004535453766732948,1.3766383610072093e-05,0.03299950671971715,23335,0.06721355037238498,0.012199999999999999,index_dividend_yield,0.065,12.44,65,23195.25,23363.55,23193.65,23217.6,mid_price,ok
2026-09-17T08:55:27.556087+00:00,2026-09-17T14:25:27.556087+05:30,NIFTY,29-Sep-2026,25700.0,PE,23283.3,2226.9,65,2369.65,65,2440,2298.275,185,0,1,0,42.77,,,,,,,,,,,,,,,0.03299950671971715,,,,,,12.44,65,23195.25,23363.55,23193.65,23217.6,mid_price,no_price_available
2026-09-17T08:55:27.556087+00:00,2026-09-17T14:25:27.556087+05:30,NIFTY,29-Sep-2026,25750.0,CE,23283.3,1.2,715,1.4,520,1.5,1.2999999999999998,113,-2,63,-30.232558139534884,20.99,0.004993169454544,1.626679373034551e-05,-0.5487930276707583,0.6108167167379662,0.179871188382454,-0.0016211955693136422,19.59840091014503,4.692919496653199e-08,0.00044441944637111557,-4.026512659817748e-06,-0.2020136512749273,83.90012050036829,-0.004461040673339155,1.3299538189381162e-05,0.03299950671971715,23335,0.06721355037238498,0.012199999999999999,index_dividend_yield,0.065,12.44,65,23195.25,23363.55,23193.65,23217.6,mid_price,wide_quote_low_liquidity
2026-09-17T08:55:27.556087+00:00,2026-09-17T14:25:27.556087+05:30,NIFTY,29-Sep-2026,25750.0,PE,23283.3,2247.45,780,2443.6,65,0.0,2345.5249999999996,8,0,0,0,0,,,,,,,,,,,,,,,0.03299950671971715,,,,,,12.44,65,23195.25,23363.55,23193.65,23217.6,mid_price,no_price_available
2026-09-17T08:55:27.556087+00:00,2026-09-17T14:25:27.556087+05:30,NIFTY,29-Sep-2026,25800.0,CE,23283.3,1.45,3705,1.55,2860,1.5,1.5,4858,57,1629,-23.076923076923077,21.36,0.004925661266081782,1.579234360361488e-05,-0.551418562221647,0.603454248208772,0.17498397262650675,-0.0016039099026959032,19.10072108948152,4.483033089402154e-08,0.0004259187006713355,-3.923810824699985e-06,-0.20014380708298848,82.5671283337213,-0.004391343026140615,1.2861636779120814e-05,0.03299950671971715,23335,0.06721355037238498,0.012199999999999999,index_dividend_yield,0.065,12.44,65,23195.25,23363.55,23193.65,23217.6,mid_price,ok
2026-09-17T08:55:27.556087+00:00,2026-09-17T14:25:27.556087+05:30,NIFTY,29-Sep-2026,25800.0,PE,23283.3,2400.75,65,2469.7,65,2550,2435.225,321,-1,2,8.51063829787234,45.24,,,,,,,,,,,,,,,0.03299950671971715,,,,,,12.44,65,23195.25,23363.55,23193.65,23217.6,mid_price,no_price_available
2026-09-17T08:55:27.556087+00:00,2026-09-17T14:25:27.556087+05:30,NIFTY,29-Sep-2026,25850.0,CE,23283.3,1.35,195,1.6,1495,1.6,1.475,134,20,174,-8.571428571428571,21.88,0.0051225327865635165,1.596461061810147e-05,-0.5845584952782813,0.6248879701954626,0.17604055169176533,-0.0016518000859955173,19.115133075275125,4.3962804607587915e-08,0.000415378028493654,-3.917238267007829e-06,-0.20531338753373585,80.3337156963474,-0.0045564716644622884,1.2951685900364238e-05,0.03299950671971715,23335,0.06721355037238498,0.012199999999999999,index_dividend_yield,0.065,12.44,65,23195.25,23363.55,23193.65,23217.6,mid_price,wide_quote_low_liquidity
2026-09-17T08:55:27.556087+00:00,2026-09-17T14:25:27.556087+05:30,NIFTY,29-Sep-2026,25850.0,PE,23283.3,2445.3,780,2544.05,65,0.0,2494.675,0,0,0,0,0,,,,,,,,,,,,,,,0.03299950671971715,,,,,,12.44,65,23195.25,23363.55,23193.65,23217.6,mid_price,no_price_available
2026-09-17T08:55:27.556087+00:00,2026-09-17T14:25:27.556087+05:30,NIFTY,29-Sep-2026,25900.0,CE,23283.3,1.35,130,1.5,195,1.35,1.425,708,-9,200,-25,21.84,0.0043845796532664474,1.3922028638894765e-05,-0.5076893159256761,0.5439408465575183,0.15666314386037242,-0.0014665419207200668,17.365392761380328,3.925069883778808e-08,0.0003807067659162375,-3.5802711936769287e-06,-0.185156040684033,81.63940061581008,-0.0038933210474666694,1.1251024298022966e-05,0.03299950671971715,23335,0.06721355037238498,0.012199999999999999,index_dividend_yield,0.065,12.44,65,23195.25,23363.55,23193.65,23217.6,mid_price,ok
2026-09-17T08:55:27.556087+00:00,2026-09-17T14:25:27.556087+05:30,NIFTY,29-Sep-2026,25900.0,PE,23283.3,2423.5,780,2585.45,130,0.0,2504.475,72,0,0,0,52.11,,,,,,,,,,,,,,,0.03299950671971715,,,,,,12.44,65,23195.25,23363.55,23193.65,23217.6,mid_price,no_price_available
2026-09-17T08:55:27.556087+00:00,2026-09-17T14:25:27.556087+05:30,NIFTY,29-Sep-2026,25950.0,CE,23283.3,1.2,260,1.5,1235,1.2,1.35,154,-4,74,-25,21.93,0.003925432737057007,1.2558447704522332e-05,-0.4615406114549027,0.49268700676486,0.1433198876749438,-0.001346475908722031,16.113610664113487,3.578591428878372e-08,0.00035345469365627853,-3.334904271371658e-06,-0.1718557458780799,82.12064049859806,-0.003479154819254829,1.0109980199896792e-05,0.03299950671971715,23335,0.06721355037238498,0.012199999999999999,index_dividend_yield,0.065,12.44,65,23195.25,23363.55,23193.65,23217.6,mid_price,wide_quote_low_liquidity
2026-09-17T08:55:27.556087+00:00,2026-09-17T14:25:27.556087+05:30,NIFTY,29-Sep-2026,25950.0,PE,23283.3,2466.55,780,2644.8,780,0.0,2555.675,1,0,0,0,13.83,,,,,,,,,,,,,,,0.03299950671971715,,,,,,12.44,65,23195.25,23363.55,23193.65,23217.6,mid_price,no_price_available
2026-09-17T08:55:27.556087+00:00,2026-09-17T14:25:27.556087+05:30,NIFTY,29-Sep-2026,26000.0,CE,23283.3,1.25,15860,1.3,21255,1.25,1.275,51462.230769230766,616,8230,-26.470588235294116,22.65,0.004404055741284224,1.3477419745424534e-05,-0.5280646163490068,0.5460991200530944,0.1516574922677846,-0.0014706501006309085,16.800877965000847,3.657096397170803e-08,0.0003551241674208723,-3.4589553767132345e-06,-0.18560696547623506,78.7214976499107,-0.0038937835491502635,1.0808094329462775e-05,0.03299950671971715,23335,0.06721355037238498,0.012199999999999999,index_dividend_yield,0.065,12.44,65,23195.25,23363.55,23193.65,23217.6,mid_price,ok
2026-09-17T08:55:27.556087+00:00,2026-09-17T14:25:27.556087+05:30,NIFTY,29-Sep-2026,26000.0,PE,23283.3,2661.8,65,2665,195,2670,2663.4,29967.53846153846,-274,883,-2.081232236178601,37.29,,,,,,,,,,,,,,,0.03299950671971715,,,,,,12.44,65,23195.25,23363.55,23193.65,23217.6,mid_price,no_price_available
2026-09-17T08:55:27.556087+00:00,2026-09-17T14:25:27.556087+05:30,NIFTY,29-Sep-2026,26050.0,CE,23283.3,1,1495,1.3,650,1.2,1.15,147,-31,105,-17.24137931034483,22.64,0.003823160363809419,1.18802243425162e-05,-0.4648917385607658,0.48116893440421754,0.13609103173503873,-0.0013185267049023578,15.352020778245906,3.2870265152684655e-08,0.0003265628718100736,-3.176760728381289e-06,-0.16873086524880743,79.76130936107822,-0.0033742711137014214,9.490700193996558e-06,0.03299950671971715,23335,0.06721355037238498,0.012199999999999999,index_dividend_yield,0.065,12.44,65,23195.25,23363.55,23193.65,23217.6,mid_price,wide_quote_low_liquidity
2026-09-17T08:55:27.556087+00:00,2026-09-17T14:25:27.556087+05:30,NIFTY,29-Sep-2026,26050.0,PE,23283.3,2566.95,780,2744.9,65,0.0,2655.925,4,0,0,0,18.06,,,,,,,,,,,,,,,0.03299950671971715,,,,,,12.44,65,23195.25,23363.55,23193.65,23217.6,mid_price,no_price_available
2026-09-17T08:55:27.556087+00:00,2026-09-17T14:25:27.556087+05:30,NIFTY,29-Sep-2026,26100.0,CE,23283.3,1.2,195,1.35,260,1.25,1.275,214,2,197,-28.571428571428573,23.09,0.0039043966489266156,1.1870255437807052e-05,-0.48291740780199904,0.4903210220596017,0.1356624771082643,-0.0013397815587222546,15.263108688623767,3.209147311819305e-08,0.00031808970985162493,-3.154012373396145e-06,-0.17110750420144255,78.07921733301697,-0.0034384269557565707,9.446438858707e-06,0.03299950671971715,23335,0.06721355037238498,0.012199999999999999,index_dividend_yield,0.065,12.44,65,23195.25,23363.55,23193.65,23217.6,mid_price,ok
2026-09-17T08:55:27.556087+00:00,2026-09-17T14:25:27.556087+05:30,NIFTY,29-Sep-2026,26100.0,PE,23283.3,2616.2,65,2802.45,845,0.0,2709.325,144,0,0,0,0,,,,,,,,,,,,,,,0.03299950671971715,,,,,,12.44,65,23195.25,23363.55,23193.65,23217.6,mid_price,no_price_available
2026-09-17T08:55:27.556087+00:00,2026-09-17T14:25:27.556087+05:30,NIFTY,29-Sep-2026,26150.0,CE,23283.3,1,1560,1.45,780,1.25,1.225,97,-39,69,-10.714285714285714,23.44,0.0038514376468941048,1.1550793781059359e-05,-0.484060162934507,0.4843574161120558,0.13226703158904382,-0.001325394211655932,14.906816134138523,3.080152954603295e-08,0.00030620658022809355,-3.080357363756104e-06,-0.16949900852420957,77.02061420658976,-0.003384699432014278,9.157090617029858e-06,0.03299950671971715,23335,0.06721355037238498,0.012199999999999999,index_dividend_yield,0.065,12.44,65,23195.25,23363.55,23193.65,23217.6,mid_price,wide_quote_low_liquidity
2026-09-17T08:55:27.556087+00:00,2026-09-17T14:25:27.556087+05:30,NIFTY,29-Sep-2026,26150.0,PE,23283.3,2660.85,780,2845.35,65,0.0,2753.1,1,0,0,0,19.21,,,,,,,,,,,,,,,0.03299950671971715,,,,,,12.44,65,23195.25,23363.55,23193.65,23217.6,mid_price,no_price_available
2026-09-17T08:55:27.556087+00:00,2026-09-17T14:25:27.556087+05:30,NIFTY,29-Sep-2026,26200.0,CE,23283.3,1.2,390,1.3,260,1.35,1.25,2530,-85,922,-10,23.99,0.004065535787710036,1.184628891939341e-05,-0.5197694109700414,0.508404147030774,0.134786126468982,-0.0013816065070110578,15.086734055935386,3.062043555757055e-08,0.0003021474779103387,-3.1092935418980512e-06,-0.17576589861787167,74.91438069059468,-0.0035647147229490223,9.35553883267023e-06,0.03299950671971715,23335,0.06721355037238498,0.012199999999999999,index_dividend_yield,0.065,12.44,65,23195.25,23363.55,23193.65,23217.6,mid_price,ok
2026-09-17T08:55:27.556087+00:00,2026-09-17T14:25:27.556087+05:30,NIFTY,29-Sep-2026,26200.0,PE,23283.3,2829.2,780,3037.7,1690,0.0,2933.45,570,0,0,0,0,,,,,,,,,,,,,,,0.03299950671971715,23335,0.06721355037238498,0.012199999999999999,index_dividend_yield,0.065,12.44,65,23195.25,23363.55,23193.65,23217.6,mid_price,no_nse_iv
2026-09-17T08:55:27.556087+00:00,2026-09-17T14:25:27.556087+05:30,NIFTY,29-Sep-2026,26250.0,CE,23283.3,0.9,8255,1.5,1300,0.0,1.2,34,0,0,0,23.98,0.003556942276630885,1.0513153574244151e-05,-0.4607352638787604,0.45100224458589777,0.12161375364858734,-0.0012455958971483556,13.843212657274977,2.7668914395553785e-08,0.0002788455011855616,-2.866301818667497e-06,-0.16052503267876145,75.83653470791134,-0.003113344885110617,8.271103607525099e-06,0.03299950671971715,23335,0.06721355037238498,0.012199999999999999,index_dividend_yield,0.065,12.44,65,23195.25,23363.55,23193.65,23217.6,mid_price,wide_quote_low_liquidity
2026-09-17T08:55:27.556087+00:00,2026-09-17T14:25:27.556087+05:30,NIFTY,29-Sep-2026,26250.0,PE,23283.3,2708.05,780,2945.95,65,0.0,2827.0,0,0,0,0,0,,,,,,,,,,,,,,,0.03299950671971715,,,,,,12.44,65,23195.25,23363.55,23193.65,23217.6,mid_price,no_price_available
2026-09-17T08:55:27.556087+00:00,2026-09-17T14:25:27.556087+05:30,NIFTY,29-Sep-2026,26300.0,CE,23283.3,1,1885,1.15,390,1.05,1.075,2014,9,661,-4.545454545454546,24.5,0.0037234820768225073,1.072131400107305e-05,-0.49024260319643903,0.4699055949353908,0.1233703911799268,-0.0012903603564861834,13.963358138355641,2.7433985749736534e-08,0.000274819187794963,-2.884797934890972e-06,-0.16556999621595292,73.94914417042826,-0.0032518095499816284,8.402830179889682e-06,0.03299950671971715,23335,0.06721355037238498,0.012199999999999999,index_dividend_yield,0.065,12.44,65,23195.25,23363.55,23193.65,23217.6,mid_price,ok
2026-09-17T08:55:27.556087+00:00,2026-09-17T14:25:27.556087+05:30,NIFTY,29-Sep-2026,26300.0,PE,23283.3,2745.5,780,3009.25,1040,0.0,2877.375,1229,0,0,0,25.74,,,,,,,,,,,,,,,0.03299950671971715,,,,,,12.44,65,23195.25,23363.55,23193.65,23217.6,mid_price,no_price_available
2026-09-17T08:55:27.556087+00:00,2026-09-17T14:25:27.556087+05:30,NIFTY,29-Sep-2026,26350.0,CE,23283.3,0.85,1365,1.5,780,0.0,1.175,62,0,0,0,24.65,0.0034459213906007243,9.940253792951435e-06,-0.45994938613900344,0.4383398074145659,0.11548175908873909,-0.0012147805935863948,13.196806451894805,2.5530921730510665e-08,0.00025893244321857287,-2.733064060514665e-06,-0.15703447401645976,74.00498565830335,-0.0030037295121294943,7.761136142910582e-06,0.03299950671971715,23335,0.06721355037238498,0.012199999999999999,index_dividend_yield,0.065,12.44,65,23195.25,23363.55,23193.65,23217.6,mid_price,wide_quote_low_liquidity
2026-09-17T08:55:27.556087+00:00,2026-09-17T14:25:27.556087+05:30,NIFTY,29-Sep-2026,26350.0,PE,23283.3,2805.35,780,3046.25,65,0.0,2925.8,0,0,0,0,0,,,,,,,,,,,,,,,0.03299950671971715,,,,,,12.44,65,23195.25,23363.55,23193.65,23217.6,mid_price,no_price_available
2026-09-17T08:55:27.556087+00:00,2026-09-17T14:25:27.556087+05:30,NIFTY,29-Sep-2026,26400.0,CE,23283.3,0.95,130,1.05,195,0.95,1.0,311,-132,431,-9.523809523809524,24.51,0.002887511880065933,8.526366074394152e-06,-0.38994622688022096,0.37385552406232464,0.10114867927206667,-0.001057660107306512,11.808117860973383,2.2526039378441362e-08,0.0002345087714870107,-2.4596193284066977e-06,-0.13900962039440123,75.55859063902273,-0.002512917485503098,6.6320102551648045e-06,0.03299950671971715,23335,0.06721355037238498,0.012199999999999999,index_dividend_yield,0.065,12.44,65,23195.25,23363.55,23193.65,23217.6,mid_price,ok
2026-09-17T08:55:27.556087+00:00,2026-09-17T14:25:27.556087+05:30,NIFTY,29-Sep-2026,26400.0,PE,23283.3,2846.95,780,3096.35,195,0.0,2971.6499999999996,52,0,0,0,0,,,,,,,,,,,,,,,0.03299950671971715,,,,,,12.44,65,23195.25,23363.55,23193.65,23217.6,mid_price,no_price_available
2026-09-17T08:55:27.556087+00:00,2026-09-17T14:25:27.556087+05:30,NIFTY,29-Sep-2026,26450.0,CE,23283.3,0.85,8775,1.6,585,0.0,1.225,42,0,0,0,19.27,0.00017465568027019877,8.191753844221203e-07,-0.023171539826863416,0.028239377840695763,0.012514503182184446,-0.00010325873421669,1.8924278801808643,3.6702804178988265e-09,5.0639052028377226e-05,-4.177512471162896e-07,-0.016795756002696303,116.53569696936036,-0.0001524259052258414,6.347673918276201e-07,0.03299950671971715,23335,0.06721355037238498,0.012199999999999999,index_dividend_yield,0.065,12.44,65,23195.25,23363.55,23193.65,23217.6,mid_price,wide_quote_low_liquidity
2026-09-17T08:55:27.556087+00:00,2026-09-17T14:25:27.556087+05:30,NIFTY,29-Sep-2026,26450.0,PE,23283.3,2890.4,780,3146.75,65,0.0,3018.575,0,0,0,0,0,,,,,,,,,,,,,,,0.03299950671971715,,,,,,12.44,65,23195.25,23363.55,23193.65,23217.6,mid_price,no_price_available
2026-09-17T08:55:27.556087+00:00,2026-09-17T14:25:27.556087+05:30,NIFTY,29-Sep-2026,26500.0,CE,23283.3,0.75,25025,0.8,9750,0.75,0.775,13327,-170,4535,-16.666666666666668,24.77,0.002439868713883025,7.246156699654697e-06,-0.3382454565793755,0.3210925610347291,0.08764940756941222,-0.0009256103853964846,10.434533803894169,1.9328167583109104e-08,0.0002062180134411219,-2.183556101632115e-06,-0.12354082348164463,75.83203458547874,-0.002115436352382512,5.593775617642402e-06,0.03299950671971715,23335,0.06721355037238498,0.012199999999999999,index_dividend_yield,0.065,12.44,65,23195.25,23363.55,23193.65,23217.6,mid_price,ok
2026-09-17T08:55:27.556087+00:00,2026-09-17T14:25:27.556087+05:30,NIFTY,29-Sep-2026,26500.0,PE,23283.3,3147,130,3165.8,65,3170.15,3156.4,12943,-21,46,-1.256813580439184,40.46,,,,,,,,,,,,,,,0.03299950671971715,,,,,,12.44,65,23195.25,23363.55,23193.65,23217.6,mid_price,no_price_available
2026-09-17T08:55:27.556087+00:00,2026-09-17T14:25:27.556087+05:30,NIFTY,29-Sep-2026,26550.0,CE,23283.3,0.85,8775,0.95,2535,0.95,0.8999999999999999,71,-1,36,5.555555555555555,25.52,0.0027902225154466183,7.939635845216634e-06,-0.3932361423214669,0.3624747590420024,0.09462515916904522,-0.001029016887195141,11.091314453154588,2.0203258858310978e-08,0.0002118266652139748,-2.3100365838641144e-06,-0.13567992895340392,72.81504528385265,-0.0024133102761661985,6.106053439854778e-06,0.03299950671971715,23335,0.06721355037238498,0.012199999999999999,index_dividend_yield,0.065,12.44,65,23195.25,23363.55,23193.65,23217.6,mid_price,ok
2026-09-17T08:55:27.556087+00:00,2026-09-17T14:25:27.556087+05:30,NIFTY,29-Sep-2026,26550.0,PE,23283.3,2980.2,780,3247.05,65,0.0,3113.625,0,0,0,0,0,,,,,,,,,,,,,,,0.03299950671971715,,,,,,12.44,65,23195.25,23363.55,23193.65,23217.6,mid_price,no_price_available
2026-09-17T08:55:27.556087+00:00,2026-09-17T14:25:27.556087+05:30,NIFTY,29-Sep-2026,26600.0,CE,23283.3,0.75,2145,0.9,390,0.9,0.825,598,5,276,0,25.72,0.0026368452130720345,7.485879993294505e-06,-0.37647914515416137,0.3444374306102769,0.08981017628572327,-0.0009839878129658066,10.596663414116774,1.9026348344753662e-08,0.0002011932975017222,-2.2102367998463314e-06,-0.1304172578302893,72.59827452628494,-0.0022762700886087834,5.735465283182123e-06,0.03299950671971715,23335,0.06721355037238498,0.012199999999999999,index_dividend_yield,0.065,12.44,65,23195.25,23363.55,23193.65,23217.6,mid_price,wide_quote_low_liquidity
2026-09-17T08:55:27.556087+00:00,2026-09-17T14:25:27.556087+05:30,NIFTY,29-Sep-2026,26600.0,PE,23283.3,3027.1,780,3297.2,780,0.0,3162.1499999999996,0,0,0,0,0,,,,,,,,,,,,,,,0.03299950671971715,,,,,,12.44,65,23195.25,23363.55,23193.65,23217.6,mid_price,no_price_available
2026-09-17T08:55:27.556087+00:00,2026-09-17T14:25:27.556087+05:30,NIFTY,29-Sep-2026,26650.0,CE,23283.3,0.85,8645,1.3,585,0.85,1.075,17,0,2,-10.526315789473685,25.91,0.002485400944510647,7.044160664421322e-06,-0.359409218374916,0.3265075152032971,0.08509021363520122,-0.0009388683901480994,10.108486054455273,1.7895074908825595e-08,0.0001908908414147093,-2.1115943149559984e-06,-0.12510776980995153,72.42652114208093,-0.002141438727496113,5.376800144942457e-06,0.03299950671971715,23335,0.06721355037238498,0.012199999999999999,index_dividend_yield,0.065,12.44,65,23195.25,23363.55,23193.65,23217.6,mid_price,wide_quote_low_liquidity
2026-09-17T08:55:27.556087+00:00,2026-09-17T14:25:27.556087+05:30,NIFTY,29-Sep-2026,26650.0,PE,23283.3,3117,780,3347.55,780,0.0,3232.275,0,0,0,0,0,,,,,,,,,,,,,,,0.03299950671971715,,,,,,12.44,65,23195.25,23363.55,23193.65,23217.6,mid_price,no_price_available
2026-09-17T08:55:27.556087+00:00,2026-09-17T14:25:27.556087+05:30,NIFTY,29-Sep-2026,26700.0,CE,23283.3,0.85,1300,1.25,1300,0.0,1.05,41,0,0,0,27.28,0.0034331035315237493,8.951915487203869e-06,-0.506083573543411,0.43687466036119216,0.10422701258729723,-0.0012100822121936879,11.916171683956033,2.071693290169934e-08,0.00021135262118424848,-2.461129193664756e-06,-0.1565001796117469,66.98207685412089,-0.0029490867322002293,6.807419567924038e-06,0.03299950671971715,23335,0.06721355037238498,0.012199999999999999,index_dividend_yield,0.065,12.44,65,23195.25,23363.55,23193.65,23217.6,mid_price,wide_quote_low_liquidity
2026-09-17T08:55:27.556087+00:00,2026-09-17T14:25:27.556087+05:30,NIFTY,29-Sep-2026,26700.0,PE,23283.3,3126.3,780,3397.85,65,0.0,3262.075,0,0,0,0,0,,,,,,,,,,,,,,,0.03299950671971715,,,,,,12.44,65,23195.25,23363.55,23193.65,23217.6,mid_price,no_price_available
2026-09-17T08:55:27.556087+00:00,2026-09-17T14:25:27.556087+05:30,NIFTY,29-Sep-2026,26750.0,CE,23283.3,0.8,6500,0.95,130,0.0,0.875,122,0,0,0,27.86,0.0036491741960205043,9.259327901970923e-06,-0.5457720844865327,0.4614844716780934,0.10705019500794602,-0.0012687922603488873,12.146819870168136,2.0803741414354978e-08,0.00021047722243689335,-2.5021876629155053e-06,-0.16314161188953563,65.25868545205728,-0.0031275831052720157,7.014891519434126e-06,0.03299950671971715,23335,0.06721355037238498,0.012199999999999999,index_dividend_yield,0.065,12.44,65,23195.25,23363.55,23193.65,23217.6,mid_price,wide_quote_low_liquidity
2026-09-17T08:55:27.556087+00:00,2026-09-17T14:25:27.556087+05:30,NIFTY,29-Sep-2026,26750.0,PE,23283.3,3163.75,780,3473.3,845,0.0,3318.525,1,0,0,0,18.46,,,,,,,,,,,,,,,0.03299950671971715,,,,,,12.44,65,23195.25,23363.55,23193.65,23217.6,mid_price,no_price_available
2026-09-17T08:55:27.556087+00:00,2026-09-17T14:25:27.556087+05:30,NIFTY,29-Sep-2026,26800.0,CE,23283.3,0.8,7085,1.25,1430,0.0,1.025,35,0,0,0,27.22,0.0026769548996165493,7.170463115277749e-06,-0.40339311827130714,0.3491659158178888,0.08595996671850042,-0.0009953303751136914,10.124621870847811,1.715623348410599e-08,0.00018157195791428473,-2.1076676679286317e-06,-0.1317458972263411,68.5630436628916,-0.002291764098389241,5.412110885801438e-06,0.03299950671971715,23335,0.06721355037238498,0.012199999999999999,index_dividend_yield,0.065,12.44,65,23195.25,23363.55,23193.65,23217.6,mid_price,wide_quote_low_liquidity
2026-09-17T08:55:27.556087+00:00,2026-09-17T14:25:27.556087+05:30,NIFTY,29-Sep-2026,26800.0,PE,23283.3,3277.7,780,3520.8,845,0.0,3399.25,21,0,0,0,0,,,,,,,,,,,,,,,0.03299950671971715,,,,,,12.44,65,23195.25,23363.55,23193.65,23217.6,mid_price,no_price_available
2026-09-17T08:55:27.556087+00:00,2026-09-17T14:25:27.556087+05:30,NIFTY,29-Sep-2026,26850.0,CE,23283.3,0.8,6825,0.95,1690,0.0,0.875,53,0,0,0,27.98,0.0030292263698688776,7.798527661794518e-06,-0.4634049579762859,0.3903523903237271,0.09220389825195296,-0.001096970449353656,10.702789469358487,1.7862074657032153e-08,0.00018594638495813645,-2.2180644078297375e-06,-0.1435555125064198,66.03567966021356,-0.0025870510807131653,5.864258484158898e-06,0.03299950671971715,23335,0.06721355037238498,0.012199999999999999,index_dividend_yield,0.065,12.44,65,23195.25,23363.55,23193.65,23217.6,mid_price,wide_quote_low_liquidity
2026-09-17T08:55:27.556087+00:00,2026-09-17T14:25:27.556087+05:30,NIFTY,29-Sep-2026,26850.0,PE,23283.3,3256.35,780,3548.45,780,0.0,3402.3999999999996,0,0,0,0,0,,,,,,,,,,,,,,,0.03299950671971715,,,,,,12.44,65,23195.25,23363.55,23193.65,23217.6,mid_price,no_price_available
2026-09-17T08:55:27.556087+00:00,2026-09-17T14:25:27.556087+05:30,NIFTY,29-Sep-2026,26900.0,CE,23283.3,0.95,65,1.2,130,0.8,1.075,86,-2,27,-11.11111111111111,27.39,0.002240239122708894,6.065664709414166e-06,-0.3453425243584049,0.2972124162938618,0.0741930524782229,-0.0008640325660017065,8.918353727764726,1.4729281648418446e-08,0.0001598606315071313,-1.8657022806581696e-06,-0.116217301655455,69.14753528238066,-0.0019109973282547274,4.5442572437596605e-06,0.03299950671971715,23335,0.06721355037238498,0.012199999999999999,index_dividend_yield,0.065,12.44,65,23195.25,23363.55,23193.65,23217.6,mid_price,wide_quote_low_liquidity
2026-09-17T08:55:27.556087+00:00,2026-09-17T14:25:27.556087+05:30,NIFTY,29-Sep-2026,26900.0,PE,23283.3,3302.7,780,3610.4,845,0.0,3456.55,1,0,0,0,0,,,,,,,,,,,,,,,0.03299950671971715,,,,,,12.44,65,23195.25,23363.55,23193.65,23217.6,mid_price,no_price_available
2026-09-17T08:55:27.556087+00:00,2026-09-17T14:25:27.556087+05:30,NIFTY,29-Sep-2026,26950.0,CE,23283.3,0.8,7020,1.35,1235,1.1,1.0750000000000002,47,4,18,-15.384615384615385,28.57,0.0029034385165372413,7.351075907620147e-06,-0.45518587476509953,0.37571424698103945,0.08737884913281174,-0.001060864015246897,10.194053657503865,1.6565273335375483e-08,0.00017371908096520112,-2.1143348748214097e-06,-0.1393801599333912,64.92402436465406,-0.0024697732049326604,5.48684177093791e-06,0.03299950671971715,23335,0.06721355037238498,0.012199999999999999,index_dividend_yield,0.065,12.44,65,23195.25,23363.55,23193.65,23217.6,mid_price,wide_quote_low_liquidity
2026-09-17T08:55:27.556087+00:00,2026-09-17T14:25:27.556087+05:30,NIFTY,29-Sep-2026,26950.0,PE,23283.3,3353.65,1040,3648.95,780,0.0,3501.3,0,0,0,0,0,,,,,,,,,,,,,,,0.03299950671971715,,,,,,12.44,65,23195.25,23363.55,23193.65,23217.6,mid_price,no_price_available
2026-09-17T08:55:27.556087+00:00,2026-09-17T14:25:27.556087+05:30,NIFTY,29-Sep-2026,27000.0,CE,23283.3,1.1,3835,1.2,11505,1.2,1.15,25662,285,2768,4.3478260869565215,29.03,0.0029879245015095677,7.424066180081692e-06,-0.47449383017972696,0.3855541538706332,0.08797773652480549,-0.0010849843072570711,10.228996393976535,1.6397875430428086e-08,0.00017138795457363135,-2.1188612017203544e-06,-0.14217169722529338,63.75526359065498,-0.002536205861036357,5.520817286995479e-06,0.03299950671971715,23335,0.06721355037238498,0.012199999999999999,index_dividend_yield,0.065,12.44,65,23195.25,23363.55,23193.65,23217.6,mid_price,ok
2026-09-17T08:55:27.556087+00:00,2026-09-17T14:25:27.556087+05:30,NIFTY,29-Sep-2026,27000.0,PE,23283.3,3662.7,65,3670.2,130,3671.7,3666.45,22964.46153846154,-52,985,-1.2758291545111113,48.83,,,,,,,,,,,,,,,0.03299950671971715,,,,,,12.44,65,23195.25,23363.55,23193.65,23217.6,mid_price,no_price_available
2026-09-17T08:55:27.556087+00:00,2026-09-17T14:25:27.556087+05:30,NIFTY,29-Sep-2026,27050.0,CE,23283.3,0.8,7475,0.95,6305,0.95,0.875,176,0,15,5.555555555555555,28.82,0.002516967323540064,6.4055845229335435e-06,-0.40342256369939566,0.3302548913839227,0.07740903525527598,-0.000947602707798356,9.18271612449073,1.4555916786367277e-08,0.0001558771918370604,-1.9123382773746716e-06,-0.12613798710664187,65.1403651784653,-0.002133222134074868,4.745842216093868e-06,0.03299950671971715,23335,0.06721355037238498,0.012199999999999999,index_dividend_yield,0.065,12.44,65,23195.25,23363.55,23193.65,23217.6,mid_price,wide_quote_low_liquidity
2026-09-17T08:55:27.556087+00:00,2026-09-17T14:25:27.556087+05:30,NIFTY,29-Sep-2026,27050.0,PE,23283.3,3458.2,780,3749.4,780,0.0,3603.8,0,0,0,0,0,,,,,,,,,,,,,,,0.03299950671971715,,,,,,12.44,65,23195.25,23363.55,23193.65,23217.6,mid_price,no_price_available
2026-09-17T08:55:27.556087+00:00,2026-09-17T14:25:27.556087+05:30,NIFTY,29-Sep-2026,27100.0,CE,23283.3,0.8,5395,0.95,195,0.95,0.875,221,10,66,5.555555555555555,29.15,0.00249730626372174,6.288322322386919e-06,-0.4050564392177605,0.3279214830594612,0.07607509471111622,-0.000941677338716188,9.03261046947984,1.4135686634244928e-08,0.00015163646160953675,-1.8809981441258347e-06,-0.1254388757766376,64.45516119223046,-0.002112303420924475,4.641787776791052e-06,0.03299950671971715,23335,0.06721355037238498,0.012199999999999999,index_dividend_yield,0.065,12.44,65,23195.25,23363.55,23193.65,23217.6,mid_price,wide_quote_low_liquidity
2026-09-17T08:55:27.556087+00:00,2026-09-17T14:25:27.556087+05:30,NIFTY,29-Sep-2026,27100.0,PE,23283.3,3549.05,780,3799.6,780,0.0,3674.325,0,0,0,0,0,,,,,,,,,,,,,,,0.03299950671971715,,,,,,12.44,65,23195.25,23363.55,23193.65,23217.6,mid_price,no_price_available
2026-09-17T08:55:27.556087+00:00,2026-09-17T14:25:27.556087+05:30,NIFTY,29-Sep-2026,27150.0,CE,23283.3,0.8,6175,1.25,520,0.8,1.025,129,7,11,-38.46153846153846,29,0.002137231526590492,5.489616716264485e-06,-0.3499134096650904,0.2847977389604963,0.06756248878852177,-0.000831893452213728,8.164134016755087,1.2635448175444044e-08,0.00013843466775337893,-1.707755246957274e-06,-0.11236550751988986,65.60927334812119,-0.0018049114531466816,4.037303732515423e-06,0.03299950671971715,23335,0.06721355037238498,0.012199999999999999,index_dividend_yield,0.065,12.44,65,23195.25,23363.55,23193.65,23217.6,mid_price,wide_quote_low_liquidity
2026-09-17T08:55:27.556087+00:00,2026-09-17T14:25:27.556087+05:30,NIFTY,29-Sep-2026,27150.0,PE,23283.3,3537.35,780,3849.85,780,0.0,3693.6,0,0,0,0,0,,,,,,,,,,,,,,,0.03299950671971715,,,,,,12.44,65,23195.25,23363.55,23193.65,23217.6,mid_price,no_price_available
2026-09-17T08:55:27.556087+00:00,2026-09-17T14:25:27.556087+05:30,NIFTY,29-Sep-2026,27200.0,CE,23283.3,1,7345,1.15,2080,1.1,1.075,1005,-165,271,-4.3478260869565215,30.21,0.002767677622173227,6.658113373391642e-06,-0.4603875226723441,0.35983087695582405,0.07966549341813017,-0.0010213334203941888,9.34680641084093,1.4247196663356064e-08,0.00015090581014987466,-1.93889796186753e-06,-0.13478365924950492,61.69796885756674,-0.0023307431888483655,4.87868126780437e-06,0.03299950671971715,23335,0.06721355037238498,0.012199999999999999,index_dividend_yield,0.065,12.44,65,23195.25,23363.55,23193.65,23217.6,mid_price,ok
2026-09-17T08:55:27.556087+00:00,2026-09-17T14:25:27.556087+05:30,NIFTY,29-Sep-2026,27200.0,PE,23283.3,3810.75,780,3900.2,780,0.0,3855.475,0,0,0,0,0,,,,,,,,,,,,,,,0.03299950671971715,,,,,,12.44,65,23195.25,23363.55,23193.65,23217.6,mid_price,no_price_available
2026-09-17T08:55:27.556087+00:00,2026-09-17T14:25:27.556087+05:30,NIFTY,29-Sep-2026,28500.0,CE,23283.3,0.45,15210,0.5,21775,0.5,0.475,7957,-28,201,-9.090909090909092,35.51,0.0010528063621003875,2.350146042076076e-06,-0.22353979690619988,0.14929389173637353,0.031206475924715097,-0.0004683289227515874,4.058369293818212,4.736549328653941e-09,5.726630916321238e-05,-8.597616302253257e-07,-0.06711948713203005,56.72479258315592,-0.0008449358139838041,1.568534945598087e-06,0.03299950671971715,23335,0.06721355037238498,0.012199999999999999,index_dividend_yield,0.065,12.44,65,23195.25,23363.55,23193.65,23217.6,mid_price,ok
2026-09-17T08:55:27.556087+00:00,2026-09-17T14:25:27.556087+05:30,NIFTY,29-Sep-2026,28500.0,PE,23283.3,5157.35,195,5170.65,65,5169.4,5164.0,6478,-12,183,-0.9522714644287329,67.58,,,,,,,,,,,,,,,0.03299950671971715,,,,,,12.44,65,23195.25,23363.55,23193.65,23217.6,mid_price,no_price_available
2026-09-17T08:55:27.556087+00:00,2026-09-17T14:25:27.556087+05:30,NIFTY,29-Sep-2026,30000.0,CE,23283.3,0.7,520,0.8,780,0.8,0.75,4195.076923076923,8,439,23.076923076923077,45.87,0.0014443677476868812,2.429810165100373e-06,-0.38438691084649657,0.19938734972845798,0.03147466707662308,-0.0006078166256874384,3.9660354179178734,3.6371911999075823e-09,4.3033952769324e-05,-8.312531264932137e-07,-0.08488307315131649,43.11287737956052,-0.001094987013102127,1.4635882125715703e-06,0.03299950671971715,23335,0.06721355037238498,0.012199999999999999,index_dividend_yield,0.065,12.44,65,23195.25,23363.55,23193.65,23217.6,mid_price,ok
2026-09-17T08:55:27.556087+00:00,2026-09-17T14:25:27.556087+05:30,NIFTY,29-Sep-2026,30000.0,PE,23283.3,6642.2,65,6689.05,65,6719.65,6665.625,2107,-4,31,0.06924795234549516,85.7,,,,,,,,,,,,,,,0.03299950671971715,,,,,,12.44,65,23195.25,23363.55,23193.65,23217.6,mid_price,no_price_available
2026-09-17T08:55:27.556087+00:00,2026-09-17T14:25:27.556087+05:30,NIFTY,29-Sep-2026,31500.0,CE,23283.3,0.55,3185,0.95,325,0.6,0.75,244,2,20,-7.6923076923076925,52.62,0.0009803920576151241,1.4855837878603796e-06,-0.30866477482632715,0.13984421681651035,0.020054413560219635,-0.0004435109305821345,2.6260558496798008,2.007552789936932e-09,2.5073455590941995e-05,-5.543086164890892e-07,-0.06389685782370129,38.78347712677627,-0.0007059743852711536,8.116431200711476e-07,0.03299950671971715,23335,0.06721355037238498,0.012199999999999999,index_dividend_yield,0.065,12.44,65,23195.25,23363.55,23193.65,23217.6,mid_price,wide_quote_low_liquidity
2026-09-17T08:55:27.556087+00:00,2026-09-17T14:25:27.556087+05:30,NIFTY,29-Sep-2026,31500.0,PE,23283.3,7554.65,1690,8555.15,1690,0.0,8054.9,0,0,0,0,0,,,,,,,,,,,,,,,0.03299950671971715,,,,,,12.44,65,23195.25,23363.55,23193.65,23217.6,mid_price,no_price_available
2026-09-17T08:55:27.556087+00:00,2026-09-17T14:25:27.556087+05:30,NIFTY,29-Sep-2026,33000.0,CE,23283.3,0.55,2015,0.95,260,0.5,0.75,511,-16,18,-9.090909090909092,59.15,0.0007464669922631374,1.0285145930797146e-06,-0.2696570038460349,0.10883328124227201,0.014283662441014124,-0.0003546936516740416,1.9186973756869716,1.2640124045479492e-09,1.6393426970067596e-05,-4.0677372802154233e-07,-0.05217738878640769,35.26742449393976,-0.0005117394782248265,5.120019868253947e-07,0.03299950671971715,23335,0.06721355037238498,0.012199999999999999,index_dividend_yield,0.065,12.44,65,23195.25,23363.55,23193.65,23217.6,mid_price,wide_quote_low_liquidity
2026-09-17T08:55:27.556087+00:00,2026-09-17T14:25:27.556087+05:30,NIFTY,29-Sep-2026,33000.0,PE,23283.3,,0,10061.15,1690,0.0,,0,0,0,0,0,,,,,,,,,,,,,,,0.03299950671971715,,,,,,12.44,65,23195.25,23363.55,23193.65,23217.6,none,no_price_available
2026-09-17T08:55:27.556087+00:00,2026-09-17T14:25:27.556087+05:30,NIFTY,29-Sep-2026,34500.0,CE,23283.3,0.35,5525,0.45,1365,0.35,0.4,151,0,54,-12.5,64.32,0.0004970368551132097,6.496610333392211e-07,-0.20120526674388148,0.07475312802372831,0.009367254355688076,-0.0002528287049777619,1.3043035282212165,7.596757337503463e-10,1.0325248068747822e-05,-2.7835437517241826e-07,-0.03831943116502696,33.39635969866868,-0.00032539517877874894,2.9589504756490663e-07,0.03299950671971715,23335,0.06721355037238498,0.012199999999999999,index_dividend_yield,0.065,12.44,65,23195.25,23363.55,23193.65,23217.6,mid_price,wide_quote_low_liquidity
2026-09-17T08:55:27.556087+00:00,2026-09-17T14:25:27.556087+05:30,NIFTY,29-Sep-2026,34500.0,PE,0,,0,,0,0.0,,0,0,0,0,0,,,,,,,,,,,,,,,0.03299950671971715,,,,,,12.44,65,23195.25,23363.55,23193.65,23217.6,none,no_price_available
