fetch_ts_utc,fetch_ts_ist,symbol,expiry_date,strike,option_type,underlying_value,bid_price,bid_qty,ask_price,ask_qty,ltp,mid_price,open_interest,change_in_oi,total_traded_volume,pchange_vs_prev_close,nse_iv,delta,gamma,theta,vega,vanna,charm,vomma,speed,zomma,color,veta,omega,dual_delta,dual_gamma,time_to_expiry_years,futures_price,implied_cost_of_carry,dividend_yield_used,dividend_yield_source,risk_free_rate_used,india_vix,lot_size,underlying_day_open,underlying_day_high,underlying_day_low,underlying_prev_close,price_source_for_iv,data_quality_flag
2026-09-15T08:58:54.107358+00:00,2026-09-15T14:28:54.107358+05:30,NIFTYNXT50,29-Sep-2026,61000.0,CE,70529.4,8433.35,550,10962.8,550,0.0,9698.075,0,0,0,0,0,,,,,,,,,,,,,,,0.03847240907667428,70850,0.11788505268900494,0.01,index_dividend_yield,0.065,13.24,25,72319.25,72456.1,70519.35,72083.7,mid_price,no_nse_iv
2026-09-15T08:58:54.107358+00:00,2026-09-15T14:28:54.107358+05:30,NIFTYNXT50,29-Sep-2026,61000.0,PE,0,,0,,0,0.0,,0,0,0,0,0,,,,,,,,,,,,,,,0.03847240907667428,,,,,,13.24,25,72319.25,72456.1,70519.35,72083.7,none,no_price_available
2026-09-15T08:58:54.107358+00:00,2026-09-15T14:28:54.107358+05:30,NIFTYNXT50,29-Sep-2026,61500.0,CE,70529.4,8036.5,550,10387.75,550,0.0,9212.125,0,0,0,0,0,,,,,,,,,,,,,,,0.03847240907667428,70850,0.11788505268900494,0.01,index_dividend_yield,0.065,13.24,25,72319.25,72456.1,70519.35,72083.7,mid_price,no_nse_iv
2026-09-15T08:58:54.107358+00:00,2026-09-15T14:28:54.107358+05:30,NIFTYNXT50,29-Sep-2026,61500.0,PE,0,,0,,0,0.0,,0,0,0,0,0,,,,,,,,,,,,,,,0.03847240907667428,,,,,,13.24,25,72319.25,72456.1,70519.35,72083.7,none,no_price_available
2026-09-15T08:58:54.107358+00:00,2026-09-15T14:28:54.107358+05:30,NIFTYNXT50,29-Sep-2026,62000.0,CE,70529.4,7637.8,550,9896,550,0.0,8766.9,0,0,0,0,0,,,,,,,,,,,,,,,0.03847240907667428,70850,0.11788505268900494,0.01,index_dividend_yield,0.065,13.24,25,72319.25,72456.1,70519.35,72083.7,mid_price,no_nse_iv
2026-09-15T08:58:54.107358+00:00,2026-09-15T14:28:54.107358+05:30,NIFTYNXT50,29-Sep-2026,62000.0,PE,0,,0,,0,0.0,,0,0,0,0,0,,,,,,,,,,,,,,,0.03847240907667428,,,,,,13.24,25,72319.25,72456.1,70519.35,72083.7,none,no_price_available
2026-09-15T08:58:54.107358+00:00,2026-09-15T14:28:54.107358+05:30,NIFTYNXT50,29-Sep-2026,62500.0,CE,70529.4,7239.3,550,9362.6,550,0.0,8300.95,0,0,0,0,0,,,,,,,,,,,,,,,0.03847240907667428,70850,0.11788505268900494,0.01,index_dividend_yield,0.065,13.24,25,72319.25,72456.1,70519.35,72083.7,mid_price,no_nse_iv
2026-09-15T08:58:54.107358+00:00,2026-09-15T14:28:54.107358+05:30,NIFTYNXT50,29-Sep-2026,62500.0,PE,0,,0,,0,0.0,,0,0,0,0,0,,,,,,,,,,,,,,,0.03847240907667428,,,,,,13.24,25,72319.25,72456.1,70519.35,72083.7,none,no_price_available
2026-09-15T08:58:54.107358+00:00,2026-09-15T14:28:54.107358+05:30,NIFTYNXT50,29-Sep-2026,63000.0,CE,70529.4,6841.9,550,8829.2,550,0.0,7835.55,0,0,0,0,0,,,,,,,,,,,,,,,0.03847240907667428,70850,0.11788505268900494,0.01,index_dividend_yield,0.065,13.24,25,72319.25,72456.1,70519.35,72083.7,mid_price,no_nse_iv
2026-09-15T08:58:54.107358+00:00,2026-09-15T14:28:54.107358+05:30,NIFTYNXT50,29-Sep-2026,63000.0,PE,0,,0,,0,0.0,,0,0,0,0,0,,,,,,,,,,,,,,,0.03847240907667428,,,,,,13.24,25,72319.25,72456.1,70519.35,72083.7,none,no_price_available
2026-09-15T08:58:54.107358+00:00,2026-09-15T14:28:54.107358+05:30,NIFTYNXT50,29-Sep-2026,63500.0,CE,70529.4,6447.5,550,8254.1,25,0.0,7350.8,0,0,0,0,0,,,,,,,,,,,,,,,0.03847240907667428,70850,0.11788505268900494,0.01,index_dividend_yield,0.065,13.24,25,72319.25,72456.1,70519.35,72083.7,mid_price,no_nse_iv
2026-09-15T08:58:54.107358+00:00,2026-09-15T14:28:54.107358+05:30,NIFTYNXT50,29-Sep-2026,63500.0,PE,0,,0,,0,0.0,,0,0,0,0,0,,,,,,,,,,,,,,,0.03847240907667428,,,,,,13.24,25,72319.25,72456.1,70519.35,72083.7,none,no_price_available
2026-09-15T08:58:54.107358+00:00,2026-09-15T14:28:54.107358+05:30,NIFTYNXT50,29-Sep-2026,64000.0,CE,70529.4,6049.2,550,7720.7,25,0.0,6884.95,0,0,0,0,0,,,,,,,,,,,,,,,0.03847240907667428,70850,0.11788505268900494,0.01,index_dividend_yield,0.065,13.24,25,72319.25,72456.1,70519.35,72083.7,mid_price,no_nse_iv
2026-09-15T08:58:54.107358+00:00,2026-09-15T14:28:54.107358+05:30,NIFTYNXT50,29-Sep-2026,64000.0,PE,0,,0,,0,0.0,,0,0,0,0,0,,,,,,,,,,,,,,,0.03847240907667428,,,,,,13.24,25,72319.25,72456.1,70519.35,72083.7,none,no_price_available
2026-09-15T08:58:54.107358+00:00,2026-09-15T14:28:54.107358+05:30,NIFTYNXT50,29-Sep-2026,64100.0,CE,70529.4,5970.8,550,7614.05,25,0.0,6792.425,0,0,0,0,0,,,,,,,,,,,,,,,0.03847240907667428,70850,0.11788505268900494,0.01,index_dividend_yield,0.065,13.24,25,72319.25,72456.1,70519.35,72083.7,mid_price,no_nse_iv
2026-09-15T08:58:54.107358+00:00,2026-09-15T14:28:54.107358+05:30,NIFTYNXT50,29-Sep-2026,64100.0,PE,70529.4,0.1,50,,0,0.0,,0,0,0,0,0,,,,,,,,,,,,,,,0.03847240907667428,,,,,,13.24,25,72319.25,72456.1,70519.35,72083.7,none,no_price_available
2026-09-15T08:58:54.107358+00:00,2026-09-15T14:28:54.107358+05:30,NIFTYNXT50,29-Sep-2026,64200.0,CE,70529.4,5891.95,550,7507.35,25,0.0,6699.65,0,0,0,0,0,,,,,,,,,,,,,,,0.03847240907667428,70850,0.11788505268900494,0.01,index_dividend_yield,0.065,13.24,25,72319.25,72456.1,70519.35,72083.7,mid_price,no_nse_iv
2026-09-15T08:58:54.107358+00:00,2026-09-15T14:28:54.107358+05:30,NIFTYNXT50,29-Sep-2026,64200.0,PE,0,,0,,0,0.0,,0,0,0,0,0,,,,,,,,,,,,,,,0.03847240907667428,,,,,,13.24,25,72319.25,72456.1,70519.35,72083.7,none,no_price_available
2026-09-15T08:58:54.107358+00:00,2026-09-15T14:28:54.107358+05:30,NIFTYNXT50,29-Sep-2026,64300.0,CE,70529.4,5810.5,550,7400.7,25,0.0,6605.6,0,0,0,0,0,,,,,,,,,,,,,,,0.03847240907667428,70850,0.11788505268900494,0.01,index_dividend_yield,0.065,13.24,25,72319.25,72456.1,70519.35,72083.7,mid_price,no_nse_iv
2026-09-15T08:58:54.107358+00:00,2026-09-15T14:28:54.107358+05:30,NIFTYNXT50,29-Sep-2026,64300.0,PE,0,,0,,0,0.0,,0,0,0,0,0,,,,,,,,,,,,,,,0.03847240907667428,,,,,,13.24,25,72319.25,72456.1,70519.35,72083.7,none,no_price_available
2026-09-15T08:58:54.107358+00:00,2026-09-15T14:28:54.107358+05:30,NIFTYNXT50,29-Sep-2026,64400.0,CE,70529.4,5733.1,550,7294,25,0.0,6513.55,0,0,0,0,0,,,,,,,,,,,,,,,0.03847240907667428,70850,0.11788505268900494,0.01,index_dividend_yield,0.065,13.24,25,72319.25,72456.1,70519.35,72083.7,mid_price,no_nse_iv
2026-09-15T08:58:54.107358+00:00,2026-09-15T14:28:54.107358+05:30,NIFTYNXT50,29-Sep-2026,64400.0,PE,0,,0,,0,0.0,,0,0,0,0,0,,,,,,,,,,,,,,,0.03847240907667428,,,,,,13.24,25,72319.25,72456.1,70519.35,72083.7,none,no_price_available
2026-09-15T08:58:54.107358+00:00,2026-09-15T14:28:54.107358+05:30,NIFTYNXT50,29-Sep-2026,64500.0,CE,70529.4,5652.25,550,7187.3,25,0.0,6419.775,0,0,0,0,0,,,,,,,,,,,,,,,0.03847240907667428,70850,0.11788505268900494,0.01,index_dividend_yield,0.065,13.24,25,72319.25,72456.1,70519.35,72083.7,mid_price,no_nse_iv
2026-09-15T08:58:54.107358+00:00,2026-09-15T14:28:54.107358+05:30,NIFTYNXT50,29-Sep-2026,64500.0,PE,0,,0,,0,0.0,,0,0,0,0,0,,,,,,,,,,,,,,,0.03847240907667428,,,,,,13.24,25,72319.25,72456.1,70519.35,72083.7,none,no_price_available
2026-09-15T08:58:54.107358+00:00,2026-09-15T14:28:54.107358+05:30,NIFTYNXT50,29-Sep-2026,64600.0,CE,70529.4,5571.15,550,7080.65,25,0.0,6325.9,0,0,0,0,0,,,,,,,,,,,,,,,0.03847240907667428,70850,0.11788505268900494,0.01,index_dividend_yield,0.065,13.24,25,72319.25,72456.1,70519.35,72083.7,mid_price,no_nse_iv
2026-09-15T08:58:54.107358+00:00,2026-09-15T14:28:54.107358+05:30,NIFTYNXT50,29-Sep-2026,64600.0,PE,0,,0,,0,0.0,,0,0,0,0,0,,,,,,,,,,,,,,,0.03847240907667428,,,,,,13.24,25,72319.25,72456.1,70519.35,72083.7,none,no_price_available
2026-09-15T08:58:54.107358+00:00,2026-09-15T14:28:54.107358+05:30,NIFTYNXT50,29-Sep-2026,64700.0,CE,70529.4,5493.2,550,6973.95,25,0.0,6233.575,0,0,0,0,0,,,,,,,,,,,,,,,0.03847240907667428,70850,0.11788505268900494,0.01,index_dividend_yield,0.065,13.24,25,72319.25,72456.1,70519.35,72083.7,mid_price,no_nse_iv
2026-09-15T08:58:54.107358+00:00,2026-09-15T14:28:54.107358+05:30,NIFTYNXT50,29-Sep-2026,64700.0,PE,0,,0,,0,0.0,,0,0,0,0,0,,,,,,,,,,,,,,,0.03847240907667428,,,,,,13.24,25,72319.25,72456.1,70519.35,72083.7,none,no_price_available
2026-09-15T08:58:54.107358+00:00,2026-09-15T14:28:54.107358+05:30,NIFTYNXT50,29-Sep-2026,64800.0,CE,70529.4,5411.45,550,6867.3,25,0.0,6139.375,0,0,0,0,0,,,,,,,,,,,,,,,0.03847240907667428,70850,0.11788505268900494,0.01,index_dividend_yield,0.065,13.24,25,72319.25,72456.1,70519.35,72083.7,mid_price,no_nse_iv
2026-09-15T08:58:54.107358+00:00,2026-09-15T14:28:54.107358+05:30,NIFTYNXT50,29-Sep-2026,64800.0,PE,0,,0,,0,0.0,,0,0,0,0,0,,,,,,,,,,,,,,,0.03847240907667428,,,,,,13.24,25,72319.25,72456.1,70519.35,72083.7,none,no_price_available
2026-09-15T08:58:54.107358+00:00,2026-09-15T14:28:54.107358+05:30,NIFTYNXT50,29-Sep-2026,64900.0,CE,70529.4,5333.7,550,6760.6,25,0.0,6047.15,0,0,0,0,0,,,,,,,,,,,,,,,0.03847240907667428,70850,0.11788505268900494,0.01,index_dividend_yield,0.065,13.24,25,72319.25,72456.1,70519.35,72083.7,mid_price,no_nse_iv
2026-09-15T08:58:54.107358+00:00,2026-09-15T14:28:54.107358+05:30,NIFTYNXT50,29-Sep-2026,64900.0,PE,0,,0,,0,0.0,,0,0,0,0,0,,,,,,,,,,,,,,,0.03847240907667428,,,,,,13.24,25,72319.25,72456.1,70519.35,72083.7,none,no_price_available
2026-09-15T08:58:54.107358+00:00,2026-09-15T14:28:54.107358+05:30,NIFTYNXT50,29-Sep-2026,65000.0,CE,70529.4,5250.3,550,6653.9,25,0.0,5952.1,0,0,0,0,0,,,,,,,,,,,,,,,0.03847240907667428,70850,0.11788505268900494,0.01,index_dividend_yield,0.065,13.24,25,72319.25,72456.1,70519.35,72083.7,mid_price,no_nse_iv
2026-09-15T08:58:54.107358+00:00,2026-09-15T14:28:54.107358+05:30,NIFTYNXT50,29-Sep-2026,65000.0,PE,0,,0,,0,0.0,,0,0,0,0,0,,,,,,,,,,,,,,,0.03847240907667428,,,,,,13.24,25,72319.25,72456.1,70519.35,72083.7,none,no_price_available
2026-09-15T08:58:54.107358+00:00,2026-09-15T14:28:54.107358+05:30,NIFTYNXT50,29-Sep-2026,65100.0,CE,70529.4,5175.6,550,6547.25,25,0.0,5861.425,0,0,0,0,0,,,,,,,,,,,,,,,0.03847240907667428,70850,0.11788505268900494,0.01,index_dividend_yield,0.065,13.24,25,72319.25,72456.1,70519.35,72083.7,mid_price,no_nse_iv
2026-09-15T08:58:54.107358+00:00,2026-09-15T14:28:54.107358+05:30,NIFTYNXT50,29-Sep-2026,65100.0,PE,0,,0,,0,0.0,,0,0,0,0,0,,,,,,,,,,,,,,,0.03847240907667428,,,,,,13.24,25,72319.25,72456.1,70519.35,72083.7,none,no_price_available
2026-09-15T08:58:54.107358+00:00,2026-09-15T14:28:54.107358+05:30,NIFTYNXT50,29-Sep-2026,65200.0,CE,70529.4,5090.75,550,6440.55,25,0.0,5765.65,0,0,0,0,0,,,,,,,,,,,,,,,0.03847240907667428,70850,0.11788505268900494,0.01,index_dividend_yield,0.065,13.24,25,72319.25,72456.1,70519.35,72083.7,mid_price,no_nse_iv
2026-09-15T08:58:54.107358+00:00,2026-09-15T14:28:54.107358+05:30,NIFTYNXT50,29-Sep-2026,65200.0,PE,0,,0,,0,0.0,,0,0,0,0,0,,,,,,,,,,,,,,,0.03847240907667428,,,,,,13.24,25,72319.25,72456.1,70519.35,72083.7,none,no_price_available
2026-09-15T08:58:54.107358+00:00,2026-09-15T14:28:54.107358+05:30,NIFTYNXT50,29-Sep-2026,65300.0,CE,70529.4,5013.9,550,6333.9,25,0.0,5673.9,0,0,0,0,0,,,,,,,,,,,,,,,0.03847240907667428,70850,0.11788505268900494,0.01,index_dividend_yield,0.065,13.24,25,72319.25,72456.1,70519.35,72083.7,mid_price,no_nse_iv
2026-09-15T08:58:54.107358+00:00,2026-09-15T14:28:54.107358+05:30,NIFTYNXT50,29-Sep-2026,65300.0,PE,0,,0,,0,0.0,,0,0,0,0,0,,,,,,,,,,,,,,,0.03847240907667428,,,,,,13.24,25,72319.25,72456.1,70519.35,72083.7,none,no_price_available
2026-09-15T08:58:54.107358+00:00,2026-09-15T14:28:54.107358+05:30,NIFTYNXT50,29-Sep-2026,65400.0,CE,70529.4,4931.55,550,6227.2,25,0.0,5579.375,0,0,0,0,0,,,,,,,,,,,,,,,0.03847240907667428,70850,0.11788505268900494,0.01,index_dividend_yield,0.065,13.24,25,72319.25,72456.1,70519.35,72083.7,mid_price,no_nse_iv
2026-09-15T08:58:54.107358+00:00,2026-09-15T14:28:54.107358+05:30,NIFTYNXT50,29-Sep-2026,65400.0,PE,0,,0,,0,0.0,,0,0,0,0,0,,,,,,,,,,,,,,,0.03847240907667428,,,,,,13.24,25,72319.25,72456.1,70519.35,72083.7,none,no_price_available
2026-09-15T08:58:54.107358+00:00,2026-09-15T14:28:54.107358+05:30,NIFTYNXT50,29-Sep-2026,65500.0,CE,70529.4,4858.35,550,6120.5,25,0.0,5489.425,0,0,0,0,0,,,,,,,,,,,,,,,0.03847240907667428,70850,0.11788505268900494,0.01,index_dividend_yield,0.065,13.24,25,72319.25,72456.1,70519.35,72083.7,mid_price,no_nse_iv
2026-09-15T08:58:54.107358+00:00,2026-09-15T14:28:54.107358+05:30,NIFTYNXT50,29-Sep-2026,65500.0,PE,0,,0,,0,0.0,,0,0,0,0,0,,,,,,,,,,,,,,,0.03847240907667428,,,,,,13.24,25,72319.25,72456.1,70519.35,72083.7,none,no_price_available
2026-09-15T08:58:54.107358+00:00,2026-09-15T14:28:54.107358+05:30,NIFTYNXT50,29-Sep-2026,65600.0,CE,70529.4,4323.45,550,6013.85,25,0.0,5168.65,0,0,0,0,0,,,,,,,,,,,,,,,0.03847240907667428,70850,0.11788505268900494,0.01,index_dividend_yield,0.065,13.24,25,72319.25,72456.1,70519.35,72083.7,mid_price,no_nse_iv
2026-09-15T08:58:54.107358+00:00,2026-09-15T14:28:54.107358+05:30,NIFTYNXT50,29-Sep-2026,65600.0,PE,0,,0,,0,0.0,,0,0,0,0,0,,,,,,,,,,,,,,,0.03847240907667428,,,,,,13.24,25,72319.25,72456.1,70519.35,72083.7,none,no_price_available
2026-09-15T08:58:54.107358+00:00,2026-09-15T14:28:54.107358+05:30,NIFTYNXT50,29-Sep-2026,65700.0,CE,70529.4,4259.35,200,5907.15,25,0.0,5083.25,0,0,0,0,0,,,,,,,,,,,,,,,0.03847240907667428,70850,0.11788505268900494,0.01,index_dividend_yield,0.065,13.24,25,72319.25,72456.1,70519.35,72083.7,mid_price,no_nse_iv
2026-09-15T08:58:54.107358+00:00,2026-09-15T14:28:54.107358+05:30,NIFTYNXT50,29-Sep-2026,65700.0,PE,0,,0,,0,0.0,,0,0,0,0,0,,,,,,,,,,,,,,,0.03847240907667428,,,,,,13.24,25,72319.25,72456.1,70519.35,72083.7,none,no_price_available
2026-09-15T08:58:54.107358+00:00,2026-09-15T14:28:54.107358+05:30,NIFTYNXT50,29-Sep-2026,65800.0,CE,70529.4,4195.35,225,5800.5,25,0.0,4997.925,0,0,0,0,0,,,,,,,,,,,,,,,0.03847240907667428,70850,0.11788505268900494,0.01,index_dividend_yield,0.065,13.24,25,72319.25,72456.1,70519.35,72083.7,mid_price,no_nse_iv
2026-09-15T08:58:54.107358+00:00,2026-09-15T14:28:54.107358+05:30,NIFTYNXT50,29-Sep-2026,65800.0,PE,0,,0,,0,0.0,,0,0,0,0,0,,,,,,,,,,,,,,,0.03847240907667428,,,,,,13.24,25,72319.25,72456.1,70519.35,72083.7,none,no_price_available
2026-09-15T08:58:54.107358+00:00,2026-09-15T14:28:54.107358+05:30,NIFTYNXT50,29-Sep-2026,65900.0,CE,70529.4,4131.45,225,5693.8,25,0.0,4912.625,0,0,0,0,0,,,,,,,,,,,,,,,0.03847240907667428,70850,0.11788505268900494,0.01,index_dividend_yield,0.065,13.24,25,72319.25,72456.1,70519.35,72083.7,mid_price,no_nse_iv
2026-09-15T08:58:54.107358+00:00,2026-09-15T14:28:54.107358+05:30,NIFTYNXT50,29-Sep-2026,65900.0,PE,0,,0,,0,0.0,,0,0,0,0,0,,,,,,,,,,,,,,,0.03847240907667428,,,,,,13.24,25,72319.25,72456.1,70519.35,72083.7,none,no_price_available
2026-09-15T08:58:54.107358+00:00,2026-09-15T14:28:54.107358+05:30,NIFTYNXT50,29-Sep-2026,66000.0,CE,70529.4,4067.7,550,5587,25,0.0,4827.35,0,0,0,0,0,,,,,,,,,,,,,,,0.03847240907667428,70850,0.11788505268900494,0.01,index_dividend_yield,0.065,13.24,25,72319.25,72456.1,70519.35,72083.7,mid_price,no_nse_iv
2026-09-15T08:58:54.107358+00:00,2026-09-15T14:28:54.107358+05:30,NIFTYNXT50,29-Sep-2026,66000.0,PE,0,,0,,0,0.0,,0,0,0,0,0,,,,,,,,,,,,,,,0.03847240907667428,,,,,,13.24,25,72319.25,72456.1,70519.35,72083.7,none,no_price_available
2026-09-15T08:58:54.107358+00:00,2026-09-15T14:28:54.107358+05:30,NIFTYNXT50,29-Sep-2026,66100.0,CE,70529.4,4003.85,225,5480.45,25,0.0,4742.15,0,0,0,0,0,,,,,,,,,,,,,,,0.03847240907667428,70850,0.11788505268900494,0.01,index_dividend_yield,0.065,13.24,25,72319.25,72456.1,70519.35,72083.7,mid_price,no_nse_iv
2026-09-15T08:58:54.107358+00:00,2026-09-15T14:28:54.107358+05:30,NIFTYNXT50,29-Sep-2026,66100.0,PE,0,,0,,0,0.0,,0,0,0,0,0,,,,,,,,,,,,,,,0.03847240907667428,,,,,,13.24,25,72319.25,72456.1,70519.35,72083.7,none,no_price_available
2026-09-15T08:58:54.107358+00:00,2026-09-15T14:28:54.107358+05:30,NIFTYNXT50,29-Sep-2026,66200.0,CE,70529.4,3940.2,225,5373.75,25,0.0,4656.975,0,0,0,0,0,,,,,,,,,,,,,,,0.03847240907667428,70850,0.11788505268900494,0.01,index_dividend_yield,0.065,13.24,25,72319.25,72456.1,70519.35,72083.7,mid_price,no_nse_iv
2026-09-15T08:58:54.107358+00:00,2026-09-15T14:28:54.107358+05:30,NIFTYNXT50,29-Sep-2026,66200.0,PE,0,,0,,0,0.0,,0,0,0,0,0,,,,,,,,,,,,,,,0.03847240907667428,,,,,,13.24,25,72319.25,72456.1,70519.35,72083.7,none,no_price_available
2026-09-15T08:58:54.107358+00:00,2026-09-15T14:28:54.107358+05:30,NIFTYNXT50,29-Sep-2026,66300.0,CE,70529.4,3876.7,225,5579,550,0.0,4727.85,0,0,0,0,0,,,,,,,,,,,,,,,0.03847240907667428,70850,0.11788505268900494,0.01,index_dividend_yield,0.065,13.24,25,72319.25,72456.1,70519.35,72083.7,mid_price,no_nse_iv
2026-09-15T08:58:54.107358+00:00,2026-09-15T14:28:54.107358+05:30,NIFTYNXT50,29-Sep-2026,66300.0,PE,0,,0,,0,0.0,,0,0,0,0,0,,,,,,,,,,,,,,,0.03847240907667428,,,,,,13.24,25,72319.25,72456.1,70519.35,72083.7,none,no_price_available
2026-09-15T08:58:54.107358+00:00,2026-09-15T14:28:54.107358+05:30,NIFTYNXT50,29-Sep-2026,66400.0,CE,70529.4,4141.1,25,5472.25,550,0.0,4806.675,0,0,0,0,0,,,,,,,,,,,,,,,0.03847240907667428,70850,0.11788505268900494,0.01,index_dividend_yield,0.065,13.24,25,72319.25,72456.1,70519.35,72083.7,mid_price,no_nse_iv
2026-09-15T08:58:54.107358+00:00,2026-09-15T14:28:54.107358+05:30,NIFTYNXT50,29-Sep-2026,66400.0,PE,0,,0,,0,0.0,,0,0,0,0,0,,,,,,,,,,,,,,,0.03847240907667428,,,,,,13.24,25,72319.25,72456.1,70519.35,72083.7,none,no_price_available
2026-09-15T08:58:54.107358+00:00,2026-09-15T14:28:54.107358+05:30,NIFTYNXT50,29-Sep-2026,66500.0,CE,70529.4,4061.4,25,5414.4,550,0.0,4737.9,0,0,0,0,0,,,,,,,,,,,,,,,0.03847240907667428,70850,0.11788505268900494,0.01,index_dividend_yield,0.065,13.24,25,72319.25,72456.1,70519.35,72083.7,mid_price,no_nse_iv
2026-09-15T08:58:54.107358+00:00,2026-09-15T14:28:54.107358+05:30,NIFTYNXT50,29-Sep-2026,66500.0,PE,0,,0,,0,0.0,,0,0,0,0,0,,,,,,,,,,,,,,,0.03847240907667428,,,,,,13.24,25,72319.25,72456.1,70519.35,72083.7,none,no_price_available
2026-09-15T08:58:54.107358+00:00,2026-09-15T14:28:54.107358+05:30,NIFTYNXT50,29-Sep-2026,66600.0,CE,70529.4,3686.9,550,4947.05,25,0.0,4316.975,0,0,0,0,0,,,,,,,,,,,,,,,0.03847240907667428,70850,0.11788505268900494,0.01,index_dividend_yield,0.065,13.24,25,72319.25,72456.1,70519.35,72083.7,mid_price,no_nse_iv
2026-09-15T08:58:54.107358+00:00,2026-09-15T14:28:54.107358+05:30,NIFTYNXT50,29-Sep-2026,66600.0,PE,0,,0,,0,0.0,,0,0,0,0,0,,,,,,,,,,,,,,,0.03847240907667428,,,,,,13.24,25,72319.25,72456.1,70519.35,72083.7,none,no_price_available
2026-09-15T08:58:54.107358+00:00,2026-09-15T14:28:54.107358+05:30,NIFTYNXT50,29-Sep-2026,66700.0,CE,70529.4,3898.4,25,4840.35,25,0.0,4369.375,0,0,0,0,0,,,,,,,,,,,,,,,0.03847240907667428,70850,0.11788505268900494,0.01,index_dividend_yield,0.065,13.24,25,72319.25,72456.1,70519.35,72083.7,mid_price,no_nse_iv
2026-09-15T08:58:54.107358+00:00,2026-09-15T14:28:54.107358+05:30,NIFTYNXT50,29-Sep-2026,66700.0,PE,0,,0,,0,0.0,,0,0,0,0,0,,,,,,,,,,,,,,,0.03847240907667428,,,,,,13.24,25,72319.25,72456.1,70519.35,72083.7,none,no_price_available
2026-09-15T08:58:54.107358+00:00,2026-09-15T14:28:54.107358+05:30,NIFTYNXT50,29-Sep-2026,66800.0,CE,70529.4,3829.3,25,4733.7,25,0.0,4281.5,0,0,0,0,0,,,,,,,,,,,,,,,0.03847240907667428,70850,0.11788505268900494,0.01,index_dividend_yield,0.065,13.24,25,72319.25,72456.1,70519.35,72083.7,mid_price,no_nse_iv
2026-09-15T08:58:54.107358+00:00,2026-09-15T14:28:54.107358+05:30,NIFTYNXT50,29-Sep-2026,66800.0,PE,0,,0,,0,0.0,,0,0,0,0,0,,,,,,,,,,,,,,,0.03847240907667428,,,,,,13.24,25,72319.25,72456.1,70519.35,72083.7,none,no_price_available
2026-09-15T08:58:54.107358+00:00,2026-09-15T14:28:54.107358+05:30,NIFTYNXT50,29-Sep-2026,66900.0,CE,70529.4,3771.15,25,4938.9,25,0.0,4355.025,0,0,0,0,0,,,,,,,,,,,,,,,0.03847240907667428,70850,0.11788505268900494,0.01,index_dividend_yield,0.065,13.24,25,72319.25,72456.1,70519.35,72083.7,mid_price,no_nse_iv
2026-09-15T08:58:54.107358+00:00,2026-09-15T14:28:54.107358+05:30,NIFTYNXT50,29-Sep-2026,66900.0,PE,0,,0,,0,0.0,,0,0,0,0,0,,,,,,,,,,,,,,,0.03847240907667428,,,,,,13.24,25,72319.25,72456.1,70519.35,72083.7,none,no_price_available
2026-09-15T08:58:54.107358+00:00,2026-09-15T14:28:54.107358+05:30,NIFTYNXT50,29-Sep-2026,67000.0,CE,70529.4,3054.9,300,4545.15,550,0.0,3800.0249999999996,0,0,0,0,0,,,,,,,,,,,,,,,0.03847240907667428,70850,0.11788505268900494,0.01,index_dividend_yield,0.065,13.24,25,72319.25,72456.1,70519.35,72083.7,mid_price,no_nse_iv
2026-09-15T08:58:54.107358+00:00,2026-09-15T14:28:54.107358+05:30,NIFTYNXT50,29-Sep-2026,67000.0,PE,70529.4,65.15,25,152.3,25,120,108.72500000000001,6,0,2,110.52631578947368,21.37,-0.0974156513139708,5.82313025787029e-05,-17.06115258935603,23.815011064851795,-1.0103997988535827,0.007067742789938339,181.1819063965938,-2.6286525413296422e-08,0.00017053667122817208,-1.0270416670156245e-06,-2.1149538987113417,-49.779594057260915,0.10460730153558738,6.452786233377512e-05,0.03847240907667428,70850,0.11788505268900494,0.01,index_dividend_yield,0.065,13.24,25,72319.25,72456.1,70519.35,72083.7,mid_price,wide_quote_low_liquidity
2026-09-15T08:58:54.107358+00:00,2026-09-15T14:28:54.107358+05:30,NIFTYNXT50,29-Sep-2026,67100.0,CE,70529.4,2993.5,300,4956.35,550,0.0,3974.925,0,0,0,0,0,,,,,,,,,,,,,,,0.03847240907667428,70850,0.11788505268900494,0.01,index_dividend_yield,0.065,13.24,25,72319.25,72456.1,70519.35,72083.7,mid_price,no_nse_iv
2026-09-15T08:58:54.107358+00:00,2026-09-15T14:28:54.107358+05:30,NIFTYNXT50,29-Sep-2026,67100.0,PE,0,,0,,0,0.0,,0,0,0,0,0,,,,,,,,,,,,,,,0.03847240907667428,,,,,,13.24,25,72319.25,72456.1,70519.35,72083.7,none,no_price_available
2026-09-15T08:58:54.107358+00:00,2026-09-15T14:28:54.107358+05:30,NIFTYNXT50,29-Sep-2026,67200.0,CE,70529.4,2956.9,300,4849.7,550,0.0,3903.3,0,0,0,0,0,,,,,,,,,,,,,,,0.03847240907667428,70850,0.11788505268900494,0.01,index_dividend_yield,0.065,13.24,25,72319.25,72456.1,70519.35,72083.7,mid_price,no_nse_iv
2026-09-15T08:58:54.107358+00:00,2026-09-15T14:28:54.107358+05:30,NIFTYNXT50,29-Sep-2026,67200.0,PE,0,,0,,0,0.0,,0,0,0,0,0,,,,,,,,,,,,,,,0.03847240907667428,,,,,,13.24,25,72319.25,72456.1,70519.35,72083.7,none,no_price_available
2026-09-15T08:58:54.107358+00:00,2026-09-15T14:28:54.107358+05:30,NIFTYNXT50,29-Sep-2026,67300.0,CE,70529.4,2888.8,325,4743,550,0.0,3815.9,0,0,0,0,0,,,,,,,,,,,,,,,0.03847240907667428,70850,0.11788505268900494,0.01,index_dividend_yield,0.065,13.24,25,72319.25,72456.1,70519.35,72083.7,mid_price,no_nse_iv
2026-09-15T08:58:54.107358+00:00,2026-09-15T14:28:54.107358+05:30,NIFTYNXT50,29-Sep-2026,67300.0,PE,0,,0,,0,0.0,,0,0,0,0,0,,,,,,,,,,,,,,,0.03847240907667428,,,,,,13.24,25,72319.25,72456.1,70519.35,72083.7,none,no_price_available
2026-09-15T08:58:54.107358+00:00,2026-09-15T14:28:54.107358+05:30,NIFTYNXT50,29-Sep-2026,67400.0,CE,70529.4,2832.4,325,4637.25,550,0.0,3734.825,0,0,0,0,0,,,,,,,,,,,,,,,0.03847240907667428,70850,0.11788505268900494,0.01,index_dividend_yield,0.065,13.24,25,72319.25,72456.1,70519.35,72083.7,mid_price,no_nse_iv
2026-09-15T08:58:54.107358+00:00,2026-09-15T14:28:54.107358+05:30,NIFTYNXT50,29-Sep-2026,67400.0,PE,0,,0,,0,0.0,,0,0,0,0,0,,,,,,,,,,,,,,,0.03847240907667428,,,,,,13.24,25,72319.25,72456.1,70519.35,72083.7,none,no_price_available
2026-09-15T08:58:54.107358+00:00,2026-09-15T14:28:54.107358+05:30,NIFTYNXT50,29-Sep-2026,67500.0,CE,70529.4,2756,325,4532.25,550,0.0,3644.125,0,0,0,0,0,,,,,,,,,,,,,,,0.03847240907667428,70850,0.11788505268900494,0.01,index_dividend_yield,0.065,13.24,25,72319.25,72456.1,70519.35,72083.7,mid_price,no_nse_iv
2026-09-15T08:58:54.107358+00:00,2026-09-15T14:28:54.107358+05:30,NIFTYNXT50,29-Sep-2026,67500.0,PE,0,,0,,0,0.0,,0,0,0,0,0,,,,,,,,,,,,,,,0.03847240907667428,,,,,,13.24,25,72319.25,72456.1,70519.35,72083.7,none,no_price_available
2026-09-15T08:58:54.107358+00:00,2026-09-15T14:28:54.107358+05:30,NIFTYNXT50,29-Sep-2026,67600.0,CE,70529.4,2720.65,325,4427.25,550,0.0,3573.95,0,0,0,0,0,,,,,,,,,,,,,,,0.03847240907667428,70850,0.11788505268900494,0.01,index_dividend_yield,0.065,13.24,25,72319.25,72456.1,70519.35,72083.7,mid_price,no_nse_iv
2026-09-15T08:58:54.107358+00:00,2026-09-15T14:28:54.107358+05:30,NIFTYNXT50,29-Sep-2026,67600.0,PE,0,,0,,0,0.0,,0,0,0,0,0,,,,,,,,,,,,,,,0.03847240907667428,,,,,,13.24,25,72319.25,72456.1,70519.35,72083.7,none,no_price_available
2026-09-15T08:58:54.107358+00:00,2026-09-15T14:28:54.107358+05:30,NIFTYNXT50,29-Sep-2026,67700.0,CE,70529.4,2401.65,375,4322.25,550,0.0,3361.95,0,0,0,0,0,,,,,,,,,,,,,,,0.03847240907667428,70850,0.11788505268900494,0.01,index_dividend_yield,0.065,13.24,25,72319.25,72456.1,70519.35,72083.7,mid_price,no_nse_iv
2026-09-15T08:58:54.107358+00:00,2026-09-15T14:28:54.107358+05:30,NIFTYNXT50,29-Sep-2026,67700.0,PE,0,,0,,0,0.0,,0,0,0,0,0,,,,,,,,,,,,,,,0.03847240907667428,,,,,,13.24,25,72319.25,72456.1,70519.35,72083.7,none,no_price_available
2026-09-15T08:58:54.107358+00:00,2026-09-15T14:28:54.107358+05:30,NIFTYNXT50,29-Sep-2026,67800.0,CE,70529.4,2373,400,4217.25,550,0.0,3295.125,0,0,0,0,0,,,,,,,,,,,,,,,0.03847240907667428,70850,0.11788505268900494,0.01,index_dividend_yield,0.065,13.24,25,72319.25,72456.1,70519.35,72083.7,mid_price,no_nse_iv
2026-09-15T08:58:54.107358+00:00,2026-09-15T14:28:54.107358+05:30,NIFTYNXT50,29-Sep-2026,67800.0,PE,0,,0,,0,0.0,,0,0,0,0,0,,,,,,,,,,,,,,,0.03847240907667428,,,,,,13.24,25,72319.25,72456.1,70519.35,72083.7,none,no_price_available
2026-09-15T08:58:54.107358+00:00,2026-09-15T14:28:54.107358+05:30,NIFTYNXT50,29-Sep-2026,67900.0,CE,70529.4,2262.55,400,4112.25,550,0.0,3187.4,0,0,0,0,0,,,,,,,,,,,,,,,0.03847240907667428,70850,0.11788505268900494,0.01,index_dividend_yield,0.065,13.24,25,72319.25,72456.1,70519.35,72083.7,mid_price,no_nse_iv
2026-09-15T08:58:54.107358+00:00,2026-09-15T14:28:54.107358+05:30,NIFTYNXT50,29-Sep-2026,67900.0,PE,0,,0,,0,0.0,,0,0,0,0,0,,,,,,,,,,,,,,,0.03847240907667428,,,,,,13.24,25,72319.25,72456.1,70519.35,72083.7,none,no_price_available
2026-09-15T08:58:54.107358+00:00,2026-09-15T14:28:54.107358+05:30,NIFTYNXT50,29-Sep-2026,68000.0,CE,70529.4,2189.7,425,4007.25,550,0.0,3098.475,0,0,0,0,0,,,,,,,,,,,,,,,0.03847240907667428,70850,0.11788505268900494,0.01,index_dividend_yield,0.065,13.24,25,72319.25,72456.1,70519.35,72083.7,mid_price,no_nse_iv
2026-09-15T08:58:54.107358+00:00,2026-09-15T14:28:54.107358+05:30,NIFTYNXT50,29-Sep-2026,68000.0,PE,0,,0,,0,0.0,,0,0,0,0,0,,,,,,,,,,,,,,,0.03847240907667428,,,,,,13.24,25,72319.25,72456.1,70519.35,72083.7,none,no_price_available
2026-09-15T08:58:54.107358+00:00,2026-09-15T14:28:54.107358+05:30,NIFTYNXT50,29-Sep-2026,68100.0,CE,70529.4,2164,425,3902.25,550,0.0,3033.125,0,0,0,0,0,,,,,,,,,,,,,,,0.03847240907667428,70850,0.11788505268900494,0.01,index_dividend_yield,0.065,13.24,25,72319.25,72456.1,70519.35,72083.7,mid_price,no_nse_iv
2026-09-15T08:58:54.107358+00:00,2026-09-15T14:28:54.107358+05:30,NIFTYNXT50,29-Sep-2026,68100.0,PE,0,,0,,0,0.0,,0,0,0,0,0,,,,,,,,,,,,,,,0.03847240907667428,,,,,,13.24,25,72319.25,72456.1,70519.35,72083.7,none,no_price_available
2026-09-15T08:58:54.107358+00:00,2026-09-15T14:28:54.107358+05:30,NIFTYNXT50,29-Sep-2026,68200.0,CE,70529.4,2189.05,425,3809.25,550,0.0,2999.15,0,0,0,0,0,,,,,,,,,,,,,,,0.03847240907667428,70850,0.11788505268900494,0.01,index_dividend_yield,0.065,13.24,25,72319.25,72456.1,70519.35,72083.7,mid_price,no_nse_iv
2026-09-15T08:58:54.107358+00:00,2026-09-15T14:28:54.107358+05:30,NIFTYNXT50,29-Sep-2026,68200.0,PE,0,,0,,0,0.0,,0,0,0,0,0,,,,,,,,,,,,,,,0.03847240907667428,,,,,,13.24,25,72319.25,72456.1,70519.35,72083.7,none,no_price_available
2026-09-15T08:58:54.107358+00:00,2026-09-15T14:28:54.107358+05:30,NIFTYNXT50,29-Sep-2026,68300.0,CE,70529.4,2092.75,450,3692.25,550,0.0,2892.5,0,0,0,0,0,,,,,,,,,,,,,,,0.03847240907667428,70850,0.11788505268900494,0.01,index_dividend_yield,0.065,13.24,25,72319.25,72456.1,70519.35,72083.7,mid_price,no_nse_iv
2026-09-15T08:58:54.107358+00:00,2026-09-15T14:28:54.107358+05:30,NIFTYNXT50,29-Sep-2026,68300.0,PE,0,,0,,0,0.0,,0,0,0,0,0,,,,,,,,,,,,,,,0.03847240907667428,,,,,,13.24,25,72319.25,72456.1,70519.35,72083.7,none,no_price_available
2026-09-15T08:58:54.107358+00:00,2026-09-15T14:28:54.107358+05:30,NIFTYNXT50,29-Sep-2026,68400.0,CE,70529.4,1821.95,500,3587.25,550,0.0,2704.6,0,0,0,0,0,,,,,,,,,,,,,,,0.03847240907667428,70850,0.11788505268900494,0.01,index_dividend_yield,0.065,13.24,25,72319.25,72456.1,70519.35,72083.7,mid_price,no_nse_iv
2026-09-15T08:58:54.107358+00:00,2026-09-15T14:28:54.107358+05:30,NIFTYNXT50,29-Sep-2026,68400.0,PE,0,,0,,0,0.0,,0,0,0,0,0,,,,,,,,,,,,,,,0.03847240907667428,,,,,,13.24,25,72319.25,72456.1,70519.35,72083.7,none,no_price_available
2026-09-15T08:58:54.107358+00:00,2026-09-15T14:28:54.107358+05:30,NIFTYNXT50,29-Sep-2026,68500.0,CE,70529.4,1856.9,500,3482.25,550,0.0,2669.575,0,0,0,0,0,,,,,,,,,,,,,,,0.03847240907667428,70850,0.11788505268900494,0.01,index_dividend_yield,0.065,13.24,25,72319.25,72456.1,70519.35,72083.7,mid_price,no_nse_iv
2026-09-15T08:58:54.107358+00:00,2026-09-15T14:28:54.107358+05:30,NIFTYNXT50,29-Sep-2026,68500.0,PE,0,,0,,0,0.0,,0,0,0,0,0,,,,,,,,,,,,,,,0.03847240907667428,,,,,,13.24,25,72319.25,72456.1,70519.35,72083.7,none,no_price_available
2026-09-15T08:58:54.107358+00:00,2026-09-15T14:28:54.107358+05:30,NIFTYNXT50,29-Sep-2026,68600.0,CE,70529.4,1755.05,525,3377.25,550,0.0,2566.15,0,0,0,0,0,,,,,,,,,,,,,,,0.03847240907667428,70850,0.11788505268900494,0.01,index_dividend_yield,0.065,13.24,25,72319.25,72456.1,70519.35,72083.7,mid_price,no_nse_iv
2026-09-15T08:58:54.107358+00:00,2026-09-15T14:28:54.107358+05:30,NIFTYNXT50,29-Sep-2026,68600.0,PE,0,,0,,0,0.0,,0,0,0,0,0,,,,,,,,,,,,,,,0.03847240907667428,,,,,,13.24,25,72319.25,72456.1,70519.35,72083.7,none,no_price_available
2026-09-15T08:58:54.107358+00:00,2026-09-15T14:28:54.107358+05:30,NIFTYNXT50,29-Sep-2026,68700.0,CE,70529.4,1628.8,550,3272.25,550,0.0,2450.525,0,0,0,0,0,,,,,,,,,,,,,,,0.03847240907667428,70850,0.11788505268900494,0.01,index_dividend_yield,0.065,13.24,25,72319.25,72456.1,70519.35,72083.7,mid_price,no_nse_iv
2026-09-15T08:58:54.107358+00:00,2026-09-15T14:28:54.107358+05:30,NIFTYNXT50,29-Sep-2026,68700.0,PE,0,,0,,0,0.0,,0,0,0,0,0,,,,,,,,,,,,,,,0.03847240907667428,,,,,,13.24,25,72319.25,72456.1,70519.35,72083.7,none,no_price_available
2026-09-15T08:58:54.107358+00:00,2026-09-15T14:28:54.107358+05:30,NIFTYNXT50,29-Sep-2026,68800.0,CE,70529.4,1486.3,550,3167.25,550,0.0,2326.775,0,0,0,0,0,,,,,,,,,,,,,,,0.03847240907667428,70850,0.11788505268900494,0.01,index_dividend_yield,0.065,13.24,25,72319.25,72456.1,70519.35,72083.7,mid_price,no_nse_iv
2026-09-15T08:58:54.107358+00:00,2026-09-15T14:28:54.107358+05:30,NIFTYNXT50,29-Sep-2026,68800.0,PE,0,,0,,0,0.0,,0,0,0,0,0,,,,,,,,,,,,,,,0.03847240907667428,,,,,,13.24,25,72319.25,72456.1,70519.35,72083.7,none,no_price_available
2026-09-15T08:58:54.107358+00:00,2026-09-15T14:28:54.107358+05:30,NIFTYNXT50,29-Sep-2026,68900.0,CE,70529.4,1479.65,550,3105.15,550,0.0,2292.4,0,0,0,0,0,,,,,,,,,,,,,,,0.03847240907667428,70850,0.11788505268900494,0.01,index_dividend_yield,0.065,13.24,25,72319.25,72456.1,70519.35,72083.7,mid_price,no_nse_iv
2026-09-15T08:58:54.107358+00:00,2026-09-15T14:28:54.107358+05:30,NIFTYNXT50,29-Sep-2026,68900.0,PE,0,,0,,0,0.0,,0,0,0,0,0,,,,,,,,,,,,,,,0.03847240907667428,,,,,,13.24,25,72319.25,72456.1,70519.35,72083.7,none,no_price_available
2026-09-15T08:58:54.107358+00:00,2026-09-15T14:28:54.107358+05:30,NIFTYNXT50,29-Sep-2026,69000.0,CE,70529.4,,0,2995.95,550,0.0,,0,0,0,0,0,,,,,,,,,,,,,,,0.03847240907667428,,,,,,13.24,25,72319.25,72456.1,70519.35,72083.7,none,no_price_available
2026-09-15T08:58:54.107358+00:00,2026-09-15T14:28:54.107358+05:30,NIFTYNXT50,29-Sep-2026,69000.0,PE,0,,0,,0,0.0,,0,0,0,0,0,,,,,,,,,,,,,,,0.03847240907667428,,,,,,13.24,25,72319.25,72456.1,70519.35,72083.7,none,no_price_available
2026-09-15T08:58:54.107358+00:00,2026-09-15T14:28:54.107358+05:30,NIFTYNXT50,29-Sep-2026,69100.0,CE,70529.4,,0,5384.45,50,0.0,,0,0,0,0,0,,,,,,,,,,,,,,,0.03847240907667428,,,,,,13.24,25,72319.25,72456.1,70519.35,72083.7,none,no_price_available
2026-09-15T08:58:54.107358+00:00,2026-09-15T14:28:54.107358+05:30,NIFTYNXT50,29-Sep-2026,69100.0,PE,0,,0,,0,0.0,,0,0,0,0,0,,,,,,,,,,,,,,,0.03847240907667428,,,,,,13.24,25,72319.25,72456.1,70519.35,72083.7,none,no_price_available
2026-09-15T08:58:54.107358+00:00,2026-09-15T14:28:54.107358+05:30,NIFTYNXT50,29-Sep-2026,69200.0,CE,70529.4,,0,5281.65,50,0.0,,0,0,0,0,0,,,,,,,,,,,,,,,0.03847240907667428,,,,,,13.24,25,72319.25,72456.1,70519.35,72083.7,none,no_price_available
2026-09-15T08:58:54.107358+00:00,2026-09-15T14:28:54.107358+05:30,NIFTYNXT50,29-Sep-2026,69200.0,PE,0,,0,,0,0.0,,0,0,0,0,0,,,,,,,,,,,,,,,0.03847240907667428,,,,,,13.24,25,72319.25,72456.1,70519.35,72083.7,none,no_price_available
2026-09-15T08:58:54.107358+00:00,2026-09-15T14:28:54.107358+05:30,NIFTYNXT50,29-Sep-2026,69300.0,CE,70529.4,,0,5179.15,50,0.0,,0,0,0,0,0,,,,,,,,,,,,,,,0.03847240907667428,,,,,,13.24,25,72319.25,72456.1,70519.35,72083.7,none,no_price_available
2026-09-15T08:58:54.107358+00:00,2026-09-15T14:28:54.107358+05:30,NIFTYNXT50,29-Sep-2026,69300.0,PE,0,,0,,0,0.0,,0,0,0,0,0,,,,,,,,,,,,,,,0.03847240907667428,,,,,,13.24,25,72319.25,72456.1,70519.35,72083.7,none,no_price_available
2026-09-15T08:58:54.107358+00:00,2026-09-15T14:28:54.107358+05:30,NIFTYNXT50,29-Sep-2026,69400.0,CE,70529.4,,0,,0,0.0,,0,0,0,0,0,,,,,,,,,,,,,,,0.03847240907667428,,,,,,13.24,25,72319.25,72456.1,70519.35,72083.7,none,no_price_available
2026-09-15T08:58:54.107358+00:00,2026-09-15T14:28:54.107358+05:30,NIFTYNXT50,29-Sep-2026,69400.0,PE,0,,0,,0,0.0,,0,0,0,0,0,,,,,,,,,,,,,,,0.03847240907667428,,,,,,13.24,25,72319.25,72456.1,70519.35,72083.7,none,no_price_available
2026-09-15T08:58:54.107358+00:00,2026-09-15T14:28:54.107358+05:30,NIFTYNXT50,29-Sep-2026,69500.0,CE,70529.4,,0,4974.7,50,0.0,,0,0,0,0,0,,,,,,,,,,,,,,,0.03847240907667428,,,,,,13.24,25,72319.25,72456.1,70519.35,72083.7,none,no_price_available
2026-09-15T08:58:54.107358+00:00,2026-09-15T14:28:54.107358+05:30,NIFTYNXT50,29-Sep-2026,69500.0,PE,70529.4,0.1,50,1036.75,50,0.0,518.425,0,0,0,0,0,,,,,,,,,,,,,,,0.03847240907667428,70850,0.11788505268900494,0.01,index_dividend_yield,0.065,13.24,25,72319.25,72456.1,70519.35,72083.7,mid_price,no_nse_iv
2026-09-15T08:58:54.107358+00:00,2026-09-15T14:28:54.107358+05:30,NIFTYNXT50,29-Sep-2026,69600.0,CE,70529.4,,0,4872.75,50,0.0,,0,0,0,0,0,,,,,,,,,,,,,,,0.03847240907667428,,,,,,13.24,25,72319.25,72456.1,70519.35,72083.7,none,no_price_available
2026-09-15T08:58:54.107358+00:00,2026-09-15T14:28:54.107358+05:30,NIFTYNXT50,29-Sep-2026,69600.0,PE,70529.4,0.05,50,640.05,50,0.0,320.04999999999995,0,0,0,0,0,,,,,,,,,,,,,,,0.03847240907667428,70850,0.11788505268900494,0.01,index_dividend_yield,0.065,13.24,25,72319.25,72456.1,70519.35,72083.7,mid_price,no_nse_iv
2026-09-15T08:58:54.107358+00:00,2026-09-15T14:28:54.107358+05:30,NIFTYNXT50,29-Sep-2026,69700.0,CE,70529.4,,0,4771.25,50,0.0,,0,0,0,0,0,,,,,,,,,,,,,,,0.03847240907667428,,,,,,13.24,25,72319.25,72456.1,70519.35,72083.7,none,no_price_available
2026-09-15T08:58:54.107358+00:00,2026-09-15T14:28:54.107358+05:30,NIFTYNXT50,29-Sep-2026,69700.0,PE,70529.4,0.1,50,692.85,550,0.0,346.475,0,0,0,0,0,,,,,,,,,,,,,,,0.03847240907667428,70850,0.11788505268900494,0.01,index_dividend_yield,0.065,13.24,25,72319.25,72456.1,70519.35,72083.7,mid_price,no_nse_iv
2026-09-15T08:58:54.107358+00:00,2026-09-15T14:28:54.107358+05:30,NIFTYNXT50,29-Sep-2026,69800.0,CE,70529.4,,0,,0,0.0,,0,0,0,0,0,,,,,,,,,,,,,,,0.03847240907667428,,,,,,13.24,25,72319.25,72456.1,70519.35,72083.7,none,no_price_available
2026-09-15T08:58:54.107358+00:00,2026-09-15T14:28:54.107358+05:30,NIFTYNXT50,29-Sep-2026,69800.0,PE,70529.4,,0,692.85,550,0.0,,0,0,0,0,0,,,,,,,,,,,,,,,0.03847240907667428,,,,,,13.24,25,72319.25,72456.1,70519.35,72083.7,none,no_price_available
2026-09-15T08:58:54.107358+00:00,2026-09-15T14:28:54.107358+05:30,NIFTYNXT50,29-Sep-2026,69900.0,CE,70529.4,,0,4569.05,50,0.0,,0,0,0,0,0,,,,,,,,,,,,,,,0.03847240907667428,,,,,,13.24,25,72319.25,72456.1,70519.35,72083.7,none,no_price_available
2026-09-15T08:58:54.107358+00:00,2026-09-15T14:28:54.107358+05:30,NIFTYNXT50,29-Sep-2026,69900.0,PE,70529.4,,0,692.7,550,0.0,,0,0,0,0,0,,,,,,,,,,,,,,,0.03847240907667428,,,,,,13.24,25,72319.25,72456.1,70519.35,72083.7,none,no_price_available
2026-09-15T08:58:54.107358+00:00,2026-09-15T14:28:54.107358+05:30,NIFTYNXT50,29-Sep-2026,70000.0,CE,70529.4,,0,4468.6,50,0.0,,0,0,0,0,0,,,,,,,,,,,,,,,0.03847240907667428,,,,,,13.24,25,72319.25,72456.1,70519.35,72083.7,none,no_price_available
2026-09-15T08:58:54.107358+00:00,2026-09-15T14:28:54.107358+05:30,NIFTYNXT50,29-Sep-2026,70000.0,PE,70529.4,522.65,150,577,50,502.55,549.825,3,3,5,-74.79436252382385,15.81,-0.37180278909121517,0.00017285776803336675,-25.389071211908764,52.301064880390975,-0.7071184964962396,0.002135553010188751,31.96006664361306,-2.7894593686113997e-08,-0.0009877481776138935,5.84345832038588e-06,-1.9580383717851362,-45.91480418397146,0.38277358884711227,0.00017548225215730342,0.03847240907667428,70850,0.11788505268900494,0.01,index_dividend_yield,0.065,13.24,25,72319.25,72456.1,70519.35,72083.7,mid_price,ok
2026-09-15T08:58:54.107358+00:00,2026-09-15T14:28:54.107358+05:30,NIFTYNXT50,29-Sep-2026,70100.0,CE,70529.4,,0,4368.5,50,0.0,,0,0,0,0,0,,,,,,,,,,,,,,,0.03847240907667428,,,,,,13.24,25,72319.25,72456.1,70519.35,72083.7,none,no_price_available
2026-09-15T08:58:54.107358+00:00,2026-09-15T14:28:54.107358+05:30,NIFTYNXT50,29-Sep-2026,70100.0,PE,0,,0,,0,0.0,,0,0,0,0,0,,,,,,,,,,,,,,,0.03847240907667428,,,,,,13.24,25,72319.25,72456.1,70519.35,72083.7,none,no_price_available
2026-09-15T08:58:54.107358+00:00,2026-09-15T14:28:54.107358+05:30,NIFTYNXT50,29-Sep-2026,70200.0,CE,70529.4,,0,,0,0.0,,0,0,0,0,0,,,,,,,,,,,,,,,0.03847240907667428,,,,,,13.24,25,72319.25,72456.1,70519.35,72083.7,none,no_price_available
2026-09-15T08:58:54.107358+00:00,2026-09-15T14:28:54.107358+05:30,NIFTYNXT50,29-Sep-2026,70200.0,PE,0,,0,,0,0.0,,0,0,0,0,0,,,,,,,,,,,,,,,0.03847240907667428,,,,,,13.24,25,72319.25,72456.1,70519.35,72083.7,none,no_price_available
2026-09-15T08:58:54.107358+00:00,2026-09-15T14:28:54.107358+05:30,NIFTYNXT50,29-Sep-2026,70300.0,CE,70529.4,0.05,50,,0,0.0,,0,0,0,0,0,,,,,,,,,,,,,,,0.03847240907667428,,,,,,13.24,25,72319.25,72456.1,70519.35,72083.7,none,no_price_available
2026-09-15T08:58:54.107358+00:00,2026-09-15T14:28:54.107358+05:30,NIFTYNXT50,29-Sep-2026,70300.0,PE,0,,0,,0,0.0,,0,0,0,0,0,,,,,,,,,,,,,,,0.03847240907667428,,,,,,13.24,25,72319.25,72456.1,70519.35,72083.7,none,no_price_available
2026-09-15T08:58:54.107358+00:00,2026-09-15T14:28:54.107358+05:30,NIFTYNXT50,29-Sep-2026,70400.0,CE,70529.4,0.05,50,2624.35,25,0.0,1312.2,0,0,0,0,0,,,,,,,,,,,,,,,0.03847240907667428,70850,0.11788505268900494,0.01,index_dividend_yield,0.065,13.24,25,72319.25,72456.1,70519.35,72083.7,mid_price,no_nse_iv
2026-09-15T08:58:54.107358+00:00,2026-09-15T14:28:54.107358+05:30,NIFTYNXT50,29-Sep-2026,70400.0,PE,0,,0,,0,0.0,,0,0,0,0,0,,,,,,,,,,,,,,,0.03847240907667428,,,,,,13.24,25,72319.25,72456.1,70519.35,72083.7,none,no_price_available
2026-09-15T08:58:54.107358+00:00,2026-09-15T14:28:54.107358+05:30,NIFTYNXT50,29-Sep-2026,70500.0,CE,70529.4,0.05,50,,0,0.0,,0,0,0,0,0,,,,,,,,,,,,,,,0.03847240907667428,,,,,,13.24,25,72319.25,72456.1,70519.35,72083.7,none,no_price_available
2026-09-15T08:58:54.107358+00:00,2026-09-15T14:28:54.107358+05:30,NIFTYNXT50,29-Sep-2026,70500.0,PE,70529.4,162,25,1605,25,0.0,883.5,0,0,0,0,0,,,,,,,,,,,,,,,0.03847240907667428,70850,0.11788505268900494,0.01,index_dividend_yield,0.065,13.24,25,72319.25,72456.1,70519.35,72083.7,mid_price,no_nse_iv
2026-09-15T08:58:54.107358+00:00,2026-09-15T14:28:54.107358+05:30,NIFTYNXT50,29-Sep-2026,70600.0,CE,70529.4,,0,,0,0.0,,0,0,0,0,0,,,,,,,,,,,,,,,0.03847240907667428,,,,,,13.24,25,72319.25,72456.1,70519.35,72083.7,none,no_price_available
2026-09-15T08:58:54.107358+00:00,2026-09-15T14:28:54.107358+05:30,NIFTYNXT50,29-Sep-2026,70600.0,PE,70529.4,,0,,0,0.0,,0,0,0,0,0,,,,,,,,,,,,,,,0.03847240907667428,,,,,,13.24,25,72319.25,72456.1,70519.35,72083.7,none,no_price_available
2026-09-15T08:58:54.107358+00:00,2026-09-15T14:28:54.107358+05:30,NIFTYNXT50,29-Sep-2026,70700.0,CE,70529.4,,0,,0,0.0,,0,0,0,0,0,,,,,,,,,,,,,,,0.03847240907667428,,,,,,13.24,25,72319.25,72456.1,70519.35,72083.7,none,no_price_available
2026-09-15T08:58:54.107358+00:00,2026-09-15T14:28:54.107358+05:30,NIFTYNXT50,29-Sep-2026,70700.0,PE,70529.4,,0,,0,0.0,,0,0,0,0,0,,,,,,,,,,,,,,,0.03847240907667428,,,,,,13.24,25,72319.25,72456.1,70519.35,72083.7,none,no_price_available
2026-09-15T08:58:54.107358+00:00,2026-09-15T14:28:54.107358+05:30,NIFTYNXT50,29-Sep-2026,70800.0,CE,70529.4,0.05,50,2187.55,25,0.0,1093.8000000000002,0,0,0,0,0,,,,,,,,,,,,,,,0.03847240907667428,70850,0.11788505268900494,0.01,index_dividend_yield,0.065,13.24,25,72319.25,72456.1,70519.35,72083.7,mid_price,no_nse_iv
2026-09-15T08:58:54.107358+00:00,2026-09-15T14:28:54.107358+05:30,NIFTYNXT50,29-Sep-2026,70800.0,PE,70529.4,831.2,150,911.35,150,1315.8,871.2750000000001,0,0,1,-43.15830399377929,24.46,-0.5044830365954737,0.00011784517375783217,-42.4314284022146,55.16428763511655,0.09732901085007795,-0.002114956759009967,0.15786704097919824,-1.246715813098978e-09,-0.00048145808542566186,4.195266983034486e-06,-1.9664141828529864,-25.203394099804527,0.5224948538636119,0.00011694607873571919,0.03847240907667428,70850,0.11788505268900494,0.01,index_dividend_yield,0.065,13.24,25,72319.25,72456.1,70519.35,72083.7,mid_price,ok
2026-09-15T08:58:54.107358+00:00,2026-09-15T14:28:54.107358+05:30,NIFTYNXT50,29-Sep-2026,70900.0,CE,70529.4,0.05,50,,0,0.0,,0,0,0,0,0,,,,,,,,,,,,,,,0.03847240907667428,,,,,,13.24,25,72319.25,72456.1,70519.35,72083.7,none,no_price_available
2026-09-15T08:58:54.107358+00:00,2026-09-15T14:28:54.107358+05:30,NIFTYNXT50,29-Sep-2026,70900.0,PE,70529.4,0.05,50,,0,0.0,,0,0,0,0,0,,,,,,,,,,,,,,,0.03847240907667428,,,,,,13.24,25,72319.25,72456.1,70519.35,72083.7,none,no_price_available
2026-09-15T08:58:54.107358+00:00,2026-09-15T14:28:54.107358+05:30,NIFTYNXT50,29-Sep-2026,71000.0,CE,70529.4,685,25,1075,25,0.0,880.0,0,0,0,0,0,,,,,,,,,,,,,,,0.03847240907667428,70850,0.11788505268900494,0.01,index_dividend_yield,0.065,13.24,25,72319.25,72456.1,70519.35,72083.7,mid_price,no_nse_iv
2026-09-15T08:58:54.107358+00:00,2026-09-15T14:28:54.107358+05:30,NIFTYNXT50,29-Sep-2026,71000.0,PE,70529.4,750,25,1470,25,0.0,1110.0,0,0,0,0,0,,,,,,,,,,,,,,,0.03847240907667428,70850,0.11788505268900494,0.01,index_dividend_yield,0.065,13.24,25,72319.25,72456.1,70519.35,72083.7,mid_price,no_nse_iv
2026-09-15T08:58:54.107358+00:00,2026-09-15T14:28:54.107358+05:30,NIFTYNXT50,29-Sep-2026,71100.0,CE,70529.4,0.05,50,2306.6,50,0.0,1153.325,0,0,0,0,0,,,,,,,,,,,,,,,0.03847240907667428,70850,0.11788505268900494,0.01,index_dividend_yield,0.065,13.24,25,72319.25,72456.1,70519.35,72083.7,mid_price,no_nse_iv
2026-09-15T08:58:54.107358+00:00,2026-09-15T14:28:54.107358+05:30,NIFTYNXT50,29-Sep-2026,71100.0,PE,70529.4,0.05,50,1899.8,500,0.0,949.925,0,0,0,0,0,,,,,,,,,,,,,,,0.03847240907667428,70850,0.11788505268900494,0.01,index_dividend_yield,0.065,13.24,25,72319.25,72456.1,70519.35,72083.7,mid_price,no_nse_iv
2026-09-15T08:58:54.107358+00:00,2026-09-15T14:28:54.107358+05:30,NIFTYNXT50,29-Sep-2026,71200.0,CE,70529.4,0.05,50,2223.1,50,0.0,1111.575,0,0,0,0,0,,,,,,,,,,,,,,,0.03847240907667428,70850,0.11788505268900494,0.01,index_dividend_yield,0.065,13.24,25,72319.25,72456.1,70519.35,72083.7,mid_price,no_nse_iv
2026-09-15T08:58:54.107358+00:00,2026-09-15T14:28:54.107358+05:30,NIFTYNXT50,29-Sep-2026,71200.0,PE,70529.4,0.05,50,1790.2,50,0.0,895.125,0,0,0,0,0,,,,,,,,,,,,,,,0.03847240907667428,70850,0.11788505268900494,0.01,index_dividend_yield,0.065,13.24,25,72319.25,72456.1,70519.35,72083.7,mid_price,no_nse_iv
2026-09-15T08:58:54.107358+00:00,2026-09-15T14:28:54.107358+05:30,NIFTYNXT50,29-Sep-2026,71300.0,CE,70529.4,0.05,50,2125.95,50,0.0,1063.0,0,0,0,0,0,,,,,,,,,,,,,,,0.03847240907667428,70850,0.11788505268900494,0.01,index_dividend_yield,0.065,13.24,25,72319.25,72456.1,70519.35,72083.7,mid_price,no_nse_iv
2026-09-15T08:58:54.107358+00:00,2026-09-15T14:28:54.107358+05:30,NIFTYNXT50,29-Sep-2026,71300.0,PE,0,,0,,0,0.0,,0,0,0,0,0,,,,,,,,,,,,,,,0.03847240907667428,,,,,,13.24,25,72319.25,72456.1,70519.35,72083.7,none,no_price_available
2026-09-15T08:58:54.107358+00:00,2026-09-15T14:28:54.107358+05:30,NIFTYNXT50,29-Sep-2026,71400.0,CE,70529.4,,0,,0,0.0,,0,0,0,0,0,,,,,,,,,,,,,,,0.03847240907667428,,,,,,13.24,25,72319.25,72456.1,70519.35,72083.7,none,no_price_available
2026-09-15T08:58:54.107358+00:00,2026-09-15T14:28:54.107358+05:30,NIFTYNXT50,29-Sep-2026,71400.0,PE,70529.4,1.5,100,2338,100,0.0,1169.75,0,0,0,0,0,,,,,,,,,,,,,,,0.03847240907667428,70850,0.11788505268900494,0.01,index_dividend_yield,0.065,13.24,25,72319.25,72456.1,70519.35,72083.7,mid_price,no_nse_iv
2026-09-15T08:58:54.107358+00:00,2026-09-15T14:28:54.107358+05:30,NIFTYNXT50,29-Sep-2026,71500.0,CE,70529.4,550,25,614.75,150,673.75,582.375,1,0,1,-38.75,17.26,0.37271460214742996,0.00015846041255461528,-36.021355227939154,52.342123058416384,0.7851267537960227,-0.006502831450098612,35.22388513507124,1.909393338810784e-08,-0.000811464225574312,4.764921285425427e-06,-2.1547111695780217,43.570940431308024,-0.35921698691485016,0.00015418746819123138,0.03847240907667428,70850,0.11788505268900494,0.01,index_dividend_yield,0.065,13.24,25,72319.25,72456.1,70519.35,72083.7,mid_price,ok
2026-09-15T08:58:54.107358+00:00,2026-09-15T14:28:54.107358+05:30,NIFTYNXT50,29-Sep-2026,71500.0,PE,70529.4,1200,50,1297.1,100,1260,1248.55,4,4,190,-51.92949659500601,13.11,-0.6684612799512037,0.00019991487602290118,-16.09403566141506,50.1576942933345,1.2780184204887468,-0.00811303463568469,77.15576378265254,4.451086863956071e-08,-0.0012174276667175086,5.178458725128436e-06,-2.273408483421342,-38.98960166931502,0.6762989039178253,0.00019452409652859543,0.03847240907667428,70850,0.11788505268900494,0.01,index_dividend_yield,0.065,13.24,25,72319.25,72456.1,70519.35,72083.7,mid_price,ok
2026-09-15T08:58:54.107358+00:00,2026-09-15T14:28:54.107358+05:30,NIFTYNXT50,29-Sep-2026,71600.0,CE,70529.4,165.05,50,1902.3,50,0.0,1033.675,0,0,0,0,0,,,,,,,,,,,,,,,0.03847240907667428,70850,0.11788505268900494,0.01,index_dividend_yield,0.065,13.24,25,72319.25,72456.1,70519.35,72083.7,mid_price,no_nse_iv
2026-09-15T08:58:54.107358+00:00,2026-09-15T14:28:54.107358+05:30,NIFTYNXT50,29-Sep-2026,71600.0,PE,70529.4,0.05,50,1729.9,50,0.0,864.975,0,0,0,0,0,,,,,,,,,,,,,,,0.03847240907667428,,,,,,13.24,25,72319.25,72456.1,70519.35,72083.7,mid_price,no_price_available
2026-09-15T08:58:54.107358+00:00,2026-09-15T14:28:54.107358+05:30,NIFTYNXT50,29-Sep-2026,71700.0,CE,70529.4,138.45,50,1812.6,50,0.0,975.525,0,0,0,0,0,,,,,,,,,,,,,,,0.03847240907667428,70850,0.11788505268900494,0.01,index_dividend_yield,0.065,13.24,25,72319.25,72456.1,70519.35,72083.7,mid_price,no_nse_iv
2026-09-15T08:58:54.107358+00:00,2026-09-15T14:28:54.107358+05:30,NIFTYNXT50,29-Sep-2026,71700.0,PE,70529.4,0.05,50,1833.35,25,0.0,916.6999999999999,0,0,0,0,0,,,,,,,,,,,,,,,0.03847240907667428,,,,,,13.24,25,72319.25,72456.1,70519.35,72083.7,mid_price,no_price_available
2026-09-15T08:58:54.107358+00:00,2026-09-15T14:28:54.107358+05:30,NIFTYNXT50,29-Sep-2026,71800.0,CE,70529.4,,0,1499.9,50,0.0,,0,0,0,0,0,,,,,,,,,,,,,,,0.03847240907667428,,,,,,13.24,25,72319.25,72456.1,70519.35,72083.7,none,no_price_available
2026-09-15T08:58:54.107358+00:00,2026-09-15T14:28:54.107358+05:30,NIFTYNXT50,29-Sep-2026,71800.0,PE,70529.4,,0,,0,0.0,,0,0,0,0,0,,,,,,,,,,,,,,,0.03847240907667428,,,,,,13.24,25,72319.25,72456.1,70519.35,72083.7,none,no_price_available
2026-09-15T08:58:54.107358+00:00,2026-09-15T14:28:54.107358+05:30,NIFTYNXT50,29-Sep-2026,71900.0,CE,70529.4,250,25,1299.9,100,0.0,774.95,0,0,0,0,0,,,,,,,,,,,,,,,0.03847240907667428,70850,0.11788505268900494,0.01,index_dividend_yield,0.065,13.24,25,72319.25,72456.1,70519.35,72083.7,mid_price,no_nse_iv
2026-09-15T08:58:54.107358+00:00,2026-09-15T14:28:54.107358+05:30,NIFTYNXT50,29-Sep-2026,71900.0,PE,70529.4,0.05,50,2044.95,25,0.0,1022.5,0,0,0,0,0,,,,,,,,,,,,,,,0.03847240907667428,,,,,,13.24,25,72319.25,72456.1,70519.35,72083.7,mid_price,no_price_available
2026-09-15T08:58:54.107358+00:00,2026-09-15T14:28:54.107358+05:30,NIFTYNXT50,29-Sep-2026,72000.0,CE,70529.4,406,25,437.95,50,439,421.975,25,12,41,-57.78846153846154,16.48,0.28872336760418804,0.0001498032615350941,-30.720124430866196,47.24634716707316,1.2208935972456425,-0.00875271989980092,94.04397774668993,3.410793796020891e-08,-0.0006108243943329868,3.199352047313808e-06,-2.3558893679976336,50.24457042637988,-0.2771972026549544,0.00014374629331965973,0.03847240907667428,70850,0.11788505268900494,0.01,index_dividend_yield,0.065,13.24,25,72319.25,72456.1,70519.35,72083.7,mid_price,ok
2026-09-15T08:58:54.107358+00:00,2026-09-15T14:28:54.107358+05:30,NIFTYNXT50,29-Sep-2026,72000.0,PE,70529.4,1516.4,100,1633.9,100,1533.3,1575.15,14,-1,27,71.11768316500195,15.33,-0.7257679977317645,0.00015698125619041986,-17.128525079976725,46.055310583785506,1.3702890652454447,-0.009172281876793309,113.91397326164565,4.175754597082723e-08,-0.000635738737410406,3.000957390456482e-06,-2.3995110390213696,-30.660295233430595,0.7341319665662928,0.000150634061413612,0.03847240907667428,70850,0.11788505268900494,0.01,index_dividend_yield,0.065,13.24,25,72319.25,72456.1,70519.35,72083.7,mid_price,ok
2026-09-15T08:58:54.107358+00:00,2026-09-15T14:28:54.107358+05:30,NIFTYNXT50,29-Sep-2026,72100.0,CE,70529.4,,0,1048.9,50,0.0,,0,0,0,0,0,,,,,,,,,,,,,,,0.03847240907667428,,,,,,13.24,25,72319.25,72456.1,70519.35,72083.7,none,no_price_available
2026-09-15T08:58:54.107358+00:00,2026-09-15T14:28:54.107358+05:30,NIFTYNXT50,29-Sep-2026,72100.0,PE,70529.4,25.3,50,1969.9,50,0.0,997.6,0,0,0,0,0,,,,,,,,,,,,,,,0.03847240907667428,,,,,,13.24,25,72319.25,72456.1,70519.35,72083.7,mid_price,no_price_available
2026-09-15T08:58:54.107358+00:00,2026-09-15T14:28:54.107358+05:30,NIFTYNXT50,29-Sep-2026,72200.0,CE,70529.4,,0,,0,0.0,,0,0,0,0,0,,,,,,,,,,,,,,,0.03847240907667428,,,,,,13.24,25,72319.25,72456.1,70519.35,72083.7,none,no_price_available
2026-09-15T08:58:54.107358+00:00,2026-09-15T14:28:54.107358+05:30,NIFTYNXT50,29-Sep-2026,72200.0,PE,70529.4,44.05,50,,0,0.0,,0,0,0,0,0,,,,,,,,,,,,,,,0.03847240907667428,,,,,,13.24,25,72319.25,72456.1,70519.35,72083.7,none,no_price_available
2026-09-15T08:58:54.107358+00:00,2026-09-15T14:28:54.107358+05:30,NIFTYNXT50,29-Sep-2026,72300.0,CE,70529.4,7.95,50,,0,0.0,,0,0,0,0,0,,,,,,,,,,,,,,,0.03847240907667428,,,,,,13.24,25,72319.25,72456.1,70519.35,72083.7,none,no_price_available
2026-09-15T08:58:54.107358+00:00,2026-09-15T14:28:54.107358+05:30,NIFTYNXT50,29-Sep-2026,72300.0,PE,70529.4,63.25,50,2549.9,50,0.0,1306.575,0,0,0,0,0,,,,,,,,,,,,,,,0.03847240907667428,,,,,,13.24,25,72319.25,72456.1,70519.35,72083.7,mid_price,no_price_available
2026-09-15T08:58:54.107358+00:00,2026-09-15T14:28:54.107358+05:30,NIFTYNXT50,29-Sep-2026,72400.0,CE,70529.4,0.05,50,1091.7,25,0.0,545.875,0,0,0,0,0,,,,,,,,,,,,,,,0.03847240907667428,70850,0.11788505268900494,0.01,index_dividend_yield,0.065,13.24,25,72319.25,72456.1,70519.35,72083.7,mid_price,no_nse_iv
2026-09-15T08:58:54.107358+00:00,2026-09-15T14:28:54.107358+05:30,NIFTYNXT50,29-Sep-2026,72400.0,PE,70529.4,1605.05,50,2165,25,0.0,1885.025,2,0,0,0,10.55,-0.875082447981314,0.00014066125463092064,-1.0465473013200204,28.39989320449894,2.2826366244919627,-0.010094357493793726,363.91661347487945,1.0724366865474427e-07,0.000469328808139731,-2.944754684225788e-06,-2.6156872025575346,-34.16925418572787,0.8774214660282534,0.00013348661891735645,0.03847240907667428,70850,0.11788505268900494,0.01,index_dividend_yield,0.065,13.24,25,72319.25,72456.1,70519.35,72083.7,mid_price,wide_quote_low_liquidity
2026-09-15T08:58:54.107358+00:00,2026-09-15T14:28:54.107358+05:30,NIFTYNXT50,29-Sep-2026,72500.0,CE,70529.4,271,25,440,25,0.0,355.5,0,0,0,0,0,,,,,,,,,,,,,,,0.03847240907667428,70850,0.11788505268900494,0.01,index_dividend_yield,0.065,13.24,25,72319.25,72456.1,70519.35,72083.7,mid_price,no_nse_iv
2026-09-15T08:58:54.107358+00:00,2026-09-15T14:28:54.107358+05:30,NIFTYNXT50,29-Sep-2026,72500.0,PE,70529.4,1890.8,75,2145,25,1833.3,2017.9,8,0,1,102.35099337748345,13.57,-0.8267178656805466,0.0001362442112237763,-7.955741958571948,35.382430891809356,1.8266200856446035,-0.01029903908957086,238.17645048466218,6.563882935806774e-08,-8.683670412061909e-05,-3.076952252881551e-07,-2.598674855872588,-29.318631526429915,0.8316783673415082,0.00012893844382444282,0.03847240907667428,70850,0.11788505268900494,0.01,index_dividend_yield,0.065,13.24,25,72319.25,72456.1,70519.35,72083.7,mid_price,ok
2026-09-15T08:58:54.107358+00:00,2026-09-15T14:28:54.107358+05:30,NIFTYNXT50,29-Sep-2026,72600.0,CE,70529.4,196,25,999,25,281,597.5,4,0,1,-63.026315789473685,15.95,0.19992442638237304,0.00012683177904931913,-24.068583742787105,38.714934796441504,1.5315879330651399,-0.010044049270937966,178.32574691736625,4.612434169575103e-08,-0.0002109630756872734,6.845272286260005e-07,-2.547435117605481,58.11646014361142,-0.19088049705547727,0.00011970029519558202,0.03847240907667428,70850,0.11788505268900494,0.01,index_dividend_yield,0.065,13.24,25,72319.25,72456.1,70519.35,72083.7,mid_price,wide_quote_low_liquidity
2026-09-15T08:58:54.107358+00:00,2026-09-15T14:28:54.107358+05:30,NIFTYNXT50,29-Sep-2026,72600.0,PE,70529.4,1610.25,25,2165,25,1250,1887.625,2,-2,2,-1.1232399936718873,0,,,,,,,,,,,,,,,0.03847240907667428,,,,,,13.24,25,72319.25,72456.1,70519.35,72083.7,mid_price,no_price_available
2026-09-15T08:58:54.107358+00:00,2026-09-15T14:28:54.107358+05:30,NIFTYNXT50,29-Sep-2026,72700.0,CE,70529.4,0.05,50,,0,0.0,,0,0,0,0,0,,,,,,,,,,,,,,,0.03847240907667428,,,,,,13.24,25,72319.25,72456.1,70519.35,72083.7,none,no_price_available
2026-09-15T08:58:54.107358+00:00,2026-09-15T14:28:54.107358+05:30,NIFTYNXT50,29-Sep-2026,72700.0,PE,70529.4,1438.15,550,2799.9,50,0.0,2119.025,0,0,0,0,0,,,,,,,,,,,,,,,0.03847240907667428,,,,,,13.24,25,72319.25,72456.1,70519.35,72083.7,mid_price,no_price_available
2026-09-15T08:58:54.107358+00:00,2026-09-15T14:28:54.107358+05:30,NIFTYNXT50,29-Sep-2026,72800.0,CE,70529.4,0.05,50,1042.85,50,0.0,521.4499999999999,0,0,0,0,0,,,,,,,,,,,,,,,0.03847240907667428,70850,0.11788505268900494,0.01,index_dividend_yield,0.065,13.24,25,72319.25,72456.1,70519.35,72083.7,mid_price,no_nse_iv
2026-09-15T08:58:54.107358+00:00,2026-09-15T14:28:54.107358+05:30,NIFTYNXT50,29-Sep-2026,72800.0,PE,70529.4,1546.4,550,2597.9,50,0.0,2072.15,0,0,0,0,0,,,,,,,,,,,,,,,0.03847240907667428,,,,,,13.24,25,72319.25,72456.1,70519.35,72083.7,mid_price,no_price_available
2026-09-15T08:58:54.107358+00:00,2026-09-15T14:28:54.107358+05:30,NIFTYNXT50,29-Sep-2026,72900.0,CE,70529.4,0.05,50,1911.7,50,0.0,955.875,0,0,0,0,0,,,,,,,,,,,,,,,0.03847240907667428,70850,0.11788505268900494,0.01,index_dividend_yield,0.065,13.24,25,72319.25,72456.1,70519.35,72083.7,mid_price,no_nse_iv
2026-09-15T08:58:54.107358+00:00,2026-09-15T14:28:54.107358+05:30,NIFTYNXT50,29-Sep-2026,72900.0,PE,70529.4,1717,50,2648.9,50,0.0,2182.95,3,0,0,0,16.07,,,,,,,,,,,,,,,0.03847240907667428,,,,,,13.24,25,72319.25,72456.1,70519.35,72083.7,mid_price,no_price_available
2026-09-15T08:58:54.107358+00:00,2026-09-15T14:28:54.107358+05:30,NIFTYNXT50,29-Sep-2026,73000.0,CE,70529.4,201.05,25,248,25,221.1,224.525,27,1,15,-59.535139092240115,16.39,0.16124883036309048,0.00010784165351403992,-21.420541782618777,33.8263588847428,1.5235469838458249,-0.010035246047005758,208.47067674015562,4.513515783151152e-08,6.676987122231017e-06,-5.394786616697651e-07,-2.577102669405569,59.85129738494716,-0.15318857443920408,0.000100665625517479,0.03847240907667428,70850,0.11788505268900494,0.01,index_dividend_yield,0.065,13.24,25,72319.25,72456.1,70519.35,72083.7,mid_price,wide_quote_low_liquidity
2026-09-15T08:58:54.107358+00:00,2026-09-15T14:28:54.107358+05:30,NIFTYNXT50,29-Sep-2026,73000.0,PE,70529.4,2075,25,2590,25,1919,2332.5,20,-1,3,62.6271186440678,0,,,,,,,,,,,,,,,0.03847240907667428,,,,,,13.24,25,72319.25,72456.1,70519.35,72083.7,mid_price,no_price_available
2026-09-15T08:58:54.107358+00:00,2026-09-15T14:28:54.107358+05:30,NIFTYNXT50,29-Sep-2026,73100.0,CE,70529.4,1.1,125,1241.75,50,0.0,621.425,0,0,0,0,0,,,,,,,,,,,,,,,0.03847240907667428,70850,0.11788505268900494,0.01,index_dividend_yield,0.065,13.24,25,72319.25,72456.1,70519.35,72083.7,mid_price,no_nse_iv
2026-09-15T08:58:54.107358+00:00,2026-09-15T14:28:54.107358+05:30,NIFTYNXT50,29-Sep-2026,73100.0,PE,70529.4,1814.05,550,,0,0.0,,0,0,0,0,0,,,,,,,,,,,,,,,0.03847240907667428,,,,,,13.24,25,72319.25,72456.1,70519.35,72083.7,none,no_price_available
2026-09-15T08:58:54.107358+00:00,2026-09-15T14:28:54.107358+05:30,NIFTYNXT50,29-Sep-2026,73200.0,CE,70529.4,0.05,50,,0,0.0,,0,0,0,0,0,,,,,,,,,,,,,,,0.03847240907667428,,,,,,13.24,25,72319.25,72456.1,70519.35,72083.7,none,no_price_available
2026-09-15T08:58:54.107358+00:00,2026-09-15T14:28:54.107358+05:30,NIFTYNXT50,29-Sep-2026,73200.0,PE,70529.4,1837.65,550,2624.3,25,0.0,2230.9750000000004,0,0,0,0,0,,,,,,,,,,,,,,,0.03847240907667428,,,,,,13.24,25,72319.25,72456.1,70519.35,72083.7,mid_price,no_price_available
2026-09-15T08:58:54.107358+00:00,2026-09-15T14:28:54.107358+05:30,NIFTYNXT50,29-Sep-2026,73300.0,CE,70529.4,,0,1641,50,0.0,,0,0,0,0,0,,,,,,,,,,,,,,,0.03847240907667428,,,,,,13.24,25,72319.25,72456.1,70519.35,72083.7,none,no_price_available
2026-09-15T08:58:54.107358+00:00,2026-09-15T14:28:54.107358+05:30,NIFTYNXT50,29-Sep-2026,73300.0,PE,70529.4,2100,25,2930,25,0.0,2515.0,7,0,0,0,13.41,,,,,,,,,,,,,,,0.03847240907667428,,,,,,13.24,25,72319.25,72456.1,70519.35,72083.7,mid_price,no_price_available
2026-09-15T08:58:54.107358+00:00,2026-09-15T14:28:54.107358+05:30,NIFTYNXT50,29-Sep-2026,73400.0,CE,70529.4,0.1,50,1254.7,50,0.0,627.4,0,0,0,0,0,,,,,,,,,,,,,,,0.03847240907667428,70850,0.11788505268900494,0.01,index_dividend_yield,0.065,13.24,25,72319.25,72456.1,70519.35,72083.7,mid_price,no_nse_iv
2026-09-15T08:58:54.107358+00:00,2026-09-15T14:28:54.107358+05:30,NIFTYNXT50,29-Sep-2026,73400.0,PE,70529.4,2003.45,550,3370.85,275,0.0,2687.15,3,0,0,0,16.06,,,,,,,,,,,,,,,0.03847240907667428,,,,,,13.24,25,72319.25,72456.1,70519.35,72083.7,mid_price,no_price_available
2026-09-15T08:58:54.107358+00:00,2026-09-15T14:28:54.107358+05:30,NIFTYNXT50,29-Sep-2026,73500.0,CE,70529.4,140,25,159,25,153,149.5,6,-5,9,-59.73154362416108,16.59,0.11765916185371976,8.594779870020426e-05,-17.346469345857454,27.28794961494716,1.4494618817510185,-0.009473019449177555,237.92630745376718,4.292923007141307e-08,0.00023134693194642623,-1.8399656999478853e-06,-2.526174430781886,63.596699732913315,-0.11112850147622225,7.91408040694639e-05,0.03847240907667428,70850,0.11788505268900494,0.01,index_dividend_yield,0.065,13.24,25,72319.25,72456.1,70519.35,72083.7,mid_price,ok
2026-09-15T08:58:54.107358+00:00,2026-09-15T14:28:54.107358+05:30,NIFTYNXT50,29-Sep-2026,73500.0,PE,70529.4,2101.65,550,3152.3,25,0.0,2626.9750000000004,0,0,0,0,0,,,,,,,,,,,,,,,0.03847240907667428,,,,,,13.24,25,72319.25,72456.1,70519.35,72083.7,mid_price,no_price_available
2026-09-15T08:58:54.107358+00:00,2026-09-15T14:28:54.107358+05:30,NIFTYNXT50,29-Sep-2026,73600.0,CE,70529.4,0.05,50,550.95,50,0.0,275.5,0,0,0,0,0,,,,,,,,,,,,,,,0.03847240907667428,70850,0.11788505268900494,0.01,index_dividend_yield,0.065,13.24,25,72319.25,72456.1,70519.35,72083.7,mid_price,no_nse_iv
2026-09-15T08:58:54.107358+00:00,2026-09-15T14:28:54.107358+05:30,NIFTYNXT50,29-Sep-2026,73600.0,PE,70529.4,2189.8,550,3553.25,25,0.0,2871.525,0,0,0,0,0,,,,,,,,,,,,,,,0.03847240907667428,,,,,,13.24,25,72319.25,72456.1,70519.35,72083.7,mid_price,no_price_available
2026-09-15T08:58:54.107358+00:00,2026-09-15T14:28:54.107358+05:30,NIFTYNXT50,29-Sep-2026,73700.0,CE,70529.4,0.05,50,650,25,0.0,325.025,1,0,0,0,13,0.05165864408614608,5.8853327662257096e-05,-7.319718695535703,14.642125885883518,1.346802502994987,-0.006856380858439051,303.4707905719891,5.229696137108879e-08,0.0007671249056083728,-4.1171762527293724e-06,-2.0660211943507285,94.2515606896825,-0.04891175690963416,5.3898468665974435e-05,0.03847240907667428,70850,0.11788505268900494,0.01,index_dividend_yield,0.065,13.24,25,72319.25,72456.1,70519.35,72083.7,mid_price,wide_quote_low_liquidity
2026-09-15T08:58:54.107358+00:00,2026-09-15T14:28:54.107358+05:30,NIFTYNXT50,29-Sep-2026,73700.0,PE,70529.4,2267.9,550,3648.75,25,0.0,2958.325,0,0,0,0,0,,,,,,,,,,,,,,,0.03847240907667428,,,,,,13.24,25,72319.25,72456.1,70519.35,72083.7,mid_price,no_price_available
2026-09-15T08:58:54.107358+00:00,2026-09-15T14:28:54.107358+05:30,NIFTYNXT50,29-Sep-2026,73800.0,CE,0,,0,,0,0.0,,0,0,0,0,0,,,,,,,,,,,,,,,0.03847240907667428,,,,,,13.24,25,72319.25,72456.1,70519.35,72083.7,none,no_price_available
2026-09-15T08:58:54.107358+00:00,2026-09-15T14:28:54.107358+05:30,NIFTYNXT50,29-Sep-2026,73800.0,PE,70529.4,2366.1,550,3745.1,250,0.0,3055.6,0,0,0,0,0,,,,,,,,,,,,,,,0.03847240907667428,,,,,,13.24,25,72319.25,72456.1,70519.35,72083.7,mid_price,no_price_available
2026-09-15T08:58:54.107358+00:00,2026-09-15T14:28:54.107358+05:30,NIFTYNXT50,29-Sep-2026,73900.0,CE,70529.4,0.05,50,550.95,50,0.0,275.5,0,0,0,0,0,,,,,,,,,,,,,,,0.03847240907667428,70850,0.11788505268900494,0.01,index_dividend_yield,0.065,13.24,25,72319.25,72456.1,70519.35,72083.7,mid_price,no_nse_iv
2026-09-15T08:58:54.107358+00:00,2026-09-15T14:28:54.107358+05:30,NIFTYNXT50,29-Sep-2026,73900.0,PE,70529.4,2444.25,550,3868.3,225,0.0,3156.275,0,0,0,0,0,,,,,,,,,,,,,,,0.03847240907667428,,,,,,13.24,25,72319.25,72456.1,70519.35,72083.7,mid_price,no_price_available
2026-09-15T08:58:54.107358+00:00,2026-09-15T14:28:54.107358+05:30,NIFTYNXT50,29-Sep-2026,74000.0,CE,70529.4,110,25,129.4,125,116.05,119.7,25,-24,39,-58.55357142857143,17.47,0.09289154808613814,6.877954010358397e-05,-15.273001049151025,22.995451075361242,1.2913466571359487,-0.00876084334141583,236.3383963542418,3.649403579969418e-08,0.0003132130025144592,-2.349441021696187e-06,-2.4217877569572295,63.43663673847825,-0.08713929090594191,6.247930740607504e-05,0.03847240907667428,70850,0.11788505268900494,0.01,index_dividend_yield,0.065,13.24,25,72319.25,72456.1,70519.35,72083.7,mid_price,wide_quote_low_liquidity
2026-09-15T08:58:54.107358+00:00,2026-09-15T14:28:54.107358+05:30,NIFTYNXT50,29-Sep-2026,74000.0,PE,70529.4,2532.4,550,3939.85,550,0.0,3236.125,0,0,0,0,0,,,,,,,,,,,,,,,0.03847240907667428,,,,,,13.24,25,72319.25,72456.1,70519.35,72083.7,mid_price,no_price_available
2026-09-15T08:58:54.107358+00:00,2026-09-15T14:28:54.107358+05:30,NIFTYNXT50,29-Sep-2026,74100.0,CE,70529.4,0.05,50,461.7,50,0.0,230.875,0,0,0,0,0,,,,,,,,,,,,,,,0.03847240907667428,70850,0.11788505268900494,0.01,index_dividend_yield,0.065,13.24,25,72319.25,72456.1,70519.35,72083.7,mid_price,no_nse_iv
2026-09-15T08:58:54.107358+00:00,2026-09-15T14:28:54.107358+05:30,NIFTYNXT50,29-Sep-2026,74100.0,PE,70529.4,2630.6,550,3983.8,550,0.0,3307.2,0,0,0,0,0,,,,,,,,,,,,,,,0.03847240907667428,,,,,,13.24,25,72319.25,72456.1,70519.35,72083.7,mid_price,no_price_available
2026-09-15T08:58:54.107358+00:00,2026-09-15T14:28:54.107358+05:30,NIFTYNXT50,29-Sep-2026,74200.0,CE,0,,0,,0,0.0,,0,0,0,0,0,,,,,,,,,,,,,,,0.03847240907667428,,,,,,13.24,25,72319.25,72456.1,70519.35,72083.7,none,no_price_available
2026-09-15T08:58:54.107358+00:00,2026-09-15T14:28:54.107358+05:30,NIFTYNXT50,29-Sep-2026,74200.0,PE,70529.4,2718.75,550,4013.15,550,0.0,3365.95,0,0,0,0,0,,,,,,,,,,,,,,,0.03847240907667428,,,,,,13.24,25,72319.25,72456.1,70519.35,72083.7,mid_price,no_price_available
2026-09-15T08:58:54.107358+00:00,2026-09-15T14:28:54.107358+05:30,NIFTYNXT50,29-Sep-2026,74300.0,CE,0,,0,,0,0.0,,0,0,0,0,0,,,,,,,,,,,,,,,0.03847240907667428,,,,,,13.24,25,72319.25,72456.1,70519.35,72083.7,none,no_price_available
2026-09-15T08:58:54.107358+00:00,2026-09-15T14:28:54.107358+05:30,NIFTYNXT50,29-Sep-2026,74300.0,PE,70529.4,2806.9,550,4203.25,550,0.0,3505.075,0,0,0,0,0,,,,,,,,,,,,,,,0.03847240907667428,,,,,,13.24,25,72319.25,72456.1,70519.35,72083.7,mid_price,no_price_available
2026-09-15T08:58:54.107358+00:00,2026-09-15T14:28:54.107358+05:30,NIFTYNXT50,29-Sep-2026,74400.0,CE,70529.4,0.05,50,461.7,50,0.0,230.875,0,0,0,0,0,,,,,,,,,,,,,,,0.03847240907667428,70850,0.11788505268900494,0.01,index_dividend_yield,0.065,13.24,25,72319.25,72456.1,70519.35,72083.7,mid_price,no_nse_iv
2026-09-15T08:58:54.107358+00:00,2026-09-15T14:28:54.107358+05:30,NIFTYNXT50,29-Sep-2026,74400.0,PE,70529.4,2885.05,550,4313.85,550,0.0,3599.4500000000003,0,0,0,0,0,,,,,,,,,,,,,,,0.03847240907667428,,,,,,13.24,25,72319.25,72456.1,70519.35,72083.7,mid_price,no_price_available
2026-09-15T08:58:54.107358+00:00,2026-09-15T14:28:54.107358+05:30,NIFTYNXT50,29-Sep-2026,74500.0,CE,70529.4,65.1,25,113.95,25,127,89.525,29,-5,7,-51.15384615384615,19.65,0.08897963984837422,5.922812028476545e-05,-16.509733215904358,22.273079382452103,1.1351145267707654,-0.008568555853005824,211.49923226365175,2.8398005841083112e-08,0.000261014116741328,-2.1389610375776623e-06,-2.38922565884684,56.969651565964384,-0.08275868858311183,5.3083039554903284e-05,0.03847240907667428,70850,0.11788505268900494,0.01,index_dividend_yield,0.065,13.24,25,72319.25,72456.1,70519.35,72083.7,mid_price,wide_quote_low_liquidity
2026-09-15T08:58:54.107358+00:00,2026-09-15T14:28:54.107358+05:30,NIFTYNXT50,29-Sep-2026,74500.0,PE,70529.4,2973.2,550,4217.75,225,0.0,3595.475,15,0,0,0,8.11,,,,,,,,,,,,,,,0.03847240907667428,,,,,,13.24,25,72319.25,72456.1,70519.35,72083.7,mid_price,no_price_available
2026-09-15T08:58:54.107358+00:00,2026-09-15T14:28:54.107358+05:30,NIFTYNXT50,29-Sep-2026,74600.0,CE,70529.4,0.05,50,339.7,100,0.0,169.875,5,0,0,0,18.55,0.07132286547545923,5.307538732597326e-05,-13.188840957448772,18.841993369369593,1.102945720459894,-0.007845869101407776,223.6553906690819,2.94679456146106e-08,0.0003439040841565141,-2.5942390459171103e-06,-2.2615585004075776,62.81150483255109,-0.06635753784803787,4.744122512987613e-05,0.03847240907667428,70850,0.11788505268900494,0.01,index_dividend_yield,0.065,13.24,25,72319.25,72456.1,70519.35,72083.7,mid_price,wide_quote_low_liquidity
2026-09-15T08:58:54.107358+00:00,2026-09-15T14:28:54.107358+05:30,NIFTYNXT50,29-Sep-2026,74600.0,PE,70529.4,3061.35,550,4419.45,550,0.0,3740.3999999999996,0,0,0,0,0,,,,,,,,,,,,,,,0.03847240907667428,,,,,,13.24,25,72319.25,72456.1,70519.35,72083.7,mid_price,no_price_available
2026-09-15T08:58:54.107358+00:00,2026-09-15T14:28:54.107358+05:30,NIFTYNXT50,29-Sep-2026,74700.0,CE,0,,0,,0,0.0,,0,0,0,0,0,,,,,,,,,,,,,,,0.03847240907667428,,,,,,13.24,25,72319.25,72456.1,70519.35,72083.7,none,no_price_available
2026-09-15T08:58:54.107358+00:00,2026-09-15T14:28:54.107358+05:30,NIFTYNXT50,29-Sep-2026,74700.0,PE,70529.4,3149.5,550,4436.1,200,0.0,3792.8,0,0,0,0,17.28,,,,,,,,,,,,,,,0.03847240907667428,,,,,,13.24,25,72319.25,72456.1,70519.35,72083.7,mid_price,no_price_available
2026-09-15T08:58:54.107358+00:00,2026-09-15T14:28:54.107358+05:30,NIFTYNXT50,29-Sep-2026,74800.0,CE,0,,0,,0,0.0,,0,0,0,0,0,,,,,,,,,,,,,,,0.03847240907667428,,,,,,13.24,25,72319.25,72456.1,70519.35,72083.7,none,no_price_available
2026-09-15T08:58:54.107358+00:00,2026-09-15T14:28:54.107358+05:30,NIFTYNXT50,29-Sep-2026,74800.0,PE,70529.4,3237.65,550,4654.45,550,0.0,3946.05,0,0,0,0,0,,,,,,,,,,,,,,,0.03847240907667428,,,,,,13.24,25,72319.25,72456.1,70519.35,72083.7,mid_price,no_price_available
2026-09-15T08:58:54.107358+00:00,2026-09-15T14:28:54.107358+05:30,NIFTYNXT50,29-Sep-2026,74900.0,CE,0,,0,,0,0.0,,0,0,0,0,0,,,,,,,,,,,,,,,0.03847240907667428,,,,,,13.24,25,72319.25,72456.1,70519.35,72083.7,none,no_price_available
2026-09-15T08:58:54.107358+00:00,2026-09-15T14:28:54.107358+05:30,NIFTYNXT50,29-Sep-2026,74900.0,PE,70529.4,3325.85,550,4768.8,550,0.0,4047.325,0,0,0,0,0,,,,,,,,,,,,,,,0.03847240907667428,,,,,,13.24,25,72319.25,72456.1,70519.35,72083.7,mid_price,no_price_available
2026-09-15T08:58:54.107358+00:00,2026-09-15T14:28:54.107358+05:30,NIFTYNXT50,29-Sep-2026,75000.0,CE,70529.4,60,25,108.5,125,0.0,84.25,18,0,0,0,15.09,0.023278638457223545,2.636698886690348e-05,-4.3354464667605015,7.614467477609043,0.7366858549701129,-0.0042358774203874565,202.8171894481825,2.4846094635078447e-08,0.0005275809104177746,-3.1003270903040785e-06,-1.4372123645341233,91.16404528275817,-0.021650917315620404,2.3317306830568247e-05,0.03847240907667428,70850,0.11788505268900494,0.01,index_dividend_yield,0.065,13.24,25,72319.25,72456.1,70519.35,72083.7,mid_price,wide_quote_low_liquidity
2026-09-15T08:58:54.107358+00:00,2026-09-15T14:28:54.107358+05:30,NIFTYNXT50,29-Sep-2026,75000.0,PE,70529.4,3414,550,4892.3,550,0.0,4153.15,0,0,0,0,0,,,,,,,,,,,,,,,0.03847240907667428,,,,,,13.24,25,72319.25,72456.1,70519.35,72083.7,mid_price,no_price_available
2026-09-15T08:58:54.107358+00:00,2026-09-15T14:28:54.107358+05:30,NIFTYNXT50,29-Sep-2026,75100.0,CE,0,,0,,0,0.0,,0,0,0,0,0,,,,,,,,,,,,,,,0.03847240907667428,,,,,,13.24,25,72319.25,72456.1,70519.35,72083.7,none,no_price_available
2026-09-15T08:58:54.107358+00:00,2026-09-15T14:28:54.107358+05:30,NIFTYNXT50,29-Sep-2026,75100.0,PE,70529.4,3502.15,550,5015.05,550,0.0,4258.6,0,0,0,0,0,,,,,,,,,,,,,,,0.03847240907667428,,,,,,13.24,25,72319.25,72456.1,70519.35,72083.7,mid_price,no_price_available
2026-09-15T08:58:54.107358+00:00,2026-09-15T14:28:54.107358+05:30,NIFTYNXT50,29-Sep-2026,75200.0,CE,0,,0,,0,0.0,,0,0,0,0,0,,,,,,,,,,,,,,,0.03847240907667428,,,,,,13.24,25,72319.25,72456.1,70519.35,72083.7,none,no_price_available
2026-09-15T08:58:54.107358+00:00,2026-09-15T14:28:54.107358+05:30,NIFTYNXT50,29-Sep-2026,75200.0,PE,70529.4,3590.3,550,5131.55,550,0.0,4360.925,0,0,0,0,0,,,,,,,,,,,,,,,0.03847240907667428,,,,,,13.24,25,72319.25,72456.1,70519.35,72083.7,mid_price,no_price_available
2026-09-15T08:58:54.107358+00:00,2026-09-15T14:28:54.107358+05:30,NIFTYNXT50,29-Sep-2026,75300.0,CE,0,,0,,0,0.0,,0,0,0,0,0,,,,,,,,,,,,,,,0.03847240907667428,,,,,,13.24,25,72319.25,72456.1,70519.35,72083.7,none,no_price_available
2026-09-15T08:58:54.107358+00:00,2026-09-15T14:28:54.107358+05:30,NIFTYNXT50,29-Sep-2026,75300.0,PE,70529.4,3678.45,550,5243.95,550,0.0,4461.2,0,0,0,0,0,,,,,,,,,,,,,,,0.03847240907667428,,,,,,13.24,25,72319.25,72456.1,70519.35,72083.7,mid_price,no_price_available
2026-09-15T08:58:54.107358+00:00,2026-09-15T14:28:54.107358+05:30,NIFTYNXT50,29-Sep-2026,75400.0,CE,0,,0,,0,0.0,,0,0,0,0,0,,,,,,,,,,,,,,,0.03847240907667428,,,,,,13.24,25,72319.25,72456.1,70519.35,72083.7,none,no_price_available
2026-09-15T08:58:54.107358+00:00,2026-09-15T14:28:54.107358+05:30,NIFTYNXT50,29-Sep-2026,75400.0,PE,70529.4,3776.7,550,5362.1,550,0.0,4569.4,0,0,0,0,0,,,,,,,,,,,,,,,0.03847240907667428,,,,,,13.24,25,72319.25,72456.1,70519.35,72083.7,mid_price,no_price_available
2026-09-15T08:58:54.107358+00:00,2026-09-15T14:28:54.107358+05:30,NIFTYNXT50,29-Sep-2026,75500.0,CE,70529.4,0.05,50,490,25,0.0,245.025,0,0,0,0,0,,,,,,,,,,,,,,,0.03847240907667428,70850,0.11788505268900494,0.01,index_dividend_yield,0.065,13.24,25,72319.25,72456.1,70519.35,72083.7,mid_price,no_nse_iv
2026-09-15T08:58:54.107358+00:00,2026-09-15T14:28:54.107358+05:30,NIFTYNXT50,29-Sep-2026,75500.0,PE,70529.4,3864.85,550,5475.4,550,0.0,4670.125,0,0,0,0,0,,,,,,,,,,,,,,,0.03847240907667428,,,,,,13.24,25,72319.25,72456.1,70519.35,72083.7,mid_price,no_price_available
2026-09-15T08:58:54.107358+00:00,2026-09-15T14:28:54.107358+05:30,NIFTYNXT50,29-Sep-2026,75600.0,CE,70529.4,0.05,50,490,25,0.0,245.025,0,0,0,0,0,,,,,,,,,,,,,,,0.03847240907667428,70850,0.11788505268900494,0.01,index_dividend_yield,0.065,13.24,25,72319.25,72456.1,70519.35,72083.7,mid_price,no_nse_iv
2026-09-15T08:58:54.107358+00:00,2026-09-15T14:28:54.107358+05:30,NIFTYNXT50,29-Sep-2026,75600.0,PE,70529.4,3953,550,5575.05,550,0.0,4764.025,0,0,0,0,0,,,,,,,,,,,,,,,0.03847240907667428,,,,,,13.24,25,72319.25,72456.1,70519.35,72083.7,mid_price,no_price_available
2026-09-15T08:58:54.107358+00:00,2026-09-15T14:28:54.107358+05:30,NIFTYNXT50,29-Sep-2026,75700.0,CE,70529.4,0.05,50,490,25,0.0,245.025,0,0,0,0,0,,,,,,,,,,,,,,,0.03847240907667428,70850,0.11788505268900494,0.01,index_dividend_yield,0.065,13.24,25,72319.25,72456.1,70519.35,72083.7,mid_price,no_nse_iv
2026-09-15T08:58:54.107358+00:00,2026-09-15T14:28:54.107358+05:30,NIFTYNXT50,29-Sep-2026,75700.0,PE,70529.4,4041.15,550,5701.9,550,0.0,4871.525,0,0,0,0,0,,,,,,,,,,,,,,,0.03847240907667428,,,,,,13.24,25,72319.25,72456.1,70519.35,72083.7,mid_price,no_price_available
2026-09-15T08:58:54.107358+00:00,2026-09-15T14:28:54.107358+05:30,NIFTYNXT50,29-Sep-2026,75800.0,CE,0,,0,,0,0.0,,0,0,0,0,0,,,,,,,,,,,,,,,0.03847240907667428,,,,,,13.24,25,72319.25,72456.1,70519.35,72083.7,none,no_price_available
2026-09-15T08:58:54.107358+00:00,2026-09-15T14:28:54.107358+05:30,NIFTYNXT50,29-Sep-2026,75800.0,PE,70529.4,4129.3,550,5817.45,550,0.0,4973.375,0,0,0,0,0,,,,,,,,,,,,,,,0.03847240907667428,,,,,,13.24,25,72319.25,72456.1,70519.35,72083.7,mid_price,no_price_available
2026-09-15T08:58:54.107358+00:00,2026-09-15T14:28:54.107358+05:30,NIFTYNXT50,29-Sep-2026,75900.0,CE,0,,0,,0,0.0,,0,0,0,0,0,,,,,,,,,,,,,,,0.03847240907667428,,,,,,13.24,25,72319.25,72456.1,70519.35,72083.7,none,no_price_available
2026-09-15T08:58:54.107358+00:00,2026-09-15T14:28:54.107358+05:30,NIFTYNXT50,29-Sep-2026,75900.0,PE,70529.4,4128.45,550,5974.2,550,0.0,5051.325,0,0,0,0,0,,,,,,,,,,,,,,,0.03847240907667428,,,,,,13.24,25,72319.25,72456.1,70519.35,72083.7,mid_price,no_price_available
2026-09-15T08:58:54.107358+00:00,2026-09-15T14:28:54.107358+05:30,NIFTYNXT50,29-Sep-2026,76000.0,CE,70529.4,0.05,50,350,25,0.0,175.025,0,0,0,0,0,,,,,,,,,,,,,,,0.03847240907667428,70850,0.11788505268900494,0.01,index_dividend_yield,0.065,13.24,25,72319.25,72456.1,70519.35,72083.7,mid_price,no_nse_iv
2026-09-15T08:58:54.107358+00:00,2026-09-15T14:28:54.107358+05:30,NIFTYNXT50,29-Sep-2026,76000.0,PE,70529.4,4216.6,550,5713.3,550,0.0,4964.950000000001,0,0,0,0,0,,,,,,,,,,,,,,,0.03847240907667428,,,,,,13.24,25,72319.25,72456.1,70519.35,72083.7,mid_price,no_price_available
2026-09-15T08:58:54.107358+00:00,2026-09-15T14:28:54.107358+05:30,NIFTYNXT50,29-Sep-2026,76100.0,CE,0,,0,,0,0.0,,0,0,0,0,0,,,,,,,,,,,,,,,0.03847240907667428,,,,,,13.24,25,72319.25,72456.1,70519.35,72083.7,none,no_price_available
2026-09-15T08:58:54.107358+00:00,2026-09-15T14:28:54.107358+05:30,NIFTYNXT50,29-Sep-2026,76100.0,PE,70529.4,4304.75,550,5822.95,550,0.0,5063.85,0,0,0,0,0,,,,,,,,,,,,,,,0.03847240907667428,,,,,,13.24,25,72319.25,72456.1,70519.35,72083.7,mid_price,no_price_available
2026-09-15T08:58:54.107358+00:00,2026-09-15T14:28:54.107358+05:30,NIFTYNXT50,29-Sep-2026,76200.0,CE,0,,0,,0,0.0,,0,0,0,0,0,,,,,,,,,,,,,,,0.03847240907667428,,,,,,13.24,25,72319.25,72456.1,70519.35,72083.7,none,no_price_available
2026-09-15T08:58:54.107358+00:00,2026-09-15T14:28:54.107358+05:30,NIFTYNXT50,29-Sep-2026,76200.0,PE,70529.4,4392.9,550,5914,550,0.0,5153.45,0,0,0,0,0,,,,,,,,,,,,,,,0.03847240907667428,,,,,,13.24,25,72319.25,72456.1,70519.35,72083.7,mid_price,no_price_available
2026-09-15T08:58:54.107358+00:00,2026-09-15T14:28:54.107358+05:30,NIFTYNXT50,29-Sep-2026,76300.0,CE,0,,0,,0,0.0,,0,0,0,0,0,,,,,,,,,,,,,,,0.03847240907667428,,,,,,13.24,25,72319.25,72456.1,70519.35,72083.7,none,no_price_available
2026-09-15T08:58:54.107358+00:00,2026-09-15T14:28:54.107358+05:30,NIFTYNXT50,29-Sep-2026,76300.0,PE,70529.4,4481.1,550,6033.2,550,0.0,5257.15,0,0,0,0,0,,,,,,,,,,,,,,,0.03847240907667428,,,,,,13.24,25,72319.25,72456.1,70519.35,72083.7,mid_price,no_price_available
2026-09-15T08:58:54.107358+00:00,2026-09-15T14:28:54.107358+05:30,NIFTYNXT50,29-Sep-2026,76400.0,CE,0,,0,,0,0.0,,0,0,0,0,0,,,,,,,,,,,,,,,0.03847240907667428,,,,,,13.24,25,72319.25,72456.1,70519.35,72083.7,none,no_price_available
2026-09-15T08:58:54.107358+00:00,2026-09-15T14:28:54.107358+05:30,NIFTYNXT50,29-Sep-2026,76400.0,PE,70529.4,4569.25,550,6139.3,550,0.0,5354.275,0,0,0,0,0,,,,,,,,,,,,,,,0.03847240907667428,,,,,,13.24,25,72319.25,72456.1,70519.35,72083.7,mid_price,no_price_available
2026-09-15T08:58:54.107358+00:00,2026-09-15T14:28:54.107358+05:30,NIFTYNXT50,29-Sep-2026,76500.0,CE,70529.4,,0,248.95,25,0.0,,0,0,0,0,0,,,,,,,,,,,,,,,0.03847240907667428,,,,,,13.24,25,72319.25,72456.1,70519.35,72083.7,none,no_price_available
2026-09-15T08:58:54.107358+00:00,2026-09-15T14:28:54.107358+05:30,NIFTYNXT50,29-Sep-2026,76500.0,PE,70529.4,4657.4,550,6246,550,0.0,5451.7,0,0,0,0,0,,,,,,,,,,,,,,,0.03847240907667428,,,,,,13.24,25,72319.25,72456.1,70519.35,72083.7,mid_price,no_price_available
2026-09-15T08:58:54.107358+00:00,2026-09-15T14:28:54.107358+05:30,NIFTYNXT50,29-Sep-2026,76600.0,CE,70529.4,,0,285,25,0.0,,1,0,0,0,24.29,,,,,,,,,,,,,,,0.03847240907667428,,,,,,13.24,25,72319.25,72456.1,70519.35,72083.7,none,no_price_available
2026-09-15T08:58:54.107358+00:00,2026-09-15T14:28:54.107358+05:30,NIFTYNXT50,29-Sep-2026,76600.0,PE,70529.4,4745.55,550,6360.2,550,0.0,5552.875,0,0,0,0,0,,,,,,,,,,,,,,,0.03847240907667428,,,,,,13.24,25,72319.25,72456.1,70519.35,72083.7,mid_price,no_price_available
2026-09-15T08:58:54.107358+00:00,2026-09-15T14:28:54.107358+05:30,NIFTYNXT50,29-Sep-2026,76700.0,CE,70529.4,12.5,25,81.95,25,0.0,47.225,36,0,0,0,13.62,0.0011553490146041867,2.039937104492386e-06,-0.2700336970863898,0.5317207951064062,0.0867624335454606,-0.00044263616688207906,36.56747447350669,3.382860935605297e-09,0.00012529562526374403,-6.423486222899656e-07,-0.20554195682902954,134.7155332808822,-0.0010545136594819775,1.7249099527810776e-06,0.03847240907667428,70850,0.11788505268900494,0.01,index_dividend_yield,0.065,13.24,25,72319.25,72456.1,70519.35,72083.7,mid_price,wide_quote_low_liquidity
2026-09-15T08:58:54.107358+00:00,2026-09-15T14:28:54.107358+05:30,NIFTYNXT50,29-Sep-2026,76700.0,PE,70529.4,4833.7,550,6474.1,550,0.0,5653.9,0,0,0,0,0,,,,,,,,,,,,,,,0.03847240907667428,,,,,,13.24,25,72319.25,72456.1,70519.35,72083.7,mid_price,no_price_available
2026-09-15T08:58:54.107358+00:00,2026-09-15T14:28:54.107358+05:30,NIFTYNXT50,29-Sep-2026,76800.0,CE,0,,0,,0,0.0,,0,0,0,0,0,,,,,,,,,,,,,,,0.03847240907667428,,,,,,13.24,25,72319.25,72456.1,70519.35,72083.7,none,no_price_available
2026-09-15T08:58:54.107358+00:00,2026-09-15T14:28:54.107358+05:30,NIFTYNXT50,29-Sep-2026,76800.0,PE,70529.4,4921.9,550,6553,550,0.0,5737.45,0,0,0,0,0,,,,,,,,,,,,,,,0.03847240907667428,,,,,,13.24,25,72319.25,72456.1,70519.35,72083.7,mid_price,no_price_available
2026-09-15T08:58:54.107358+00:00,2026-09-15T14:28:54.107358+05:30,NIFTYNXT50,29-Sep-2026,76900.0,CE,0,,0,,0,0.0,,0,0,0,0,0,,,,,,,,,,,,,,,0.03847240907667428,,,,,,13.24,25,72319.25,72456.1,70519.35,72083.7,none,no_price_available
2026-09-15T08:58:54.107358+00:00,2026-09-15T14:28:54.107358+05:30,NIFTYNXT50,29-Sep-2026,76900.0,PE,70529.4,5010.05,550,6737.95,550,0.0,5874.0,0,0,0,0,0,,,,,,,,,,,,,,,0.03847240907667428,,,,,,13.24,25,72319.25,72456.1,70519.35,72083.7,mid_price,no_price_available
2026-09-15T08:58:54.107358+00:00,2026-09-15T14:28:54.107358+05:30,NIFTYNXT50,29-Sep-2026,77000.0,CE,70529.4,1.05,125,189,100,0.0,95.025,0,0,0,0,0,,,,,,,,,,,,,,,0.03847240907667428,70850,0.11788505268900494,0.01,index_dividend_yield,0.065,13.24,25,72319.25,72456.1,70519.35,72083.7,mid_price,no_nse_iv
2026-09-15T08:58:54.107358+00:00,2026-09-15T14:28:54.107358+05:30,NIFTYNXT50,29-Sep-2026,77000.0,PE,70529.4,5098.2,550,6846.45,550,0.0,5972.325,0,0,0,0,0,,,,,,,,,,,,,,,0.03847240907667428,,,,,,13.24,25,72319.25,72456.1,70519.35,72083.7,mid_price,no_price_available
2026-09-15T08:58:54.107358+00:00,2026-09-15T14:28:54.107358+05:30,NIFTYNXT50,29-Sep-2026,77100.0,CE,0,,0,,0,0.0,,0,0,0,0,0,,,,,,,,,,,,,,,0.03847240907667428,,,,,,13.24,25,72319.25,72456.1,70519.35,72083.7,none,no_price_available
2026-09-15T08:58:54.107358+00:00,2026-09-15T14:28:54.107358+05:30,NIFTYNXT50,29-Sep-2026,77100.0,PE,70529.4,5186.35,550,6947.65,550,0.0,6067.0,0,0,0,0,0,,,,,,,,,,,,,,,0.03847240907667428,,,,,,13.24,25,72319.25,72456.1,70519.35,72083.7,mid_price,no_price_available
2026-09-15T08:58:54.107358+00:00,2026-09-15T14:28:54.107358+05:30,NIFTYNXT50,29-Sep-2026,77200.0,CE,0,,0,,0,0.0,,0,0,0,0,0,,,,,,,,,,,,,,,0.03847240907667428,,,,,,13.24,25,72319.25,72456.1,70519.35,72083.7,none,no_price_available
2026-09-15T08:58:54.107358+00:00,2026-09-15T14:28:54.107358+05:30,NIFTYNXT50,29-Sep-2026,77200.0,PE,70529.4,5274.5,550,7077.1,550,0.0,6175.8,0,0,0,0,0,,,,,,,,,,,,,,,0.03847240907667428,,,,,,13.24,25,72319.25,72456.1,70519.35,72083.7,mid_price,no_price_available
2026-09-15T08:58:54.107358+00:00,2026-09-15T14:28:54.107358+05:30,NIFTYNXT50,29-Sep-2026,77300.0,CE,0,,0,,0,0.0,,0,0,0,0,0,,,,,,,,,,,,,,,0.03847240907667428,,,,,,13.24,25,72319.25,72456.1,70519.35,72083.7,none,no_price_available
2026-09-15T08:58:54.107358+00:00,2026-09-15T14:28:54.107358+05:30,NIFTYNXT50,29-Sep-2026,77300.0,PE,70529.4,5362.7,550,7190.85,550,0.0,6276.775,0,0,0,0,0,,,,,,,,,,,,,,,0.03847240907667428,,,,,,13.24,25,72319.25,72456.1,70519.35,72083.7,mid_price,no_price_available
2026-09-15T08:58:54.107358+00:00,2026-09-15T14:28:54.107358+05:30,NIFTYNXT50,29-Sep-2026,77400.0,CE,0,,0,,0,0.0,,0,0,0,0,0,,,,,,,,,,,,,,,0.03847240907667428,,,,,,13.24,25,72319.25,72456.1,70519.35,72083.7,none,no_price_available
2026-09-15T08:58:54.107358+00:00,2026-09-15T14:28:54.107358+05:30,NIFTYNXT50,29-Sep-2026,77400.0,PE,70529.4,5450.85,550,7300.95,550,0.0,6375.9,0,0,0,0,0,,,,,,,,,,,,,,,0.03847240907667428,,,,,,13.24,25,72319.25,72456.1,70519.35,72083.7,mid_price,no_price_available
2026-09-15T08:58:54.107358+00:00,2026-09-15T14:28:54.107358+05:30,NIFTYNXT50,29-Sep-2026,77500.0,CE,70529.4,,0,149,125,0.0,,0,0,0,0,0,,,,,,,,,,,,,,,0.03847240907667428,,,,,,13.24,25,72319.25,72456.1,70519.35,72083.7,none,no_price_available
2026-09-15T08:58:54.107358+00:00,2026-09-15T14:28:54.107358+05:30,NIFTYNXT50,29-Sep-2026,77500.0,PE,70529.4,5539,550,7422.1,550,0.0,6480.55,0,0,0,0,0,,,,,,,,,,,,,,,0.03847240907667428,,,,,,13.24,25,72319.25,72456.1,70519.35,72083.7,mid_price,no_price_available
2026-09-15T08:58:54.107358+00:00,2026-09-15T14:28:54.107358+05:30,NIFTYNXT50,29-Sep-2026,77600.0,CE,70529.4,1.05,50,84.95,125,0.0,43.0,12,0,0,0,17.27,0.0030616331304339477,3.900180356747667e-06,-0.8248077813655837,1.2890411712927974,0.1497255185608523,-0.0009619658725350268,56.77064948225008,4.484871965063928e-09,0.0001491759873388297,-9.640498659472797e-07,-0.4106908276394501,98.52867560565392,-0.00275442720014907,3.2218226227773686e-06,0.03847240907667428,70850,0.11788505268900494,0.01,index_dividend_yield,0.065,13.24,25,72319.25,72456.1,70519.35,72083.7,mid_price,wide_quote_low_liquidity
2026-09-15T08:58:54.107358+00:00,2026-09-15T14:28:54.107358+05:30,NIFTYNXT50,29-Sep-2026,77600.0,PE,70529.4,5627.15,550,7535.25,550,0.0,6581.2,0,0,0,0,0,,,,,,,,,,,,,,,0.03847240907667428,,,,,,13.24,25,72319.25,72456.1,70519.35,72083.7,mid_price,no_price_available
2026-09-15T08:58:54.107358+00:00,2026-09-15T14:28:54.107358+05:30,NIFTYNXT50,29-Sep-2026,77700.0,CE,0,,0,,0,0.0,,0,0,0,0,0,,,,,,,,,,,,,,,0.03847240907667428,,,,,,13.24,25,72319.25,72456.1,70519.35,72083.7,none,no_price_available
2026-09-15T08:58:54.107358+00:00,2026-09-15T14:28:54.107358+05:30,NIFTYNXT50,29-Sep-2026,77700.0,PE,70529.4,5715.3,550,7641.95,550,0.0,6678.625,0,0,0,0,0,,,,,,,,,,,,,,,0.03847240907667428,,,,,,13.24,25,72319.25,72456.1,70519.35,72083.7,mid_price,no_price_available
2026-09-15T08:58:54.107358+00:00,2026-09-15T14:28:54.107358+05:30,NIFTYNXT50,29-Sep-2026,77800.0,CE,0,,0,,0,0.0,,0,0,0,0,0,,,,,,,,,,,,,,,0.03847240907667428,,,,,,13.24,25,72319.25,72456.1,70519.35,72083.7,none,no_price_available
2026-09-15T08:58:54.107358+00:00,2026-09-15T14:28:54.107358+05:30,NIFTYNXT50,29-Sep-2026,77800.0,PE,70529.4,5803.5,550,7754.6,550,0.0,6779.05,0,0,0,0,0,,,,,,,,,,,,,,,0.03847240907667428,,,,,,13.24,25,72319.25,72456.1,70519.35,72083.7,mid_price,no_price_available
2026-09-15T08:58:54.107358+00:00,2026-09-15T14:28:54.107358+05:30,NIFTYNXT50,29-Sep-2026,77900.0,CE,0,,0,,0,0.0,,0,0,0,0,0,,,,,,,,,,,,,,,0.03847240907667428,,,,,,13.24,25,72319.25,72456.1,70519.35,72083.7,none,no_price_available
2026-09-15T08:58:54.107358+00:00,2026-09-15T14:28:54.107358+05:30,NIFTYNXT50,29-Sep-2026,77900.0,PE,70529.4,5891.65,550,7863.65,550,0.0,6877.65,0,0,0,0,0,,,,,,,,,,,,,,,0.03847240907667428,,,,,,13.24,25,72319.25,72456.1,70519.35,72083.7,mid_price,no_price_available
2026-09-15T08:58:54.107358+00:00,2026-09-15T14:28:54.107358+05:30,NIFTYNXT50,29-Sep-2026,78000.0,CE,0,,0,,0,0.0,,0,0,0,0,0,,,,,,,,,,,,,,,0.03847240907667428,,,,,,13.24,25,72319.25,72456.1,70519.35,72083.7,none,no_price_available
2026-09-15T08:58:54.107358+00:00,2026-09-15T14:28:54.107358+05:30,NIFTYNXT50,29-Sep-2026,78000.0,PE,70529.4,5979.8,550,7980.15,550,0.0,6979.975,0,0,0,0,0,,,,,,,,,,,,,,,0.03847240907667428,,,,,,13.24,25,72319.25,72456.1,70519.35,72083.7,mid_price,no_price_available
2026-09-15T08:58:54.107358+00:00,2026-09-15T14:28:54.107358+05:30,NIFTYNXT50,29-Sep-2026,78100.0,CE,0,,0,,0,0.0,,0,0,0,0,0,,,,,,,,,,,,,,,0.03847240907667428,,,,,,13.24,25,72319.25,72456.1,70519.35,72083.7,none,no_price_available
2026-09-15T08:58:54.107358+00:00,2026-09-15T14:28:54.107358+05:30,NIFTYNXT50,29-Sep-2026,78100.0,PE,70529.4,6067.95,550,8106.3,550,0.0,7087.125,0,0,0,0,0,,,,,,,,,,,,,,,0.03847240907667428,,,,,,13.24,25,72319.25,72456.1,70519.35,72083.7,mid_price,no_price_available
2026-09-15T08:58:54.107358+00:00,2026-09-15T14:28:54.107358+05:30,NIFTYNXT50,29-Sep-2026,78200.0,CE,0,,0,,0,0.0,,0,0,0,0,0,,,,,,,,,,,,,,,0.03847240907667428,,,,,,13.24,25,72319.25,72456.1,70519.35,72083.7,none,no_price_available
2026-09-15T08:58:54.107358+00:00,2026-09-15T14:28:54.107358+05:30,NIFTYNXT50,29-Sep-2026,78200.0,PE,70529.4,6156.1,550,8193.5,550,0.0,7174.8,0,0,0,0,0,,,,,,,,,,,,,,,0.03847240907667428,,,,,,13.24,25,72319.25,72456.1,70519.35,72083.7,mid_price,no_price_available
2026-09-15T08:58:54.107358+00:00,2026-09-15T14:28:54.107358+05:30,NIFTYNXT50,29-Sep-2026,78300.0,CE,0,,0,,0,0.0,,0,0,0,0,0,,,,,,,,,,,,,,,0.03847240907667428,,,,,,13.24,25,72319.25,72456.1,70519.35,72083.7,none,no_price_available
2026-09-15T08:58:54.107358+00:00,2026-09-15T14:28:54.107358+05:30,NIFTYNXT50,29-Sep-2026,78300.0,PE,70529.4,6244.3,550,8291.5,550,0.0,7267.9,0,0,0,0,0,,,,,,,,,,,,,,,0.03847240907667428,,,,,,13.24,25,72319.25,72456.1,70519.35,72083.7,mid_price,no_price_available
2026-09-15T08:58:54.107358+00:00,2026-09-15T14:28:54.107358+05:30,NIFTYNXT50,29-Sep-2026,78400.0,CE,0,,0,,0,0.0,,0,0,0,0,0,,,,,,,,,,,,,,,0.03847240907667428,,,,,,13.24,25,72319.25,72456.1,70519.35,72083.7,none,no_price_available
2026-09-15T08:58:54.107358+00:00,2026-09-15T14:28:54.107358+05:30,NIFTYNXT50,29-Sep-2026,78400.0,PE,70529.4,6332.45,550,8434.25,550,0.0,7383.35,0,0,0,0,0,,,,,,,,,,,,,,,0.03847240907667428,,,,,,13.24,25,72319.25,72456.1,70519.35,72083.7,mid_price,no_price_available
2026-09-15T08:58:54.107358+00:00,2026-09-15T14:28:54.107358+05:30,NIFTYNXT50,29-Sep-2026,78500.0,CE,0,,0,,0,0.0,,0,0,0,0,0,,,,,,,,,,,,,,,0.03847240907667428,,,,,,13.24,25,72319.25,72456.1,70519.35,72083.7,none,no_price_available
2026-09-15T08:58:54.107358+00:00,2026-09-15T14:28:54.107358+05:30,NIFTYNXT50,29-Sep-2026,78500.0,PE,70529.4,6420.6,550,8554.9,550,0.0,7487.75,0,0,0,0,0,,,,,,,,,,,,,,,0.03847240907667428,,,,,,13.24,25,72319.25,72456.1,70519.35,72083.7,mid_price,no_price_available
2026-09-15T08:58:54.107358+00:00,2026-09-15T14:28:54.107358+05:30,NIFTYNXT50,29-Sep-2026,78600.0,CE,0,,0,,0,0.0,,0,0,0,0,0,,,,,,,,,,,,,,,0.03847240907667428,,,,,,13.24,25,72319.25,72456.1,70519.35,72083.7,none,no_price_available
2026-09-15T08:58:54.107358+00:00,2026-09-15T14:28:54.107358+05:30,NIFTYNXT50,29-Sep-2026,78600.0,PE,70529.4,6508.75,550,8659.7,550,0.0,7584.225,0,0,0,0,0,,,,,,,,,,,,,,,0.03847240907667428,,,,,,13.24,25,72319.25,72456.1,70519.35,72083.7,mid_price,no_price_available
2026-09-15T08:58:54.107358+00:00,2026-09-15T14:28:54.107358+05:30,NIFTYNXT50,29-Sep-2026,78700.0,CE,0,,0,,0,0.0,,0,0,0,0,0,,,,,,,,,,,,,,,0.03847240907667428,,,,,,13.24,25,72319.25,72456.1,70519.35,72083.7,none,no_price_available
2026-09-15T08:58:54.107358+00:00,2026-09-15T14:28:54.107358+05:30,NIFTYNXT50,29-Sep-2026,78700.0,PE,70529.4,6596.9,550,8771.1,550,0.0,7684.0,0,0,0,0,0,,,,,,,,,,,,,,,0.03847240907667428,,,,,,13.24,25,72319.25,72456.1,70519.35,72083.7,mid_price,no_price_available
2026-09-15T08:58:54.107358+00:00,2026-09-15T14:28:54.107358+05:30,NIFTYNXT50,29-Sep-2026,78800.0,CE,0,,0,,0,0.0,,0,0,0,0,0,,,,,,,,,,,,,,,0.03847240907667428,,,,,,13.24,25,72319.25,72456.1,70519.35,72083.7,none,no_price_available
2026-09-15T08:58:54.107358+00:00,2026-09-15T14:28:54.107358+05:30,NIFTYNXT50,29-Sep-2026,78800.0,PE,70529.4,6685.1,550,8888.4,550,0.0,7786.75,0,0,0,0,0,,,,,,,,,,,,,,,0.03847240907667428,,,,,,13.24,25,72319.25,72456.1,70519.35,72083.7,mid_price,no_price_available
2026-09-15T08:58:54.107358+00:00,2026-09-15T14:28:54.107358+05:30,NIFTYNXT50,29-Sep-2026,78900.0,CE,0,,0,,0,0.0,,0,0,0,0,0,,,,,,,,,,,,,,,0.03847240907667428,,,,,,13.24,25,72319.25,72456.1,70519.35,72083.7,none,no_price_available
2026-09-15T08:58:54.107358+00:00,2026-09-15T14:28:54.107358+05:30,NIFTYNXT50,29-Sep-2026,78900.0,PE,70529.4,6773.25,550,9001.75,550,0.0,7887.5,0,0,0,0,0,,,,,,,,,,,,,,,0.03847240907667428,,,,,,13.24,25,72319.25,72456.1,70519.35,72083.7,mid_price,no_price_available
2026-09-15T08:58:54.107358+00:00,2026-09-15T14:28:54.107358+05:30,NIFTYNXT50,29-Sep-2026,79000.0,CE,0,,0,,0,0.0,,0,0,0,0,0,,,,,,,,,,,,,,,0.03847240907667428,,,,,,13.24,25,72319.25,72456.1,70519.35,72083.7,none,no_price_available
2026-09-15T08:58:54.107358+00:00,2026-09-15T14:28:54.107358+05:30,NIFTYNXT50,29-Sep-2026,79000.0,PE,70529.4,6861.4,550,9113,550,0.0,7987.2,0,0,0,0,0,,,,,,,,,,,,,,,0.03847240907667428,,,,,,13.24,25,72319.25,72456.1,70519.35,72083.7,mid_price,no_price_available
2026-09-15T08:58:54.107358+00:00,2026-09-15T14:28:54.107358+05:30,NIFTYNXT50,29-Sep-2026,79100.0,CE,0,,0,,0,0.0,,0,0,0,0,0,,,,,,,,,,,,,,,0.03847240907667428,,,,,,13.24,25,72319.25,72456.1,70519.35,72083.7,none,no_price_available
2026-09-15T08:58:54.107358+00:00,2026-09-15T14:28:54.107358+05:30,NIFTYNXT50,29-Sep-2026,79100.0,PE,70529.4,6949.55,550,9225.6,550,0.0,8087.575000000001,0,0,0,0,0,,,,,,,,,,,,,,,0.03847240907667428,,,,,,13.24,25,72319.25,72456.1,70519.35,72083.7,mid_price,no_price_available
2026-09-15T08:58:54.107358+00:00,2026-09-15T14:28:54.107358+05:30,NIFTYNXT50,29-Sep-2026,79200.0,CE,0,,0,,0,0.0,,0,0,0,0,0,,,,,,,,,,,,,,,0.03847240907667428,,,,,,13.24,25,72319.25,72456.1,70519.35,72083.7,none,no_price_available
2026-09-15T08:58:54.107358+00:00,2026-09-15T14:28:54.107358+05:30,NIFTYNXT50,29-Sep-2026,79200.0,PE,70529.4,7037.7,550,9337.2,550,0.0,8187.450000000001,0,0,0,0,0,,,,,,,,,,,,,,,0.03847240907667428,,,,,,13.24,25,72319.25,72456.1,70519.35,72083.7,mid_price,no_price_available
2026-09-15T08:58:54.107358+00:00,2026-09-15T14:28:54.107358+05:30,NIFTYNXT50,29-Sep-2026,79300.0,CE,0,,0,,0,0.0,,0,0,0,0,0,,,,,,,,,,,,,,,0.03847240907667428,,,,,,13.24,25,72319.25,72456.1,70519.35,72083.7,none,no_price_available
2026-09-15T08:58:54.107358+00:00,2026-09-15T14:28:54.107358+05:30,NIFTYNXT50,29-Sep-2026,79300.0,PE,70529.4,7125.9,550,9456.1,550,0.0,8291.0,0,0,0,0,0,,,,,,,,,,,,,,,0.03847240907667428,,,,,,13.24,25,72319.25,72456.1,70519.35,72083.7,mid_price,no_price_available
2026-09-15T08:58:54.107358+00:00,2026-09-15T14:28:54.107358+05:30,NIFTYNXT50,29-Sep-2026,79400.0,CE,0,,0,,0,0.0,,0,0,0,0,0,,,,,,,,,,,,,,,0.03847240907667428,,,,,,13.24,25,72319.25,72456.1,70519.35,72083.7,none,no_price_available
2026-09-15T08:58:54.107358+00:00,2026-09-15T14:28:54.107358+05:30,NIFTYNXT50,29-Sep-2026,79400.0,PE,70529.4,7214.05,550,9566.9,550,0.0,8390.475,0,0,0,0,0,,,,,,,,,,,,,,,0.03847240907667428,,,,,,13.24,25,72319.25,72456.1,70519.35,72083.7,mid_price,no_price_available
2026-09-15T08:58:54.107358+00:00,2026-09-15T14:28:54.107358+05:30,NIFTYNXT50,29-Sep-2026,79500.0,CE,0,,0,,0,0.0,,0,0,0,0,0,,,,,,,,,,,,,,,0.03847240907667428,,,,,,13.24,25,72319.25,72456.1,70519.35,72083.7,none,no_price_available
2026-09-15T08:58:54.107358+00:00,2026-09-15T14:28:54.107358+05:30,NIFTYNXT50,29-Sep-2026,79500.0,PE,70529.4,7302.2,550,9673.55,550,0.0,8487.875,0,0,0,0,0,,,,,,,,,,,,,,,0.03847240907667428,,,,,,13.24,25,72319.25,72456.1,70519.35,72083.7,mid_price,no_price_available
2026-09-15T08:58:54.107358+00:00,2026-09-15T14:28:54.107358+05:30,NIFTYNXT50,29-Sep-2026,79600.0,CE,0,,0,,0,0.0,,0,0,0,0,0,,,,,,,,,,,,,,,0.03847240907667428,,,,,,13.24,25,72319.25,72456.1,70519.35,72083.7,none,no_price_available
2026-09-15T08:58:54.107358+00:00,2026-09-15T14:28:54.107358+05:30,NIFTYNXT50,29-Sep-2026,79600.0,PE,70529.4,7390.35,550,9799.4,550,0.0,8594.875,0,0,0,0,0,,,,,,,,,,,,,,,0.03847240907667428,,,,,,13.24,25,72319.25,72456.1,70519.35,72083.7,mid_price,no_price_available
2026-09-15T08:58:54.107358+00:00,2026-09-15T14:28:54.107358+05:30,NIFTYNXT50,29-Sep-2026,79700.0,CE,0,,0,,0,0.0,,0,0,0,0,0,,,,,,,,,,,,,,,0.03847240907667428,,,,,,13.24,25,72319.25,72456.1,70519.35,72083.7,none,no_price_available
2026-09-15T08:58:54.107358+00:00,2026-09-15T14:28:54.107358+05:30,NIFTYNXT50,29-Sep-2026,79700.0,PE,70529.4,7478.5,550,9908.1,550,0.0,8693.3,0,0,0,0,0,,,,,,,,,,,,,,,0.03847240907667428,,,,,,13.24,25,72319.25,72456.1,70519.35,72083.7,mid_price,no_price_available
2026-09-15T08:58:54.107358+00:00,2026-09-15T14:28:54.107358+05:30,NIFTYNXT50,29-Sep-2026,79800.0,CE,0,,0,,0,0.0,,0,0,0,0,0,,,,,,,,,,,,,,,0.03847240907667428,,,,,,13.24,25,72319.25,72456.1,70519.35,72083.7,none,no_price_available
2026-09-15T08:58:54.107358+00:00,2026-09-15T14:28:54.107358+05:30,NIFTYNXT50,29-Sep-2026,79800.0,PE,70529.4,7566.7,550,10015.1,550,0.0,8790.9,0,0,0,0,0,,,,,,,,,,,,,,,0.03847240907667428,,,,,,13.24,25,72319.25,72456.1,70519.35,72083.7,mid_price,no_price_available
2026-09-15T08:58:54.107358+00:00,2026-09-15T14:28:54.107358+05:30,NIFTYNXT50,29-Sep-2026,79900.0,CE,0,,0,,0,0.0,,0,0,0,0,0,,,,,,,,,,,,,,,0.03847240907667428,,,,,,13.24,25,72319.25,72456.1,70519.35,72083.7,none,no_price_available
2026-09-15T08:58:54.107358+00:00,2026-09-15T14:28:54.107358+05:30,NIFTYNXT50,29-Sep-2026,79900.0,PE,70529.4,7654.85,550,10135.55,550,0.0,8895.2,0,0,0,0,0,,,,,,,,,,,,,,,0.03847240907667428,,,,,,13.24,25,72319.25,72456.1,70519.35,72083.7,mid_price,no_price_available
2026-09-15T08:58:54.107358+00:00,2026-09-15T14:28:54.107358+05:30,NIFTYNXT50,29-Sep-2026,80000.0,CE,0,,0,,0,0.0,,0,0,0,0,0,,,,,,,,,,,,,,,0.03847240907667428,,,,,,13.24,25,72319.25,72456.1,70519.35,72083.7,none,no_price_available
2026-09-15T08:58:54.107358+00:00,2026-09-15T14:28:54.107358+05:30,NIFTYNXT50,29-Sep-2026,80000.0,PE,70529.4,7743,550,10245.05,550,0.0,8994.025,0,0,0,0,0,,,,,,,,,,,,,,,0.03847240907667428,,,,,,13.24,25,72319.25,72456.1,70519.35,72083.7,mid_price,no_price_available
2026-09-15T08:58:54.107358+00:00,2026-09-15T14:28:54.107358+05:30,NIFTYNXT50,29-Sep-2026,80100.0,CE,0,,0,,0,0.0,,0,0,0,0,0,,,,,,,,,,,,,,,0.03847240907667428,,,,,,13.24,25,72319.25,72456.1,70519.35,72083.7,none,no_price_available
2026-09-15T08:58:54.107358+00:00,2026-09-15T14:28:54.107358+05:30,NIFTYNXT50,29-Sep-2026,80100.0,PE,70529.4,7831.15,550,10358.75,550,0.0,9094.95,0,0,0,0,0,,,,,,,,,,,,,,,0.03847240907667428,,,,,,13.24,25,72319.25,72456.1,70519.35,72083.7,mid_price,no_price_available
2026-09-15T08:58:54.107358+00:00,2026-09-15T14:28:54.107358+05:30,NIFTYNXT50,29-Sep-2026,80200.0,CE,0,,0,,0,0.0,,0,0,0,0,0,,,,,,,,,,,,,,,0.03847240907667428,,,,,,13.24,25,72319.25,72456.1,70519.35,72083.7,none,no_price_available
2026-09-15T08:58:54.107358+00:00,2026-09-15T14:28:54.107358+05:30,NIFTYNXT50,29-Sep-2026,80200.0,PE,70529.4,7919.3,550,10476.9,550,0.0,9198.1,0,0,0,0,0,,,,,,,,,,,,,,,0.03847240907667428,,,,,,13.24,25,72319.25,72456.1,70519.35,72083.7,mid_price,no_price_available
2026-09-15T08:58:54.107358+00:00,2026-09-15T14:28:54.107358+05:30,NIFTYNXT50,29-Sep-2026,80300.0,CE,0,,0,,0,0.0,,0,0,0,0,0,,,,,,,,,,,,,,,0.03847240907667428,,,,,,13.24,25,72319.25,72456.1,70519.35,72083.7,none,no_price_available
2026-09-15T08:58:54.107358+00:00,2026-09-15T14:28:54.107358+05:30,NIFTYNXT50,29-Sep-2026,80300.0,PE,70529.4,8007.5,550,10578.9,550,0.0,9293.2,0,0,0,0,0,,,,,,,,,,,,,,,0.03847240907667428,,,,,,13.24,25,72319.25,72456.1,70519.35,72083.7,mid_price,no_price_available
2026-09-15T08:58:54.107358+00:00,2026-09-15T14:28:54.107358+05:30,NIFTYNXT50,29-Sep-2026,80400.0,CE,0,,0,,0,0.0,,0,0,0,0,0,,,,,,,,,,,,,,,0.03847240907667428,,,,,,13.24,25,72319.25,72456.1,70519.35,72083.7,none,no_price_available
2026-09-15T08:58:54.107358+00:00,2026-09-15T14:28:54.107358+05:30,NIFTYNXT50,29-Sep-2026,80400.0,PE,70529.4,8095.65,550,10693.5,550,0.0,9394.575,0,0,0,0,0,,,,,,,,,,,,,,,0.03847240907667428,,,,,,13.24,25,72319.25,72456.1,70519.35,72083.7,mid_price,no_price_available
2026-09-15T08:58:54.107358+00:00,2026-09-15T14:28:54.107358+05:30,NIFTYNXT50,29-Sep-2026,80500.0,CE,0,,0,,0,0.0,,0,0,0,0,0,,,,,,,,,,,,,,,0.03847240907667428,,,,,,13.24,25,72319.25,72456.1,70519.35,72083.7,none,no_price_available
2026-09-15T08:58:54.107358+00:00,2026-09-15T14:28:54.107358+05:30,NIFTYNXT50,29-Sep-2026,80500.0,PE,70529.4,8183.8,550,10811.8,550,0.0,9497.8,0,0,0,0,0,,,,,,,,,,,,,,,0.03847240907667428,,,,,,13.24,25,72319.25,72456.1,70519.35,72083.7,mid_price,no_price_available
2026-09-15T08:58:54.107358+00:00,2026-09-15T14:28:54.107358+05:30,NIFTYNXT50,29-Sep-2026,80600.0,CE,0,,0,,0,0.0,,0,0,0,0,0,,,,,,,,,,,,,,,0.03847240907667428,,,,,,13.24,25,72319.25,72456.1,70519.35,72083.7,none,no_price_available
2026-09-15T08:58:54.107358+00:00,2026-09-15T14:28:54.107358+05:30,NIFTYNXT50,29-Sep-2026,80600.0,PE,70529.4,8271.95,550,10921.6,550,0.0,9596.775000000001,0,0,0,0,0,,,,,,,,,,,,,,,0.03847240907667428,,,,,,13.24,25,72319.25,72456.1,70519.35,72083.7,mid_price,no_price_available
2026-09-15T08:58:54.107358+00:00,2026-09-15T14:28:54.107358+05:30,NIFTYNXT50,29-Sep-2026,80700.0,CE,0,,0,,0,0.0,,0,0,0,0,0,,,,,,,,,,,,,,,0.03847240907667428,,,,,,13.24,25,72319.25,72456.1,70519.35,72083.7,none,no_price_available
2026-09-15T08:58:54.107358+00:00,2026-09-15T14:28:54.107358+05:30,NIFTYNXT50,29-Sep-2026,80700.0,PE,70529.4,8360.1,550,11032.6,550,0.0,9696.35,0,0,0,0,0,,,,,,,,,,,,,,,0.03847240907667428,,,,,,13.24,25,72319.25,72456.1,70519.35,72083.7,mid_price,no_price_available
2026-09-15T08:58:54.107358+00:00,2026-09-15T14:28:54.107358+05:30,NIFTYNXT50,29-Sep-2026,80800.0,CE,0,,0,,0,0.0,,0,0,0,0,0,,,,,,,,,,,,,,,0.03847240907667428,,,,,,13.24,25,72319.25,72456.1,70519.35,72083.7,none,no_price_available
2026-09-15T08:58:54.107358+00:00,2026-09-15T14:28:54.107358+05:30,NIFTYNXT50,29-Sep-2026,80800.0,PE,70529.4,8473.15,550,11142.6,550,0.0,9807.875,0,0,0,0,0,,,,,,,,,,,,,,,0.03847240907667428,,,,,,13.24,25,72319.25,72456.1,70519.35,72083.7,mid_price,no_price_available
2026-09-15T08:58:54.107358+00:00,2026-09-15T14:28:54.107358+05:30,NIFTYNXT50,29-Sep-2026,80900.0,CE,0,,0,,0,0.0,,0,0,0,0,0,,,,,,,,,,,,,,,0.03847240907667428,,,,,,13.24,25,72319.25,72456.1,70519.35,72083.7,none,no_price_available
2026-09-15T08:58:54.107358+00:00,2026-09-15T14:28:54.107358+05:30,NIFTYNXT50,29-Sep-2026,80900.0,PE,70529.4,8536.45,550,11259.65,550,0.0,9898.05,0,0,0,0,0,,,,,,,,,,,,,,,0.03847240907667428,,,,,,13.24,25,72319.25,72456.1,70519.35,72083.7,mid_price,no_price_available
2026-09-15T08:58:54.107358+00:00,2026-09-15T14:28:54.107358+05:30,NIFTYNXT50,29-Sep-2026,81000.0,CE,70529.4,,0,23.15,25,0.0,,0,0,0,0,0,,,,,,,,,,,,,,,0.03847240907667428,,,,,,13.24,25,72319.25,72456.1,70519.35,72083.7,none,no_price_available
2026-09-15T08:58:54.107358+00:00,2026-09-15T14:28:54.107358+05:30,NIFTYNXT50,29-Sep-2026,81000.0,PE,70529.4,8649.45,550,11375.3,550,0.0,10012.375,0,0,0,0,0,,,,,,,,,,,,,,,0.03847240907667428,,,,,,13.24,25,72319.25,72456.1,70519.35,72083.7,mid_price,no_price_available
2026-09-15T08:58:54.107358+00:00,2026-09-15T14:28:54.107358+05:30,NIFTYNXT50,29-Sep-2026,81500.0,CE,0,,0,,0,0.0,,0,0,0,0,0,,,,,,,,,,,,,,,0.03847240907667428,,,,,,13.24,25,72319.25,72456.1,70519.35,72083.7,none,no_price_available
2026-09-15T08:58:54.107358+00:00,2026-09-15T14:28:54.107358+05:30,NIFTYNXT50,29-Sep-2026,81500.0,PE,70529.4,9065.4,550,11878.35,550,0.0,10471.875,0,0,0,0,0,,,,,,,,,,,,,,,0.03847240907667428,,,,,,13.24,25,72319.25,72456.1,70519.35,72083.7,mid_price,no_price_available
2026-09-15T08:58:54.107358+00:00,2026-09-15T14:28:54.107358+05:30,NIFTYNXT50,29-Sep-2026,82000.0,CE,0,,0,,0,0.0,,0,0,0,0,0,,,,,,,,,,,,,,,0.03847240907667428,,,,,,13.24,25,72319.25,72456.1,70519.35,72083.7,none,no_price_available
2026-09-15T08:58:54.107358+00:00,2026-09-15T14:28:54.107358+05:30,NIFTYNXT50,29-Sep-2026,82000.0,PE,70529.4,9506.2,550,11749.35,550,0.0,10627.775000000001,0,0,0,0,0,,,,,,,,,,,,,,,0.03847240907667428,,,,,,13.24,25,72319.25,72456.1,70519.35,72083.7,mid_price,no_price_available
2026-09-15T08:58:54.107358+00:00,2026-09-15T14:28:54.107358+05:30,NIFTYNXT50,29-Sep-2026,82500.0,CE,0,,0,,0,0.0,,0,0,0,0,0,,,,,,,,,,,,,,,0.03847240907667428,,,,,,13.24,25,72319.25,72456.1,70519.35,72083.7,none,no_price_available
2026-09-15T08:58:54.107358+00:00,2026-09-15T14:28:54.107358+05:30,NIFTYNXT50,29-Sep-2026,82500.0,PE,70529.4,9991.6,550,12282.95,550,0.0,11137.275000000001,0,0,0,0,0,,,,,,,,,,,,,,,0.03847240907667428,,,,,,13.24,25,72319.25,72456.1,70519.35,72083.7,mid_price,no_price_available
2026-09-15T08:58:54.107358+00:00,2026-09-15T14:28:54.107358+05:30,NIFTYNXT50,29-Sep-2026,83000.0,CE,0,,0,,0,0.0,,0,0,0,0,0,,,,,,,,,,,,,,,0.03847240907667428,,,,,,13.24,25,72319.25,72456.1,70519.35,72083.7,none,no_price_available
2026-09-15T08:58:54.107358+00:00,2026-09-15T14:28:54.107358+05:30,NIFTYNXT50,29-Sep-2026,83000.0,PE,70529.4,10387.8,550,12816.15,550,0.0,11601.974999999999,0,0,0,0,0,,,,,,,,,,,,,,,0.03847240907667428,,,,,,13.24,25,72319.25,72456.1,70519.35,72083.7,mid_price,no_price_available
2026-09-15T08:58:54.107358+00:00,2026-09-15T14:28:54.107358+05:30,NIFTYNXT50,29-Sep-2026,83500.0,CE,0,,0,,0,0.0,,0,0,0,0,0,,,,,,,,,,,,,,,0.03847240907667428,,,,,,13.24,25,72319.25,72456.1,70519.35,72083.7,none,no_price_available
2026-09-15T08:58:54.107358+00:00,2026-09-15T14:28:54.107358+05:30,NIFTYNXT50,29-Sep-2026,83500.0,PE,70529.4,10828.6,550,13349.75,550,0.0,12089.175,0,0,0,0,0,,,,,,,,,,,,,,,0.03847240907667428,,,,,,13.24,25,72319.25,72456.1,70519.35,72083.7,mid_price,no_price_available
2026-09-15T08:58:54.107358+00:00,2026-09-15T14:28:54.107358+05:30,NIFTYNXT50,29-Sep-2026,84000.0,CE,0,,0,,0,0.0,,0,0,0,0,0,,,,,,,,,,,,,,,0.03847240907667428,,,,,,13.24,25,72319.25,72456.1,70519.35,72083.7,none,no_price_available
2026-09-15T08:58:54.107358+00:00,2026-09-15T14:28:54.107358+05:30,NIFTYNXT50,29-Sep-2026,84000.0,PE,70529.4,11269.4,550,13882.95,550,0.0,12576.175,0,0,0,0,0,,,,,,,,,,,,,,,0.03847240907667428,,,,,,13.24,25,72319.25,72456.1,70519.35,72083.7,mid_price,no_price_available
2026-09-15T08:58:54.107358+00:00,2026-09-15T14:28:54.107358+05:30,NIFTYNXT50,29-Sep-2026,84500.0,CE,0,,0,,0,0.0,,0,0,0,0,0,,,,,,,,,,,,,,,0.03847240907667428,,,,,,13.24,25,72319.25,72456.1,70519.35,72083.7,none,no_price_available
2026-09-15T08:58:54.107358+00:00,2026-09-15T14:28:54.107358+05:30,NIFTYNXT50,29-Sep-2026,84500.0,PE,70529.4,11710.2,550,14416.65,550,0.0,13063.425,0,0,0,0,0,,,,,,,,,,,,,,,0.03847240907667428,,,,,,13.24,25,72319.25,72456.1,70519.35,72083.7,mid_price,no_price_available
2026-09-15T08:58:54.107358+00:00,2026-09-15T14:28:54.107358+05:30,NIFTYNXT50,29-Sep-2026,85000.0,CE,0,,0,,0,0.0,,0,0,0,0,0,,,,,,,,,,,,,,,0.03847240907667428,,,,,,13.24,25,72319.25,72456.1,70519.35,72083.7,none,no_price_available
2026-09-15T08:58:54.107358+00:00,2026-09-15T14:28:54.107358+05:30,NIFTYNXT50,29-Sep-2026,85000.0,PE,70529.4,12240.05,550,14950.05,550,0.0,13595.05,0,0,0,0,0,,,,,,,,,,,,,,,0.03847240907667428,,,,,,13.24,25,72319.25,72456.1,70519.35,72083.7,mid_price,no_price_available
