fetch_ts_utc,fetch_ts_ist,symbol,expiry_date,strike,option_type,underlying_value,bid_price,bid_qty,ask_price,ask_qty,ltp,mid_price,open_interest,change_in_oi,total_traded_volume,pchange_vs_prev_close,nse_iv,delta,gamma,theta,vega,vanna,charm,vomma,speed,zomma,color,veta,omega,dual_delta,dual_gamma,time_to_expiry_years,futures_price,implied_cost_of_carry,dividend_yield_used,dividend_yield_source,risk_free_rate_used,india_vix,lot_size,underlying_day_open,underlying_day_high,underlying_day_low,underlying_prev_close,price_source_for_iv,data_quality_flag
2026-09-11T08:19:00.891474+00:00,2026-09-11T13:49:00.891474+05:30,NIFTYNXT50,29-Sep-2026,61000.0,CE,71936.55,9454.4,550,12696.25,550,0.0,11075.325,0,0,0,0,0,,,,,,,,,,,,,,,0.0495072015641172,72226.4,0.08122352749187188,0.01,index_dividend_yield,0.065,12.48,25,71926.55,72044.5,71400.25,72530.9,mid_price,no_nse_iv
2026-09-11T08:19:00.891474+00:00,2026-09-11T13:49:00.891474+05:30,NIFTYNXT50,29-Sep-2026,61000.0,PE,0,,0,,0,0.0,,0,0,0,0,0,,,,,,,,,,,,,,,0.0495072015641172,,,,,,12.48,25,71926.55,72044.5,71400.25,72530.9,none,no_price_available
2026-09-11T08:19:00.891474+00:00,2026-09-11T13:49:00.891474+05:30,NIFTYNXT50,29-Sep-2026,61500.0,CE,71936.55,9015.55,550,12254.8,550,0.0,10635.175,0,0,0,0,0,,,,,,,,,,,,,,,0.0495072015641172,72226.4,0.08122352749187188,0.01,index_dividend_yield,0.065,12.48,25,71926.55,72044.5,71400.25,72530.9,mid_price,no_nse_iv
2026-09-11T08:19:00.891474+00:00,2026-09-11T13:49:00.891474+05:30,NIFTYNXT50,29-Sep-2026,61500.0,PE,0,,0,,0,0.0,,0,0,0,0,0,,,,,,,,,,,,,,,0.0495072015641172,,,,,,12.48,25,71926.55,72044.5,71400.25,72530.9,none,no_price_available
2026-09-11T08:19:00.891474+00:00,2026-09-11T13:49:00.891474+05:30,NIFTYNXT50,29-Sep-2026,62000.0,CE,71936.55,8580.4,550,11721.4,550,0.0,10150.9,0,0,0,0,0,,,,,,,,,,,,,,,0.0495072015641172,72226.4,0.08122352749187188,0.01,index_dividend_yield,0.065,12.48,25,71926.55,72044.5,71400.25,72530.9,mid_price,no_nse_iv
2026-09-11T08:19:00.891474+00:00,2026-09-11T13:49:00.891474+05:30,NIFTYNXT50,29-Sep-2026,62000.0,PE,0,,0,,0,0.0,,0,0,0,0,0,,,,,,,,,,,,,,,0.0495072015641172,,,,,,12.48,25,71926.55,72044.5,71400.25,72530.9,none,no_price_available
2026-09-11T08:19:00.891474+00:00,2026-09-11T13:49:00.891474+05:30,NIFTYNXT50,29-Sep-2026,62500.0,CE,71936.55,8141.55,550,11188,550,0.0,9664.775,0,0,0,0,0,,,,,,,,,,,,,,,0.0495072015641172,72226.4,0.08122352749187188,0.01,index_dividend_yield,0.065,12.48,25,71926.55,72044.5,71400.25,72530.9,mid_price,no_nse_iv
2026-09-11T08:19:00.891474+00:00,2026-09-11T13:49:00.891474+05:30,NIFTYNXT50,29-Sep-2026,62500.0,PE,0,,0,,0,0.0,,0,0,0,0,0,,,,,,,,,,,,,,,0.0495072015641172,,,,,,12.48,25,71926.55,72044.5,71400.25,72530.9,none,no_price_available
2026-09-11T08:19:00.891474+00:00,2026-09-11T13:49:00.891474+05:30,NIFTYNXT50,29-Sep-2026,63000.0,CE,71936.55,7704.55,550,10654.6,550,0.0,9179.575,0,0,0,0,0,,,,,,,,,,,,,,,0.0495072015641172,72226.4,0.08122352749187188,0.01,index_dividend_yield,0.065,12.48,25,71926.55,72044.5,71400.25,72530.9,mid_price,no_nse_iv
2026-09-11T08:19:00.891474+00:00,2026-09-11T13:49:00.891474+05:30,NIFTYNXT50,29-Sep-2026,63000.0,PE,0,,0,,0,0.0,,0,0,0,0,0,,,,,,,,,,,,,,,0.0495072015641172,,,,,,12.48,25,71926.55,72044.5,71400.25,72530.9,none,no_price_available
2026-09-11T08:19:00.891474+00:00,2026-09-11T13:49:00.891474+05:30,NIFTYNXT50,29-Sep-2026,63500.0,CE,71936.55,7269.4,550,10121.2,550,0.0,8695.3,0,0,0,0,0,,,,,,,,,,,,,,,0.0495072015641172,72226.4,0.08122352749187188,0.01,index_dividend_yield,0.065,12.48,25,71926.55,72044.5,71400.25,72530.9,mid_price,no_nse_iv
2026-09-11T08:19:00.891474+00:00,2026-09-11T13:49:00.891474+05:30,NIFTYNXT50,29-Sep-2026,63500.0,PE,0,,0,,0,0.0,,0,0,0,0,0,,,,,,,,,,,,,,,0.0495072015641172,,,,,,12.48,25,71926.55,72044.5,71400.25,72530.9,none,no_price_available
2026-09-11T08:19:00.891474+00:00,2026-09-11T13:49:00.891474+05:30,NIFTYNXT50,29-Sep-2026,64000.0,CE,71936.55,6833.4,550,9587.8,550,0.0,8210.599999999999,0,0,0,0,0,,,,,,,,,,,,,,,0.0495072015641172,72226.4,0.08122352749187188,0.01,index_dividend_yield,0.065,12.48,25,71926.55,72044.5,71400.25,72530.9,mid_price,no_nse_iv
2026-09-11T08:19:00.891474+00:00,2026-09-11T13:49:00.891474+05:30,NIFTYNXT50,29-Sep-2026,64000.0,PE,0,,0,,0,0.0,,0,0,0,0,0,,,,,,,,,,,,,,,0.0495072015641172,,,,,,12.48,25,71926.55,72044.5,71400.25,72530.9,none,no_price_available
2026-09-11T08:19:00.891474+00:00,2026-09-11T13:49:00.891474+05:30,NIFTYNXT50,29-Sep-2026,64100.0,CE,71936.55,6745,550,9255.65,550,0.0,8000.325,0,0,0,0,0,,,,,,,,,,,,,,,0.0495072015641172,72226.4,0.08122352749187188,0.01,index_dividend_yield,0.065,12.48,25,71926.55,72044.5,71400.25,72530.9,mid_price,no_nse_iv
2026-09-11T08:19:00.891474+00:00,2026-09-11T13:49:00.891474+05:30,NIFTYNXT50,29-Sep-2026,64100.0,PE,0,,0,,0,0.0,,0,0,0,0,0,,,,,,,,,,,,,,,0.0495072015641172,,,,,,12.48,25,71926.55,72044.5,71400.25,72530.9,none,no_price_available
2026-09-11T08:19:00.891474+00:00,2026-09-11T13:49:00.891474+05:30,NIFTYNXT50,29-Sep-2026,64200.0,CE,71936.55,6658.6,550,9374.45,550,0.0,8016.525000000001,0,0,0,0,0,,,,,,,,,,,,,,,0.0495072015641172,72226.4,0.08122352749187188,0.01,index_dividend_yield,0.065,12.48,25,71926.55,72044.5,71400.25,72530.9,mid_price,no_nse_iv
2026-09-11T08:19:00.891474+00:00,2026-09-11T13:49:00.891474+05:30,NIFTYNXT50,29-Sep-2026,64200.0,PE,0,,0,,0,0.0,,0,0,0,0,0,,,,,,,,,,,,,,,0.0495072015641172,,,,,,12.48,25,71926.55,72044.5,71400.25,72530.9,none,no_price_available
2026-09-11T08:19:00.891474+00:00,2026-09-11T13:49:00.891474+05:30,NIFTYNXT50,29-Sep-2026,64300.0,CE,71936.55,6571.2,550,9042.3,550,0.0,7806.75,0,0,0,0,0,,,,,,,,,,,,,,,0.0495072015641172,72226.4,0.08122352749187188,0.01,index_dividend_yield,0.065,12.48,25,71926.55,72044.5,71400.25,72530.9,mid_price,no_nse_iv
2026-09-11T08:19:00.891474+00:00,2026-09-11T13:49:00.891474+05:30,NIFTYNXT50,29-Sep-2026,64300.0,PE,0,,0,,0,0.0,,0,0,0,0,0,,,,,,,,,,,,,,,0.0495072015641172,,,,,,12.48,25,71926.55,72044.5,71400.25,72530.9,none,no_price_available
2026-09-11T08:19:00.891474+00:00,2026-09-11T13:49:00.891474+05:30,NIFTYNXT50,29-Sep-2026,64400.0,CE,71936.55,6483.8,550,8935.6,550,0.0,7709.700000000001,0,0,0,0,0,,,,,,,,,,,,,,,0.0495072015641172,72226.4,0.08122352749187188,0.01,index_dividend_yield,0.065,12.48,25,71926.55,72044.5,71400.25,72530.9,mid_price,no_nse_iv
2026-09-11T08:19:00.891474+00:00,2026-09-11T13:49:00.891474+05:30,NIFTYNXT50,29-Sep-2026,64400.0,PE,0,,0,,0,0.0,,0,0,0,0,0,,,,,,,,,,,,,,,0.0495072015641172,,,,,,12.48,25,71926.55,72044.5,71400.25,72530.9,none,no_price_available
2026-09-11T08:19:00.891474+00:00,2026-09-11T13:49:00.891474+05:30,NIFTYNXT50,29-Sep-2026,64500.0,CE,71936.55,6396.4,550,9054.4,550,0.0,7725.4,0,0,0,0,0,,,,,,,,,,,,,,,0.0495072015641172,72226.4,0.08122352749187188,0.01,index_dividend_yield,0.065,12.48,25,71926.55,72044.5,71400.25,72530.9,mid_price,no_nse_iv
2026-09-11T08:19:00.891474+00:00,2026-09-11T13:49:00.891474+05:30,NIFTYNXT50,29-Sep-2026,64500.0,PE,0,,0,,0,0.0,,0,0,0,0,0,,,,,,,,,,,,,,,0.0495072015641172,,,,,,12.48,25,71926.55,72044.5,71400.25,72530.9,none,no_price_available
2026-09-11T08:19:00.891474+00:00,2026-09-11T13:49:00.891474+05:30,NIFTYNXT50,29-Sep-2026,64600.0,CE,71936.55,6309,550,8947.75,550,0.0,7628.375,0,0,0,0,0,,,,,,,,,,,,,,,0.0495072015641172,72226.4,0.08122352749187188,0.01,index_dividend_yield,0.065,12.48,25,71926.55,72044.5,71400.25,72530.9,mid_price,no_nse_iv
2026-09-11T08:19:00.891474+00:00,2026-09-11T13:49:00.891474+05:30,NIFTYNXT50,29-Sep-2026,64600.0,PE,0,,0,,0,0.0,,0,0,0,0,0,,,,,,,,,,,,,,,0.0495072015641172,,,,,,12.48,25,71926.55,72044.5,71400.25,72530.9,none,no_price_available
2026-09-11T08:19:00.891474+00:00,2026-09-11T13:49:00.891474+05:30,NIFTYNXT50,29-Sep-2026,64700.0,CE,71936.55,6220.6,550,8615.55,550,0.0,7418.075,0,0,0,0,0,,,,,,,,,,,,,,,0.0495072015641172,72226.4,0.08122352749187188,0.01,index_dividend_yield,0.065,12.48,25,71926.55,72044.5,71400.25,72530.9,mid_price,no_nse_iv
2026-09-11T08:19:00.891474+00:00,2026-09-11T13:49:00.891474+05:30,NIFTYNXT50,29-Sep-2026,64700.0,PE,0,,0,,0,0.0,,0,0,0,0,0,,,,,,,,,,,,,,,0.0495072015641172,,,,,,12.48,25,71926.55,72044.5,71400.25,72530.9,none,no_price_available
2026-09-11T08:19:00.891474+00:00,2026-09-11T13:49:00.891474+05:30,NIFTYNXT50,29-Sep-2026,64800.0,CE,71936.55,6131.35,550,8508.9,550,0.0,7320.125,0,0,0,0,0,,,,,,,,,,,,,,,0.0495072015641172,72226.4,0.08122352749187188,0.01,index_dividend_yield,0.065,12.48,25,71926.55,72044.5,71400.25,72530.9,mid_price,no_nse_iv
2026-09-11T08:19:00.891474+00:00,2026-09-11T13:49:00.891474+05:30,NIFTYNXT50,29-Sep-2026,64800.0,PE,0,,0,,0,0.0,,0,0,0,0,0,,,,,,,,,,,,,,,0.0495072015641172,,,,,,12.48,25,71926.55,72044.5,71400.25,72530.9,none,no_price_available
2026-09-11T08:19:00.891474+00:00,2026-09-11T13:49:00.891474+05:30,NIFTYNXT50,29-Sep-2026,64900.0,CE,71936.55,6045.8,550,8627.7,550,0.0,7336.75,0,0,0,0,0,,,,,,,,,,,,,,,0.0495072015641172,72226.4,0.08122352749187188,0.01,index_dividend_yield,0.065,12.48,25,71926.55,72044.5,71400.25,72530.9,mid_price,no_nse_iv
2026-09-11T08:19:00.891474+00:00,2026-09-11T13:49:00.891474+05:30,NIFTYNXT50,29-Sep-2026,64900.0,PE,0,,0,,0,0.0,,0,0,0,0,0,,,,,,,,,,,,,,,0.0495072015641172,,,,,,12.48,25,71926.55,72044.5,71400.25,72530.9,none,no_price_available
2026-09-11T08:19:00.891474+00:00,2026-09-11T13:49:00.891474+05:30,NIFTYNXT50,29-Sep-2026,65000.0,CE,71936.55,5958.4,550,8521,550,0.0,7239.7,0,0,0,0,0,,,,,,,,,,,,,,,0.0495072015641172,72226.4,0.08122352749187188,0.01,index_dividend_yield,0.065,12.48,25,71926.55,72044.5,71400.25,72530.9,mid_price,no_nse_iv
2026-09-11T08:19:00.891474+00:00,2026-09-11T13:49:00.891474+05:30,NIFTYNXT50,29-Sep-2026,65000.0,PE,0,,0,,0,0.0,,0,0,0,0,0,,,,,,,,,,,,,,,0.0495072015641172,,,,,,12.48,25,71926.55,72044.5,71400.25,72530.9,none,no_price_available
2026-09-11T08:19:00.891474+00:00,2026-09-11T13:49:00.891474+05:30,NIFTYNXT50,29-Sep-2026,65100.0,CE,71936.55,5872,550,8414.35,550,0.0,7143.175,0,0,0,0,0,,,,,,,,,,,,,,,0.0495072015641172,72226.4,0.08122352749187188,0.01,index_dividend_yield,0.065,12.48,25,71926.55,72044.5,71400.25,72530.9,mid_price,no_nse_iv
2026-09-11T08:19:00.891474+00:00,2026-09-11T13:49:00.891474+05:30,NIFTYNXT50,29-Sep-2026,65100.0,PE,0,,0,,0,0.0,,0,0,0,0,0,,,,,,,,,,,,,,,0.0495072015641172,,,,,,12.48,25,71926.55,72044.5,71400.25,72530.9,none,no_price_available
2026-09-11T08:19:00.891474+00:00,2026-09-11T13:49:00.891474+05:30,NIFTYNXT50,29-Sep-2026,65200.0,CE,71936.55,5781.75,550,8082.15,550,0.0,6931.95,0,0,0,0,0,,,,,,,,,,,,,,,0.0495072015641172,72226.4,0.08122352749187188,0.01,index_dividend_yield,0.065,12.48,25,71926.55,72044.5,71400.25,72530.9,mid_price,no_nse_iv
2026-09-11T08:19:00.891474+00:00,2026-09-11T13:49:00.891474+05:30,NIFTYNXT50,29-Sep-2026,65200.0,PE,0,,0,,0,0.0,,0,0,0,0,0,,,,,,,,,,,,,,,0.0495072015641172,,,,,,12.48,25,71926.55,72044.5,71400.25,72530.9,none,no_price_available
2026-09-11T08:19:00.891474+00:00,2026-09-11T13:49:00.891474+05:30,NIFTYNXT50,29-Sep-2026,65300.0,CE,71936.55,5697.2,550,8200.95,550,0.0,6949.075000000001,0,0,0,0,0,,,,,,,,,,,,,,,0.0495072015641172,72226.4,0.08122352749187188,0.01,index_dividend_yield,0.065,12.48,25,71926.55,72044.5,71400.25,72530.9,mid_price,no_nse_iv
2026-09-11T08:19:00.891474+00:00,2026-09-11T13:49:00.891474+05:30,NIFTYNXT50,29-Sep-2026,65300.0,PE,0,,0,,0,0.0,,0,0,0,0,0,,,,,,,,,,,,,,,0.0495072015641172,,,,,,12.48,25,71926.55,72044.5,71400.25,72530.9,none,no_price_available
2026-09-11T08:19:00.891474+00:00,2026-09-11T13:49:00.891474+05:30,NIFTYNXT50,29-Sep-2026,65400.0,CE,71936.55,5609.8,550,8094.3,550,0.0,6852.05,0,0,0,0,0,,,,,,,,,,,,,,,0.0495072015641172,72226.4,0.08122352749187188,0.01,index_dividend_yield,0.065,12.48,25,71926.55,72044.5,71400.25,72530.9,mid_price,no_nse_iv
2026-09-11T08:19:00.891474+00:00,2026-09-11T13:49:00.891474+05:30,NIFTYNXT50,29-Sep-2026,65400.0,PE,0,,0,,0,0.0,,0,0,0,0,0,,,,,,,,,,,,,,,0.0495072015641172,,,,,,12.48,25,71926.55,72044.5,71400.25,72530.9,none,no_price_available
2026-09-11T08:19:00.891474+00:00,2026-09-11T13:49:00.891474+05:30,NIFTYNXT50,29-Sep-2026,65500.0,CE,71936.55,5521.4,550,7762.15,550,0.0,6641.775,0,0,0,0,0,,,,,,,,,,,,,,,0.0495072015641172,72226.4,0.08122352749187188,0.01,index_dividend_yield,0.065,12.48,25,71926.55,72044.5,71400.25,72530.9,mid_price,no_nse_iv
2026-09-11T08:19:00.891474+00:00,2026-09-11T13:49:00.891474+05:30,NIFTYNXT50,29-Sep-2026,65500.0,PE,0,,0,,0,0.0,,0,0,0,0,0,,,,,,,,,,,,,,,0.0495072015641172,,,,,,12.48,25,71926.55,72044.5,71400.25,72530.9,none,no_price_available
2026-09-11T08:19:00.891474+00:00,2026-09-11T13:49:00.891474+05:30,NIFTYNXT50,29-Sep-2026,65600.0,CE,71936.55,5432.15,550,7880.95,550,0.0,6656.549999999999,0,0,0,0,0,,,,,,,,,,,,,,,0.0495072015641172,72226.4,0.08122352749187188,0.01,index_dividend_yield,0.065,12.48,25,71926.55,72044.5,71400.25,72530.9,mid_price,no_nse_iv
2026-09-11T08:19:00.891474+00:00,2026-09-11T13:49:00.891474+05:30,NIFTYNXT50,29-Sep-2026,65600.0,PE,0,,0,,0,0.0,,0,0,0,0,0,,,,,,,,,,,,,,,0.0495072015641172,,,,,,12.48,25,71926.55,72044.5,71400.25,72530.9,none,no_price_available
2026-09-11T08:19:00.891474+00:00,2026-09-11T13:49:00.891474+05:30,NIFTYNXT50,29-Sep-2026,65700.0,CE,71936.55,5346.6,550,7548.75,550,0.0,6447.675,0,0,0,0,0,,,,,,,,,,,,,,,0.0495072015641172,72226.4,0.08122352749187188,0.01,index_dividend_yield,0.065,12.48,25,71926.55,72044.5,71400.25,72530.9,mid_price,no_nse_iv
2026-09-11T08:19:00.891474+00:00,2026-09-11T13:49:00.891474+05:30,NIFTYNXT50,29-Sep-2026,65700.0,PE,0,,0,,0,0.0,,0,0,0,0,0,,,,,,,,,,,,,,,0.0495072015641172,,,,,,12.48,25,71926.55,72044.5,71400.25,72530.9,none,no_price_available
2026-09-11T08:19:00.891474+00:00,2026-09-11T13:49:00.891474+05:30,NIFTYNXT50,29-Sep-2026,65800.0,CE,71936.55,5257.35,550,7442.1,550,0.0,6349.725,0,0,0,0,0,,,,,,,,,,,,,,,0.0495072015641172,72226.4,0.08122352749187188,0.01,index_dividend_yield,0.065,12.48,25,71926.55,72044.5,71400.25,72530.9,mid_price,no_nse_iv
2026-09-11T08:19:00.891474+00:00,2026-09-11T13:49:00.891474+05:30,NIFTYNXT50,29-Sep-2026,65800.0,PE,0,,0,,0,0.0,,0,0,0,0,0,,,,,,,,,,,,,,,0.0495072015641172,,,,,,12.48,25,71926.55,72044.5,71400.25,72530.9,none,no_price_available
2026-09-11T08:19:00.891474+00:00,2026-09-11T13:49:00.891474+05:30,NIFTYNXT50,29-Sep-2026,65900.0,CE,71936.55,5169.95,550,7560.9,550,0.0,6365.424999999999,0,0,0,0,0,,,,,,,,,,,,,,,0.0495072015641172,72226.4,0.08122352749187188,0.01,index_dividend_yield,0.065,12.48,25,71926.55,72044.5,71400.25,72530.9,mid_price,no_nse_iv
2026-09-11T08:19:00.891474+00:00,2026-09-11T13:49:00.891474+05:30,NIFTYNXT50,29-Sep-2026,65900.0,PE,0,,0,,0,0.0,,0,0,0,0,0,,,,,,,,,,,,,,,0.0495072015641172,,,,,,12.48,25,71926.55,72044.5,71400.25,72530.9,none,no_price_available
2026-09-11T08:19:00.891474+00:00,2026-09-11T13:49:00.891474+05:30,NIFTYNXT50,29-Sep-2026,66000.0,CE,71936.55,5084.4,550,7454.2,550,0.0,6269.299999999999,0,0,0,0,0,,,,,,,,,,,,,,,0.0495072015641172,72226.4,0.08122352749187188,0.01,index_dividend_yield,0.065,12.48,25,71926.55,72044.5,71400.25,72530.9,mid_price,no_nse_iv
2026-09-11T08:19:00.891474+00:00,2026-09-11T13:49:00.891474+05:30,NIFTYNXT50,29-Sep-2026,66000.0,PE,0,,0,,0,0.0,,0,0,0,0,0,,,,,,,,,,,,,,,0.0495072015641172,,,,,,12.48,25,71926.55,72044.5,71400.25,72530.9,none,no_price_available
2026-09-11T08:19:00.891474+00:00,2026-09-11T13:49:00.891474+05:30,NIFTYNXT50,29-Sep-2026,66100.0,CE,71936.55,4997,550,7347.55,550,0.0,6172.275,0,0,0,0,0,,,,,,,,,,,,,,,0.0495072015641172,72226.4,0.08122352749187188,0.01,index_dividend_yield,0.065,12.48,25,71926.55,72044.5,71400.25,72530.9,mid_price,no_nse_iv
2026-09-11T08:19:00.891474+00:00,2026-09-11T13:49:00.891474+05:30,NIFTYNXT50,29-Sep-2026,66100.0,PE,0,,0,,0,0.0,,0,0,0,0,0,,,,,,,,,,,,,,,0.0495072015641172,,,,,,12.48,25,71926.55,72044.5,71400.25,72530.9,none,no_price_available
2026-09-11T08:19:00.891474+00:00,2026-09-11T13:49:00.891474+05:30,NIFTYNXT50,29-Sep-2026,66200.0,CE,71936.55,4907.75,550,7240.85,550,0.0,6074.3,0,0,0,0,0,,,,,,,,,,,,,,,0.0495072015641172,72226.4,0.08122352749187188,0.01,index_dividend_yield,0.065,12.48,25,71926.55,72044.5,71400.25,72530.9,mid_price,no_nse_iv
2026-09-11T08:19:00.891474+00:00,2026-09-11T13:49:00.891474+05:30,NIFTYNXT50,29-Sep-2026,66200.0,PE,0,,0,,0,0.0,,0,0,0,0,0,,,,,,,,,,,,,,,0.0495072015641172,,,,,,12.48,25,71926.55,72044.5,71400.25,72530.9,none,no_price_available
2026-09-11T08:19:00.891474+00:00,2026-09-11T13:49:00.891474+05:30,NIFTYNXT50,29-Sep-2026,66300.0,CE,71936.55,4822.2,550,7134.15,550,0.0,5978.174999999999,0,0,0,0,0,,,,,,,,,,,,,,,0.0495072015641172,72226.4,0.08122352749187188,0.01,index_dividend_yield,0.065,12.48,25,71926.55,72044.5,71400.25,72530.9,mid_price,no_nse_iv
2026-09-11T08:19:00.891474+00:00,2026-09-11T13:49:00.891474+05:30,NIFTYNXT50,29-Sep-2026,66300.0,PE,0,,0,,0,0.0,,0,0,0,0,0,,,,,,,,,,,,,,,0.0495072015641172,,,,,,12.48,25,71926.55,72044.5,71400.25,72530.9,none,no_price_available
2026-09-11T08:19:00.891474+00:00,2026-09-11T13:49:00.891474+05:30,NIFTYNXT50,29-Sep-2026,66400.0,CE,71936.55,4734.8,550,7027.5,550,0.0,5881.15,0,0,0,0,0,,,,,,,,,,,,,,,0.0495072015641172,72226.4,0.08122352749187188,0.01,index_dividend_yield,0.065,12.48,25,71926.55,72044.5,71400.25,72530.9,mid_price,no_nse_iv
2026-09-11T08:19:00.891474+00:00,2026-09-11T13:49:00.891474+05:30,NIFTYNXT50,29-Sep-2026,66400.0,PE,0,,0,,0,0.0,,0,0,0,0,0,,,,,,,,,,,,,,,0.0495072015641172,,,,,,12.48,25,71926.55,72044.5,71400.25,72530.9,none,no_price_available
2026-09-11T08:19:00.891474+00:00,2026-09-11T13:49:00.891474+05:30,NIFTYNXT50,29-Sep-2026,66500.0,CE,71936.55,4645.55,550,6920.8,550,0.0,5783.175,0,0,0,0,0,,,,,,,,,,,,,,,0.0495072015641172,72226.4,0.08122352749187188,0.01,index_dividend_yield,0.065,12.48,25,71926.55,72044.5,71400.25,72530.9,mid_price,no_nse_iv
2026-09-11T08:19:00.891474+00:00,2026-09-11T13:49:00.891474+05:30,NIFTYNXT50,29-Sep-2026,66500.0,PE,0,,0,,0,0.0,,0,0,0,0,0,,,,,,,,,,,,,,,0.0495072015641172,,,,,,12.48,25,71926.55,72044.5,71400.25,72530.9,none,no_price_available
2026-09-11T08:19:00.891474+00:00,2026-09-11T13:49:00.891474+05:30,NIFTYNXT50,29-Sep-2026,66600.0,CE,71936.55,4560,550,6814.15,550,0.0,5687.075,0,0,0,0,0,,,,,,,,,,,,,,,0.0495072015641172,72226.4,0.08122352749187188,0.01,index_dividend_yield,0.065,12.48,25,71926.55,72044.5,71400.25,72530.9,mid_price,no_nse_iv
2026-09-11T08:19:00.891474+00:00,2026-09-11T13:49:00.891474+05:30,NIFTYNXT50,29-Sep-2026,66600.0,PE,0,,0,,0,0.0,,0,0,0,0,0,,,,,,,,,,,,,,,0.0495072015641172,,,,,,12.48,25,71926.55,72044.5,71400.25,72530.9,none,no_price_available
2026-09-11T08:19:00.891474+00:00,2026-09-11T13:49:00.891474+05:30,NIFTYNXT50,29-Sep-2026,66700.0,CE,71936.55,4472.6,550,6707.45,550,0.0,5590.025,0,0,0,0,0,,,,,,,,,,,,,,,0.0495072015641172,72226.4,0.08122352749187188,0.01,index_dividend_yield,0.065,12.48,25,71926.55,72044.5,71400.25,72530.9,mid_price,no_nse_iv
2026-09-11T08:19:00.891474+00:00,2026-09-11T13:49:00.891474+05:30,NIFTYNXT50,29-Sep-2026,66700.0,PE,0,,0,,0,0.0,,0,0,0,0,0,,,,,,,,,,,,,,,0.0495072015641172,,,,,,12.48,25,71926.55,72044.5,71400.25,72530.9,none,no_price_available
2026-09-11T08:19:00.891474+00:00,2026-09-11T13:49:00.891474+05:30,NIFTYNXT50,29-Sep-2026,66800.0,CE,71936.55,4383.35,550,6600.75,550,0.0,5492.05,0,0,0,0,0,,,,,,,,,,,,,,,0.0495072015641172,72226.4,0.08122352749187188,0.01,index_dividend_yield,0.065,12.48,25,71926.55,72044.5,71400.25,72530.9,mid_price,no_nse_iv
2026-09-11T08:19:00.891474+00:00,2026-09-11T13:49:00.891474+05:30,NIFTYNXT50,29-Sep-2026,66800.0,PE,0,,0,,0,0.0,,0,0,0,0,0,,,,,,,,,,,,,,,0.0495072015641172,,,,,,12.48,25,71926.55,72044.5,71400.25,72530.9,none,no_price_available
2026-09-11T08:19:00.891474+00:00,2026-09-11T13:49:00.891474+05:30,NIFTYNXT50,29-Sep-2026,66900.0,CE,71936.55,4295.95,550,6494.1,550,0.0,5395.025,0,0,0,0,0,,,,,,,,,,,,,,,0.0495072015641172,72226.4,0.08122352749187188,0.01,index_dividend_yield,0.065,12.48,25,71926.55,72044.5,71400.25,72530.9,mid_price,no_nse_iv
2026-09-11T08:19:00.891474+00:00,2026-09-11T13:49:00.891474+05:30,NIFTYNXT50,29-Sep-2026,66900.0,PE,0,,0,,0,0.0,,0,0,0,0,0,,,,,,,,,,,,,,,0.0495072015641172,,,,,,12.48,25,71926.55,72044.5,71400.25,72530.9,none,no_price_available
2026-09-11T08:19:00.891474+00:00,2026-09-11T13:49:00.891474+05:30,NIFTYNXT50,29-Sep-2026,67000.0,CE,71936.55,4211.4,550,6387.4,550,0.0,5299.4,0,0,0,0,0,,,,,,,,,,,,,,,0.0495072015641172,72226.4,0.08122352749187188,0.01,index_dividend_yield,0.065,12.48,25,71926.55,72044.5,71400.25,72530.9,mid_price,no_nse_iv
2026-09-11T08:19:00.891474+00:00,2026-09-11T13:49:00.891474+05:30,NIFTYNXT50,29-Sep-2026,67000.0,PE,71936.55,2,150,280,25,0.0,141.0,6,0,0,0,21.31,-0.056970102460016006,3.352825532130206e-05,-10.160712764475992,18.304673816054606,-0.8227113585055623,0.004485865683987178,208.12423169375725,-1.599579245747132e-08,0.00022388800159390952,-1.1514620766671138e-06,-1.641088998531071,-48.51163912930084,0.06242853719884703,3.8650984540854785e-05,0.0495072015641172,72226.4,0.08122352749187188,0.01,index_dividend_yield,0.065,12.48,25,71926.55,72044.5,71400.25,72530.9,mid_price,wide_quote_low_liquidity
2026-09-11T08:19:00.891474+00:00,2026-09-11T13:49:00.891474+05:30,NIFTYNXT50,29-Sep-2026,67100.0,CE,71936.55,4123,550,6280.75,550,0.0,5201.875,0,0,0,0,0,,,,,,,,,,,,,,,0.0495072015641172,72226.4,0.08122352749187188,0.01,index_dividend_yield,0.065,12.48,25,71926.55,72044.5,71400.25,72530.9,mid_price,no_nse_iv
2026-09-11T08:19:00.891474+00:00,2026-09-11T13:49:00.891474+05:30,NIFTYNXT50,29-Sep-2026,67100.0,PE,0,,0,,0,0.0,,0,0,0,0,0,,,,,,,,,,,,,,,0.0495072015641172,,,,,,12.48,25,71926.55,72044.5,71400.25,72530.9,none,no_price_available
2026-09-11T08:19:00.891474+00:00,2026-09-11T13:49:00.891474+05:30,NIFTYNXT50,29-Sep-2026,67200.0,CE,71936.55,4036.6,550,6174.05,550,0.0,5105.325,0,0,0,0,0,,,,,,,,,,,,,,,0.0495072015641172,72226.4,0.08122352749187188,0.01,index_dividend_yield,0.065,12.48,25,71926.55,72044.5,71400.25,72530.9,mid_price,no_nse_iv
2026-09-11T08:19:00.891474+00:00,2026-09-11T13:49:00.891474+05:30,NIFTYNXT50,29-Sep-2026,67200.0,PE,0,,0,,0,0.0,,0,0,0,0,0,,,,,,,,,,,,,,,0.0495072015641172,,,,,,12.48,25,71926.55,72044.5,71400.25,72530.9,none,no_price_available
2026-09-11T08:19:00.891474+00:00,2026-09-11T13:49:00.891474+05:30,NIFTYNXT50,29-Sep-2026,67300.0,CE,71936.55,3949.2,550,6067.35,550,0.0,5008.275,0,0,0,0,0,,,,,,,,,,,,,,,0.0495072015641172,72226.4,0.08122352749187188,0.01,index_dividend_yield,0.065,12.48,25,71926.55,72044.5,71400.25,72530.9,mid_price,no_nse_iv
2026-09-11T08:19:00.891474+00:00,2026-09-11T13:49:00.891474+05:30,NIFTYNXT50,29-Sep-2026,67300.0,PE,0,,0,,0,0.0,,0,0,0,0,0,,,,,,,,,,,,,,,0.0495072015641172,,,,,,12.48,25,71926.55,72044.5,71400.25,72530.9,none,no_price_available
2026-09-11T08:19:00.891474+00:00,2026-09-11T13:49:00.891474+05:30,NIFTYNXT50,29-Sep-2026,67400.0,CE,71936.55,3860.8,550,5960.7,550,0.0,4910.75,0,0,0,0,0,,,,,,,,,,,,,,,0.0495072015641172,72226.4,0.08122352749187188,0.01,index_dividend_yield,0.065,12.48,25,71926.55,72044.5,71400.25,72530.9,mid_price,no_nse_iv
2026-09-11T08:19:00.891474+00:00,2026-09-11T13:49:00.891474+05:30,NIFTYNXT50,29-Sep-2026,67400.0,PE,0,,0,,0,0.0,,0,0,0,0,0,,,,,,,,,,,,,,,0.0495072015641172,,,,,,12.48,25,71926.55,72044.5,71400.25,72530.9,none,no_price_available
2026-09-11T08:19:00.891474+00:00,2026-09-11T13:49:00.891474+05:30,NIFTYNXT50,29-Sep-2026,67500.0,CE,71936.55,3774.8,550,5853.9,550,0.0,4814.35,0,0,0,0,0,,,,,,,,,,,,,,,0.0495072015641172,72226.4,0.08122352749187188,0.01,index_dividend_yield,0.065,12.48,25,71926.55,72044.5,71400.25,72530.9,mid_price,no_nse_iv
2026-09-11T08:19:00.891474+00:00,2026-09-11T13:49:00.891474+05:30,NIFTYNXT50,29-Sep-2026,67500.0,PE,0,,0,,0,0.0,,0,0,0,0,0,,,,,,,,,,,,,,,0.0495072015641172,,,,,,12.48,25,71926.55,72044.5,71400.25,72530.9,none,no_price_available
2026-09-11T08:19:00.891474+00:00,2026-09-11T13:49:00.891474+05:30,NIFTYNXT50,29-Sep-2026,67600.0,CE,71936.55,3708.65,550,5747.35,550,0.0,4728.0,0,0,0,0,0,,,,,,,,,,,,,,,0.0495072015641172,72226.4,0.08122352749187188,0.01,index_dividend_yield,0.065,12.48,25,71926.55,72044.5,71400.25,72530.9,mid_price,no_nse_iv
2026-09-11T08:19:00.891474+00:00,2026-09-11T13:49:00.891474+05:30,NIFTYNXT50,29-Sep-2026,67600.0,PE,0,,0,,0,0.0,,0,0,0,0,0,,,,,,,,,,,,,,,0.0495072015641172,,,,,,12.48,25,71926.55,72044.5,71400.25,72530.9,none,no_price_available
2026-09-11T08:19:00.891474+00:00,2026-09-11T13:49:00.891474+05:30,NIFTYNXT50,29-Sep-2026,67700.0,CE,71936.55,3635.35,550,5640.65,550,0.0,4638.0,0,0,0,0,0,,,,,,,,,,,,,,,0.0495072015641172,72226.4,0.08122352749187188,0.01,index_dividend_yield,0.065,12.48,25,71926.55,72044.5,71400.25,72530.9,mid_price,no_nse_iv
2026-09-11T08:19:00.891474+00:00,2026-09-11T13:49:00.891474+05:30,NIFTYNXT50,29-Sep-2026,67700.0,PE,0,,0,,0,0.0,,0,0,0,0,0,,,,,,,,,,,,,,,0.0495072015641172,,,,,,12.48,25,71926.55,72044.5,71400.25,72530.9,none,no_price_available
2026-09-11T08:19:00.891474+00:00,2026-09-11T13:49:00.891474+05:30,NIFTYNXT50,29-Sep-2026,67800.0,CE,71936.55,3599.55,550,5533.95,550,0.0,4566.75,0,0,0,0,0,,,,,,,,,,,,,,,0.0495072015641172,72226.4,0.08122352749187188,0.01,index_dividend_yield,0.065,12.48,25,71926.55,72044.5,71400.25,72530.9,mid_price,no_nse_iv
2026-09-11T08:19:00.891474+00:00,2026-09-11T13:49:00.891474+05:30,NIFTYNXT50,29-Sep-2026,67800.0,PE,0,,0,,0,0.0,,0,0,0,0,0,,,,,,,,,,,,,,,0.0495072015641172,,,,,,12.48,25,71926.55,72044.5,71400.25,72530.9,none,no_price_available
2026-09-11T08:19:00.891474+00:00,2026-09-11T13:49:00.891474+05:30,NIFTYNXT50,29-Sep-2026,67900.0,CE,71936.55,3491.95,550,5427.3,550,0.0,4459.625,0,0,0,0,0,,,,,,,,,,,,,,,0.0495072015641172,72226.4,0.08122352749187188,0.01,index_dividend_yield,0.065,12.48,25,71926.55,72044.5,71400.25,72530.9,mid_price,no_nse_iv
2026-09-11T08:19:00.891474+00:00,2026-09-11T13:49:00.891474+05:30,NIFTYNXT50,29-Sep-2026,67900.0,PE,0,,0,,0,0.0,,0,0,0,0,0,,,,,,,,,,,,,,,0.0495072015641172,,,,,,12.48,25,71926.55,72044.5,71400.25,72530.9,none,no_price_available
2026-09-11T08:19:00.891474+00:00,2026-09-11T13:49:00.891474+05:30,NIFTYNXT50,29-Sep-2026,68000.0,CE,71936.55,3426.65,550,5320.6,550,0.0,4373.625,0,0,0,0,0,,,,,,,,,,,,,,,0.0495072015641172,72226.4,0.08122352749187188,0.01,index_dividend_yield,0.065,12.48,25,71926.55,72044.5,71400.25,72530.9,mid_price,no_nse_iv
2026-09-11T08:19:00.891474+00:00,2026-09-11T13:49:00.891474+05:30,NIFTYNXT50,29-Sep-2026,68000.0,PE,0,,0,,0,0.0,,0,0,0,0,0,,,,,,,,,,,,,,,0.0495072015641172,,,,,,12.48,25,71926.55,72044.5,71400.25,72530.9,none,no_price_available
2026-09-11T08:19:00.891474+00:00,2026-09-11T13:49:00.891474+05:30,NIFTYNXT50,29-Sep-2026,68100.0,CE,71936.55,3286.75,550,5479.3,550,0.0,4383.025,0,0,0,0,0,,,,,,,,,,,,,,,0.0495072015641172,72226.4,0.08122352749187188,0.01,index_dividend_yield,0.065,12.48,25,71926.55,72044.5,71400.25,72530.9,mid_price,no_nse_iv
2026-09-11T08:19:00.891474+00:00,2026-09-11T13:49:00.891474+05:30,NIFTYNXT50,29-Sep-2026,68100.0,PE,0,,0,,0,0.0,,0,0,0,0,0,,,,,,,,,,,,,,,0.0495072015641172,,,,,,12.48,25,71926.55,72044.5,71400.25,72530.9,none,no_price_available
2026-09-11T08:19:00.891474+00:00,2026-09-11T13:49:00.891474+05:30,NIFTYNXT50,29-Sep-2026,68200.0,CE,71936.55,3239.9,550,5107.25,550,0.0,4173.575,0,0,0,0,0,,,,,,,,,,,,,,,0.0495072015641172,72226.4,0.08122352749187188,0.01,index_dividend_yield,0.065,12.48,25,71926.55,72044.5,71400.25,72530.9,mid_price,no_nse_iv
2026-09-11T08:19:00.891474+00:00,2026-09-11T13:49:00.891474+05:30,NIFTYNXT50,29-Sep-2026,68200.0,PE,0,,0,,0,0.0,,0,0,0,0,0,,,,,,,,,,,,,,,0.0495072015641172,,,,,,12.48,25,71926.55,72044.5,71400.25,72530.9,none,no_price_available
2026-09-11T08:19:00.891474+00:00,2026-09-11T13:49:00.891474+05:30,NIFTYNXT50,29-Sep-2026,68300.0,CE,71936.55,3146.05,550,5265.95,550,0.0,4206.0,0,0,0,0,0,,,,,,,,,,,,,,,0.0495072015641172,72226.4,0.08122352749187188,0.01,index_dividend_yield,0.065,12.48,25,71926.55,72044.5,71400.25,72530.9,mid_price,no_nse_iv
2026-09-11T08:19:00.891474+00:00,2026-09-11T13:49:00.891474+05:30,NIFTYNXT50,29-Sep-2026,68300.0,PE,0,,0,,0,0.0,,0,0,0,0,0,,,,,,,,,,,,,,,0.0495072015641172,,,,,,12.48,25,71926.55,72044.5,71400.25,72530.9,none,no_price_available
2026-09-11T08:19:00.891474+00:00,2026-09-11T13:49:00.891474+05:30,NIFTYNXT50,29-Sep-2026,68400.0,CE,71936.55,3076.25,550,4894.9,550,0.0,3985.575,0,0,0,0,0,,,,,,,,,,,,,,,0.0495072015641172,72226.4,0.08122352749187188,0.01,index_dividend_yield,0.065,12.48,25,71926.55,72044.5,71400.25,72530.9,mid_price,no_nse_iv
2026-09-11T08:19:00.891474+00:00,2026-09-11T13:49:00.891474+05:30,NIFTYNXT50,29-Sep-2026,68400.0,PE,0,,0,,0,0.0,,0,0,0,0,0,,,,,,,,,,,,,,,0.0495072015641172,,,,,,12.48,25,71926.55,72044.5,71400.25,72530.9,none,no_price_available
2026-09-11T08:19:00.891474+00:00,2026-09-11T13:49:00.891474+05:30,NIFTYNXT50,29-Sep-2026,68500.0,CE,71936.55,2862.15,550,4789.7,550,0.0,3825.925,0,0,0,0,0,,,,,,,,,,,,,,,0.0495072015641172,72226.4,0.08122352749187188,0.01,index_dividend_yield,0.065,12.48,25,71926.55,72044.5,71400.25,72530.9,mid_price,no_nse_iv
2026-09-11T08:19:00.891474+00:00,2026-09-11T13:49:00.891474+05:30,NIFTYNXT50,29-Sep-2026,68500.0,PE,0,,0,,0,0.0,,0,0,0,0,0,,,,,,,,,,,,,,,0.0495072015641172,,,,,,12.48,25,71926.55,72044.5,71400.25,72530.9,none,no_price_available
2026-09-11T08:19:00.891474+00:00,2026-09-11T13:49:00.891474+05:30,NIFTYNXT50,29-Sep-2026,68600.0,CE,71936.55,2818.4,550,4684.8,550,0.0,3751.6000000000004,0,0,0,0,0,,,,,,,,,,,,,,,0.0495072015641172,72226.4,0.08122352749187188,0.01,index_dividend_yield,0.065,12.48,25,71926.55,72044.5,71400.25,72530.9,mid_price,no_nse_iv
2026-09-11T08:19:00.891474+00:00,2026-09-11T13:49:00.891474+05:30,NIFTYNXT50,29-Sep-2026,68600.0,PE,0,,0,,0,0.0,,0,0,0,0,0,,,,,,,,,,,,,,,0.0495072015641172,,,,,,12.48,25,71926.55,72044.5,71400.25,72530.9,none,no_price_available
2026-09-11T08:19:00.891474+00:00,2026-09-11T13:49:00.891474+05:30,NIFTYNXT50,29-Sep-2026,68700.0,CE,71936.55,2802.45,550,4579.9,550,0.0,3691.1749999999997,0,0,0,0,0,,,,,,,,,,,,,,,0.0495072015641172,72226.4,0.08122352749187188,0.01,index_dividend_yield,0.065,12.48,25,71926.55,72044.5,71400.25,72530.9,mid_price,no_nse_iv
2026-09-11T08:19:00.891474+00:00,2026-09-11T13:49:00.891474+05:30,NIFTYNXT50,29-Sep-2026,68700.0,PE,0,,0,,0,0.0,,0,0,0,0,0,,,,,,,,,,,,,,,0.0495072015641172,,,,,,12.48,25,71926.55,72044.5,71400.25,72530.9,none,no_price_available
2026-09-11T08:19:00.891474+00:00,2026-09-11T13:49:00.891474+05:30,NIFTYNXT50,29-Sep-2026,68800.0,CE,71936.55,2726.65,550,4474.9,550,0.0,3600.7749999999996,0,0,0,0,0,,,,,,,,,,,,,,,0.0495072015641172,72226.4,0.08122352749187188,0.01,index_dividend_yield,0.065,12.48,25,71926.55,72044.5,71400.25,72530.9,mid_price,no_nse_iv
2026-09-11T08:19:00.891474+00:00,2026-09-11T13:49:00.891474+05:30,NIFTYNXT50,29-Sep-2026,68800.0,PE,0,,0,,0,0.0,,0,0,0,0,0,,,,,,,,,,,,,,,0.0495072015641172,,,,,,12.48,25,71926.55,72044.5,71400.25,72530.9,none,no_price_available
2026-09-11T08:19:00.891474+00:00,2026-09-11T13:49:00.891474+05:30,NIFTYNXT50,29-Sep-2026,68900.0,CE,71936.55,2631.1,550,4369.9,550,0.0,3500.5,0,0,0,0,0,,,,,,,,,,,,,,,0.0495072015641172,72226.4,0.08122352749187188,0.01,index_dividend_yield,0.065,12.48,25,71926.55,72044.5,71400.25,72530.9,mid_price,no_nse_iv
2026-09-11T08:19:00.891474+00:00,2026-09-11T13:49:00.891474+05:30,NIFTYNXT50,29-Sep-2026,68900.0,PE,0,,0,,0,0.0,,0,0,0,0,0,,,,,,,,,,,,,,,0.0495072015641172,,,,,,12.48,25,71926.55,72044.5,71400.25,72530.9,none,no_price_available
2026-09-11T08:19:00.891474+00:00,2026-09-11T13:49:00.891474+05:30,NIFTYNXT50,29-Sep-2026,69000.0,CE,71936.55,2574.95,550,4264.9,550,0.0,3419.9249999999997,0,0,0,0,0,,,,,,,,,,,,,,,0.0495072015641172,72226.4,0.08122352749187188,0.01,index_dividend_yield,0.065,12.48,25,71926.55,72044.5,71400.25,72530.9,mid_price,no_nse_iv
2026-09-11T08:19:00.891474+00:00,2026-09-11T13:49:00.891474+05:30,NIFTYNXT50,29-Sep-2026,69000.0,PE,0,,0,,0,0.0,,0,0,0,0,0,,,,,,,,,,,,,,,0.0495072015641172,,,,,,12.48,25,71926.55,72044.5,71400.25,72530.9,none,no_price_available
2026-09-11T08:19:00.891474+00:00,2026-09-11T13:49:00.891474+05:30,NIFTYNXT50,29-Sep-2026,69100.0,CE,71936.55,2519.15,25,4420.7,550,0.0,3469.925,0,0,0,0,0,,,,,,,,,,,,,,,0.0495072015641172,72226.4,0.08122352749187188,0.01,index_dividend_yield,0.065,12.48,25,71926.55,72044.5,71400.25,72530.9,mid_price,no_nse_iv
2026-09-11T08:19:00.891474+00:00,2026-09-11T13:49:00.891474+05:30,NIFTYNXT50,29-Sep-2026,69100.0,PE,0,,0,,0,0.0,,0,0,0,0,0,,,,,,,,,,,,,,,0.0495072015641172,,,,,,12.48,25,71926.55,72044.5,71400.25,72530.9,none,no_price_available
2026-09-11T08:19:00.891474+00:00,2026-09-11T13:49:00.891474+05:30,NIFTYNXT50,29-Sep-2026,69200.0,CE,71936.55,2463.85,25,4054.5,550,0.0,3259.175,0,0,0,0,0,,,,,,,,,,,,,,,0.0495072015641172,72226.4,0.08122352749187188,0.01,index_dividend_yield,0.065,12.48,25,71926.55,72044.5,71400.25,72530.9,mid_price,no_nse_iv
2026-09-11T08:19:00.891474+00:00,2026-09-11T13:49:00.891474+05:30,NIFTYNXT50,29-Sep-2026,69200.0,PE,0,,0,,0,0.0,,0,0,0,0,0,,,,,,,,,,,,,,,0.0495072015641172,,,,,,12.48,25,71926.55,72044.5,71400.25,72530.9,none,no_price_available
2026-09-11T08:19:00.891474+00:00,2026-09-11T13:49:00.891474+05:30,NIFTYNXT50,29-Sep-2026,69300.0,CE,71936.55,2409,375,3949.9,550,0.0,3179.45,0,0,0,0,0,,,,,,,,,,,,,,,0.0495072015641172,72226.4,0.08122352749187188,0.01,index_dividend_yield,0.065,12.48,25,71926.55,72044.5,71400.25,72530.9,mid_price,no_nse_iv
2026-09-11T08:19:00.891474+00:00,2026-09-11T13:49:00.891474+05:30,NIFTYNXT50,29-Sep-2026,69300.0,PE,0,,0,,0,0.0,,0,0,0,0,0,,,,,,,,,,,,,,,0.0495072015641172,,,,,,12.48,25,71926.55,72044.5,71400.25,72530.9,none,no_price_available
2026-09-11T08:19:00.891474+00:00,2026-09-11T13:49:00.891474+05:30,NIFTYNXT50,29-Sep-2026,69400.0,CE,71936.55,2180.85,425,3844.9,550,0.0,3012.875,0,0,0,0,0,,,,,,,,,,,,,,,0.0495072015641172,72226.4,0.08122352749187188,0.01,index_dividend_yield,0.065,12.48,25,71926.55,72044.5,71400.25,72530.9,mid_price,no_nse_iv
2026-09-11T08:19:00.891474+00:00,2026-09-11T13:49:00.891474+05:30,NIFTYNXT50,29-Sep-2026,69400.0,PE,0,,0,,0,0.0,,0,0,0,0,0,,,,,,,,,,,,,,,0.0495072015641172,,,,,,12.48,25,71926.55,72044.5,71400.25,72530.9,none,no_price_available
2026-09-11T08:19:00.891474+00:00,2026-09-11T13:49:00.891474+05:30,NIFTYNXT50,29-Sep-2026,69500.0,CE,71936.55,2112.45,425,3739.9,550,0.0,2926.175,0,0,0,0,0,,,,,,,,,,,,,,,0.0495072015641172,72226.4,0.08122352749187188,0.01,index_dividend_yield,0.065,12.48,25,71926.55,72044.5,71400.25,72530.9,mid_price,no_nse_iv
2026-09-11T08:19:00.891474+00:00,2026-09-11T13:49:00.891474+05:30,NIFTYNXT50,29-Sep-2026,69500.0,PE,0,,0,,0,0.0,,0,0,0,0,0,,,,,,,,,,,,,,,0.0495072015641172,,,,,,12.48,25,71926.55,72044.5,71400.25,72530.9,none,no_price_available
2026-09-11T08:19:00.891474+00:00,2026-09-11T13:49:00.891474+05:30,NIFTYNXT50,29-Sep-2026,69600.0,CE,71936.55,2028.25,450,3634.9,550,0.0,2831.575,0,0,0,0,0,,,,,,,,,,,,,,,0.0495072015641172,72226.4,0.08122352749187188,0.01,index_dividend_yield,0.065,12.48,25,71926.55,72044.5,71400.25,72530.9,mid_price,no_nse_iv
2026-09-11T08:19:00.891474+00:00,2026-09-11T13:49:00.891474+05:30,NIFTYNXT50,29-Sep-2026,69600.0,PE,0,,0,,0,0.0,,0,0,0,0,0,,,,,,,,,,,,,,,0.0495072015641172,,,,,,12.48,25,71926.55,72044.5,71400.25,72530.9,none,no_price_available
2026-09-11T08:19:00.891474+00:00,2026-09-11T13:49:00.891474+05:30,NIFTYNXT50,29-Sep-2026,69700.0,CE,71936.55,1918.75,475,3529.9,550,0.0,2724.325,0,0,0,0,0,,,,,,,,,,,,,,,0.0495072015641172,72226.4,0.08122352749187188,0.01,index_dividend_yield,0.065,12.48,25,71926.55,72044.5,71400.25,72530.9,mid_price,no_nse_iv
2026-09-11T08:19:00.891474+00:00,2026-09-11T13:49:00.891474+05:30,NIFTYNXT50,29-Sep-2026,69700.0,PE,0,,0,,0,0.0,,0,0,0,0,0,,,,,,,,,,,,,,,0.0495072015641172,,,,,,12.48,25,71926.55,72044.5,71400.25,72530.9,none,no_price_available
2026-09-11T08:19:00.891474+00:00,2026-09-11T13:49:00.891474+05:30,NIFTYNXT50,29-Sep-2026,69800.0,CE,71936.55,1844.4,500,3424.9,550,0.0,2634.65,0,0,0,0,0,,,,,,,,,,,,,,,0.0495072015641172,72226.4,0.08122352749187188,0.01,index_dividend_yield,0.065,12.48,25,71926.55,72044.5,71400.25,72530.9,mid_price,no_nse_iv
2026-09-11T08:19:00.891474+00:00,2026-09-11T13:49:00.891474+05:30,NIFTYNXT50,29-Sep-2026,69800.0,PE,0,,0,,0,0.0,,0,0,0,0,0,,,,,,,,,,,,,,,0.0495072015641172,,,,,,12.48,25,71926.55,72044.5,71400.25,72530.9,none,no_price_available
2026-09-11T08:19:00.891474+00:00,2026-09-11T13:49:00.891474+05:30,NIFTYNXT50,29-Sep-2026,69900.0,CE,71936.55,1828.2,500,3319.9,550,0.0,2574.05,0,0,0,0,0,,,,,,,,,,,,,,,0.0495072015641172,72226.4,0.08122352749187188,0.01,index_dividend_yield,0.065,12.48,25,71926.55,72044.5,71400.25,72530.9,mid_price,no_nse_iv
2026-09-11T08:19:00.891474+00:00,2026-09-11T13:49:00.891474+05:30,NIFTYNXT50,29-Sep-2026,69900.0,PE,71936.55,0.05,50,647.05,50,0.0,323.54999999999995,0,0,0,0,0,,,,,,,,,,,,,,,0.0495072015641172,72226.4,0.08122352749187188,0.01,index_dividend_yield,0.065,12.48,25,71926.55,72044.5,71400.25,72530.9,mid_price,no_nse_iv
2026-09-11T08:19:00.891474+00:00,2026-09-11T13:49:00.891474+05:30,NIFTYNXT50,29-Sep-2026,70000.0,CE,71936.55,1754.45,525,3235.75,550,0.0,2495.1,0,0,0,0,0,,,,,,,,,,,,,,,0.0495072015641172,72226.4,0.08122352749187188,0.01,index_dividend_yield,0.065,12.48,25,71926.55,72044.5,71400.25,72530.9,mid_price,no_nse_iv
2026-09-11T08:19:00.891474+00:00,2026-09-11T13:49:00.891474+05:30,NIFTYNXT50,29-Sep-2026,70000.0,PE,71936.55,,0,,0,0.0,,0,0,0,0,0,,,,,,,,,,,,,,,0.0495072015641172,,,,,,12.48,25,71926.55,72044.5,71400.25,72530.9,none,no_price_available
2026-09-11T08:19:00.891474+00:00,2026-09-11T13:49:00.891474+05:30,NIFTYNXT50,29-Sep-2026,70100.0,CE,71936.55,1642.9,550,3172.3,550,0.0,2407.6000000000004,0,0,0,0,0,,,,,,,,,,,,,,,0.0495072015641172,72226.4,0.08122352749187188,0.01,index_dividend_yield,0.065,12.48,25,71926.55,72044.5,71400.25,72530.9,mid_price,no_nse_iv
2026-09-11T08:19:00.891474+00:00,2026-09-11T13:49:00.891474+05:30,NIFTYNXT50,29-Sep-2026,70100.0,PE,71936.55,0.05,50,,0,0.0,,0,0,0,0,0,,,,,,,,,,,,,,,0.0495072015641172,,,,,,12.48,25,71926.55,72044.5,71400.25,72530.9,none,no_price_available
2026-09-11T08:19:00.891474+00:00,2026-09-11T13:49:00.891474+05:30,NIFTYNXT50,29-Sep-2026,70200.0,CE,71936.55,1556.1,550,3063.1,550,0.0,2309.6,0,0,0,0,0,,,,,,,,,,,,,,,0.0495072015641172,72226.4,0.08122352749187188,0.01,index_dividend_yield,0.065,12.48,25,71926.55,72044.5,71400.25,72530.9,mid_price,no_nse_iv
2026-09-11T08:19:00.891474+00:00,2026-09-11T13:49:00.891474+05:30,NIFTYNXT50,29-Sep-2026,70200.0,PE,71936.55,0.05,50,,0,0.0,,0,0,0,0,0,,,,,,,,,,,,,,,0.0495072015641172,,,,,,12.48,25,71926.55,72044.5,71400.25,72530.9,none,no_price_available
2026-09-11T08:19:00.891474+00:00,2026-09-11T13:49:00.891474+05:30,NIFTYNXT50,29-Sep-2026,70300.0,CE,71936.55,,0,2953.9,550,0.0,,0,0,0,0,0,,,,,,,,,,,,,,,0.0495072015641172,,,,,,12.48,25,71926.55,72044.5,71400.25,72530.9,none,no_price_available
2026-09-11T08:19:00.891474+00:00,2026-09-11T13:49:00.891474+05:30,NIFTYNXT50,29-Sep-2026,70300.0,PE,71936.55,0.05,50,667.1,50,0.0,333.575,0,0,0,0,0,,,,,,,,,,,,,,,0.0495072015641172,72226.4,0.08122352749187188,0.01,index_dividend_yield,0.065,12.48,25,71926.55,72044.5,71400.25,72530.9,mid_price,no_nse_iv
2026-09-11T08:19:00.891474+00:00,2026-09-11T13:49:00.891474+05:30,NIFTYNXT50,29-Sep-2026,70400.0,CE,71936.55,215.95,50,3302.95,550,0.0,1759.4499999999998,0,0,0,0,0,,,,,,,,,,,,,,,0.0495072015641172,72226.4,0.08122352749187188,0.01,index_dividend_yield,0.065,12.48,25,71926.55,72044.5,71400.25,72530.9,mid_price,no_nse_iv
2026-09-11T08:19:00.891474+00:00,2026-09-11T13:49:00.891474+05:30,NIFTYNXT50,29-Sep-2026,70400.0,PE,0,,0,,0,0.0,,0,0,0,0,0,,,,,,,,,,,,,,,0.0495072015641172,,,,,,12.48,25,71926.55,72044.5,71400.25,72530.9,none,no_price_available
2026-09-11T08:19:00.891474+00:00,2026-09-11T13:49:00.891474+05:30,NIFTYNXT50,29-Sep-2026,70500.0,CE,71936.55,183.55,50,3193.65,550,0.0,1688.6000000000001,0,0,0,0,0,,,,,,,,,,,,,,,0.0495072015641172,72226.4,0.08122352749187188,0.01,index_dividend_yield,0.065,12.48,25,71926.55,72044.5,71400.25,72530.9,mid_price,no_nse_iv
2026-09-11T08:19:00.891474+00:00,2026-09-11T13:49:00.891474+05:30,NIFTYNXT50,29-Sep-2026,70500.0,PE,71936.55,60.05,50,1669.9,50,0.0,864.975,0,0,0,0,0,,,,,,,,,,,,,,,0.0495072015641172,72226.4,0.08122352749187188,0.01,index_dividend_yield,0.065,12.48,25,71926.55,72044.5,71400.25,72530.9,mid_price,no_nse_iv
2026-09-11T08:19:00.891474+00:00,2026-09-11T13:49:00.891474+05:30,NIFTYNXT50,29-Sep-2026,70600.0,CE,71936.55,143.7,50,3084.55,550,0.0,1614.125,0,0,0,0,0,,,,,,,,,,,,,,,0.0495072015641172,72226.4,0.08122352749187188,0.01,index_dividend_yield,0.065,12.48,25,71926.55,72044.5,71400.25,72530.9,mid_price,no_nse_iv
2026-09-11T08:19:00.891474+00:00,2026-09-11T13:49:00.891474+05:30,NIFTYNXT50,29-Sep-2026,70600.0,PE,71936.55,0.1,50,1035.25,50,0.0,517.675,0,0,0,0,0,,,,,,,,,,,,,,,0.0495072015641172,72226.4,0.08122352749187188,0.01,index_dividend_yield,0.065,12.48,25,71926.55,72044.5,71400.25,72530.9,mid_price,no_nse_iv
2026-09-11T08:19:00.891474+00:00,2026-09-11T13:49:00.891474+05:30,NIFTYNXT50,29-Sep-2026,70700.0,CE,71936.55,1771.95,100,1925.95,100,0.0,1848.95,0,0,0,0,0,,,,,,,,,,,,,,,0.0495072015641172,72226.4,0.08122352749187188,0.01,index_dividend_yield,0.065,12.48,25,71926.55,72044.5,71400.25,72530.9,mid_price,no_nse_iv
2026-09-11T08:19:00.891474+00:00,2026-09-11T13:49:00.891474+05:30,NIFTYNXT50,29-Sep-2026,70700.0,PE,71936.55,,0,1087.45,50,0.0,,0,0,0,0,0,,,,,,,,,,,,,,,0.0495072015641172,,,,,,12.48,25,71926.55,72044.5,71400.25,72530.9,none,no_price_available
2026-09-11T08:19:00.891474+00:00,2026-09-11T13:49:00.891474+05:30,NIFTYNXT50,29-Sep-2026,70800.0,CE,71936.55,,0,2805.4,550,0.0,,0,0,0,0,0,,,,,,,,,,,,,,,0.0495072015641172,,,,,,12.48,25,71926.55,72044.5,71400.25,72530.9,none,no_price_available
2026-09-11T08:19:00.891474+00:00,2026-09-11T13:49:00.891474+05:30,NIFTYNXT50,29-Sep-2026,70800.0,PE,71936.55,,0,,0,0.0,,0,0,0,0,0,,,,,,,,,,,,,,,0.0495072015641172,,,,,,12.48,25,71926.55,72044.5,71400.25,72530.9,none,no_price_available
2026-09-11T08:19:00.891474+00:00,2026-09-11T13:49:00.891474+05:30,NIFTYNXT50,29-Sep-2026,70900.0,CE,71936.55,47.75,50,2740.25,550,0.0,1394.0,0,0,0,0,0,,,,,,,,,,,,,,,0.0495072015641172,72226.4,0.08122352749187188,0.01,index_dividend_yield,0.065,12.48,25,71926.55,72044.5,71400.25,72530.9,mid_price,no_nse_iv
2026-09-11T08:19:00.891474+00:00,2026-09-11T13:49:00.891474+05:30,NIFTYNXT50,29-Sep-2026,70900.0,PE,71936.55,0.05,50,1934.5,50,0.0,967.275,0,0,0,0,0,,,,,,,,,,,,,,,0.0495072015641172,72226.4,0.08122352749187188,0.01,index_dividend_yield,0.065,12.48,25,71926.55,72044.5,71400.25,72530.9,mid_price,no_nse_iv
2026-09-11T08:19:00.891474+00:00,2026-09-11T13:49:00.891474+05:30,NIFTYNXT50,29-Sep-2026,71000.0,CE,71936.55,,0,2625.6,550,0.0,,0,0,0,0,0,,,,,,,,,,,,,,,0.0495072015641172,,,,,,12.48,25,71926.55,72044.5,71400.25,72530.9,none,no_price_available
2026-09-11T08:19:00.891474+00:00,2026-09-11T13:49:00.891474+05:30,NIFTYNXT50,29-Sep-2026,71000.0,PE,71936.55,,0,,0,0.0,,0,0,0,0,0,,,,,,,,,,,,,,,0.0495072015641172,,,,,,12.48,25,71926.55,72044.5,71400.25,72530.9,none,no_price_available
2026-09-11T08:19:00.891474+00:00,2026-09-11T13:49:00.891474+05:30,NIFTYNXT50,29-Sep-2026,71100.0,CE,71936.55,0.2,25,2516.3,550,0.0,1258.25,0,0,0,0,0,,,,,,,,,,,,,,,0.0495072015641172,72226.4,0.08122352749187188,0.01,index_dividend_yield,0.065,12.48,25,71926.55,72044.5,71400.25,72530.9,mid_price,no_nse_iv
2026-09-11T08:19:00.891474+00:00,2026-09-11T13:49:00.891474+05:30,NIFTYNXT50,29-Sep-2026,71100.0,PE,71936.55,0.15,50,2077.95,50,0.0,1039.05,0,0,0,0,0,,,,,,,,,,,,,,,0.0495072015641172,72226.4,0.08122352749187188,0.01,index_dividend_yield,0.065,12.48,25,71926.55,72044.5,71400.25,72530.9,mid_price,no_nse_iv
2026-09-11T08:19:00.891474+00:00,2026-09-11T13:49:00.891474+05:30,NIFTYNXT50,29-Sep-2026,71200.0,CE,71936.55,,0,2407.2,550,0.0,,0,0,0,0,0,,,,,,,,,,,,,,,0.0495072015641172,,,,,,12.48,25,71926.55,72044.5,71400.25,72530.9,none,no_price_available
2026-09-11T08:19:00.891474+00:00,2026-09-11T13:49:00.891474+05:30,NIFTYNXT50,29-Sep-2026,71200.0,PE,71936.55,,0,1257.8,550,0.0,,0,0,0,0,0,,,,,,,,,,,,,,,0.0495072015641172,,,,,,12.48,25,71926.55,72044.5,71400.25,72530.9,none,no_price_available
2026-09-11T08:19:00.891474+00:00,2026-09-11T13:49:00.891474+05:30,NIFTYNXT50,29-Sep-2026,71300.0,CE,71936.55,0.1,25,2368.8,550,0.0,1184.45,0,0,0,0,0,,,,,,,,,,,,,,,0.0495072015641172,72226.4,0.08122352749187188,0.01,index_dividend_yield,0.065,12.48,25,71926.55,72044.5,71400.25,72530.9,mid_price,no_nse_iv
2026-09-11T08:19:00.891474+00:00,2026-09-11T13:49:00.891474+05:30,NIFTYNXT50,29-Sep-2026,71300.0,PE,71936.55,,0,1309.4,550,0.0,,0,0,0,0,0,,,,,,,,,,,,,,,0.0495072015641172,,,,,,12.48,25,71926.55,72044.5,71400.25,72530.9,none,no_price_available
2026-09-11T08:19:00.891474+00:00,2026-09-11T13:49:00.891474+05:30,NIFTYNXT50,29-Sep-2026,71400.0,CE,71936.55,,0,2188.8,550,0.0,,0,0,0,0,0,,,,,,,,,,,,,,,0.0495072015641172,,,,,,12.48,25,71926.55,72044.5,71400.25,72530.9,none,no_price_available
2026-09-11T08:19:00.891474+00:00,2026-09-11T13:49:00.891474+05:30,NIFTYNXT50,29-Sep-2026,71400.0,PE,71936.55,,0,,0,0.0,,0,0,0,0,0,,,,,,,,,,,,,,,0.0495072015641172,,,,,,12.48,25,71926.55,72044.5,71400.25,72530.9,none,no_price_available
2026-09-11T08:19:00.891474+00:00,2026-09-11T13:49:00.891474+05:30,NIFTYNXT50,29-Sep-2026,71500.0,CE,71936.55,1215.75,100,1349.55,100,1100,1282.65,0,0,1,-71.40852026096223,9.09,0.6717600195779482,0.00024814846597495676,-21.648115015401455,57.78871899368333,-1.6900919776170475,0.0015802925210876007,120.58243055058071,-7.716455868552415e-08,-0.00221229704712187,6.3974418316755754e-06,-1.7089580634953379,51.0355090081279,-0.662618547732526,0.0002511879042949358,0.0495072015641172,72226.4,0.08122352749187188,0.01,index_dividend_yield,0.065,12.48,25,71926.55,72044.5,71400.25,72530.9,mid_price,ok
2026-09-11T08:19:00.891474+00:00,2026-09-11T13:49:00.891474+05:30,NIFTYNXT50,29-Sep-2026,71500.0,PE,71936.55,150.05,25,830,25,0.0,490.025,0,0,0,0,0,,,,,,,,,,,,,,,0.0495072015641172,72226.4,0.08122352749187188,0.01,index_dividend_yield,0.065,12.48,25,71926.55,72044.5,71400.25,72530.9,mid_price,no_nse_iv
2026-09-11T08:19:00.891474+00:00,2026-09-11T13:49:00.891474+05:30,NIFTYNXT50,29-Sep-2026,71600.0,CE,71936.55,970,50,,0,0.0,,0,0,0,0,0,,,,,,,,,,,,,,,0.0495072015641172,,,,,,12.48,25,71926.55,72044.5,71400.25,72530.9,none,no_price_available
2026-09-11T08:19:00.891474+00:00,2026-09-11T13:49:00.891474+05:30,NIFTYNXT50,29-Sep-2026,71600.0,PE,0,,0,,0,0.0,,0,0,0,0,0,,,,,,,,,,,,,,,0.0495072015641172,,,,,,12.48,25,71926.55,72044.5,71400.25,72530.9,none,no_price_available
2026-09-11T08:19:00.891474+00:00,2026-09-11T13:49:00.891474+05:30,NIFTYNXT50,29-Sep-2026,71700.0,CE,71936.55,0.1,50,3433.55,50,0.0,1716.825,0,0,0,0,0,,,,,,,,,,,,,,,0.0495072015641172,72226.4,0.08122352749187188,0.01,index_dividend_yield,0.065,12.48,25,71926.55,72044.5,71400.25,72530.9,mid_price,no_nse_iv
2026-09-11T08:19:00.891474+00:00,2026-09-11T13:49:00.891474+05:30,NIFTYNXT50,29-Sep-2026,71700.0,PE,0,,0,,0,0.0,,0,0,0,0,0,,,,,,,,,,,,,,,0.0495072015641172,,,,,,12.48,25,71926.55,72044.5,71400.25,72530.9,none,no_price_available
2026-09-11T08:19:00.891474+00:00,2026-09-11T13:49:00.891474+05:30,NIFTYNXT50,29-Sep-2026,71800.0,CE,71936.55,,0,,0,0.0,,0,0,0,0,0,,,,,,,,,,,,,,,0.0495072015641172,,,,,,12.48,25,71926.55,72044.5,71400.25,72530.9,none,no_price_available
2026-09-11T08:19:00.891474+00:00,2026-09-11T13:49:00.891474+05:30,NIFTYNXT50,29-Sep-2026,71800.0,PE,71936.55,37.2,50,1640.85,50,0.0,839.025,0,0,0,0,0,,,,,,,,,,,,,,,0.0495072015641172,72226.4,0.08122352749187188,0.01,index_dividend_yield,0.065,12.48,25,71926.55,72044.5,71400.25,72530.9,mid_price,no_nse_iv
2026-09-11T08:19:00.891474+00:00,2026-09-11T13:49:00.891474+05:30,NIFTYNXT50,29-Sep-2026,71900.0,CE,71936.55,,0,,0,0.0,,0,0,0,0,0,,,,,,,,,,,,,,,0.0495072015641172,,,,,,12.48,25,71926.55,72044.5,71400.25,72530.9,none,no_price_available
2026-09-11T08:19:00.891474+00:00,2026-09-11T13:49:00.891474+05:30,NIFTYNXT50,29-Sep-2026,71900.0,PE,71936.55,50.95,50,1711.35,50,0.0,881.15,0,0,0,0,0,,,,,,,,,,,,,,,0.0495072015641172,72226.4,0.08122352749187188,0.01,index_dividend_yield,0.065,12.48,25,71926.55,72044.5,71400.25,72530.9,mid_price,no_nse_iv
2026-09-11T08:19:00.891474+00:00,2026-09-11T13:49:00.891474+05:30,NIFTYNXT50,29-Sep-2026,72000.0,CE,71936.55,942,125,1046.7,125,1100,994.35,0,0,3,-69.34438793283634,14.33,0.529109423234783,0.0001733747788513022,-30.798636230396266,63.65018936358998,-0.11601942598976622,-0.001405098905874147,1.3684819790000802,-7.854171015823335e-09,-0.0012062037177554621,4.849932985412445e-06,-1.7428853111381597,38.78513531097646,-0.5150131004025128,0.00017306934044670092,0.0495072015641172,72226.4,0.08122352749187188,0.01,index_dividend_yield,0.065,12.48,25,71926.55,72044.5,71400.25,72530.9,mid_price,ok
2026-09-11T08:19:00.891474+00:00,2026-09-11T13:49:00.891474+05:30,NIFTYNXT50,29-Sep-2026,72000.0,PE,71936.55,525,50,1198.95,25,0.0,861.975,7,0,0,0,14.08,-0.4700984929015708,0.00017644340129314924,-19.55218396816088,63.64666694461081,-0.12175454815072095,-0.0014514251523269905,1.4506942335543727,-8.145772715588837e-09,-0.0012491901712532033,4.936872822951238e-06,-1.7423924966325475,-40.58795152353234,0.4812562295334219,0.00017613255682459114,0.0495072015641172,72226.4,0.08122352749187188,0.01,index_dividend_yield,0.065,12.48,25,71926.55,72044.5,71400.25,72530.9,mid_price,wide_quote_low_liquidity
2026-09-11T08:19:00.891474+00:00,2026-09-11T13:49:00.891474+05:30,NIFTYNXT50,29-Sep-2026,72100.0,CE,71936.55,,0,1100,25,0.0,,0,0,0,0,0,,,,,,,,,,,,,,,0.0495072015641172,,,,,,12.48,25,71926.55,72044.5,71400.25,72530.9,none,no_price_available
2026-09-11T08:19:00.891474+00:00,2026-09-11T13:49:00.891474+05:30,NIFTYNXT50,29-Sep-2026,72100.0,PE,71936.55,,0,1490.7,550,0.0,,0,0,0,0,0,,,,,,,,,,,,,,,0.0495072015641172,,,,,,12.48,25,71926.55,72044.5,71400.25,72530.9,none,no_price_available
2026-09-11T08:19:00.891474+00:00,2026-09-11T13:49:00.891474+05:30,NIFTYNXT50,29-Sep-2026,72200.0,CE,71936.55,,0,1100,25,0.0,,0,0,0,0,0,,,,,,,,,,,,,,,0.0495072015641172,,,,,,12.48,25,71926.55,72044.5,71400.25,72530.9,none,no_price_available
2026-09-11T08:19:00.891474+00:00,2026-09-11T13:49:00.891474+05:30,NIFTYNXT50,29-Sep-2026,72200.0,PE,71936.55,,0,1569.65,550,0.0,,0,0,0,0,0,,,,,,,,,,,,,,,0.0495072015641172,,,,,,12.48,25,71926.55,72044.5,71400.25,72530.9,none,no_price_available
2026-09-11T08:19:00.891474+00:00,2026-09-11T13:49:00.891474+05:30,NIFTYNXT50,29-Sep-2026,72300.0,CE,71936.55,,0,1100,25,0.0,,0,0,0,0,0,,,,,,,,,,,,,,,0.0495072015641172,,,,,,12.48,25,71926.55,72044.5,71400.25,72530.9,none,no_price_available
2026-09-11T08:19:00.891474+00:00,2026-09-11T13:49:00.891474+05:30,NIFTYNXT50,29-Sep-2026,72300.0,PE,71936.55,511.05,50,1696.85,550,0.0,1103.95,0,0,0,0,0,,,,,,,,,,,,,,,0.0495072015641172,72226.4,0.08122352749187188,0.01,index_dividend_yield,0.065,12.48,25,71926.55,72044.5,71400.25,72530.9,mid_price,no_nse_iv
2026-09-11T08:19:00.891474+00:00,2026-09-11T13:49:00.891474+05:30,NIFTYNXT50,29-Sep-2026,72400.0,CE,71936.55,0.1,50,1199.95,50,0.0,600.025,0,0,0,0,0,,,,,,,,,,,,,,,0.0495072015641172,72226.4,0.08122352749187188,0.01,index_dividend_yield,0.065,12.48,25,71926.55,72044.5,71400.25,72530.9,mid_price,no_nse_iv
2026-09-11T08:19:00.891474+00:00,2026-09-11T13:49:00.891474+05:30,NIFTYNXT50,29-Sep-2026,72400.0,PE,71936.55,,0,,0,0.0,,2,0,0,0,10.55,,,,,,,,,,,,,,,0.0495072015641172,,,,,,12.48,25,71926.55,72044.5,71400.25,72530.9,none,no_price_available
2026-09-11T08:19:00.891474+00:00,2026-09-11T13:49:00.891474+05:30,NIFTYNXT50,29-Sep-2026,72500.0,CE,71936.55,111,25,867.9,75,0.0,489.45,0,0,0,0,0,,,,,,,,,,,,,,,0.0495072015641172,72226.4,0.08122352749187188,0.01,index_dividend_yield,0.065,12.48,25,71926.55,72044.5,71400.25,72530.9,mid_price,no_nse_iv
2026-09-11T08:19:00.891474+00:00,2026-09-11T13:49:00.891474+05:30,NIFTYNXT50,29-Sep-2026,72500.0,PE,71936.55,986.05,125,1091.45,125,1080,1038.75,7,0,3,26.057776480887075,15.77,-0.5503399465067039,0.00015669880013690057,-21.445483969121298,63.308927147201764,0.4070768992633367,-0.003491116993464049,8.288911268380161,5.682958430615066e-09,-0.0009731728547532218,4.1668100456568e-06,-1.8209662510627425,-32.91946472636198,0.5626506975512122,0.00015427262500198675,0.0495072015641172,72226.4,0.08122352749187188,0.01,index_dividend_yield,0.065,12.48,25,71926.55,72044.5,71400.25,72530.9,mid_price,ok
2026-09-11T08:19:00.891474+00:00,2026-09-11T13:49:00.891474+05:30,NIFTYNXT50,29-Sep-2026,72600.0,CE,71936.55,643.7,150,739.2,150,602.2,691.45,1,1,1,-81.7130016246337,11.22,0.402570447208475,0.00021540601734865568,-23.495994512388354,61.91819357177327,0.9349318554249253,-0.005228100309032979,36.84337837155027,2.6071985902387446e-08,-0.0017917933559498068,5.250001959111061e-06,-1.9181761341362389,56.85097719835259,-0.391875143433521,0.00021148706058324489,0.0495072015641172,72226.4,0.08122352749187188,0.01,index_dividend_yield,0.065,12.48,25,71926.55,72044.5,71400.25,72530.9,mid_price,ok
2026-09-11T08:19:00.891474+00:00,2026-09-11T13:49:00.891474+05:30,NIFTYNXT50,29-Sep-2026,72600.0,PE,71936.55,1025.55,125,1157.6,125,1264.2,1091.5749999999998,5,0,2,64.23514127963625,17.83,-0.5565543376395551,0.00013830038941037526,-24.887163997126933,63.17457597794898,0.4042415248854403,-0.003509939277611784,9.24877222536935,4.9798415146719835e-09,-0.0007554367738524123,3.657139837732901e-06,-1.8264271830857834,-28.81221417675975,0.5706083925783559,0.0001357842422135146,0.0495072015641172,72226.4,0.08122352749187188,0.01,index_dividend_yield,0.065,12.48,25,71926.55,72044.5,71400.25,72530.9,mid_price,ok
2026-09-11T08:19:00.891474+00:00,2026-09-11T13:49:00.891474+05:30,NIFTYNXT50,29-Sep-2026,72700.0,CE,71936.55,,0,750,25,0.0,,0,0,0,0,0,,,,,,,,,,,,,,,0.0495072015641172,,,,,,12.48,25,71926.55,72044.5,71400.25,72530.9,none,no_price_available
2026-09-11T08:19:00.891474+00:00,2026-09-11T13:49:00.891474+05:30,NIFTYNXT50,29-Sep-2026,72700.0,PE,71936.55,,0,,0,0.0,,0,0,0,0,0,,,,,,,,,,,,,,,0.0495072015641172,,,,,,12.48,25,71926.55,72044.5,71400.25,72530.9,none,no_price_available
2026-09-11T08:19:00.891474+00:00,2026-09-11T13:49:00.891474+05:30,NIFTYNXT50,29-Sep-2026,72800.0,CE,71936.55,0.05,50,799.95,25,0.0,400.0,0,0,0,0,0,,,,,,,,,,,,,,,0.0495072015641172,72226.4,0.08122352749187188,0.01,index_dividend_yield,0.065,12.48,25,71926.55,72044.5,71400.25,72530.9,mid_price,no_nse_iv
2026-09-11T08:19:00.891474+00:00,2026-09-11T13:49:00.891474+05:30,NIFTYNXT50,29-Sep-2026,72800.0,PE,71936.55,,0,,0,0.0,,0,0,0,0,0,,,,,,,,,,,,,,,0.0495072015641172,,,,,,12.48,25,71926.55,72044.5,71400.25,72530.9,none,no_price_available
2026-09-11T08:19:00.891474+00:00,2026-09-11T13:49:00.891474+05:30,NIFTYNXT50,29-Sep-2026,72900.0,CE,71936.55,,0,750,25,0.0,,0,0,0,0,0,,,,,,,,,,,,,,,0.0495072015641172,,,,,,12.48,25,71926.55,72044.5,71400.25,72530.9,none,no_price_available
2026-09-11T08:19:00.891474+00:00,2026-09-11T13:49:00.891474+05:30,NIFTYNXT50,29-Sep-2026,72900.0,PE,71936.55,255.25,50,1997.75,475,0.0,1126.5,3,0,0,0,16.07,-0.609211671230623,0.0001491444978589732,-20.439915068713702,61.40315727194989,0.7491483778354624,-0.004966204847684619,33.34212382245738,1.3934190131689898e-08,-0.0008471349484448617,3.5972647606957485e-06,-1.9177623655595537,-30.052348601481018,0.6211640707078607,0.00014522834593004417,0.0495072015641172,72226.4,0.08122352749187188,0.01,index_dividend_yield,0.065,12.48,25,71926.55,72044.5,71400.25,72530.9,mid_price,wide_quote_low_liquidity
2026-09-11T08:19:00.891474+00:00,2026-09-11T13:49:00.891474+05:30,NIFTYNXT50,29-Sep-2026,73000.0,CE,71936.55,511,50,534.9,25,510,522.95,34,20,129,-22.374429223744293,13.06,0.3455947818408522,0.0001763121119209802,-24.979282635837492,58.99197198954637,1.2017883395904483,-0.006246538451836092,76.32788682403913,3.0610783384851414e-08,-0.001121938198973661,3.6970378110011176e-06,-2.0281126565386245,52.207891408987706,-0.33403706727527993,0.00017121256699372003,0.0495072015641172,72226.4,0.08122352749187188,0.01,index_dividend_yield,0.065,12.48,25,71926.55,72044.5,71400.25,72530.9,mid_price,ok
2026-09-11T08:19:00.891474+00:00,2026-09-11T13:49:00.891474+05:30,NIFTYNXT50,29-Sep-2026,73000.0,PE,71936.55,1250,25,1395.35,100,1308,1322.675,21,-2,9,23.39622641509434,13.95,-0.6438207531812858,0.00016679480569337755,-15.782489812975298,59.61071333927426,1.0694948922674863,-0.005955755756828162,63.263464176806394,2.4999630312444603e-08,-0.0010186855866087473,3.6381777170441598e-06,-1.9991526628690364,-33.23595881083809,0.6535307103088831,0.00016197053357730067,0.0495072015641172,72226.4,0.08122352749187188,0.01,index_dividend_yield,0.065,12.48,25,71926.55,72044.5,71400.25,72530.9,mid_price,ok
2026-09-11T08:19:00.891474+00:00,2026-09-11T13:49:00.891474+05:30,NIFTYNXT50,29-Sep-2026,73100.0,CE,71936.55,1.05,50,687.2,550,0.0,344.125,0,0,0,0,0,,,,,,,,,,,,,,,0.0495072015641172,72226.4,0.08122352749187188,0.01,index_dividend_yield,0.065,12.48,25,71926.55,72044.5,71400.25,72530.9,mid_price,no_nse_iv
2026-09-11T08:19:00.891474+00:00,2026-09-11T13:49:00.891474+05:30,NIFTYNXT50,29-Sep-2026,73100.0,PE,71936.55,311.25,50,2098.9,50,0.0,1205.075,0,0,0,0,0,,,,,,,,,,,,,,,0.0495072015641172,72226.4,0.08122352749187188,0.01,index_dividend_yield,0.065,12.48,25,71926.55,72044.5,71400.25,72530.9,mid_price,no_nse_iv
2026-09-11T08:19:00.891474+00:00,2026-09-11T13:49:00.891474+05:30,NIFTYNXT50,29-Sep-2026,73200.0,CE,71936.55,0.05,50,910.1,550,0.0,455.075,0,0,0,0,0,,,,,,,,,,,,,,,0.0495072015641172,72226.4,0.08122352749187188,0.01,index_dividend_yield,0.065,12.48,25,71926.55,72044.5,71400.25,72530.9,mid_price,no_nse_iv
2026-09-11T08:19:00.891474+00:00,2026-09-11T13:49:00.891474+05:30,NIFTYNXT50,29-Sep-2026,73200.0,PE,71936.55,337.25,50,2513.1,550,0.0,1425.175,0,0,0,0,0,,,,,,,,,,,,,,,0.0495072015641172,72226.4,0.08122352749187188,0.01,index_dividend_yield,0.065,12.48,25,71926.55,72044.5,71400.25,72530.9,mid_price,no_nse_iv
2026-09-11T08:19:00.891474+00:00,2026-09-11T13:49:00.891474+05:30,NIFTYNXT50,29-Sep-2026,73300.0,CE,71936.55,0.05,50,911.2,550,0.0,455.625,0,0,0,0,0,,,,,,,,,,,,,,,0.0495072015641172,72226.4,0.08122352749187188,0.01,index_dividend_yield,0.065,12.48,25,71926.55,72044.5,71400.25,72530.9,mid_price,no_nse_iv
2026-09-11T08:19:00.891474+00:00,2026-09-11T13:49:00.891474+05:30,NIFTYNXT50,29-Sep-2026,73300.0,PE,71936.55,,0,2649.95,350,0.0,,7,0,0,0,13.41,,,,,,,,,,,,,,,0.0495072015641172,,,,,,12.48,25,71926.55,72044.5,71400.25,72530.9,none,no_price_available
2026-09-11T08:19:00.891474+00:00,2026-09-11T13:49:00.891474+05:30,NIFTYNXT50,29-Sep-2026,73400.0,CE,71936.55,85.1,50,911.1,550,0.0,498.1,0,0,0,0,0,,,,,,,,,,,,,,,0.0495072015641172,72226.4,0.08122352749187188,0.01,index_dividend_yield,0.065,12.48,25,71926.55,72044.5,71400.25,72530.9,mid_price,no_nse_iv
2026-09-11T08:19:00.891474+00:00,2026-09-11T13:49:00.891474+05:30,NIFTYNXT50,29-Sep-2026,73400.0,PE,71936.55,387.4,50,2713.45,350,0.0,1550.425,3,0,0,0,16.06,-0.68031762483108,0.00013892929145576538,-17.70908227136433,57.161938885669855,1.1235891010124566,-0.006519630411223609,84.4443395861596,2.324627400737627e-08,-0.0006598408212595637,2.661199218562864e-06,-2.068764156831726,-27.402042833295486,0.6910856978194192,0.00013344457176760844,0.0495072015641172,72226.4,0.08122352749187188,0.01,index_dividend_yield,0.065,12.48,25,71926.55,72044.5,71400.25,72530.9,mid_price,wide_quote_low_liquidity
2026-09-11T08:19:00.891474+00:00,2026-09-11T13:49:00.891474+05:30,NIFTYNXT50,29-Sep-2026,73500.0,CE,71936.55,315.3,25,368.95,25,0.0,342.125,11,0,0,0,14.9,0.2910732241530126,0.0001437401581276849,-25.70065441347147,54.86962299871279,1.3413162096359565,-0.007082177600257311,118.04912759893682,3.08365297645978e-08,-0.000655460444890833,2.3469448246814858e-06,-2.1407812552954937,48.870717881023076,-0.27905238893663314,0.00013769007975214019,0.0495072015641172,72226.4,0.08122352749187188,0.01,index_dividend_yield,0.065,12.48,25,71926.55,72044.5,71400.25,72530.9,mid_price,wide_quote_low_liquidity
2026-09-11T08:19:00.891474+00:00,2026-09-11T13:49:00.891474+05:30,NIFTYNXT50,29-Sep-2026,73500.0,PE,71936.55,,0,2955.15,550,0.0,,0,0,0,0,0,,,,,,,,,,,,,,,0.0495072015641172,,,,,,12.48,25,71926.55,72044.5,71400.25,72530.9,none,no_price_available
2026-09-11T08:19:00.891474+00:00,2026-09-11T13:49:00.891474+05:30,NIFTYNXT50,29-Sep-2026,73600.0,CE,71936.55,1.2,50,,0,0.0,,0,0,0,0,0,,,,,,,,,,,,,,,0.0495072015641172,,,,,,12.48,25,71926.55,72044.5,71400.25,72530.9,none,no_price_available
2026-09-11T08:19:00.891474+00:00,2026-09-11T13:49:00.891474+05:30,NIFTYNXT50,29-Sep-2026,73600.0,PE,71936.55,452.85,50,2708.55,550,0.0,1580.7,0,0,0,0,0,,,,,,,,,,,,,,,0.0495072015641172,,,,,,12.48,25,71926.55,72044.5,71400.25,72530.9,mid_price,no_price_available
2026-09-11T08:19:00.891474+00:00,2026-09-11T13:49:00.891474+05:30,NIFTYNXT50,29-Sep-2026,73700.0,CE,71936.55,11.05,25,500,25,0.0,255.525,1,0,0,0,13,0.2329852961594646,0.00014695023216439946,-20.080707114458104,48.94194429511681,1.78198292784304,-0.007998246745694576,207.84599833137918,4.88198759821518e-08,-0.0005063048431791809,1.2664093607512542e-06,-2.2864819886435512,60.06989782697266,-0.22362479607374086,0.0001400020877970418,0.0495072015641172,72226.4,0.08122352749187188,0.01,index_dividend_yield,0.065,12.48,25,71926.55,72044.5,71400.25,72530.9,mid_price,wide_quote_low_liquidity
2026-09-11T08:19:00.891474+00:00,2026-09-11T13:49:00.891474+05:30,NIFTYNXT50,29-Sep-2026,73700.0,PE,71936.55,487.65,50,2611.2,550,0.0,1549.425,0,0,0,0,0,,,,,,,,,,,,,,,0.0495072015641172,,,,,,12.48,25,71926.55,72044.5,71400.25,72530.9,mid_price,no_price_available
2026-09-11T08:19:00.891474+00:00,2026-09-11T13:49:00.891474+05:30,NIFTYNXT50,29-Sep-2026,73800.0,CE,71936.55,,0,714.6,550,0.0,,0,0,0,0,0,,,,,,,,,,,,,,,0.0495072015641172,,,,,,12.48,25,71926.55,72044.5,71400.25,72530.9,none,no_price_available
2026-09-11T08:19:00.891474+00:00,2026-09-11T13:49:00.891474+05:30,NIFTYNXT50,29-Sep-2026,73800.0,PE,71936.55,,0,2598.9,550,0.0,,0,0,0,0,0,,,,,,,,,,,,,,,0.0495072015641172,,,,,,12.48,25,71926.55,72044.5,71400.25,72530.9,none,no_price_available
2026-09-11T08:19:00.891474+00:00,2026-09-11T13:49:00.891474+05:30,NIFTYNXT50,29-Sep-2026,73900.0,CE,71936.55,,0,714.6,550,0.0,,0,0,0,0,0,,,,,,,,,,,,,,,0.0495072015641172,,,,,,12.48,25,71926.55,72044.5,71400.25,72530.9,none,no_price_available
2026-09-11T08:19:00.891474+00:00,2026-09-11T13:49:00.891474+05:30,NIFTYNXT50,29-Sep-2026,73900.0,PE,71936.55,560.85,50,2828.35,550,0.0,1694.6,0,0,0,0,0,,,,,,,,,,,,,,,0.0495072015641172,,,,,,12.48,25,71926.55,72044.5,71400.25,72530.9,mid_price,no_price_available
2026-09-11T08:19:00.891474+00:00,2026-09-11T13:49:00.891474+05:30,NIFTYNXT50,29-Sep-2026,74000.0,CE,71936.55,199.05,25,298.9,25,200,248.975,48,-3,9,-39.39393939393939,11.64,0.16498048211045818,0.00013320289931469665,-14.553349942229143,39.7222872536592,2.131547158967156,-0.008305631425237991,332.27570889041755,6.689990540194238e-08,-3.003552666950844e-05,-6.561541495318725e-07,-2.393323877211394,73.65961047466548,-0.15820277668902083,0.00012587788861556144,0.0495072015641172,72226.4,0.08122352749187188,0.01,index_dividend_yield,0.065,12.48,25,71926.55,72044.5,71400.25,72530.9,mid_price,wide_quote_low_liquidity
2026-09-11T08:19:00.891474+00:00,2026-09-11T13:49:00.891474+05:30,NIFTYNXT50,29-Sep-2026,74000.0,PE,71936.55,,0,2662.1,550,0.0,,0,0,0,0,0,,,,,,,,,,,,,,,0.0495072015641172,,,,,,12.48,25,71926.55,72044.5,71400.25,72530.9,none,no_price_available
2026-09-11T08:19:00.891474+00:00,2026-09-11T13:49:00.891474+05:30,NIFTYNXT50,29-Sep-2026,74100.0,CE,71936.55,0.05,50,525.4,550,0.0,262.72499999999997,0,0,0,0,0,,,,,,,,,,,,,,,0.0495072015641172,72226.4,0.08122352749187188,0.01,index_dividend_yield,0.065,12.48,25,71926.55,72044.5,71400.25,72530.9,mid_price,no_nse_iv
2026-09-11T08:19:00.891474+00:00,2026-09-11T13:49:00.891474+05:30,NIFTYNXT50,29-Sep-2026,74100.0,PE,71936.55,639.35,50,3009.45,550,0.0,1824.3999999999999,0,0,0,0,0,,,,,,,,,,,,,,,0.0495072015641172,,,,,,12.48,25,71926.55,72044.5,71400.25,72530.9,mid_price,no_price_available
2026-09-11T08:19:00.891474+00:00,2026-09-11T13:49:00.891474+05:30,NIFTYNXT50,29-Sep-2026,74200.0,CE,71936.55,,0,741.35,550,0.0,,0,0,0,0,0,,,,,,,,,,,,,,,0.0495072015641172,,,,,,12.48,25,71926.55,72044.5,71400.25,72530.9,none,no_price_available
2026-09-11T08:19:00.891474+00:00,2026-09-11T13:49:00.891474+05:30,NIFTYNXT50,29-Sep-2026,74200.0,PE,71936.55,680.65,50,3115.65,550,0.0,1898.15,0,0,0,0,0,,,,,,,,,,,,,,,0.0495072015641172,,,,,,12.48,25,71926.55,72044.5,71400.25,72530.9,mid_price,no_price_available
2026-09-11T08:19:00.891474+00:00,2026-09-11T13:49:00.891474+05:30,NIFTYNXT50,29-Sep-2026,74300.0,CE,71936.55,0.1,50,515,50,0.0,257.55,0,0,0,0,0,,,,,,,,,,,,,,,0.0495072015641172,72226.4,0.08122352749187188,0.01,index_dividend_yield,0.065,12.48,25,71926.55,72044.5,71400.25,72530.9,mid_price,no_nse_iv
2026-09-11T08:19:00.891474+00:00,2026-09-11T13:49:00.891474+05:30,NIFTYNXT50,29-Sep-2026,74300.0,PE,71936.55,,0,3085.75,550,0.0,,0,0,0,0,0,,,,,,,,,,,,,,,0.0495072015641172,,,,,,12.48,25,71926.55,72044.5,71400.25,72530.9,none,no_price_available
2026-09-11T08:19:00.891474+00:00,2026-09-11T13:49:00.891474+05:30,NIFTYNXT50,29-Sep-2026,74400.0,CE,71936.55,0.1,50,729.35,550,0.0,364.725,0,0,0,0,0,,,,,,,,,,,,,,,0.0495072015641172,72226.4,0.08122352749187188,0.01,index_dividend_yield,0.065,12.48,25,71926.55,72044.5,71400.25,72530.9,mid_price,no_nse_iv
2026-09-11T08:19:00.891474+00:00,2026-09-11T13:49:00.891474+05:30,NIFTYNXT50,29-Sep-2026,74400.0,PE,71936.55,767.4,50,3313.5,550,0.0,2040.45,0,0,0,0,0,,,,,,,,,,,,,,,0.0495072015641172,,,,,,12.48,25,71926.55,72044.5,71400.25,72530.9,mid_price,no_price_available
2026-09-11T08:19:00.891474+00:00,2026-09-11T13:49:00.891474+05:30,NIFTYNXT50,29-Sep-2026,74500.0,CE,71936.55,155.05,25,235,25,0.0,195.025,34,0,0,0,15.44,0.17797166398909003,0.0001054038230772743,-19.7000698731594,41.693777926600085,1.6147924451736377,-0.008037732312590418,238.51391752459605,3.760107607673887e-08,-7.966945071590821e-05,-8.474061600280555e-08,-2.3403755331855294,54.676033693865016,-0.16870486563560524,9.827499473490606e-05,0.0495072015641172,72226.4,0.08122352749187188,0.01,index_dividend_yield,0.065,12.48,25,71926.55,72044.5,71400.25,72530.9,mid_price,wide_quote_low_liquidity
2026-09-11T08:19:00.891474+00:00,2026-09-11T13:49:00.891474+05:30,NIFTYNXT50,29-Sep-2026,74500.0,PE,71936.55,,0,2890.25,25,0.0,,15,0,0,0,8.11,,,,,,,,,,,,,,,0.0495072015641172,,,,,,12.48,25,71926.55,72044.5,71400.25,72530.9,none,no_price_available
2026-09-11T08:19:00.891474+00:00,2026-09-11T13:49:00.891474+05:30,NIFTYNXT50,29-Sep-2026,74600.0,CE,71936.55,0.1,50,343.85,50,0.0,171.97500000000002,4,0,0,0,19.5,0.22546947627944358,9.618239539604652e-05,-28.299444307951987,48.05048656586565,1.2267864772882024,-0.007657535353820855,147.95618900103236,2.1766230446278567e-08,-0.00019707578731137496,8.135535546294827e-07,-2.252496753324216,40.72393522015329,-0.2120806575867786,8.943698395801679e-05,0.0495072015641172,72226.4,0.08122352749187188,0.01,index_dividend_yield,0.065,12.48,25,71926.55,72044.5,71400.25,72530.9,mid_price,wide_quote_low_liquidity
2026-09-11T08:19:00.891474+00:00,2026-09-11T13:49:00.891474+05:30,NIFTYNXT50,29-Sep-2026,74600.0,PE,71936.55,,0,3385.6,550,0.0,,0,0,0,0,0,,,,,,,,,,,,,,,0.0495072015641172,,,,,,12.48,25,71926.55,72044.5,71400.25,72530.9,none,no_price_available
2026-09-11T08:19:00.891474+00:00,2026-09-11T13:49:00.891474+05:30,NIFTYNXT50,29-Sep-2026,74700.0,CE,71936.55,0.15,50,550.65,550,0.0,275.4,0,0,0,0,0,,,,,,,,,,,,,,,0.0495072015641172,72226.4,0.08122352749187188,0.01,index_dividend_yield,0.065,12.48,25,71926.55,72044.5,71400.25,72530.9,mid_price,no_nse_iv
2026-09-11T08:19:00.891474+00:00,2026-09-11T13:49:00.891474+05:30,NIFTYNXT50,29-Sep-2026,74700.0,PE,71936.55,712.55,50,3378.15,550,2371,2045.35,0,-1,1,-0.12636899747262004,9.25,,,,,,,,,,,,,,,0.0495072015641172,,,,,,12.48,25,71926.55,72044.5,71400.25,72530.9,mid_price,no_price_available
2026-09-11T08:19:00.891474+00:00,2026-09-11T13:49:00.891474+05:30,NIFTYNXT50,29-Sep-2026,74800.0,CE,71936.55,0.1,50,549.65,550,0.0,274.875,0,0,0,0,0,,,,,,,,,,,,,,,0.0495072015641172,72226.4,0.08122352749187188,0.01,index_dividend_yield,0.065,12.48,25,71926.55,72044.5,71400.25,72530.9,mid_price,no_nse_iv
2026-09-11T08:19:00.891474+00:00,2026-09-11T13:49:00.891474+05:30,NIFTYNXT50,29-Sep-2026,74800.0,PE,71936.55,956.7,50,3611.85,550,0.0,2284.275,0,0,0,0,0,,,,,,,,,,,,,,,0.0495072015641172,,,,,,12.48,25,71926.55,72044.5,71400.25,72530.9,mid_price,no_price_available
2026-09-11T08:19:00.891474+00:00,2026-09-11T13:49:00.891474+05:30,NIFTYNXT50,29-Sep-2026,74900.0,CE,71936.55,,0,,0,0.0,,0,0,0,0,0,,,,,,,,,,,,,,,0.0495072015641172,,,,,,12.48,25,71926.55,72044.5,71400.25,72530.9,none,no_price_available
2026-09-11T08:19:00.891474+00:00,2026-09-11T13:49:00.891474+05:30,NIFTYNXT50,29-Sep-2026,74900.0,PE,71936.55,1007.55,50,3716.45,550,0.0,2362.0,0,0,0,0,0,,,,,,,,,,,,,,,0.0495072015641172,,,,,,12.48,25,71926.55,72044.5,71400.25,72530.9,mid_price,no_price_available
2026-09-11T08:19:00.891474+00:00,2026-09-11T13:49:00.891474+05:30,NIFTYNXT50,29-Sep-2026,75000.0,CE,71936.55,61,25,141,25,0.0,101.0,13,0,0,0,14.57,0.11771119514134847,8.460666266146407e-05,-13.984433248512802,31.581423813441756,1.6502629399733557,-0.007567256593465438,313.3354342405958,4.157863025561728e-08,0.00025877795533113963,-1.5089606636097235e-06,-2.310265715321016,63.82458338766742,-0.1111342032159509,7.78361325688532e-05,0.0495072015641172,72226.4,0.08122352749187188,0.01,index_dividend_yield,0.065,12.48,25,71926.55,72044.5,71400.25,72530.9,mid_price,wide_quote_low_liquidity
2026-09-11T08:19:00.891474+00:00,2026-09-11T13:49:00.891474+05:30,NIFTYNXT50,29-Sep-2026,75000.0,PE,71936.55,2334.05,50,3822.2,550,0.0,3078.125,0,0,0,0,0,,,,,,,,,,,,,,,0.0495072015641172,72226.4,0.08122352749187188,0.01,index_dividend_yield,0.065,12.48,25,71926.55,72044.5,71400.25,72530.9,mid_price,no_nse_iv
2026-09-11T08:19:00.891474+00:00,2026-09-11T13:49:00.891474+05:30,NIFTYNXT50,29-Sep-2026,75100.0,CE,71936.55,,0,,0,0.0,,0,0,0,0,0,,,,,,,,,,,,,,,0.0495072015641172,,,,,,12.48,25,71926.55,72044.5,71400.25,72530.9,none,no_price_available
2026-09-11T08:19:00.891474+00:00,2026-09-11T13:49:00.891474+05:30,NIFTYNXT50,29-Sep-2026,75100.0,PE,71936.55,,0,3926.55,550,0.0,,0,0,0,0,0,,,,,,,,,,,,,,,0.0495072015641172,,,,,,12.48,25,71926.55,72044.5,71400.25,72530.9,none,no_price_available
2026-09-11T08:19:00.891474+00:00,2026-09-11T13:49:00.891474+05:30,NIFTYNXT50,29-Sep-2026,75200.0,CE,71936.55,,0,,0,0.0,,0,0,0,0,0,,,,,,,,,,,,,,,0.0495072015641172,,,,,,12.48,25,71926.55,72044.5,71400.25,72530.9,none,no_price_available
2026-09-11T08:19:00.891474+00:00,2026-09-11T13:49:00.891474+05:30,NIFTYNXT50,29-Sep-2026,75200.0,PE,71936.55,,0,4031.95,550,0.0,,0,0,0,0,0,,,,,,,,,,,,,,,0.0495072015641172,,,,,,12.48,25,71926.55,72044.5,71400.25,72530.9,none,no_price_available
2026-09-11T08:19:00.891474+00:00,2026-09-11T13:49:00.891474+05:30,NIFTYNXT50,29-Sep-2026,75300.0,CE,71936.55,,0,,0,0.0,,0,0,0,0,0,,,,,,,,,,,,,,,0.0495072015641172,,,,,,12.48,25,71926.55,72044.5,71400.25,72530.9,none,no_price_available
2026-09-11T08:19:00.891474+00:00,2026-09-11T13:49:00.891474+05:30,NIFTYNXT50,29-Sep-2026,75300.0,PE,71936.55,,0,4138,550,0.0,,0,0,0,0,0,,,,,,,,,,,,,,,0.0495072015641172,,,,,,12.48,25,71926.55,72044.5,71400.25,72530.9,none,no_price_available
2026-09-11T08:19:00.891474+00:00,2026-09-11T13:49:00.891474+05:30,NIFTYNXT50,29-Sep-2026,75400.0,CE,0,,0,,0,0.0,,0,0,0,0,0,,,,,,,,,,,,,,,0.0495072015641172,,,,,,12.48,25,71926.55,72044.5,71400.25,72530.9,none,no_price_available
2026-09-11T08:19:00.891474+00:00,2026-09-11T13:49:00.891474+05:30,NIFTYNXT50,29-Sep-2026,75400.0,PE,71936.55,1280.9,50,4244.35,550,0.0,2762.625,0,0,0,0,0,,,,,,,,,,,,,,,0.0495072015641172,,,,,,12.48,25,71926.55,72044.5,71400.25,72530.9,mid_price,no_price_available
2026-09-11T08:19:00.891474+00:00,2026-09-11T13:49:00.891474+05:30,NIFTYNXT50,29-Sep-2026,75500.0,CE,71936.55,1.15,50,470,25,0.0,235.575,0,0,0,0,0,,,,,,,,,,,,,,,0.0495072015641172,72226.4,0.08122352749187188,0.01,index_dividend_yield,0.065,12.48,25,71926.55,72044.5,71400.25,72530.9,mid_price,no_nse_iv
2026-09-11T08:19:00.891474+00:00,2026-09-11T13:49:00.891474+05:30,NIFTYNXT50,29-Sep-2026,75500.0,PE,71936.55,,0,4347.3,550,0.0,,0,0,0,0,0,,,,,,,,,,,,,,,0.0495072015641172,,,,,,12.48,25,71926.55,72044.5,71400.25,72530.9,none,no_price_available
2026-09-11T08:19:00.891474+00:00,2026-09-11T13:49:00.891474+05:30,NIFTYNXT50,29-Sep-2026,75600.0,CE,71936.55,0.1,50,693,50,0.0,346.55,0,0,0,0,0,,,,,,,,,,,,,,,0.0495072015641172,72226.4,0.08122352749187188,0.01,index_dividend_yield,0.065,12.48,25,71926.55,72044.5,71400.25,72530.9,mid_price,no_nse_iv
2026-09-11T08:19:00.891474+00:00,2026-09-11T13:49:00.891474+05:30,NIFTYNXT50,29-Sep-2026,75600.0,PE,71936.55,,0,4453,550,0.0,,0,0,0,0,0,,,,,,,,,,,,,,,0.0495072015641172,,,,,,12.48,25,71926.55,72044.5,71400.25,72530.9,none,no_price_available
2026-09-11T08:19:00.891474+00:00,2026-09-11T13:49:00.891474+05:30,NIFTYNXT50,29-Sep-2026,75700.0,CE,71936.55,,0,720,25,0.0,,0,0,0,0,0,,,,,,,,,,,,,,,0.0495072015641172,,,,,,12.48,25,71926.55,72044.5,71400.25,72530.9,none,no_price_available
2026-09-11T08:19:00.891474+00:00,2026-09-11T13:49:00.891474+05:30,NIFTYNXT50,29-Sep-2026,75700.0,PE,71936.55,,0,4557.3,550,0.0,,0,0,0,0,0,,,,,,,,,,,,,,,0.0495072015641172,,,,,,12.48,25,71926.55,72044.5,71400.25,72530.9,none,no_price_available
2026-09-11T08:19:00.891474+00:00,2026-09-11T13:49:00.891474+05:30,NIFTYNXT50,29-Sep-2026,75800.0,CE,0,,0,,0,0.0,,0,0,0,0,0,,,,,,,,,,,,,,,0.0495072015641172,,,,,,12.48,25,71926.55,72044.5,71400.25,72530.9,none,no_price_available
2026-09-11T08:19:00.891474+00:00,2026-09-11T13:49:00.891474+05:30,NIFTYNXT50,29-Sep-2026,75800.0,PE,71936.55,,0,4662.3,550,0.0,,0,0,0,0,0,,,,,,,,,,,,,,,0.0495072015641172,,,,,,12.48,25,71926.55,72044.5,71400.25,72530.9,none,no_price_available
2026-09-11T08:19:00.891474+00:00,2026-09-11T13:49:00.891474+05:30,NIFTYNXT50,29-Sep-2026,75900.0,CE,0,,0,,0,0.0,,0,0,0,0,0,,,,,,,,,,,,,,,0.0495072015641172,,,,,,12.48,25,71926.55,72044.5,71400.25,72530.9,none,no_price_available
2026-09-11T08:19:00.891474+00:00,2026-09-11T13:49:00.891474+05:30,NIFTYNXT50,29-Sep-2026,75900.0,PE,71936.55,,0,4767.3,550,0.0,,0,0,0,0,0,,,,,,,,,,,,,,,0.0495072015641172,,,,,,12.48,25,71926.55,72044.5,71400.25,72530.9,none,no_price_available
2026-09-11T08:19:00.891474+00:00,2026-09-11T13:49:00.891474+05:30,NIFTYNXT50,29-Sep-2026,76000.0,CE,71936.55,1.2,50,399,25,0.0,200.1,0,0,0,0,0,,,,,,,,,,,,,,,0.0495072015641172,72226.4,0.08122352749187188,0.01,index_dividend_yield,0.065,12.48,25,71926.55,72044.5,71400.25,72530.9,mid_price,no_nse_iv
2026-09-11T08:19:00.891474+00:00,2026-09-11T13:49:00.891474+05:30,NIFTYNXT50,29-Sep-2026,76000.0,PE,71936.55,,0,5040.5,550,0.0,,0,0,0,0,0,,,,,,,,,,,,,,,0.0495072015641172,,,,,,12.48,25,71926.55,72044.5,71400.25,72530.9,none,no_price_available
2026-09-11T08:19:00.891474+00:00,2026-09-11T13:49:00.891474+05:30,NIFTYNXT50,29-Sep-2026,76100.0,CE,0,,0,,0,0.0,,0,0,0,0,0,,,,,,,,,,,,,,,0.0495072015641172,,,,,,12.48,25,71926.55,72044.5,71400.25,72530.9,none,no_price_available
2026-09-11T08:19:00.891474+00:00,2026-09-11T13:49:00.891474+05:30,NIFTYNXT50,29-Sep-2026,76100.0,PE,71936.55,,0,5147.15,550,0.0,,0,0,0,0,0,,,,,,,,,,,,,,,0.0495072015641172,,,,,,12.48,25,71926.55,72044.5,71400.25,72530.9,none,no_price_available
2026-09-11T08:19:00.891474+00:00,2026-09-11T13:49:00.891474+05:30,NIFTYNXT50,29-Sep-2026,76200.0,CE,0,,0,,0,0.0,,0,0,0,0,0,,,,,,,,,,,,,,,0.0495072015641172,,,,,,12.48,25,71926.55,72044.5,71400.25,72530.9,none,no_price_available
2026-09-11T08:19:00.891474+00:00,2026-09-11T13:49:00.891474+05:30,NIFTYNXT50,29-Sep-2026,76200.0,PE,71936.55,,0,5084.25,550,0.0,,0,0,0,0,0,,,,,,,,,,,,,,,0.0495072015641172,,,,,,12.48,25,71926.55,72044.5,71400.25,72530.9,none,no_price_available
2026-09-11T08:19:00.891474+00:00,2026-09-11T13:49:00.891474+05:30,NIFTYNXT50,29-Sep-2026,76300.0,CE,0,,0,,0,0.0,,0,0,0,0,0,,,,,,,,,,,,,,,0.0495072015641172,,,,,,12.48,25,71926.55,72044.5,71400.25,72530.9,none,no_price_available
2026-09-11T08:19:00.891474+00:00,2026-09-11T13:49:00.891474+05:30,NIFTYNXT50,29-Sep-2026,76300.0,PE,71936.55,,0,5190.95,550,0.0,,0,0,0,0,0,,,,,,,,,,,,,,,0.0495072015641172,,,,,,12.48,25,71926.55,72044.5,71400.25,72530.9,none,no_price_available
2026-09-11T08:19:00.891474+00:00,2026-09-11T13:49:00.891474+05:30,NIFTYNXT50,29-Sep-2026,76400.0,CE,0,,0,,0,0.0,,0,0,0,0,0,,,,,,,,,,,,,,,0.0495072015641172,,,,,,12.48,25,71926.55,72044.5,71400.25,72530.9,none,no_price_available
2026-09-11T08:19:00.891474+00:00,2026-09-11T13:49:00.891474+05:30,NIFTYNXT50,29-Sep-2026,76400.0,PE,71936.55,,0,5297.65,550,0.0,,0,0,0,0,0,,,,,,,,,,,,,,,0.0495072015641172,,,,,,12.48,25,71926.55,72044.5,71400.25,72530.9,none,no_price_available
2026-09-11T08:19:00.891474+00:00,2026-09-11T13:49:00.891474+05:30,NIFTYNXT50,29-Sep-2026,76500.0,CE,71936.55,,0,570,25,0.0,,0,0,0,0,0,,,,,,,,,,,,,,,0.0495072015641172,,,,,,12.48,25,71926.55,72044.5,71400.25,72530.9,none,no_price_available
2026-09-11T08:19:00.891474+00:00,2026-09-11T13:49:00.891474+05:30,NIFTYNXT50,29-Sep-2026,76500.0,PE,71936.55,,0,5405,550,0.0,,0,0,0,0,0,,,,,,,,,,,,,,,0.0495072015641172,,,,,,12.48,25,71926.55,72044.5,71400.25,72530.9,none,no_price_available
2026-09-11T08:19:00.891474+00:00,2026-09-11T13:49:00.891474+05:30,NIFTYNXT50,29-Sep-2026,76600.0,CE,71936.55,0.1,50,244,25,0.0,122.05,1,0,0,0,24.29,0.138934778219129,5.69434185284862e-05,-25.274564003540128,35.435506133512774,1.0379907718189862,-0.007590552066208178,180.2329195334309,1.5055235455122737e-08,5.5200721230484745e-05,-5.426789814734988e-07,-2.2980876898305738,37.24366403195897,-0.12697303597379314,5.022098287429738e-05,0.0495072015641172,72226.4,0.08122352749187188,0.01,index_dividend_yield,0.065,12.48,25,71926.55,72044.5,71400.25,72530.9,mid_price,wide_quote_low_liquidity
2026-09-11T08:19:00.891474+00:00,2026-09-11T13:49:00.891474+05:30,NIFTYNXT50,29-Sep-2026,76600.0,PE,71936.55,,0,5510.25,550,0.0,,0,0,0,0,0,,,,,,,,,,,,,,,0.0495072015641172,,,,,,12.48,25,71926.55,72044.5,71400.25,72530.9,none,no_price_available
2026-09-11T08:19:00.891474+00:00,2026-09-11T13:49:00.891474+05:30,NIFTYNXT50,29-Sep-2026,76700.0,CE,71936.55,36,25,96,25,0.0,66.0,36,0,0,0,13.62,0.02216533777536123,2.4226408225734315e-05,-3.422906333152337,8.453444936270182,0.7914132174138555,-0.0032437345535086606,254.70337459494542,2.208622576654978e-08,0.0005520790370202663,-2.3217956014935813e-06,-1.277794725375232,89.6179185084431,-0.020556789458502905,2.131069014186687e-05,0.0495072015641172,72226.4,0.08122352749187188,0.01,index_dividend_yield,0.065,12.48,25,71926.55,72044.5,71400.25,72530.9,mid_price,wide_quote_low_liquidity
2026-09-11T08:19:00.891474+00:00,2026-09-11T13:49:00.891474+05:30,NIFTYNXT50,29-Sep-2026,76700.0,PE,71936.55,,0,5303.45,550,0.0,,0,0,0,0,0,,,,,,,,,,,,,,,0.0495072015641172,,,,,,12.48,25,71926.55,72044.5,71400.25,72530.9,none,no_price_available
2026-09-11T08:19:00.891474+00:00,2026-09-11T13:49:00.891474+05:30,NIFTYNXT50,29-Sep-2026,76800.0,CE,0,,0,,0,0.0,,0,0,0,0,0,,,,,,,,,,,,,,,0.0495072015641172,,,,,,12.48,25,71926.55,72044.5,71400.25,72530.9,none,no_price_available
2026-09-11T08:19:00.891474+00:00,2026-09-11T13:49:00.891474+05:30,NIFTYNXT50,29-Sep-2026,76800.0,PE,71936.55,,0,5403.35,550,0.0,,0,0,0,0,0,,,,,,,,,,,,,,,0.0495072015641172,,,,,,12.48,25,71926.55,72044.5,71400.25,72530.9,none,no_price_available
2026-09-11T08:19:00.891474+00:00,2026-09-11T13:49:00.891474+05:30,NIFTYNXT50,29-Sep-2026,76900.0,CE,0,,0,,0,0.0,,0,0,0,0,0,,,,,,,,,,,,,,,0.0495072015641172,,,,,,12.48,25,71926.55,72044.5,71400.25,72530.9,none,no_price_available
2026-09-11T08:19:00.891474+00:00,2026-09-11T13:49:00.891474+05:30,NIFTYNXT50,29-Sep-2026,76900.0,PE,71936.55,,0,5510,550,0.0,,0,0,0,0,0,,,,,,,,,,,,,,,0.0495072015641172,,,,,,12.48,25,71926.55,72044.5,71400.25,72530.9,none,no_price_available
2026-09-11T08:19:00.891474+00:00,2026-09-11T13:49:00.891474+05:30,NIFTYNXT50,29-Sep-2026,77000.0,CE,71936.55,1.05,100,345,25,0.0,173.025,0,0,0,0,0,,,,,,,,,,,,,,,0.0495072015641172,72226.4,0.08122352749187188,0.01,index_dividend_yield,0.065,12.48,25,71926.55,72044.5,71400.25,72530.9,mid_price,no_nse_iv
2026-09-11T08:19:00.891474+00:00,2026-09-11T13:49:00.891474+05:30,NIFTYNXT50,29-Sep-2026,77000.0,PE,71936.55,,0,5619.6,550,0.0,,0,0,0,0,0,,,,,,,,,,,,,,,0.0495072015641172,,,,,,12.48,25,71926.55,72044.5,71400.25,72530.9,none,no_price_available
2026-09-11T08:19:00.891474+00:00,2026-09-11T13:49:00.891474+05:30,NIFTYNXT50,29-Sep-2026,77100.0,CE,0,,0,,0,0.0,,0,0,0,0,0,,,,,,,,,,,,,,,0.0495072015641172,,,,,,12.48,25,71926.55,72044.5,71400.25,72530.9,none,no_price_available
2026-09-11T08:19:00.891474+00:00,2026-09-11T13:49:00.891474+05:30,NIFTYNXT50,29-Sep-2026,77100.0,PE,71936.55,,0,5719.05,550,0.0,,0,0,0,0,0,,,,,,,,,,,,,,,0.0495072015641172,,,,,,12.48,25,71926.55,72044.5,71400.25,72530.9,none,no_price_available
2026-09-11T08:19:00.891474+00:00,2026-09-11T13:49:00.891474+05:30,NIFTYNXT50,29-Sep-2026,77200.0,CE,0,,0,,0,0.0,,0,0,0,0,0,,,,,,,,,,,,,,,0.0495072015641172,,,,,,12.48,25,71926.55,72044.5,71400.25,72530.9,none,no_price_available
2026-09-11T08:19:00.891474+00:00,2026-09-11T13:49:00.891474+05:30,NIFTYNXT50,29-Sep-2026,77200.0,PE,71936.55,,0,5827.3,550,0.0,,0,0,0,0,0,,,,,,,,,,,,,,,0.0495072015641172,,,,,,12.48,25,71926.55,72044.5,71400.25,72530.9,none,no_price_available
2026-09-11T08:19:00.891474+00:00,2026-09-11T13:49:00.891474+05:30,NIFTYNXT50,29-Sep-2026,77300.0,CE,0,,0,,0,0.0,,0,0,0,0,0,,,,,,,,,,,,,,,0.0495072015641172,,,,,,12.48,25,71926.55,72044.5,71400.25,72530.9,none,no_price_available
2026-09-11T08:19:00.891474+00:00,2026-09-11T13:49:00.891474+05:30,NIFTYNXT50,29-Sep-2026,77300.0,PE,71936.55,,0,5931.7,550,0.0,,0,0,0,0,0,,,,,,,,,,,,,,,0.0495072015641172,,,,,,12.48,25,71926.55,72044.5,71400.25,72530.9,none,no_price_available
2026-09-11T08:19:00.891474+00:00,2026-09-11T13:49:00.891474+05:30,NIFTYNXT50,29-Sep-2026,77400.0,CE,0,,0,,0,0.0,,0,0,0,0,0,,,,,,,,,,,,,,,0.0495072015641172,,,,,,12.48,25,71926.55,72044.5,71400.25,72530.9,none,no_price_available
2026-09-11T08:19:00.891474+00:00,2026-09-11T13:49:00.891474+05:30,NIFTYNXT50,29-Sep-2026,77400.0,PE,71936.55,,0,6038.35,550,0.0,,0,0,0,0,0,,,,,,,,,,,,,,,0.0495072015641172,,,,,,12.48,25,71926.55,72044.5,71400.25,72530.9,none,no_price_available
2026-09-11T08:19:00.891474+00:00,2026-09-11T13:49:00.891474+05:30,NIFTYNXT50,29-Sep-2026,77500.0,CE,71936.55,,0,280,25,0.0,,0,0,0,0,0,,,,,,,,,,,,,,,0.0495072015641172,,,,,,12.48,25,71926.55,72044.5,71400.25,72530.9,none,no_price_available
2026-09-11T08:19:00.891474+00:00,2026-09-11T13:49:00.891474+05:30,NIFTYNXT50,29-Sep-2026,77500.0,PE,71936.55,,0,6145.05,550,0.0,,0,0,0,0,0,,,,,,,,,,,,,,,0.0495072015641172,,,,,,12.48,25,71926.55,72044.5,71400.25,72530.9,none,no_price_available
2026-09-11T08:19:00.891474+00:00,2026-09-11T13:49:00.891474+05:30,NIFTYNXT50,29-Sep-2026,77600.0,CE,71936.55,1.05,25,87,25,0.0,44.025,12,0,0,0,17.27,0.02989647132825074,2.4542502432289844e-05,-5.507403676253773,10.858723378811963,0.7544105171094634,-0.003869303270731195,227.2641010060843,1.6380570317232485e-08,0.00037155083848916293,-1.955854400583016e-06,-1.4659780965937816,68.1323356413436,-0.027307773760344267,2.10908756706493e-05,0.0495072015641172,72226.4,0.08122352749187188,0.01,index_dividend_yield,0.065,12.48,25,71926.55,72044.5,71400.25,72530.9,mid_price,wide_quote_low_liquidity
2026-09-11T08:19:00.891474+00:00,2026-09-11T13:49:00.891474+05:30,NIFTYNXT50,29-Sep-2026,77600.0,PE,71936.55,,0,6169.1,550,0.0,,0,0,0,0,0,,,,,,,,,,,,,,,0.0495072015641172,,,,,,12.48,25,71926.55,72044.5,71400.25,72530.9,none,no_price_available
2026-09-11T08:19:00.891474+00:00,2026-09-11T13:49:00.891474+05:30,NIFTYNXT50,29-Sep-2026,77700.0,CE,0,,0,,0,0.0,,0,0,0,0,0,,,,,,,,,,,,,,,0.0495072015641172,,,,,,12.48,25,71926.55,72044.5,71400.25,72530.9,none,no_price_available
2026-09-11T08:19:00.891474+00:00,2026-09-11T13:49:00.891474+05:30,NIFTYNXT50,29-Sep-2026,77700.0,PE,71936.55,,0,6248.35,550,0.0,,0,0,0,0,0,,,,,,,,,,,,,,,0.0495072015641172,,,,,,12.48,25,71926.55,72044.5,71400.25,72530.9,none,no_price_available
2026-09-11T08:19:00.891474+00:00,2026-09-11T13:49:00.891474+05:30,NIFTYNXT50,29-Sep-2026,77800.0,CE,0,,0,,0,0.0,,0,0,0,0,0,,,,,,,,,,,,,,,0.0495072015641172,,,,,,12.48,25,71926.55,72044.5,71400.25,72530.9,none,no_price_available
2026-09-11T08:19:00.891474+00:00,2026-09-11T13:49:00.891474+05:30,NIFTYNXT50,29-Sep-2026,77800.0,PE,71936.55,,0,6382.45,550,0.0,,0,0,0,0,0,,,,,,,,,,,,,,,0.0495072015641172,,,,,,12.48,25,71926.55,72044.5,71400.25,72530.9,none,no_price_available
2026-09-11T08:19:00.891474+00:00,2026-09-11T13:49:00.891474+05:30,NIFTYNXT50,29-Sep-2026,77900.0,CE,0,,0,,0,0.0,,0,0,0,0,0,,,,,,,,,,,,,,,0.0495072015641172,,,,,,12.48,25,71926.55,72044.5,71400.25,72530.9,none,no_price_available
2026-09-11T08:19:00.891474+00:00,2026-09-11T13:49:00.891474+05:30,NIFTYNXT50,29-Sep-2026,77900.0,PE,71936.55,,0,6489.1,550,0.0,,0,0,0,0,0,,,,,,,,,,,,,,,0.0495072015641172,,,,,,12.48,25,71926.55,72044.5,71400.25,72530.9,none,no_price_available
2026-09-11T08:19:00.891474+00:00,2026-09-11T13:49:00.891474+05:30,NIFTYNXT50,29-Sep-2026,78000.0,CE,0,,0,,0,0.0,,0,0,0,0,0,,,,,,,,,,,,,,,0.0495072015641172,,,,,,12.48,25,71926.55,72044.5,71400.25,72530.9,none,no_price_available
2026-09-11T08:19:00.891474+00:00,2026-09-11T13:49:00.891474+05:30,NIFTYNXT50,29-Sep-2026,78000.0,PE,71936.55,,0,6595.8,550,0.0,,0,0,0,0,0,,,,,,,,,,,,,,,0.0495072015641172,,,,,,12.48,25,71926.55,72044.5,71400.25,72530.9,none,no_price_available
2026-09-11T08:19:00.891474+00:00,2026-09-11T13:49:00.891474+05:30,NIFTYNXT50,29-Sep-2026,78100.0,CE,0,,0,,0,0.0,,0,0,0,0,0,,,,,,,,,,,,,,,0.0495072015641172,,,,,,12.48,25,71926.55,72044.5,71400.25,72530.9,none,no_price_available
2026-09-11T08:19:00.891474+00:00,2026-09-11T13:49:00.891474+05:30,NIFTYNXT50,29-Sep-2026,78100.0,PE,71936.55,,0,6702.5,550,0.0,,0,0,0,0,0,,,,,,,,,,,,,,,0.0495072015641172,,,,,,12.48,25,71926.55,72044.5,71400.25,72530.9,none,no_price_available
2026-09-11T08:19:00.891474+00:00,2026-09-11T13:49:00.891474+05:30,NIFTYNXT50,29-Sep-2026,78200.0,CE,0,,0,,0,0.0,,0,0,0,0,0,,,,,,,,,,,,,,,0.0495072015641172,,,,,,12.48,25,71926.55,72044.5,71400.25,72530.9,none,no_price_available
2026-09-11T08:19:00.891474+00:00,2026-09-11T13:49:00.891474+05:30,NIFTYNXT50,29-Sep-2026,78200.0,PE,71936.55,,0,6794.35,550,0.0,,0,0,0,0,0,,,,,,,,,,,,,,,0.0495072015641172,,,,,,12.48,25,71926.55,72044.5,71400.25,72530.9,none,no_price_available
2026-09-11T08:19:00.891474+00:00,2026-09-11T13:49:00.891474+05:30,NIFTYNXT50,29-Sep-2026,78300.0,CE,0,,0,,0,0.0,,0,0,0,0,0,,,,,,,,,,,,,,,0.0495072015641172,,,,,,12.48,25,71926.55,72044.5,71400.25,72530.9,none,no_price_available
2026-09-11T08:19:00.891474+00:00,2026-09-11T13:49:00.891474+05:30,NIFTYNXT50,29-Sep-2026,78300.0,PE,71936.55,,0,6915.85,550,0.0,,0,0,0,0,0,,,,,,,,,,,,,,,0.0495072015641172,,,,,,12.48,25,71926.55,72044.5,71400.25,72530.9,none,no_price_available
2026-09-11T08:19:00.891474+00:00,2026-09-11T13:49:00.891474+05:30,NIFTYNXT50,29-Sep-2026,78400.0,CE,0,,0,,0,0.0,,0,0,0,0,0,,,,,,,,,,,,,,,0.0495072015641172,,,,,,12.48,25,71926.55,72044.5,71400.25,72530.9,none,no_price_available
2026-09-11T08:19:00.891474+00:00,2026-09-11T13:49:00.891474+05:30,NIFTYNXT50,29-Sep-2026,78400.0,PE,71936.55,,0,7007.7,550,0.0,,0,0,0,0,0,,,,,,,,,,,,,,,0.0495072015641172,,,,,,12.48,25,71926.55,72044.5,71400.25,72530.9,none,no_price_available
2026-09-11T08:19:00.891474+00:00,2026-09-11T13:49:00.891474+05:30,NIFTYNXT50,29-Sep-2026,78500.0,CE,0,,0,,0,0.0,,0,0,0,0,0,,,,,,,,,,,,,,,0.0495072015641172,,,,,,12.48,25,71926.55,72044.5,71400.25,72530.9,none,no_price_available
2026-09-11T08:19:00.891474+00:00,2026-09-11T13:49:00.891474+05:30,NIFTYNXT50,29-Sep-2026,78500.0,PE,71936.55,,0,7114.4,550,0.0,,0,0,0,0,0,,,,,,,,,,,,,,,0.0495072015641172,,,,,,12.48,25,71926.55,72044.5,71400.25,72530.9,none,no_price_available
2026-09-11T08:19:00.891474+00:00,2026-09-11T13:49:00.891474+05:30,NIFTYNXT50,29-Sep-2026,78600.0,CE,0,,0,,0,0.0,,0,0,0,0,0,,,,,,,,,,,,,,,0.0495072015641172,,,,,,12.48,25,71926.55,72044.5,71400.25,72530.9,none,no_price_available
2026-09-11T08:19:00.891474+00:00,2026-09-11T13:49:00.891474+05:30,NIFTYNXT50,29-Sep-2026,78600.0,PE,71936.55,,0,7235.9,550,0.0,,0,0,0,0,0,,,,,,,,,,,,,,,0.0495072015641172,,,,,,12.48,25,71926.55,72044.5,71400.25,72530.9,none,no_price_available
2026-09-11T08:19:00.891474+00:00,2026-09-11T13:49:00.891474+05:30,NIFTYNXT50,29-Sep-2026,78700.0,CE,0,,0,,0,0.0,,0,0,0,0,0,,,,,,,,,,,,,,,0.0495072015641172,,,,,,12.48,25,71926.55,72044.5,71400.25,72530.9,none,no_price_available
2026-09-11T08:19:00.891474+00:00,2026-09-11T13:49:00.891474+05:30,NIFTYNXT50,29-Sep-2026,78700.0,PE,71936.55,,0,7325.8,550,0.0,,0,0,0,0,0,,,,,,,,,,,,,,,0.0495072015641172,,,,,,12.48,25,71926.55,72044.5,71400.25,72530.9,none,no_price_available
2026-09-11T08:19:00.891474+00:00,2026-09-11T13:49:00.891474+05:30,NIFTYNXT50,29-Sep-2026,78800.0,CE,0,,0,,0,0.0,,0,0,0,0,0,,,,,,,,,,,,,,,0.0495072015641172,,,,,,12.48,25,71926.55,72044.5,71400.25,72530.9,none,no_price_available
2026-09-11T08:19:00.891474+00:00,2026-09-11T13:49:00.891474+05:30,NIFTYNXT50,29-Sep-2026,78800.0,PE,71936.55,,0,7449.25,550,0.0,,0,0,0,0,0,,,,,,,,,,,,,,,0.0495072015641172,,,,,,12.48,25,71926.55,72044.5,71400.25,72530.9,none,no_price_available
2026-09-11T08:19:00.891474+00:00,2026-09-11T13:49:00.891474+05:30,NIFTYNXT50,29-Sep-2026,78900.0,CE,0,,0,,0,0.0,,0,0,0,0,0,,,,,,,,,,,,,,,0.0495072015641172,,,,,,12.48,25,71926.55,72044.5,71400.25,72530.9,none,no_price_available
2026-09-11T08:19:00.891474+00:00,2026-09-11T13:49:00.891474+05:30,NIFTYNXT50,29-Sep-2026,78900.0,PE,71936.55,,0,7538.9,550,0.0,,0,0,0,0,0,,,,,,,,,,,,,,,0.0495072015641172,,,,,,12.48,25,71926.55,72044.5,71400.25,72530.9,none,no_price_available
2026-09-11T08:19:00.891474+00:00,2026-09-11T13:49:00.891474+05:30,NIFTYNXT50,29-Sep-2026,79000.0,CE,0,,0,,0,0.0,,0,0,0,0,0,,,,,,,,,,,,,,,0.0495072015641172,,,,,,12.48,25,71926.55,72044.5,71400.25,72530.9,none,no_price_available
2026-09-11T08:19:00.891474+00:00,2026-09-11T13:49:00.891474+05:30,NIFTYNXT50,29-Sep-2026,79000.0,PE,71936.55,,0,7644.8,550,0.0,,0,0,0,0,0,,,,,,,,,,,,,,,0.0495072015641172,,,,,,12.48,25,71926.55,72044.5,71400.25,72530.9,none,no_price_available
2026-09-11T08:19:00.891474+00:00,2026-09-11T13:49:00.891474+05:30,NIFTYNXT50,29-Sep-2026,79100.0,CE,0,,0,,0,0.0,,0,0,0,0,0,,,,,,,,,,,,,,,0.0495072015641172,,,,,,12.48,25,71926.55,72044.5,71400.25,72530.9,none,no_price_available
2026-09-11T08:19:00.891474+00:00,2026-09-11T13:49:00.891474+05:30,NIFTYNXT50,29-Sep-2026,79100.0,PE,71936.55,,0,7769.3,550,0.0,,0,0,0,0,0,,,,,,,,,,,,,,,0.0495072015641172,,,,,,12.48,25,71926.55,72044.5,71400.25,72530.9,none,no_price_available
2026-09-11T08:19:00.891474+00:00,2026-09-11T13:49:00.891474+05:30,NIFTYNXT50,29-Sep-2026,79200.0,CE,0,,0,,0,0.0,,0,0,0,0,0,,,,,,,,,,,,,,,0.0495072015641172,,,,,,12.48,25,71926.55,72044.5,71400.25,72530.9,none,no_price_available
2026-09-11T08:19:00.891474+00:00,2026-09-11T13:49:00.891474+05:30,NIFTYNXT50,29-Sep-2026,79200.0,PE,71936.55,,0,7875.95,550,0.0,,0,0,0,0,0,,,,,,,,,,,,,,,0.0495072015641172,,,,,,12.48,25,71926.55,72044.5,71400.25,72530.9,none,no_price_available
2026-09-11T08:19:00.891474+00:00,2026-09-11T13:49:00.891474+05:30,NIFTYNXT50,29-Sep-2026,79300.0,CE,0,,0,,0,0.0,,0,0,0,0,0,,,,,,,,,,,,,,,0.0495072015641172,,,,,,12.48,25,71926.55,72044.5,71400.25,72530.9,none,no_price_available
2026-09-11T08:19:00.891474+00:00,2026-09-11T13:49:00.891474+05:30,NIFTYNXT50,29-Sep-2026,79300.0,PE,71936.55,,0,7982.65,550,0.0,,0,0,0,0,0,,,,,,,,,,,,,,,0.0495072015641172,,,,,,12.48,25,71926.55,72044.5,71400.25,72530.9,none,no_price_available
2026-09-11T08:19:00.891474+00:00,2026-09-11T13:49:00.891474+05:30,NIFTYNXT50,29-Sep-2026,79400.0,CE,0,,0,,0,0.0,,0,0,0,0,0,,,,,,,,,,,,,,,0.0495072015641172,,,,,,12.48,25,71926.55,72044.5,71400.25,72530.9,none,no_price_available
2026-09-11T08:19:00.891474+00:00,2026-09-11T13:49:00.891474+05:30,NIFTYNXT50,29-Sep-2026,79400.0,PE,71936.55,,0,8089.3,550,0.0,,0,0,0,0,0,,,,,,,,,,,,,,,0.0495072015641172,,,,,,12.48,25,71926.55,72044.5,71400.25,72530.9,none,no_price_available
2026-09-11T08:19:00.891474+00:00,2026-09-11T13:49:00.891474+05:30,NIFTYNXT50,29-Sep-2026,79500.0,CE,0,,0,,0,0.0,,0,0,0,0,0,,,,,,,,,,,,,,,0.0495072015641172,,,,,,12.48,25,71926.55,72044.5,71400.25,72530.9,none,no_price_available
2026-09-11T08:19:00.891474+00:00,2026-09-11T13:49:00.891474+05:30,NIFTYNXT50,29-Sep-2026,79500.0,PE,71936.55,,0,8196,550,0.0,,0,0,0,0,0,,,,,,,,,,,,,,,0.0495072015641172,,,,,,12.48,25,71926.55,72044.5,71400.25,72530.9,none,no_price_available
2026-09-11T08:19:00.891474+00:00,2026-09-11T13:49:00.891474+05:30,NIFTYNXT50,29-Sep-2026,79600.0,CE,0,,0,,0,0.0,,0,0,0,0,0,,,,,,,,,,,,,,,0.0495072015641172,,,,,,12.48,25,71926.55,72044.5,71400.25,72530.9,none,no_price_available
2026-09-11T08:19:00.891474+00:00,2026-09-11T13:49:00.891474+05:30,NIFTYNXT50,29-Sep-2026,79600.0,PE,71936.55,,0,8302.7,550,0.0,,0,0,0,0,0,,,,,,,,,,,,,,,0.0495072015641172,,,,,,12.48,25,71926.55,72044.5,71400.25,72530.9,none,no_price_available
2026-09-11T08:19:00.891474+00:00,2026-09-11T13:49:00.891474+05:30,NIFTYNXT50,29-Sep-2026,79700.0,CE,0,,0,,0,0.0,,0,0,0,0,0,,,,,,,,,,,,,,,0.0495072015641172,,,,,,12.48,25,71926.55,72044.5,71400.25,72530.9,none,no_price_available
2026-09-11T08:19:00.891474+00:00,2026-09-11T13:49:00.891474+05:30,NIFTYNXT50,29-Sep-2026,79700.0,PE,71936.55,,0,8409.35,550,0.0,,0,0,0,0,0,,,,,,,,,,,,,,,0.0495072015641172,,,,,,12.48,25,71926.55,72044.5,71400.25,72530.9,none,no_price_available
2026-09-11T08:19:00.891474+00:00,2026-09-11T13:49:00.891474+05:30,NIFTYNXT50,29-Sep-2026,79800.0,CE,0,,0,,0,0.0,,0,0,0,0,0,,,,,,,,,,,,,,,0.0495072015641172,,,,,,12.48,25,71926.55,72044.5,71400.25,72530.9,none,no_price_available
2026-09-11T08:19:00.891474+00:00,2026-09-11T13:49:00.891474+05:30,NIFTYNXT50,29-Sep-2026,79800.0,PE,71936.55,,0,8516.05,550,0.0,,0,0,0,0,0,,,,,,,,,,,,,,,0.0495072015641172,,,,,,12.48,25,71926.55,72044.5,71400.25,72530.9,none,no_price_available
2026-09-11T08:19:00.891474+00:00,2026-09-11T13:49:00.891474+05:30,NIFTYNXT50,29-Sep-2026,79900.0,CE,0,,0,,0,0.0,,0,0,0,0,0,,,,,,,,,,,,,,,0.0495072015641172,,,,,,12.48,25,71926.55,72044.5,71400.25,72530.9,none,no_price_available
2026-09-11T08:19:00.891474+00:00,2026-09-11T13:49:00.891474+05:30,NIFTYNXT50,29-Sep-2026,79900.0,PE,71936.55,,0,8622.7,550,0.0,,0,0,0,0,0,,,,,,,,,,,,,,,0.0495072015641172,,,,,,12.48,25,71926.55,72044.5,71400.25,72530.9,none,no_price_available
2026-09-11T08:19:00.891474+00:00,2026-09-11T13:49:00.891474+05:30,NIFTYNXT50,29-Sep-2026,80000.0,CE,0,,0,,0,0.0,,0,0,0,0,0,,,,,,,,,,,,,,,0.0495072015641172,,,,,,12.48,25,71926.55,72044.5,71400.25,72530.9,none,no_price_available
2026-09-11T08:19:00.891474+00:00,2026-09-11T13:49:00.891474+05:30,NIFTYNXT50,29-Sep-2026,80000.0,PE,71936.55,,0,8729.45,550,0.0,,0,0,0,0,0,,,,,,,,,,,,,,,0.0495072015641172,,,,,,12.48,25,71926.55,72044.5,71400.25,72530.9,none,no_price_available
2026-09-11T08:19:00.891474+00:00,2026-09-11T13:49:00.891474+05:30,NIFTYNXT50,29-Sep-2026,80100.0,CE,0,,0,,0,0.0,,0,0,0,0,0,,,,,,,,,,,,,,,0.0495072015641172,,,,,,12.48,25,71926.55,72044.5,71400.25,72530.9,none,no_price_available
2026-09-11T08:19:00.891474+00:00,2026-09-11T13:49:00.891474+05:30,NIFTYNXT50,29-Sep-2026,80100.0,PE,71936.55,,0,8833.45,550,0.0,,0,0,0,0,0,,,,,,,,,,,,,,,0.0495072015641172,,,,,,12.48,25,71926.55,72044.5,71400.25,72530.9,none,no_price_available
2026-09-11T08:19:00.891474+00:00,2026-09-11T13:49:00.891474+05:30,NIFTYNXT50,29-Sep-2026,80200.0,CE,0,,0,,0,0.0,,0,0,0,0,0,,,,,,,,,,,,,,,0.0495072015641172,,,,,,12.48,25,71926.55,72044.5,71400.25,72530.9,none,no_price_available
2026-09-11T08:19:00.891474+00:00,2026-09-11T13:49:00.891474+05:30,NIFTYNXT50,29-Sep-2026,80200.0,PE,71936.55,,0,8936.7,550,0.0,,0,0,0,0,0,,,,,,,,,,,,,,,0.0495072015641172,,,,,,12.48,25,71926.55,72044.5,71400.25,72530.9,none,no_price_available
2026-09-11T08:19:00.891474+00:00,2026-09-11T13:49:00.891474+05:30,NIFTYNXT50,29-Sep-2026,80300.0,CE,0,,0,,0,0.0,,0,0,0,0,0,,,,,,,,,,,,,,,0.0495072015641172,,,,,,12.48,25,71926.55,72044.5,71400.25,72530.9,none,no_price_available
2026-09-11T08:19:00.891474+00:00,2026-09-11T13:49:00.891474+05:30,NIFTYNXT50,29-Sep-2026,80300.0,PE,71936.55,,0,9042.05,550,0.0,,0,0,0,0,0,,,,,,,,,,,,,,,0.0495072015641172,,,,,,12.48,25,71926.55,72044.5,71400.25,72530.9,none,no_price_available
2026-09-11T08:19:00.891474+00:00,2026-09-11T13:49:00.891474+05:30,NIFTYNXT50,29-Sep-2026,80400.0,CE,0,,0,,0,0.0,,0,0,0,0,0,,,,,,,,,,,,,,,0.0495072015641172,,,,,,12.48,25,71926.55,72044.5,71400.25,72530.9,none,no_price_available
2026-09-11T08:19:00.891474+00:00,2026-09-11T13:49:00.891474+05:30,NIFTYNXT50,29-Sep-2026,80400.0,PE,71936.55,,0,9153.45,550,0.0,,0,0,0,0,0,,,,,,,,,,,,,,,0.0495072015641172,,,,,,12.48,25,71926.55,72044.5,71400.25,72530.9,none,no_price_available
2026-09-11T08:19:00.891474+00:00,2026-09-11T13:49:00.891474+05:30,NIFTYNXT50,29-Sep-2026,80500.0,CE,0,,0,,0,0.0,,0,0,0,0,0,,,,,,,,,,,,,,,0.0495072015641172,,,,,,12.48,25,71926.55,72044.5,71400.25,72530.9,none,no_price_available
2026-09-11T08:19:00.891474+00:00,2026-09-11T13:49:00.891474+05:30,NIFTYNXT50,29-Sep-2026,80500.0,PE,71936.55,,0,9256.75,550,0.0,,0,0,0,0,0,,,,,,,,,,,,,,,0.0495072015641172,,,,,,12.48,25,71926.55,72044.5,71400.25,72530.9,none,no_price_available
2026-09-11T08:19:00.891474+00:00,2026-09-11T13:49:00.891474+05:30,NIFTYNXT50,29-Sep-2026,80600.0,CE,0,,0,,0,0.0,,0,0,0,0,0,,,,,,,,,,,,,,,0.0495072015641172,,,,,,12.48,25,71926.55,72044.5,71400.25,72530.9,none,no_price_available
2026-09-11T08:19:00.891474+00:00,2026-09-11T13:49:00.891474+05:30,NIFTYNXT50,29-Sep-2026,80600.0,PE,71936.55,,0,9369.5,550,0.0,,0,0,0,0,0,,,,,,,,,,,,,,,0.0495072015641172,,,,,,12.48,25,71926.55,72044.5,71400.25,72530.9,none,no_price_available
2026-09-11T08:19:00.891474+00:00,2026-09-11T13:49:00.891474+05:30,NIFTYNXT50,29-Sep-2026,80700.0,CE,0,,0,,0,0.0,,0,0,0,0,0,,,,,,,,,,,,,,,0.0495072015641172,,,,,,12.48,25,71926.55,72044.5,71400.25,72530.9,none,no_price_available
2026-09-11T08:19:00.891474+00:00,2026-09-11T13:49:00.891474+05:30,NIFTYNXT50,29-Sep-2026,80700.0,PE,71936.55,,0,9476.15,550,0.0,,0,0,0,0,0,,,,,,,,,,,,,,,0.0495072015641172,,,,,,12.48,25,71926.55,72044.5,71400.25,72530.9,none,no_price_available
2026-09-11T08:19:00.891474+00:00,2026-09-11T13:49:00.891474+05:30,NIFTYNXT50,29-Sep-2026,80800.0,CE,0,,0,,0,0.0,,0,0,0,0,0,,,,,,,,,,,,,,,0.0495072015641172,,,,,,12.48,25,71926.55,72044.5,71400.25,72530.9,none,no_price_available
2026-09-11T08:19:00.891474+00:00,2026-09-11T13:49:00.891474+05:30,NIFTYNXT50,29-Sep-2026,80800.0,PE,71936.55,,0,9554.45,550,0.0,,0,0,0,0,0,,,,,,,,,,,,,,,0.0495072015641172,,,,,,12.48,25,71926.55,72044.5,71400.25,72530.9,none,no_price_available
2026-09-11T08:19:00.891474+00:00,2026-09-11T13:49:00.891474+05:30,NIFTYNXT50,29-Sep-2026,80900.0,CE,0,,0,,0,0.0,,0,0,0,0,0,,,,,,,,,,,,,,,0.0495072015641172,,,,,,12.48,25,71926.55,72044.5,71400.25,72530.9,none,no_price_available
2026-09-11T08:19:00.891474+00:00,2026-09-11T13:49:00.891474+05:30,NIFTYNXT50,29-Sep-2026,80900.0,PE,71936.55,,0,9684.85,550,0.0,,0,0,0,0,0,,,,,,,,,,,,,,,0.0495072015641172,,,,,,12.48,25,71926.55,72044.5,71400.25,72530.9,none,no_price_available
2026-09-11T08:19:00.891474+00:00,2026-09-11T13:49:00.891474+05:30,NIFTYNXT50,29-Sep-2026,81000.0,CE,0,,0,,0,0.0,,0,0,0,0,0,,,,,,,,,,,,,,,0.0495072015641172,,,,,,12.48,25,71926.55,72044.5,71400.25,72530.9,none,no_price_available
2026-09-11T08:19:00.891474+00:00,2026-09-11T13:49:00.891474+05:30,NIFTYNXT50,29-Sep-2026,81000.0,PE,71936.55,,0,9800.85,550,0.0,,0,0,0,0,0,,,,,,,,,,,,,,,0.0495072015641172,,,,,,12.48,25,71926.55,72044.5,71400.25,72530.9,none,no_price_available
2026-09-11T08:19:00.891474+00:00,2026-09-11T13:49:00.891474+05:30,NIFTYNXT50,29-Sep-2026,81500.0,CE,0,,0,,0,0.0,,0,0,0,0,0,,,,,,,,,,,,,,,0.0495072015641172,,,,,,12.48,25,71926.55,72044.5,71400.25,72530.9,none,no_price_available
2026-09-11T08:19:00.891474+00:00,2026-09-11T13:49:00.891474+05:30,NIFTYNXT50,29-Sep-2026,81500.0,PE,71936.55,,0,10349.15,550,0.0,,0,0,0,0,0,,,,,,,,,,,,,,,0.0495072015641172,,,,,,12.48,25,71926.55,72044.5,71400.25,72530.9,none,no_price_available
2026-09-11T08:19:00.891474+00:00,2026-09-11T13:49:00.891474+05:30,NIFTYNXT50,29-Sep-2026,82000.0,CE,0,,0,,0,0.0,,0,0,0,0,0,,,,,,,,,,,,,,,0.0495072015641172,,,,,,12.48,25,71926.55,72044.5,71400.25,72530.9,none,no_price_available
2026-09-11T08:19:00.891474+00:00,2026-09-11T13:49:00.891474+05:30,NIFTYNXT50,29-Sep-2026,82000.0,PE,71936.55,,0,10867.65,550,0.0,,0,0,0,0,0,,,,,,,,,,,,,,,0.0495072015641172,,,,,,12.48,25,71926.55,72044.5,71400.25,72530.9,none,no_price_available
2026-09-11T08:19:00.891474+00:00,2026-09-11T13:49:00.891474+05:30,NIFTYNXT50,29-Sep-2026,82500.0,CE,0,,0,,0,0.0,,0,0,0,0,0,,,,,,,,,,,,,,,0.0495072015641172,,,,,,12.48,25,71926.55,72044.5,71400.25,72530.9,none,no_price_available
2026-09-11T08:19:00.891474+00:00,2026-09-11T13:49:00.891474+05:30,NIFTYNXT50,29-Sep-2026,82500.0,PE,71936.55,,0,11392,550,0.0,,0,0,0,0,0,,,,,,,,,,,,,,,0.0495072015641172,,,,,,12.48,25,71926.55,72044.5,71400.25,72530.9,none,no_price_available
2026-09-11T08:19:00.891474+00:00,2026-09-11T13:49:00.891474+05:30,NIFTYNXT50,29-Sep-2026,83000.0,CE,0,,0,,0,0.0,,0,0,0,0,0,,,,,,,,,,,,,,,0.0495072015641172,,,,,,12.48,25,71926.55,72044.5,71400.25,72530.9,none,no_price_available
2026-09-11T08:19:00.891474+00:00,2026-09-11T13:49:00.891474+05:30,NIFTYNXT50,29-Sep-2026,83000.0,PE,71936.55,,0,11932.6,550,0.0,,0,0,0,0,0,,,,,,,,,,,,,,,0.0495072015641172,,,,,,12.48,25,71926.55,72044.5,71400.25,72530.9,none,no_price_available
2026-09-11T08:19:00.891474+00:00,2026-09-11T13:49:00.891474+05:30,NIFTYNXT50,29-Sep-2026,83500.0,CE,0,,0,,0,0.0,,0,0,0,0,0,,,,,,,,,,,,,,,0.0495072015641172,,,,,,12.48,25,71926.55,72044.5,71400.25,72530.9,none,no_price_available
2026-09-11T08:19:00.891474+00:00,2026-09-11T13:49:00.891474+05:30,NIFTYNXT50,29-Sep-2026,83500.0,PE,71936.55,,0,12486.2,550,0.0,,0,0,0,0,0,,,,,,,,,,,,,,,0.0495072015641172,,,,,,12.48,25,71926.55,72044.5,71400.25,72530.9,none,no_price_available
2026-09-11T08:19:00.891474+00:00,2026-09-11T13:49:00.891474+05:30,NIFTYNXT50,29-Sep-2026,84000.0,CE,0,,0,,0,0.0,,0,0,0,0,0,,,,,,,,,,,,,,,0.0495072015641172,,,,,,12.48,25,71926.55,72044.5,71400.25,72530.9,none,no_price_available
2026-09-11T08:19:00.891474+00:00,2026-09-11T13:49:00.891474+05:30,NIFTYNXT50,29-Sep-2026,84000.0,PE,71936.55,,0,12999.4,550,0.0,,0,0,0,0,0,,,,,,,,,,,,,,,0.0495072015641172,,,,,,12.48,25,71926.55,72044.5,71400.25,72530.9,none,no_price_available
2026-09-11T08:19:00.891474+00:00,2026-09-11T13:49:00.891474+05:30,NIFTYNXT50,29-Sep-2026,84500.0,CE,0,,0,,0,0.0,,0,0,0,0,0,,,,,,,,,,,,,,,0.0495072015641172,,,,,,12.48,25,71926.55,72044.5,71400.25,72530.9,none,no_price_available
2026-09-11T08:19:00.891474+00:00,2026-09-11T13:49:00.891474+05:30,NIFTYNXT50,29-Sep-2026,84500.0,PE,71936.55,,0,13551.8,550,0.0,,0,0,0,0,0,,,,,,,,,,,,,,,0.0495072015641172,,,,,,12.48,25,71926.55,72044.5,71400.25,72530.9,none,no_price_available
2026-09-11T08:19:00.891474+00:00,2026-09-11T13:49:00.891474+05:30,NIFTYNXT50,29-Sep-2026,85000.0,CE,0,,0,,0,0.0,,0,0,0,0,0,,,,,,,,,,,,,,,0.0495072015641172,,,,,,12.48,25,71926.55,72044.5,71400.25,72530.9,none,no_price_available
2026-09-11T08:19:00.891474+00:00,2026-09-11T13:49:00.891474+05:30,NIFTYNXT50,29-Sep-2026,85000.0,PE,71936.55,,0,14082.35,550,0.0,,0,0,0,0,0,,,,,,,,,,,,,,,0.0495072015641172,,,,,,12.48,25,71926.55,72044.5,71400.25,72530.9,none,no_price_available
2026-09-11T08:25:11.410555+00:00,2026-09-11T13:55:11.410555+05:30,NIFTYNXT50,29-Sep-2026,61000.0,CE,71987.85,9454.4,550,12696.25,550,0.0,11075.325,0,0,0,0,0,,,,,,,,,,,,,,,0.04949545248113268,72226.4,0.06683998412529372,0.01,index_dividend_yield,0.065,12.5,25,71926.55,72060.1,71400.25,72530.9,mid_price,no_nse_iv
2026-09-11T08:25:11.410555+00:00,2026-09-11T13:55:11.410555+05:30,NIFTYNXT50,29-Sep-2026,61000.0,PE,0,,0,,0,0.0,,0,0,0,0,0,,,,,,,,,,,,,,,0.04949545248113268,,,,,,12.5,25,71926.55,72060.1,71400.25,72530.9,none,no_price_available
2026-09-11T08:25:11.410555+00:00,2026-09-11T13:55:11.410555+05:30,NIFTYNXT50,29-Sep-2026,61500.0,CE,71987.85,9015.55,550,12254.8,550,0.0,10635.175,0,0,0,0,0,,,,,,,,,,,,,,,0.04949545248113268,72226.4,0.06683998412529372,0.01,index_dividend_yield,0.065,12.5,25,71926.55,72060.1,71400.25,72530.9,mid_price,no_nse_iv
2026-09-11T08:25:11.410555+00:00,2026-09-11T13:55:11.410555+05:30,NIFTYNXT50,29-Sep-2026,61500.0,PE,0,,0,,0,0.0,,0,0,0,0,0,,,,,,,,,,,,,,,0.04949545248113268,,,,,,12.5,25,71926.55,72060.1,71400.25,72530.9,none,no_price_available
2026-09-11T08:25:11.410555+00:00,2026-09-11T13:55:11.410555+05:30,NIFTYNXT50,29-Sep-2026,62000.0,CE,71987.85,8580.4,550,11721.4,550,0.0,10150.9,0,0,0,0,0,,,,,,,,,,,,,,,0.04949545248113268,72226.4,0.06683998412529372,0.01,index_dividend_yield,0.065,12.5,25,71926.55,72060.1,71400.25,72530.9,mid_price,no_nse_iv
2026-09-11T08:25:11.410555+00:00,2026-09-11T13:55:11.410555+05:30,NIFTYNXT50,29-Sep-2026,62000.0,PE,0,,0,,0,0.0,,0,0,0,0,0,,,,,,,,,,,,,,,0.04949545248113268,,,,,,12.5,25,71926.55,72060.1,71400.25,72530.9,none,no_price_available
2026-09-11T08:25:11.410555+00:00,2026-09-11T13:55:11.410555+05:30,NIFTYNXT50,29-Sep-2026,62500.0,CE,71987.85,8141.55,550,11188,550,0.0,9664.775,0,0,0,0,0,,,,,,,,,,,,,,,0.04949545248113268,72226.4,0.06683998412529372,0.01,index_dividend_yield,0.065,12.5,25,71926.55,72060.1,71400.25,72530.9,mid_price,no_nse_iv
2026-09-11T08:25:11.410555+00:00,2026-09-11T13:55:11.410555+05:30,NIFTYNXT50,29-Sep-2026,62500.0,PE,0,,0,,0,0.0,,0,0,0,0,0,,,,,,,,,,,,,,,0.04949545248113268,,,,,,12.5,25,71926.55,72060.1,71400.25,72530.9,none,no_price_available
2026-09-11T08:25:11.410555+00:00,2026-09-11T13:55:11.410555+05:30,NIFTYNXT50,29-Sep-2026,63000.0,CE,71987.85,7704.55,550,10654.6,550,0.0,9179.575,0,0,0,0,0,,,,,,,,,,,,,,,0.04949545248113268,72226.4,0.06683998412529372,0.01,index_dividend_yield,0.065,12.5,25,71926.55,72060.1,71400.25,72530.9,mid_price,no_nse_iv
2026-09-11T08:25:11.410555+00:00,2026-09-11T13:55:11.410555+05:30,NIFTYNXT50,29-Sep-2026,63000.0,PE,0,,0,,0,0.0,,0,0,0,0,0,,,,,,,,,,,,,,,0.04949545248113268,,,,,,12.5,25,71926.55,72060.1,71400.25,72530.9,none,no_price_available
2026-09-11T08:25:11.410555+00:00,2026-09-11T13:55:11.410555+05:30,NIFTYNXT50,29-Sep-2026,63500.0,CE,71987.85,7269.4,550,10121.2,550,0.0,8695.3,0,0,0,0,0,,,,,,,,,,,,,,,0.04949545248113268,72226.4,0.06683998412529372,0.01,index_dividend_yield,0.065,12.5,25,71926.55,72060.1,71400.25,72530.9,mid_price,no_nse_iv
2026-09-11T08:25:11.410555+00:00,2026-09-11T13:55:11.410555+05:30,NIFTYNXT50,29-Sep-2026,63500.0,PE,0,,0,,0,0.0,,0,0,0,0,0,,,,,,,,,,,,,,,0.04949545248113268,,,,,,12.5,25,71926.55,72060.1,71400.25,72530.9,none,no_price_available
2026-09-11T08:25:11.410555+00:00,2026-09-11T13:55:11.410555+05:30,NIFTYNXT50,29-Sep-2026,64000.0,CE,71987.85,6833.4,550,9587.8,550,0.0,8210.599999999999,0,0,0,0,0,,,,,,,,,,,,,,,0.04949545248113268,72226.4,0.06683998412529372,0.01,index_dividend_yield,0.065,12.5,25,71926.55,72060.1,71400.25,72530.9,mid_price,no_nse_iv
2026-09-11T08:25:11.410555+00:00,2026-09-11T13:55:11.410555+05:30,NIFTYNXT50,29-Sep-2026,64000.0,PE,0,,0,,0,0.0,,0,0,0,0,0,,,,,,,,,,,,,,,0.04949545248113268,,,,,,12.5,25,71926.55,72060.1,71400.25,72530.9,none,no_price_available
2026-09-11T08:25:11.410555+00:00,2026-09-11T13:55:11.410555+05:30,NIFTYNXT50,29-Sep-2026,64100.0,CE,71987.85,6745,550,9255.65,550,0.0,8000.325,0,0,0,0,0,,,,,,,,,,,,,,,0.04949545248113268,72226.4,0.06683998412529372,0.01,index_dividend_yield,0.065,12.5,25,71926.55,72060.1,71400.25,72530.9,mid_price,no_nse_iv
2026-09-11T08:25:11.410555+00:00,2026-09-11T13:55:11.410555+05:30,NIFTYNXT50,29-Sep-2026,64100.0,PE,0,,0,,0,0.0,,0,0,0,0,0,,,,,,,,,,,,,,,0.04949545248113268,,,,,,12.5,25,71926.55,72060.1,71400.25,72530.9,none,no_price_available
2026-09-11T08:25:11.410555+00:00,2026-09-11T13:55:11.410555+05:30,NIFTYNXT50,29-Sep-2026,64200.0,CE,71987.85,6658.6,550,9374.45,550,0.0,8016.525000000001,0,0,0,0,0,,,,,,,,,,,,,,,0.04949545248113268,72226.4,0.06683998412529372,0.01,index_dividend_yield,0.065,12.5,25,71926.55,72060.1,71400.25,72530.9,mid_price,no_nse_iv
2026-09-11T08:25:11.410555+00:00,2026-09-11T13:55:11.410555+05:30,NIFTYNXT50,29-Sep-2026,64200.0,PE,0,,0,,0,0.0,,0,0,0,0,0,,,,,,,,,,,,,,,0.04949545248113268,,,,,,12.5,25,71926.55,72060.1,71400.25,72530.9,none,no_price_available
2026-09-11T08:25:11.410555+00:00,2026-09-11T13:55:11.410555+05:30,NIFTYNXT50,29-Sep-2026,64300.0,CE,71987.85,6571.2,550,9042.3,550,0.0,7806.75,0,0,0,0,0,,,,,,,,,,,,,,,0.04949545248113268,72226.4,0.06683998412529372,0.01,index_dividend_yield,0.065,12.5,25,71926.55,72060.1,71400.25,72530.9,mid_price,no_nse_iv
2026-09-11T08:25:11.410555+00:00,2026-09-11T13:55:11.410555+05:30,NIFTYNXT50,29-Sep-2026,64300.0,PE,0,,0,,0,0.0,,0,0,0,0,0,,,,,,,,,,,,,,,0.04949545248113268,,,,,,12.5,25,71926.55,72060.1,71400.25,72530.9,none,no_price_available
2026-09-11T08:25:11.410555+00:00,2026-09-11T13:55:11.410555+05:30,NIFTYNXT50,29-Sep-2026,64400.0,CE,71987.85,6483.8,550,8935.6,550,0.0,7709.700000000001,0,0,0,0,0,,,,,,,,,,,,,,,0.04949545248113268,72226.4,0.06683998412529372,0.01,index_dividend_yield,0.065,12.5,25,71926.55,72060.1,71400.25,72530.9,mid_price,no_nse_iv
2026-09-11T08:25:11.410555+00:00,2026-09-11T13:55:11.410555+05:30,NIFTYNXT50,29-Sep-2026,64400.0,PE,0,,0,,0,0.0,,0,0,0,0,0,,,,,,,,,,,,,,,0.04949545248113268,,,,,,12.5,25,71926.55,72060.1,71400.25,72530.9,none,no_price_available
2026-09-11T08:25:11.410555+00:00,2026-09-11T13:55:11.410555+05:30,NIFTYNXT50,29-Sep-2026,64500.0,CE,71987.85,6396.4,550,9054.4,550,0.0,7725.4,0,0,0,0,0,,,,,,,,,,,,,,,0.04949545248113268,72226.4,0.06683998412529372,0.01,index_dividend_yield,0.065,12.5,25,71926.55,72060.1,71400.25,72530.9,mid_price,no_nse_iv
2026-09-11T08:25:11.410555+00:00,2026-09-11T13:55:11.410555+05:30,NIFTYNXT50,29-Sep-2026,64500.0,PE,0,,0,,0,0.0,,0,0,0,0,0,,,,,,,,,,,,,,,0.04949545248113268,,,,,,12.5,25,71926.55,72060.1,71400.25,72530.9,none,no_price_available
2026-09-11T08:25:11.410555+00:00,2026-09-11T13:55:11.410555+05:30,NIFTYNXT50,29-Sep-2026,64600.0,CE,71987.85,6309,550,8947.75,550,0.0,7628.375,0,0,0,0,0,,,,,,,,,,,,,,,0.04949545248113268,72226.4,0.06683998412529372,0.01,index_dividend_yield,0.065,12.5,25,71926.55,72060.1,71400.25,72530.9,mid_price,no_nse_iv
2026-09-11T08:25:11.410555+00:00,2026-09-11T13:55:11.410555+05:30,NIFTYNXT50,29-Sep-2026,64600.0,PE,0,,0,,0,0.0,,0,0,0,0,0,,,,,,,,,,,,,,,0.04949545248113268,,,,,,12.5,25,71926.55,72060.1,71400.25,72530.9,none,no_price_available
2026-09-11T08:25:11.410555+00:00,2026-09-11T13:55:11.410555+05:30,NIFTYNXT50,29-Sep-2026,64700.0,CE,71987.85,6220.6,550,8615.55,550,0.0,7418.075,0,0,0,0,0,,,,,,,,,,,,,,,0.04949545248113268,72226.4,0.06683998412529372,0.01,index_dividend_yield,0.065,12.5,25,71926.55,72060.1,71400.25,72530.9,mid_price,no_nse_iv
2026-09-11T08:25:11.410555+00:00,2026-09-11T13:55:11.410555+05:30,NIFTYNXT50,29-Sep-2026,64700.0,PE,0,,0,,0,0.0,,0,0,0,0,0,,,,,,,,,,,,,,,0.04949545248113268,,,,,,12.5,25,71926.55,72060.1,71400.25,72530.9,none,no_price_available
2026-09-11T08:25:11.410555+00:00,2026-09-11T13:55:11.410555+05:30,NIFTYNXT50,29-Sep-2026,64800.0,CE,71987.85,6131.35,550,8508.9,550,0.0,7320.125,0,0,0,0,0,,,,,,,,,,,,,,,0.04949545248113268,72226.4,0.06683998412529372,0.01,index_dividend_yield,0.065,12.5,25,71926.55,72060.1,71400.25,72530.9,mid_price,no_nse_iv
2026-09-11T08:25:11.410555+00:00,2026-09-11T13:55:11.410555+05:30,NIFTYNXT50,29-Sep-2026,64800.0,PE,0,,0,,0,0.0,,0,0,0,0,0,,,,,,,,,,,,,,,0.04949545248113268,,,,,,12.5,25,71926.55,72060.1,71400.25,72530.9,none,no_price_available
2026-09-11T08:25:11.410555+00:00,2026-09-11T13:55:11.410555+05:30,NIFTYNXT50,29-Sep-2026,64900.0,CE,71987.85,6045.8,550,8627.7,550,0.0,7336.75,0,0,0,0,0,,,,,,,,,,,,,,,0.04949545248113268,72226.4,0.06683998412529372,0.01,index_dividend_yield,0.065,12.5,25,71926.55,72060.1,71400.25,72530.9,mid_price,no_nse_iv
2026-09-11T08:25:11.410555+00:00,2026-09-11T13:55:11.410555+05:30,NIFTYNXT50,29-Sep-2026,64900.0,PE,0,,0,,0,0.0,,0,0,0,0,0,,,,,,,,,,,,,,,0.04949545248113268,,,,,,12.5,25,71926.55,72060.1,71400.25,72530.9,none,no_price_available
2026-09-11T08:25:11.410555+00:00,2026-09-11T13:55:11.410555+05:30,NIFTYNXT50,29-Sep-2026,65000.0,CE,71987.85,5958.4,550,8521,550,0.0,7239.7,0,0,0,0,0,,,,,,,,,,,,,,,0.04949545248113268,72226.4,0.06683998412529372,0.01,index_dividend_yield,0.065,12.5,25,71926.55,72060.1,71400.25,72530.9,mid_price,no_nse_iv
2026-09-11T08:25:11.410555+00:00,2026-09-11T13:55:11.410555+05:30,NIFTYNXT50,29-Sep-2026,65000.0,PE,0,,0,,0,0.0,,0,0,0,0,0,,,,,,,,,,,,,,,0.04949545248113268,,,,,,12.5,25,71926.55,72060.1,71400.25,72530.9,none,no_price_available
2026-09-11T08:25:11.410555+00:00,2026-09-11T13:55:11.410555+05:30,NIFTYNXT50,29-Sep-2026,65100.0,CE,71987.85,5872,550,8414.35,550,0.0,7143.175,0,0,0,0,0,,,,,,,,,,,,,,,0.04949545248113268,72226.4,0.06683998412529372,0.01,index_dividend_yield,0.065,12.5,25,71926.55,72060.1,71400.25,72530.9,mid_price,no_nse_iv
2026-09-11T08:25:11.410555+00:00,2026-09-11T13:55:11.410555+05:30,NIFTYNXT50,29-Sep-2026,65100.0,PE,0,,0,,0,0.0,,0,0,0,0,0,,,,,,,,,,,,,,,0.04949545248113268,,,,,,12.5,25,71926.55,72060.1,71400.25,72530.9,none,no_price_available
2026-09-11T08:25:11.410555+00:00,2026-09-11T13:55:11.410555+05:30,NIFTYNXT50,29-Sep-2026,65200.0,CE,71987.85,5781.75,550,8082.15,550,0.0,6931.95,0,0,0,0,0,,,,,,,,,,,,,,,0.04949545248113268,72226.4,0.06683998412529372,0.01,index_dividend_yield,0.065,12.5,25,71926.55,72060.1,71400.25,72530.9,mid_price,no_nse_iv
2026-09-11T08:25:11.410555+00:00,2026-09-11T13:55:11.410555+05:30,NIFTYNXT50,29-Sep-2026,65200.0,PE,0,,0,,0,0.0,,0,0,0,0,0,,,,,,,,,,,,,,,0.04949545248113268,,,,,,12.5,25,71926.55,72060.1,71400.25,72530.9,none,no_price_available
2026-09-11T08:25:11.410555+00:00,2026-09-11T13:55:11.410555+05:30,NIFTYNXT50,29-Sep-2026,65300.0,CE,71987.85,5697.2,550,8200.95,550,0.0,6949.075000000001,0,0,0,0,0,,,,,,,,,,,,,,,0.04949545248113268,72226.4,0.06683998412529372,0.01,index_dividend_yield,0.065,12.5,25,71926.55,72060.1,71400.25,72530.9,mid_price,no_nse_iv
2026-09-11T08:25:11.410555+00:00,2026-09-11T13:55:11.410555+05:30,NIFTYNXT50,29-Sep-2026,65300.0,PE,0,,0,,0,0.0,,0,0,0,0,0,,,,,,,,,,,,,,,0.04949545248113268,,,,,,12.5,25,71926.55,72060.1,71400.25,72530.9,none,no_price_available
2026-09-11T08:25:11.410555+00:00,2026-09-11T13:55:11.410555+05:30,NIFTYNXT50,29-Sep-2026,65400.0,CE,71987.85,5609.8,550,8094.3,550,0.0,6852.05,0,0,0,0,0,,,,,,,,,,,,,,,0.04949545248113268,72226.4,0.06683998412529372,0.01,index_dividend_yield,0.065,12.5,25,71926.55,72060.1,71400.25,72530.9,mid_price,no_nse_iv
2026-09-11T08:25:11.410555+00:00,2026-09-11T13:55:11.410555+05:30,NIFTYNXT50,29-Sep-2026,65400.0,PE,0,,0,,0,0.0,,0,0,0,0,0,,,,,,,,,,,,,,,0.04949545248113268,,,,,,12.5,25,71926.55,72060.1,71400.25,72530.9,none,no_price_available
2026-09-11T08:25:11.410555+00:00,2026-09-11T13:55:11.410555+05:30,NIFTYNXT50,29-Sep-2026,65500.0,CE,71987.85,5521.4,550,7762.15,550,0.0,6641.775,0,0,0,0,0,,,,,,,,,,,,,,,0.04949545248113268,72226.4,0.06683998412529372,0.01,index_dividend_yield,0.065,12.5,25,71926.55,72060.1,71400.25,72530.9,mid_price,no_nse_iv
2026-09-11T08:25:11.410555+00:00,2026-09-11T13:55:11.410555+05:30,NIFTYNXT50,29-Sep-2026,65500.0,PE,0,,0,,0,0.0,,0,0,0,0,0,,,,,,,,,,,,,,,0.04949545248113268,,,,,,12.5,25,71926.55,72060.1,71400.25,72530.9,none,no_price_available
2026-09-11T08:25:11.410555+00:00,2026-09-11T13:55:11.410555+05:30,NIFTYNXT50,29-Sep-2026,65600.0,CE,71987.85,5432.15,550,7880.95,550,0.0,6656.549999999999,0,0,0,0,0,,,,,,,,,,,,,,,0.04949545248113268,72226.4,0.06683998412529372,0.01,index_dividend_yield,0.065,12.5,25,71926.55,72060.1,71400.25,72530.9,mid_price,no_nse_iv
2026-09-11T08:25:11.410555+00:00,2026-09-11T13:55:11.410555+05:30,NIFTYNXT50,29-Sep-2026,65600.0,PE,0,,0,,0,0.0,,0,0,0,0,0,,,,,,,,,,,,,,,0.04949545248113268,,,,,,12.5,25,71926.55,72060.1,71400.25,72530.9,none,no_price_available
2026-09-11T08:25:11.410555+00:00,2026-09-11T13:55:11.410555+05:30,NIFTYNXT50,29-Sep-2026,65700.0,CE,71987.85,5346.6,550,7548.75,550,0.0,6447.675,0,0,0,0,0,,,,,,,,,,,,,,,0.04949545248113268,72226.4,0.06683998412529372,0.01,index_dividend_yield,0.065,12.5,25,71926.55,72060.1,71400.25,72530.9,mid_price,no_nse_iv
2026-09-11T08:25:11.410555+00:00,2026-09-11T13:55:11.410555+05:30,NIFTYNXT50,29-Sep-2026,65700.0,PE,0,,0,,0,0.0,,0,0,0,0,0,,,,,,,,,,,,,,,0.04949545248113268,,,,,,12.5,25,71926.55,72060.1,71400.25,72530.9,none,no_price_available
2026-09-11T08:25:11.410555+00:00,2026-09-11T13:55:11.410555+05:30,NIFTYNXT50,29-Sep-2026,65800.0,CE,71987.85,5257.35,550,7442.1,550,0.0,6349.725,0,0,0,0,0,,,,,,,,,,,,,,,0.04949545248113268,72226.4,0.06683998412529372,0.01,index_dividend_yield,0.065,12.5,25,71926.55,72060.1,71400.25,72530.9,mid_price,no_nse_iv
2026-09-11T08:25:11.410555+00:00,2026-09-11T13:55:11.410555+05:30,NIFTYNXT50,29-Sep-2026,65800.0,PE,0,,0,,0,0.0,,0,0,0,0,0,,,,,,,,,,,,,,,0.04949545248113268,,,,,,12.5,25,71926.55,72060.1,71400.25,72530.9,none,no_price_available
2026-09-11T08:25:11.410555+00:00,2026-09-11T13:55:11.410555+05:30,NIFTYNXT50,29-Sep-2026,65900.0,CE,71987.85,5169.95,550,7560.9,550,0.0,6365.424999999999,0,0,0,0,0,,,,,,,,,,,,,,,0.04949545248113268,72226.4,0.06683998412529372,0.01,index_dividend_yield,0.065,12.5,25,71926.55,72060.1,71400.25,72530.9,mid_price,no_nse_iv
2026-09-11T08:25:11.410555+00:00,2026-09-11T13:55:11.410555+05:30,NIFTYNXT50,29-Sep-2026,65900.0,PE,0,,0,,0,0.0,,0,0,0,0,0,,,,,,,,,,,,,,,0.04949545248113268,,,,,,12.5,25,71926.55,72060.1,71400.25,72530.9,none,no_price_available
2026-09-11T08:25:11.410555+00:00,2026-09-11T13:55:11.410555+05:30,NIFTYNXT50,29-Sep-2026,66000.0,CE,71987.85,5084.4,550,7454.2,550,0.0,6269.299999999999,0,0,0,0,0,,,,,,,,,,,,,,,0.04949545248113268,72226.4,0.06683998412529372,0.01,index_dividend_yield,0.065,12.5,25,71926.55,72060.1,71400.25,72530.9,mid_price,no_nse_iv
2026-09-11T08:25:11.410555+00:00,2026-09-11T13:55:11.410555+05:30,NIFTYNXT50,29-Sep-2026,66000.0,PE,0,,0,,0,0.0,,0,0,0,0,0,,,,,,,,,,,,,,,0.04949545248113268,,,,,,12.5,25,71926.55,72060.1,71400.25,72530.9,none,no_price_available
2026-09-11T08:25:11.410555+00:00,2026-09-11T13:55:11.410555+05:30,NIFTYNXT50,29-Sep-2026,66100.0,CE,71987.85,4997,550,7347.55,550,0.0,6172.275,0,0,0,0,0,,,,,,,,,,,,,,,0.04949545248113268,72226.4,0.06683998412529372,0.01,index_dividend_yield,0.065,12.5,25,71926.55,72060.1,71400.25,72530.9,mid_price,no_nse_iv
2026-09-11T08:25:11.410555+00:00,2026-09-11T13:55:11.410555+05:30,NIFTYNXT50,29-Sep-2026,66100.0,PE,0,,0,,0,0.0,,0,0,0,0,0,,,,,,,,,,,,,,,0.04949545248113268,,,,,,12.5,25,71926.55,72060.1,71400.25,72530.9,none,no_price_available
2026-09-11T08:25:11.410555+00:00,2026-09-11T13:55:11.410555+05:30,NIFTYNXT50,29-Sep-2026,66200.0,CE,71987.85,4907.75,550,7240.85,550,0.0,6074.3,0,0,0,0,0,,,,,,,,,,,,,,,0.04949545248113268,72226.4,0.06683998412529372,0.01,index_dividend_yield,0.065,12.5,25,71926.55,72060.1,71400.25,72530.9,mid_price,no_nse_iv
2026-09-11T08:25:11.410555+00:00,2026-09-11T13:55:11.410555+05:30,NIFTYNXT50,29-Sep-2026,66200.0,PE,0,,0,,0,0.0,,0,0,0,0,0,,,,,,,,,,,,,,,0.04949545248113268,,,,,,12.5,25,71926.55,72060.1,71400.25,72530.9,none,no_price_available
2026-09-11T08:25:11.410555+00:00,2026-09-11T13:55:11.410555+05:30,NIFTYNXT50,29-Sep-2026,66300.0,CE,71987.85,4822.2,550,7134.15,550,0.0,5978.174999999999,0,0,0,0,0,,,,,,,,,,,,,,,0.04949545248113268,72226.4,0.06683998412529372,0.01,index_dividend_yield,0.065,12.5,25,71926.55,72060.1,71400.25,72530.9,mid_price,no_nse_iv
2026-09-11T08:25:11.410555+00:00,2026-09-11T13:55:11.410555+05:30,NIFTYNXT50,29-Sep-2026,66300.0,PE,0,,0,,0,0.0,,0,0,0,0,0,,,,,,,,,,,,,,,0.04949545248113268,,,,,,12.5,25,71926.55,72060.1,71400.25,72530.9,none,no_price_available
2026-09-11T08:25:11.410555+00:00,2026-09-11T13:55:11.410555+05:30,NIFTYNXT50,29-Sep-2026,66400.0,CE,71987.85,4734.8,550,7027.5,550,0.0,5881.15,0,0,0,0,0,,,,,,,,,,,,,,,0.04949545248113268,72226.4,0.06683998412529372,0.01,index_dividend_yield,0.065,12.5,25,71926.55,72060.1,71400.25,72530.9,mid_price,no_nse_iv
2026-09-11T08:25:11.410555+00:00,2026-09-11T13:55:11.410555+05:30,NIFTYNXT50,29-Sep-2026,66400.0,PE,0,,0,,0,0.0,,0,0,0,0,0,,,,,,,,,,,,,,,0.04949545248113268,,,,,,12.5,25,71926.55,72060.1,71400.25,72530.9,none,no_price_available
2026-09-11T08:25:11.410555+00:00,2026-09-11T13:55:11.410555+05:30,NIFTYNXT50,29-Sep-2026,66500.0,CE,71987.85,4645.55,550,6920.8,550,0.0,5783.175,0,0,0,0,0,,,,,,,,,,,,,,,0.04949545248113268,72226.4,0.06683998412529372,0.01,index_dividend_yield,0.065,12.5,25,71926.55,72060.1,71400.25,72530.9,mid_price,no_nse_iv
2026-09-11T08:25:11.410555+00:00,2026-09-11T13:55:11.410555+05:30,NIFTYNXT50,29-Sep-2026,66500.0,PE,0,,0,,0,0.0,,0,0,0,0,0,,,,,,,,,,,,,,,0.04949545248113268,,,,,,12.5,25,71926.55,72060.1,71400.25,72530.9,none,no_price_available
2026-09-11T08:25:11.410555+00:00,2026-09-11T13:55:11.410555+05:30,NIFTYNXT50,29-Sep-2026,66600.0,CE,71987.85,4560,550,6814.15,550,0.0,5687.075,0,0,0,0,0,,,,,,,,,,,,,,,0.04949545248113268,72226.4,0.06683998412529372,0.01,index_dividend_yield,0.065,12.5,25,71926.55,72060.1,71400.25,72530.9,mid_price,no_nse_iv
2026-09-11T08:25:11.410555+00:00,2026-09-11T13:55:11.410555+05:30,NIFTYNXT50,29-Sep-2026,66600.0,PE,0,,0,,0,0.0,,0,0,0,0,0,,,,,,,,,,,,,,,0.04949545248113268,,,,,,12.5,25,71926.55,72060.1,71400.25,72530.9,none,no_price_available
2026-09-11T08:25:11.410555+00:00,2026-09-11T13:55:11.410555+05:30,NIFTYNXT50,29-Sep-2026,66700.0,CE,71987.85,4472.6,550,6707.45,550,0.0,5590.025,0,0,0,0,0,,,,,,,,,,,,,,,0.04949545248113268,72226.4,0.06683998412529372,0.01,index_dividend_yield,0.065,12.5,25,71926.55,72060.1,71400.25,72530.9,mid_price,no_nse_iv
2026-09-11T08:25:11.410555+00:00,2026-09-11T13:55:11.410555+05:30,NIFTYNXT50,29-Sep-2026,66700.0,PE,0,,0,,0,0.0,,0,0,0,0,0,,,,,,,,,,,,,,,0.04949545248113268,,,,,,12.5,25,71926.55,72060.1,71400.25,72530.9,none,no_price_available
2026-09-11T08:25:11.410555+00:00,2026-09-11T13:55:11.410555+05:30,NIFTYNXT50,29-Sep-2026,66800.0,CE,71987.85,4383.35,550,6600.75,550,0.0,5492.05,0,0,0,0,0,,,,,,,,,,,,,,,0.04949545248113268,72226.4,0.06683998412529372,0.01,index_dividend_yield,0.065,12.5,25,71926.55,72060.1,71400.25,72530.9,mid_price,no_nse_iv
2026-09-11T08:25:11.410555+00:00,2026-09-11T13:55:11.410555+05:30,NIFTYNXT50,29-Sep-2026,66800.0,PE,0,,0,,0,0.0,,0,0,0,0,0,,,,,,,,,,,,,,,0.04949545248113268,,,,,,12.5,25,71926.55,72060.1,71400.25,72530.9,none,no_price_available
2026-09-11T08:25:11.410555+00:00,2026-09-11T13:55:11.410555+05:30,NIFTYNXT50,29-Sep-2026,66900.0,CE,71987.85,4295.95,550,6494.1,550,0.0,5395.025,0,0,0,0,0,,,,,,,,,,,,,,,0.04949545248113268,72226.4,0.06683998412529372,0.01,index_dividend_yield,0.065,12.5,25,71926.55,72060.1,71400.25,72530.9,mid_price,no_nse_iv
2026-09-11T08:25:11.410555+00:00,2026-09-11T13:55:11.410555+05:30,NIFTYNXT50,29-Sep-2026,66900.0,PE,0,,0,,0,0.0,,0,0,0,0,0,,,,,,,,,,,,,,,0.04949545248113268,,,,,,12.5,25,71926.55,72060.1,71400.25,72530.9,none,no_price_available
2026-09-11T08:25:11.410555+00:00,2026-09-11T13:55:11.410555+05:30,NIFTYNXT50,29-Sep-2026,67000.0,CE,71987.85,4211.4,550,6387.4,550,0.0,5299.4,0,0,0,0,0,,,,,,,,,,,,,,,0.04949545248113268,72226.4,0.06683998412529372,0.01,index_dividend_yield,0.065,12.5,25,71926.55,72060.1,71400.25,72530.9,mid_price,no_nse_iv
2026-09-11T08:25:11.410555+00:00,2026-09-11T13:55:11.410555+05:30,NIFTYNXT50,29-Sep-2026,67000.0,PE,71987.85,2,150,280,25,0.0,141.0,6,0,0,0,21.31,-0.0552520619235983,3.270892290999366e-05,-9.930695600920108,17.87859547015607,-0.811051309397074,0.004426890718657678,207.2714562982636,-1.57427767309302e-08,0.00022571973379207461,-1.1650932858367984e-06,-1.6259485496402848,-48.76871112617716,0.06058261369134498,3.776026590832185e-05,0.04949545248113268,72226.4,0.06683998412529372,0.01,index_dividend_yield,0.065,12.5,25,71926.55,72060.1,71400.25,72530.9,mid_price,wide_quote_low_liquidity
2026-09-11T08:25:11.410555+00:00,2026-09-11T13:55:11.410555+05:30,NIFTYNXT50,29-Sep-2026,67100.0,CE,71987.85,4123,550,6280.75,550,0.0,5201.875,0,0,0,0,0,,,,,,,,,,,,,,,0.04949545248113268,72226.4,0.06683998412529372,0.01,index_dividend_yield,0.065,12.5,25,71926.55,72060.1,71400.25,72530.9,mid_price,no_nse_iv
2026-09-11T08:25:11.410555+00:00,2026-09-11T13:55:11.410555+05:30,NIFTYNXT50,29-Sep-2026,67100.0,PE,0,,0,,0,0.0,,0,0,0,0,0,,,,,,,,,,,,,,,0.04949545248113268,,,,,,12.5,25,71926.55,72060.1,71400.25,72530.9,none,no_price_available
2026-09-11T08:25:11.410555+00:00,2026-09-11T13:55:11.410555+05:30,NIFTYNXT50,29-Sep-2026,67200.0,CE,71987.85,4036.6,550,6174.05,550,0.0,5105.325,0,0,0,0,0,,,,,,,,,,,,,,,0.04949545248113268,72226.4,0.06683998412529372,0.01,index_dividend_yield,0.065,12.5,25,71926.55,72060.1,71400.25,72530.9,mid_price,no_nse_iv
2026-09-11T08:25:11.410555+00:00,2026-09-11T13:55:11.410555+05:30,NIFTYNXT50,29-Sep-2026,67200.0,PE,0,,0,,0,0.0,,0,0,0,0,0,,,,,,,,,,,,,,,0.04949545248113268,,,,,,12.5,25,71926.55,72060.1,71400.25,72530.9,none,no_price_available
2026-09-11T08:25:11.410555+00:00,2026-09-11T13:55:11.410555+05:30,NIFTYNXT50,29-Sep-2026,67300.0,CE,71987.85,3949.2,550,6067.35,550,0.0,5008.275,0,0,0,0,0,,,,,,,,,,,,,,,0.04949545248113268,72226.4,0.06683998412529372,0.01,index_dividend_yield,0.065,12.5,25,71926.55,72060.1,71400.25,72530.9,mid_price,no_nse_iv
2026-09-11T08:25:11.410555+00:00,2026-09-11T13:55:11.410555+05:30,NIFTYNXT50,29-Sep-2026,67300.0,PE,0,,0,,0,0.0,,0,0,0,0,0,,,,,,,,,,,,,,,0.04949545248113268,,,,,,12.5,25,71926.55,72060.1,71400.25,72530.9,none,no_price_available
2026-09-11T08:25:11.410555+00:00,2026-09-11T13:55:11.410555+05:30,NIFTYNXT50,29-Sep-2026,67400.0,CE,71987.85,3860.8,550,5960.7,550,0.0,4910.75,0,0,0,0,0,,,,,,,,,,,,,,,0.04949545248113268,72226.4,0.06683998412529372,0.01,index_dividend_yield,0.065,12.5,25,71926.55,72060.1,71400.25,72530.9,mid_price,no_nse_iv
2026-09-11T08:25:11.410555+00:00,2026-09-11T13:55:11.410555+05:30,NIFTYNXT50,29-Sep-2026,67400.0,PE,0,,0,,0,0.0,,0,0,0,0,0,,,,,,,,,,,,,,,0.04949545248113268,,,,,,12.5,25,71926.55,72060.1,71400.25,72530.9,none,no_price_available
2026-09-11T08:25:11.410555+00:00,2026-09-11T13:55:11.410555+05:30,NIFTYNXT50,29-Sep-2026,67500.0,CE,71987.85,3774.8,550,5853.9,550,0.0,4814.35,0,0,0,0,0,,,,,,,,,,,,,,,0.04949545248113268,72226.4,0.06683998412529372,0.01,index_dividend_yield,0.065,12.5,25,71926.55,72060.1,71400.25,72530.9,mid_price,no_nse_iv
2026-09-11T08:25:11.410555+00:00,2026-09-11T13:55:11.410555+05:30,NIFTYNXT50,29-Sep-2026,67500.0,PE,0,,0,,0,0.0,,0,0,0,0,0,,,,,,,,,,,,,,,0.04949545248113268,,,,,,12.5,25,71926.55,72060.1,71400.25,72530.9,none,no_price_available
2026-09-11T08:25:11.410555+00:00,2026-09-11T13:55:11.410555+05:30,NIFTYNXT50,29-Sep-2026,67600.0,CE,71987.85,3708.65,550,5747.35,550,0.0,4728.0,0,0,0,0,0,,,,,,,,,,,,,,,0.04949545248113268,72226.4,0.06683998412529372,0.01,index_dividend_yield,0.065,12.5,25,71926.55,72060.1,71400.25,72530.9,mid_price,no_nse_iv
2026-09-11T08:25:11.410555+00:00,2026-09-11T13:55:11.410555+05:30,NIFTYNXT50,29-Sep-2026,67600.0,PE,0,,0,,0,0.0,,0,0,0,0,0,,,,,,,,,,,,,,,0.04949545248113268,,,,,,12.5,25,71926.55,72060.1,71400.25,72530.9,none,no_price_available
2026-09-11T08:25:11.410555+00:00,2026-09-11T13:55:11.410555+05:30,NIFTYNXT50,29-Sep-2026,67700.0,CE,71987.85,3635.35,550,5640.65,550,0.0,4638.0,0,0,0,0,0,,,,,,,,,,,,,,,0.04949545248113268,72226.4,0.06683998412529372,0.01,index_dividend_yield,0.065,12.5,25,71926.55,72060.1,71400.25,72530.9,mid_price,no_nse_iv
2026-09-11T08:25:11.410555+00:00,2026-09-11T13:55:11.410555+05:30,NIFTYNXT50,29-Sep-2026,67700.0,PE,0,,0,,0,0.0,,0,0,0,0,0,,,,,,,,,,,,,,,0.04949545248113268,,,,,,12.5,25,71926.55,72060.1,71400.25,72530.9,none,no_price_available
2026-09-11T08:25:11.410555+00:00,2026-09-11T13:55:11.410555+05:30,NIFTYNXT50,29-Sep-2026,67800.0,CE,71987.85,3599.55,550,5533.95,550,0.0,4566.75,0,0,0,0,0,,,,,,,,,,,,,,,0.04949545248113268,72226.4,0.06683998412529372,0.01,index_dividend_yield,0.065,12.5,25,71926.55,72060.1,71400.25,72530.9,mid_price,no_nse_iv
2026-09-11T08:25:11.410555+00:00,2026-09-11T13:55:11.410555+05:30,NIFTYNXT50,29-Sep-2026,67800.0,PE,0,,0,,0,0.0,,0,0,0,0,0,,,,,,,,,,,,,,,0.04949545248113268,,,,,,12.5,25,71926.55,72060.1,71400.25,72530.9,none,no_price_available
2026-09-11T08:25:11.410555+00:00,2026-09-11T13:55:11.410555+05:30,NIFTYNXT50,29-Sep-2026,67900.0,CE,71987.85,3491.95,550,5427.3,550,0.0,4459.625,0,0,0,0,0,,,,,,,,,,,,,,,0.04949545248113268,72226.4,0.06683998412529372,0.01,index_dividend_yield,0.065,12.5,25,71926.55,72060.1,71400.25,72530.9,mid_price,no_nse_iv
2026-09-11T08:25:11.410555+00:00,2026-09-11T13:55:11.410555+05:30,NIFTYNXT50,29-Sep-2026,67900.0,PE,0,,0,,0,0.0,,0,0,0,0,0,,,,,,,,,,,,,,,0.04949545248113268,,,,,,12.5,25,71926.55,72060.1,71400.25,72530.9,none,no_price_available
2026-09-11T08:25:11.410555+00:00,2026-09-11T13:55:11.410555+05:30,NIFTYNXT50,29-Sep-2026,68000.0,CE,71987.85,3426.65,550,5320.6,550,0.0,4373.625,0,0,0,0,0,,,,,,,,,,,,,,,0.04949545248113268,72226.4,0.06683998412529372,0.01,index_dividend_yield,0.065,12.5,25,71926.55,72060.1,71400.25,72530.9,mid_price,no_nse_iv
2026-09-11T08:25:11.410555+00:00,2026-09-11T13:55:11.410555+05:30,NIFTYNXT50,29-Sep-2026,68000.0,PE,0,,0,,0,0.0,,0,0,0,0,0,,,,,,,,,,,,,,,0.04949545248113268,,,,,,12.5,25,71926.55,72060.1,71400.25,72530.9,none,no_price_available
2026-09-11T08:25:11.410555+00:00,2026-09-11T13:55:11.410555+05:30,NIFTYNXT50,29-Sep-2026,68100.0,CE,71987.85,3286.75,550,5479.3,550,0.0,4383.025,0,0,0,0,0,,,,,,,,,,,,,,,0.04949545248113268,72226.4,0.06683998412529372,0.01,index_dividend_yield,0.065,12.5,25,71926.55,72060.1,71400.25,72530.9,mid_price,no_nse_iv
2026-09-11T08:25:11.410555+00:00,2026-09-11T13:55:11.410555+05:30,NIFTYNXT50,29-Sep-2026,68100.0,PE,0,,0,,0,0.0,,0,0,0,0,0,,,,,,,,,,,,,,,0.04949545248113268,,,,,,12.5,25,71926.55,72060.1,71400.25,72530.9,none,no_price_available
2026-09-11T08:25:11.410555+00:00,2026-09-11T13:55:11.410555+05:30,NIFTYNXT50,29-Sep-2026,68200.0,CE,71987.85,3239.9,550,5107.25,550,0.0,4173.575,0,0,0,0,0,,,,,,,,,,,,,,,0.04949545248113268,72226.4,0.06683998412529372,0.01,index_dividend_yield,0.065,12.5,25,71926.55,72060.1,71400.25,72530.9,mid_price,no_nse_iv
2026-09-11T08:25:11.410555+00:00,2026-09-11T13:55:11.410555+05:30,NIFTYNXT50,29-Sep-2026,68200.0,PE,0,,0,,0,0.0,,0,0,0,0,0,,,,,,,,,,,,,,,0.04949545248113268,,,,,,12.5,25,71926.55,72060.1,71400.25,72530.9,none,no_price_available
2026-09-11T08:25:11.410555+00:00,2026-09-11T13:55:11.410555+05:30,NIFTYNXT50,29-Sep-2026,68300.0,CE,71987.85,3146.05,550,5265.95,550,0.0,4206.0,0,0,0,0,0,,,,,,,,,,,,,,,0.04949545248113268,72226.4,0.06683998412529372,0.01,index_dividend_yield,0.065,12.5,25,71926.55,72060.1,71400.25,72530.9,mid_price,no_nse_iv
2026-09-11T08:25:11.410555+00:00,2026-09-11T13:55:11.410555+05:30,NIFTYNXT50,29-Sep-2026,68300.0,PE,0,,0,,0,0.0,,0,0,0,0,0,,,,,,,,,,,,,,,0.04949545248113268,,,,,,12.5,25,71926.55,72060.1,71400.25,72530.9,none,no_price_available
2026-09-11T08:25:11.410555+00:00,2026-09-11T13:55:11.410555+05:30,NIFTYNXT50,29-Sep-2026,68400.0,CE,71987.85,3076.25,550,4894.9,550,0.0,3985.575,0,0,0,0,0,,,,,,,,,,,,,,,0.04949545248113268,72226.4,0.06683998412529372,0.01,index_dividend_yield,0.065,12.5,25,71926.55,72060.1,71400.25,72530.9,mid_price,no_nse_iv
2026-09-11T08:25:11.410555+00:00,2026-09-11T13:55:11.410555+05:30,NIFTYNXT50,29-Sep-2026,68400.0,PE,0,,0,,0,0.0,,0,0,0,0,0,,,,,,,,,,,,,,,0.04949545248113268,,,,,,12.5,25,71926.55,72060.1,71400.25,72530.9,none,no_price_available
2026-09-11T08:25:11.410555+00:00,2026-09-11T13:55:11.410555+05:30,NIFTYNXT50,29-Sep-2026,68500.0,CE,71987.85,2862.15,550,4789.7,550,0.0,3825.925,0,0,0,0,0,,,,,,,,,,,,,,,0.04949545248113268,72226.4,0.06683998412529372,0.01,index_dividend_yield,0.065,12.5,25,71926.55,72060.1,71400.25,72530.9,mid_price,no_nse_iv
2026-09-11T08:25:11.410555+00:00,2026-09-11T13:55:11.410555+05:30,NIFTYNXT50,29-Sep-2026,68500.0,PE,0,,0,,0,0.0,,0,0,0,0,0,,,,,,,,,,,,,,,0.04949545248113268,,,,,,12.5,25,71926.55,72060.1,71400.25,72530.9,none,no_price_available
2026-09-11T08:25:11.410555+00:00,2026-09-11T13:55:11.410555+05:30,NIFTYNXT50,29-Sep-2026,68600.0,CE,71987.85,2829.4,550,4684.8,550,0.0,3757.1000000000004,0,0,0,0,0,,,,,,,,,,,,,,,0.04949545248113268,72226.4,0.06683998412529372,0.01,index_dividend_yield,0.065,12.5,25,71926.55,72060.1,71400.25,72530.9,mid_price,no_nse_iv
2026-09-11T08:25:11.410555+00:00,2026-09-11T13:55:11.410555+05:30,NIFTYNXT50,29-Sep-2026,68600.0,PE,0,,0,,0,0.0,,0,0,0,0,0,,,,,,,,,,,,,,,0.04949545248113268,,,,,,12.5,25,71926.55,72060.1,71400.25,72530.9,none,no_price_available
2026-09-11T08:25:11.410555+00:00,2026-09-11T13:55:11.410555+05:30,NIFTYNXT50,29-Sep-2026,68700.0,CE,71987.85,2802.45,550,4579.9,550,0.0,3691.1749999999997,0,0,0,0,0,,,,,,,,,,,,,,,0.04949545248113268,72226.4,0.06683998412529372,0.01,index_dividend_yield,0.065,12.5,25,71926.55,72060.1,71400.25,72530.9,mid_price,no_nse_iv
2026-09-11T08:25:11.410555+00:00,2026-09-11T13:55:11.410555+05:30,NIFTYNXT50,29-Sep-2026,68700.0,PE,0,,0,,0,0.0,,0,0,0,0,0,,,,,,,,,,,,,,,0.04949545248113268,,,,,,12.5,25,71926.55,72060.1,71400.25,72530.9,none,no_price_available
2026-09-11T08:25:11.410555+00:00,2026-09-11T13:55:11.410555+05:30,NIFTYNXT50,29-Sep-2026,68800.0,CE,71987.85,2726.65,550,4474.9,550,0.0,3600.7749999999996,0,0,0,0,0,,,,,,,,,,,,,,,0.04949545248113268,72226.4,0.06683998412529372,0.01,index_dividend_yield,0.065,12.5,25,71926.55,72060.1,71400.25,72530.9,mid_price,no_nse_iv
2026-09-11T08:25:11.410555+00:00,2026-09-11T13:55:11.410555+05:30,NIFTYNXT50,29-Sep-2026,68800.0,PE,0,,0,,0,0.0,,0,0,0,0,0,,,,,,,,,,,,,,,0.04949545248113268,,,,,,12.5,25,71926.55,72060.1,71400.25,72530.9,none,no_price_available
2026-09-11T08:25:11.410555+00:00,2026-09-11T13:55:11.410555+05:30,NIFTYNXT50,29-Sep-2026,68900.0,CE,71987.85,2631.1,550,4369.9,550,0.0,3500.5,0,0,0,0,0,,,,,,,,,,,,,,,0.04949545248113268,72226.4,0.06683998412529372,0.01,index_dividend_yield,0.065,12.5,25,71926.55,72060.1,71400.25,72530.9,mid_price,no_nse_iv
2026-09-11T08:25:11.410555+00:00,2026-09-11T13:55:11.410555+05:30,NIFTYNXT50,29-Sep-2026,68900.0,PE,0,,0,,0,0.0,,0,0,0,0,0,,,,,,,,,,,,,,,0.04949545248113268,,,,,,12.5,25,71926.55,72060.1,71400.25,72530.9,none,no_price_available
2026-09-11T08:25:11.410555+00:00,2026-09-11T13:55:11.410555+05:30,NIFTYNXT50,29-Sep-2026,69000.0,CE,71987.85,2574.95,550,4264.9,550,0.0,3419.9249999999997,0,0,0,0,0,,,,,,,,,,,,,,,0.04949545248113268,72226.4,0.06683998412529372,0.01,index_dividend_yield,0.065,12.5,25,71926.55,72060.1,71400.25,72530.9,mid_price,no_nse_iv
2026-09-11T08:25:11.410555+00:00,2026-09-11T13:55:11.410555+05:30,NIFTYNXT50,29-Sep-2026,69000.0,PE,0,,0,,0,0.0,,0,0,0,0,0,,,,,,,,,,,,,,,0.04949545248113268,,,,,,12.5,25,71926.55,72060.1,71400.25,72530.9,none,no_price_available
2026-09-11T08:25:11.410555+00:00,2026-09-11T13:55:11.410555+05:30,NIFTYNXT50,29-Sep-2026,69100.0,CE,71987.85,2519.15,25,4420.7,550,0.0,3469.925,0,0,0,0,0,,,,,,,,,,,,,,,0.04949545248113268,72226.4,0.06683998412529372,0.01,index_dividend_yield,0.065,12.5,25,71926.55,72060.1,71400.25,72530.9,mid_price,no_nse_iv
2026-09-11T08:25:11.410555+00:00,2026-09-11T13:55:11.410555+05:30,NIFTYNXT50,29-Sep-2026,69100.0,PE,0,,0,,0,0.0,,0,0,0,0,0,,,,,,,,,,,,,,,0.04949545248113268,,,,,,12.5,25,71926.55,72060.1,71400.25,72530.9,none,no_price_available
2026-09-11T08:25:11.410555+00:00,2026-09-11T13:55:11.410555+05:30,NIFTYNXT50,29-Sep-2026,69200.0,CE,71987.85,2463.85,25,4054.5,550,0.0,3259.175,0,0,0,0,0,,,,,,,,,,,,,,,0.04949545248113268,72226.4,0.06683998412529372,0.01,index_dividend_yield,0.065,12.5,25,71926.55,72060.1,71400.25,72530.9,mid_price,no_nse_iv
2026-09-11T08:25:11.410555+00:00,2026-09-11T13:55:11.410555+05:30,NIFTYNXT50,29-Sep-2026,69200.0,PE,0,,0,,0,0.0,,0,0,0,0,0,,,,,,,,,,,,,,,0.04949545248113268,,,,,,12.5,25,71926.55,72060.1,71400.25,72530.9,none,no_price_available
2026-09-11T08:25:11.410555+00:00,2026-09-11T13:55:11.410555+05:30,NIFTYNXT50,29-Sep-2026,69300.0,CE,71987.85,2409,375,3949.9,550,0.0,3179.45,0,0,0,0,0,,,,,,,,,,,,,,,0.04949545248113268,72226.4,0.06683998412529372,0.01,index_dividend_yield,0.065,12.5,25,71926.55,72060.1,71400.25,72530.9,mid_price,no_nse_iv
2026-09-11T08:25:11.410555+00:00,2026-09-11T13:55:11.410555+05:30,NIFTYNXT50,29-Sep-2026,69300.0,PE,0,,0,,0,0.0,,0,0,0,0,0,,,,,,,,,,,,,,,0.04949545248113268,,,,,,12.5,25,71926.55,72060.1,71400.25,72530.9,none,no_price_available
2026-09-11T08:25:11.410555+00:00,2026-09-11T13:55:11.410555+05:30,NIFTYNXT50,29-Sep-2026,69400.0,CE,71987.85,2180.85,425,3844.9,550,0.0,3012.875,0,0,0,0,0,,,,,,,,,,,,,,,0.04949545248113268,72226.4,0.06683998412529372,0.01,index_dividend_yield,0.065,12.5,25,71926.55,72060.1,71400.25,72530.9,mid_price,no_nse_iv
2026-09-11T08:25:11.410555+00:00,2026-09-11T13:55:11.410555+05:30,NIFTYNXT50,29-Sep-2026,69400.0,PE,0,,0,,0,0.0,,0,0,0,0,0,,,,,,,,,,,,,,,0.04949545248113268,,,,,,12.5,25,71926.55,72060.1,71400.25,72530.9,none,no_price_available
2026-09-11T08:25:11.410555+00:00,2026-09-11T13:55:11.410555+05:30,NIFTYNXT50,29-Sep-2026,69500.0,CE,71987.85,2112.45,425,3739.9,550,0.0,2926.175,0,0,0,0,0,,,,,,,,,,,,,,,0.04949545248113268,72226.4,0.06683998412529372,0.01,index_dividend_yield,0.065,12.5,25,71926.55,72060.1,71400.25,72530.9,mid_price,no_nse_iv
2026-09-11T08:25:11.410555+00:00,2026-09-11T13:55:11.410555+05:30,NIFTYNXT50,29-Sep-2026,69500.0,PE,0,,0,,0,0.0,,0,0,0,0,0,,,,,,,,,,,,,,,0.04949545248113268,,,,,,12.5,25,71926.55,72060.1,71400.25,72530.9,none,no_price_available
2026-09-11T08:25:11.410555+00:00,2026-09-11T13:55:11.410555+05:30,NIFTYNXT50,29-Sep-2026,69600.0,CE,71987.85,2028.25,450,3634.9,550,0.0,2831.575,0,0,0,0,0,,,,,,,,,,,,,,,0.04949545248113268,72226.4,0.06683998412529372,0.01,index_dividend_yield,0.065,12.5,25,71926.55,72060.1,71400.25,72530.9,mid_price,no_nse_iv
2026-09-11T08:25:11.410555+00:00,2026-09-11T13:55:11.410555+05:30,NIFTYNXT50,29-Sep-2026,69600.0,PE,0,,0,,0,0.0,,0,0,0,0,0,,,,,,,,,,,,,,,0.04949545248113268,,,,,,12.5,25,71926.55,72060.1,71400.25,72530.9,none,no_price_available
2026-09-11T08:25:11.410555+00:00,2026-09-11T13:55:11.410555+05:30,NIFTYNXT50,29-Sep-2026,69700.0,CE,71987.85,1918.75,475,3529.9,550,0.0,2724.325,0,0,0,0,0,,,,,,,,,,,,,,,0.04949545248113268,72226.4,0.06683998412529372,0.01,index_dividend_yield,0.065,12.5,25,71926.55,72060.1,71400.25,72530.9,mid_price,no_nse_iv
2026-09-11T08:25:11.410555+00:00,2026-09-11T13:55:11.410555+05:30,NIFTYNXT50,29-Sep-2026,69700.0,PE,0,,0,,0,0.0,,0,0,0,0,0,,,,,,,,,,,,,,,0.04949545248113268,,,,,,12.5,25,71926.55,72060.1,71400.25,72530.9,none,no_price_available
2026-09-11T08:25:11.410555+00:00,2026-09-11T13:55:11.410555+05:30,NIFTYNXT50,29-Sep-2026,69800.0,CE,71987.85,1844.4,500,3424.9,550,0.0,2634.65,0,0,0,0,0,,,,,,,,,,,,,,,0.04949545248113268,72226.4,0.06683998412529372,0.01,index_dividend_yield,0.065,12.5,25,71926.55,72060.1,71400.25,72530.9,mid_price,no_nse_iv
2026-09-11T08:25:11.410555+00:00,2026-09-11T13:55:11.410555+05:30,NIFTYNXT50,29-Sep-2026,69800.0,PE,0,,0,,0,0.0,,0,0,0,0,0,,,,,,,,,,,,,,,0.04949545248113268,,,,,,12.5,25,71926.55,72060.1,71400.25,72530.9,none,no_price_available
2026-09-11T08:25:11.410555+00:00,2026-09-11T13:55:11.410555+05:30,NIFTYNXT50,29-Sep-2026,69900.0,CE,71987.85,1828.2,500,3319.9,550,0.0,2574.05,0,0,0,0,0,,,,,,,,,,,,,,,0.04949545248113268,72226.4,0.06683998412529372,0.01,index_dividend_yield,0.065,12.5,25,71926.55,72060.1,71400.25,72530.9,mid_price,no_nse_iv
2026-09-11T08:25:11.410555+00:00,2026-09-11T13:55:11.410555+05:30,NIFTYNXT50,29-Sep-2026,69900.0,PE,71987.85,0.05,50,647.05,50,0.0,323.54999999999995,0,0,0,0,0,,,,,,,,,,,,,,,0.04949545248113268,72226.4,0.06683998412529372,0.01,index_dividend_yield,0.065,12.5,25,71926.55,72060.1,71400.25,72530.9,mid_price,no_nse_iv
2026-09-11T08:25:11.410555+00:00,2026-09-11T13:55:11.410555+05:30,NIFTYNXT50,29-Sep-2026,70000.0,CE,71987.85,1754.45,525,3235.75,550,0.0,2495.1,0,0,0,0,0,,,,,,,,,,,,,,,0.04949545248113268,72226.4,0.06683998412529372,0.01,index_dividend_yield,0.065,12.5,25,71926.55,72060.1,71400.25,72530.9,mid_price,no_nse_iv
2026-09-11T08:25:11.410555+00:00,2026-09-11T13:55:11.410555+05:30,NIFTYNXT50,29-Sep-2026,70000.0,PE,71987.85,,0,,0,0.0,,0,0,0,0,0,,,,,,,,,,,,,,,0.04949545248113268,,,,,,12.5,25,71926.55,72060.1,71400.25,72530.9,none,no_price_available
2026-09-11T08:25:11.410555+00:00,2026-09-11T13:55:11.410555+05:30,NIFTYNXT50,29-Sep-2026,70100.0,CE,71987.85,1642.9,550,3172.3,550,0.0,2407.6000000000004,0,0,0,0,0,,,,,,,,,,,,,,,0.04949545248113268,72226.4,0.06683998412529372,0.01,index_dividend_yield,0.065,12.5,25,71926.55,72060.1,71400.25,72530.9,mid_price,no_nse_iv
2026-09-11T08:25:11.410555+00:00,2026-09-11T13:55:11.410555+05:30,NIFTYNXT50,29-Sep-2026,70100.0,PE,71987.85,0.05,50,,0,0.0,,0,0,0,0,0,,,,,,,,,,,,,,,0.04949545248113268,,,,,,12.5,25,71926.55,72060.1,71400.25,72530.9,none,no_price_available
2026-09-11T08:25:11.410555+00:00,2026-09-11T13:55:11.410555+05:30,NIFTYNXT50,29-Sep-2026,70200.0,CE,71987.85,1556.1,550,3063.1,550,0.0,2309.6,0,0,0,0,0,,,,,,,,,,,,,,,0.04949545248113268,72226.4,0.06683998412529372,0.01,index_dividend_yield,0.065,12.5,25,71926.55,72060.1,71400.25,72530.9,mid_price,no_nse_iv
2026-09-11T08:25:11.410555+00:00,2026-09-11T13:55:11.410555+05:30,NIFTYNXT50,29-Sep-2026,70200.0,PE,71987.85,0.05,50,,0,0.0,,0,0,0,0,0,,,,,,,,,,,,,,,0.04949545248113268,,,,,,12.5,25,71926.55,72060.1,71400.25,72530.9,none,no_price_available
2026-09-11T08:25:11.410555+00:00,2026-09-11T13:55:11.410555+05:30,NIFTYNXT50,29-Sep-2026,70300.0,CE,71987.85,,0,2953.9,550,0.0,,0,0,0,0,0,,,,,,,,,,,,,,,0.04949545248113268,,,,,,12.5,25,71926.55,72060.1,71400.25,72530.9,none,no_price_available
2026-09-11T08:25:11.410555+00:00,2026-09-11T13:55:11.410555+05:30,NIFTYNXT50,29-Sep-2026,70300.0,PE,71987.85,0.05,50,667.1,50,0.0,333.575,0,0,0,0,0,,,,,,,,,,,,,,,0.04949545248113268,72226.4,0.06683998412529372,0.01,index_dividend_yield,0.065,12.5,25,71926.55,72060.1,71400.25,72530.9,mid_price,no_nse_iv
2026-09-11T08:25:11.410555+00:00,2026-09-11T13:55:11.410555+05:30,NIFTYNXT50,29-Sep-2026,70400.0,CE,71987.85,215.95,50,3302.95,550,0.0,1759.4499999999998,0,0,0,0,0,,,,,,,,,,,,,,,0.04949545248113268,72226.4,0.06683998412529372,0.01,index_dividend_yield,0.065,12.5,25,71926.55,72060.1,71400.25,72530.9,mid_price,no_nse_iv
2026-09-11T08:25:11.410555+00:00,2026-09-11T13:55:11.410555+05:30,NIFTYNXT50,29-Sep-2026,70400.0,PE,0,,0,,0,0.0,,0,0,0,0,0,,,,,,,,,,,,,,,0.04949545248113268,,,,,,12.5,25,71926.55,72060.1,71400.25,72530.9,none,no_price_available
2026-09-11T08:25:11.410555+00:00,2026-09-11T13:55:11.410555+05:30,NIFTYNXT50,29-Sep-2026,70500.0,CE,71987.85,183.55,50,3193.65,550,0.0,1688.6000000000001,0,0,0,0,0,,,,,,,,,,,,,,,0.04949545248113268,72226.4,0.06683998412529372,0.01,index_dividend_yield,0.065,12.5,25,71926.55,72060.1,71400.25,72530.9,mid_price,no_nse_iv
2026-09-11T08:25:11.410555+00:00,2026-09-11T13:55:11.410555+05:30,NIFTYNXT50,29-Sep-2026,70500.0,PE,71987.85,60.05,50,1669.9,50,0.0,864.975,0,0,0,0,0,,,,,,,,,,,,,,,0.04949545248113268,72226.4,0.06683998412529372,0.01,index_dividend_yield,0.065,12.5,25,71926.55,72060.1,71400.25,72530.9,mid_price,no_nse_iv
2026-09-11T08:25:11.410555+00:00,2026-09-11T13:55:11.410555+05:30,NIFTYNXT50,29-Sep-2026,70600.0,CE,71987.85,143.7,50,3084.55,550,0.0,1614.125,0,0,0,0,0,,,,,,,,,,,,,,,0.04949545248113268,72226.4,0.06683998412529372,0.01,index_dividend_yield,0.065,12.5,25,71926.55,72060.1,71400.25,72530.9,mid_price,no_nse_iv
2026-09-11T08:25:11.410555+00:00,2026-09-11T13:55:11.410555+05:30,NIFTYNXT50,29-Sep-2026,70600.0,PE,71987.85,0.1,50,1035.25,50,0.0,517.675,0,0,0,0,0,,,,,,,,,,,,,,,0.04949545248113268,72226.4,0.06683998412529372,0.01,index_dividend_yield,0.065,12.5,25,71926.55,72060.1,71400.25,72530.9,mid_price,no_nse_iv
2026-09-11T08:25:11.410555+00:00,2026-09-11T13:55:11.410555+05:30,NIFTYNXT50,29-Sep-2026,70700.0,CE,71987.85,1786.95,100,1994.2,100,0.0,1890.575,0,0,0,0,0,,,,,,,,,,,,,,,0.04949545248113268,72226.4,0.06683998412529372,0.01,index_dividend_yield,0.065,12.5,25,71926.55,72060.1,71400.25,72530.9,mid_price,no_nse_iv
2026-09-11T08:25:11.410555+00:00,2026-09-11T13:55:11.410555+05:30,NIFTYNXT50,29-Sep-2026,70700.0,PE,71987.85,,0,1087.45,50,0.0,,0,0,0,0,0,,,,,,,,,,,,,,,0.04949545248113268,,,,,,12.5,25,71926.55,72060.1,71400.25,72530.9,none,no_price_available
2026-09-11T08:25:11.410555+00:00,2026-09-11T13:55:11.410555+05:30,NIFTYNXT50,29-Sep-2026,70800.0,CE,71987.85,,0,2805.4,550,0.0,,0,0,0,0,0,,,,,,,,,,,,,,,0.04949545248113268,,,,,,12.5,25,71926.55,72060.1,71400.25,72530.9,none,no_price_available
2026-09-11T08:25:11.410555+00:00,2026-09-11T13:55:11.410555+05:30,NIFTYNXT50,29-Sep-2026,70800.0,PE,71987.85,,0,,0,0.0,,0,0,0,0,0,,,,,,,,,,,,,,,0.04949545248113268,,,,,,12.5,25,71926.55,72060.1,71400.25,72530.9,none,no_price_available
2026-09-11T08:25:11.410555+00:00,2026-09-11T13:55:11.410555+05:30,NIFTYNXT50,29-Sep-2026,70900.0,CE,71987.85,47.75,50,2740.25,550,0.0,1394.0,0,0,0,0,0,,,,,,,,,,,,,,,0.04949545248113268,72226.4,0.06683998412529372,0.01,index_dividend_yield,0.065,12.5,25,71926.55,72060.1,71400.25,72530.9,mid_price,no_nse_iv
2026-09-11T08:25:11.410555+00:00,2026-09-11T13:55:11.410555+05:30,NIFTYNXT50,29-Sep-2026,70900.0,PE,71987.85,0.05,50,1934.5,50,0.0,967.275,0,0,0,0,0,,,,,,,,,,,,,,,0.04949545248113268,72226.4,0.06683998412529372,0.01,index_dividend_yield,0.065,12.5,25,71926.55,72060.1,71400.25,72530.9,mid_price,no_nse_iv
2026-09-11T08:25:11.410555+00:00,2026-09-11T13:55:11.410555+05:30,NIFTYNXT50,29-Sep-2026,71000.0,CE,71987.85,,0,2625.6,550,0.0,,0,0,0,0,0,,,,,,,,,,,,,,,0.04949545248113268,,,,,,12.5,25,71926.55,72060.1,71400.25,72530.9,none,no_price_available
2026-09-11T08:25:11.410555+00:00,2026-09-11T13:55:11.410555+05:30,NIFTYNXT50,29-Sep-2026,71000.0,PE,71987.85,50.5,25,,0,0.0,,0,0,0,0,0,,,,,,,,,,,,,,,0.04949545248113268,,,,,,12.5,25,71926.55,72060.1,71400.25,72530.9,none,no_price_available
2026-09-11T08:25:11.410555+00:00,2026-09-11T13:55:11.410555+05:30,NIFTYNXT50,29-Sep-2026,71100.0,CE,71987.85,0.2,25,2516.3,550,0.0,1258.25,0,0,0,0,0,,,,,,,,,,,,,,,0.04949545248113268,72226.4,0.06683998412529372,0.01,index_dividend_yield,0.065,12.5,25,71926.55,72060.1,71400.25,72530.9,mid_price,no_nse_iv
2026-09-11T08:25:11.410555+00:00,2026-09-11T13:55:11.410555+05:30,NIFTYNXT50,29-Sep-2026,71100.0,PE,71987.85,0.15,50,2077.95,50,0.0,1039.05,0,0,0,0,0,,,,,,,,,,,,,,,0.04949545248113268,72226.4,0.06683998412529372,0.01,index_dividend_yield,0.065,12.5,25,71926.55,72060.1,71400.25,72530.9,mid_price,no_nse_iv
2026-09-11T08:25:11.410555+00:00,2026-09-11T13:55:11.410555+05:30,NIFTYNXT50,29-Sep-2026,71200.0,CE,71987.85,,0,2407.2,550,0.0,,0,0,0,0,0,,,,,,,,,,,,,,,0.04949545248113268,,,,,,12.5,25,71926.55,72060.1,71400.25,72530.9,none,no_price_available
2026-09-11T08:25:11.410555+00:00,2026-09-11T13:55:11.410555+05:30,NIFTYNXT50,29-Sep-2026,71200.0,PE,71987.85,,0,1257.8,550,0.0,,0,0,0,0,0,,,,,,,,,,,,,,,0.04949545248113268,,,,,,12.5,25,71926.55,72060.1,71400.25,72530.9,none,no_price_available
2026-09-11T08:25:11.410555+00:00,2026-09-11T13:55:11.410555+05:30,NIFTYNXT50,29-Sep-2026,71300.0,CE,71987.85,0.1,25,2368.8,550,0.0,1184.45,0,0,0,0,0,,,,,,,,,,,,,,,0.04949545248113268,72226.4,0.06683998412529372,0.01,index_dividend_yield,0.065,12.5,25,71926.55,72060.1,71400.25,72530.9,mid_price,no_nse_iv
2026-09-11T08:25:11.410555+00:00,2026-09-11T13:55:11.410555+05:30,NIFTYNXT50,29-Sep-2026,71300.0,PE,71987.85,,0,1309.4,550,0.0,,0,0,0,0,0,,,,,,,,,,,,,,,0.04949545248113268,,,,,,12.5,25,71926.55,72060.1,71400.25,72530.9,none,no_price_available
2026-09-11T08:25:11.410555+00:00,2026-09-11T13:55:11.410555+05:30,NIFTYNXT50,29-Sep-2026,71400.0,CE,71987.85,,0,2188.8,550,0.0,,0,0,0,0,0,,,,,,,,,,,,,,,0.04949545248113268,,,,,,12.5,25,71926.55,72060.1,71400.25,72530.9,none,no_price_available
2026-09-11T08:25:11.410555+00:00,2026-09-11T13:55:11.410555+05:30,NIFTYNXT50,29-Sep-2026,71400.0,PE,71987.85,,0,,0,0.0,,0,0,0,0,0,,,,,,,,,,,,,,,0.04949545248113268,,,,,,12.5,25,71926.55,72060.1,71400.25,72530.9,none,no_price_available
2026-09-11T08:25:11.410555+00:00,2026-09-11T13:55:11.410555+05:30,NIFTYNXT50,29-Sep-2026,71500.0,CE,71987.85,1231.4,100,1362.6,100,1100,1297.0,0,0,1,-71.40852026096223,9.89,0.6710635430370097,0.0002281359110346532,-22.93734491010409,57.87268738983185,-1.5411497276052177,0.001763077885717279,109.54331182265165,-6.543554382757693e-08,-0.0018750396283130734,5.834030027683789e-06,-1.7242345964820842,47.01620250552807,-0.6612718479239623,0.00023125970950006153,0.04949545248113268,72226.4,0.06683998412529372,0.01,index_dividend_yield,0.065,12.5,25,71926.55,72060.1,71400.25,72530.9,mid_price,ok
2026-09-11T08:25:11.410555+00:00,2026-09-11T13:55:11.410555+05:30,NIFTYNXT50,29-Sep-2026,71500.0,PE,71987.85,300.25,50,830,25,0.0,565.125,0,0,0,0,0,,,,,,,,,,,,,,,0.04949545248113268,72226.4,0.06683998412529372,0.01,index_dividend_yield,0.065,12.5,25,71926.55,72060.1,71400.25,72530.9,mid_price,no_nse_iv
2026-09-11T08:25:11.410555+00:00,2026-09-11T13:55:11.410555+05:30,NIFTYNXT50,29-Sep-2026,71600.0,CE,71987.85,970,50,,0,0.0,,0,0,0,0,0,,,,,,,,,,,,,,,0.04949545248113268,,,,,,12.5,25,71926.55,72060.1,71400.25,72530.9,none,no_price_available
2026-09-11T08:25:11.410555+00:00,2026-09-11T13:55:11.410555+05:30,NIFTYNXT50,29-Sep-2026,71600.0,PE,0,,0,,0,0.0,,0,0,0,0,0,,,,,,,,,,,,,,,0.04949545248113268,,,,,,12.5,25,71926.55,72060.1,71400.25,72530.9,none,no_price_available
2026-09-11T08:25:11.410555+00:00,2026-09-11T13:55:11.410555+05:30,NIFTYNXT50,29-Sep-2026,71700.0,CE,71987.85,0.1,50,3433.55,50,0.0,1716.825,0,0,0,0,0,,,,,,,,,,,,,,,0.04949545248113268,72226.4,0.06683998412529372,0.01,index_dividend_yield,0.065,12.5,25,71926.55,72060.1,71400.25,72530.9,mid_price,no_nse_iv
2026-09-11T08:25:11.410555+00:00,2026-09-11T13:55:11.410555+05:30,NIFTYNXT50,29-Sep-2026,71700.0,PE,0,,0,,0,0.0,,0,0,0,0,0,,,,,,,,,,,,,,,0.04949545248113268,,,,,,12.5,25,71926.55,72060.1,71400.25,72530.9,none,no_price_available
2026-09-11T08:25:11.410555+00:00,2026-09-11T13:55:11.410555+05:30,NIFTYNXT50,29-Sep-2026,71800.0,CE,71987.85,,0,,0,0.0,,0,0,0,0,0,,,,,,,,,,,,,,,0.04949545248113268,,,,,,12.5,25,71926.55,72060.1,71400.25,72530.9,none,no_price_available
2026-09-11T08:25:11.410555+00:00,2026-09-11T13:55:11.410555+05:30,NIFTYNXT50,29-Sep-2026,71800.0,PE,71987.85,37.2,50,1640.85,50,0.0,839.025,0,0,0,0,0,,,,,,,,,,,,,,,0.04949545248113268,72226.4,0.06683998412529372,0.01,index_dividend_yield,0.065,12.5,25,71926.55,72060.1,71400.25,72530.9,mid_price,no_nse_iv
2026-09-11T08:25:11.410555+00:00,2026-09-11T13:55:11.410555+05:30,NIFTYNXT50,29-Sep-2026,71900.0,CE,71987.85,,0,,0,0.0,,0,0,0,0,0,,,,,,,,,,,,,,,0.04949545248113268,,,,,,12.5,25,71926.55,72060.1,71400.25,72530.9,none,no_price_available
2026-09-11T08:25:11.410555+00:00,2026-09-11T13:55:11.410555+05:30,NIFTYNXT50,29-Sep-2026,71900.0,PE,71987.85,50.95,50,1711.35,50,0.0,881.15,0,0,0,0,0,,,,,,,,,,,,,,,0.04949545248113268,72226.4,0.06683998412529372,0.01,index_dividend_yield,0.065,12.5,25,71926.55,72060.1,71400.25,72530.9,mid_price,no_nse_iv
2026-09-11T08:25:11.410555+00:00,2026-09-11T13:55:11.410555+05:30,NIFTYNXT50,29-Sep-2026,72000.0,CE,71987.85,951.05,25,1052.9,125,1100,1001.975,0,0,3,-69.34438793283634,14.88,0.537055037990194,0.00016658825845921433,-31.82444626351148,63.58153729499724,-0.16164259047507512,-0.0011268316444873472,2.4254426760812464,-8.737547815347109e-09,-0.0011132397324087437,4.662245903266964e-06,-1.7410193288722977,37.0473520985945,-0.522470407560041,0.00016653203966584537,0.04949545248113268,72226.4,0.06683998412529372,0.01,index_dividend_yield,0.065,12.5,25,71926.55,72060.1,71400.25,72530.9,mid_price,ok
2026-09-11T08:25:11.410555+00:00,2026-09-11T13:55:11.410555+05:30,NIFTYNXT50,29-Sep-2026,72000.0,PE,71987.85,531,25,1198.95,25,0.0,864.975,7,0,0,0,14.08,-0.4610637497687235,0.00017599482778466464,-19.62307130067491,63.560347735232234,-0.18563310421793044,-0.0011985294023489357,2.8892777555178384,-9.872890707011765e-09,-0.0012420250426314742,4.929200091438677e-06,-1.7391048479546214,-41.01619950920378,0.47222506421339,0.00017593543454201506,0.04949545248113268,72226.4,0.06683998412529372,0.01,index_dividend_yield,0.065,12.5,25,71926.55,72060.1,71400.25,72530.9,mid_price,wide_quote_low_liquidity
2026-09-11T08:25:11.410555+00:00,2026-09-11T13:55:11.410555+05:30,NIFTYNXT50,29-Sep-2026,72100.0,CE,71987.85,,0,1100,25,0.0,,0,0,0,0,0,,,,,,,,,,,,,,,0.04949545248113268,,,,,,12.5,25,71926.55,72060.1,71400.25,72530.9,none,no_price_available
2026-09-11T08:25:11.410555+00:00,2026-09-11T13:55:11.410555+05:30,NIFTYNXT50,29-Sep-2026,72100.0,PE,71987.85,,0,1490.7,550,0.0,,0,0,0,0,0,,,,,,,,,,,,,,,0.04949545248113268,,,,,,12.5,25,71926.55,72060.1,71400.25,72530.9,none,no_price_available
2026-09-11T08:25:11.410555+00:00,2026-09-11T13:55:11.410555+05:30,NIFTYNXT50,29-Sep-2026,72200.0,CE,71987.85,,0,1100,25,0.0,,0,0,0,0,0,,,,,,,,,,,,,,,0.04949545248113268,,,,,,12.5,25,71926.55,72060.1,71400.25,72530.9,none,no_price_available
2026-09-11T08:25:11.410555+00:00,2026-09-11T13:55:11.410555+05:30,NIFTYNXT50,29-Sep-2026,72200.0,PE,71987.85,,0,1569.65,550,0.0,,0,0,0,0,0,,,,,,,,,,,,,,,0.04949545248113268,,,,,,12.5,25,71926.55,72060.1,71400.25,72530.9,none,no_price_available
2026-09-11T08:25:11.410555+00:00,2026-09-11T13:55:11.410555+05:30,NIFTYNXT50,29-Sep-2026,72300.0,CE,71987.85,,0,1100,25,0.0,,0,0,0,0,0,,,,,,,,,,,,,,,0.04949545248113268,,,,,,12.5,25,71926.55,72060.1,71400.25,72530.9,none,no_price_available
2026-09-11T08:25:11.410555+00:00,2026-09-11T13:55:11.410555+05:30,NIFTYNXT50,29-Sep-2026,72300.0,PE,71987.85,511.05,50,1696.85,550,0.0,1103.95,0,0,0,0,0,,,,,,,,,,,,,,,0.04949545248113268,72226.4,0.06683998412529372,0.01,index_dividend_yield,0.065,12.5,25,71926.55,72060.1,71400.25,72530.9,mid_price,no_nse_iv
2026-09-11T08:25:11.410555+00:00,2026-09-11T13:55:11.410555+05:30,NIFTYNXT50,29-Sep-2026,72400.0,CE,71987.85,0.1,50,1199.95,50,0.0,600.025,0,0,0,0,0,,,,,,,,,,,,,,,0.04949545248113268,72226.4,0.06683998412529372,0.01,index_dividend_yield,0.065,12.5,25,71926.55,72060.1,71400.25,72530.9,mid_price,no_nse_iv
2026-09-11T08:25:11.410555+00:00,2026-09-11T13:55:11.410555+05:30,NIFTYNXT50,29-Sep-2026,72400.0,PE,71987.85,,0,,0,0.0,,2,0,0,0,10.55,,,,,,,,,,,,,,,0.04949545248113268,,,,,,12.5,25,71926.55,72060.1,71400.25,72530.9,none,no_price_available
2026-09-11T08:25:11.410555+00:00,2026-09-11T13:55:11.410555+05:30,NIFTYNXT50,29-Sep-2026,72500.0,CE,71987.85,410,25,866.95,25,0.0,638.475,0,0,0,0,0,,,,,,,,,,,,,,,0.04949545248113268,72226.4,0.06683998412529372,0.01,index_dividend_yield,0.065,12.5,25,71926.55,72060.1,71400.25,72530.9,mid_price,no_nse_iv
2026-09-11T08:25:11.410555+00:00,2026-09-11T13:55:11.410555+05:30,NIFTYNXT50,29-Sep-2026,72500.0,PE,71987.85,981.3,125,1091.95,125,1080,1036.625,7,0,3,26.057776480887075,15.27,-0.5441442984172318,0.00016203607146421883,-20.71553803925448,63.465023804251956,0.37768268730065113,-0.003369861454917022,6.748343175882354,5.10945265041262e-09,-0.001043954031081982,4.337931927201434e-06,-1.814866646261109,-34.2782502534397,0.5560625808008275,0.0001597548670782491,0.04949545248113268,72226.4,0.06683998412529372,0.01,index_dividend_yield,0.065,12.5,25,71926.55,72060.1,71400.25,72530.9,mid_price,ok
2026-09-11T08:25:11.410555+00:00,2026-09-11T13:55:11.410555+05:30,NIFTYNXT50,29-Sep-2026,72600.0,CE,71987.85,655.65,150,748.4,150,602.2,702.025,1,1,1,-81.7130016246337,11.66,0.4172093074439751,0.00020893636337885848,-24.59174809286437,62.487951362785836,0.7845733515894626,-0.0047884000394534665,26.201920827119807,2.0106261199985593e-08,-0.0017044134404418036,5.254550785493685e-06,-1.8881832094969013,53.85370978802143,-0.40600971069273695,0.00020542779097100665,0.04949545248113268,72226.4,0.06683998412529372,0.01,index_dividend_yield,0.065,12.5,25,71926.55,72060.1,71400.25,72530.9,mid_price,ok
2026-09-11T08:25:11.410555+00:00,2026-09-11T13:55:11.410555+05:30,NIFTYNXT50,29-Sep-2026,72600.0,PE,71987.85,1015.7,125,1142.4,125,1264.2,1079.0500000000002,5,0,2,64.23514127963625,17.31,-0.5514172338846975,0.0001426232046581761,-24.11949536408974,63.32438248520737,0.3847676601301253,-0.0034067116506087953,8.007112419054607,4.680401925050243e-09,-0.000805927176474638,3.7939524764831916e-06,-1.8216101729574063,-29.887591912438612,0.5650619238026643,0.00014022819867410183,0.04949545248113268,72226.4,0.06683998412529372,0.01,index_dividend_yield,0.065,12.5,25,71926.55,72060.1,71400.25,72530.9,mid_price,ok
2026-09-11T08:25:11.410555+00:00,2026-09-11T13:55:11.410555+05:30,NIFTYNXT50,29-Sep-2026,72700.0,CE,71987.85,,0,750,25,0.0,,0,0,0,0,0,,,,,,,,,,,,,,,0.04949545248113268,,,,,,12.5,25,71926.55,72060.1,71400.25,72530.9,none,no_price_available
2026-09-11T08:25:11.410555+00:00,2026-09-11T13:55:11.410555+05:30,NIFTYNXT50,29-Sep-2026,72700.0,PE,71987.85,,0,,0,0.0,,0,0,0,0,0,,,,,,,,,,,,,,,0.04949545248113268,,,,,,12.5,25,71926.55,72060.1,71400.25,72530.9,none,no_price_available
2026-09-11T08:25:11.410555+00:00,2026-09-11T13:55:11.410555+05:30,NIFTYNXT50,29-Sep-2026,72800.0,CE,71987.85,0.05,50,799.95,25,0.0,400.0,0,0,0,0,0,,,,,,,,,,,,,,,0.04949545248113268,72226.4,0.06683998412529372,0.01,index_dividend_yield,0.065,12.5,25,71926.55,72060.1,71400.25,72530.9,mid_price,no_nse_iv
2026-09-11T08:25:11.410555+00:00,2026-09-11T13:55:11.410555+05:30,NIFTYNXT50,29-Sep-2026,72800.0,PE,71987.85,,0,,0,0.0,,0,0,0,0,0,,,,,,,,,,,,,,,0.04949545248113268,,,,,,12.5,25,71926.55,72060.1,71400.25,72530.9,none,no_price_available
2026-09-11T08:25:11.410555+00:00,2026-09-11T13:55:11.410555+05:30,NIFTYNXT50,29-Sep-2026,72900.0,CE,71987.85,,0,750,25,0.0,,0,0,0,0,0,,,,,,,,,,,,,,,0.04949545248113268,,,,,,12.5,25,71926.55,72060.1,71400.25,72530.9,none,no_price_available
2026-09-11T08:25:11.410555+00:00,2026-09-11T13:55:11.410555+05:30,NIFTYNXT50,29-Sep-2026,72900.0,PE,71987.85,255.25,50,1996.9,475,0.0,1126.075,3,0,0,0,16.07,-0.6015630481025108,0.00014985267787373093,-20.692504619552654,61.76807829643933,0.7054199119239102,-0.004781076118261285,29.168041707357872,1.284533902010363e-08,-0.000861765655051544,3.6750354114998987e-06,-1.9049829404060719,-30.344274955742296,0.6136126289274784,0.00014612612161535155,0.04949545248113268,72226.4,0.06683998412529372,0.01,index_dividend_yield,0.065,12.5,25,71926.55,72060.1,71400.25,72530.9,mid_price,wide_quote_low_liquidity
2026-09-11T08:25:11.410555+00:00,2026-09-11T13:55:11.410555+05:30,NIFTYNXT50,29-Sep-2026,73000.0,CE,71987.85,510,25,539.75,25,516,524.875,33,19,131,-21.461187214611872,12.8,0.35162724927565225,0.00018093016182818515,-24.772956383571188,59.402489505708616,1.1850371870604781,-0.006153015131730165,72.21225166994216,3.064386613382761e-08,-0.0011936240358454454,3.869945689130019e-06,-2.0180562245342415,52.89220795065864,-0.34019609113708327,0.000175947725692539,0.04949545248113268,72226.4,0.06683998412529372,0.01,index_dividend_yield,0.065,12.5,25,71926.55,72060.1,71400.25,72530.9,mid_price,ok
2026-09-11T08:25:11.410555+00:00,2026-09-11T13:55:11.410555+05:30,NIFTYNXT50,29-Sep-2026,73000.0,PE,71987.85,1256.05,25,1320,25,1253.1,1288.025,22,-1,10,18.21698113207547,14.28,-0.6319709234539059,0.00016467617132901607,-16.737571970734614,60.31740844111986,0.9750194024677472,-0.0056589547512195795,52.76854361130745,2.180608133148289e-08,-0.0010091672183085122,3.7299259732696633e-06,-1.9731680080292546,-32.95497601641834,0.642119513855151,0.00016014133590733166,0.04949545248113268,72226.4,0.06683998412529372,0.01,index_dividend_yield,0.065,12.5,25,71926.55,72060.1,71400.25,72530.9,mid_price,ok
2026-09-11T08:25:11.410555+00:00,2026-09-11T13:55:11.410555+05:30,NIFTYNXT50,29-Sep-2026,73100.0,CE,71987.85,1.05,50,687.2,550,0.0,344.125,0,0,0,0,0,,,,,,,,,,,,,,,0.04949545248113268,72226.4,0.06683998412529372,0.01,index_dividend_yield,0.065,12.5,25,71926.55,72060.1,71400.25,72530.9,mid_price,no_nse_iv
2026-09-11T08:25:11.410555+00:00,2026-09-11T13:55:11.410555+05:30,NIFTYNXT50,29-Sep-2026,73100.0,PE,71987.85,311.25,50,2098.85,550,0.0,1205.05,0,0,0,0,0,,,,,,,,,,,,,,,0.04949545248113268,72226.4,0.06683998412529372,0.01,index_dividend_yield,0.065,12.5,25,71926.55,72060.1,71400.25,72530.9,mid_price,no_nse_iv
2026-09-11T08:25:11.410555+00:00,2026-09-11T13:55:11.410555+05:30,NIFTYNXT50,29-Sep-2026,73200.0,CE,71987.85,0.05,50,910.1,550,0.0,455.075,0,0,0,0,0,,,,,,,,,,,,,,,0.04949545248113268,72226.4,0.06683998412529372,0.01,index_dividend_yield,0.065,12.5,25,71926.55,72060.1,71400.25,72530.9,mid_price,no_nse_iv
2026-09-11T08:25:11.410555+00:00,2026-09-11T13:55:11.410555+05:30,NIFTYNXT50,29-Sep-2026,73200.0,PE,71987.85,337.25,50,2513.1,550,0.0,1425.175,0,0,0,0,0,,,,,,,,,,,,,,,0.04949545248113268,72226.4,0.06683998412529372,0.01,index_dividend_yield,0.065,12.5,25,71926.55,72060.1,71400.25,72530.9,mid_price,no_nse_iv
2026-09-11T08:25:11.410555+00:00,2026-09-11T13:55:11.410555+05:30,NIFTYNXT50,29-Sep-2026,73300.0,CE,71987.85,0.05,50,911.2,550,0.0,455.625,0,0,0,0,0,,,,,,,,,,,,,,,0.04949545248113268,72226.4,0.06683998412529372,0.01,index_dividend_yield,0.065,12.5,25,71926.55,72060.1,71400.25,72530.9,mid_price,no_nse_iv
2026-09-11T08:25:11.410555+00:00,2026-09-11T13:55:11.410555+05:30,NIFTYNXT50,29-Sep-2026,73300.0,PE,71987.85,362.25,50,2639.85,350,0.0,1501.05,7,0,0,0,13.41,-0.69087224183557,0.00016390439907611496,-13.157124787743403,56.37714678629936,1.3890267171019488,-0.006954155271660988,111.07912464838066,3.538952781422491e-08,-0.0008993418373446239,2.9290767514702635e-06,-2.113437192342957,-32.489987380094014,0.6993883815559906,0.00015808878682979435,0.04949545248113268,72226.4,0.06683998412529372,0.01,index_dividend_yield,0.065,12.5,25,71926.55,72060.1,71400.25,72530.9,mid_price,wide_quote_low_liquidity
2026-09-11T08:25:11.410555+00:00,2026-09-11T13:55:11.410555+05:30,NIFTYNXT50,29-Sep-2026,73400.0,CE,71987.85,85.1,50,911.1,550,0.0,498.1,0,0,0,0,0,,,,,,,,,,,,,,,0.04949545248113268,72226.4,0.06683998412529372,0.01,index_dividend_yield,0.065,12.5,25,71926.55,72060.1,71400.25,72530.9,mid_price,no_nse_iv
2026-09-11T08:25:11.410555+00:00,2026-09-11T13:55:11.410555+05:30,NIFTYNXT50,29-Sep-2026,73400.0,PE,71987.85,387.4,50,2713.45,350,0.0,1550.425,3,0,0,0,16.06,-0.6731874524198526,0.00014012080130814975,-18.041770738040487,57.7207357346416,1.08928987008311,-0.006382149635896227,78.44799536475477,2.235819046444511e-08,-0.0006820617913754742,2.770140090065987e-06,-2.0543078636278267,-27.673315151636398,0.6840941471837015,0.00013478106959596972,0.04949545248113268,72226.4,0.06683998412529372,0.01,index_dividend_yield,0.065,12.5,25,71926.55,72060.1,71400.25,72530.9,mid_price,wide_quote_low_liquidity
2026-09-11T08:25:11.410555+00:00,2026-09-11T13:55:11.410555+05:30,NIFTYNXT50,29-Sep-2026,73500.0,CE,71987.85,315.3,25,379.95,25,0.0,347.625,11,0,0,0,14.9,0.2984578052438126,0.00014532306422718465,-26.06208435035427,55.539826668282586,1.3070385607149293,-0.006960220644247506,110.61747617920048,2.986499038190726e-08,-0.000685899012401806,2.4834028464897106e-06,-2.1254272410319714,48.44898352207108,-0.28628398135865946,0.0001394049755515771,0.04949545248113268,72226.4,0.06683998412529372,0.01,index_dividend_yield,0.065,12.5,25,71926.55,72060.1,71400.25,72530.9,mid_price,wide_quote_low_liquidity
2026-09-11T08:25:11.410555+00:00,2026-09-11T13:55:11.410555+05:30,NIFTYNXT50,29-Sep-2026,73500.0,PE,71987.85,,0,2955.15,550,0.0,,0,0,0,0,0,,,,,,,,,,,,,,,0.04949545248113268,,,,,,12.5,25,71926.55,72060.1,71400.25,72530.9,none,no_price_available
2026-09-11T08:25:11.410555+00:00,2026-09-11T13:55:11.410555+05:30,NIFTYNXT50,29-Sep-2026,73600.0,CE,71987.85,1.2,50,588.55,550,0.0,294.875,0,0,0,0,0,,,,,,,,,,,,,,,0.04949545248113268,72226.4,0.06683998412529372,0.01,index_dividend_yield,0.065,12.5,25,71926.55,72060.1,71400.25,72530.9,mid_price,no_nse_iv
2026-09-11T08:25:11.410555+00:00,2026-09-11T13:55:11.410555+05:30,NIFTYNXT50,29-Sep-2026,73600.0,PE,71987.85,452.85,50,2708.55,550,0.0,1580.7,0,0,0,0,0,,,,,,,,,,,,,,,0.04949545248113268,,,,,,12.5,25,71926.55,72060.1,71400.25,72530.9,mid_price,no_price_available
2026-09-11T08:25:11.410555+00:00,2026-09-11T13:55:11.410555+05:30,NIFTYNXT50,29-Sep-2026,73700.0,CE,71987.85,11.05,25,499.95,550,0.0,255.5,1,0,0,0,13,0.24055446009431372,0.00014946730134301556,-20.489564569122663,49.839451098015516,1.7548429216741879,-0.007930403405596115,197.90612692567677,4.788013065845296e-08,-0.0005562220819643629,1.4560949108708505e-06,-2.2730994600266,59.49433858374482,-0.23101667171116838,0.0001426033157703219,0.04949545248113268,72226.4,0.06683998412529372,0.01,index_dividend_yield,0.065,12.5,25,71926.55,72060.1,71400.25,72530.9,mid_price,wide_quote_low_liquidity
2026-09-11T08:25:11.410555+00:00,2026-09-11T13:55:11.410555+05:30,NIFTYNXT50,29-Sep-2026,73700.0,PE,71987.85,487.65,50,2611.2,550,0.0,1549.425,0,0,0,0,0,,,,,,,,,,,,,,,0.04949545248113268,,,,,,12.5,25,71926.55,72060.1,71400.25,72530.9,mid_price,no_price_available
2026-09-11T08:25:11.410555+00:00,2026-09-11T13:55:11.410555+05:30,NIFTYNXT50,29-Sep-2026,73800.0,CE,71987.85,,0,714.6,550,0.0,,0,0,0,0,0,,,,,,,,,,,,,,,0.04949545248113268,,,,,,12.5,25,71926.55,72060.1,71400.25,72530.9,none,no_price_available
2026-09-11T08:25:11.410555+00:00,2026-09-11T13:55:11.410555+05:30,NIFTYNXT50,29-Sep-2026,73800.0,PE,71987.85,,0,2598.9,550,0.0,,0,0,0,0,0,,,,,,,,,,,,,,,0.04949545248113268,,,,,,12.5,25,71926.55,72060.1,71400.25,72530.9,none,no_price_available
2026-09-11T08:25:11.410555+00:00,2026-09-11T13:55:11.410555+05:30,NIFTYNXT50,29-Sep-2026,73900.0,CE,71987.85,,0,714.6,550,0.0,,0,0,0,0,0,,,,,,,,,,,,,,,0.04949545248113268,,,,,,12.5,25,71926.55,72060.1,71400.25,72530.9,none,no_price_available
2026-09-11T08:25:11.410555+00:00,2026-09-11T13:55:11.410555+05:30,NIFTYNXT50,29-Sep-2026,73900.0,PE,71987.85,560.85,50,2828.35,550,0.0,1694.6,0,0,0,0,0,,,,,,,,,,,,,,,0.04949545248113268,,,,,,12.5,25,71926.55,72060.1,71400.25,72530.9,mid_price,no_price_available
2026-09-11T08:25:11.410555+00:00,2026-09-11T13:55:11.410555+05:30,NIFTYNXT50,29-Sep-2026,74000.0,CE,71987.85,175,25,290,25,200,232.5,48,-3,9,-39.39393939393939,11.91,0.17754378994504727,0.00013635607415710347,-15.624428609936762,41.65527014995042,2.076661206656394,-0.008320688072264493,307.4698621501461,6.336621019446595e-08,-0.00013833726398428212,-2.5881213400373386e-07,-2.3842981458750074,70.67949575128033,-0.17027250541384753,0.0001290415156998363,0.04949545248113268,72226.4,0.06683998412529372,0.01,index_dividend_yield,0.065,12.5,25,71926.55,72060.1,71400.25,72530.9,mid_price,wide_quote_low_liquidity
2026-09-11T08:25:11.410555+00:00,2026-09-11T13:55:11.410555+05:30,NIFTYNXT50,29-Sep-2026,74000.0,PE,71987.85,,0,2662.1,550,0.0,,0,0,0,0,0,,,,,,,,,,,,,,,0.04949545248113268,,,,,,12.5,25,71926.55,72060.1,71400.25,72530.9,none,no_price_available
2026-09-11T08:25:11.410555+00:00,2026-09-11T13:55:11.410555+05:30,NIFTYNXT50,29-Sep-2026,74100.0,CE,71987.85,0.05,50,525.4,550,0.0,262.72499999999997,0,0,0,0,0,,,,,,,,,,,,,,,0.04949545248113268,72226.4,0.06683998412529372,0.01,index_dividend_yield,0.065,12.5,25,71926.55,72060.1,71400.25,72530.9,mid_price,no_nse_iv
2026-09-11T08:25:11.410555+00:00,2026-09-11T13:55:11.410555+05:30,NIFTYNXT50,29-Sep-2026,74100.0,PE,71987.85,639.35,50,3009.45,550,0.0,1824.3999999999999,0,0,0,0,0,,,,,,,,,,,,,,,0.04949545248113268,,,,,,12.5,25,71926.55,72060.1,71400.25,72530.9,mid_price,no_price_available
2026-09-11T08:25:11.410555+00:00,2026-09-11T13:55:11.410555+05:30,NIFTYNXT50,29-Sep-2026,74200.0,CE,71987.85,,0,741.35,550,0.0,,0,0,0,0,0,,,,,,,,,,,,,,,0.04949545248113268,,,,,,12.5,25,71926.55,72060.1,71400.25,72530.9,none,no_price_available
2026-09-11T08:25:11.410555+00:00,2026-09-11T13:55:11.410555+05:30,NIFTYNXT50,29-Sep-2026,74200.0,PE,71987.85,680.65,50,3115.65,550,0.0,1898.15,0,0,0,0,0,,,,,,,,,,,,,,,0.04949545248113268,,,,,,12.5,25,71926.55,72060.1,71400.25,72530.9,mid_price,no_price_available
2026-09-11T08:25:11.410555+00:00,2026-09-11T13:55:11.410555+05:30,NIFTYNXT50,29-Sep-2026,74300.0,CE,71987.85,0.1,50,515,50,0.0,257.55,0,0,0,0,0,,,,,,,,,,,,,,,0.04949545248113268,72226.4,0.06683998412529372,0.01,index_dividend_yield,0.065,12.5,25,71926.55,72060.1,71400.25,72530.9,mid_price,no_nse_iv
2026-09-11T08:25:11.410555+00:00,2026-09-11T13:55:11.410555+05:30,NIFTYNXT50,29-Sep-2026,74300.0,PE,71987.85,,0,3085.75,550,0.0,,0,0,0,0,0,,,,,,,,,,,,,,,0.04949545248113268,,,,,,12.5,25,71926.55,72060.1,71400.25,72530.9,none,no_price_available
2026-09-11T08:25:11.410555+00:00,2026-09-11T13:55:11.410555+05:30,NIFTYNXT50,29-Sep-2026,74400.0,CE,71987.85,0.1,50,729.35,550,0.0,364.725,0,0,0,0,0,,,,,,,,,,,,,,,0.04949545248113268,72226.4,0.06683998412529372,0.01,index_dividend_yield,0.065,12.5,25,71926.55,72060.1,71400.25,72530.9,mid_price,no_nse_iv
2026-09-11T08:25:11.410555+00:00,2026-09-11T13:55:11.410555+05:30,NIFTYNXT50,29-Sep-2026,74400.0,PE,71987.85,767.4,50,3313.5,550,0.0,2040.45,0,0,0,0,0,,,,,,,,,,,,,,,0.04949545248113268,,,,,,12.5,25,71926.55,72060.1,71400.25,72530.9,mid_price,no_price_available
2026-09-11T08:25:11.410555+00:00,2026-09-11T13:55:11.410555+05:30,NIFTYNXT50,29-Sep-2026,74500.0,CE,71987.85,155.05,25,235,25,0.0,195.025,34,0,0,0,15.44,0.18339417047687773,0.00010734207240383235,-20.112064790408326,42.51096628792564,1.6100091555568408,-0.008040691048092463,232.6316343234751,3.737749113561649e-08,-0.00010779345172170184,3.7424364990535286e-08,-2.3378433818197166,54.25432119052612,-0.17394380908259802,0.0001002249472542128,0.04949545248113268,72226.4,0.06683998412529372,0.01,index_dividend_yield,0.065,12.5,25,71926.55,72060.1,71400.25,72530.9,mid_price,wide_quote_low_liquidity
2026-09-11T08:25:11.410555+00:00,2026-09-11T13:55:11.410555+05:30,NIFTYNXT50,29-Sep-2026,74500.0,PE,71987.85,,0,2890.25,25,0.0,,15,0,0,0,8.11,,,,,,,,,,,,,,,0.04949545248113268,,,,,,12.5,25,71926.55,72060.1,71400.25,72530.9,none,no_price_available
2026-09-11T08:25:11.410555+00:00,2026-09-11T13:55:11.410555+05:30,NIFTYNXT50,29-Sep-2026,74600.0,CE,71987.85,0.1,50,343.85,50,0.0,171.97500000000002,4,0,0,0,19.5,0.23039966166937656,9.730183752579176e-05,-28.69177809750029,48.66753593802367,1.2163584837321106,-0.007615617025006904,143.6059107674552,2.149997053798643e-08,-0.00021186643280629472,8.962646060964871e-07,-2.245460588783253,40.46842662308312,-0.21683815671667134,9.060700874776467e-05,0.04949545248113268,72226.4,0.06683998412529372,0.01,index_dividend_yield,0.065,12.5,25,71926.55,72060.1,71400.25,72530.9,mid_price,wide_quote_low_liquidity
2026-09-11T08:25:11.410555+00:00,2026-09-11T13:55:11.410555+05:30,NIFTYNXT50,29-Sep-2026,74600.0,PE,71987.85,859.5,50,3331,550,0.0,2095.25,0,0,0,0,0,,,,,,,,,,,,,,,0.04949545248113268,,,,,,12.5,25,71926.55,72060.1,71400.25,72530.9,mid_price,no_price_available
2026-09-11T08:25:11.410555+00:00,2026-09-11T13:55:11.410555+05:30,NIFTYNXT50,29-Sep-2026,74700.0,CE,71987.85,0.15,50,550.65,550,0.0,275.4,0,0,0,0,0,,,,,,,,,,,,,,,0.04949545248113268,72226.4,0.06683998412529372,0.01,index_dividend_yield,0.065,12.5,25,71926.55,72060.1,71400.25,72530.9,mid_price,no_nse_iv
2026-09-11T08:25:11.410555+00:00,2026-09-11T13:55:11.410555+05:30,NIFTYNXT50,29-Sep-2026,74700.0,PE,71987.85,712.55,50,3378.15,550,2371,2045.35,0,-1,1,-0.12636899747262004,0,,,,,,,,,,,,,,,0.04949545248113268,,,,,,12.5,25,71926.55,72060.1,71400.25,72530.9,mid_price,no_price_available
2026-09-11T08:25:11.410555+00:00,2026-09-11T13:55:11.410555+05:30,NIFTYNXT50,29-Sep-2026,74800.0,CE,71987.85,0.1,50,549.65,550,0.0,274.875,0,0,0,0,0,,,,,,,,,,,,,,,0.04949545248113268,72226.4,0.06683998412529372,0.01,index_dividend_yield,0.065,12.5,25,71926.55,72060.1,71400.25,72530.9,mid_price,no_nse_iv
2026-09-11T08:25:11.410555+00:00,2026-09-11T13:55:11.410555+05:30,NIFTYNXT50,29-Sep-2026,74800.0,PE,71987.85,956.7,50,3611.85,550,0.0,2284.275,0,0,0,0,0,,,,,,,,,,,,,,,0.04949545248113268,,,,,,12.5,25,71926.55,72060.1,71400.25,72530.9,mid_price,no_price_available
2026-09-11T08:25:11.410555+00:00,2026-09-11T13:55:11.410555+05:30,NIFTYNXT50,29-Sep-2026,74900.0,CE,71987.85,0.1,50,550.45,550,0.0,275.27500000000003,0,0,0,0,0,,,,,,,,,,,,,,,0.04949545248113268,72226.4,0.06683998412529372,0.01,index_dividend_yield,0.065,12.5,25,71926.55,72060.1,71400.25,72530.9,mid_price,no_nse_iv
2026-09-11T08:25:11.410555+00:00,2026-09-11T13:55:11.410555+05:30,NIFTYNXT50,29-Sep-2026,74900.0,PE,71987.85,1007.55,50,3716.45,550,0.0,2362.0,0,0,0,0,0,,,,,,,,,,,,,,,0.04949545248113268,,,,,,12.5,25,71926.55,72060.1,71400.25,72530.9,mid_price,no_price_available
2026-09-11T08:25:11.410555+00:00,2026-09-11T13:55:11.410555+05:30,NIFTYNXT50,29-Sep-2026,75000.0,CE,71987.85,60.3,25,141,25,0.0,100.65,13,0,0,0,14.57,0.12207392175180737,8.675369557544734e-05,-14.373308020000586,32.42136092267488,1.662817125550428,-0.007643362930974464,310.0939414395327,4.1794796052763515e-08,0.00023437085506165773,-1.4138412054019478e-06,-2.3223029330145764,63.33064334828997,-0.11532103892037654,7.992522424962448e-05,0.04949545248113268,72226.4,0.06683998412529372,0.01,index_dividend_yield,0.065,12.5,25,71926.55,72060.1,71400.25,72530.9,mid_price,wide_quote_low_liquidity
2026-09-11T08:25:11.410555+00:00,2026-09-11T13:55:11.410555+05:30,NIFTYNXT50,29-Sep-2026,75000.0,PE,71987.85,,0,3242.75,25,0.0,,0,0,0,0,0,,,,,,,,,,,,,,,0.04949545248113268,,,,,,12.5,25,71926.55,72060.1,71400.25,72530.9,none,no_price_available
2026-09-11T08:25:11.410555+00:00,2026-09-11T13:55:11.410555+05:30,NIFTYNXT50,29-Sep-2026,75100.0,CE,71987.85,,0,,0,0.0,,0,0,0,0,0,,,,,,,,,,,,,,,0.04949545248113268,,,,,,12.5,25,71926.55,72060.1,71400.25,72530.9,none,no_price_available
2026-09-11T08:25:11.410555+00:00,2026-09-11T13:55:11.410555+05:30,NIFTYNXT50,29-Sep-2026,75100.0,PE,71987.85,1116.1,50,3926.45,550,0.0,2521.2749999999996,0,0,0,0,0,,,,,,,,,,,,,,,0.04949545248113268,,,,,,12.5,25,71926.55,72060.1,71400.25,72530.9,mid_price,no_price_available
2026-09-11T08:25:11.410555+00:00,2026-09-11T13:55:11.410555+05:30,NIFTYNXT50,29-Sep-2026,75200.0,CE,71987.85,,0,,0,0.0,,0,0,0,0,0,,,,,,,,,,,,,,,0.04949545248113268,,,,,,12.5,25,71926.55,72060.1,71400.25,72530.9,none,no_price_available
2026-09-11T08:25:11.410555+00:00,2026-09-11T13:55:11.410555+05:30,NIFTYNXT50,29-Sep-2026,75200.0,PE,71987.85,1167.85,50,4031.85,550,0.0,2599.85,0,0,0,0,0,,,,,,,,,,,,,,,0.04949545248113268,,,,,,12.5,25,71926.55,72060.1,71400.25,72530.9,mid_price,no_price_available
2026-09-11T08:25:11.410555+00:00,2026-09-11T13:55:11.410555+05:30,NIFTYNXT50,29-Sep-2026,75300.0,CE,71987.85,,0,,0,0.0,,0,0,0,0,0,,,,,,,,,,,,,,,0.04949545248113268,,,,,,12.5,25,71926.55,72060.1,71400.25,72530.9,none,no_price_available
2026-09-11T08:25:11.410555+00:00,2026-09-11T13:55:11.410555+05:30,NIFTYNXT50,29-Sep-2026,75300.0,PE,71987.85,,0,4138,550,0.0,,0,0,0,0,0,,,,,,,,,,,,,,,0.04949545248113268,,,,,,12.5,25,71926.55,72060.1,71400.25,72530.9,none,no_price_available
2026-09-11T08:25:11.410555+00:00,2026-09-11T13:55:11.410555+05:30,NIFTYNXT50,29-Sep-2026,75400.0,CE,0,,0,,0,0.0,,0,0,0,0,0,,,,,,,,,,,,,,,0.04949545248113268,,,,,,12.5,25,71926.55,72060.1,71400.25,72530.9,none,no_price_available
2026-09-11T08:25:11.410555+00:00,2026-09-11T13:55:11.410555+05:30,NIFTYNXT50,29-Sep-2026,75400.0,PE,71987.85,1280.9,50,4244.35,550,0.0,2762.625,0,0,0,0,0,,,,,,,,,,,,,,,0.04949545248113268,,,,,,12.5,25,71926.55,72060.1,71400.25,72530.9,mid_price,no_price_available
2026-09-11T08:25:11.410555+00:00,2026-09-11T13:55:11.410555+05:30,NIFTYNXT50,29-Sep-2026,75500.0,CE,71987.85,1.15,50,470,25,0.0,235.575,0,0,0,0,0,,,,,,,,,,,,,,,0.04949545248113268,72226.4,0.06683998412529372,0.01,index_dividend_yield,0.065,12.5,25,71926.55,72060.1,71400.25,72530.9,mid_price,no_nse_iv
2026-09-11T08:25:11.410555+00:00,2026-09-11T13:55:11.410555+05:30,NIFTYNXT50,29-Sep-2026,75500.0,PE,71987.85,,0,4347.3,550,0.0,,0,0,0,0,0,,,,,,,,,,,,,,,0.04949545248113268,,,,,,12.5,25,71926.55,72060.1,71400.25,72530.9,none,no_price_available
2026-09-11T08:25:11.410555+00:00,2026-09-11T13:55:11.410555+05:30,NIFTYNXT50,29-Sep-2026,75600.0,CE,71987.85,0.1,50,693,50,0.0,346.55,0,0,0,0,0,,,,,,,,,,,,,,,0.04949545248113268,72226.4,0.06683998412529372,0.01,index_dividend_yield,0.065,12.5,25,71926.55,72060.1,71400.25,72530.9,mid_price,no_nse_iv
2026-09-11T08:25:11.410555+00:00,2026-09-11T13:55:11.410555+05:30,NIFTYNXT50,29-Sep-2026,75600.0,PE,71987.85,,0,4453,550,0.0,,0,0,0,0,0,,,,,,,,,,,,,,,0.04949545248113268,,,,,,12.5,25,71926.55,72060.1,71400.25,72530.9,none,no_price_available
2026-09-11T08:25:11.410555+00:00,2026-09-11T13:55:11.410555+05:30,NIFTYNXT50,29-Sep-2026,75700.0,CE,71987.85,,0,720,25,0.0,,0,0,0,0,0,,,,,,,,,,,,,,,0.04949545248113268,,,,,,12.5,25,71926.55,72060.1,71400.25,72530.9,none,no_price_available
2026-09-11T08:25:11.410555+00:00,2026-09-11T13:55:11.410555+05:30,NIFTYNXT50,29-Sep-2026,75700.0,PE,71987.85,,0,4557.3,550,0.0,,0,0,0,0,0,,,,,,,,,,,,,,,0.04949545248113268,,,,,,12.5,25,71926.55,72060.1,71400.25,72530.9,none,no_price_available
2026-09-11T08:25:11.410555+00:00,2026-09-11T13:55:11.410555+05:30,NIFTYNXT50,29-Sep-2026,75800.0,CE,0,,0,,0,0.0,,0,0,0,0,0,,,,,,,,,,,,,,,0.04949545248113268,,,,,,12.5,25,71926.55,72060.1,71400.25,72530.9,none,no_price_available
2026-09-11T08:25:11.410555+00:00,2026-09-11T13:55:11.410555+05:30,NIFTYNXT50,29-Sep-2026,75800.0,PE,71987.85,,0,4662.3,550,0.0,,0,0,0,0,0,,,,,,,,,,,,,,,0.04949545248113268,,,,,,12.5,25,71926.55,72060.1,71400.25,72530.9,none,no_price_available
2026-09-11T08:25:11.410555+00:00,2026-09-11T13:55:11.410555+05:30,NIFTYNXT50,29-Sep-2026,75900.0,CE,0,,0,,0,0.0,,0,0,0,0,0,,,,,,,,,,,,,,,0.04949545248113268,,,,,,12.5,25,71926.55,72060.1,71400.25,72530.9,none,no_price_available
2026-09-11T08:25:11.410555+00:00,2026-09-11T13:55:11.410555+05:30,NIFTYNXT50,29-Sep-2026,75900.0,PE,71987.85,,0,4767.3,550,0.0,,0,0,0,0,0,,,,,,,,,,,,,,,0.04949545248113268,,,,,,12.5,25,71926.55,72060.1,71400.25,72530.9,none,no_price_available
2026-09-11T08:25:11.410555+00:00,2026-09-11T13:55:11.410555+05:30,NIFTYNXT50,29-Sep-2026,76000.0,CE,71987.85,1.15,125,399,25,0.0,200.075,0,0,0,0,0,,,,,,,,,,,,,,,0.04949545248113268,72226.4,0.06683998412529372,0.01,index_dividend_yield,0.065,12.5,25,71926.55,72060.1,71400.25,72530.9,mid_price,no_nse_iv
2026-09-11T08:25:11.410555+00:00,2026-09-11T13:55:11.410555+05:30,NIFTYNXT50,29-Sep-2026,76000.0,PE,71987.85,,0,5016.2,550,0.0,,0,0,0,0,0,,,,,,,,,,,,,,,0.04949545248113268,,,,,,12.5,25,71926.55,72060.1,71400.25,72530.9,none,no_price_available
2026-09-11T08:25:11.410555+00:00,2026-09-11T13:55:11.410555+05:30,NIFTYNXT50,29-Sep-2026,76100.0,CE,0,,0,,0,0.0,,0,0,0,0,0,,,,,,,,,,,,,,,0.04949545248113268,,,,,,12.5,25,71926.55,72060.1,71400.25,72530.9,none,no_price_available
2026-09-11T08:25:11.410555+00:00,2026-09-11T13:55:11.410555+05:30,NIFTYNXT50,29-Sep-2026,76100.0,PE,71987.85,,0,5122.1,550,0.0,,0,0,0,0,0,,,,,,,,,,,,,,,0.04949545248113268,,,,,,12.5,25,71926.55,72060.1,71400.25,72530.9,none,no_price_available
2026-09-11T08:25:11.410555+00:00,2026-09-11T13:55:11.410555+05:30,NIFTYNXT50,29-Sep-2026,76200.0,CE,0,,0,,0,0.0,,0,0,0,0,0,,,,,,,,,,,,,,,0.04949545248113268,,,,,,12.5,25,71926.55,72060.1,71400.25,72530.9,none,no_price_available
2026-09-11T08:25:11.410555+00:00,2026-09-11T13:55:11.410555+05:30,NIFTYNXT50,29-Sep-2026,76200.0,PE,71987.85,,0,5084.25,550,0.0,,0,0,0,0,0,,,,,,,,,,,,,,,0.04949545248113268,,,,,,12.5,25,71926.55,72060.1,71400.25,72530.9,none,no_price_available
2026-09-11T08:25:11.410555+00:00,2026-09-11T13:55:11.410555+05:30,NIFTYNXT50,29-Sep-2026,76300.0,CE,0,,0,,0,0.0,,0,0,0,0,0,,,,,,,,,,,,,,,0.04949545248113268,,,,,,12.5,25,71926.55,72060.1,71400.25,72530.9,none,no_price_available
2026-09-11T08:25:11.410555+00:00,2026-09-11T13:55:11.410555+05:30,NIFTYNXT50,29-Sep-2026,76300.0,PE,71987.85,,0,5190.95,550,0.0,,0,0,0,0,0,,,,,,,,,,,,,,,0.04949545248113268,,,,,,12.5,25,71926.55,72060.1,71400.25,72530.9,none,no_price_available
2026-09-11T08:25:11.410555+00:00,2026-09-11T13:55:11.410555+05:30,NIFTYNXT50,29-Sep-2026,76400.0,CE,0,,0,,0,0.0,,0,0,0,0,0,,,,,,,,,,,,,,,0.04949545248113268,,,,,,12.5,25,71926.55,72060.1,71400.25,72530.9,none,no_price_available
2026-09-11T08:25:11.410555+00:00,2026-09-11T13:55:11.410555+05:30,NIFTYNXT50,29-Sep-2026,76400.0,PE,71987.85,,0,5297.65,550,0.0,,0,0,0,0,0,,,,,,,,,,,,,,,0.04949545248113268,,,,,,12.5,25,71926.55,72060.1,71400.25,72530.9,none,no_price_available
2026-09-11T08:25:11.410555+00:00,2026-09-11T13:55:11.410555+05:30,NIFTYNXT50,29-Sep-2026,76500.0,CE,71987.85,,0,570,25,0.0,,0,0,0,0,0,,,,,,,,,,,,,,,0.04949545248113268,,,,,,12.5,25,71926.55,72060.1,71400.25,72530.9,none,no_price_available
2026-09-11T08:25:11.410555+00:00,2026-09-11T13:55:11.410555+05:30,NIFTYNXT50,29-Sep-2026,76500.0,PE,71987.85,,0,5405,550,0.0,,0,0,0,0,0,,,,,,,,,,,,,,,0.04949545248113268,,,,,,12.5,25,71926.55,72060.1,71400.25,72530.9,none,no_price_available
2026-09-11T08:25:11.410555+00:00,2026-09-11T13:55:11.410555+05:30,NIFTYNXT50,29-Sep-2026,76600.0,CE,71987.85,0.1,50,244,25,0.0,122.05,1,0,0,0,24.29,0.14184317484689304,5.771573693629764e-05,-25.663383686112688,35.958822754196966,1.0406309534430058,-0.007618746790489794,178.62470225482951,1.505696518277388e-08,4.909581205292827e-05,-5.019608511895617e-07,-2.3025628594068124,37.07064858998887,-0.12970676978139692,5.0974750892119496e-05,0.04949545248113268,72226.4,0.06683998412529372,0.01,index_dividend_yield,0.065,12.5,25,71926.55,72060.1,71400.25,72530.9,mid_price,wide_quote_low_liquidity
2026-09-11T08:25:11.410555+00:00,2026-09-11T13:55:11.410555+05:30,NIFTYNXT50,29-Sep-2026,76600.0,PE,71987.85,,0,5510.25,550,0.0,,0,0,0,0,0,,,,,,,,,,,,,,,0.04949545248113268,,,,,,12.5,25,71926.55,72060.1,71400.25,72530.9,none,no_price_available
2026-09-11T08:25:11.410555+00:00,2026-09-11T13:55:11.410555+05:30,NIFTYNXT50,29-Sep-2026,76700.0,CE,71987.85,36,25,96,25,0.0,66.0,36,0,0,0,13.62,0.0234230127101184,2.5364586465308652e-05,-3.5909458114580626,8.861119607150172,0.8196352992503736,-0.003363308583278036,260.8898082696633,2.2829574690750624e-08,0.0005605656697798159,-2.3627591259070176e-06,-1.3157242168070233,88.9977545455734,-0.021736976415219735,2.234371917545016e-05,0.04949545248113268,72226.4,0.06683998412529372,0.01,index_dividend_yield,0.065,12.5,25,71926.55,72060.1,71400.25,72530.9,mid_price,wide_quote_low_liquidity
2026-09-11T08:25:11.410555+00:00,2026-09-11T13:55:11.410555+05:30,NIFTYNXT50,29-Sep-2026,76700.0,PE,71987.85,,0,5303.45,550,0.0,,0,0,0,0,0,,,,,,,,,,,,,,,0.04949545248113268,,,,,,12.5,25,71926.55,72060.1,71400.25,72530.9,none,no_price_available
2026-09-11T08:25:11.410555+00:00,2026-09-11T13:55:11.410555+05:30,NIFTYNXT50,29-Sep-2026,76800.0,CE,0,,0,,0,0.0,,0,0,0,0,0,,,,,,,,,,,,,,,0.04949545248113268,,,,,,12.5,25,71926.55,72060.1,71400.25,72530.9,none,no_price_available
2026-09-11T08:25:11.410555+00:00,2026-09-11T13:55:11.410555+05:30,NIFTYNXT50,29-Sep-2026,76800.0,PE,71987.85,,0,5403.35,550,0.0,,0,0,0,0,0,,,,,,,,,,,,,,,0.04949545248113268,,,,,,12.5,25,71926.55,72060.1,71400.25,72530.9,none,no_price_available
2026-09-11T08:25:11.410555+00:00,2026-09-11T13:55:11.410555+05:30,NIFTYNXT50,29-Sep-2026,76900.0,CE,0,,0,,0,0.0,,0,0,0,0,0,,,,,,,,,,,,,,,0.04949545248113268,,,,,,12.5,25,71926.55,72060.1,71400.25,72530.9,none,no_price_available
2026-09-11T08:25:11.410555+00:00,2026-09-11T13:55:11.410555+05:30,NIFTYNXT50,29-Sep-2026,76900.0,PE,71987.85,,0,5510,550,0.0,,0,0,0,0,0,,,,,,,,,,,,,,,0.04949545248113268,,,,,,12.5,25,71926.55,72060.1,71400.25,72530.9,none,no_price_available
2026-09-11T08:25:11.410555+00:00,2026-09-11T13:55:11.410555+05:30,NIFTYNXT50,29-Sep-2026,77000.0,CE,71987.85,1.05,100,345,25,0.0,173.025,0,0,0,0,0,,,,,,,,,,,,,,,0.04949545248113268,72226.4,0.06683998412529372,0.01,index_dividend_yield,0.065,12.5,25,71926.55,72060.1,71400.25,72530.9,mid_price,no_nse_iv
2026-09-11T08:25:11.410555+00:00,2026-09-11T13:55:11.410555+05:30,NIFTYNXT50,29-Sep-2026,77000.0,PE,71987.85,,0,5619.6,550,0.0,,0,0,0,0,0,,,,,,,,,,,,,,,0.04949545248113268,,,,,,12.5,25,71926.55,72060.1,71400.25,72530.9,none,no_price_available
2026-09-11T08:25:11.410555+00:00,2026-09-11T13:55:11.410555+05:30,NIFTYNXT50,29-Sep-2026,77100.0,CE,0,,0,,0,0.0,,0,0,0,0,0,,,,,,,,,,,,,,,0.04949545248113268,,,,,,12.5,25,71926.55,72060.1,71400.25,72530.9,none,no_price_available
2026-09-11T08:25:11.410555+00:00,2026-09-11T13:55:11.410555+05:30,NIFTYNXT50,29-Sep-2026,77100.0,PE,71987.85,,0,5719.05,550,0.0,,0,0,0,0,0,,,,,,,,,,,,,,,0.04949545248113268,,,,,,12.5,25,71926.55,72060.1,71400.25,72530.9,none,no_price_available
2026-09-11T08:25:11.410555+00:00,2026-09-11T13:55:11.410555+05:30,NIFTYNXT50,29-Sep-2026,77200.0,CE,0,,0,,0,0.0,,0,0,0,0,0,,,,,,,,,,,,,,,0.04949545248113268,,,,,,12.5,25,71926.55,72060.1,71400.25,72530.9,none,no_price_available
2026-09-11T08:25:11.410555+00:00,2026-09-11T13:55:11.410555+05:30,NIFTYNXT50,29-Sep-2026,77200.0,PE,71987.85,,0,5827.3,550,0.0,,0,0,0,0,0,,,,,,,,,,,,,,,0.04949545248113268,,,,,,12.5,25,71926.55,72060.1,71400.25,72530.9,none,no_price_available
2026-09-11T08:25:11.410555+00:00,2026-09-11T13:55:11.410555+05:30,NIFTYNXT50,29-Sep-2026,77300.0,CE,0,,0,,0,0.0,,0,0,0,0,0,,,,,,,,,,,,,,,0.04949545248113268,,,,,,12.5,25,71926.55,72060.1,71400.25,72530.9,none,no_price_available
2026-09-11T08:25:11.410555+00:00,2026-09-11T13:55:11.410555+05:30,NIFTYNXT50,29-Sep-2026,77300.0,PE,71987.85,,0,5931.7,550,0.0,,0,0,0,0,0,,,,,,,,,,,,,,,0.04949545248113268,,,,,,12.5,25,71926.55,72060.1,71400.25,72530.9,none,no_price_available
2026-09-11T08:25:11.410555+00:00,2026-09-11T13:55:11.410555+05:30,NIFTYNXT50,29-Sep-2026,77400.0,CE,0,,0,,0,0.0,,0,0,0,0,0,,,,,,,,,,,,,,,0.04949545248113268,,,,,,12.5,25,71926.55,72060.1,71400.25,72530.9,none,no_price_available
2026-09-11T08:25:11.410555+00:00,2026-09-11T13:55:11.410555+05:30,NIFTYNXT50,29-Sep-2026,77400.0,PE,71987.85,,0,6038.35,550,0.0,,0,0,0,0,0,,,,,,,,,,,,,,,0.04949545248113268,,,,,,12.5,25,71926.55,72060.1,71400.25,72530.9,none,no_price_available
2026-09-11T08:25:11.410555+00:00,2026-09-11T13:55:11.410555+05:30,NIFTYNXT50,29-Sep-2026,77500.0,CE,71987.85,,0,280,25,0.0,,0,0,0,0,0,,,,,,,,,,,,,,,0.04949545248113268,,,,,,12.5,25,71926.55,72060.1,71400.25,72530.9,none,no_price_available
2026-09-11T08:25:11.410555+00:00,2026-09-11T13:55:11.410555+05:30,NIFTYNXT50,29-Sep-2026,77500.0,PE,71987.85,,0,6145.05,550,0.0,,0,0,0,0,0,,,,,,,,,,,,,,,0.04949545248113268,,,,,,12.5,25,71926.55,72060.1,71400.25,72530.9,none,no_price_available
2026-09-11T08:25:11.410555+00:00,2026-09-11T13:55:11.410555+05:30,NIFTYNXT50,29-Sep-2026,77600.0,CE,71987.85,1.05,25,87,25,0.0,44.025,12,0,0,0,17.27,0.03116018040102536,2.5383632324932348e-05,-5.7065632242097655,11.244232344483876,0.7732847573543034,-0.003969647066015852,230.82104603895726,1.6760767737423078e-08,0.0003741006536659052,-1.972880613984454e-06,-1.4960127799555705,67.75338048600796,-0.02847998395241514,2.184483315783572e-05,0.04949545248113268,72226.4,0.06683998412529372,0.01,index_dividend_yield,0.065,12.5,25,71926.55,72060.1,71400.25,72530.9,mid_price,wide_quote_low_liquidity
2026-09-11T08:25:11.410555+00:00,2026-09-11T13:55:11.410555+05:30,NIFTYNXT50,29-Sep-2026,77600.0,PE,71987.85,,0,6169.1,550,0.0,,0,0,0,0,0,,,,,,,,,,,,,,,0.04949545248113268,,,,,,12.5,25,71926.55,72060.1,71400.25,72530.9,none,no_price_available
2026-09-11T08:25:11.410555+00:00,2026-09-11T13:55:11.410555+05:30,NIFTYNXT50,29-Sep-2026,77700.0,CE,0,,0,,0,0.0,,0,0,0,0,0,,,,,,,,,,,,,,,0.04949545248113268,,,,,,12.5,25,71926.55,72060.1,71400.25,72530.9,none,no_price_available
2026-09-11T08:25:11.410555+00:00,2026-09-11T13:55:11.410555+05:30,NIFTYNXT50,29-Sep-2026,77700.0,PE,71987.85,,0,6248.35,550,0.0,,0,0,0,0,0,,,,,,,,,,,,,,,0.04949545248113268,,,,,,12.5,25,71926.55,72060.1,71400.25,72530.9,none,no_price_available
2026-09-11T08:25:11.410555+00:00,2026-09-11T13:55:11.410555+05:30,NIFTYNXT50,29-Sep-2026,77800.0,CE,0,,0,,0,0.0,,0,0,0,0,0,,,,,,,,,,,,,,,0.04949545248113268,,,,,,12.5,25,71926.55,72060.1,71400.25,72530.9,none,no_price_available
2026-09-11T08:25:11.410555+00:00,2026-09-11T13:55:11.410555+05:30,NIFTYNXT50,29-Sep-2026,77800.0,PE,71987.85,,0,6382.45,550,0.0,,0,0,0,0,0,,,,,,,,,,,,,,,0.04949545248113268,,,,,,12.5,25,71926.55,72060.1,71400.25,72530.9,none,no_price_available
2026-09-11T08:25:11.410555+00:00,2026-09-11T13:55:11.410555+05:30,NIFTYNXT50,29-Sep-2026,77900.0,CE,0,,0,,0,0.0,,0,0,0,0,0,,,,,,,,,,,,,,,0.04949545248113268,,,,,,12.5,25,71926.55,72060.1,71400.25,72530.9,none,no_price_available
2026-09-11T08:25:11.410555+00:00,2026-09-11T13:55:11.410555+05:30,NIFTYNXT50,29-Sep-2026,77900.0,PE,71987.85,,0,6489.1,550,0.0,,0,0,0,0,0,,,,,,,,,,,,,,,0.04949545248113268,,,,,,12.5,25,71926.55,72060.1,71400.25,72530.9,none,no_price_available
2026-09-11T08:25:11.410555+00:00,2026-09-11T13:55:11.410555+05:30,NIFTYNXT50,29-Sep-2026,78000.0,CE,0,,0,,0,0.0,,0,0,0,0,0,,,,,,,,,,,,,,,0.04949545248113268,,,,,,12.5,25,71926.55,72060.1,71400.25,72530.9,none,no_price_available
2026-09-11T08:25:11.410555+00:00,2026-09-11T13:55:11.410555+05:30,NIFTYNXT50,29-Sep-2026,78000.0,PE,71987.85,,0,6595.8,550,0.0,,0,0,0,0,0,,,,,,,,,,,,,,,0.04949545248113268,,,,,,12.5,25,71926.55,72060.1,71400.25,72530.9,none,no_price_available
2026-09-11T08:25:11.410555+00:00,2026-09-11T13:55:11.410555+05:30,NIFTYNXT50,29-Sep-2026,78100.0,CE,0,,0,,0,0.0,,0,0,0,0,0,,,,,,,,,,,,,,,0.04949545248113268,,,,,,12.5,25,71926.55,72060.1,71400.25,72530.9,none,no_price_available
2026-09-11T08:25:11.410555+00:00,2026-09-11T13:55:11.410555+05:30,NIFTYNXT50,29-Sep-2026,78100.0,PE,71987.85,,0,6702.5,550,0.0,,0,0,0,0,0,,,,,,,,,,,,,,,0.04949545248113268,,,,,,12.5,25,71926.55,72060.1,71400.25,72530.9,none,no_price_available
2026-09-11T08:25:11.410555+00:00,2026-09-11T13:55:11.410555+05:30,NIFTYNXT50,29-Sep-2026,78200.0,CE,0,,0,,0,0.0,,0,0,0,0,0,,,,,,,,,,,,,,,0.04949545248113268,,,,,,12.5,25,71926.55,72060.1,71400.25,72530.9,none,no_price_available
2026-09-11T08:25:11.410555+00:00,2026-09-11T13:55:11.410555+05:30,NIFTYNXT50,29-Sep-2026,78200.0,PE,71987.85,,0,6794.35,550,0.0,,0,0,0,0,0,,,,,,,,,,,,,,,0.04949545248113268,,,,,,12.5,25,71926.55,72060.1,71400.25,72530.9,none,no_price_available
2026-09-11T08:25:11.410555+00:00,2026-09-11T13:55:11.410555+05:30,NIFTYNXT50,29-Sep-2026,78300.0,CE,0,,0,,0,0.0,,0,0,0,0,0,,,,,,,,,,,,,,,0.04949545248113268,,,,,,12.5,25,71926.55,72060.1,71400.25,72530.9,none,no_price_available
2026-09-11T08:25:11.410555+00:00,2026-09-11T13:55:11.410555+05:30,NIFTYNXT50,29-Sep-2026,78300.0,PE,71987.85,,0,6915.85,550,0.0,,0,0,0,0,0,,,,,,,,,,,,,,,0.04949545248113268,,,,,,12.5,25,71926.55,72060.1,71400.25,72530.9,none,no_price_available
2026-09-11T08:25:11.410555+00:00,2026-09-11T13:55:11.410555+05:30,NIFTYNXT50,29-Sep-2026,78400.0,CE,0,,0,,0,0.0,,0,0,0,0,0,,,,,,,,,,,,,,,0.04949545248113268,,,,,,12.5,25,71926.55,72060.1,71400.25,72530.9,none,no_price_available
2026-09-11T08:25:11.410555+00:00,2026-09-11T13:55:11.410555+05:30,NIFTYNXT50,29-Sep-2026,78400.0,PE,71987.85,,0,7007.7,550,0.0,,0,0,0,0,0,,,,,,,,,,,,,,,0.04949545248113268,,,,,,12.5,25,71926.55,72060.1,71400.25,72530.9,none,no_price_available
2026-09-11T08:25:11.410555+00:00,2026-09-11T13:55:11.410555+05:30,NIFTYNXT50,29-Sep-2026,78500.0,CE,0,,0,,0,0.0,,0,0,0,0,0,,,,,,,,,,,,,,,0.04949545248113268,,,,,,12.5,25,71926.55,72060.1,71400.25,72530.9,none,no_price_available
2026-09-11T08:25:11.410555+00:00,2026-09-11T13:55:11.410555+05:30,NIFTYNXT50,29-Sep-2026,78500.0,PE,71987.85,,0,7114.4,550,0.0,,0,0,0,0,0,,,,,,,,,,,,,,,0.04949545248113268,,,,,,12.5,25,71926.55,72060.1,71400.25,72530.9,none,no_price_available
2026-09-11T08:25:11.410555+00:00,2026-09-11T13:55:11.410555+05:30,NIFTYNXT50,29-Sep-2026,78600.0,CE,0,,0,,0,0.0,,0,0,0,0,0,,,,,,,,,,,,,,,0.04949545248113268,,,,,,12.5,25,71926.55,72060.1,71400.25,72530.9,none,no_price_available
2026-09-11T08:25:11.410555+00:00,2026-09-11T13:55:11.410555+05:30,NIFTYNXT50,29-Sep-2026,78600.0,PE,71987.85,,0,7235.9,550,0.0,,0,0,0,0,0,,,,,,,,,,,,,,,0.04949545248113268,,,,,,12.5,25,71926.55,72060.1,71400.25,72530.9,none,no_price_available
2026-09-11T08:25:11.410555+00:00,2026-09-11T13:55:11.410555+05:30,NIFTYNXT50,29-Sep-2026,78700.0,CE,0,,0,,0,0.0,,0,0,0,0,0,,,,,,,,,,,,,,,0.04949545248113268,,,,,,12.5,25,71926.55,72060.1,71400.25,72530.9,none,no_price_available
2026-09-11T08:25:11.410555+00:00,2026-09-11T13:55:11.410555+05:30,NIFTYNXT50,29-Sep-2026,78700.0,PE,71987.85,,0,7325.8,550,0.0,,0,0,0,0,0,,,,,,,,,,,,,,,0.04949545248113268,,,,,,12.5,25,71926.55,72060.1,71400.25,72530.9,none,no_price_available
2026-09-11T08:25:11.410555+00:00,2026-09-11T13:55:11.410555+05:30,NIFTYNXT50,29-Sep-2026,78800.0,CE,0,,0,,0,0.0,,0,0,0,0,0,,,,,,,,,,,,,,,0.04949545248113268,,,,,,12.5,25,71926.55,72060.1,71400.25,72530.9,none,no_price_available
2026-09-11T08:25:11.410555+00:00,2026-09-11T13:55:11.410555+05:30,NIFTYNXT50,29-Sep-2026,78800.0,PE,71987.85,,0,7449.25,550,0.0,,0,0,0,0,0,,,,,,,,,,,,,,,0.04949545248113268,,,,,,12.5,25,71926.55,72060.1,71400.25,72530.9,none,no_price_available
2026-09-11T08:25:11.410555+00:00,2026-09-11T13:55:11.410555+05:30,NIFTYNXT50,29-Sep-2026,78900.0,CE,0,,0,,0,0.0,,0,0,0,0,0,,,,,,,,,,,,,,,0.04949545248113268,,,,,,12.5,25,71926.55,72060.1,71400.25,72530.9,none,no_price_available
2026-09-11T08:25:11.410555+00:00,2026-09-11T13:55:11.410555+05:30,NIFTYNXT50,29-Sep-2026,78900.0,PE,71987.85,,0,7538.9,550,0.0,,0,0,0,0,0,,,,,,,,,,,,,,,0.04949545248113268,,,,,,12.5,25,71926.55,72060.1,71400.25,72530.9,none,no_price_available
2026-09-11T08:25:11.410555+00:00,2026-09-11T13:55:11.410555+05:30,NIFTYNXT50,29-Sep-2026,79000.0,CE,0,,0,,0,0.0,,0,0,0,0,0,,,,,,,,,,,,,,,0.04949545248113268,,,,,,12.5,25,71926.55,72060.1,71400.25,72530.9,none,no_price_available
2026-09-11T08:25:11.410555+00:00,2026-09-11T13:55:11.410555+05:30,NIFTYNXT50,29-Sep-2026,79000.0,PE,71987.85,,0,7644.8,550,0.0,,0,0,0,0,0,,,,,,,,,,,,,,,0.04949545248113268,,,,,,12.5,25,71926.55,72060.1,71400.25,72530.9,none,no_price_available
2026-09-11T08:25:11.410555+00:00,2026-09-11T13:55:11.410555+05:30,NIFTYNXT50,29-Sep-2026,79100.0,CE,0,,0,,0,0.0,,0,0,0,0,0,,,,,,,,,,,,,,,0.04949545248113268,,,,,,12.5,25,71926.55,72060.1,71400.25,72530.9,none,no_price_available
2026-09-11T08:25:11.410555+00:00,2026-09-11T13:55:11.410555+05:30,NIFTYNXT50,29-Sep-2026,79100.0,PE,71987.85,,0,7769.3,550,0.0,,0,0,0,0,0,,,,,,,,,,,,,,,0.04949545248113268,,,,,,12.5,25,71926.55,72060.1,71400.25,72530.9,none,no_price_available
2026-09-11T08:25:11.410555+00:00,2026-09-11T13:55:11.410555+05:30,NIFTYNXT50,29-Sep-2026,79200.0,CE,0,,0,,0,0.0,,0,0,0,0,0,,,,,,,,,,,,,,,0.04949545248113268,,,,,,12.5,25,71926.55,72060.1,71400.25,72530.9,none,no_price_available
2026-09-11T08:25:11.410555+00:00,2026-09-11T13:55:11.410555+05:30,NIFTYNXT50,29-Sep-2026,79200.0,PE,71987.85,,0,7875.95,550,0.0,,0,0,0,0,0,,,,,,,,,,,,,,,0.04949545248113268,,,,,,12.5,25,71926.55,72060.1,71400.25,72530.9,none,no_price_available
2026-09-11T08:25:11.410555+00:00,2026-09-11T13:55:11.410555+05:30,NIFTYNXT50,29-Sep-2026,79300.0,CE,0,,0,,0,0.0,,0,0,0,0,0,,,,,,,,,,,,,,,0.04949545248113268,,,,,,12.5,25,71926.55,72060.1,71400.25,72530.9,none,no_price_available
2026-09-11T08:25:11.410555+00:00,2026-09-11T13:55:11.410555+05:30,NIFTYNXT50,29-Sep-2026,79300.0,PE,71987.85,,0,7982.65,550,0.0,,0,0,0,0,0,,,,,,,,,,,,,,,0.04949545248113268,,,,,,12.5,25,71926.55,72060.1,71400.25,72530.9,none,no_price_available
2026-09-11T08:25:11.410555+00:00,2026-09-11T13:55:11.410555+05:30,NIFTYNXT50,29-Sep-2026,79400.0,CE,0,,0,,0,0.0,,0,0,0,0,0,,,,,,,,,,,,,,,0.04949545248113268,,,,,,12.5,25,71926.55,72060.1,71400.25,72530.9,none,no_price_available
2026-09-11T08:25:11.410555+00:00,2026-09-11T13:55:11.410555+05:30,NIFTYNXT50,29-Sep-2026,79400.0,PE,71987.85,,0,8089.3,550,0.0,,0,0,0,0,0,,,,,,,,,,,,,,,0.04949545248113268,,,,,,12.5,25,71926.55,72060.1,71400.25,72530.9,none,no_price_available
2026-09-11T08:25:11.410555+00:00,2026-09-11T13:55:11.410555+05:30,NIFTYNXT50,29-Sep-2026,79500.0,CE,0,,0,,0,0.0,,0,0,0,0,0,,,,,,,,,,,,,,,0.04949545248113268,,,,,,12.5,25,71926.55,72060.1,71400.25,72530.9,none,no_price_available
2026-09-11T08:25:11.410555+00:00,2026-09-11T13:55:11.410555+05:30,NIFTYNXT50,29-Sep-2026,79500.0,PE,71987.85,,0,8196,550,0.0,,0,0,0,0,0,,,,,,,,,,,,,,,0.04949545248113268,,,,,,12.5,25,71926.55,72060.1,71400.25,72530.9,none,no_price_available
2026-09-11T08:25:11.410555+00:00,2026-09-11T13:55:11.410555+05:30,NIFTYNXT50,29-Sep-2026,79600.0,CE,0,,0,,0,0.0,,0,0,0,0,0,,,,,,,,,,,,,,,0.04949545248113268,,,,,,12.5,25,71926.55,72060.1,71400.25,72530.9,none,no_price_available
2026-09-11T08:25:11.410555+00:00,2026-09-11T13:55:11.410555+05:30,NIFTYNXT50,29-Sep-2026,79600.0,PE,71987.85,,0,8302.7,550,0.0,,0,0,0,0,0,,,,,,,,,,,,,,,0.04949545248113268,,,,,,12.5,25,71926.55,72060.1,71400.25,72530.9,none,no_price_available
2026-09-11T08:25:11.410555+00:00,2026-09-11T13:55:11.410555+05:30,NIFTYNXT50,29-Sep-2026,79700.0,CE,0,,0,,0,0.0,,0,0,0,0,0,,,,,,,,,,,,,,,0.04949545248113268,,,,,,12.5,25,71926.55,72060.1,71400.25,72530.9,none,no_price_available
2026-09-11T08:25:11.410555+00:00,2026-09-11T13:55:11.410555+05:30,NIFTYNXT50,29-Sep-2026,79700.0,PE,71987.85,,0,8409.35,550,0.0,,0,0,0,0,0,,,,,,,,,,,,,,,0.04949545248113268,,,,,,12.5,25,71926.55,72060.1,71400.25,72530.9,none,no_price_available
2026-09-11T08:25:11.410555+00:00,2026-09-11T13:55:11.410555+05:30,NIFTYNXT50,29-Sep-2026,79800.0,CE,0,,0,,0,0.0,,0,0,0,0,0,,,,,,,,,,,,,,,0.04949545248113268,,,,,,12.5,25,71926.55,72060.1,71400.25,72530.9,none,no_price_available
2026-09-11T08:25:11.410555+00:00,2026-09-11T13:55:11.410555+05:30,NIFTYNXT50,29-Sep-2026,79800.0,PE,71987.85,,0,8516.05,550,0.0,,0,0,0,0,0,,,,,,,,,,,,,,,0.04949545248113268,,,,,,12.5,25,71926.55,72060.1,71400.25,72530.9,none,no_price_available
2026-09-11T08:25:11.410555+00:00,2026-09-11T13:55:11.410555+05:30,NIFTYNXT50,29-Sep-2026,79900.0,CE,0,,0,,0,0.0,,0,0,0,0,0,,,,,,,,,,,,,,,0.04949545248113268,,,,,,12.5,25,71926.55,72060.1,71400.25,72530.9,none,no_price_available
2026-09-11T08:25:11.410555+00:00,2026-09-11T13:55:11.410555+05:30,NIFTYNXT50,29-Sep-2026,79900.0,PE,71987.85,,0,8622.7,550,0.0,,0,0,0,0,0,,,,,,,,,,,,,,,0.04949545248113268,,,,,,12.5,25,71926.55,72060.1,71400.25,72530.9,none,no_price_available
2026-09-11T08:25:11.410555+00:00,2026-09-11T13:55:11.410555+05:30,NIFTYNXT50,29-Sep-2026,80000.0,CE,0,,0,,0,0.0,,0,0,0,0,0,,,,,,,,,,,,,,,0.04949545248113268,,,,,,12.5,25,71926.55,72060.1,71400.25,72530.9,none,no_price_available
2026-09-11T08:25:11.410555+00:00,2026-09-11T13:55:11.410555+05:30,NIFTYNXT50,29-Sep-2026,80000.0,PE,71987.85,,0,8729.45,550,0.0,,0,0,0,0,0,,,,,,,,,,,,,,,0.04949545248113268,,,,,,12.5,25,71926.55,72060.1,71400.25,72530.9,none,no_price_available
2026-09-11T08:25:11.410555+00:00,2026-09-11T13:55:11.410555+05:30,NIFTYNXT50,29-Sep-2026,80100.0,CE,0,,0,,0,0.0,,0,0,0,0,0,,,,,,,,,,,,,,,0.04949545248113268,,,,,,12.5,25,71926.55,72060.1,71400.25,72530.9,none,no_price_available
2026-09-11T08:25:11.410555+00:00,2026-09-11T13:55:11.410555+05:30,NIFTYNXT50,29-Sep-2026,80100.0,PE,71987.85,,0,8833.45,550,0.0,,0,0,0,0,0,,,,,,,,,,,,,,,0.04949545248113268,,,,,,12.5,25,71926.55,72060.1,71400.25,72530.9,none,no_price_available
2026-09-11T08:25:11.410555+00:00,2026-09-11T13:55:11.410555+05:30,NIFTYNXT50,29-Sep-2026,80200.0,CE,0,,0,,0,0.0,,0,0,0,0,0,,,,,,,,,,,,,,,0.04949545248113268,,,,,,12.5,25,71926.55,72060.1,71400.25,72530.9,none,no_price_available
2026-09-11T08:25:11.410555+00:00,2026-09-11T13:55:11.410555+05:30,NIFTYNXT50,29-Sep-2026,80200.0,PE,71987.85,,0,8936.7,550,0.0,,0,0,0,0,0,,,,,,,,,,,,,,,0.04949545248113268,,,,,,12.5,25,71926.55,72060.1,71400.25,72530.9,none,no_price_available
2026-09-11T08:25:11.410555+00:00,2026-09-11T13:55:11.410555+05:30,NIFTYNXT50,29-Sep-2026,80300.0,CE,0,,0,,0,0.0,,0,0,0,0,0,,,,,,,,,,,,,,,0.04949545248113268,,,,,,12.5,25,71926.55,72060.1,71400.25,72530.9,none,no_price_available
2026-09-11T08:25:11.410555+00:00,2026-09-11T13:55:11.410555+05:30,NIFTYNXT50,29-Sep-2026,80300.0,PE,71987.85,,0,9042.05,550,0.0,,0,0,0,0,0,,,,,,,,,,,,,,,0.04949545248113268,,,,,,12.5,25,71926.55,72060.1,71400.25,72530.9,none,no_price_available
2026-09-11T08:25:11.410555+00:00,2026-09-11T13:55:11.410555+05:30,NIFTYNXT50,29-Sep-2026,80400.0,CE,0,,0,,0,0.0,,0,0,0,0,0,,,,,,,,,,,,,,,0.04949545248113268,,,,,,12.5,25,71926.55,72060.1,71400.25,72530.9,none,no_price_available
2026-09-11T08:25:11.410555+00:00,2026-09-11T13:55:11.410555+05:30,NIFTYNXT50,29-Sep-2026,80400.0,PE,71987.85,,0,9153.45,550,0.0,,0,0,0,0,0,,,,,,,,,,,,,,,0.04949545248113268,,,,,,12.5,25,71926.55,72060.1,71400.25,72530.9,none,no_price_available
2026-09-11T08:25:11.410555+00:00,2026-09-11T13:55:11.410555+05:30,NIFTYNXT50,29-Sep-2026,80500.0,CE,0,,0,,0,0.0,,0,0,0,0,0,,,,,,,,,,,,,,,0.04949545248113268,,,,,,12.5,25,71926.55,72060.1,71400.25,72530.9,none,no_price_available
2026-09-11T08:25:11.410555+00:00,2026-09-11T13:55:11.410555+05:30,NIFTYNXT50,29-Sep-2026,80500.0,PE,71987.85,,0,9256.75,550,0.0,,0,0,0,0,0,,,,,,,,,,,,,,,0.04949545248113268,,,,,,12.5,25,71926.55,72060.1,71400.25,72530.9,none,no_price_available
2026-09-11T08:25:11.410555+00:00,2026-09-11T13:55:11.410555+05:30,NIFTYNXT50,29-Sep-2026,80600.0,CE,0,,0,,0,0.0,,0,0,0,0,0,,,,,,,,,,,,,,,0.04949545248113268,,,,,,12.5,25,71926.55,72060.1,71400.25,72530.9,none,no_price_available
2026-09-11T08:25:11.410555+00:00,2026-09-11T13:55:11.410555+05:30,NIFTYNXT50,29-Sep-2026,80600.0,PE,71987.85,,0,9369.5,550,0.0,,0,0,0,0,0,,,,,,,,,,,,,,,0.04949545248113268,,,,,,12.5,25,71926.55,72060.1,71400.25,72530.9,none,no_price_available
2026-09-11T08:25:11.410555+00:00,2026-09-11T13:55:11.410555+05:30,NIFTYNXT50,29-Sep-2026,80700.0,CE,0,,0,,0,0.0,,0,0,0,0,0,,,,,,,,,,,,,,,0.04949545248113268,,,,,,12.5,25,71926.55,72060.1,71400.25,72530.9,none,no_price_available
2026-09-11T08:25:11.410555+00:00,2026-09-11T13:55:11.410555+05:30,NIFTYNXT50,29-Sep-2026,80700.0,PE,71987.85,,0,9476.15,550,0.0,,0,0,0,0,0,,,,,,,,,,,,,,,0.04949545248113268,,,,,,12.5,25,71926.55,72060.1,71400.25,72530.9,none,no_price_available
2026-09-11T08:25:11.410555+00:00,2026-09-11T13:55:11.410555+05:30,NIFTYNXT50,29-Sep-2026,80800.0,CE,0,,0,,0,0.0,,0,0,0,0,0,,,,,,,,,,,,,,,0.04949545248113268,,,,,,12.5,25,71926.55,72060.1,71400.25,72530.9,none,no_price_available
2026-09-11T08:25:11.410555+00:00,2026-09-11T13:55:11.410555+05:30,NIFTYNXT50,29-Sep-2026,80800.0,PE,71987.85,,0,9554.45,550,0.0,,0,0,0,0,0,,,,,,,,,,,,,,,0.04949545248113268,,,,,,12.5,25,71926.55,72060.1,71400.25,72530.9,none,no_price_available
2026-09-11T08:25:11.410555+00:00,2026-09-11T13:55:11.410555+05:30,NIFTYNXT50,29-Sep-2026,80900.0,CE,0,,0,,0,0.0,,0,0,0,0,0,,,,,,,,,,,,,,,0.04949545248113268,,,,,,12.5,25,71926.55,72060.1,71400.25,72530.9,none,no_price_available
2026-09-11T08:25:11.410555+00:00,2026-09-11T13:55:11.410555+05:30,NIFTYNXT50,29-Sep-2026,80900.0,PE,71987.85,,0,9684.85,550,0.0,,0,0,0,0,0,,,,,,,,,,,,,,,0.04949545248113268,,,,,,12.5,25,71926.55,72060.1,71400.25,72530.9,none,no_price_available
2026-09-11T08:25:11.410555+00:00,2026-09-11T13:55:11.410555+05:30,NIFTYNXT50,29-Sep-2026,81000.0,CE,0,,0,,0,0.0,,0,0,0,0,0,,,,,,,,,,,,,,,0.04949545248113268,,,,,,12.5,25,71926.55,72060.1,71400.25,72530.9,none,no_price_available
2026-09-11T08:25:11.410555+00:00,2026-09-11T13:55:11.410555+05:30,NIFTYNXT50,29-Sep-2026,81000.0,PE,71987.85,,0,9800.85,550,0.0,,0,0,0,0,0,,,,,,,,,,,,,,,0.04949545248113268,,,,,,12.5,25,71926.55,72060.1,71400.25,72530.9,none,no_price_available
2026-09-11T08:25:11.410555+00:00,2026-09-11T13:55:11.410555+05:30,NIFTYNXT50,29-Sep-2026,81500.0,CE,0,,0,,0,0.0,,0,0,0,0,0,,,,,,,,,,,,,,,0.04949545248113268,,,,,,12.5,25,71926.55,72060.1,71400.25,72530.9,none,no_price_available
2026-09-11T08:25:11.410555+00:00,2026-09-11T13:55:11.410555+05:30,NIFTYNXT50,29-Sep-2026,81500.0,PE,71987.85,,0,10349.15,550,0.0,,0,0,0,0,0,,,,,,,,,,,,,,,0.04949545248113268,,,,,,12.5,25,71926.55,72060.1,71400.25,72530.9,none,no_price_available
2026-09-11T08:25:11.410555+00:00,2026-09-11T13:55:11.410555+05:30,NIFTYNXT50,29-Sep-2026,82000.0,CE,0,,0,,0,0.0,,0,0,0,0,0,,,,,,,,,,,,,,,0.04949545248113268,,,,,,12.5,25,71926.55,72060.1,71400.25,72530.9,none,no_price_available
2026-09-11T08:25:11.410555+00:00,2026-09-11T13:55:11.410555+05:30,NIFTYNXT50,29-Sep-2026,82000.0,PE,71987.85,,0,10867.65,550,0.0,,0,0,0,0,0,,,,,,,,,,,,,,,0.04949545248113268,,,,,,12.5,25,71926.55,72060.1,71400.25,72530.9,none,no_price_available
2026-09-11T08:25:11.410555+00:00,2026-09-11T13:55:11.410555+05:30,NIFTYNXT50,29-Sep-2026,82500.0,CE,0,,0,,0,0.0,,0,0,0,0,0,,,,,,,,,,,,,,,0.04949545248113268,,,,,,12.5,25,71926.55,72060.1,71400.25,72530.9,none,no_price_available
2026-09-11T08:25:11.410555+00:00,2026-09-11T13:55:11.410555+05:30,NIFTYNXT50,29-Sep-2026,82500.0,PE,71987.85,,0,11392,550,0.0,,0,0,0,0,0,,,,,,,,,,,,,,,0.04949545248113268,,,,,,12.5,25,71926.55,72060.1,71400.25,72530.9,none,no_price_available
2026-09-11T08:25:11.410555+00:00,2026-09-11T13:55:11.410555+05:30,NIFTYNXT50,29-Sep-2026,83000.0,CE,0,,0,,0,0.0,,0,0,0,0,0,,,,,,,,,,,,,,,0.04949545248113268,,,,,,12.5,25,71926.55,72060.1,71400.25,72530.9,none,no_price_available
2026-09-11T08:25:11.410555+00:00,2026-09-11T13:55:11.410555+05:30,NIFTYNXT50,29-Sep-2026,83000.0,PE,71987.85,,0,11932.6,550,0.0,,0,0,0,0,0,,,,,,,,,,,,,,,0.04949545248113268,,,,,,12.5,25,71926.55,72060.1,71400.25,72530.9,none,no_price_available
2026-09-11T08:25:11.410555+00:00,2026-09-11T13:55:11.410555+05:30,NIFTYNXT50,29-Sep-2026,83500.0,CE,0,,0,,0,0.0,,0,0,0,0,0,,,,,,,,,,,,,,,0.04949545248113268,,,,,,12.5,25,71926.55,72060.1,71400.25,72530.9,none,no_price_available
2026-09-11T08:25:11.410555+00:00,2026-09-11T13:55:11.410555+05:30,NIFTYNXT50,29-Sep-2026,83500.0,PE,71987.85,,0,12486.2,550,0.0,,0,0,0,0,0,,,,,,,,,,,,,,,0.04949545248113268,,,,,,12.5,25,71926.55,72060.1,71400.25,72530.9,none,no_price_available
2026-09-11T08:25:11.410555+00:00,2026-09-11T13:55:11.410555+05:30,NIFTYNXT50,29-Sep-2026,84000.0,CE,0,,0,,0,0.0,,0,0,0,0,0,,,,,,,,,,,,,,,0.04949545248113268,,,,,,12.5,25,71926.55,72060.1,71400.25,72530.9,none,no_price_available
2026-09-11T08:25:11.410555+00:00,2026-09-11T13:55:11.410555+05:30,NIFTYNXT50,29-Sep-2026,84000.0,PE,71987.85,,0,12999.4,550,0.0,,0,0,0,0,0,,,,,,,,,,,,,,,0.04949545248113268,,,,,,12.5,25,71926.55,72060.1,71400.25,72530.9,none,no_price_available
2026-09-11T08:25:11.410555+00:00,2026-09-11T13:55:11.410555+05:30,NIFTYNXT50,29-Sep-2026,84500.0,CE,0,,0,,0,0.0,,0,0,0,0,0,,,,,,,,,,,,,,,0.04949545248113268,,,,,,12.5,25,71926.55,72060.1,71400.25,72530.9,none,no_price_available
2026-09-11T08:25:11.410555+00:00,2026-09-11T13:55:11.410555+05:30,NIFTYNXT50,29-Sep-2026,84500.0,PE,71987.85,,0,13551.8,550,0.0,,0,0,0,0,0,,,,,,,,,,,,,,,0.04949545248113268,,,,,,12.5,25,71926.55,72060.1,71400.25,72530.9,none,no_price_available
2026-09-11T08:25:11.410555+00:00,2026-09-11T13:55:11.410555+05:30,NIFTYNXT50,29-Sep-2026,85000.0,CE,0,,0,,0,0.0,,0,0,0,0,0,,,,,,,,,,,,,,,0.04949545248113268,,,,,,12.5,25,71926.55,72060.1,71400.25,72530.9,none,no_price_available
2026-09-11T08:25:11.410555+00:00,2026-09-11T13:55:11.410555+05:30,NIFTYNXT50,29-Sep-2026,85000.0,PE,71987.85,,0,14082.35,550,0.0,,0,0,0,0,0,,,,,,,,,,,,,,,0.04949545248113268,,,,,,12.5,25,71926.55,72060.1,71400.25,72530.9,none,no_price_available
