fetch_ts_utc,fetch_ts_ist,symbol,expiry_date,strike,option_type,underlying_value,bid_price,bid_qty,ask_price,ask_qty,ltp,mid_price,open_interest,change_in_oi,total_traded_volume,pchange_vs_prev_close,nse_iv,delta,gamma,theta,vega,vanna,charm,vomma,speed,zomma,color,veta,omega,dual_delta,dual_gamma,time_to_expiry_years,futures_price,implied_cost_of_carry,dividend_yield_used,dividend_yield_source,risk_free_rate_used,india_vix,lot_size,underlying_day_open,underlying_day_high,underlying_day_low,underlying_prev_close,price_source_for_iv,data_quality_flag
2026-09-03T08:18:37.635626+00:00,2026-09-03T13:48:37.635626+05:30,NIFTYNXT50,29-Sep-2026,61000.0,CE,72949.85,10327.3,550,13881.85,550,0.0,12104.575,0,0,0,0,0,,,,,,,,,,,,,,,0.07142574722139777,73160,0.040274059016090775,0.009899999999999999,index_dividend_yield,0.065,11.3,25,73081.3,73210.35,72872.05,72947.45,mid_price,no_nse_iv
2026-09-03T08:18:37.635626+00:00,2026-09-03T13:48:37.635626+05:30,NIFTYNXT50,29-Sep-2026,61000.0,PE,0,,0,,0,0.0,,0,0,0,0,0,,,,,,,,,,,,,,,0.07142574722139777,,,,,,11.3,25,73081.3,73210.35,72872.05,72947.45,none,no_price_available
2026-09-03T08:18:37.635626+00:00,2026-09-03T13:48:37.635626+05:30,NIFTYNXT50,29-Sep-2026,61500.0,CE,72949.85,9889.75,550,13357,550,0.0,11623.375,0,0,0,0,0,,,,,,,,,,,,,,,0.07142574722139777,73160,0.040274059016090775,0.009899999999999999,index_dividend_yield,0.065,11.3,25,73081.3,73210.35,72872.05,72947.45,mid_price,no_nse_iv
2026-09-03T08:18:37.635626+00:00,2026-09-03T13:48:37.635626+05:30,NIFTYNXT50,29-Sep-2026,61500.0,PE,0,,0,,0,0.0,,0,0,0,0,0,,,,,,,,,,,,,,,0.07142574722139777,,,,,,11.3,25,73081.3,73210.35,72872.05,72947.45,none,no_price_available
2026-09-03T08:18:37.635626+00:00,2026-09-03T13:48:37.635626+05:30,NIFTYNXT50,29-Sep-2026,62000.0,CE,72949.85,9453.3,550,12824.7,550,0.0,11139.0,0,0,0,0,0,,,,,,,,,,,,,,,0.07142574722139777,73160,0.040274059016090775,0.009899999999999999,index_dividend_yield,0.065,11.3,25,73081.3,73210.35,72872.05,72947.45,mid_price,no_nse_iv
2026-09-03T08:18:37.635626+00:00,2026-09-03T13:48:37.635626+05:30,NIFTYNXT50,29-Sep-2026,62000.0,PE,0,,0,,0,0.0,,0,0,0,0,0,,,,,,,,,,,,,,,0.07142574722139777,,,,,,11.3,25,73081.3,73210.35,72872.05,72947.45,none,no_price_available
2026-09-03T08:18:37.635626+00:00,2026-09-03T13:48:37.635626+05:30,NIFTYNXT50,29-Sep-2026,62500.0,CE,72949.85,9016.75,550,12231.75,550,0.0,10624.25,0,0,0,0,0,,,,,,,,,,,,,,,0.07142574722139777,73160,0.040274059016090775,0.009899999999999999,index_dividend_yield,0.065,11.3,25,73081.3,73210.35,72872.05,72947.45,mid_price,no_nse_iv
2026-09-03T08:18:37.635626+00:00,2026-09-03T13:48:37.635626+05:30,NIFTYNXT50,29-Sep-2026,62500.0,PE,0,,0,,0,0.0,,0,0,0,0,0,,,,,,,,,,,,,,,0.07142574722139777,,,,,,11.3,25,73081.3,73210.35,72872.05,72947.45,none,no_price_available
2026-09-03T08:18:37.635626+00:00,2026-09-03T13:48:37.635626+05:30,NIFTYNXT50,29-Sep-2026,63000.0,CE,72949.85,8579.3,550,11698.35,550,0.0,10138.825,0,0,0,0,0,,,,,,,,,,,,,,,0.07142574722139777,73160,0.040274059016090775,0.009899999999999999,index_dividend_yield,0.065,11.3,25,73081.3,73210.35,72872.05,72947.45,mid_price,no_nse_iv
2026-09-03T08:18:37.635626+00:00,2026-09-03T13:48:37.635626+05:30,NIFTYNXT50,29-Sep-2026,63000.0,PE,0,,0,,0,0.0,,0,0,0,0,0,,,,,,,,,,,,,,,0.07142574722139777,,,,,,11.3,25,73081.3,73210.35,72872.05,72947.45,none,no_price_available
2026-09-03T08:18:37.635626+00:00,2026-09-03T13:48:37.635626+05:30,NIFTYNXT50,29-Sep-2026,63500.0,CE,72949.85,8142.3,550,11164.95,550,0.0,9653.625,0,0,0,0,0,,,,,,,,,,,,,,,0.07142574722139777,73160,0.040274059016090775,0.009899999999999999,index_dividend_yield,0.065,11.3,25,73081.3,73210.35,72872.05,72947.45,mid_price,no_nse_iv
2026-09-03T08:18:37.635626+00:00,2026-09-03T13:48:37.635626+05:30,NIFTYNXT50,29-Sep-2026,63500.0,PE,0,,0,,0,0.0,,0,0,0,0,0,,,,,,,,,,,,,,,0.07142574722139777,,,,,,11.3,25,73081.3,73210.35,72872.05,72947.45,none,no_price_available
2026-09-03T08:18:37.635626+00:00,2026-09-03T13:48:37.635626+05:30,NIFTYNXT50,29-Sep-2026,64000.0,CE,72949.85,7705.75,550,10631.55,550,0.0,9168.65,0,0,0,0,0,,,,,,,,,,,,,,,0.07142574722139777,73160,0.040274059016090775,0.009899999999999999,index_dividend_yield,0.065,11.3,25,73081.3,73210.35,72872.05,72947.45,mid_price,no_nse_iv
2026-09-03T08:18:37.635626+00:00,2026-09-03T13:48:37.635626+05:30,NIFTYNXT50,29-Sep-2026,64000.0,PE,0,,0,,0,0.0,,0,0,0,0,0,,,,,,,,,,,,,,,0.07142574722139777,,,,,,11.3,25,73081.3,73210.35,72872.05,72947.45,none,no_price_available
2026-09-03T08:18:37.635626+00:00,2026-09-03T13:48:37.635626+05:30,NIFTYNXT50,29-Sep-2026,64100.0,CE,72949.85,7617.35,550,10524.85,550,0.0,9071.1,0,0,0,0,0,,,,,,,,,,,,,,,0.07142574722139777,73160,0.040274059016090775,0.009899999999999999,index_dividend_yield,0.065,11.3,25,73081.3,73210.35,72872.05,72947.45,mid_price,no_nse_iv
2026-09-03T08:18:37.635626+00:00,2026-09-03T13:48:37.635626+05:30,NIFTYNXT50,29-Sep-2026,64100.0,PE,0,,0,,0,0.0,,0,0,0,0,0,,,,,,,,,,,,,,,0.07142574722139777,,,,,,11.3,25,73081.3,73210.35,72872.05,72947.45,none,no_price_available
2026-09-03T08:18:37.635626+00:00,2026-09-03T13:48:37.635626+05:30,NIFTYNXT50,29-Sep-2026,64200.0,CE,72949.85,7530.5,550,10418.2,550,0.0,8974.35,0,0,0,0,0,,,,,,,,,,,,,,,0.07142574722139777,73160,0.040274059016090775,0.009899999999999999,index_dividend_yield,0.065,11.3,25,73081.3,73210.35,72872.05,72947.45,mid_price,no_nse_iv
2026-09-03T08:18:37.635626+00:00,2026-09-03T13:48:37.635626+05:30,NIFTYNXT50,29-Sep-2026,64200.0,PE,72949.85,,0,36.85,25,0.0,,0,0,0,0,0,,,,,,,,,,,,,,,0.07142574722139777,,,,,,11.3,25,73081.3,73210.35,72872.05,72947.45,none,no_price_available
2026-09-03T08:18:37.635626+00:00,2026-09-03T13:48:37.635626+05:30,NIFTYNXT50,29-Sep-2026,64300.0,CE,72949.85,7442.55,550,10311.5,550,0.0,8877.025,0,0,0,0,0,,,,,,,,,,,,,,,0.07142574722139777,73160,0.040274059016090775,0.009899999999999999,index_dividend_yield,0.065,11.3,25,73081.3,73210.35,72872.05,72947.45,mid_price,no_nse_iv
2026-09-03T08:18:37.635626+00:00,2026-09-03T13:48:37.635626+05:30,NIFTYNXT50,29-Sep-2026,64300.0,PE,0,,0,,0,0.0,,0,0,0,0,0,,,,,,,,,,,,,,,0.07142574722139777,,,,,,11.3,25,73081.3,73210.35,72872.05,72947.45,none,no_price_available
2026-09-03T08:18:37.635626+00:00,2026-09-03T13:48:37.635626+05:30,NIFTYNXT50,29-Sep-2026,64400.0,CE,72949.85,7355.15,550,10204.8,550,0.0,8779.974999999999,0,0,0,0,0,,,,,,,,,,,,,,,0.07142574722139777,73160,0.040274059016090775,0.009899999999999999,index_dividend_yield,0.065,11.3,25,73081.3,73210.35,72872.05,72947.45,mid_price,no_nse_iv
2026-09-03T08:18:37.635626+00:00,2026-09-03T13:48:37.635626+05:30,NIFTYNXT50,29-Sep-2026,64400.0,PE,0,,0,,0,0.0,,0,0,0,0,0,,,,,,,,,,,,,,,0.07142574722139777,,,,,,11.3,25,73081.3,73210.35,72872.05,72947.45,none,no_price_available
2026-09-03T08:18:37.635626+00:00,2026-09-03T13:48:37.635626+05:30,NIFTYNXT50,29-Sep-2026,64500.0,CE,72949.85,7268.75,550,10098.15,550,0.0,8683.45,0,0,0,0,0,,,,,,,,,,,,,,,0.07142574722139777,73160,0.040274059016090775,0.009899999999999999,index_dividend_yield,0.065,11.3,25,73081.3,73210.35,72872.05,72947.45,mid_price,no_nse_iv
2026-09-03T08:18:37.635626+00:00,2026-09-03T13:48:37.635626+05:30,NIFTYNXT50,29-Sep-2026,64500.0,PE,72949.85,,0,46,25,0.0,,0,0,0,0,0,,,,,,,,,,,,,,,0.07142574722139777,,,,,,11.3,25,73081.3,73210.35,72872.05,72947.45,none,no_price_available
2026-09-03T08:18:37.635626+00:00,2026-09-03T13:48:37.635626+05:30,NIFTYNXT50,29-Sep-2026,64600.0,CE,72949.85,7180.9,550,9991.45,550,0.0,8586.175,0,0,0,0,0,,,,,,,,,,,,,,,0.07142574722139777,73160,0.040274059016090775,0.009899999999999999,index_dividend_yield,0.065,11.3,25,73081.3,73210.35,72872.05,72947.45,mid_price,no_nse_iv
2026-09-03T08:18:37.635626+00:00,2026-09-03T13:48:37.635626+05:30,NIFTYNXT50,29-Sep-2026,64600.0,PE,0,,0,,0,0.0,,0,0,0,0,0,,,,,,,,,,,,,,,0.07142574722139777,,,,,,11.3,25,73081.3,73210.35,72872.05,72947.45,none,no_price_available
2026-09-03T08:18:37.635626+00:00,2026-09-03T13:48:37.635626+05:30,NIFTYNXT50,29-Sep-2026,64700.0,CE,72949.85,7093.5,550,9884.8,550,0.0,8489.15,0,0,0,0,0,,,,,,,,,,,,,,,0.07142574722139777,73160,0.040274059016090775,0.009899999999999999,index_dividend_yield,0.065,11.3,25,73081.3,73210.35,72872.05,72947.45,mid_price,no_nse_iv
2026-09-03T08:18:37.635626+00:00,2026-09-03T13:48:37.635626+05:30,NIFTYNXT50,29-Sep-2026,64700.0,PE,0,,0,,0,0.0,,0,0,0,0,0,,,,,,,,,,,,,,,0.07142574722139777,,,,,,11.3,25,73081.3,73210.35,72872.05,72947.45,none,no_price_available
2026-09-03T08:18:37.635626+00:00,2026-09-03T13:48:37.635626+05:30,NIFTYNXT50,29-Sep-2026,64800.0,CE,72949.85,7006.1,550,9778.1,550,0.0,8392.1,0,0,0,0,0,,,,,,,,,,,,,,,0.07142574722139777,73160,0.040274059016090775,0.009899999999999999,index_dividend_yield,0.065,11.3,25,73081.3,73210.35,72872.05,72947.45,mid_price,no_nse_iv
2026-09-03T08:18:37.635626+00:00,2026-09-03T13:48:37.635626+05:30,NIFTYNXT50,29-Sep-2026,64800.0,PE,0,,0,,0,0.0,,0,0,0,0,0,,,,,,,,,,,,,,,0.07142574722139777,,,,,,11.3,25,73081.3,73210.35,72872.05,72947.45,none,no_price_available
2026-09-03T08:18:37.635626+00:00,2026-09-03T13:48:37.635626+05:30,NIFTYNXT50,29-Sep-2026,64900.0,CE,72949.85,6919.15,550,9671.4,550,0.0,8295.275,0,0,0,0,0,,,,,,,,,,,,,,,0.07142574722139777,73160,0.040274059016090775,0.009899999999999999,index_dividend_yield,0.065,11.3,25,73081.3,73210.35,72872.05,72947.45,mid_price,no_nse_iv
2026-09-03T08:18:37.635626+00:00,2026-09-03T13:48:37.635626+05:30,NIFTYNXT50,29-Sep-2026,64900.0,PE,0,,0,,0,0.0,,0,0,0,0,0,,,,,,,,,,,,,,,0.07142574722139777,,,,,,11.3,25,73081.3,73210.35,72872.05,72947.45,none,no_price_available
2026-09-03T08:18:37.635626+00:00,2026-09-03T13:48:37.635626+05:30,NIFTYNXT50,29-Sep-2026,65000.0,CE,72949.85,6830.75,550,9564.75,550,0.0,8197.75,0,0,0,0,0,,,,,,,,,,,,,,,0.07142574722139777,73160,0.040274059016090775,0.009899999999999999,index_dividend_yield,0.065,11.3,25,73081.3,73210.35,72872.05,72947.45,mid_price,no_nse_iv
2026-09-03T08:18:37.635626+00:00,2026-09-03T13:48:37.635626+05:30,NIFTYNXT50,29-Sep-2026,65000.0,PE,72949.85,0.05,25,65.5,25,0.0,32.775,0,0,0,0,0,,,,,,,,,,,,,,,0.07142574722139777,73160,0.040274059016090775,0.009899999999999999,index_dividend_yield,0.065,11.3,25,73081.3,73210.35,72872.05,72947.45,mid_price,no_nse_iv
2026-09-03T08:18:37.635626+00:00,2026-09-03T13:48:37.635626+05:30,NIFTYNXT50,29-Sep-2026,65100.0,CE,72949.85,6744.35,550,9458.05,550,0.0,8101.2,0,0,0,0,0,,,,,,,,,,,,,,,0.07142574722139777,73160,0.040274059016090775,0.009899999999999999,index_dividend_yield,0.065,11.3,25,73081.3,73210.35,72872.05,72947.45,mid_price,no_nse_iv
2026-09-03T08:18:37.635626+00:00,2026-09-03T13:48:37.635626+05:30,NIFTYNXT50,29-Sep-2026,65100.0,PE,0,,0,,0,0.0,,0,0,0,0,0,,,,,,,,,,,,,,,0.07142574722139777,,,,,,11.3,25,73081.3,73210.35,72872.05,72947.45,none,no_price_available
2026-09-03T08:18:37.635626+00:00,2026-09-03T13:48:37.635626+05:30,NIFTYNXT50,29-Sep-2026,65200.0,CE,72949.85,6656.95,550,9351.4,550,0.0,8004.174999999999,0,0,0,0,0,,,,,,,,,,,,,,,0.07142574722139777,73160,0.040274059016090775,0.009899999999999999,index_dividend_yield,0.065,11.3,25,73081.3,73210.35,72872.05,72947.45,mid_price,no_nse_iv
2026-09-03T08:18:37.635626+00:00,2026-09-03T13:48:37.635626+05:30,NIFTYNXT50,29-Sep-2026,65200.0,PE,0,,0,,0,0.0,,0,0,0,0,0,,,,,,,,,,,,,,,0.07142574722139777,,,,,,11.3,25,73081.3,73210.35,72872.05,72947.45,none,no_price_available
2026-09-03T08:18:37.635626+00:00,2026-09-03T13:48:37.635626+05:30,NIFTYNXT50,29-Sep-2026,65300.0,CE,72949.85,6568.55,550,9244.7,550,0.0,7906.625,0,0,0,0,0,,,,,,,,,,,,,,,0.07142574722139777,73160,0.040274059016090775,0.009899999999999999,index_dividend_yield,0.065,11.3,25,73081.3,73210.35,72872.05,72947.45,mid_price,no_nse_iv
2026-09-03T08:18:37.635626+00:00,2026-09-03T13:48:37.635626+05:30,NIFTYNXT50,29-Sep-2026,65300.0,PE,0,,0,,0,0.0,,0,0,0,0,0,,,,,,,,,,,,,,,0.07142574722139777,,,,,,11.3,25,73081.3,73210.35,72872.05,72947.45,none,no_price_available
2026-09-03T08:18:37.635626+00:00,2026-09-03T13:48:37.635626+05:30,NIFTYNXT50,29-Sep-2026,65400.0,CE,72949.85,6482.15,550,9138,550,0.0,7810.075,0,0,0,0,0,,,,,,,,,,,,,,,0.07142574722139777,73160,0.040274059016090775,0.009899999999999999,index_dividend_yield,0.065,11.3,25,73081.3,73210.35,72872.05,72947.45,mid_price,no_nse_iv
2026-09-03T08:18:37.635626+00:00,2026-09-03T13:48:37.635626+05:30,NIFTYNXT50,29-Sep-2026,65400.0,PE,0,,0,,0,0.0,,0,0,0,0,0,,,,,,,,,,,,,,,0.07142574722139777,,,,,,11.3,25,73081.3,73210.35,72872.05,72947.45,none,no_price_available
2026-09-03T08:18:37.635626+00:00,2026-09-03T13:48:37.635626+05:30,NIFTYNXT50,29-Sep-2026,65500.0,CE,72949.85,6394.3,550,9031.35,550,0.0,7712.825000000001,0,0,0,0,0,,,,,,,,,,,,,,,0.07142574722139777,73160,0.040274059016090775,0.009899999999999999,index_dividend_yield,0.065,11.3,25,73081.3,73210.35,72872.05,72947.45,mid_price,no_nse_iv
2026-09-03T08:18:37.635626+00:00,2026-09-03T13:48:37.635626+05:30,NIFTYNXT50,29-Sep-2026,65500.0,PE,0,,0,,0,0.0,,0,0,0,0,0,,,,,,,,,,,,,,,0.07142574722139777,,,,,,11.3,25,73081.3,73210.35,72872.05,72947.45,none,no_price_available
2026-09-03T08:18:37.635626+00:00,2026-09-03T13:48:37.635626+05:30,NIFTYNXT50,29-Sep-2026,65600.0,CE,72949.85,6311.05,550,8924.65,550,0.0,7617.85,0,0,0,0,0,,,,,,,,,,,,,,,0.07142574722139777,73160,0.040274059016090775,0.009899999999999999,index_dividend_yield,0.065,11.3,25,73081.3,73210.35,72872.05,72947.45,mid_price,no_nse_iv
2026-09-03T08:18:37.635626+00:00,2026-09-03T13:48:37.635626+05:30,NIFTYNXT50,29-Sep-2026,65600.0,PE,0,,0,,0,0.0,,0,0,0,0,0,,,,,,,,,,,,,,,0.07142574722139777,,,,,,11.3,25,73081.3,73210.35,72872.05,72947.45,none,no_price_available
2026-09-03T08:18:37.635626+00:00,2026-09-03T13:48:37.635626+05:30,NIFTYNXT50,29-Sep-2026,65700.0,CE,72949.85,6225,550,8818,550,0.0,7521.5,0,0,0,0,0,,,,,,,,,,,,,,,0.07142574722139777,73160,0.040274059016090775,0.009899999999999999,index_dividend_yield,0.065,11.3,25,73081.3,73210.35,72872.05,72947.45,mid_price,no_nse_iv
2026-09-03T08:18:37.635626+00:00,2026-09-03T13:48:37.635626+05:30,NIFTYNXT50,29-Sep-2026,65700.0,PE,0,,0,,0,0.0,,0,0,0,0,0,,,,,,,,,,,,,,,0.07142574722139777,,,,,,11.3,25,73081.3,73210.35,72872.05,72947.45,none,no_price_available
2026-09-03T08:18:37.635626+00:00,2026-09-03T13:48:37.635626+05:30,NIFTYNXT50,29-Sep-2026,65800.0,CE,72949.85,6136.35,550,8711.3,550,0.0,7423.825,0,0,0,0,0,,,,,,,,,,,,,,,0.07142574722139777,73160,0.040274059016090775,0.009899999999999999,index_dividend_yield,0.065,11.3,25,73081.3,73210.35,72872.05,72947.45,mid_price,no_nse_iv
2026-09-03T08:18:37.635626+00:00,2026-09-03T13:48:37.635626+05:30,NIFTYNXT50,29-Sep-2026,65800.0,PE,0,,0,,0,0.0,,0,0,0,0,0,,,,,,,,,,,,,,,0.07142574722139777,,,,,,11.3,25,73081.3,73210.35,72872.05,72947.45,none,no_price_available
2026-09-03T08:18:37.635626+00:00,2026-09-03T13:48:37.635626+05:30,NIFTYNXT50,29-Sep-2026,65900.0,CE,72949.85,6050.1,550,8604.6,550,0.0,7327.35,0,0,0,0,0,,,,,,,,,,,,,,,0.07142574722139777,73160,0.040274059016090775,0.009899999999999999,index_dividend_yield,0.065,11.3,25,73081.3,73210.35,72872.05,72947.45,mid_price,no_nse_iv
2026-09-03T08:18:37.635626+00:00,2026-09-03T13:48:37.635626+05:30,NIFTYNXT50,29-Sep-2026,65900.0,PE,0,,0,,0,0.0,,0,0,0,0,0,,,,,,,,,,,,,,,0.07142574722139777,,,,,,11.3,25,73081.3,73210.35,72872.05,72947.45,none,no_price_available
2026-09-03T08:18:37.635626+00:00,2026-09-03T13:48:37.635626+05:30,NIFTYNXT50,29-Sep-2026,66000.0,CE,72949.85,5962.8,550,8497.95,550,0.0,7230.375,0,0,0,0,0,,,,,,,,,,,,,,,0.07142574722139777,73160,0.040274059016090775,0.009899999999999999,index_dividend_yield,0.065,11.3,25,73081.3,73210.35,72872.05,72947.45,mid_price,no_nse_iv
2026-09-03T08:18:37.635626+00:00,2026-09-03T13:48:37.635626+05:30,NIFTYNXT50,29-Sep-2026,66000.0,PE,0,,0,,0,0.0,,0,0,0,0,0,,,,,,,,,,,,,,,0.07142574722139777,,,,,,11.3,25,73081.3,73210.35,72872.05,72947.45,none,no_price_available
2026-09-03T08:18:37.635626+00:00,2026-09-03T13:48:37.635626+05:30,NIFTYNXT50,29-Sep-2026,66100.0,CE,72949.85,5874,550,8391.25,550,0.0,7132.625,0,0,0,0,0,,,,,,,,,,,,,,,0.07142574722139777,73160,0.040274059016090775,0.009899999999999999,index_dividend_yield,0.065,11.3,25,73081.3,73210.35,72872.05,72947.45,mid_price,no_nse_iv
2026-09-03T08:18:37.635626+00:00,2026-09-03T13:48:37.635626+05:30,NIFTYNXT50,29-Sep-2026,66100.0,PE,0,,0,,0,0.0,,0,0,0,0,0,,,,,,,,,,,,,,,0.07142574722139777,,,,,,11.3,25,73081.3,73210.35,72872.05,72947.45,none,no_price_available
2026-09-03T08:18:37.635626+00:00,2026-09-03T13:48:37.635626+05:30,NIFTYNXT50,29-Sep-2026,66200.0,CE,72949.85,5788,550,8284.6,550,0.0,7036.3,0,0,0,0,0,,,,,,,,,,,,,,,0.07142574722139777,73160,0.040274059016090775,0.009899999999999999,index_dividend_yield,0.065,11.3,25,73081.3,73210.35,72872.05,72947.45,mid_price,no_nse_iv
2026-09-03T08:18:37.635626+00:00,2026-09-03T13:48:37.635626+05:30,NIFTYNXT50,29-Sep-2026,66200.0,PE,0,,0,,0,0.0,,0,0,0,0,0,,,,,,,,,,,,,,,0.07142574722139777,,,,,,11.3,25,73081.3,73210.35,72872.05,72947.45,none,no_price_available
2026-09-03T08:18:37.635626+00:00,2026-09-03T13:48:37.635626+05:30,NIFTYNXT50,29-Sep-2026,66300.0,CE,72949.85,5698.7,550,8177.9,550,0.0,6938.299999999999,0,0,0,0,0,,,,,,,,,,,,,,,0.07142574722139777,73160,0.040274059016090775,0.009899999999999999,index_dividend_yield,0.065,11.3,25,73081.3,73210.35,72872.05,72947.45,mid_price,no_nse_iv
2026-09-03T08:18:37.635626+00:00,2026-09-03T13:48:37.635626+05:30,NIFTYNXT50,29-Sep-2026,66300.0,PE,0,,0,,0,0.0,,0,0,0,0,0,,,,,,,,,,,,,,,0.07142574722139777,,,,,,11.3,25,73081.3,73210.35,72872.05,72947.45,none,no_price_available
2026-09-03T08:18:37.635626+00:00,2026-09-03T13:48:37.635626+05:30,NIFTYNXT50,29-Sep-2026,66400.0,CE,72949.85,5611.8,550,8071.2,550,0.0,6841.5,0,0,0,0,0,,,,,,,,,,,,,,,0.07142574722139777,73160,0.040274059016090775,0.009899999999999999,index_dividend_yield,0.065,11.3,25,73081.3,73210.35,72872.05,72947.45,mid_price,no_nse_iv
2026-09-03T08:18:37.635626+00:00,2026-09-03T13:48:37.635626+05:30,NIFTYNXT50,29-Sep-2026,66400.0,PE,0,,0,,0,0.0,,0,0,0,0,0,,,,,,,,,,,,,,,0.07142574722139777,,,,,,11.3,25,73081.3,73210.35,72872.05,72947.45,none,no_price_available
2026-09-03T08:18:37.635626+00:00,2026-09-03T13:48:37.635626+05:30,NIFTYNXT50,29-Sep-2026,66500.0,CE,72949.85,5525.2,550,7964.55,550,0.0,6744.875,0,0,0,0,0,,,,,,,,,,,,,,,0.07142574722139777,73160,0.040274059016090775,0.009899999999999999,index_dividend_yield,0.065,11.3,25,73081.3,73210.35,72872.05,72947.45,mid_price,no_nse_iv
2026-09-03T08:18:37.635626+00:00,2026-09-03T13:48:37.635626+05:30,NIFTYNXT50,29-Sep-2026,66500.0,PE,0,,0,,0,0.0,,0,0,0,0,0,,,,,,,,,,,,,,,0.07142574722139777,,,,,,11.3,25,73081.3,73210.35,72872.05,72947.45,none,no_price_available
2026-09-03T08:18:37.635626+00:00,2026-09-03T13:48:37.635626+05:30,NIFTYNXT50,29-Sep-2026,66600.0,CE,72949.85,5438.4,550,7857.85,550,0.0,6648.125,0,0,0,0,0,,,,,,,,,,,,,,,0.07142574722139777,73160,0.040274059016090775,0.009899999999999999,index_dividend_yield,0.065,11.3,25,73081.3,73210.35,72872.05,72947.45,mid_price,no_nse_iv
2026-09-03T08:18:37.635626+00:00,2026-09-03T13:48:37.635626+05:30,NIFTYNXT50,29-Sep-2026,66600.0,PE,0,,0,,0,0.0,,0,0,0,0,0,,,,,,,,,,,,,,,0.07142574722139777,,,,,,11.3,25,73081.3,73210.35,72872.05,72947.45,none,no_price_available
2026-09-03T08:18:37.635626+00:00,2026-09-03T13:48:37.635626+05:30,NIFTYNXT50,29-Sep-2026,66700.0,CE,72949.85,5349.65,550,7773.6,550,0.0,6561.625,0,0,0,0,0,,,,,,,,,,,,,,,0.07142574722139777,73160,0.040274059016090775,0.009899999999999999,index_dividend_yield,0.065,11.3,25,73081.3,73210.35,72872.05,72947.45,mid_price,no_nse_iv
2026-09-03T08:18:37.635626+00:00,2026-09-03T13:48:37.635626+05:30,NIFTYNXT50,29-Sep-2026,66700.0,PE,0,,0,,0,0.0,,0,0,0,0,0,,,,,,,,,,,,,,,0.07142574722139777,,,,,,11.3,25,73081.3,73210.35,72872.05,72947.45,none,no_price_available
2026-09-03T08:18:37.635626+00:00,2026-09-03T13:48:37.635626+05:30,NIFTYNXT50,29-Sep-2026,66800.0,CE,72949.85,5262.35,550,7666.9,550,0.0,6464.625,0,0,0,0,0,,,,,,,,,,,,,,,0.07142574722139777,73160,0.040274059016090775,0.009899999999999999,index_dividend_yield,0.065,11.3,25,73081.3,73210.35,72872.05,72947.45,mid_price,no_nse_iv
2026-09-03T08:18:37.635626+00:00,2026-09-03T13:48:37.635626+05:30,NIFTYNXT50,29-Sep-2026,66800.0,PE,0,,0,,0,0.0,,0,0,0,0,0,,,,,,,,,,,,,,,0.07142574722139777,,,,,,11.3,25,73081.3,73210.35,72872.05,72947.45,none,no_price_available
2026-09-03T08:18:37.635626+00:00,2026-09-03T13:48:37.635626+05:30,NIFTYNXT50,29-Sep-2026,66900.0,CE,72949.85,5174.95,550,7560.25,550,0.0,6367.6,0,0,0,0,0,,,,,,,,,,,,,,,0.07142574722139777,73160,0.040274059016090775,0.009899999999999999,index_dividend_yield,0.065,11.3,25,73081.3,73210.35,72872.05,72947.45,mid_price,no_nse_iv
2026-09-03T08:18:37.635626+00:00,2026-09-03T13:48:37.635626+05:30,NIFTYNXT50,29-Sep-2026,66900.0,PE,0,,0,,0,0.0,,0,0,0,0,0,,,,,,,,,,,,,,,0.07142574722139777,,,,,,11.3,25,73081.3,73210.35,72872.05,72947.45,none,no_price_available
2026-09-03T08:18:37.635626+00:00,2026-09-03T13:48:37.635626+05:30,NIFTYNXT50,29-Sep-2026,67000.0,CE,72949.85,5088.8,550,7453.55,550,0.0,6271.175,0,0,0,0,0,,,,,,,,,,,,,,,0.07142574722139777,73160,0.040274059016090775,0.009899999999999999,index_dividend_yield,0.065,11.3,25,73081.3,73210.35,72872.05,72947.45,mid_price,no_nse_iv
2026-09-03T08:18:37.635626+00:00,2026-09-03T13:48:37.635626+05:30,NIFTYNXT50,29-Sep-2026,67000.0,PE,0,,0,,0,0.0,,0,0,0,0,0,,,,,,,,,,,,,,,0.07142574722139777,,,,,,11.3,25,73081.3,73210.35,72872.05,72947.45,none,no_price_available
2026-09-03T08:18:37.635626+00:00,2026-09-03T13:48:37.635626+05:30,NIFTYNXT50,29-Sep-2026,67100.0,CE,72949.85,5001.3,550,7346.85,550,0.0,6174.075000000001,0,0,0,0,0,,,,,,,,,,,,,,,0.07142574722139777,73160,0.040274059016090775,0.009899999999999999,index_dividend_yield,0.065,11.3,25,73081.3,73210.35,72872.05,72947.45,mid_price,no_nse_iv
2026-09-03T08:18:37.635626+00:00,2026-09-03T13:48:37.635626+05:30,NIFTYNXT50,29-Sep-2026,67100.0,PE,0,,0,,0,0.0,,0,0,0,0,0,,,,,,,,,,,,,,,0.07142574722139777,,,,,,11.3,25,73081.3,73210.35,72872.05,72947.45,none,no_price_available
2026-09-03T08:18:37.635626+00:00,2026-09-03T13:48:37.635626+05:30,NIFTYNXT50,29-Sep-2026,67200.0,CE,72949.85,4912.75,550,7240.2,550,0.0,6076.475,0,0,0,0,0,,,,,,,,,,,,,,,0.07142574722139777,73160,0.040274059016090775,0.009899999999999999,index_dividend_yield,0.065,11.3,25,73081.3,73210.35,72872.05,72947.45,mid_price,no_nse_iv
2026-09-03T08:18:37.635626+00:00,2026-09-03T13:48:37.635626+05:30,NIFTYNXT50,29-Sep-2026,67200.0,PE,0,,0,,0,0.0,,0,0,0,0,0,,,,,,,,,,,,,,,0.07142574722139777,,,,,,11.3,25,73081.3,73210.35,72872.05,72947.45,none,no_price_available
2026-09-03T08:18:37.635626+00:00,2026-09-03T13:48:37.635626+05:30,NIFTYNXT50,29-Sep-2026,67300.0,CE,72949.85,4825.35,550,7133.5,550,0.0,5979.425,0,0,0,0,0,,,,,,,,,,,,,,,0.07142574722139777,73160,0.040274059016090775,0.009899999999999999,index_dividend_yield,0.065,11.3,25,73081.3,73210.35,72872.05,72947.45,mid_price,no_nse_iv
2026-09-03T08:18:37.635626+00:00,2026-09-03T13:48:37.635626+05:30,NIFTYNXT50,29-Sep-2026,67300.0,PE,0,,0,,0,0.0,,0,0,0,0,0,,,,,,,,,,,,,,,0.07142574722139777,,,,,,11.3,25,73081.3,73210.35,72872.05,72947.45,none,no_price_available
2026-09-03T08:18:37.635626+00:00,2026-09-03T13:48:37.635626+05:30,NIFTYNXT50,29-Sep-2026,67400.0,CE,72949.85,4737.95,550,7026.85,550,0.0,5882.4,0,0,0,0,0,,,,,,,,,,,,,,,0.07142574722139777,73160,0.040274059016090775,0.009899999999999999,index_dividend_yield,0.065,11.3,25,73081.3,73210.35,72872.05,72947.45,mid_price,no_nse_iv
2026-09-03T08:18:37.635626+00:00,2026-09-03T13:48:37.635626+05:30,NIFTYNXT50,29-Sep-2026,67400.0,PE,0,,0,,0,0.0,,0,0,0,0,0,,,,,,,,,,,,,,,0.07142574722139777,,,,,,11.3,25,73081.3,73210.35,72872.05,72947.45,none,no_price_available
2026-09-03T08:18:37.635626+00:00,2026-09-03T13:48:37.635626+05:30,NIFTYNXT50,29-Sep-2026,67500.0,CE,72949.85,4650.55,550,6920.15,550,0.0,5785.35,0,0,0,0,0,,,,,,,,,,,,,,,0.07142574722139777,73160,0.040274059016090775,0.009899999999999999,index_dividend_yield,0.065,11.3,25,73081.3,73210.35,72872.05,72947.45,mid_price,no_nse_iv
2026-09-03T08:18:37.635626+00:00,2026-09-03T13:48:37.635626+05:30,NIFTYNXT50,29-Sep-2026,67500.0,PE,0,,0,,0,0.0,,0,0,0,0,0,,,,,,,,,,,,,,,0.07142574722139777,,,,,,11.3,25,73081.3,73210.35,72872.05,72947.45,none,no_price_available
2026-09-03T08:18:37.635626+00:00,2026-09-03T13:48:37.635626+05:30,NIFTYNXT50,29-Sep-2026,67600.0,CE,72949.85,4564.3,550,6813.35,550,0.0,5688.825000000001,0,0,0,0,0,,,,,,,,,,,,,,,0.07142574722139777,73160,0.040274059016090775,0.009899999999999999,index_dividend_yield,0.065,11.3,25,73081.3,73210.35,72872.05,72947.45,mid_price,no_nse_iv
2026-09-03T08:18:37.635626+00:00,2026-09-03T13:48:37.635626+05:30,NIFTYNXT50,29-Sep-2026,67600.0,PE,0,,0,,0,0.0,,0,0,0,0,0,,,,,,,,,,,,,,,0.07142574722139777,,,,,,11.3,25,73081.3,73210.35,72872.05,72947.45,none,no_price_available
2026-09-03T08:18:37.635626+00:00,2026-09-03T13:48:37.635626+05:30,NIFTYNXT50,29-Sep-2026,67700.0,CE,72949.85,4475.9,550,6706.5,550,0.0,5591.2,0,0,0,0,0,,,,,,,,,,,,,,,0.07142574722139777,73160,0.040274059016090775,0.009899999999999999,index_dividend_yield,0.065,11.3,25,73081.3,73210.35,72872.05,72947.45,mid_price,no_nse_iv
2026-09-03T08:18:37.635626+00:00,2026-09-03T13:48:37.635626+05:30,NIFTYNXT50,29-Sep-2026,67700.0,PE,0,,0,,0,0.0,,0,0,0,0,0,,,,,,,,,,,,,,,0.07142574722139777,,,,,,11.3,25,73081.3,73210.35,72872.05,72947.45,none,no_price_available
2026-09-03T08:18:37.635626+00:00,2026-09-03T13:48:37.635626+05:30,NIFTYNXT50,29-Sep-2026,67800.0,CE,72949.85,4388.45,550,6600,550,0.0,5494.225,0,0,0,0,0,,,,,,,,,,,,,,,0.07142574722139777,73160,0.040274059016090775,0.009899999999999999,index_dividend_yield,0.065,11.3,25,73081.3,73210.35,72872.05,72947.45,mid_price,no_nse_iv
2026-09-03T08:18:37.635626+00:00,2026-09-03T13:48:37.635626+05:30,NIFTYNXT50,29-Sep-2026,67800.0,PE,0,,0,,0,0.0,,0,0,0,0,0,,,,,,,,,,,,,,,0.07142574722139777,,,,,,11.3,25,73081.3,73210.35,72872.05,72947.45,none,no_price_available
2026-09-03T08:18:37.635626+00:00,2026-09-03T13:48:37.635626+05:30,NIFTYNXT50,29-Sep-2026,67900.0,CE,72949.85,4501.5,25,6493.45,550,0.0,5497.475,0,0,0,0,0,,,,,,,,,,,,,,,0.07142574722139777,73160,0.040274059016090775,0.009899999999999999,index_dividend_yield,0.065,11.3,25,73081.3,73210.35,72872.05,72947.45,mid_price,no_nse_iv
2026-09-03T08:18:37.635626+00:00,2026-09-03T13:48:37.635626+05:30,NIFTYNXT50,29-Sep-2026,67900.0,PE,0,,0,,0,0.0,,0,0,0,0,0,,,,,,,,,,,,,,,0.07142574722139777,,,,,,11.3,25,73081.3,73210.35,72872.05,72947.45,none,no_price_available
2026-09-03T08:18:37.635626+00:00,2026-09-03T13:48:37.635626+05:30,NIFTYNXT50,29-Sep-2026,68000.0,CE,72949.85,4414.7,25,6386.75,550,0.0,5400.725,0,0,0,0,0,,,,,,,,,,,,,,,0.07142574722139777,73160,0.040274059016090775,0.009899999999999999,index_dividend_yield,0.065,11.3,25,73081.3,73210.35,72872.05,72947.45,mid_price,no_nse_iv
2026-09-03T08:18:37.635626+00:00,2026-09-03T13:48:37.635626+05:30,NIFTYNXT50,29-Sep-2026,68000.0,PE,0,,0,,0,0.0,,0,0,0,0,0,,,,,,,,,,,,,,,0.07142574722139777,,,,,,11.3,25,73081.3,73210.35,72872.05,72947.45,none,no_price_available
2026-09-03T08:18:37.635626+00:00,2026-09-03T13:48:37.635626+05:30,NIFTYNXT50,29-Sep-2026,68100.0,CE,72949.85,4326.8,25,6280.05,550,0.0,5303.425,0,0,0,0,0,,,,,,,,,,,,,,,0.07142574722139777,73160,0.040274059016090775,0.009899999999999999,index_dividend_yield,0.065,11.3,25,73081.3,73210.35,72872.05,72947.45,mid_price,no_nse_iv
2026-09-03T08:18:37.635626+00:00,2026-09-03T13:48:37.635626+05:30,NIFTYNXT50,29-Sep-2026,68100.0,PE,0,,0,,0,0.0,,0,0,0,0,0,,,,,,,,,,,,,,,0.07142574722139777,,,,,,11.3,25,73081.3,73210.35,72872.05,72947.45,none,no_price_available
2026-09-03T08:18:37.635626+00:00,2026-09-03T13:48:37.635626+05:30,NIFTYNXT50,29-Sep-2026,68200.0,CE,72949.85,4239.85,25,6173.4,550,0.0,5206.625,0,0,0,0,0,,,,,,,,,,,,,,,0.07142574722139777,73160,0.040274059016090775,0.009899999999999999,index_dividend_yield,0.065,11.3,25,73081.3,73210.35,72872.05,72947.45,mid_price,no_nse_iv
2026-09-03T08:18:37.635626+00:00,2026-09-03T13:48:37.635626+05:30,NIFTYNXT50,29-Sep-2026,68200.0,PE,0,,0,,0,0.0,,0,0,0,0,0,,,,,,,,,,,,,,,0.07142574722139777,,,,,,11.3,25,73081.3,73210.35,72872.05,72947.45,none,no_price_available
2026-09-03T08:18:37.635626+00:00,2026-09-03T13:48:37.635626+05:30,NIFTYNXT50,29-Sep-2026,68300.0,CE,72949.85,4152,25,6066.7,550,0.0,5109.35,0,0,0,0,0,,,,,,,,,,,,,,,0.07142574722139777,73160,0.040274059016090775,0.009899999999999999,index_dividend_yield,0.065,11.3,25,73081.3,73210.35,72872.05,72947.45,mid_price,no_nse_iv
2026-09-03T08:18:37.635626+00:00,2026-09-03T13:48:37.635626+05:30,NIFTYNXT50,29-Sep-2026,68300.0,PE,0,,0,,0,0.0,,0,0,0,0,0,,,,,,,,,,,,,,,0.07142574722139777,,,,,,11.3,25,73081.3,73210.35,72872.05,72947.45,none,no_price_available
2026-09-03T08:18:37.635626+00:00,2026-09-03T13:48:37.635626+05:30,NIFTYNXT50,29-Sep-2026,68400.0,CE,72949.85,4065.05,25,5960.05,550,0.0,5012.55,0,0,0,0,0,,,,,,,,,,,,,,,0.07142574722139777,73160,0.040274059016090775,0.009899999999999999,index_dividend_yield,0.065,11.3,25,73081.3,73210.35,72872.05,72947.45,mid_price,no_nse_iv
2026-09-03T08:18:37.635626+00:00,2026-09-03T13:48:37.635626+05:30,NIFTYNXT50,29-Sep-2026,68400.0,PE,0,,0,,0,0.0,,0,0,0,0,0,,,,,,,,,,,,,,,0.07142574722139777,,,,,,11.3,25,73081.3,73210.35,72872.05,72947.45,none,no_price_available
2026-09-03T08:18:37.635626+00:00,2026-09-03T13:48:37.635626+05:30,NIFTYNXT50,29-Sep-2026,68500.0,CE,72949.85,3977.4,25,5853.35,550,0.0,4915.375,0,0,0,0,0,,,,,,,,,,,,,,,0.07142574722139777,73160,0.040274059016090775,0.009899999999999999,index_dividend_yield,0.065,11.3,25,73081.3,73210.35,72872.05,72947.45,mid_price,no_nse_iv
2026-09-03T08:18:37.635626+00:00,2026-09-03T13:48:37.635626+05:30,NIFTYNXT50,29-Sep-2026,68500.0,PE,0,,0,,0,0.0,,0,0,0,0,0,,,,,,,,,,,,,,,0.07142574722139777,,,,,,11.3,25,73081.3,73210.35,72872.05,72947.45,none,no_price_available
2026-09-03T08:18:37.635626+00:00,2026-09-03T13:48:37.635626+05:30,NIFTYNXT50,29-Sep-2026,68600.0,CE,72949.85,3890,25,5746.65,550,0.0,4818.325,0,0,0,0,0,,,,,,,,,,,,,,,0.07142574722139777,73160,0.040274059016090775,0.009899999999999999,index_dividend_yield,0.065,11.3,25,73081.3,73210.35,72872.05,72947.45,mid_price,no_nse_iv
2026-09-03T08:18:37.635626+00:00,2026-09-03T13:48:37.635626+05:30,NIFTYNXT50,29-Sep-2026,68600.0,PE,0,,0,,0,0.0,,0,0,0,0,0,,,,,,,,,,,,,,,0.07142574722139777,,,,,,11.3,25,73081.3,73210.35,72872.05,72947.45,none,no_price_available
2026-09-03T08:18:37.635626+00:00,2026-09-03T13:48:37.635626+05:30,NIFTYNXT50,29-Sep-2026,68700.0,CE,72949.85,3802.75,25,5640,550,0.0,4721.375,0,0,0,0,0,,,,,,,,,,,,,,,0.07142574722139777,73160,0.040274059016090775,0.009899999999999999,index_dividend_yield,0.065,11.3,25,73081.3,73210.35,72872.05,72947.45,mid_price,no_nse_iv
2026-09-03T08:18:37.635626+00:00,2026-09-03T13:48:37.635626+05:30,NIFTYNXT50,29-Sep-2026,68700.0,PE,0,,0,,0,0.0,,0,0,0,0,0,,,,,,,,,,,,,,,0.07142574722139777,,,,,,11.3,25,73081.3,73210.35,72872.05,72947.45,none,no_price_available
2026-09-03T08:18:37.635626+00:00,2026-09-03T13:48:37.635626+05:30,NIFTYNXT50,29-Sep-2026,68800.0,CE,72949.85,3715,25,5533.3,550,0.0,4624.15,0,0,0,0,0,,,,,,,,,,,,,,,0.07142574722139777,73160,0.040274059016090775,0.009899999999999999,index_dividend_yield,0.065,11.3,25,73081.3,73210.35,72872.05,72947.45,mid_price,no_nse_iv
2026-09-03T08:18:37.635626+00:00,2026-09-03T13:48:37.635626+05:30,NIFTYNXT50,29-Sep-2026,68800.0,PE,0,,0,,0,0.0,,0,0,0,0,0,,,,,,,,,,,,,,,0.07142574722139777,,,,,,11.3,25,73081.3,73210.35,72872.05,72947.45,none,no_price_available
2026-09-03T08:18:37.635626+00:00,2026-09-03T13:48:37.635626+05:30,NIFTYNXT50,29-Sep-2026,68900.0,CE,72949.85,3628.1,25,5426.65,550,0.0,4527.375,0,0,0,0,0,,,,,,,,,,,,,,,0.07142574722139777,73160,0.040274059016090775,0.009899999999999999,index_dividend_yield,0.065,11.3,25,73081.3,73210.35,72872.05,72947.45,mid_price,no_nse_iv
2026-09-03T08:18:37.635626+00:00,2026-09-03T13:48:37.635626+05:30,NIFTYNXT50,29-Sep-2026,68900.0,PE,0,,0,,0,0.0,,0,0,0,0,0,,,,,,,,,,,,,,,0.07142574722139777,,,,,,11.3,25,73081.3,73210.35,72872.05,72947.45,none,no_price_available
2026-09-03T08:18:37.635626+00:00,2026-09-03T13:48:37.635626+05:30,NIFTYNXT50,29-Sep-2026,69000.0,CE,72949.85,3540.55,25,5319.95,550,0.0,4430.25,0,0,0,0,0,,,,,,,,,,,,,,,0.07142574722139777,73160,0.040274059016090775,0.009899999999999999,index_dividend_yield,0.065,11.3,25,73081.3,73210.35,72872.05,72947.45,mid_price,no_nse_iv
2026-09-03T08:18:37.635626+00:00,2026-09-03T13:48:37.635626+05:30,NIFTYNXT50,29-Sep-2026,69000.0,PE,0,,0,,0,0.0,,0,0,0,0,0,,,,,,,,,,,,,,,0.07142574722139777,,,,,,11.3,25,73081.3,73210.35,72872.05,72947.45,none,no_price_available
2026-09-03T08:18:37.635626+00:00,2026-09-03T13:48:37.635626+05:30,NIFTYNXT50,29-Sep-2026,69100.0,CE,72949.85,3452.8,25,5213.25,550,0.0,4333.025,0,0,0,0,0,,,,,,,,,,,,,,,0.07142574722139777,73160,0.040274059016090775,0.009899999999999999,index_dividend_yield,0.065,11.3,25,73081.3,73210.35,72872.05,72947.45,mid_price,no_nse_iv
2026-09-03T08:18:37.635626+00:00,2026-09-03T13:48:37.635626+05:30,NIFTYNXT50,29-Sep-2026,69100.0,PE,0,,0,,0,0.0,,0,0,0,0,0,,,,,,,,,,,,,,,0.07142574722139777,,,,,,11.3,25,73081.3,73210.35,72872.05,72947.45,none,no_price_available
2026-09-03T08:18:37.635626+00:00,2026-09-03T13:48:37.635626+05:30,NIFTYNXT50,29-Sep-2026,69200.0,CE,72949.85,3365.9,25,5106.6,550,0.0,4236.25,0,0,0,0,0,,,,,,,,,,,,,,,0.07142574722139777,73160,0.040274059016090775,0.009899999999999999,index_dividend_yield,0.065,11.3,25,73081.3,73210.35,72872.05,72947.45,mid_price,no_nse_iv
2026-09-03T08:18:37.635626+00:00,2026-09-03T13:48:37.635626+05:30,NIFTYNXT50,29-Sep-2026,69200.0,PE,0,,0,,0,0.0,,0,0,0,0,0,,,,,,,,,,,,,,,0.07142574722139777,,,,,,11.3,25,73081.3,73210.35,72872.05,72947.45,none,no_price_available
2026-09-03T08:18:37.635626+00:00,2026-09-03T13:48:37.635626+05:30,NIFTYNXT50,29-Sep-2026,69300.0,CE,72949.85,3278,25,4999.9,550,0.0,4138.95,0,0,0,0,0,,,,,,,,,,,,,,,0.07142574722139777,73160,0.040274059016090775,0.009899999999999999,index_dividend_yield,0.065,11.3,25,73081.3,73210.35,72872.05,72947.45,mid_price,no_nse_iv
2026-09-03T08:18:37.635626+00:00,2026-09-03T13:48:37.635626+05:30,NIFTYNXT50,29-Sep-2026,69300.0,PE,0,,0,,0,0.0,,0,0,0,0,0,,,,,,,,,,,,,,,0.07142574722139777,,,,,,11.3,25,73081.3,73210.35,72872.05,72947.45,none,no_price_available
2026-09-03T08:18:37.635626+00:00,2026-09-03T13:48:37.635626+05:30,NIFTYNXT50,29-Sep-2026,69400.0,CE,72949.85,3191.2,25,5000,550,0.0,4095.6,0,0,0,0,0,,,,,,,,,,,,,,,0.07142574722139777,73160,0.040274059016090775,0.009899999999999999,index_dividend_yield,0.065,11.3,25,73081.3,73210.35,72872.05,72947.45,mid_price,no_nse_iv
2026-09-03T08:18:37.635626+00:00,2026-09-03T13:48:37.635626+05:30,NIFTYNXT50,29-Sep-2026,69400.0,PE,0,,0,,0,0.0,,0,0,0,0,0,,,,,,,,,,,,,,,0.07142574722139777,,,,,,11.3,25,73081.3,73210.35,72872.05,72947.45,none,no_price_available
2026-09-03T08:18:37.635626+00:00,2026-09-03T13:48:37.635626+05:30,NIFTYNXT50,29-Sep-2026,69500.0,CE,72949.85,3103.1,25,4894.8,550,0.0,3998.95,0,0,0,0,0,,,,,,,,,,,,,,,0.07142574722139777,73160,0.040274059016090775,0.009899999999999999,index_dividend_yield,0.065,11.3,25,73081.3,73210.35,72872.05,72947.45,mid_price,no_nse_iv
2026-09-03T08:18:37.635626+00:00,2026-09-03T13:48:37.635626+05:30,NIFTYNXT50,29-Sep-2026,69500.0,PE,0,,0,,0,0.0,,0,0,0,0,0,,,,,,,,,,,,,,,0.07142574722139777,,,,,,11.3,25,73081.3,73210.35,72872.05,72947.45,none,no_price_available
2026-09-03T08:18:37.635626+00:00,2026-09-03T13:48:37.635626+05:30,NIFTYNXT50,29-Sep-2026,69600.0,CE,72949.85,3016.3,25,4789.8,550,0.0,3903.05,0,0,0,0,0,,,,,,,,,,,,,,,0.07142574722139777,73160,0.040274059016090775,0.009899999999999999,index_dividend_yield,0.065,11.3,25,73081.3,73210.35,72872.05,72947.45,mid_price,no_nse_iv
2026-09-03T08:18:37.635626+00:00,2026-09-03T13:48:37.635626+05:30,NIFTYNXT50,29-Sep-2026,69600.0,PE,0,,0,,0,0.0,,0,0,0,0,0,,,,,,,,,,,,,,,0.07142574722139777,,,,,,11.3,25,73081.3,73210.35,72872.05,72947.45,none,no_price_available
2026-09-03T08:18:37.635626+00:00,2026-09-03T13:48:37.635626+05:30,NIFTYNXT50,29-Sep-2026,69700.0,CE,72949.85,2928.9,25,4673.7,550,0.0,3801.3,0,0,0,0,0,,,,,,,,,,,,,,,0.07142574722139777,73160,0.040274059016090775,0.009899999999999999,index_dividend_yield,0.065,11.3,25,73081.3,73210.35,72872.05,72947.45,mid_price,no_nse_iv
2026-09-03T08:18:37.635626+00:00,2026-09-03T13:48:37.635626+05:30,NIFTYNXT50,29-Sep-2026,69700.0,PE,0,,0,,0,0.0,,0,0,0,0,0,,,,,,,,,,,,,,,0.07142574722139777,,,,,,11.3,25,73081.3,73210.35,72872.05,72947.45,none,no_price_available
2026-09-03T08:18:37.635626+00:00,2026-09-03T13:48:37.635626+05:30,NIFTYNXT50,29-Sep-2026,69800.0,CE,72949.85,2841,25,4580,550,0.0,3710.5,0,0,0,0,0,,,,,,,,,,,,,,,0.07142574722139777,73160,0.040274059016090775,0.009899999999999999,index_dividend_yield,0.065,11.3,25,73081.3,73210.35,72872.05,72947.45,mid_price,no_nse_iv
2026-09-03T08:18:37.635626+00:00,2026-09-03T13:48:37.635626+05:30,NIFTYNXT50,29-Sep-2026,69800.0,PE,0,,0,,0,0.0,,0,0,0,0,0,,,,,,,,,,,,,,,0.07142574722139777,,,,,,11.3,25,73081.3,73210.35,72872.05,72947.45,none,no_price_available
2026-09-03T08:18:37.635626+00:00,2026-09-03T13:48:37.635626+05:30,NIFTYNXT50,29-Sep-2026,69900.0,CE,72949.85,2753.6,25,4482.35,550,0.0,3617.9750000000004,0,0,0,0,0,,,,,,,,,,,,,,,0.07142574722139777,73160,0.040274059016090775,0.009899999999999999,index_dividend_yield,0.065,11.3,25,73081.3,73210.35,72872.05,72947.45,mid_price,no_nse_iv
2026-09-03T08:18:37.635626+00:00,2026-09-03T13:48:37.635626+05:30,NIFTYNXT50,29-Sep-2026,69900.0,PE,0,,0,,0,0.0,,0,0,0,0,0,,,,,,,,,,,,,,,0.07142574722139777,,,,,,11.3,25,73081.3,73210.35,72872.05,72947.45,none,no_price_available
2026-09-03T08:18:37.635626+00:00,2026-09-03T13:48:37.635626+05:30,NIFTYNXT50,29-Sep-2026,70000.0,CE,72949.85,2666.1,25,4377.35,550,0.0,3521.7250000000004,0,0,0,0,0,,,,,,,,,,,,,,,0.07142574722139777,73160,0.040274059016090775,0.009899999999999999,index_dividend_yield,0.065,11.3,25,73081.3,73210.35,72872.05,72947.45,mid_price,no_nse_iv
2026-09-03T08:18:37.635626+00:00,2026-09-03T13:48:37.635626+05:30,NIFTYNXT50,29-Sep-2026,70000.0,PE,72949.85,0.55,50,630,25,0.0,315.275,0,0,0,0,0,,,,,,,,,,,,,,,0.07142574722139777,73160,0.040274059016090775,0.009899999999999999,index_dividend_yield,0.065,11.3,25,73081.3,73210.35,72872.05,72947.45,mid_price,no_nse_iv
2026-09-03T08:18:37.635626+00:00,2026-09-03T13:48:37.635626+05:30,NIFTYNXT50,29-Sep-2026,70100.0,CE,72949.85,2578.7,25,4371.05,550,0.0,3474.875,0,0,0,0,0,,,,,,,,,,,,,,,0.07142574722139777,73160,0.040274059016090775,0.009899999999999999,index_dividend_yield,0.065,11.3,25,73081.3,73210.35,72872.05,72947.45,mid_price,no_nse_iv
2026-09-03T08:18:37.635626+00:00,2026-09-03T13:48:37.635626+05:30,NIFTYNXT50,29-Sep-2026,70100.0,PE,0,,0,,0,0.0,,0,0,0,0,0,,,,,,,,,,,,,,,0.07142574722139777,,,,,,11.3,25,73081.3,73210.35,72872.05,72947.45,none,no_price_available
2026-09-03T08:18:37.635626+00:00,2026-09-03T13:48:37.635626+05:30,NIFTYNXT50,29-Sep-2026,70200.0,CE,72949.85,2491.75,25,4266.05,550,0.0,3378.9,0,0,0,0,0,,,,,,,,,,,,,,,0.07142574722139777,73160,0.040274059016090775,0.009899999999999999,index_dividend_yield,0.065,11.3,25,73081.3,73210.35,72872.05,72947.45,mid_price,no_nse_iv
2026-09-03T08:18:37.635626+00:00,2026-09-03T13:48:37.635626+05:30,NIFTYNXT50,29-Sep-2026,70200.0,PE,0,,0,,0,0.0,,0,0,0,0,0,,,,,,,,,,,,,,,0.07142574722139777,,,,,,11.3,25,73081.3,73210.35,72872.05,72947.45,none,no_price_available
2026-09-03T08:18:37.635626+00:00,2026-09-03T13:48:37.635626+05:30,NIFTYNXT50,29-Sep-2026,70300.0,CE,72949.85,2404,25,4161.05,550,0.0,3282.525,0,0,0,0,0,,,,,,,,,,,,,,,0.07142574722139777,73160,0.040274059016090775,0.009899999999999999,index_dividend_yield,0.065,11.3,25,73081.3,73210.35,72872.05,72947.45,mid_price,no_nse_iv
2026-09-03T08:18:37.635626+00:00,2026-09-03T13:48:37.635626+05:30,NIFTYNXT50,29-Sep-2026,70300.0,PE,0,,0,,0,0.0,,0,0,0,0,0,,,,,,,,,,,,,,,0.07142574722139777,,,,,,11.3,25,73081.3,73210.35,72872.05,72947.45,none,no_price_available
2026-09-03T08:18:37.635626+00:00,2026-09-03T13:48:37.635626+05:30,NIFTYNXT50,29-Sep-2026,70400.0,CE,72949.85,2316.5,25,4056.05,550,0.0,3186.275,0,0,0,0,0,,,,,,,,,,,,,,,0.07142574722139777,73160,0.040274059016090775,0.009899999999999999,index_dividend_yield,0.065,11.3,25,73081.3,73210.35,72872.05,72947.45,mid_price,no_nse_iv
2026-09-03T08:18:37.635626+00:00,2026-09-03T13:48:37.635626+05:30,NIFTYNXT50,29-Sep-2026,70400.0,PE,0,,0,,0,0.0,,0,0,0,0,0,,,,,,,,,,,,,,,0.07142574722139777,,,,,,11.3,25,73081.3,73210.35,72872.05,72947.45,none,no_price_available
2026-09-03T08:18:37.635626+00:00,2026-09-03T13:48:37.635626+05:30,NIFTYNXT50,29-Sep-2026,70500.0,CE,72949.85,2229.2,25,3951.05,550,0.0,3090.125,0,0,0,0,0,,,,,,,,,,,,,,,0.07142574722139777,73160,0.040274059016090775,0.009899999999999999,index_dividend_yield,0.065,11.3,25,73081.3,73210.35,72872.05,72947.45,mid_price,no_nse_iv
2026-09-03T08:18:37.635626+00:00,2026-09-03T13:48:37.635626+05:30,NIFTYNXT50,29-Sep-2026,70500.0,PE,0,,0,,0,0.0,,0,0,0,0,0,,,,,,,,,,,,,,,0.07142574722139777,,,,,,11.3,25,73081.3,73210.35,72872.05,72947.45,none,no_price_available
2026-09-03T08:18:37.635626+00:00,2026-09-03T13:48:37.635626+05:30,NIFTYNXT50,29-Sep-2026,70600.0,CE,72949.85,2144.6,25,3846.05,550,0.0,2995.325,0,0,0,0,0,,,,,,,,,,,,,,,0.07142574722139777,73160,0.040274059016090775,0.009899999999999999,index_dividend_yield,0.065,11.3,25,73081.3,73210.35,72872.05,72947.45,mid_price,no_nse_iv
2026-09-03T08:18:37.635626+00:00,2026-09-03T13:48:37.635626+05:30,NIFTYNXT50,29-Sep-2026,70600.0,PE,0,,0,,0,0.0,,0,0,0,0,0,,,,,,,,,,,,,,,0.07142574722139777,,,,,,11.3,25,73081.3,73210.35,72872.05,72947.45,none,no_price_available
2026-09-03T08:18:37.635626+00:00,2026-09-03T13:48:37.635626+05:30,NIFTYNXT50,29-Sep-2026,70700.0,CE,72949.85,2095.3,25,3741.05,550,0.0,2918.175,0,0,0,0,0,,,,,,,,,,,,,,,0.07142574722139777,73160,0.040274059016090775,0.009899999999999999,index_dividend_yield,0.065,11.3,25,73081.3,73210.35,72872.05,72947.45,mid_price,no_nse_iv
2026-09-03T08:18:37.635626+00:00,2026-09-03T13:48:37.635626+05:30,NIFTYNXT50,29-Sep-2026,70700.0,PE,0,,0,,0,0.0,,0,0,0,0,0,,,,,,,,,,,,,,,0.07142574722139777,,,,,,11.3,25,73081.3,73210.35,72872.05,72947.45,none,no_price_available
2026-09-03T08:18:37.635626+00:00,2026-09-03T13:48:37.635626+05:30,NIFTYNXT50,29-Sep-2026,70800.0,CE,72949.85,2048.65,25,3628.7,550,0.0,2838.675,0,0,0,0,0,,,,,,,,,,,,,,,0.07142574722139777,73160,0.040274059016090775,0.009899999999999999,index_dividend_yield,0.065,11.3,25,73081.3,73210.35,72872.05,72947.45,mid_price,no_nse_iv
2026-09-03T08:18:37.635626+00:00,2026-09-03T13:48:37.635626+05:30,NIFTYNXT50,29-Sep-2026,70800.0,PE,72949.85,53.3,50,899.65,50,0.0,476.47499999999997,0,0,0,0,0,,,,,,,,,,,,,,,0.07142574722139777,73160,0.040274059016090775,0.009899999999999999,index_dividend_yield,0.065,11.3,25,73081.3,73210.35,72872.05,72947.45,mid_price,no_nse_iv
2026-09-03T08:18:37.635626+00:00,2026-09-03T13:48:37.635626+05:30,NIFTYNXT50,29-Sep-2026,70900.0,CE,72949.85,2002.65,25,3523.7,550,0.0,2763.175,0,0,0,0,0,,,,,,,,,,,,,,,0.07142574722139777,73160,0.040274059016090775,0.009899999999999999,index_dividend_yield,0.065,11.3,25,73081.3,73210.35,72872.05,72947.45,mid_price,no_nse_iv
2026-09-03T08:18:37.635626+00:00,2026-09-03T13:48:37.635626+05:30,NIFTYNXT50,29-Sep-2026,70900.0,PE,72949.85,62.15,50,899.7,50,0.0,480.925,0,0,0,0,0,,,,,,,,,,,,,,,0.07142574722139777,73160,0.040274059016090775,0.009899999999999999,index_dividend_yield,0.065,11.3,25,73081.3,73210.35,72872.05,72947.45,mid_price,no_nse_iv
2026-09-03T08:18:37.635626+00:00,2026-09-03T13:48:37.635626+05:30,NIFTYNXT50,29-Sep-2026,71000.0,CE,72949.85,1280.75,25,3418.7,550,0.0,2349.725,0,0,0,0,0,,,,,,,,,,,,,,,0.07142574722139777,73160,0.040274059016090775,0.009899999999999999,index_dividend_yield,0.065,11.3,25,73081.3,73210.35,72872.05,72947.45,mid_price,no_nse_iv
2026-09-03T08:18:37.635626+00:00,2026-09-03T13:48:37.635626+05:30,NIFTYNXT50,29-Sep-2026,71000.0,PE,72949.85,71.95,50,899.7,50,0.0,485.82500000000005,0,0,0,0,0,,,,,,,,,,,,,,,0.07142574722139777,73160,0.040274059016090775,0.009899999999999999,index_dividend_yield,0.065,11.3,25,73081.3,73210.35,72872.05,72947.45,mid_price,no_nse_iv
2026-09-03T08:18:37.635626+00:00,2026-09-03T13:48:37.635626+05:30,NIFTYNXT50,29-Sep-2026,71100.0,CE,72949.85,1231.75,25,3478.9,25,0.0,2355.325,0,0,0,0,0,,,,,,,,,,,,,,,0.07142574722139777,73160,0.040274059016090775,0.009899999999999999,index_dividend_yield,0.065,11.3,25,73081.3,73210.35,72872.05,72947.45,mid_price,no_nse_iv
2026-09-03T08:18:37.635626+00:00,2026-09-03T13:48:37.635626+05:30,NIFTYNXT50,29-Sep-2026,71100.0,PE,72949.85,82.1,50,925.3,50,0.0,503.7,0,0,0,0,0,,,,,,,,,,,,,,,0.07142574722139777,73160,0.040274059016090775,0.009899999999999999,index_dividend_yield,0.065,11.3,25,73081.3,73210.35,72872.05,72947.45,mid_price,no_nse_iv
2026-09-03T08:18:37.635626+00:00,2026-09-03T13:48:37.635626+05:30,NIFTYNXT50,29-Sep-2026,71200.0,CE,72949.85,1183.85,25,3186.7,550,0.0,2185.2749999999996,0,0,0,0,0,,,,,,,,,,,,,,,0.07142574722139777,73160,0.040274059016090775,0.009899999999999999,index_dividend_yield,0.065,11.3,25,73081.3,73210.35,72872.05,72947.45,mid_price,no_nse_iv
2026-09-03T08:18:37.635626+00:00,2026-09-03T13:48:37.635626+05:30,NIFTYNXT50,29-Sep-2026,71200.0,PE,0,,0,,0,0.0,,0,0,0,0,0,,,,,,,,,,,,,,,0.07142574722139777,,,,,,11.3,25,73081.3,73210.35,72872.05,72947.45,none,no_price_available
2026-09-03T08:18:37.635626+00:00,2026-09-03T13:48:37.635626+05:30,NIFTYNXT50,29-Sep-2026,71300.0,CE,72949.85,,0,3096.3,550,0.0,,0,0,0,0,0,,,,,,,,,,,,,,,0.07142574722139777,,,,,,11.3,25,73081.3,73210.35,72872.05,72947.45,none,no_price_available
2026-09-03T08:18:37.635626+00:00,2026-09-03T13:48:37.635626+05:30,NIFTYNXT50,29-Sep-2026,71300.0,PE,0,,0,,0,0.0,,0,0,0,0,0,,,,,,,,,,,,,,,0.07142574722139777,,,,,,11.3,25,73081.3,73210.35,72872.05,72947.45,none,no_price_available
2026-09-03T08:18:37.635626+00:00,2026-09-03T13:48:37.635626+05:30,NIFTYNXT50,29-Sep-2026,71400.0,CE,72949.85,1091.1,25,2991.25,550,0.0,2041.175,0,0,0,0,0,,,,,,,,,,,,,,,0.07142574722139777,73160,0.040274059016090775,0.009899999999999999,index_dividend_yield,0.065,11.3,25,73081.3,73210.35,72872.05,72947.45,mid_price,no_nse_iv
2026-09-03T08:18:37.635626+00:00,2026-09-03T13:48:37.635626+05:30,NIFTYNXT50,29-Sep-2026,71400.0,PE,0,,0,,0,0.0,,0,0,0,0,0,,,,,,,,,,,,,,,0.07142574722139777,,,,,,11.3,25,73081.3,73210.35,72872.05,72947.45,none,no_price_available
2026-09-03T08:18:37.635626+00:00,2026-09-03T13:48:37.635626+05:30,NIFTYNXT50,29-Sep-2026,71500.0,CE,72949.85,,0,2882.05,550,0.0,,0,0,0,0,0,,,,,,,,,,,,,,,0.07142574722139777,,,,,,11.3,25,73081.3,73210.35,72872.05,72947.45,none,no_price_available
2026-09-03T08:18:37.635626+00:00,2026-09-03T13:48:37.635626+05:30,NIFTYNXT50,29-Sep-2026,71500.0,PE,0,,0,,0,0.0,,0,0,0,0,0,,,,,,,,,,,,,,,0.07142574722139777,,,,,,11.3,25,73081.3,73210.35,72872.05,72947.45,none,no_price_available
2026-09-03T08:18:37.635626+00:00,2026-09-03T13:48:37.635626+05:30,NIFTYNXT50,29-Sep-2026,71600.0,CE,72949.85,1002.95,25,2772.85,550,0.0,1887.9,0,0,0,0,0,,,,,,,,,,,,,,,0.07142574722139777,73160,0.040274059016090775,0.009899999999999999,index_dividend_yield,0.065,11.3,25,73081.3,73210.35,72872.05,72947.45,mid_price,no_nse_iv
2026-09-03T08:18:37.635626+00:00,2026-09-03T13:48:37.635626+05:30,NIFTYNXT50,29-Sep-2026,71600.0,PE,0,,0,,0,0.0,,0,0,0,0,0,,,,,,,,,,,,,,,0.07142574722139777,,,,,,11.3,25,73081.3,73210.35,72872.05,72947.45,none,no_price_available
2026-09-03T08:18:37.635626+00:00,2026-09-03T13:48:37.635626+05:30,NIFTYNXT50,29-Sep-2026,71700.0,CE,72949.85,,0,2663.65,550,0.0,,0,0,0,0,0,,,,,,,,,,,,,,,0.07142574722139777,,,,,,11.3,25,73081.3,73210.35,72872.05,72947.45,none,no_price_available
2026-09-03T08:18:37.635626+00:00,2026-09-03T13:48:37.635626+05:30,NIFTYNXT50,29-Sep-2026,71700.0,PE,0,,0,,0,0.0,,0,0,0,0,0,,,,,,,,,,,,,,,0.07142574722139777,,,,,,11.3,25,73081.3,73210.35,72872.05,72947.45,none,no_price_available
2026-09-03T08:18:37.635626+00:00,2026-09-03T13:48:37.635626+05:30,NIFTYNXT50,29-Sep-2026,71800.0,CE,72949.85,919.1,25,2663.8,25,0.0,1791.45,0,0,0,0,0,,,,,,,,,,,,,,,0.07142574722139777,73160,0.040274059016090775,0.009899999999999999,index_dividend_yield,0.065,11.3,25,73081.3,73210.35,72872.05,72947.45,mid_price,no_nse_iv
2026-09-03T08:18:37.635626+00:00,2026-09-03T13:48:37.635626+05:30,NIFTYNXT50,29-Sep-2026,71800.0,PE,0,,0,,0,0.0,,0,0,0,0,0,,,,,,,,,,,,,,,0.07142574722139777,,,,,,11.3,25,73081.3,73210.35,72872.05,72947.45,none,no_price_available
2026-09-03T08:18:37.635626+00:00,2026-09-03T13:48:37.635626+05:30,NIFTYNXT50,29-Sep-2026,71900.0,CE,72949.85,878.9,50,2658.85,25,0.0,1768.875,0,0,0,0,0,,,,,,,,,,,,,,,0.07142574722139777,73160,0.040274059016090775,0.009899999999999999,index_dividend_yield,0.065,11.3,25,73081.3,73210.35,72872.05,72947.45,mid_price,no_nse_iv
2026-09-03T08:18:37.635626+00:00,2026-09-03T13:48:37.635626+05:30,NIFTYNXT50,29-Sep-2026,71900.0,PE,0,,0,,0,0.0,,0,0,0,0,0,,,,,,,,,,,,,,,0.07142574722139777,,,,,,11.3,25,73081.3,73210.35,72872.05,72947.45,none,no_price_available
2026-09-03T08:18:37.635626+00:00,2026-09-03T13:48:37.635626+05:30,NIFTYNXT50,29-Sep-2026,72000.0,CE,72949.85,839.65,50,2445.4,25,0.0,1642.525,0,0,0,0,0,,,,,,,,,,,,,,,0.07142574722139777,73160,0.040274059016090775,0.009899999999999999,index_dividend_yield,0.065,11.3,25,73081.3,73210.35,72872.05,72947.45,mid_price,no_nse_iv
2026-09-03T08:18:37.635626+00:00,2026-09-03T13:48:37.635626+05:30,NIFTYNXT50,29-Sep-2026,72000.0,PE,72949.85,455.05,25,674,25,0.0,564.525,3,0,0,0,16.31,-0.3396535070136656,0.00011513381541463005,-18.45588393673732,71.37735606361936,-0.8286820924658655,0.0013154026819200415,66.68755532077597,-1.641407419129419e-08,-0.0005983570370798294,2.0397503231009856e-06,-1.4736377230986335,-33.674059780660265,0.35435390658136273,0.00011819162685679308,0.07142574722139777,73160,0.040274059016090775,0.009899999999999999,index_dividend_yield,0.065,11.3,25,73081.3,73210.35,72872.05,72947.45,mid_price,wide_quote_low_liquidity
2026-09-03T08:18:37.635626+00:00,2026-09-03T13:48:37.635626+05:30,NIFTYNXT50,29-Sep-2026,72100.0,CE,72949.85,1583.05,100,1764.15,100,0.0,1673.6,0,0,0,0,0,,,,,,,,,,,,,,,0.07142574722139777,73160,0.040274059016090775,0.009899999999999999,index_dividend_yield,0.065,11.3,25,73081.3,73210.35,72872.05,72947.45,mid_price,no_nse_iv
2026-09-03T08:18:37.635626+00:00,2026-09-03T13:48:37.635626+05:30,NIFTYNXT50,29-Sep-2026,72100.0,PE,72949.85,533.85,150,665.8,150,0.0,599.825,0,0,0,0,0,,,,,,,,,,,,,,,0.07142574722139777,73160,0.040274059016090775,0.009899999999999999,index_dividend_yield,0.065,11.3,25,73081.3,73210.35,72872.05,72947.45,mid_price,no_nse_iv
2026-09-03T08:18:37.635626+00:00,2026-09-03T13:48:37.635626+05:30,NIFTYNXT50,29-Sep-2026,72200.0,CE,72949.85,764.65,50,2578.7,550,0.0,1671.675,0,0,0,0,0,,,,,,,,,,,,,,,0.07142574722139777,73160,0.040274059016090775,0.009899999999999999,index_dividend_yield,0.065,11.3,25,73081.3,73210.35,72872.05,72947.45,mid_price,no_nse_iv
2026-09-03T08:18:37.635626+00:00,2026-09-03T13:48:37.635626+05:30,NIFTYNXT50,29-Sep-2026,72200.0,PE,72949.85,239.1,25,1100,25,0.0,669.55,0,0,0,0,0,,,,,,,,,,,,,,,0.07142574722139777,73160,0.040274059016090775,0.009899999999999999,index_dividend_yield,0.065,11.3,25,73081.3,73210.35,72872.05,72947.45,mid_price,no_nse_iv
2026-09-03T08:18:37.635626+00:00,2026-09-03T13:48:37.635626+05:30,NIFTYNXT50,29-Sep-2026,72300.0,CE,72949.85,728.65,50,2492.15,550,0.0,1610.4,0,0,0,0,0,,,,,,,,,,,,,,,0.07142574722139777,73160,0.040274059016090775,0.009899999999999999,index_dividend_yield,0.065,11.3,25,73081.3,73210.35,72872.05,72947.45,mid_price,no_nse_iv
2026-09-03T08:18:37.635626+00:00,2026-09-03T13:48:37.635626+05:30,NIFTYNXT50,29-Sep-2026,72300.0,PE,72949.85,257.9,25,,0,0.0,,0,0,0,0,0,,,,,,,,,,,,,,,0.07142574722139777,,,,,,11.3,25,73081.3,73210.35,72872.05,72947.45,none,no_price_available
2026-09-03T08:18:37.635626+00:00,2026-09-03T13:48:37.635626+05:30,NIFTYNXT50,29-Sep-2026,72400.0,CE,72949.85,693.65,25,2382.95,550,0.0,1538.3,0,0,0,0,0,,,,,,,,,,,,,,,0.07142574722139777,73160,0.040274059016090775,0.009899999999999999,index_dividend_yield,0.065,11.3,25,73081.3,73210.35,72872.05,72947.45,mid_price,no_nse_iv
2026-09-03T08:18:37.635626+00:00,2026-09-03T13:48:37.635626+05:30,NIFTYNXT50,29-Sep-2026,72400.0,PE,72949.85,277.7,25,1127.95,25,0.0,702.825,0,0,0,0,0,,,,,,,,,,,,,,,0.07142574722139777,73160,0.040274059016090775,0.009899999999999999,index_dividend_yield,0.065,11.3,25,73081.3,73210.35,72872.05,72947.45,mid_price,no_nse_iv
2026-09-03T08:18:37.635626+00:00,2026-09-03T13:48:37.635626+05:30,NIFTYNXT50,29-Sep-2026,72500.0,CE,72949.85,660,25,1975,25,0.0,1317.5,0,0,0,0,0,,,,,,,,,,,,,,,0.07142574722139777,73160,0.040274059016090775,0.009899999999999999,index_dividend_yield,0.065,11.3,25,73081.3,73210.35,72872.05,72947.45,mid_price,no_nse_iv
2026-09-03T08:18:37.635626+00:00,2026-09-03T13:48:37.635626+05:30,NIFTYNXT50,29-Sep-2026,72500.0,PE,72949.85,503.15,25,871,25,0.0,687.075,6,0,0,0,13.38,-0.38146779686068283,0.00014606014129391387,-14.734955880771638,74.28334104321249,-0.7551226230006203,0.0003190592160329797,44.304008502003,-1.8657699417757554e-08,-0.0010045662551102716,2.767848348264937e-06,-1.4420372533440824,-39.26236696740181,0.39361088749492024,0.000147878320580503,0.07142574722139777,73160,0.040274059016090775,0.009899999999999999,index_dividend_yield,0.065,11.3,25,73081.3,73210.35,72872.05,72947.45,mid_price,wide_quote_low_liquidity
2026-09-03T08:18:37.635626+00:00,2026-09-03T13:48:37.635626+05:30,NIFTYNXT50,29-Sep-2026,72600.0,CE,72949.85,1267,100,1439.8,100,0.0,1353.4,0,0,0,0,0,,,,,,,,,,,,,,,0.07142574722139777,73160,0.040274059016090775,0.009899999999999999,index_dividend_yield,0.065,11.3,25,73081.3,73210.35,72872.05,72947.45,mid_price,no_nse_iv
2026-09-03T08:18:37.635626+00:00,2026-09-03T13:48:37.635626+05:30,NIFTYNXT50,29-Sep-2026,72600.0,PE,72949.85,694.75,150,826.25,150,0.0,760.5,0,0,0,0,0,,,,,,,,,,,,,,,0.07142574722139777,73160,0.040274059016090775,0.009899999999999999,index_dividend_yield,0.065,11.3,25,73081.3,73210.35,72872.05,72947.45,mid_price,no_nse_iv
2026-09-03T08:18:37.635626+00:00,2026-09-03T13:48:37.635626+05:30,NIFTYNXT50,29-Sep-2026,72700.0,CE,72949.85,595.15,25,2289.1,550,0.0,1442.125,0,0,0,0,0,,,,,,,,,,,,,,,0.07142574722139777,73160,0.040274059016090775,0.009899999999999999,index_dividend_yield,0.065,11.3,25,73081.3,73210.35,72872.05,72947.45,mid_price,no_nse_iv
2026-09-03T08:18:37.635626+00:00,2026-09-03T13:48:37.635626+05:30,NIFTYNXT50,29-Sep-2026,72700.0,PE,72949.85,341.7,25,1342,50,0.0,841.85,0,0,0,0,0,,,,,,,,,,,,,,,0.07142574722139777,73160,0.040274059016090775,0.009899999999999999,index_dividend_yield,0.065,11.3,25,73081.3,73210.35,72872.05,72947.45,mid_price,no_nse_iv
2026-09-03T08:18:37.635626+00:00,2026-09-03T13:48:37.635626+05:30,NIFTYNXT50,29-Sep-2026,72800.0,CE,72949.85,564.35,25,2187.15,550,0.0,1375.75,0,0,0,0,0,,,,,,,,,,,,,,,0.07142574722139777,73160,0.040274059016090775,0.009899999999999999,index_dividend_yield,0.065,11.3,25,73081.3,73210.35,72872.05,72947.45,mid_price,no_nse_iv
2026-09-03T08:18:37.635626+00:00,2026-09-03T13:48:37.635626+05:30,NIFTYNXT50,29-Sep-2026,72800.0,PE,72949.85,364.8,25,1345,100,0.0,854.9,0,0,0,0,0,,,,,,,,,,,,,,,0.07142574722139777,73160,0.040274059016090775,0.009899999999999999,index_dividend_yield,0.065,11.3,25,73081.3,73210.35,72872.05,72947.45,mid_price,no_nse_iv
2026-09-03T08:18:37.635626+00:00,2026-09-03T13:48:37.635626+05:30,NIFTYNXT50,29-Sep-2026,72900.0,CE,72949.85,1095.1,125,1253,125,0.0,1174.05,0,0,0,0,0,,,,,,,,,,,,,,,0.07142574722139777,73160,0.040274059016090775,0.009899999999999999,index_dividend_yield,0.065,11.3,25,73081.3,73210.35,72872.05,72947.45,mid_price,no_nse_iv
2026-09-03T08:18:37.635626+00:00,2026-09-03T13:48:37.635626+05:30,NIFTYNXT50,29-Sep-2026,72900.0,PE,72949.85,840,25,960,25,925,900.0,6,6,46,-72.00744450665012,15.59,-0.4472960459375142,0.00013002860382768875,-17.92615625334479,77.0528334313194,-0.22824570880031203,-0.0007616585140615695,5.860590714320324,-7.351406246801155e-09,-0.0008241947175820691,2.5303781194807313e-06,-1.4565187261482606,-31.12731499377277,0.4619816278152408,0.0001302064952437339,0.07142574722139777,73160,0.040274059016090775,0.009899999999999999,index_dividend_yield,0.065,11.3,25,73081.3,73210.35,72872.05,72947.45,mid_price,ok
2026-09-03T08:18:37.635626+00:00,2026-09-03T13:48:37.635626+05:30,NIFTYNXT50,29-Sep-2026,73000.0,CE,72949.85,1130,25,1174,25,1180,1152.0,8,0,38,6.115107913669065,10.24,0.5522670182535004,0.00019794561776300505,-21.04939885877545,77.04588481591558,-0.40530502293578685,-0.0013690834458822687,10.461388369478186,-1.553560747463322e-08,-0.0019063632744182695,3.894389543340564e-06,-1.4399122824972748,43.868567523926465,-0.5393071387872627,0.00019767373932783587,0.07142574722139777,73160,0.040274059016090775,0.009899999999999999,index_dividend_yield,0.065,11.3,25,73081.3,73210.35,72872.05,72947.45,mid_price,ok
2026-09-03T08:18:37.635626+00:00,2026-09-03T13:48:37.635626+05:30,NIFTYNXT50,29-Sep-2026,73000.0,PE,72949.85,732,50,1129.95,25,0.0,930.975,0,0,0,0,0,,,,,,,,,,,,,,,0.07142574722139777,73160,0.040274059016090775,0.009899999999999999,index_dividend_yield,0.065,11.3,25,73081.3,73210.35,72872.05,72947.45,mid_price,no_nse_iv
2026-09-03T08:18:37.635626+00:00,2026-09-03T13:48:37.635626+05:30,NIFTYNXT50,29-Sep-2026,73100.0,CE,72949.85,478.05,100,1299.95,25,0.0,889.0,0,0,0,0,0,,,,,,,,,,,,,,,0.07142574722139777,73160,0.040274059016090775,0.009899999999999999,index_dividend_yield,0.065,11.3,25,73081.3,73210.35,72872.05,72947.45,mid_price,no_nse_iv
2026-09-03T08:18:37.635626+00:00,2026-09-03T13:48:37.635626+05:30,NIFTYNXT50,29-Sep-2026,73100.0,PE,72949.85,439.55,25,1599.9,50,0.0,1019.725,0,0,0,0,0,,,,,,,,,,,,,,,0.07142574722139777,73160,0.040274059016090775,0.009899999999999999,index_dividend_yield,0.065,11.3,25,73081.3,73210.35,72872.05,72947.45,mid_price,no_nse_iv
2026-09-03T08:18:37.635626+00:00,2026-09-03T13:48:37.635626+05:30,NIFTYNXT50,29-Sep-2026,73200.0,CE,0,,0,,0,0.0,,0,0,0,0,0,,,,,,,,,,,,,,,0.07142574722139777,,,,,,11.3,25,73081.3,73210.35,72872.05,72947.45,none,no_price_available
2026-09-03T08:18:37.635626+00:00,2026-09-03T13:48:37.635626+05:30,NIFTYNXT50,29-Sep-2026,73200.0,PE,72949.85,466.15,25,1749.9,50,0.0,1108.025,0,0,0,0,0,,,,,,,,,,,,,,,0.07142574722139777,73160,0.040274059016090775,0.009899999999999999,index_dividend_yield,0.065,11.3,25,73081.3,73210.35,72872.05,72947.45,mid_price,no_nse_iv
2026-09-03T08:18:37.635626+00:00,2026-09-03T13:48:37.635626+05:30,NIFTYNXT50,29-Sep-2026,73300.0,CE,0,,0,,0,0.0,,0,0,0,0,0,,,,,,,,,,,,,,,0.07142574722139777,,,,,,11.3,25,73081.3,73210.35,72872.05,72947.45,none,no_price_available
2026-09-03T08:18:37.635626+00:00,2026-09-03T13:48:37.635626+05:30,NIFTYNXT50,29-Sep-2026,73300.0,PE,72949.85,1002.6,125,1150,25,1089.75,1076.3,0,0,5,-69.01478532840488,15.53,-0.49956497329035565,0.0001316678382964175,-17.42783207291067,77.72393145314298,0.1060211218457674,-0.0017795495313151497,-0.0042129765844833855,-1.7877377416273167e-09,-0.0008478712273338613,2.529489742930267e-06,-1.4885486010875582,-29.417330314982006,0.514079452889684,0.00013041290305291234,0.07142574722139777,73160,0.040274059016090775,0.009899999999999999,index_dividend_yield,0.065,11.3,25,73081.3,73210.35,72872.05,72947.45,mid_price,ok
2026-09-03T08:18:37.635626+00:00,2026-09-03T13:48:37.635626+05:30,NIFTYNXT50,29-Sep-2026,73400.0,CE,72949.85,815,25,953.65,25,0.0,884.325,0,0,0,0,0,,,,,,,,,,,,,,,0.07142574722139777,73160,0.040274059016090775,0.009899999999999999,index_dividend_yield,0.065,11.3,25,73081.3,73210.35,72872.05,72947.45,mid_price,no_nse_iv
2026-09-03T08:18:37.635626+00:00,2026-09-03T13:48:37.635626+05:30,NIFTYNXT50,29-Sep-2026,73400.0,PE,72949.85,1045.05,125,1210.95,125,1110.35,1128.0,0,0,3,-68.90908072690617,15.18,-0.5133344882214591,0.00013462425341893673,-16.736699177193625,77.67811504503936,0.19662304022838306,-0.002069187269705508,1.3165459407602498,-2.672465076928843e-10,-0.0008846092872907867,2.5623016802249162e-06,-1.5015021482509638,-29.63323405381462,0.5274029861219565,0.0001329780605193134,0.07142574722139777,73160,0.040274059016090775,0.009899999999999999,index_dividend_yield,0.065,11.3,25,73081.3,73210.35,72872.05,72947.45,mid_price,ok
2026-09-03T08:18:37.635626+00:00,2026-09-03T13:48:37.635626+05:30,NIFTYNXT50,29-Sep-2026,73500.0,CE,72949.85,803,25,955,25,0.0,879.0,8,0,0,0,9.43,0.4482210529154735,0.00021503342701262207,-18.766958266661135,77.07637269078697,0.6480265420523434,-0.003528308106681921,16.344938716819968,1.2001748150656539e-08,-0.002234955334194313,3.881574729416198e-06,-1.5655070319316309,53.51666579615764,-0.4365534383053855,0.00021182640938774154,0.07142574722139777,73160,0.040274059016090775,0.009899999999999999,index_dividend_yield,0.065,11.3,25,73081.3,73210.35,72872.05,72947.45,mid_price,wide_quote_low_liquidity
2026-09-03T08:18:37.635626+00:00,2026-09-03T13:48:37.635626+05:30,NIFTYNXT50,29-Sep-2026,73500.0,PE,72949.85,626.25,50,1729.7,125,0.0,1177.975,0,0,0,0,0,,,,,,,,,,,,,,,0.07142574722139777,73160,0.040274059016090775,0.009899999999999999,index_dividend_yield,0.065,11.3,25,73081.3,73210.35,72872.05,72947.45,mid_price,no_nse_iv
2026-09-03T08:18:37.635626+00:00,2026-09-03T13:48:37.635626+05:30,NIFTYNXT50,29-Sep-2026,73600.0,CE,72949.85,352.45,25,959.65,25,0.0,656.05,0,0,0,0,0,,,,,,,,,,,,,,,0.07142574722139777,73160,0.040274059016090775,0.009899999999999999,index_dividend_yield,0.065,11.3,25,73081.3,73210.35,72872.05,72947.45,mid_price,no_nse_iv
2026-09-03T08:18:37.635626+00:00,2026-09-03T13:48:37.635626+05:30,NIFTYNXT50,29-Sep-2026,73600.0,PE,72949.85,583.2,25,2052.5,550,0.0,1317.85,0,0,0,0,0,,,,,,,,,,,,,,,0.07142574722139777,73160,0.040274059016090775,0.009899999999999999,index_dividend_yield,0.065,11.3,25,73081.3,73210.35,72872.05,72947.45,mid_price,no_nse_iv
2026-09-03T08:18:37.635626+00:00,2026-09-03T13:48:37.635626+05:30,NIFTYNXT50,29-Sep-2026,73700.0,CE,72949.85,330.2,25,889.85,25,0.0,610.025,1,0,0,0,13,0.4346308958627204,0.00015519602202727524,-23.764117421852013,76.688022044075,0.6008183555230862,-0.0031957323385535807,19.1900939243439,7.843990528681061e-09,-0.0011550448361509712,2.77392697991188e-06,-1.5712171524684635,39.634396048460644,-0.4193526513325074,0.00015205279792314283,0.07142574722139777,73160,0.040274059016090775,0.009899999999999999,index_dividend_yield,0.065,11.3,25,73081.3,73210.35,72872.05,72947.45,mid_price,wide_quote_low_liquidity
2026-09-03T08:18:37.635626+00:00,2026-09-03T13:48:37.635626+05:30,NIFTYNXT50,29-Sep-2026,73700.0,PE,72949.85,614.8,25,2106.25,25,0.0,1360.525,0,0,0,0,0,,,,,,,,,,,,,,,0.07142574722139777,73160,0.040274059016090775,0.009899999999999999,index_dividend_yield,0.065,11.3,25,73081.3,73210.35,72872.05,72947.45,mid_price,no_nse_iv
2026-09-03T08:18:37.635626+00:00,2026-09-03T13:48:37.635626+05:30,NIFTYNXT50,29-Sep-2026,73800.0,CE,72949.85,308.65,25,862.05,25,0.0,585.3499999999999,0,0,0,0,0,,,,,,,,,,,,,,,0.07142574722139777,73160,0.040274059016090775,0.009899999999999999,index_dividend_yield,0.065,11.3,25,73081.3,73210.35,72872.05,72947.45,mid_price,no_nse_iv
2026-09-03T08:18:37.635626+00:00,2026-09-03T13:48:37.635626+05:30,NIFTYNXT50,29-Sep-2026,73800.0,PE,72949.85,647.6,25,2203.15,25,0.0,1425.375,0,0,0,0,0,,,,,,,,,,,,,,,0.07142574722139777,73160,0.040274059016090775,0.009899999999999999,index_dividend_yield,0.065,11.3,25,73081.3,73210.35,72872.05,72947.45,mid_price,no_nse_iv
2026-09-03T08:18:37.635626+00:00,2026-09-03T13:48:37.635626+05:30,NIFTYNXT50,29-Sep-2026,73900.0,CE,72949.85,288.05,25,876.95,25,0.0,582.5,0,0,0,0,0,,,,,,,,,,,,,,,0.07142574722139777,73160,0.040274059016090775,0.009899999999999999,index_dividend_yield,0.065,11.3,25,73081.3,73210.35,72872.05,72947.45,mid_price,no_nse_iv
2026-09-03T08:18:37.635626+00:00,2026-09-03T13:48:37.635626+05:30,NIFTYNXT50,29-Sep-2026,73900.0,PE,72949.85,681.3,25,2512.85,25,0.0,1597.0749999999998,0,0,0,0,0,,,,,,,,,,,,,,,0.07142574722139777,73160,0.040274059016090775,0.009899999999999999,index_dividend_yield,0.065,11.3,25,73081.3,73210.35,72872.05,72947.45,mid_price,no_nse_iv
2026-09-03T08:18:37.635626+00:00,2026-09-03T13:48:37.635626+05:30,NIFTYNXT50,29-Sep-2026,74000.0,CE,72949.85,612.05,25,715.35,150,666,663.7,19,3,5,8.354348002928496,11.22,0.3702829325470018,0.00017256475245423314,-19.81663776661416,73.59504049827935,1.2125878440037985,-0.004500180275593291,78.11844387612865,2.34120131920416e-08,-0.0013549257136061942,2.6334152345753345e-06,-1.700065695125545,49.21461988308662,-0.35761109969233995,0.00016770169794957067,0.07142574722139777,73160,0.040274059016090775,0.009899999999999999,index_dividend_yield,0.065,11.3,25,73081.3,73210.35,72872.05,72947.45,mid_price,wide_quote_low_liquidity
2026-09-03T08:18:37.635626+00:00,2026-09-03T13:48:37.635626+05:30,NIFTYNXT50,29-Sep-2026,74000.0,PE,72949.85,1000.25,50,3026,100,0.0,2013.125,0,0,0,0,0,,,,,,,,,,,,,,,0.07142574722139777,73160,0.040274059016090775,0.009899999999999999,index_dividend_yield,0.065,11.3,25,73081.3,73210.35,72872.05,72947.45,mid_price,no_nse_iv
2026-09-03T08:18:37.635626+00:00,2026-09-03T13:48:37.635626+05:30,NIFTYNXT50,29-Sep-2026,74100.0,CE,72949.85,249.4,25,786.25,25,0.0,517.825,0,0,0,0,0,,,,,,,,,,,,,,,0.07142574722139777,73160,0.040274059016090775,0.009899999999999999,index_dividend_yield,0.065,11.3,25,73081.3,73210.35,72872.05,72947.45,mid_price,no_nse_iv
2026-09-03T08:18:37.635626+00:00,2026-09-03T13:48:37.635626+05:30,NIFTYNXT50,29-Sep-2026,74100.0,PE,72949.85,751.8,25,2229.4,25,0.0,1490.6,0,0,0,0,0,,,,,,,,,,,,,,,0.07142574722139777,73160,0.040274059016090775,0.009899999999999999,index_dividend_yield,0.065,11.3,25,73081.3,73210.35,72872.05,72947.45,mid_price,no_nse_iv
2026-09-03T08:18:37.635626+00:00,2026-09-03T13:48:37.635626+05:30,NIFTYNXT50,29-Sep-2026,74200.0,CE,72949.85,231.25,25,760.8,25,0.0,496.025,0,0,0,0,0,,,,,,,,,,,,,,,0.07142574722139777,73160,0.040274059016090775,0.009899999999999999,index_dividend_yield,0.065,11.3,25,73081.3,73210.35,72872.05,72947.45,mid_price,no_nse_iv
2026-09-03T08:18:37.635626+00:00,2026-09-03T13:48:37.635626+05:30,NIFTYNXT50,29-Sep-2026,74200.0,PE,72949.85,788.5,25,2583.95,25,0.0,1686.225,0,0,0,0,0,,,,,,,,,,,,,,,0.07142574722139777,73160,0.040274059016090775,0.009899999999999999,index_dividend_yield,0.065,11.3,25,73081.3,73210.35,72872.05,72947.45,mid_price,no_nse_iv
2026-09-03T08:18:37.635626+00:00,2026-09-03T13:48:37.635626+05:30,NIFTYNXT50,29-Sep-2026,74300.0,CE,72949.85,213.85,25,774.6,25,0.0,494.225,0,0,0,0,0,,,,,,,,,,,,,,,0.07142574722139777,73160,0.040274059016090775,0.009899999999999999,index_dividend_yield,0.065,11.3,25,73081.3,73210.35,72872.05,72947.45,mid_price,no_nse_iv
2026-09-03T08:18:37.635626+00:00,2026-09-03T13:48:37.635626+05:30,NIFTYNXT50,29-Sep-2026,74300.0,PE,72949.85,826.4,25,2626.75,25,0.0,1726.575,0,0,0,0,0,,,,,,,,,,,,,,,0.07142574722139777,73160,0.040274059016090775,0.009899999999999999,index_dividend_yield,0.065,11.3,25,73081.3,73210.35,72872.05,72947.45,mid_price,no_nse_iv
2026-09-03T08:18:37.635626+00:00,2026-09-03T13:48:37.635626+05:30,NIFTYNXT50,29-Sep-2026,74400.0,CE,72949.85,197.1,50,750.35,25,0.0,473.725,0,0,0,0,0,,,,,,,,,,,,,,,0.07142574722139777,73160,0.040274059016090775,0.009899999999999999,index_dividend_yield,0.065,11.3,25,73081.3,73210.35,72872.05,72947.45,mid_price,no_nse_iv
2026-09-03T08:18:37.635626+00:00,2026-09-03T13:48:37.635626+05:30,NIFTYNXT50,29-Sep-2026,74400.0,PE,72949.85,865.4,25,2676.5,25,0.0,1770.95,0,0,0,0,0,,,,,,,,,,,,,,,0.07142574722139777,73160,0.040274059016090775,0.009899999999999999,index_dividend_yield,0.065,11.3,25,73081.3,73210.35,72872.05,72947.45,mid_price,no_nse_iv
2026-09-03T08:18:37.635626+00:00,2026-09-03T13:48:37.635626+05:30,NIFTYNXT50,29-Sep-2026,74500.0,CE,72949.85,450,25,541.85,150,672,495.925,11,0,1,-10.280373831775702,13.83,0.3283148135927231,0.00013397852465460536,-22.195326407705583,70.43053220694642,1.256172910915454,-0.0047990516111696135,108.72674539210436,2.006186002551634e-08,-0.0007619490179524679,1.7817992101079397e-06,-1.7650336922545338,42.04257475437504,-0.313836825268065,0.00012846104544547135,0.07142574722139777,73160,0.040274059016090775,0.009899999999999999,index_dividend_yield,0.065,11.3,25,73081.3,73210.35,72872.05,72947.45,mid_price,wide_quote_low_liquidity
2026-09-03T08:18:37.635626+00:00,2026-09-03T13:48:37.635626+05:30,NIFTYNXT50,29-Sep-2026,74500.0,PE,72949.85,1309,25,3602,25,0.0,2455.5,15,0,0,0,16.62,-0.6410856317208087,0.00011520563127407908,-15.777824457797784,72.77937577967258,0.9141670333749352,-0.00420061915242842,64.62372893726354,1.125184338962247e-08,-0.0005908950580358119,1.744818083704338e-06,-1.6896079427543498,-23.079224263650577,0.6549459458742051,0.00011046125394220017,0.07142574722139777,73160,0.040274059016090775,0.009899999999999999,index_dividend_yield,0.065,11.3,25,73081.3,73210.35,72872.05,72947.45,mid_price,wide_quote_low_liquidity
2026-09-03T08:18:37.635626+00:00,2026-09-03T13:48:37.635626+05:30,NIFTYNXT50,29-Sep-2026,74600.0,CE,72949.85,166.25,50,705,25,0.0,435.625,0,0,0,0,0,,,,,,,,,,,,,,,0.07142574722139777,73160,0.040274059016090775,0.009899999999999999,index_dividend_yield,0.065,11.3,25,73081.3,73210.35,72872.05,72947.45,mid_price,no_nse_iv
2026-09-03T08:18:37.635626+00:00,2026-09-03T13:48:37.635626+05:30,NIFTYNXT50,29-Sep-2026,74600.0,PE,72949.85,946.1,25,2808.2,25,0.0,1877.1499999999999,0,0,0,0,0,,,,,,,,,,,,,,,0.07142574722139777,73160,0.040274059016090775,0.009899999999999999,index_dividend_yield,0.065,11.3,25,73081.3,73210.35,72872.05,72947.45,mid_price,no_nse_iv
2026-09-03T08:18:37.635626+00:00,2026-09-03T13:48:37.635626+05:30,NIFTYNXT50,29-Sep-2026,74700.0,CE,72949.85,151.65,50,680.95,25,0.0,416.3,0,0,0,0,0,,,,,,,,,,,,,,,0.07142574722139777,73160,0.040274059016090775,0.009899999999999999,index_dividend_yield,0.065,11.3,25,73081.3,73210.35,72872.05,72947.45,mid_price,no_nse_iv
2026-09-03T08:18:37.635626+00:00,2026-09-03T13:48:37.635626+05:30,NIFTYNXT50,29-Sep-2026,74700.0,PE,72949.85,988.25,25,2721.3,25,0.0,1854.775,0,0,0,0,0,,,,,,,,,,,,,,,0.07142574722139777,73160,0.040274059016090775,0.009899999999999999,index_dividend_yield,0.065,11.3,25,73081.3,73210.35,72872.05,72947.45,mid_price,no_nse_iv
2026-09-03T08:18:37.635626+00:00,2026-09-03T13:48:37.635626+05:30,NIFTYNXT50,29-Sep-2026,74800.0,CE,72949.85,137.95,50,658.9,25,0.0,398.42499999999995,0,0,0,0,0,,,,,,,,,,,,,,,0.07142574722139777,73160,0.040274059016090775,0.009899999999999999,index_dividend_yield,0.065,11.3,25,73081.3,73210.35,72872.05,72947.45,mid_price,no_nse_iv
2026-09-03T08:18:37.635626+00:00,2026-09-03T13:48:37.635626+05:30,NIFTYNXT50,29-Sep-2026,74800.0,PE,72949.85,1031.3,25,2792.25,550,0.0,1911.775,0,0,0,0,0,,,,,,,,,,,,,,,0.07142574722139777,73160,0.040274059016090775,0.009899999999999999,index_dividend_yield,0.065,11.3,25,73081.3,73210.35,72872.05,72947.45,mid_price,no_nse_iv
2026-09-03T08:18:37.635626+00:00,2026-09-03T13:48:37.635626+05:30,NIFTYNXT50,29-Sep-2026,74900.0,CE,72949.85,124.9,50,637.3,25,0.0,381.09999999999997,0,0,0,0,0,,,,,,,,,,,,,,,0.07142574722139777,73160,0.040274059016090775,0.009899999999999999,index_dividend_yield,0.065,11.3,25,73081.3,73210.35,72872.05,72947.45,mid_price,no_nse_iv
2026-09-03T08:18:37.635626+00:00,2026-09-03T13:48:37.635626+05:30,NIFTYNXT50,29-Sep-2026,74900.0,PE,72949.85,1075.45,25,2888.4,25,0.0,1981.9250000000002,0,0,0,0,0,,,,,,,,,,,,,,,0.07142574722139777,73160,0.040274059016090775,0.009899999999999999,index_dividend_yield,0.065,11.3,25,73081.3,73210.35,72872.05,72947.45,mid_price,no_nse_iv
2026-09-03T08:18:37.635626+00:00,2026-09-03T13:48:37.635626+05:30,NIFTYNXT50,29-Sep-2026,75000.0,CE,72949.85,130.05,50,560.85,50,0.0,345.45000000000005,8,0,0,0,10.76,0.20808516753251774,0.00013660391286945237,-13.777814860511924,55.87004352096996,2.2407309750069047,-0.006123178566654091,355.00261293346824,5.0441527214516647e-08,-0.0004015089874240789,2.492559751649372e-07,-2.040933106366083,62.44206580085889,-0.19915573210674656,0.00012923775912063775,0.07142574722139777,73160,0.040274059016090775,0.009899999999999999,index_dividend_yield,0.065,11.3,25,73081.3,73210.35,72872.05,72947.45,mid_price,wide_quote_low_liquidity
2026-09-03T08:18:37.635626+00:00,2026-09-03T13:48:37.635626+05:30,NIFTYNXT50,29-Sep-2026,75000.0,PE,72949.85,1120.65,25,3092.75,25,0.0,2106.7,0,0,0,0,0,,,,,,,,,,,,,,,0.07142574722139777,73160,0.040274059016090775,0.009899999999999999,index_dividend_yield,0.065,11.3,25,73081.3,73210.35,72872.05,72947.45,mid_price,no_nse_iv
2026-09-03T08:18:37.635626+00:00,2026-09-03T13:48:37.635626+05:30,NIFTYNXT50,29-Sep-2026,75100.0,CE,72949.85,100.55,50,595.8,25,0.0,348.17499999999995,0,0,0,0,0,,,,,,,,,,,,,,,0.07142574722139777,73160,0.040274059016090775,0.009899999999999999,index_dividend_yield,0.065,11.3,25,73081.3,73210.35,72872.05,72947.45,mid_price,no_nse_iv
2026-09-03T08:18:37.635626+00:00,2026-09-03T13:48:37.635626+05:30,NIFTYNXT50,29-Sep-2026,75100.0,PE,72949.85,1166.95,25,3062.3,25,0.0,2114.625,0,0,0,0,0,,,,,,,,,,,,,,,0.07142574722139777,,,,,,11.3,25,73081.3,73210.35,72872.05,72947.45,mid_price,no_price_available
2026-09-03T08:18:37.635626+00:00,2026-09-03T13:48:37.635626+05:30,NIFTYNXT50,29-Sep-2026,75200.0,CE,72949.85,89.5,50,575.8,25,0.0,332.65,0,0,0,0,0,,,,,,,,,,,,,,,0.07142574722139777,73160,0.040274059016090775,0.009899999999999999,index_dividend_yield,0.065,11.3,25,73081.3,73210.35,72872.05,72947.45,mid_price,no_nse_iv
2026-09-03T08:18:37.635626+00:00,2026-09-03T13:48:37.635626+05:30,NIFTYNXT50,29-Sep-2026,75200.0,PE,72949.85,1214.15,25,3111.65,25,0.0,2162.9,0,0,0,0,0,,,,,,,,,,,,,,,0.07142574722139777,,,,,,11.3,25,73081.3,73210.35,72872.05,72947.45,mid_price,no_price_available
2026-09-03T08:18:37.635626+00:00,2026-09-03T13:48:37.635626+05:30,NIFTYNXT50,29-Sep-2026,75300.0,CE,72949.85,78.8,50,556.25,25,0.0,317.525,0,0,0,0,0,,,,,,,,,,,,,,,0.07142574722139777,73160,0.040274059016090775,0.009899999999999999,index_dividend_yield,0.065,11.3,25,73081.3,73210.35,72872.05,72947.45,mid_price,no_nse_iv
2026-09-03T08:18:37.635626+00:00,2026-09-03T13:48:37.635626+05:30,NIFTYNXT50,29-Sep-2026,75300.0,PE,72949.85,1262.6,25,3194.8,25,0.0,2228.7,0,0,0,0,0,,,,,,,,,,,,,,,0.07142574722139777,,,,,,11.3,25,73081.3,73210.35,72872.05,72947.45,mid_price,no_price_available
2026-09-03T08:18:37.635626+00:00,2026-09-03T13:48:37.635626+05:30,NIFTYNXT50,29-Sep-2026,75400.0,CE,72949.85,68.7,50,560,25,0.0,314.35,0,0,0,0,0,,,,,,,,,,,,,,,0.07142574722139777,73160,0.040274059016090775,0.009899999999999999,index_dividend_yield,0.065,11.3,25,73081.3,73210.35,72872.05,72947.45,mid_price,no_nse_iv
2026-09-03T08:18:37.635626+00:00,2026-09-03T13:48:37.635626+05:30,NIFTYNXT50,29-Sep-2026,75400.0,PE,72949.85,1312.05,25,3302.9,25,0.0,2307.475,0,0,0,0,0,,,,,,,,,,,,,,,0.07142574722139777,,,,,,11.3,25,73081.3,73210.35,72872.05,72947.45,mid_price,no_price_available
2026-09-03T08:18:37.635626+00:00,2026-09-03T13:48:37.635626+05:30,NIFTYNXT50,29-Sep-2026,75500.0,CE,72949.85,59.4,50,505,25,0.0,282.2,0,0,0,0,0,,,,,,,,,,,,,,,0.07142574722139777,73160,0.040274059016090775,0.009899999999999999,index_dividend_yield,0.065,11.3,25,73081.3,73210.35,72872.05,72947.45,mid_price,no_nse_iv
2026-09-03T08:18:37.635626+00:00,2026-09-03T13:48:37.635626+05:30,NIFTYNXT50,29-Sep-2026,75500.0,PE,72949.85,1362.4,25,3366.75,25,0.0,2364.575,0,0,0,0,0,,,,,,,,,,,,,,,0.07142574722139777,,,,,,11.3,25,73081.3,73210.35,72872.05,72947.45,mid_price,no_price_available
2026-09-03T08:18:37.635626+00:00,2026-09-03T13:48:37.635626+05:30,NIFTYNXT50,29-Sep-2026,75600.0,CE,72949.85,50.35,50,500.8,25,0.0,275.575,0,0,0,0,0,,,,,,,,,,,,,,,0.07142574722139777,73160,0.040274059016090775,0.009899999999999999,index_dividend_yield,0.065,11.3,25,73081.3,73210.35,72872.05,72947.45,mid_price,no_nse_iv
2026-09-03T08:18:37.635626+00:00,2026-09-03T13:48:37.635626+05:30,NIFTYNXT50,29-Sep-2026,75600.0,PE,72949.85,1413.95,25,3452.9,25,0.0,2433.425,0,0,0,0,0,,,,,,,,,,,,,,,0.07142574722139777,,,,,,11.3,25,73081.3,73210.35,72872.05,72947.45,mid_price,no_price_available
2026-09-03T08:18:37.635626+00:00,2026-09-03T13:48:37.635626+05:30,NIFTYNXT50,29-Sep-2026,75700.0,CE,72949.85,41.9,50,480,25,0.0,260.95,0,0,0,0,0,,,,,,,,,,,,,,,0.07142574722139777,73160,0.040274059016090775,0.009899999999999999,index_dividend_yield,0.065,11.3,25,73081.3,73210.35,72872.05,72947.45,mid_price,no_nse_iv
2026-09-03T08:18:37.635626+00:00,2026-09-03T13:48:37.635626+05:30,NIFTYNXT50,29-Sep-2026,75700.0,PE,72949.85,1466.55,25,3538.1,25,0.0,2502.325,0,0,0,0,0,,,,,,,,,,,,,,,0.07142574722139777,,,,,,11.3,25,73081.3,73210.35,72872.05,72947.45,mid_price,no_price_available
2026-09-03T08:18:37.635626+00:00,2026-09-03T13:48:37.635626+05:30,NIFTYNXT50,29-Sep-2026,75800.0,CE,72949.85,33.95,50,500,25,0.0,266.975,0,0,0,0,0,,,,,,,,,,,,,,,0.07142574722139777,73160,0.040274059016090775,0.009899999999999999,index_dividend_yield,0.065,11.3,25,73081.3,73210.35,72872.05,72947.45,mid_price,no_nse_iv
2026-09-03T08:18:37.635626+00:00,2026-09-03T13:48:37.635626+05:30,NIFTYNXT50,29-Sep-2026,75800.0,PE,72949.85,1520.15,25,3659.9,25,0.0,2590.025,0,0,0,0,0,,,,,,,,,,,,,,,0.07142574722139777,,,,,,11.3,25,73081.3,73210.35,72872.05,72947.45,mid_price,no_price_available
2026-09-03T08:18:37.635626+00:00,2026-09-03T13:48:37.635626+05:30,NIFTYNXT50,29-Sep-2026,75900.0,CE,72949.85,26.55,50,500,25,0.0,263.275,0,0,0,0,0,,,,,,,,,,,,,,,0.07142574722139777,73160,0.040274059016090775,0.009899999999999999,index_dividend_yield,0.065,11.3,25,73081.3,73210.35,72872.05,72947.45,mid_price,no_nse_iv
2026-09-03T08:18:37.635626+00:00,2026-09-03T13:48:37.635626+05:30,NIFTYNXT50,29-Sep-2026,75900.0,PE,72949.85,1574.75,25,3765.7,25,0.0,2670.225,0,0,0,0,0,,,,,,,,,,,,,,,0.07142574722139777,,,,,,11.3,25,73081.3,73210.35,72872.05,72947.45,mid_price,no_price_available
2026-09-03T08:18:37.635626+00:00,2026-09-03T13:48:37.635626+05:30,NIFTYNXT50,29-Sep-2026,76000.0,CE,72949.85,22.75,50,469,25,0.0,245.875,0,0,0,0,0,,,,,,,,,,,,,,,0.07142574722139777,73160,0.040274059016090775,0.009899999999999999,index_dividend_yield,0.065,11.3,25,73081.3,73210.35,72872.05,72947.45,mid_price,no_nse_iv
2026-09-03T08:18:37.635626+00:00,2026-09-03T13:48:37.635626+05:30,NIFTYNXT50,29-Sep-2026,76000.0,PE,72949.85,1633.55,25,3859.4,25,0.0,2746.475,0,0,0,0,0,,,,,,,,,,,,,,,0.07142574722139777,,,,,,11.3,25,73081.3,73210.35,72872.05,72947.45,mid_price,no_price_available
2026-09-03T08:18:37.635626+00:00,2026-09-03T13:48:37.635626+05:30,NIFTYNXT50,29-Sep-2026,76100.0,CE,72949.85,16.6,50,500,75,0.0,258.3,0,0,0,0,0,,,,,,,,,,,,,,,0.07142574722139777,73160,0.040274059016090775,0.009899999999999999,index_dividend_yield,0.065,11.3,25,73081.3,73210.35,72872.05,72947.45,mid_price,no_nse_iv
2026-09-03T08:18:37.635626+00:00,2026-09-03T13:48:37.635626+05:30,NIFTYNXT50,29-Sep-2026,76100.0,PE,72949.85,1690.35,25,3977.05,25,0.0,2833.7,0,0,0,0,0,,,,,,,,,,,,,,,0.07142574722139777,,,,,,11.3,25,73081.3,73210.35,72872.05,72947.45,mid_price,no_price_available
2026-09-03T08:18:37.635626+00:00,2026-09-03T13:48:37.635626+05:30,NIFTYNXT50,29-Sep-2026,76200.0,CE,72949.85,10.65,50,500,75,0.0,255.325,0,0,0,0,0,,,,,,,,,,,,,,,0.07142574722139777,73160,0.040274059016090775,0.009899999999999999,index_dividend_yield,0.065,11.3,25,73081.3,73210.35,72872.05,72947.45,mid_price,no_nse_iv
2026-09-03T08:18:37.635626+00:00,2026-09-03T13:48:37.635626+05:30,NIFTYNXT50,29-Sep-2026,76200.0,PE,72949.85,1748.35,25,4082.4,25,0.0,2915.375,0,0,0,0,0,,,,,,,,,,,,,,,0.07142574722139777,,,,,,11.3,25,73081.3,73210.35,72872.05,72947.45,mid_price,no_price_available
2026-09-03T08:18:37.635626+00:00,2026-09-03T13:48:37.635626+05:30,NIFTYNXT50,29-Sep-2026,76300.0,CE,72949.85,2.25,50,500,25,0.0,251.125,0,0,0,0,0,,,,,,,,,,,,,,,0.07142574722139777,73160,0.040274059016090775,0.009899999999999999,index_dividend_yield,0.065,11.3,25,73081.3,73210.35,72872.05,72947.45,mid_price,no_nse_iv
2026-09-03T08:18:37.635626+00:00,2026-09-03T13:48:37.635626+05:30,NIFTYNXT50,29-Sep-2026,76300.0,PE,72949.85,1803.9,25,4185.7,25,0.0,2994.8,0,0,0,0,0,,,,,,,,,,,,,,,0.07142574722139777,,,,,,11.3,25,73081.3,73210.35,72872.05,72947.45,mid_price,no_price_available
2026-09-03T08:18:37.635626+00:00,2026-09-03T13:48:37.635626+05:30,NIFTYNXT50,29-Sep-2026,76400.0,CE,72949.85,0.05,50,500,75,0.0,250.025,0,0,0,0,0,,,,,,,,,,,,,,,0.07142574722139777,73160,0.040274059016090775,0.009899999999999999,index_dividend_yield,0.065,11.3,25,73081.3,73210.35,72872.05,72947.45,mid_price,no_nse_iv
2026-09-03T08:18:37.635626+00:00,2026-09-03T13:48:37.635626+05:30,NIFTYNXT50,29-Sep-2026,76400.0,PE,72949.85,1863.55,25,4290.7,25,0.0,3077.125,0,0,0,0,0,,,,,,,,,,,,,,,0.07142574722139777,,,,,,11.3,25,73081.3,73210.35,72872.05,72947.45,mid_price,no_price_available
2026-09-03T08:18:37.635626+00:00,2026-09-03T13:48:37.635626+05:30,NIFTYNXT50,29-Sep-2026,76500.0,CE,72949.85,10,25,470,25,0.0,240.0,0,0,0,0,0,,,,,,,,,,,,,,,0.07142574722139777,73160,0.040274059016090775,0.009899999999999999,index_dividend_yield,0.065,11.3,25,73081.3,73210.35,72872.05,72947.45,mid_price,no_nse_iv
2026-09-03T08:18:37.635626+00:00,2026-09-03T13:48:37.635626+05:30,NIFTYNXT50,29-Sep-2026,76500.0,PE,72949.85,1924.15,25,4395.7,25,0.0,3159.925,0,0,0,0,0,,,,,,,,,,,,,,,0.07142574722139777,,,,,,11.3,25,73081.3,73210.35,72872.05,72947.45,mid_price,no_price_available
2026-09-03T08:18:37.635626+00:00,2026-09-03T13:48:37.635626+05:30,NIFTYNXT50,29-Sep-2026,76600.0,CE,72949.85,0.05,50,500,75,0.0,250.025,0,0,0,0,0,,,,,,,,,,,,,,,0.07142574722139777,73160,0.040274059016090775,0.009899999999999999,index_dividend_yield,0.065,11.3,25,73081.3,73210.35,72872.05,72947.45,mid_price,no_nse_iv
2026-09-03T08:18:37.635626+00:00,2026-09-03T13:48:37.635626+05:30,NIFTYNXT50,29-Sep-2026,76600.0,PE,72949.85,1985.9,25,4502.05,25,0.0,3243.9750000000004,0,0,0,0,0,,,,,,,,,,,,,,,0.07142574722139777,,,,,,11.3,25,73081.3,73210.35,72872.05,72947.45,mid_price,no_price_available
2026-09-03T08:18:37.635626+00:00,2026-09-03T13:48:37.635626+05:30,NIFTYNXT50,29-Sep-2026,76700.0,CE,72949.85,0.05,50,500,25,0.0,250.025,0,0,0,0,0,,,,,,,,,,,,,,,0.07142574722139777,73160,0.040274059016090775,0.009899999999999999,index_dividend_yield,0.065,11.3,25,73081.3,73210.35,72872.05,72947.45,mid_price,no_nse_iv
2026-09-03T08:18:37.635626+00:00,2026-09-03T13:48:37.635626+05:30,NIFTYNXT50,29-Sep-2026,76700.0,PE,72949.85,2048.25,25,4772.75,550,0.0,3410.5,0,0,0,0,0,,,,,,,,,,,,,,,0.07142574722139777,,,,,,11.3,25,73081.3,73210.35,72872.05,72947.45,mid_price,no_price_available
2026-09-03T08:18:37.635626+00:00,2026-09-03T13:48:37.635626+05:30,NIFTYNXT50,29-Sep-2026,76800.0,CE,72949.85,0.05,50,500,25,0.0,250.025,0,0,0,0,0,,,,,,,,,,,,,,,0.07142574722139777,73160,0.040274059016090775,0.009899999999999999,index_dividend_yield,0.065,11.3,25,73081.3,73210.35,72872.05,72947.45,mid_price,no_nse_iv
2026-09-03T08:18:37.635626+00:00,2026-09-03T13:48:37.635626+05:30,NIFTYNXT50,29-Sep-2026,76800.0,PE,72949.85,,0,4886.1,550,0.0,,0,0,0,0,0,,,,,,,,,,,,,,,0.07142574722139777,,,,,,11.3,25,73081.3,73210.35,72872.05,72947.45,none,no_price_available
2026-09-03T08:18:37.635626+00:00,2026-09-03T13:48:37.635626+05:30,NIFTYNXT50,29-Sep-2026,76900.0,CE,72949.85,0.05,50,500,75,0.0,250.025,0,0,0,0,0,,,,,,,,,,,,,,,0.07142574722139777,73160,0.040274059016090775,0.009899999999999999,index_dividend_yield,0.065,11.3,25,73081.3,73210.35,72872.05,72947.45,mid_price,no_nse_iv
2026-09-03T08:18:37.635626+00:00,2026-09-03T13:48:37.635626+05:30,NIFTYNXT50,29-Sep-2026,76900.0,PE,72949.85,,0,4795.3,550,0.0,,0,0,0,0,0,,,,,,,,,,,,,,,0.07142574722139777,,,,,,11.3,25,73081.3,73210.35,72872.05,72947.45,none,no_price_available
2026-09-03T08:18:37.635626+00:00,2026-09-03T13:48:37.635626+05:30,NIFTYNXT50,29-Sep-2026,77000.0,CE,72949.85,11,100,375,25,0.0,193.0,0,0,0,0,0,,,,,,,,,,,,,,,0.07142574722139777,73160,0.040274059016090775,0.009899999999999999,index_dividend_yield,0.065,11.3,25,73081.3,73210.35,72872.05,72947.45,mid_price,no_nse_iv
2026-09-03T08:18:37.635626+00:00,2026-09-03T13:48:37.635626+05:30,NIFTYNXT50,29-Sep-2026,77000.0,PE,72949.85,,0,4755.1,550,0.0,,0,0,0,0,0,,,,,,,,,,,,,,,0.07142574722139777,,,,,,11.3,25,73081.3,73210.35,72872.05,72947.45,none,no_price_available
2026-09-03T08:18:37.635626+00:00,2026-09-03T13:48:37.635626+05:30,NIFTYNXT50,29-Sep-2026,77100.0,CE,72949.85,0.05,50,400,25,0.0,200.025,0,0,0,0,0,,,,,,,,,,,,,,,0.07142574722139777,73160,0.040274059016090775,0.009899999999999999,index_dividend_yield,0.065,11.3,25,73081.3,73210.35,72872.05,72947.45,mid_price,no_nse_iv
2026-09-03T08:18:37.635626+00:00,2026-09-03T13:48:37.635626+05:30,NIFTYNXT50,29-Sep-2026,77100.0,PE,72949.85,,0,4847.6,550,0.0,,0,0,0,0,0,,,,,,,,,,,,,,,0.07142574722139777,,,,,,11.3,25,73081.3,73210.35,72872.05,72947.45,none,no_price_available
2026-09-03T08:18:37.635626+00:00,2026-09-03T13:48:37.635626+05:30,NIFTYNXT50,29-Sep-2026,77200.0,CE,72949.85,0.05,50,400,25,0.0,200.025,0,0,0,0,0,,,,,,,,,,,,,,,0.07142574722139777,73160,0.040274059016090775,0.009899999999999999,index_dividend_yield,0.065,11.3,25,73081.3,73210.35,72872.05,72947.45,mid_price,no_nse_iv
2026-09-03T08:18:37.635626+00:00,2026-09-03T13:48:37.635626+05:30,NIFTYNXT50,29-Sep-2026,77200.0,PE,72949.85,,0,5000.5,550,0.0,,0,0,0,0,0,,,,,,,,,,,,,,,0.07142574722139777,,,,,,11.3,25,73081.3,73210.35,72872.05,72947.45,none,no_price_available
2026-09-03T08:18:37.635626+00:00,2026-09-03T13:48:37.635626+05:30,NIFTYNXT50,29-Sep-2026,77300.0,CE,72949.85,0.05,50,400,75,0.0,200.025,0,0,0,0,0,,,,,,,,,,,,,,,0.07142574722139777,73160,0.040274059016090775,0.009899999999999999,index_dividend_yield,0.065,11.3,25,73081.3,73210.35,72872.05,72947.45,mid_price,no_nse_iv
2026-09-03T08:18:37.635626+00:00,2026-09-03T13:48:37.635626+05:30,NIFTYNXT50,29-Sep-2026,77300.0,PE,72949.85,,0,5105.4,550,0.0,,0,0,0,0,0,,,,,,,,,,,,,,,0.07142574722139777,,,,,,11.3,25,73081.3,73210.35,72872.05,72947.45,none,no_price_available
2026-09-03T08:18:37.635626+00:00,2026-09-03T13:48:37.635626+05:30,NIFTYNXT50,29-Sep-2026,77400.0,CE,72949.85,0.05,50,400,75,0.0,200.025,0,0,0,0,0,,,,,,,,,,,,,,,0.07142574722139777,73160,0.040274059016090775,0.009899999999999999,index_dividend_yield,0.065,11.3,25,73081.3,73210.35,72872.05,72947.45,mid_price,no_nse_iv
2026-09-03T08:18:37.635626+00:00,2026-09-03T13:48:37.635626+05:30,NIFTYNXT50,29-Sep-2026,77400.0,PE,72949.85,,0,5204.2,550,0.0,,0,0,0,0,0,,,,,,,,,,,,,,,0.07142574722139777,,,,,,11.3,25,73081.3,73210.35,72872.05,72947.45,none,no_price_available
2026-09-03T08:18:37.635626+00:00,2026-09-03T13:48:37.635626+05:30,NIFTYNXT50,29-Sep-2026,77500.0,CE,72949.85,10,25,385,25,0.0,197.5,0,0,0,0,0,,,,,,,,,,,,,,,0.07142574722139777,73160,0.040274059016090775,0.009899999999999999,index_dividend_yield,0.065,11.3,25,73081.3,73210.35,72872.05,72947.45,mid_price,no_nse_iv
2026-09-03T08:18:37.635626+00:00,2026-09-03T13:48:37.635626+05:30,NIFTYNXT50,29-Sep-2026,77500.0,PE,72949.85,,0,5294.55,550,0.0,,0,0,0,0,0,,,,,,,,,,,,,,,0.07142574722139777,,,,,,11.3,25,73081.3,73210.35,72872.05,72947.45,none,no_price_available
2026-09-03T08:18:37.635626+00:00,2026-09-03T13:48:37.635626+05:30,NIFTYNXT50,29-Sep-2026,77600.0,CE,72949.85,1.1,150,365,25,0.0,183.05,10,0,0,0,10,0.01570372741097277,2.020240130701116e-05,-1.6437587023402267,7.679034039748576,0.8579087395010586,-0.0018672823894740082,359.8548708733604,2.2193901831775973e-08,0.000744695475778057,-1.6731757843098501e-06,-0.9305225912495015,105.85852772523519,-0.01462323085385738,1.7853705131460986e-05,0.07142574722139777,73160,0.040274059016090775,0.009899999999999999,index_dividend_yield,0.065,11.3,25,73081.3,73210.35,72872.05,72947.45,mid_price,wide_quote_low_liquidity
2026-09-03T08:18:37.635626+00:00,2026-09-03T13:48:37.635626+05:30,NIFTYNXT50,29-Sep-2026,77600.0,PE,72949.85,,0,5404.15,550,0.0,,0,0,0,0,0,,,,,,,,,,,,,,,0.07142574722139777,,,,,,11.3,25,73081.3,73210.35,72872.05,72947.45,none,no_price_available
2026-09-03T08:18:37.635626+00:00,2026-09-03T13:48:37.635626+05:30,NIFTYNXT50,29-Sep-2026,77700.0,CE,72949.85,0.05,50,370,25,0.0,185.025,0,0,0,0,0,,,,,,,,,,,,,,,0.07142574722139777,73160,0.040274059016090775,0.009899999999999999,index_dividend_yield,0.065,11.3,25,73081.3,73210.35,72872.05,72947.45,mid_price,no_nse_iv
2026-09-03T08:18:37.635626+00:00,2026-09-03T13:48:37.635626+05:30,NIFTYNXT50,29-Sep-2026,77700.0,PE,72949.85,,0,5497.65,550,0.0,,0,0,0,0,0,,,,,,,,,,,,,,,0.07142574722139777,,,,,,11.3,25,73081.3,73210.35,72872.05,72947.45,none,no_price_available
2026-09-03T08:18:37.635626+00:00,2026-09-03T13:48:37.635626+05:30,NIFTYNXT50,29-Sep-2026,77800.0,CE,72949.85,0.05,50,370,25,0.0,185.025,0,0,0,0,0,,,,,,,,,,,,,,,0.07142574722139777,73160,0.040274059016090775,0.009899999999999999,index_dividend_yield,0.065,11.3,25,73081.3,73210.35,72872.05,72947.45,mid_price,no_nse_iv
2026-09-03T08:18:37.635626+00:00,2026-09-03T13:48:37.635626+05:30,NIFTYNXT50,29-Sep-2026,77800.0,PE,72949.85,,0,5601.05,550,0.0,,0,0,0,0,0,,,,,,,,,,,,,,,0.07142574722139777,,,,,,11.3,25,73081.3,73210.35,72872.05,72947.45,none,no_price_available
2026-09-03T08:18:37.635626+00:00,2026-09-03T13:48:37.635626+05:30,NIFTYNXT50,29-Sep-2026,77900.0,CE,72949.85,0.05,50,370,25,0.0,185.025,0,0,0,0,0,,,,,,,,,,,,,,,0.07142574722139777,73160,0.040274059016090775,0.009899999999999999,index_dividend_yield,0.065,11.3,25,73081.3,73210.35,72872.05,72947.45,mid_price,no_nse_iv
2026-09-03T08:18:37.635626+00:00,2026-09-03T13:48:37.635626+05:30,NIFTYNXT50,29-Sep-2026,77900.0,PE,72949.85,,0,5701.15,550,0.0,,0,0,0,0,0,,,,,,,,,,,,,,,0.07142574722139777,,,,,,11.3,25,73081.3,73210.35,72872.05,72947.45,none,no_price_available
2026-09-03T08:18:37.635626+00:00,2026-09-03T13:48:37.635626+05:30,NIFTYNXT50,29-Sep-2026,78000.0,CE,72949.85,10,25,360,25,0.0,185.0,0,0,0,0,0,,,,,,,,,,,,,,,0.07142574722139777,73160,0.040274059016090775,0.009899999999999999,index_dividend_yield,0.065,11.3,25,73081.3,73210.35,72872.05,72947.45,mid_price,no_nse_iv
2026-09-03T08:18:37.635626+00:00,2026-09-03T13:48:37.635626+05:30,NIFTYNXT50,29-Sep-2026,78000.0,PE,72949.85,,0,5816.85,550,0.0,,0,0,0,0,0,,,,,,,,,,,,,,,0.07142574722139777,,,,,,11.3,25,73081.3,73210.35,72872.05,72947.45,none,no_price_available
2026-09-03T08:18:37.635626+00:00,2026-09-03T13:48:37.635626+05:30,NIFTYNXT50,29-Sep-2026,78100.0,CE,0,,0,,0,0.0,,0,0,0,0,0,,,,,,,,,,,,,,,0.07142574722139777,,,,,,11.3,25,73081.3,73210.35,72872.05,72947.45,none,no_price_available
2026-09-03T08:18:37.635626+00:00,2026-09-03T13:48:37.635626+05:30,NIFTYNXT50,29-Sep-2026,78100.0,PE,72949.85,,0,5899.3,550,0.0,,0,0,0,0,0,,,,,,,,,,,,,,,0.07142574722139777,,,,,,11.3,25,73081.3,73210.35,72872.05,72947.45,none,no_price_available
2026-09-03T08:18:37.635626+00:00,2026-09-03T13:48:37.635626+05:30,NIFTYNXT50,29-Sep-2026,78200.0,CE,0,,0,,0,0.0,,0,0,0,0,0,,,,,,,,,,,,,,,0.07142574722139777,,,,,,11.3,25,73081.3,73210.35,72872.05,72947.45,none,no_price_available
2026-09-03T08:18:37.635626+00:00,2026-09-03T13:48:37.635626+05:30,NIFTYNXT50,29-Sep-2026,78200.0,PE,72949.85,,0,6029.6,550,0.0,,0,0,0,0,0,,,,,,,,,,,,,,,0.07142574722139777,,,,,,11.3,25,73081.3,73210.35,72872.05,72947.45,none,no_price_available
2026-09-03T08:18:37.635626+00:00,2026-09-03T13:48:37.635626+05:30,NIFTYNXT50,29-Sep-2026,78300.0,CE,0,,0,,0,0.0,,0,0,0,0,0,,,,,,,,,,,,,,,0.07142574722139777,,,,,,11.3,25,73081.3,73210.35,72872.05,72947.45,none,no_price_available
2026-09-03T08:18:37.635626+00:00,2026-09-03T13:48:37.635626+05:30,NIFTYNXT50,29-Sep-2026,78300.0,PE,72949.85,,0,6127.05,550,0.0,,0,0,0,0,0,,,,,,,,,,,,,,,0.07142574722139777,,,,,,11.3,25,73081.3,73210.35,72872.05,72947.45,none,no_price_available
2026-09-03T08:18:37.635626+00:00,2026-09-03T13:48:37.635626+05:30,NIFTYNXT50,29-Sep-2026,78400.0,CE,0,,0,,0,0.0,,0,0,0,0,0,,,,,,,,,,,,,,,0.07142574722139777,,,,,,11.3,25,73081.3,73210.35,72872.05,72947.45,none,no_price_available
2026-09-03T08:18:37.635626+00:00,2026-09-03T13:48:37.635626+05:30,NIFTYNXT50,29-Sep-2026,78400.0,PE,72949.85,,0,6216.65,550,0.0,,0,0,0,0,0,,,,,,,,,,,,,,,0.07142574722139777,,,,,,11.3,25,73081.3,73210.35,72872.05,72947.45,none,no_price_available
2026-09-03T08:18:37.635626+00:00,2026-09-03T13:48:37.635626+05:30,NIFTYNXT50,29-Sep-2026,78500.0,CE,0,,0,,0,0.0,,0,0,0,0,0,,,,,,,,,,,,,,,0.07142574722139777,,,,,,11.3,25,73081.3,73210.35,72872.05,72947.45,none,no_price_available
2026-09-03T08:18:37.635626+00:00,2026-09-03T13:48:37.635626+05:30,NIFTYNXT50,29-Sep-2026,78500.0,PE,72949.85,,0,6337.15,550,0.0,,0,0,0,0,0,,,,,,,,,,,,,,,0.07142574722139777,,,,,,11.3,25,73081.3,73210.35,72872.05,72947.45,none,no_price_available
2026-09-03T08:18:37.635626+00:00,2026-09-03T13:48:37.635626+05:30,NIFTYNXT50,29-Sep-2026,78600.0,CE,0,,0,,0,0.0,,0,0,0,0,0,,,,,,,,,,,,,,,0.07142574722139777,,,,,,11.3,25,73081.3,73210.35,72872.05,72947.45,none,no_price_available
2026-09-03T08:18:37.635626+00:00,2026-09-03T13:48:37.635626+05:30,NIFTYNXT50,29-Sep-2026,78600.0,PE,72949.85,,0,6446.65,550,0.0,,0,0,0,0,0,,,,,,,,,,,,,,,0.07142574722139777,,,,,,11.3,25,73081.3,73210.35,72872.05,72947.45,none,no_price_available
2026-09-03T08:18:37.635626+00:00,2026-09-03T13:48:37.635626+05:30,NIFTYNXT50,29-Sep-2026,78700.0,CE,0,,0,,0,0.0,,0,0,0,0,0,,,,,,,,,,,,,,,0.07142574722139777,,,,,,11.3,25,73081.3,73210.35,72872.05,72947.45,none,no_price_available
2026-09-03T08:18:37.635626+00:00,2026-09-03T13:48:37.635626+05:30,NIFTYNXT50,29-Sep-2026,78700.0,PE,72949.85,,0,6550.5,550,0.0,,0,0,0,0,0,,,,,,,,,,,,,,,0.07142574722139777,,,,,,11.3,25,73081.3,73210.35,72872.05,72947.45,none,no_price_available
2026-09-03T08:18:37.635626+00:00,2026-09-03T13:48:37.635626+05:30,NIFTYNXT50,29-Sep-2026,78800.0,CE,0,,0,,0,0.0,,0,0,0,0,0,,,,,,,,,,,,,,,0.07142574722139777,,,,,,11.3,25,73081.3,73210.35,72872.05,72947.45,none,no_price_available
2026-09-03T08:18:37.635626+00:00,2026-09-03T13:48:37.635626+05:30,NIFTYNXT50,29-Sep-2026,78800.0,PE,72949.85,,0,6657.2,550,0.0,,0,0,0,0,0,,,,,,,,,,,,,,,0.07142574722139777,,,,,,11.3,25,73081.3,73210.35,72872.05,72947.45,none,no_price_available
2026-09-03T08:18:37.635626+00:00,2026-09-03T13:48:37.635626+05:30,NIFTYNXT50,29-Sep-2026,78900.0,CE,0,,0,,0,0.0,,0,0,0,0,0,,,,,,,,,,,,,,,0.07142574722139777,,,,,,11.3,25,73081.3,73210.35,72872.05,72947.45,none,no_price_available
2026-09-03T08:18:37.635626+00:00,2026-09-03T13:48:37.635626+05:30,NIFTYNXT50,29-Sep-2026,78900.0,PE,72949.85,,0,6763.9,550,0.0,,0,0,0,0,0,,,,,,,,,,,,,,,0.07142574722139777,,,,,,11.3,25,73081.3,73210.35,72872.05,72947.45,none,no_price_available
2026-09-03T08:18:37.635626+00:00,2026-09-03T13:48:37.635626+05:30,NIFTYNXT50,29-Sep-2026,79000.0,CE,0,,0,,0,0.0,,0,0,0,0,0,,,,,,,,,,,,,,,0.07142574722139777,,,,,,11.3,25,73081.3,73210.35,72872.05,72947.45,none,no_price_available
2026-09-03T08:18:37.635626+00:00,2026-09-03T13:48:37.635626+05:30,NIFTYNXT50,29-Sep-2026,79000.0,PE,72949.85,,0,6867.5,550,0.0,,0,0,0,0,0,,,,,,,,,,,,,,,0.07142574722139777,,,,,,11.3,25,73081.3,73210.35,72872.05,72947.45,none,no_price_available
2026-09-03T08:18:37.635626+00:00,2026-09-03T13:48:37.635626+05:30,NIFTYNXT50,29-Sep-2026,79100.0,CE,0,,0,,0,0.0,,0,0,0,0,0,,,,,,,,,,,,,,,0.07142574722139777,,,,,,11.3,25,73081.3,73210.35,72872.05,72947.45,none,no_price_available
2026-09-03T08:18:37.635626+00:00,2026-09-03T13:48:37.635626+05:30,NIFTYNXT50,29-Sep-2026,79100.0,PE,72949.85,,0,6975.5,550,0.0,,0,0,0,0,0,,,,,,,,,,,,,,,0.07142574722139777,,,,,,11.3,25,73081.3,73210.35,72872.05,72947.45,none,no_price_available
2026-09-03T08:18:37.635626+00:00,2026-09-03T13:48:37.635626+05:30,NIFTYNXT50,29-Sep-2026,79200.0,CE,0,,0,,0,0.0,,0,0,0,0,0,,,,,,,,,,,,,,,0.07142574722139777,,,,,,11.3,25,73081.3,73210.35,72872.05,72947.45,none,no_price_available
2026-09-03T08:18:37.635626+00:00,2026-09-03T13:48:37.635626+05:30,NIFTYNXT50,29-Sep-2026,79200.0,PE,72949.85,,0,7075.75,550,0.0,,0,0,0,0,0,,,,,,,,,,,,,,,0.07142574722139777,,,,,,11.3,25,73081.3,73210.35,72872.05,72947.45,none,no_price_available
2026-09-03T08:18:37.635626+00:00,2026-09-03T13:48:37.635626+05:30,NIFTYNXT50,29-Sep-2026,79300.0,CE,0,,0,,0,0.0,,0,0,0,0,0,,,,,,,,,,,,,,,0.07142574722139777,,,,,,11.3,25,73081.3,73210.35,72872.05,72947.45,none,no_price_available
2026-09-03T08:18:37.635626+00:00,2026-09-03T13:48:37.635626+05:30,NIFTYNXT50,29-Sep-2026,79300.0,PE,72949.85,,0,7193.85,550,0.0,,0,0,0,0,0,,,,,,,,,,,,,,,0.07142574722139777,,,,,,11.3,25,73081.3,73210.35,72872.05,72947.45,none,no_price_available
2026-09-03T08:18:37.635626+00:00,2026-09-03T13:48:37.635626+05:30,NIFTYNXT50,29-Sep-2026,79400.0,CE,0,,0,,0,0.0,,0,0,0,0,0,,,,,,,,,,,,,,,0.07142574722139777,,,,,,11.3,25,73081.3,73210.35,72872.05,72947.45,none,no_price_available
2026-09-03T08:18:37.635626+00:00,2026-09-03T13:48:37.635626+05:30,NIFTYNXT50,29-Sep-2026,79400.0,PE,72949.85,,0,7288.6,550,0.0,,0,0,0,0,0,,,,,,,,,,,,,,,0.07142574722139777,,,,,,11.3,25,73081.3,73210.35,72872.05,72947.45,none,no_price_available
2026-09-03T08:18:37.635626+00:00,2026-09-03T13:48:37.635626+05:30,NIFTYNXT50,29-Sep-2026,79500.0,CE,0,,0,,0,0.0,,0,0,0,0,0,,,,,,,,,,,,,,,0.07142574722139777,,,,,,11.3,25,73081.3,73210.35,72872.05,72947.45,none,no_price_available
2026-09-03T08:18:37.635626+00:00,2026-09-03T13:48:37.635626+05:30,NIFTYNXT50,29-Sep-2026,79500.0,PE,72949.85,,0,7408.2,550,0.0,,0,0,0,0,0,,,,,,,,,,,,,,,0.07142574722139777,,,,,,11.3,25,73081.3,73210.35,72872.05,72947.45,none,no_price_available
2026-09-03T08:18:37.635626+00:00,2026-09-03T13:48:37.635626+05:30,NIFTYNXT50,29-Sep-2026,79600.0,CE,0,,0,,0,0.0,,0,0,0,0,0,,,,,,,,,,,,,,,0.07142574722139777,,,,,,11.3,25,73081.3,73210.35,72872.05,72947.45,none,no_price_available
2026-09-03T08:18:37.635626+00:00,2026-09-03T13:48:37.635626+05:30,NIFTYNXT50,29-Sep-2026,79600.0,PE,72949.85,,0,7502.8,550,0.0,,0,0,0,0,0,,,,,,,,,,,,,,,0.07142574722139777,,,,,,11.3,25,73081.3,73210.35,72872.05,72947.45,none,no_price_available
2026-09-03T08:18:37.635626+00:00,2026-09-03T13:48:37.635626+05:30,NIFTYNXT50,29-Sep-2026,79700.0,CE,0,,0,,0,0.0,,0,0,0,0,0,,,,,,,,,,,,,,,0.07142574722139777,,,,,,11.3,25,73081.3,73210.35,72872.05,72947.45,none,no_price_available
2026-09-03T08:18:37.635626+00:00,2026-09-03T13:48:37.635626+05:30,NIFTYNXT50,29-Sep-2026,79700.0,PE,72949.85,,0,7621.55,550,0.0,,0,0,0,0,0,,,,,,,,,,,,,,,0.07142574722139777,,,,,,11.3,25,73081.3,73210.35,72872.05,72947.45,none,no_price_available
2026-09-03T08:18:37.635626+00:00,2026-09-03T13:48:37.635626+05:30,NIFTYNXT50,29-Sep-2026,79800.0,CE,0,,0,,0,0.0,,0,0,0,0,0,,,,,,,,,,,,,,,0.07142574722139777,,,,,,11.3,25,73081.3,73210.35,72872.05,72947.45,none,no_price_available
2026-09-03T08:18:37.635626+00:00,2026-09-03T13:48:37.635626+05:30,NIFTYNXT50,29-Sep-2026,79800.0,PE,72949.85,,0,7710.15,550,0.0,,0,0,0,0,0,,,,,,,,,,,,,,,0.07142574722139777,,,,,,11.3,25,73081.3,73210.35,72872.05,72947.45,none,no_price_available
2026-09-03T08:18:37.635626+00:00,2026-09-03T13:48:37.635626+05:30,NIFTYNXT50,29-Sep-2026,79900.0,CE,0,,0,,0,0.0,,0,0,0,0,0,,,,,,,,,,,,,,,0.07142574722139777,,,,,,11.3,25,73081.3,73210.35,72872.05,72947.45,none,no_price_available
2026-09-03T08:18:37.635626+00:00,2026-09-03T13:48:37.635626+05:30,NIFTYNXT50,29-Sep-2026,79900.0,PE,72949.85,,0,7816.35,550,0.0,,0,0,0,0,0,,,,,,,,,,,,,,,0.07142574722139777,,,,,,11.3,25,73081.3,73210.35,72872.05,72947.45,none,no_price_available
2026-09-03T08:18:37.635626+00:00,2026-09-03T13:48:37.635626+05:30,NIFTYNXT50,29-Sep-2026,80000.0,CE,0,,0,,0,0.0,,0,0,0,0,0,,,,,,,,,,,,,,,0.07142574722139777,,,,,,11.3,25,73081.3,73210.35,72872.05,72947.45,none,no_price_available
2026-09-03T08:18:37.635626+00:00,2026-09-03T13:48:37.635626+05:30,NIFTYNXT50,29-Sep-2026,80000.0,PE,72949.85,,0,7940.6,550,0.0,,0,0,0,0,0,,,,,,,,,,,,,,,0.07142574722139777,,,,,,11.3,25,73081.3,73210.35,72872.05,72947.45,none,no_price_available
2026-09-03T08:18:37.635626+00:00,2026-09-03T13:48:37.635626+05:30,NIFTYNXT50,29-Sep-2026,80100.0,CE,0,,0,,0,0.0,,0,0,0,0,0,,,,,,,,,,,,,,,0.07142574722139777,,,,,,11.3,25,73081.3,73210.35,72872.05,72947.45,none,no_price_available
2026-09-03T08:18:37.635626+00:00,2026-09-03T13:48:37.635626+05:30,NIFTYNXT50,29-Sep-2026,80100.0,PE,72949.85,,0,8067.55,550,0.0,,0,0,0,0,0,,,,,,,,,,,,,,,0.07142574722139777,,,,,,11.3,25,73081.3,73210.35,72872.05,72947.45,none,no_price_available
2026-09-03T08:18:37.635626+00:00,2026-09-03T13:48:37.635626+05:30,NIFTYNXT50,29-Sep-2026,80200.0,CE,0,,0,,0,0.0,,0,0,0,0,0,,,,,,,,,,,,,,,0.07142574722139777,,,,,,11.3,25,73081.3,73210.35,72872.05,72947.45,none,no_price_available
2026-09-03T08:18:37.635626+00:00,2026-09-03T13:48:37.635626+05:30,NIFTYNXT50,29-Sep-2026,80200.0,PE,72949.85,,0,8174,550,0.0,,0,0,0,0,0,,,,,,,,,,,,,,,0.07142574722139777,,,,,,11.3,25,73081.3,73210.35,72872.05,72947.45,none,no_price_available
2026-09-03T08:18:37.635626+00:00,2026-09-03T13:48:37.635626+05:30,NIFTYNXT50,29-Sep-2026,80300.0,CE,0,,0,,0,0.0,,0,0,0,0,0,,,,,,,,,,,,,,,0.07142574722139777,,,,,,11.3,25,73081.3,73210.35,72872.05,72947.45,none,no_price_available
2026-09-03T08:18:37.635626+00:00,2026-09-03T13:48:37.635626+05:30,NIFTYNXT50,29-Sep-2026,80300.0,PE,72949.85,,0,8242.75,550,0.0,,0,0,0,0,0,,,,,,,,,,,,,,,0.07142574722139777,,,,,,11.3,25,73081.3,73210.35,72872.05,72947.45,none,no_price_available
2026-09-03T08:18:37.635626+00:00,2026-09-03T13:48:37.635626+05:30,NIFTYNXT50,29-Sep-2026,80400.0,CE,0,,0,,0,0.0,,0,0,0,0,0,,,,,,,,,,,,,,,0.07142574722139777,,,,,,11.3,25,73081.3,73210.35,72872.05,72947.45,none,no_price_available
2026-09-03T08:18:37.635626+00:00,2026-09-03T13:48:37.635626+05:30,NIFTYNXT50,29-Sep-2026,80400.0,PE,72949.85,,0,8387.7,550,0.0,,0,0,0,0,0,,,,,,,,,,,,,,,0.07142574722139777,,,,,,11.3,25,73081.3,73210.35,72872.05,72947.45,none,no_price_available
2026-09-03T08:18:37.635626+00:00,2026-09-03T13:48:37.635626+05:30,NIFTYNXT50,29-Sep-2026,80500.0,CE,0,,0,,0,0.0,,0,0,0,0,0,,,,,,,,,,,,,,,0.07142574722139777,,,,,,11.3,25,73081.3,73210.35,72872.05,72947.45,none,no_price_available
2026-09-03T08:18:37.635626+00:00,2026-09-03T13:48:37.635626+05:30,NIFTYNXT50,29-Sep-2026,80500.0,PE,72949.85,,0,8487.75,550,0.0,,0,0,0,0,0,,,,,,,,,,,,,,,0.07142574722139777,,,,,,11.3,25,73081.3,73210.35,72872.05,72947.45,none,no_price_available
2026-09-03T08:18:37.635626+00:00,2026-09-03T13:48:37.635626+05:30,NIFTYNXT50,29-Sep-2026,80600.0,CE,0,,0,,0,0.0,,0,0,0,0,0,,,,,,,,,,,,,,,0.07142574722139777,,,,,,11.3,25,73081.3,73210.35,72872.05,72947.45,none,no_price_available
2026-09-03T08:18:37.635626+00:00,2026-09-03T13:48:37.635626+05:30,NIFTYNXT50,29-Sep-2026,80600.0,PE,72949.85,,0,8570.15,550,0.0,,0,0,0,0,0,,,,,,,,,,,,,,,0.07142574722139777,,,,,,11.3,25,73081.3,73210.35,72872.05,72947.45,none,no_price_available
2026-09-03T08:18:37.635626+00:00,2026-09-03T13:48:37.635626+05:30,NIFTYNXT50,29-Sep-2026,80700.0,CE,0,,0,,0,0.0,,0,0,0,0,0,,,,,,,,,,,,,,,0.07142574722139777,,,,,,11.3,25,73081.3,73210.35,72872.05,72947.45,none,no_price_available
2026-09-03T08:18:37.635626+00:00,2026-09-03T13:48:37.635626+05:30,NIFTYNXT50,29-Sep-2026,80700.0,PE,72949.85,,0,8680.6,550,0.0,,0,0,0,0,0,,,,,,,,,,,,,,,0.07142574722139777,,,,,,11.3,25,73081.3,73210.35,72872.05,72947.45,none,no_price_available
2026-09-03T08:18:37.635626+00:00,2026-09-03T13:48:37.635626+05:30,NIFTYNXT50,29-Sep-2026,80800.0,CE,0,,0,,0,0.0,,0,0,0,0,0,,,,,,,,,,,,,,,0.07142574722139777,,,,,,11.3,25,73081.3,73210.35,72872.05,72947.45,none,no_price_available
2026-09-03T08:18:37.635626+00:00,2026-09-03T13:48:37.635626+05:30,NIFTYNXT50,29-Sep-2026,80800.0,PE,72949.85,,0,8801.3,550,0.0,,0,0,0,0,0,,,,,,,,,,,,,,,0.07142574722139777,,,,,,11.3,25,73081.3,73210.35,72872.05,72947.45,none,no_price_available
2026-09-03T08:18:37.635626+00:00,2026-09-03T13:48:37.635626+05:30,NIFTYNXT50,29-Sep-2026,80900.0,CE,0,,0,,0,0.0,,0,0,0,0,0,,,,,,,,,,,,,,,0.07142574722139777,,,,,,11.3,25,73081.3,73210.35,72872.05,72947.45,none,no_price_available
2026-09-03T08:18:37.635626+00:00,2026-09-03T13:48:37.635626+05:30,NIFTYNXT50,29-Sep-2026,80900.0,PE,72949.85,,0,8908,550,0.0,,0,0,0,0,0,,,,,,,,,,,,,,,0.07142574722139777,,,,,,11.3,25,73081.3,73210.35,72872.05,72947.45,none,no_price_available
2026-09-03T08:18:37.635626+00:00,2026-09-03T13:48:37.635626+05:30,NIFTYNXT50,29-Sep-2026,81000.0,CE,0,,0,,0,0.0,,0,0,0,0,0,,,,,,,,,,,,,,,0.07142574722139777,,,,,,11.3,25,73081.3,73210.35,72872.05,72947.45,none,no_price_available
2026-09-03T08:18:37.635626+00:00,2026-09-03T13:48:37.635626+05:30,NIFTYNXT50,29-Sep-2026,81000.0,PE,72949.85,,0,9008.4,550,0.0,,0,0,0,0,0,,,,,,,,,,,,,,,0.07142574722139777,,,,,,11.3,25,73081.3,73210.35,72872.05,72947.45,none,no_price_available
2026-09-03T08:18:37.635626+00:00,2026-09-03T13:48:37.635626+05:30,NIFTYNXT50,29-Sep-2026,81500.0,CE,0,,0,,0,0.0,,0,0,0,0,0,,,,,,,,,,,,,,,0.07142574722139777,,,,,,11.3,25,73081.3,73210.35,72872.05,72947.45,none,no_price_available
2026-09-03T08:18:37.635626+00:00,2026-09-03T13:48:37.635626+05:30,NIFTYNXT50,29-Sep-2026,81500.0,PE,72949.85,,0,9540.8,550,0.0,,0,0,0,0,0,,,,,,,,,,,,,,,0.07142574722139777,,,,,,11.3,25,73081.3,73210.35,72872.05,72947.45,none,no_price_available
2026-09-03T08:18:37.635626+00:00,2026-09-03T13:48:37.635626+05:30,NIFTYNXT50,29-Sep-2026,82000.0,CE,72949.85,,0,99,25,0.0,,0,0,0,0,0,,,,,,,,,,,,,,,0.07142574722139777,,,,,,11.3,25,73081.3,73210.35,72872.05,72947.45,none,no_price_available
2026-09-03T08:18:37.635626+00:00,2026-09-03T13:48:37.635626+05:30,NIFTYNXT50,29-Sep-2026,82000.0,PE,72949.85,,0,10101.35,550,0.0,,0,0,0,0,0,,,,,,,,,,,,,,,0.07142574722139777,,,,,,11.3,25,73081.3,73210.35,72872.05,72947.45,none,no_price_available
2026-09-03T08:18:37.635626+00:00,2026-09-03T13:48:37.635626+05:30,NIFTYNXT50,29-Sep-2026,82500.0,CE,0,,0,,0,0.0,,0,0,0,0,0,,,,,,,,,,,,,,,0.07142574722139777,,,,,,11.3,25,73081.3,73210.35,72872.05,72947.45,none,no_price_available
2026-09-03T08:18:37.635626+00:00,2026-09-03T13:48:37.635626+05:30,NIFTYNXT50,29-Sep-2026,82500.0,PE,72949.85,,0,10534.3,550,0.0,,0,0,0,0,0,,,,,,,,,,,,,,,0.07142574722139777,,,,,,11.3,25,73081.3,73210.35,72872.05,72947.45,none,no_price_available
2026-09-03T08:18:37.635626+00:00,2026-09-03T13:48:37.635626+05:30,NIFTYNXT50,29-Sep-2026,83000.0,CE,72949.85,,0,55,100,0.0,,0,0,0,0,0,,,,,,,,,,,,,,,0.07142574722139777,,,,,,11.3,25,73081.3,73210.35,72872.05,72947.45,none,no_price_available
2026-09-03T08:18:37.635626+00:00,2026-09-03T13:48:37.635626+05:30,NIFTYNXT50,29-Sep-2026,83000.0,PE,72949.85,,0,11171.95,550,0.0,,0,0,0,0,0,,,,,,,,,,,,,,,0.07142574722139777,,,,,,11.3,25,73081.3,73210.35,72872.05,72947.45,none,no_price_available
2026-09-03T08:18:37.635626+00:00,2026-09-03T13:48:37.635626+05:30,NIFTYNXT50,29-Sep-2026,83500.0,CE,0,,0,,0,0.0,,0,0,0,0,0,,,,,,,,,,,,,,,0.07142574722139777,,,,,,11.3,25,73081.3,73210.35,72872.05,72947.45,none,no_price_available
2026-09-03T08:18:37.635626+00:00,2026-09-03T13:48:37.635626+05:30,NIFTYNXT50,29-Sep-2026,83500.0,PE,72949.85,,0,11703.7,550,0.0,,0,0,0,0,0,,,,,,,,,,,,,,,0.07142574722139777,,,,,,11.3,25,73081.3,73210.35,72872.05,72947.45,none,no_price_available
2026-09-03T08:18:37.635626+00:00,2026-09-03T13:48:37.635626+05:30,NIFTYNXT50,29-Sep-2026,84000.0,CE,0,,0,,0,0.0,,0,0,0,0,0,,,,,,,,,,,,,,,0.07142574722139777,,,,,,11.3,25,73081.3,73210.35,72872.05,72947.45,none,no_price_available
2026-09-03T08:18:37.635626+00:00,2026-09-03T13:48:37.635626+05:30,NIFTYNXT50,29-Sep-2026,84000.0,PE,72949.85,,0,12125.9,550,0.0,,0,0,0,0,0,,,,,,,,,,,,,,,0.07142574722139777,,,,,,11.3,25,73081.3,73210.35,72872.05,72947.45,none,no_price_available
2026-09-03T08:18:37.635626+00:00,2026-09-03T13:48:37.635626+05:30,NIFTYNXT50,29-Sep-2026,84500.0,CE,0,,0,,0,0.0,,0,0,0,0,0,,,,,,,,,,,,,,,0.07142574722139777,,,,,,11.3,25,73081.3,73210.35,72872.05,72947.45,none,no_price_available
2026-09-03T08:18:37.635626+00:00,2026-09-03T13:48:37.635626+05:30,NIFTYNXT50,29-Sep-2026,84500.0,PE,72949.85,,0,12718.2,550,0.0,,0,0,0,0,0,,,,,,,,,,,,,,,0.07142574722139777,,,,,,11.3,25,73081.3,73210.35,72872.05,72947.45,none,no_price_available
2026-09-03T08:18:37.635626+00:00,2026-09-03T13:48:37.635626+05:30,NIFTYNXT50,29-Sep-2026,85000.0,CE,0,,0,,0,0.0,,0,0,0,0,0,,,,,,,,,,,,,,,0.07142574722139777,,,,,,11.3,25,73081.3,73210.35,72872.05,72947.45,none,no_price_available
2026-09-03T08:18:37.635626+00:00,2026-09-03T13:48:37.635626+05:30,NIFTYNXT50,29-Sep-2026,85000.0,PE,72949.85,,0,13245.3,550,0.0,,0,0,0,0,0,,,,,,,,,,,,,,,0.07142574722139777,,,,,,11.3,25,73081.3,73210.35,72872.05,72947.45,none,no_price_available
2026-09-03T08:24:30.301834+00:00,2026-09-03T13:54:30.301834+05:30,NIFTYNXT50,29-Sep-2026,61000.0,CE,72952.75,10327.3,550,13881.85,550,0.0,12104.575,0,0,0,0,0,,,,,,,,,,,,,,,0.07141456424930238,73286.2,0.06385745695837178,0.009899999999999999,index_dividend_yield,0.065,11.25,25,73081.3,73210.35,72872.05,72947.45,mid_price,no_nse_iv
2026-09-03T08:24:30.301834+00:00,2026-09-03T13:54:30.301834+05:30,NIFTYNXT50,29-Sep-2026,61000.0,PE,0,,0,,0,0.0,,0,0,0,0,0,,,,,,,,,,,,,,,0.07141456424930238,,,,,,11.25,25,73081.3,73210.35,72872.05,72947.45,none,no_price_available
2026-09-03T08:24:30.301834+00:00,2026-09-03T13:54:30.301834+05:30,NIFTYNXT50,29-Sep-2026,61500.0,CE,72952.75,9889.75,550,13357,550,0.0,11623.375,0,0,0,0,0,,,,,,,,,,,,,,,0.07141456424930238,73286.2,0.06385745695837178,0.009899999999999999,index_dividend_yield,0.065,11.25,25,73081.3,73210.35,72872.05,72947.45,mid_price,no_nse_iv
2026-09-03T08:24:30.301834+00:00,2026-09-03T13:54:30.301834+05:30,NIFTYNXT50,29-Sep-2026,61500.0,PE,0,,0,,0,0.0,,0,0,0,0,0,,,,,,,,,,,,,,,0.07141456424930238,,,,,,11.25,25,73081.3,73210.35,72872.05,72947.45,none,no_price_available
2026-09-03T08:24:30.301834+00:00,2026-09-03T13:54:30.301834+05:30,NIFTYNXT50,29-Sep-2026,62000.0,CE,72952.75,9453.3,550,12824.7,550,0.0,11139.0,0,0,0,0,0,,,,,,,,,,,,,,,0.07141456424930238,73286.2,0.06385745695837178,0.009899999999999999,index_dividend_yield,0.065,11.25,25,73081.3,73210.35,72872.05,72947.45,mid_price,no_nse_iv
2026-09-03T08:24:30.301834+00:00,2026-09-03T13:54:30.301834+05:30,NIFTYNXT50,29-Sep-2026,62000.0,PE,0,,0,,0,0.0,,0,0,0,0,0,,,,,,,,,,,,,,,0.07141456424930238,,,,,,11.25,25,73081.3,73210.35,72872.05,72947.45,none,no_price_available
2026-09-03T08:24:30.301834+00:00,2026-09-03T13:54:30.301834+05:30,NIFTYNXT50,29-Sep-2026,62500.0,CE,72952.75,9016.75,550,12231.75,550,0.0,10624.25,0,0,0,0,0,,,,,,,,,,,,,,,0.07141456424930238,73286.2,0.06385745695837178,0.009899999999999999,index_dividend_yield,0.065,11.25,25,73081.3,73210.35,72872.05,72947.45,mid_price,no_nse_iv
2026-09-03T08:24:30.301834+00:00,2026-09-03T13:54:30.301834+05:30,NIFTYNXT50,29-Sep-2026,62500.0,PE,0,,0,,0,0.0,,0,0,0,0,0,,,,,,,,,,,,,,,0.07141456424930238,,,,,,11.25,25,73081.3,73210.35,72872.05,72947.45,none,no_price_available
2026-09-03T08:24:30.301834+00:00,2026-09-03T13:54:30.301834+05:30,NIFTYNXT50,29-Sep-2026,63000.0,CE,72952.75,8579.3,550,11698.35,550,0.0,10138.825,0,0,0,0,0,,,,,,,,,,,,,,,0.07141456424930238,73286.2,0.06385745695837178,0.009899999999999999,index_dividend_yield,0.065,11.25,25,73081.3,73210.35,72872.05,72947.45,mid_price,no_nse_iv
2026-09-03T08:24:30.301834+00:00,2026-09-03T13:54:30.301834+05:30,NIFTYNXT50,29-Sep-2026,63000.0,PE,0,,0,,0,0.0,,0,0,0,0,0,,,,,,,,,,,,,,,0.07141456424930238,,,,,,11.25,25,73081.3,73210.35,72872.05,72947.45,none,no_price_available
2026-09-03T08:24:30.301834+00:00,2026-09-03T13:54:30.301834+05:30,NIFTYNXT50,29-Sep-2026,63500.0,CE,72952.75,8142.3,550,11164.95,550,0.0,9653.625,0,0,0,0,0,,,,,,,,,,,,,,,0.07141456424930238,73286.2,0.06385745695837178,0.009899999999999999,index_dividend_yield,0.065,11.25,25,73081.3,73210.35,72872.05,72947.45,mid_price,no_nse_iv
2026-09-03T08:24:30.301834+00:00,2026-09-03T13:54:30.301834+05:30,NIFTYNXT50,29-Sep-2026,63500.0,PE,0,,0,,0,0.0,,0,0,0,0,0,,,,,,,,,,,,,,,0.07141456424930238,,,,,,11.25,25,73081.3,73210.35,72872.05,72947.45,none,no_price_available
2026-09-03T08:24:30.301834+00:00,2026-09-03T13:54:30.301834+05:30,NIFTYNXT50,29-Sep-2026,64000.0,CE,72952.75,7705.75,550,10631.55,550,0.0,9168.65,0,0,0,0,0,,,,,,,,,,,,,,,0.07141456424930238,73286.2,0.06385745695837178,0.009899999999999999,index_dividend_yield,0.065,11.25,25,73081.3,73210.35,72872.05,72947.45,mid_price,no_nse_iv
2026-09-03T08:24:30.301834+00:00,2026-09-03T13:54:30.301834+05:30,NIFTYNXT50,29-Sep-2026,64000.0,PE,0,,0,,0,0.0,,0,0,0,0,0,,,,,,,,,,,,,,,0.07141456424930238,,,,,,11.25,25,73081.3,73210.35,72872.05,72947.45,none,no_price_available
2026-09-03T08:24:30.301834+00:00,2026-09-03T13:54:30.301834+05:30,NIFTYNXT50,29-Sep-2026,64100.0,CE,72952.75,7617.35,550,10524.85,550,0.0,9071.1,0,0,0,0,0,,,,,,,,,,,,,,,0.07141456424930238,73286.2,0.06385745695837178,0.009899999999999999,index_dividend_yield,0.065,11.25,25,73081.3,73210.35,72872.05,72947.45,mid_price,no_nse_iv
2026-09-03T08:24:30.301834+00:00,2026-09-03T13:54:30.301834+05:30,NIFTYNXT50,29-Sep-2026,64100.0,PE,0,,0,,0,0.0,,0,0,0,0,0,,,,,,,,,,,,,,,0.07141456424930238,,,,,,11.25,25,73081.3,73210.35,72872.05,72947.45,none,no_price_available
2026-09-03T08:24:30.301834+00:00,2026-09-03T13:54:30.301834+05:30,NIFTYNXT50,29-Sep-2026,64200.0,CE,72952.75,7530.5,550,10418.2,550,0.0,8974.35,0,0,0,0,0,,,,,,,,,,,,,,,0.07141456424930238,73286.2,0.06385745695837178,0.009899999999999999,index_dividend_yield,0.065,11.25,25,73081.3,73210.35,72872.05,72947.45,mid_price,no_nse_iv
2026-09-03T08:24:30.301834+00:00,2026-09-03T13:54:30.301834+05:30,NIFTYNXT50,29-Sep-2026,64200.0,PE,72952.75,,0,36.85,25,0.0,,0,0,0,0,0,,,,,,,,,,,,,,,0.07141456424930238,,,,,,11.25,25,73081.3,73210.35,72872.05,72947.45,none,no_price_available
2026-09-03T08:24:30.301834+00:00,2026-09-03T13:54:30.301834+05:30,NIFTYNXT50,29-Sep-2026,64300.0,CE,72952.75,7442.55,550,10311.5,550,0.0,8877.025,0,0,0,0,0,,,,,,,,,,,,,,,0.07141456424930238,73286.2,0.06385745695837178,0.009899999999999999,index_dividend_yield,0.065,11.25,25,73081.3,73210.35,72872.05,72947.45,mid_price,no_nse_iv
2026-09-03T08:24:30.301834+00:00,2026-09-03T13:54:30.301834+05:30,NIFTYNXT50,29-Sep-2026,64300.0,PE,0,,0,,0,0.0,,0,0,0,0,0,,,,,,,,,,,,,,,0.07141456424930238,,,,,,11.25,25,73081.3,73210.35,72872.05,72947.45,none,no_price_available
2026-09-03T08:24:30.301834+00:00,2026-09-03T13:54:30.301834+05:30,NIFTYNXT50,29-Sep-2026,64400.0,CE,72952.75,7355.15,550,10204.8,550,0.0,8779.974999999999,0,0,0,0,0,,,,,,,,,,,,,,,0.07141456424930238,73286.2,0.06385745695837178,0.009899999999999999,index_dividend_yield,0.065,11.25,25,73081.3,73210.35,72872.05,72947.45,mid_price,no_nse_iv
2026-09-03T08:24:30.301834+00:00,2026-09-03T13:54:30.301834+05:30,NIFTYNXT50,29-Sep-2026,64400.0,PE,0,,0,,0,0.0,,0,0,0,0,0,,,,,,,,,,,,,,,0.07141456424930238,,,,,,11.25,25,73081.3,73210.35,72872.05,72947.45,none,no_price_available
2026-09-03T08:24:30.301834+00:00,2026-09-03T13:54:30.301834+05:30,NIFTYNXT50,29-Sep-2026,64500.0,CE,72952.75,7268.75,550,10098.15,550,0.0,8683.45,0,0,0,0,0,,,,,,,,,,,,,,,0.07141456424930238,73286.2,0.06385745695837178,0.009899999999999999,index_dividend_yield,0.065,11.25,25,73081.3,73210.35,72872.05,72947.45,mid_price,no_nse_iv
2026-09-03T08:24:30.301834+00:00,2026-09-03T13:54:30.301834+05:30,NIFTYNXT50,29-Sep-2026,64500.0,PE,72952.75,,0,46,25,0.0,,0,0,0,0,0,,,,,,,,,,,,,,,0.07141456424930238,,,,,,11.25,25,73081.3,73210.35,72872.05,72947.45,none,no_price_available
2026-09-03T08:24:30.301834+00:00,2026-09-03T13:54:30.301834+05:30,NIFTYNXT50,29-Sep-2026,64600.0,CE,72952.75,7180.9,550,9991.45,550,0.0,8586.175,0,0,0,0,0,,,,,,,,,,,,,,,0.07141456424930238,73286.2,0.06385745695837178,0.009899999999999999,index_dividend_yield,0.065,11.25,25,73081.3,73210.35,72872.05,72947.45,mid_price,no_nse_iv
2026-09-03T08:24:30.301834+00:00,2026-09-03T13:54:30.301834+05:30,NIFTYNXT50,29-Sep-2026,64600.0,PE,0,,0,,0,0.0,,0,0,0,0,0,,,,,,,,,,,,,,,0.07141456424930238,,,,,,11.25,25,73081.3,73210.35,72872.05,72947.45,none,no_price_available
2026-09-03T08:24:30.301834+00:00,2026-09-03T13:54:30.301834+05:30,NIFTYNXT50,29-Sep-2026,64700.0,CE,72952.75,7093.5,550,9884.8,550,0.0,8489.15,0,0,0,0,0,,,,,,,,,,,,,,,0.07141456424930238,73286.2,0.06385745695837178,0.009899999999999999,index_dividend_yield,0.065,11.25,25,73081.3,73210.35,72872.05,72947.45,mid_price,no_nse_iv
2026-09-03T08:24:30.301834+00:00,2026-09-03T13:54:30.301834+05:30,NIFTYNXT50,29-Sep-2026,64700.0,PE,0,,0,,0,0.0,,0,0,0,0,0,,,,,,,,,,,,,,,0.07141456424930238,,,,,,11.25,25,73081.3,73210.35,72872.05,72947.45,none,no_price_available
2026-09-03T08:24:30.301834+00:00,2026-09-03T13:54:30.301834+05:30,NIFTYNXT50,29-Sep-2026,64800.0,CE,72952.75,7006.1,550,9778.1,550,0.0,8392.1,0,0,0,0,0,,,,,,,,,,,,,,,0.07141456424930238,73286.2,0.06385745695837178,0.009899999999999999,index_dividend_yield,0.065,11.25,25,73081.3,73210.35,72872.05,72947.45,mid_price,no_nse_iv
2026-09-03T08:24:30.301834+00:00,2026-09-03T13:54:30.301834+05:30,NIFTYNXT50,29-Sep-2026,64800.0,PE,0,,0,,0,0.0,,0,0,0,0,0,,,,,,,,,,,,,,,0.07141456424930238,,,,,,11.25,25,73081.3,73210.35,72872.05,72947.45,none,no_price_available
2026-09-03T08:24:30.301834+00:00,2026-09-03T13:54:30.301834+05:30,NIFTYNXT50,29-Sep-2026,64900.0,CE,72952.75,6919.15,550,9671.4,550,0.0,8295.275,0,0,0,0,0,,,,,,,,,,,,,,,0.07141456424930238,73286.2,0.06385745695837178,0.009899999999999999,index_dividend_yield,0.065,11.25,25,73081.3,73210.35,72872.05,72947.45,mid_price,no_nse_iv
2026-09-03T08:24:30.301834+00:00,2026-09-03T13:54:30.301834+05:30,NIFTYNXT50,29-Sep-2026,64900.0,PE,0,,0,,0,0.0,,0,0,0,0,0,,,,,,,,,,,,,,,0.07141456424930238,,,,,,11.25,25,73081.3,73210.35,72872.05,72947.45,none,no_price_available
2026-09-03T08:24:30.301834+00:00,2026-09-03T13:54:30.301834+05:30,NIFTYNXT50,29-Sep-2026,65000.0,CE,72952.75,6830.75,550,9564.75,550,0.0,8197.75,0,0,0,0,0,,,,,,,,,,,,,,,0.07141456424930238,73286.2,0.06385745695837178,0.009899999999999999,index_dividend_yield,0.065,11.25,25,73081.3,73210.35,72872.05,72947.45,mid_price,no_nse_iv
2026-09-03T08:24:30.301834+00:00,2026-09-03T13:54:30.301834+05:30,NIFTYNXT50,29-Sep-2026,65000.0,PE,72952.75,0.05,25,65.5,25,0.0,32.775,0,0,0,0,0,,,,,,,,,,,,,,,0.07141456424930238,73286.2,0.06385745695837178,0.009899999999999999,index_dividend_yield,0.065,11.25,25,73081.3,73210.35,72872.05,72947.45,mid_price,no_nse_iv
2026-09-03T08:24:30.301834+00:00,2026-09-03T13:54:30.301834+05:30,NIFTYNXT50,29-Sep-2026,65100.0,CE,72952.75,6744.35,550,9458.05,550,0.0,8101.2,0,0,0,0,0,,,,,,,,,,,,,,,0.07141456424930238,73286.2,0.06385745695837178,0.009899999999999999,index_dividend_yield,0.065,11.25,25,73081.3,73210.35,72872.05,72947.45,mid_price,no_nse_iv
2026-09-03T08:24:30.301834+00:00,2026-09-03T13:54:30.301834+05:30,NIFTYNXT50,29-Sep-2026,65100.0,PE,0,,0,,0,0.0,,0,0,0,0,0,,,,,,,,,,,,,,,0.07141456424930238,,,,,,11.25,25,73081.3,73210.35,72872.05,72947.45,none,no_price_available
2026-09-03T08:24:30.301834+00:00,2026-09-03T13:54:30.301834+05:30,NIFTYNXT50,29-Sep-2026,65200.0,CE,72952.75,6656.95,550,9351.4,550,0.0,8004.174999999999,0,0,0,0,0,,,,,,,,,,,,,,,0.07141456424930238,73286.2,0.06385745695837178,0.009899999999999999,index_dividend_yield,0.065,11.25,25,73081.3,73210.35,72872.05,72947.45,mid_price,no_nse_iv
2026-09-03T08:24:30.301834+00:00,2026-09-03T13:54:30.301834+05:30,NIFTYNXT50,29-Sep-2026,65200.0,PE,0,,0,,0,0.0,,0,0,0,0,0,,,,,,,,,,,,,,,0.07141456424930238,,,,,,11.25,25,73081.3,73210.35,72872.05,72947.45,none,no_price_available
2026-09-03T08:24:30.301834+00:00,2026-09-03T13:54:30.301834+05:30,NIFTYNXT50,29-Sep-2026,65300.0,CE,72952.75,6568.55,550,9244.7,550,0.0,7906.625,0,0,0,0,0,,,,,,,,,,,,,,,0.07141456424930238,73286.2,0.06385745695837178,0.009899999999999999,index_dividend_yield,0.065,11.25,25,73081.3,73210.35,72872.05,72947.45,mid_price,no_nse_iv
2026-09-03T08:24:30.301834+00:00,2026-09-03T13:54:30.301834+05:30,NIFTYNXT50,29-Sep-2026,65300.0,PE,0,,0,,0,0.0,,0,0,0,0,0,,,,,,,,,,,,,,,0.07141456424930238,,,,,,11.25,25,73081.3,73210.35,72872.05,72947.45,none,no_price_available
2026-09-03T08:24:30.301834+00:00,2026-09-03T13:54:30.301834+05:30,NIFTYNXT50,29-Sep-2026,65400.0,CE,72952.75,6482.15,550,9138,550,0.0,7810.075,0,0,0,0,0,,,,,,,,,,,,,,,0.07141456424930238,73286.2,0.06385745695837178,0.009899999999999999,index_dividend_yield,0.065,11.25,25,73081.3,73210.35,72872.05,72947.45,mid_price,no_nse_iv
2026-09-03T08:24:30.301834+00:00,2026-09-03T13:54:30.301834+05:30,NIFTYNXT50,29-Sep-2026,65400.0,PE,0,,0,,0,0.0,,0,0,0,0,0,,,,,,,,,,,,,,,0.07141456424930238,,,,,,11.25,25,73081.3,73210.35,72872.05,72947.45,none,no_price_available
2026-09-03T08:24:30.301834+00:00,2026-09-03T13:54:30.301834+05:30,NIFTYNXT50,29-Sep-2026,65500.0,CE,72952.75,6394.3,550,9031.35,550,0.0,7712.825000000001,0,0,0,0,0,,,,,,,,,,,,,,,0.07141456424930238,73286.2,0.06385745695837178,0.009899999999999999,index_dividend_yield,0.065,11.25,25,73081.3,73210.35,72872.05,72947.45,mid_price,no_nse_iv
2026-09-03T08:24:30.301834+00:00,2026-09-03T13:54:30.301834+05:30,NIFTYNXT50,29-Sep-2026,65500.0,PE,0,,0,,0,0.0,,0,0,0,0,0,,,,,,,,,,,,,,,0.07141456424930238,,,,,,11.25,25,73081.3,73210.35,72872.05,72947.45,none,no_price_available
2026-09-03T08:24:30.301834+00:00,2026-09-03T13:54:30.301834+05:30,NIFTYNXT50,29-Sep-2026,65600.0,CE,72952.75,6311.05,550,8924.65,550,0.0,7617.85,0,0,0,0,0,,,,,,,,,,,,,,,0.07141456424930238,73286.2,0.06385745695837178,0.009899999999999999,index_dividend_yield,0.065,11.25,25,73081.3,73210.35,72872.05,72947.45,mid_price,no_nse_iv
2026-09-03T08:24:30.301834+00:00,2026-09-03T13:54:30.301834+05:30,NIFTYNXT50,29-Sep-2026,65600.0,PE,0,,0,,0,0.0,,0,0,0,0,0,,,,,,,,,,,,,,,0.07141456424930238,,,,,,11.25,25,73081.3,73210.35,72872.05,72947.45,none,no_price_available
2026-09-03T08:24:30.301834+00:00,2026-09-03T13:54:30.301834+05:30,NIFTYNXT50,29-Sep-2026,65700.0,CE,72952.75,6225,550,8818,550,0.0,7521.5,0,0,0,0,0,,,,,,,,,,,,,,,0.07141456424930238,73286.2,0.06385745695837178,0.009899999999999999,index_dividend_yield,0.065,11.25,25,73081.3,73210.35,72872.05,72947.45,mid_price,no_nse_iv
2026-09-03T08:24:30.301834+00:00,2026-09-03T13:54:30.301834+05:30,NIFTYNXT50,29-Sep-2026,65700.0,PE,0,,0,,0,0.0,,0,0,0,0,0,,,,,,,,,,,,,,,0.07141456424930238,,,,,,11.25,25,73081.3,73210.35,72872.05,72947.45,none,no_price_available
2026-09-03T08:24:30.301834+00:00,2026-09-03T13:54:30.301834+05:30,NIFTYNXT50,29-Sep-2026,65800.0,CE,72952.75,6136.35,550,8711.3,550,0.0,7423.825,0,0,0,0,0,,,,,,,,,,,,,,,0.07141456424930238,73286.2,0.06385745695837178,0.009899999999999999,index_dividend_yield,0.065,11.25,25,73081.3,73210.35,72872.05,72947.45,mid_price,no_nse_iv
2026-09-03T08:24:30.301834+00:00,2026-09-03T13:54:30.301834+05:30,NIFTYNXT50,29-Sep-2026,65800.0,PE,0,,0,,0,0.0,,0,0,0,0,0,,,,,,,,,,,,,,,0.07141456424930238,,,,,,11.25,25,73081.3,73210.35,72872.05,72947.45,none,no_price_available
2026-09-03T08:24:30.301834+00:00,2026-09-03T13:54:30.301834+05:30,NIFTYNXT50,29-Sep-2026,65900.0,CE,72952.75,6050.1,550,8604.6,550,0.0,7327.35,0,0,0,0,0,,,,,,,,,,,,,,,0.07141456424930238,73286.2,0.06385745695837178,0.009899999999999999,index_dividend_yield,0.065,11.25,25,73081.3,73210.35,72872.05,72947.45,mid_price,no_nse_iv
2026-09-03T08:24:30.301834+00:00,2026-09-03T13:54:30.301834+05:30,NIFTYNXT50,29-Sep-2026,65900.0,PE,0,,0,,0,0.0,,0,0,0,0,0,,,,,,,,,,,,,,,0.07141456424930238,,,,,,11.25,25,73081.3,73210.35,72872.05,72947.45,none,no_price_available
2026-09-03T08:24:30.301834+00:00,2026-09-03T13:54:30.301834+05:30,NIFTYNXT50,29-Sep-2026,66000.0,CE,72952.75,5962.8,550,8497.95,550,0.0,7230.375,0,0,0,0,0,,,,,,,,,,,,,,,0.07141456424930238,73286.2,0.06385745695837178,0.009899999999999999,index_dividend_yield,0.065,11.25,25,73081.3,73210.35,72872.05,72947.45,mid_price,no_nse_iv
2026-09-03T08:24:30.301834+00:00,2026-09-03T13:54:30.301834+05:30,NIFTYNXT50,29-Sep-2026,66000.0,PE,0,,0,,0,0.0,,0,0,0,0,0,,,,,,,,,,,,,,,0.07141456424930238,,,,,,11.25,25,73081.3,73210.35,72872.05,72947.45,none,no_price_available
2026-09-03T08:24:30.301834+00:00,2026-09-03T13:54:30.301834+05:30,NIFTYNXT50,29-Sep-2026,66100.0,CE,72952.75,5874,550,8391.25,550,0.0,7132.625,0,0,0,0,0,,,,,,,,,,,,,,,0.07141456424930238,73286.2,0.06385745695837178,0.009899999999999999,index_dividend_yield,0.065,11.25,25,73081.3,73210.35,72872.05,72947.45,mid_price,no_nse_iv
2026-09-03T08:24:30.301834+00:00,2026-09-03T13:54:30.301834+05:30,NIFTYNXT50,29-Sep-2026,66100.0,PE,0,,0,,0,0.0,,0,0,0,0,0,,,,,,,,,,,,,,,0.07141456424930238,,,,,,11.25,25,73081.3,73210.35,72872.05,72947.45,none,no_price_available
2026-09-03T08:24:30.301834+00:00,2026-09-03T13:54:30.301834+05:30,NIFTYNXT50,29-Sep-2026,66200.0,CE,72952.75,5788,550,8284.6,550,0.0,7036.3,0,0,0,0,0,,,,,,,,,,,,,,,0.07141456424930238,73286.2,0.06385745695837178,0.009899999999999999,index_dividend_yield,0.065,11.25,25,73081.3,73210.35,72872.05,72947.45,mid_price,no_nse_iv
2026-09-03T08:24:30.301834+00:00,2026-09-03T13:54:30.301834+05:30,NIFTYNXT50,29-Sep-2026,66200.0,PE,0,,0,,0,0.0,,0,0,0,0,0,,,,,,,,,,,,,,,0.07141456424930238,,,,,,11.25,25,73081.3,73210.35,72872.05,72947.45,none,no_price_available
2026-09-03T08:24:30.301834+00:00,2026-09-03T13:54:30.301834+05:30,NIFTYNXT50,29-Sep-2026,66300.0,CE,72952.75,5698.7,550,8177.9,550,0.0,6938.299999999999,0,0,0,0,0,,,,,,,,,,,,,,,0.07141456424930238,73286.2,0.06385745695837178,0.009899999999999999,index_dividend_yield,0.065,11.25,25,73081.3,73210.35,72872.05,72947.45,mid_price,no_nse_iv
2026-09-03T08:24:30.301834+00:00,2026-09-03T13:54:30.301834+05:30,NIFTYNXT50,29-Sep-2026,66300.0,PE,0,,0,,0,0.0,,0,0,0,0,0,,,,,,,,,,,,,,,0.07141456424930238,,,,,,11.25,25,73081.3,73210.35,72872.05,72947.45,none,no_price_available
2026-09-03T08:24:30.301834+00:00,2026-09-03T13:54:30.301834+05:30,NIFTYNXT50,29-Sep-2026,66400.0,CE,72952.75,5611.8,550,8071.2,550,0.0,6841.5,0,0,0,0,0,,,,,,,,,,,,,,,0.07141456424930238,73286.2,0.06385745695837178,0.009899999999999999,index_dividend_yield,0.065,11.25,25,73081.3,73210.35,72872.05,72947.45,mid_price,no_nse_iv
2026-09-03T08:24:30.301834+00:00,2026-09-03T13:54:30.301834+05:30,NIFTYNXT50,29-Sep-2026,66400.0,PE,0,,0,,0,0.0,,0,0,0,0,0,,,,,,,,,,,,,,,0.07141456424930238,,,,,,11.25,25,73081.3,73210.35,72872.05,72947.45,none,no_price_available
2026-09-03T08:24:30.301834+00:00,2026-09-03T13:54:30.301834+05:30,NIFTYNXT50,29-Sep-2026,66500.0,CE,72952.75,5525.2,550,7964.55,550,0.0,6744.875,0,0,0,0,0,,,,,,,,,,,,,,,0.07141456424930238,73286.2,0.06385745695837178,0.009899999999999999,index_dividend_yield,0.065,11.25,25,73081.3,73210.35,72872.05,72947.45,mid_price,no_nse_iv
2026-09-03T08:24:30.301834+00:00,2026-09-03T13:54:30.301834+05:30,NIFTYNXT50,29-Sep-2026,66500.0,PE,0,,0,,0,0.0,,0,0,0,0,0,,,,,,,,,,,,,,,0.07141456424930238,,,,,,11.25,25,73081.3,73210.35,72872.05,72947.45,none,no_price_available
2026-09-03T08:24:30.301834+00:00,2026-09-03T13:54:30.301834+05:30,NIFTYNXT50,29-Sep-2026,66600.0,CE,72952.75,5438.4,550,7857.85,550,0.0,6648.125,0,0,0,0,0,,,,,,,,,,,,,,,0.07141456424930238,73286.2,0.06385745695837178,0.009899999999999999,index_dividend_yield,0.065,11.25,25,73081.3,73210.35,72872.05,72947.45,mid_price,no_nse_iv
2026-09-03T08:24:30.301834+00:00,2026-09-03T13:54:30.301834+05:30,NIFTYNXT50,29-Sep-2026,66600.0,PE,0,,0,,0,0.0,,0,0,0,0,0,,,,,,,,,,,,,,,0.07141456424930238,,,,,,11.25,25,73081.3,73210.35,72872.05,72947.45,none,no_price_available
2026-09-03T08:24:30.301834+00:00,2026-09-03T13:54:30.301834+05:30,NIFTYNXT50,29-Sep-2026,66700.0,CE,72952.75,5349.65,550,7773.6,550,0.0,6561.625,0,0,0,0,0,,,,,,,,,,,,,,,0.07141456424930238,73286.2,0.06385745695837178,0.009899999999999999,index_dividend_yield,0.065,11.25,25,73081.3,73210.35,72872.05,72947.45,mid_price,no_nse_iv
2026-09-03T08:24:30.301834+00:00,2026-09-03T13:54:30.301834+05:30,NIFTYNXT50,29-Sep-2026,66700.0,PE,0,,0,,0,0.0,,0,0,0,0,0,,,,,,,,,,,,,,,0.07141456424930238,,,,,,11.25,25,73081.3,73210.35,72872.05,72947.45,none,no_price_available
2026-09-03T08:24:30.301834+00:00,2026-09-03T13:54:30.301834+05:30,NIFTYNXT50,29-Sep-2026,66800.0,CE,72952.75,5262.35,550,7666.9,550,0.0,6464.625,0,0,0,0,0,,,,,,,,,,,,,,,0.07141456424930238,73286.2,0.06385745695837178,0.009899999999999999,index_dividend_yield,0.065,11.25,25,73081.3,73210.35,72872.05,72947.45,mid_price,no_nse_iv
2026-09-03T08:24:30.301834+00:00,2026-09-03T13:54:30.301834+05:30,NIFTYNXT50,29-Sep-2026,66800.0,PE,0,,0,,0,0.0,,0,0,0,0,0,,,,,,,,,,,,,,,0.07141456424930238,,,,,,11.25,25,73081.3,73210.35,72872.05,72947.45,none,no_price_available
2026-09-03T08:24:30.301834+00:00,2026-09-03T13:54:30.301834+05:30,NIFTYNXT50,29-Sep-2026,66900.0,CE,72952.75,5174.95,550,7560.25,550,0.0,6367.6,0,0,0,0,0,,,,,,,,,,,,,,,0.07141456424930238,73286.2,0.06385745695837178,0.009899999999999999,index_dividend_yield,0.065,11.25,25,73081.3,73210.35,72872.05,72947.45,mid_price,no_nse_iv
2026-09-03T08:24:30.301834+00:00,2026-09-03T13:54:30.301834+05:30,NIFTYNXT50,29-Sep-2026,66900.0,PE,0,,0,,0,0.0,,0,0,0,0,0,,,,,,,,,,,,,,,0.07141456424930238,,,,,,11.25,25,73081.3,73210.35,72872.05,72947.45,none,no_price_available
2026-09-03T08:24:30.301834+00:00,2026-09-03T13:54:30.301834+05:30,NIFTYNXT50,29-Sep-2026,67000.0,CE,72952.75,5088.8,550,7453.55,550,0.0,6271.175,0,0,0,0,0,,,,,,,,,,,,,,,0.07141456424930238,73286.2,0.06385745695837178,0.009899999999999999,index_dividend_yield,0.065,11.25,25,73081.3,73210.35,72872.05,72947.45,mid_price,no_nse_iv
2026-09-03T08:24:30.301834+00:00,2026-09-03T13:54:30.301834+05:30,NIFTYNXT50,29-Sep-2026,67000.0,PE,0,,0,,0,0.0,,0,0,0,0,0,,,,,,,,,,,,,,,0.07141456424930238,,,,,,11.25,25,73081.3,73210.35,72872.05,72947.45,none,no_price_available
2026-09-03T08:24:30.301834+00:00,2026-09-03T13:54:30.301834+05:30,NIFTYNXT50,29-Sep-2026,67100.0,CE,72952.75,5001.3,550,7346.85,550,0.0,6174.075000000001,0,0,0,0,0,,,,,,,,,,,,,,,0.07141456424930238,73286.2,0.06385745695837178,0.009899999999999999,index_dividend_yield,0.065,11.25,25,73081.3,73210.35,72872.05,72947.45,mid_price,no_nse_iv
2026-09-03T08:24:30.301834+00:00,2026-09-03T13:54:30.301834+05:30,NIFTYNXT50,29-Sep-2026,67100.0,PE,0,,0,,0,0.0,,0,0,0,0,0,,,,,,,,,,,,,,,0.07141456424930238,,,,,,11.25,25,73081.3,73210.35,72872.05,72947.45,none,no_price_available
2026-09-03T08:24:30.301834+00:00,2026-09-03T13:54:30.301834+05:30,NIFTYNXT50,29-Sep-2026,67200.0,CE,72952.75,4912.75,550,7240.2,550,0.0,6076.475,0,0,0,0,0,,,,,,,,,,,,,,,0.07141456424930238,73286.2,0.06385745695837178,0.009899999999999999,index_dividend_yield,0.065,11.25,25,73081.3,73210.35,72872.05,72947.45,mid_price,no_nse_iv
2026-09-03T08:24:30.301834+00:00,2026-09-03T13:54:30.301834+05:30,NIFTYNXT50,29-Sep-2026,67200.0,PE,0,,0,,0,0.0,,0,0,0,0,0,,,,,,,,,,,,,,,0.07141456424930238,,,,,,11.25,25,73081.3,73210.35,72872.05,72947.45,none,no_price_available
2026-09-03T08:24:30.301834+00:00,2026-09-03T13:54:30.301834+05:30,NIFTYNXT50,29-Sep-2026,67300.0,CE,72952.75,4825.35,550,7133.5,550,0.0,5979.425,0,0,0,0,0,,,,,,,,,,,,,,,0.07141456424930238,73286.2,0.06385745695837178,0.009899999999999999,index_dividend_yield,0.065,11.25,25,73081.3,73210.35,72872.05,72947.45,mid_price,no_nse_iv
2026-09-03T08:24:30.301834+00:00,2026-09-03T13:54:30.301834+05:30,NIFTYNXT50,29-Sep-2026,67300.0,PE,0,,0,,0,0.0,,0,0,0,0,0,,,,,,,,,,,,,,,0.07141456424930238,,,,,,11.25,25,73081.3,73210.35,72872.05,72947.45,none,no_price_available
2026-09-03T08:24:30.301834+00:00,2026-09-03T13:54:30.301834+05:30,NIFTYNXT50,29-Sep-2026,67400.0,CE,72952.75,4737.95,550,7026.85,550,0.0,5882.4,0,0,0,0,0,,,,,,,,,,,,,,,0.07141456424930238,73286.2,0.06385745695837178,0.009899999999999999,index_dividend_yield,0.065,11.25,25,73081.3,73210.35,72872.05,72947.45,mid_price,no_nse_iv
2026-09-03T08:24:30.301834+00:00,2026-09-03T13:54:30.301834+05:30,NIFTYNXT50,29-Sep-2026,67400.0,PE,0,,0,,0,0.0,,0,0,0,0,0,,,,,,,,,,,,,,,0.07141456424930238,,,,,,11.25,25,73081.3,73210.35,72872.05,72947.45,none,no_price_available
2026-09-03T08:24:30.301834+00:00,2026-09-03T13:54:30.301834+05:30,NIFTYNXT50,29-Sep-2026,67500.0,CE,72952.75,4650.55,550,6920.15,550,0.0,5785.35,0,0,0,0,0,,,,,,,,,,,,,,,0.07141456424930238,73286.2,0.06385745695837178,0.009899999999999999,index_dividend_yield,0.065,11.25,25,73081.3,73210.35,72872.05,72947.45,mid_price,no_nse_iv
2026-09-03T08:24:30.301834+00:00,2026-09-03T13:54:30.301834+05:30,NIFTYNXT50,29-Sep-2026,67500.0,PE,0,,0,,0,0.0,,0,0,0,0,0,,,,,,,,,,,,,,,0.07141456424930238,,,,,,11.25,25,73081.3,73210.35,72872.05,72947.45,none,no_price_available
2026-09-03T08:24:30.301834+00:00,2026-09-03T13:54:30.301834+05:30,NIFTYNXT50,29-Sep-2026,67600.0,CE,72952.75,4564.3,550,6813.35,550,0.0,5688.825000000001,0,0,0,0,0,,,,,,,,,,,,,,,0.07141456424930238,73286.2,0.06385745695837178,0.009899999999999999,index_dividend_yield,0.065,11.25,25,73081.3,73210.35,72872.05,72947.45,mid_price,no_nse_iv
2026-09-03T08:24:30.301834+00:00,2026-09-03T13:54:30.301834+05:30,NIFTYNXT50,29-Sep-2026,67600.0,PE,0,,0,,0,0.0,,0,0,0,0,0,,,,,,,,,,,,,,,0.07141456424930238,,,,,,11.25,25,73081.3,73210.35,72872.05,72947.45,none,no_price_available
2026-09-03T08:24:30.301834+00:00,2026-09-03T13:54:30.301834+05:30,NIFTYNXT50,29-Sep-2026,67700.0,CE,72952.75,4476.1,550,6706.4,550,0.0,5591.25,0,0,0,0,0,,,,,,,,,,,,,,,0.07141456424930238,73286.2,0.06385745695837178,0.009899999999999999,index_dividend_yield,0.065,11.25,25,73081.3,73210.35,72872.05,72947.45,mid_price,no_nse_iv
2026-09-03T08:24:30.301834+00:00,2026-09-03T13:54:30.301834+05:30,NIFTYNXT50,29-Sep-2026,67700.0,PE,0,,0,,0,0.0,,0,0,0,0,0,,,,,,,,,,,,,,,0.07141456424930238,,,,,,11.25,25,73081.3,73210.35,72872.05,72947.45,none,no_price_available
2026-09-03T08:24:30.301834+00:00,2026-09-03T13:54:30.301834+05:30,NIFTYNXT50,29-Sep-2026,67800.0,CE,72952.75,4388.45,550,6600,550,0.0,5494.225,0,0,0,0,0,,,,,,,,,,,,,,,0.07141456424930238,73286.2,0.06385745695837178,0.009899999999999999,index_dividend_yield,0.065,11.25,25,73081.3,73210.35,72872.05,72947.45,mid_price,no_nse_iv
2026-09-03T08:24:30.301834+00:00,2026-09-03T13:54:30.301834+05:30,NIFTYNXT50,29-Sep-2026,67800.0,PE,0,,0,,0,0.0,,0,0,0,0,0,,,,,,,,,,,,,,,0.07141456424930238,,,,,,11.25,25,73081.3,73210.35,72872.05,72947.45,none,no_price_available
2026-09-03T08:24:30.301834+00:00,2026-09-03T13:54:30.301834+05:30,NIFTYNXT50,29-Sep-2026,67900.0,CE,72952.75,4501.5,25,6493.45,550,0.0,5497.475,0,0,0,0,0,,,,,,,,,,,,,,,0.07141456424930238,73286.2,0.06385745695837178,0.009899999999999999,index_dividend_yield,0.065,11.25,25,73081.3,73210.35,72872.05,72947.45,mid_price,no_nse_iv
2026-09-03T08:24:30.301834+00:00,2026-09-03T13:54:30.301834+05:30,NIFTYNXT50,29-Sep-2026,67900.0,PE,0,,0,,0,0.0,,0,0,0,0,0,,,,,,,,,,,,,,,0.07141456424930238,,,,,,11.25,25,73081.3,73210.35,72872.05,72947.45,none,no_price_available
2026-09-03T08:24:30.301834+00:00,2026-09-03T13:54:30.301834+05:30,NIFTYNXT50,29-Sep-2026,68000.0,CE,72952.75,4414.7,25,6386.75,550,0.0,5400.725,0,0,0,0,0,,,,,,,,,,,,,,,0.07141456424930238,73286.2,0.06385745695837178,0.009899999999999999,index_dividend_yield,0.065,11.25,25,73081.3,73210.35,72872.05,72947.45,mid_price,no_nse_iv
2026-09-03T08:24:30.301834+00:00,2026-09-03T13:54:30.301834+05:30,NIFTYNXT50,29-Sep-2026,68000.0,PE,0,,0,,0,0.0,,0,0,0,0,0,,,,,,,,,,,,,,,0.07141456424930238,,,,,,11.25,25,73081.3,73210.35,72872.05,72947.45,none,no_price_available
2026-09-03T08:24:30.301834+00:00,2026-09-03T13:54:30.301834+05:30,NIFTYNXT50,29-Sep-2026,68100.0,CE,72952.75,4326.8,25,6280.05,550,0.0,5303.425,0,0,0,0,0,,,,,,,,,,,,,,,0.07141456424930238,73286.2,0.06385745695837178,0.009899999999999999,index_dividend_yield,0.065,11.25,25,73081.3,73210.35,72872.05,72947.45,mid_price,no_nse_iv
2026-09-03T08:24:30.301834+00:00,2026-09-03T13:54:30.301834+05:30,NIFTYNXT50,29-Sep-2026,68100.0,PE,0,,0,,0,0.0,,0,0,0,0,0,,,,,,,,,,,,,,,0.07141456424930238,,,,,,11.25,25,73081.3,73210.35,72872.05,72947.45,none,no_price_available
2026-09-03T08:24:30.301834+00:00,2026-09-03T13:54:30.301834+05:30,NIFTYNXT50,29-Sep-2026,68200.0,CE,72952.75,4239.85,25,6173.4,550,0.0,5206.625,0,0,0,0,0,,,,,,,,,,,,,,,0.07141456424930238,73286.2,0.06385745695837178,0.009899999999999999,index_dividend_yield,0.065,11.25,25,73081.3,73210.35,72872.05,72947.45,mid_price,no_nse_iv
2026-09-03T08:24:30.301834+00:00,2026-09-03T13:54:30.301834+05:30,NIFTYNXT50,29-Sep-2026,68200.0,PE,0,,0,,0,0.0,,0,0,0,0,0,,,,,,,,,,,,,,,0.07141456424930238,,,,,,11.25,25,73081.3,73210.35,72872.05,72947.45,none,no_price_available
2026-09-03T08:24:30.301834+00:00,2026-09-03T13:54:30.301834+05:30,NIFTYNXT50,29-Sep-2026,68300.0,CE,72952.75,4152,25,6066.7,550,0.0,5109.35,0,0,0,0,0,,,,,,,,,,,,,,,0.07141456424930238,73286.2,0.06385745695837178,0.009899999999999999,index_dividend_yield,0.065,11.25,25,73081.3,73210.35,72872.05,72947.45,mid_price,no_nse_iv
2026-09-03T08:24:30.301834+00:00,2026-09-03T13:54:30.301834+05:30,NIFTYNXT50,29-Sep-2026,68300.0,PE,0,,0,,0,0.0,,0,0,0,0,0,,,,,,,,,,,,,,,0.07141456424930238,,,,,,11.25,25,73081.3,73210.35,72872.05,72947.45,none,no_price_available
2026-09-03T08:24:30.301834+00:00,2026-09-03T13:54:30.301834+05:30,NIFTYNXT50,29-Sep-2026,68400.0,CE,72952.75,4065.05,25,5960.05,550,0.0,5012.55,0,0,0,0,0,,,,,,,,,,,,,,,0.07141456424930238,73286.2,0.06385745695837178,0.009899999999999999,index_dividend_yield,0.065,11.25,25,73081.3,73210.35,72872.05,72947.45,mid_price,no_nse_iv
2026-09-03T08:24:30.301834+00:00,2026-09-03T13:54:30.301834+05:30,NIFTYNXT50,29-Sep-2026,68400.0,PE,0,,0,,0,0.0,,0,0,0,0,0,,,,,,,,,,,,,,,0.07141456424930238,,,,,,11.25,25,73081.3,73210.35,72872.05,72947.45,none,no_price_available
2026-09-03T08:24:30.301834+00:00,2026-09-03T13:54:30.301834+05:30,NIFTYNXT50,29-Sep-2026,68500.0,CE,72952.75,3977.4,25,5853.35,550,0.0,4915.375,0,0,0,0,0,,,,,,,,,,,,,,,0.07141456424930238,73286.2,0.06385745695837178,0.009899999999999999,index_dividend_yield,0.065,11.25,25,73081.3,73210.35,72872.05,72947.45,mid_price,no_nse_iv
2026-09-03T08:24:30.301834+00:00,2026-09-03T13:54:30.301834+05:30,NIFTYNXT50,29-Sep-2026,68500.0,PE,0,,0,,0,0.0,,0,0,0,0,0,,,,,,,,,,,,,,,0.07141456424930238,,,,,,11.25,25,73081.3,73210.35,72872.05,72947.45,none,no_price_available
2026-09-03T08:24:30.301834+00:00,2026-09-03T13:54:30.301834+05:30,NIFTYNXT50,29-Sep-2026,68600.0,CE,72952.75,3890,25,5746.65,550,0.0,4818.325,0,0,0,0,0,,,,,,,,,,,,,,,0.07141456424930238,73286.2,0.06385745695837178,0.009899999999999999,index_dividend_yield,0.065,11.25,25,73081.3,73210.35,72872.05,72947.45,mid_price,no_nse_iv
2026-09-03T08:24:30.301834+00:00,2026-09-03T13:54:30.301834+05:30,NIFTYNXT50,29-Sep-2026,68600.0,PE,0,,0,,0,0.0,,0,0,0,0,0,,,,,,,,,,,,,,,0.07141456424930238,,,,,,11.25,25,73081.3,73210.35,72872.05,72947.45,none,no_price_available
2026-09-03T08:24:30.301834+00:00,2026-09-03T13:54:30.301834+05:30,NIFTYNXT50,29-Sep-2026,68700.0,CE,72952.75,3802.75,25,5640,550,0.0,4721.375,0,0,0,0,0,,,,,,,,,,,,,,,0.07141456424930238,73286.2,0.06385745695837178,0.009899999999999999,index_dividend_yield,0.065,11.25,25,73081.3,73210.35,72872.05,72947.45,mid_price,no_nse_iv
2026-09-03T08:24:30.301834+00:00,2026-09-03T13:54:30.301834+05:30,NIFTYNXT50,29-Sep-2026,68700.0,PE,0,,0,,0,0.0,,0,0,0,0,0,,,,,,,,,,,,,,,0.07141456424930238,,,,,,11.25,25,73081.3,73210.35,72872.05,72947.45,none,no_price_available
2026-09-03T08:24:30.301834+00:00,2026-09-03T13:54:30.301834+05:30,NIFTYNXT50,29-Sep-2026,68800.0,CE,72952.75,3715,25,5533.3,550,0.0,4624.15,0,0,0,0,0,,,,,,,,,,,,,,,0.07141456424930238,73286.2,0.06385745695837178,0.009899999999999999,index_dividend_yield,0.065,11.25,25,73081.3,73210.35,72872.05,72947.45,mid_price,no_nse_iv
2026-09-03T08:24:30.301834+00:00,2026-09-03T13:54:30.301834+05:30,NIFTYNXT50,29-Sep-2026,68800.0,PE,0,,0,,0,0.0,,0,0,0,0,0,,,,,,,,,,,,,,,0.07141456424930238,,,,,,11.25,25,73081.3,73210.35,72872.05,72947.45,none,no_price_available
2026-09-03T08:24:30.301834+00:00,2026-09-03T13:54:30.301834+05:30,NIFTYNXT50,29-Sep-2026,68900.0,CE,72952.75,3628.1,25,5426.65,550,0.0,4527.375,0,0,0,0,0,,,,,,,,,,,,,,,0.07141456424930238,73286.2,0.06385745695837178,0.009899999999999999,index_dividend_yield,0.065,11.25,25,73081.3,73210.35,72872.05,72947.45,mid_price,no_nse_iv
2026-09-03T08:24:30.301834+00:00,2026-09-03T13:54:30.301834+05:30,NIFTYNXT50,29-Sep-2026,68900.0,PE,0,,0,,0,0.0,,0,0,0,0,0,,,,,,,,,,,,,,,0.07141456424930238,,,,,,11.25,25,73081.3,73210.35,72872.05,72947.45,none,no_price_available
2026-09-03T08:24:30.301834+00:00,2026-09-03T13:54:30.301834+05:30,NIFTYNXT50,29-Sep-2026,69000.0,CE,72952.75,3540.55,25,5319.95,550,0.0,4430.25,0,0,0,0,0,,,,,,,,,,,,,,,0.07141456424930238,73286.2,0.06385745695837178,0.009899999999999999,index_dividend_yield,0.065,11.25,25,73081.3,73210.35,72872.05,72947.45,mid_price,no_nse_iv
2026-09-03T08:24:30.301834+00:00,2026-09-03T13:54:30.301834+05:30,NIFTYNXT50,29-Sep-2026,69000.0,PE,0,,0,,0,0.0,,0,0,0,0,0,,,,,,,,,,,,,,,0.07141456424930238,,,,,,11.25,25,73081.3,73210.35,72872.05,72947.45,none,no_price_available
2026-09-03T08:24:30.301834+00:00,2026-09-03T13:54:30.301834+05:30,NIFTYNXT50,29-Sep-2026,69100.0,CE,72952.75,3452.8,25,5213.25,550,0.0,4333.025,0,0,0,0,0,,,,,,,,,,,,,,,0.07141456424930238,73286.2,0.06385745695837178,0.009899999999999999,index_dividend_yield,0.065,11.25,25,73081.3,73210.35,72872.05,72947.45,mid_price,no_nse_iv
2026-09-03T08:24:30.301834+00:00,2026-09-03T13:54:30.301834+05:30,NIFTYNXT50,29-Sep-2026,69100.0,PE,0,,0,,0,0.0,,0,0,0,0,0,,,,,,,,,,,,,,,0.07141456424930238,,,,,,11.25,25,73081.3,73210.35,72872.05,72947.45,none,no_price_available
2026-09-03T08:24:30.301834+00:00,2026-09-03T13:54:30.301834+05:30,NIFTYNXT50,29-Sep-2026,69200.0,CE,72952.75,3365.9,25,5106.6,550,0.0,4236.25,0,0,0,0,0,,,,,,,,,,,,,,,0.07141456424930238,73286.2,0.06385745695837178,0.009899999999999999,index_dividend_yield,0.065,11.25,25,73081.3,73210.35,72872.05,72947.45,mid_price,no_nse_iv
2026-09-03T08:24:30.301834+00:00,2026-09-03T13:54:30.301834+05:30,NIFTYNXT50,29-Sep-2026,69200.0,PE,0,,0,,0,0.0,,0,0,0,0,0,,,,,,,,,,,,,,,0.07141456424930238,,,,,,11.25,25,73081.3,73210.35,72872.05,72947.45,none,no_price_available
2026-09-03T08:24:30.301834+00:00,2026-09-03T13:54:30.301834+05:30,NIFTYNXT50,29-Sep-2026,69300.0,CE,72952.75,3278,25,4999.9,550,0.0,4138.95,0,0,0,0,0,,,,,,,,,,,,,,,0.07141456424930238,73286.2,0.06385745695837178,0.009899999999999999,index_dividend_yield,0.065,11.25,25,73081.3,73210.35,72872.05,72947.45,mid_price,no_nse_iv
2026-09-03T08:24:30.301834+00:00,2026-09-03T13:54:30.301834+05:30,NIFTYNXT50,29-Sep-2026,69300.0,PE,0,,0,,0,0.0,,0,0,0,0,0,,,,,,,,,,,,,,,0.07141456424930238,,,,,,11.25,25,73081.3,73210.35,72872.05,72947.45,none,no_price_available
2026-09-03T08:24:30.301834+00:00,2026-09-03T13:54:30.301834+05:30,NIFTYNXT50,29-Sep-2026,69400.0,CE,72952.75,3191.2,25,5000,550,0.0,4095.6,0,0,0,0,0,,,,,,,,,,,,,,,0.07141456424930238,73286.2,0.06385745695837178,0.009899999999999999,index_dividend_yield,0.065,11.25,25,73081.3,73210.35,72872.05,72947.45,mid_price,no_nse_iv
2026-09-03T08:24:30.301834+00:00,2026-09-03T13:54:30.301834+05:30,NIFTYNXT50,29-Sep-2026,69400.0,PE,0,,0,,0,0.0,,0,0,0,0,0,,,,,,,,,,,,,,,0.07141456424930238,,,,,,11.25,25,73081.3,73210.35,72872.05,72947.45,none,no_price_available
2026-09-03T08:24:30.301834+00:00,2026-09-03T13:54:30.301834+05:30,NIFTYNXT50,29-Sep-2026,69500.0,CE,72952.75,3103.1,25,4894.8,550,0.0,3998.95,0,0,0,0,0,,,,,,,,,,,,,,,0.07141456424930238,73286.2,0.06385745695837178,0.009899999999999999,index_dividend_yield,0.065,11.25,25,73081.3,73210.35,72872.05,72947.45,mid_price,no_nse_iv
2026-09-03T08:24:30.301834+00:00,2026-09-03T13:54:30.301834+05:30,NIFTYNXT50,29-Sep-2026,69500.0,PE,0,,0,,0,0.0,,0,0,0,0,0,,,,,,,,,,,,,,,0.07141456424930238,,,,,,11.25,25,73081.3,73210.35,72872.05,72947.45,none,no_price_available
2026-09-03T08:24:30.301834+00:00,2026-09-03T13:54:30.301834+05:30,NIFTYNXT50,29-Sep-2026,69600.0,CE,72952.75,3016.3,25,4789.8,550,0.0,3903.05,0,0,0,0,0,,,,,,,,,,,,,,,0.07141456424930238,73286.2,0.06385745695837178,0.009899999999999999,index_dividend_yield,0.065,11.25,25,73081.3,73210.35,72872.05,72947.45,mid_price,no_nse_iv
2026-09-03T08:24:30.301834+00:00,2026-09-03T13:54:30.301834+05:30,NIFTYNXT50,29-Sep-2026,69600.0,PE,0,,0,,0,0.0,,0,0,0,0,0,,,,,,,,,,,,,,,0.07141456424930238,,,,,,11.25,25,73081.3,73210.35,72872.05,72947.45,none,no_price_available
2026-09-03T08:24:30.301834+00:00,2026-09-03T13:54:30.301834+05:30,NIFTYNXT50,29-Sep-2026,69700.0,CE,72952.75,2928.9,25,4673.7,550,0.0,3801.3,0,0,0,0,0,,,,,,,,,,,,,,,0.07141456424930238,73286.2,0.06385745695837178,0.009899999999999999,index_dividend_yield,0.065,11.25,25,73081.3,73210.35,72872.05,72947.45,mid_price,no_nse_iv
2026-09-03T08:24:30.301834+00:00,2026-09-03T13:54:30.301834+05:30,NIFTYNXT50,29-Sep-2026,69700.0,PE,0,,0,,0,0.0,,0,0,0,0,0,,,,,,,,,,,,,,,0.07141456424930238,,,,,,11.25,25,73081.3,73210.35,72872.05,72947.45,none,no_price_available
2026-09-03T08:24:30.301834+00:00,2026-09-03T13:54:30.301834+05:30,NIFTYNXT50,29-Sep-2026,69800.0,CE,72952.75,2841,25,4580,550,0.0,3710.5,0,0,0,0,0,,,,,,,,,,,,,,,0.07141456424930238,73286.2,0.06385745695837178,0.009899999999999999,index_dividend_yield,0.065,11.25,25,73081.3,73210.35,72872.05,72947.45,mid_price,no_nse_iv
2026-09-03T08:24:30.301834+00:00,2026-09-03T13:54:30.301834+05:30,NIFTYNXT50,29-Sep-2026,69800.0,PE,0,,0,,0,0.0,,0,0,0,0,0,,,,,,,,,,,,,,,0.07141456424930238,,,,,,11.25,25,73081.3,73210.35,72872.05,72947.45,none,no_price_available
2026-09-03T08:24:30.301834+00:00,2026-09-03T13:54:30.301834+05:30,NIFTYNXT50,29-Sep-2026,69900.0,CE,72952.75,2753.6,25,4482.35,550,0.0,3617.9750000000004,0,0,0,0,0,,,,,,,,,,,,,,,0.07141456424930238,73286.2,0.06385745695837178,0.009899999999999999,index_dividend_yield,0.065,11.25,25,73081.3,73210.35,72872.05,72947.45,mid_price,no_nse_iv
2026-09-03T08:24:30.301834+00:00,2026-09-03T13:54:30.301834+05:30,NIFTYNXT50,29-Sep-2026,69900.0,PE,0,,0,,0,0.0,,0,0,0,0,0,,,,,,,,,,,,,,,0.07141456424930238,,,,,,11.25,25,73081.3,73210.35,72872.05,72947.45,none,no_price_available
2026-09-03T08:24:30.301834+00:00,2026-09-03T13:54:30.301834+05:30,NIFTYNXT50,29-Sep-2026,70000.0,CE,72952.75,2666.1,25,4377.35,550,0.0,3521.7250000000004,0,0,0,0,0,,,,,,,,,,,,,,,0.07141456424930238,73286.2,0.06385745695837178,0.009899999999999999,index_dividend_yield,0.065,11.25,25,73081.3,73210.35,72872.05,72947.45,mid_price,no_nse_iv
2026-09-03T08:24:30.301834+00:00,2026-09-03T13:54:30.301834+05:30,NIFTYNXT50,29-Sep-2026,70000.0,PE,72952.75,0.55,50,630,25,0.0,315.275,0,0,0,0,0,,,,,,,,,,,,,,,0.07141456424930238,73286.2,0.06385745695837178,0.009899999999999999,index_dividend_yield,0.065,11.25,25,73081.3,73210.35,72872.05,72947.45,mid_price,no_nse_iv
2026-09-03T08:24:30.301834+00:00,2026-09-03T13:54:30.301834+05:30,NIFTYNXT50,29-Sep-2026,70100.0,CE,72952.75,2578.7,25,4371.05,550,0.0,3474.875,0,0,0,0,0,,,,,,,,,,,,,,,0.07141456424930238,73286.2,0.06385745695837178,0.009899999999999999,index_dividend_yield,0.065,11.25,25,73081.3,73210.35,72872.05,72947.45,mid_price,no_nse_iv
2026-09-03T08:24:30.301834+00:00,2026-09-03T13:54:30.301834+05:30,NIFTYNXT50,29-Sep-2026,70100.0,PE,0,,0,,0,0.0,,0,0,0,0,0,,,,,,,,,,,,,,,0.07141456424930238,,,,,,11.25,25,73081.3,73210.35,72872.05,72947.45,none,no_price_available
2026-09-03T08:24:30.301834+00:00,2026-09-03T13:54:30.301834+05:30,NIFTYNXT50,29-Sep-2026,70200.0,CE,72952.75,2491.75,25,4266.05,550,0.0,3378.9,0,0,0,0,0,,,,,,,,,,,,,,,0.07141456424930238,73286.2,0.06385745695837178,0.009899999999999999,index_dividend_yield,0.065,11.25,25,73081.3,73210.35,72872.05,72947.45,mid_price,no_nse_iv
2026-09-03T08:24:30.301834+00:00,2026-09-03T13:54:30.301834+05:30,NIFTYNXT50,29-Sep-2026,70200.0,PE,0,,0,,0,0.0,,0,0,0,0,0,,,,,,,,,,,,,,,0.07141456424930238,,,,,,11.25,25,73081.3,73210.35,72872.05,72947.45,none,no_price_available
2026-09-03T08:24:30.301834+00:00,2026-09-03T13:54:30.301834+05:30,NIFTYNXT50,29-Sep-2026,70300.0,CE,72952.75,2404,25,4161.05,550,0.0,3282.525,0,0,0,0,0,,,,,,,,,,,,,,,0.07141456424930238,73286.2,0.06385745695837178,0.009899999999999999,index_dividend_yield,0.065,11.25,25,73081.3,73210.35,72872.05,72947.45,mid_price,no_nse_iv
2026-09-03T08:24:30.301834+00:00,2026-09-03T13:54:30.301834+05:30,NIFTYNXT50,29-Sep-2026,70300.0,PE,0,,0,,0,0.0,,0,0,0,0,0,,,,,,,,,,,,,,,0.07141456424930238,,,,,,11.25,25,73081.3,73210.35,72872.05,72947.45,none,no_price_available
2026-09-03T08:24:30.301834+00:00,2026-09-03T13:54:30.301834+05:30,NIFTYNXT50,29-Sep-2026,70400.0,CE,72952.75,2316.5,25,4056.05,550,0.0,3186.275,0,0,0,0,0,,,,,,,,,,,,,,,0.07141456424930238,73286.2,0.06385745695837178,0.009899999999999999,index_dividend_yield,0.065,11.25,25,73081.3,73210.35,72872.05,72947.45,mid_price,no_nse_iv
2026-09-03T08:24:30.301834+00:00,2026-09-03T13:54:30.301834+05:30,NIFTYNXT50,29-Sep-2026,70400.0,PE,0,,0,,0,0.0,,0,0,0,0,0,,,,,,,,,,,,,,,0.07141456424930238,,,,,,11.25,25,73081.3,73210.35,72872.05,72947.45,none,no_price_available
2026-09-03T08:24:30.301834+00:00,2026-09-03T13:54:30.301834+05:30,NIFTYNXT50,29-Sep-2026,70500.0,CE,72952.75,2229.2,25,3951.05,550,0.0,3090.125,0,0,0,0,0,,,,,,,,,,,,,,,0.07141456424930238,73286.2,0.06385745695837178,0.009899999999999999,index_dividend_yield,0.065,11.25,25,73081.3,73210.35,72872.05,72947.45,mid_price,no_nse_iv
2026-09-03T08:24:30.301834+00:00,2026-09-03T13:54:30.301834+05:30,NIFTYNXT50,29-Sep-2026,70500.0,PE,0,,0,,0,0.0,,0,0,0,0,0,,,,,,,,,,,,,,,0.07141456424930238,,,,,,11.25,25,73081.3,73210.35,72872.05,72947.45,none,no_price_available
2026-09-03T08:24:30.301834+00:00,2026-09-03T13:54:30.301834+05:30,NIFTYNXT50,29-Sep-2026,70600.0,CE,72952.75,2144.6,25,3846.05,550,0.0,2995.325,0,0,0,0,0,,,,,,,,,,,,,,,0.07141456424930238,73286.2,0.06385745695837178,0.009899999999999999,index_dividend_yield,0.065,11.25,25,73081.3,73210.35,72872.05,72947.45,mid_price,no_nse_iv
2026-09-03T08:24:30.301834+00:00,2026-09-03T13:54:30.301834+05:30,NIFTYNXT50,29-Sep-2026,70600.0,PE,0,,0,,0,0.0,,0,0,0,0,0,,,,,,,,,,,,,,,0.07141456424930238,,,,,,11.25,25,73081.3,73210.35,72872.05,72947.45,none,no_price_available
2026-09-03T08:24:30.301834+00:00,2026-09-03T13:54:30.301834+05:30,NIFTYNXT50,29-Sep-2026,70700.0,CE,72952.75,2095.3,25,3741.05,550,0.0,2918.175,0,0,0,0,0,,,,,,,,,,,,,,,0.07141456424930238,73286.2,0.06385745695837178,0.009899999999999999,index_dividend_yield,0.065,11.25,25,73081.3,73210.35,72872.05,72947.45,mid_price,no_nse_iv
2026-09-03T08:24:30.301834+00:00,2026-09-03T13:54:30.301834+05:30,NIFTYNXT50,29-Sep-2026,70700.0,PE,0,,0,,0,0.0,,0,0,0,0,0,,,,,,,,,,,,,,,0.07141456424930238,,,,,,11.25,25,73081.3,73210.35,72872.05,72947.45,none,no_price_available
2026-09-03T08:24:30.301834+00:00,2026-09-03T13:54:30.301834+05:30,NIFTYNXT50,29-Sep-2026,70800.0,CE,72952.75,2048.65,25,3628.7,550,0.0,2838.675,0,0,0,0,0,,,,,,,,,,,,,,,0.07141456424930238,73286.2,0.06385745695837178,0.009899999999999999,index_dividend_yield,0.065,11.25,25,73081.3,73210.35,72872.05,72947.45,mid_price,no_nse_iv
2026-09-03T08:24:30.301834+00:00,2026-09-03T13:54:30.301834+05:30,NIFTYNXT50,29-Sep-2026,70800.0,PE,72952.75,53.3,50,899.65,50,0.0,476.47499999999997,0,0,0,0,0,,,,,,,,,,,,,,,0.07141456424930238,73286.2,0.06385745695837178,0.009899999999999999,index_dividend_yield,0.065,11.25,25,73081.3,73210.35,72872.05,72947.45,mid_price,no_nse_iv
2026-09-03T08:24:30.301834+00:00,2026-09-03T13:54:30.301834+05:30,NIFTYNXT50,29-Sep-2026,70900.0,CE,72952.75,2002.65,25,3523.7,550,0.0,2763.175,0,0,0,0,0,,,,,,,,,,,,,,,0.07141456424930238,73286.2,0.06385745695837178,0.009899999999999999,index_dividend_yield,0.065,11.25,25,73081.3,73210.35,72872.05,72947.45,mid_price,no_nse_iv
2026-09-03T08:24:30.301834+00:00,2026-09-03T13:54:30.301834+05:30,NIFTYNXT50,29-Sep-2026,70900.0,PE,72952.75,62.15,50,899.7,50,0.0,480.925,0,0,0,0,0,,,,,,,,,,,,,,,0.07141456424930238,73286.2,0.06385745695837178,0.009899999999999999,index_dividend_yield,0.065,11.25,25,73081.3,73210.35,72872.05,72947.45,mid_price,no_nse_iv
2026-09-03T08:24:30.301834+00:00,2026-09-03T13:54:30.301834+05:30,NIFTYNXT50,29-Sep-2026,71000.0,CE,72952.75,1280.75,25,3418.7,550,0.0,2349.725,0,0,0,0,0,,,,,,,,,,,,,,,0.07141456424930238,73286.2,0.06385745695837178,0.009899999999999999,index_dividend_yield,0.065,11.25,25,73081.3,73210.35,72872.05,72947.45,mid_price,no_nse_iv
2026-09-03T08:24:30.301834+00:00,2026-09-03T13:54:30.301834+05:30,NIFTYNXT50,29-Sep-2026,71000.0,PE,72952.75,71.95,50,899.7,50,0.0,485.82500000000005,0,0,0,0,0,,,,,,,,,,,,,,,0.07141456424930238,73286.2,0.06385745695837178,0.009899999999999999,index_dividend_yield,0.065,11.25,25,73081.3,73210.35,72872.05,72947.45,mid_price,no_nse_iv
2026-09-03T08:24:30.301834+00:00,2026-09-03T13:54:30.301834+05:30,NIFTYNXT50,29-Sep-2026,71100.0,CE,72952.75,1231.75,25,3478.9,25,0.0,2355.325,0,0,0,0,0,,,,,,,,,,,,,,,0.07141456424930238,73286.2,0.06385745695837178,0.009899999999999999,index_dividend_yield,0.065,11.25,25,73081.3,73210.35,72872.05,72947.45,mid_price,no_nse_iv
2026-09-03T08:24:30.301834+00:00,2026-09-03T13:54:30.301834+05:30,NIFTYNXT50,29-Sep-2026,71100.0,PE,72952.75,82.1,50,925.3,50,0.0,503.7,0,0,0,0,0,,,,,,,,,,,,,,,0.07141456424930238,73286.2,0.06385745695837178,0.009899999999999999,index_dividend_yield,0.065,11.25,25,73081.3,73210.35,72872.05,72947.45,mid_price,no_nse_iv
2026-09-03T08:24:30.301834+00:00,2026-09-03T13:54:30.301834+05:30,NIFTYNXT50,29-Sep-2026,71200.0,CE,72952.75,1183.85,25,3186.7,550,0.0,2185.2749999999996,0,0,0,0,0,,,,,,,,,,,,,,,0.07141456424930238,73286.2,0.06385745695837178,0.009899999999999999,index_dividend_yield,0.065,11.25,25,73081.3,73210.35,72872.05,72947.45,mid_price,no_nse_iv
2026-09-03T08:24:30.301834+00:00,2026-09-03T13:54:30.301834+05:30,NIFTYNXT50,29-Sep-2026,71200.0,PE,0,,0,,0,0.0,,0,0,0,0,0,,,,,,,,,,,,,,,0.07141456424930238,,,,,,11.25,25,73081.3,73210.35,72872.05,72947.45,none,no_price_available
2026-09-03T08:24:30.301834+00:00,2026-09-03T13:54:30.301834+05:30,NIFTYNXT50,29-Sep-2026,71300.0,CE,72952.75,,0,3096.3,550,0.0,,0,0,0,0,0,,,,,,,,,,,,,,,0.07141456424930238,,,,,,11.25,25,73081.3,73210.35,72872.05,72947.45,none,no_price_available
2026-09-03T08:24:30.301834+00:00,2026-09-03T13:54:30.301834+05:30,NIFTYNXT50,29-Sep-2026,71300.0,PE,0,,0,,0,0.0,,0,0,0,0,0,,,,,,,,,,,,,,,0.07141456424930238,,,,,,11.25,25,73081.3,73210.35,72872.05,72947.45,none,no_price_available
2026-09-03T08:24:30.301834+00:00,2026-09-03T13:54:30.301834+05:30,NIFTYNXT50,29-Sep-2026,71400.0,CE,72952.75,1091.1,25,2991.25,550,0.0,2041.175,0,0,0,0,0,,,,,,,,,,,,,,,0.07141456424930238,73286.2,0.06385745695837178,0.009899999999999999,index_dividend_yield,0.065,11.25,25,73081.3,73210.35,72872.05,72947.45,mid_price,no_nse_iv
2026-09-03T08:24:30.301834+00:00,2026-09-03T13:54:30.301834+05:30,NIFTYNXT50,29-Sep-2026,71400.0,PE,0,,0,,0,0.0,,0,0,0,0,0,,,,,,,,,,,,,,,0.07141456424930238,,,,,,11.25,25,73081.3,73210.35,72872.05,72947.45,none,no_price_available
2026-09-03T08:24:30.301834+00:00,2026-09-03T13:54:30.301834+05:30,NIFTYNXT50,29-Sep-2026,71500.0,CE,72952.75,,0,2882.05,550,0.0,,0,0,0,0,0,,,,,,,,,,,,,,,0.07141456424930238,,,,,,11.25,25,73081.3,73210.35,72872.05,72947.45,none,no_price_available
2026-09-03T08:24:30.301834+00:00,2026-09-03T13:54:30.301834+05:30,NIFTYNXT50,29-Sep-2026,71500.0,PE,0,,0,,0,0.0,,0,0,0,0,0,,,,,,,,,,,,,,,0.07141456424930238,,,,,,11.25,25,73081.3,73210.35,72872.05,72947.45,none,no_price_available
2026-09-03T08:24:30.301834+00:00,2026-09-03T13:54:30.301834+05:30,NIFTYNXT50,29-Sep-2026,71600.0,CE,72952.75,1002.95,25,2772.85,550,0.0,1887.9,0,0,0,0,0,,,,,,,,,,,,,,,0.07141456424930238,73286.2,0.06385745695837178,0.009899999999999999,index_dividend_yield,0.065,11.25,25,73081.3,73210.35,72872.05,72947.45,mid_price,no_nse_iv
2026-09-03T08:24:30.301834+00:00,2026-09-03T13:54:30.301834+05:30,NIFTYNXT50,29-Sep-2026,71600.0,PE,0,,0,,0,0.0,,0,0,0,0,0,,,,,,,,,,,,,,,0.07141456424930238,,,,,,11.25,25,73081.3,73210.35,72872.05,72947.45,none,no_price_available
2026-09-03T08:24:30.301834+00:00,2026-09-03T13:54:30.301834+05:30,NIFTYNXT50,29-Sep-2026,71700.0,CE,72952.75,,0,2663.65,550,0.0,,0,0,0,0,0,,,,,,,,,,,,,,,0.07141456424930238,,,,,,11.25,25,73081.3,73210.35,72872.05,72947.45,none,no_price_available
2026-09-03T08:24:30.301834+00:00,2026-09-03T13:54:30.301834+05:30,NIFTYNXT50,29-Sep-2026,71700.0,PE,0,,0,,0,0.0,,0,0,0,0,0,,,,,,,,,,,,,,,0.07141456424930238,,,,,,11.25,25,73081.3,73210.35,72872.05,72947.45,none,no_price_available
2026-09-03T08:24:30.301834+00:00,2026-09-03T13:54:30.301834+05:30,NIFTYNXT50,29-Sep-2026,71800.0,CE,72952.75,919.1,25,2541.35,550,0.0,1730.225,0,0,0,0,0,,,,,,,,,,,,,,,0.07141456424930238,73286.2,0.06385745695837178,0.009899999999999999,index_dividend_yield,0.065,11.25,25,73081.3,73210.35,72872.05,72947.45,mid_price,no_nse_iv
2026-09-03T08:24:30.301834+00:00,2026-09-03T13:54:30.301834+05:30,NIFTYNXT50,29-Sep-2026,71800.0,PE,0,,0,,0,0.0,,0,0,0,0,0,,,,,,,,,,,,,,,0.07141456424930238,,,,,,11.25,25,73081.3,73210.35,72872.05,72947.45,none,no_price_available
2026-09-03T08:24:30.301834+00:00,2026-09-03T13:54:30.301834+05:30,NIFTYNXT50,29-Sep-2026,71900.0,CE,72952.75,878.9,50,2658.85,25,0.0,1768.875,0,0,0,0,0,,,,,,,,,,,,,,,0.07141456424930238,73286.2,0.06385745695837178,0.009899999999999999,index_dividend_yield,0.065,11.25,25,73081.3,73210.35,72872.05,72947.45,mid_price,no_nse_iv
2026-09-03T08:24:30.301834+00:00,2026-09-03T13:54:30.301834+05:30,NIFTYNXT50,29-Sep-2026,71900.0,PE,0,,0,,0,0.0,,0,0,0,0,0,,,,,,,,,,,,,,,0.07141456424930238,,,,,,11.25,25,73081.3,73210.35,72872.05,72947.45,none,no_price_available
2026-09-03T08:24:30.301834+00:00,2026-09-03T13:54:30.301834+05:30,NIFTYNXT50,29-Sep-2026,72000.0,CE,72952.75,839.65,50,2445.4,25,0.0,1642.525,0,0,0,0,0,,,,,,,,,,,,,,,0.07141456424930238,73286.2,0.06385745695837178,0.009899999999999999,index_dividend_yield,0.065,11.25,25,73081.3,73210.35,72872.05,72947.45,mid_price,no_nse_iv
2026-09-03T08:24:30.301834+00:00,2026-09-03T13:54:30.301834+05:30,NIFTYNXT50,29-Sep-2026,72000.0,PE,72952.75,455.05,25,660,25,0.0,557.525,3,0,0,0,16.31,-0.3393142960237281,0.00011509417861115942,-18.45374769318935,71.34728387541504,-0.8304521813242149,0.001321742962538175,66.97748340282317,-1.6442298384633745e-08,-0.0005976379746472059,2.038117862483387e-06,-1.4740218012950237,-33.69029316383966,0.3540091675360543,0.00011816033132381689,0.07141456424930238,73286.2,0.06385745695837178,0.009899999999999999,index_dividend_yield,0.065,11.25,25,73081.3,73210.35,72872.05,72947.45,mid_price,wide_quote_low_liquidity
2026-09-03T08:24:30.301834+00:00,2026-09-03T13:54:30.301834+05:30,NIFTYNXT50,29-Sep-2026,72100.0,CE,72952.75,1579.1,100,1759.1,100,0.0,1669.1,0,0,0,0,0,,,,,,,,,,,,,,,0.07141456424930238,73286.2,0.06385745695837178,0.009899999999999999,index_dividend_yield,0.065,11.25,25,73081.3,73210.35,72872.05,72947.45,mid_price,no_nse_iv
2026-09-03T08:24:30.301834+00:00,2026-09-03T13:54:30.301834+05:30,NIFTYNXT50,29-Sep-2026,72100.0,PE,72952.75,537.2,150,665.8,150,0.0,601.5,0,0,0,0,0,,,,,,,,,,,,,,,0.07141456424930238,73286.2,0.06385745695837178,0.009899999999999999,index_dividend_yield,0.065,11.25,25,73081.3,73210.35,72872.05,72947.45,mid_price,no_nse_iv
2026-09-03T08:24:30.301834+00:00,2026-09-03T13:54:30.301834+05:30,NIFTYNXT50,29-Sep-2026,72200.0,CE,72952.75,764.65,50,2578.7,550,0.0,1671.675,0,0,0,0,0,,,,,,,,,,,,,,,0.07141456424930238,73286.2,0.06385745695837178,0.009899999999999999,index_dividend_yield,0.065,11.25,25,73081.3,73210.35,72872.05,72947.45,mid_price,no_nse_iv
2026-09-03T08:24:30.301834+00:00,2026-09-03T13:54:30.301834+05:30,NIFTYNXT50,29-Sep-2026,72200.0,PE,72952.75,239.1,25,1100,25,0.0,669.55,0,0,0,0,0,,,,,,,,,,,,,,,0.07141456424930238,73286.2,0.06385745695837178,0.009899999999999999,index_dividend_yield,0.065,11.25,25,73081.3,73210.35,72872.05,72947.45,mid_price,no_nse_iv
2026-09-03T08:24:30.301834+00:00,2026-09-03T13:54:30.301834+05:30,NIFTYNXT50,29-Sep-2026,72300.0,CE,72952.75,728.65,50,2492.15,550,0.0,1610.4,0,0,0,0,0,,,,,,,,,,,,,,,0.07141456424930238,73286.2,0.06385745695837178,0.009899999999999999,index_dividend_yield,0.065,11.25,25,73081.3,73210.35,72872.05,72947.45,mid_price,no_nse_iv
2026-09-03T08:24:30.301834+00:00,2026-09-03T13:54:30.301834+05:30,NIFTYNXT50,29-Sep-2026,72300.0,PE,72952.75,257.9,25,,0,0.0,,0,0,0,0,0,,,,,,,,,,,,,,,0.07141456424930238,,,,,,11.25,25,73081.3,73210.35,72872.05,72947.45,none,no_price_available
2026-09-03T08:24:30.301834+00:00,2026-09-03T13:54:30.301834+05:30,NIFTYNXT50,29-Sep-2026,72400.0,CE,72952.75,693.65,25,2382.95,550,0.0,1538.3,0,0,0,0,0,,,,,,,,,,,,,,,0.07141456424930238,73286.2,0.06385745695837178,0.009899999999999999,index_dividend_yield,0.065,11.25,25,73081.3,73210.35,72872.05,72947.45,mid_price,no_nse_iv
2026-09-03T08:24:30.301834+00:00,2026-09-03T13:54:30.301834+05:30,NIFTYNXT50,29-Sep-2026,72400.0,PE,72952.75,277.7,25,1127.95,25,0.0,702.825,0,0,0,0,0,,,,,,,,,,,,,,,0.07141456424930238,73286.2,0.06385745695837178,0.009899999999999999,index_dividend_yield,0.065,11.25,25,73081.3,73210.35,72872.05,72947.45,mid_price,no_nse_iv
2026-09-03T08:24:30.301834+00:00,2026-09-03T13:54:30.301834+05:30,NIFTYNXT50,29-Sep-2026,72500.0,CE,72952.75,660,25,1975,25,0.0,1317.5,0,0,0,0,0,,,,,,,,,,,,,,,0.07141456424930238,73286.2,0.06385745695837178,0.009899999999999999,index_dividend_yield,0.065,11.25,25,73081.3,73210.35,72872.05,72947.45,mid_price,no_nse_iv
2026-09-03T08:24:30.301834+00:00,2026-09-03T13:54:30.301834+05:30,NIFTYNXT50,29-Sep-2026,72500.0,PE,72952.75,503.15,25,871,25,0.0,687.075,6,0,0,0,13.38,-0.38104296726642073,0.00014601668175304953,-14.73551838827566,74.255514906131,-0.7580518374403211,0.00032730831243310554,44.63898960707979,-1.8714590103523802e-08,-0.0010035759131543007,2.766355743647668e-06,-1.4422831966297451,-39.284816375211385,0.3931825838089481,0.00014784607409736895,0.07141456424930238,73286.2,0.06385745695837178,0.009899999999999999,index_dividend_yield,0.065,11.25,25,73081.3,73210.35,72872.05,72947.45,mid_price,wide_quote_low_liquidity
2026-09-03T08:24:30.301834+00:00,2026-09-03T13:54:30.301834+05:30,NIFTYNXT50,29-Sep-2026,72600.0,CE,72952.75,1278.15,100,1447.25,100,0.0,1362.7,0,0,0,0,0,,,,,,,,,,,,,,,0.07141456424930238,73286.2,0.06385745695837178,0.009899999999999999,index_dividend_yield,0.065,11.25,25,73081.3,73210.35,72872.05,72947.45,mid_price,no_nse_iv
2026-09-03T08:24:30.301834+00:00,2026-09-03T13:54:30.301834+05:30,NIFTYNXT50,29-Sep-2026,72600.0,PE,72952.75,690.55,150,818.85,150,0.0,754.7,0,0,0,0,0,,,,,,,,,,,,,,,0.07141456424930238,73286.2,0.06385745695837178,0.009899999999999999,index_dividend_yield,0.065,11.25,25,73081.3,73210.35,72872.05,72947.45,mid_price,no_nse_iv
2026-09-03T08:24:30.301834+00:00,2026-09-03T13:54:30.301834+05:30,NIFTYNXT50,29-Sep-2026,72700.0,CE,72952.75,595.15,25,2289.1,550,0.0,1442.125,0,0,0,0,0,,,,,,,,,,,,,,,0.07141456424930238,73286.2,0.06385745695837178,0.009899999999999999,index_dividend_yield,0.065,11.25,25,73081.3,73210.35,72872.05,72947.45,mid_price,no_nse_iv
2026-09-03T08:24:30.301834+00:00,2026-09-03T13:54:30.301834+05:30,NIFTYNXT50,29-Sep-2026,72700.0,PE,72952.75,341.7,25,1342,50,0.0,841.85,0,0,0,0,0,,,,,,,,,,,,,,,0.07141456424930238,73286.2,0.06385745695837178,0.009899999999999999,index_dividend_yield,0.065,11.25,25,73081.3,73210.35,72872.05,72947.45,mid_price,no_nse_iv
2026-09-03T08:24:30.301834+00:00,2026-09-03T13:54:30.301834+05:30,NIFTYNXT50,29-Sep-2026,72800.0,CE,72952.75,564.35,25,2187.15,550,0.0,1375.75,0,0,0,0,0,,,,,,,,,,,,,,,0.07141456424930238,73286.2,0.06385745695837178,0.009899999999999999,index_dividend_yield,0.065,11.25,25,73081.3,73210.35,72872.05,72947.45,mid_price,no_nse_iv
2026-09-03T08:24:30.301834+00:00,2026-09-03T13:54:30.301834+05:30,NIFTYNXT50,29-Sep-2026,72800.0,PE,72952.75,364.8,25,1345,100,0.0,854.9,0,0,0,0,0,,,,,,,,,,,,,,,0.07141456424930238,73286.2,0.06385745695837178,0.009899999999999999,index_dividend_yield,0.065,11.25,25,73081.3,73210.35,72872.05,72947.45,mid_price,no_nse_iv
2026-09-03T08:24:30.301834+00:00,2026-09-03T13:54:30.301834+05:30,NIFTYNXT50,29-Sep-2026,72900.0,CE,72952.75,1090.1,125,1247.75,125,0.0,1168.925,0,0,0,0,0,,,,,,,,,,,,,,,0.07141456424930238,73286.2,0.06385745695837178,0.009899999999999999,index_dividend_yield,0.065,11.25,25,73081.3,73210.35,72872.05,72947.45,mid_price,no_nse_iv
2026-09-03T08:24:30.301834+00:00,2026-09-03T13:54:30.301834+05:30,NIFTYNXT50,29-Sep-2026,72900.0,PE,72952.75,837,25,949,25,925,893.0,6,6,46,-72.00744450665012,15.32,-0.44628600007462643,0.0001322803734584465,-17.53701009397559,77.02368692534532,-0.24065147239693552,-0.0007617447384894449,6.2988332717495155,-7.689186063211294e-09,-0.000852666915770328,2.575253405008018e-06,-1.455816080370795,-31.72925244709077,0.4606845508635824,0.0001324718772785614,0.07141456424930238,73286.2,0.06385745695837178,0.009899999999999999,index_dividend_yield,0.065,11.25,25,73081.3,73210.35,72872.05,72947.45,mid_price,ok
2026-09-03T08:24:30.301834+00:00,2026-09-03T13:54:30.301834+05:30,NIFTYNXT50,29-Sep-2026,73000.0,CE,72952.75,1131,25,1192,25,1180,1161.5,8,0,38,6.115107913669065,12.01,0.546768487145003,0.0001690740238539474,-23.61302431869089,77.17737833775126,-0.2847551002893023,-0.0011912959966113856,6.577593756212252,-1.0715608505774831e-08,-0.0013934624487705802,3.309518296845551e-06,-1.4505238867899946,37.75960082169826,-0.5319437073910357,0.0001688552248888074,0.07141456424930238,73286.2,0.06385745695837178,0.009899999999999999,index_dividend_yield,0.065,11.25,25,73081.3,73210.35,72872.05,72947.45,mid_price,ok
2026-09-03T08:24:30.301834+00:00,2026-09-03T13:54:30.301834+05:30,NIFTYNXT50,29-Sep-2026,73000.0,PE,72952.75,732.25,50,1128,50,0.0,930.125,0,0,0,0,0,,,,,,,,,,,,,,,0.07141456424930238,73286.2,0.06385745695837178,0.009899999999999999,index_dividend_yield,0.065,11.25,25,73081.3,73210.35,72872.05,72947.45,mid_price,no_nse_iv
2026-09-03T08:24:30.301834+00:00,2026-09-03T13:54:30.301834+05:30,NIFTYNXT50,29-Sep-2026,73100.0,CE,72952.75,478.05,100,1299.95,25,0.0,889.0,0,0,0,0,0,,,,,,,,,,,,,,,0.07141456424930238,73286.2,0.06385745695837178,0.009899999999999999,index_dividend_yield,0.065,11.25,25,73081.3,73210.35,72872.05,72947.45,mid_price,no_nse_iv
2026-09-03T08:24:30.301834+00:00,2026-09-03T13:54:30.301834+05:30,NIFTYNXT50,29-Sep-2026,73100.0,PE,72952.75,439.55,25,1599.9,50,0.0,1019.725,0,0,0,0,0,,,,,,,,,,,,,,,0.07141456424930238,73286.2,0.06385745695837178,0.009899999999999999,index_dividend_yield,0.065,11.25,25,73081.3,73210.35,72872.05,72947.45,mid_price,no_nse_iv
2026-09-03T08:24:30.301834+00:00,2026-09-03T13:54:30.301834+05:30,NIFTYNXT50,29-Sep-2026,73200.0,CE,0,,0,,0,0.0,,0,0,0,0,0,,,,,,,,,,,,,,,0.07141456424930238,,,,,,11.25,25,73081.3,73210.35,72872.05,72947.45,none,no_price_available
2026-09-03T08:24:30.301834+00:00,2026-09-03T13:54:30.301834+05:30,NIFTYNXT50,29-Sep-2026,73200.0,PE,72952.75,466.15,25,1749.9,50,0.0,1108.025,0,0,0,0,0,,,,,,,,,,,,,,,0.07141456424930238,73286.2,0.06385745695837178,0.009899999999999999,index_dividend_yield,0.065,11.25,25,73081.3,73210.35,72872.05,72947.45,mid_price,no_nse_iv
2026-09-03T08:24:30.301834+00:00,2026-09-03T13:54:30.301834+05:30,NIFTYNXT50,29-Sep-2026,73300.0,CE,0,,0,,0,0.0,,0,0,0,0,0,,,,,,,,,,,,,,,0.07141456424930238,,,,,,11.25,25,73081.3,73210.35,72872.05,72947.45,none,no_price_available
2026-09-03T08:24:30.301834+00:00,2026-09-03T13:54:30.301834+05:30,NIFTYNXT50,29-Sep-2026,73300.0,PE,72952.75,1007.2,125,1150,25,1089.75,1078.6,0,0,5,-69.01478532840488,15.09,-0.4996526666891042,0.00013551229958582927,-16.77977831397714,77.7209464498124,0.10657839836453187,-0.0018146671296064287,0.0003334160112444806,-1.828494397111619e-09,-0.0008980659934790366,2.603620546938354e-06,-1.4888008117991232,-30.29715454845727,0.51369922994265,0.0001342313941721996,0.07141456424930238,73286.2,0.06385745695837178,0.009899999999999999,index_dividend_yield,0.065,11.25,25,73081.3,73210.35,72872.05,72947.45,mid_price,ok
2026-09-03T08:24:30.301834+00:00,2026-09-03T13:54:30.301834+05:30,NIFTYNXT50,29-Sep-2026,73400.0,CE,72952.75,815,25,953.65,25,0.0,884.325,0,0,0,0,0,,,,,,,,,,,,,,,0.07141456424930238,73286.2,0.06385745695837178,0.009899999999999999,index_dividend_yield,0.065,11.25,25,73081.3,73210.35,72872.05,72947.45,mid_price,no_nse_iv
2026-09-03T08:24:30.301834+00:00,2026-09-03T13:54:30.301834+05:30,NIFTYNXT50,29-Sep-2026,73400.0,PE,72952.75,1037.5,125,1200.85,125,1110.35,1119.175,0,0,3,-68.90908072690617,14.72,-0.5138655582121472,0.00013883014919652086,-16.0535368061966,77.67150602631634,0.2030301793222722,-0.0021164167211198404,1.4121566984073297,-1.605150139374376e-10,-0.0009406587142445961,2.6412253736659143e-06,-1.5024708933801205,-30.566976964419162,0.5274431074602882,0.00013714342953600748,0.07141456424930238,73286.2,0.06385745695837178,0.009899999999999999,index_dividend_yield,0.065,11.25,25,73081.3,73210.35,72872.05,72947.45,mid_price,ok
2026-09-03T08:24:30.301834+00:00,2026-09-03T13:54:30.301834+05:30,NIFTYNXT50,29-Sep-2026,73500.0,CE,72952.75,825,25,955,25,0.0,890.0,8,0,0,0,9.43,0.44883034596739113,0.00021508435013541677,-18.778056294109618,77.08868368900204,0.641684744417309,-0.003517658082868136,15.991568872308903,1.1828462897367819e-08,-0.002236478099669226,3.88689833348793e-06,-1.564642433657383,53.484388599877335,-0.43715922532048124,0.00021189341897755217,0.07141456424930238,73286.2,0.06385745695837178,0.009899999999999999,index_dividend_yield,0.065,11.25,25,73081.3,73210.35,72872.05,72947.45,mid_price,ok
2026-09-03T08:24:30.301834+00:00,2026-09-03T13:54:30.301834+05:30,NIFTYNXT50,29-Sep-2026,73500.0,PE,72952.75,626.25,50,1729.7,125,0.0,1177.975,0,0,0,0,0,,,,,,,,,,,,,,,0.07141456424930238,73286.2,0.06385745695837178,0.009899999999999999,index_dividend_yield,0.065,11.25,25,73081.3,73210.35,72872.05,72947.45,mid_price,no_nse_iv
2026-09-03T08:24:30.301834+00:00,2026-09-03T13:54:30.301834+05:30,NIFTYNXT50,29-Sep-2026,73600.0,CE,72952.75,352.45,25,959.65,25,0.0,656.05,0,0,0,0,0,,,,,,,,,,,,,,,0.07141456424930238,73286.2,0.06385745695837178,0.009899999999999999,index_dividend_yield,0.065,11.25,25,73081.3,73210.35,72872.05,72947.45,mid_price,no_nse_iv
2026-09-03T08:24:30.301834+00:00,2026-09-03T13:54:30.301834+05:30,NIFTYNXT50,29-Sep-2026,73600.0,PE,72952.75,583.2,25,2052.3,550,0.0,1317.75,0,0,0,0,0,,,,,,,,,,,,,,,0.07141456424930238,73286.2,0.06385745695837178,0.009899999999999999,index_dividend_yield,0.065,11.25,25,73081.3,73210.35,72872.05,72947.45,mid_price,no_nse_iv
2026-09-03T08:24:30.301834+00:00,2026-09-03T13:54:30.301834+05:30,NIFTYNXT50,29-Sep-2026,73700.0,CE,72952.75,330.2,25,889.85,25,0.0,610.025,1,0,0,0,13,0.43506798696759985,0.00015523017317942129,-23.774642017942437,76.69898557618033,0.5975568268903608,-0.0031882652036201997,18.95575152672535,7.778821486618963e-09,-0.0011557789111236543,2.776927088785422e-06,-1.5707224069995929,39.61818316077313,-0.41978661857607025,0.0001520983495163607,0.07141456424930238,73286.2,0.06385745695837178,0.009899999999999999,index_dividend_yield,0.065,11.25,25,73081.3,73210.35,72872.05,72947.45,mid_price,wide_quote_low_liquidity
2026-09-03T08:24:30.301834+00:00,2026-09-03T13:54:30.301834+05:30,NIFTYNXT50,29-Sep-2026,73700.0,PE,72952.75,614.8,25,2106.25,25,0.0,1360.525,0,0,0,0,0,,,,,,,,,,,,,,,0.07141456424930238,73286.2,0.06385745695837178,0.009899999999999999,index_dividend_yield,0.065,11.25,25,73081.3,73210.35,72872.05,72947.45,mid_price,no_nse_iv
2026-09-03T08:24:30.301834+00:00,2026-09-03T13:54:30.301834+05:30,NIFTYNXT50,29-Sep-2026,73800.0,CE,72952.75,308.65,25,862.05,25,0.0,585.3499999999999,0,0,0,0,0,,,,,,,,,,,,,,,0.07141456424930238,73286.2,0.06385745695837178,0.009899999999999999,index_dividend_yield,0.065,11.25,25,73081.3,73210.35,72872.05,72947.45,mid_price,no_nse_iv
2026-09-03T08:24:30.301834+00:00,2026-09-03T13:54:30.301834+05:30,NIFTYNXT50,29-Sep-2026,73800.0,PE,72952.75,647.6,25,2203.15,25,0.0,1425.375,0,0,0,0,0,,,,,,,,,,,,,,,0.07141456424930238,73286.2,0.06385745695837178,0.009899999999999999,index_dividend_yield,0.065,11.25,25,73081.3,73210.35,72872.05,72947.45,mid_price,no_nse_iv
2026-09-03T08:24:30.301834+00:00,2026-09-03T13:54:30.301834+05:30,NIFTYNXT50,29-Sep-2026,73900.0,CE,72952.75,288.05,25,876.95,25,0.0,582.5,0,0,0,0,0,,,,,,,,,,,,,,,0.07141456424930238,73286.2,0.06385745695837178,0.009899999999999999,index_dividend_yield,0.065,11.25,25,73081.3,73210.35,72872.05,72947.45,mid_price,no_nse_iv
2026-09-03T08:24:30.301834+00:00,2026-09-03T13:54:30.301834+05:30,NIFTYNXT50,29-Sep-2026,73900.0,PE,72952.75,681.3,25,2512.85,25,0.0,1597.0749999999998,0,0,0,0,0,,,,,,,,,,,,,,,0.07141456424930238,73286.2,0.06385745695837178,0.009899999999999999,index_dividend_yield,0.065,11.25,25,73081.3,73210.35,72872.05,72947.45,mid_price,no_nse_iv
2026-09-03T08:24:30.301834+00:00,2026-09-03T13:54:30.301834+05:30,NIFTYNXT50,29-Sep-2026,74000.0,CE,72952.75,630,25,711.6,150,666,670.8,19,3,5,8.354348002928496,11.63,0.3755633199505403,0.00016724087245838698,-20.52430497171953,73.92515859605491,1.1331851999761833,-0.004360121085469348,69.91639776601488,2.08133102356795e-08,-0.0012799184868425172,2.6029626838641436e-06,-1.6856961607309842,47.23002252837823,-0.36240907957448565,0.00016254077274430068,0.07141456424930238,73286.2,0.06385745695837178,0.009899999999999999,index_dividend_yield,0.065,11.25,25,73081.3,73210.35,72872.05,72947.45,mid_price,ok
2026-09-03T08:24:30.301834+00:00,2026-09-03T13:54:30.301834+05:30,NIFTYNXT50,29-Sep-2026,74000.0,PE,72952.75,1000.25,50,3026,100,0.0,2013.125,0,0,0,0,0,,,,,,,,,,,,,,,0.07141456424930238,73286.2,0.06385745695837178,0.009899999999999999,index_dividend_yield,0.065,11.25,25,73081.3,73210.35,72872.05,72947.45,mid_price,no_nse_iv
2026-09-03T08:24:30.301834+00:00,2026-09-03T13:54:30.301834+05:30,NIFTYNXT50,29-Sep-2026,74100.0,CE,72952.75,249.4,25,786.25,25,0.0,517.825,0,0,0,0,0,,,,,,,,,,,,,,,0.07141456424930238,73286.2,0.06385745695837178,0.009899999999999999,index_dividend_yield,0.065,11.25,25,73081.3,73210.35,72872.05,72947.45,mid_price,no_nse_iv
2026-09-03T08:24:30.301834+00:00,2026-09-03T13:54:30.301834+05:30,NIFTYNXT50,29-Sep-2026,74100.0,PE,72952.75,751.8,25,2229.4,25,0.0,1490.6,0,0,0,0,0,,,,,,,,,,,,,,,0.07141456424930238,73286.2,0.06385745695837178,0.009899999999999999,index_dividend_yield,0.065,11.25,25,73081.3,73210.35,72872.05,72947.45,mid_price,no_nse_iv
2026-09-03T08:24:30.301834+00:00,2026-09-03T13:54:30.301834+05:30,NIFTYNXT50,29-Sep-2026,74200.0,CE,72952.75,231.25,25,760.8,25,0.0,496.025,0,0,0,0,0,,,,,,,,,,,,,,,0.07141456424930238,73286.2,0.06385745695837178,0.009899999999999999,index_dividend_yield,0.065,11.25,25,73081.3,73210.35,72872.05,72947.45,mid_price,no_nse_iv
2026-09-03T08:24:30.301834+00:00,2026-09-03T13:54:30.301834+05:30,NIFTYNXT50,29-Sep-2026,74200.0,PE,72952.75,788.5,25,2583.95,25,0.0,1686.225,0,0,0,0,0,,,,,,,,,,,,,,,0.07141456424930238,73286.2,0.06385745695837178,0.009899999999999999,index_dividend_yield,0.065,11.25,25,73081.3,73210.35,72872.05,72947.45,mid_price,no_nse_iv
2026-09-03T08:24:30.301834+00:00,2026-09-03T13:54:30.301834+05:30,NIFTYNXT50,29-Sep-2026,74300.0,CE,72952.75,213.85,25,774.6,25,0.0,494.225,0,0,0,0,0,,,,,,,,,,,,,,,0.07141456424930238,73286.2,0.06385745695837178,0.009899999999999999,index_dividend_yield,0.065,11.25,25,73081.3,73210.35,72872.05,72947.45,mid_price,no_nse_iv
2026-09-03T08:24:30.301834+00:00,2026-09-03T13:54:30.301834+05:30,NIFTYNXT50,29-Sep-2026,74300.0,PE,72952.75,826.4,25,2610.9,550,0.0,1718.65,0,0,0,0,0,,,,,,,,,,,,,,,0.07141456424930238,73286.2,0.06385745695837178,0.009899999999999999,index_dividend_yield,0.065,11.25,25,73081.3,73210.35,72872.05,72947.45,mid_price,no_nse_iv
2026-09-03T08:24:30.301834+00:00,2026-09-03T13:54:30.301834+05:30,NIFTYNXT50,29-Sep-2026,74400.0,CE,72952.75,197.1,50,750.35,25,0.0,473.725,0,0,0,0,0,,,,,,,,,,,,,,,0.07141456424930238,73286.2,0.06385745695837178,0.009899999999999999,index_dividend_yield,0.065,11.25,25,73081.3,73210.35,72872.05,72947.45,mid_price,no_nse_iv
2026-09-03T08:24:30.301834+00:00,2026-09-03T13:54:30.301834+05:30,NIFTYNXT50,29-Sep-2026,74400.0,PE,72952.75,865.4,25,2676.5,25,0.0,1770.95,0,0,0,0,0,,,,,,,,,,,,,,,0.07141456424930238,73286.2,0.06385745695837178,0.009899999999999999,index_dividend_yield,0.065,11.25,25,73081.3,73210.35,72872.05,72947.45,mid_price,no_nse_iv
2026-09-03T08:24:30.301834+00:00,2026-09-03T13:54:30.301834+05:30,NIFTYNXT50,29-Sep-2026,74500.0,CE,72952.75,450,25,539.95,150,672,494.975,11,0,1,-10.280373831775702,14.2,0.33321993736102534,0.00013126714161375616,-22.860600169103463,70.84586357727103,1.1985791684356317,-0.0047019202051390985,100.57404462049391,1.8469096421971865e-08,-0.0007380909680532183,1.789322200395737e-06,-1.7523581044312095,40.741131667412404,-0.3182903815812572,0.00012587132910146066,0.07141456424930238,73286.2,0.06385745695837178,0.009899999999999999,index_dividend_yield,0.065,11.25,25,73081.3,73210.35,72872.05,72947.45,mid_price,wide_quote_low_liquidity
2026-09-03T08:24:30.301834+00:00,2026-09-03T13:54:30.301834+05:30,NIFTYNXT50,29-Sep-2026,74500.0,PE,72952.75,1309,25,3602,25,0.0,2455.5,15,0,0,0,16.62,-0.6407686120132557,0.00011524552495593888,-15.791255955547808,72.79896680225136,0.9125323256561346,-0.004196344996047374,64.35458594274479,1.1226255319609783e-08,-0.0005915533226530245,1.7474860661292086e-06,-1.689197049457661,-23.090642557456984,0.6546346515262363,0.00011050829035252952,0.07141456424930238,73286.2,0.06385745695837178,0.009899999999999999,index_dividend_yield,0.065,11.25,25,73081.3,73210.35,72872.05,72947.45,mid_price,wide_quote_low_liquidity
2026-09-03T08:24:30.301834+00:00,2026-09-03T13:54:30.301834+05:30,NIFTYNXT50,29-Sep-2026,74600.0,CE,72952.75,166.25,50,705,25,0.0,435.625,0,0,0,0,0,,,,,,,,,,,,,,,0.07141456424930238,73286.2,0.06385745695837178,0.009899999999999999,index_dividend_yield,0.065,11.25,25,73081.3,73210.35,72872.05,72947.45,mid_price,no_nse_iv
2026-09-03T08:24:30.301834+00:00,2026-09-03T13:54:30.301834+05:30,NIFTYNXT50,29-Sep-2026,74600.0,PE,72952.75,946.1,25,2808.2,25,0.0,1877.1499999999999,0,0,0,0,0,,,,,,,,,,,,,,,0.07141456424930238,73286.2,0.06385745695837178,0.009899999999999999,index_dividend_yield,0.065,11.25,25,73081.3,73210.35,72872.05,72947.45,mid_price,no_nse_iv
2026-09-03T08:24:30.301834+00:00,2026-09-03T13:54:30.301834+05:30,NIFTYNXT50,29-Sep-2026,74700.0,CE,72952.75,151.65,50,680.95,25,0.0,416.3,0,0,0,0,0,,,,,,,,,,,,,,,0.07141456424930238,73286.2,0.06385745695837178,0.009899999999999999,index_dividend_yield,0.065,11.25,25,73081.3,73210.35,72872.05,72947.45,mid_price,no_nse_iv
2026-09-03T08:24:30.301834+00:00,2026-09-03T13:54:30.301834+05:30,NIFTYNXT50,29-Sep-2026,74700.0,PE,72952.75,988.25,25,2721.3,25,0.0,1854.775,0,0,0,0,0,,,,,,,,,,,,,,,0.07141456424930238,73286.2,0.06385745695837178,0.009899999999999999,index_dividend_yield,0.065,11.25,25,73081.3,73210.35,72872.05,72947.45,mid_price,no_nse_iv
2026-09-03T08:24:30.301834+00:00,2026-09-03T13:54:30.301834+05:30,NIFTYNXT50,29-Sep-2026,74800.0,CE,72952.75,137.95,50,658.9,25,0.0,398.42499999999995,0,0,0,0,0,,,,,,,,,,,,,,,0.07141456424930238,73286.2,0.06385745695837178,0.009899999999999999,index_dividend_yield,0.065,11.25,25,73081.3,73210.35,72872.05,72947.45,mid_price,no_nse_iv
2026-09-03T08:24:30.301834+00:00,2026-09-03T13:54:30.301834+05:30,NIFTYNXT50,29-Sep-2026,74800.0,PE,72952.75,1031.3,25,2792.15,550,0.0,1911.725,0,0,0,0,0,,,,,,,,,,,,,,,0.07141456424930238,73286.2,0.06385745695837178,0.009899999999999999,index_dividend_yield,0.065,11.25,25,73081.3,73210.35,72872.05,72947.45,mid_price,no_nse_iv
2026-09-03T08:24:30.301834+00:00,2026-09-03T13:54:30.301834+05:30,NIFTYNXT50,29-Sep-2026,74900.0,CE,72952.75,124.9,50,637.3,25,0.0,381.09999999999997,0,0,0,0,0,,,,,,,,,,,,,,,0.07141456424930238,73286.2,0.06385745695837178,0.009899999999999999,index_dividend_yield,0.065,11.25,25,73081.3,73210.35,72872.05,72947.45,mid_price,no_nse_iv
2026-09-03T08:24:30.301834+00:00,2026-09-03T13:54:30.301834+05:30,NIFTYNXT50,29-Sep-2026,74900.0,PE,72952.75,1075.45,25,2888.4,25,0.0,1981.9250000000002,0,0,0,0,0,,,,,,,,,,,,,,,0.07141456424930238,73286.2,0.06385745695837178,0.009899999999999999,index_dividend_yield,0.065,11.25,25,73081.3,73210.35,72872.05,72947.45,mid_price,no_nse_iv
2026-09-03T08:24:30.301834+00:00,2026-09-03T13:54:30.301834+05:30,NIFTYNXT50,29-Sep-2026,75000.0,CE,72952.75,130.05,50,560.85,50,0.0,345.45000000000005,8,0,0,0,10.76,0.2084565432897143,0.00013675292453111307,-13.795392844638329,55.926677534092384,2.239630038111437,-0.006123322254044356,354.2489881214088,5.041466340461583e-08,-0.00040467009867350837,2.561632342237103e-07,-2.0406252267713683,62.41537212180162,-0.1995177136844741,0.00012938902223748883,0.07141456424930238,73286.2,0.06385745695837178,0.009899999999999999,index_dividend_yield,0.065,11.25,25,73081.3,73210.35,72872.05,72947.45,mid_price,wide_quote_low_liquidity
2026-09-03T08:24:30.301834+00:00,2026-09-03T13:54:30.301834+05:30,NIFTYNXT50,29-Sep-2026,75000.0,PE,72952.75,1120.65,25,3092.75,25,0.0,2106.7,0,0,0,0,0,,,,,,,,,,,,,,,0.07141456424930238,73286.2,0.06385745695837178,0.009899999999999999,index_dividend_yield,0.065,11.25,25,73081.3,73210.35,72872.05,72947.45,mid_price,no_nse_iv
2026-09-03T08:24:30.301834+00:00,2026-09-03T13:54:30.301834+05:30,NIFTYNXT50,29-Sep-2026,75100.0,CE,72952.75,100.55,50,595.8,25,0.0,348.17499999999995,0,0,0,0,0,,,,,,,,,,,,,,,0.07141456424930238,73286.2,0.06385745695837178,0.009899999999999999,index_dividend_yield,0.065,11.25,25,73081.3,73210.35,72872.05,72947.45,mid_price,no_nse_iv
2026-09-03T08:24:30.301834+00:00,2026-09-03T13:54:30.301834+05:30,NIFTYNXT50,29-Sep-2026,75100.0,PE,72952.75,1166.95,25,3062.3,25,0.0,2114.625,0,0,0,0,0,,,,,,,,,,,,,,,0.07141456424930238,,,,,,11.25,25,73081.3,73210.35,72872.05,72947.45,mid_price,no_price_available
2026-09-03T08:24:30.301834+00:00,2026-09-03T13:54:30.301834+05:30,NIFTYNXT50,29-Sep-2026,75200.0,CE,72952.75,89.5,50,575.8,25,0.0,332.65,0,0,0,0,0,,,,,,,,,,,,,,,0.07141456424930238,73286.2,0.06385745695837178,0.009899999999999999,index_dividend_yield,0.065,11.25,25,73081.3,73210.35,72872.05,72947.45,mid_price,no_nse_iv
2026-09-03T08:24:30.301834+00:00,2026-09-03T13:54:30.301834+05:30,NIFTYNXT50,29-Sep-2026,75200.0,PE,72952.75,1214.15,25,3111.65,25,0.0,2162.9,0,0,0,0,0,,,,,,,,,,,,,,,0.07141456424930238,,,,,,11.25,25,73081.3,73210.35,72872.05,72947.45,mid_price,no_price_available
2026-09-03T08:24:30.301834+00:00,2026-09-03T13:54:30.301834+05:30,NIFTYNXT50,29-Sep-2026,75300.0,CE,72952.75,78.8,50,556.25,25,0.0,317.525,0,0,0,0,0,,,,,,,,,,,,,,,0.07141456424930238,73286.2,0.06385745695837178,0.009899999999999999,index_dividend_yield,0.065,11.25,25,73081.3,73210.35,72872.05,72947.45,mid_price,no_nse_iv
2026-09-03T08:24:30.301834+00:00,2026-09-03T13:54:30.301834+05:30,NIFTYNXT50,29-Sep-2026,75300.0,PE,72952.75,1262.6,25,3194.8,25,0.0,2228.7,0,0,0,0,0,,,,,,,,,,,,,,,0.07141456424930238,,,,,,11.25,25,73081.3,73210.35,72872.05,72947.45,mid_price,no_price_available
2026-09-03T08:24:30.301834+00:00,2026-09-03T13:54:30.301834+05:30,NIFTYNXT50,29-Sep-2026,75400.0,CE,72952.75,68.7,50,560,25,0.0,314.35,0,0,0,0,0,,,,,,,,,,,,,,,0.07141456424930238,73286.2,0.06385745695837178,0.009899999999999999,index_dividend_yield,0.065,11.25,25,73081.3,73210.35,72872.05,72947.45,mid_price,no_nse_iv
2026-09-03T08:24:30.301834+00:00,2026-09-03T13:54:30.301834+05:30,NIFTYNXT50,29-Sep-2026,75400.0,PE,72952.75,1312.05,25,3302.9,25,0.0,2307.475,0,0,0,0,0,,,,,,,,,,,,,,,0.07141456424930238,,,,,,11.25,25,73081.3,73210.35,72872.05,72947.45,mid_price,no_price_available
2026-09-03T08:24:30.301834+00:00,2026-09-03T13:54:30.301834+05:30,NIFTYNXT50,29-Sep-2026,75500.0,CE,72952.75,59.4,50,505,25,0.0,282.2,0,0,0,0,0,,,,,,,,,,,,,,,0.07141456424930238,73286.2,0.06385745695837178,0.009899999999999999,index_dividend_yield,0.065,11.25,25,73081.3,73210.35,72872.05,72947.45,mid_price,no_nse_iv
2026-09-03T08:24:30.301834+00:00,2026-09-03T13:54:30.301834+05:30,NIFTYNXT50,29-Sep-2026,75500.0,PE,72952.75,1362.4,25,3366.75,25,0.0,2364.575,0,0,0,0,0,,,,,,,,,,,,,,,0.07141456424930238,,,,,,11.25,25,73081.3,73210.35,72872.05,72947.45,mid_price,no_price_available
2026-09-03T08:24:30.301834+00:00,2026-09-03T13:54:30.301834+05:30,NIFTYNXT50,29-Sep-2026,75600.0,CE,72952.75,50.35,50,500.8,25,0.0,275.575,0,0,0,0,0,,,,,,,,,,,,,,,0.07141456424930238,73286.2,0.06385745695837178,0.009899999999999999,index_dividend_yield,0.065,11.25,25,73081.3,73210.35,72872.05,72947.45,mid_price,no_nse_iv
2026-09-03T08:24:30.301834+00:00,2026-09-03T13:54:30.301834+05:30,NIFTYNXT50,29-Sep-2026,75600.0,PE,72952.75,1413.95,25,3452.9,25,0.0,2433.425,0,0,0,0,0,,,,,,,,,,,,,,,0.07141456424930238,,,,,,11.25,25,73081.3,73210.35,72872.05,72947.45,mid_price,no_price_available
2026-09-03T08:24:30.301834+00:00,2026-09-03T13:54:30.301834+05:30,NIFTYNXT50,29-Sep-2026,75700.0,CE,72952.75,41.9,50,480,25,0.0,260.95,0,0,0,0,0,,,,,,,,,,,,,,,0.07141456424930238,73286.2,0.06385745695837178,0.009899999999999999,index_dividend_yield,0.065,11.25,25,73081.3,73210.35,72872.05,72947.45,mid_price,no_nse_iv
2026-09-03T08:24:30.301834+00:00,2026-09-03T13:54:30.301834+05:30,NIFTYNXT50,29-Sep-2026,75700.0,PE,72952.75,1466.55,25,3538.1,25,0.0,2502.325,0,0,0,0,0,,,,,,,,,,,,,,,0.07141456424930238,,,,,,11.25,25,73081.3,73210.35,72872.05,72947.45,mid_price,no_price_available
2026-09-03T08:24:30.301834+00:00,2026-09-03T13:54:30.301834+05:30,NIFTYNXT50,29-Sep-2026,75800.0,CE,72952.75,33.95,50,500,25,0.0,266.975,0,0,0,0,0,,,,,,,,,,,,,,,0.07141456424930238,73286.2,0.06385745695837178,0.009899999999999999,index_dividend_yield,0.065,11.25,25,73081.3,73210.35,72872.05,72947.45,mid_price,no_nse_iv
2026-09-03T08:24:30.301834+00:00,2026-09-03T13:54:30.301834+05:30,NIFTYNXT50,29-Sep-2026,75800.0,PE,72952.75,1520.15,25,3659.9,25,0.0,2590.025,0,0,0,0,0,,,,,,,,,,,,,,,0.07141456424930238,,,,,,11.25,25,73081.3,73210.35,72872.05,72947.45,mid_price,no_price_available
2026-09-03T08:24:30.301834+00:00,2026-09-03T13:54:30.301834+05:30,NIFTYNXT50,29-Sep-2026,75900.0,CE,72952.75,26.55,50,500,25,0.0,263.275,0,0,0,0,0,,,,,,,,,,,,,,,0.07141456424930238,73286.2,0.06385745695837178,0.009899999999999999,index_dividend_yield,0.065,11.25,25,73081.3,73210.35,72872.05,72947.45,mid_price,no_nse_iv
2026-09-03T08:24:30.301834+00:00,2026-09-03T13:54:30.301834+05:30,NIFTYNXT50,29-Sep-2026,75900.0,PE,72952.75,1574.75,25,3765.7,25,0.0,2670.225,0,0,0,0,0,,,,,,,,,,,,,,,0.07141456424930238,,,,,,11.25,25,73081.3,73210.35,72872.05,72947.45,mid_price,no_price_available
2026-09-03T08:24:30.301834+00:00,2026-09-03T13:54:30.301834+05:30,NIFTYNXT50,29-Sep-2026,76000.0,CE,72952.75,22.75,50,469,25,0.0,245.875,0,0,0,0,0,,,,,,,,,,,,,,,0.07141456424930238,73286.2,0.06385745695837178,0.009899999999999999,index_dividend_yield,0.065,11.25,25,73081.3,73210.35,72872.05,72947.45,mid_price,no_nse_iv
2026-09-03T08:24:30.301834+00:00,2026-09-03T13:54:30.301834+05:30,NIFTYNXT50,29-Sep-2026,76000.0,PE,72952.75,1633.55,25,3859.4,25,0.0,2746.475,0,0,0,0,0,,,,,,,,,,,,,,,0.07141456424930238,,,,,,11.25,25,73081.3,73210.35,72872.05,72947.45,mid_price,no_price_available
2026-09-03T08:24:30.301834+00:00,2026-09-03T13:54:30.301834+05:30,NIFTYNXT50,29-Sep-2026,76100.0,CE,72952.75,16.6,50,500,75,0.0,258.3,0,0,0,0,0,,,,,,,,,,,,,,,0.07141456424930238,73286.2,0.06385745695837178,0.009899999999999999,index_dividend_yield,0.065,11.25,25,73081.3,73210.35,72872.05,72947.45,mid_price,no_nse_iv
2026-09-03T08:24:30.301834+00:00,2026-09-03T13:54:30.301834+05:30,NIFTYNXT50,29-Sep-2026,76100.0,PE,72952.75,1690.35,25,3977.05,25,0.0,2833.7,0,0,0,0,0,,,,,,,,,,,,,,,0.07141456424930238,,,,,,11.25,25,73081.3,73210.35,72872.05,72947.45,mid_price,no_price_available
2026-09-03T08:24:30.301834+00:00,2026-09-03T13:54:30.301834+05:30,NIFTYNXT50,29-Sep-2026,76200.0,CE,72952.75,10.65,50,500,75,0.0,255.325,0,0,0,0,0,,,,,,,,,,,,,,,0.07141456424930238,73286.2,0.06385745695837178,0.009899999999999999,index_dividend_yield,0.065,11.25,25,73081.3,73210.35,72872.05,72947.45,mid_price,no_nse_iv
2026-09-03T08:24:30.301834+00:00,2026-09-03T13:54:30.301834+05:30,NIFTYNXT50,29-Sep-2026,76200.0,PE,72952.75,1748.35,25,4082.4,25,0.0,2915.375,0,0,0,0,0,,,,,,,,,,,,,,,0.07141456424930238,,,,,,11.25,25,73081.3,73210.35,72872.05,72947.45,mid_price,no_price_available
2026-09-03T08:24:30.301834+00:00,2026-09-03T13:54:30.301834+05:30,NIFTYNXT50,29-Sep-2026,76300.0,CE,72952.75,2.25,50,500,25,0.0,251.125,0,0,0,0,0,,,,,,,,,,,,,,,0.07141456424930238,73286.2,0.06385745695837178,0.009899999999999999,index_dividend_yield,0.065,11.25,25,73081.3,73210.35,72872.05,72947.45,mid_price,no_nse_iv
2026-09-03T08:24:30.301834+00:00,2026-09-03T13:54:30.301834+05:30,NIFTYNXT50,29-Sep-2026,76300.0,PE,72952.75,1803.9,25,4185.7,25,0.0,2994.8,0,0,0,0,0,,,,,,,,,,,,,,,0.07141456424930238,,,,,,11.25,25,73081.3,73210.35,72872.05,72947.45,mid_price,no_price_available
2026-09-03T08:24:30.301834+00:00,2026-09-03T13:54:30.301834+05:30,NIFTYNXT50,29-Sep-2026,76400.0,CE,72952.75,0.05,50,500,75,0.0,250.025,0,0,0,0,0,,,,,,,,,,,,,,,0.07141456424930238,73286.2,0.06385745695837178,0.009899999999999999,index_dividend_yield,0.065,11.25,25,73081.3,73210.35,72872.05,72947.45,mid_price,no_nse_iv
2026-09-03T08:24:30.301834+00:00,2026-09-03T13:54:30.301834+05:30,NIFTYNXT50,29-Sep-2026,76400.0,PE,72952.75,1863.55,25,4290.7,25,0.0,3077.125,0,0,0,0,0,,,,,,,,,,,,,,,0.07141456424930238,,,,,,11.25,25,73081.3,73210.35,72872.05,72947.45,mid_price,no_price_available
2026-09-03T08:24:30.301834+00:00,2026-09-03T13:54:30.301834+05:30,NIFTYNXT50,29-Sep-2026,76500.0,CE,72952.75,10,25,470,25,0.0,240.0,0,0,0,0,0,,,,,,,,,,,,,,,0.07141456424930238,73286.2,0.06385745695837178,0.009899999999999999,index_dividend_yield,0.065,11.25,25,73081.3,73210.35,72872.05,72947.45,mid_price,no_nse_iv
2026-09-03T08:24:30.301834+00:00,2026-09-03T13:54:30.301834+05:30,NIFTYNXT50,29-Sep-2026,76500.0,PE,72952.75,1924.15,25,4395.7,25,0.0,3159.925,0,0,0,0,0,,,,,,,,,,,,,,,0.07141456424930238,,,,,,11.25,25,73081.3,73210.35,72872.05,72947.45,mid_price,no_price_available
2026-09-03T08:24:30.301834+00:00,2026-09-03T13:54:30.301834+05:30,NIFTYNXT50,29-Sep-2026,76600.0,CE,72952.75,0.05,50,500,75,0.0,250.025,0,0,0,0,0,,,,,,,,,,,,,,,0.07141456424930238,73286.2,0.06385745695837178,0.009899999999999999,index_dividend_yield,0.065,11.25,25,73081.3,73210.35,72872.05,72947.45,mid_price,no_nse_iv
2026-09-03T08:24:30.301834+00:00,2026-09-03T13:54:30.301834+05:30,NIFTYNXT50,29-Sep-2026,76600.0,PE,72952.75,1985.9,25,4502.05,25,0.0,3243.9750000000004,0,0,0,0,0,,,,,,,,,,,,,,,0.07141456424930238,,,,,,11.25,25,73081.3,73210.35,72872.05,72947.45,mid_price,no_price_available
2026-09-03T08:24:30.301834+00:00,2026-09-03T13:54:30.301834+05:30,NIFTYNXT50,29-Sep-2026,76700.0,CE,72952.75,0.05,50,500,25,0.0,250.025,0,0,0,0,0,,,,,,,,,,,,,,,0.07141456424930238,73286.2,0.06385745695837178,0.009899999999999999,index_dividend_yield,0.065,11.25,25,73081.3,73210.35,72872.05,72947.45,mid_price,no_nse_iv
2026-09-03T08:24:30.301834+00:00,2026-09-03T13:54:30.301834+05:30,NIFTYNXT50,29-Sep-2026,76700.0,PE,72952.75,2048.25,25,4772.75,550,0.0,3410.5,0,0,0,0,0,,,,,,,,,,,,,,,0.07141456424930238,,,,,,11.25,25,73081.3,73210.35,72872.05,72947.45,mid_price,no_price_available
2026-09-03T08:24:30.301834+00:00,2026-09-03T13:54:30.301834+05:30,NIFTYNXT50,29-Sep-2026,76800.0,CE,72952.75,0.05,50,500,25,0.0,250.025,0,0,0,0,0,,,,,,,,,,,,,,,0.07141456424930238,73286.2,0.06385745695837178,0.009899999999999999,index_dividend_yield,0.065,11.25,25,73081.3,73210.35,72872.05,72947.45,mid_price,no_nse_iv
2026-09-03T08:24:30.301834+00:00,2026-09-03T13:54:30.301834+05:30,NIFTYNXT50,29-Sep-2026,76800.0,PE,72952.75,,0,4886,550,0.0,,0,0,0,0,0,,,,,,,,,,,,,,,0.07141456424930238,,,,,,11.25,25,73081.3,73210.35,72872.05,72947.45,none,no_price_available
2026-09-03T08:24:30.301834+00:00,2026-09-03T13:54:30.301834+05:30,NIFTYNXT50,29-Sep-2026,76900.0,CE,72952.75,0.05,50,500,75,0.0,250.025,0,0,0,0,0,,,,,,,,,,,,,,,0.07141456424930238,73286.2,0.06385745695837178,0.009899999999999999,index_dividend_yield,0.065,11.25,25,73081.3,73210.35,72872.05,72947.45,mid_price,no_nse_iv
2026-09-03T08:24:30.301834+00:00,2026-09-03T13:54:30.301834+05:30,NIFTYNXT50,29-Sep-2026,76900.0,PE,72952.75,,0,4795.3,550,0.0,,0,0,0,0,0,,,,,,,,,,,,,,,0.07141456424930238,,,,,,11.25,25,73081.3,73210.35,72872.05,72947.45,none,no_price_available
2026-09-03T08:24:30.301834+00:00,2026-09-03T13:54:30.301834+05:30,NIFTYNXT50,29-Sep-2026,77000.0,CE,72952.75,11,100,375,25,0.0,193.0,0,0,0,0,0,,,,,,,,,,,,,,,0.07141456424930238,73286.2,0.06385745695837178,0.009899999999999999,index_dividend_yield,0.065,11.25,25,73081.3,73210.35,72872.05,72947.45,mid_price,no_nse_iv
2026-09-03T08:24:30.301834+00:00,2026-09-03T13:54:30.301834+05:30,NIFTYNXT50,29-Sep-2026,77000.0,PE,72952.75,,0,4755.1,550,0.0,,0,0,0,0,0,,,,,,,,,,,,,,,0.07141456424930238,,,,,,11.25,25,73081.3,73210.35,72872.05,72947.45,none,no_price_available
2026-09-03T08:24:30.301834+00:00,2026-09-03T13:54:30.301834+05:30,NIFTYNXT50,29-Sep-2026,77100.0,CE,72952.75,0.05,50,400,25,0.0,200.025,0,0,0,0,0,,,,,,,,,,,,,,,0.07141456424930238,73286.2,0.06385745695837178,0.009899999999999999,index_dividend_yield,0.065,11.25,25,73081.3,73210.35,72872.05,72947.45,mid_price,no_nse_iv
2026-09-03T08:24:30.301834+00:00,2026-09-03T13:54:30.301834+05:30,NIFTYNXT50,29-Sep-2026,77100.0,PE,72952.75,,0,4847.6,550,0.0,,0,0,0,0,0,,,,,,,,,,,,,,,0.07141456424930238,,,,,,11.25,25,73081.3,73210.35,72872.05,72947.45,none,no_price_available
2026-09-03T08:24:30.301834+00:00,2026-09-03T13:54:30.301834+05:30,NIFTYNXT50,29-Sep-2026,77200.0,CE,72952.75,0.05,50,400,25,0.0,200.025,0,0,0,0,0,,,,,,,,,,,,,,,0.07141456424930238,73286.2,0.06385745695837178,0.009899999999999999,index_dividend_yield,0.065,11.25,25,73081.3,73210.35,72872.05,72947.45,mid_price,no_nse_iv
2026-09-03T08:24:30.301834+00:00,2026-09-03T13:54:30.301834+05:30,NIFTYNXT50,29-Sep-2026,77200.0,PE,72952.75,,0,5000.5,550,0.0,,0,0,0,0,0,,,,,,,,,,,,,,,0.07141456424930238,,,,,,11.25,25,73081.3,73210.35,72872.05,72947.45,none,no_price_available
2026-09-03T08:24:30.301834+00:00,2026-09-03T13:54:30.301834+05:30,NIFTYNXT50,29-Sep-2026,77300.0,CE,72952.75,0.05,50,400,75,0.0,200.025,0,0,0,0,0,,,,,,,,,,,,,,,0.07141456424930238,73286.2,0.06385745695837178,0.009899999999999999,index_dividend_yield,0.065,11.25,25,73081.3,73210.35,72872.05,72947.45,mid_price,no_nse_iv
2026-09-03T08:24:30.301834+00:00,2026-09-03T13:54:30.301834+05:30,NIFTYNXT50,29-Sep-2026,77300.0,PE,72952.75,,0,5078.25,550,0.0,,0,0,0,0,0,,,,,,,,,,,,,,,0.07141456424930238,,,,,,11.25,25,73081.3,73210.35,72872.05,72947.45,none,no_price_available
2026-09-03T08:24:30.301834+00:00,2026-09-03T13:54:30.301834+05:30,NIFTYNXT50,29-Sep-2026,77400.0,CE,72952.75,0.05,50,400,75,0.0,200.025,0,0,0,0,0,,,,,,,,,,,,,,,0.07141456424930238,73286.2,0.06385745695837178,0.009899999999999999,index_dividend_yield,0.065,11.25,25,73081.3,73210.35,72872.05,72947.45,mid_price,no_nse_iv
2026-09-03T08:24:30.301834+00:00,2026-09-03T13:54:30.301834+05:30,NIFTYNXT50,29-Sep-2026,77400.0,PE,72952.75,,0,5204.2,550,0.0,,0,0,0,0,0,,,,,,,,,,,,,,,0.07141456424930238,,,,,,11.25,25,73081.3,73210.35,72872.05,72947.45,none,no_price_available
2026-09-03T08:24:30.301834+00:00,2026-09-03T13:54:30.301834+05:30,NIFTYNXT50,29-Sep-2026,77500.0,CE,72952.75,10,25,385,25,0.0,197.5,0,0,0,0,0,,,,,,,,,,,,,,,0.07141456424930238,73286.2,0.06385745695837178,0.009899999999999999,index_dividend_yield,0.065,11.25,25,73081.3,73210.35,72872.05,72947.45,mid_price,no_nse_iv
2026-09-03T08:24:30.301834+00:00,2026-09-03T13:54:30.301834+05:30,NIFTYNXT50,29-Sep-2026,77500.0,PE,72952.75,,0,5294.55,550,0.0,,0,0,0,0,0,,,,,,,,,,,,,,,0.07141456424930238,,,,,,11.25,25,73081.3,73210.35,72872.05,72947.45,none,no_price_available
2026-09-03T08:24:30.301834+00:00,2026-09-03T13:54:30.301834+05:30,NIFTYNXT50,29-Sep-2026,77600.0,CE,72952.75,1.1,150,365,25,0.0,183.05,10,0,0,0,10,0.01575476499771925,2.0259489977532872e-05,-1.6485998962844082,7.700140218782001,0.8597878480224143,-0.001871780482880895,360.41236501345827,2.22432839277709e-08,0.0007456645910299345,-1.675821988318096e-06,-0.9323347564404658,105.82643597712978,-0.014671297576578589,1.7905580300317563e-05,0.07141456424930238,73286.2,0.06385745695837178,0.009899999999999999,index_dividend_yield,0.065,11.25,25,73081.3,73210.35,72872.05,72947.45,mid_price,wide_quote_low_liquidity
2026-09-03T08:24:30.301834+00:00,2026-09-03T13:54:30.301834+05:30,NIFTYNXT50,29-Sep-2026,77600.0,PE,72952.75,,0,5404.15,550,0.0,,0,0,0,0,0,,,,,,,,,,,,,,,0.07141456424930238,,,,,,11.25,25,73081.3,73210.35,72872.05,72947.45,none,no_price_available
2026-09-03T08:24:30.301834+00:00,2026-09-03T13:54:30.301834+05:30,NIFTYNXT50,29-Sep-2026,77700.0,CE,72952.75,0.05,50,370,25,0.0,185.025,0,0,0,0,0,,,,,,,,,,,,,,,0.07141456424930238,73286.2,0.06385745695837178,0.009899999999999999,index_dividend_yield,0.065,11.25,25,73081.3,73210.35,72872.05,72947.45,mid_price,no_nse_iv
2026-09-03T08:24:30.301834+00:00,2026-09-03T13:54:30.301834+05:30,NIFTYNXT50,29-Sep-2026,77700.0,PE,72952.75,,0,5497.65,550,0.0,,0,0,0,0,0,,,,,,,,,,,,,,,0.07141456424930238,,,,,,11.25,25,73081.3,73210.35,72872.05,72947.45,none,no_price_available
2026-09-03T08:24:30.301834+00:00,2026-09-03T13:54:30.301834+05:30,NIFTYNXT50,29-Sep-2026,77800.0,CE,72952.75,0.05,50,370,25,0.0,185.025,0,0,0,0,0,,,,,,,,,,,,,,,0.07141456424930238,73286.2,0.06385745695837178,0.009899999999999999,index_dividend_yield,0.065,11.25,25,73081.3,73210.35,72872.05,72947.45,mid_price,no_nse_iv
2026-09-03T08:24:30.301834+00:00,2026-09-03T13:54:30.301834+05:30,NIFTYNXT50,29-Sep-2026,77800.0,PE,72952.75,,0,5601.05,550,0.0,,0,0,0,0,0,,,,,,,,,,,,,,,0.07141456424930238,,,,,,11.25,25,73081.3,73210.35,72872.05,72947.45,none,no_price_available
2026-09-03T08:24:30.301834+00:00,2026-09-03T13:54:30.301834+05:30,NIFTYNXT50,29-Sep-2026,77900.0,CE,72952.75,0.05,50,370,25,0.0,185.025,0,0,0,0,0,,,,,,,,,,,,,,,0.07141456424930238,73286.2,0.06385745695837178,0.009899999999999999,index_dividend_yield,0.065,11.25,25,73081.3,73210.35,72872.05,72947.45,mid_price,no_nse_iv
2026-09-03T08:24:30.301834+00:00,2026-09-03T13:54:30.301834+05:30,NIFTYNXT50,29-Sep-2026,77900.0,PE,72952.75,,0,5701.15,550,0.0,,0,0,0,0,0,,,,,,,,,,,,,,,0.07141456424930238,,,,,,11.25,25,73081.3,73210.35,72872.05,72947.45,none,no_price_available
2026-09-03T08:24:30.301834+00:00,2026-09-03T13:54:30.301834+05:30,NIFTYNXT50,29-Sep-2026,78000.0,CE,72952.75,10,25,360,25,0.0,185.0,0,0,0,0,0,,,,,,,,,,,,,,,0.07141456424930238,73286.2,0.06385745695837178,0.009899999999999999,index_dividend_yield,0.065,11.25,25,73081.3,73210.35,72872.05,72947.45,mid_price,no_nse_iv
2026-09-03T08:24:30.301834+00:00,2026-09-03T13:54:30.301834+05:30,NIFTYNXT50,29-Sep-2026,78000.0,PE,72952.75,,0,5816.85,550,0.0,,0,0,0,0,0,,,,,,,,,,,,,,,0.07141456424930238,,,,,,11.25,25,73081.3,73210.35,72872.05,72947.45,none,no_price_available
2026-09-03T08:24:30.301834+00:00,2026-09-03T13:54:30.301834+05:30,NIFTYNXT50,29-Sep-2026,78100.0,CE,0,,0,,0,0.0,,0,0,0,0,0,,,,,,,,,,,,,,,0.07141456424930238,,,,,,11.25,25,73081.3,73210.35,72872.05,72947.45,none,no_price_available
2026-09-03T08:24:30.301834+00:00,2026-09-03T13:54:30.301834+05:30,NIFTYNXT50,29-Sep-2026,78100.0,PE,72952.75,,0,5899.3,550,0.0,,0,0,0,0,0,,,,,,,,,,,,,,,0.07141456424930238,,,,,,11.25,25,73081.3,73210.35,72872.05,72947.45,none,no_price_available
2026-09-03T08:24:30.301834+00:00,2026-09-03T13:54:30.301834+05:30,NIFTYNXT50,29-Sep-2026,78200.0,CE,0,,0,,0,0.0,,0,0,0,0,0,,,,,,,,,,,,,,,0.07141456424930238,,,,,,11.25,25,73081.3,73210.35,72872.05,72947.45,none,no_price_available
2026-09-03T08:24:30.301834+00:00,2026-09-03T13:54:30.301834+05:30,NIFTYNXT50,29-Sep-2026,78200.0,PE,72952.75,,0,5995.7,550,0.0,,0,0,0,0,0,,,,,,,,,,,,,,,0.07141456424930238,,,,,,11.25,25,73081.3,73210.35,72872.05,72947.45,none,no_price_available
2026-09-03T08:24:30.301834+00:00,2026-09-03T13:54:30.301834+05:30,NIFTYNXT50,29-Sep-2026,78300.0,CE,0,,0,,0,0.0,,0,0,0,0,0,,,,,,,,,,,,,,,0.07141456424930238,,,,,,11.25,25,73081.3,73210.35,72872.05,72947.45,none,no_price_available
2026-09-03T08:24:30.301834+00:00,2026-09-03T13:54:30.301834+05:30,NIFTYNXT50,29-Sep-2026,78300.0,PE,72952.75,,0,6127.05,550,0.0,,0,0,0,0,0,,,,,,,,,,,,,,,0.07141456424930238,,,,,,11.25,25,73081.3,73210.35,72872.05,72947.45,none,no_price_available
2026-09-03T08:24:30.301834+00:00,2026-09-03T13:54:30.301834+05:30,NIFTYNXT50,29-Sep-2026,78400.0,CE,0,,0,,0,0.0,,0,0,0,0,0,,,,,,,,,,,,,,,0.07141456424930238,,,,,,11.25,25,73081.3,73210.35,72872.05,72947.45,none,no_price_available
2026-09-03T08:24:30.301834+00:00,2026-09-03T13:54:30.301834+05:30,NIFTYNXT50,29-Sep-2026,78400.0,PE,72952.75,,0,6216.65,550,0.0,,0,0,0,0,0,,,,,,,,,,,,,,,0.07141456424930238,,,,,,11.25,25,73081.3,73210.35,72872.05,72947.45,none,no_price_available
2026-09-03T08:24:30.301834+00:00,2026-09-03T13:54:30.301834+05:30,NIFTYNXT50,29-Sep-2026,78500.0,CE,0,,0,,0,0.0,,0,0,0,0,0,,,,,,,,,,,,,,,0.07141456424930238,,,,,,11.25,25,73081.3,73210.35,72872.05,72947.45,none,no_price_available
2026-09-03T08:24:30.301834+00:00,2026-09-03T13:54:30.301834+05:30,NIFTYNXT50,29-Sep-2026,78500.0,PE,72952.75,,0,6337.15,550,0.0,,0,0,0,0,0,,,,,,,,,,,,,,,0.07141456424930238,,,,,,11.25,25,73081.3,73210.35,72872.05,72947.45,none,no_price_available
2026-09-03T08:24:30.301834+00:00,2026-09-03T13:54:30.301834+05:30,NIFTYNXT50,29-Sep-2026,78600.0,CE,0,,0,,0,0.0,,0,0,0,0,0,,,,,,,,,,,,,,,0.07141456424930238,,,,,,11.25,25,73081.3,73210.35,72872.05,72947.45,none,no_price_available
2026-09-03T08:24:30.301834+00:00,2026-09-03T13:54:30.301834+05:30,NIFTYNXT50,29-Sep-2026,78600.0,PE,72952.75,,0,6446.65,550,0.0,,0,0,0,0,0,,,,,,,,,,,,,,,0.07141456424930238,,,,,,11.25,25,73081.3,73210.35,72872.05,72947.45,none,no_price_available
2026-09-03T08:24:30.301834+00:00,2026-09-03T13:54:30.301834+05:30,NIFTYNXT50,29-Sep-2026,78700.0,CE,0,,0,,0,0.0,,0,0,0,0,0,,,,,,,,,,,,,,,0.07141456424930238,,,,,,11.25,25,73081.3,73210.35,72872.05,72947.45,none,no_price_available
2026-09-03T08:24:30.301834+00:00,2026-09-03T13:54:30.301834+05:30,NIFTYNXT50,29-Sep-2026,78700.0,PE,72952.75,,0,6550.5,550,0.0,,0,0,0,0,0,,,,,,,,,,,,,,,0.07141456424930238,,,,,,11.25,25,73081.3,73210.35,72872.05,72947.45,none,no_price_available
2026-09-03T08:24:30.301834+00:00,2026-09-03T13:54:30.301834+05:30,NIFTYNXT50,29-Sep-2026,78800.0,CE,0,,0,,0,0.0,,0,0,0,0,0,,,,,,,,,,,,,,,0.07141456424930238,,,,,,11.25,25,73081.3,73210.35,72872.05,72947.45,none,no_price_available
2026-09-03T08:24:30.301834+00:00,2026-09-03T13:54:30.301834+05:30,NIFTYNXT50,29-Sep-2026,78800.0,PE,72952.75,,0,6609.15,550,0.0,,0,0,0,0,0,,,,,,,,,,,,,,,0.07141456424930238,,,,,,11.25,25,73081.3,73210.35,72872.05,72947.45,none,no_price_available
2026-09-03T08:24:30.301834+00:00,2026-09-03T13:54:30.301834+05:30,NIFTYNXT50,29-Sep-2026,78900.0,CE,0,,0,,0,0.0,,0,0,0,0,0,,,,,,,,,,,,,,,0.07141456424930238,,,,,,11.25,25,73081.3,73210.35,72872.05,72947.45,none,no_price_available
2026-09-03T08:24:30.301834+00:00,2026-09-03T13:54:30.301834+05:30,NIFTYNXT50,29-Sep-2026,78900.0,PE,72952.75,,0,6763.9,550,0.0,,0,0,0,0,0,,,,,,,,,,,,,,,0.07141456424930238,,,,,,11.25,25,73081.3,73210.35,72872.05,72947.45,none,no_price_available
2026-09-03T08:24:30.301834+00:00,2026-09-03T13:54:30.301834+05:30,NIFTYNXT50,29-Sep-2026,79000.0,CE,0,,0,,0,0.0,,0,0,0,0,0,,,,,,,,,,,,,,,0.07141456424930238,,,,,,11.25,25,73081.3,73210.35,72872.05,72947.45,none,no_price_available
2026-09-03T08:24:30.301834+00:00,2026-09-03T13:54:30.301834+05:30,NIFTYNXT50,29-Sep-2026,79000.0,PE,72952.75,,0,6822.5,550,0.0,,0,0,0,0,0,,,,,,,,,,,,,,,0.07141456424930238,,,,,,11.25,25,73081.3,73210.35,72872.05,72947.45,none,no_price_available
2026-09-03T08:24:30.301834+00:00,2026-09-03T13:54:30.301834+05:30,NIFTYNXT50,29-Sep-2026,79100.0,CE,0,,0,,0,0.0,,0,0,0,0,0,,,,,,,,,,,,,,,0.07141456424930238,,,,,,11.25,25,73081.3,73210.35,72872.05,72947.45,none,no_price_available
2026-09-03T08:24:30.301834+00:00,2026-09-03T13:54:30.301834+05:30,NIFTYNXT50,29-Sep-2026,79100.0,PE,72952.75,,0,6929.2,550,0.0,,0,0,0,0,0,,,,,,,,,,,,,,,0.07141456424930238,,,,,,11.25,25,73081.3,73210.35,72872.05,72947.45,none,no_price_available
2026-09-03T08:24:30.301834+00:00,2026-09-03T13:54:30.301834+05:30,NIFTYNXT50,29-Sep-2026,79200.0,CE,0,,0,,0,0.0,,0,0,0,0,0,,,,,,,,,,,,,,,0.07141456424930238,,,,,,11.25,25,73081.3,73210.35,72872.05,72947.45,none,no_price_available
2026-09-03T08:24:30.301834+00:00,2026-09-03T13:54:30.301834+05:30,NIFTYNXT50,29-Sep-2026,79200.0,PE,72952.75,,0,7075.75,550,0.0,,0,0,0,0,0,,,,,,,,,,,,,,,0.07141456424930238,,,,,,11.25,25,73081.3,73210.35,72872.05,72947.45,none,no_price_available
2026-09-03T08:24:30.301834+00:00,2026-09-03T13:54:30.301834+05:30,NIFTYNXT50,29-Sep-2026,79300.0,CE,0,,0,,0,0.0,,0,0,0,0,0,,,,,,,,,,,,,,,0.07141456424930238,,,,,,11.25,25,73081.3,73210.35,72872.05,72947.45,none,no_price_available
2026-09-03T08:24:30.301834+00:00,2026-09-03T13:54:30.301834+05:30,NIFTYNXT50,29-Sep-2026,79300.0,PE,72952.75,,0,7193.85,550,0.0,,0,0,0,0,0,,,,,,,,,,,,,,,0.07141456424930238,,,,,,11.25,25,73081.3,73210.35,72872.05,72947.45,none,no_price_available
2026-09-03T08:24:30.301834+00:00,2026-09-03T13:54:30.301834+05:30,NIFTYNXT50,29-Sep-2026,79400.0,CE,0,,0,,0,0.0,,0,0,0,0,0,,,,,,,,,,,,,,,0.07141456424930238,,,,,,11.25,25,73081.3,73210.35,72872.05,72947.45,none,no_price_available
2026-09-03T08:24:30.301834+00:00,2026-09-03T13:54:30.301834+05:30,NIFTYNXT50,29-Sep-2026,79400.0,PE,72952.75,,0,7288.6,550,0.0,,0,0,0,0,0,,,,,,,,,,,,,,,0.07141456424930238,,,,,,11.25,25,73081.3,73210.35,72872.05,72947.45,none,no_price_available
2026-09-03T08:24:30.301834+00:00,2026-09-03T13:54:30.301834+05:30,NIFTYNXT50,29-Sep-2026,79500.0,CE,0,,0,,0,0.0,,0,0,0,0,0,,,,,,,,,,,,,,,0.07141456424930238,,,,,,11.25,25,73081.3,73210.35,72872.05,72947.45,none,no_price_available
2026-09-03T08:24:30.301834+00:00,2026-09-03T13:54:30.301834+05:30,NIFTYNXT50,29-Sep-2026,79500.0,PE,72952.75,,0,7355.9,550,0.0,,0,0,0,0,0,,,,,,,,,,,,,,,0.07141456424930238,,,,,,11.25,25,73081.3,73210.35,72872.05,72947.45,none,no_price_available
2026-09-03T08:24:30.301834+00:00,2026-09-03T13:54:30.301834+05:30,NIFTYNXT50,29-Sep-2026,79600.0,CE,0,,0,,0,0.0,,0,0,0,0,0,,,,,,,,,,,,,,,0.07141456424930238,,,,,,11.25,25,73081.3,73210.35,72872.05,72947.45,none,no_price_available
2026-09-03T08:24:30.301834+00:00,2026-09-03T13:54:30.301834+05:30,NIFTYNXT50,29-Sep-2026,79600.0,PE,72952.75,,0,7502.8,550,0.0,,0,0,0,0,0,,,,,,,,,,,,,,,0.07141456424930238,,,,,,11.25,25,73081.3,73210.35,72872.05,72947.45,none,no_price_available
2026-09-03T08:24:30.301834+00:00,2026-09-03T13:54:30.301834+05:30,NIFTYNXT50,29-Sep-2026,79700.0,CE,0,,0,,0,0.0,,0,0,0,0,0,,,,,,,,,,,,,,,0.07141456424930238,,,,,,11.25,25,73081.3,73210.35,72872.05,72947.45,none,no_price_available
2026-09-03T08:24:30.301834+00:00,2026-09-03T13:54:30.301834+05:30,NIFTYNXT50,29-Sep-2026,79700.0,PE,72952.75,,0,7621.55,550,0.0,,0,0,0,0,0,,,,,,,,,,,,,,,0.07141456424930238,,,,,,11.25,25,73081.3,73210.35,72872.05,72947.45,none,no_price_available
2026-09-03T08:24:30.301834+00:00,2026-09-03T13:54:30.301834+05:30,NIFTYNXT50,29-Sep-2026,79800.0,CE,0,,0,,0,0.0,,0,0,0,0,0,,,,,,,,,,,,,,,0.07141456424930238,,,,,,11.25,25,73081.3,73210.35,72872.05,72947.45,none,no_price_available
2026-09-03T08:24:30.301834+00:00,2026-09-03T13:54:30.301834+05:30,NIFTYNXT50,29-Sep-2026,79800.0,PE,72952.75,,0,7710.15,550,0.0,,0,0,0,0,0,,,,,,,,,,,,,,,0.07141456424930238,,,,,,11.25,25,73081.3,73210.35,72872.05,72947.45,none,no_price_available
2026-09-03T08:24:30.301834+00:00,2026-09-03T13:54:30.301834+05:30,NIFTYNXT50,29-Sep-2026,79900.0,CE,0,,0,,0,0.0,,0,0,0,0,0,,,,,,,,,,,,,,,0.07141456424930238,,,,,,11.25,25,73081.3,73210.35,72872.05,72947.45,none,no_price_available
2026-09-03T08:24:30.301834+00:00,2026-09-03T13:54:30.301834+05:30,NIFTYNXT50,29-Sep-2026,79900.0,PE,72952.75,,0,7816.35,550,0.0,,0,0,0,0,0,,,,,,,,,,,,,,,0.07141456424930238,,,,,,11.25,25,73081.3,73210.35,72872.05,72947.45,none,no_price_available
2026-09-03T08:24:30.301834+00:00,2026-09-03T13:54:30.301834+05:30,NIFTYNXT50,29-Sep-2026,80000.0,CE,0,,0,,0,0.0,,0,0,0,0,0,,,,,,,,,,,,,,,0.07141456424930238,,,,,,11.25,25,73081.3,73210.35,72872.05,72947.45,none,no_price_available
2026-09-03T08:24:30.301834+00:00,2026-09-03T13:54:30.301834+05:30,NIFTYNXT50,29-Sep-2026,80000.0,PE,72952.75,,0,7940.6,550,0.0,,0,0,0,0,0,,,,,,,,,,,,,,,0.07141456424930238,,,,,,11.25,25,73081.3,73210.35,72872.05,72947.45,none,no_price_available
2026-09-03T08:24:30.301834+00:00,2026-09-03T13:54:30.301834+05:30,NIFTYNXT50,29-Sep-2026,80100.0,CE,0,,0,,0,0.0,,0,0,0,0,0,,,,,,,,,,,,,,,0.07141456424930238,,,,,,11.25,25,73081.3,73210.35,72872.05,72947.45,none,no_price_available
2026-09-03T08:24:30.301834+00:00,2026-09-03T13:54:30.301834+05:30,NIFTYNXT50,29-Sep-2026,80100.0,PE,72952.75,,0,8067.55,550,0.0,,0,0,0,0,0,,,,,,,,,,,,,,,0.07141456424930238,,,,,,11.25,25,73081.3,73210.35,72872.05,72947.45,none,no_price_available
2026-09-03T08:24:30.301834+00:00,2026-09-03T13:54:30.301834+05:30,NIFTYNXT50,29-Sep-2026,80200.0,CE,0,,0,,0,0.0,,0,0,0,0,0,,,,,,,,,,,,,,,0.07141456424930238,,,,,,11.25,25,73081.3,73210.35,72872.05,72947.45,none,no_price_available
2026-09-03T08:24:30.301834+00:00,2026-09-03T13:54:30.301834+05:30,NIFTYNXT50,29-Sep-2026,80200.0,PE,72952.75,,0,8129.3,550,0.0,,0,0,0,0,0,,,,,,,,,,,,,,,0.07141456424930238,,,,,,11.25,25,73081.3,73210.35,72872.05,72947.45,none,no_price_available
2026-09-03T08:24:30.301834+00:00,2026-09-03T13:54:30.301834+05:30,NIFTYNXT50,29-Sep-2026,80300.0,CE,0,,0,,0,0.0,,0,0,0,0,0,,,,,,,,,,,,,,,0.07141456424930238,,,,,,11.25,25,73081.3,73210.35,72872.05,72947.45,none,no_price_available
2026-09-03T08:24:30.301834+00:00,2026-09-03T13:54:30.301834+05:30,NIFTYNXT50,29-Sep-2026,80300.0,PE,72952.75,,0,8242.75,550,0.0,,0,0,0,0,0,,,,,,,,,,,,,,,0.07141456424930238,,,,,,11.25,25,73081.3,73210.35,72872.05,72947.45,none,no_price_available
2026-09-03T08:24:30.301834+00:00,2026-09-03T13:54:30.301834+05:30,NIFTYNXT50,29-Sep-2026,80400.0,CE,0,,0,,0,0.0,,0,0,0,0,0,,,,,,,,,,,,,,,0.07141456424930238,,,,,,11.25,25,73081.3,73210.35,72872.05,72947.45,none,no_price_available
2026-09-03T08:24:30.301834+00:00,2026-09-03T13:54:30.301834+05:30,NIFTYNXT50,29-Sep-2026,80400.0,PE,72952.75,,0,8316.05,550,0.0,,0,0,0,0,0,,,,,,,,,,,,,,,0.07141456424930238,,,,,,11.25,25,73081.3,73210.35,72872.05,72947.45,none,no_price_available
2026-09-03T08:24:30.301834+00:00,2026-09-03T13:54:30.301834+05:30,NIFTYNXT50,29-Sep-2026,80500.0,CE,0,,0,,0,0.0,,0,0,0,0,0,,,,,,,,,,,,,,,0.07141456424930238,,,,,,11.25,25,73081.3,73210.35,72872.05,72947.45,none,no_price_available
2026-09-03T08:24:30.301834+00:00,2026-09-03T13:54:30.301834+05:30,NIFTYNXT50,29-Sep-2026,80500.0,PE,72952.75,,0,8487.75,550,0.0,,0,0,0,0,0,,,,,,,,,,,,,,,0.07141456424930238,,,,,,11.25,25,73081.3,73210.35,72872.05,72947.45,none,no_price_available
2026-09-03T08:24:30.301834+00:00,2026-09-03T13:54:30.301834+05:30,NIFTYNXT50,29-Sep-2026,80600.0,CE,0,,0,,0,0.0,,0,0,0,0,0,,,,,,,,,,,,,,,0.07141456424930238,,,,,,11.25,25,73081.3,73210.35,72872.05,72947.45,none,no_price_available
2026-09-03T08:24:30.301834+00:00,2026-09-03T13:54:30.301834+05:30,NIFTYNXT50,29-Sep-2026,80600.0,PE,72952.75,,0,8570.15,550,0.0,,0,0,0,0,0,,,,,,,,,,,,,,,0.07141456424930238,,,,,,11.25,25,73081.3,73210.35,72872.05,72947.45,none,no_price_available
2026-09-03T08:24:30.301834+00:00,2026-09-03T13:54:30.301834+05:30,NIFTYNXT50,29-Sep-2026,80700.0,CE,0,,0,,0,0.0,,0,0,0,0,0,,,,,,,,,,,,,,,0.07141456424930238,,,,,,11.25,25,73081.3,73210.35,72872.05,72947.45,none,no_price_available
2026-09-03T08:24:30.301834+00:00,2026-09-03T13:54:30.301834+05:30,NIFTYNXT50,29-Sep-2026,80700.0,PE,72952.75,,0,8680.6,550,0.0,,0,0,0,0,0,,,,,,,,,,,,,,,0.07141456424930238,,,,,,11.25,25,73081.3,73210.35,72872.05,72947.45,none,no_price_available
2026-09-03T08:24:30.301834+00:00,2026-09-03T13:54:30.301834+05:30,NIFTYNXT50,29-Sep-2026,80800.0,CE,0,,0,,0,0.0,,0,0,0,0,0,,,,,,,,,,,,,,,0.07141456424930238,,,,,,11.25,25,73081.3,73210.35,72872.05,72947.45,none,no_price_available
2026-09-03T08:24:30.301834+00:00,2026-09-03T13:54:30.301834+05:30,NIFTYNXT50,29-Sep-2026,80800.0,PE,72952.75,,0,8801.3,550,0.0,,0,0,0,0,0,,,,,,,,,,,,,,,0.07141456424930238,,,,,,11.25,25,73081.3,73210.35,72872.05,72947.45,none,no_price_available
2026-09-03T08:24:30.301834+00:00,2026-09-03T13:54:30.301834+05:30,NIFTYNXT50,29-Sep-2026,80900.0,CE,0,,0,,0,0.0,,0,0,0,0,0,,,,,,,,,,,,,,,0.07141456424930238,,,,,,11.25,25,73081.3,73210.35,72872.05,72947.45,none,no_price_available
2026-09-03T08:24:30.301834+00:00,2026-09-03T13:54:30.301834+05:30,NIFTYNXT50,29-Sep-2026,80900.0,PE,72952.75,,0,8908,550,0.0,,0,0,0,0,0,,,,,,,,,,,,,,,0.07141456424930238,,,,,,11.25,25,73081.3,73210.35,72872.05,72947.45,none,no_price_available
2026-09-03T08:24:30.301834+00:00,2026-09-03T13:54:30.301834+05:30,NIFTYNXT50,29-Sep-2026,81000.0,CE,0,,0,,0,0.0,,0,0,0,0,0,,,,,,,,,,,,,,,0.07141456424930238,,,,,,11.25,25,73081.3,73210.35,72872.05,72947.45,none,no_price_available
2026-09-03T08:24:30.301834+00:00,2026-09-03T13:54:30.301834+05:30,NIFTYNXT50,29-Sep-2026,81000.0,PE,72952.75,,0,9008.4,550,0.0,,0,0,0,0,0,,,,,,,,,,,,,,,0.07141456424930238,,,,,,11.25,25,73081.3,73210.35,72872.05,72947.45,none,no_price_available
2026-09-03T08:24:30.301834+00:00,2026-09-03T13:54:30.301834+05:30,NIFTYNXT50,29-Sep-2026,81500.0,CE,0,,0,,0,0.0,,0,0,0,0,0,,,,,,,,,,,,,,,0.07141456424930238,,,,,,11.25,25,73081.3,73210.35,72872.05,72947.45,none,no_price_available
2026-09-03T08:24:30.301834+00:00,2026-09-03T13:54:30.301834+05:30,NIFTYNXT50,29-Sep-2026,81500.0,PE,72952.75,,0,9540.8,550,0.0,,0,0,0,0,0,,,,,,,,,,,,,,,0.07141456424930238,,,,,,11.25,25,73081.3,73210.35,72872.05,72947.45,none,no_price_available
2026-09-03T08:24:30.301834+00:00,2026-09-03T13:54:30.301834+05:30,NIFTYNXT50,29-Sep-2026,82000.0,CE,72952.75,,0,99,25,0.0,,0,0,0,0,0,,,,,,,,,,,,,,,0.07141456424930238,,,,,,11.25,25,73081.3,73210.35,72872.05,72947.45,none,no_price_available
2026-09-03T08:24:30.301834+00:00,2026-09-03T13:54:30.301834+05:30,NIFTYNXT50,29-Sep-2026,82000.0,PE,72952.75,,0,10049.55,550,0.0,,0,0,0,0,0,,,,,,,,,,,,,,,0.07141456424930238,,,,,,11.25,25,73081.3,73210.35,72872.05,72947.45,none,no_price_available
2026-09-03T08:24:30.301834+00:00,2026-09-03T13:54:30.301834+05:30,NIFTYNXT50,29-Sep-2026,82500.0,CE,0,,0,,0,0.0,,0,0,0,0,0,,,,,,,,,,,,,,,0.07141456424930238,,,,,,11.25,25,73081.3,73210.35,72872.05,72947.45,none,no_price_available
2026-09-03T08:24:30.301834+00:00,2026-09-03T13:54:30.301834+05:30,NIFTYNXT50,29-Sep-2026,82500.0,PE,72952.75,,0,10534.3,550,0.0,,0,0,0,0,0,,,,,,,,,,,,,,,0.07141456424930238,,,,,,11.25,25,73081.3,73210.35,72872.05,72947.45,none,no_price_available
2026-09-03T08:24:30.301834+00:00,2026-09-03T13:54:30.301834+05:30,NIFTYNXT50,29-Sep-2026,83000.0,CE,72952.75,,0,55,100,0.0,,0,0,0,0,0,,,,,,,,,,,,,,,0.07141456424930238,,,,,,11.25,25,73081.3,73210.35,72872.05,72947.45,none,no_price_available
2026-09-03T08:24:30.301834+00:00,2026-09-03T13:54:30.301834+05:30,NIFTYNXT50,29-Sep-2026,83000.0,PE,72952.75,,0,11171.95,550,0.0,,0,0,0,0,0,,,,,,,,,,,,,,,0.07141456424930238,,,,,,11.25,25,73081.3,73210.35,72872.05,72947.45,none,no_price_available
2026-09-03T08:24:30.301834+00:00,2026-09-03T13:54:30.301834+05:30,NIFTYNXT50,29-Sep-2026,83500.0,CE,0,,0,,0,0.0,,0,0,0,0,0,,,,,,,,,,,,,,,0.07141456424930238,,,,,,11.25,25,73081.3,73210.35,72872.05,72947.45,none,no_price_available
2026-09-03T08:24:30.301834+00:00,2026-09-03T13:54:30.301834+05:30,NIFTYNXT50,29-Sep-2026,83500.0,PE,72952.75,,0,11703.7,550,0.0,,0,0,0,0,0,,,,,,,,,,,,,,,0.07141456424930238,,,,,,11.25,25,73081.3,73210.35,72872.05,72947.45,none,no_price_available
2026-09-03T08:24:30.301834+00:00,2026-09-03T13:54:30.301834+05:30,NIFTYNXT50,29-Sep-2026,84000.0,CE,0,,0,,0,0.0,,0,0,0,0,0,,,,,,,,,,,,,,,0.07141456424930238,,,,,,11.25,25,73081.3,73210.35,72872.05,72947.45,none,no_price_available
2026-09-03T08:24:30.301834+00:00,2026-09-03T13:54:30.301834+05:30,NIFTYNXT50,29-Sep-2026,84000.0,PE,72952.75,,0,12125.9,550,0.0,,0,0,0,0,0,,,,,,,,,,,,,,,0.07141456424930238,,,,,,11.25,25,73081.3,73210.35,72872.05,72947.45,none,no_price_available
2026-09-03T08:24:30.301834+00:00,2026-09-03T13:54:30.301834+05:30,NIFTYNXT50,29-Sep-2026,84500.0,CE,0,,0,,0,0.0,,0,0,0,0,0,,,,,,,,,,,,,,,0.07141456424930238,,,,,,11.25,25,73081.3,73210.35,72872.05,72947.45,none,no_price_available
2026-09-03T08:24:30.301834+00:00,2026-09-03T13:54:30.301834+05:30,NIFTYNXT50,29-Sep-2026,84500.0,PE,72952.75,,0,12718.2,550,0.0,,0,0,0,0,0,,,,,,,,,,,,,,,0.07141456424930238,,,,,,11.25,25,73081.3,73210.35,72872.05,72947.45,none,no_price_available
2026-09-03T08:24:30.301834+00:00,2026-09-03T13:54:30.301834+05:30,NIFTYNXT50,29-Sep-2026,85000.0,CE,0,,0,,0,0.0,,0,0,0,0,0,,,,,,,,,,,,,,,0.07141456424930238,,,,,,11.25,25,73081.3,73210.35,72872.05,72947.45,none,no_price_available
2026-09-03T08:24:30.301834+00:00,2026-09-03T13:54:30.301834+05:30,NIFTYNXT50,29-Sep-2026,85000.0,PE,72952.75,,0,13245.3,550,0.0,,0,0,0,0,0,,,,,,,,,,,,,,,0.07141456424930238,,,,,,11.25,25,73081.3,73210.35,72872.05,72947.45,none,no_price_available
2026-09-03T12:54:57.817543+00:00,2026-09-03T18:24:57.817543+05:30,NIFTYNXT50,29-Sep-2026,61000.0,CE,73051.85,,0,,0,0.0,,0,0,0,0,0,,,,,,,,,,,,,,,0.07089999310175672,,,,,,11.45,25,73081.3,73210.35,72855.2,72947.45,none,no_price_available
2026-09-03T12:54:57.817543+00:00,2026-09-03T18:24:57.817543+05:30,NIFTYNXT50,29-Sep-2026,61000.0,PE,0,,0,,0,0.0,,0,0,0,0,0,,,,,,,,,,,,,,,0.07089999310175672,,,,,,11.45,25,73081.3,73210.35,72855.2,72947.45,none,no_price_available
2026-09-03T12:54:57.817543+00:00,2026-09-03T18:24:57.817543+05:30,NIFTYNXT50,29-Sep-2026,61500.0,CE,73051.85,,0,,0,0.0,,0,0,0,0,0,,,,,,,,,,,,,,,0.07089999310175672,,,,,,11.45,25,73081.3,73210.35,72855.2,72947.45,none,no_price_available
2026-09-03T12:54:57.817543+00:00,2026-09-03T18:24:57.817543+05:30,NIFTYNXT50,29-Sep-2026,61500.0,PE,0,,0,,0,0.0,,0,0,0,0,0,,,,,,,,,,,,,,,0.07089999310175672,,,,,,11.45,25,73081.3,73210.35,72855.2,72947.45,none,no_price_available
2026-09-03T12:54:57.817543+00:00,2026-09-03T18:24:57.817543+05:30,NIFTYNXT50,29-Sep-2026,62000.0,CE,73051.85,,0,,0,0.0,,0,0,0,0,0,,,,,,,,,,,,,,,0.07089999310175672,,,,,,11.45,25,73081.3,73210.35,72855.2,72947.45,none,no_price_available
2026-09-03T12:54:57.817543+00:00,2026-09-03T18:24:57.817543+05:30,NIFTYNXT50,29-Sep-2026,62000.0,PE,0,,0,,0,0.0,,0,0,0,0,0,,,,,,,,,,,,,,,0.07089999310175672,,,,,,11.45,25,73081.3,73210.35,72855.2,72947.45,none,no_price_available
2026-09-03T12:54:57.817543+00:00,2026-09-03T18:24:57.817543+05:30,NIFTYNXT50,29-Sep-2026,62500.0,CE,73051.85,,0,,0,0.0,,0,0,0,0,0,,,,,,,,,,,,,,,0.07089999310175672,,,,,,11.45,25,73081.3,73210.35,72855.2,72947.45,none,no_price_available
2026-09-03T12:54:57.817543+00:00,2026-09-03T18:24:57.817543+05:30,NIFTYNXT50,29-Sep-2026,62500.0,PE,0,,0,,0,0.0,,0,0,0,0,0,,,,,,,,,,,,,,,0.07089999310175672,,,,,,11.45,25,73081.3,73210.35,72855.2,72947.45,none,no_price_available
2026-09-03T12:54:57.817543+00:00,2026-09-03T18:24:57.817543+05:30,NIFTYNXT50,29-Sep-2026,63000.0,CE,73051.85,,0,,0,0.0,,0,0,0,0,0,,,,,,,,,,,,,,,0.07089999310175672,,,,,,11.45,25,73081.3,73210.35,72855.2,72947.45,none,no_price_available
2026-09-03T12:54:57.817543+00:00,2026-09-03T18:24:57.817543+05:30,NIFTYNXT50,29-Sep-2026,63000.0,PE,0,,0,,0,0.0,,0,0,0,0,0,,,,,,,,,,,,,,,0.07089999310175672,,,,,,11.45,25,73081.3,73210.35,72855.2,72947.45,none,no_price_available
2026-09-03T12:54:57.817543+00:00,2026-09-03T18:24:57.817543+05:30,NIFTYNXT50,29-Sep-2026,63500.0,CE,73051.85,,0,,0,0.0,,0,0,0,0,0,,,,,,,,,,,,,,,0.07089999310175672,,,,,,11.45,25,73081.3,73210.35,72855.2,72947.45,none,no_price_available
2026-09-03T12:54:57.817543+00:00,2026-09-03T18:24:57.817543+05:30,NIFTYNXT50,29-Sep-2026,63500.0,PE,0,,0,,0,0.0,,0,0,0,0,0,,,,,,,,,,,,,,,0.07089999310175672,,,,,,11.45,25,73081.3,73210.35,72855.2,72947.45,none,no_price_available
2026-09-03T12:54:57.817543+00:00,2026-09-03T18:24:57.817543+05:30,NIFTYNXT50,29-Sep-2026,64000.0,CE,73051.85,,0,,0,0.0,,0,0,0,0,0,,,,,,,,,,,,,,,0.07089999310175672,,,,,,11.45,25,73081.3,73210.35,72855.2,72947.45,none,no_price_available
2026-09-03T12:54:57.817543+00:00,2026-09-03T18:24:57.817543+05:30,NIFTYNXT50,29-Sep-2026,64000.0,PE,0,,0,,0,0.0,,0,0,0,0,0,,,,,,,,,,,,,,,0.07089999310175672,,,,,,11.45,25,73081.3,73210.35,72855.2,72947.45,none,no_price_available
2026-09-03T12:54:57.817543+00:00,2026-09-03T18:24:57.817543+05:30,NIFTYNXT50,29-Sep-2026,64100.0,CE,73051.85,,0,,0,0.0,,0,0,0,0,0,,,,,,,,,,,,,,,0.07089999310175672,,,,,,11.45,25,73081.3,73210.35,72855.2,72947.45,none,no_price_available
2026-09-03T12:54:57.817543+00:00,2026-09-03T18:24:57.817543+05:30,NIFTYNXT50,29-Sep-2026,64100.0,PE,0,,0,,0,0.0,,0,0,0,0,0,,,,,,,,,,,,,,,0.07089999310175672,,,,,,11.45,25,73081.3,73210.35,72855.2,72947.45,none,no_price_available
2026-09-03T12:54:57.817543+00:00,2026-09-03T18:24:57.817543+05:30,NIFTYNXT50,29-Sep-2026,64200.0,CE,73051.85,,0,,0,0.0,,0,0,0,0,0,,,,,,,,,,,,,,,0.07089999310175672,,,,,,11.45,25,73081.3,73210.35,72855.2,72947.45,none,no_price_available
2026-09-03T12:54:57.817543+00:00,2026-09-03T18:24:57.817543+05:30,NIFTYNXT50,29-Sep-2026,64200.0,PE,73051.85,,0,36.85,25,0.0,,0,0,0,0,0,,,,,,,,,,,,,,,0.07089999310175672,,,,,,11.45,25,73081.3,73210.35,72855.2,72947.45,none,no_price_available
2026-09-03T12:54:57.817543+00:00,2026-09-03T18:24:57.817543+05:30,NIFTYNXT50,29-Sep-2026,64300.0,CE,73051.85,,0,,0,0.0,,0,0,0,0,0,,,,,,,,,,,,,,,0.07089999310175672,,,,,,11.45,25,73081.3,73210.35,72855.2,72947.45,none,no_price_available
2026-09-03T12:54:57.817543+00:00,2026-09-03T18:24:57.817543+05:30,NIFTYNXT50,29-Sep-2026,64300.0,PE,0,,0,,0,0.0,,0,0,0,0,0,,,,,,,,,,,,,,,0.07089999310175672,,,,,,11.45,25,73081.3,73210.35,72855.2,72947.45,none,no_price_available
2026-09-03T12:54:57.817543+00:00,2026-09-03T18:24:57.817543+05:30,NIFTYNXT50,29-Sep-2026,64400.0,CE,73051.85,,0,,0,0.0,,0,0,0,0,0,,,,,,,,,,,,,,,0.07089999310175672,,,,,,11.45,25,73081.3,73210.35,72855.2,72947.45,none,no_price_available
2026-09-03T12:54:57.817543+00:00,2026-09-03T18:24:57.817543+05:30,NIFTYNXT50,29-Sep-2026,64400.0,PE,0,,0,,0,0.0,,0,0,0,0,0,,,,,,,,,,,,,,,0.07089999310175672,,,,,,11.45,25,73081.3,73210.35,72855.2,72947.45,none,no_price_available
2026-09-03T12:54:57.817543+00:00,2026-09-03T18:24:57.817543+05:30,NIFTYNXT50,29-Sep-2026,64500.0,CE,73051.85,,0,,0,0.0,,0,0,0,0,0,,,,,,,,,,,,,,,0.07089999310175672,,,,,,11.45,25,73081.3,73210.35,72855.2,72947.45,none,no_price_available
2026-09-03T12:54:57.817543+00:00,2026-09-03T18:24:57.817543+05:30,NIFTYNXT50,29-Sep-2026,64500.0,PE,73051.85,,0,45.95,25,0.0,,0,0,0,0,0,,,,,,,,,,,,,,,0.07089999310175672,,,,,,11.45,25,73081.3,73210.35,72855.2,72947.45,none,no_price_available
2026-09-03T12:54:57.817543+00:00,2026-09-03T18:24:57.817543+05:30,NIFTYNXT50,29-Sep-2026,64600.0,CE,73051.85,,0,,0,0.0,,0,0,0,0,0,,,,,,,,,,,,,,,0.07089999310175672,,,,,,11.45,25,73081.3,73210.35,72855.2,72947.45,none,no_price_available
2026-09-03T12:54:57.817543+00:00,2026-09-03T18:24:57.817543+05:30,NIFTYNXT50,29-Sep-2026,64600.0,PE,0,,0,,0,0.0,,0,0,0,0,0,,,,,,,,,,,,,,,0.07089999310175672,,,,,,11.45,25,73081.3,73210.35,72855.2,72947.45,none,no_price_available
2026-09-03T12:54:57.817543+00:00,2026-09-03T18:24:57.817543+05:30,NIFTYNXT50,29-Sep-2026,64700.0,CE,73051.85,,0,,0,0.0,,0,0,0,0,0,,,,,,,,,,,,,,,0.07089999310175672,,,,,,11.45,25,73081.3,73210.35,72855.2,72947.45,none,no_price_available
2026-09-03T12:54:57.817543+00:00,2026-09-03T18:24:57.817543+05:30,NIFTYNXT50,29-Sep-2026,64700.0,PE,0,,0,,0,0.0,,0,0,0,0,0,,,,,,,,,,,,,,,0.07089999310175672,,,,,,11.45,25,73081.3,73210.35,72855.2,72947.45,none,no_price_available
2026-09-03T12:54:57.817543+00:00,2026-09-03T18:24:57.817543+05:30,NIFTYNXT50,29-Sep-2026,64800.0,CE,73051.85,,0,,0,0.0,,0,0,0,0,0,,,,,,,,,,,,,,,0.07089999310175672,,,,,,11.45,25,73081.3,73210.35,72855.2,72947.45,none,no_price_available
2026-09-03T12:54:57.817543+00:00,2026-09-03T18:24:57.817543+05:30,NIFTYNXT50,29-Sep-2026,64800.0,PE,0,,0,,0,0.0,,0,0,0,0,0,,,,,,,,,,,,,,,0.07089999310175672,,,,,,11.45,25,73081.3,73210.35,72855.2,72947.45,none,no_price_available
2026-09-03T12:54:57.817543+00:00,2026-09-03T18:24:57.817543+05:30,NIFTYNXT50,29-Sep-2026,64900.0,CE,73051.85,,0,,0,0.0,,0,0,0,0,0,,,,,,,,,,,,,,,0.07089999310175672,,,,,,11.45,25,73081.3,73210.35,72855.2,72947.45,none,no_price_available
2026-09-03T12:54:57.817543+00:00,2026-09-03T18:24:57.817543+05:30,NIFTYNXT50,29-Sep-2026,64900.0,PE,0,,0,,0,0.0,,0,0,0,0,0,,,,,,,,,,,,,,,0.07089999310175672,,,,,,11.45,25,73081.3,73210.35,72855.2,72947.45,none,no_price_available
2026-09-03T12:54:57.817543+00:00,2026-09-03T18:24:57.817543+05:30,NIFTYNXT50,29-Sep-2026,65000.0,CE,73051.85,,0,,0,0.0,,0,0,0,0,0,,,,,,,,,,,,,,,0.07089999310175672,,,,,,11.45,25,73081.3,73210.35,72855.2,72947.45,none,no_price_available
2026-09-03T12:54:57.817543+00:00,2026-09-03T18:24:57.817543+05:30,NIFTYNXT50,29-Sep-2026,65000.0,PE,73051.85,0.05,25,65.45,25,0.0,32.75,0,0,0,0,0,,,,,,,,,,,,,,,0.07089999310175672,73151,0.01913025456741564,0.009899999999999999,index_dividend_yield,0.065,11.45,25,73081.3,73210.35,72855.2,72947.45,mid_price,no_nse_iv
2026-09-03T12:54:57.817543+00:00,2026-09-03T18:24:57.817543+05:30,NIFTYNXT50,29-Sep-2026,65100.0,CE,73051.85,,0,,0,0.0,,0,0,0,0,0,,,,,,,,,,,,,,,0.07089999310175672,,,,,,11.45,25,73081.3,73210.35,72855.2,72947.45,none,no_price_available
2026-09-03T12:54:57.817543+00:00,2026-09-03T18:24:57.817543+05:30,NIFTYNXT50,29-Sep-2026,65100.0,PE,0,,0,,0,0.0,,0,0,0,0,0,,,,,,,,,,,,,,,0.07089999310175672,,,,,,11.45,25,73081.3,73210.35,72855.2,72947.45,none,no_price_available
2026-09-03T12:54:57.817543+00:00,2026-09-03T18:24:57.817543+05:30,NIFTYNXT50,29-Sep-2026,65200.0,CE,73051.85,,0,,0,0.0,,0,0,0,0,0,,,,,,,,,,,,,,,0.07089999310175672,,,,,,11.45,25,73081.3,73210.35,72855.2,72947.45,none,no_price_available
2026-09-03T12:54:57.817543+00:00,2026-09-03T18:24:57.817543+05:30,NIFTYNXT50,29-Sep-2026,65200.0,PE,0,,0,,0,0.0,,0,0,0,0,0,,,,,,,,,,,,,,,0.07089999310175672,,,,,,11.45,25,73081.3,73210.35,72855.2,72947.45,none,no_price_available
2026-09-03T12:54:57.817543+00:00,2026-09-03T18:24:57.817543+05:30,NIFTYNXT50,29-Sep-2026,65300.0,CE,73051.85,,0,,0,0.0,,0,0,0,0,0,,,,,,,,,,,,,,,0.07089999310175672,,,,,,11.45,25,73081.3,73210.35,72855.2,72947.45,none,no_price_available
2026-09-03T12:54:57.817543+00:00,2026-09-03T18:24:57.817543+05:30,NIFTYNXT50,29-Sep-2026,65300.0,PE,0,,0,,0,0.0,,0,0,0,0,0,,,,,,,,,,,,,,,0.07089999310175672,,,,,,11.45,25,73081.3,73210.35,72855.2,72947.45,none,no_price_available
2026-09-03T12:54:57.817543+00:00,2026-09-03T18:24:57.817543+05:30,NIFTYNXT50,29-Sep-2026,65400.0,CE,73051.85,,0,,0,0.0,,0,0,0,0,0,,,,,,,,,,,,,,,0.07089999310175672,,,,,,11.45,25,73081.3,73210.35,72855.2,72947.45,none,no_price_available
2026-09-03T12:54:57.817543+00:00,2026-09-03T18:24:57.817543+05:30,NIFTYNXT50,29-Sep-2026,65400.0,PE,0,,0,,0,0.0,,0,0,0,0,0,,,,,,,,,,,,,,,0.07089999310175672,,,,,,11.45,25,73081.3,73210.35,72855.2,72947.45,none,no_price_available
2026-09-03T12:54:57.817543+00:00,2026-09-03T18:24:57.817543+05:30,NIFTYNXT50,29-Sep-2026,65500.0,CE,73051.85,,0,,0,0.0,,0,0,0,0,0,,,,,,,,,,,,,,,0.07089999310175672,,,,,,11.45,25,73081.3,73210.35,72855.2,72947.45,none,no_price_available
2026-09-03T12:54:57.817543+00:00,2026-09-03T18:24:57.817543+05:30,NIFTYNXT50,29-Sep-2026,65500.0,PE,0,,0,,0,0.0,,0,0,0,0,0,,,,,,,,,,,,,,,0.07089999310175672,,,,,,11.45,25,73081.3,73210.35,72855.2,72947.45,none,no_price_available
2026-09-03T12:54:57.817543+00:00,2026-09-03T18:24:57.817543+05:30,NIFTYNXT50,29-Sep-2026,65600.0,CE,73051.85,,0,,0,0.0,,0,0,0,0,0,,,,,,,,,,,,,,,0.07089999310175672,,,,,,11.45,25,73081.3,73210.35,72855.2,72947.45,none,no_price_available
2026-09-03T12:54:57.817543+00:00,2026-09-03T18:24:57.817543+05:30,NIFTYNXT50,29-Sep-2026,65600.0,PE,0,,0,,0,0.0,,0,0,0,0,0,,,,,,,,,,,,,,,0.07089999310175672,,,,,,11.45,25,73081.3,73210.35,72855.2,72947.45,none,no_price_available
2026-09-03T12:54:57.817543+00:00,2026-09-03T18:24:57.817543+05:30,NIFTYNXT50,29-Sep-2026,65700.0,CE,73051.85,,0,,0,0.0,,0,0,0,0,0,,,,,,,,,,,,,,,0.07089999310175672,,,,,,11.45,25,73081.3,73210.35,72855.2,72947.45,none,no_price_available
2026-09-03T12:54:57.817543+00:00,2026-09-03T18:24:57.817543+05:30,NIFTYNXT50,29-Sep-2026,65700.0,PE,0,,0,,0,0.0,,0,0,0,0,0,,,,,,,,,,,,,,,0.07089999310175672,,,,,,11.45,25,73081.3,73210.35,72855.2,72947.45,none,no_price_available
2026-09-03T12:54:57.817543+00:00,2026-09-03T18:24:57.817543+05:30,NIFTYNXT50,29-Sep-2026,65800.0,CE,73051.85,,0,,0,0.0,,0,0,0,0,0,,,,,,,,,,,,,,,0.07089999310175672,,,,,,11.45,25,73081.3,73210.35,72855.2,72947.45,none,no_price_available
2026-09-03T12:54:57.817543+00:00,2026-09-03T18:24:57.817543+05:30,NIFTYNXT50,29-Sep-2026,65800.0,PE,0,,0,,0,0.0,,0,0,0,0,0,,,,,,,,,,,,,,,0.07089999310175672,,,,,,11.45,25,73081.3,73210.35,72855.2,72947.45,none,no_price_available
2026-09-03T12:54:57.817543+00:00,2026-09-03T18:24:57.817543+05:30,NIFTYNXT50,29-Sep-2026,65900.0,CE,73051.85,,0,,0,0.0,,0,0,0,0,0,,,,,,,,,,,,,,,0.07089999310175672,,,,,,11.45,25,73081.3,73210.35,72855.2,72947.45,none,no_price_available
2026-09-03T12:54:57.817543+00:00,2026-09-03T18:24:57.817543+05:30,NIFTYNXT50,29-Sep-2026,65900.0,PE,0,,0,,0,0.0,,0,0,0,0,0,,,,,,,,,,,,,,,0.07089999310175672,,,,,,11.45,25,73081.3,73210.35,72855.2,72947.45,none,no_price_available
2026-09-03T12:54:57.817543+00:00,2026-09-03T18:24:57.817543+05:30,NIFTYNXT50,29-Sep-2026,66000.0,CE,73051.85,,0,,0,0.0,,0,0,0,0,0,,,,,,,,,,,,,,,0.07089999310175672,,,,,,11.45,25,73081.3,73210.35,72855.2,72947.45,none,no_price_available
2026-09-03T12:54:57.817543+00:00,2026-09-03T18:24:57.817543+05:30,NIFTYNXT50,29-Sep-2026,66000.0,PE,0,,0,,0,0.0,,0,0,0,0,0,,,,,,,,,,,,,,,0.07089999310175672,,,,,,11.45,25,73081.3,73210.35,72855.2,72947.45,none,no_price_available
2026-09-03T12:54:57.817543+00:00,2026-09-03T18:24:57.817543+05:30,NIFTYNXT50,29-Sep-2026,66100.0,CE,73051.85,,0,,0,0.0,,0,0,0,0,0,,,,,,,,,,,,,,,0.07089999310175672,,,,,,11.45,25,73081.3,73210.35,72855.2,72947.45,none,no_price_available
2026-09-03T12:54:57.817543+00:00,2026-09-03T18:24:57.817543+05:30,NIFTYNXT50,29-Sep-2026,66100.0,PE,0,,0,,0,0.0,,0,0,0,0,0,,,,,,,,,,,,,,,0.07089999310175672,,,,,,11.45,25,73081.3,73210.35,72855.2,72947.45,none,no_price_available
2026-09-03T12:54:57.817543+00:00,2026-09-03T18:24:57.817543+05:30,NIFTYNXT50,29-Sep-2026,66200.0,CE,73051.85,,0,,0,0.0,,0,0,0,0,0,,,,,,,,,,,,,,,0.07089999310175672,,,,,,11.45,25,73081.3,73210.35,72855.2,72947.45,none,no_price_available
2026-09-03T12:54:57.817543+00:00,2026-09-03T18:24:57.817543+05:30,NIFTYNXT50,29-Sep-2026,66200.0,PE,0,,0,,0,0.0,,0,0,0,0,0,,,,,,,,,,,,,,,0.07089999310175672,,,,,,11.45,25,73081.3,73210.35,72855.2,72947.45,none,no_price_available
2026-09-03T12:54:57.817543+00:00,2026-09-03T18:24:57.817543+05:30,NIFTYNXT50,29-Sep-2026,66300.0,CE,73051.85,,0,,0,0.0,,0,0,0,0,0,,,,,,,,,,,,,,,0.07089999310175672,,,,,,11.45,25,73081.3,73210.35,72855.2,72947.45,none,no_price_available
2026-09-03T12:54:57.817543+00:00,2026-09-03T18:24:57.817543+05:30,NIFTYNXT50,29-Sep-2026,66300.0,PE,0,,0,,0,0.0,,0,0,0,0,0,,,,,,,,,,,,,,,0.07089999310175672,,,,,,11.45,25,73081.3,73210.35,72855.2,72947.45,none,no_price_available
2026-09-03T12:54:57.817543+00:00,2026-09-03T18:24:57.817543+05:30,NIFTYNXT50,29-Sep-2026,66400.0,CE,73051.85,,0,,0,0.0,,0,0,0,0,0,,,,,,,,,,,,,,,0.07089999310175672,,,,,,11.45,25,73081.3,73210.35,72855.2,72947.45,none,no_price_available
2026-09-03T12:54:57.817543+00:00,2026-09-03T18:24:57.817543+05:30,NIFTYNXT50,29-Sep-2026,66400.0,PE,0,,0,,0,0.0,,0,0,0,0,0,,,,,,,,,,,,,,,0.07089999310175672,,,,,,11.45,25,73081.3,73210.35,72855.2,72947.45,none,no_price_available
2026-09-03T12:54:57.817543+00:00,2026-09-03T18:24:57.817543+05:30,NIFTYNXT50,29-Sep-2026,66500.0,CE,73051.85,,0,,0,0.0,,0,0,0,0,0,,,,,,,,,,,,,,,0.07089999310175672,,,,,,11.45,25,73081.3,73210.35,72855.2,72947.45,none,no_price_available
2026-09-03T12:54:57.817543+00:00,2026-09-03T18:24:57.817543+05:30,NIFTYNXT50,29-Sep-2026,66500.0,PE,0,,0,,0,0.0,,0,0,0,0,0,,,,,,,,,,,,,,,0.07089999310175672,,,,,,11.45,25,73081.3,73210.35,72855.2,72947.45,none,no_price_available
2026-09-03T12:54:57.817543+00:00,2026-09-03T18:24:57.817543+05:30,NIFTYNXT50,29-Sep-2026,66600.0,CE,73051.85,,0,,0,0.0,,0,0,0,0,0,,,,,,,,,,,,,,,0.07089999310175672,,,,,,11.45,25,73081.3,73210.35,72855.2,72947.45,none,no_price_available
2026-09-03T12:54:57.817543+00:00,2026-09-03T18:24:57.817543+05:30,NIFTYNXT50,29-Sep-2026,66600.0,PE,0,,0,,0,0.0,,0,0,0,0,0,,,,,,,,,,,,,,,0.07089999310175672,,,,,,11.45,25,73081.3,73210.35,72855.2,72947.45,none,no_price_available
2026-09-03T12:54:57.817543+00:00,2026-09-03T18:24:57.817543+05:30,NIFTYNXT50,29-Sep-2026,66700.0,CE,73051.85,,0,,0,0.0,,0,0,0,0,0,,,,,,,,,,,,,,,0.07089999310175672,,,,,,11.45,25,73081.3,73210.35,72855.2,72947.45,none,no_price_available
2026-09-03T12:54:57.817543+00:00,2026-09-03T18:24:57.817543+05:30,NIFTYNXT50,29-Sep-2026,66700.0,PE,0,,0,,0,0.0,,0,0,0,0,0,,,,,,,,,,,,,,,0.07089999310175672,,,,,,11.45,25,73081.3,73210.35,72855.2,72947.45,none,no_price_available
2026-09-03T12:54:57.817543+00:00,2026-09-03T18:24:57.817543+05:30,NIFTYNXT50,29-Sep-2026,66800.0,CE,73051.85,,0,,0,0.0,,0,0,0,0,0,,,,,,,,,,,,,,,0.07089999310175672,,,,,,11.45,25,73081.3,73210.35,72855.2,72947.45,none,no_price_available
2026-09-03T12:54:57.817543+00:00,2026-09-03T18:24:57.817543+05:30,NIFTYNXT50,29-Sep-2026,66800.0,PE,0,,0,,0,0.0,,0,0,0,0,0,,,,,,,,,,,,,,,0.07089999310175672,,,,,,11.45,25,73081.3,73210.35,72855.2,72947.45,none,no_price_available
2026-09-03T12:54:57.817543+00:00,2026-09-03T18:24:57.817543+05:30,NIFTYNXT50,29-Sep-2026,66900.0,CE,73051.85,,0,,0,0.0,,0,0,0,0,0,,,,,,,,,,,,,,,0.07089999310175672,,,,,,11.45,25,73081.3,73210.35,72855.2,72947.45,none,no_price_available
2026-09-03T12:54:57.817543+00:00,2026-09-03T18:24:57.817543+05:30,NIFTYNXT50,29-Sep-2026,66900.0,PE,0,,0,,0,0.0,,0,0,0,0,0,,,,,,,,,,,,,,,0.07089999310175672,,,,,,11.45,25,73081.3,73210.35,72855.2,72947.45,none,no_price_available
2026-09-03T12:54:57.817543+00:00,2026-09-03T18:24:57.817543+05:30,NIFTYNXT50,29-Sep-2026,67000.0,CE,73051.85,,0,,0,0.0,,0,0,0,0,0,,,,,,,,,,,,,,,0.07089999310175672,,,,,,11.45,25,73081.3,73210.35,72855.2,72947.45,none,no_price_available
2026-09-03T12:54:57.817543+00:00,2026-09-03T18:24:57.817543+05:30,NIFTYNXT50,29-Sep-2026,67000.0,PE,0,,0,,0,0.0,,0,0,0,0,0,,,,,,,,,,,,,,,0.07089999310175672,,,,,,11.45,25,73081.3,73210.35,72855.2,72947.45,none,no_price_available
2026-09-03T12:54:57.817543+00:00,2026-09-03T18:24:57.817543+05:30,NIFTYNXT50,29-Sep-2026,67100.0,CE,73051.85,,0,,0,0.0,,0,0,0,0,0,,,,,,,,,,,,,,,0.07089999310175672,,,,,,11.45,25,73081.3,73210.35,72855.2,72947.45,none,no_price_available
2026-09-03T12:54:57.817543+00:00,2026-09-03T18:24:57.817543+05:30,NIFTYNXT50,29-Sep-2026,67100.0,PE,0,,0,,0,0.0,,0,0,0,0,0,,,,,,,,,,,,,,,0.07089999310175672,,,,,,11.45,25,73081.3,73210.35,72855.2,72947.45,none,no_price_available
2026-09-03T12:54:57.817543+00:00,2026-09-03T18:24:57.817543+05:30,NIFTYNXT50,29-Sep-2026,67200.0,CE,73051.85,,0,,0,0.0,,0,0,0,0,0,,,,,,,,,,,,,,,0.07089999310175672,,,,,,11.45,25,73081.3,73210.35,72855.2,72947.45,none,no_price_available
2026-09-03T12:54:57.817543+00:00,2026-09-03T18:24:57.817543+05:30,NIFTYNXT50,29-Sep-2026,67200.0,PE,0,,0,,0,0.0,,0,0,0,0,0,,,,,,,,,,,,,,,0.07089999310175672,,,,,,11.45,25,73081.3,73210.35,72855.2,72947.45,none,no_price_available
2026-09-03T12:54:57.817543+00:00,2026-09-03T18:24:57.817543+05:30,NIFTYNXT50,29-Sep-2026,67300.0,CE,73051.85,,0,,0,0.0,,0,0,0,0,0,,,,,,,,,,,,,,,0.07089999310175672,,,,,,11.45,25,73081.3,73210.35,72855.2,72947.45,none,no_price_available
2026-09-03T12:54:57.817543+00:00,2026-09-03T18:24:57.817543+05:30,NIFTYNXT50,29-Sep-2026,67300.0,PE,0,,0,,0,0.0,,0,0,0,0,0,,,,,,,,,,,,,,,0.07089999310175672,,,,,,11.45,25,73081.3,73210.35,72855.2,72947.45,none,no_price_available
2026-09-03T12:54:57.817543+00:00,2026-09-03T18:24:57.817543+05:30,NIFTYNXT50,29-Sep-2026,67400.0,CE,73051.85,,0,,0,0.0,,0,0,0,0,0,,,,,,,,,,,,,,,0.07089999310175672,,,,,,11.45,25,73081.3,73210.35,72855.2,72947.45,none,no_price_available
2026-09-03T12:54:57.817543+00:00,2026-09-03T18:24:57.817543+05:30,NIFTYNXT50,29-Sep-2026,67400.0,PE,0,,0,,0,0.0,,0,0,0,0,0,,,,,,,,,,,,,,,0.07089999310175672,,,,,,11.45,25,73081.3,73210.35,72855.2,72947.45,none,no_price_available
2026-09-03T12:54:57.817543+00:00,2026-09-03T18:24:57.817543+05:30,NIFTYNXT50,29-Sep-2026,67500.0,CE,73051.85,,0,,0,0.0,,0,0,0,0,0,,,,,,,,,,,,,,,0.07089999310175672,,,,,,11.45,25,73081.3,73210.35,72855.2,72947.45,none,no_price_available
2026-09-03T12:54:57.817543+00:00,2026-09-03T18:24:57.817543+05:30,NIFTYNXT50,29-Sep-2026,67500.0,PE,0,,0,,0,0.0,,0,0,0,0,0,,,,,,,,,,,,,,,0.07089999310175672,,,,,,11.45,25,73081.3,73210.35,72855.2,72947.45,none,no_price_available
2026-09-03T12:54:57.817543+00:00,2026-09-03T18:24:57.817543+05:30,NIFTYNXT50,29-Sep-2026,67600.0,CE,73051.85,,0,,0,0.0,,0,0,0,0,0,,,,,,,,,,,,,,,0.07089999310175672,,,,,,11.45,25,73081.3,73210.35,72855.2,72947.45,none,no_price_available
2026-09-03T12:54:57.817543+00:00,2026-09-03T18:24:57.817543+05:30,NIFTYNXT50,29-Sep-2026,67600.0,PE,0,,0,,0,0.0,,0,0,0,0,0,,,,,,,,,,,,,,,0.07089999310175672,,,,,,11.45,25,73081.3,73210.35,72855.2,72947.45,none,no_price_available
2026-09-03T12:54:57.817543+00:00,2026-09-03T18:24:57.817543+05:30,NIFTYNXT50,29-Sep-2026,67700.0,CE,73051.85,3764.9,50,7697.9,50,0.0,5731.4,0,0,0,0,0,,,,,,,,,,,,,,,0.07089999310175672,73151,0.01913025456741564,0.009899999999999999,index_dividend_yield,0.065,11.45,25,73081.3,73210.35,72855.2,72947.45,mid_price,no_nse_iv
2026-09-03T12:54:57.817543+00:00,2026-09-03T18:24:57.817543+05:30,NIFTYNXT50,29-Sep-2026,67700.0,PE,0,,0,,0,0.0,,0,0,0,0,0,,,,,,,,,,,,,,,0.07089999310175672,,,,,,11.45,25,73081.3,73210.35,72855.2,72947.45,none,no_price_available
2026-09-03T12:54:57.817543+00:00,2026-09-03T18:24:57.817543+05:30,NIFTYNXT50,29-Sep-2026,67800.0,CE,73051.85,4388.4,25,6600.05,25,0.0,5494.225,0,0,0,0,0,,,,,,,,,,,,,,,0.07089999310175672,73151,0.01913025456741564,0.009899999999999999,index_dividend_yield,0.065,11.45,25,73081.3,73210.35,72855.2,72947.45,mid_price,no_nse_iv
2026-09-03T12:54:57.817543+00:00,2026-09-03T18:24:57.817543+05:30,NIFTYNXT50,29-Sep-2026,67800.0,PE,0,,0,,0,0.0,,0,0,0,0,0,,,,,,,,,,,,,,,0.07089999310175672,,,,,,11.45,25,73081.3,73210.35,72855.2,72947.45,none,no_price_available
2026-09-03T12:54:57.817543+00:00,2026-09-03T18:24:57.817543+05:30,NIFTYNXT50,29-Sep-2026,67900.0,CE,73051.85,4501.5,25,7716.95,50,0.0,6109.225,0,0,0,0,0,,,,,,,,,,,,,,,0.07089999310175672,73151,0.01913025456741564,0.009899999999999999,index_dividend_yield,0.065,11.45,25,73081.3,73210.35,72855.2,72947.45,mid_price,no_nse_iv
2026-09-03T12:54:57.817543+00:00,2026-09-03T18:24:57.817543+05:30,NIFTYNXT50,29-Sep-2026,67900.0,PE,0,,0,,0,0.0,,0,0,0,0,0,,,,,,,,,,,,,,,0.07089999310175672,,,,,,11.45,25,73081.3,73210.35,72855.2,72947.45,none,no_price_available
2026-09-03T12:54:57.817543+00:00,2026-09-03T18:24:57.817543+05:30,NIFTYNXT50,29-Sep-2026,68000.0,CE,73051.85,4414.7,25,7617.35,50,0.0,6016.025,0,0,0,0,0,,,,,,,,,,,,,,,0.07089999310175672,73151,0.01913025456741564,0.009899999999999999,index_dividend_yield,0.065,11.45,25,73081.3,73210.35,72855.2,72947.45,mid_price,no_nse_iv
2026-09-03T12:54:57.817543+00:00,2026-09-03T18:24:57.817543+05:30,NIFTYNXT50,29-Sep-2026,68000.0,PE,0,,0,,0,0.0,,0,0,0,0,0,,,,,,,,,,,,,,,0.07089999310175672,,,,,,11.45,25,73081.3,73210.35,72855.2,72947.45,none,no_price_available
2026-09-03T12:54:57.817543+00:00,2026-09-03T18:24:57.817543+05:30,NIFTYNXT50,29-Sep-2026,68100.0,CE,73051.85,4326.8,25,7517.55,50,0.0,5922.175,0,0,0,0,0,,,,,,,,,,,,,,,0.07089999310175672,73151,0.01913025456741564,0.009899999999999999,index_dividend_yield,0.065,11.45,25,73081.3,73210.35,72855.2,72947.45,mid_price,no_nse_iv
2026-09-03T12:54:57.817543+00:00,2026-09-03T18:24:57.817543+05:30,NIFTYNXT50,29-Sep-2026,68100.0,PE,0,,0,,0,0.0,,0,0,0,0,0,,,,,,,,,,,,,,,0.07089999310175672,,,,,,11.45,25,73081.3,73210.35,72855.2,72947.45,none,no_price_available
2026-09-03T12:54:57.817543+00:00,2026-09-03T18:24:57.817543+05:30,NIFTYNXT50,29-Sep-2026,68200.0,CE,73051.85,4239.85,25,6435.9,25,0.0,5337.875,0,0,0,0,0,,,,,,,,,,,,,,,0.07089999310175672,73151,0.01913025456741564,0.009899999999999999,index_dividend_yield,0.065,11.45,25,73081.3,73210.35,72855.2,72947.45,mid_price,no_nse_iv
2026-09-03T12:54:57.817543+00:00,2026-09-03T18:24:57.817543+05:30,NIFTYNXT50,29-Sep-2026,68200.0,PE,0,,0,,0,0.0,,0,0,0,0,0,,,,,,,,,,,,,,,0.07089999310175672,,,,,,11.45,25,73081.3,73210.35,72855.2,72947.45,none,no_price_available
2026-09-03T12:54:57.817543+00:00,2026-09-03T18:24:57.817543+05:30,NIFTYNXT50,29-Sep-2026,68300.0,CE,73051.85,4152,25,6413.7,25,0.0,5282.85,0,0,0,0,0,,,,,,,,,,,,,,,0.07089999310175672,73151,0.01913025456741564,0.009899999999999999,index_dividend_yield,0.065,11.45,25,73081.3,73210.35,72855.2,72947.45,mid_price,no_nse_iv
2026-09-03T12:54:57.817543+00:00,2026-09-03T18:24:57.817543+05:30,NIFTYNXT50,29-Sep-2026,68300.0,PE,0,,0,,0,0.0,,0,0,0,0,0,,,,,,,,,,,,,,,0.07089999310175672,,,,,,11.45,25,73081.3,73210.35,72855.2,72947.45,none,no_price_available
2026-09-03T12:54:57.817543+00:00,2026-09-03T18:24:57.817543+05:30,NIFTYNXT50,29-Sep-2026,68400.0,CE,73051.85,4065.05,25,6219.1,25,0.0,5142.075000000001,0,0,0,0,0,,,,,,,,,,,,,,,0.07089999310175672,73151,0.01913025456741564,0.009899999999999999,index_dividend_yield,0.065,11.45,25,73081.3,73210.35,72855.2,72947.45,mid_price,no_nse_iv
2026-09-03T12:54:57.817543+00:00,2026-09-03T18:24:57.817543+05:30,NIFTYNXT50,29-Sep-2026,68400.0,PE,0,,0,,0,0.0,,0,0,0,0,0,,,,,,,,,,,,,,,0.07089999310175672,,,,,,11.45,25,73081.3,73210.35,72855.2,72947.45,none,no_price_available
2026-09-03T12:54:57.817543+00:00,2026-09-03T18:24:57.817543+05:30,NIFTYNXT50,29-Sep-2026,68500.0,CE,73051.85,3977.4,25,6113.5,25,0.0,5045.45,0,0,0,0,0,,,,,,,,,,,,,,,0.07089999310175672,73151,0.01913025456741564,0.009899999999999999,index_dividend_yield,0.065,11.45,25,73081.3,73210.35,72855.2,72947.45,mid_price,no_nse_iv
2026-09-03T12:54:57.817543+00:00,2026-09-03T18:24:57.817543+05:30,NIFTYNXT50,29-Sep-2026,68500.0,PE,0,,0,,0,0.0,,0,0,0,0,0,,,,,,,,,,,,,,,0.07089999310175672,,,,,,11.45,25,73081.3,73210.35,72855.2,72947.45,none,no_price_available
2026-09-03T12:54:57.817543+00:00,2026-09-03T18:24:57.817543+05:30,NIFTYNXT50,29-Sep-2026,68600.0,CE,73051.85,3890,25,6008.95,25,0.0,4949.475,0,0,0,0,0,,,,,,,,,,,,,,,0.07089999310175672,73151,0.01913025456741564,0.009899999999999999,index_dividend_yield,0.065,11.45,25,73081.3,73210.35,72855.2,72947.45,mid_price,no_nse_iv
2026-09-03T12:54:57.817543+00:00,2026-09-03T18:24:57.817543+05:30,NIFTYNXT50,29-Sep-2026,68600.0,PE,0,,0,,0,0.0,,0,0,0,0,0,,,,,,,,,,,,,,,0.07089999310175672,,,,,,11.45,25,73081.3,73210.35,72855.2,72947.45,none,no_price_available
2026-09-03T12:54:57.817543+00:00,2026-09-03T18:24:57.817543+05:30,NIFTYNXT50,29-Sep-2026,68700.0,CE,73051.85,3802.75,25,5977.15,25,0.0,4889.95,0,0,0,0,0,,,,,,,,,,,,,,,0.07089999310175672,73151,0.01913025456741564,0.009899999999999999,index_dividend_yield,0.065,11.45,25,73081.3,73210.35,72855.2,72947.45,mid_price,no_nse_iv
2026-09-03T12:54:57.817543+00:00,2026-09-03T18:24:57.817543+05:30,NIFTYNXT50,29-Sep-2026,68700.0,PE,0,,0,,0,0.0,,0,0,0,0,0,,,,,,,,,,,,,,,0.07089999310175672,,,,,,11.45,25,73081.3,73210.35,72855.2,72947.45,none,no_price_available
2026-09-03T12:54:57.817543+00:00,2026-09-03T18:24:57.817543+05:30,NIFTYNXT50,29-Sep-2026,68800.0,CE,73051.85,3715,25,5870.45,25,0.0,4792.725,0,0,0,0,0,,,,,,,,,,,,,,,0.07089999310175672,73151,0.01913025456741564,0.009899999999999999,index_dividend_yield,0.065,11.45,25,73081.3,73210.35,72855.2,72947.45,mid_price,no_nse_iv
2026-09-03T12:54:57.817543+00:00,2026-09-03T18:24:57.817543+05:30,NIFTYNXT50,29-Sep-2026,68800.0,PE,0,,0,,0,0.0,,0,0,0,0,0,,,,,,,,,,,,,,,0.07089999310175672,,,,,,11.45,25,73081.3,73210.35,72855.2,72947.45,none,no_price_available
2026-09-03T12:54:57.817543+00:00,2026-09-03T18:24:57.817543+05:30,NIFTYNXT50,29-Sep-2026,68900.0,CE,73051.85,3628.1,25,5763.8,25,0.0,4695.95,0,0,0,0,0,,,,,,,,,,,,,,,0.07089999310175672,73151,0.01913025456741564,0.009899999999999999,index_dividend_yield,0.065,11.45,25,73081.3,73210.35,72855.2,72947.45,mid_price,no_nse_iv
2026-09-03T12:54:57.817543+00:00,2026-09-03T18:24:57.817543+05:30,NIFTYNXT50,29-Sep-2026,68900.0,PE,0,,0,,0,0.0,,0,0,0,0,0,,,,,,,,,,,,,,,0.07089999310175672,,,,,,11.45,25,73081.3,73210.35,72855.2,72947.45,none,no_price_available
2026-09-03T12:54:57.817543+00:00,2026-09-03T18:24:57.817543+05:30,NIFTYNXT50,29-Sep-2026,69000.0,CE,73051.85,3540.55,25,5657.1,25,0.0,4598.825000000001,0,0,0,0,0,,,,,,,,,,,,,,,0.07089999310175672,73151,0.01913025456741564,0.009899999999999999,index_dividend_yield,0.065,11.45,25,73081.3,73210.35,72855.2,72947.45,mid_price,no_nse_iv
2026-09-03T12:54:57.817543+00:00,2026-09-03T18:24:57.817543+05:30,NIFTYNXT50,29-Sep-2026,69000.0,PE,0,,0,,0,0.0,,0,0,0,0,0,,,,,,,,,,,,,,,0.07089999310175672,,,,,,11.45,25,73081.3,73210.35,72855.2,72947.45,none,no_price_available
2026-09-03T12:54:57.817543+00:00,2026-09-03T18:24:57.817543+05:30,NIFTYNXT50,29-Sep-2026,69100.0,CE,73051.85,3452.8,25,5550.45,25,0.0,4501.625,0,0,0,0,0,,,,,,,,,,,,,,,0.07089999310175672,73151,0.01913025456741564,0.009899999999999999,index_dividend_yield,0.065,11.45,25,73081.3,73210.35,72855.2,72947.45,mid_price,no_nse_iv
2026-09-03T12:54:57.817543+00:00,2026-09-03T18:24:57.817543+05:30,NIFTYNXT50,29-Sep-2026,69100.0,PE,0,,0,,0,0.0,,0,0,0,0,0,,,,,,,,,,,,,,,0.07089999310175672,,,,,,11.45,25,73081.3,73210.35,72855.2,72947.45,none,no_price_available
2026-09-03T12:54:57.817543+00:00,2026-09-03T18:24:57.817543+05:30,NIFTYNXT50,29-Sep-2026,69200.0,CE,73051.85,3365.9,25,5443.75,25,0.0,4404.825,0,0,0,0,0,,,,,,,,,,,,,,,0.07089999310175672,73151,0.01913025456741564,0.009899999999999999,index_dividend_yield,0.065,11.45,25,73081.3,73210.35,72855.2,72947.45,mid_price,no_nse_iv
2026-09-03T12:54:57.817543+00:00,2026-09-03T18:24:57.817543+05:30,NIFTYNXT50,29-Sep-2026,69200.0,PE,0,,0,,0,0.0,,0,0,0,0,0,,,,,,,,,,,,,,,0.07089999310175672,,,,,,11.45,25,73081.3,73210.35,72855.2,72947.45,none,no_price_available
2026-09-03T12:54:57.817543+00:00,2026-09-03T18:24:57.817543+05:30,NIFTYNXT50,29-Sep-2026,69300.0,CE,73051.85,3278,25,5337.05,25,0.0,4307.525,0,0,0,0,0,,,,,,,,,,,,,,,0.07089999310175672,73151,0.01913025456741564,0.009899999999999999,index_dividend_yield,0.065,11.45,25,73081.3,73210.35,72855.2,72947.45,mid_price,no_nse_iv
2026-09-03T12:54:57.817543+00:00,2026-09-03T18:24:57.817543+05:30,NIFTYNXT50,29-Sep-2026,69300.0,PE,0,,0,,0,0.0,,0,0,0,0,0,,,,,,,,,,,,,,,0.07089999310175672,,,,,,11.45,25,73081.3,73210.35,72855.2,72947.45,none,no_price_available
2026-09-03T12:54:57.817543+00:00,2026-09-03T18:24:57.817543+05:30,NIFTYNXT50,29-Sep-2026,69400.0,CE,73051.85,3191.2,25,5230.4,25,0.0,4210.799999999999,0,0,0,0,0,,,,,,,,,,,,,,,0.07089999310175672,73151,0.01913025456741564,0.009899999999999999,index_dividend_yield,0.065,11.45,25,73081.3,73210.35,72855.2,72947.45,mid_price,no_nse_iv
2026-09-03T12:54:57.817543+00:00,2026-09-03T18:24:57.817543+05:30,NIFTYNXT50,29-Sep-2026,69400.0,PE,0,,0,,0,0.0,,0,0,0,0,0,,,,,,,,,,,,,,,0.07089999310175672,,,,,,11.45,25,73081.3,73210.35,72855.2,72947.45,none,no_price_available
2026-09-03T12:54:57.817543+00:00,2026-09-03T18:24:57.817543+05:30,NIFTYNXT50,29-Sep-2026,69500.0,CE,73051.85,3103.1,25,5123.7,25,0.0,4113.4,0,0,0,0,0,,,,,,,,,,,,,,,0.07089999310175672,73151,0.01913025456741564,0.009899999999999999,index_dividend_yield,0.065,11.45,25,73081.3,73210.35,72855.2,72947.45,mid_price,no_nse_iv
2026-09-03T12:54:57.817543+00:00,2026-09-03T18:24:57.817543+05:30,NIFTYNXT50,29-Sep-2026,69500.0,PE,0,,0,,0,0.0,,0,0,0,0,0,,,,,,,,,,,,,,,0.07089999310175672,,,,,,11.45,25,73081.3,73210.35,72855.2,72947.45,none,no_price_available
2026-09-03T12:54:57.817543+00:00,2026-09-03T18:24:57.817543+05:30,NIFTYNXT50,29-Sep-2026,69600.0,CE,73051.85,3016.3,25,5017.25,25,0.0,4016.775,0,0,0,0,0,,,,,,,,,,,,,,,0.07089999310175672,73151,0.01913025456741564,0.009899999999999999,index_dividend_yield,0.065,11.45,25,73081.3,73210.35,72855.2,72947.45,mid_price,no_nse_iv
2026-09-03T12:54:57.817543+00:00,2026-09-03T18:24:57.817543+05:30,NIFTYNXT50,29-Sep-2026,69600.0,PE,0,,0,,0,0.0,,0,0,0,0,0,,,,,,,,,,,,,,,0.07089999310175672,,,,,,11.45,25,73081.3,73210.35,72855.2,72947.45,none,no_price_available
2026-09-03T12:54:57.817543+00:00,2026-09-03T18:24:57.817543+05:30,NIFTYNXT50,29-Sep-2026,69700.0,CE,73051.85,2928.9,25,4912.25,25,0.0,3920.575,0,0,0,0,0,,,,,,,,,,,,,,,0.07089999310175672,73151,0.01913025456741564,0.009899999999999999,index_dividend_yield,0.065,11.45,25,73081.3,73210.35,72855.2,72947.45,mid_price,no_nse_iv
2026-09-03T12:54:57.817543+00:00,2026-09-03T18:24:57.817543+05:30,NIFTYNXT50,29-Sep-2026,69700.0,PE,0,,0,,0,0.0,,0,0,0,0,0,,,,,,,,,,,,,,,0.07089999310175672,,,,,,11.45,25,73081.3,73210.35,72855.2,72947.45,none,no_price_available
2026-09-03T12:54:57.817543+00:00,2026-09-03T18:24:57.817543+05:30,NIFTYNXT50,29-Sep-2026,69800.0,CE,73051.85,2841,25,4807.25,25,0.0,3824.125,0,0,0,0,0,,,,,,,,,,,,,,,0.07089999310175672,73151,0.01913025456741564,0.009899999999999999,index_dividend_yield,0.065,11.45,25,73081.3,73210.35,72855.2,72947.45,mid_price,no_nse_iv
2026-09-03T12:54:57.817543+00:00,2026-09-03T18:24:57.817543+05:30,NIFTYNXT50,29-Sep-2026,69800.0,PE,0,,0,,0,0.0,,0,0,0,0,0,,,,,,,,,,,,,,,0.07089999310175672,,,,,,11.45,25,73081.3,73210.35,72855.2,72947.45,none,no_price_available
2026-09-03T12:54:57.817543+00:00,2026-09-03T18:24:57.817543+05:30,NIFTYNXT50,29-Sep-2026,69900.0,CE,73051.85,2753.6,25,4702.25,25,0.0,3727.925,0,0,0,0,0,,,,,,,,,,,,,,,0.07089999310175672,73151,0.01913025456741564,0.009899999999999999,index_dividend_yield,0.065,11.45,25,73081.3,73210.35,72855.2,72947.45,mid_price,no_nse_iv
2026-09-03T12:54:57.817543+00:00,2026-09-03T18:24:57.817543+05:30,NIFTYNXT50,29-Sep-2026,69900.0,PE,0,,0,,0,0.0,,0,0,0,0,0,,,,,,,,,,,,,,,0.07089999310175672,,,,,,11.45,25,73081.3,73210.35,72855.2,72947.45,none,no_price_available
2026-09-03T12:54:57.817543+00:00,2026-09-03T18:24:57.817543+05:30,NIFTYNXT50,29-Sep-2026,70000.0,CE,73051.85,2666.1,25,4597.25,25,0.0,3631.675,0,0,0,0,0,,,,,,,,,,,,,,,0.07089999310175672,73151,0.01913025456741564,0.009899999999999999,index_dividend_yield,0.065,11.45,25,73081.3,73210.35,72855.2,72947.45,mid_price,no_nse_iv
2026-09-03T12:54:57.817543+00:00,2026-09-03T18:24:57.817543+05:30,NIFTYNXT50,29-Sep-2026,70000.0,PE,73051.85,0.55,50,630,25,0.0,315.275,0,0,0,0,0,,,,,,,,,,,,,,,0.07089999310175672,73151,0.01913025456741564,0.009899999999999999,index_dividend_yield,0.065,11.45,25,73081.3,73210.35,72855.2,72947.45,mid_price,no_nse_iv
2026-09-03T12:54:57.817543+00:00,2026-09-03T18:24:57.817543+05:30,NIFTYNXT50,29-Sep-2026,70100.0,CE,73051.85,2578.7,25,4492.25,25,0.0,3535.475,0,0,0,0,0,,,,,,,,,,,,,,,0.07089999310175672,73151,0.01913025456741564,0.009899999999999999,index_dividend_yield,0.065,11.45,25,73081.3,73210.35,72855.2,72947.45,mid_price,no_nse_iv
2026-09-03T12:54:57.817543+00:00,2026-09-03T18:24:57.817543+05:30,NIFTYNXT50,29-Sep-2026,70100.0,PE,0,,0,,0,0.0,,0,0,0,0,0,,,,,,,,,,,,,,,0.07089999310175672,,,,,,11.45,25,73081.3,73210.35,72855.2,72947.45,none,no_price_available
2026-09-03T12:54:57.817543+00:00,2026-09-03T18:24:57.817543+05:30,NIFTYNXT50,29-Sep-2026,70200.0,CE,73051.85,2491.75,25,4387.25,25,0.0,3439.5,0,0,0,0,0,,,,,,,,,,,,,,,0.07089999310175672,73151,0.01913025456741564,0.009899999999999999,index_dividend_yield,0.065,11.45,25,73081.3,73210.35,72855.2,72947.45,mid_price,no_nse_iv
2026-09-03T12:54:57.817543+00:00,2026-09-03T18:24:57.817543+05:30,NIFTYNXT50,29-Sep-2026,70200.0,PE,0,,0,,0,0.0,,0,0,0,0,0,,,,,,,,,,,,,,,0.07089999310175672,,,,,,11.45,25,73081.3,73210.35,72855.2,72947.45,none,no_price_available
2026-09-03T12:54:57.817543+00:00,2026-09-03T18:24:57.817543+05:30,NIFTYNXT50,29-Sep-2026,70300.0,CE,73051.85,2404,25,4282.25,25,0.0,3343.125,0,0,0,0,0,,,,,,,,,,,,,,,0.07089999310175672,73151,0.01913025456741564,0.009899999999999999,index_dividend_yield,0.065,11.45,25,73081.3,73210.35,72855.2,72947.45,mid_price,no_nse_iv
2026-09-03T12:54:57.817543+00:00,2026-09-03T18:24:57.817543+05:30,NIFTYNXT50,29-Sep-2026,70300.0,PE,0,,0,,0,0.0,,0,0,0,0,0,,,,,,,,,,,,,,,0.07089999310175672,,,,,,11.45,25,73081.3,73210.35,72855.2,72947.45,none,no_price_available
2026-09-03T12:54:57.817543+00:00,2026-09-03T18:24:57.817543+05:30,NIFTYNXT50,29-Sep-2026,70400.0,CE,73051.85,2316.5,25,4177.25,25,0.0,3246.875,0,0,0,0,0,,,,,,,,,,,,,,,0.07089999310175672,73151,0.01913025456741564,0.009899999999999999,index_dividend_yield,0.065,11.45,25,73081.3,73210.35,72855.2,72947.45,mid_price,no_nse_iv
2026-09-03T12:54:57.817543+00:00,2026-09-03T18:24:57.817543+05:30,NIFTYNXT50,29-Sep-2026,70400.0,PE,0,,0,,0,0.0,,0,0,0,0,0,,,,,,,,,,,,,,,0.07089999310175672,,,,,,11.45,25,73081.3,73210.35,72855.2,72947.45,none,no_price_available
2026-09-03T12:54:57.817543+00:00,2026-09-03T18:24:57.817543+05:30,NIFTYNXT50,29-Sep-2026,70500.0,CE,73051.85,2229.2,25,4072.25,25,0.0,3150.725,0,0,0,0,0,,,,,,,,,,,,,,,0.07089999310175672,73151,0.01913025456741564,0.009899999999999999,index_dividend_yield,0.065,11.45,25,73081.3,73210.35,72855.2,72947.45,mid_price,no_nse_iv
2026-09-03T12:54:57.817543+00:00,2026-09-03T18:24:57.817543+05:30,NIFTYNXT50,29-Sep-2026,70500.0,PE,0,,0,,0,0.0,,0,0,0,0,0,,,,,,,,,,,,,,,0.07089999310175672,,,,,,11.45,25,73081.3,73210.35,72855.2,72947.45,none,no_price_available
2026-09-03T12:54:57.817543+00:00,2026-09-03T18:24:57.817543+05:30,NIFTYNXT50,29-Sep-2026,70600.0,CE,73051.85,2144.6,25,3967.15,25,0.0,3055.875,0,0,0,0,0,,,,,,,,,,,,,,,0.07089999310175672,73151,0.01913025456741564,0.009899999999999999,index_dividend_yield,0.065,11.45,25,73081.3,73210.35,72855.2,72947.45,mid_price,no_nse_iv
2026-09-03T12:54:57.817543+00:00,2026-09-03T18:24:57.817543+05:30,NIFTYNXT50,29-Sep-2026,70600.0,PE,0,,0,,0,0.0,,0,0,0,0,0,,,,,,,,,,,,,,,0.07089999310175672,,,,,,11.45,25,73081.3,73210.35,72855.2,72947.45,none,no_price_available
2026-09-03T12:54:57.817543+00:00,2026-09-03T18:24:57.817543+05:30,NIFTYNXT50,29-Sep-2026,70700.0,CE,73051.85,2095.3,25,3862.25,25,0.0,2978.775,0,0,0,0,0,,,,,,,,,,,,,,,0.07089999310175672,73151,0.01913025456741564,0.009899999999999999,index_dividend_yield,0.065,11.45,25,73081.3,73210.35,72855.2,72947.45,mid_price,no_nse_iv
2026-09-03T12:54:57.817543+00:00,2026-09-03T18:24:57.817543+05:30,NIFTYNXT50,29-Sep-2026,70700.0,PE,0,,0,,0,0.0,,0,0,0,0,0,,,,,,,,,,,,,,,0.07089999310175672,,,,,,11.45,25,73081.3,73210.35,72855.2,72947.45,none,no_price_available
2026-09-03T12:54:57.817543+00:00,2026-09-03T18:24:57.817543+05:30,NIFTYNXT50,29-Sep-2026,70800.0,CE,73051.85,2048.65,25,3757.25,25,0.0,2902.95,0,0,0,0,0,,,,,,,,,,,,,,,0.07089999310175672,73151,0.01913025456741564,0.009899999999999999,index_dividend_yield,0.065,11.45,25,73081.3,73210.35,72855.2,72947.45,mid_price,no_nse_iv
2026-09-03T12:54:57.817543+00:00,2026-09-03T18:24:57.817543+05:30,NIFTYNXT50,29-Sep-2026,70800.0,PE,73051.85,53.3,50,899.65,50,0.0,476.47499999999997,0,0,0,0,0,,,,,,,,,,,,,,,0.07089999310175672,73151,0.01913025456741564,0.009899999999999999,index_dividend_yield,0.065,11.45,25,73081.3,73210.35,72855.2,72947.45,mid_price,no_nse_iv
2026-09-03T12:54:57.817543+00:00,2026-09-03T18:24:57.817543+05:30,NIFTYNXT50,29-Sep-2026,70900.0,CE,73051.85,2002.65,25,3652.15,25,0.0,2827.4,0,0,0,0,0,,,,,,,,,,,,,,,0.07089999310175672,73151,0.01913025456741564,0.009899999999999999,index_dividend_yield,0.065,11.45,25,73081.3,73210.35,72855.2,72947.45,mid_price,no_nse_iv
2026-09-03T12:54:57.817543+00:00,2026-09-03T18:24:57.817543+05:30,NIFTYNXT50,29-Sep-2026,70900.0,PE,73051.85,62.15,50,899.7,50,0.0,480.925,0,0,0,0,0,,,,,,,,,,,,,,,0.07089999310175672,73151,0.01913025456741564,0.009899999999999999,index_dividend_yield,0.065,11.45,25,73081.3,73210.35,72855.2,72947.45,mid_price,no_nse_iv
2026-09-03T12:54:57.817543+00:00,2026-09-03T18:24:57.817543+05:30,NIFTYNXT50,29-Sep-2026,71000.0,CE,73051.85,1280.75,25,3583.9,25,0.0,2432.325,0,0,0,0,0,,,,,,,,,,,,,,,0.07089999310175672,73151,0.01913025456741564,0.009899999999999999,index_dividend_yield,0.065,11.45,25,73081.3,73210.35,72855.2,72947.45,mid_price,no_nse_iv
2026-09-03T12:54:57.817543+00:00,2026-09-03T18:24:57.817543+05:30,NIFTYNXT50,29-Sep-2026,71000.0,PE,73051.85,71.95,50,720,25,0.0,395.975,0,0,0,0,0,,,,,,,,,,,,,,,0.07089999310175672,73151,0.01913025456741564,0.009899999999999999,index_dividend_yield,0.065,11.45,25,73081.3,73210.35,72855.2,72947.45,mid_price,no_nse_iv
2026-09-03T12:54:57.817543+00:00,2026-09-03T18:24:57.817543+05:30,NIFTYNXT50,29-Sep-2026,71100.0,CE,73051.85,1231.75,25,3478.9,25,0.0,2355.325,0,0,0,0,0,,,,,,,,,,,,,,,0.07089999310175672,73151,0.01913025456741564,0.009899999999999999,index_dividend_yield,0.065,11.45,25,73081.3,73210.35,72855.2,72947.45,mid_price,no_nse_iv
2026-09-03T12:54:57.817543+00:00,2026-09-03T18:24:57.817543+05:30,NIFTYNXT50,29-Sep-2026,71100.0,PE,73051.85,82.1,50,925.3,50,0.0,503.7,0,0,0,0,0,,,,,,,,,,,,,,,0.07089999310175672,73151,0.01913025456741564,0.009899999999999999,index_dividend_yield,0.065,11.45,25,73081.3,73210.35,72855.2,72947.45,mid_price,no_nse_iv
2026-09-03T12:54:57.817543+00:00,2026-09-03T18:24:57.817543+05:30,NIFTYNXT50,29-Sep-2026,71200.0,CE,73051.85,1183.85,25,3373.9,25,0.0,2278.875,0,0,0,0,0,,,,,,,,,,,,,,,0.07089999310175672,73151,0.01913025456741564,0.009899999999999999,index_dividend_yield,0.065,11.45,25,73081.3,73210.35,72855.2,72947.45,mid_price,no_nse_iv
2026-09-03T12:54:57.817543+00:00,2026-09-03T18:24:57.817543+05:30,NIFTYNXT50,29-Sep-2026,71200.0,PE,0,,0,,0,0.0,,0,0,0,0,0,,,,,,,,,,,,,,,0.07089999310175672,,,,,,11.45,25,73081.3,73210.35,72855.2,72947.45,none,no_price_available
2026-09-03T12:54:57.817543+00:00,2026-09-03T18:24:57.817543+05:30,NIFTYNXT50,29-Sep-2026,71300.0,CE,73051.85,,0,3313.95,25,0.0,,0,0,0,0,0,,,,,,,,,,,,,,,0.07089999310175672,,,,,,11.45,25,73081.3,73210.35,72855.2,72947.45,none,no_price_available
2026-09-03T12:54:57.817543+00:00,2026-09-03T18:24:57.817543+05:30,NIFTYNXT50,29-Sep-2026,71300.0,PE,0,,0,,0,0.0,,0,0,0,0,0,,,,,,,,,,,,,,,0.07089999310175672,,,,,,11.45,25,73081.3,73210.35,72855.2,72947.45,none,no_price_available
2026-09-03T12:54:57.817543+00:00,2026-09-03T18:24:57.817543+05:30,NIFTYNXT50,29-Sep-2026,71400.0,CE,73051.85,1091.1,25,3166.15,25,0.0,2128.625,0,0,0,0,0,,,,,,,,,,,,,,,0.07089999310175672,73151,0.01913025456741564,0.009899999999999999,index_dividend_yield,0.065,11.45,25,73081.3,73210.35,72855.2,72947.45,mid_price,no_nse_iv
2026-09-03T12:54:57.817543+00:00,2026-09-03T18:24:57.817543+05:30,NIFTYNXT50,29-Sep-2026,71400.0,PE,0,,0,,0,0.0,,0,0,0,0,0,,,,,,,,,,,,,,,0.07089999310175672,,,,,,11.45,25,73081.3,73210.35,72855.2,72947.45,none,no_price_available
2026-09-03T12:54:57.817543+00:00,2026-09-03T18:24:57.817543+05:30,NIFTYNXT50,29-Sep-2026,71500.0,CE,73051.85,,0,3057.95,25,0.0,,0,0,0,0,0,,,,,,,,,,,,,,,0.07089999310175672,,,,,,11.45,25,73081.3,73210.35,72855.2,72947.45,none,no_price_available
2026-09-03T12:54:57.817543+00:00,2026-09-03T18:24:57.817543+05:30,NIFTYNXT50,29-Sep-2026,71500.0,PE,0,,0,,0,0.0,,0,0,0,0,0,,,,,,,,,,,,,,,0.07089999310175672,,,,,,11.45,25,73081.3,73210.35,72855.2,72947.45,none,no_price_available
2026-09-03T12:54:57.817543+00:00,2026-09-03T18:24:57.817543+05:30,NIFTYNXT50,29-Sep-2026,71600.0,CE,73051.85,1002.95,25,2904.7,25,0.0,1953.8249999999998,0,0,0,0,0,,,,,,,,,,,,,,,0.07089999310175672,73151,0.01913025456741564,0.009899999999999999,index_dividend_yield,0.065,11.45,25,73081.3,73210.35,72855.2,72947.45,mid_price,no_nse_iv
2026-09-03T12:54:57.817543+00:00,2026-09-03T18:24:57.817543+05:30,NIFTYNXT50,29-Sep-2026,71600.0,PE,0,,0,,0,0.0,,0,0,0,0,0,,,,,,,,,,,,,,,0.07089999310175672,,,,,,11.45,25,73081.3,73210.35,72855.2,72947.45,none,no_price_available
2026-09-03T12:54:57.817543+00:00,2026-09-03T18:24:57.817543+05:30,NIFTYNXT50,29-Sep-2026,71700.0,CE,73051.85,,0,2877.35,25,0.0,,0,0,0,0,0,,,,,,,,,,,,,,,0.07089999310175672,,,,,,11.45,25,73081.3,73210.35,72855.2,72947.45,none,no_price_available
2026-09-03T12:54:57.817543+00:00,2026-09-03T18:24:57.817543+05:30,NIFTYNXT50,29-Sep-2026,71700.0,PE,0,,0,,0,0.0,,0,0,0,0,0,,,,,,,,,,,,,,,0.07089999310175672,,,,,,11.45,25,73081.3,73210.35,72855.2,72947.45,none,no_price_available
2026-09-03T12:54:57.817543+00:00,2026-09-03T18:24:57.817543+05:30,NIFTYNXT50,29-Sep-2026,71800.0,CE,73051.85,919.1,25,2663.8,25,0.0,1791.45,0,0,0,0,0,,,,,,,,,,,,,,,0.07089999310175672,73151,0.01913025456741564,0.009899999999999999,index_dividend_yield,0.065,11.45,25,73081.3,73210.35,72855.2,72947.45,mid_price,no_nse_iv
2026-09-03T12:54:57.817543+00:00,2026-09-03T18:24:57.817543+05:30,NIFTYNXT50,29-Sep-2026,71800.0,PE,0,,0,,0,0.0,,0,0,0,0,0,,,,,,,,,,,,,,,0.07089999310175672,,,,,,11.45,25,73081.3,73210.35,72855.2,72947.45,none,no_price_available
2026-09-03T12:54:57.817543+00:00,2026-09-03T18:24:57.817543+05:30,NIFTYNXT50,29-Sep-2026,71900.0,CE,73051.85,878.9,50,2658.85,25,0.0,1768.875,0,0,0,0,0,,,,,,,,,,,,,,,0.07089999310175672,73151,0.01913025456741564,0.009899999999999999,index_dividend_yield,0.065,11.45,25,73081.3,73210.35,72855.2,72947.45,mid_price,no_nse_iv
2026-09-03T12:54:57.817543+00:00,2026-09-03T18:24:57.817543+05:30,NIFTYNXT50,29-Sep-2026,71900.0,PE,0,,0,,0,0.0,,0,0,0,0,0,,,,,,,,,,,,,,,0.07089999310175672,,,,,,11.45,25,73081.3,73210.35,72855.2,72947.45,none,no_price_available
2026-09-03T12:54:57.817543+00:00,2026-09-03T18:24:57.817543+05:30,NIFTYNXT50,29-Sep-2026,72000.0,CE,73051.85,839.65,50,2445.4,25,0.0,1642.525,0,0,0,0,0,,,,,,,,,,,,,,,0.07089999310175672,73151,0.01913025456741564,0.009899999999999999,index_dividend_yield,0.065,11.45,25,73081.3,73210.35,72855.2,72947.45,mid_price,no_nse_iv
2026-09-03T12:54:57.817543+00:00,2026-09-03T18:24:57.817543+05:30,NIFTYNXT50,29-Sep-2026,72000.0,PE,73051.85,455.05,25,789.95,125,0.0,622.5,3,0,0,0,16.31,-0.3277036759260451,0.00011378246504481872,-18.38881195934853,70.21629818809653,-0.8901892901204689,0.001541949494296313,77.1652353252179,-1.742545921878767e-08,-0.0005725958970185857,1.9840667649017533e-06,-1.4892190344341145,-34.285346042979974,0.34218886950605,0.0001171312513035907,0.07089999310175672,73151,0.01913025456741564,0.009899999999999999,index_dividend_yield,0.065,11.45,25,73081.3,73210.35,72855.2,72947.45,mid_price,wide_quote_low_liquidity
2026-09-03T12:54:57.817543+00:00,2026-09-03T18:24:57.817543+05:30,NIFTYNXT50,29-Sep-2026,72100.0,CE,73051.85,1059.2,25,1777.15,100,0.0,1418.1750000000002,0,0,0,0,0,,,,,,,,,,,,,,,0.07089999310175672,73151,0.01913025456741564,0.009899999999999999,index_dividend_yield,0.065,11.45,25,73081.3,73210.35,72855.2,72947.45,mid_price,no_nse_iv
2026-09-03T12:54:57.817543+00:00,2026-09-03T18:24:57.817543+05:30,NIFTYNXT50,29-Sep-2026,72100.0,PE,73051.85,536.1,150,1089,25,0.0,812.55,0,0,0,0,0,,,,,,,,,,,,,,,0.07089999310175672,73151,0.01913025456741564,0.009899999999999999,index_dividend_yield,0.065,11.45,25,73081.3,73210.35,72855.2,72947.45,mid_price,no_nse_iv
2026-09-03T12:54:57.817543+00:00,2026-09-03T18:24:57.817543+05:30,NIFTYNXT50,29-Sep-2026,72200.0,CE,73051.85,764.65,50,3144.75,50,0.0,1954.7,0,0,0,0,0,,,,,,,,,,,,,,,0.07089999310175672,73151,0.01913025456741564,0.009899999999999999,index_dividend_yield,0.065,11.45,25,73081.3,73210.35,72855.2,72947.45,mid_price,no_nse_iv
2026-09-03T12:54:57.817543+00:00,2026-09-03T18:24:57.817543+05:30,NIFTYNXT50,29-Sep-2026,72200.0,PE,73051.85,239.1,25,1100,25,0.0,669.55,0,0,0,0,0,,,,,,,,,,,,,,,0.07089999310175672,73151,0.01913025456741564,0.009899999999999999,index_dividend_yield,0.065,11.45,25,73081.3,73210.35,72855.2,72947.45,mid_price,no_nse_iv
2026-09-03T12:54:57.817543+00:00,2026-09-03T18:24:57.817543+05:30,NIFTYNXT50,29-Sep-2026,72300.0,CE,73051.85,728.65,50,3035.55,50,0.0,1882.1000000000001,0,0,0,0,0,,,,,,,,,,,,,,,0.07089999310175672,73151,0.01913025456741564,0.009899999999999999,index_dividend_yield,0.065,11.45,25,73081.3,73210.35,72855.2,72947.45,mid_price,no_nse_iv
2026-09-03T12:54:57.817543+00:00,2026-09-03T18:24:57.817543+05:30,NIFTYNXT50,29-Sep-2026,72300.0,PE,73051.85,257.9,25,,0,0.0,,0,0,0,0,0,,,,,,,,,,,,,,,0.07089999310175672,,,,,,11.45,25,73081.3,73210.35,72855.2,72947.45,none,no_price_available
2026-09-03T12:54:57.817543+00:00,2026-09-03T18:24:57.817543+05:30,NIFTYNXT50,29-Sep-2026,72400.0,CE,73051.85,693.65,25,2926.35,50,0.0,1810.0,0,0,0,0,0,,,,,,,,,,,,,,,0.07089999310175672,73151,0.01913025456741564,0.009899999999999999,index_dividend_yield,0.065,11.45,25,73081.3,73210.35,72855.2,72947.45,mid_price,no_nse_iv
2026-09-03T12:54:57.817543+00:00,2026-09-03T18:24:57.817543+05:30,NIFTYNXT50,29-Sep-2026,72400.0,PE,73051.85,277.7,25,1127.95,25,0.0,702.825,0,0,0,0,0,,,,,,,,,,,,,,,0.07089999310175672,73151,0.01913025456741564,0.009899999999999999,index_dividend_yield,0.065,11.45,25,73081.3,73210.35,72855.2,72947.45,mid_price,no_nse_iv
2026-09-03T12:54:57.817543+00:00,2026-09-03T18:24:57.817543+05:30,NIFTYNXT50,29-Sep-2026,72500.0,CE,73051.85,659.75,25,2817.15,50,0.0,1738.45,0,0,0,0,0,,,,,,,,,,,,,,,0.07089999310175672,73151,0.01913025456741564,0.009899999999999999,index_dividend_yield,0.065,11.45,25,73081.3,73210.35,72855.2,72947.45,mid_price,no_nse_iv
2026-09-03T12:54:57.817543+00:00,2026-09-03T18:24:57.817543+05:30,NIFTYNXT50,29-Sep-2026,72500.0,PE,73051.85,602,125,874,25,0.0,738.0,6,0,0,0,13.38,-0.36655512577210525,0.0001445596747348582,-14.757805905933918,73.18328604830398,-0.8567788759034078,0.0006109846116321704,56.71745792245986,-2.0669418700750177e-08,-0.0009684265377914912,2.716389101516895e-06,-1.4531511137121953,-40.09860141811724,0.3785561680689511,0.000146768747014174,0.07089999310175672,73151,0.01913025456741564,0.009899999999999999,index_dividend_yield,0.065,11.45,25,73081.3,73210.35,72855.2,72947.45,mid_price,wide_quote_low_liquidity
2026-09-03T12:54:57.817543+00:00,2026-09-03T18:24:57.817543+05:30,NIFTYNXT50,29-Sep-2026,72600.0,CE,73051.85,827.25,25,1449.95,125,0.0,1138.6,0,0,0,0,0,,,,,,,,,,,,,,,0.07089999310175672,73151,0.01913025456741564,0.009899999999999999,index_dividend_yield,0.065,11.45,25,73081.3,73210.35,72855.2,72947.45,mid_price,no_nse_iv
2026-09-03T12:54:57.817543+00:00,2026-09-03T18:24:57.817543+05:30,NIFTYNXT50,29-Sep-2026,72600.0,PE,73051.85,700.6,150,1352.6,25,0.0,1026.6,0,0,0,0,0,,,,,,,,,,,,,,,0.07089999310175672,73151,0.01913025456741564,0.009899999999999999,index_dividend_yield,0.065,11.45,25,73081.3,73210.35,72855.2,72947.45,mid_price,no_nse_iv
2026-09-03T12:54:57.817543+00:00,2026-09-03T18:24:57.817543+05:30,NIFTYNXT50,29-Sep-2026,72700.0,CE,73051.85,595.15,25,2505.4,50,0.0,1550.275,0,0,0,0,0,,,,,,,,,,,,,,,0.07089999310175672,73151,0.01913025456741564,0.009899999999999999,index_dividend_yield,0.065,11.45,25,73081.3,73210.35,72855.2,72947.45,mid_price,no_nse_iv
2026-09-03T12:54:57.817543+00:00,2026-09-03T18:24:57.817543+05:30,NIFTYNXT50,29-Sep-2026,72700.0,PE,73051.85,341.7,25,1767.3,50,0.0,1054.5,0,0,0,0,0,,,,,,,,,,,,,,,0.07089999310175672,73151,0.01913025456741564,0.009899999999999999,index_dividend_yield,0.065,11.45,25,73081.3,73210.35,72855.2,72947.45,mid_price,no_nse_iv
2026-09-03T12:54:57.817543+00:00,2026-09-03T18:24:57.817543+05:30,NIFTYNXT50,29-Sep-2026,72800.0,CE,73051.85,564.35,25,2396.2,50,0.0,1480.2749999999999,0,0,0,0,0,,,,,,,,,,,,,,,0.07089999310175672,73151,0.01913025456741564,0.009899999999999999,index_dividend_yield,0.065,11.45,25,73081.3,73210.35,72855.2,72947.45,mid_price,no_nse_iv
2026-09-03T12:54:57.817543+00:00,2026-09-03T18:24:57.817543+05:30,NIFTYNXT50,29-Sep-2026,72800.0,PE,73051.85,364.8,25,1730,25,0.0,1047.4,0,0,0,0,0,,,,,,,,,,,,,,,0.07089999310175672,73151,0.01913025456741564,0.009899999999999999,index_dividend_yield,0.065,11.45,25,73081.3,73210.35,72855.2,72947.45,mid_price,no_nse_iv
2026-09-03T12:54:57.817543+00:00,2026-09-03T18:24:57.817543+05:30,NIFTYNXT50,29-Sep-2026,72900.0,CE,73051.85,709.5,25,1267.45,125,0.0,988.475,0,0,0,0,0,,,,,,,,,,,,,,,0.07089999310175672,73151,0.01913025456741564,0.009899999999999999,index_dividend_yield,0.065,11.45,25,73081.3,73210.35,72855.2,72947.45,mid_price,no_nse_iv
2026-09-03T12:54:57.817543+00:00,2026-09-03T18:24:57.817543+05:30,NIFTYNXT50,29-Sep-2026,72900.0,PE,73051.85,819.8,150,1024.95,25,890,922.375,4,4,47,-73.06662228207418,15.43,-0.43366647701425576,0.00013100309850769344,-17.84267403909203,76.48145195291825,-0.31902016584223203,-0.0005053629078110577,10.31835804969461,-8.972364045930925e-09,-0.0008313752795507544,2.562611051472422e-06,-1.459732853374632,-32.07682951450869,0.4481175792102166,0.00013154942330290457,0.07089999310175672,73151,0.01913025456741564,0.009899999999999999,index_dividend_yield,0.065,11.45,25,73081.3,73210.35,72855.2,72947.45,mid_price,wide_quote_low_liquidity
2026-09-03T12:54:57.817543+00:00,2026-09-03T18:24:57.817543+05:30,NIFTYNXT50,29-Sep-2026,73000.0,CE,73051.85,1025,25,,0,1115,,17,9,65,0.2697841726618705,10.3,0.5718241984062041,0.00019571200489597435,-21.310719467504583,76.27168148359709,-0.5886728193541524,-0.0009713950868377452,20.846877719222334,-2.0087837338842787e-08,-0.0018467902911860849,3.8772377399675e-06,-1.436705485044257,42.789440213903,-0.5588571827736842,0.00019599012191695773,0.07089999310175672,73151,0.01913025456741564,0.009899999999999999,index_dividend_yield,0.065,11.45,25,73081.3,73210.35,72855.2,72947.45,ltp,ok
2026-09-03T12:54:57.817543+00:00,2026-09-03T18:24:57.817543+05:30,NIFTYNXT50,29-Sep-2026,73000.0,PE,73051.85,675,25,1489.95,25,0.0,1082.475,0,0,0,0,0,,,,,,,,,,,,,,,0.07089999310175672,73151,0.01913025456741564,0.009899999999999999,index_dividend_yield,0.065,11.45,25,73081.3,73210.35,72855.2,72947.45,mid_price,no_nse_iv
2026-09-03T12:54:57.817543+00:00,2026-09-03T18:24:57.817543+05:30,NIFTYNXT50,29-Sep-2026,73100.0,CE,73051.85,500.6,50,1688.85,25,0.0,1094.725,0,0,0,0,0,,,,,,,,,,,,,,,0.07089999310175672,73151,0.01913025456741564,0.009899999999999999,index_dividend_yield,0.065,11.45,25,73081.3,73210.35,72855.2,72947.45,mid_price,no_nse_iv
2026-09-03T12:54:57.817543+00:00,2026-09-03T18:24:57.817543+05:30,NIFTYNXT50,29-Sep-2026,73100.0,PE,73051.85,439.55,25,1674.95,25,0.0,1057.25,0,0,0,0,0,,,,,,,,,,,,,,,0.07089999310175672,73151,0.01913025456741564,0.009899999999999999,index_dividend_yield,0.065,11.45,25,73081.3,73210.35,72855.2,72947.45,mid_price,no_nse_iv
2026-09-03T12:54:57.817543+00:00,2026-09-03T18:24:57.817543+05:30,NIFTYNXT50,29-Sep-2026,73200.0,CE,0,,0,,0,0.0,,0,0,0,0,0,,,,,,,,,,,,,,,0.07089999310175672,,,,,,11.45,25,73081.3,73210.35,72855.2,72947.45,none,no_price_available
2026-09-03T12:54:57.817543+00:00,2026-09-03T18:24:57.817543+05:30,NIFTYNXT50,29-Sep-2026,73200.0,PE,73051.85,466.15,25,1779.55,25,0.0,1122.85,0,0,0,0,0,,,,,,,,,,,,,,,0.07089999310175672,73151,0.01913025456741564,0.009899999999999999,index_dividend_yield,0.065,11.45,25,73081.3,73210.35,72855.2,72947.45,mid_price,no_nse_iv
2026-09-03T12:54:57.817543+00:00,2026-09-03T18:24:57.817543+05:30,NIFTYNXT50,29-Sep-2026,73300.0,CE,0,,0,,0,0.0,,0,0,0,0,0,,,,,,,,,,,,,,,0.07089999310175672,,,,,,11.45,25,73081.3,73210.35,72855.2,72947.45,none,no_price_available
2026-09-03T12:54:57.817543+00:00,2026-09-03T18:24:57.817543+05:30,NIFTYNXT50,29-Sep-2026,73300.0,PE,73051.85,1017.65,125,1190.45,25,1089.75,1104.05,0,0,5,-69.01478532840488,15.73,-0.4863966718550479,0.00013022133513886742,-17.977068197149723,77.50317544859543,0.02187334070694047,-0.0015159190322281413,-0.14146480381072024,-3.162461061263729e-09,-0.0008281245140297829,2.5364543048535606e-06,-1.4856961841725396,-29.59340513653417,0.5011303628768563,0.0001293411243435333,0.07089999310175672,73151,0.01913025456741564,0.009899999999999999,index_dividend_yield,0.065,11.45,25,73081.3,73210.35,72855.2,72947.45,mid_price,wide_quote_low_liquidity
2026-09-03T12:54:57.817543+00:00,2026-09-03T18:24:57.817543+05:30,NIFTYNXT50,29-Sep-2026,73400.0,CE,73051.85,399.7,25,1588.85,50,0.0,994.275,0,0,0,0,0,,,,,,,,,,,,,,,0.07089999310175672,73151,0.01913025456741564,0.009899999999999999,index_dividend_yield,0.065,11.45,25,73081.3,73210.35,72855.2,72947.45,mid_price,no_nse_iv
2026-09-03T12:54:57.817543+00:00,2026-09-03T18:24:57.817543+05:30,NIFTYNXT50,29-Sep-2026,73400.0,PE,73051.85,1000.05,25,,0,1110.35,,0,0,3,-68.90908072690617,15.38,-0.49974002463734885,0.00013325839196473563,-17.314341524466673,77.54602379480556,0.10674504463081824,-0.00180054879591951,0.004750260544028606,-1.7870887305667356e-09,-0.0008664679155762008,2.5787535910965225e-06,-1.4963210704820684,-29.818687839230446,0.5140494608706616,0.0001319972507754805,0.07089999310175672,73151,0.01913025456741564,0.009899999999999999,index_dividend_yield,0.065,11.45,25,73081.3,73210.35,72855.2,72947.45,ltp,ok
2026-09-03T12:54:57.817543+00:00,2026-09-03T18:24:57.817543+05:30,NIFTYNXT50,29-Sep-2026,73500.0,CE,73051.85,750,25,1005,25,0.0,877.5,8,0,0,0,9.43,0.4696046651827969,0.00021672228297257452,-19.150784329118853,77.32570530580949,0.4238934347230161,-0.0031499660529593627,6.220701078774482,5.88694232569594e-09,-0.002281040068842667,4.063958303891893e-06,-1.5384010904349026,52.44291989152944,-0.45784136662123415,0.00021408750760446894,0.07089999310175672,73151,0.01913025456741564,0.009899999999999999,index_dividend_yield,0.065,11.45,25,73081.3,73210.35,72855.2,72947.45,mid_price,wide_quote_low_liquidity
2026-09-03T12:54:57.817543+00:00,2026-09-03T18:24:57.817543+05:30,NIFTYNXT50,29-Sep-2026,73500.0,PE,73051.85,552.5,25,1763.95,25,0.0,1158.225,0,0,0,0,0,,,,,,,,,,,,,,,0.07089999310175672,73151,0.01913025456741564,0.009899999999999999,index_dividend_yield,0.065,11.45,25,73081.3,73210.35,72855.2,72947.45,mid_price,no_nse_iv
2026-09-03T12:54:57.817543+00:00,2026-09-03T18:24:57.817543+05:30,NIFTYNXT50,29-Sep-2026,73600.0,CE,73051.85,352.45,25,1232,25,0.0,792.225,0,0,0,0,0,,,,,,,,,,,,,,,0.07089999310175672,73151,0.01913025456741564,0.009899999999999999,index_dividend_yield,0.065,11.45,25,73081.3,73210.35,72855.2,72947.45,mid_price,no_nse_iv
2026-09-03T12:54:57.817543+00:00,2026-09-03T18:24:57.817543+05:30,NIFTYNXT50,29-Sep-2026,73600.0,PE,73051.85,583.2,25,2056.35,25,0.0,1319.775,0,0,0,0,0,,,,,,,,,,,,,,,0.07089999310175672,73151,0.01913025456741564,0.009899999999999999,index_dividend_yield,0.065,11.45,25,73081.3,73210.35,72855.2,72947.45,mid_price,no_nse_iv
2026-09-03T12:54:57.817543+00:00,2026-09-03T18:24:57.817543+05:30,NIFTYNXT50,29-Sep-2026,73700.0,CE,73051.85,330.2,25,1232,25,0.0,781.1,1,0,0,0,13,0.44993732276186965,0.00015642763081105804,-24.138056935103386,76.94235066913336,0.4857612787637633,-0.0029333752183279267,11.813840090702854,5.556703709778681e-09,-0.0011793389656698332,2.881559164310762e-06,-1.556225137607072,39.10697562160991,-0.4345762641530864,0.00015368834339656598,0.07089999310175672,73151,0.01913025456741564,0.009899999999999999,index_dividend_yield,0.065,11.45,25,73081.3,73210.35,72855.2,72947.45,mid_price,wide_quote_low_liquidity
2026-09-03T12:54:57.817543+00:00,2026-09-03T18:24:57.817543+05:30,NIFTYNXT50,29-Sep-2026,73700.0,PE,73051.85,614.8,25,2106.25,25,0.0,1360.525,0,0,0,0,0,,,,,,,,,,,,,,,0.07089999310175672,73151,0.01913025456741564,0.009899999999999999,index_dividend_yield,0.065,11.45,25,73081.3,73210.35,72855.2,72947.45,mid_price,no_nse_iv
2026-09-03T12:54:57.817543+00:00,2026-09-03T18:24:57.817543+05:30,NIFTYNXT50,29-Sep-2026,73800.0,CE,73051.85,308.65,25,1231.75,25,0.0,770.2,0,0,0,0,0,,,,,,,,,,,,,,,0.07089999310175672,73151,0.01913025456741564,0.009899999999999999,index_dividend_yield,0.065,11.45,25,73081.3,73210.35,72855.2,72947.45,mid_price,no_nse_iv
2026-09-03T12:54:57.817543+00:00,2026-09-03T18:24:57.817543+05:30,NIFTYNXT50,29-Sep-2026,73800.0,PE,73051.85,647.6,25,2203.15,25,0.0,1425.375,0,0,0,0,0,,,,,,,,,,,,,,,0.07089999310175672,73151,0.01913025456741564,0.009899999999999999,index_dividend_yield,0.065,11.45,25,73081.3,73210.35,72855.2,72947.45,mid_price,no_nse_iv
2026-09-03T12:54:57.817543+00:00,2026-09-03T18:24:57.817543+05:30,NIFTYNXT50,29-Sep-2026,73900.0,CE,73051.85,288.05,25,1231.95,25,0.0,760.0,0,0,0,0,0,,,,,,,,,,,,,,,0.07089999310175672,73151,0.01913025456741564,0.009899999999999999,index_dividend_yield,0.065,11.45,25,73081.3,73210.35,72855.2,72947.45,mid_price,no_nse_iv
2026-09-03T12:54:57.817543+00:00,2026-09-03T18:24:57.817543+05:30,NIFTYNXT50,29-Sep-2026,73900.0,PE,73051.85,681.3,25,2491.85,550,0.0,1586.5749999999998,0,0,0,0,0,,,,,,,,,,,,,,,0.07089999310175672,73151,0.01913025456741564,0.009899999999999999,index_dividend_yield,0.065,11.45,25,73081.3,73210.35,72855.2,72947.45,mid_price,no_nse_iv
2026-09-03T12:54:57.817543+00:00,2026-09-03T18:24:57.817543+05:30,NIFTYNXT50,29-Sep-2026,74000.0,CE,73051.85,635.05,25,714.95,150,649,675.0,19,3,8,5.588546327178069,10.82,0.38273519501914455,0.0001812139977767134,-19.631168174950258,74.18696981150579,1.1506483204420936,-0.004394024834563859,66.61447072934124,2.2839933998482693e-08,-0.0015121979194006984,2.883839901310765e-06,-1.6863812968672536,50.47616457868077,-0.3703459306885251,0.0001766000163287919,0.07089999310175672,73151,0.01913025456741564,0.009899999999999999,index_dividend_yield,0.065,11.45,25,73081.3,73210.35,72855.2,72947.45,mid_price,ok
2026-09-03T12:54:57.817543+00:00,2026-09-03T18:24:57.817543+05:30,NIFTYNXT50,29-Sep-2026,74000.0,PE,73051.85,1000.1,25,3397.65,50,0.0,2198.875,0,0,0,0,0,,,,,,,,,,,,,,,0.07089999310175672,73151,0.01913025456741564,0.009899999999999999,index_dividend_yield,0.065,11.45,25,73081.3,73210.35,72855.2,72947.45,mid_price,no_nse_iv
2026-09-03T12:54:57.817543+00:00,2026-09-03T18:24:57.817543+05:30,NIFTYNXT50,29-Sep-2026,74100.0,CE,73051.85,249.4,25,948.5,25,0.0,598.95,0,0,0,0,0,,,,,,,,,,,,,,,0.07089999310175672,73151,0.01913025456741564,0.009899999999999999,index_dividend_yield,0.065,11.45,25,73081.3,73210.35,72855.2,72947.45,mid_price,no_nse_iv
2026-09-03T12:54:57.817543+00:00,2026-09-03T18:24:57.817543+05:30,NIFTYNXT50,29-Sep-2026,74100.0,PE,73051.85,751.8,25,2229.4,25,0.0,1490.6,0,0,0,0,0,,,,,,,,,,,,,,,0.07089999310175672,73151,0.01913025456741564,0.009899999999999999,index_dividend_yield,0.065,11.45,25,73081.3,73210.35,72855.2,72947.45,mid_price,no_nse_iv
2026-09-03T12:54:57.817543+00:00,2026-09-03T18:24:57.817543+05:30,NIFTYNXT50,29-Sep-2026,74200.0,CE,73051.85,231.25,25,927.45,25,0.0,579.35,0,0,0,0,0,,,,,,,,,,,,,,,0.07089999310175672,73151,0.01913025456741564,0.009899999999999999,index_dividend_yield,0.065,11.45,25,73081.3,73210.35,72855.2,72947.45,mid_price,no_nse_iv
2026-09-03T12:54:57.817543+00:00,2026-09-03T18:24:57.817543+05:30,NIFTYNXT50,29-Sep-2026,74200.0,PE,73051.85,788.5,25,2583.95,25,0.0,1686.225,0,0,0,0,0,,,,,,,,,,,,,,,0.07089999310175672,73151,0.01913025456741564,0.009899999999999999,index_dividend_yield,0.065,11.45,25,73081.3,73210.35,72855.2,72947.45,mid_price,no_nse_iv
2026-09-03T12:54:57.817543+00:00,2026-09-03T18:24:57.817543+05:30,NIFTYNXT50,29-Sep-2026,74300.0,CE,73051.85,213.85,25,,0,0.0,,0,0,0,0,0,,,,,,,,,,,,,,,0.07089999310175672,,,,,,11.45,25,73081.3,73210.35,72855.2,72947.45,none,no_price_available
2026-09-03T12:54:57.817543+00:00,2026-09-03T18:24:57.817543+05:30,NIFTYNXT50,29-Sep-2026,74300.0,PE,73051.85,826.4,25,2626.75,25,0.0,1726.575,0,0,0,0,0,,,,,,,,,,,,,,,0.07089999310175672,73151,0.01913025456741564,0.009899999999999999,index_dividend_yield,0.065,11.45,25,73081.3,73210.35,72855.2,72947.45,mid_price,no_nse_iv
2026-09-03T12:54:57.817543+00:00,2026-09-03T18:24:57.817543+05:30,NIFTYNXT50,29-Sep-2026,74400.0,CE,73051.85,197.1,50,1275.55,50,0.0,736.3249999999999,0,0,0,0,0,,,,,,,,,,,,,,,0.07089999310175672,73151,0.01913025456741564,0.009899999999999999,index_dividend_yield,0.065,11.45,25,73081.3,73210.35,72855.2,72947.45,mid_price,no_nse_iv
2026-09-03T12:54:57.817543+00:00,2026-09-03T18:24:57.817543+05:30,NIFTYNXT50,29-Sep-2026,74400.0,PE,73051.85,865.4,25,2676.5,25,0.0,1770.95,0,0,0,0,0,,,,,,,,,,,,,,,0.07089999310175672,73151,0.01913025456741564,0.009899999999999999,index_dividend_yield,0.065,11.45,25,73081.3,73210.35,72855.2,72947.45,mid_price,no_nse_iv
2026-09-03T12:54:57.817543+00:00,2026-09-03T18:24:57.817543+05:30,NIFTYNXT50,29-Sep-2026,74500.0,CE,73051.85,431.05,50,535.3,25,475,483.17499999999995,12,1,5,-36.58210947930574,10.95,0.2996909505565975,0.00016310135751570882,-17.530261736904112,67.57410856859536,1.7571972343544962,-0.00550871426046179,179.35203775645192,3.746117012434919e-08,-0.001056653285733247,1.7967852623835005e-06,-1.8668476201395094,54.88451695887655,-0.28851123039897014,0.00015682217310447301,0.07089999310175672,73151,0.01913025456741564,0.009899999999999999,index_dividend_yield,0.065,11.45,25,73081.3,73210.35,72855.2,72947.45,mid_price,wide_quote_low_liquidity
2026-09-03T12:54:57.817543+00:00,2026-09-03T18:24:57.817543+05:30,NIFTYNXT50,29-Sep-2026,74500.0,PE,73051.85,1600,25,3808.3,50,0.0,2704.15,15,0,0,0,16.62,-0.6300520517464373,0.00011665867773798259,-16.26005506889737,73.35955688450727,0.8564575247522743,-0.004054408154068434,55.50513584753958,1.0370284026434688e-08,-0.000613669019374265,1.8413739028007007e-06,-1.6770893236025015,-23.50125437397134,0.6440931079646688,0.00011216747446509032,0.07089999310175672,73151,0.01913025456741564,0.009899999999999999,index_dividend_yield,0.065,11.45,25,73081.3,73210.35,72855.2,72947.45,mid_price,wide_quote_low_liquidity
2026-09-03T12:54:57.817543+00:00,2026-09-03T18:24:57.817543+05:30,NIFTYNXT50,29-Sep-2026,74600.0,CE,73051.85,166.25,50,963.2,50,0.0,564.725,0,0,0,0,0,,,,,,,,,,,,,,,0.07089999310175672,73151,0.01913025456741564,0.009899999999999999,index_dividend_yield,0.065,11.45,25,73081.3,73210.35,72855.2,72947.45,mid_price,no_nse_iv
2026-09-03T12:54:57.817543+00:00,2026-09-03T18:24:57.817543+05:30,NIFTYNXT50,29-Sep-2026,74600.0,PE,73051.85,946.1,25,2808.2,25,0.0,1877.1499999999999,0,0,0,0,0,,,,,,,,,,,,,,,0.07089999310175672,73151,0.01913025456741564,0.009899999999999999,index_dividend_yield,0.065,11.45,25,73081.3,73210.35,72855.2,72947.45,mid_price,no_nse_iv
2026-09-03T12:54:57.817543+00:00,2026-09-03T18:24:57.817543+05:30,NIFTYNXT50,29-Sep-2026,74700.0,CE,73051.85,151.65,50,,0,0.0,,0,0,0,0,0,,,,,,,,,,,,,,,0.07089999310175672,,,,,,11.45,25,73081.3,73210.35,72855.2,72947.45,none,no_price_available
2026-09-03T12:54:57.817543+00:00,2026-09-03T18:24:57.817543+05:30,NIFTYNXT50,29-Sep-2026,74700.0,PE,73051.85,988.25,25,2721.3,25,0.0,1854.775,0,0,0,0,0,,,,,,,,,,,,,,,0.07089999310175672,73151,0.01913025456741564,0.009899999999999999,index_dividend_yield,0.065,11.45,25,73081.3,73210.35,72855.2,72947.45,mid_price,no_nse_iv
2026-09-03T12:54:57.817543+00:00,2026-09-03T18:24:57.817543+05:30,NIFTYNXT50,29-Sep-2026,74800.0,CE,73051.85,137.95,50,1203.75,50,0.0,670.85,0,0,0,0,0,,,,,,,,,,,,,,,0.07089999310175672,73151,0.01913025456741564,0.009899999999999999,index_dividend_yield,0.065,11.45,25,73081.3,73210.35,72855.2,72947.45,mid_price,no_nse_iv
2026-09-03T12:54:57.817543+00:00,2026-09-03T18:24:57.817543+05:30,NIFTYNXT50,29-Sep-2026,74800.0,PE,73051.85,1031.3,25,2803.65,25,0.0,1917.475,0,0,0,0,0,,,,,,,,,,,,,,,0.07089999310175672,73151,0.01913025456741564,0.009899999999999999,index_dividend_yield,0.065,11.45,25,73081.3,73210.35,72855.2,72947.45,mid_price,no_nse_iv
2026-09-03T12:54:57.817543+00:00,2026-09-03T18:24:57.817543+05:30,NIFTYNXT50,29-Sep-2026,74900.0,CE,73051.85,124.9,50,,0,0.0,,0,0,0,0,0,,,,,,,,,,,,,,,0.07089999310175672,,,,,,11.45,25,73081.3,73210.35,72855.2,72947.45,none,no_price_available
2026-09-03T12:54:57.817543+00:00,2026-09-03T18:24:57.817543+05:30,NIFTYNXT50,29-Sep-2026,74900.0,PE,73051.85,1075.45,25,2888.4,25,0.0,1981.9250000000002,0,0,0,0,0,,,,,,,,,,,,,,,0.07089999310175672,73151,0.01913025456741564,0.009899999999999999,index_dividend_yield,0.065,11.45,25,73081.3,73210.35,72855.2,72947.45,mid_price,no_nse_iv
2026-09-03T12:54:57.817543+00:00,2026-09-03T18:24:57.817543+05:30,NIFTYNXT50,29-Sep-2026,75000.0,CE,73051.85,130.05,50,560.85,25,0.0,345.45000000000005,8,0,0,0,10.76,0.22111026589044872,0.00014183539038651455,-14.39628646573386,57.74381987722877,2.197755130660284,-0.006127606852183637,328.3094408680043,4.949212858517593e-08,-0.0005117115614019591,4.934723512136003e-07,-2.030301940280829,61.58428429218938,-0.21186974568396777,0.00013456264618168104,0.07089999310175672,73151,0.01913025456741564,0.009899999999999999,index_dividend_yield,0.065,11.45,25,73081.3,73210.35,72855.2,72947.45,mid_price,wide_quote_low_liquidity
2026-09-03T12:54:57.817543+00:00,2026-09-03T18:24:57.817543+05:30,NIFTYNXT50,29-Sep-2026,75000.0,PE,73051.85,1120.65,25,3092.75,25,0.0,2106.7,0,0,0,0,0,,,,,,,,,,,,,,,0.07089999310175672,73151,0.01913025456741564,0.009899999999999999,index_dividend_yield,0.065,11.45,25,73081.3,73210.35,72855.2,72947.45,mid_price,no_nse_iv
2026-09-03T12:54:57.817543+00:00,2026-09-03T18:24:57.817543+05:30,NIFTYNXT50,29-Sep-2026,75100.0,CE,73051.85,100.55,50,963.15,50,0.0,531.85,0,0,0,0,0,,,,,,,,,,,,,,,0.07089999310175672,73151,0.01913025456741564,0.009899999999999999,index_dividend_yield,0.065,11.45,25,73081.3,73210.35,72855.2,72947.45,mid_price,no_nse_iv
2026-09-03T12:54:57.817543+00:00,2026-09-03T18:24:57.817543+05:30,NIFTYNXT50,29-Sep-2026,75100.0,PE,73051.85,1166.95,25,3062.3,25,0.0,2114.625,0,0,0,0,0,,,,,,,,,,,,,,,0.07089999310175672,73151,0.01913025456741564,0.009899999999999999,index_dividend_yield,0.065,11.45,25,73081.3,73210.35,72855.2,72947.45,mid_price,no_nse_iv
2026-09-03T12:54:57.817543+00:00,2026-09-03T18:24:57.817543+05:30,NIFTYNXT50,29-Sep-2026,75200.0,CE,73051.85,89.5,50,,0,0.0,,0,0,0,0,0,,,,,,,,,,,,,,,0.07089999310175672,,,,,,11.45,25,73081.3,73210.35,72855.2,72947.45,none,no_price_available
2026-09-03T12:54:57.817543+00:00,2026-09-03T18:24:57.817543+05:30,NIFTYNXT50,29-Sep-2026,75200.0,PE,73051.85,1214.15,25,3111.65,25,0.0,2162.9,0,0,0,0,0,,,,,,,,,,,,,,,0.07089999310175672,73151,0.01913025456741564,0.009899999999999999,index_dividend_yield,0.065,11.45,25,73081.3,73210.35,72855.2,72947.45,mid_price,no_nse_iv
2026-09-03T12:54:57.817543+00:00,2026-09-03T18:24:57.817543+05:30,NIFTYNXT50,29-Sep-2026,75300.0,CE,73051.85,78.8,50,1650.1,50,0.0,864.4499999999999,0,0,0,0,0,,,,,,,,,,,,,,,0.07089999310175672,73151,0.01913025456741564,0.009899999999999999,index_dividend_yield,0.065,11.45,25,73081.3,73210.35,72855.2,72947.45,mid_price,no_nse_iv
2026-09-03T12:54:57.817543+00:00,2026-09-03T18:24:57.817543+05:30,NIFTYNXT50,29-Sep-2026,75300.0,PE,73051.85,1262.6,25,3194.8,25,0.0,2228.7,0,0,0,0,0,,,,,,,,,,,,,,,0.07089999310175672,,,,,,11.45,25,73081.3,73210.35,72855.2,72947.45,mid_price,no_price_available
2026-09-03T12:54:57.817543+00:00,2026-09-03T18:24:57.817543+05:30,NIFTYNXT50,29-Sep-2026,75400.0,CE,73051.85,68.7,50,1203.7,50,0.0,636.2,0,0,0,0,0,,,,,,,,,,,,,,,0.07089999310175672,73151,0.01913025456741564,0.009899999999999999,index_dividend_yield,0.065,11.45,25,73081.3,73210.35,72855.2,72947.45,mid_price,no_nse_iv
2026-09-03T12:54:57.817543+00:00,2026-09-03T18:24:57.817543+05:30,NIFTYNXT50,29-Sep-2026,75400.0,PE,73051.85,1312.05,25,3302.9,25,0.0,2307.475,0,0,0,0,0,,,,,,,,,,,,,,,0.07089999310175672,,,,,,11.45,25,73081.3,73210.35,72855.2,72947.45,mid_price,no_price_available
2026-09-03T12:54:57.817543+00:00,2026-09-03T18:24:57.817543+05:30,NIFTYNXT50,29-Sep-2026,75500.0,CE,73051.85,59.4,50,490,25,0.0,274.7,0,0,0,0,0,,,,,,,,,,,,,,,0.07089999310175672,73151,0.01913025456741564,0.009899999999999999,index_dividend_yield,0.065,11.45,25,73081.3,73210.35,72855.2,72947.45,mid_price,no_nse_iv
2026-09-03T12:54:57.817543+00:00,2026-09-03T18:24:57.817543+05:30,NIFTYNXT50,29-Sep-2026,75500.0,PE,73051.85,1362.4,25,3366.75,25,0.0,2364.575,0,0,0,0,0,,,,,,,,,,,,,,,0.07089999310175672,,,,,,11.45,25,73081.3,73210.35,72855.2,72947.45,mid_price,no_price_available
2026-09-03T12:54:57.817543+00:00,2026-09-03T18:24:57.817543+05:30,NIFTYNXT50,29-Sep-2026,75600.0,CE,73051.85,50.35,50,1097.55,50,0.0,573.9499999999999,0,0,0,0,0,,,,,,,,,,,,,,,0.07089999310175672,73151,0.01913025456741564,0.009899999999999999,index_dividend_yield,0.065,11.45,25,73081.3,73210.35,72855.2,72947.45,mid_price,no_nse_iv
2026-09-03T12:54:57.817543+00:00,2026-09-03T18:24:57.817543+05:30,NIFTYNXT50,29-Sep-2026,75600.0,PE,73051.85,1413.95,25,3452.9,25,0.0,2433.425,0,0,0,0,0,,,,,,,,,,,,,,,0.07089999310175672,,,,,,11.45,25,73081.3,73210.35,72855.2,72947.45,mid_price,no_price_available
2026-09-03T12:54:57.817543+00:00,2026-09-03T18:24:57.817543+05:30,NIFTYNXT50,29-Sep-2026,75700.0,CE,73051.85,41.9,50,1097.5,50,0.0,569.7,0,0,0,0,0,,,,,,,,,,,,,,,0.07089999310175672,73151,0.01913025456741564,0.009899999999999999,index_dividend_yield,0.065,11.45,25,73081.3,73210.35,72855.2,72947.45,mid_price,no_nse_iv
2026-09-03T12:54:57.817543+00:00,2026-09-03T18:24:57.817543+05:30,NIFTYNXT50,29-Sep-2026,75700.0,PE,73051.85,1466.55,25,3538.1,25,0.0,2502.325,0,0,0,0,0,,,,,,,,,,,,,,,0.07089999310175672,,,,,,11.45,25,73081.3,73210.35,72855.2,72947.45,mid_price,no_price_available
2026-09-03T12:54:57.817543+00:00,2026-09-03T18:24:57.817543+05:30,NIFTYNXT50,29-Sep-2026,75800.0,CE,73051.85,33.95,50,700,50,0.0,366.975,0,0,0,0,0,,,,,,,,,,,,,,,0.07089999310175672,73151,0.01913025456741564,0.009899999999999999,index_dividend_yield,0.065,11.45,25,73081.3,73210.35,72855.2,72947.45,mid_price,no_nse_iv
2026-09-03T12:54:57.817543+00:00,2026-09-03T18:24:57.817543+05:30,NIFTYNXT50,29-Sep-2026,75800.0,PE,73051.85,1520.15,25,3659.9,25,0.0,2590.025,0,0,0,0,0,,,,,,,,,,,,,,,0.07089999310175672,,,,,,11.45,25,73081.3,73210.35,72855.2,72947.45,mid_price,no_price_available
2026-09-03T12:54:57.817543+00:00,2026-09-03T18:24:57.817543+05:30,NIFTYNXT50,29-Sep-2026,75900.0,CE,73051.85,26.55,50,927.65,50,0.0,477.09999999999997,0,0,0,0,0,,,,,,,,,,,,,,,0.07089999310175672,73151,0.01913025456741564,0.009899999999999999,index_dividend_yield,0.065,11.45,25,73081.3,73210.35,72855.2,72947.45,mid_price,no_nse_iv
2026-09-03T12:54:57.817543+00:00,2026-09-03T18:24:57.817543+05:30,NIFTYNXT50,29-Sep-2026,75900.0,PE,73051.85,1574.75,25,3765.7,25,0.0,2670.225,0,0,0,0,0,,,,,,,,,,,,,,,0.07089999310175672,,,,,,11.45,25,73081.3,73210.35,72855.2,72947.45,mid_price,no_price_available
2026-09-03T12:54:57.817543+00:00,2026-09-03T18:24:57.817543+05:30,NIFTYNXT50,29-Sep-2026,76000.0,CE,73051.85,22.75,50,468.55,25,0.0,245.65,0,0,0,0,0,,,,,,,,,,,,,,,0.07089999310175672,73151,0.01913025456741564,0.009899999999999999,index_dividend_yield,0.065,11.45,25,73081.3,73210.35,72855.2,72947.45,mid_price,no_nse_iv
2026-09-03T12:54:57.817543+00:00,2026-09-03T18:24:57.817543+05:30,NIFTYNXT50,29-Sep-2026,76000.0,PE,73051.85,1633.55,25,3859.4,25,0.0,2746.475,0,0,0,0,0,,,,,,,,,,,,,,,0.07089999310175672,,,,,,11.45,25,73081.3,73210.35,72855.2,72947.45,mid_price,no_price_available
2026-09-03T12:54:57.817543+00:00,2026-09-03T18:24:57.817543+05:30,NIFTYNXT50,29-Sep-2026,76100.0,CE,73051.85,16.6,50,500,50,0.0,258.3,0,0,0,0,0,,,,,,,,,,,,,,,0.07089999310175672,73151,0.01913025456741564,0.009899999999999999,index_dividend_yield,0.065,11.45,25,73081.3,73210.35,72855.2,72947.45,mid_price,no_nse_iv
2026-09-03T12:54:57.817543+00:00,2026-09-03T18:24:57.817543+05:30,NIFTYNXT50,29-Sep-2026,76100.0,PE,73051.85,1690.35,25,3977.05,25,0.0,2833.7,0,0,0,0,0,,,,,,,,,,,,,,,0.07089999310175672,,,,,,11.45,25,73081.3,73210.35,72855.2,72947.45,mid_price,no_price_available
2026-09-03T12:54:57.817543+00:00,2026-09-03T18:24:57.817543+05:30,NIFTYNXT50,29-Sep-2026,76200.0,CE,73051.85,10.65,50,500,50,0.0,255.325,0,0,0,0,0,,,,,,,,,,,,,,,0.07089999310175672,73151,0.01913025456741564,0.009899999999999999,index_dividend_yield,0.065,11.45,25,73081.3,73210.35,72855.2,72947.45,mid_price,no_nse_iv
2026-09-03T12:54:57.817543+00:00,2026-09-03T18:24:57.817543+05:30,NIFTYNXT50,29-Sep-2026,76200.0,PE,73051.85,1748.35,25,4082.4,25,0.0,2915.375,0,0,0,0,0,,,,,,,,,,,,,,,0.07089999310175672,,,,,,11.45,25,73081.3,73210.35,72855.2,72947.45,mid_price,no_price_available
2026-09-03T12:54:57.817543+00:00,2026-09-03T18:24:57.817543+05:30,NIFTYNXT50,29-Sep-2026,76300.0,CE,73051.85,2.25,50,717.65,50,0.0,359.95,0,0,0,0,0,,,,,,,,,,,,,,,0.07089999310175672,73151,0.01913025456741564,0.009899999999999999,index_dividend_yield,0.065,11.45,25,73081.3,73210.35,72855.2,72947.45,mid_price,no_nse_iv
2026-09-03T12:54:57.817543+00:00,2026-09-03T18:24:57.817543+05:30,NIFTYNXT50,29-Sep-2026,76300.0,PE,73051.85,1803.9,25,4185.7,25,0.0,2994.8,0,0,0,0,0,,,,,,,,,,,,,,,0.07089999310175672,,,,,,11.45,25,73081.3,73210.35,72855.2,72947.45,mid_price,no_price_available
2026-09-03T12:54:57.817543+00:00,2026-09-03T18:24:57.817543+05:30,NIFTYNXT50,29-Sep-2026,76400.0,CE,73051.85,0.05,50,500,50,0.0,250.025,0,0,0,0,0,,,,,,,,,,,,,,,0.07089999310175672,73151,0.01913025456741564,0.009899999999999999,index_dividend_yield,0.065,11.45,25,73081.3,73210.35,72855.2,72947.45,mid_price,no_nse_iv
2026-09-03T12:54:57.817543+00:00,2026-09-03T18:24:57.817543+05:30,NIFTYNXT50,29-Sep-2026,76400.0,PE,73051.85,1863.55,25,4290.7,25,0.0,3077.125,0,0,0,0,0,,,,,,,,,,,,,,,0.07089999310175672,,,,,,11.45,25,73081.3,73210.35,72855.2,72947.45,mid_price,no_price_available
2026-09-03T12:54:57.817543+00:00,2026-09-03T18:24:57.817543+05:30,NIFTYNXT50,29-Sep-2026,76500.0,CE,73051.85,0.05,50,465,25,0.0,232.525,0,0,0,0,0,,,,,,,,,,,,,,,0.07089999310175672,73151,0.01913025456741564,0.009899999999999999,index_dividend_yield,0.065,11.45,25,73081.3,73210.35,72855.2,72947.45,mid_price,no_nse_iv
2026-09-03T12:54:57.817543+00:00,2026-09-03T18:24:57.817543+05:30,NIFTYNXT50,29-Sep-2026,76500.0,PE,73051.85,1924.15,25,4395.7,25,0.0,3159.925,0,0,0,0,0,,,,,,,,,,,,,,,0.07089999310175672,,,,,,11.45,25,73081.3,73210.35,72855.2,72947.45,mid_price,no_price_available
2026-09-03T12:54:57.817543+00:00,2026-09-03T18:24:57.817543+05:30,NIFTYNXT50,29-Sep-2026,76600.0,CE,73051.85,0.05,50,500,50,0.0,250.025,0,0,0,0,0,,,,,,,,,,,,,,,0.07089999310175672,73151,0.01913025456741564,0.009899999999999999,index_dividend_yield,0.065,11.45,25,73081.3,73210.35,72855.2,72947.45,mid_price,no_nse_iv
2026-09-03T12:54:57.817543+00:00,2026-09-03T18:24:57.817543+05:30,NIFTYNXT50,29-Sep-2026,76600.0,PE,73051.85,1985.9,25,4502.05,25,0.0,3243.9750000000004,0,0,0,0,0,,,,,,,,,,,,,,,0.07089999310175672,,,,,,11.45,25,73081.3,73210.35,72855.2,72947.45,mid_price,no_price_available
2026-09-03T12:54:57.817543+00:00,2026-09-03T18:24:57.817543+05:30,NIFTYNXT50,29-Sep-2026,76700.0,CE,73051.85,0.05,50,717.65,50,0.0,358.84999999999997,0,0,0,0,0,,,,,,,,,,,,,,,0.07089999310175672,73151,0.01913025456741564,0.009899999999999999,index_dividend_yield,0.065,11.45,25,73081.3,73210.35,72855.2,72947.45,mid_price,no_nse_iv
2026-09-03T12:54:57.817543+00:00,2026-09-03T18:24:57.817543+05:30,NIFTYNXT50,29-Sep-2026,76700.0,PE,73051.85,,0,,0,0.0,,0,0,0,0,0,,,,,,,,,,,,,,,0.07089999310175672,,,,,,11.45,25,73081.3,73210.35,72855.2,72947.45,none,no_price_available
2026-09-03T12:54:57.817543+00:00,2026-09-03T18:24:57.817543+05:30,NIFTYNXT50,29-Sep-2026,76800.0,CE,73051.85,0.05,50,717.65,50,0.0,358.84999999999997,0,0,0,0,0,,,,,,,,,,,,,,,0.07089999310175672,73151,0.01913025456741564,0.009899999999999999,index_dividend_yield,0.065,11.45,25,73081.3,73210.35,72855.2,72947.45,mid_price,no_nse_iv
2026-09-03T12:54:57.817543+00:00,2026-09-03T18:24:57.817543+05:30,NIFTYNXT50,29-Sep-2026,76800.0,PE,73051.85,,0,,0,0.0,,0,0,0,0,0,,,,,,,,,,,,,,,0.07089999310175672,,,,,,11.45,25,73081.3,73210.35,72855.2,72947.45,none,no_price_available
2026-09-03T12:54:57.817543+00:00,2026-09-03T18:24:57.817543+05:30,NIFTYNXT50,29-Sep-2026,76900.0,CE,73051.85,0.05,50,500,50,0.0,250.025,0,0,0,0,0,,,,,,,,,,,,,,,0.07089999310175672,73151,0.01913025456741564,0.009899999999999999,index_dividend_yield,0.065,11.45,25,73081.3,73210.35,72855.2,72947.45,mid_price,no_nse_iv
2026-09-03T12:54:57.817543+00:00,2026-09-03T18:24:57.817543+05:30,NIFTYNXT50,29-Sep-2026,76900.0,PE,73051.85,,0,,0,0.0,,0,0,0,0,0,,,,,,,,,,,,,,,0.07089999310175672,,,,,,11.45,25,73081.3,73210.35,72855.2,72947.45,none,no_price_available
2026-09-03T12:54:57.817543+00:00,2026-09-03T18:24:57.817543+05:30,NIFTYNXT50,29-Sep-2026,77000.0,CE,73051.85,11,100,375,25,0.0,193.0,0,0,0,0,0,,,,,,,,,,,,,,,0.07089999310175672,73151,0.01913025456741564,0.009899999999999999,index_dividend_yield,0.065,11.45,25,73081.3,73210.35,72855.2,72947.45,mid_price,no_nse_iv
2026-09-03T12:54:57.817543+00:00,2026-09-03T18:24:57.817543+05:30,NIFTYNXT50,29-Sep-2026,77000.0,PE,73051.85,,0,,0,0.0,,0,0,0,0,0,,,,,,,,,,,,,,,0.07089999310175672,,,,,,11.45,25,73081.3,73210.35,72855.2,72947.45,none,no_price_available
2026-09-03T12:54:57.817543+00:00,2026-09-03T18:24:57.817543+05:30,NIFTYNXT50,29-Sep-2026,77100.0,CE,73051.85,0.05,50,612.65,50,0.0,306.34999999999997,0,0,0,0,0,,,,,,,,,,,,,,,0.07089999310175672,73151,0.01913025456741564,0.009899999999999999,index_dividend_yield,0.065,11.45,25,73081.3,73210.35,72855.2,72947.45,mid_price,no_nse_iv
2026-09-03T12:54:57.817543+00:00,2026-09-03T18:24:57.817543+05:30,NIFTYNXT50,29-Sep-2026,77100.0,PE,73051.85,,0,,0,0.0,,0,0,0,0,0,,,,,,,,,,,,,,,0.07089999310175672,,,,,,11.45,25,73081.3,73210.35,72855.2,72947.45,none,no_price_available
2026-09-03T12:54:57.817543+00:00,2026-09-03T18:24:57.817543+05:30,NIFTYNXT50,29-Sep-2026,77200.0,CE,73051.85,0.05,50,612.65,50,0.0,306.34999999999997,0,0,0,0,0,,,,,,,,,,,,,,,0.07089999310175672,73151,0.01913025456741564,0.009899999999999999,index_dividend_yield,0.065,11.45,25,73081.3,73210.35,72855.2,72947.45,mid_price,no_nse_iv
2026-09-03T12:54:57.817543+00:00,2026-09-03T18:24:57.817543+05:30,NIFTYNXT50,29-Sep-2026,77200.0,PE,73051.85,,0,,0,0.0,,0,0,0,0,0,,,,,,,,,,,,,,,0.07089999310175672,,,,,,11.45,25,73081.3,73210.35,72855.2,72947.45,none,no_price_available
2026-09-03T12:54:57.817543+00:00,2026-09-03T18:24:57.817543+05:30,NIFTYNXT50,29-Sep-2026,77300.0,CE,73051.85,0.05,50,400,50,0.0,200.025,0,0,0,0,0,,,,,,,,,,,,,,,0.07089999310175672,73151,0.01913025456741564,0.009899999999999999,index_dividend_yield,0.065,11.45,25,73081.3,73210.35,72855.2,72947.45,mid_price,no_nse_iv
2026-09-03T12:54:57.817543+00:00,2026-09-03T18:24:57.817543+05:30,NIFTYNXT50,29-Sep-2026,77300.0,PE,73051.85,,0,,0,0.0,,0,0,0,0,0,,,,,,,,,,,,,,,0.07089999310175672,,,,,,11.45,25,73081.3,73210.35,72855.2,72947.45,none,no_price_available
2026-09-03T12:54:57.817543+00:00,2026-09-03T18:24:57.817543+05:30,NIFTYNXT50,29-Sep-2026,77400.0,CE,73051.85,0.05,50,400,50,0.0,200.025,0,0,0,0,0,,,,,,,,,,,,,,,0.07089999310175672,73151,0.01913025456741564,0.009899999999999999,index_dividend_yield,0.065,11.45,25,73081.3,73210.35,72855.2,72947.45,mid_price,no_nse_iv
2026-09-03T12:54:57.817543+00:00,2026-09-03T18:24:57.817543+05:30,NIFTYNXT50,29-Sep-2026,77400.0,PE,73051.85,,0,,0,0.0,,0,0,0,0,0,,,,,,,,,,,,,,,0.07089999310175672,,,,,,11.45,25,73081.3,73210.35,72855.2,72947.45,none,no_price_available
2026-09-03T12:54:57.817543+00:00,2026-09-03T18:24:57.817543+05:30,NIFTYNXT50,29-Sep-2026,77500.0,CE,73051.85,0.05,50,387.75,25,0.0,193.9,0,0,0,0,0,,,,,,,,,,,,,,,0.07089999310175672,73151,0.01913025456741564,0.009899999999999999,index_dividend_yield,0.065,11.45,25,73081.3,73210.35,72855.2,72947.45,mid_price,no_nse_iv
2026-09-03T12:54:57.817543+00:00,2026-09-03T18:24:57.817543+05:30,NIFTYNXT50,29-Sep-2026,77500.0,PE,73051.85,,0,,0,0.0,,0,0,0,0,0,,,,,,,,,,,,,,,0.07089999310175672,,,,,,11.45,25,73081.3,73210.35,72855.2,72947.45,none,no_price_available
2026-09-03T12:54:57.817543+00:00,2026-09-03T18:24:57.817543+05:30,NIFTYNXT50,29-Sep-2026,77600.0,CE,73051.85,1.4,25,364,25,0.0,182.7,10,0,0,0,10,0.017491768613090004,2.2206453685383485e-05,-1.8141015890411216,8.402099855867373,0.9220870776156259,-0.0020258374239142396,378.1195258013437,2.3930901182973264e-08,0.0007772947662152861,-1.7666024725782853e-06,-0.9930673943524758,104.8948078439929,-0.016309591126087385,1.967968774324816e-05,0.07089999310175672,73151,0.01913025456741564,0.009899999999999999,index_dividend_yield,0.065,11.45,25,73081.3,73210.35,72855.2,72947.45,mid_price,wide_quote_low_liquidity
2026-09-03T12:54:57.817543+00:00,2026-09-03T18:24:57.817543+05:30,NIFTYNXT50,29-Sep-2026,77600.0,PE,73051.85,,0,,0,0.0,,0,0,0,0,0,,,,,,,,,,,,,,,0.07089999310175672,,,,,,11.45,25,73081.3,73210.35,72855.2,72947.45,none,no_price_available
2026-09-03T12:54:57.817543+00:00,2026-09-03T18:24:57.817543+05:30,NIFTYNXT50,29-Sep-2026,77700.0,CE,73051.85,0.05,50,370,25,0.0,185.025,0,0,0,0,0,,,,,,,,,,,,,,,0.07089999310175672,73151,0.01913025456741564,0.009899999999999999,index_dividend_yield,0.065,11.45,25,73081.3,73210.35,72855.2,72947.45,mid_price,no_nse_iv
2026-09-03T12:54:57.817543+00:00,2026-09-03T18:24:57.817543+05:30,NIFTYNXT50,29-Sep-2026,77700.0,PE,73051.85,,0,,0,0.0,,0,0,0,0,0,,,,,,,,,,,,,,,0.07089999310175672,,,,,,11.45,25,73081.3,73210.35,72855.2,72947.45,none,no_price_available
2026-09-03T12:54:57.817543+00:00,2026-09-03T18:24:57.817543+05:30,NIFTYNXT50,29-Sep-2026,77800.0,CE,73051.85,0.05,50,370,25,0.0,185.025,0,0,0,0,0,,,,,,,,,,,,,,,0.07089999310175672,73151,0.01913025456741564,0.009899999999999999,index_dividend_yield,0.065,11.45,25,73081.3,73210.35,72855.2,72947.45,mid_price,no_nse_iv
2026-09-03T12:54:57.817543+00:00,2026-09-03T18:24:57.817543+05:30,NIFTYNXT50,29-Sep-2026,77800.0,PE,73051.85,,0,,0,0.0,,0,0,0,0,0,,,,,,,,,,,,,,,0.07089999310175672,,,,,,11.45,25,73081.3,73210.35,72855.2,72947.45,none,no_price_available
2026-09-03T12:54:57.817543+00:00,2026-09-03T18:24:57.817543+05:30,NIFTYNXT50,29-Sep-2026,77900.0,CE,73051.85,0.05,50,370,25,0.0,185.025,0,0,0,0,0,,,,,,,,,,,,,,,0.07089999310175672,73151,0.01913025456741564,0.009899999999999999,index_dividend_yield,0.065,11.45,25,73081.3,73210.35,72855.2,72947.45,mid_price,no_nse_iv
2026-09-03T12:54:57.817543+00:00,2026-09-03T18:24:57.817543+05:30,NIFTYNXT50,29-Sep-2026,77900.0,PE,73051.85,,0,,0,0.0,,0,0,0,0,0,,,,,,,,,,,,,,,0.07089999310175672,,,,,,11.45,25,73081.3,73210.35,72855.2,72947.45,none,no_price_available
2026-09-03T12:54:57.817543+00:00,2026-09-03T18:24:57.817543+05:30,NIFTYNXT50,29-Sep-2026,78000.0,CE,73051.85,0.05,50,363,25,0.0,181.525,0,0,0,0,0,,,,,,,,,,,,,,,0.07089999310175672,73151,0.01913025456741564,0.009899999999999999,index_dividend_yield,0.065,11.45,25,73081.3,73210.35,72855.2,72947.45,mid_price,no_nse_iv
2026-09-03T12:54:57.817543+00:00,2026-09-03T18:24:57.817543+05:30,NIFTYNXT50,29-Sep-2026,78000.0,PE,73051.85,,0,,0,0.0,,0,0,0,0,0,,,,,,,,,,,,,,,0.07089999310175672,,,,,,11.45,25,73081.3,73210.35,72855.2,72947.45,none,no_price_available
2026-09-03T12:54:57.817543+00:00,2026-09-03T18:24:57.817543+05:30,NIFTYNXT50,29-Sep-2026,78100.0,CE,0,,0,,0,0.0,,0,0,0,0,0,,,,,,,,,,,,,,,0.07089999310175672,,,,,,11.45,25,73081.3,73210.35,72855.2,72947.45,none,no_price_available
2026-09-03T12:54:57.817543+00:00,2026-09-03T18:24:57.817543+05:30,NIFTYNXT50,29-Sep-2026,78100.0,PE,73051.85,,0,,0,0.0,,0,0,0,0,0,,,,,,,,,,,,,,,0.07089999310175672,,,,,,11.45,25,73081.3,73210.35,72855.2,72947.45,none,no_price_available
2026-09-03T12:54:57.817543+00:00,2026-09-03T18:24:57.817543+05:30,NIFTYNXT50,29-Sep-2026,78200.0,CE,0,,0,,0,0.0,,0,0,0,0,0,,,,,,,,,,,,,,,0.07089999310175672,,,,,,11.45,25,73081.3,73210.35,72855.2,72947.45,none,no_price_available
2026-09-03T12:54:57.817543+00:00,2026-09-03T18:24:57.817543+05:30,NIFTYNXT50,29-Sep-2026,78200.0,PE,73051.85,,0,,0,0.0,,0,0,0,0,0,,,,,,,,,,,,,,,0.07089999310175672,,,,,,11.45,25,73081.3,73210.35,72855.2,72947.45,none,no_price_available
2026-09-03T12:54:57.817543+00:00,2026-09-03T18:24:57.817543+05:30,NIFTYNXT50,29-Sep-2026,78300.0,CE,0,,0,,0,0.0,,0,0,0,0,0,,,,,,,,,,,,,,,0.07089999310175672,,,,,,11.45,25,73081.3,73210.35,72855.2,72947.45,none,no_price_available
2026-09-03T12:54:57.817543+00:00,2026-09-03T18:24:57.817543+05:30,NIFTYNXT50,29-Sep-2026,78300.0,PE,73051.85,,0,,0,0.0,,0,0,0,0,0,,,,,,,,,,,,,,,0.07089999310175672,,,,,,11.45,25,73081.3,73210.35,72855.2,72947.45,none,no_price_available
2026-09-03T12:54:57.817543+00:00,2026-09-03T18:24:57.817543+05:30,NIFTYNXT50,29-Sep-2026,78400.0,CE,0,,0,,0,0.0,,0,0,0,0,0,,,,,,,,,,,,,,,0.07089999310175672,,,,,,11.45,25,73081.3,73210.35,72855.2,72947.45,none,no_price_available
2026-09-03T12:54:57.817543+00:00,2026-09-03T18:24:57.817543+05:30,NIFTYNXT50,29-Sep-2026,78400.0,PE,73051.85,,0,,0,0.0,,0,0,0,0,0,,,,,,,,,,,,,,,0.07089999310175672,,,,,,11.45,25,73081.3,73210.35,72855.2,72947.45,none,no_price_available
2026-09-03T12:54:57.817543+00:00,2026-09-03T18:24:57.817543+05:30,NIFTYNXT50,29-Sep-2026,78500.0,CE,0,,0,,0,0.0,,0,0,0,0,0,,,,,,,,,,,,,,,0.07089999310175672,,,,,,11.45,25,73081.3,73210.35,72855.2,72947.45,none,no_price_available
2026-09-03T12:54:57.817543+00:00,2026-09-03T18:24:57.817543+05:30,NIFTYNXT50,29-Sep-2026,78500.0,PE,73051.85,,0,,0,0.0,,0,0,0,0,0,,,,,,,,,,,,,,,0.07089999310175672,,,,,,11.45,25,73081.3,73210.35,72855.2,72947.45,none,no_price_available
2026-09-03T12:54:57.817543+00:00,2026-09-03T18:24:57.817543+05:30,NIFTYNXT50,29-Sep-2026,78600.0,CE,0,,0,,0,0.0,,0,0,0,0,0,,,,,,,,,,,,,,,0.07089999310175672,,,,,,11.45,25,73081.3,73210.35,72855.2,72947.45,none,no_price_available
2026-09-03T12:54:57.817543+00:00,2026-09-03T18:24:57.817543+05:30,NIFTYNXT50,29-Sep-2026,78600.0,PE,73051.85,,0,,0,0.0,,0,0,0,0,0,,,,,,,,,,,,,,,0.07089999310175672,,,,,,11.45,25,73081.3,73210.35,72855.2,72947.45,none,no_price_available
2026-09-03T12:54:57.817543+00:00,2026-09-03T18:24:57.817543+05:30,NIFTYNXT50,29-Sep-2026,78700.0,CE,0,,0,,0,0.0,,0,0,0,0,0,,,,,,,,,,,,,,,0.07089999310175672,,,,,,11.45,25,73081.3,73210.35,72855.2,72947.45,none,no_price_available
2026-09-03T12:54:57.817543+00:00,2026-09-03T18:24:57.817543+05:30,NIFTYNXT50,29-Sep-2026,78700.0,PE,73051.85,,0,,0,0.0,,0,0,0,0,0,,,,,,,,,,,,,,,0.07089999310175672,,,,,,11.45,25,73081.3,73210.35,72855.2,72947.45,none,no_price_available
2026-09-03T12:54:57.817543+00:00,2026-09-03T18:24:57.817543+05:30,NIFTYNXT50,29-Sep-2026,78800.0,CE,0,,0,,0,0.0,,0,0,0,0,0,,,,,,,,,,,,,,,0.07089999310175672,,,,,,11.45,25,73081.3,73210.35,72855.2,72947.45,none,no_price_available
2026-09-03T12:54:57.817543+00:00,2026-09-03T18:24:57.817543+05:30,NIFTYNXT50,29-Sep-2026,78800.0,PE,73051.85,,0,,0,0.0,,0,0,0,0,0,,,,,,,,,,,,,,,0.07089999310175672,,,,,,11.45,25,73081.3,73210.35,72855.2,72947.45,none,no_price_available
2026-09-03T12:54:57.817543+00:00,2026-09-03T18:24:57.817543+05:30,NIFTYNXT50,29-Sep-2026,78900.0,CE,0,,0,,0,0.0,,0,0,0,0,0,,,,,,,,,,,,,,,0.07089999310175672,,,,,,11.45,25,73081.3,73210.35,72855.2,72947.45,none,no_price_available
2026-09-03T12:54:57.817543+00:00,2026-09-03T18:24:57.817543+05:30,NIFTYNXT50,29-Sep-2026,78900.0,PE,73051.85,,0,,0,0.0,,0,0,0,0,0,,,,,,,,,,,,,,,0.07089999310175672,,,,,,11.45,25,73081.3,73210.35,72855.2,72947.45,none,no_price_available
2026-09-03T12:54:57.817543+00:00,2026-09-03T18:24:57.817543+05:30,NIFTYNXT50,29-Sep-2026,79000.0,CE,0,,0,,0,0.0,,0,0,0,0,0,,,,,,,,,,,,,,,0.07089999310175672,,,,,,11.45,25,73081.3,73210.35,72855.2,72947.45,none,no_price_available
2026-09-03T12:54:57.817543+00:00,2026-09-03T18:24:57.817543+05:30,NIFTYNXT50,29-Sep-2026,79000.0,PE,73051.85,,0,,0,0.0,,0,0,0,0,0,,,,,,,,,,,,,,,0.07089999310175672,,,,,,11.45,25,73081.3,73210.35,72855.2,72947.45,none,no_price_available
2026-09-03T12:54:57.817543+00:00,2026-09-03T18:24:57.817543+05:30,NIFTYNXT50,29-Sep-2026,79100.0,CE,0,,0,,0,0.0,,0,0,0,0,0,,,,,,,,,,,,,,,0.07089999310175672,,,,,,11.45,25,73081.3,73210.35,72855.2,72947.45,none,no_price_available
2026-09-03T12:54:57.817543+00:00,2026-09-03T18:24:57.817543+05:30,NIFTYNXT50,29-Sep-2026,79100.0,PE,73051.85,,0,,0,0.0,,0,0,0,0,0,,,,,,,,,,,,,,,0.07089999310175672,,,,,,11.45,25,73081.3,73210.35,72855.2,72947.45,none,no_price_available
2026-09-03T12:54:57.817543+00:00,2026-09-03T18:24:57.817543+05:30,NIFTYNXT50,29-Sep-2026,79200.0,CE,0,,0,,0,0.0,,0,0,0,0,0,,,,,,,,,,,,,,,0.07089999310175672,,,,,,11.45,25,73081.3,73210.35,72855.2,72947.45,none,no_price_available
2026-09-03T12:54:57.817543+00:00,2026-09-03T18:24:57.817543+05:30,NIFTYNXT50,29-Sep-2026,79200.0,PE,73051.85,,0,,0,0.0,,0,0,0,0,0,,,,,,,,,,,,,,,0.07089999310175672,,,,,,11.45,25,73081.3,73210.35,72855.2,72947.45,none,no_price_available
2026-09-03T12:54:57.817543+00:00,2026-09-03T18:24:57.817543+05:30,NIFTYNXT50,29-Sep-2026,79300.0,CE,0,,0,,0,0.0,,0,0,0,0,0,,,,,,,,,,,,,,,0.07089999310175672,,,,,,11.45,25,73081.3,73210.35,72855.2,72947.45,none,no_price_available
2026-09-03T12:54:57.817543+00:00,2026-09-03T18:24:57.817543+05:30,NIFTYNXT50,29-Sep-2026,79300.0,PE,73051.85,,0,,0,0.0,,0,0,0,0,0,,,,,,,,,,,,,,,0.07089999310175672,,,,,,11.45,25,73081.3,73210.35,72855.2,72947.45,none,no_price_available
2026-09-03T12:54:57.817543+00:00,2026-09-03T18:24:57.817543+05:30,NIFTYNXT50,29-Sep-2026,79400.0,CE,0,,0,,0,0.0,,0,0,0,0,0,,,,,,,,,,,,,,,0.07089999310175672,,,,,,11.45,25,73081.3,73210.35,72855.2,72947.45,none,no_price_available
2026-09-03T12:54:57.817543+00:00,2026-09-03T18:24:57.817543+05:30,NIFTYNXT50,29-Sep-2026,79400.0,PE,73051.85,,0,,0,0.0,,0,0,0,0,0,,,,,,,,,,,,,,,0.07089999310175672,,,,,,11.45,25,73081.3,73210.35,72855.2,72947.45,none,no_price_available
2026-09-03T12:54:57.817543+00:00,2026-09-03T18:24:57.817543+05:30,NIFTYNXT50,29-Sep-2026,79500.0,CE,0,,0,,0,0.0,,0,0,0,0,0,,,,,,,,,,,,,,,0.07089999310175672,,,,,,11.45,25,73081.3,73210.35,72855.2,72947.45,none,no_price_available
2026-09-03T12:54:57.817543+00:00,2026-09-03T18:24:57.817543+05:30,NIFTYNXT50,29-Sep-2026,79500.0,PE,73051.85,,0,,0,0.0,,0,0,0,0,0,,,,,,,,,,,,,,,0.07089999310175672,,,,,,11.45,25,73081.3,73210.35,72855.2,72947.45,none,no_price_available
2026-09-03T12:54:57.817543+00:00,2026-09-03T18:24:57.817543+05:30,NIFTYNXT50,29-Sep-2026,79600.0,CE,0,,0,,0,0.0,,0,0,0,0,0,,,,,,,,,,,,,,,0.07089999310175672,,,,,,11.45,25,73081.3,73210.35,72855.2,72947.45,none,no_price_available
2026-09-03T12:54:57.817543+00:00,2026-09-03T18:24:57.817543+05:30,NIFTYNXT50,29-Sep-2026,79600.0,PE,73051.85,,0,,0,0.0,,0,0,0,0,0,,,,,,,,,,,,,,,0.07089999310175672,,,,,,11.45,25,73081.3,73210.35,72855.2,72947.45,none,no_price_available
2026-09-03T12:54:57.817543+00:00,2026-09-03T18:24:57.817543+05:30,NIFTYNXT50,29-Sep-2026,79700.0,CE,0,,0,,0,0.0,,0,0,0,0,0,,,,,,,,,,,,,,,0.07089999310175672,,,,,,11.45,25,73081.3,73210.35,72855.2,72947.45,none,no_price_available
2026-09-03T12:54:57.817543+00:00,2026-09-03T18:24:57.817543+05:30,NIFTYNXT50,29-Sep-2026,79700.0,PE,73051.85,,0,,0,0.0,,0,0,0,0,0,,,,,,,,,,,,,,,0.07089999310175672,,,,,,11.45,25,73081.3,73210.35,72855.2,72947.45,none,no_price_available
2026-09-03T12:54:57.817543+00:00,2026-09-03T18:24:57.817543+05:30,NIFTYNXT50,29-Sep-2026,79800.0,CE,0,,0,,0,0.0,,0,0,0,0,0,,,,,,,,,,,,,,,0.07089999310175672,,,,,,11.45,25,73081.3,73210.35,72855.2,72947.45,none,no_price_available
2026-09-03T12:54:57.817543+00:00,2026-09-03T18:24:57.817543+05:30,NIFTYNXT50,29-Sep-2026,79800.0,PE,73051.85,,0,,0,0.0,,0,0,0,0,0,,,,,,,,,,,,,,,0.07089999310175672,,,,,,11.45,25,73081.3,73210.35,72855.2,72947.45,none,no_price_available
2026-09-03T12:54:57.817543+00:00,2026-09-03T18:24:57.817543+05:30,NIFTYNXT50,29-Sep-2026,79900.0,CE,0,,0,,0,0.0,,0,0,0,0,0,,,,,,,,,,,,,,,0.07089999310175672,,,,,,11.45,25,73081.3,73210.35,72855.2,72947.45,none,no_price_available
2026-09-03T12:54:57.817543+00:00,2026-09-03T18:24:57.817543+05:30,NIFTYNXT50,29-Sep-2026,79900.0,PE,73051.85,,0,,0,0.0,,0,0,0,0,0,,,,,,,,,,,,,,,0.07089999310175672,,,,,,11.45,25,73081.3,73210.35,72855.2,72947.45,none,no_price_available
2026-09-03T12:54:57.817543+00:00,2026-09-03T18:24:57.817543+05:30,NIFTYNXT50,29-Sep-2026,80000.0,CE,0,,0,,0,0.0,,0,0,0,0,0,,,,,,,,,,,,,,,0.07089999310175672,,,,,,11.45,25,73081.3,73210.35,72855.2,72947.45,none,no_price_available
2026-09-03T12:54:57.817543+00:00,2026-09-03T18:24:57.817543+05:30,NIFTYNXT50,29-Sep-2026,80000.0,PE,73051.85,,0,,0,0.0,,0,0,0,0,0,,,,,,,,,,,,,,,0.07089999310175672,,,,,,11.45,25,73081.3,73210.35,72855.2,72947.45,none,no_price_available
2026-09-03T12:54:57.817543+00:00,2026-09-03T18:24:57.817543+05:30,NIFTYNXT50,29-Sep-2026,80100.0,CE,0,,0,,0,0.0,,0,0,0,0,0,,,,,,,,,,,,,,,0.07089999310175672,,,,,,11.45,25,73081.3,73210.35,72855.2,72947.45,none,no_price_available
2026-09-03T12:54:57.817543+00:00,2026-09-03T18:24:57.817543+05:30,NIFTYNXT50,29-Sep-2026,80100.0,PE,73051.85,,0,,0,0.0,,0,0,0,0,0,,,,,,,,,,,,,,,0.07089999310175672,,,,,,11.45,25,73081.3,73210.35,72855.2,72947.45,none,no_price_available
2026-09-03T12:54:57.817543+00:00,2026-09-03T18:24:57.817543+05:30,NIFTYNXT50,29-Sep-2026,80200.0,CE,0,,0,,0,0.0,,0,0,0,0,0,,,,,,,,,,,,,,,0.07089999310175672,,,,,,11.45,25,73081.3,73210.35,72855.2,72947.45,none,no_price_available
2026-09-03T12:54:57.817543+00:00,2026-09-03T18:24:57.817543+05:30,NIFTYNXT50,29-Sep-2026,80200.0,PE,73051.85,,0,,0,0.0,,0,0,0,0,0,,,,,,,,,,,,,,,0.07089999310175672,,,,,,11.45,25,73081.3,73210.35,72855.2,72947.45,none,no_price_available
2026-09-03T12:54:57.817543+00:00,2026-09-03T18:24:57.817543+05:30,NIFTYNXT50,29-Sep-2026,80300.0,CE,0,,0,,0,0.0,,0,0,0,0,0,,,,,,,,,,,,,,,0.07089999310175672,,,,,,11.45,25,73081.3,73210.35,72855.2,72947.45,none,no_price_available
2026-09-03T12:54:57.817543+00:00,2026-09-03T18:24:57.817543+05:30,NIFTYNXT50,29-Sep-2026,80300.0,PE,73051.85,,0,,0,0.0,,0,0,0,0,0,,,,,,,,,,,,,,,0.07089999310175672,,,,,,11.45,25,73081.3,73210.35,72855.2,72947.45,none,no_price_available
2026-09-03T12:54:57.817543+00:00,2026-09-03T18:24:57.817543+05:30,NIFTYNXT50,29-Sep-2026,80400.0,CE,0,,0,,0,0.0,,0,0,0,0,0,,,,,,,,,,,,,,,0.07089999310175672,,,,,,11.45,25,73081.3,73210.35,72855.2,72947.45,none,no_price_available
2026-09-03T12:54:57.817543+00:00,2026-09-03T18:24:57.817543+05:30,NIFTYNXT50,29-Sep-2026,80400.0,PE,73051.85,,0,,0,0.0,,0,0,0,0,0,,,,,,,,,,,,,,,0.07089999310175672,,,,,,11.45,25,73081.3,73210.35,72855.2,72947.45,none,no_price_available
2026-09-03T12:54:57.817543+00:00,2026-09-03T18:24:57.817543+05:30,NIFTYNXT50,29-Sep-2026,80500.0,CE,0,,0,,0,0.0,,0,0,0,0,0,,,,,,,,,,,,,,,0.07089999310175672,,,,,,11.45,25,73081.3,73210.35,72855.2,72947.45,none,no_price_available
2026-09-03T12:54:57.817543+00:00,2026-09-03T18:24:57.817543+05:30,NIFTYNXT50,29-Sep-2026,80500.0,PE,73051.85,,0,,0,0.0,,0,0,0,0,0,,,,,,,,,,,,,,,0.07089999310175672,,,,,,11.45,25,73081.3,73210.35,72855.2,72947.45,none,no_price_available
2026-09-03T12:54:57.817543+00:00,2026-09-03T18:24:57.817543+05:30,NIFTYNXT50,29-Sep-2026,80600.0,CE,0,,0,,0,0.0,,0,0,0,0,0,,,,,,,,,,,,,,,0.07089999310175672,,,,,,11.45,25,73081.3,73210.35,72855.2,72947.45,none,no_price_available
2026-09-03T12:54:57.817543+00:00,2026-09-03T18:24:57.817543+05:30,NIFTYNXT50,29-Sep-2026,80600.0,PE,73051.85,,0,,0,0.0,,0,0,0,0,0,,,,,,,,,,,,,,,0.07089999310175672,,,,,,11.45,25,73081.3,73210.35,72855.2,72947.45,none,no_price_available
2026-09-03T12:54:57.817543+00:00,2026-09-03T18:24:57.817543+05:30,NIFTYNXT50,29-Sep-2026,80700.0,CE,0,,0,,0,0.0,,0,0,0,0,0,,,,,,,,,,,,,,,0.07089999310175672,,,,,,11.45,25,73081.3,73210.35,72855.2,72947.45,none,no_price_available
2026-09-03T12:54:57.817543+00:00,2026-09-03T18:24:57.817543+05:30,NIFTYNXT50,29-Sep-2026,80700.0,PE,73051.85,,0,,0,0.0,,0,0,0,0,0,,,,,,,,,,,,,,,0.07089999310175672,,,,,,11.45,25,73081.3,73210.35,72855.2,72947.45,none,no_price_available
2026-09-03T12:54:57.817543+00:00,2026-09-03T18:24:57.817543+05:30,NIFTYNXT50,29-Sep-2026,80800.0,CE,0,,0,,0,0.0,,0,0,0,0,0,,,,,,,,,,,,,,,0.07089999310175672,,,,,,11.45,25,73081.3,73210.35,72855.2,72947.45,none,no_price_available
2026-09-03T12:54:57.817543+00:00,2026-09-03T18:24:57.817543+05:30,NIFTYNXT50,29-Sep-2026,80800.0,PE,73051.85,,0,,0,0.0,,0,0,0,0,0,,,,,,,,,,,,,,,0.07089999310175672,,,,,,11.45,25,73081.3,73210.35,72855.2,72947.45,none,no_price_available
2026-09-03T12:54:57.817543+00:00,2026-09-03T18:24:57.817543+05:30,NIFTYNXT50,29-Sep-2026,80900.0,CE,0,,0,,0,0.0,,0,0,0,0,0,,,,,,,,,,,,,,,0.07089999310175672,,,,,,11.45,25,73081.3,73210.35,72855.2,72947.45,none,no_price_available
2026-09-03T12:54:57.817543+00:00,2026-09-03T18:24:57.817543+05:30,NIFTYNXT50,29-Sep-2026,80900.0,PE,73051.85,,0,,0,0.0,,0,0,0,0,0,,,,,,,,,,,,,,,0.07089999310175672,,,,,,11.45,25,73081.3,73210.35,72855.2,72947.45,none,no_price_available
2026-09-03T12:54:57.817543+00:00,2026-09-03T18:24:57.817543+05:30,NIFTYNXT50,29-Sep-2026,81000.0,CE,0,,0,,0,0.0,,0,0,0,0,0,,,,,,,,,,,,,,,0.07089999310175672,,,,,,11.45,25,73081.3,73210.35,72855.2,72947.45,none,no_price_available
2026-09-03T12:54:57.817543+00:00,2026-09-03T18:24:57.817543+05:30,NIFTYNXT50,29-Sep-2026,81000.0,PE,73051.85,,0,,0,0.0,,0,0,0,0,0,,,,,,,,,,,,,,,0.07089999310175672,,,,,,11.45,25,73081.3,73210.35,72855.2,72947.45,none,no_price_available
2026-09-03T12:54:57.817543+00:00,2026-09-03T18:24:57.817543+05:30,NIFTYNXT50,29-Sep-2026,81500.0,CE,0,,0,,0,0.0,,0,0,0,0,0,,,,,,,,,,,,,,,0.07089999310175672,,,,,,11.45,25,73081.3,73210.35,72855.2,72947.45,none,no_price_available
2026-09-03T12:54:57.817543+00:00,2026-09-03T18:24:57.817543+05:30,NIFTYNXT50,29-Sep-2026,81500.0,PE,73051.85,,0,,0,0.0,,0,0,0,0,0,,,,,,,,,,,,,,,0.07089999310175672,,,,,,11.45,25,73081.3,73210.35,72855.2,72947.45,none,no_price_available
2026-09-03T12:54:57.817543+00:00,2026-09-03T18:24:57.817543+05:30,NIFTYNXT50,29-Sep-2026,82000.0,CE,73051.85,,0,99,25,0.0,,0,0,0,0,0,,,,,,,,,,,,,,,0.07089999310175672,,,,,,11.45,25,73081.3,73210.35,72855.2,72947.45,none,no_price_available
2026-09-03T12:54:57.817543+00:00,2026-09-03T18:24:57.817543+05:30,NIFTYNXT50,29-Sep-2026,82000.0,PE,73051.85,,0,,0,0.0,,0,0,0,0,0,,,,,,,,,,,,,,,0.07089999310175672,,,,,,11.45,25,73081.3,73210.35,72855.2,72947.45,none,no_price_available
2026-09-03T12:54:57.817543+00:00,2026-09-03T18:24:57.817543+05:30,NIFTYNXT50,29-Sep-2026,82500.0,CE,0,,0,,0,0.0,,0,0,0,0,0,,,,,,,,,,,,,,,0.07089999310175672,,,,,,11.45,25,73081.3,73210.35,72855.2,72947.45,none,no_price_available
2026-09-03T12:54:57.817543+00:00,2026-09-03T18:24:57.817543+05:30,NIFTYNXT50,29-Sep-2026,82500.0,PE,73051.85,,0,,0,0.0,,0,0,0,0,0,,,,,,,,,,,,,,,0.07089999310175672,,,,,,11.45,25,73081.3,73210.35,72855.2,72947.45,none,no_price_available
2026-09-03T12:54:57.817543+00:00,2026-09-03T18:24:57.817543+05:30,NIFTYNXT50,29-Sep-2026,83000.0,CE,73051.85,,0,60,25,0.0,,0,0,0,0,0,,,,,,,,,,,,,,,0.07089999310175672,,,,,,11.45,25,73081.3,73210.35,72855.2,72947.45,none,no_price_available
2026-09-03T12:54:57.817543+00:00,2026-09-03T18:24:57.817543+05:30,NIFTYNXT50,29-Sep-2026,83000.0,PE,73051.85,,0,,0,0.0,,0,0,0,0,0,,,,,,,,,,,,,,,0.07089999310175672,,,,,,11.45,25,73081.3,73210.35,72855.2,72947.45,none,no_price_available
2026-09-03T12:54:57.817543+00:00,2026-09-03T18:24:57.817543+05:30,NIFTYNXT50,29-Sep-2026,83500.0,CE,0,,0,,0,0.0,,0,0,0,0,0,,,,,,,,,,,,,,,0.07089999310175672,,,,,,11.45,25,73081.3,73210.35,72855.2,72947.45,none,no_price_available
2026-09-03T12:54:57.817543+00:00,2026-09-03T18:24:57.817543+05:30,NIFTYNXT50,29-Sep-2026,83500.0,PE,73051.85,,0,,0,0.0,,0,0,0,0,0,,,,,,,,,,,,,,,0.07089999310175672,,,,,,11.45,25,73081.3,73210.35,72855.2,72947.45,none,no_price_available
2026-09-03T12:54:57.817543+00:00,2026-09-03T18:24:57.817543+05:30,NIFTYNXT50,29-Sep-2026,84000.0,CE,0,,0,,0,0.0,,0,0,0,0,0,,,,,,,,,,,,,,,0.07089999310175672,,,,,,11.45,25,73081.3,73210.35,72855.2,72947.45,none,no_price_available
2026-09-03T12:54:57.817543+00:00,2026-09-03T18:24:57.817543+05:30,NIFTYNXT50,29-Sep-2026,84000.0,PE,73051.85,,0,,0,0.0,,0,0,0,0,0,,,,,,,,,,,,,,,0.07089999310175672,,,,,,11.45,25,73081.3,73210.35,72855.2,72947.45,none,no_price_available
2026-09-03T12:54:57.817543+00:00,2026-09-03T18:24:57.817543+05:30,NIFTYNXT50,29-Sep-2026,84500.0,CE,0,,0,,0,0.0,,0,0,0,0,0,,,,,,,,,,,,,,,0.07089999310175672,,,,,,11.45,25,73081.3,73210.35,72855.2,72947.45,none,no_price_available
2026-09-03T12:54:57.817543+00:00,2026-09-03T18:24:57.817543+05:30,NIFTYNXT50,29-Sep-2026,84500.0,PE,73051.85,,0,,0,0.0,,0,0,0,0,0,,,,,,,,,,,,,,,0.07089999310175672,,,,,,11.45,25,73081.3,73210.35,72855.2,72947.45,none,no_price_available
2026-09-03T12:54:57.817543+00:00,2026-09-03T18:24:57.817543+05:30,NIFTYNXT50,29-Sep-2026,85000.0,CE,0,,0,,0,0.0,,0,0,0,0,0,,,,,,,,,,,,,,,0.07089999310175672,,,,,,11.45,25,73081.3,73210.35,72855.2,72947.45,none,no_price_available
2026-09-03T12:54:57.817543+00:00,2026-09-03T18:24:57.817543+05:30,NIFTYNXT50,29-Sep-2026,85000.0,PE,73051.85,,0,,0,0.0,,0,0,0,0,0,,,,,,,,,,,,,,,0.07089999310175672,,,,,,11.45,25,73081.3,73210.35,72855.2,72947.45,none,no_price_available
2026-09-03T14:15:06.380068+00:00,2026-09-03T19:45:06.380068+05:30,NIFTYNXT50,29-Sep-2026,61000.0,CE,73051.85,,0,,0,0.0,,0,0,0,0,0,,,,,,,,,,,,,,,0.07074751458434805,,,,,,11.45,25,73081.3,73210.35,72855.2,72947.45,none,no_price_available
2026-09-03T14:15:06.380068+00:00,2026-09-03T19:45:06.380068+05:30,NIFTYNXT50,29-Sep-2026,61000.0,PE,0,,0,,0,0.0,,0,0,0,0,0,,,,,,,,,,,,,,,0.07074751458434805,,,,,,11.45,25,73081.3,73210.35,72855.2,72947.45,none,no_price_available
2026-09-03T14:15:06.380068+00:00,2026-09-03T19:45:06.380068+05:30,NIFTYNXT50,29-Sep-2026,61500.0,CE,73051.85,,0,,0,0.0,,0,0,0,0,0,,,,,,,,,,,,,,,0.07074751458434805,,,,,,11.45,25,73081.3,73210.35,72855.2,72947.45,none,no_price_available
2026-09-03T14:15:06.380068+00:00,2026-09-03T19:45:06.380068+05:30,NIFTYNXT50,29-Sep-2026,61500.0,PE,0,,0,,0,0.0,,0,0,0,0,0,,,,,,,,,,,,,,,0.07074751458434805,,,,,,11.45,25,73081.3,73210.35,72855.2,72947.45,none,no_price_available
2026-09-03T14:15:06.380068+00:00,2026-09-03T19:45:06.380068+05:30,NIFTYNXT50,29-Sep-2026,62000.0,CE,73051.85,,0,,0,0.0,,0,0,0,0,0,,,,,,,,,,,,,,,0.07074751458434805,,,,,,11.45,25,73081.3,73210.35,72855.2,72947.45,none,no_price_available
2026-09-03T14:15:06.380068+00:00,2026-09-03T19:45:06.380068+05:30,NIFTYNXT50,29-Sep-2026,62000.0,PE,0,,0,,0,0.0,,0,0,0,0,0,,,,,,,,,,,,,,,0.07074751458434805,,,,,,11.45,25,73081.3,73210.35,72855.2,72947.45,none,no_price_available
2026-09-03T14:15:06.380068+00:00,2026-09-03T19:45:06.380068+05:30,NIFTYNXT50,29-Sep-2026,62500.0,CE,73051.85,,0,,0,0.0,,0,0,0,0,0,,,,,,,,,,,,,,,0.07074751458434805,,,,,,11.45,25,73081.3,73210.35,72855.2,72947.45,none,no_price_available
2026-09-03T14:15:06.380068+00:00,2026-09-03T19:45:06.380068+05:30,NIFTYNXT50,29-Sep-2026,62500.0,PE,0,,0,,0,0.0,,0,0,0,0,0,,,,,,,,,,,,,,,0.07074751458434805,,,,,,11.45,25,73081.3,73210.35,72855.2,72947.45,none,no_price_available
2026-09-03T14:15:06.380068+00:00,2026-09-03T19:45:06.380068+05:30,NIFTYNXT50,29-Sep-2026,63000.0,CE,73051.85,,0,,0,0.0,,0,0,0,0,0,,,,,,,,,,,,,,,0.07074751458434805,,,,,,11.45,25,73081.3,73210.35,72855.2,72947.45,none,no_price_available
2026-09-03T14:15:06.380068+00:00,2026-09-03T19:45:06.380068+05:30,NIFTYNXT50,29-Sep-2026,63000.0,PE,0,,0,,0,0.0,,0,0,0,0,0,,,,,,,,,,,,,,,0.07074751458434805,,,,,,11.45,25,73081.3,73210.35,72855.2,72947.45,none,no_price_available
2026-09-03T14:15:06.380068+00:00,2026-09-03T19:45:06.380068+05:30,NIFTYNXT50,29-Sep-2026,63500.0,CE,73051.85,,0,,0,0.0,,0,0,0,0,0,,,,,,,,,,,,,,,0.07074751458434805,,,,,,11.45,25,73081.3,73210.35,72855.2,72947.45,none,no_price_available
2026-09-03T14:15:06.380068+00:00,2026-09-03T19:45:06.380068+05:30,NIFTYNXT50,29-Sep-2026,63500.0,PE,0,,0,,0,0.0,,0,0,0,0,0,,,,,,,,,,,,,,,0.07074751458434805,,,,,,11.45,25,73081.3,73210.35,72855.2,72947.45,none,no_price_available
2026-09-03T14:15:06.380068+00:00,2026-09-03T19:45:06.380068+05:30,NIFTYNXT50,29-Sep-2026,64000.0,CE,73051.85,,0,,0,0.0,,0,0,0,0,0,,,,,,,,,,,,,,,0.07074751458434805,,,,,,11.45,25,73081.3,73210.35,72855.2,72947.45,none,no_price_available
2026-09-03T14:15:06.380068+00:00,2026-09-03T19:45:06.380068+05:30,NIFTYNXT50,29-Sep-2026,64000.0,PE,0,,0,,0,0.0,,0,0,0,0,0,,,,,,,,,,,,,,,0.07074751458434805,,,,,,11.45,25,73081.3,73210.35,72855.2,72947.45,none,no_price_available
2026-09-03T14:15:06.380068+00:00,2026-09-03T19:45:06.380068+05:30,NIFTYNXT50,29-Sep-2026,64100.0,CE,73051.85,,0,,0,0.0,,0,0,0,0,0,,,,,,,,,,,,,,,0.07074751458434805,,,,,,11.45,25,73081.3,73210.35,72855.2,72947.45,none,no_price_available
2026-09-03T14:15:06.380068+00:00,2026-09-03T19:45:06.380068+05:30,NIFTYNXT50,29-Sep-2026,64100.0,PE,0,,0,,0,0.0,,0,0,0,0,0,,,,,,,,,,,,,,,0.07074751458434805,,,,,,11.45,25,73081.3,73210.35,72855.2,72947.45,none,no_price_available
2026-09-03T14:15:06.380068+00:00,2026-09-03T19:45:06.380068+05:30,NIFTYNXT50,29-Sep-2026,64200.0,CE,73051.85,,0,,0,0.0,,0,0,0,0,0,,,,,,,,,,,,,,,0.07074751458434805,,,,,,11.45,25,73081.3,73210.35,72855.2,72947.45,none,no_price_available
2026-09-03T14:15:06.380068+00:00,2026-09-03T19:45:06.380068+05:30,NIFTYNXT50,29-Sep-2026,64200.0,PE,73051.85,,0,36.85,25,0.0,,0,0,0,0,0,,,,,,,,,,,,,,,0.07074751458434805,,,,,,11.45,25,73081.3,73210.35,72855.2,72947.45,none,no_price_available
2026-09-03T14:15:06.380068+00:00,2026-09-03T19:45:06.380068+05:30,NIFTYNXT50,29-Sep-2026,64300.0,CE,73051.85,,0,,0,0.0,,0,0,0,0,0,,,,,,,,,,,,,,,0.07074751458434805,,,,,,11.45,25,73081.3,73210.35,72855.2,72947.45,none,no_price_available
2026-09-03T14:15:06.380068+00:00,2026-09-03T19:45:06.380068+05:30,NIFTYNXT50,29-Sep-2026,64300.0,PE,0,,0,,0,0.0,,0,0,0,0,0,,,,,,,,,,,,,,,0.07074751458434805,,,,,,11.45,25,73081.3,73210.35,72855.2,72947.45,none,no_price_available
2026-09-03T14:15:06.380068+00:00,2026-09-03T19:45:06.380068+05:30,NIFTYNXT50,29-Sep-2026,64400.0,CE,73051.85,,0,,0,0.0,,0,0,0,0,0,,,,,,,,,,,,,,,0.07074751458434805,,,,,,11.45,25,73081.3,73210.35,72855.2,72947.45,none,no_price_available
2026-09-03T14:15:06.380068+00:00,2026-09-03T19:45:06.380068+05:30,NIFTYNXT50,29-Sep-2026,64400.0,PE,0,,0,,0,0.0,,0,0,0,0,0,,,,,,,,,,,,,,,0.07074751458434805,,,,,,11.45,25,73081.3,73210.35,72855.2,72947.45,none,no_price_available
2026-09-03T14:15:06.380068+00:00,2026-09-03T19:45:06.380068+05:30,NIFTYNXT50,29-Sep-2026,64500.0,CE,73051.85,,0,,0,0.0,,0,0,0,0,0,,,,,,,,,,,,,,,0.07074751458434805,,,,,,11.45,25,73081.3,73210.35,72855.2,72947.45,none,no_price_available
2026-09-03T14:15:06.380068+00:00,2026-09-03T19:45:06.380068+05:30,NIFTYNXT50,29-Sep-2026,64500.0,PE,73051.85,,0,45.95,25,0.0,,0,0,0,0,0,,,,,,,,,,,,,,,0.07074751458434805,,,,,,11.45,25,73081.3,73210.35,72855.2,72947.45,none,no_price_available
2026-09-03T14:15:06.380068+00:00,2026-09-03T19:45:06.380068+05:30,NIFTYNXT50,29-Sep-2026,64600.0,CE,73051.85,,0,,0,0.0,,0,0,0,0,0,,,,,,,,,,,,,,,0.07074751458434805,,,,,,11.45,25,73081.3,73210.35,72855.2,72947.45,none,no_price_available
2026-09-03T14:15:06.380068+00:00,2026-09-03T19:45:06.380068+05:30,NIFTYNXT50,29-Sep-2026,64600.0,PE,0,,0,,0,0.0,,0,0,0,0,0,,,,,,,,,,,,,,,0.07074751458434805,,,,,,11.45,25,73081.3,73210.35,72855.2,72947.45,none,no_price_available
2026-09-03T14:15:06.380068+00:00,2026-09-03T19:45:06.380068+05:30,NIFTYNXT50,29-Sep-2026,64700.0,CE,73051.85,,0,,0,0.0,,0,0,0,0,0,,,,,,,,,,,,,,,0.07074751458434805,,,,,,11.45,25,73081.3,73210.35,72855.2,72947.45,none,no_price_available
2026-09-03T14:15:06.380068+00:00,2026-09-03T19:45:06.380068+05:30,NIFTYNXT50,29-Sep-2026,64700.0,PE,0,,0,,0,0.0,,0,0,0,0,0,,,,,,,,,,,,,,,0.07074751458434805,,,,,,11.45,25,73081.3,73210.35,72855.2,72947.45,none,no_price_available
2026-09-03T14:15:06.380068+00:00,2026-09-03T19:45:06.380068+05:30,NIFTYNXT50,29-Sep-2026,64800.0,CE,73051.85,,0,,0,0.0,,0,0,0,0,0,,,,,,,,,,,,,,,0.07074751458434805,,,,,,11.45,25,73081.3,73210.35,72855.2,72947.45,none,no_price_available
2026-09-03T14:15:06.380068+00:00,2026-09-03T19:45:06.380068+05:30,NIFTYNXT50,29-Sep-2026,64800.0,PE,0,,0,,0,0.0,,0,0,0,0,0,,,,,,,,,,,,,,,0.07074751458434805,,,,,,11.45,25,73081.3,73210.35,72855.2,72947.45,none,no_price_available
2026-09-03T14:15:06.380068+00:00,2026-09-03T19:45:06.380068+05:30,NIFTYNXT50,29-Sep-2026,64900.0,CE,73051.85,,0,,0,0.0,,0,0,0,0,0,,,,,,,,,,,,,,,0.07074751458434805,,,,,,11.45,25,73081.3,73210.35,72855.2,72947.45,none,no_price_available
2026-09-03T14:15:06.380068+00:00,2026-09-03T19:45:06.380068+05:30,NIFTYNXT50,29-Sep-2026,64900.0,PE,0,,0,,0,0.0,,0,0,0,0,0,,,,,,,,,,,,,,,0.07074751458434805,,,,,,11.45,25,73081.3,73210.35,72855.2,72947.45,none,no_price_available
2026-09-03T14:15:06.380068+00:00,2026-09-03T19:45:06.380068+05:30,NIFTYNXT50,29-Sep-2026,65000.0,CE,73051.85,,0,,0,0.0,,0,0,0,0,0,,,,,,,,,,,,,,,0.07074751458434805,,,,,,11.45,25,73081.3,73210.35,72855.2,72947.45,none,no_price_available
2026-09-03T14:15:06.380068+00:00,2026-09-03T19:45:06.380068+05:30,NIFTYNXT50,29-Sep-2026,65000.0,PE,73051.85,0.05,25,65.45,25,0.0,32.75,0,0,0,0,0,,,,,,,,,,,,,,,0.07074751458434805,73151,0.019171485031428796,0.009899999999999999,index_dividend_yield,0.065,11.45,25,73081.3,73210.35,72855.2,72947.45,mid_price,no_nse_iv
2026-09-03T14:15:06.380068+00:00,2026-09-03T19:45:06.380068+05:30,NIFTYNXT50,29-Sep-2026,65100.0,CE,73051.85,,0,,0,0.0,,0,0,0,0,0,,,,,,,,,,,,,,,0.07074751458434805,,,,,,11.45,25,73081.3,73210.35,72855.2,72947.45,none,no_price_available
2026-09-03T14:15:06.380068+00:00,2026-09-03T19:45:06.380068+05:30,NIFTYNXT50,29-Sep-2026,65100.0,PE,0,,0,,0,0.0,,0,0,0,0,0,,,,,,,,,,,,,,,0.07074751458434805,,,,,,11.45,25,73081.3,73210.35,72855.2,72947.45,none,no_price_available
2026-09-03T14:15:06.380068+00:00,2026-09-03T19:45:06.380068+05:30,NIFTYNXT50,29-Sep-2026,65200.0,CE,73051.85,,0,,0,0.0,,0,0,0,0,0,,,,,,,,,,,,,,,0.07074751458434805,,,,,,11.45,25,73081.3,73210.35,72855.2,72947.45,none,no_price_available
2026-09-03T14:15:06.380068+00:00,2026-09-03T19:45:06.380068+05:30,NIFTYNXT50,29-Sep-2026,65200.0,PE,0,,0,,0,0.0,,0,0,0,0,0,,,,,,,,,,,,,,,0.07074751458434805,,,,,,11.45,25,73081.3,73210.35,72855.2,72947.45,none,no_price_available
2026-09-03T14:15:06.380068+00:00,2026-09-03T19:45:06.380068+05:30,NIFTYNXT50,29-Sep-2026,65300.0,CE,73051.85,,0,,0,0.0,,0,0,0,0,0,,,,,,,,,,,,,,,0.07074751458434805,,,,,,11.45,25,73081.3,73210.35,72855.2,72947.45,none,no_price_available
2026-09-03T14:15:06.380068+00:00,2026-09-03T19:45:06.380068+05:30,NIFTYNXT50,29-Sep-2026,65300.0,PE,0,,0,,0,0.0,,0,0,0,0,0,,,,,,,,,,,,,,,0.07074751458434805,,,,,,11.45,25,73081.3,73210.35,72855.2,72947.45,none,no_price_available
2026-09-03T14:15:06.380068+00:00,2026-09-03T19:45:06.380068+05:30,NIFTYNXT50,29-Sep-2026,65400.0,CE,73051.85,,0,,0,0.0,,0,0,0,0,0,,,,,,,,,,,,,,,0.07074751458434805,,,,,,11.45,25,73081.3,73210.35,72855.2,72947.45,none,no_price_available
2026-09-03T14:15:06.380068+00:00,2026-09-03T19:45:06.380068+05:30,NIFTYNXT50,29-Sep-2026,65400.0,PE,0,,0,,0,0.0,,0,0,0,0,0,,,,,,,,,,,,,,,0.07074751458434805,,,,,,11.45,25,73081.3,73210.35,72855.2,72947.45,none,no_price_available
2026-09-03T14:15:06.380068+00:00,2026-09-03T19:45:06.380068+05:30,NIFTYNXT50,29-Sep-2026,65500.0,CE,73051.85,,0,,0,0.0,,0,0,0,0,0,,,,,,,,,,,,,,,0.07074751458434805,,,,,,11.45,25,73081.3,73210.35,72855.2,72947.45,none,no_price_available
2026-09-03T14:15:06.380068+00:00,2026-09-03T19:45:06.380068+05:30,NIFTYNXT50,29-Sep-2026,65500.0,PE,0,,0,,0,0.0,,0,0,0,0,0,,,,,,,,,,,,,,,0.07074751458434805,,,,,,11.45,25,73081.3,73210.35,72855.2,72947.45,none,no_price_available
2026-09-03T14:15:06.380068+00:00,2026-09-03T19:45:06.380068+05:30,NIFTYNXT50,29-Sep-2026,65600.0,CE,73051.85,,0,,0,0.0,,0,0,0,0,0,,,,,,,,,,,,,,,0.07074751458434805,,,,,,11.45,25,73081.3,73210.35,72855.2,72947.45,none,no_price_available
2026-09-03T14:15:06.380068+00:00,2026-09-03T19:45:06.380068+05:30,NIFTYNXT50,29-Sep-2026,65600.0,PE,0,,0,,0,0.0,,0,0,0,0,0,,,,,,,,,,,,,,,0.07074751458434805,,,,,,11.45,25,73081.3,73210.35,72855.2,72947.45,none,no_price_available
2026-09-03T14:15:06.380068+00:00,2026-09-03T19:45:06.380068+05:30,NIFTYNXT50,29-Sep-2026,65700.0,CE,73051.85,,0,,0,0.0,,0,0,0,0,0,,,,,,,,,,,,,,,0.07074751458434805,,,,,,11.45,25,73081.3,73210.35,72855.2,72947.45,none,no_price_available
2026-09-03T14:15:06.380068+00:00,2026-09-03T19:45:06.380068+05:30,NIFTYNXT50,29-Sep-2026,65700.0,PE,0,,0,,0,0.0,,0,0,0,0,0,,,,,,,,,,,,,,,0.07074751458434805,,,,,,11.45,25,73081.3,73210.35,72855.2,72947.45,none,no_price_available
2026-09-03T14:15:06.380068+00:00,2026-09-03T19:45:06.380068+05:30,NIFTYNXT50,29-Sep-2026,65800.0,CE,73051.85,,0,,0,0.0,,0,0,0,0,0,,,,,,,,,,,,,,,0.07074751458434805,,,,,,11.45,25,73081.3,73210.35,72855.2,72947.45,none,no_price_available
2026-09-03T14:15:06.380068+00:00,2026-09-03T19:45:06.380068+05:30,NIFTYNXT50,29-Sep-2026,65800.0,PE,0,,0,,0,0.0,,0,0,0,0,0,,,,,,,,,,,,,,,0.07074751458434805,,,,,,11.45,25,73081.3,73210.35,72855.2,72947.45,none,no_price_available
2026-09-03T14:15:06.380068+00:00,2026-09-03T19:45:06.380068+05:30,NIFTYNXT50,29-Sep-2026,65900.0,CE,73051.85,,0,,0,0.0,,0,0,0,0,0,,,,,,,,,,,,,,,0.07074751458434805,,,,,,11.45,25,73081.3,73210.35,72855.2,72947.45,none,no_price_available
2026-09-03T14:15:06.380068+00:00,2026-09-03T19:45:06.380068+05:30,NIFTYNXT50,29-Sep-2026,65900.0,PE,0,,0,,0,0.0,,0,0,0,0,0,,,,,,,,,,,,,,,0.07074751458434805,,,,,,11.45,25,73081.3,73210.35,72855.2,72947.45,none,no_price_available
2026-09-03T14:15:06.380068+00:00,2026-09-03T19:45:06.380068+05:30,NIFTYNXT50,29-Sep-2026,66000.0,CE,73051.85,,0,,0,0.0,,0,0,0,0,0,,,,,,,,,,,,,,,0.07074751458434805,,,,,,11.45,25,73081.3,73210.35,72855.2,72947.45,none,no_price_available
2026-09-03T14:15:06.380068+00:00,2026-09-03T19:45:06.380068+05:30,NIFTYNXT50,29-Sep-2026,66000.0,PE,0,,0,,0,0.0,,0,0,0,0,0,,,,,,,,,,,,,,,0.07074751458434805,,,,,,11.45,25,73081.3,73210.35,72855.2,72947.45,none,no_price_available
2026-09-03T14:15:06.380068+00:00,2026-09-03T19:45:06.380068+05:30,NIFTYNXT50,29-Sep-2026,66100.0,CE,73051.85,,0,,0,0.0,,0,0,0,0,0,,,,,,,,,,,,,,,0.07074751458434805,,,,,,11.45,25,73081.3,73210.35,72855.2,72947.45,none,no_price_available
2026-09-03T14:15:06.380068+00:00,2026-09-03T19:45:06.380068+05:30,NIFTYNXT50,29-Sep-2026,66100.0,PE,0,,0,,0,0.0,,0,0,0,0,0,,,,,,,,,,,,,,,0.07074751458434805,,,,,,11.45,25,73081.3,73210.35,72855.2,72947.45,none,no_price_available
2026-09-03T14:15:06.380068+00:00,2026-09-03T19:45:06.380068+05:30,NIFTYNXT50,29-Sep-2026,66200.0,CE,73051.85,,0,,0,0.0,,0,0,0,0,0,,,,,,,,,,,,,,,0.07074751458434805,,,,,,11.45,25,73081.3,73210.35,72855.2,72947.45,none,no_price_available
2026-09-03T14:15:06.380068+00:00,2026-09-03T19:45:06.380068+05:30,NIFTYNXT50,29-Sep-2026,66200.0,PE,0,,0,,0,0.0,,0,0,0,0,0,,,,,,,,,,,,,,,0.07074751458434805,,,,,,11.45,25,73081.3,73210.35,72855.2,72947.45,none,no_price_available
2026-09-03T14:15:06.380068+00:00,2026-09-03T19:45:06.380068+05:30,NIFTYNXT50,29-Sep-2026,66300.0,CE,73051.85,,0,,0,0.0,,0,0,0,0,0,,,,,,,,,,,,,,,0.07074751458434805,,,,,,11.45,25,73081.3,73210.35,72855.2,72947.45,none,no_price_available
2026-09-03T14:15:06.380068+00:00,2026-09-03T19:45:06.380068+05:30,NIFTYNXT50,29-Sep-2026,66300.0,PE,0,,0,,0,0.0,,0,0,0,0,0,,,,,,,,,,,,,,,0.07074751458434805,,,,,,11.45,25,73081.3,73210.35,72855.2,72947.45,none,no_price_available
2026-09-03T14:15:06.380068+00:00,2026-09-03T19:45:06.380068+05:30,NIFTYNXT50,29-Sep-2026,66400.0,CE,73051.85,,0,,0,0.0,,0,0,0,0,0,,,,,,,,,,,,,,,0.07074751458434805,,,,,,11.45,25,73081.3,73210.35,72855.2,72947.45,none,no_price_available
2026-09-03T14:15:06.380068+00:00,2026-09-03T19:45:06.380068+05:30,NIFTYNXT50,29-Sep-2026,66400.0,PE,0,,0,,0,0.0,,0,0,0,0,0,,,,,,,,,,,,,,,0.07074751458434805,,,,,,11.45,25,73081.3,73210.35,72855.2,72947.45,none,no_price_available
2026-09-03T14:15:06.380068+00:00,2026-09-03T19:45:06.380068+05:30,NIFTYNXT50,29-Sep-2026,66500.0,CE,73051.85,,0,,0,0.0,,0,0,0,0,0,,,,,,,,,,,,,,,0.07074751458434805,,,,,,11.45,25,73081.3,73210.35,72855.2,72947.45,none,no_price_available
2026-09-03T14:15:06.380068+00:00,2026-09-03T19:45:06.380068+05:30,NIFTYNXT50,29-Sep-2026,66500.0,PE,0,,0,,0,0.0,,0,0,0,0,0,,,,,,,,,,,,,,,0.07074751458434805,,,,,,11.45,25,73081.3,73210.35,72855.2,72947.45,none,no_price_available
2026-09-03T14:15:06.380068+00:00,2026-09-03T19:45:06.380068+05:30,NIFTYNXT50,29-Sep-2026,66600.0,CE,73051.85,,0,,0,0.0,,0,0,0,0,0,,,,,,,,,,,,,,,0.07074751458434805,,,,,,11.45,25,73081.3,73210.35,72855.2,72947.45,none,no_price_available
2026-09-03T14:15:06.380068+00:00,2026-09-03T19:45:06.380068+05:30,NIFTYNXT50,29-Sep-2026,66600.0,PE,0,,0,,0,0.0,,0,0,0,0,0,,,,,,,,,,,,,,,0.07074751458434805,,,,,,11.45,25,73081.3,73210.35,72855.2,72947.45,none,no_price_available
2026-09-03T14:15:06.380068+00:00,2026-09-03T19:45:06.380068+05:30,NIFTYNXT50,29-Sep-2026,66700.0,CE,73051.85,,0,,0,0.0,,0,0,0,0,0,,,,,,,,,,,,,,,0.07074751458434805,,,,,,11.45,25,73081.3,73210.35,72855.2,72947.45,none,no_price_available
2026-09-03T14:15:06.380068+00:00,2026-09-03T19:45:06.380068+05:30,NIFTYNXT50,29-Sep-2026,66700.0,PE,0,,0,,0,0.0,,0,0,0,0,0,,,,,,,,,,,,,,,0.07074751458434805,,,,,,11.45,25,73081.3,73210.35,72855.2,72947.45,none,no_price_available
2026-09-03T14:15:06.380068+00:00,2026-09-03T19:45:06.380068+05:30,NIFTYNXT50,29-Sep-2026,66800.0,CE,73051.85,,0,,0,0.0,,0,0,0,0,0,,,,,,,,,,,,,,,0.07074751458434805,,,,,,11.45,25,73081.3,73210.35,72855.2,72947.45,none,no_price_available
2026-09-03T14:15:06.380068+00:00,2026-09-03T19:45:06.380068+05:30,NIFTYNXT50,29-Sep-2026,66800.0,PE,0,,0,,0,0.0,,0,0,0,0,0,,,,,,,,,,,,,,,0.07074751458434805,,,,,,11.45,25,73081.3,73210.35,72855.2,72947.45,none,no_price_available
2026-09-03T14:15:06.380068+00:00,2026-09-03T19:45:06.380068+05:30,NIFTYNXT50,29-Sep-2026,66900.0,CE,73051.85,,0,,0,0.0,,0,0,0,0,0,,,,,,,,,,,,,,,0.07074751458434805,,,,,,11.45,25,73081.3,73210.35,72855.2,72947.45,none,no_price_available
2026-09-03T14:15:06.380068+00:00,2026-09-03T19:45:06.380068+05:30,NIFTYNXT50,29-Sep-2026,66900.0,PE,0,,0,,0,0.0,,0,0,0,0,0,,,,,,,,,,,,,,,0.07074751458434805,,,,,,11.45,25,73081.3,73210.35,72855.2,72947.45,none,no_price_available
2026-09-03T14:15:06.380068+00:00,2026-09-03T19:45:06.380068+05:30,NIFTYNXT50,29-Sep-2026,67000.0,CE,73051.85,,0,,0,0.0,,0,0,0,0,0,,,,,,,,,,,,,,,0.07074751458434805,,,,,,11.45,25,73081.3,73210.35,72855.2,72947.45,none,no_price_available
2026-09-03T14:15:06.380068+00:00,2026-09-03T19:45:06.380068+05:30,NIFTYNXT50,29-Sep-2026,67000.0,PE,0,,0,,0,0.0,,0,0,0,0,0,,,,,,,,,,,,,,,0.07074751458434805,,,,,,11.45,25,73081.3,73210.35,72855.2,72947.45,none,no_price_available
2026-09-03T14:15:06.380068+00:00,2026-09-03T19:45:06.380068+05:30,NIFTYNXT50,29-Sep-2026,67100.0,CE,73051.85,,0,,0,0.0,,0,0,0,0,0,,,,,,,,,,,,,,,0.07074751458434805,,,,,,11.45,25,73081.3,73210.35,72855.2,72947.45,none,no_price_available
2026-09-03T14:15:06.380068+00:00,2026-09-03T19:45:06.380068+05:30,NIFTYNXT50,29-Sep-2026,67100.0,PE,0,,0,,0,0.0,,0,0,0,0,0,,,,,,,,,,,,,,,0.07074751458434805,,,,,,11.45,25,73081.3,73210.35,72855.2,72947.45,none,no_price_available
2026-09-03T14:15:06.380068+00:00,2026-09-03T19:45:06.380068+05:30,NIFTYNXT50,29-Sep-2026,67200.0,CE,73051.85,,0,,0,0.0,,0,0,0,0,0,,,,,,,,,,,,,,,0.07074751458434805,,,,,,11.45,25,73081.3,73210.35,72855.2,72947.45,none,no_price_available
2026-09-03T14:15:06.380068+00:00,2026-09-03T19:45:06.380068+05:30,NIFTYNXT50,29-Sep-2026,67200.0,PE,0,,0,,0,0.0,,0,0,0,0,0,,,,,,,,,,,,,,,0.07074751458434805,,,,,,11.45,25,73081.3,73210.35,72855.2,72947.45,none,no_price_available
2026-09-03T14:15:06.380068+00:00,2026-09-03T19:45:06.380068+05:30,NIFTYNXT50,29-Sep-2026,67300.0,CE,73051.85,,0,,0,0.0,,0,0,0,0,0,,,,,,,,,,,,,,,0.07074751458434805,,,,,,11.45,25,73081.3,73210.35,72855.2,72947.45,none,no_price_available
2026-09-03T14:15:06.380068+00:00,2026-09-03T19:45:06.380068+05:30,NIFTYNXT50,29-Sep-2026,67300.0,PE,0,,0,,0,0.0,,0,0,0,0,0,,,,,,,,,,,,,,,0.07074751458434805,,,,,,11.45,25,73081.3,73210.35,72855.2,72947.45,none,no_price_available
2026-09-03T14:15:06.380068+00:00,2026-09-03T19:45:06.380068+05:30,NIFTYNXT50,29-Sep-2026,67400.0,CE,73051.85,,0,,0,0.0,,0,0,0,0,0,,,,,,,,,,,,,,,0.07074751458434805,,,,,,11.45,25,73081.3,73210.35,72855.2,72947.45,none,no_price_available
2026-09-03T14:15:06.380068+00:00,2026-09-03T19:45:06.380068+05:30,NIFTYNXT50,29-Sep-2026,67400.0,PE,0,,0,,0,0.0,,0,0,0,0,0,,,,,,,,,,,,,,,0.07074751458434805,,,,,,11.45,25,73081.3,73210.35,72855.2,72947.45,none,no_price_available
2026-09-03T14:15:06.380068+00:00,2026-09-03T19:45:06.380068+05:30,NIFTYNXT50,29-Sep-2026,67500.0,CE,73051.85,,0,,0,0.0,,0,0,0,0,0,,,,,,,,,,,,,,,0.07074751458434805,,,,,,11.45,25,73081.3,73210.35,72855.2,72947.45,none,no_price_available
2026-09-03T14:15:06.380068+00:00,2026-09-03T19:45:06.380068+05:30,NIFTYNXT50,29-Sep-2026,67500.0,PE,0,,0,,0,0.0,,0,0,0,0,0,,,,,,,,,,,,,,,0.07074751458434805,,,,,,11.45,25,73081.3,73210.35,72855.2,72947.45,none,no_price_available
2026-09-03T14:15:06.380068+00:00,2026-09-03T19:45:06.380068+05:30,NIFTYNXT50,29-Sep-2026,67600.0,CE,73051.85,,0,,0,0.0,,0,0,0,0,0,,,,,,,,,,,,,,,0.07074751458434805,,,,,,11.45,25,73081.3,73210.35,72855.2,72947.45,none,no_price_available
2026-09-03T14:15:06.380068+00:00,2026-09-03T19:45:06.380068+05:30,NIFTYNXT50,29-Sep-2026,67600.0,PE,0,,0,,0,0.0,,0,0,0,0,0,,,,,,,,,,,,,,,0.07074751458434805,,,,,,11.45,25,73081.3,73210.35,72855.2,72947.45,none,no_price_available
2026-09-03T14:15:06.380068+00:00,2026-09-03T19:45:06.380068+05:30,NIFTYNXT50,29-Sep-2026,67700.0,CE,73051.85,3764.9,50,7697.9,50,0.0,5731.4,0,0,0,0,0,,,,,,,,,,,,,,,0.07074751458434805,73151,0.019171485031428796,0.009899999999999999,index_dividend_yield,0.065,11.45,25,73081.3,73210.35,72855.2,72947.45,mid_price,no_nse_iv
2026-09-03T14:15:06.380068+00:00,2026-09-03T19:45:06.380068+05:30,NIFTYNXT50,29-Sep-2026,67700.0,PE,0,,0,,0,0.0,,0,0,0,0,0,,,,,,,,,,,,,,,0.07074751458434805,,,,,,11.45,25,73081.3,73210.35,72855.2,72947.45,none,no_price_available
2026-09-03T14:15:06.380068+00:00,2026-09-03T19:45:06.380068+05:30,NIFTYNXT50,29-Sep-2026,67800.0,CE,73051.85,4388.4,25,6600.05,25,0.0,5494.225,0,0,0,0,0,,,,,,,,,,,,,,,0.07074751458434805,73151,0.019171485031428796,0.009899999999999999,index_dividend_yield,0.065,11.45,25,73081.3,73210.35,72855.2,72947.45,mid_price,no_nse_iv
2026-09-03T14:15:06.380068+00:00,2026-09-03T19:45:06.380068+05:30,NIFTYNXT50,29-Sep-2026,67800.0,PE,0,,0,,0,0.0,,0,0,0,0,0,,,,,,,,,,,,,,,0.07074751458434805,,,,,,11.45,25,73081.3,73210.35,72855.2,72947.45,none,no_price_available
2026-09-03T14:15:06.380068+00:00,2026-09-03T19:45:06.380068+05:30,NIFTYNXT50,29-Sep-2026,67900.0,CE,73051.85,4501.5,25,7716.95,50,0.0,6109.225,0,0,0,0,0,,,,,,,,,,,,,,,0.07074751458434805,73151,0.019171485031428796,0.009899999999999999,index_dividend_yield,0.065,11.45,25,73081.3,73210.35,72855.2,72947.45,mid_price,no_nse_iv
2026-09-03T14:15:06.380068+00:00,2026-09-03T19:45:06.380068+05:30,NIFTYNXT50,29-Sep-2026,67900.0,PE,0,,0,,0,0.0,,0,0,0,0,0,,,,,,,,,,,,,,,0.07074751458434805,,,,,,11.45,25,73081.3,73210.35,72855.2,72947.45,none,no_price_available
2026-09-03T14:15:06.380068+00:00,2026-09-03T19:45:06.380068+05:30,NIFTYNXT50,29-Sep-2026,68000.0,CE,73051.85,4414.7,25,7617.35,50,0.0,6016.025,0,0,0,0,0,,,,,,,,,,,,,,,0.07074751458434805,73151,0.019171485031428796,0.009899999999999999,index_dividend_yield,0.065,11.45,25,73081.3,73210.35,72855.2,72947.45,mid_price,no_nse_iv
2026-09-03T14:15:06.380068+00:00,2026-09-03T19:45:06.380068+05:30,NIFTYNXT50,29-Sep-2026,68000.0,PE,0,,0,,0,0.0,,0,0,0,0,0,,,,,,,,,,,,,,,0.07074751458434805,,,,,,11.45,25,73081.3,73210.35,72855.2,72947.45,none,no_price_available
2026-09-03T14:15:06.380068+00:00,2026-09-03T19:45:06.380068+05:30,NIFTYNXT50,29-Sep-2026,68100.0,CE,73051.85,4326.8,25,7517.55,50,0.0,5922.175,0,0,0,0,0,,,,,,,,,,,,,,,0.07074751458434805,73151,0.019171485031428796,0.009899999999999999,index_dividend_yield,0.065,11.45,25,73081.3,73210.35,72855.2,72947.45,mid_price,no_nse_iv
2026-09-03T14:15:06.380068+00:00,2026-09-03T19:45:06.380068+05:30,NIFTYNXT50,29-Sep-2026,68100.0,PE,0,,0,,0,0.0,,0,0,0,0,0,,,,,,,,,,,,,,,0.07074751458434805,,,,,,11.45,25,73081.3,73210.35,72855.2,72947.45,none,no_price_available
2026-09-03T14:15:06.380068+00:00,2026-09-03T19:45:06.380068+05:30,NIFTYNXT50,29-Sep-2026,68200.0,CE,73051.85,4239.85,25,6435.9,25,0.0,5337.875,0,0,0,0,0,,,,,,,,,,,,,,,0.07074751458434805,73151,0.019171485031428796,0.009899999999999999,index_dividend_yield,0.065,11.45,25,73081.3,73210.35,72855.2,72947.45,mid_price,no_nse_iv
2026-09-03T14:15:06.380068+00:00,2026-09-03T19:45:06.380068+05:30,NIFTYNXT50,29-Sep-2026,68200.0,PE,0,,0,,0,0.0,,0,0,0,0,0,,,,,,,,,,,,,,,0.07074751458434805,,,,,,11.45,25,73081.3,73210.35,72855.2,72947.45,none,no_price_available
2026-09-03T14:15:06.380068+00:00,2026-09-03T19:45:06.380068+05:30,NIFTYNXT50,29-Sep-2026,68300.0,CE,73051.85,4152,25,6413.7,25,0.0,5282.85,0,0,0,0,0,,,,,,,,,,,,,,,0.07074751458434805,73151,0.019171485031428796,0.009899999999999999,index_dividend_yield,0.065,11.45,25,73081.3,73210.35,72855.2,72947.45,mid_price,no_nse_iv
2026-09-03T14:15:06.380068+00:00,2026-09-03T19:45:06.380068+05:30,NIFTYNXT50,29-Sep-2026,68300.0,PE,0,,0,,0,0.0,,0,0,0,0,0,,,,,,,,,,,,,,,0.07074751458434805,,,,,,11.45,25,73081.3,73210.35,72855.2,72947.45,none,no_price_available
2026-09-03T14:15:06.380068+00:00,2026-09-03T19:45:06.380068+05:30,NIFTYNXT50,29-Sep-2026,68400.0,CE,73051.85,4065.05,25,6219.1,25,0.0,5142.075000000001,0,0,0,0,0,,,,,,,,,,,,,,,0.07074751458434805,73151,0.019171485031428796,0.009899999999999999,index_dividend_yield,0.065,11.45,25,73081.3,73210.35,72855.2,72947.45,mid_price,no_nse_iv
2026-09-03T14:15:06.380068+00:00,2026-09-03T19:45:06.380068+05:30,NIFTYNXT50,29-Sep-2026,68400.0,PE,0,,0,,0,0.0,,0,0,0,0,0,,,,,,,,,,,,,,,0.07074751458434805,,,,,,11.45,25,73081.3,73210.35,72855.2,72947.45,none,no_price_available
2026-09-03T14:15:06.380068+00:00,2026-09-03T19:45:06.380068+05:30,NIFTYNXT50,29-Sep-2026,68500.0,CE,73051.85,3977.4,25,6113.5,25,0.0,5045.45,0,0,0,0,0,,,,,,,,,,,,,,,0.07074751458434805,73151,0.019171485031428796,0.009899999999999999,index_dividend_yield,0.065,11.45,25,73081.3,73210.35,72855.2,72947.45,mid_price,no_nse_iv
2026-09-03T14:15:06.380068+00:00,2026-09-03T19:45:06.380068+05:30,NIFTYNXT50,29-Sep-2026,68500.0,PE,0,,0,,0,0.0,,0,0,0,0,0,,,,,,,,,,,,,,,0.07074751458434805,,,,,,11.45,25,73081.3,73210.35,72855.2,72947.45,none,no_price_available
2026-09-03T14:15:06.380068+00:00,2026-09-03T19:45:06.380068+05:30,NIFTYNXT50,29-Sep-2026,68600.0,CE,73051.85,3890,25,6008.95,25,0.0,4949.475,0,0,0,0,0,,,,,,,,,,,,,,,0.07074751458434805,73151,0.019171485031428796,0.009899999999999999,index_dividend_yield,0.065,11.45,25,73081.3,73210.35,72855.2,72947.45,mid_price,no_nse_iv
2026-09-03T14:15:06.380068+00:00,2026-09-03T19:45:06.380068+05:30,NIFTYNXT50,29-Sep-2026,68600.0,PE,0,,0,,0,0.0,,0,0,0,0,0,,,,,,,,,,,,,,,0.07074751458434805,,,,,,11.45,25,73081.3,73210.35,72855.2,72947.45,none,no_price_available
2026-09-03T14:15:06.380068+00:00,2026-09-03T19:45:06.380068+05:30,NIFTYNXT50,29-Sep-2026,68700.0,CE,73051.85,3802.75,25,5977.15,25,0.0,4889.95,0,0,0,0,0,,,,,,,,,,,,,,,0.07074751458434805,73151,0.019171485031428796,0.009899999999999999,index_dividend_yield,0.065,11.45,25,73081.3,73210.35,72855.2,72947.45,mid_price,no_nse_iv
2026-09-03T14:15:06.380068+00:00,2026-09-03T19:45:06.380068+05:30,NIFTYNXT50,29-Sep-2026,68700.0,PE,0,,0,,0,0.0,,0,0,0,0,0,,,,,,,,,,,,,,,0.07074751458434805,,,,,,11.45,25,73081.3,73210.35,72855.2,72947.45,none,no_price_available
2026-09-03T14:15:06.380068+00:00,2026-09-03T19:45:06.380068+05:30,NIFTYNXT50,29-Sep-2026,68800.0,CE,73051.85,3715,25,5870.45,25,0.0,4792.725,0,0,0,0,0,,,,,,,,,,,,,,,0.07074751458434805,73151,0.019171485031428796,0.009899999999999999,index_dividend_yield,0.065,11.45,25,73081.3,73210.35,72855.2,72947.45,mid_price,no_nse_iv
2026-09-03T14:15:06.380068+00:00,2026-09-03T19:45:06.380068+05:30,NIFTYNXT50,29-Sep-2026,68800.0,PE,0,,0,,0,0.0,,0,0,0,0,0,,,,,,,,,,,,,,,0.07074751458434805,,,,,,11.45,25,73081.3,73210.35,72855.2,72947.45,none,no_price_available
2026-09-03T14:15:06.380068+00:00,2026-09-03T19:45:06.380068+05:30,NIFTYNXT50,29-Sep-2026,68900.0,CE,73051.85,3628.1,25,5763.8,25,0.0,4695.95,0,0,0,0,0,,,,,,,,,,,,,,,0.07074751458434805,73151,0.019171485031428796,0.009899999999999999,index_dividend_yield,0.065,11.45,25,73081.3,73210.35,72855.2,72947.45,mid_price,no_nse_iv
2026-09-03T14:15:06.380068+00:00,2026-09-03T19:45:06.380068+05:30,NIFTYNXT50,29-Sep-2026,68900.0,PE,0,,0,,0,0.0,,0,0,0,0,0,,,,,,,,,,,,,,,0.07074751458434805,,,,,,11.45,25,73081.3,73210.35,72855.2,72947.45,none,no_price_available
2026-09-03T14:15:06.380068+00:00,2026-09-03T19:45:06.380068+05:30,NIFTYNXT50,29-Sep-2026,69000.0,CE,73051.85,3540.55,25,5657.1,25,0.0,4598.825000000001,0,0,0,0,0,,,,,,,,,,,,,,,0.07074751458434805,73151,0.019171485031428796,0.009899999999999999,index_dividend_yield,0.065,11.45,25,73081.3,73210.35,72855.2,72947.45,mid_price,no_nse_iv
2026-09-03T14:15:06.380068+00:00,2026-09-03T19:45:06.380068+05:30,NIFTYNXT50,29-Sep-2026,69000.0,PE,0,,0,,0,0.0,,0,0,0,0,0,,,,,,,,,,,,,,,0.07074751458434805,,,,,,11.45,25,73081.3,73210.35,72855.2,72947.45,none,no_price_available
2026-09-03T14:15:06.380068+00:00,2026-09-03T19:45:06.380068+05:30,NIFTYNXT50,29-Sep-2026,69100.0,CE,73051.85,3452.8,25,5550.45,25,0.0,4501.625,0,0,0,0,0,,,,,,,,,,,,,,,0.07074751458434805,73151,0.019171485031428796,0.009899999999999999,index_dividend_yield,0.065,11.45,25,73081.3,73210.35,72855.2,72947.45,mid_price,no_nse_iv
2026-09-03T14:15:06.380068+00:00,2026-09-03T19:45:06.380068+05:30,NIFTYNXT50,29-Sep-2026,69100.0,PE,0,,0,,0,0.0,,0,0,0,0,0,,,,,,,,,,,,,,,0.07074751458434805,,,,,,11.45,25,73081.3,73210.35,72855.2,72947.45,none,no_price_available
2026-09-03T14:15:06.380068+00:00,2026-09-03T19:45:06.380068+05:30,NIFTYNXT50,29-Sep-2026,69200.0,CE,73051.85,3365.9,25,5443.75,25,0.0,4404.825,0,0,0,0,0,,,,,,,,,,,,,,,0.07074751458434805,73151,0.019171485031428796,0.009899999999999999,index_dividend_yield,0.065,11.45,25,73081.3,73210.35,72855.2,72947.45,mid_price,no_nse_iv
2026-09-03T14:15:06.380068+00:00,2026-09-03T19:45:06.380068+05:30,NIFTYNXT50,29-Sep-2026,69200.0,PE,0,,0,,0,0.0,,0,0,0,0,0,,,,,,,,,,,,,,,0.07074751458434805,,,,,,11.45,25,73081.3,73210.35,72855.2,72947.45,none,no_price_available
2026-09-03T14:15:06.380068+00:00,2026-09-03T19:45:06.380068+05:30,NIFTYNXT50,29-Sep-2026,69300.0,CE,73051.85,3278,25,5337.05,25,0.0,4307.525,0,0,0,0,0,,,,,,,,,,,,,,,0.07074751458434805,73151,0.019171485031428796,0.009899999999999999,index_dividend_yield,0.065,11.45,25,73081.3,73210.35,72855.2,72947.45,mid_price,no_nse_iv
2026-09-03T14:15:06.380068+00:00,2026-09-03T19:45:06.380068+05:30,NIFTYNXT50,29-Sep-2026,69300.0,PE,0,,0,,0,0.0,,0,0,0,0,0,,,,,,,,,,,,,,,0.07074751458434805,,,,,,11.45,25,73081.3,73210.35,72855.2,72947.45,none,no_price_available
2026-09-03T14:15:06.380068+00:00,2026-09-03T19:45:06.380068+05:30,NIFTYNXT50,29-Sep-2026,69400.0,CE,73051.85,3191.2,25,5230.4,25,0.0,4210.799999999999,0,0,0,0,0,,,,,,,,,,,,,,,0.07074751458434805,73151,0.019171485031428796,0.009899999999999999,index_dividend_yield,0.065,11.45,25,73081.3,73210.35,72855.2,72947.45,mid_price,no_nse_iv
2026-09-03T14:15:06.380068+00:00,2026-09-03T19:45:06.380068+05:30,NIFTYNXT50,29-Sep-2026,69400.0,PE,0,,0,,0,0.0,,0,0,0,0,0,,,,,,,,,,,,,,,0.07074751458434805,,,,,,11.45,25,73081.3,73210.35,72855.2,72947.45,none,no_price_available
2026-09-03T14:15:06.380068+00:00,2026-09-03T19:45:06.380068+05:30,NIFTYNXT50,29-Sep-2026,69500.0,CE,73051.85,3103.1,25,5123.7,25,0.0,4113.4,0,0,0,0,0,,,,,,,,,,,,,,,0.07074751458434805,73151,0.019171485031428796,0.009899999999999999,index_dividend_yield,0.065,11.45,25,73081.3,73210.35,72855.2,72947.45,mid_price,no_nse_iv
2026-09-03T14:15:06.380068+00:00,2026-09-03T19:45:06.380068+05:30,NIFTYNXT50,29-Sep-2026,69500.0,PE,0,,0,,0,0.0,,0,0,0,0,0,,,,,,,,,,,,,,,0.07074751458434805,,,,,,11.45,25,73081.3,73210.35,72855.2,72947.45,none,no_price_available
2026-09-03T14:15:06.380068+00:00,2026-09-03T19:45:06.380068+05:30,NIFTYNXT50,29-Sep-2026,69600.0,CE,73051.85,3016.3,25,5017.25,25,0.0,4016.775,0,0,0,0,0,,,,,,,,,,,,,,,0.07074751458434805,73151,0.019171485031428796,0.009899999999999999,index_dividend_yield,0.065,11.45,25,73081.3,73210.35,72855.2,72947.45,mid_price,no_nse_iv
2026-09-03T14:15:06.380068+00:00,2026-09-03T19:45:06.380068+05:30,NIFTYNXT50,29-Sep-2026,69600.0,PE,0,,0,,0,0.0,,0,0,0,0,0,,,,,,,,,,,,,,,0.07074751458434805,,,,,,11.45,25,73081.3,73210.35,72855.2,72947.45,none,no_price_available
2026-09-03T14:15:06.380068+00:00,2026-09-03T19:45:06.380068+05:30,NIFTYNXT50,29-Sep-2026,69700.0,CE,73051.85,2928.9,25,4912.25,25,0.0,3920.575,0,0,0,0,0,,,,,,,,,,,,,,,0.07074751458434805,73151,0.019171485031428796,0.009899999999999999,index_dividend_yield,0.065,11.45,25,73081.3,73210.35,72855.2,72947.45,mid_price,no_nse_iv
2026-09-03T14:15:06.380068+00:00,2026-09-03T19:45:06.380068+05:30,NIFTYNXT50,29-Sep-2026,69700.0,PE,0,,0,,0,0.0,,0,0,0,0,0,,,,,,,,,,,,,,,0.07074751458434805,,,,,,11.45,25,73081.3,73210.35,72855.2,72947.45,none,no_price_available
2026-09-03T14:15:06.380068+00:00,2026-09-03T19:45:06.380068+05:30,NIFTYNXT50,29-Sep-2026,69800.0,CE,73051.85,2841,25,4807.25,25,0.0,3824.125,0,0,0,0,0,,,,,,,,,,,,,,,0.07074751458434805,73151,0.019171485031428796,0.009899999999999999,index_dividend_yield,0.065,11.45,25,73081.3,73210.35,72855.2,72947.45,mid_price,no_nse_iv
2026-09-03T14:15:06.380068+00:00,2026-09-03T19:45:06.380068+05:30,NIFTYNXT50,29-Sep-2026,69800.0,PE,0,,0,,0,0.0,,0,0,0,0,0,,,,,,,,,,,,,,,0.07074751458434805,,,,,,11.45,25,73081.3,73210.35,72855.2,72947.45,none,no_price_available
2026-09-03T14:15:06.380068+00:00,2026-09-03T19:45:06.380068+05:30,NIFTYNXT50,29-Sep-2026,69900.0,CE,73051.85,2753.6,25,4702.25,25,0.0,3727.925,0,0,0,0,0,,,,,,,,,,,,,,,0.07074751458434805,73151,0.019171485031428796,0.009899999999999999,index_dividend_yield,0.065,11.45,25,73081.3,73210.35,72855.2,72947.45,mid_price,no_nse_iv
2026-09-03T14:15:06.380068+00:00,2026-09-03T19:45:06.380068+05:30,NIFTYNXT50,29-Sep-2026,69900.0,PE,0,,0,,0,0.0,,0,0,0,0,0,,,,,,,,,,,,,,,0.07074751458434805,,,,,,11.45,25,73081.3,73210.35,72855.2,72947.45,none,no_price_available
2026-09-03T14:15:06.380068+00:00,2026-09-03T19:45:06.380068+05:30,NIFTYNXT50,29-Sep-2026,70000.0,CE,73051.85,2666.1,25,4597.25,25,0.0,3631.675,0,0,0,0,0,,,,,,,,,,,,,,,0.07074751458434805,73151,0.019171485031428796,0.009899999999999999,index_dividend_yield,0.065,11.45,25,73081.3,73210.35,72855.2,72947.45,mid_price,no_nse_iv
2026-09-03T14:15:06.380068+00:00,2026-09-03T19:45:06.380068+05:30,NIFTYNXT50,29-Sep-2026,70000.0,PE,73051.85,0.55,50,630,25,0.0,315.275,0,0,0,0,0,,,,,,,,,,,,,,,0.07074751458434805,73151,0.019171485031428796,0.009899999999999999,index_dividend_yield,0.065,11.45,25,73081.3,73210.35,72855.2,72947.45,mid_price,no_nse_iv
2026-09-03T14:15:06.380068+00:00,2026-09-03T19:45:06.380068+05:30,NIFTYNXT50,29-Sep-2026,70100.0,CE,73051.85,2578.7,25,4492.25,25,0.0,3535.475,0,0,0,0,0,,,,,,,,,,,,,,,0.07074751458434805,73151,0.019171485031428796,0.009899999999999999,index_dividend_yield,0.065,11.45,25,73081.3,73210.35,72855.2,72947.45,mid_price,no_nse_iv
2026-09-03T14:15:06.380068+00:00,2026-09-03T19:45:06.380068+05:30,NIFTYNXT50,29-Sep-2026,70100.0,PE,0,,0,,0,0.0,,0,0,0,0,0,,,,,,,,,,,,,,,0.07074751458434805,,,,,,11.45,25,73081.3,73210.35,72855.2,72947.45,none,no_price_available
2026-09-03T14:15:06.380068+00:00,2026-09-03T19:45:06.380068+05:30,NIFTYNXT50,29-Sep-2026,70200.0,CE,73051.85,2491.75,25,4387.25,25,0.0,3439.5,0,0,0,0,0,,,,,,,,,,,,,,,0.07074751458434805,73151,0.019171485031428796,0.009899999999999999,index_dividend_yield,0.065,11.45,25,73081.3,73210.35,72855.2,72947.45,mid_price,no_nse_iv
2026-09-03T14:15:06.380068+00:00,2026-09-03T19:45:06.380068+05:30,NIFTYNXT50,29-Sep-2026,70200.0,PE,0,,0,,0,0.0,,0,0,0,0,0,,,,,,,,,,,,,,,0.07074751458434805,,,,,,11.45,25,73081.3,73210.35,72855.2,72947.45,none,no_price_available
2026-09-03T14:15:06.380068+00:00,2026-09-03T19:45:06.380068+05:30,NIFTYNXT50,29-Sep-2026,70300.0,CE,73051.85,2404,25,4282.25,25,0.0,3343.125,0,0,0,0,0,,,,,,,,,,,,,,,0.07074751458434805,73151,0.019171485031428796,0.009899999999999999,index_dividend_yield,0.065,11.45,25,73081.3,73210.35,72855.2,72947.45,mid_price,no_nse_iv
2026-09-03T14:15:06.380068+00:00,2026-09-03T19:45:06.380068+05:30,NIFTYNXT50,29-Sep-2026,70300.0,PE,0,,0,,0,0.0,,0,0,0,0,0,,,,,,,,,,,,,,,0.07074751458434805,,,,,,11.45,25,73081.3,73210.35,72855.2,72947.45,none,no_price_available
2026-09-03T14:15:06.380068+00:00,2026-09-03T19:45:06.380068+05:30,NIFTYNXT50,29-Sep-2026,70400.0,CE,73051.85,2316.5,25,4177.25,25,0.0,3246.875,0,0,0,0,0,,,,,,,,,,,,,,,0.07074751458434805,73151,0.019171485031428796,0.009899999999999999,index_dividend_yield,0.065,11.45,25,73081.3,73210.35,72855.2,72947.45,mid_price,no_nse_iv
2026-09-03T14:15:06.380068+00:00,2026-09-03T19:45:06.380068+05:30,NIFTYNXT50,29-Sep-2026,70400.0,PE,0,,0,,0,0.0,,0,0,0,0,0,,,,,,,,,,,,,,,0.07074751458434805,,,,,,11.45,25,73081.3,73210.35,72855.2,72947.45,none,no_price_available
2026-09-03T14:15:06.380068+00:00,2026-09-03T19:45:06.380068+05:30,NIFTYNXT50,29-Sep-2026,70500.0,CE,73051.85,2229.2,25,4072.25,25,0.0,3150.725,0,0,0,0,0,,,,,,,,,,,,,,,0.07074751458434805,73151,0.019171485031428796,0.009899999999999999,index_dividend_yield,0.065,11.45,25,73081.3,73210.35,72855.2,72947.45,mid_price,no_nse_iv
2026-09-03T14:15:06.380068+00:00,2026-09-03T19:45:06.380068+05:30,NIFTYNXT50,29-Sep-2026,70500.0,PE,0,,0,,0,0.0,,0,0,0,0,0,,,,,,,,,,,,,,,0.07074751458434805,,,,,,11.45,25,73081.3,73210.35,72855.2,72947.45,none,no_price_available
2026-09-03T14:15:06.380068+00:00,2026-09-03T19:45:06.380068+05:30,NIFTYNXT50,29-Sep-2026,70600.0,CE,73051.85,2144.6,25,3967.15,25,0.0,3055.875,0,0,0,0,0,,,,,,,,,,,,,,,0.07074751458434805,73151,0.019171485031428796,0.009899999999999999,index_dividend_yield,0.065,11.45,25,73081.3,73210.35,72855.2,72947.45,mid_price,no_nse_iv
2026-09-03T14:15:06.380068+00:00,2026-09-03T19:45:06.380068+05:30,NIFTYNXT50,29-Sep-2026,70600.0,PE,0,,0,,0,0.0,,0,0,0,0,0,,,,,,,,,,,,,,,0.07074751458434805,,,,,,11.45,25,73081.3,73210.35,72855.2,72947.45,none,no_price_available
2026-09-03T14:15:06.380068+00:00,2026-09-03T19:45:06.380068+05:30,NIFTYNXT50,29-Sep-2026,70700.0,CE,73051.85,2095.3,25,3862.25,25,0.0,2978.775,0,0,0,0,0,,,,,,,,,,,,,,,0.07074751458434805,73151,0.019171485031428796,0.009899999999999999,index_dividend_yield,0.065,11.45,25,73081.3,73210.35,72855.2,72947.45,mid_price,no_nse_iv
2026-09-03T14:15:06.380068+00:00,2026-09-03T19:45:06.380068+05:30,NIFTYNXT50,29-Sep-2026,70700.0,PE,0,,0,,0,0.0,,0,0,0,0,0,,,,,,,,,,,,,,,0.07074751458434805,,,,,,11.45,25,73081.3,73210.35,72855.2,72947.45,none,no_price_available
2026-09-03T14:15:06.380068+00:00,2026-09-03T19:45:06.380068+05:30,NIFTYNXT50,29-Sep-2026,70800.0,CE,73051.85,2048.65,25,3757.25,25,0.0,2902.95,0,0,0,0,0,,,,,,,,,,,,,,,0.07074751458434805,73151,0.019171485031428796,0.009899999999999999,index_dividend_yield,0.065,11.45,25,73081.3,73210.35,72855.2,72947.45,mid_price,no_nse_iv
2026-09-03T14:15:06.380068+00:00,2026-09-03T19:45:06.380068+05:30,NIFTYNXT50,29-Sep-2026,70800.0,PE,73051.85,53.3,50,899.65,50,0.0,476.47499999999997,0,0,0,0,0,,,,,,,,,,,,,,,0.07074751458434805,73151,0.019171485031428796,0.009899999999999999,index_dividend_yield,0.065,11.45,25,73081.3,73210.35,72855.2,72947.45,mid_price,no_nse_iv
2026-09-03T14:15:06.380068+00:00,2026-09-03T19:45:06.380068+05:30,NIFTYNXT50,29-Sep-2026,70900.0,CE,73051.85,2002.65,25,3652.15,25,0.0,2827.4,0,0,0,0,0,,,,,,,,,,,,,,,0.07074751458434805,73151,0.019171485031428796,0.009899999999999999,index_dividend_yield,0.065,11.45,25,73081.3,73210.35,72855.2,72947.45,mid_price,no_nse_iv
2026-09-03T14:15:06.380068+00:00,2026-09-03T19:45:06.380068+05:30,NIFTYNXT50,29-Sep-2026,70900.0,PE,73051.85,62.15,50,899.7,50,0.0,480.925,0,0,0,0,0,,,,,,,,,,,,,,,0.07074751458434805,73151,0.019171485031428796,0.009899999999999999,index_dividend_yield,0.065,11.45,25,73081.3,73210.35,72855.2,72947.45,mid_price,no_nse_iv
2026-09-03T14:15:06.380068+00:00,2026-09-03T19:45:06.380068+05:30,NIFTYNXT50,29-Sep-2026,71000.0,CE,73051.85,1280.75,25,3583.9,25,0.0,2432.325,0,0,0,0,0,,,,,,,,,,,,,,,0.07074751458434805,73151,0.019171485031428796,0.009899999999999999,index_dividend_yield,0.065,11.45,25,73081.3,73210.35,72855.2,72947.45,mid_price,no_nse_iv
2026-09-03T14:15:06.380068+00:00,2026-09-03T19:45:06.380068+05:30,NIFTYNXT50,29-Sep-2026,71000.0,PE,73051.85,71.95,50,720,25,0.0,395.975,0,0,0,0,0,,,,,,,,,,,,,,,0.07074751458434805,73151,0.019171485031428796,0.009899999999999999,index_dividend_yield,0.065,11.45,25,73081.3,73210.35,72855.2,72947.45,mid_price,no_nse_iv
2026-09-03T14:15:06.380068+00:00,2026-09-03T19:45:06.380068+05:30,NIFTYNXT50,29-Sep-2026,71100.0,CE,73051.85,1231.75,25,3478.9,25,0.0,2355.325,0,0,0,0,0,,,,,,,,,,,,,,,0.07074751458434805,73151,0.019171485031428796,0.009899999999999999,index_dividend_yield,0.065,11.45,25,73081.3,73210.35,72855.2,72947.45,mid_price,no_nse_iv
2026-09-03T14:15:06.380068+00:00,2026-09-03T19:45:06.380068+05:30,NIFTYNXT50,29-Sep-2026,71100.0,PE,73051.85,82.1,50,925.3,50,0.0,503.7,0,0,0,0,0,,,,,,,,,,,,,,,0.07074751458434805,73151,0.019171485031428796,0.009899999999999999,index_dividend_yield,0.065,11.45,25,73081.3,73210.35,72855.2,72947.45,mid_price,no_nse_iv
2026-09-03T14:15:06.380068+00:00,2026-09-03T19:45:06.380068+05:30,NIFTYNXT50,29-Sep-2026,71200.0,CE,73051.85,1183.85,25,3373.9,25,0.0,2278.875,0,0,0,0,0,,,,,,,,,,,,,,,0.07074751458434805,73151,0.019171485031428796,0.009899999999999999,index_dividend_yield,0.065,11.45,25,73081.3,73210.35,72855.2,72947.45,mid_price,no_nse_iv
2026-09-03T14:15:06.380068+00:00,2026-09-03T19:45:06.380068+05:30,NIFTYNXT50,29-Sep-2026,71200.0,PE,0,,0,,0,0.0,,0,0,0,0,0,,,,,,,,,,,,,,,0.07074751458434805,,,,,,11.45,25,73081.3,73210.35,72855.2,72947.45,none,no_price_available
2026-09-03T14:15:06.380068+00:00,2026-09-03T19:45:06.380068+05:30,NIFTYNXT50,29-Sep-2026,71300.0,CE,73051.85,,0,3313.95,25,0.0,,0,0,0,0,0,,,,,,,,,,,,,,,0.07074751458434805,,,,,,11.45,25,73081.3,73210.35,72855.2,72947.45,none,no_price_available
2026-09-03T14:15:06.380068+00:00,2026-09-03T19:45:06.380068+05:30,NIFTYNXT50,29-Sep-2026,71300.0,PE,0,,0,,0,0.0,,0,0,0,0,0,,,,,,,,,,,,,,,0.07074751458434805,,,,,,11.45,25,73081.3,73210.35,72855.2,72947.45,none,no_price_available
2026-09-03T14:15:06.380068+00:00,2026-09-03T19:45:06.380068+05:30,NIFTYNXT50,29-Sep-2026,71400.0,CE,73051.85,1091.1,25,3166.15,25,0.0,2128.625,0,0,0,0,0,,,,,,,,,,,,,,,0.07074751458434805,73151,0.019171485031428796,0.009899999999999999,index_dividend_yield,0.065,11.45,25,73081.3,73210.35,72855.2,72947.45,mid_price,no_nse_iv
2026-09-03T14:15:06.380068+00:00,2026-09-03T19:45:06.380068+05:30,NIFTYNXT50,29-Sep-2026,71400.0,PE,0,,0,,0,0.0,,0,0,0,0,0,,,,,,,,,,,,,,,0.07074751458434805,,,,,,11.45,25,73081.3,73210.35,72855.2,72947.45,none,no_price_available
2026-09-03T14:15:06.380068+00:00,2026-09-03T19:45:06.380068+05:30,NIFTYNXT50,29-Sep-2026,71500.0,CE,73051.85,,0,3057.95,25,0.0,,0,0,0,0,0,,,,,,,,,,,,,,,0.07074751458434805,,,,,,11.45,25,73081.3,73210.35,72855.2,72947.45,none,no_price_available
2026-09-03T14:15:06.380068+00:00,2026-09-03T19:45:06.380068+05:30,NIFTYNXT50,29-Sep-2026,71500.0,PE,0,,0,,0,0.0,,0,0,0,0,0,,,,,,,,,,,,,,,0.07074751458434805,,,,,,11.45,25,73081.3,73210.35,72855.2,72947.45,none,no_price_available
2026-09-03T14:15:06.380068+00:00,2026-09-03T19:45:06.380068+05:30,NIFTYNXT50,29-Sep-2026,71600.0,CE,73051.85,1002.95,25,2904.7,25,0.0,1953.8249999999998,0,0,0,0,0,,,,,,,,,,,,,,,0.07074751458434805,73151,0.019171485031428796,0.009899999999999999,index_dividend_yield,0.065,11.45,25,73081.3,73210.35,72855.2,72947.45,mid_price,no_nse_iv
2026-09-03T14:15:06.380068+00:00,2026-09-03T19:45:06.380068+05:30,NIFTYNXT50,29-Sep-2026,71600.0,PE,0,,0,,0,0.0,,0,0,0,0,0,,,,,,,,,,,,,,,0.07074751458434805,,,,,,11.45,25,73081.3,73210.35,72855.2,72947.45,none,no_price_available
2026-09-03T14:15:06.380068+00:00,2026-09-03T19:45:06.380068+05:30,NIFTYNXT50,29-Sep-2026,71700.0,CE,73051.85,,0,2877.35,25,0.0,,0,0,0,0,0,,,,,,,,,,,,,,,0.07074751458434805,,,,,,11.45,25,73081.3,73210.35,72855.2,72947.45,none,no_price_available
2026-09-03T14:15:06.380068+00:00,2026-09-03T19:45:06.380068+05:30,NIFTYNXT50,29-Sep-2026,71700.0,PE,0,,0,,0,0.0,,0,0,0,0,0,,,,,,,,,,,,,,,0.07074751458434805,,,,,,11.45,25,73081.3,73210.35,72855.2,72947.45,none,no_price_available
2026-09-03T14:15:06.380068+00:00,2026-09-03T19:45:06.380068+05:30,NIFTYNXT50,29-Sep-2026,71800.0,CE,73051.85,919.1,25,2663.8,25,0.0,1791.45,0,0,0,0,0,,,,,,,,,,,,,,,0.07074751458434805,73151,0.019171485031428796,0.009899999999999999,index_dividend_yield,0.065,11.45,25,73081.3,73210.35,72855.2,72947.45,mid_price,no_nse_iv
2026-09-03T14:15:06.380068+00:00,2026-09-03T19:45:06.380068+05:30,NIFTYNXT50,29-Sep-2026,71800.0,PE,0,,0,,0,0.0,,0,0,0,0,0,,,,,,,,,,,,,,,0.07074751458434805,,,,,,11.45,25,73081.3,73210.35,72855.2,72947.45,none,no_price_available
2026-09-03T14:15:06.380068+00:00,2026-09-03T19:45:06.380068+05:30,NIFTYNXT50,29-Sep-2026,71900.0,CE,73051.85,878.9,50,2658.85,25,0.0,1768.875,0,0,0,0,0,,,,,,,,,,,,,,,0.07074751458434805,73151,0.019171485031428796,0.009899999999999999,index_dividend_yield,0.065,11.45,25,73081.3,73210.35,72855.2,72947.45,mid_price,no_nse_iv
2026-09-03T14:15:06.380068+00:00,2026-09-03T19:45:06.380068+05:30,NIFTYNXT50,29-Sep-2026,71900.0,PE,0,,0,,0,0.0,,0,0,0,0,0,,,,,,,,,,,,,,,0.07074751458434805,,,,,,11.45,25,73081.3,73210.35,72855.2,72947.45,none,no_price_available
2026-09-03T14:15:06.380068+00:00,2026-09-03T19:45:06.380068+05:30,NIFTYNXT50,29-Sep-2026,72000.0,CE,73051.85,839.65,50,2445.4,25,0.0,1642.525,0,0,0,0,0,,,,,,,,,,,,,,,0.07074751458434805,73151,0.019171485031428796,0.009899999999999999,index_dividend_yield,0.065,11.45,25,73081.3,73210.35,72855.2,72947.45,mid_price,no_nse_iv
2026-09-03T14:15:06.380068+00:00,2026-09-03T19:45:06.380068+05:30,NIFTYNXT50,29-Sep-2026,72000.0,PE,73051.85,455.05,25,789.95,125,0.0,622.5,3,0,0,0,16.31,-0.32761770420576464,0.00011389302408857765,-18.411442570162382,70.13337039704199,-0.8907291134820916,0.0015484866880618453,77.17041848862038,-1.7467835915643054e-08,-0.0005729958425255147,1.9896802219418133e-06,-1.491033390640254,-34.32669571363342,0.34208741887106847,0.00011724506426355168,0.07074751458434805,73151,0.019171485031428796,0.009899999999999999,index_dividend_yield,0.065,11.45,25,73081.3,73210.35,72855.2,72947.45,mid_price,wide_quote_low_liquidity
2026-09-03T14:15:06.380068+00:00,2026-09-03T19:45:06.380068+05:30,NIFTYNXT50,29-Sep-2026,72100.0,CE,73051.85,1059.2,25,1777.15,100,0.0,1418.1750000000002,0,0,0,0,0,,,,,,,,,,,,,,,0.07074751458434805,73151,0.019171485031428796,0.009899999999999999,index_dividend_yield,0.065,11.45,25,73081.3,73210.35,72855.2,72947.45,mid_price,no_nse_iv
2026-09-03T14:15:06.380068+00:00,2026-09-03T19:45:06.380068+05:30,NIFTYNXT50,29-Sep-2026,72100.0,PE,73051.85,536.1,150,1089,25,0.0,812.55,0,0,0,0,0,,,,,,,,,,,,,,,0.07074751458434805,73151,0.019171485031428796,0.009899999999999999,index_dividend_yield,0.065,11.45,25,73081.3,73210.35,72855.2,72947.45,mid_price,no_nse_iv
2026-09-03T14:15:06.380068+00:00,2026-09-03T19:45:06.380068+05:30,NIFTYNXT50,29-Sep-2026,72200.0,CE,73051.85,764.65,50,3144.75,50,0.0,1954.7,0,0,0,0,0,,,,,,,,,,,,,,,0.07074751458434805,73151,0.019171485031428796,0.009899999999999999,index_dividend_yield,0.065,11.45,25,73081.3,73210.35,72855.2,72947.45,mid_price,no_nse_iv
2026-09-03T14:15:06.380068+00:00,2026-09-03T19:45:06.380068+05:30,NIFTYNXT50,29-Sep-2026,72200.0,PE,73051.85,239.1,25,1100,25,0.0,669.55,0,0,0,0,0,,,,,,,,,,,,,,,0.07074751458434805,73151,0.019171485031428796,0.009899999999999999,index_dividend_yield,0.065,11.45,25,73081.3,73210.35,72855.2,72947.45,mid_price,no_nse_iv
2026-09-03T14:15:06.380068+00:00,2026-09-03T19:45:06.380068+05:30,NIFTYNXT50,29-Sep-2026,72300.0,CE,73051.85,728.65,50,3035.55,50,0.0,1882.1000000000001,0,0,0,0,0,,,,,,,,,,,,,,,0.07074751458434805,73151,0.019171485031428796,0.009899999999999999,index_dividend_yield,0.065,11.45,25,73081.3,73210.35,72855.2,72947.45,mid_price,no_nse_iv
2026-09-03T14:15:06.380068+00:00,2026-09-03T19:45:06.380068+05:30,NIFTYNXT50,29-Sep-2026,72300.0,PE,73051.85,257.9,25,,0,0.0,,0,0,0,0,0,,,,,,,,,,,,,,,0.07074751458434805,,,,,,11.45,25,73081.3,73210.35,72855.2,72947.45,none,no_price_available
2026-09-03T14:15:06.380068+00:00,2026-09-03T19:45:06.380068+05:30,NIFTYNXT50,29-Sep-2026,72400.0,CE,73051.85,693.65,25,2926.35,50,0.0,1810.0,0,0,0,0,0,,,,,,,,,,,,,,,0.07074751458434805,73151,0.019171485031428796,0.009899999999999999,index_dividend_yield,0.065,11.45,25,73081.3,73210.35,72855.2,72947.45,mid_price,no_nse_iv
2026-09-03T14:15:06.380068+00:00,2026-09-03T19:45:06.380068+05:30,NIFTYNXT50,29-Sep-2026,72400.0,PE,73051.85,277.7,25,1127.95,25,0.0,702.825,0,0,0,0,0,,,,,,,,,,,,,,,0.07074751458434805,73151,0.019171485031428796,0.009899999999999999,index_dividend_yield,0.065,11.45,25,73081.3,73210.35,72855.2,72947.45,mid_price,no_nse_iv
2026-09-03T14:15:06.380068+00:00,2026-09-03T19:45:06.380068+05:30,NIFTYNXT50,29-Sep-2026,72500.0,CE,73051.85,659.75,25,2817.15,50,0.0,1738.45,0,0,0,0,0,,,,,,,,,,,,,,,0.07074751458434805,73151,0.019171485031428796,0.009899999999999999,index_dividend_yield,0.065,11.45,25,73081.3,73210.35,72855.2,72947.45,mid_price,no_nse_iv
2026-09-03T14:15:06.380068+00:00,2026-09-03T19:45:06.380068+05:30,NIFTYNXT50,29-Sep-2026,72500.0,PE,73051.85,602,125,874,25,0.0,738.0,6,0,0,0,13.38,-0.366521028158966,0.0001447110540906069,-14.778139845463315,73.10236798245576,-0.8571200740363216,0.0006149759330454918,56.694338662929056,-2.0715880012729482e-08,-0.000969362263562244,2.7247165906462334e-06,-1.454865093271863,-40.1442802126201,0.3785104742769606,0.0001469224396563842,0.07074751458434805,73151,0.019171485031428796,0.009899999999999999,index_dividend_yield,0.065,11.45,25,73081.3,73210.35,72855.2,72947.45,mid_price,wide_quote_low_liquidity
2026-09-03T14:15:06.380068+00:00,2026-09-03T19:45:06.380068+05:30,NIFTYNXT50,29-Sep-2026,72600.0,CE,73051.85,827.25,25,1449.95,125,0.0,1138.6,0,0,0,0,0,,,,,,,,,,,,,,,0.07074751458434805,73151,0.019171485031428796,0.009899999999999999,index_dividend_yield,0.065,11.45,25,73081.3,73210.35,72855.2,72947.45,mid_price,no_nse_iv
2026-09-03T14:15:06.380068+00:00,2026-09-03T19:45:06.380068+05:30,NIFTYNXT50,29-Sep-2026,72600.0,PE,73051.85,700.6,150,1352.6,25,0.0,1026.6,0,0,0,0,0,,,,,,,,,,,,,,,0.07074751458434805,73151,0.019171485031428796,0.009899999999999999,index_dividend_yield,0.065,11.45,25,73081.3,73210.35,72855.2,72947.45,mid_price,no_nse_iv
2026-09-03T14:15:06.380068+00:00,2026-09-03T19:45:06.380068+05:30,NIFTYNXT50,29-Sep-2026,72700.0,CE,73051.85,595.15,25,2505.4,50,0.0,1550.275,0,0,0,0,0,,,,,,,,,,,,,,,0.07074751458434805,73151,0.019171485031428796,0.009899999999999999,index_dividend_yield,0.065,11.45,25,73081.3,73210.35,72855.2,72947.45,mid_price,no_nse_iv
2026-09-03T14:15:06.380068+00:00,2026-09-03T19:45:06.380068+05:30,NIFTYNXT50,29-Sep-2026,72700.0,PE,73051.85,341.7,25,1767.3,50,0.0,1054.5,0,0,0,0,0,,,,,,,,,,,,,,,0.07074751458434805,73151,0.019171485031428796,0.009899999999999999,index_dividend_yield,0.065,11.45,25,73081.3,73210.35,72855.2,72947.45,mid_price,no_nse_iv
2026-09-03T14:15:06.380068+00:00,2026-09-03T19:45:06.380068+05:30,NIFTYNXT50,29-Sep-2026,72800.0,CE,73051.85,564.35,25,2396.2,50,0.0,1480.2749999999999,0,0,0,0,0,,,,,,,,,,,,,,,0.07074751458434805,73151,0.019171485031428796,0.009899999999999999,index_dividend_yield,0.065,11.45,25,73081.3,73210.35,72855.2,72947.45,mid_price,no_nse_iv
2026-09-03T14:15:06.380068+00:00,2026-09-03T19:45:06.380068+05:30,NIFTYNXT50,29-Sep-2026,72800.0,PE,73051.85,364.8,25,1730,25,0.0,1047.4,0,0,0,0,0,,,,,,,,,,,,,,,0.07074751458434805,73151,0.019171485031428796,0.009899999999999999,index_dividend_yield,0.065,11.45,25,73081.3,73210.35,72855.2,72947.45,mid_price,no_nse_iv
2026-09-03T14:15:06.380068+00:00,2026-09-03T19:45:06.380068+05:30,NIFTYNXT50,29-Sep-2026,72900.0,CE,73051.85,709.5,25,1267.45,125,0.0,988.475,0,0,0,0,0,,,,,,,,,,,,,,,0.07074751458434805,73151,0.019171485031428796,0.009899999999999999,index_dividend_yield,0.065,11.45,25,73081.3,73210.35,72855.2,72947.45,mid_price,no_nse_iv
2026-09-03T14:15:06.380068+00:00,2026-09-03T19:45:06.380068+05:30,NIFTYNXT50,29-Sep-2026,72900.0,PE,73051.85,819.8,150,1024.95,25,890,922.375,4,4,47,-73.06662228207418,15.43,-0.4336945974542997,0.00013114591554400283,-17.867398051241796,76.4001691518668,-0.3189589846382124,-0.0005050712402027702,10.300950629414274,-8.98671017122898e-09,-0.0008322926868762899,2.5708416684225364e-06,-1.4613797081891706,-32.111218467280814,0.4481321270099373,0.00013169283593190604,0.07074751458434805,73151,0.019171485031428796,0.009899999999999999,index_dividend_yield,0.065,11.45,25,73081.3,73210.35,72855.2,72947.45,mid_price,wide_quote_low_liquidity
2026-09-03T14:15:06.380068+00:00,2026-09-03T19:45:06.380068+05:30,NIFTYNXT50,29-Sep-2026,73000.0,CE,73051.85,1025,25,,0,1115,,17,9,65,0.2697841726618705,10.3,0.5717701177117976,0.000195928086975614,-21.32709277749345,76.19167961638549,-0.5882675687307604,-0.0009720629358626054,20.79409526513132,-2.0114572462536053e-08,-0.0018489088186093713,3.889672127277042e-06,-1.4383759777733613,42.837456814410906,-0.5588193170397675,0.0001962065110605627,0.07074751458434805,73151,0.019171485031428796,0.009899999999999999,index_dividend_yield,0.065,11.45,25,73081.3,73210.35,72855.2,72947.45,ltp,ok
2026-09-03T14:15:06.380068+00:00,2026-09-03T19:45:06.380068+05:30,NIFTYNXT50,29-Sep-2026,73000.0,PE,73051.85,675,25,1489.95,25,0.0,1082.475,0,0,0,0,0,,,,,,,,,,,,,,,0.07074751458434805,73151,0.019171485031428796,0.009899999999999999,index_dividend_yield,0.065,11.45,25,73081.3,73210.35,72855.2,72947.45,mid_price,no_nse_iv
2026-09-03T14:15:06.380068+00:00,2026-09-03T19:45:06.380068+05:30,NIFTYNXT50,29-Sep-2026,73100.0,CE,73051.85,500.6,50,1688.85,25,0.0,1094.725,0,0,0,0,0,,,,,,,,,,,,,,,0.07074751458434805,73151,0.019171485031428796,0.009899999999999999,index_dividend_yield,0.065,11.45,25,73081.3,73210.35,72855.2,72947.45,mid_price,no_nse_iv
2026-09-03T14:15:06.380068+00:00,2026-09-03T19:45:06.380068+05:30,NIFTYNXT50,29-Sep-2026,73100.0,PE,73051.85,439.55,25,1674.95,25,0.0,1057.25,0,0,0,0,0,,,,,,,,,,,,,,,0.07074751458434805,73151,0.019171485031428796,0.009899999999999999,index_dividend_yield,0.065,11.45,25,73081.3,73210.35,72855.2,72947.45,mid_price,no_nse_iv
2026-09-03T14:15:06.380068+00:00,2026-09-03T19:45:06.380068+05:30,NIFTYNXT50,29-Sep-2026,73200.0,CE,0,,0,,0,0.0,,0,0,0,0,0,,,,,,,,,,,,,,,0.07074751458434805,,,,,,11.45,25,73081.3,73210.35,72855.2,72947.45,none,no_price_available
2026-09-03T14:15:06.380068+00:00,2026-09-03T19:45:06.380068+05:30,NIFTYNXT50,29-Sep-2026,73200.0,PE,73051.85,466.15,25,1779.55,25,0.0,1122.85,0,0,0,0,0,,,,,,,,,,,,,,,0.07074751458434805,73151,0.019171485031428796,0.009899999999999999,index_dividend_yield,0.065,11.45,25,73081.3,73210.35,72855.2,72947.45,mid_price,no_nse_iv
2026-09-03T14:15:06.380068+00:00,2026-09-03T19:45:06.380068+05:30,NIFTYNXT50,29-Sep-2026,73300.0,CE,0,,0,,0,0.0,,0,0,0,0,0,,,,,,,,,,,,,,,0.07074751458434805,,,,,,11.45,25,73081.3,73210.35,72855.2,72947.45,none,no_price_available
2026-09-03T14:15:06.380068+00:00,2026-09-03T19:45:06.380068+05:30,NIFTYNXT50,29-Sep-2026,73300.0,PE,73051.85,1017.65,125,1190.45,25,1089.75,1104.05,0,0,5,-69.01478532840488,15.73,-0.4864811122342963,0.0001303626937978526,-18.001884634081964,77.42044682029204,0.02229154508068265,-0.001518898493375609,-0.143104429362495,-3.1584356974675456e-09,-0.0008290264802869726,2.544568700244362e-06,-1.4873770189235103,-29.623244299530835,0.5012008584855498,0.00012948152751072046,0.07074751458434805,73151,0.019171485031428796,0.009899999999999999,index_dividend_yield,0.065,11.45,25,73081.3,73210.35,72855.2,72947.45,mid_price,wide_quote_low_liquidity
2026-09-03T14:15:06.380068+00:00,2026-09-03T19:45:06.380068+05:30,NIFTYNXT50,29-Sep-2026,73400.0,CE,73051.85,399.7,25,1588.85,50,0.0,994.275,0,0,0,0,0,,,,,,,,,,,,,,,0.07074751458434805,73151,0.019171485031428796,0.009899999999999999,index_dividend_yield,0.065,11.45,25,73081.3,73210.35,72855.2,72947.45,mid_price,no_nse_iv
2026-09-03T14:15:06.380068+00:00,2026-09-03T19:45:06.380068+05:30,NIFTYNXT50,29-Sep-2026,73400.0,PE,73051.85,1000.05,25,,0,1110.35,,0,0,3,-68.90908072690617,15.38,-0.49984032700524383,0.0001334021068127758,-17.338258703277013,77.462703241343,0.10727826973458421,-0.0018044096593584078,0.009974107534560517,-1.7778830816979019e-09,-0.0008673933671796266,2.586943583292046e-06,-1.4980265335658343,-29.848181943059373,0.5141361500337073,0.00013213960552370483,0.07074751458434805,73151,0.019171485031428796,0.009899999999999999,index_dividend_yield,0.065,11.45,25,73081.3,73210.35,72855.2,72947.45,ltp,ok
2026-09-03T14:15:06.380068+00:00,2026-09-03T19:45:06.380068+05:30,NIFTYNXT50,29-Sep-2026,73500.0,CE,73051.85,750,25,1005,25,0.0,877.5,8,0,0,0,9.43,0.46942917731651435,0.00021694875482690276,-19.16376130098922,77.24003809905368,0.42563461778627465,-0.0031573149886227614,6.276194065677032,5.953835140742476e-09,-0.002283248452122772,4.076171031526011e-06,-1.5402957571250226,52.50890610875524,-0.4576814547574802,0.0002143112261541754,0.07074751458434805,73151,0.019171485031428796,0.009899999999999999,index_dividend_yield,0.065,11.45,25,73081.3,73210.35,72855.2,72947.45,mid_price,wide_quote_low_liquidity
2026-09-03T14:15:06.380068+00:00,2026-09-03T19:45:06.380068+05:30,NIFTYNXT50,29-Sep-2026,73500.0,PE,73051.85,552.5,25,1763.95,25,0.0,1158.225,0,0,0,0,0,,,,,,,,,,,,,,,0.07074751458434805,73151,0.019171485031428796,0.009899999999999999,index_dividend_yield,0.065,11.45,25,73081.3,73210.35,72855.2,72947.45,mid_price,no_nse_iv
2026-09-03T14:15:06.380068+00:00,2026-09-03T19:45:06.380068+05:30,NIFTYNXT50,29-Sep-2026,73600.0,CE,73051.85,352.45,25,1232,25,0.0,792.225,0,0,0,0,0,,,,,,,,,,,,,,,0.07074751458434805,73151,0.019171485031428796,0.009899999999999999,index_dividend_yield,0.065,11.45,25,73081.3,73210.35,72855.2,72947.45,mid_price,no_nse_iv
2026-09-03T14:15:06.380068+00:00,2026-09-03T19:45:06.380068+05:30,NIFTYNXT50,29-Sep-2026,73600.0,PE,73051.85,583.2,25,2056.35,25,0.0,1319.775,0,0,0,0,0,,,,,,,,,,,,,,,0.07074751458434805,73151,0.019171485031428796,0.009899999999999999,index_dividend_yield,0.065,11.45,25,73081.3,73210.35,72855.2,72947.45,mid_price,no_nse_iv
2026-09-03T14:15:06.380068+00:00,2026-09-03T19:45:06.380068+05:30,NIFTYNXT50,29-Sep-2026,73700.0,CE,73051.85,330.2,25,1232,25,0.0,781.1,1,0,0,0,13,0.4497738922997248,0.00015658821076395212,-24.156332878411483,76.8556922683256,0.4868858769571105,-0.002940614067599489,11.867703731333279,5.596035156205385e-09,-0.001180412736980605,2.8901910920682427e-06,-1.558090633407943,39.155378922658635,-0.4344325057546251,0.00015384611134852582,0.07074751458434805,73151,0.019171485031428796,0.009899999999999999,index_dividend_yield,0.065,11.45,25,73081.3,73210.35,72855.2,72947.45,mid_price,wide_quote_low_liquidity
2026-09-03T14:15:06.380068+00:00,2026-09-03T19:45:06.380068+05:30,NIFTYNXT50,29-Sep-2026,73700.0,PE,73051.85,614.8,25,2106.25,25,0.0,1360.525,0,0,0,0,0,,,,,,,,,,,,,,,0.07074751458434805,73151,0.019171485031428796,0.009899999999999999,index_dividend_yield,0.065,11.45,25,73081.3,73210.35,72855.2,72947.45,mid_price,no_nse_iv
2026-09-03T14:15:06.380068+00:00,2026-09-03T19:45:06.380068+05:30,NIFTYNXT50,29-Sep-2026,73800.0,CE,73051.85,308.65,25,1231.75,25,0.0,770.2,0,0,0,0,0,,,,,,,,,,,,,,,0.07074751458434805,73151,0.019171485031428796,0.009899999999999999,index_dividend_yield,0.065,11.45,25,73081.3,73210.35,72855.2,72947.45,mid_price,no_nse_iv
2026-09-03T14:15:06.380068+00:00,2026-09-03T19:45:06.380068+05:30,NIFTYNXT50,29-Sep-2026,73800.0,PE,73051.85,647.6,25,2203.15,25,0.0,1425.375,0,0,0,0,0,,,,,,,,,,,,,,,0.07074751458434805,73151,0.019171485031428796,0.009899999999999999,index_dividend_yield,0.065,11.45,25,73081.3,73210.35,72855.2,72947.45,mid_price,no_nse_iv
2026-09-03T14:15:06.380068+00:00,2026-09-03T19:45:06.380068+05:30,NIFTYNXT50,29-Sep-2026,73900.0,CE,73051.85,288.05,25,1231.95,25,0.0,760.0,0,0,0,0,0,,,,,,,,,,,,,,,0.07074751458434805,73151,0.019171485031428796,0.009899999999999999,index_dividend_yield,0.065,11.45,25,73081.3,73210.35,72855.2,72947.45,mid_price,no_nse_iv
2026-09-03T14:15:06.380068+00:00,2026-09-03T19:45:06.380068+05:30,NIFTYNXT50,29-Sep-2026,73900.0,PE,73051.85,681.3,25,2491.85,550,0.0,1586.5749999999998,0,0,0,0,0,,,,,,,,,,,,,,,0.07074751458434805,73151,0.019171485031428796,0.009899999999999999,index_dividend_yield,0.065,11.45,25,73081.3,73210.35,72855.2,72947.45,mid_price,no_nse_iv
2026-09-03T14:15:06.380068+00:00,2026-09-03T19:45:06.380068+05:30,NIFTYNXT50,29-Sep-2026,74000.0,CE,73051.85,635.05,25,714.95,150,649,675.0,19,3,8,5.588546327178069,10.82,0.38249037990367246,0.00018137467344427231,-19.64241433281248,74.09305961988558,1.1525881180970143,-0.004405056011707431,66.7991006546842,2.2941483926348082e-08,-0.0015128802119411034,2.8909214484866797e-06,-1.6885702663155226,50.54360059251763,-0.3701190209817615,0.00017675660095173865,0.07074751458434805,73151,0.019171485031428796,0.009899999999999999,index_dividend_yield,0.065,11.45,25,73081.3,73210.35,72855.2,72947.45,mid_price,ok
2026-09-03T14:15:06.380068+00:00,2026-09-03T19:45:06.380068+05:30,NIFTYNXT50,29-Sep-2026,74000.0,PE,73051.85,1000.1,25,3397.65,50,0.0,2198.875,0,0,0,0,0,,,,,,,,,,,,,,,0.07074751458434805,73151,0.019171485031428796,0.009899999999999999,index_dividend_yield,0.065,11.45,25,73081.3,73210.35,72855.2,72947.45,mid_price,no_nse_iv
2026-09-03T14:15:06.380068+00:00,2026-09-03T19:45:06.380068+05:30,NIFTYNXT50,29-Sep-2026,74100.0,CE,73051.85,249.4,25,948.5,25,0.0,598.95,0,0,0,0,0,,,,,,,,,,,,,,,0.07074751458434805,73151,0.019171485031428796,0.009899999999999999,index_dividend_yield,0.065,11.45,25,73081.3,73210.35,72855.2,72947.45,mid_price,no_nse_iv
2026-09-03T14:15:06.380068+00:00,2026-09-03T19:45:06.380068+05:30,NIFTYNXT50,29-Sep-2026,74100.0,PE,73051.85,751.8,25,2229.4,25,0.0,1490.6,0,0,0,0,0,,,,,,,,,,,,,,,0.07074751458434805,73151,0.019171485031428796,0.009899999999999999,index_dividend_yield,0.065,11.45,25,73081.3,73210.35,72855.2,72947.45,mid_price,no_nse_iv
2026-09-03T14:15:06.380068+00:00,2026-09-03T19:45:06.380068+05:30,NIFTYNXT50,29-Sep-2026,74200.0,CE,73051.85,231.25,25,927.45,25,0.0,579.35,0,0,0,0,0,,,,,,,,,,,,,,,0.07074751458434805,73151,0.019171485031428796,0.009899999999999999,index_dividend_yield,0.065,11.45,25,73081.3,73210.35,72855.2,72947.45,mid_price,no_nse_iv
2026-09-03T14:15:06.380068+00:00,2026-09-03T19:45:06.380068+05:30,NIFTYNXT50,29-Sep-2026,74200.0,PE,73051.85,788.5,25,2583.95,25,0.0,1686.225,0,0,0,0,0,,,,,,,,,,,,,,,0.07074751458434805,73151,0.019171485031428796,0.009899999999999999,index_dividend_yield,0.065,11.45,25,73081.3,73210.35,72855.2,72947.45,mid_price,no_nse_iv
2026-09-03T14:15:06.380068+00:00,2026-09-03T19:45:06.380068+05:30,NIFTYNXT50,29-Sep-2026,74300.0,CE,73051.85,213.85,25,,0,0.0,,0,0,0,0,0,,,,,,,,,,,,,,,0.07074751458434805,,,,,,11.45,25,73081.3,73210.35,72855.2,72947.45,none,no_price_available
2026-09-03T14:15:06.380068+00:00,2026-09-03T19:45:06.380068+05:30,NIFTYNXT50,29-Sep-2026,74300.0,PE,73051.85,826.4,25,2626.75,25,0.0,1726.575,0,0,0,0,0,,,,,,,,,,,,,,,0.07074751458434805,73151,0.019171485031428796,0.009899999999999999,index_dividend_yield,0.065,11.45,25,73081.3,73210.35,72855.2,72947.45,mid_price,no_nse_iv
2026-09-03T14:15:06.380068+00:00,2026-09-03T19:45:06.380068+05:30,NIFTYNXT50,29-Sep-2026,74400.0,CE,73051.85,197.1,50,1275.55,50,0.0,736.3249999999999,0,0,0,0,0,,,,,,,,,,,,,,,0.07074751458434805,73151,0.019171485031428796,0.009899999999999999,index_dividend_yield,0.065,11.45,25,73081.3,73210.35,72855.2,72947.45,mid_price,no_nse_iv
2026-09-03T14:15:06.380068+00:00,2026-09-03T19:45:06.380068+05:30,NIFTYNXT50,29-Sep-2026,74400.0,PE,73051.85,865.4,25,2676.5,25,0.0,1770.95,0,0,0,0,0,,,,,,,,,,,,,,,0.07074751458434805,73151,0.019171485031428796,0.009899999999999999,index_dividend_yield,0.065,11.45,25,73081.3,73210.35,72855.2,72947.45,mid_price,no_nse_iv
2026-09-03T14:15:06.380068+00:00,2026-09-03T19:45:06.380068+05:30,NIFTYNXT50,29-Sep-2026,74500.0,CE,73051.85,431.05,50,535.3,25,475,483.17499999999995,12,1,5,-36.58210947930574,10.95,0.29938404231359755,0.00016320141167504656,-17.535821045662694,67.47014677946919,1.7590903097107757,-0.005521856431448202,179.65458628928133,3.759293864040244e-08,-0.0010559019648752614,1.798513770643798e-06,-1.8693355139328958,54.96276426112104,-0.2882233858419754,0.0001569183753123178,0.07074751458434805,73151,0.019171485031428796,0.009899999999999999,index_dividend_yield,0.065,11.45,25,73081.3,73210.35,72855.2,72947.45,mid_price,wide_quote_low_liquidity
2026-09-03T14:15:06.380068+00:00,2026-09-03T19:45:06.380068+05:30,NIFTYNXT50,29-Sep-2026,74500.0,PE,73051.85,1600,25,3808.3,50,0.0,2704.15,15,0,0,0,16.62,-0.630277953070496,0.00011676127249079345,-16.27844210950677,73.266165655339,0.8575338329397941,-0.004064941244887876,55.614494827345595,1.0413603936844501e-08,-0.0006139217910409203,1.8459410491415728e-06,-1.6792077448032359,-23.520554869647857,0.6443024643454576,0.00011226611945695295,0.07074751458434805,73151,0.019171485031428796,0.009899999999999999,index_dividend_yield,0.065,11.45,25,73081.3,73210.35,72855.2,72947.45,mid_price,wide_quote_low_liquidity
2026-09-03T14:15:06.380068+00:00,2026-09-03T19:45:06.380068+05:30,NIFTYNXT50,29-Sep-2026,74600.0,CE,73051.85,166.25,50,963.2,50,0.0,564.725,0,0,0,0,0,,,,,,,,,,,,,,,0.07074751458434805,73151,0.019171485031428796,0.009899999999999999,index_dividend_yield,0.065,11.45,25,73081.3,73210.35,72855.2,72947.45,mid_price,no_nse_iv
2026-09-03T14:15:06.380068+00:00,2026-09-03T19:45:06.380068+05:30,NIFTYNXT50,29-Sep-2026,74600.0,PE,73051.85,946.1,25,2808.2,25,0.0,1877.1499999999999,0,0,0,0,0,,,,,,,,,,,,,,,0.07074751458434805,73151,0.019171485031428796,0.009899999999999999,index_dividend_yield,0.065,11.45,25,73081.3,73210.35,72855.2,72947.45,mid_price,no_nse_iv
2026-09-03T14:15:06.380068+00:00,2026-09-03T19:45:06.380068+05:30,NIFTYNXT50,29-Sep-2026,74700.0,CE,73051.85,151.65,50,,0,0.0,,0,0,0,0,0,,,,,,,,,,,,,,,0.07074751458434805,,,,,,11.45,25,73081.3,73210.35,72855.2,72947.45,none,no_price_available
2026-09-03T14:15:06.380068+00:00,2026-09-03T19:45:06.380068+05:30,NIFTYNXT50,29-Sep-2026,74700.0,PE,73051.85,988.25,25,2721.3,25,0.0,1854.775,0,0,0,0,0,,,,,,,,,,,,,,,0.07074751458434805,73151,0.019171485031428796,0.009899999999999999,index_dividend_yield,0.065,11.45,25,73081.3,73210.35,72855.2,72947.45,mid_price,no_nse_iv
2026-09-03T14:15:06.380068+00:00,2026-09-03T19:45:06.380068+05:30,NIFTYNXT50,29-Sep-2026,74800.0,CE,73051.85,137.95,50,1203.75,50,0.0,670.85,0,0,0,0,0,,,,,,,,,,,,,,,0.07074751458434805,73151,0.019171485031428796,0.009899999999999999,index_dividend_yield,0.065,11.45,25,73081.3,73210.35,72855.2,72947.45,mid_price,no_nse_iv
2026-09-03T14:15:06.380068+00:00,2026-09-03T19:45:06.380068+05:30,NIFTYNXT50,29-Sep-2026,74800.0,PE,73051.85,1031.3,25,2803.65,25,0.0,1917.475,0,0,0,0,0,,,,,,,,,,,,,,,0.07074751458434805,73151,0.019171485031428796,0.009899999999999999,index_dividend_yield,0.065,11.45,25,73081.3,73210.35,72855.2,72947.45,mid_price,no_nse_iv
2026-09-03T14:15:06.380068+00:00,2026-09-03T19:45:06.380068+05:30,NIFTYNXT50,29-Sep-2026,74900.0,CE,73051.85,124.9,50,,0,0.0,,0,0,0,0,0,,,,,,,,,,,,,,,0.07074751458434805,,,,,,11.45,25,73081.3,73210.35,72855.2,72947.45,none,no_price_available
2026-09-03T14:15:06.380068+00:00,2026-09-03T19:45:06.380068+05:30,NIFTYNXT50,29-Sep-2026,74900.0,PE,73051.85,1075.45,25,2888.4,25,0.0,1981.9250000000002,0,0,0,0,0,,,,,,,,,,,,,,,0.07074751458434805,73151,0.019171485031428796,0.009899999999999999,index_dividend_yield,0.065,11.45,25,73081.3,73210.35,72855.2,72947.45,mid_price,no_nse_iv
2026-09-03T14:15:06.380068+00:00,2026-09-03T19:45:06.380068+05:30,NIFTYNXT50,29-Sep-2026,75000.0,CE,73051.85,130.05,50,560.85,25,0.0,345.45000000000005,8,0,0,0,10.76,0.22076891962499864,0.00014186277475425126,-14.39498258606948,57.63075991791733,2.198903330137919,-0.006140160530589189,328.6195576003088,4.963330362311467e-08,-0.0005094642549996015,4.894892526151481e-07,-2.0327814546422545,61.67761536259924,-0.21154794845822775,0.0001345886263899818,0.07074751458434805,73151,0.019171485031428796,0.009899999999999999,index_dividend_yield,0.065,11.45,25,73081.3,73210.35,72855.2,72947.45,mid_price,wide_quote_low_liquidity
2026-09-03T14:15:06.380068+00:00,2026-09-03T19:45:06.380068+05:30,NIFTYNXT50,29-Sep-2026,75000.0,PE,73051.85,1120.65,25,3092.75,25,0.0,2106.7,0,0,0,0,0,,,,,,,,,,,,,,,0.07074751458434805,73151,0.019171485031428796,0.009899999999999999,index_dividend_yield,0.065,11.45,25,73081.3,73210.35,72855.2,72947.45,mid_price,no_nse_iv
2026-09-03T14:15:06.380068+00:00,2026-09-03T19:45:06.380068+05:30,NIFTYNXT50,29-Sep-2026,75100.0,CE,73051.85,100.55,50,963.15,50,0.0,531.85,0,0,0,0,0,,,,,,,,,,,,,,,0.07074751458434805,73151,0.019171485031428796,0.009899999999999999,index_dividend_yield,0.065,11.45,25,73081.3,73210.35,72855.2,72947.45,mid_price,no_nse_iv
2026-09-03T14:15:06.380068+00:00,2026-09-03T19:45:06.380068+05:30,NIFTYNXT50,29-Sep-2026,75100.0,PE,73051.85,1166.95,25,3062.3,25,0.0,2114.625,0,0,0,0,0,,,,,,,,,,,,,,,0.07074751458434805,73151,0.019171485031428796,0.009899999999999999,index_dividend_yield,0.065,11.45,25,73081.3,73210.35,72855.2,72947.45,mid_price,no_nse_iv
2026-09-03T14:15:06.380068+00:00,2026-09-03T19:45:06.380068+05:30,NIFTYNXT50,29-Sep-2026,75200.0,CE,73051.85,89.5,50,,0,0.0,,0,0,0,0,0,,,,,,,,,,,,,,,0.07074751458434805,,,,,,11.45,25,73081.3,73210.35,72855.2,72947.45,none,no_price_available
2026-09-03T14:15:06.380068+00:00,2026-09-03T19:45:06.380068+05:30,NIFTYNXT50,29-Sep-2026,75200.0,PE,73051.85,1214.15,25,3111.65,25,0.0,2162.9,0,0,0,0,0,,,,,,,,,,,,,,,0.07074751458434805,73151,0.019171485031428796,0.009899999999999999,index_dividend_yield,0.065,11.45,25,73081.3,73210.35,72855.2,72947.45,mid_price,no_nse_iv
2026-09-03T14:15:06.380068+00:00,2026-09-03T19:45:06.380068+05:30,NIFTYNXT50,29-Sep-2026,75300.0,CE,73051.85,78.8,50,1650.1,50,0.0,864.4499999999999,0,0,0,0,0,,,,,,,,,,,,,,,0.07074751458434805,73151,0.019171485031428796,0.009899999999999999,index_dividend_yield,0.065,11.45,25,73081.3,73210.35,72855.2,72947.45,mid_price,no_nse_iv
2026-09-03T14:15:06.380068+00:00,2026-09-03T19:45:06.380068+05:30,NIFTYNXT50,29-Sep-2026,75300.0,PE,73051.85,1262.6,25,3194.8,25,0.0,2228.7,0,0,0,0,0,,,,,,,,,,,,,,,0.07074751458434805,,,,,,11.45,25,73081.3,73210.35,72855.2,72947.45,mid_price,no_price_available
2026-09-03T14:15:06.380068+00:00,2026-09-03T19:45:06.380068+05:30,NIFTYNXT50,29-Sep-2026,75400.0,CE,73051.85,68.7,50,1203.7,50,0.0,636.2,0,0,0,0,0,,,,,,,,,,,,,,,0.07074751458434805,73151,0.019171485031428796,0.009899999999999999,index_dividend_yield,0.065,11.45,25,73081.3,73210.35,72855.2,72947.45,mid_price,no_nse_iv
2026-09-03T14:15:06.380068+00:00,2026-09-03T19:45:06.380068+05:30,NIFTYNXT50,29-Sep-2026,75400.0,PE,73051.85,1312.05,25,3302.9,25,0.0,2307.475,0,0,0,0,0,,,,,,,,,,,,,,,0.07074751458434805,,,,,,11.45,25,73081.3,73210.35,72855.2,72947.45,mid_price,no_price_available
2026-09-03T14:15:06.380068+00:00,2026-09-03T19:45:06.380068+05:30,NIFTYNXT50,29-Sep-2026,75500.0,CE,73051.85,59.4,50,490,25,0.0,274.7,0,0,0,0,0,,,,,,,,,,,,,,,0.07074751458434805,73151,0.019171485031428796,0.009899999999999999,index_dividend_yield,0.065,11.45,25,73081.3,73210.35,72855.2,72947.45,mid_price,no_nse_iv
2026-09-03T14:15:06.380068+00:00,2026-09-03T19:45:06.380068+05:30,NIFTYNXT50,29-Sep-2026,75500.0,PE,73051.85,1362.4,25,3366.75,25,0.0,2364.575,0,0,0,0,0,,,,,,,,,,,,,,,0.07074751458434805,,,,,,11.45,25,73081.3,73210.35,72855.2,72947.45,mid_price,no_price_available
2026-09-03T14:15:06.380068+00:00,2026-09-03T19:45:06.380068+05:30,NIFTYNXT50,29-Sep-2026,75600.0,CE,73051.85,50.35,50,1097.55,50,0.0,573.9499999999999,0,0,0,0,0,,,,,,,,,,,,,,,0.07074751458434805,73151,0.019171485031428796,0.009899999999999999,index_dividend_yield,0.065,11.45,25,73081.3,73210.35,72855.2,72947.45,mid_price,no_nse_iv
2026-09-03T14:15:06.380068+00:00,2026-09-03T19:45:06.380068+05:30,NIFTYNXT50,29-Sep-2026,75600.0,PE,73051.85,1413.95,25,3452.9,25,0.0,2433.425,0,0,0,0,0,,,,,,,,,,,,,,,0.07074751458434805,,,,,,11.45,25,73081.3,73210.35,72855.2,72947.45,mid_price,no_price_available
2026-09-03T14:15:06.380068+00:00,2026-09-03T19:45:06.380068+05:30,NIFTYNXT50,29-Sep-2026,75700.0,CE,73051.85,41.9,50,1097.5,50,0.0,569.7,0,0,0,0,0,,,,,,,,,,,,,,,0.07074751458434805,73151,0.019171485031428796,0.009899999999999999,index_dividend_yield,0.065,11.45,25,73081.3,73210.35,72855.2,72947.45,mid_price,no_nse_iv
2026-09-03T14:15:06.380068+00:00,2026-09-03T19:45:06.380068+05:30,NIFTYNXT50,29-Sep-2026,75700.0,PE,73051.85,1466.55,25,3538.1,25,0.0,2502.325,0,0,0,0,0,,,,,,,,,,,,,,,0.07074751458434805,,,,,,11.45,25,73081.3,73210.35,72855.2,72947.45,mid_price,no_price_available
2026-09-03T14:15:06.380068+00:00,2026-09-03T19:45:06.380068+05:30,NIFTYNXT50,29-Sep-2026,75800.0,CE,73051.85,33.95,50,700,50,0.0,366.975,0,0,0,0,0,,,,,,,,,,,,,,,0.07074751458434805,73151,0.019171485031428796,0.009899999999999999,index_dividend_yield,0.065,11.45,25,73081.3,73210.35,72855.2,72947.45,mid_price,no_nse_iv
2026-09-03T14:15:06.380068+00:00,2026-09-03T19:45:06.380068+05:30,NIFTYNXT50,29-Sep-2026,75800.0,PE,73051.85,1520.15,25,3659.9,25,0.0,2590.025,0,0,0,0,0,,,,,,,,,,,,,,,0.07074751458434805,,,,,,11.45,25,73081.3,73210.35,72855.2,72947.45,mid_price,no_price_available
2026-09-03T14:15:06.380068+00:00,2026-09-03T19:45:06.380068+05:30,NIFTYNXT50,29-Sep-2026,75900.0,CE,73051.85,26.55,50,927.65,50,0.0,477.09999999999997,0,0,0,0,0,,,,,,,,,,,,,,,0.07074751458434805,73151,0.019171485031428796,0.009899999999999999,index_dividend_yield,0.065,11.45,25,73081.3,73210.35,72855.2,72947.45,mid_price,no_nse_iv
2026-09-03T14:15:06.380068+00:00,2026-09-03T19:45:06.380068+05:30,NIFTYNXT50,29-Sep-2026,75900.0,PE,73051.85,1574.75,25,3765.7,25,0.0,2670.225,0,0,0,0,0,,,,,,,,,,,,,,,0.07074751458434805,,,,,,11.45,25,73081.3,73210.35,72855.2,72947.45,mid_price,no_price_available
2026-09-03T14:15:06.380068+00:00,2026-09-03T19:45:06.380068+05:30,NIFTYNXT50,29-Sep-2026,76000.0,CE,73051.85,22.75,50,468.55,25,0.0,245.65,0,0,0,0,0,,,,,,,,,,,,,,,0.07074751458434805,73151,0.019171485031428796,0.009899999999999999,index_dividend_yield,0.065,11.45,25,73081.3,73210.35,72855.2,72947.45,mid_price,no_nse_iv
2026-09-03T14:15:06.380068+00:00,2026-09-03T19:45:06.380068+05:30,NIFTYNXT50,29-Sep-2026,76000.0,PE,73051.85,1633.55,25,3859.4,25,0.0,2746.475,0,0,0,0,0,,,,,,,,,,,,,,,0.07074751458434805,,,,,,11.45,25,73081.3,73210.35,72855.2,72947.45,mid_price,no_price_available
2026-09-03T14:15:06.380068+00:00,2026-09-03T19:45:06.380068+05:30,NIFTYNXT50,29-Sep-2026,76100.0,CE,73051.85,16.6,50,500,50,0.0,258.3,0,0,0,0,0,,,,,,,,,,,,,,,0.07074751458434805,73151,0.019171485031428796,0.009899999999999999,index_dividend_yield,0.065,11.45,25,73081.3,73210.35,72855.2,72947.45,mid_price,no_nse_iv
2026-09-03T14:15:06.380068+00:00,2026-09-03T19:45:06.380068+05:30,NIFTYNXT50,29-Sep-2026,76100.0,PE,73051.85,1690.35,25,3977.05,25,0.0,2833.7,0,0,0,0,0,,,,,,,,,,,,,,,0.07074751458434805,,,,,,11.45,25,73081.3,73210.35,72855.2,72947.45,mid_price,no_price_available
2026-09-03T14:15:06.380068+00:00,2026-09-03T19:45:06.380068+05:30,NIFTYNXT50,29-Sep-2026,76200.0,CE,73051.85,10.65,50,500,50,0.0,255.325,0,0,0,0,0,,,,,,,,,,,,,,,0.07074751458434805,73151,0.019171485031428796,0.009899999999999999,index_dividend_yield,0.065,11.45,25,73081.3,73210.35,72855.2,72947.45,mid_price,no_nse_iv
2026-09-03T14:15:06.380068+00:00,2026-09-03T19:45:06.380068+05:30,NIFTYNXT50,29-Sep-2026,76200.0,PE,73051.85,1748.35,25,4082.4,25,0.0,2915.375,0,0,0,0,0,,,,,,,,,,,,,,,0.07074751458434805,,,,,,11.45,25,73081.3,73210.35,72855.2,72947.45,mid_price,no_price_available
2026-09-03T14:15:06.380068+00:00,2026-09-03T19:45:06.380068+05:30,NIFTYNXT50,29-Sep-2026,76300.0,CE,73051.85,2.25,50,717.65,50,0.0,359.95,0,0,0,0,0,,,,,,,,,,,,,,,0.07074751458434805,73151,0.019171485031428796,0.009899999999999999,index_dividend_yield,0.065,11.45,25,73081.3,73210.35,72855.2,72947.45,mid_price,no_nse_iv
2026-09-03T14:15:06.380068+00:00,2026-09-03T19:45:06.380068+05:30,NIFTYNXT50,29-Sep-2026,76300.0,PE,73051.85,1803.9,25,4185.7,25,0.0,2994.8,0,0,0,0,0,,,,,,,,,,,,,,,0.07074751458434805,,,,,,11.45,25,73081.3,73210.35,72855.2,72947.45,mid_price,no_price_available
2026-09-03T14:15:06.380068+00:00,2026-09-03T19:45:06.380068+05:30,NIFTYNXT50,29-Sep-2026,76400.0,CE,73051.85,0.05,50,500,50,0.0,250.025,0,0,0,0,0,,,,,,,,,,,,,,,0.07074751458434805,73151,0.019171485031428796,0.009899999999999999,index_dividend_yield,0.065,11.45,25,73081.3,73210.35,72855.2,72947.45,mid_price,no_nse_iv
2026-09-03T14:15:06.380068+00:00,2026-09-03T19:45:06.380068+05:30,NIFTYNXT50,29-Sep-2026,76400.0,PE,73051.85,1863.55,25,4290.7,25,0.0,3077.125,0,0,0,0,0,,,,,,,,,,,,,,,0.07074751458434805,,,,,,11.45,25,73081.3,73210.35,72855.2,72947.45,mid_price,no_price_available
2026-09-03T14:15:06.380068+00:00,2026-09-03T19:45:06.380068+05:30,NIFTYNXT50,29-Sep-2026,76500.0,CE,73051.85,0.05,50,465,25,0.0,232.525,0,0,0,0,0,,,,,,,,,,,,,,,0.07074751458434805,73151,0.019171485031428796,0.009899999999999999,index_dividend_yield,0.065,11.45,25,73081.3,73210.35,72855.2,72947.45,mid_price,no_nse_iv
2026-09-03T14:15:06.380068+00:00,2026-09-03T19:45:06.380068+05:30,NIFTYNXT50,29-Sep-2026,76500.0,PE,73051.85,1924.15,25,4395.7,25,0.0,3159.925,0,0,0,0,0,,,,,,,,,,,,,,,0.07074751458434805,,,,,,11.45,25,73081.3,73210.35,72855.2,72947.45,mid_price,no_price_available
2026-09-03T14:15:06.380068+00:00,2026-09-03T19:45:06.380068+05:30,NIFTYNXT50,29-Sep-2026,76600.0,CE,73051.85,0.05,50,500,50,0.0,250.025,0,0,0,0,0,,,,,,,,,,,,,,,0.07074751458434805,73151,0.019171485031428796,0.009899999999999999,index_dividend_yield,0.065,11.45,25,73081.3,73210.35,72855.2,72947.45,mid_price,no_nse_iv
2026-09-03T14:15:06.380068+00:00,2026-09-03T19:45:06.380068+05:30,NIFTYNXT50,29-Sep-2026,76600.0,PE,73051.85,1985.9,25,4502.05,25,0.0,3243.9750000000004,0,0,0,0,0,,,,,,,,,,,,,,,0.07074751458434805,,,,,,11.45,25,73081.3,73210.35,72855.2,72947.45,mid_price,no_price_available
2026-09-03T14:15:06.380068+00:00,2026-09-03T19:45:06.380068+05:30,NIFTYNXT50,29-Sep-2026,76700.0,CE,73051.85,0.05,50,717.65,50,0.0,358.84999999999997,0,0,0,0,0,,,,,,,,,,,,,,,0.07074751458434805,73151,0.019171485031428796,0.009899999999999999,index_dividend_yield,0.065,11.45,25,73081.3,73210.35,72855.2,72947.45,mid_price,no_nse_iv
2026-09-03T14:15:06.380068+00:00,2026-09-03T19:45:06.380068+05:30,NIFTYNXT50,29-Sep-2026,76700.0,PE,73051.85,,0,,0,0.0,,0,0,0,0,0,,,,,,,,,,,,,,,0.07074751458434805,,,,,,11.45,25,73081.3,73210.35,72855.2,72947.45,none,no_price_available
2026-09-03T14:15:06.380068+00:00,2026-09-03T19:45:06.380068+05:30,NIFTYNXT50,29-Sep-2026,76800.0,CE,73051.85,0.05,50,717.65,50,0.0,358.84999999999997,0,0,0,0,0,,,,,,,,,,,,,,,0.07074751458434805,73151,0.019171485031428796,0.009899999999999999,index_dividend_yield,0.065,11.45,25,73081.3,73210.35,72855.2,72947.45,mid_price,no_nse_iv
2026-09-03T14:15:06.380068+00:00,2026-09-03T19:45:06.380068+05:30,NIFTYNXT50,29-Sep-2026,76800.0,PE,73051.85,,0,,0,0.0,,0,0,0,0,0,,,,,,,,,,,,,,,0.07074751458434805,,,,,,11.45,25,73081.3,73210.35,72855.2,72947.45,none,no_price_available
2026-09-03T14:15:06.380068+00:00,2026-09-03T19:45:06.380068+05:30,NIFTYNXT50,29-Sep-2026,76900.0,CE,73051.85,0.05,50,500,50,0.0,250.025,0,0,0,0,0,,,,,,,,,,,,,,,0.07074751458434805,73151,0.019171485031428796,0.009899999999999999,index_dividend_yield,0.065,11.45,25,73081.3,73210.35,72855.2,72947.45,mid_price,no_nse_iv
2026-09-03T14:15:06.380068+00:00,2026-09-03T19:45:06.380068+05:30,NIFTYNXT50,29-Sep-2026,76900.0,PE,73051.85,,0,,0,0.0,,0,0,0,0,0,,,,,,,,,,,,,,,0.07074751458434805,,,,,,11.45,25,73081.3,73210.35,72855.2,72947.45,none,no_price_available
2026-09-03T14:15:06.380068+00:00,2026-09-03T19:45:06.380068+05:30,NIFTYNXT50,29-Sep-2026,77000.0,CE,73051.85,11,100,375,25,0.0,193.0,0,0,0,0,0,,,,,,,,,,,,,,,0.07074751458434805,73151,0.019171485031428796,0.009899999999999999,index_dividend_yield,0.065,11.45,25,73081.3,73210.35,72855.2,72947.45,mid_price,no_nse_iv
2026-09-03T14:15:06.380068+00:00,2026-09-03T19:45:06.380068+05:30,NIFTYNXT50,29-Sep-2026,77000.0,PE,73051.85,,0,,0,0.0,,0,0,0,0,0,,,,,,,,,,,,,,,0.07074751458434805,,,,,,11.45,25,73081.3,73210.35,72855.2,72947.45,none,no_price_available
2026-09-03T14:15:06.380068+00:00,2026-09-03T19:45:06.380068+05:30,NIFTYNXT50,29-Sep-2026,77100.0,CE,73051.85,0.05,50,612.65,50,0.0,306.34999999999997,0,0,0,0,0,,,,,,,,,,,,,,,0.07074751458434805,73151,0.019171485031428796,0.009899999999999999,index_dividend_yield,0.065,11.45,25,73081.3,73210.35,72855.2,72947.45,mid_price,no_nse_iv
2026-09-03T14:15:06.380068+00:00,2026-09-03T19:45:06.380068+05:30,NIFTYNXT50,29-Sep-2026,77100.0,PE,73051.85,,0,,0,0.0,,0,0,0,0,0,,,,,,,,,,,,,,,0.07074751458434805,,,,,,11.45,25,73081.3,73210.35,72855.2,72947.45,none,no_price_available
2026-09-03T14:15:06.380068+00:00,2026-09-03T19:45:06.380068+05:30,NIFTYNXT50,29-Sep-2026,77200.0,CE,73051.85,0.05,50,612.65,50,0.0,306.34999999999997,0,0,0,0,0,,,,,,,,,,,,,,,0.07074751458434805,73151,0.019171485031428796,0.009899999999999999,index_dividend_yield,0.065,11.45,25,73081.3,73210.35,72855.2,72947.45,mid_price,no_nse_iv
2026-09-03T14:15:06.380068+00:00,2026-09-03T19:45:06.380068+05:30,NIFTYNXT50,29-Sep-2026,77200.0,PE,73051.85,,0,,0,0.0,,0,0,0,0,0,,,,,,,,,,,,,,,0.07074751458434805,,,,,,11.45,25,73081.3,73210.35,72855.2,72947.45,none,no_price_available
2026-09-03T14:15:06.380068+00:00,2026-09-03T19:45:06.380068+05:30,NIFTYNXT50,29-Sep-2026,77300.0,CE,73051.85,0.05,50,400,50,0.0,200.025,0,0,0,0,0,,,,,,,,,,,,,,,0.07074751458434805,73151,0.019171485031428796,0.009899999999999999,index_dividend_yield,0.065,11.45,25,73081.3,73210.35,72855.2,72947.45,mid_price,no_nse_iv
2026-09-03T14:15:06.380068+00:00,2026-09-03T19:45:06.380068+05:30,NIFTYNXT50,29-Sep-2026,77300.0,PE,73051.85,,0,,0,0.0,,0,0,0,0,0,,,,,,,,,,,,,,,0.07074751458434805,,,,,,11.45,25,73081.3,73210.35,72855.2,72947.45,none,no_price_available
2026-09-03T14:15:06.380068+00:00,2026-09-03T19:45:06.380068+05:30,NIFTYNXT50,29-Sep-2026,77400.0,CE,73051.85,0.05,50,400,50,0.0,200.025,0,0,0,0,0,,,,,,,,,,,,,,,0.07074751458434805,73151,0.019171485031428796,0.009899999999999999,index_dividend_yield,0.065,11.45,25,73081.3,73210.35,72855.2,72947.45,mid_price,no_nse_iv
2026-09-03T14:15:06.380068+00:00,2026-09-03T19:45:06.380068+05:30,NIFTYNXT50,29-Sep-2026,77400.0,PE,73051.85,,0,,0,0.0,,0,0,0,0,0,,,,,,,,,,,,,,,0.07074751458434805,,,,,,11.45,25,73081.3,73210.35,72855.2,72947.45,none,no_price_available
2026-09-03T14:15:06.380068+00:00,2026-09-03T19:45:06.380068+05:30,NIFTYNXT50,29-Sep-2026,77500.0,CE,73051.85,0.05,50,387.75,25,0.0,193.9,0,0,0,0,0,,,,,,,,,,,,,,,0.07074751458434805,73151,0.019171485031428796,0.009899999999999999,index_dividend_yield,0.065,11.45,25,73081.3,73210.35,72855.2,72947.45,mid_price,no_nse_iv
2026-09-03T14:15:06.380068+00:00,2026-09-03T19:45:06.380068+05:30,NIFTYNXT50,29-Sep-2026,77500.0,PE,73051.85,,0,,0,0.0,,0,0,0,0,0,,,,,,,,,,,,,,,0.07074751458434805,,,,,,11.45,25,73081.3,73210.35,72855.2,72947.45,none,no_price_available
2026-09-03T14:15:06.380068+00:00,2026-09-03T19:45:06.380068+05:30,NIFTYNXT50,29-Sep-2026,77600.0,CE,73051.85,1.4,25,364,25,0.0,182.7,10,0,0,0,10,0.017379141153509935,2.2108096982166427e-05,-1.8056872483807191,8.346895681698484,0.9181266812938494,-0.0020209257426695194,376.5568102497889,2.3882728534712486e-08,0.000776292589966887,-1.7673367356078274e-06,-0.990469783720183,105.08835968820081,-0.0162048628370877,1.959252257792323e-05,0.07074751458434805,73151,0.019171485031428796,0.009899999999999999,index_dividend_yield,0.065,11.45,25,73081.3,73210.35,72855.2,72947.45,mid_price,wide_quote_low_liquidity
2026-09-03T14:15:06.380068+00:00,2026-09-03T19:45:06.380068+05:30,NIFTYNXT50,29-Sep-2026,77600.0,PE,73051.85,,0,,0,0.0,,0,0,0,0,0,,,,,,,,,,,,,,,0.07074751458434805,,,,,,11.45,25,73081.3,73210.35,72855.2,72947.45,none,no_price_available
2026-09-03T14:15:06.380068+00:00,2026-09-03T19:45:06.380068+05:30,NIFTYNXT50,29-Sep-2026,77700.0,CE,73051.85,0.05,50,370,25,0.0,185.025,0,0,0,0,0,,,,,,,,,,,,,,,0.07074751458434805,73151,0.019171485031428796,0.009899999999999999,index_dividend_yield,0.065,11.45,25,73081.3,73210.35,72855.2,72947.45,mid_price,no_nse_iv
2026-09-03T14:15:06.380068+00:00,2026-09-03T19:45:06.380068+05:30,NIFTYNXT50,29-Sep-2026,77700.0,PE,73051.85,,0,,0,0.0,,0,0,0,0,0,,,,,,,,,,,,,,,0.07074751458434805,,,,,,11.45,25,73081.3,73210.35,72855.2,72947.45,none,no_price_available
2026-09-03T14:15:06.380068+00:00,2026-09-03T19:45:06.380068+05:30,NIFTYNXT50,29-Sep-2026,77800.0,CE,73051.85,0.05,50,370,25,0.0,185.025,0,0,0,0,0,,,,,,,,,,,,,,,0.07074751458434805,73151,0.019171485031428796,0.009899999999999999,index_dividend_yield,0.065,11.45,25,73081.3,73210.35,72855.2,72947.45,mid_price,no_nse_iv
2026-09-03T14:15:06.380068+00:00,2026-09-03T19:45:06.380068+05:30,NIFTYNXT50,29-Sep-2026,77800.0,PE,73051.85,,0,,0,0.0,,0,0,0,0,0,,,,,,,,,,,,,,,0.07074751458434805,,,,,,11.45,25,73081.3,73210.35,72855.2,72947.45,none,no_price_available
2026-09-03T14:15:06.380068+00:00,2026-09-03T19:45:06.380068+05:30,NIFTYNXT50,29-Sep-2026,77900.0,CE,73051.85,0.05,50,370,25,0.0,185.025,0,0,0,0,0,,,,,,,,,,,,,,,0.07074751458434805,73151,0.019171485031428796,0.009899999999999999,index_dividend_yield,0.065,11.45,25,73081.3,73210.35,72855.2,72947.45,mid_price,no_nse_iv
2026-09-03T14:15:06.380068+00:00,2026-09-03T19:45:06.380068+05:30,NIFTYNXT50,29-Sep-2026,77900.0,PE,73051.85,,0,,0,0.0,,0,0,0,0,0,,,,,,,,,,,,,,,0.07074751458434805,,,,,,11.45,25,73081.3,73210.35,72855.2,72947.45,none,no_price_available
2026-09-03T14:15:06.380068+00:00,2026-09-03T19:45:06.380068+05:30,NIFTYNXT50,29-Sep-2026,78000.0,CE,73051.85,0.05,50,363,25,0.0,181.525,0,0,0,0,0,,,,,,,,,,,,,,,0.07074751458434805,73151,0.019171485031428796,0.009899999999999999,index_dividend_yield,0.065,11.45,25,73081.3,73210.35,72855.2,72947.45,mid_price,no_nse_iv
2026-09-03T14:15:06.380068+00:00,2026-09-03T19:45:06.380068+05:30,NIFTYNXT50,29-Sep-2026,78000.0,PE,73051.85,,0,,0,0.0,,0,0,0,0,0,,,,,,,,,,,,,,,0.07074751458434805,,,,,,11.45,25,73081.3,73210.35,72855.2,72947.45,none,no_price_available
2026-09-03T14:15:06.380068+00:00,2026-09-03T19:45:06.380068+05:30,NIFTYNXT50,29-Sep-2026,78100.0,CE,0,,0,,0,0.0,,0,0,0,0,0,,,,,,,,,,,,,,,0.07074751458434805,,,,,,11.45,25,73081.3,73210.35,72855.2,72947.45,none,no_price_available
2026-09-03T14:15:06.380068+00:00,2026-09-03T19:45:06.380068+05:30,NIFTYNXT50,29-Sep-2026,78100.0,PE,73051.85,,0,,0,0.0,,0,0,0,0,0,,,,,,,,,,,,,,,0.07074751458434805,,,,,,11.45,25,73081.3,73210.35,72855.2,72947.45,none,no_price_available
2026-09-03T14:15:06.380068+00:00,2026-09-03T19:45:06.380068+05:30,NIFTYNXT50,29-Sep-2026,78200.0,CE,0,,0,,0,0.0,,0,0,0,0,0,,,,,,,,,,,,,,,0.07074751458434805,,,,,,11.45,25,73081.3,73210.35,72855.2,72947.45,none,no_price_available
2026-09-03T14:15:06.380068+00:00,2026-09-03T19:45:06.380068+05:30,NIFTYNXT50,29-Sep-2026,78200.0,PE,73051.85,,0,,0,0.0,,0,0,0,0,0,,,,,,,,,,,,,,,0.07074751458434805,,,,,,11.45,25,73081.3,73210.35,72855.2,72947.45,none,no_price_available
2026-09-03T14:15:06.380068+00:00,2026-09-03T19:45:06.380068+05:30,NIFTYNXT50,29-Sep-2026,78300.0,CE,0,,0,,0,0.0,,0,0,0,0,0,,,,,,,,,,,,,,,0.07074751458434805,,,,,,11.45,25,73081.3,73210.35,72855.2,72947.45,none,no_price_available
2026-09-03T14:15:06.380068+00:00,2026-09-03T19:45:06.380068+05:30,NIFTYNXT50,29-Sep-2026,78300.0,PE,73051.85,,0,,0,0.0,,0,0,0,0,0,,,,,,,,,,,,,,,0.07074751458434805,,,,,,11.45,25,73081.3,73210.35,72855.2,72947.45,none,no_price_available
2026-09-03T14:15:06.380068+00:00,2026-09-03T19:45:06.380068+05:30,NIFTYNXT50,29-Sep-2026,78400.0,CE,0,,0,,0,0.0,,0,0,0,0,0,,,,,,,,,,,,,,,0.07074751458434805,,,,,,11.45,25,73081.3,73210.35,72855.2,72947.45,none,no_price_available
2026-09-03T14:15:06.380068+00:00,2026-09-03T19:45:06.380068+05:30,NIFTYNXT50,29-Sep-2026,78400.0,PE,73051.85,,0,,0,0.0,,0,0,0,0,0,,,,,,,,,,,,,,,0.07074751458434805,,,,,,11.45,25,73081.3,73210.35,72855.2,72947.45,none,no_price_available
2026-09-03T14:15:06.380068+00:00,2026-09-03T19:45:06.380068+05:30,NIFTYNXT50,29-Sep-2026,78500.0,CE,0,,0,,0,0.0,,0,0,0,0,0,,,,,,,,,,,,,,,0.07074751458434805,,,,,,11.45,25,73081.3,73210.35,72855.2,72947.45,none,no_price_available
2026-09-03T14:15:06.380068+00:00,2026-09-03T19:45:06.380068+05:30,NIFTYNXT50,29-Sep-2026,78500.0,PE,73051.85,,0,,0,0.0,,0,0,0,0,0,,,,,,,,,,,,,,,0.07074751458434805,,,,,,11.45,25,73081.3,73210.35,72855.2,72947.45,none,no_price_available
2026-09-03T14:15:06.380068+00:00,2026-09-03T19:45:06.380068+05:30,NIFTYNXT50,29-Sep-2026,78600.0,CE,0,,0,,0,0.0,,0,0,0,0,0,,,,,,,,,,,,,,,0.07074751458434805,,,,,,11.45,25,73081.3,73210.35,72855.2,72947.45,none,no_price_available
2026-09-03T14:15:06.380068+00:00,2026-09-03T19:45:06.380068+05:30,NIFTYNXT50,29-Sep-2026,78600.0,PE,73051.85,,0,,0,0.0,,0,0,0,0,0,,,,,,,,,,,,,,,0.07074751458434805,,,,,,11.45,25,73081.3,73210.35,72855.2,72947.45,none,no_price_available
2026-09-03T14:15:06.380068+00:00,2026-09-03T19:45:06.380068+05:30,NIFTYNXT50,29-Sep-2026,78700.0,CE,0,,0,,0,0.0,,0,0,0,0,0,,,,,,,,,,,,,,,0.07074751458434805,,,,,,11.45,25,73081.3,73210.35,72855.2,72947.45,none,no_price_available
2026-09-03T14:15:06.380068+00:00,2026-09-03T19:45:06.380068+05:30,NIFTYNXT50,29-Sep-2026,78700.0,PE,73051.85,,0,,0,0.0,,0,0,0,0,0,,,,,,,,,,,,,,,0.07074751458434805,,,,,,11.45,25,73081.3,73210.35,72855.2,72947.45,none,no_price_available
2026-09-03T14:15:06.380068+00:00,2026-09-03T19:45:06.380068+05:30,NIFTYNXT50,29-Sep-2026,78800.0,CE,0,,0,,0,0.0,,0,0,0,0,0,,,,,,,,,,,,,,,0.07074751458434805,,,,,,11.45,25,73081.3,73210.35,72855.2,72947.45,none,no_price_available
2026-09-03T14:15:06.380068+00:00,2026-09-03T19:45:06.380068+05:30,NIFTYNXT50,29-Sep-2026,78800.0,PE,73051.85,,0,,0,0.0,,0,0,0,0,0,,,,,,,,,,,,,,,0.07074751458434805,,,,,,11.45,25,73081.3,73210.35,72855.2,72947.45,none,no_price_available
2026-09-03T14:15:06.380068+00:00,2026-09-03T19:45:06.380068+05:30,NIFTYNXT50,29-Sep-2026,78900.0,CE,0,,0,,0,0.0,,0,0,0,0,0,,,,,,,,,,,,,,,0.07074751458434805,,,,,,11.45,25,73081.3,73210.35,72855.2,72947.45,none,no_price_available
2026-09-03T14:15:06.380068+00:00,2026-09-03T19:45:06.380068+05:30,NIFTYNXT50,29-Sep-2026,78900.0,PE,73051.85,,0,,0,0.0,,0,0,0,0,0,,,,,,,,,,,,,,,0.07074751458434805,,,,,,11.45,25,73081.3,73210.35,72855.2,72947.45,none,no_price_available
2026-09-03T14:15:06.380068+00:00,2026-09-03T19:45:06.380068+05:30,NIFTYNXT50,29-Sep-2026,79000.0,CE,0,,0,,0,0.0,,0,0,0,0,0,,,,,,,,,,,,,,,0.07074751458434805,,,,,,11.45,25,73081.3,73210.35,72855.2,72947.45,none,no_price_available
2026-09-03T14:15:06.380068+00:00,2026-09-03T19:45:06.380068+05:30,NIFTYNXT50,29-Sep-2026,79000.0,PE,73051.85,,0,,0,0.0,,0,0,0,0,0,,,,,,,,,,,,,,,0.07074751458434805,,,,,,11.45,25,73081.3,73210.35,72855.2,72947.45,none,no_price_available
2026-09-03T14:15:06.380068+00:00,2026-09-03T19:45:06.380068+05:30,NIFTYNXT50,29-Sep-2026,79100.0,CE,0,,0,,0,0.0,,0,0,0,0,0,,,,,,,,,,,,,,,0.07074751458434805,,,,,,11.45,25,73081.3,73210.35,72855.2,72947.45,none,no_price_available
2026-09-03T14:15:06.380068+00:00,2026-09-03T19:45:06.380068+05:30,NIFTYNXT50,29-Sep-2026,79100.0,PE,73051.85,,0,,0,0.0,,0,0,0,0,0,,,,,,,,,,,,,,,0.07074751458434805,,,,,,11.45,25,73081.3,73210.35,72855.2,72947.45,none,no_price_available
2026-09-03T14:15:06.380068+00:00,2026-09-03T19:45:06.380068+05:30,NIFTYNXT50,29-Sep-2026,79200.0,CE,0,,0,,0,0.0,,0,0,0,0,0,,,,,,,,,,,,,,,0.07074751458434805,,,,,,11.45,25,73081.3,73210.35,72855.2,72947.45,none,no_price_available
2026-09-03T14:15:06.380068+00:00,2026-09-03T19:45:06.380068+05:30,NIFTYNXT50,29-Sep-2026,79200.0,PE,73051.85,,0,,0,0.0,,0,0,0,0,0,,,,,,,,,,,,,,,0.07074751458434805,,,,,,11.45,25,73081.3,73210.35,72855.2,72947.45,none,no_price_available
2026-09-03T14:15:06.380068+00:00,2026-09-03T19:45:06.380068+05:30,NIFTYNXT50,29-Sep-2026,79300.0,CE,0,,0,,0,0.0,,0,0,0,0,0,,,,,,,,,,,,,,,0.07074751458434805,,,,,,11.45,25,73081.3,73210.35,72855.2,72947.45,none,no_price_available
2026-09-03T14:15:06.380068+00:00,2026-09-03T19:45:06.380068+05:30,NIFTYNXT50,29-Sep-2026,79300.0,PE,73051.85,,0,,0,0.0,,0,0,0,0,0,,,,,,,,,,,,,,,0.07074751458434805,,,,,,11.45,25,73081.3,73210.35,72855.2,72947.45,none,no_price_available
2026-09-03T14:15:06.380068+00:00,2026-09-03T19:45:06.380068+05:30,NIFTYNXT50,29-Sep-2026,79400.0,CE,0,,0,,0,0.0,,0,0,0,0,0,,,,,,,,,,,,,,,0.07074751458434805,,,,,,11.45,25,73081.3,73210.35,72855.2,72947.45,none,no_price_available
2026-09-03T14:15:06.380068+00:00,2026-09-03T19:45:06.380068+05:30,NIFTYNXT50,29-Sep-2026,79400.0,PE,73051.85,,0,,0,0.0,,0,0,0,0,0,,,,,,,,,,,,,,,0.07074751458434805,,,,,,11.45,25,73081.3,73210.35,72855.2,72947.45,none,no_price_available
2026-09-03T14:15:06.380068+00:00,2026-09-03T19:45:06.380068+05:30,NIFTYNXT50,29-Sep-2026,79500.0,CE,0,,0,,0,0.0,,0,0,0,0,0,,,,,,,,,,,,,,,0.07074751458434805,,,,,,11.45,25,73081.3,73210.35,72855.2,72947.45,none,no_price_available
2026-09-03T14:15:06.380068+00:00,2026-09-03T19:45:06.380068+05:30,NIFTYNXT50,29-Sep-2026,79500.0,PE,73051.85,,0,,0,0.0,,0,0,0,0,0,,,,,,,,,,,,,,,0.07074751458434805,,,,,,11.45,25,73081.3,73210.35,72855.2,72947.45,none,no_price_available
2026-09-03T14:15:06.380068+00:00,2026-09-03T19:45:06.380068+05:30,NIFTYNXT50,29-Sep-2026,79600.0,CE,0,,0,,0,0.0,,0,0,0,0,0,,,,,,,,,,,,,,,0.07074751458434805,,,,,,11.45,25,73081.3,73210.35,72855.2,72947.45,none,no_price_available
2026-09-03T14:15:06.380068+00:00,2026-09-03T19:45:06.380068+05:30,NIFTYNXT50,29-Sep-2026,79600.0,PE,73051.85,,0,,0,0.0,,0,0,0,0,0,,,,,,,,,,,,,,,0.07074751458434805,,,,,,11.45,25,73081.3,73210.35,72855.2,72947.45,none,no_price_available
2026-09-03T14:15:06.380068+00:00,2026-09-03T19:45:06.380068+05:30,NIFTYNXT50,29-Sep-2026,79700.0,CE,0,,0,,0,0.0,,0,0,0,0,0,,,,,,,,,,,,,,,0.07074751458434805,,,,,,11.45,25,73081.3,73210.35,72855.2,72947.45,none,no_price_available
2026-09-03T14:15:06.380068+00:00,2026-09-03T19:45:06.380068+05:30,NIFTYNXT50,29-Sep-2026,79700.0,PE,73051.85,,0,,0,0.0,,0,0,0,0,0,,,,,,,,,,,,,,,0.07074751458434805,,,,,,11.45,25,73081.3,73210.35,72855.2,72947.45,none,no_price_available
2026-09-03T14:15:06.380068+00:00,2026-09-03T19:45:06.380068+05:30,NIFTYNXT50,29-Sep-2026,79800.0,CE,0,,0,,0,0.0,,0,0,0,0,0,,,,,,,,,,,,,,,0.07074751458434805,,,,,,11.45,25,73081.3,73210.35,72855.2,72947.45,none,no_price_available
2026-09-03T14:15:06.380068+00:00,2026-09-03T19:45:06.380068+05:30,NIFTYNXT50,29-Sep-2026,79800.0,PE,73051.85,,0,,0,0.0,,0,0,0,0,0,,,,,,,,,,,,,,,0.07074751458434805,,,,,,11.45,25,73081.3,73210.35,72855.2,72947.45,none,no_price_available
2026-09-03T14:15:06.380068+00:00,2026-09-03T19:45:06.380068+05:30,NIFTYNXT50,29-Sep-2026,79900.0,CE,0,,0,,0,0.0,,0,0,0,0,0,,,,,,,,,,,,,,,0.07074751458434805,,,,,,11.45,25,73081.3,73210.35,72855.2,72947.45,none,no_price_available
2026-09-03T14:15:06.380068+00:00,2026-09-03T19:45:06.380068+05:30,NIFTYNXT50,29-Sep-2026,79900.0,PE,73051.85,,0,,0,0.0,,0,0,0,0,0,,,,,,,,,,,,,,,0.07074751458434805,,,,,,11.45,25,73081.3,73210.35,72855.2,72947.45,none,no_price_available
2026-09-03T14:15:06.380068+00:00,2026-09-03T19:45:06.380068+05:30,NIFTYNXT50,29-Sep-2026,80000.0,CE,0,,0,,0,0.0,,0,0,0,0,0,,,,,,,,,,,,,,,0.07074751458434805,,,,,,11.45,25,73081.3,73210.35,72855.2,72947.45,none,no_price_available
2026-09-03T14:15:06.380068+00:00,2026-09-03T19:45:06.380068+05:30,NIFTYNXT50,29-Sep-2026,80000.0,PE,73051.85,,0,,0,0.0,,0,0,0,0,0,,,,,,,,,,,,,,,0.07074751458434805,,,,,,11.45,25,73081.3,73210.35,72855.2,72947.45,none,no_price_available
2026-09-03T14:15:06.380068+00:00,2026-09-03T19:45:06.380068+05:30,NIFTYNXT50,29-Sep-2026,80100.0,CE,0,,0,,0,0.0,,0,0,0,0,0,,,,,,,,,,,,,,,0.07074751458434805,,,,,,11.45,25,73081.3,73210.35,72855.2,72947.45,none,no_price_available
2026-09-03T14:15:06.380068+00:00,2026-09-03T19:45:06.380068+05:30,NIFTYNXT50,29-Sep-2026,80100.0,PE,73051.85,,0,,0,0.0,,0,0,0,0,0,,,,,,,,,,,,,,,0.07074751458434805,,,,,,11.45,25,73081.3,73210.35,72855.2,72947.45,none,no_price_available
2026-09-03T14:15:06.380068+00:00,2026-09-03T19:45:06.380068+05:30,NIFTYNXT50,29-Sep-2026,80200.0,CE,0,,0,,0,0.0,,0,0,0,0,0,,,,,,,,,,,,,,,0.07074751458434805,,,,,,11.45,25,73081.3,73210.35,72855.2,72947.45,none,no_price_available
2026-09-03T14:15:06.380068+00:00,2026-09-03T19:45:06.380068+05:30,NIFTYNXT50,29-Sep-2026,80200.0,PE,73051.85,,0,,0,0.0,,0,0,0,0,0,,,,,,,,,,,,,,,0.07074751458434805,,,,,,11.45,25,73081.3,73210.35,72855.2,72947.45,none,no_price_available
2026-09-03T14:15:06.380068+00:00,2026-09-03T19:45:06.380068+05:30,NIFTYNXT50,29-Sep-2026,80300.0,CE,0,,0,,0,0.0,,0,0,0,0,0,,,,,,,,,,,,,,,0.07074751458434805,,,,,,11.45,25,73081.3,73210.35,72855.2,72947.45,none,no_price_available
2026-09-03T14:15:06.380068+00:00,2026-09-03T19:45:06.380068+05:30,NIFTYNXT50,29-Sep-2026,80300.0,PE,73051.85,,0,,0,0.0,,0,0,0,0,0,,,,,,,,,,,,,,,0.07074751458434805,,,,,,11.45,25,73081.3,73210.35,72855.2,72947.45,none,no_price_available
2026-09-03T14:15:06.380068+00:00,2026-09-03T19:45:06.380068+05:30,NIFTYNXT50,29-Sep-2026,80400.0,CE,0,,0,,0,0.0,,0,0,0,0,0,,,,,,,,,,,,,,,0.07074751458434805,,,,,,11.45,25,73081.3,73210.35,72855.2,72947.45,none,no_price_available
2026-09-03T14:15:06.380068+00:00,2026-09-03T19:45:06.380068+05:30,NIFTYNXT50,29-Sep-2026,80400.0,PE,73051.85,,0,,0,0.0,,0,0,0,0,0,,,,,,,,,,,,,,,0.07074751458434805,,,,,,11.45,25,73081.3,73210.35,72855.2,72947.45,none,no_price_available
2026-09-03T14:15:06.380068+00:00,2026-09-03T19:45:06.380068+05:30,NIFTYNXT50,29-Sep-2026,80500.0,CE,0,,0,,0,0.0,,0,0,0,0,0,,,,,,,,,,,,,,,0.07074751458434805,,,,,,11.45,25,73081.3,73210.35,72855.2,72947.45,none,no_price_available
2026-09-03T14:15:06.380068+00:00,2026-09-03T19:45:06.380068+05:30,NIFTYNXT50,29-Sep-2026,80500.0,PE,73051.85,,0,,0,0.0,,0,0,0,0,0,,,,,,,,,,,,,,,0.07074751458434805,,,,,,11.45,25,73081.3,73210.35,72855.2,72947.45,none,no_price_available
2026-09-03T14:15:06.380068+00:00,2026-09-03T19:45:06.380068+05:30,NIFTYNXT50,29-Sep-2026,80600.0,CE,0,,0,,0,0.0,,0,0,0,0,0,,,,,,,,,,,,,,,0.07074751458434805,,,,,,11.45,25,73081.3,73210.35,72855.2,72947.45,none,no_price_available
2026-09-03T14:15:06.380068+00:00,2026-09-03T19:45:06.380068+05:30,NIFTYNXT50,29-Sep-2026,80600.0,PE,73051.85,,0,,0,0.0,,0,0,0,0,0,,,,,,,,,,,,,,,0.07074751458434805,,,,,,11.45,25,73081.3,73210.35,72855.2,72947.45,none,no_price_available
2026-09-03T14:15:06.380068+00:00,2026-09-03T19:45:06.380068+05:30,NIFTYNXT50,29-Sep-2026,80700.0,CE,0,,0,,0,0.0,,0,0,0,0,0,,,,,,,,,,,,,,,0.07074751458434805,,,,,,11.45,25,73081.3,73210.35,72855.2,72947.45,none,no_price_available
2026-09-03T14:15:06.380068+00:00,2026-09-03T19:45:06.380068+05:30,NIFTYNXT50,29-Sep-2026,80700.0,PE,73051.85,,0,,0,0.0,,0,0,0,0,0,,,,,,,,,,,,,,,0.07074751458434805,,,,,,11.45,25,73081.3,73210.35,72855.2,72947.45,none,no_price_available
2026-09-03T14:15:06.380068+00:00,2026-09-03T19:45:06.380068+05:30,NIFTYNXT50,29-Sep-2026,80800.0,CE,0,,0,,0,0.0,,0,0,0,0,0,,,,,,,,,,,,,,,0.07074751458434805,,,,,,11.45,25,73081.3,73210.35,72855.2,72947.45,none,no_price_available
2026-09-03T14:15:06.380068+00:00,2026-09-03T19:45:06.380068+05:30,NIFTYNXT50,29-Sep-2026,80800.0,PE,73051.85,,0,,0,0.0,,0,0,0,0,0,,,,,,,,,,,,,,,0.07074751458434805,,,,,,11.45,25,73081.3,73210.35,72855.2,72947.45,none,no_price_available
2026-09-03T14:15:06.380068+00:00,2026-09-03T19:45:06.380068+05:30,NIFTYNXT50,29-Sep-2026,80900.0,CE,0,,0,,0,0.0,,0,0,0,0,0,,,,,,,,,,,,,,,0.07074751458434805,,,,,,11.45,25,73081.3,73210.35,72855.2,72947.45,none,no_price_available
2026-09-03T14:15:06.380068+00:00,2026-09-03T19:45:06.380068+05:30,NIFTYNXT50,29-Sep-2026,80900.0,PE,73051.85,,0,,0,0.0,,0,0,0,0,0,,,,,,,,,,,,,,,0.07074751458434805,,,,,,11.45,25,73081.3,73210.35,72855.2,72947.45,none,no_price_available
2026-09-03T14:15:06.380068+00:00,2026-09-03T19:45:06.380068+05:30,NIFTYNXT50,29-Sep-2026,81000.0,CE,0,,0,,0,0.0,,0,0,0,0,0,,,,,,,,,,,,,,,0.07074751458434805,,,,,,11.45,25,73081.3,73210.35,72855.2,72947.45,none,no_price_available
2026-09-03T14:15:06.380068+00:00,2026-09-03T19:45:06.380068+05:30,NIFTYNXT50,29-Sep-2026,81000.0,PE,73051.85,,0,,0,0.0,,0,0,0,0,0,,,,,,,,,,,,,,,0.07074751458434805,,,,,,11.45,25,73081.3,73210.35,72855.2,72947.45,none,no_price_available
2026-09-03T14:15:06.380068+00:00,2026-09-03T19:45:06.380068+05:30,NIFTYNXT50,29-Sep-2026,81500.0,CE,0,,0,,0,0.0,,0,0,0,0,0,,,,,,,,,,,,,,,0.07074751458434805,,,,,,11.45,25,73081.3,73210.35,72855.2,72947.45,none,no_price_available
2026-09-03T14:15:06.380068+00:00,2026-09-03T19:45:06.380068+05:30,NIFTYNXT50,29-Sep-2026,81500.0,PE,73051.85,,0,,0,0.0,,0,0,0,0,0,,,,,,,,,,,,,,,0.07074751458434805,,,,,,11.45,25,73081.3,73210.35,72855.2,72947.45,none,no_price_available
2026-09-03T14:15:06.380068+00:00,2026-09-03T19:45:06.380068+05:30,NIFTYNXT50,29-Sep-2026,82000.0,CE,73051.85,,0,99,25,0.0,,0,0,0,0,0,,,,,,,,,,,,,,,0.07074751458434805,,,,,,11.45,25,73081.3,73210.35,72855.2,72947.45,none,no_price_available
2026-09-03T14:15:06.380068+00:00,2026-09-03T19:45:06.380068+05:30,NIFTYNXT50,29-Sep-2026,82000.0,PE,73051.85,,0,,0,0.0,,0,0,0,0,0,,,,,,,,,,,,,,,0.07074751458434805,,,,,,11.45,25,73081.3,73210.35,72855.2,72947.45,none,no_price_available
2026-09-03T14:15:06.380068+00:00,2026-09-03T19:45:06.380068+05:30,NIFTYNXT50,29-Sep-2026,82500.0,CE,0,,0,,0,0.0,,0,0,0,0,0,,,,,,,,,,,,,,,0.07074751458434805,,,,,,11.45,25,73081.3,73210.35,72855.2,72947.45,none,no_price_available
2026-09-03T14:15:06.380068+00:00,2026-09-03T19:45:06.380068+05:30,NIFTYNXT50,29-Sep-2026,82500.0,PE,73051.85,,0,,0,0.0,,0,0,0,0,0,,,,,,,,,,,,,,,0.07074751458434805,,,,,,11.45,25,73081.3,73210.35,72855.2,72947.45,none,no_price_available
2026-09-03T14:15:06.380068+00:00,2026-09-03T19:45:06.380068+05:30,NIFTYNXT50,29-Sep-2026,83000.0,CE,73051.85,,0,60,25,0.0,,0,0,0,0,0,,,,,,,,,,,,,,,0.07074751458434805,,,,,,11.45,25,73081.3,73210.35,72855.2,72947.45,none,no_price_available
2026-09-03T14:15:06.380068+00:00,2026-09-03T19:45:06.380068+05:30,NIFTYNXT50,29-Sep-2026,83000.0,PE,73051.85,,0,,0,0.0,,0,0,0,0,0,,,,,,,,,,,,,,,0.07074751458434805,,,,,,11.45,25,73081.3,73210.35,72855.2,72947.45,none,no_price_available
2026-09-03T14:15:06.380068+00:00,2026-09-03T19:45:06.380068+05:30,NIFTYNXT50,29-Sep-2026,83500.0,CE,0,,0,,0,0.0,,0,0,0,0,0,,,,,,,,,,,,,,,0.07074751458434805,,,,,,11.45,25,73081.3,73210.35,72855.2,72947.45,none,no_price_available
2026-09-03T14:15:06.380068+00:00,2026-09-03T19:45:06.380068+05:30,NIFTYNXT50,29-Sep-2026,83500.0,PE,73051.85,,0,,0,0.0,,0,0,0,0,0,,,,,,,,,,,,,,,0.07074751458434805,,,,,,11.45,25,73081.3,73210.35,72855.2,72947.45,none,no_price_available
2026-09-03T14:15:06.380068+00:00,2026-09-03T19:45:06.380068+05:30,NIFTYNXT50,29-Sep-2026,84000.0,CE,0,,0,,0,0.0,,0,0,0,0,0,,,,,,,,,,,,,,,0.07074751458434805,,,,,,11.45,25,73081.3,73210.35,72855.2,72947.45,none,no_price_available
2026-09-03T14:15:06.380068+00:00,2026-09-03T19:45:06.380068+05:30,NIFTYNXT50,29-Sep-2026,84000.0,PE,73051.85,,0,,0,0.0,,0,0,0,0,0,,,,,,,,,,,,,,,0.07074751458434805,,,,,,11.45,25,73081.3,73210.35,72855.2,72947.45,none,no_price_available
2026-09-03T14:15:06.380068+00:00,2026-09-03T19:45:06.380068+05:30,NIFTYNXT50,29-Sep-2026,84500.0,CE,0,,0,,0,0.0,,0,0,0,0,0,,,,,,,,,,,,,,,0.07074751458434805,,,,,,11.45,25,73081.3,73210.35,72855.2,72947.45,none,no_price_available
2026-09-03T14:15:06.380068+00:00,2026-09-03T19:45:06.380068+05:30,NIFTYNXT50,29-Sep-2026,84500.0,PE,73051.85,,0,,0,0.0,,0,0,0,0,0,,,,,,,,,,,,,,,0.07074751458434805,,,,,,11.45,25,73081.3,73210.35,72855.2,72947.45,none,no_price_available
2026-09-03T14:15:06.380068+00:00,2026-09-03T19:45:06.380068+05:30,NIFTYNXT50,29-Sep-2026,85000.0,CE,0,,0,,0,0.0,,0,0,0,0,0,,,,,,,,,,,,,,,0.07074751458434805,,,,,,11.45,25,73081.3,73210.35,72855.2,72947.45,none,no_price_available
2026-09-03T14:15:06.380068+00:00,2026-09-03T19:45:06.380068+05:30,NIFTYNXT50,29-Sep-2026,85000.0,PE,73051.85,,0,,0,0.0,,0,0,0,0,0,,,,,,,,,,,,,,,0.07074751458434805,,,,,,11.45,25,73081.3,73210.35,72855.2,72947.45,none,no_price_available
