fetch_ts_utc,fetch_ts_ist,symbol,expiry_date,strike,option_type,underlying_value,bid_price,bid_qty,ask_price,ask_qty,ltp,mid_price,open_interest,change_in_oi,total_traded_volume,pchange_vs_prev_close,nse_iv,delta,gamma,theta,vega,vanna,charm,vomma,speed,zomma,color,veta,omega,dual_delta,dual_gamma,time_to_expiry_years,futures_price,implied_cost_of_carry,dividend_yield_used,dividend_yield_source,risk_free_rate_used,india_vix,lot_size,underlying_day_open,underlying_day_high,underlying_day_low,underlying_prev_close,price_source_for_iv,data_quality_flag
2026-10-07T10:35:40.581108+00:00,2026-10-07T16:05:40.581108+05:30,BANKNIFTY,27-Oct-2026,47000.0,CE,55055.55,8043.85,30,8242.05,30,8220,8142.95,597,6,13,1.1318897637795275,0,,,,,,,,,,,,,,,0.05472664316628615,55241.2,0.0615125645129975,0.0072,index_dividend_yield,0.065,13.93,30,54968.7,55340.7,54636.2,55128.4,mid_price,no_nse_iv
2026-10-07T10:35:40.581108+00:00,2026-10-07T16:05:40.581108+05:30,BANKNIFTY,27-Oct-2026,47000.0,PE,55055.55,9.1,60,9.95,30,9,9.524999999999999,5031,-98,4484,-21.73913043478261,28.98,-0.007886384837067006,5.798955266315792e-06,-1.951682275609402,2.787720064717914,-0.17523159778967548,0.0012200944780280266,54.48081962614793,-3.86834789502205e-09,9.331894503149017e-05,-6.439362374850339e-07,-0.4491161576354195,-43.699170329350466,0.00944947072852705,7.957126342775352e-06,0.05472664316628615,55241.2,0.0615125645129975,0.0072,index_dividend_yield,0.065,13.93,30,54968.7,55340.7,54636.2,55128.4,mid_price,ok
2026-10-07T10:35:40.581108+00:00,2026-10-07T16:05:40.581108+05:30,BANKNIFTY,27-Oct-2026,47500.0,CE,55055.55,7371.1,300,7952.65,600,0.0,7661.875,0,0,0,0,0,,,,,,,,,,,,,,,0.05472664316628615,55241.2,0.0615125645129975,0.0072,index_dividend_yield,0.065,13.93,30,54968.7,55340.7,54636.2,55128.4,mid_price,no_nse_iv
2026-10-07T10:35:40.581108+00:00,2026-10-07T16:05:40.581108+05:30,BANKNIFTY,27-Oct-2026,47500.0,PE,55055.55,10.75,150,11.5,540,11,11.125,1154,-112,1832,-19.708029197080293,28,-0.009778522177340822,7.247006107442273e-06,-2.2717216190094365,3.366027655907177,-0.21179112486042345,0.001420628427356815,63.681779393901074,-4.83790722884962e-09,0.00011122314376642132,-7.383016845038414e-07,-0.5114073081957806,-44.237471014555176,0.01159014175645731,9.73584428527954e-06,0.05472664316628615,55241.2,0.0615125645129975,0.0072,index_dividend_yield,0.065,13.93,30,54968.7,55340.7,54636.2,55128.4,mid_price,ok
2026-10-07T10:35:40.581108+00:00,2026-10-07T16:05:40.581108+05:30,BANKNIFTY,27-Oct-2026,48000.0,CE,55055.55,7125.35,150,7232.4,30,7175,7178.875,600,1,23,-1.6449623029472242,0,,,,,,,,,,,,,,,0.05472664316628615,55241.2,0.0615125645129975,0.0072,index_dividend_yield,0.065,13.93,30,54968.7,55340.7,54636.2,55128.4,mid_price,no_nse_iv
2026-10-07T10:35:40.581108+00:00,2026-10-07T16:05:40.581108+05:30,BANKNIFTY,27-Oct-2026,48000.0,PE,55055.55,13.35,360,14,2010,13.35,13.675,10417,321,6464,-11,26.97,-0.012051583946482586,9.024763322871821e-06,-2.6179922912079245,4.037548841111612,-0.25481170526443775,0.0016408590466394973,74.01609494394323,-6.0407295883766375e-09,0.00013197877619826822,-8.395430202998327e-07,-0.5776785622947553,-44.90773188361892,0.014130863911057986,1.1872865762417051e-05,0.05472664316628615,55241.2,0.0615125645129975,0.0072,index_dividend_yield,0.065,13.93,30,54968.7,55340.7,54636.2,55128.4,mid_price,ok
2026-10-07T10:35:40.581108+00:00,2026-10-07T16:05:40.581108+05:30,BANKNIFTY,27-Oct-2026,48500.0,CE,55055.55,6423.65,600,6773.5,30,6962.25,6598.575,51,0,6,4.371388095612871,38.21,0.9326163326128095,2.6371148801322937e-05,-22.896813716103367,16.71502799165091,-0.47856268615242836,0.004365553124687782,92.35593711671974,-8.507342175400798e-09,7.669374527248892e-05,-6.633956147125663e-07,-1.2569428919612236,7.489175336206335,-0.9173137307861059,3.3981909833099925e-05,0.05472664316628615,55241.2,0.0615125645129975,0.0072,index_dividend_yield,0.065,13.93,30,54968.7,55340.7,54636.2,55128.4,mid_price,ok
2026-10-07T10:35:40.581108+00:00,2026-10-07T16:05:40.581108+05:30,BANKNIFTY,27-Oct-2026,48500.0,PE,55055.55,14.25,510,15.85,60,15.85,15.05,1823,613,5634,-7.309941520467836,25.85,-0.0146598335299097,1.1151882820040709e-05,-2.9632563221578394,4.782002138911725,-0.30428347676294054,0.0018708978565150098,85.39530481622926,-7.521294477848172e-09,0.00015600556504415968,-9.454501618886973e-07,-0.6447351407337383,-45.84054548301933,0.017004371037456823,1.4370336283602037e-05,0.05472664316628615,55241.2,0.0615125645129975,0.0072,index_dividend_yield,0.065,13.93,30,54968.7,55340.7,54636.2,55128.4,mid_price,ok
2026-10-07T10:35:40.581108+00:00,2026-10-07T16:05:40.581108+05:30,BANKNIFTY,27-Oct-2026,49000.0,CE,55055.55,6182,30,6238,60,6241.65,6210.0,47,1,3,1.3238421454197171,0,,,,,,,,,,,,,,,0.05472664316628615,55241.2,0.0615125645129975,0.0072,index_dividend_yield,0.065,13.93,30,54968.7,55340.7,54636.2,55128.4,mid_price,no_nse_iv
2026-10-07T10:35:40.581108+00:00,2026-10-07T16:05:40.581108+05:30,BANKNIFTY,27-Oct-2026,49000.0,PE,55055.55,17,60,19.35,90,17,18.175,5783,658,15651,-17.073170731707318,24.34,-0.01656205090966026,1.3150923417271307e-05,-3.08724338238009,5.309796095883612,-0.3511957243049202,0.0020242230255122715,96.3631943747667,-9.200592067444082e-09,0.00018463564660591383,-1.0466182660240704e-06,-0.6883035246061588,-48.033071353388706,0.018996250198991656,1.660222517115341e-05,0.05472664316628615,55241.2,0.0615125645129975,0.0072,index_dividend_yield,0.065,13.93,30,54968.7,55340.7,54636.2,55128.4,mid_price,ok
2026-10-07T10:35:40.581108+00:00,2026-10-07T16:05:40.581108+05:30,BANKNIFTY,27-Oct-2026,49200.0,CE,55055.55,5044.6,1410,6236.15,1410,0.0,5640.375,0,0,0,0,0,,,,,,,,,,,,,,,0.05472664316628615,,,,,,13.93,30,54968.7,55340.7,54636.2,55128.4,mid_price,no_price_available
2026-10-07T10:35:40.581108+00:00,2026-10-07T16:05:40.581108+05:30,BANKNIFTY,27-Oct-2026,49200.0,PE,55055.55,13.65,480,24.5,120,15.45,19.075,160,50,329,-27.12264150943396,23.31,-0.015874712394969532,1.3242347527078204e-05,-2.8461575117013704,5.120451723683131,-0.3569431833827215,0.0019664389306787763,98.72054301876076,-9.741425931266388e-09,0.00019849830911788707,-1.0752252977927331e-06,-0.6720102469412828,-50.45382560933604,0.01811613036020137,1.6582002898921315e-05,0.05472664316628615,55241.2,0.0615125645129975,0.0072,index_dividend_yield,0.065,13.93,30,54968.7,55340.7,54636.2,55128.4,mid_price,wide_quote_low_liquidity
2026-10-07T10:35:40.581108+00:00,2026-10-07T16:05:40.581108+05:30,BANKNIFTY,27-Oct-2026,49300.0,CE,55055.55,4970.9,1410,6132.75,1410,0.0,5551.825,0,0,0,0,0,,,,,,,,,,,,,,,0.05472664316628615,,,,,,13.93,30,54968.7,55340.7,54636.2,55128.4,mid_price,no_price_available
2026-10-07T10:35:40.581108+00:00,2026-10-07T16:05:40.581108+05:30,BANKNIFTY,27-Oct-2026,49300.0,PE,55055.55,16.3,30,24.9,1410,16.3,20.6,92,-6,238,-31.799163179916317,23.14,-0.01677576240348286,1.3985488883103675e-05,-2.9599359513764685,5.36836490084162,-0.3730592052275834,0.0020380934593129015,102.1144450579623,-1.0256563641529802e-08,0.00020558698942801286,-1.103468899585119e-06,-0.692221525221119,-50.49246270138245,0.019105286847235985,1.7441588057414512e-05,0.05472664316628615,55241.2,0.0615125645129975,0.0072,index_dividend_yield,0.065,13.93,30,54968.7,55340.7,54636.2,55128.4,mid_price,wide_quote_low_liquidity
2026-10-07T10:35:40.581108+00:00,2026-10-07T16:05:40.581108+05:30,BANKNIFTY,27-Oct-2026,49400.0,CE,55055.55,4872.3,1410,6030.6,1410,0.0,5451.450000000001,0,0,0,0,0,,,,,,,,,,,,,,,0.05472664316628615,,,,,,13.93,30,54968.7,55340.7,54636.2,55128.4,mid_price,no_price_available
2026-10-07T10:35:40.581108+00:00,2026-10-07T16:05:40.581108+05:30,BANKNIFTY,27-Oct-2026,49400.0,PE,55055.55,11.65,450,22,60,22,16.825,165,22,247,-15.384615384615385,23.83,-0.021222462787255855,1.6587571875114425e-05,-3.7218033569519626,6.5570407289210495,-0.42155180248098884,0.002368983305616589,110.16003305426113,-1.1291327064372565e-08,0.00020906891338027758,-1.1511194651106958e-06,-0.7831547052219001,-47.58049579125004,0.024149209380848836,2.0603031710950346e-05,0.05472664316628615,55241.2,0.0615125645129975,0.0072,index_dividend_yield,0.065,13.93,30,54968.7,55340.7,54636.2,55128.4,mid_price,wide_quote_low_liquidity
2026-10-07T10:35:40.581108+00:00,2026-10-07T16:05:40.581108+05:30,BANKNIFTY,27-Oct-2026,49500.0,CE,55055.55,5532.45,30,5844.2,30,0.0,5688.325,4,0,0,0,34.25,0.9199409784476242,3.3591663692566146e-05,-23.33617001218026,19.085041590850032,-0.574114239538237,0.004647355958804833,104.04715825638178,-1.132107759106909e-08,8.5057612009642e-05,-6.356276398160657e-07,-1.3162310016573429,8.622290582647379,-0.9045211320283102,4.155500385195219e-05,0.05472664316628615,55241.2,0.0615125645129975,0.0072,index_dividend_yield,0.065,13.93,30,54968.7,55340.7,54636.2,55128.4,mid_price,ok
2026-10-07T10:35:40.581108+00:00,2026-10-07T16:05:40.581108+05:30,BANKNIFTY,27-Oct-2026,49500.0,PE,55055.55,22,5910,23.5,120,22,22.75,3888,-194,7981,-13.385826771653543,23.46,-0.021515358085861247,1.7045584825855146e-05,-3.7034068282931907,6.633472533926747,-0.43212565417154875,0.0023880366373059854,112.60484729040509,-1.1749137272686507e-08,0.000216696324571221,-1.1726365947427759e-06,-0.7882868889116628,-48.25975138819965,0.02442595881713155,2.1086462093091918e-05,0.05472664316628615,55241.2,0.0615125645129975,0.0072,index_dividend_yield,0.065,13.93,30,54968.7,55340.7,54636.2,55128.4,mid_price,ok
2026-10-07T10:35:40.581108+00:00,2026-10-07T16:05:40.581108+05:30,BANKNIFTY,27-Oct-2026,49600.0,CE,55055.55,3728.45,1410,5841.85,1410,0.0,4785.15,0,0,0,0,0,,,,,,,,,,,,,,,0.05472664316628615,,,,,,13.93,30,54968.7,55340.7,54636.2,55128.4,mid_price,no_price_available
2026-10-07T10:35:40.581108+00:00,2026-10-07T16:05:40.581108+05:30,BANKNIFTY,27-Oct-2026,49600.0,PE,55055.55,13.45,450,25.9,30,22,19.674999999999997,77,7,143,-32.515337423312886,23.1,-0.021860886313558616,1.7545816573249443e-05,-3.692585628078986,6.723363405277718,-0.4434912943169656,0.002410448801056543,115.18591705083291,-1.22382462512782e-08,0.00022464380378669466,-1.1948873668612575e-06,-0.7943075230597074,-48.92491155527425,0.024761357457851914,2.161784720878929e-05,0.05472664316628615,55241.2,0.0615125645129975,0.0072,index_dividend_yield,0.065,13.93,30,54968.7,55340.7,54636.2,55128.4,mid_price,wide_quote_low_liquidity
2026-10-07T10:35:40.581108+00:00,2026-10-07T16:05:40.581108+05:30,BANKNIFTY,27-Oct-2026,49700.0,CE,55055.55,4621.8,1410,5738.25,1410,0.0,5180.025,0,0,0,0,0,,,,,,,,,,,,,,,0.05472664316628615,,,,,,13.93,30,54968.7,55340.7,54636.2,55128.4,mid_price,no_price_available
2026-10-07T10:35:40.581108+00:00,2026-10-07T16:05:40.581108+05:30,BANKNIFTY,27-Oct-2026,49700.0,PE,55055.55,20,30,30.95,300,20.15,25.475,87,-5,168,-24.24812030075188,22.43,-0.020824569368111223,1.7342912363834975e-05,-3.4373485737997145,6.452861211341431,-0.4432381232861854,0.002336444912185962,116.27673834664564,-1.2573603612429464e-08,0.0002351902910033173,-1.213489992392662e-06,-0.7744157615014888,-50.73028101233912,0.023523303709723335,2.1281952189354384e-05,0.05472664316628615,55241.2,0.0615125645129975,0.0072,index_dividend_yield,0.065,13.93,30,54968.7,55340.7,54636.2,55128.4,mid_price,wide_quote_low_liquidity
2026-10-07T10:35:40.581108+00:00,2026-10-07T16:05:40.581108+05:30,BANKNIFTY,27-Oct-2026,49800.0,CE,55055.55,5152.85,600,5632.7,1410,0.0,5392.775,0,0,0,0,0,,,,,,,,,,,,,,,0.05472664316628615,55241.2,0.0615125645129975,0.0072,index_dividend_yield,0.065,13.93,30,54968.7,55340.7,54636.2,55128.4,mid_price,no_nse_iv
2026-10-07T10:35:40.581108+00:00,2026-10-07T16:05:40.581108+05:30,BANKNIFTY,27-Oct-2026,49800.0,PE,55055.55,16.3,450,31.15,300,25.25,23.725,142,15,301,-11.24780316344464,22.87,-0.024923424744292082,1.9789577021952314e-05,-4.075497458866765,7.50764446186344,-0.48620222920010664,0.0026098013914720303,122.8052560412971,-1.356075550071599e-08,0.000237176787214189,-1.2425297898942016e-06,-0.8470609865881737,-48.57841552804431,0.028120871718610878,2.4186890440688318e-05,0.05472664316628615,55241.2,0.0615125645129975,0.0072,index_dividend_yield,0.065,13.93,30,54968.7,55340.7,54636.2,55128.4,mid_price,wide_quote_low_liquidity
2026-10-07T10:35:40.581108+00:00,2026-10-07T16:05:40.581108+05:30,BANKNIFTY,27-Oct-2026,49900.0,CE,55055.55,3532.7,1410,5533.9,1410,0.0,4533.299999999999,0,0,0,0,0,,,,,,,,,,,,,,,0.05472664316628615,,,,,,13.93,30,54968.7,55340.7,54636.2,55128.4,mid_price,no_price_available
2026-10-07T10:35:40.581108+00:00,2026-10-07T16:05:40.581108+05:30,BANKNIFTY,27-Oct-2026,49900.0,PE,55055.55,10.35,1410,31.45,1410,24.2,20.9,132,26,1292,-7.2796934865900385,22.35,-0.024574006005982852,2.001158967017554e-05,-3.93156749162698,7.41925226520397,-0.4935239733604071,0.002585551768677242,125.03782037329624,-1.4067023272571285e-08,0.0002477235137963747,-1.2662973308163004e-06,-0.8407322998781597,-49.8237978850282,0.027657110580155412,2.436030430511286e-05,0.05472664316628615,55241.2,0.0615125645129975,0.0072,index_dividend_yield,0.065,13.93,30,54968.7,55340.7,54636.2,55128.4,mid_price,wide_quote_low_liquidity
2026-10-07T10:35:40.581108+00:00,2026-10-07T16:05:40.581108+05:30,BANKNIFTY,27-Oct-2026,50000.0,CE,55055.55,5195.2,120,5284.45,30,5209.6,5239.825,4454,19,139,0.1692047377326565,0,,,,,,,,,,,,,,,0.05472664316628615,55241.2,0.0615125645129975,0.0072,index_dividend_yield,0.065,13.93,30,54968.7,55340.7,54636.2,55128.4,mid_price,no_nse_iv
2026-10-07T10:35:40.581108+00:00,2026-10-07T16:05:40.581108+05:30,BANKNIFTY,27-Oct-2026,50000.0,PE,55055.55,26.05,150,28,30,25.5,27.025,17698,192,32349,-20.3125,22.17,-0.025932393938311312,2.110436073862974e-05,-4.075893450517681,7.7613794437376615,-0.5143221261209308,0.0026691837499598324,128.78019880696633,-1.4779963343243668e-08,0.0002549822192738255,-1.2893774697170204e-06,-0.8625565479732051,-49.8734491405155,0.029126982209733254,2.5587885821814986e-05,0.05472664316628615,55241.2,0.0615125645129975,0.0072,index_dividend_yield,0.065,13.93,30,54968.7,55340.7,54636.2,55128.4,mid_price,ok
2026-10-07T10:35:40.581108+00:00,2026-10-07T16:05:40.581108+05:30,BANKNIFTY,27-Oct-2026,50100.0,CE,55055.55,4265.25,210,5334,1410,0.0,4799.625,0,0,0,0,0,,,,,,,,,,,,,,,0.05472664316628615,,,,,,13.93,30,54968.7,55340.7,54636.2,55128.4,mid_price,no_price_available
2026-10-07T10:35:40.581108+00:00,2026-10-07T16:05:40.581108+05:30,BANKNIFTY,27-Oct-2026,50100.0,PE,55055.55,25.25,180,33.55,1410,26,29.4,92,53,1110,-20.972644376899694,21.87,-0.02673138860382383,2.1943448211061666e-05,-4.11968685554608,7.9607626981552775,-0.5312692669624218,0.002716009430301189,132.12782805407562,-1.5470055638427155e-08,0.0002638710969270372,-1.3130137606859661e-06,-0.8746905320596863,-50.36183811271044,0.029958763469157976,2.6499131075933e-05,0.05472664316628615,55241.2,0.0615125645129975,0.0072,index_dividend_yield,0.065,13.93,30,54968.7,55340.7,54636.2,55128.4,mid_price,wide_quote_low_liquidity
2026-10-07T10:35:40.581108+00:00,2026-10-07T16:05:40.581108+05:30,BANKNIFTY,27-Oct-2026,50200.0,CE,55055.55,4847.25,300,5288.85,450,0.0,5068.05,0,0,0,0,0,,,,,,,,,,,,,,,0.05472664316628615,55241.2,0.0615125645129975,0.0072,index_dividend_yield,0.065,13.93,30,54968.7,55340.7,54636.2,55128.4,mid_price,no_nse_iv
2026-10-07T10:35:40.581108+00:00,2026-10-07T16:05:40.581108+05:30,BANKNIFTY,27-Oct-2026,50200.0,PE,55055.55,28.5,990,29.5,360,28.5,29.0,1264,1,1992,-16.176470588235293,21.82,-0.028952916442487174,2.35062731802428e-05,-4.388891108071883,8.50823636713828,-0.5586197126283017,0.0028450845910778164,136.429451130164,-1.6313972019877055e-08,0.00026919833547432774,-1.3316922354338657e-06,-0.9077545140535932,-49.92668314373657,0.03238936114835179,2.8273433750344803e-05,0.05472664316628615,55241.2,0.0615125645129975,0.0072,index_dividend_yield,0.065,13.93,30,54968.7,55340.7,54636.2,55128.4,mid_price,ok
2026-10-07T10:35:40.581108+00:00,2026-10-07T16:05:40.581108+05:30,BANKNIFTY,27-Oct-2026,50300.0,CE,55055.55,4086.25,180,5134.35,1410,0.0,4610.3,0,0,0,0,0,,,,,,,,,,,,,,,0.05472664316628615,,,,,,13.93,30,54968.7,55340.7,54636.2,55128.4,mid_price,no_price_available
2026-10-07T10:35:40.581108+00:00,2026-10-07T16:05:40.581108+05:30,BANKNIFTY,27-Oct-2026,50300.0,PE,55055.55,23.3,30,35.15,180,32.5,29.225,122,40,406,-9.722222222222221,21.93,-0.03227455790291203,2.5589699674395145e-05,-4.822159514536831,9.309038830490424,-0.592212533235499,0.0030266587893589443,140.96925496835323,-1.723167990773906e-08,0.00027082788346771344,-1.3403638109232487e-06,-0.9534078520479952,-48.914793202678744,0.03604810811271603,3.065712537485423e-05,0.05472664316628615,55241.2,0.0615125645129975,0.0072,index_dividend_yield,0.065,13.93,30,54968.7,55340.7,54636.2,55128.4,mid_price,wide_quote_low_liquidity
2026-10-07T10:35:40.581108+00:00,2026-10-07T16:05:40.581108+05:30,BANKNIFTY,27-Oct-2026,50400.0,CE,55055.55,3866.35,210,5030.75,1410,0.0,4448.55,0,0,0,0,0,,,,,,,,,,,,,,,0.05472664316628615,,,,,,13.93,30,54968.7,55340.7,54636.2,55128.4,mid_price,no_price_available
2026-10-07T10:35:40.581108+00:00,2026-10-07T16:05:40.581108+05:30,BANKNIFTY,27-Oct-2026,50400.0,PE,55055.55,30.9,30,37.2,150,32.45,34.05,233,-34,590,-15.384615384615385,21.55,-0.03283529224119122,2.6413538072719718e-05,-4.800562196564119,9.442236504799453,-0.6089598016050073,0.003053481155306556,144.3516045340063,-1.8017907169677762e-08,0.00028124266956264634,-1.3640642089373063e-06,-0.9600959734297695,-49.67007646450687,0.036590486697891486,3.15186579197107e-05,0.05472664316628615,55241.2,0.0615125645129975,0.0072,index_dividend_yield,0.065,13.93,30,54968.7,55340.7,54636.2,55128.4,mid_price,wide_quote_low_liquidity
2026-10-07T10:35:40.581108+00:00,2026-10-07T16:05:40.581108+05:30,BANKNIFTY,27-Oct-2026,50500.0,CE,55055.55,4544.95,30,4900.4,480,0.0,4722.674999999999,3,0,0,0,32.91,0.8848579774586135,4.5716787458507005e-05,-27.390985952082964,24.957702769377587,-0.6620789378189995,0.005073503976988136,102.4492899088969,-1.3776534779424675e-08,4.875090758689745e-05,-2.882956824621315e-07,-1.4065283282934082,9.825428207438542,-0.8664980661842654,5.43369377765811e-05,0.05472664316628615,55241.2,0.0615125645129975,0.0072,index_dividend_yield,0.065,13.93,30,54968.7,55340.7,54636.2,55128.4,mid_price,ok
2026-10-07T10:35:40.581108+00:00,2026-10-07T16:05:40.581108+05:30,BANKNIFTY,27-Oct-2026,50500.0,PE,55055.55,30.15,930,35.45,180,31.9,32.8,6489,230,13487,-20.050125313283207,21.1,-0.03297986265363792,2.707471818208853e-05,-4.71114076666201,9.476488094441194,-0.6238832941593102,0.003057945826873555,147.73098592606536,-1.8833181727154024e-08,0.0002937625627978042,-1.391516378777727e-06,-0.9612360457548146,-50.71648728697313,0.036663880019709785,3.2179804377414955e-05,0.05472664316628615,55241.2,0.0615125645129975,0.0072,index_dividend_yield,0.065,13.93,30,54968.7,55340.7,54636.2,55128.4,mid_price,wide_quote_low_liquidity
2026-10-07T10:35:40.581108+00:00,2026-10-07T16:05:40.581108+05:30,BANKNIFTY,27-Oct-2026,50600.0,CE,55055.55,4392.45,210,4827.05,30,0.0,4609.75,0,0,0,0,0,,,,,,,,,,,,,,,0.05472664316628615,55241.2,0.0615125645129975,0.0072,index_dividend_yield,0.065,13.93,30,54968.7,55340.7,54636.2,55128.4,mid_price,no_nse_iv
2026-10-07T10:35:40.581108+00:00,2026-10-07T16:05:40.581108+05:30,BANKNIFTY,27-Oct-2026,50600.0,PE,55055.55,31.25,180,43.1,300,36.4,37.175,155,-67,639,-15.83815028901734,21.21,-0.036762893867965385,2.944581803536272e-05,-5.172501593867256,10.360132593266592,-0.6597846947326257,0.003245013689304417,152.0559457635331,-1.984195951717473e-08,0.00029335316528499256,-1.3889864264049693e-06,-1.0071015768775045,-49.652961922647435,0.040805618463585165,3.4859792799472026e-05,0.05472664316628615,55241.2,0.0615125645129975,0.0072,index_dividend_yield,0.065,13.93,30,54968.7,55340.7,54636.2,55128.4,mid_price,wide_quote_low_liquidity
2026-10-07T10:35:40.581108+00:00,2026-10-07T16:05:40.581108+05:30,BANKNIFTY,27-Oct-2026,50700.0,CE,55055.55,3784.9,1410,4734.45,450,0.0,4259.675,0,0,0,0,0,,,,,,,,,,,,,,,0.05472664316628615,,,,,,13.93,30,54968.7,55340.7,54636.2,55128.4,mid_price,no_price_available
2026-10-07T10:35:40.581108+00:00,2026-10-07T16:05:40.581108+05:30,BANKNIFTY,27-Oct-2026,50700.0,PE,55055.55,36.8,30,44.3,300,37,40.55,219,24,747,-17.04035874439462,20.89,-0.037882135091810466,3.063837294836283e-05,-5.21397869174411,10.617081705807218,-0.6813775086099496,0.003294669578505778,155.82616918705395,-2.0795103669311848e-08,0.00030301861347758086,-1.4079057631585194e-06,-1.019142463540776,-50.202118567054654,0.04195594240673503,3.612867137808993e-05,0.05472664316628615,55241.2,0.0615125645129975,0.0072,index_dividend_yield,0.065,13.93,30,54968.7,55340.7,54636.2,55128.4,mid_price,wide_quote_low_liquidity
2026-10-07T10:35:40.581108+00:00,2026-10-07T16:05:40.581108+05:30,BANKNIFTY,27-Oct-2026,50800.0,CE,55055.55,3756.35,1410,4622.7,450,0.0,4189.525,0,0,0,0,0,,,,,,,,,,,,,,,0.05472664316628615,,,,,,13.93,30,54968.7,55340.7,54636.2,55128.4,mid_price,no_price_available
2026-10-07T10:35:40.581108+00:00,2026-10-07T16:05:40.581108+05:30,BANKNIFTY,27-Oct-2026,50800.0,PE,55055.55,13.3,900,48.35,300,39.2,30.825000000000003,1346,-24,756,-16.23931623931624,20.72,-0.04011704322277282,3.2365610575200547e-05,-5.411966145440624,11.12434826522089,-0.7089169095089547,0.0033934294348284127,159.7063713758704,-2.181766792840531e-08,0.00030845855634986153,-1.4145679517801126e-06,-1.042846473670199,-50.18481599312669,0.044344025968113245,3.8015314777451894e-05,0.05472664316628615,55241.2,0.0615125645129975,0.0072,index_dividend_yield,0.065,13.93,30,54968.7,55340.7,54636.2,55128.4,mid_price,wide_quote_low_liquidity
2026-10-07T10:35:40.581108+00:00,2026-10-07T16:05:40.581108+05:30,BANKNIFTY,27-Oct-2026,50900.0,CE,55055.55,3592.8,1410,4532.75,30,0.0,4062.775,0,0,0,0,0,,,,,,,,,,,,,,,0.05472664316628615,,,,,,13.93,30,54968.7,55340.7,54636.2,55128.4,mid_price,no_price_available
2026-10-07T10:35:40.581108+00:00,2026-10-07T16:05:40.581108+05:30,BANKNIFTY,27-Oct-2026,50900.0,PE,55055.55,32.35,30,45,30,41,38.675,347,24,878,-15.376676986584107,20.5,-0.042121716892148935,3.403230750382782e-05,-5.563088635190541,11.573008683834876,-0.7356758824794106,0.003477155745131126,163.57891416338964,-2.2883913558054843e-08,0.0003150271360382212,-1.4222389396887687e-06,-1.0627450668829486,-50.35491593211794,0.04646538451542953,3.981603808502393e-05,0.05472664316628615,55241.2,0.0615125645129975,0.0072,index_dividend_yield,0.065,13.93,30,54968.7,55340.7,54636.2,55128.4,mid_price,wide_quote_low_liquidity
2026-10-07T10:35:40.581108+00:00,2026-10-07T16:05:40.581108+05:30,BANKNIFTY,27-Oct-2026,51000.0,CE,55055.55,4230.2,30,4283.95,30,4237.9,4257.075,729,-37,83,0.34570122889683425,0,,,,,,,,,,,,,,,0.05472664316628615,55241.2,0.0615125645129975,0.0072,index_dividend_yield,0.065,13.93,30,54968.7,55340.7,54636.2,55128.4,mid_price,no_nse_iv
2026-10-07T10:35:40.581108+00:00,2026-10-07T16:05:40.581108+05:30,BANKNIFTY,27-Oct-2026,51000.0,PE,55055.55,42.9,90,47,30,46.65,44.95,14417,1056,30349,-9.767891682785299,20.61,-0.04677938783687523,3.683569857315416e-05,-6.079720303014714,12.593542829106145,-0.7725935353048337,0.0036633887984400815,166.84580115135805,-2.3942821340707565e-08,0.0003093000047217349,-1.3925315490992407e-06,-1.1062564863161946,-49.26378902696065,0.0515243920195741,4.292702283260796e-05,0.05472664316628615,55241.2,0.0615125645129975,0.0072,index_dividend_yield,0.065,13.93,30,54968.7,55340.7,54636.2,55128.4,mid_price,ok
2026-10-07T10:35:40.581108+00:00,2026-10-07T16:05:40.581108+05:30,BANKNIFTY,27-Oct-2026,51100.0,CE,55055.55,3981.2,300,4322.9,30,0.0,4152.049999999999,0,0,0,0,0,,,,,,,,,,,,,,,0.05472664316628615,55241.2,0.0615125645129975,0.0072,index_dividend_yield,0.065,13.93,30,54968.7,55340.7,54636.2,55128.4,mid_price,no_nse_iv
2026-10-07T10:35:40.581108+00:00,2026-10-07T16:05:40.581108+05:30,BANKNIFTY,27-Oct-2026,51100.0,PE,55055.55,41.8,150,50.95,60,46.45,46.375,701,31,1626,-15.237226277372264,20.19,-0.04752588571832295,3.808222021416372e-05,-6.022126928990846,12.754387287846928,-0.7954986401964397,0.0036870557706453542,171.01508098484607,-2.5141087005891675e-08,0.0003220096365515339,-1.4139850927606475e-06,-1.111789642822302,-50.180120165629816,0.05222519004559092,4.420614775091789e-05,0.05472664316628615,55241.2,0.0615125645129975,0.0072,index_dividend_yield,0.065,13.93,30,54968.7,55340.7,54636.2,55128.4,mid_price,wide_quote_low_liquidity
2026-10-07T10:35:40.581108+00:00,2026-10-07T16:05:40.581108+05:30,BANKNIFTY,27-Oct-2026,51200.0,CE,55055.55,3469.1,1410,4225.8,450,0.0,3847.45,0,0,0,0,0,,,,,,,,,,,,,,,0.05472664316628615,,,,,,13.93,30,54968.7,55340.7,54636.2,55128.4,mid_price,no_price_available
2026-10-07T10:35:40.581108+00:00,2026-10-07T16:05:40.581108+05:30,BANKNIFTY,27-Oct-2026,51200.0,PE,55055.55,44,60,57.1,300,50.6,50.55,602,-56,981,-14.309906858594411,20.13,-0.051271001477619656,4.058006324189365e-05,-6.370670487973066,13.5505684900269,-0.8285789598764733,0.0038199910475190317,174.21229415914573,-2.6287016414767713e-08,0.00032013639338577594,-1.3900668592923047e-06,-1.1422429119201816,-49.717658719616445,0.056240797878785276,4.692183723649158e-05,0.05472664316628615,55241.2,0.0615125645129975,0.0072,index_dividend_yield,0.065,13.93,30,54968.7,55340.7,54636.2,55128.4,mid_price,wide_quote_low_liquidity
2026-10-07T10:35:40.581108+00:00,2026-10-07T16:05:40.581108+05:30,BANKNIFTY,27-Oct-2026,51300.0,CE,55055.55,3733.85,450,4101.3,30,0.0,3917.575,0,0,0,0,0,,,,,,,,,,,,,,,0.05472664316628615,55241.2,0.0615125645129975,0.0072,index_dividend_yield,0.065,13.93,30,54968.7,55340.7,54636.2,55128.4,mid_price,no_nse_iv
2026-10-07T10:35:40.581108+00:00,2026-10-07T16:05:40.581108+05:30,BANKNIFTY,27-Oct-2026,51300.0,PE,55055.55,23,900,56,450,62.25,39.5,585,254,1666,-0.47961630695443647,20.59,-0.059765669941247476,4.477859204271608e-05,-7.349037774793246,15.294236513915214,-0.8699064695910675,0.004091732948922053,174.396268649998,-2.708265897728403e-08,0.000293132305987396,-1.2813806115148768e-06,-1.2030010444313994,-47.35159630544352,0.06549553964047655,5.15748430452616e-05,0.05472664316628615,55241.2,0.0615125645129975,0.0072,index_dividend_yield,0.065,13.93,30,54968.7,55340.7,54636.2,55128.4,mid_price,wide_quote_low_liquidity
2026-10-07T10:35:40.581108+00:00,2026-10-07T16:05:40.581108+05:30,BANKNIFTY,27-Oct-2026,51400.0,CE,55055.55,3658.55,300,4028.45,30,0.0,3843.5,0,0,0,0,0,,,,,,,,,,,,,,,0.05472664316628615,55241.2,0.0615125645129975,0.0072,index_dividend_yield,0.065,13.93,30,54968.7,55340.7,54636.2,55128.4,mid_price,no_nse_iv
2026-10-07T10:35:40.581108+00:00,2026-10-07T16:05:40.581108+05:30,BANKNIFTY,27-Oct-2026,51400.0,PE,55055.55,53.95,30,58,30,56.9,55.975,445,21,1508,-14.564564564564565,19.79,-0.05754852427316578,4.522656956080669e-05,-6.841592729452244,14.84705998479193,-0.890734829543209,0.0040168302684993745,180.74572912434482,-2.8763936466334163e-08,0.0003220609538740126,-1.3513948619216303e-06,-1.1865985162649633,-49.62142978176975,0.06288358771455727,5.188832133529769e-05,0.05472664316628615,55241.2,0.0615125645129975,0.0072,index_dividend_yield,0.065,13.93,30,54968.7,55340.7,54636.2,55128.4,mid_price,ok
2026-10-07T10:35:40.581108+00:00,2026-10-07T16:05:40.581108+05:30,BANKNIFTY,27-Oct-2026,51500.0,CE,55055.55,3643.8,30,3910.25,480,0.0,3777.025,52,0,0,0,0,,,,,,,,,,,,,,,0.05472664316628615,55241.2,0.0615125645129975,0.0072,index_dividend_yield,0.065,13.93,30,54968.7,55340.7,54636.2,55128.4,mid_price,no_nse_iv
2026-10-07T10:35:40.581108+00:00,2026-10-07T16:05:40.581108+05:30,BANKNIFTY,27-Oct-2026,51500.0,PE,55055.55,57,90,62,30,61.75,59.5,6903,480,22140,-12.597310686482661,19.71,-0.06181087834162515,4.802500468739688e-05,-7.195554433924239,15.702003196576324,-0.9237330019589429,0.004137373759444889,183.1652195731257,-2.9977088229245595e-08,0.0003165709582624586,-1.3076532471762613e-06,-1.2132969255995043,-49.21803561321266,0.06742085188920427,5.488518961870016e-05,0.05472664316628615,55241.2,0.0615125645129975,0.0072,index_dividend_yield,0.065,13.93,30,54968.7,55340.7,54636.2,55128.4,mid_price,ok
2026-10-07T10:35:40.581108+00:00,2026-10-07T16:05:40.581108+05:30,BANKNIFTY,27-Oct-2026,51600.0,CE,55055.55,3494.05,30,3802.05,30,0.0,3648.05,2,0,0,0,0,,,,,,,,,,,,,,,0.05472664316628615,55241.2,0.0615125645129975,0.0072,index_dividend_yield,0.065,13.93,30,54968.7,55340.7,54636.2,55128.4,mid_price,no_nse_iv
2026-10-07T10:35:40.581108+00:00,2026-10-07T16:05:40.581108+05:30,BANKNIFTY,27-Oct-2026,51600.0,PE,55055.55,57.85,240,72.2,300,63.4,65.025,1527,-36,2924,-13.623978201634877,19.4,-0.06414544204598276,5.022201183643188e-05,-7.276423865595227,16.16206530396738,-0.9542523760562027,0.004194736386582153,186.89734353404663,-3.145071874400921e-08,0.0003219029695696291,-1.2964200068619e-06,-1.2259864519526236,-49.69522887953849,0.06981835293268344,5.717378101666915e-05,0.05472664316628615,55241.2,0.0615125645129975,0.0072,index_dividend_yield,0.065,13.93,30,54968.7,55340.7,54636.2,55128.4,mid_price,wide_quote_low_liquidity
2026-10-07T10:35:40.581108+00:00,2026-10-07T16:05:40.581108+05:30,BANKNIFTY,27-Oct-2026,51700.0,CE,55055.55,3366.3,300,3754.1,450,0.0,3560.2,0,0,0,0,0,,,,,,,,,,,,,,,0.05472664316628615,55241.2,0.0615125645129975,0.0072,index_dividend_yield,0.065,13.93,30,54968.7,55340.7,54636.2,55128.4,mid_price,no_nse_iv
2026-10-07T10:35:40.581108+00:00,2026-10-07T16:05:40.581108+05:30,BANKNIFTY,27-Oct-2026,51700.0,PE,55055.55,62,60,70,120,68.5,66.0,822,130,1844,-13.015873015873016,19.31,-0.06878563272831519,5.3259412806280735e-05,-7.632566447941453,17.060025224788227,-0.9874282128840491,0.00430708988808115,188.81903699106138,-3.272563225564824e-08,0.000313673693496492,-1.2386628893899562e-06,-1.2504998952690585,-49.31354336105013,0.07473550844852758,6.039729645775964e-05,0.05472664316628615,55241.2,0.0615125645129975,0.0072,index_dividend_yield,0.065,13.93,30,54968.7,55340.7,54636.2,55128.4,mid_price,ok
2026-10-07T10:35:40.581108+00:00,2026-10-07T16:05:40.581108+05:30,BANKNIFTY,27-Oct-2026,51800.0,CE,55055.55,3362.05,450,3616.15,30,0.0,3489.1000000000004,1,0,0,0,28.16,0.8425098392869825,6.627576026809381e-05,-28.504137543723925,30.95910449571817,-0.8026676037140579,0.005097651353287991,104.02244401747218,-1.9556592962528583e-08,-1.2665292202126402e-05,2.50347850987563e-07,-1.4327609552267155,12.450914354452987,-0.8235410428109446,7.48682031268201e-05,0.05472664316628615,55241.2,0.0615125645129975,0.0072,index_dividend_yield,0.065,13.93,30,54968.7,55340.7,54636.2,55128.4,mid_price,ok
2026-10-07T10:35:40.581108+00:00,2026-10-07T16:05:40.581108+05:30,BANKNIFTY,27-Oct-2026,51800.0,PE,55055.55,69,30,74,30,69.65,71.5,808,-20,2578,-15.575757575757576,18.95,-0.07096203882649059,5.558786848339809e-05,-7.655941849724968,17.4739165319359,-1.0195777952077822,0.004350302868232708,192.83505038126592,-3.441109390065193e-08,0.000320122162606857,-1.2265790048232583e-06,-1.2600237266557066,-49.98425657057604,0.07693080634960936,6.279465995059353e-05,0.05472664316628615,55241.2,0.0615125645129975,0.0072,index_dividend_yield,0.065,13.93,30,54968.7,55340.7,54636.2,55128.4,mid_price,ok
2026-10-07T10:35:40.581108+00:00,2026-10-07T16:05:40.581108+05:30,BANKNIFTY,27-Oct-2026,51900.0,CE,55055.55,2880.3,1440,3539.4,30,0.0,3209.8500000000004,0,0,0,0,0,,,,,,,,,,,,,,,0.05472664316628615,55241.2,0.0615125645129975,0.0072,index_dividend_yield,0.065,13.93,30,54968.7,55340.7,54636.2,55128.4,mid_price,no_nse_iv
2026-10-07T10:35:40.581108+00:00,2026-10-07T16:05:40.581108+05:30,BANKNIFTY,27-Oct-2026,51900.0,PE,55055.55,66,120,82.75,240,78.45,74.375,497,-9,2607,-12.39530988274707,19.04,-0.07800239649025062,5.9468311821595705e-05,-8.255861644216578,18.782507687485644,-1.052273721620589,0.004495227007068656,192.2384843356113,-3.542133807965782e-08,0.00029634008290244026,-1.1121140737753609e-06,-1.2912119016027752,-48.879776071358464,0.0844378139289196,6.691956440879643e-05,0.05472664316628615,55241.2,0.0615125645129975,0.0072,index_dividend_yield,0.065,13.93,30,54968.7,55340.7,54636.2,55128.4,mid_price,wide_quote_low_liquidity
2026-10-07T10:35:40.581108+00:00,2026-10-07T16:05:40.581108+05:30,BANKNIFTY,27-Oct-2026,52000.0,CE,55055.55,3289.95,30,3320.8,60,3293.2,3305.375,1245,-177,841,0.28167298527687695,0,,,,,,,,,,,,,,,0.05472664316628615,55241.2,0.0615125645129975,0.0072,index_dividend_yield,0.065,13.93,30,54968.7,55340.7,54636.2,55128.4,mid_price,no_nse_iv
2026-10-07T10:35:40.581108+00:00,2026-10-07T16:05:40.581108+05:30,BANKNIFTY,27-Oct-2026,52000.0,PE,55055.55,83.85,90,85,1110,85,84.425,22727,2006,46772,-11.825726141078839,18.96,-0.08363339737697116,6.294629669671853e-05,-8.649561004306612,19.79746294176363,-1.0834852652668523,0.004591929035188916,192.69343356946322,-3.666904410858322e-08,0.000280693754522082,-1.0214603980332308e-06,-1.312037139217903,-48.441428509165085,0.09037567826076247,7.056115942802463e-05,0.05472664316628615,55241.2,0.0615125645129975,0.0072,index_dividend_yield,0.065,13.93,30,54968.7,55340.7,54636.2,55128.4,mid_price,ok
2026-10-07T10:35:40.581108+00:00,2026-10-07T16:05:40.581108+05:30,BANKNIFTY,27-Oct-2026,52100.0,CE,55055.55,3037.9,450,3343.25,450,0.0,3190.575,0,0,0,0,0,,,,,,,,,,,,,,,0.05472664316628615,55241.2,0.0615125645129975,0.0072,index_dividend_yield,0.065,13.93,30,54968.7,55340.7,54636.2,55128.4,mid_price,no_nse_iv
2026-10-07T10:35:40.581108+00:00,2026-10-07T16:05:40.581108+05:30,BANKNIFTY,27-Oct-2026,52100.0,PE,55055.55,87.8,30,90.75,240,88.15,89.275,1343,-85,2439,-12.33217304823471,18.68,-0.08737233705941314,6.601702509962694e-05,-8.785776870204423,20.456618364757865,-1.1165548016059956,0.004643828053181559,195.1339913556609,-3.8352581886040444e-08,0.0002763396661675498,-9.671015426467608e-07,-1.3234503434421079,-48.763730533653636,0.09422222200054761,7.371955661589218e-05,0.05472664316628615,55241.2,0.0615125645129975,0.0072,index_dividend_yield,0.065,13.93,30,54968.7,55340.7,54636.2,55128.4,mid_price,ok
2026-10-07T10:35:40.581108+00:00,2026-10-07T16:05:40.581108+05:30,BANKNIFTY,27-Oct-2026,52200.0,CE,55055.55,2981.1,300,3246.85,30,0.0,3113.975,0,0,0,0,0,,,,,,,,,,,,,,,0.05472664316628615,55241.2,0.0615125645129975,0.0072,index_dividend_yield,0.065,13.93,30,54968.7,55340.7,54636.2,55128.4,mid_price,no_nse_iv
2026-10-07T10:35:40.581108+00:00,2026-10-07T16:05:40.581108+05:30,BANKNIFTY,27-Oct-2026,52200.0,PE,55055.55,93.9,30,97.8,300,96.95,95.85,916,-1344,6665,-9.729981378026071,18.68,-0.09455118540271919,6.999970451626232e-05,-9.29848746000265,21.690726578091258,-1.144356387877847,0.004739055227233752,193.52542437140661,-3.9381122496015975e-08,0.00024982817179733873,-8.34627973967327e-07,-1.3441905386079043,-48.002622874880316,0.10180097534561461,7.786771163128968e-05,0.05472664316628615,55241.2,0.0615125645129975,0.0072,index_dividend_yield,0.065,13.93,30,54968.7,55340.7,54636.2,55128.4,mid_price,ok
2026-10-07T10:35:40.581108+00:00,2026-10-07T16:05:40.581108+05:30,BANKNIFTY,27-Oct-2026,52300.0,CE,55055.55,2883.75,450,3127.1,30,0.0,3005.425,22,0,0,0,0,,,,,,,,,,,,,,,0.05472664316628615,55241.2,0.0615125645129975,0.0072,index_dividend_yield,0.065,13.93,30,54968.7,55340.7,54636.2,55128.4,mid_price,no_nse_iv
2026-10-07T10:35:40.581108+00:00,2026-10-07T16:05:40.581108+05:30,BANKNIFTY,27-Oct-2026,52300.0,PE,55055.55,101.05,30,103,1200,102.45,102.025,778,-204,4247,-11.681034482758621,18.48,-0.0997965302901015,7.361703828749618e-05,-9.548616271134263,22.56738974379537,-1.1749903048777142,0.004791901114482383,194.0858586214542,-4.0897581400070134e-08,0.0002347864676137965,-7.397158698240798e-07,-1.3562215225268943,-47.99913980034101,0.10724322369445276,8.15787740604369e-05,0.05472664316628615,55241.2,0.0615125645129975,0.0072,index_dividend_yield,0.065,13.93,30,54968.7,55340.7,54636.2,55128.4,mid_price,ok
2026-10-07T10:35:40.581108+00:00,2026-10-07T16:05:40.581108+05:30,BANKNIFTY,27-Oct-2026,52400.0,CE,55055.55,2819.1,120,3085.35,120,0.0,2952.225,0,0,0,0,0,,,,,,,,,,,,,,,0.05472664316628615,55241.2,0.0615125645129975,0.0072,index_dividend_yield,0.065,13.93,30,54968.7,55340.7,54636.2,55128.4,mid_price,no_nse_iv
2026-10-07T10:35:40.581108+00:00,2026-10-07T16:05:40.581108+05:30,BANKNIFTY,27-Oct-2026,52400.0,PE,55055.55,106.85,30,111.2,300,107.75,109.025,1039,78,3324,-14.04068607897886,18.26,-0.10511544331354253,7.737061051704061e-05,-9.773784620522873,23.43569397052062,-1.205735213223022,0.004834960901760776,194.53918346648,-4.2495462860377574e-08,0.00021855623041483328,-6.390691997618521e-07,-1.3665145501651885,-48.06454644078926,0.11274032563129575,8.541136467864473e-05,0.05472664316628615,55241.2,0.0615125645129975,0.0072,index_dividend_yield,0.065,13.93,30,54968.7,55340.7,54636.2,55128.4,mid_price,ok
2026-10-07T10:35:40.581108+00:00,2026-10-07T16:05:40.581108+05:30,BANKNIFTY,27-Oct-2026,52500.0,CE,55055.55,2811.15,120,2869.25,60,2955,2840.2,74,-17,34,5.49803641556587,18.01,0.8892207538406236,8.125807758076275e-05,-18.189630403737432,24.27623190469662,-1.2371536473919087,0.00488693460030043,195.07495065480816,-4.4223898273779915e-08,0.0002017990477379359,-5.351758288834973e-07,-1.3749155956854437,17.200261823478986,-0.8782908699226062,8.936143779092738e-05,0.05472664316628615,55241.2,0.0615125645129975,0.0072,index_dividend_yield,0.065,13.93,30,54968.7,55340.7,54636.2,55128.4,mid_price,ok
2026-10-07T10:35:40.581108+00:00,2026-10-07T16:05:40.581108+05:30,BANKNIFTY,27-Oct-2026,52500.0,PE,55055.55,116.4,240,118.15,30,118,117.275,11881,771,29236,-10.095238095238095,18.25,-0.11334267666810952,8.172000397087987e-05,-10.289783693537482,24.73957696287875,-1.22723884135751,0.00489219088530625,191.05492198914752,-4.337081914911388e-08,0.00018333416282397973,-4.7045594349850593e-07,-1.3806550142236915,-47.322010243430434,0.12137159929307237,8.986942921286831e-05,0.05472664316628615,55241.2,0.0615125645129975,0.0072,index_dividend_yield,0.065,13.93,30,54968.7,55340.7,54636.2,55128.4,mid_price,ok
2026-10-07T10:35:40.581108+00:00,2026-10-07T16:05:40.581108+05:30,BANKNIFTY,27-Oct-2026,52600.0,CE,55055.55,2631.35,120,2864.9,120,0.0,2748.125,0,0,0,0,0,,,,,,,,,,,,,,,0.05472664316628615,55241.2,0.0615125645129975,0.0072,index_dividend_yield,0.065,13.93,30,54968.7,55340.7,54636.2,55128.4,mid_price,no_nse_iv
2026-10-07T10:35:40.581108+00:00,2026-10-07T16:05:40.581108+05:30,BANKNIFTY,27-Oct-2026,52600.0,PE,55055.55,125.65,240,127.9,240,126.1,126.775,2150,770,4840,-10.057061340941512,18.11,-0.12038911146544683,8.594863511284591e-05,-10.629886501883773,25.820131865590394,-1.2513653780471394,0.0049216270636091575,189.02473777433036,-4.462461712301779e-08,0.00015464380826917337,-3.2347473309082744e-07,-1.3895188964210448,-47.06569390545472,0.12868659831900983,9.416070623101718e-05,0.05472664316628615,55241.2,0.0615125645129975,0.0072,index_dividend_yield,0.065,13.93,30,54968.7,55340.7,54636.2,55128.4,mid_price,ok
2026-10-07T10:35:40.581108+00:00,2026-10-07T16:05:40.581108+05:30,BANKNIFTY,27-Oct-2026,52700.0,CE,55055.55,2628.3,120,2690.5,120,2430.9,2659.4,35,2,3,-8.538856594615948,0,,,,,,,,,,,,,,,0.05472664316628615,55241.2,0.0615125645129975,0.0072,index_dividend_yield,0.065,13.93,30,54968.7,55340.7,54636.2,55128.4,mid_price,no_nse_iv
2026-10-07T10:35:40.581108+00:00,2026-10-07T16:05:40.581108+05:30,BANKNIFTY,27-Oct-2026,52700.0,PE,55055.55,134.1,240,136.45,240,135.65,135.27499999999998,974,-73,2739,-9.476142809476142,18,-0.12821869381408849,9.036978802352897e-05,-11.012808678362362,26.983407365772727,-1.2715795061109396,0.00493963093497643,185.82268981006678,-4.570026765853324e-08,0.00012030267373400931,-1.5555543570922752e-07,-1.3970464074866449,-46.689331330172074,0.13681868676955433,9.862891243773994e-05,0.05472664316628615,55241.2,0.0615125645129975,0.0072,index_dividend_yield,0.065,13.93,30,54968.7,55340.7,54636.2,55128.4,mid_price,ok
2026-10-07T10:35:40.581108+00:00,2026-10-07T16:05:40.581108+05:30,BANKNIFTY,27-Oct-2026,52800.0,CE,55055.55,2532.5,150,2597.25,30,2580,2564.875,7,1,2,1.3254786450662739,12.56,0.9385818177480603,7.461384523467659e-05,-12.631442035354345,15.545692846889088,-1.4574134726104138,0.0039501180806841285,290.2072495723838,-7.251046765925807e-08,0.000798912791256427,-1.8895666551454628e-06,-1.17162731297784,20.967649838042604,-0.9320012968323361,8.112482781644336e-05,0.05472664316628615,55241.2,0.0615125645129975,0.0072,index_dividend_yield,0.065,13.93,30,54968.7,55340.7,54636.2,55128.4,mid_price,ok
2026-10-07T10:35:40.581108+00:00,2026-10-07T16:05:40.581108+05:30,BANKNIFTY,27-Oct-2026,52800.0,PE,55055.55,143.55,240,144.8,30,144.65,144.175,2143,309,4233,-9.987554449284382,17.85,-0.13596253545542622,9.488956317216846e-05,-11.339701738506848,28.09685363016602,-1.291347011145083,0.004940726922983418,182.68805075361348,-4.6872116812358544e-08,8.540604812337118e-05,1.4659679948501566e-08,-1.402022299060036,-46.45279609360427,0.14482261508224692,0.00010316985339259945,0.05472664316628615,55241.2,0.0615125645129975,0.0072,index_dividend_yield,0.065,13.93,30,54968.7,55340.7,54636.2,55128.4,mid_price,ok
2026-10-07T10:35:40.581108+00:00,2026-10-07T16:05:40.581108+05:30,BANKNIFTY,27-Oct-2026,52900.0,CE,55055.55,2371.25,150,2506.9,150,2532.55,2439.075,7,7,8,-52.322637122659714,15.03,0.8927971976775438,9.508961856708764e-05,-16.271652650842316,23.707901114865113,-1.4797809776961879,0.004756409453100852,236.99328220419778,-6.253025187404337e-08,0.00031793247449969165,-6.627887847392275e-07,-1.351826060182912,20.2910218922217,-0.8833840761231414,0.00010299685703934629,0.05472664316628615,55241.2,0.0615125645129975,0.0072,index_dividend_yield,0.065,13.93,30,54968.7,55340.7,54636.2,55128.4,mid_price,ok
2026-10-07T10:35:40.581108+00:00,2026-10-07T16:05:40.581108+05:30,BANKNIFTY,27-Oct-2026,52900.0,PE,55055.55,154.45,240,157.25,240,155,155.85,882,59,3310,-9.14419695193435,17.73,-0.14453174122055093,9.958094596382885e-05,-11.707072231302604,29.28774970302819,-1.3062189876829193,0.004926945170881075,178.320631129246,-4.782576110390391e-08,4.4673653238865626e-05,2.058609846127495e-07,-1.4054623592375215,-46.096895259595854,0.15368421781547878,0.00010786166365830111,0.05472664316628615,55241.2,0.0615125645129975,0.0072,index_dividend_yield,0.065,13.93,30,54968.7,55340.7,54636.2,55128.4,mid_price,ok
2026-10-07T10:35:40.581108+00:00,2026-10-07T16:05:40.581108+05:30,BANKNIFTY,27-Oct-2026,53000.0,CE,55055.55,2385.75,150,2400,30,2384.05,2392.875,2131,5,1189,-0.46759210938315415,11.96,0.9311291764869292,8.56920725818674e-05,-12.803450663367407,17.00093660273245,-1.610230039995053,0.004092130676292882,308.4010029760513,-8.399385724366944e-08,0.0008380892440871716,-1.7872486516719942e-06,-1.2053698218656415,22.592634570221737,-0.9244297816084324,9.246792645015033e-05,0.05472664316628615,55241.2,0.0615125645129975,0.0072,index_dividend_yield,0.065,13.93,30,54968.7,55340.7,54636.2,55128.4,mid_price,ok
2026-10-07T10:35:40.581108+00:00,2026-10-07T16:05:40.581108+05:30,BANKNIFTY,27-Oct-2026,53000.0,PE,55055.55,165.5,240,168,30,167.9,166.75,19405,-135,57781,-8.799565453557848,17.67,-0.15434973243107666,0.00010439991253024177,-12.155895180194575,30.601147029440583,-1.312839734896473,0.00489447959849601,172.08407638492494,-4.8361703688903914e-08,-3.7247844863000108e-06,4.248073278768541e-07,-1.4072741213591051,-45.51653799694342,0.16385861498243448,0.00011265503496867521,0.05472664316628615,55241.2,0.0615125645129975,0.0072,index_dividend_yield,0.065,13.93,30,54968.7,55340.7,54636.2,55128.4,mid_price,ok
2026-10-07T10:35:40.581108+00:00,2026-10-07T16:05:40.581108+05:30,BANKNIFTY,27-Oct-2026,53100.0,CE,55055.55,2285.7,150,2332.75,150,2260.85,2309.225,24,6,9,-2.1806381828015144,9.6,0.9606250064703232,6.824261915089727e-05,-10.605080062201376,10.867457262901521,-1.5291716915079578,0.003098630896931187,347.1151316974934,-9.871892895149185e-08,0.0014690138111927923,-2.6816342394596137e-06,-0.9708381540675379,24.691344764947363,-0.9556644733082672,7.336161030746473e-05,0.05472664316628615,55241.2,0.0615125645129975,0.0072,index_dividend_yield,0.065,13.93,30,54968.7,55340.7,54636.2,55128.4,mid_price,ok
2026-10-07T10:35:40.581108+00:00,2026-10-07T16:05:40.581108+05:30,BANKNIFTY,27-Oct-2026,53100.0,PE,55055.55,178,240,179.95,30,179.25,178.975,741,0,4312,-9.01015228426396,17.53,-0.16359412660541117,0.00010932197121980309,-12.487494474055467,31.789990001643382,-1.3214594991493023,0.004843263634748268,166.71806810637156,-4.917630639818872e-08,-5.0286627640318e-05,6.356383764563345e-07,-1.406500290222958,-45.21752641667343,0.17337009577197923,0.00011752239217163196,0.05472664316628615,55241.2,0.0615125645129975,0.0072,index_dividend_yield,0.065,13.93,30,54968.7,55340.7,54636.2,55128.4,mid_price,ok
2026-10-07T10:35:40.581108+00:00,2026-10-07T16:05:40.581108+05:30,BANKNIFTY,27-Oct-2026,53200.0,CE,55055.55,2206.8,150,2243.75,150,2323.1,2225.275,62,4,12,4.899304614828863,16.92,0.8326147680837271,0.00011477954532087153,-20.50781671086215,32.2155744591785,-1.3693290285186066,0.004816321623572484,170.346447026688,-5.2677736064779616e-08,-7.142591712607806e-05,7.476379180263842e-07,-1.4028164099564542,20.649340197277056,-0.8199273542083108,0.00012292591412541956,0.05472664316628615,55241.2,0.0615125645129975,0.0072,index_dividend_yield,0.065,13.93,30,54968.7,55340.7,54636.2,55128.4,mid_price,ok
2026-10-07T10:35:40.581108+00:00,2026-10-07T16:05:40.581108+05:30,BANKNIFTY,27-Oct-2026,53200.0,PE,55055.55,190.9,240,193.6,240,195,192.25,2379,369,9145,-7.6923076923076925,17.51,-0.17490964190949088,0.000114248297536669,-12.981109843052703,33.18462425114567,-1.3150704196770306,0.004765535945834287,158.31389174318033,-4.9174213893961874e-08,-0.00010741444731763526,8.852859400117695e-07,-1.404056474855004,-44.488213874847865,0.1850789974445332,0.00012235696153619613,0.05472664316628615,55241.2,0.0615125645129975,0.0072,index_dividend_yield,0.065,13.93,30,54968.7,55340.7,54636.2,55128.4,mid_price,ok
2026-10-07T10:35:40.581108+00:00,2026-10-07T16:05:40.581108+05:30,BANKNIFTY,27-Oct-2026,53300.0,CE,55055.55,2120.85,150,2156.15,150,2134.8,2138.5,79,0,9,0.1266357112705783,13.17,0.8786336385163966,0.00011859033210822955,-15.84037098178885,25.908130830876175,-1.7398129406048235,0.004719698734487188,262.16013543387186,-8.338621481780838e-08,0.0002996130319464255,-2.7333481412647204e-07,-1.3564822960384255,23.880830016359138,-0.8695690627222585,0.00012653104020151612,0.05472664316628615,55241.2,0.0615125645129975,0.0072,index_dividend_yield,0.065,13.93,30,54968.7,55340.7,54636.2,55128.4,mid_price,ok
2026-10-07T10:35:40.581108+00:00,2026-10-07T16:05:40.581108+05:30,BANKNIFTY,27-Oct-2026,53300.0,PE,55055.55,205,240,208,240,206.7,206.5,941,53,6245,-8.640883977900552,17.33,-0.18461713491179488,0.00011941901964638352,-13.24148356784627,34.32994325195737,-1.3182741508054596,0.004674953658122261,152.41122964577514,-4.992415542443967e-08,-0.00015890125622919333,1.109874222032133e-06,-1.3995090244276085,-44.31163898881591,0.19500145909925418,0.00012741521595463707,0.05472664316628615,55241.2,0.0615125645129975,0.0072,index_dividend_yield,0.065,13.93,30,54968.7,55340.7,54636.2,55128.4,mid_price,ok
2026-10-07T10:35:40.581108+00:00,2026-10-07T16:05:40.581108+05:30,BANKNIFTY,27-Oct-2026,53400.0,CE,55055.55,2037.95,150,2067.75,60,2004.15,2052.85,84,2,36,-2.229431421811352,11.29,0.9009423867269178,0.00011949811596581936,-13.842367576601301,22.379790736337437,-1.9431254978373724,0.004467919255700448,322.59907042104174,-1.0730819598238747e-07,0.0006642381216050408,-9.524792610570695e-07,-1.2984743467525561,26.21705125745766,-0.8934439786740316,0.00012702252899528602,0.05472664316628615,55241.2,0.0615125645129975,0.0072,index_dividend_yield,0.065,13.93,30,54968.7,55340.7,54636.2,55128.4,mid_price,ok
2026-10-07T10:35:40.581108+00:00,2026-10-07T16:05:40.581108+05:30,BANKNIFTY,27-Oct-2026,53400.0,PE,55055.55,219.95,240,222.6,240,221.35,221.27499999999998,1393,-35,5640,-7.847626977518734,17.21,-0.1956298945131607,0.000124610080487435,-13.57552990169635,35.57419391691583,-1.3109043141998205,0.004558171439751291,144.70772416065358,-5.0158028351130236e-08,-0.00021715843481012688,1.3576376710478899e-06,-1.3933162977058302,-43.91720972209482,0.20628758883095372,0.0001324563775243752,0.05472664316628615,55241.2,0.0615125645129975,0.0072,index_dividend_yield,0.065,13.93,30,54968.7,55340.7,54636.2,55128.4,mid_price,ok
2026-10-07T10:35:40.581108+00:00,2026-10-07T16:05:40.581108+05:30,BANKNIFTY,27-Oct-2026,53500.0,CE,55055.55,1957.2,150,1983.2,60,1957.75,1970.2,1500,-17,952,-0.03574255150756976,13.06,0.8543870026622383,0.0001356216154508592,-16.724164582753993,29.38144232357736,-1.7927785403667462,0.0046961676762011795,244.0514644866809,-8.697720101454717e-08,8.813371773363924e-05,4.566401142708579e-07,-1.371793221856393,25.4110800441751,-0.8446286858508668,0.00014362285653649458,0.05472664316628615,55241.2,0.0615125645129975,0.0072,index_dividend_yield,0.065,13.93,30,54968.7,55340.7,54636.2,55128.4,mid_price,ok
2026-10-07T10:35:40.581108+00:00,2026-10-07T16:05:40.581108+05:30,BANKNIFTY,27-Oct-2026,53500.0,PE,55055.55,236.2,240,238.85,240,239,237.52499999999998,12299,589,31028,-7.040062232594321,17.16,-0.20807556932417176,0.00012967412664090878,-13.99381565166295,36.912345010327506,-1.2905136381594489,0.004409813788319478,135.10600156766728,-4.974841042524264e-08,-0.0002810358780548194,1.6252504551826337e-06,-1.3853017949266402,-43.27852160211674,0.2190731284978517,0.00013732448492910566,0.05472664316628615,55241.2,0.0615125645129975,0.0072,index_dividend_yield,0.065,13.93,30,54968.7,55340.7,54636.2,55128.4,mid_price,ok
2026-10-07T10:35:40.581108+00:00,2026-10-07T16:05:40.581108+05:30,BANKNIFTY,27-Oct-2026,53600.0,CE,55055.55,1878.25,150,1905.8,150,1870.45,1892.025,234,-4,6,-0.6163491936983608,12.99,0.8412526433385499,0.00014442815192888234,-17.139292375900382,31.121607878637747,-1.805485956679509,0.004629111769532068,232.77784725522642,-8.826264557540339e-08,-3.151004595357905e-05,8.579450531735982e-07,-1.3730103551672599,26.238215818162804,-0.831164733145208,0.00015237877780546294,0.05472664316628615,55241.2,0.0615125645129975,0.0072,index_dividend_yield,0.065,13.93,30,54968.7,55340.7,54636.2,55128.4,mid_price,ok
2026-10-07T10:35:40.581108+00:00,2026-10-07T16:05:40.581108+05:30,BANKNIFTY,27-Oct-2026,53600.0,PE,55055.55,253.1,240,256.15,240,257.2,254.625,1453,191,6379,-6.862212565634619,17.08,-0.22064780615900406,0.00013480300332707474,-14.354503660738162,38.19341182391243,-1.267024032332517,0.004238597877155442,125.61070057147461,-4.930683765102177e-08,-0.00034589720751874,1.8926007396023248e-06,-1.375890308349426,-42.73818117630294,0.231942649066075,0.00014222377436221738,0.05472664316628615,55241.2,0.0615125645129975,0.0072,index_dividend_yield,0.065,13.93,30,54968.7,55340.7,54636.2,55128.4,mid_price,ok
2026-10-07T10:35:40.581108+00:00,2026-10-07T16:05:40.581108+05:30,BANKNIFTY,27-Oct-2026,53700.0,CE,55055.55,1793.95,150,1821.55,60,1794.25,1807.75,669,-566,1288,-0.08909430074894896,13.25,0.8213642558198712,0.0001527926461242843,-17.99790401349327,33.58298935176231,-1.7530610870332697,0.00449950620999684,208.14214203734593,-8.45351689241862e-08,-0.00020611994977791153,1.4056946976010712e-06,-1.372208410533723,26.733782056897706,-0.8105985722469908,0.00016060390176407028,0.05472664316628615,55241.2,0.0615125645129975,0.0072,index_dividend_yield,0.065,13.93,30,54968.7,55340.7,54636.2,55128.4,mid_price,ok
2026-10-07T10:35:40.581108+00:00,2026-10-07T16:05:40.581108+05:30,BANKNIFTY,27-Oct-2026,53700.0,PE,55055.55,271.7,240,274.85,240,270.45,273.275,1662,-95,8808,-7.80637463780467,16.85,-0.23187299037712528,0.0001405273511994479,-14.492032793403133,39.27912337955889,-1.2542549710414241,0.004061668248598105,118.31585479328055,-4.96480472416621e-08,-0.00041069216832231013,2.1484645327878265e-06,-1.3659888049287474,-42.682814423364555,0.2432957632443957,0.00014771156518123858,0.05472664316628615,55241.2,0.0615125645129975,0.0072,index_dividend_yield,0.065,13.93,30,54968.7,55340.7,54636.2,55128.4,mid_price,ok
2026-10-07T10:35:40.581108+00:00,2026-10-07T16:05:40.581108+05:30,BANKNIFTY,27-Oct-2026,53800.0,CE,55055.55,1714,150,1744.85,30,1708.25,1729.425,482,-8,80,0.014637002341920375,13.13,0.8073648197036611,0.00016160152145667495,-18.320625906123237,35.19744934691618,-1.7456021125140109,0.004345294633776753,195.46955841379088,-8.517995377050364e-08,-0.00033328455804707295,1.8225604222180559e-06,-1.365086917274077,27.65955020962338,-0.7963360117191007,0.00016923224083887796,0.05472664316628615,55241.2,0.0615125645129975,0.0072,index_dividend_yield,0.065,13.93,30,54968.7,55340.7,54636.2,55128.4,mid_price,ok
2026-10-07T10:35:40.581108+00:00,2026-10-07T16:05:40.581108+05:30,BANKNIFTY,27-Oct-2026,53800.0,PE,55055.55,291.4,240,292.75,30,290.45,292.075,2536,-27,10089,-6.577677709874558,16.77,-0.24554266817129056,0.00014569259704764234,-14.81519531042043,40.52953011736078,-1.2179261931328371,0.003838740022052839,107.96849712832923,-4.8735978680709717e-08,-0.0004806513881538743,2.42546686433104e-06,-1.3544291380641127,-42.12451577196656,0.257237991879881,0.00015257210730295254,0.05472664316628615,55241.2,0.0615125645129975,0.0072,index_dividend_yield,0.065,13.93,30,54968.7,55340.7,54636.2,55128.4,mid_price,ok
2026-10-07T10:35:40.581108+00:00,2026-10-07T16:05:40.581108+05:30,BANKNIFTY,27-Oct-2026,53900.0,CE,55055.55,1638.85,150,1667.6,150,1655,1653.225,543,2,140,-0.04227819049344688,13.9,0.7778173157291608,0.00016613213823166035,-19.83191486011535,38.306235672144915,-1.569197775864506,0.004027929297158783,154.79343530330425,-7.33898540813349e-08,-0.0005238489353724744,2.4455755679509198e-06,-1.3538906847556902,27.498718293230457,-0.7656007739086067,0.00017333183530016927,0.05472664316628615,55241.2,0.0615125645129975,0.0072,index_dividend_yield,0.065,13.93,30,54968.7,55340.7,54636.2,55128.4,mid_price,ok
2026-10-07T10:35:40.581108+00:00,2026-10-07T16:05:40.581108+05:30,BANKNIFTY,27-Oct-2026,53900.0,PE,55055.55,312,240,315.25,240,311.05,313.625,2220,192,7260,-7.342865653857611,16.67,-0.25950667288414697,0.00015090017643277896,-15.088061756532001,41.727884595789334,-1.1769350673965784,0.003591506586046178,97.70659107860524,-4.769840139184404e-08,-0.0005518877861804148,2.7011366124749404e-06,-1.3422635959843845,-41.6255382822627,0.27143814816762357,0.00015743976335114864,0.05472664316628615,55241.2,0.0615125645129975,0.0072,index_dividend_yield,0.065,13.93,30,54968.7,55340.7,54636.2,55128.4,mid_price,ok
2026-10-07T10:35:40.581108+00:00,2026-10-07T16:05:40.581108+05:30,BANKNIFTY,27-Oct-2026,54000.0,CE,55055.55,1561.45,180,1577,60,1563.65,1569.225,6718,-1466,10401,-0.26788276939758265,13.54,0.7660433741280267,0.00017558773381684084,-19.783649844867035,39.43790707186649,-1.5722022836615057,0.003814022185794075,147.19100978545896,-7.559372477544485e-08,-0.0006414655171153031,2.815800344141905e-06,-1.3420395166724575,28.74312170930037,-0.7538450709476294,0.0001825193297230794,0.05472664316628615,55241.2,0.0615125645129975,0.0072,index_dividend_yield,0.065,13.93,30,54968.7,55340.7,54636.2,55128.4,mid_price,ok
2026-10-07T10:35:40.581108+00:00,2026-10-07T16:05:40.581108+05:30,BANKNIFTY,27-Oct-2026,54000.0,PE,55055.55,335.55,210,339.45,210,338.75,337.5,23628,1644,87801,-5.09875332679647,16.71,-0.27558417784115075,0.00015517054218257352,-15.521374890865852,43.011713937572814,-1.1123942599375325,0.003295742762189246,85.34723684644518,-4.543073214502196e-08,-0.0006207147279731667,2.974291422487476e-06,-1.3290801297857158,-40.68863122177548,0.2878764783113552,0.0001612961380404453,0.05472664316628615,55241.2,0.0615125645129975,0.0072,index_dividend_yield,0.065,13.93,30,54968.7,55340.7,54636.2,55128.4,mid_price,ok
2026-10-07T10:35:40.581108+00:00,2026-10-07T16:05:40.581108+05:30,BANKNIFTY,27-Oct-2026,54100.0,CE,55055.55,1485.75,180,1508,60,1500.7,1496.875,646,-10,356,0.05000166672222407,13.88,0.7427856854481542,0.00018025762091551816,-20.644907979734317,41.50344264008715,-1.4403737581165643,0.003448603118371363,121.12069564483718,-6.839700915472872e-08,-0.000772639648881834,3.2623736297508336e-06,-1.3268215194518191,29.067392882637982,-0.7298999926511243,0.00018668151458463788,0.05472664316628615,55241.2,0.0615125645129975,0.0072,index_dividend_yield,0.065,13.93,30,54968.7,55340.7,54636.2,55128.4,mid_price,ok
2026-10-07T10:35:40.581108+00:00,2026-10-07T16:05:40.581108+05:30,BANKNIFTY,27-Oct-2026,54100.0,PE,55055.55,358.4,210,361.8,60,358.65,360.1,1575,-116,9379,-6.149417767892189,16.53,-0.2897081483312895,0.00016067294158141567,-15.63315848903584,44.05717229772567,-1.0662500969392252,0.0030063859461422204,76.06903575521784,-4.4376752152474455e-08,-0.0006946021132515277,3.2423211226865812e-06,-1.3168493322306674,-40.42596221564338,0.3021181312936011,0.00016639889029294026,0.05472664316628615,55241.2,0.0615125645129975,0.0072,index_dividend_yield,0.065,13.93,30,54968.7,55340.7,54636.2,55128.4,mid_price,ok
2026-10-07T10:35:40.581108+00:00,2026-10-07T16:05:40.581108+05:30,BANKNIFTY,27-Oct-2026,54200.0,CE,55055.55,1413.45,60,1435.9,180,1430.85,1424.6750000000002,3727,1296,2819,0.7179812057860838,13.99,0.7226430905257711,0.00018579375204345525,-21.160646764481612,43.11712957556361,-1.3372997832194478,0.003078586348313039,101.8939738217064,-6.369850941699572e-08,-0.0008889963220550185,3.649324720488907e-06,-1.3119194671694103,29.700097318031332,-0.7093346427369182,0.00019170557521552614,0.05472664316628615,55241.2,0.0615125645129975,0.0072,index_dividend_yield,0.065,13.93,30,54968.7,55340.7,54636.2,55128.4,mid_price,ok
2026-10-07T10:35:40.581108+00:00,2026-10-07T16:05:40.581108+05:30,BANKNIFTY,27-Oct-2026,54200.0,PE,55055.55,383.45,60,388,120,386.05,385.725,5610,1549,19389,-4.984001968988432,16.5,-0.3059576308249289,0.00016502035139448273,-15.911541737237082,45.167127652007586,-0.9955551922873063,0.0026680994520995593,65.0108779473193,-4.203056310572897e-08,-0.000762618793828383,3.497060644479683e-06,-1.3043540396552586,-39.70512185654418,0.3186145717893885,0.00017027117994230715,0.05472664316628615,55241.2,0.0615125645129975,0.0072,index_dividend_yield,0.065,13.93,30,54968.7,55340.7,54636.2,55128.4,mid_price,ok
2026-10-07T10:35:40.581108+00:00,2026-10-07T16:05:40.581108+05:30,BANKNIFTY,27-Oct-2026,54300.0,CE,55055.55,1309.85,90,1361.2,60,1352.15,1335.525,1268,-57,706,-0.5369818676670712,13.84,0.7053603692623402,0.00019329515444043032,-21.29818710887615,44.377014212055016,-1.2655128161763174,0.00271386062534662,88.13189225523743,-6.145845833838945e-08,-0.001012786378633431,4.024525910494421e-06,-1.2979871979251385,30.748813380853115,-0.6919163891875815,0.00019871173675141545,0.05472664316628615,55241.2,0.0615125645129975,0.0072,index_dividend_yield,0.065,13.93,30,54968.7,55340.7,54636.2,55128.4,mid_price,ok
2026-10-07T10:35:40.581108+00:00,2026-10-07T16:05:40.581108+05:30,BANKNIFTY,27-Oct-2026,54300.0,PE,55055.55,404.75,30,415,60,415,409.875,2412,-93,12568,-4.805596972129831,16.46,-0.3225358074319094,0.00016920267993389762,-16.141670045673795,46.19958660387666,-0.9191479388239443,0.002306440935350873,54.48896018238614,-3.948310890092736e-08,-0.0008284211161089838,3.737814813352527e-06,-1.2926707841295126,-39.01742642085918,0.3354051659357197,0.00017394413476112493,0.05472664316628615,55241.2,0.0615125645129975,0.0072,index_dividend_yield,0.065,13.93,30,54968.7,55340.7,54636.2,55128.4,mid_price,ok
2026-10-07T10:35:40.581108+00:00,2026-10-07T16:05:40.581108+05:30,BANKNIFTY,27-Oct-2026,54400.0,CE,55055.55,1268.4,180,1289.95,60,1271.9,1279.1750000000002,1429,-8,1321,-0.035367626832239554,13.62,0.6880706051312636,0.0002015014031551064,-21.308599393780018,45.52565506167467,-1.1920289936544481,0.0023216599829120055,75.4097299969132,-5.93776516973176e-08,-0.0011457175569659025,4.403024100020148e-06,-1.2847132585766943,31.975571811006155,-0.6745842906511912,0.00020638707040093458,0.05472664316628615,55241.2,0.0615125645129975,0.0072,index_dividend_yield,0.065,13.93,30,54968.7,55340.7,54636.2,55128.4,mid_price,ok
2026-10-07T10:35:40.581108+00:00,2026-10-07T16:05:40.581108+05:30,BANKNIFTY,27-Oct-2026,54400.0,PE,55055.55,436.65,120,446,30,443.1,441.325,2656,163,14160,-3.705313484733239,16.37,-0.33910601550072145,0.00017356996864365174,-16.27019130424157,47.13291342892298,-0.8411205968712199,0.001927500361483425,44.90958033922254,-3.6963285996702286e-08,-0.000894935216520486,3.969188186981422e-06,-1.2821874085368279,-38.4714851151419,0.3521131261664131,0.00017777840142567538,0.05472664316628615,55241.2,0.0615125645129975,0.0072,index_dividend_yield,0.065,13.93,30,54968.7,55340.7,54636.2,55128.4,mid_price,ok
2026-10-07T10:35:40.581108+00:00,2026-10-07T16:05:40.581108+05:30,BANKNIFTY,27-Oct-2026,54500.0,CE,55055.55,1201.9,180,1220.75,180,1220.7,1211.325,9503,675,19983,0.896805389097822,14,0.663454217276378,0.00020226709994101017,-22.043097511186236,46.973649682894546,-1.015708341178645,0.0018098560798232022,55.28983120278497,-5.049755891357693e-08,-0.001206732985534778,4.647479385753463e-06,-1.2727376934467145,32.150765342390834,-0.6493711169430897,0.0002064117682323266,0.05472664316628615,55241.2,0.0615125645129975,0.0072,index_dividend_yield,0.065,13.93,30,54968.7,55340.7,54636.2,55128.4,mid_price,ok
2026-10-07T10:35:40.581108+00:00,2026-10-07T16:05:40.581108+05:30,BANKNIFTY,27-Oct-2026,54500.0,PE,55055.55,470,1740,475,120,470,472.5,16803,2415,70141,-5.098435133770823,16.22,-0.3556928466472963,0.00017828764194555857,-16.28347755238032,47.97037484454803,-0.7616392420661533,0.0015316435321616195,36.25932324471037,-3.4475803557031806e-08,-0.0009644511253279842,4.19554642239962e-06,-1.2731215289697886,-38.08479804247295,0.36875332903180746,0.00018194094560453641,0.05472664316628615,55241.2,0.0615125645129975,0.0072,index_dividend_yield,0.065,13.93,30,54968.7,55340.7,54636.2,55128.4,mid_price,ok
2026-10-07T10:35:40.581108+00:00,2026-10-07T16:05:40.581108+05:30,BANKNIFTY,27-Oct-2026,54600.0,CE,55055.55,1140,120,1154.9,210,1140,1147.45,1582,-102,6993,-0.42363628422937505,13.7,0.6455329552162956,0.0002107408603576489,-21.863258592866345,47.89281199796386,-0.9281060276903896,0.0013588028149303932,44.70522132166366,-4.790005694677739e-08,-0.0013415962113111286,4.995775324272275e-06,-1.2627680402077317,33.59740203363986,-0.6315448148349666,0.00021427212390941018,0.05472664316628615,55241.2,0.0615125645129975,0.0072,index_dividend_yield,0.065,13.93,30,54968.7,55340.7,54636.2,55128.4,mid_price,ok
2026-10-07T10:35:40.581108+00:00,2026-10-07T16:05:40.581108+05:30,BANKNIFTY,27-Oct-2026,54600.0,PE,55055.55,502.7,30,509.05,30,508.25,505.875,3072,-24,27168,-3.273384717860881,16.28,-0.3742368565671722,0.00018068060478598072,-16.522253399580602,48.79406016708269,-0.6566765274270692,0.0010939855361942197,27.0878315776919,-3.060101799822615e-08,-0.0010095601489872562,4.359602480169246e-06,-1.265911908225803,-37.13018358881476,0.3875224071680775,0.00018370816590112526,0.05472664316628615,55241.2,0.0615125645129975,0.0072,index_dividend_yield,0.065,13.93,30,54968.7,55340.7,54636.2,55128.4,mid_price,ok
2026-10-07T10:35:40.581108+00:00,2026-10-07T16:05:40.581108+05:30,BANKNIFTY,27-Oct-2026,54700.0,CE,55055.55,1072.1,60,1088,30,1085.6,1080.05,2084,-6,27947,0.7377163271934302,13.91,0.6224553820772023,0.00021197978449154697,-22.278178992694592,48.91280821249449,-0.764606131564538,0.0008268890145590735,30.783805372209372,-4.033606000117716e-08,-0.001390588077310317,5.170082673123616e-06,-1.2562497147127942,34.06480069856642,-0.6081098843326961,0.00021474447783583183,0.05472664316628615,55241.2,0.0615125645129975,0.0072,index_dividend_yield,0.065,13.93,30,54968.7,55340.7,54636.2,55128.4,mid_price,ok
2026-10-07T10:35:40.581108+00:00,2026-10-07T16:05:40.581108+05:30,BANKNIFTY,27-Oct-2026,54700.0,PE,55055.55,535,120,542,450,542,538.5,4895,420,48779,-3.6101725057798326,16.21,-0.39218407084747814,0.00018401130184727098,-16.55210717535384,49.47986818348349,-0.557696161462673,0.0006513237204872069,19.62636494799952,-2.716846796396745e-08,-0.0010622190924261244,4.5250992830558315e-06,-1.2608343555190373,-36.527265861650726,0.4055398047806533,0.00018641122324878864,0.05472664316628615,55241.2,0.0615125645129975,0.0072,index_dividend_yield,0.065,13.93,30,54968.7,55340.7,54636.2,55128.4,mid_price,ok
2026-10-07T10:35:40.581108+00:00,2026-10-07T16:05:40.581108+05:30,BANKNIFTY,27-Oct-2026,54800.0,CE,55055.55,1004.8,30,1017.6,30,1017.85,1011.2,3477,-121,38260,0.6974673525920063,13.8,0.6016513017691495,0.00021700935906080393,-22.237834643503867,49.677367297634675,-0.6315725879800782,0.0003018672897994179,21.007050252379145,-3.501769397099902e-08,-0.001480835546932403,5.3961890210078715e-06,-1.252229527772819,35.20805278605462,-0.5872888488950141,0.00021903804694426175,0.05472664316628615,55241.2,0.0615125645129975,0.0072,index_dividend_yield,0.065,13.93,30,54968.7,55340.7,54636.2,55128.4,mid_price,ok
2026-10-07T10:35:40.581108+00:00,2026-10-07T16:05:40.581108+05:30,BANKNIFTY,27-Oct-2026,54800.0,PE,55055.55,571.4,300,578,30,576.4,574.7,5149,1105,63987,-3.9973351099267154,16.12,-0.41039654201991244,0.0001872283752304971,-16.511533844442326,50.06540425111092,-0.45432530901701185,0.00019309451036980674,13.23124180061086,-2.3560252830674536e-08,-0.0011120257410133507,4.670104740051235e-06,-1.2581512937575852,-35.972946049653245,0.42377203169572136,0.00018897865889528216,0.05472664316628615,55241.2,0.0615125645129975,0.0072,index_dividend_yield,0.065,13.93,30,54968.7,55340.7,54636.2,55128.4,mid_price,ok
2026-10-07T10:35:40.581108+00:00,2026-10-07T16:05:40.581108+05:30,BANKNIFTY,27-Oct-2026,54900.0,CE,55055.55,950,30,960,90,957,955.0,3702,240,37980,0.3933910306845004,13.79,0.5797691551531893,0.00022000044391740884,-22.26872612870734,50.325586459125006,-0.4806671144663155,-0.000247299592656125,12.49899408603028,-2.8618733129528325e-08,-0.0015407990104466481,5.542736814266916e-06,-1.2520755690623275,36.16199261327864,-0.5653338533081075,0.00022124887921428233,0.05472664316628615,55241.2,0.0615125645129975,0.0072,index_dividend_yield,0.065,13.93,30,54968.7,55340.7,54636.2,55128.4,mid_price,ok
2026-10-07T10:35:40.581108+00:00,2026-10-07T16:05:40.581108+05:30,BANKNIFTY,27-Oct-2026,54900.0,PE,55055.55,606.3,30,615,210,614.6,610.65,4036,-183,55049,-3.938730853391685,16.06,-0.4290797816048978,0.00018975385563330674,-16.461835514854606,50.55186369131934,-0.34391769021396845,-0.00028011708368175237,7.897490002036989,-1.9601498219417914e-08,-0.001151929386432237,4.778748014838208e-06,-1.2582261632264888,-35.34342163829288,0.44247020630126954,0.000190830650783681,0.05472664316628615,55241.2,0.0615125645129975,0.0072,index_dividend_yield,0.065,13.93,30,54968.7,55340.7,54636.2,55128.4,mid_price,ok
2026-10-07T10:35:40.581108+00:00,2026-10-07T16:05:40.581108+05:30,BANKNIFTY,27-Oct-2026,55000.0,CE,55055.55,890.15,150,899.8,150,894.8,894.9749999999999,29927,4065,167594,-0.033515808289576586,13.71,0.5578735162203711,0.000223441363753667,-22.15601049751153,50.81618405302229,-0.3282761256154232,-0.0008105154839256334,6.1790321728310005,-2.2234031637346883e-08,-0.0016026827906751983,5.667565175082025e-06,-1.2556161428751764,37.31093939392104,-0.5434698575508546,0.0002238929432409846,0.05472664316628615,55241.2,0.0615125645129975,0.0072,index_dividend_yield,0.065,13.93,30,54968.7,55340.7,54636.2,55128.4,mid_price,ok
2026-10-07T10:35:40.581108+00:00,2026-10-07T16:05:40.581108+05:30,BANKNIFTY,27-Oct-2026,55000.0,PE,55055.55,648,60,652,60,650,650.0,36483,2717,200117,-4.327347659699735,15.92,-0.44784502279212846,0.00019283600795156963,-16.26304941280982,50.925138272114346,-0.23202935937471914,-0.0007654490924185464,3.904864073103198,-1.5620260545892194e-08,-0.001196541384032026,4.880799719765637e-06,-1.2610710152187252,-34.90109440778116,0.4611421396411751,0.00019322573339964355,0.05472664316628615,55241.2,0.0615125645129975,0.0072,index_dividend_yield,0.065,13.93,30,54968.7,55340.7,54636.2,55128.4,mid_price,ok
2026-10-07T10:35:40.581108+00:00,2026-10-07T16:05:40.581108+05:30,BANKNIFTY,27-Oct-2026,55100.0,CE,55055.55,821.45,120,845,360,844,833.225,4769,-595,56253,0.9388267655325001,13.81,0.5352815705333503,0.0002233168374091321,-22.213075470501042,51.1583075673793,-0.16331556655901913,-0.00137208223166152,1.8739056810694876,-1.501327134177287e-08,-0.0016089698484972634,5.665694767809793e-06,-1.2637749508814267,38.02213023252195,-0.5207829495312903,0.00022295667662796512,0.05472664316628615,55241.2,0.0615125645129975,0.0072,index_dividend_yield,0.065,13.93,30,54968.7,55340.7,54636.2,55128.4,mid_price,ok
2026-10-07T10:35:40.581108+00:00,2026-10-07T16:05:40.581108+05:30,BANKNIFTY,27-Oct-2026,55100.0,PE,55055.55,692,10080,696.4,300,694.5,694.2,4366,666,53965,-3.6821302267526526,15.92,-0.46718447704587845,0.00019383817725071895,-16.191520863697583,51.189796365140545,-0.11146057772593032,-0.0012551992338510343,1.1755627520209089,-1.113046770910695e-08,-0.0012131726084650544,4.907453218096664e-06,-1.2672849924604037,-34.133475249838305,0.4804835391105748,0.00019352555904356294,0.05472664316628615,55241.2,0.0615125645129975,0.0072,index_dividend_yield,0.065,13.93,30,54968.7,55340.7,54636.2,55128.4,mid_price,ok
2026-10-07T10:35:40.581108+00:00,2026-10-07T16:05:40.581108+05:30,BANKNIFTY,27-Oct-2026,55200.0,CE,55055.55,775.05,480,789.15,30,775,782.0999999999999,6208,895,81472,-1.0090688465959892,13.51,0.5129529181785237,0.00022905874720812665,-21.7054001932602,51.33378074832689,-0.004062047942510194,-0.001973591477585024,0.017255201345989235,-8.345407057713328e-09,-0.0016954913984687941,5.7779005761459605e-06,-1.2756032196279463,39.84791165079608,-0.49877151661943936,0.00022786149200845846,0.05472664316628615,55241.2,0.0615125645129975,0.0072,index_dividend_yield,0.065,13.93,30,54968.7,55340.7,54636.2,55128.4,mid_price,ok
2026-10-07T10:35:40.581108+00:00,2026-10-07T16:05:40.581108+05:30,BANKNIFTY,27-Oct-2026,55200.0,PE,55055.55,735,180,741.2,330,738.7,738.1,7103,3132,79098,-3.3684348224213485,15.87,-0.48657106708420145,0.00019499449248985704,-16.0072204593909,51.3334310847782,0.009891322521854429,-0.0017492908123429851,-0.04227925123245768,-6.615688757666688e-09,-0.0012289081267021422,4.914892375858064e-06,-1.2765837917107632,-33.48580224126521,0.4997904278598969,0.0001939752859636464,0.05472664316628615,55241.2,0.0615125645129975,0.0072,index_dividend_yield,0.065,13.93,30,54968.7,55340.7,54636.2,55128.4,mid_price,ok
2026-10-07T10:35:40.581108+00:00,2026-10-07T16:05:40.581108+05:30,BANKNIFTY,27-Oct-2026,55300.0,CE,55055.55,716.2,330,734,390,734,725.1,5369,1148,56097,0.6927772823924824,13.72,0.4904611318288659,0.00022561352546360207,-21.790654568429048,51.34761361438434,0.16134831002306838,-0.0025120240488465395,0.4868995459759162,-1.0442601958768836e-09,-0.0016423611226987428,5.620464365766125e-06,-1.2919845767341727,40.25665105945148,-0.47616357997932895,0.00022362331460928965,0.05472664316628615,55241.2,0.0615125645129975,0.0072,index_dividend_yield,0.065,13.93,30,54968.7,55340.7,54636.2,55128.4,mid_price,ok
2026-10-07T10:35:40.581108+00:00,2026-10-07T16:05:40.581108+05:30,BANKNIFTY,27-Oct-2026,55300.0,PE,55055.55,773.25,30,784.5,30,773.2,778.875,5227,2215,51199,-4.158661295320731,15.6,-0.5063713673901182,0.0001984517421352265,-15.489380510679444,51.35474006581526,0.13538264932094757,-0.0022693531432609326,0.2872352512959253,-1.9256931171310784e-09,-0.0012710687066784033,4.954717772402055e-06,-1.2893461889072384,-33.30468282691186,0.5192699862499279,0.00019670113427409252,0.05472664316628615,55241.2,0.0615125645129975,0.0072,index_dividend_yield,0.065,13.93,30,54968.7,55340.7,54636.2,55128.4,mid_price,ok
2026-10-07T10:35:40.581108+00:00,2026-10-07T16:05:40.581108+05:30,BANKNIFTY,27-Oct-2026,55400.0,CE,55055.55,678.2,30,685.15,90,681.35,681.675,2213,312,34559,-0.5183238428967732,13.65,0.46781865146673224,0.00022610278771369492,-21.460539060009953,51.19641957020852,0.32682000645081755,-0.0030794589695543606,3.379887861697739,6.193277810454598e-09,-0.0016415906751577724,5.525001928765834e-06,-1.3125328097825388,41.496632397690696,-0.4537064254076874,0.00022329993601728142,0.05472664316628615,55241.2,0.0615125645129975,0.0072,index_dividend_yield,0.065,13.93,30,54968.7,55340.7,54636.2,55128.4,mid_price,ok
2026-10-07T10:35:40.581108+00:00,2026-10-07T16:05:40.581108+05:30,BANKNIFTY,27-Oct-2026,55400.0,PE,55055.55,821.2,90,839.6,30,839.9,830.4000000000001,2026,329,21896,-1.8521764534034473,15.92,-0.5252722176569506,0.00019409234996781052,-15.684619392052143,51.25691962132275,0.25287311841060145,-0.0027109060586143485,2.0815990847680155,2.5331910077849362e-09,-0.0012113380475592503,4.779761093062193e-06,-1.3043344648370194,-31.90599615642261,0.5383670925026056,0.00019168631120168516,0.05472664316628615,55241.2,0.0615125645129975,0.0072,index_dividend_yield,0.065,13.93,30,54968.7,55340.7,54636.2,55128.4,mid_price,ok
2026-10-07T10:35:40.581108+00:00,2026-10-07T16:05:40.581108+05:30,BANKNIFTY,27-Oct-2026,55500.0,CE,55055.55,625,30,633,30,625.15,629.0,21748,2321,117806,-1.0603782543325155,13.47,0.444542539547015,0.00022765343664792826,-20.92564665898178,50.86778508585052,0.5000303907522763,-0.0036628908585952247,8.95356809263248,1.3982419331691157e-08,-0.001650094337003825,5.410574101579282e-06,-1.3381105561459492,43.1450193849494,-0.4307616562130744,0.000224021889352541,0.05472664316628615,55241.2,0.0615125645129975,0.0072,index_dividend_yield,0.065,13.93,30,54968.7,55340.7,54636.2,55128.4,mid_price,ok
2026-10-07T10:35:40.581108+00:00,2026-10-07T16:05:40.581108+05:30,BANKNIFTY,27-Oct-2026,55500.0,PE,55055.55,874.95,270,884.95,30,874.55,879.95,17263,3551,52098,-3.5989858906525574,15.58,-0.5457959338688737,0.00019741024566417246,-14.97029402120941,51.01973088925231,0.3865756855517821,-0.0032402991780362544,5.755377473150247,7.746411994065213e-09,-0.001244855392004926,4.7609610331985795e-06,-1.3242499203552427,-31.83743812659925,0.5584310677860673,0.0001942611403649971,0.05472664316628615,55241.2,0.0615125645129975,0.0072,index_dividend_yield,0.065,13.93,30,54968.7,55340.7,54636.2,55128.4,mid_price,ok
2026-10-07T10:35:40.581108+00:00,2026-10-07T16:05:40.581108+05:30,BANKNIFTY,27-Oct-2026,55600.0,CE,55055.55,581.05,30,593.9,180,585.05,587.4749999999999,3295,-224,20036,-0.0939207650273224,13.56,0.42267282190264654,0.00022405395213552422,-20.696783331344797,50.39800203076291,0.6532319190383495,-0.004163341850796143,16.376221332421892,2.0693123902504743e-08,-0.0015795916681594327,5.149534400216788e-06,-1.3651910162877812,43.92011650987115,-0.4090044620830374,0.00021968744444863448,0.05472664316628615,55241.2,0.0615125645129975,0.0072,index_dividend_yield,0.065,13.93,30,54968.7,55340.7,54636.2,55128.4,mid_price,ok
2026-10-07T10:35:40.581108+00:00,2026-10-07T16:05:40.581108+05:30,BANKNIFTY,27-Oct-2026,55600.0,PE,55055.55,933,90,941.5,30,938.5,937.25,1023,23,6707,-2.0917010067289135,15.77,-0.5643416356135308,0.00019376221299682937,-14.908316283303243,50.68760842573161,0.49774120567708247,-0.0036661911856008533,10.421091024614526,1.1910171178271011e-08,-0.0011888850086178388,4.562967904021392e-06,-1.3443821164785206,-30.754326509197952,0.5769857557755799,0.00018998605022703516,0.05472664316628615,55241.2,0.0615125645129975,0.0072,index_dividend_yield,0.065,13.93,30,54968.7,55340.7,54636.2,55128.4,mid_price,ok
2026-10-07T10:35:40.581108+00:00,2026-10-07T16:05:40.581108+05:30,BANKNIFTY,27-Oct-2026,55700.0,CE,55055.55,539.1,30,543.95,30,541.45,541.5250000000001,4834,-107,18030,-0.11069089567383082,13.54,0.4004787529509391,0.00022154547798493816,-20.269176925652744,49.76025251328933,0.8086212400484627,-0.004665409141320853,26.2151857730899,2.765896312425262e-08,-0.0015195862790337539,4.876906355574562e-06,-1.3961560834105313,45.08600991072216,-0.3870654275099377,0.00021644856492470716,0.05472664316628615,55241.2,0.0615125645129975,0.0072,index_dividend_yield,0.065,13.93,30,54968.7,55340.7,54636.2,55128.4,mid_price,ok
2026-10-07T10:35:40.581108+00:00,2026-10-07T16:05:40.581108+05:30,BANKNIFTY,27-Oct-2026,55700.0,PE,55055.55,980.3,60,1002.75,180,1002.15,991.525,1343,162,3882,-1.3728963684676705,15.92,-0.5825149703289454,0.00019029064702186802,-14.755192631954062,50.2529460883286,0.6033297804684534,-0.004075855152335106,16.235027334328578,1.5821119234825463e-08,-0.001133857665333655,4.3542666912408745e-06,-1.366348124350644,-29.79301595783422,0.5951011084491608,0.00018591278793457267,0.05472664316628615,55241.2,0.0615125645129975,0.0072,index_dividend_yield,0.065,13.93,30,54968.7,55340.7,54636.2,55128.4,mid_price,ok
2026-10-07T10:35:40.581108+00:00,2026-10-07T16:05:40.581108+05:30,BANKNIFTY,27-Oct-2026,55800.0,CE,55055.55,491.1,330,501.25,30,491.55,496.175,6229,609,20137,-1.423844379825529,13.35,0.3769293535660629,0.00022083154984734008,-19.549401751633752,48.90389016407144,0.979577369079887,-0.005192573595168282,39.51265167793139,3.580790990775123e-08,-0.0014758129441850816,4.586212236378699e-06,-1.4329687881204052,46.93930932344249,-0.36397757969687,0.00021497845316609973,0.05472664316628615,55241.2,0.0615125645129975,0.0072,index_dividend_yield,0.065,13.93,30,54968.7,55340.7,54636.2,55128.4,mid_price,ok
2026-10-07T10:35:40.581108+00:00,2026-10-07T16:05:40.581108+05:30,BANKNIFTY,27-Oct-2026,55800.0,PE,55055.55,1047.2,30,1059.7,180,1059.65,1053.45,3292,1829,6353,-1.3039631164718484,15.91,-0.6012769385367961,0.00018827645205603366,-14.344094689035584,49.68979518048648,0.7141300831339792,-0.004498520669851902,23.66360319902938,2.006880634405304e-08,-0.001093760102393012,4.1544963873192166e-06,-1.3915589827108334,-29.13057117170421,0.6136204406664502,0.00018328622182196299,0.05472664316628615,55241.2,0.0615125645129975,0.0072,index_dividend_yield,0.065,13.93,30,54968.7,55340.7,54636.2,55128.4,mid_price,ok
2026-10-07T10:35:40.581108+00:00,2026-10-07T16:05:40.581108+05:30,BANKNIFTY,27-Oct-2026,55900.0,CE,55055.55,451.05,30,461.65,30,454.5,456.35,3266,51,18495,-1.6765819361817198,13.37,0.35559012613826657,0.00021627005633821015,-19.07990974726871,47.96548297924148,1.117500082499695,-0.00561978199728269,53.24157046261746,4.205277509621052e-08,-0.0013775757170942477,4.210128560851569e-06,-1.4678165162050902,48.014862449194005,-0.3429244664761249,0.0002097852688544331,0.05472664316628615,55241.2,0.0615125645129975,0.0072,index_dividend_yield,0.065,13.93,30,54968.7,55340.7,54636.2,55128.4,mid_price,ok
2026-10-07T10:35:40.581108+00:00,2026-10-07T16:05:40.581108+05:30,BANKNIFTY,27-Oct-2026,55900.0,PE,55055.55,1098.3,180,1122.25,180,1096.25,1110.275,1316,-84,715,-3.3118715822896454,15.45,-0.6235854974476434,0.00019067203862058583,-13.252216006818523,48.86709417313521,0.863728766496652,-0.0050162723005542365,35.1056121643083,2.6555831157567096e-08,-0.0010971840597342574,3.984110238760321e-06,-1.425683461883139,-29.190106904418162,0.6352055286205852,0.0001849547993943686,0.05472664316628615,55241.2,0.0615125645129975,0.0072,index_dividend_yield,0.065,13.93,30,54968.7,55340.7,54636.2,55128.4,mid_price,ok
2026-10-07T10:35:40.581108+00:00,2026-10-07T16:05:40.581108+05:30,BANKNIFTY,27-Oct-2026,56000.0,CE,55055.55,420.9,150,421,60,421,420.95,38612,-554,107929,-0.5668398677373642,13.42,0.3351655106745944,0.0002107669573498925,-18.616110318304475,46.919790373906814,1.23987102432066,-0.005997304856760977,67.92468874915158,4.750373519947814e-08,-0.0012654676825397042,3.803256513872945e-06,-1.502486539090093,48.968936960091234,-0.3227838659502178,0.00020371766194563634,0.05472664316628615,55241.2,0.0615125645129975,0.0072,index_dividend_yield,0.065,13.93,30,54968.7,55340.7,54636.2,55128.4,mid_price,ok
2026-10-07T10:35:40.581108+00:00,2026-10-07T16:05:40.581108+05:30,BANKNIFTY,27-Oct-2026,56000.0,PE,55055.55,1162,30,1175,30,1174.8,1168.5,23426,-433,21963,-1.5090543259557343,15.78,-0.6390570613732579,0.00018412651295763522,-13.242189134996453,48.197481859432955,0.9332667591643862,-0.005305587642030596,42.86668702397378,2.8735305933498e-08,-0.0010031039968427303,3.6847831219918967e-06,-1.4486619796738722,-28.0020362960005,0.6507161628344309,0.00017796823180240063,0.05472664316628615,55241.2,0.0615125645129975,0.0072,index_dividend_yield,0.065,13.93,30,54968.7,55340.7,54636.2,55128.4,mid_price,ok
2026-10-07T10:35:40.581108+00:00,2026-10-07T16:05:40.581108+05:30,BANKNIFTY,27-Oct-2026,56100.0,CE,55055.55,383.95,240,387.75,210,387.8,385.85,1534,55,10999,-0.5258432730537386,13.44,0.3149932745372955,0.00020517145042230468,-18.072980529088007,45.74221792018714,1.355233001774897,-0.006343246600115926,84.03108866314213,5.27442840635939e-08,-0.0011496964046801507,3.3744701887956383e-06,-1.5378016870964686,50.05372336883708,-0.3029528999546304,0.00019760294698919107,0.05472664316628615,55241.2,0.0615125645129975,0.0072,index_dividend_yield,0.065,13.93,30,54968.7,55340.7,54636.2,55128.4,mid_price,ok
2026-10-07T10:35:40.581108+00:00,2026-10-07T16:05:40.581108+05:30,BANKNIFTY,27-Oct-2026,56100.0,PE,55055.55,1221.25,60,1247.7,60,1225,1234.475,387,16,286,-3.74037403740374,15.51,-0.6598006441042853,0.00018333889317577665,-12.327293312613014,47.17016812999859,1.0600597249903476,-0.005728367160872549,56.338846291502875,3.4256625856822587e-08,-0.0009631208370693384,3.4130188656082293e-06,-1.48359214498862,-27.736601565257207,0.6708619157117235,0.00017657576390234204,0.05472664316628615,55241.2,0.0615125645129975,0.0072,index_dividend_yield,0.065,13.93,30,54968.7,55340.7,54636.2,55128.4,mid_price,ok
2026-10-07T10:35:40.581108+00:00,2026-10-07T16:05:40.581108+05:30,BANKNIFTY,27-Oct-2026,56200.0,CE,55055.55,353.3,60,354.35,210,352.9,353.82500000000005,3214,621,16416,-1.272905301440761,13.37,0.2941305642966737,0.00020005396736058826,-17.3571488171268,44.36899554581879,1.4746391204663312,-0.00667490156937922,102.75971555421748,5.8567223999322185e-08,-0.0010329827911629175,2.9128254889021032e-06,-1.5752855484700987,51.56443856158388,-0.28255294752382404,0.00019198917768277032,0.05472664316628615,55241.2,0.0615125645129975,0.0072,index_dividend_yield,0.065,13.93,30,54968.7,55340.7,54636.2,55128.4,mid_price,ok
2026-10-07T10:35:40.581108+00:00,2026-10-07T16:05:40.581108+05:30,BANKNIFTY,27-Oct-2026,56200.0,PE,55055.55,1289.75,150,1316.45,30,1281.55,1303.1,619,-1,304,-3.682687610386682,15.32,-0.6797990569566852,0.0001811516763720161,-11.483320651223229,46.036483633296186,1.1753024387460287,-0.006101238150401088,70.82848041714485,3.933140026497927e-08,-0.0009037670898078806,3.0949923680049715e-06,-1.5183488642744152,-27.341349200580552,0.6903128015071994,0.00017384889608227985,0.05472664316628615,55241.2,0.0615125645129975,0.0072,index_dividend_yield,0.065,13.93,30,54968.7,55340.7,54636.2,55128.4,mid_price,ok
2026-10-07T10:35:40.581108+00:00,2026-10-07T16:05:40.581108+05:30,BANKNIFTY,27-Oct-2026,56300.0,CE,55055.55,319.55,240,323.2,210,320.55,321.375,2821,-68,11657,-1.5963161933998464,13.31,0.2739132849444663,0.00019422534277488464,-16.624487684287832,42.88298156054122,1.580602082604049,-0.006955334017250903,122.29246523214599,6.38238522221078e-08,-0.0009053675492737371,2.4263855249825233e-06,-1.6111186699935727,53.069765410275906,-0.262811436570174,0.00018573395984847112,0.05472664316628615,55241.2,0.0615125645129975,0.0072,index_dividend_yield,0.065,13.93,30,54968.7,55340.7,54636.2,55128.4,mid_price,ok
2026-10-07T10:35:40.581108+00:00,2026-10-07T16:05:40.581108+05:30,BANKNIFTY,27-Oct-2026,56300.0,PE,55055.55,1356.45,60,1385.2,150,1353.9,1370.825,596,14,267,-3.667864385072397,15.42,-0.6960651563100152,0.00017595704724768897,-11.046614696128733,45.00824308179812,1.2464120087375408,-0.006360167491547997,82.50093514928736,4.198421423465727e-08,-0.0008185797560884378,2.7660689213660308e-06,-1.545819048312168,-26.5526021968568,0.7063145259042328,0.0001682643401815832,0.05472664316628615,55241.2,0.0615125645129975,0.0072,index_dividend_yield,0.065,13.93,30,54968.7,55340.7,54636.2,55128.4,mid_price,ok
2026-10-07T10:35:40.581108+00:00,2026-10-07T16:05:40.581108+05:30,BANKNIFTY,27-Oct-2026,56400.0,CE,55055.55,290.7,240,294.1,240,291.6,292.4,3220,694,9626,-0.8669046404895462,13.28,0.2547685097512337,0.0001876147695214229,-15.913905132666729,41.33006805904494,1.668113107589242,-0.007177049413284231,141.64289102133765,6.816157036060444e-08,-0.0007697816704428157,1.93141851327527e-06,-1.6435505106375314,54.459305873391514,-0.24412876952162368,0.00017877674563452224,0.05472664316628615,55241.2,0.0615125645129975,0.0072,index_dividend_yield,0.065,13.93,30,54968.7,55340.7,54636.2,55128.4,mid_price,ok
2026-10-07T10:35:40.581108+00:00,2026-10-07T16:05:40.581108+05:30,BANKNIFTY,27-Oct-2026,56400.0,PE,55055.55,1427.65,150,1452.3,150,1421.2,1439.975,2614,-12,565,-3.8982993542279476,15.38,-0.7135644168373847,0.0001716516543842859,-10.368755689428856,43.793065853030775,1.3279127542135116,-0.006624245953488427,96.57609898598807,4.543458936550333e-08,-0.0007375399764511292,2.4159546396036106e-06,-1.576081311863625,-25.965937641742254,0.7233803422777053,0.0001635656096366142,0.05472664316628615,55241.2,0.0615125645129975,0.0072,index_dividend_yield,0.065,13.93,30,54968.7,55340.7,54636.2,55128.4,mid_price,ok
2026-10-07T10:35:40.581108+00:00,2026-10-07T16:05:40.581108+05:30,BANKNIFTY,27-Oct-2026,56500.0,CE,55055.55,263.85,240,266.2,120,265.6,265.025,26366,1254,66407,-1.3556174558960075,13.28,0.2368197702548991,0.00018039950034248647,-15.233253918203973,39.74060062537512,1.736444354197633,-0.007341562670792251,160.1980358328774,7.150714628211136e-08,-0.0006312078450323647,1.4422403466594488e-06,-1.6716744988316634,55.71268616411169,-0.22662329632879613,0.00017129340633098716,0.05472664316628615,55241.2,0.0615125645129975,0.0072,index_dividend_yield,0.065,13.93,30,54968.7,55340.7,54636.2,55128.4,mid_price,ok
2026-10-07T10:35:40.581108+00:00,2026-10-07T16:05:40.581108+05:30,BANKNIFTY,27-Oct-2026,56500.0,PE,55055.55,1500.75,150,1515.2,30,1508.1,1507.975,12415,-590,4289,-1.8994340727249073,15.75,-0.7249989057678881,0.0001643409402759317,-10.321147708185899,42.9365699080415,1.3450649277793048,-0.006751325788287631,103.70647434923796,4.515720995084377e-08,-0.0006465001414912038,2.1288573000380383e-06,-1.59334384837625,-24.916934417193488,0.7348167196549437,0.0001560454402925629,0.05472664316628615,55241.2,0.0615125645129975,0.0072,index_dividend_yield,0.065,13.93,30,54968.7,55340.7,54636.2,55128.4,mid_price,ok
2026-10-07T10:35:40.581108+00:00,2026-10-07T16:05:40.581108+05:30,BANKNIFTY,27-Oct-2026,56600.0,CE,55055.55,239.05,30,241.95,240,239.45,240.5,3339,279,10087,-2.245356195141866,13.23,0.2187211537975958,0.00017315740443554458,-14.454063724991553,38.0016044088177,1.8001908729167182,-0.007468048389819071,179.98154468181937,7.495307083379356e-08,-0.000488695639810918,9.329848910116387e-07,-1.697509901255522,57.258661980787295,-0.2090372418038342,0.00016383640733024426,0.05472664316628615,55241.2,0.0615125645129975,0.0072,index_dividend_yield,0.065,13.93,30,54968.7,55340.7,54636.2,55128.4,mid_price,ok
2026-10-07T10:35:40.581108+00:00,2026-10-07T16:05:40.581108+05:30,BANKNIFTY,27-Oct-2026,56600.0,PE,55055.55,1575.4,150,1602.65,150,1599.05,1589.025,606,22,846,-1.122310165718526,16.18,-0.7348494508225244,0.00015707353770165195,-10.365753029496524,42.158248921572024,1.3479383663265176,-0.006844554205276187,109.10446525235784,4.418917137151086e-08,-0.0005642874500339125,1.8750808288541942e-06,-1.6072734684877188,-23.87989383678188,0.7447305668778637,0.0001486183290144522,0.05472664316628615,55241.2,0.0615125645129975,0.0072,index_dividend_yield,0.065,13.93,30,54968.7,55340.7,54636.2,55128.4,mid_price,ok
2026-10-07T10:35:40.581108+00:00,2026-10-07T16:05:40.581108+05:30,BANKNIFTY,27-Oct-2026,56700.0,CE,55055.55,215.6,240,218.8,240,216.15,217.2,4861,-75,10014,-2.503382949932341,13.2,0.20171562247383765,0.0001654938641966752,-13.698124655350268,36.23738491224738,1.8461175409743984,-0.007539679767815194,198.60182384264746,7.751157553799417e-08,-0.00034669993267044327,4.3870683703018895e-07,-1.7178242767984668,58.72236111194493,-0.19252988856866984,0.00015603355017854305,0.05472664316628615,55241.2,0.0615125645129975,0.0072,index_dividend_yield,0.065,13.93,30,54968.7,55340.7,54636.2,55128.4,mid_price,ok
2026-10-07T10:35:40.581108+00:00,2026-10-07T16:05:40.581108+05:30,BANKNIFTY,27-Oct-2026,56700.0,PE,55055.55,1648.6,150,1681.65,60,1655,1665.125,320,18,431,-2.652785130286454,15.78,-0.7555870700465106,0.0001543151866926639,-9.055485566542732,40.393983961266684,1.4509898765241447,-0.007092918058014486,129.53647670195778,4.944977724625913e-08,-0.00048304890823518403,1.4515412687514143e-06,-1.6421809246865635,-23.72818376594153,0.7645929451333282,0.00014549389213310026,0.05472664316628615,55241.2,0.0615125645129975,0.0072,index_dividend_yield,0.065,13.93,30,54968.7,55340.7,54636.2,55128.4,mid_price,ok
2026-10-07T10:35:40.581108+00:00,2026-10-07T16:05:40.581108+05:30,BANKNIFTY,27-Oct-2026,56800.0,CE,55055.55,195.45,240,198.25,240,194.6,196.85,5900,222,10719,-3.087649402390438,13.17,0.18548271314543469,0.0001575970636713119,-12.93698974015802,34.42983312022388,1.8779715335705964,-0.0075621661985799124,216.33971791236561,7.945561261817481e-08,-0.00020632611027577793,-4.257424515336536e-08,-1.7326441513789776,60.211461668636765,-0.176800228384716,0.00014806542624748784,0.05472664316628615,55241.2,0.0615125645129975,0.0072,index_dividend_yield,0.065,13.93,30,54968.7,55340.7,54636.2,55128.4,mid_price,ok
2026-10-07T10:35:40.581108+00:00,2026-10-07T16:05:40.581108+05:30,BANKNIFTY,27-Oct-2026,56800.0,PE,55055.55,1724.4,150,1760.65,90,1721.7,1742.525,375,-3,284,-3.5975251266832777,15.57,,,,,,,,,,,,,,,0.05472664316628615,,,,,,13.93,30,54968.7,55340.7,54636.2,55128.4,mid_price,no_price_available
2026-10-07T10:35:40.581108+00:00,2026-10-07T16:05:40.581108+05:30,BANKNIFTY,27-Oct-2026,56900.0,CE,55055.55,176,300,178.7,240,176.7,177.35,2200,200,7878,-3.2046014790468367,13.2,0.17117833618131054,0.0001494847545834778,-12.279980477096732,32.73194820030765,1.8870522270392764,-0.007535696445725992,230.71937979845103,7.999874260940902e-08,-7.87212358577884e-05,-4.660845919926364e-07,-1.7403573843191535,61.345230285210356,-0.16292952366123964,0.0001399505408274413,0.05472664316628615,55241.2,0.0615125645129975,0.0072,index_dividend_yield,0.065,13.93,30,54968.7,55340.7,54636.2,55128.4,mid_price,ok
2026-10-07T10:35:40.581108+00:00,2026-10-07T16:05:40.581108+05:30,BANKNIFTY,27-Oct-2026,56900.0,PE,55055.55,1798.8,30,1837.05,150,1801.7,1817.925,499,2,32,-4.180184013189384,15.65,,,,,,,,,,,,,,,0.05472664316628615,,,,,,13.93,30,54968.7,55340.7,54636.2,55128.4,mid_price,no_price_available
2026-10-07T10:35:40.581108+00:00,2026-10-07T16:05:40.581108+05:30,BANKNIFTY,27-Oct-2026,57000.0,CE,55055.55,157.9,180,158.7,300,158.5,158.3,37479,3528,107892,-3.2061068702290076,13.18,0.15673971775099996,0.00014139137399171692,-11.540472962382045,30.91287133733165,1.891205503746829,-0.00746952726619271,245.4612098108324,8.064102452270112e-08,5.000086954468541e-05,-8.954407915696375e-07,-1.742969405077513,62.803882583189846,-0.14898226617352392,0.00013190929966807493,0.05472664316628615,55241.2,0.0615125645129975,0.0072,index_dividend_yield,0.065,13.93,30,54968.7,55340.7,54636.2,55128.4,mid_price,ok
2026-10-07T10:35:40.581108+00:00,2026-10-07T16:05:40.581108+05:30,BANKNIFTY,27-Oct-2026,57000.0,PE,55055.55,1888.75,150,1919.5,30,1905,1904.125,13576,-277,2424,-1.474010861132661,16.3,,,,,,,,,,,,,,,0.05472664316628615,,,,,,13.93,30,54968.7,55340.7,54636.2,55128.4,mid_price,no_price_available
2026-10-07T10:35:40.581108+00:00,2026-10-07T16:05:40.581108+05:30,BANKNIFTY,27-Oct-2026,57100.0,CE,55055.55,142.05,240,144.65,240,141.7,143.35000000000002,3111,70,6390,-3.6709721278042147,13.15,0.14292068618917186,0.00013325228141914552,-10.791917386930574,29.067081437936043,1.8840642618855874,-0.007360978805694973,258.93579028540256,8.08409933516467e-08,0.00017378738189652656,-1.3028583712599033e-06,-1.7389612558730294,64.35042659646705,-0.1356619962612575,0.00012388098446169352,0.05472664316628615,55241.2,0.0615125645129975,0.0072,index_dividend_yield,0.065,13.93,30,54968.7,55340.7,54636.2,55128.4,mid_price,ok
2026-10-07T10:35:40.581108+00:00,2026-10-07T16:05:40.581108+05:30,BANKNIFTY,27-Oct-2026,57100.0,PE,55055.55,1972.85,120,2009.75,60,2141.3,1991.3,608,2,24,7.876772714677951,20.24,,,,,,,,,,,,,,,0.05472664316628615,,,,,,13.93,30,54968.7,55340.7,54636.2,55128.4,mid_price,no_price_available
2026-10-07T10:35:40.581108+00:00,2026-10-07T16:05:40.581108+05:30,BANKNIFTY,27-Oct-2026,57200.0,CE,55055.55,127.25,240,129.8,240,130.25,128.525,4077,54,9485,-3.6968576709796674,13.26,0.1325145688891831,0.00012550233178700316,-10.297896571287529,27.605545930939527,1.8513507739946478,-0.0072367921992620154,265.71799776715466,7.897769109296398e-08,0.0002616274272530323,-1.5813451410406495e-06,-1.729409288235452,64.94416978560626,-0.12558260528813364,0.00011626846756854808,0.05472664316628615,55241.2,0.0615125645129975,0.0072,index_dividend_yield,0.065,13.93,30,54968.7,55340.7,54636.2,55128.4,mid_price,ok
2026-10-07T10:35:40.581108+00:00,2026-10-07T16:05:40.581108+05:30,BANKNIFTY,27-Oct-2026,57200.0,PE,55055.55,2059.5,120,2094.6,60,2052.4,2077.05,379,-11,31,-1.9257418645768625,15.99,,,,,,,,,,,,,,,0.05472664316628615,,,,,,13.93,30,54968.7,55340.7,54636.2,55128.4,mid_price,no_price_available
2026-10-07T10:35:40.581108+00:00,2026-10-07T16:05:40.581108+05:30,BANKNIFTY,27-Oct-2026,57300.0,CE,55055.55,113.25,300,119.65,30,116.45,116.45,2634,189,6445,-4.783319705641865,13.25,0.12064016278102292,0.00011764638696399544,-9.61006073771482,25.858033491163052,1.822113414825348,-0.00706678634861009,274.9489453458747,7.804339798270729e-08,0.0003631163259906726,-1.9076084026970716e-06,-1.7133583069955058,66.36002141644938,-0.1141679141165881,0.00010861043704550765,0.05472664316628615,55241.2,0.0615125645129975,0.0072,index_dividend_yield,0.065,13.93,30,54968.7,55340.7,54636.2,55128.4,mid_price,ok
2026-10-07T10:35:40.581108+00:00,2026-10-07T16:05:40.581108+05:30,BANKNIFTY,27-Oct-2026,57300.0,PE,55055.55,2067.6,30,2277.95,450,2175.6,2172.7749999999996,351,-1,5,0.21650006909576675,17.18,,,,,,,,,,,,,,,0.05472664316628615,,,,,,13.93,30,54968.7,55340.7,54636.2,55128.4,mid_price,no_price_available
2026-10-07T10:35:40.581108+00:00,2026-10-07T16:05:40.581108+05:30,BANKNIFTY,27-Oct-2026,57400.0,CE,55055.55,101.9,300,108.05,30,105.8,104.975,2275,446,11738,-2.7573529411764706,13.31,0.11078467939886066,0.0001102367414022678,-9.058616813104756,24.339152045295744,1.7793543041493276,-0.006887164432638163,280.0876895550939,7.605848629620624e-08,0.00044042398104882606,-2.1517387585124535e-06,-1.6931129950463484,67.27817182094482,-0.1046803719948109,0.00010141560675709639,0.05472664316628615,55241.2,0.0615125645129975,0.0072,index_dividend_yield,0.065,13.93,30,54968.7,55340.7,54636.2,55128.4,mid_price,ok
2026-10-07T10:35:40.581108+00:00,2026-10-07T16:05:40.581108+05:30,BANKNIFTY,27-Oct-2026,57400.0,PE,55055.55,2202.05,30,2260.05,90,2199.7,2231.05,122,-6,8,-3.2992636553467416,15.47,,,,,,,,,,,,,,,0.05472664316628615,,,,,,13.93,30,54968.7,55340.7,54636.2,55128.4,mid_price,no_price_available
2026-10-07T10:35:40.581108+00:00,2026-10-07T16:05:40.581108+05:30,BANKNIFTY,27-Oct-2026,57500.0,CE,55055.55,91.5,360,94,30,93.9,92.75,27828,-770,44447,-3.938618925831202,13.29,0.10023174012882538,0.00010269167044729539,-8.390777204492226,22.639207529938204,1.734038898264803,-0.006661801479305091,285.8792740934746,7.445098195298948e-08,0.0005241306448220585,-2.4123879934384335e-06,-1.6647570061930814,68.77968617627765,-0.09457533643265681,9.414597124886207e-05,0.05472664316628615,55241.2,0.0615125645129975,0.0072,index_dividend_yield,0.065,13.93,30,54968.7,55340.7,54636.2,55128.4,mid_price,ok
2026-10-07T10:35:40.581108+00:00,2026-10-07T16:05:40.581108+05:30,BANKNIFTY,27-Oct-2026,57500.0,PE,55055.55,2330,60,2384.45,60,2346.3,2357.225,11787,-20,1224,-0.0617612607815994,17.39,,,,,,,,,,,,,,,0.05472664316628615,,,,,,13.93,30,54968.7,55340.7,54636.2,55128.4,mid_price,no_price_available
2026-10-07T10:35:40.581108+00:00,2026-10-07T16:05:40.581108+05:30,BANKNIFTY,27-Oct-2026,57600.0,CE,55055.55,84.1,120,88.05,30,84.6,86.07499999999999,2724,71,5977,-5.633017289459008,13.33,0.09142775930964836,9.568834694474845e-05,-7.8441692645728125,21.158760497553395,1.6797119449301623,-0.006436897557843532,288.1258811054135,7.206915217121345e-08,0.0005852543872349999,-2.5992530305426787e-06,-1.6335680293812906,69.83621249779513,-0.08613764366304098,8.742110593509181e-05,0.05472664316628615,55241.2,0.0615125645129975,0.0072,index_dividend_yield,0.065,13.93,30,54968.7,55340.7,54636.2,55128.4,mid_price,ok
2026-10-07T10:35:40.581108+00:00,2026-10-07T16:05:40.581108+05:30,BANKNIFTY,27-Oct-2026,57600.0,PE,55055.55,2379.4,30,2485.6,150,2430.4,2432.5,128,-26,28,-1.1811583890707271,17.42,,,,,,,,,,,,,,,0.05472664316628615,,,,,,13.93,30,54968.7,55340.7,54636.2,55128.4,mid_price,no_price_available
2026-10-07T10:35:40.581108+00:00,2026-10-07T16:05:40.581108+05:30,BANKNIFTY,27-Oct-2026,57700.0,CE,55055.55,76,540,79.75,30,76,77.875,3586,-194,4623,-6.114885731933292,13.37,0.08327266428170091,8.89746484689701e-05,-7.31850649281294,19.733254149841216,1.620838697629433,-0.006198213175349701,288.7527032309052,6.948704568853332e-08,0.0006365418071195268,-2.752712117963952e-06,-1.5979735561517394,70.88548429607636,-0.07833528370860296,8.100593993503028e-05,0.05472664316628615,55241.2,0.0615125645129975,0.0072,index_dividend_yield,0.065,13.93,30,54968.7,55340.7,54636.2,55128.4,mid_price,ok
2026-10-07T10:35:40.581108+00:00,2026-10-07T16:05:40.581108+05:30,BANKNIFTY,27-Oct-2026,57700.0,PE,55055.55,2471.2,30,2621.55,30,0.0,2546.375,91,0,0,0,11.23,,,,,,,,,,,,,,,0.05472664316628615,,,,,,13.93,30,54968.7,55340.7,54636.2,55128.4,mid_price,no_price_available
2026-10-07T10:35:40.581108+00:00,2026-10-07T16:05:40.581108+05:30,BANKNIFTY,27-Oct-2026,57800.0,CE,55055.55,68.1,60,69.5,600,69.05,68.8,2429,92,3373,-5.085910652920962,13.44,0.07620187235577543,8.276492879599677e-05,-6.861542899775149,18.45213552540001,1.5587391572135094,-0.005963613965200509,287.26663454731846,6.660029619809999e-08,0.0006727605507853985,-2.8590986336841408e-06,-1.5607661540784825,71.68834836300584,-0.07157117865924034,7.509186315463248e-05,0.05472664316628615,55241.2,0.0615125645129975,0.0072,index_dividend_yield,0.065,13.93,30,54968.7,55340.7,54636.2,55128.4,mid_price,ok
2026-10-07T10:35:40.581108+00:00,2026-10-07T16:05:40.581108+05:30,BANKNIFTY,27-Oct-2026,57800.0,PE,55055.55,2567.65,30,2717.05,30,0.0,2642.3500000000004,111,0,0,0,18.2,,,,,,,,,,,,,,,0.05472664316628615,,,,,,13.93,30,54968.7,55340.7,54636.2,55128.4,mid_price,no_price_available
2026-10-07T10:35:40.581108+00:00,2026-10-07T16:05:40.581108+05:30,BANKNIFTY,27-Oct-2026,57900.0,CE,55055.55,60.1,120,65.3,30,62.15,62.7,1879,283,4879,-6.188679245283019,13.49,0.06937753850162087,7.674219570078304e-05,-6.394286865685417,17.173040404095353,1.4942027699820573,-0.005712750097684904,284.8705229450985,6.372721689509516e-08,0.0007042012565425646,-2.9472281207607087e-06,-1.5188418969391184,72.63685489374444,-0.06506102605729673,6.938719070547986e-05,0.05472664316628615,55241.2,0.0615125645129975,0.0072,index_dividend_yield,0.065,13.93,30,54968.7,55340.7,54636.2,55128.4,mid_price,ok
2026-10-07T10:35:40.581108+00:00,2026-10-07T16:05:40.581108+05:30,BANKNIFTY,27-Oct-2026,57900.0,PE,55055.55,2635.9,30,2735.65,30,2730.9,2685.775,111,0,2,-0.20646434379053918,18.94,,,,,,,,,,,,,,,0.05472664316628615,,,,,,13.93,30,54968.7,55340.7,54636.2,55128.4,mid_price,no_price_available
2026-10-07T10:35:40.581108+00:00,2026-10-07T16:05:40.581108+05:30,BANKNIFTY,27-Oct-2026,58000.0,CE,55055.55,55.7,90,58,30,56.4,56.85,46518,2642,62767,-6.776859504132231,13.57,0.06351934509100562,7.125295563609822e-05,-5.993353937144962,16.039238779551116,1.4291969078903919,-0.005474059313215707,280.8417877582343,6.06922265685153e-08,0.0007225991180762533,-2.9960694726150347e-06,-1.4770057849526648,73.32897035609453,-0.05947244857848341,6.420208140819268e-05,0.05472664316628615,55241.2,0.0615125645129975,0.0072,index_dividend_yield,0.065,13.93,30,54968.7,55340.7,54636.2,55128.4,mid_price,ok
2026-10-07T10:35:40.581108+00:00,2026-10-07T16:05:40.581108+05:30,BANKNIFTY,27-Oct-2026,58000.0,PE,55055.55,2770.1,30,2805.95,30,2784.3,2788.0249999999996,30142,-2245,3320,-1.4476851196375478,17.86,,,,,,,,,,,,,,,0.05472664316628615,,,,,,13.93,30,54968.7,55340.7,54636.2,55128.4,mid_price,no_price_available
2026-10-07T10:35:40.581108+00:00,2026-10-07T16:05:40.581108+05:30,BANKNIFTY,27-Oct-2026,58100.0,CE,55055.55,48.1,210,55,150,50.05,51.55,1728,99,2363,-7.486136783733826,13.58,0.0571728741775078,6.556950662659135e-05,-5.511830779290612,14.77075542193628,1.3600362054350978,-0.0051930574959312276,276.54822999256277,5.782894465712288e-08,0.0007448541866092402,-3.0472261883049017e-06,-1.4255488363772582,74.58492144118138,-0.053450625589485413,5.8877839072116786e-05,0.05472664316628615,55241.2,0.0615125645129975,0.0072,index_dividend_yield,0.065,13.93,30,54968.7,55340.7,54636.2,55128.4,mid_price,ok
2026-10-07T10:35:40.581108+00:00,2026-10-07T16:05:40.581108+05:30,BANKNIFTY,27-Oct-2026,58100.0,PE,55055.55,2802.85,480,3033.9,30,0.0,2918.375,50,0,0,0,0,,,,,,,,,,,,,,,0.05472664316628615,,,,,,13.93,30,54968.7,55340.7,54636.2,55128.4,mid_price,no_price_available
2026-10-07T10:35:40.581108+00:00,2026-10-07T16:05:40.581108+05:30,BANKNIFTY,27-Oct-2026,58200.0,CE,55055.55,42.2,30,52,30,43.45,47.1,2922,-15,3096,-12.31079717457114,13.53,0.050582061981499886,5.972852199983849e-05,-4.974508299489408,13.405424961012226,1.2851609692831785,-0.00487160854634127,271.3005410663323,5.4976921593483396e-08,0.0007673908133467703,-3.0879724057966036e-06,-1.3638467410023374,76.35981970041904,-0.04722256866579872,5.344880625335493e-05,0.05472664316628615,55241.2,0.0615125645129975,0.0072,index_dividend_yield,0.065,13.93,30,54968.7,55340.7,54636.2,55128.4,mid_price,wide_quote_low_liquidity
2026-10-07T10:35:40.581108+00:00,2026-10-07T16:05:40.581108+05:30,BANKNIFTY,27-Oct-2026,58200.0,PE,55055.55,2840.85,480,3376.1,1410,0.0,3108.475,92,0,0,0,15.1,,,,,,,,,,,,,,,0.05472664316628615,,,,,,13.93,30,54968.7,55340.7,54636.2,55128.4,mid_price,no_price_available
2026-10-07T10:35:40.581108+00:00,2026-10-07T16:05:40.581108+05:30,BANKNIFTY,27-Oct-2026,58300.0,CE,55055.55,38.7,30,45.55,660,38.75,42.125,2209,48,2030,-13.697104677060134,13.56,0.04554707294786854,5.479941658147495e-05,-4.57516761752947,12.326411035531612,1.2147358726156445,-0.004599313853777383,264.32150240412966,5.193913030280932e-08,0.0007710111573871648,-3.0783707947171555e-06,-1.3092344014933204,77.4548628861343,-0.04245701406654084,4.8869853421016726e-05,0.05472664316628615,55241.2,0.0615125645129975,0.0072,index_dividend_yield,0.065,13.93,30,54968.7,55340.7,54636.2,55128.4,mid_price,wide_quote_low_liquidity
2026-10-07T10:35:40.581108+00:00,2026-10-07T16:05:40.581108+05:30,BANKNIFTY,27-Oct-2026,58300.0,PE,55055.55,3007.3,30,3229.15,450,0.0,3118.2250000000004,151,0,0,0,26.22,,,,,,,,,,,,,,,0.05472664316628615,,,,,,13.93,30,54968.7,55340.7,54636.2,55128.4,mid_price,no_price_available
2026-10-07T10:35:40.581108+00:00,2026-10-07T16:05:40.581108+05:30,BANKNIFTY,27-Oct-2026,58400.0,CE,55055.55,4.5,2880,108,30,0.0,56.25,0,0,0,0,0,,,,,,,,,,,,,,,0.05472664316628615,55241.2,0.0615125645129975,0.0072,index_dividend_yield,0.065,13.93,30,54968.7,55340.7,54636.2,55128.4,mid_price,no_nse_iv
2026-10-07T10:35:40.581108+00:00,2026-10-07T16:05:40.581108+05:30,BANKNIFTY,27-Oct-2026,58400.0,PE,55055.55,3079.05,30,3520.4,1410,3267.95,3299.7250000000004,63,0,22,-7.554455445544554,22.56,,,,,,,,,,,,,,,0.05472664316628615,,,,,,13.93,30,54968.7,55340.7,54636.2,55128.4,mid_price,no_price_available
2026-10-07T10:35:40.581108+00:00,2026-10-07T16:05:40.581108+05:30,BANKNIFTY,27-Oct-2026,58500.0,CE,55055.55,33.1,60,36,120,36,34.55,12983,1622,24559,-4.761904761904762,14.06,0.041588637327122605,4.9111273507326147e-05,-4.388375256408304,11.454273213095757,1.1165175812421144,-0.004356137179891334,249.1166629460997,4.6050278159392153e-08,0.0007188480997158376,-2.9387272915275443e-06,-1.2585614565559755,75.77315690773757,-0.03862337898645256,4.349823897848453e-05,0.05472664316628615,55241.2,0.0615125645129975,0.0072,index_dividend_yield,0.065,13.93,30,54968.7,55340.7,54636.2,55128.4,mid_price,ok
2026-10-07T10:35:40.581108+00:00,2026-10-07T16:05:40.581108+05:30,BANKNIFTY,27-Oct-2026,58500.0,PE,55055.55,3240.85,120,3294.7,60,3278.8,3267.7749999999996,2813,1,34,-1.7720457166823949,19.96,,,,,,,,,,,,,,,0.05472664316628615,,,,,,13.93,30,54968.7,55340.7,54636.2,55128.4,mid_price,no_price_available
2026-10-07T10:35:40.581108+00:00,2026-10-07T16:05:40.581108+05:30,BANKNIFTY,27-Oct-2026,58600.0,CE,55055.55,31,30,33.6,450,33.55,32.3,1146,176,2310,-2.894356005788712,14.21,0.03875825793098109,4.588869025828317e-05,-4.180346019353766,10.816848860474716,1.0628124198297333,-0.004178982188545045,241.61551364069211,4.340383326014494e-08,0.0007021117909655068,-2.882415309637216e-06,-1.2207084761964886,75.7721867745319,-0.035933374124068676,4.0505373526938275e-05,0.05472664316628615,55241.2,0.0615125645129975,0.0072,index_dividend_yield,0.065,13.93,30,54968.7,55340.7,54636.2,55128.4,mid_price,ok
2026-10-07T10:35:40.581108+00:00,2026-10-07T16:05:40.581108+05:30,BANKNIFTY,27-Oct-2026,58600.0,PE,55055.55,3264.4,30,3516.05,450,0.0,3390.2250000000004,57,0,0,0,17,,,,,,,,,,,,,,,0.05472664316628615,,,,,,13.93,30,54968.7,55340.7,54636.2,55128.4,mid_price,no_price_available
2026-10-07T10:35:40.581108+00:00,2026-10-07T16:05:40.581108+05:30,BANKNIFTY,27-Oct-2026,58700.0,CE,55055.55,3.5,2880,58.45,1050,0.0,30.975,0,0,0,0,0,,,,,,,,,,,,,,,0.05472664316628615,55241.2,0.0615125645129975,0.0072,index_dividend_yield,0.065,13.93,30,54968.7,55340.7,54636.2,55128.4,mid_price,no_nse_iv
2026-10-07T10:35:40.581108+00:00,2026-10-07T16:05:40.581108+05:30,BANKNIFTY,27-Oct-2026,58700.0,PE,55055.55,3289.05,480,3629.1,30,0.0,3459.075,167,0,0,0,0,,,,,,,,,,,,,,,0.05472664316628615,,,,,,13.93,30,54968.7,55340.7,54636.2,55128.4,mid_price,no_price_available
2026-10-07T10:35:40.581108+00:00,2026-10-07T16:05:40.581108+05:30,BANKNIFTY,27-Oct-2026,58800.0,CE,55055.55,25.75,300,31.95,600,30.5,28.85,488,488,1428,-98.35330957779938,14.63,0.03490139150820224,4.091005386675219e-05,-3.9354898418574646,9.928311592339362,0.9732666981142335,-0.003919453660377305,227.26363777352532,3.8624579844364573e-08,0.0006568418211507059,-2.7477740943654706e-06,-1.1636612711873529,74.74956034750502,-0.03224165414429465,3.586555950976003e-05,0.05472664316628615,55241.2,0.0615125645129975,0.0072,index_dividend_yield,0.065,13.93,30,54968.7,55340.7,54636.2,55128.4,mid_price,wide_quote_low_liquidity
2026-10-07T10:35:40.581108+00:00,2026-10-07T16:05:40.581108+05:30,BANKNIFTY,27-Oct-2026,58800.0,PE,55055.55,3509.55,30,3730.8,930,3350,3620.175,42,1,2,-4.285714285714286,0,,,,,,,,,,,,,,,0.05472664316628615,,,,,,13.93,30,54968.7,55340.7,54636.2,55128.4,mid_price,no_price_available
2026-10-07T10:35:40.581108+00:00,2026-10-07T16:05:40.581108+05:30,BANKNIFTY,27-Oct-2026,58900.0,CE,55055.55,24.5,30,28.5,30,24.6,26.5,1298,-204,1522,-11.191335740072201,14.39,0.029081745387764937,3.5775026913367025e-05,-3.3258490227103596,8.539683682273498,0.888291974040745,-0.0035102671762671472,216.7195474968109,3.5957879410500596e-08,0.0006593035645718544,-2.6927374015234224e-06,-1.0701155366665098,77.93742035886729,-0.026834769690626332,3.125730933254456e-05,0.05472664316628615,55241.2,0.0615125645129975,0.0072,index_dividend_yield,0.065,13.93,30,54968.7,55340.7,54636.2,55128.4,mid_price,wide_quote_low_liquidity
2026-10-07T10:35:40.581108+00:00,2026-10-07T16:05:40.581108+05:30,BANKNIFTY,27-Oct-2026,58900.0,PE,55055.55,3507.55,30,3812.5,450,0.0,3660.025,121,0,0,0,0,,,,,,,,,,,,,,,0.05472664316628615,,,,,,13.93,30,54968.7,55340.7,54636.2,55128.4,mid_price,no_price_available
2026-10-07T10:35:40.581108+00:00,2026-10-07T16:05:40.581108+05:30,BANKNIFTY,27-Oct-2026,59000.0,CE,55055.55,22.15,3510,24.15,30,22.15,23.15,21183,-801,32362,-10.141987829614605,14.45,0.026394841631533248,3.286161385474435e-05,-3.0759047564012505,7.876943972824594,0.8338623721592352,-0.0033014021361646197,207.96925267266397,3.365380067311208e-08,0.0006402191269507804,-2.6129154368939743e-06,-1.0205087083722306,78.63464674583587,-0.024316988846649065,2.861456024318049e-05,0.05472664316628615,55241.2,0.0615125645129975,0.0072,index_dividend_yield,0.065,13.93,30,54968.7,55340.7,54636.2,55128.4,mid_price,ok
2026-10-07T10:35:40.581108+00:00,2026-10-07T16:05:40.581108+05:30,BANKNIFTY,27-Oct-2026,59000.0,PE,55055.55,3735,30,3798.6,60,3725.65,3766.8,6682,-4,80,-1.1239384288747345,19.87,,,,,,,,,,,,,,,0.05472664316628615,,,,,,13.93,30,54968.7,55340.7,54636.2,55128.4,mid_price,no_price_available
2026-10-07T10:35:40.581108+00:00,2026-10-07T16:05:40.581108+05:30,BANKNIFTY,27-Oct-2026,59100.0,CE,55055.55,6.3,900,42.4,1050,0.0,24.349999999999998,0,0,0,0,0,,,,,,,,,,,,,,,0.05472664316628615,55241.2,0.0615125645129975,0.0072,index_dividend_yield,0.065,13.93,30,54968.7,55340.7,54636.2,55128.4,mid_price,no_nse_iv
2026-10-07T10:35:40.581108+00:00,2026-10-07T16:05:40.581108+05:30,BANKNIFTY,27-Oct-2026,59100.0,PE,55055.55,3696.45,480,3985.9,30,0.0,3841.175,15,0,0,0,0,,,,,,,,,,,,,,,0.05472664316628615,,,,,,13.93,30,54968.7,55340.7,54636.2,55128.4,mid_price,no_price_available
2026-10-07T10:35:40.581108+00:00,2026-10-07T16:05:40.581108+05:30,BANKNIFTY,27-Oct-2026,59200.0,CE,55055.55,20.2,510,23.7,240,20.2,21.95,1067,-28,1277,-11.013215859030836,14.85,0.02379767103034627,2.9317226641511284e-05,-2.888918895856431,7.221881520898428,0.7610173425295282,-0.003083283057831302,194.14585437946607,2.989501574193909e-08,0.0005907217140764065,-2.4596468011593353e-06,-0.9673215035263283,77.58558193765379,-0.02184639844747392,2.535605482193204e-05,0.05472664316628615,55241.2,0.0615125645129975,0.0072,index_dividend_yield,0.065,13.93,30,54968.7,55340.7,54636.2,55128.4,mid_price,wide_quote_low_liquidity
2026-10-07T10:35:40.581108+00:00,2026-10-07T16:05:40.581108+05:30,BANKNIFTY,27-Oct-2026,59200.0,PE,55055.55,3855.85,480,4104.15,450,0.0,3980.0,10,0,0,0,0,,,,,,,,,,,,,,,0.05472664316628615,,,,,,13.93,30,54968.7,55340.7,54636.2,55128.4,mid_price,no_price_available
2026-10-07T10:35:40.581108+00:00,2026-10-07T16:05:40.581108+05:30,BANKNIFTY,27-Oct-2026,59300.0,CE,55055.55,6.3,900,35.85,1050,0.0,21.075,0,0,0,0,0,,,,,,,,,,,,,,,0.05472664316628615,55241.2,0.0615125645129975,0.0072,index_dividend_yield,0.065,13.93,30,54968.7,55340.7,54636.2,55128.4,mid_price,no_nse_iv
2026-10-07T10:35:40.581108+00:00,2026-10-07T16:05:40.581108+05:30,BANKNIFTY,27-Oct-2026,59300.0,PE,55055.55,3903.1,30,4579.3,450,0.0,4241.2,9,0,0,0,0,,,,,,,,,,,,,,,0.05472664316628615,,,,,,13.93,30,54968.7,55340.7,54636.2,55128.4,mid_price,no_price_available
2026-10-07T10:35:40.581108+00:00,2026-10-07T16:05:40.581108+05:30,BANKNIFTY,27-Oct-2026,59400.0,CE,55055.55,6.3,900,32.85,1050,0.0,19.575,0,0,0,0,0,,,,,,,,,,,,,,,0.05472664316628615,55241.2,0.0615125645129975,0.0072,index_dividend_yield,0.065,13.93,30,54968.7,55340.7,54636.2,55128.4,mid_price,no_nse_iv
2026-10-07T10:35:40.581108+00:00,2026-10-07T16:05:40.581108+05:30,BANKNIFTY,27-Oct-2026,59400.0,PE,55055.55,3927.4,480,4327,480,0.0,4127.2,4,0,0,0,0,,,,,,,,,,,,,,,0.05472664316628615,,,,,,13.93,30,54968.7,55340.7,54636.2,55128.4,mid_price,no_price_available
2026-10-07T10:35:40.581108+00:00,2026-10-07T16:05:40.581108+05:30,BANKNIFTY,27-Oct-2026,59500.0,CE,55055.55,15.6,270,17.6,360,17.3,16.6,8939,529,10440,-3.6211699164345403,15.39,0.020152201275010433,2.4583038029715073e-05,-2.5907543348055366,6.2758881378257465,0.6605842815763998,-0.002758084354328199,174.4497553416675,2.5054849679262987e-08,0.0005236002020929534,-2.2379389154846663e-06,-0.8854319983626171,76.48747053736832,-0.018403109328074672,2.1047660631923986e-05,0.05472664316628615,55241.2,0.0615125645129975,0.0072,index_dividend_yield,0.065,13.93,30,54968.7,55340.7,54636.2,55128.4,mid_price,ok
2026-10-07T10:35:40.581108+00:00,2026-10-07T16:05:40.581108+05:30,BANKNIFTY,27-Oct-2026,59500.0,PE,55055.55,4127.6,30,4337.25,30,4031.5,4232.425,402,-1,8,-5.141176470588236,0,,,,,,,,,,,,,,,0.05472664316628615,,,,,,13.93,30,54968.7,55340.7,54636.2,55128.4,mid_price,no_price_available
2026-10-07T10:35:40.581108+00:00,2026-10-07T16:05:40.581108+05:30,BANKNIFTY,27-Oct-2026,59600.0,CE,55055.55,10.3,600,17.25,30,14.6,13.775,352,177,1569,-10.153846153846153,15.28,0.017317107689932436,2.176243059985068e-05,-2.2585754340165582,5.516095476437435,0.6020963885959053,-0.0024917053283673996,163.8110253024192,2.3049611026988382e-08,0.0005038530917134869,-2.1299462509572247e-06,-0.8159698877781798,78.46729702596281,-0.015792828301186505,1.8570221794989926e-05,0.05472664316628615,55241.2,0.0615125645129975,0.0072,index_dividend_yield,0.065,13.93,30,54968.7,55340.7,54636.2,55128.4,mid_price,wide_quote_low_liquidity
2026-10-07T10:35:40.581108+00:00,2026-10-07T16:05:40.581108+05:30,BANKNIFTY,27-Oct-2026,59600.0,PE,55055.55,4151.65,480,4527.75,450,0.0,4339.7,8,0,0,0,25.8,,,,,,,,,,,,,,,0.05472664316628615,,,,,,13.93,30,54968.7,55340.7,54636.2,55128.4,mid_price,no_price_available
2026-10-07T10:35:40.581108+00:00,2026-10-07T16:05:40.581108+05:30,BANKNIFTY,27-Oct-2026,59700.0,CE,55055.55,10.3,600,21.05,300,15.15,15.675,162,-9,450,-3.8095238095238093,15.66,0.017592062423691993,2.1521890953084238e-05,-2.3426271816182274,5.590790332763863,0.5939211228137842,-0.002514818731468988,161.09924740778413,2.21577270640248e-08,0.0004827239958700472,-2.087332507841162e-06,-0.8220619882350348,76.44101274568239,-0.016011226802854942,1.8303492914054795e-05,0.05472664316628615,55241.2,0.0615125645129975,0.0072,index_dividend_yield,0.065,13.93,30,54968.7,55340.7,54636.2,55128.4,mid_price,wide_quote_low_liquidity
2026-10-07T10:35:40.581108+00:00,2026-10-07T16:05:40.581108+05:30,BANKNIFTY,27-Oct-2026,59700.0,PE,55055.55,4306.45,30,4894.15,1410,0.0,4600.299999999999,6,0,0,0,16.68,,,,,,,,,,,,,,,0.05472664316628615,,,,,,13.93,30,54968.7,55340.7,54636.2,55128.4,mid_price,no_price_available
2026-10-07T10:35:40.581108+00:00,2026-10-07T16:05:40.581108+05:30,BANKNIFTY,27-Oct-2026,59800.0,CE,55055.55,11.3,30,15.35,30,13.9,13.325,124,39,313,-15.24390243902439,15.75,0.016201236807188806,1.9943674921688492e-05,-2.1933930669291515,5.210588372322596,0.5589461762184559,-0.002376607307864537,154.00063889616789,2.0748361292290775e-08,0.00046281430396032775,-2.0071642968482308e-06,-0.785214827099967,76.7575945578572,-0.014721528763199196,1.690460509556902e-05,0.05472664316628615,55241.2,0.0615125645129975,0.0072,index_dividend_yield,0.065,13.93,30,54968.7,55340.7,54636.2,55128.4,mid_price,wide_quote_low_liquidity
2026-10-07T10:35:40.581108+00:00,2026-10-07T16:05:40.581108+05:30,BANKNIFTY,27-Oct-2026,59800.0,PE,55055.55,4452.8,30,4922.9,450,0.0,4687.85,5,0,0,0,16.53,,,,,,,,,,,,,,,0.05472664316628615,,,,,,13.93,30,54968.7,55340.7,54636.2,55128.4,mid_price,no_price_available
2026-10-07T10:35:40.581108+00:00,2026-10-07T16:05:40.581108+05:30,BANKNIFTY,27-Oct-2026,59900.0,CE,55055.55,12.25,180,16.55,30,12.6,14.4,87,9,235,-15.719063545150501,15.81,0.01476548490591605,1.83467712072283e-05,-2.031015359399055,4.8116334600979025,0.5229487965735854,-0.0022286820932736,146.56878909602477,1.9355467850743352e-08,0.0004428192390513313,-1.922576448634133e-06,-0.7450722491626527,77.3015263919073,-0.013395753692672725,1.549916178099835e-05,0.05472664316628615,55241.2,0.0615125645129975,0.0072,index_dividend_yield,0.065,13.93,30,54968.7,55340.7,54636.2,55128.4,mid_price,wide_quote_low_liquidity
2026-10-07T10:35:40.581108+00:00,2026-10-07T16:05:40.581108+05:30,BANKNIFTY,27-Oct-2026,59900.0,PE,55055.55,4439.75,30,4808.9,450,0.0,4624.325,5,0,0,0,29.28,,,,,,,,,,,,,,,0.05472664316628615,,,,,,13.93,30,54968.7,55340.7,54636.2,55128.4,mid_price,no_price_available
2026-10-07T10:35:40.581108+00:00,2026-10-07T16:05:40.581108+05:30,BANKNIFTY,27-Oct-2026,60000.0,CE,55055.55,13.3,5430,13.55,150,13.3,13.425,26639,807,18273,-6.338028169014085,16.22,0.015219480058546989,1.8354628159013003e-05,-2.135759181257964,4.938527333201316,0.5205643674947172,-0.00227271642910927,145.09658810595337,1.8752948436824436e-08,0.00042610647514184827,-1.8950116572861945e-06,-0.7570782260190159,75.10705259169733,-0.013779342414631301,1.545415632642707e-05,0.05472664316628615,55241.2,0.0615125645129975,0.0072,index_dividend_yield,0.065,13.93,30,54968.7,55340.7,54636.2,55128.4,mid_price,ok
2026-10-07T10:35:40.581108+00:00,2026-10-07T16:05:40.581108+05:30,BANKNIFTY,27-Oct-2026,60000.0,PE,55055.55,4698.65,180,4757.3,30,4704.05,4727.975,9122,26,343,-0.6892984567314797,22.78,,,,,,,,,,,,,,,0.05472664316628615,,,,,,13.93,30,54968.7,55340.7,54636.2,55128.4,mid_price,no_price_available
2026-10-07T10:35:40.581108+00:00,2026-10-07T16:05:40.581108+05:30,BANKNIFTY,27-Oct-2026,60100.0,CE,55055.55,10.5,30,17.4,1410,11.9,13.95,95,-26,258,-10.861423220973784,16.25,0.013759734925884996,1.6797645716661153e-05,-1.9599501263494463,4.527962315796591,0.485020209462274,-0.002118537088900134,137.67156166473927,1.745809359002252e-08,0.00040735474678368385,-1.8103902802501049e-06,-0.7146737921672193,75.84315864638475,-0.01243862564036594,1.4096188034160706e-05,0.05472664316628615,55241.2,0.0615125645129975,0.0072,index_dividend_yield,0.065,13.93,30,54968.7,55340.7,54636.2,55128.4,mid_price,wide_quote_low_liquidity
2026-10-07T10:35:40.581108+00:00,2026-10-07T16:05:40.581108+05:30,BANKNIFTY,27-Oct-2026,60100.0,PE,55055.55,4605.2,480,5032.35,480,0.0,4818.775,5,0,0,0,15.59,,,,,,,,,,,,,,,0.05472664316628615,,,,,,13.93,30,54968.7,55340.7,54636.2,55128.4,mid_price,no_price_available
2026-10-07T10:35:40.581108+00:00,2026-10-07T16:05:40.581108+05:30,BANKNIFTY,27-Oct-2026,60200.0,CE,55055.55,11.55,30,12.25,30,12.05,11.9,68,-19,171,-9.398496240601503,16.56,0.013726747396193485,1.644910316364724e-05,-1.9908868976496312,4.518596671297839,0.4753094192208847,-0.0021128811839060332,134.97279669289597,1.677469852550589e-08,0.00039200965898131295,-1.7724402710727962e-06,-0.7130896475769726,74.46087932783942,-0.012385119975400932,1.3757877968675304e-05,0.05472664316628615,55241.2,0.0615125645129975,0.0072,index_dividend_yield,0.065,13.93,30,54968.7,55340.7,54636.2,55128.4,mid_price,ok
2026-10-07T10:35:40.581108+00:00,2026-10-07T16:05:40.581108+05:30,BANKNIFTY,27-Oct-2026,60200.0,PE,55055.55,4735.8,30,,0,0.0,,3,0,0,0,15.63,,,,,,,,,,,,,,,0.05472664316628615,,,,,,13.93,30,54968.7,55340.7,54636.2,55128.4,none,no_price_available
2026-10-07T10:35:40.581108+00:00,2026-10-07T16:05:40.581108+05:30,BANKNIFTY,27-Oct-2026,60300.0,CE,55055.55,10.5,30,17.2,1410,10.7,13.85,60,-11,115,-11.203319502074688,16.56,0.012292890957803561,1.4952669668666201e-05,-1.8081994512319544,4.107523840033485,0.4403211502390959,-0.0019548707728858743,127.46658150556244,1.555803877436557e-08,0.0003737198003544563,-1.6857757740476026e-06,-0.6687202439392856,75.38770635102571,-0.011074865497490764,1.2464829026979831e-05,0.05472664316628615,55241.2,0.0615125645129975,0.0072,index_dividend_yield,0.065,13.93,30,54968.7,55340.7,54636.2,55128.4,mid_price,wide_quote_low_liquidity
2026-10-07T10:35:40.581108+00:00,2026-10-07T16:05:40.581108+05:30,BANKNIFTY,27-Oct-2026,60300.0,PE,55055.55,4803.85,30,5221.05,30,0.0,5012.450000000001,3,0,0,0,0,,,,,,,,,,,,,,,0.05472664316628615,,,,,,13.93,30,54968.7,55340.7,54636.2,55128.4,mid_price,no_price_available
2026-10-07T10:35:40.581108+00:00,2026-10-07T16:05:40.581108+05:30,BANKNIFTY,27-Oct-2026,60400.0,CE,55055.55,7.35,900,19.15,30,0.0,13.25,49,0,0,0,17.49,0.015128225942082591,1.69341260039917e-05,-2.280675389693039,4.9130775319536095,0.48144725722834913,-0.0022545606558605456,134.34185288253042,1.6031674820936566e-08,0.00036621884680383254,-1.7445534366248283e-06,-0.7520737833388669,69.76859149650139,-0.01359196798593227,1.4069903566288389e-05,0.05472664316628615,55241.2,0.0615125645129975,0.0072,index_dividend_yield,0.065,13.93,30,54968.7,55340.7,54636.2,55128.4,mid_price,wide_quote_low_liquidity
2026-10-07T10:35:40.581108+00:00,2026-10-07T16:05:40.581108+05:30,BANKNIFTY,27-Oct-2026,60400.0,PE,55055.55,4913.95,450,5748.95,180,0.0,5331.45,0,0,0,0,0,,,,,,,,,,,,,,,0.05472664316628615,,,,,,13.93,30,54968.7,55340.7,54636.2,55128.4,mid_price,no_price_available
2026-10-07T10:35:40.581108+00:00,2026-10-07T16:05:40.581108+05:30,BANKNIFTY,27-Oct-2026,60500.0,CE,55055.55,9.8,270,10.95,240,10.15,10.375,2902,235,2817,-6.8807339449541285,16.99,0.011504693475412513,1.3760080388375156e-05,-1.7480311424635262,3.878067564892818,0.4098886353104602,-0.001862481294704614,119.99928758343303,1.4109568578099063e-08,0.00034478503650098524,-1.5902120064158084e-06,-0.6423331890910724,74.04071387315783,-0.010327975398061465,1.1394950237535272e-05,0.05472664316628615,55241.2,0.0615125645129975,0.0072,index_dividend_yield,0.065,13.93,30,54968.7,55340.7,54636.2,55128.4,mid_price,ok
2026-10-07T10:35:40.581108+00:00,2026-10-07T16:05:40.581108+05:30,BANKNIFTY,27-Oct-2026,60500.0,PE,55055.55,5112.8,30,5393.05,30,4902.5,5252.925,310,90,97,-7.144345322650908,0,,,,,,,,,,,,,,,0.05472664316628615,,,,,,13.93,30,54968.7,55340.7,54636.2,55128.4,mid_price,no_price_available
2026-10-07T10:35:40.581108+00:00,2026-10-07T16:05:40.581108+05:30,BANKNIFTY,27-Oct-2026,60600.0,CE,55055.55,6.35,900,11.75,180,11,9.05,79,38,136,22.905027932960895,17.45,0.012137374452822754,1.4034339806141546e-05,-1.8786020073181828,4.062453848331772,0.41454218099946233,-0.001932360737340953,120.2660102364912,1.38691669788297e-08,0.0003350466981055555,-1.5853967447055504e-06,-0.6622964711722119,71.69053745568597,-0.010873082402724051,1.1583743983205482e-05,0.05472664316628615,55241.2,0.0615125645129975,0.0072,index_dividend_yield,0.065,13.93,30,54968.7,55340.7,54636.2,55128.4,mid_price,wide_quote_low_liquidity
2026-10-07T10:35:40.581108+00:00,2026-10-07T16:05:40.581108+05:30,BANKNIFTY,27-Oct-2026,60600.0,PE,55055.55,5125.25,30,5554.5,600,0.0,5339.875,0,0,0,0,0,,,,,,,,,,,,,,,0.05472664316628615,,,,,,13.93,30,54968.7,55340.7,54636.2,55128.4,mid_price,no_price_available
2026-10-07T10:35:40.581108+00:00,2026-10-07T16:05:40.581108+05:30,BANKNIFTY,27-Oct-2026,60700.0,CE,55055.55,6.35,900,11.75,180,9.35,9.05,48,-4,26,-13.023255813953488,17.34,0.010501123146491213,1.2453191601666778e-05,-1.6448895055340307,3.582042913513827,0.3766517673926845,-0.0017427876321121636,111.95044579271185,1.2703594446082575e-08,0.00031737976593324723,-1.489071596723659e-06,-0.6076653205568183,73.28474303243559,-0.009394663694548163,1.0244847523107347e-05,0.05472664316628615,55241.2,0.0615125645129975,0.0072,index_dividend_yield,0.065,13.93,30,54968.7,55340.7,54636.2,55128.4,mid_price,wide_quote_low_liquidity
2026-10-07T10:35:40.581108+00:00,2026-10-07T16:05:40.581108+05:30,BANKNIFTY,27-Oct-2026,60700.0,PE,55055.55,5200.6,450,6031.8,450,0.0,5616.200000000001,0,0,0,0,0,,,,,,,,,,,,,,,0.05472664316628615,,,,,,13.93,30,54968.7,55340.7,54636.2,55128.4,mid_price,no_price_available
2026-10-07T10:35:40.581108+00:00,2026-10-07T16:05:40.581108+05:30,BANKNIFTY,27-Oct-2026,60800.0,CE,55055.55,6.35,900,15.25,600,9.4,10.8,37,1,32,-10.90047393364929,17.62,0.010428712261660535,1.2181619133436714e-05,-1.659854114487131,3.5605078054282093,0.36895069797777,-0.0017328559801345414,109.78566138162526,1.2237941115287321e-08,0.0003064713132553694,-1.4591462644253124e-06,-0.6047573260866561,72.18828104983226,-0.00931258001214666,9.988495296385833e-06,0.05472664316628615,55241.2,0.0615125645129975,0.0072,index_dividend_yield,0.065,13.93,30,54968.7,55340.7,54636.2,55128.4,mid_price,wide_quote_low_liquidity
2026-10-07T10:35:40.581108+00:00,2026-10-07T16:05:40.581108+05:30,BANKNIFTY,27-Oct-2026,60800.0,PE,55055.55,5302.05,30,6148.05,450,0.0,5725.05,0,0,0,0,0,,,,,,,,,,,,,,,0.05472664316628615,,,,,,13.93,30,54968.7,55340.7,54636.2,55128.4,mid_price,no_price_available
2026-10-07T10:35:40.581108+00:00,2026-10-07T16:05:40.581108+05:30,BANKNIFTY,27-Oct-2026,60900.0,CE,55055.55,7.5,30,11.7,180,20.05,9.6,354,41,261,22.629969418960243,19.9,0.018940914995846162,1.8036686767793142e-05,-3.127832236486703,5.954027838069573,0.493060278274636,-0.002612289792120224,131.83057441969882,1.4306325835895942e-08,0.0003087217757090326,-1.6645097258648286e-06,-0.8474618136369844,59.81323242687874,-0.016836915954961736,1.4740913205238877e-05,0.05472664316628615,55241.2,0.0615125645129975,0.0072,index_dividend_yield,0.065,13.93,30,54968.7,55340.7,54636.2,55128.4,mid_price,wide_quote_low_liquidity
2026-10-07T10:35:40.581108+00:00,2026-10-07T16:05:40.581108+05:30,BANKNIFTY,27-Oct-2026,60900.0,PE,55055.55,5393.2,450,6710.75,180,0.0,6051.975,0,0,0,0,0,,,,,,,,,,,,,,,0.05472664316628615,55241.2,0.0615125645129975,0.0072,index_dividend_yield,0.065,13.93,30,54968.7,55340.7,54636.2,55128.4,mid_price,no_nse_iv
2026-10-07T10:35:40.581108+00:00,2026-10-07T16:05:40.581108+05:30,BANKNIFTY,27-Oct-2026,61000.0,CE,55055.55,8.95,2910,9.6,600,9.5,9.274999999999999,11369,-340,4707,1.0638297872340425,18.17,0.010262400847152865,1.1648477546974042e-05,-1.6848661452962261,3.5109538059427154,0.35390559645420966,-0.0017105817582745637,105.58508342537687,1.1369174107313377e-08,0.0002861925266288221,-1.4015288046104758e-06,-0.5982240640736309,70.15137945682525,-0.009130296417026474,9.48880906921484e-06,0.05472664316628615,55241.2,0.0615125645129975,0.0072,index_dividend_yield,0.065,13.93,30,54968.7,55340.7,54636.2,55128.4,mid_price,ok
2026-10-07T10:35:40.581108+00:00,2026-10-07T16:05:40.581108+05:30,BANKNIFTY,27-Oct-2026,61000.0,PE,55055.55,5683.25,60,5783.8,60,5600,5733.525,1837,-33,47,-2.9622505826597005,0,,,,,,,,,,,,,,,0.05472664316628615,,,,,,13.93,30,54968.7,55340.7,54636.2,55128.4,mid_price,no_price_available
2026-10-07T10:35:40.581108+00:00,2026-10-07T16:05:40.581108+05:30,BANKNIFTY,27-Oct-2026,61100.0,CE,55055.55,5.55,900,10,630,8.85,7.775,1708,-41,136,-1.6666666666666667,18.27,0.00958973437996553,1.091892787783575e-05,-1.5956088512384237,3.3091737144625144,0.3353477697533311,-0.001628249174755257,101.14595436622608,1.0718299877408285e-08,0.0002739715696943704,-1.3470376807901431e-06,-0.5739405543902136,70.27484273358218,-0.00851808833557442,8.865429652472162e-06,0.05472664316628615,55241.2,0.0615125645129975,0.0072,index_dividend_yield,0.065,13.93,30,54968.7,55340.7,54636.2,55128.4,mid_price,wide_quote_low_liquidity
2026-10-07T10:35:40.581108+00:00,2026-10-07T16:05:40.581108+05:30,BANKNIFTY,27-Oct-2026,61100.0,PE,55055.55,5603.95,30,6796.25,930,0.0,6200.1,0,0,0,0,0,,,,,,,,,,,,,,,0.05472664316628615,55241.2,0.0615125645129975,0.0072,index_dividend_yield,0.065,13.93,30,54968.7,55340.7,54636.2,55128.4,mid_price,no_nse_iv
2026-10-07T10:35:40.581108+00:00,2026-10-07T16:05:40.581108+05:30,BANKNIFTY,27-Oct-2026,61200.0,CE,55055.55,6,990,12,630,8,9.0,42,2,71,-13.043478260869565,18.29,0.008712034218262997,1.0027885017956812e-05,-1.4676379098279948,3.042454361581136,0.3125882655855127,-0.0015180137476376952,95.7149008769893,9.988469545004047e-09,0.00026064257160232434,-1.2809042834770103e-06,-0.5409800118080295,70.9038846210842,-0.0077268154033213205,8.11537723599743e-06,0.05472664316628615,55241.2,0.0615125645129975,0.0072,index_dividend_yield,0.065,13.93,30,54968.7,55340.7,54636.2,55128.4,mid_price,wide_quote_low_liquidity
2026-10-07T10:35:40.581108+00:00,2026-10-07T16:05:40.581108+05:30,BANKNIFTY,27-Oct-2026,61200.0,PE,55055.55,5694.25,30,6911.2,450,0.0,6302.725,0,0,0,0,0,,,,,,,,,,,,,,,0.05472664316628615,55241.2,0.0615125645129975,0.0072,index_dividend_yield,0.065,13.93,30,54968.7,55340.7,54636.2,55128.4,mid_price,no_nse_iv
2026-10-07T10:35:40.581108+00:00,2026-10-07T16:05:40.581108+05:30,BANKNIFTY,27-Oct-2026,61300.0,CE,55055.55,5.55,900,9.9,600,9.95,7.725,24,1,2,-9.132420091324201,19.08,0.010334770104258057,1.1161095290403803e-05,-1.7756937297741322,3.5325328376139025,0.339023770209999,-0.001715865246887242,101.02988392862011,1.03471775962905e-08,0.0002607056553542874,-1.336115127288237e-06,-0.5997554882130194,66.79955582483247,-0.009143044605465441,9.003017164050058e-06,0.05472664316628615,55241.2,0.0615125645129975,0.0072,index_dividend_yield,0.065,13.93,30,54968.7,55340.7,54636.2,55128.4,mid_price,wide_quote_low_liquidity
2026-10-07T10:35:40.581108+00:00,2026-10-07T16:05:40.581108+05:30,BANKNIFTY,27-Oct-2026,61300.0,PE,55055.55,5783.75,450,6625.7,1410,0.0,6204.725,0,0,0,0,0,,,,,,,,,,,,,,,0.05472664316628615,,,,,,13.93,30,54968.7,55340.7,54636.2,55128.4,mid_price,no_price_available
2026-10-07T10:35:40.581108+00:00,2026-10-07T16:05:40.581108+05:30,BANKNIFTY,27-Oct-2026,61400.0,CE,55055.55,5.55,900,19.9,1410,8.4,12.725,33,11,65,-5.084745762711864,18.93,0.008907080306093872,9.878723908715566e-06,-1.546256743877977,3.102076352882784,0.3070886311034079,-0.0015407173088869703,93.70770930949557,9.463656412066063e-09,0.000246227093560736,-1.249824955299418e-06,-0.547801326986936,68.38143978688782,-0.007869916929988991,7.942666301525674e-06,0.05472664316628615,55241.2,0.0615125645129975,0.0072,index_dividend_yield,0.065,13.93,30,54968.7,55340.7,54636.2,55128.4,mid_price,wide_quote_low_liquidity
2026-10-07T10:35:40.581108+00:00,2026-10-07T16:05:40.581108+05:30,BANKNIFTY,27-Oct-2026,61400.0,PE,55055.55,5891.3,450,6713.5,1410,0.0,6302.4,0,0,0,0,0,,,,,,,,,,,,,,,0.05472664316628615,,,,,,13.93,30,54968.7,55340.7,54636.2,55128.4,mid_price,no_price_available
2026-10-07T10:35:40.581108+00:00,2026-10-07T16:05:40.581108+05:30,BANKNIFTY,27-Oct-2026,61500.0,CE,55055.55,7.4,270,8.8,120,8.7,8.100000000000001,1563,-35,1074,8.75,19.27,0.009064683358734674,9.854671304281538e-06,-1.5971490853981423,3.150103905645635,0.30561761413952243,-0.0015595371436641651,93.0033516993427,9.242804249534759e-09,0.00023980428485687768,-1.2379032534164966e-06,-0.5534417948206887,67.0691772298218,-0.007993823368021537,7.897581617826908e-06,0.05472664316628615,55241.2,0.0615125645129975,0.0072,index_dividend_yield,0.065,13.93,30,54968.7,55340.7,54636.2,55128.4,mid_price,wide_quote_low_liquidity
2026-10-07T10:35:40.581108+00:00,2026-10-07T16:05:40.581108+05:30,BANKNIFTY,27-Oct-2026,61500.0,PE,55055.55,6090.65,480,6417.65,300,0.0,6254.15,149,0,0,0,0,,,,,,,,,,,,,,,0.05472664316628615,,,,,,13.93,30,54968.7,55340.7,54636.2,55128.4,mid_price,no_price_available
2026-10-07T10:35:40.581108+00:00,2026-10-07T16:05:40.581108+05:30,BANKNIFTY,27-Oct-2026,61600.0,CE,55055.55,5.55,900,13,1140,6.95,9.275,85,3,111,-9.74025974025974,18.99,0.007445227131346911,8.412306261540268e-06,-1.3234928302933067,2.6499706345352236,0.2686259174887991,-0.0013498067507167,84.23939176184491,8.264414396909349e-09,0.0002231134551304683,-1.1330159892640518e-06,-0.48963179922224187,69.42240134055496,-0.006558386768223855,6.719792491694996e-06,0.05472664316628615,55241.2,0.0615125645129975,0.0072,index_dividend_yield,0.065,13.93,30,54968.7,55340.7,54636.2,55128.4,mid_price,wide_quote_low_liquidity
2026-10-07T10:35:40.581108+00:00,2026-10-07T16:05:40.581108+05:30,BANKNIFTY,27-Oct-2026,61600.0,PE,55055.55,6073.05,450,6900.75,450,0.0,6486.9,0,0,0,0,0,,,,,,,,,,,,,,,0.05472664316628615,,,,,,13.93,30,54968.7,55340.7,54636.2,55128.4,mid_price,no_price_available
2026-10-07T10:35:40.581108+00:00,2026-10-07T16:05:40.581108+05:30,BANKNIFTY,27-Oct-2026,61700.0,CE,55055.55,5.5,900,22.5,1410,0.0,14.0,19,0,0,0,18.41,0.005374129037992853,6.5024115824018355e-06,-0.9612254153012564,1.9857714629274272,0.21722208378984137,-0.0010574187440628349,71.35724186044523,6.923145914783024e-09,0.0001983327857755062,-9.74471558214352e-07,-0.39708251417845686,73.87823869185212,-0.0047304816995793674,5.177335853648974e-06,0.05472664316628615,55241.2,0.0615125645129975,0.0072,index_dividend_yield,0.065,13.93,30,54968.7,55340.7,54636.2,55128.4,mid_price,wide_quote_low_liquidity
2026-10-07T10:35:40.581108+00:00,2026-10-07T16:05:40.581108+05:30,BANKNIFTY,27-Oct-2026,61700.0,PE,55055.55,6170.15,450,7074.1,1410,0.0,6622.125,0,0,0,0,0,,,,,,,,,,,,,,,0.05472664316628615,,,,,,13.93,30,54968.7,55340.7,54636.2,55128.4,mid_price,no_price_available
2026-10-07T10:35:40.581108+00:00,2026-10-07T16:05:40.581108+05:30,BANKNIFTY,27-Oct-2026,61800.0,CE,55055.55,5.35,900,10.5,30,6.5,7.925,36,0,4,-24.85549132947977,19.34,0.006912073132959737,7.73606869613701e-06,-1.2607445960304504,2.4818630230550887,0.24978155425456947,-0.0012762541044696691,79.19107250077073,7.543920782226826e-09,0.00020683652853321468,-1.06743322389693e-06,-0.46675937298598663,68.68717500634578,-0.006068085464105983,6.139677769808213e-06,0.05472664316628615,55241.2,0.0615125645129975,0.0072,index_dividend_yield,0.065,13.93,30,54968.7,55340.7,54636.2,55128.4,mid_price,wide_quote_low_liquidity
2026-10-07T10:35:40.581108+00:00,2026-10-07T16:05:40.581108+05:30,BANKNIFTY,27-Oct-2026,61800.0,PE,55055.55,6270.75,450,7108.9,1410,0.0,6689.825,0,0,0,0,0,,,,,,,,,,,,,,,0.05472664316628615,,,,,,13.93,30,54968.7,55340.7,54636.2,55128.4,mid_price,no_price_available
2026-10-07T10:35:40.581108+00:00,2026-10-07T16:05:40.581108+05:30,BANKNIFTY,27-Oct-2026,61900.0,CE,55055.55,5.3,900,12.7,60,0.0,9.0,14,0,0,0,20.12,0.008221468639273012,8.663729684933912e-06,-1.5267006438745259,2.8915712039447237,0.272920105199876,-0.0014495557007919357,84.31744150628107,7.895909233853377e-09,0.00020956798121004073,-1.1248155932144483e-06,-0.5202186616279323,64.92309192931843,-0.007199766964077118,6.8537112993555155e-06,0.05472664316628615,55241.2,0.0615125645129975,0.0072,index_dividend_yield,0.065,13.93,30,54968.7,55340.7,54636.2,55128.4,mid_price,wide_quote_low_liquidity
2026-10-07T10:35:40.581108+00:00,2026-10-07T16:05:40.581108+05:30,BANKNIFTY,27-Oct-2026,61900.0,PE,55055.55,6352.75,450,7299.5,1410,0.0,6826.125,0,0,0,0,0,,,,,,,,,,,,,,,0.05472664316628615,,,,,,13.93,30,54968.7,55340.7,54636.2,55128.4,mid_price,no_price_available
2026-10-07T10:35:40.581108+00:00,2026-10-07T16:05:40.581108+05:30,BANKNIFTY,27-Oct-2026,62000.0,CE,55055.55,7.45,30,7.5,2640,7.5,7.475,6897,-4,2356,0,20.18,0.007636245307342464,8.094850292165292e-06,-1.434197804346151,2.7097611025102073,0.25782158913179465,-0.001372465356959539,80.54666180124693,7.440768683365344e-09,0.00020049931011872888,-1.0781186421570539e-06,-0.4966108742104023,65.21769000815915,-0.006676956618507401,6.3830412839801125e-06,0.05472664316628615,55241.2,0.0615125645129975,0.0072,index_dividend_yield,0.065,13.93,30,54968.7,55340.7,54636.2,55128.4,mid_price,ok
2026-10-07T10:35:40.581108+00:00,2026-10-07T16:05:40.581108+05:30,BANKNIFTY,27-Oct-2026,62000.0,PE,55055.55,6666.9,180,6781.8,60,6572.55,6724.35,2182,-39,44,-1.947606331398905,0,,,,,,,,,,,,,,,0.05472664316628615,,,,,,13.93,30,54968.7,55340.7,54636.2,55128.4,mid_price,no_price_available
2026-10-07T10:35:40.581108+00:00,2026-10-07T16:05:40.581108+05:30,BANKNIFTY,27-Oct-2026,62100.0,CE,55055.55,3.7,900,10,30,5.9,6.85,17,6,21,-2.479338842975207,19.85,0.006180642092218505,6.82742843697677e-06,-1.1700010690811076,2.248115857618526,0.22405448793984564,-0.00117243957722327,72.18473392689818,6.591078932890417e-09,0.0001848220455369534,-9.760823185913352e-07,-0.43401516482105773,67.67968263363485,-0.005398564707515934,5.366315068007454e-06,0.05472664316628615,55241.2,0.0615125645129975,0.0072,index_dividend_yield,0.065,13.93,30,54968.7,55340.7,54636.2,55128.4,mid_price,wide_quote_low_liquidity
2026-10-07T10:35:40.581108+00:00,2026-10-07T16:05:40.581108+05:30,BANKNIFTY,27-Oct-2026,62100.0,PE,55055.55,6555.05,30,7661.35,450,0.0,7108.200000000001,0,0,0,0,0,,,,,,,,,,,,,,,0.05472664316628615,55241.2,0.0615125645129975,0.0072,index_dividend_yield,0.065,13.93,30,54968.7,55340.7,54636.2,55128.4,mid_price,no_nse_iv
2026-10-07T10:35:40.581108+00:00,2026-10-07T16:05:40.581108+05:30,BANKNIFTY,27-Oct-2026,62200.0,CE,55055.55,5.2,30,20.9,1410,7.1,13.049999999999999,29,1,22,-11.801242236024844,20.54,0.007152204928845937,7.506995743338324e-06,-1.376331195465105,2.5578061668109373,0.24146950684714522,-0.0013065321658923329,76.17436093045727,6.84473986877096e-09,0.00018701482153836942,-1.0216122642905045e-06,-0.47619385031034733,64.5105998936316,-0.006232550482698571,5.881493363952592e-06,0.05472664316628615,55241.2,0.0615125645129975,0.0072,index_dividend_yield,0.065,13.93,30,54968.7,55340.7,54636.2,55128.4,mid_price,wide_quote_low_liquidity
2026-10-07T10:35:40.581108+00:00,2026-10-07T16:05:40.581108+05:30,BANKNIFTY,27-Oct-2026,62200.0,PE,55055.55,6657,450,7565,450,0.0,7111.0,0,0,0,0,0,,,,,,,,,,,,,,,0.05472664316628615,,,,,,13.93,30,54968.7,55340.7,54636.2,55128.4,mid_price,no_price_available
2026-10-07T10:35:40.581108+00:00,2026-10-07T16:05:40.581108+05:30,BANKNIFTY,27-Oct-2026,62300.0,CE,55055.55,3.6,900,,0,0.0,,16,0,0,0,20.81,,,,,,,,,,,,,,,0.05472664316628615,,,,,,13.93,30,54968.7,55340.7,54636.2,55128.4,none,no_price_available
2026-10-07T10:35:40.581108+00:00,2026-10-07T16:05:40.581108+05:30,BANKNIFTY,27-Oct-2026,62300.0,PE,55055.55,6739.25,450,7705.7,1410,0.0,7222.475,0,0,0,0,0,,,,,,,,,,,,,,,0.05472664316628615,,,,,,13.93,30,54968.7,55340.7,54636.2,55128.4,mid_price,no_price_available
2026-10-07T10:35:40.581108+00:00,2026-10-07T16:05:40.581108+05:30,BANKNIFTY,27-Oct-2026,62400.0,CE,55055.55,3.6,900,21.95,30,0.0,12.775,15,0,0,0,21.3,0.007658156046578265,7.68857526359911e-06,-1.513938557312972,2.716604993874694,0.24503815526751666,-0.0013730442256518838,76.5203281952802,6.68202408786405e-09,0.00018046917568608005,-1.0209379744808019e-06,-0.4967790813019945,61.81935620816221,-0.006647495746374785,5.985203232084237e-06,0.05472664316628615,55241.2,0.0615125645129975,0.0072,index_dividend_yield,0.065,13.93,30,54968.7,55340.7,54636.2,55128.4,mid_price,wide_quote_low_liquidity
2026-10-07T10:35:40.581108+00:00,2026-10-07T16:05:40.581108+05:30,BANKNIFTY,27-Oct-2026,62400.0,PE,55055.55,6840.45,450,8687.3,450,0.0,7763.875,0,0,0,0,0,,,,,,,,,,,,,,,0.05472664316628615,55241.2,0.0615125645129975,0.0072,index_dividend_yield,0.065,13.93,30,54968.7,55340.7,54636.2,55128.4,mid_price,no_nse_iv
2026-10-07T10:35:40.581108+00:00,2026-10-07T16:05:40.581108+05:30,BANKNIFTY,27-Oct-2026,62500.0,CE,55055.55,5.4,600,6.5,510,6.5,5.95,264,86,742,11.11111111111111,21.06,0.006468343542696554,6.699627358988268e-06,-1.2892013938368825,2.3405074911748645,0.21871037022909695,-0.001210993753329277,70.00827442392942,6.044314383753792e-09,0.00016858068430550719,-9.417347904628595e-07,-0.44622931291167367,63.56412637091468,-0.005608251332647509,5.198676865956729e-06,0.05472664316628615,55241.2,0.0615125645129975,0.0072,index_dividend_yield,0.065,13.93,30,54968.7,55340.7,54636.2,55128.4,mid_price,wide_quote_low_liquidity
2026-10-07T10:35:40.581108+00:00,2026-10-07T16:05:40.581108+05:30,BANKNIFTY,27-Oct-2026,62500.0,PE,55055.55,7056.95,30,7471.75,450,0.0,7264.35,13,0,0,0,0,,,,,,,,,,,,,,,0.05472664316628615,,,,,,13.93,30,54968.7,55340.7,54636.2,55128.4,mid_price,no_price_available
2026-10-07T10:35:40.581108+00:00,2026-10-07T16:05:40.581108+05:30,BANKNIFTY,27-Oct-2026,62600.0,CE,55055.55,3.65,360,13.75,180,0.0,8.7,14,0,0,0,21.39,0.006599626497485778,6.7145329946585595e-06,-1.3321089221696634,2.3824709728631275,0.2186443063574759,-0.0012288267801153843,69.78556660726176,5.943654278910382e-09,0.0001652827069142485,-9.371431185142843e-07,-0.45185452549002836,62.47551369077783,-0.005711345862972706,5.193610270194835e-06,0.05472664316628615,55241.2,0.0615125645129975,0.0072,index_dividend_yield,0.065,13.93,30,54968.7,55340.7,54636.2,55128.4,mid_price,wide_quote_low_liquidity
2026-10-07T10:35:40.581108+00:00,2026-10-07T16:05:40.581108+05:30,BANKNIFTY,27-Oct-2026,62600.0,PE,55055.55,7029.45,450,7986.55,1410,0.0,7508.0,0,0,0,0,0,,,,,,,,,,,,,,,0.05472664316628615,,,,,,13.93,30,54968.7,55340.7,54636.2,55128.4,mid_price,no_price_available
2026-10-07T10:35:40.581108+00:00,2026-10-07T16:05:40.581108+05:30,BANKNIFTY,27-Oct-2026,62700.0,CE,55055.55,5.1,30,19.6,1410,4.85,12.350000000000001,41,0,18,-26.515151515151516,20.84,0.0049717105194179954,5.359801398665873e-06,-1.00915314816205,1.8528805973085243,0.18130883537803913,-0.0009922730423895555,60.19096255551237,5.077192983265916e-09,0.00014839058684686912,-8.185462743695205e-07,-0.3758084822021963,65.84840995573288,-0.0042992573045113405,4.132528212545848e-06,0.05472664316628615,55241.2,0.0615125645129975,0.0072,index_dividend_yield,0.065,13.93,30,54968.7,55340.7,54636.2,55128.4,mid_price,wide_quote_low_liquidity
2026-10-07T10:35:40.581108+00:00,2026-10-07T16:05:40.581108+05:30,BANKNIFTY,27-Oct-2026,62700.0,PE,55055.55,7136.5,450,9184.25,1410,0.0,8160.375,0,0,0,0,0,,,,,,,,,,,,,,,0.05472664316628615,55241.2,0.0615125645129975,0.0072,index_dividend_yield,0.065,13.93,30,54968.7,55340.7,54636.2,55128.4,mid_price,no_nse_iv
2026-10-07T10:35:40.581108+00:00,2026-10-07T16:05:40.581108+05:30,BANKNIFTY,27-Oct-2026,62800.0,CE,55055.55,3.3,900,6.05,30,6,4.675,17,0,5,-20.52980132450331,21.58,0.005879945936658582,6.008517185119386e-06,-1.2121917196902863,2.1508977696485414,0.19885657230187023,-0.0011262332533179178,64.51785291192458,5.3609921713729135e-09,0.0001523837125992163,-8.701774490293128e-07,-0.4192500390024707,62.627155977581374,-0.005072525404889791,4.617960685611783e-06,0.05472664316628615,55241.2,0.0615125645129975,0.0072,index_dividend_yield,0.065,13.93,30,54968.7,55340.7,54636.2,55128.4,mid_price,wide_quote_low_liquidity
2026-10-07T10:35:40.581108+00:00,2026-10-07T16:05:40.581108+05:30,BANKNIFTY,27-Oct-2026,62800.0,PE,55055.55,7219.95,450,8180,450,0.0,7699.975,0,0,0,0,0,,,,,,,,,,,,,,,0.05472664316628615,,,,,,13.93,30,54968.7,55340.7,54636.2,55128.4,mid_price,no_price_available
2026-10-07T10:35:40.581108+00:00,2026-10-07T16:05:40.581108+05:30,BANKNIFTY,27-Oct-2026,62900.0,CE,55055.55,4.9,90,17.35,1410,4.9,11.125,18,0,27,-9.25925925925926,21.33,0.004921933208399262,5.189937630861897e-06,-1.0226071032483681,1.8363438950763635,0.17587166517675284,-0.0009840041909533106,58.464722874468244,4.806633311807271e-09,0.00014089956925634586,-7.943986576409033e-07,-0.37308999577092283,64.41701800079706,-0.004241225620708502,3.976152740078287e-06,0.05472664316628615,55241.2,0.0615125645129975,0.0072,index_dividend_yield,0.065,13.93,30,54968.7,55340.7,54636.2,55128.4,mid_price,wide_quote_low_liquidity
2026-10-07T10:35:40.581108+00:00,2026-10-07T16:05:40.581108+05:30,BANKNIFTY,27-Oct-2026,62900.0,PE,55055.55,7320.9,450,8307.7,1410,0.0,7814.3,0,0,0,0,0,,,,,,,,,,,,,,,0.05472664316628615,,,,,,13.93,30,54968.7,55340.7,54636.2,55128.4,mid_price,no_price_available
2026-10-07T10:35:40.581108+00:00,2026-10-07T16:05:40.581108+05:30,BANKNIFTY,27-Oct-2026,63000.0,CE,55055.55,5.25,150,5.5,90,5.25,5.375,4931,144,3723,1.941747572815534,21.73,0.005172534951240193,5.324745350296108e-06,-1.0882837782336743,1.9193739249544095,0.1793246733473447,-0.0010215514390497253,59.21568043487224,4.8044177834527676e-09,0.00013976909949304787,-8.023678905296179e-07,-0.38538807730550606,62.95762793421468,-0.0044484674349812795,4.0664923084457625e-06,0.05472664316628615,55241.2,0.0615125645129975,0.0072,index_dividend_yield,0.065,13.93,30,54968.7,55340.7,54636.2,55128.4,mid_price,ok
2026-10-07T10:35:40.581108+00:00,2026-10-07T16:05:40.581108+05:30,BANKNIFTY,27-Oct-2026,63000.0,PE,55055.55,7469.65,30,7838.4,30,0.0,7654.025,2050,0,0,0,39.4,,,,,,,,,,,,,,,0.05472664316628615,,,,,,13.93,30,54968.7,55340.7,54636.2,55128.4,mid_price,no_price_available
2026-10-07T10:35:40.581108+00:00,2026-10-07T16:05:40.581108+05:30,BANKNIFTY,27-Oct-2026,63100.0,CE,55055.55,2.3,900,,0,4.95,,20,0,10,-14.655172413793103,21.82,0.004877971307004422,5.032989086475936e-06,-1.0367505244397943,1.821720544665359,0.17082806911703766,-0.000976663377978435,56.85626113426467,4.559087575638266e-09,0.0001340111778078764,-7.719043185473866e-07,-0.37067312522468954,63.04352818450711,-0.004188581441340627,3.8315057469749484e-06,0.05472664316628615,55241.2,0.0615125645129975,0.0072,index_dividend_yield,0.065,13.93,30,54968.7,55340.7,54636.2,55128.4,ltp,ok
2026-10-07T10:35:40.581108+00:00,2026-10-07T16:05:40.581108+05:30,BANKNIFTY,27-Oct-2026,63100.0,PE,55055.55,7508,450,9471.65,1410,0.0,8489.825,0,0,0,0,0,,,,,,,,,,,,,,,0.05472664316628615,55241.2,0.0615125645129975,0.0072,index_dividend_yield,0.065,13.93,30,54968.7,55340.7,54636.2,55128.4,mid_price,no_nse_iv
2026-10-07T10:35:40.581108+00:00,2026-10-07T16:05:40.581108+05:30,BANKNIFTY,27-Oct-2026,63200.0,CE,55055.55,2.3,900,6,600,4.45,4.15,13,0,32,-15.238095238095237,21.8,0.004424562271403623,4.617628742172964e-06,-0.9490887146683727,1.6698464110821454,0.15871842733984706,-0.0009061423998449978,53.50991891579171,4.243223273623872e-09,0.0001267857378601929,-7.290128741483004e-07,-0.3473067085973487,63.665829775669,-0.0037938375433809674,3.504185330524101e-06,0.05472664316628615,55241.2,0.0615125645129975,0.0072,index_dividend_yield,0.065,13.93,30,54968.7,55340.7,54636.2,55128.4,mid_price,wide_quote_low_liquidity
2026-10-07T10:35:40.581108+00:00,2026-10-07T16:05:40.581108+05:30,BANKNIFTY,27-Oct-2026,63200.0,PE,55055.55,7599.8,450,8470,450,0.0,8034.9,0,0,0,0,0,,,,,,,,,,,,,,,0.05472664316628615,,,,,,13.93,30,54968.7,55340.7,54636.2,55128.4,mid_price,no_price_available
2026-10-07T10:35:40.581108+00:00,2026-10-07T16:05:40.581108+05:30,BANKNIFTY,27-Oct-2026,63300.0,CE,55055.55,2.3,900,,0,0.0,,14,0,0,0,21.11,,,,,,,,,,,,,,,0.05472664316628615,,,,,,13.93,30,54968.7,55340.7,54636.2,55128.4,none,no_price_available
2026-10-07T10:35:40.581108+00:00,2026-10-07T16:05:40.581108+05:30,BANKNIFTY,27-Oct-2026,63300.0,PE,55055.55,7718.65,450,8676.95,1410,0.0,8197.8,0,0,0,0,0,,,,,,,,,,,,,,,0.05472664316628615,,,,,,13.93,30,54968.7,55340.7,54636.2,55128.4,mid_price,no_price_available
2026-10-07T10:35:40.581108+00:00,2026-10-07T16:05:40.581108+05:30,BANKNIFTY,27-Oct-2026,63400.0,CE,55055.55,2.3,900,,0,0.0,,5,0,0,0,21.17,,,,,,,,,,,,,,,0.05472664316628615,,,,,,13.93,30,54968.7,55340.7,54636.2,55128.4,none,no_price_available
2026-10-07T10:35:40.581108+00:00,2026-10-07T16:05:40.581108+05:30,BANKNIFTY,27-Oct-2026,63400.0,PE,55055.55,7798.45,450,8641.05,1410,0.0,8219.75,0,0,0,0,0,,,,,,,,,,,,,,,0.05472664316628615,,,,,,13.93,30,54968.7,55340.7,54636.2,55128.4,mid_price,no_price_available
2026-10-07T10:35:40.581108+00:00,2026-10-07T16:05:40.581108+05:30,BANKNIFTY,27-Oct-2026,63500.0,CE,55055.55,3.5,600,4.9,570,4.9,4.2,54,47,150,-27.40740740740741,22.73,0.004693152525340951,4.667929125927709e-06,-1.0415477780948876,1.76004880387752,0.1593645469628738,-0.0009471844115213874,53.31380625280024,4.075681822833287e-09,0.00012085728616247769,-7.233724225492287e-07,-0.3609398507001937,60.772066996426986,-0.00400208506780176,3.5089648189379804e-06,0.05472664316628615,55241.2,0.0615125645129975,0.0072,index_dividend_yield,0.065,13.93,30,54968.7,55340.7,54636.2,55128.4,mid_price,wide_quote_low_liquidity
2026-10-07T10:35:40.581108+00:00,2026-10-07T16:05:40.581108+05:30,BANKNIFTY,27-Oct-2026,63500.0,PE,55055.55,8026.45,480,8470.6,450,0.0,8248.525,6,0,0,0,0,,,,,,,,,,,,,,,0.05472664316628615,,,,,,13.93,30,54968.7,55340.7,54636.2,55128.4,mid_price,no_price_available
2026-10-07T10:35:40.581108+00:00,2026-10-07T16:05:40.581108+05:30,BANKNIFTY,27-Oct-2026,63600.0,CE,55055.55,2.1,900,5.6,600,4.5,3.8499999999999996,19,9,21,-25.619834710743802,22.75,0.00433385839837498,4.343662565531013e-06,-0.9705549231512637,1.6392247483618312,0.1498208344628397,-0.0008908359530592253,50.64655576737864,3.8304356370625976e-09,0.00011510860725629519,-6.890739879206677e-07,-0.34219006897928295,61.16062378117312,-0.0036902784045779037,3.254948037687095e-06,0.05472664316628615,55241.2,0.0615125645129975,0.0072,index_dividend_yield,0.065,13.93,30,54968.7,55340.7,54636.2,55128.4,mid_price,wide_quote_low_liquidity
2026-10-07T10:35:40.581108+00:00,2026-10-07T16:05:40.581108+05:30,BANKNIFTY,27-Oct-2026,63600.0,PE,55055.55,7993.3,450,8998.2,450,0.0,8495.75,0,0,0,0,0,,,,,,,,,,,,,,,0.05472664316628615,,,,,,13.93,30,54968.7,55340.7,54636.2,55128.4,mid_price,no_price_available
2026-10-07T10:35:40.581108+00:00,2026-10-07T16:05:40.581108+05:30,BANKNIFTY,27-Oct-2026,63700.0,CE,55055.55,3.85,180,5.15,300,3.85,4.5,223,10,175,-7.228915662650603,22.6,0.0037658047276710005,3.855720461050005e-06,-0.8499540775756975,1.445489696967519,0.1353326139579619,-0.0007990418605502065,46.576481344953955,3.4878629827380547e-09,0.00010717497176154652,-6.368391661563038e-07,-0.31119764122009586,62.33651391979649,-0.0032025509467655815,2.880241386736137e-06,0.05472664316628615,55241.2,0.0615125645129975,0.0072,index_dividend_yield,0.065,13.93,30,54968.7,55340.7,54636.2,55128.4,mid_price,wide_quote_low_liquidity
2026-10-07T10:35:40.581108+00:00,2026-10-07T16:05:40.581108+05:30,BANKNIFTY,27-Oct-2026,63700.0,PE,55055.55,8089.65,450,9037.75,1410,0.0,8563.7,0,0,0,0,0,,,,,,,,,,,,,,,0.05472664316628615,,,,,,13.93,30,54968.7,55340.7,54636.2,55128.4,mid_price,no_price_available
2026-10-07T10:35:40.581108+00:00,2026-10-07T16:05:40.581108+05:30,BANKNIFTY,27-Oct-2026,63800.0,CE,55055.55,2.4,60,7.8,600,3.8,5.1,126,6,70,-24,22.79,0.003691266498571762,3.7556310687596278e-06,-0.8415339496532517,1.419803588666045,0.13216527136455156,-0.000786543362120213,45.60047543060141,3.376896955205986e-09,0.00010413900132696562,-6.236472581253591e-07,-0.30693206075027657,61.93339208929659,-0.0031339085297794104,2.796686440723676e-06,0.05472664316628615,55241.2,0.0615125645129975,0.0072,index_dividend_yield,0.065,13.93,30,54968.7,55340.7,54636.2,55128.4,mid_price,wide_quote_low_liquidity
2026-10-07T10:35:40.581108+00:00,2026-10-07T16:05:40.581108+05:30,BANKNIFTY,27-Oct-2026,63800.0,PE,55055.55,8181.5,450,9167.7,450,0.0,8674.6,0,0,0,0,0,,,,,,,,,,,,,,,0.05472664316628615,,,,,,13.93,30,54968.7,55340.7,54636.2,55128.4,mid_price,no_price_available
2026-10-07T10:35:40.581108+00:00,2026-10-07T16:05:40.581108+05:30,BANKNIFTY,27-Oct-2026,63900.0,CE,55055.55,2.1,900,5.5,30,4.05,3.8,16,0,4,-5.813953488372093,23.17,0.0038705911037402578,3.854536912582682e-06,-0.8923384162911712,1.481491840966149,0.13489910685319748,-0.0008158180717692504,46.267135940366906,3.3861574542790465e-09,0.000103738855533178,-6.313306258162135e-07,-0.31690350079786667,60.678756744693025,-0.0032799002409969716,2.8613613315765286e-06,0.05472664316628615,55241.2,0.0615125645129975,0.0072,index_dividend_yield,0.065,13.93,30,54968.7,55340.7,54636.2,55128.4,mid_price,wide_quote_low_liquidity
2026-10-07T10:35:40.581108+00:00,2026-10-07T16:05:40.581108+05:30,BANKNIFTY,27-Oct-2026,63900.0,PE,55055.55,8280,450,9265.35,450,0.0,8772.675,0,0,0,0,0,,,,,,,,,,,,,,,0.05472664316628615,,,,,,13.93,30,54968.7,55340.7,54636.2,55128.4,mid_price,no_price_available
2026-10-07T10:35:40.581108+00:00,2026-10-07T16:05:40.581108+05:30,BANKNIFTY,27-Oct-2026,64000.0,CE,55055.55,3.25,270,3.3,120,3.25,3.275,4959,-323,3217,-18.75,22.87,0.0031858002579183576,3.2786711994539197e-06,-0.7393238334214822,1.2438415255437842,0.11745596425536699,-0.0007008683285921282,41.26569853369555,2.993244186792122e-09,9.443414118390034e-05,-5.667982072313088e-07,-0.277385636017639,62.51318475710587,-0.002696722523631626,2.4262755898545307e-06,0.05472664316628615,55241.2,0.0615125645129975,0.0072,index_dividend_yield,0.065,13.93,30,54968.7,55340.7,54636.2,55128.4,mid_price,ok
2026-10-07T10:35:40.581108+00:00,2026-10-07T16:05:40.581108+05:30,BANKNIFTY,27-Oct-2026,64000.0,PE,55055.55,8528.65,480,8848.8,30,0.0,8688.724999999999,114,0,0,0,0,,,,,,,,,,,,,,,0.05472664316628615,,,,,,13.93,30,54968.7,55340.7,54636.2,55128.4,mid_price,no_price_available
2026-10-07T10:35:40.581108+00:00,2026-10-07T16:05:40.581108+05:30,BANKNIFTY,27-Oct-2026,64500.0,CE,55055.55,2.3,480,3,300,2.3,2.65,1418,-145,1157,-17.857142857142858,23.16,0.002278278241318979,2.3919629555766237e-06,-0.5522457027284207,0.9189545358344698,0.08906468989616084,-0.0005371504288776913,32.538978614923664,2.2450557359945633e-09,7.436556986289386e-05,-4.507428229189002e-07,-0.21926149107093548,63.491535899113245,-0.0019140510603416238,1.7427585869562178e-06,0.05472664316628615,55241.2,0.0615125645129975,0.0072,index_dividend_yield,0.065,13.93,30,54968.7,55340.7,54636.2,55128.4,mid_price,wide_quote_low_liquidity
2026-10-07T10:35:40.581108+00:00,2026-10-07T16:05:40.581108+05:30,BANKNIFTY,27-Oct-2026,64500.0,PE,55055.55,9065,30,9437.9,480,0.0,9251.45,48,0,0,0,0,,,,,,,,,,,,,,,0.05472664316628615,,,,,,13.93,30,54968.7,55340.7,54636.2,55128.4,mid_price,no_price_available
2026-10-07T10:35:40.581108+00:00,2026-10-07T16:05:40.581108+05:30,BANKNIFTY,27-Oct-2026,65000.0,CE,55055.55,1.85,330,1.9,1680,1.9,1.875,7365,-13,3121,-7.317073170731708,23.78,0.0018644136337688372,1.9421267907441498e-06,-0.47198045172116493,0.7661087995799387,0.07393837058610159,-0.000457048272635683,27.616618688454775,1.8150811777059376e-09,6.184019089796893e-05,-3.839698786298351e-07,-0.1899036215410872,62.85865219407173,-0.0015540515021649508,1.3933270771066515e-06,0.05472664316628615,55241.2,0.0615125645129975,0.0072,index_dividend_yield,0.065,13.93,30,54968.7,55340.7,54636.2,55128.4,mid_price,ok
2026-10-07T10:35:40.581108+00:00,2026-10-07T16:05:40.581108+05:30,BANKNIFTY,27-Oct-2026,65000.0,PE,55055.55,9552.75,30,9761.2,60,9568.45,9656.975,2916,28,43,-1.9626024590163935,0,,,,,,,,,,,,,,,0.05472664316628615,,,,,,13.93,30,54968.7,55340.7,54636.2,55128.4,mid_price,no_price_available
2026-10-07T10:35:40.581108+00:00,2026-10-07T16:05:40.581108+05:30,BANKNIFTY,27-Oct-2026,65500.0,CE,55055.55,1.8,540,2.2,30,2.2,2.0,1417,4,1697,10,25.14,0.002048804583799062,2.001359838056552e-06,-0.5427347189775057,0.8346251647928749,0.07550934350581631,-0.0004926070063641004,27.91479656072132,1.7472324694736863e-09,5.897450824696521e-05,-3.8641604294092774e-07,-0.2030168991734882,59.066617674803695,-0.0016929524864635387,1.4139849647952231e-06,0.05472664316628615,55241.2,0.0615125645129975,0.0072,index_dividend_yield,0.065,13.93,30,54968.7,55340.7,54636.2,55128.4,mid_price,wide_quote_low_liquidity
2026-10-07T10:35:40.581108+00:00,2026-10-07T16:05:40.581108+05:30,BANKNIFTY,27-Oct-2026,65500.0,PE,55055.55,10046.05,30,10358.8,30,0.0,10202.425,134,0,0,0,32.79,,,,,,,,,,,,,,,0.05472664316628615,,,,,,13.93,30,54968.7,55340.7,54636.2,55128.4,mid_price,no_price_available
2026-10-07T10:42:28.333967+00:00,2026-10-07T16:12:28.333967+05:30,BANKNIFTY,27-Oct-2026,47000.0,CE,55055.55,8043.85,30,8242.05,30,8220,8142.95,597,6,13,1.1318897637795275,0,,,,,,,,,,,,,,,0.05471371340794647,55241.2,0.061527100952666225,0.0072,index_dividend_yield,0.065,13.93,30,54968.7,55340.7,54636.2,55128.4,mid_price,no_nse_iv
2026-10-07T10:42:28.333967+00:00,2026-10-07T16:12:28.333967+05:30,BANKNIFTY,27-Oct-2026,47000.0,PE,55055.55,9.1,60,9.95,30,9,9.524999999999999,5031,-98,4484,-21.73913043478261,28.98,-0.007880626043029257,5.795915342116945e-06,-1.9506740422805373,2.7856004044945246,-0.1751395148803323,0.0012197533126345056,54.45176077443548,-3.867186569836383e-09,9.329575398919362e-05,-6.439374955423036e-07,-0.4489705351937636,-43.7077675988423,0.009442528986213302,7.952955063672166e-06,0.05471371340794647,55241.2,0.061527100952666225,0.0072,index_dividend_yield,0.065,13.93,30,54968.7,55340.7,54636.2,55128.4,mid_price,ok
2026-10-07T10:42:28.333967+00:00,2026-10-07T16:12:28.333967+05:30,BANKNIFTY,27-Oct-2026,47500.0,CE,55055.55,7371.1,300,7952.65,600,0.0,7661.875,0,0,0,0,0,,,,,,,,,,,,,,,0.05471371340794647,55241.2,0.061527100952666225,0.0072,index_dividend_yield,0.065,13.93,30,54968.7,55340.7,54636.2,55128.4,mid_price,no_nse_iv
2026-10-07T10:42:28.333967+00:00,2026-10-07T16:12:28.333967+05:30,BANKNIFTY,27-Oct-2026,47500.0,PE,55055.55,10.75,150,11.5,540,11,11.125,1154,-112,1832,-19.708029197080293,28,-0.009771816699286518,7.24352076065211e-06,-2.2706473923111847,3.3636139339386637,-0.21168892627303984,0.0014202931785160591,63.65052776129731,-4.8366625957654066e-09,0.00011120069081996946,-7.38338697230938e-07,-0.5112625003841589,-44.24610548569355,0.011582144023326624,9.731161966384517e-06,0.05471371340794647,55241.2,0.061527100952666225,0.0072,index_dividend_yield,0.065,13.93,30,54968.7,55340.7,54636.2,55128.4,mid_price,ok
2026-10-07T10:42:28.333967+00:00,2026-10-07T16:12:28.333967+05:30,BANKNIFTY,27-Oct-2026,48000.0,CE,55055.55,7125.35,150,7232.4,30,7175,7178.875,600,1,23,-1.6449623029472242,0,,,,,,,,,,,,,,,0.05471371340794647,55241.2,0.061527100952666225,0.0072,index_dividend_yield,0.065,13.93,30,54968.7,55340.7,54636.2,55128.4,mid_price,no_nse_iv
2026-10-07T10:42:28.333967+00:00,2026-10-07T16:12:28.333967+05:30,BANKNIFTY,27-Oct-2026,48000.0,PE,55055.55,13.35,360,14,2010,13.35,13.675,10417,321,6464,-11,26.97,-0.012043838822233362,9.020800139013665e-06,-2.6168650399058335,4.034822274407744,-0.2546992974713606,0.001640541065016581,73.98281000585128,-6.039425771267909e-09,0.00013195815009482426,-8.396249354297411e-07,-0.5775377577299476,-44.91642381053645,0.014121722980469424,1.1867651847297482e-05,0.05471371340794647,55241.2,0.061527100952666225,0.0072,index_dividend_yield,0.065,13.93,30,54968.7,55340.7,54636.2,55128.4,mid_price,ok
2026-10-07T10:42:28.333967+00:00,2026-10-07T16:12:28.333967+05:30,BANKNIFTY,27-Oct-2026,48500.0,CE,55055.55,6423.65,600,6773.5,30,6962.25,6598.575,51,0,6,4.371388095612871,38.21,0.9326369370283656,2.63680189469041e-05,-22.895115201721218,16.709095535433597,-0.4785066339824673,0.004366125853284553,92.34395369661108,-8.508130070583177e-09,7.671745931925218e-05,-6.637887465315995e-07,-1.2569931780063222,7.489458833731101,-0.9173393481422132,3.397787669705974e-05,0.05471371340794647,55241.2,0.061527100952666225,0.0072,index_dividend_yield,0.065,13.93,30,54968.7,55340.7,54636.2,55128.4,mid_price,ok
2026-10-07T10:42:28.333967+00:00,2026-10-07T16:12:28.333967+05:30,BANKNIFTY,27-Oct-2026,48500.0,PE,55055.55,14.25,510,15.85,60,15.85,15.05,1823,613,5634,-7.309941520467836,25.85,-0.014651002487813525,1.1147419822555985e-05,-2.96209750106013,4.778959028345573,-0.30416095520880215,0.0018706090161109308,85.36015547538378,-7.519961332137321e-09,0.0001559879007306934,-9.455852170568401e-07,-0.6446014978329071,-45.84934123684193,0.01699405805139535,1.4364585257006488e-05,0.05471371340794647,55241.2,0.061527100952666225,0.0072,index_dividend_yield,0.065,13.93,30,54968.7,55340.7,54636.2,55128.4,mid_price,ok
2026-10-07T10:42:28.333967+00:00,2026-10-07T16:12:28.333967+05:30,BANKNIFTY,27-Oct-2026,49000.0,CE,55055.55,6182,30,6238,60,6241.65,6210.0,47,1,3,1.3238421454197171,0,,,,,,,,,,,,,,,0.05471371340794647,55241.2,0.061527100952666225,0.0072,index_dividend_yield,0.065,13.93,30,54968.7,55340.7,54636.2,55128.4,mid_price,no_nse_iv
2026-10-07T10:42:28.333967+00:00,2026-10-07T16:12:28.333967+05:30,BANKNIFTY,27-Oct-2026,49000.0,PE,55055.55,17,60,19.35,90,17,18.175,5783,658,15651,-17.073170731707318,24.34,-0.016552496100573782,1.3145982969211297e-05,-3.0861139696990305,5.306547323183826,-0.35106270794389194,0.0020239610468438286,96.32579843692746,-9.199186550895535e-09,0.0001846197015654725,-1.046798347699367e-06,-0.688176556168627,-48.04222634513472,0.018985217292401824,1.6595988161892806e-05,0.05471371340794647,55241.2,0.061527100952666225,0.0072,index_dividend_yield,0.065,13.93,30,54968.7,55340.7,54636.2,55128.4,mid_price,ok
2026-10-07T10:42:28.333967+00:00,2026-10-07T16:12:28.333967+05:30,BANKNIFTY,27-Oct-2026,49200.0,CE,55055.55,5044.6,1410,6236.15,1410,0.0,5640.375,0,0,0,0,0,,,,,,,,,,,,,,,0.05471371340794647,,,,,,13.93,30,54968.7,55340.7,54636.2,55128.4,mid_price,no_price_available
2026-10-07T10:42:28.333967+00:00,2026-10-07T16:12:28.333967+05:30,BANKNIFTY,27-Oct-2026,49200.0,PE,55055.55,13.65,480,24.5,120,15.45,19.075,160,50,329,-27.12264150943396,23.31,-0.015865430347542994,1.3237272004565934e-05,-2.8450957244591777,5.117279860524602,-0.3568051382099278,0.0019661696178041605,98.68143713642263,-9.739867917350966e-09,0.0001984792561986665,-1.0754005368399799e-06,-0.6718815558364737,-50.46344730695623,0.018105470649473425,1.6575647354419862e-05,0.05471371340794647,55241.2,0.061527100952666225,0.0072,index_dividend_yield,0.065,13.93,30,54968.7,55340.7,54636.2,55128.4,mid_price,wide_quote_low_liquidity
2026-10-07T10:42:28.333967+00:00,2026-10-07T16:12:28.333967+05:30,BANKNIFTY,27-Oct-2026,49300.0,CE,55055.55,4970.9,1410,6132.75,1410,0.0,5551.825,0,0,0,0,0,,,,,,,,,,,,,,,0.05471371340794647,,,,,,13.93,30,54968.7,55340.7,54636.2,55128.4,mid_price,no_price_available
2026-10-07T10:42:28.333967+00:00,2026-10-07T16:12:28.333967+05:30,BANKNIFTY,27-Oct-2026,49300.0,PE,55055.55,16.3,30,24.9,1410,16.3,20.6,92,-6,238,-31.799163179916317,23.14,-0.01676614211736743,1.3980280094506377e-05,-2.9588642206421674,5.365097632712292,-0.3729189298432075,0.0020378367207028944,102.07507778426405,-1.0255032660410177e-08,0.00020556978067635693,-1.1036630956276325e-06,-0.6920959212839977,-50.50206732244355,0.01909426014088651,1.7435092071056672e-05,0.05471371340794647,55241.2,0.061527100952666225,0.0072,index_dividend_yield,0.065,13.93,30,54968.7,55340.7,54636.2,55128.4,mid_price,wide_quote_low_liquidity
2026-10-07T10:42:28.333967+00:00,2026-10-07T16:12:28.333967+05:30,BANKNIFTY,27-Oct-2026,49400.0,CE,55055.55,4872.3,1410,6030.6,1410,0.0,5451.450000000001,0,0,0,0,0,,,,,,,,,,,,,,,0.05471371340794647,,,,,,13.93,30,54968.7,55340.7,54636.2,55128.4,mid_price,no_price_available
2026-10-07T10:42:28.333967+00:00,2026-10-07T16:12:28.333967+05:30,BANKNIFTY,27-Oct-2026,49400.0,PE,55055.55,11.65,450,22,60,22,16.825,165,22,247,-15.384615384615385,23.83,-0.02121128061704661,1.6582138435012722e-05,-3.7206228179616505,6.553344234725452,-0.42141226306900703,0.002368792219108455,110.1224829635079,-1.1290135664017012e-08,0.0002090625536432862,-1.1513857551790947e-06,-0.7830449282294295,-47.58945932292561,0.024136391520888097,2.059628296317956e-05,0.05471371340794647,55241.2,0.061527100952666225,0.0072,index_dividend_yield,0.065,13.93,30,54968.7,55340.7,54636.2,55128.4,mid_price,wide_quote_low_liquidity
2026-10-07T10:42:28.333967+00:00,2026-10-07T16:12:28.333967+05:30,BANKNIFTY,27-Oct-2026,49500.0,CE,55055.55,5532.45,30,5844.2,30,0.0,5688.325,4,0,0,0,34.25,0.9199629123083447,3.3588665298604745e-05,-23.3349203936099,19.07882941490252,-0.5740630524827539,0.004648106460593993,104.03649201948717,-1.1322457167236852e-08,8.509086596191395e-05,-6.360730246322992e-07,-1.3163131771976317,8.622657821701411,-0.9045477524252081,4.155129464975975e-05,0.05471371340794647,55241.2,0.061527100952666225,0.0072,index_dividend_yield,0.065,13.93,30,54968.7,55340.7,54636.2,55128.4,mid_price,ok
2026-10-07T10:42:28.333967+00:00,2026-10-07T16:12:28.333967+05:30,BANKNIFTY,27-Oct-2026,49500.0,PE,55055.55,22,5910,23.5,120,22,22.75,3888,-194,7981,-13.385826771653543,23.46,-0.021504085981158706,1.7040049841871152e-05,-3.7022433278136346,6.629751815060667,-0.4319837712287548,0.0023878510416931557,112.56675599174892,-1.1747931357421695e-08,0.0002166903908424082,-1.1729121070968974e-06,-0.7881784463775671,-48.26883281988568,0.02441306857682101,2.107961496926738e-05,0.05471371340794647,55241.2,0.061527100952666225,0.0072,index_dividend_yield,0.065,13.93,30,54968.7,55340.7,54636.2,55128.4,mid_price,ok
2026-10-07T10:42:28.333967+00:00,2026-10-07T16:12:28.333967+05:30,BANKNIFTY,27-Oct-2026,49600.0,CE,55055.55,3728.45,1410,5841.85,1410,0.0,4785.15,0,0,0,0,0,,,,,,,,,,,,,,,0.05471371340794647,,,,,,13.93,30,54968.7,55340.7,54636.2,55128.4,mid_price,no_price_available
2026-10-07T10:42:28.333967+00:00,2026-10-07T16:12:28.333967+05:30,BANKNIFTY,27-Oct-2026,49600.0,PE,55055.55,13.45,450,25.9,30,22,19.674999999999997,77,7,143,-32.515337423312886,23.1,-0.021849508420703326,1.754017658664113e-05,-3.6914382980015983,6.719614268260757,-0.44334705602482904,0.0024102696118562597,115.14729989727357,-1.2237030409432566e-08,0.00022463845117356315,-1.1951731028844786e-06,-0.7942006307910887,-48.93410695671155,0.02474837681088994,2.161089829488441e-05,0.05471371340794647,55241.2,0.061527100952666225,0.0072,index_dividend_yield,0.065,13.93,30,54968.7,55340.7,54636.2,55128.4,mid_price,wide_quote_low_liquidity
2026-10-07T10:42:28.333967+00:00,2026-10-07T16:12:28.333967+05:30,BANKNIFTY,27-Oct-2026,49700.0,CE,55055.55,4621.8,1410,5738.25,1410,0.0,5180.025,0,0,0,0,0,,,,,,,,,,,,,,,0.05471371340794647,,,,,,13.93,30,54968.7,55340.7,54636.2,55128.4,mid_price,no_price_available
2026-10-07T10:42:28.333967+00:00,2026-10-07T16:12:28.333967+05:30,BANKNIFTY,27-Oct-2026,49700.0,PE,55055.55,20,30,30.95,300,20.15,25.475,87,-5,168,-24.24812030075188,22.43,-0.020813540782198964,1.7337184506621485e-05,-3.43625106579105,6.449205965447708,-0.44308993993028356,0.0023362506251367703,116.23669749773357,-1.2572248095580175e-08,0.00023518203558023032,-1.213766622905748e-06,-0.7743053159603255,-50.739829206248814,0.02351076036233912,2.127492338238081e-05,0.05471371340794647,55241.2,0.061527100952666225,0.0072,index_dividend_yield,0.065,13.93,30,54968.7,55340.7,54636.2,55128.4,mid_price,wide_quote_low_liquidity
2026-10-07T10:42:28.333967+00:00,2026-10-07T16:12:28.333967+05:30,BANKNIFTY,27-Oct-2026,49800.0,CE,55055.55,5152.85,600,5632.7,1410,0.0,5392.775,0,0,0,0,0,,,,,,,,,,,,,,,0.05471371340794647,55241.2,0.061527100952666225,0.0072,index_dividend_yield,0.065,13.93,30,54968.7,55340.7,54636.2,55128.4,mid_price,no_nse_iv
2026-10-07T10:42:28.333967+00:00,2026-10-07T16:12:28.333967+05:30,BANKNIFTY,27-Oct-2026,49800.0,PE,55055.55,16.3,450,31.15,300,25.25,23.725,142,15,301,-11.24780316344464,22.87,-0.024911105903507234,1.9783712360238296e-05,-4.0743346206382975,7.503646327491151,-0.486056194434854,0.002609673906477119,122.76709974167188,-1.355974134061246e-08,0.00023717832438298315,-1.2428674364931955e-06,-0.8469662936707908,-48.58748443998386,0.02810686666724581,2.4179722630573354e-05,0.05471371340794647,55241.2,0.061527100952666225,0.0072,index_dividend_yield,0.065,13.93,30,54968.7,55340.7,54636.2,55128.4,mid_price,wide_quote_low_liquidity
2026-10-07T10:42:28.333967+00:00,2026-10-07T16:12:28.333967+05:30,BANKNIFTY,27-Oct-2026,49900.0,CE,55055.55,3532.7,1410,5533.9,1410,0.0,4533.299999999999,0,0,0,0,0,,,,,,,,,,,,,,,0.05471371340794647,,,,,,13.93,30,54968.7,55340.7,54636.2,55128.4,mid_price,no_price_available
2026-10-07T10:42:28.333967+00:00,2026-10-07T16:12:28.333967+05:30,BANKNIFTY,27-Oct-2026,49900.0,PE,55055.55,10.35,1410,31.45,1410,24.2,20.9,132,26,1292,-7.2796934865900385,22.35,-0.02456180162239003,2.000561280704749e-05,-3.9304375232615527,7.415284001870423,-0.49337448177726867,0.0025854196568215124,124.99864417501615,-1.406594117321379e-08,0.0002477242600442631,-1.2666375853139123e-06,-0.8406365638225646,-49.8330993529934,0.027643273488486112,2.435302861102813e-05,0.05471371340794647,55241.2,0.061527100952666225,0.0072,index_dividend_yield,0.065,13.93,30,54968.7,55340.7,54636.2,55128.4,mid_price,wide_quote_low_liquidity
2026-10-07T10:42:28.333967+00:00,2026-10-07T16:12:28.333967+05:30,BANKNIFTY,27-Oct-2026,50000.0,CE,55055.55,5195.2,120,5284.45,30,5209.6,5239.825,4454,19,139,0.1692047377326565,0,,,,,,,,,,,,,,,0.05471371340794647,55241.2,0.061527100952666225,0.0072,index_dividend_yield,0.065,13.93,30,54968.7,55340.7,54636.2,55128.4,mid_price,no_nse_iv
2026-10-07T10:42:28.333967+00:00,2026-10-07T16:12:28.333967+05:30,BANKNIFTY,27-Oct-2026,50000.0,PE,55055.55,26.05,150,28,30,25.5,27.025,17698,192,32349,-20.3125,22.17,-0.02591979481889139,2.1098275030477258e-05,-4.074764718795409,7.757308171610906,-0.51417156461416,0.0026690753985968395,128.74113930508457,-1.4778975610850886e-08,0.0002549861846734318,-1.289741626394872e-06,-0.8624663544146545,-49.8827320448195,0.029112724521699343,2.5580507232750904e-05,0.05471371340794647,55241.2,0.061527100952666225,0.0072,index_dividend_yield,0.065,13.93,30,54968.7,55340.7,54636.2,55128.4,mid_price,ok
2026-10-07T10:42:28.333967+00:00,2026-10-07T16:12:28.333967+05:30,BANKNIFTY,27-Oct-2026,50100.0,CE,55055.55,4265.25,210,5334,1410,0.0,4799.625,0,0,0,0,0,,,,,,,,,,,,,,,0.05471371340794647,,,,,,13.93,30,54968.7,55340.7,54636.2,55128.4,mid_price,no_price_available
2026-10-07T10:42:28.333967+00:00,2026-10-07T16:12:28.333967+05:30,BANKNIFTY,27-Oct-2026,50100.0,PE,55055.55,25.25,180,33.55,1410,26,29.4,92,53,1110,-20.972644376899694,21.87,-0.02671856847424133,2.193725099849443e-05,-4.118571328417173,7.956634155222975,-0.5311168081156697,0.002715915764259478,132.08849783315557,-1.5469112495417276e-08,0.0002638770607129988,-1.3133951527850922e-06,-0.8746037546327861,-50.3711931403125,0.029944287242694063,2.6491647259053122e-05,0.05471371340794647,55241.2,0.061527100952666225,0.0072,index_dividend_yield,0.065,13.93,30,54968.7,55340.7,54636.2,55128.4,mid_price,wide_quote_low_liquidity
2026-10-07T10:42:28.333967+00:00,2026-10-07T16:12:28.333967+05:30,BANKNIFTY,27-Oct-2026,50200.0,CE,55055.55,4847.25,300,5288.85,450,0.0,5068.05,0,0,0,0,0,,,,,,,,,,,,,,,0.05471371340794647,55241.2,0.061527100952666225,0.0072,index_dividend_yield,0.065,13.93,30,54968.7,55340.7,54636.2,55128.4,mid_price,no_nse_iv
2026-10-07T10:42:28.333967+00:00,2026-10-07T16:12:28.333967+05:30,BANKNIFTY,27-Oct-2026,50200.0,PE,55055.55,28.5,990,29.5,360,28.5,29.0,1264,1,1992,-16.176470588235293,21.82,-0.028939487106420105,2.349998795923454e-05,-4.387769341115207,8.503951768840809,-0.5584677399889955,0.002845029980708891,136.39084792946488,-1.631321643301303e-08,0.0002692095338626849,-1.332106631446474e-06,-0.9076766741642626,-49.93591725596918,0.032374220319637326,2.8265873862887496e-05,0.05471371340794647,55241.2,0.061527100952666225,0.0072,index_dividend_yield,0.065,13.93,30,54968.7,55340.7,54636.2,55128.4,mid_price,ok
2026-10-07T10:42:28.333967+00:00,2026-10-07T16:12:28.333967+05:30,BANKNIFTY,27-Oct-2026,50300.0,CE,55055.55,4086.25,180,5134.35,1410,0.0,4610.3,0,0,0,0,0,,,,,,,,,,,,,,,0.05471371340794647,,,,,,13.93,30,54968.7,55340.7,54636.2,55128.4,mid_price,no_price_available
2026-10-07T10:42:28.333967+00:00,2026-10-07T16:12:28.333967+05:30,BANKNIFTY,27-Oct-2026,50300.0,PE,55055.55,23.3,30,35.15,180,32.5,29.225,122,40,406,-9.722222222222221,21.93,-0.032260271600957104,2.5583373746935746e-05,-4.821024894940013,9.304538763279057,-0.5920633311676977,0.003026662768952689,140.93216549315457,-1.7231219565620866e-08,0.00027084632268183453,-1.3408196017076158e-06,-0.9533431709433806,-48.92378703446262,0.03603201874790879,3.0649546749325106e-05,0.05471371340794647,55241.2,0.061527100952666225,0.0072,index_dividend_yield,0.065,13.93,30,54968.7,55340.7,54636.2,55128.4,mid_price,wide_quote_low_liquidity
2026-10-07T10:42:28.333967+00:00,2026-10-07T16:12:28.333967+05:30,BANKNIFTY,27-Oct-2026,50400.0,CE,55055.55,3866.35,210,5030.75,1410,0.0,4448.55,0,0,0,0,0,,,,,,,,,,,,,,,0.05471371340794647,,,,,,13.93,30,54968.7,55340.7,54636.2,55128.4,mid_price,no_price_available
2026-10-07T10:42:28.333967+00:00,2026-10-07T16:12:28.333967+05:30,BANKNIFTY,27-Oct-2026,50400.0,PE,55055.55,30.9,30,37.2,150,32.45,34.05,233,-34,590,-15.384615384615385,21.55,-0.032820879351946046,2.6407100330636062e-05,-4.799450499980452,9.437704872799165,-0.6088083634998576,0.0030534962772961888,144.31407660555084,-1.8017488100507237e-08,0.0002812629618261637,-1.3645350796371358e-06,-0.9600337959907018,-49.67919495468315,0.03657429299727204,3.151097591247822e-05,0.05471371340794647,55241.2,0.061527100952666225,0.0072,index_dividend_yield,0.065,13.93,30,54968.7,55340.7,54636.2,55128.4,mid_price,wide_quote_low_liquidity
2026-10-07T10:42:28.333967+00:00,2026-10-07T16:12:28.333967+05:30,BANKNIFTY,27-Oct-2026,50500.0,CE,55055.55,4544.95,30,4900.4,480,0.0,4722.674999999999,3,0,0,0,32.91,0.8848819210010712,4.571542875044467e-05,-27.390606693066804,24.951064673052002,-0.6620588988222043,0.0050746401618277925,102.44458576731397,-1.3778982392780573e-08,4.879076560344292e-05,-2.886979658043421e-07,-1.4066733426926736,9.825950252102249,-0.8665267293917298,5.4335322876682314e-05,0.05471371340794647,55241.2,0.061527100952666225,0.0072,index_dividend_yield,0.065,13.93,30,54968.7,55340.7,54636.2,55128.4,mid_price,ok
2026-10-07T10:42:28.333967+00:00,2026-10-07T16:12:28.333967+05:30,BANKNIFTY,27-Oct-2026,50500.0,PE,55055.55,30.15,930,35.45,180,31.9,32.8,6489,230,13487,-20.050125313283207,21.1,-0.032965428696003954,2.7068150892712725e-05,-4.710056533636809,9.471951082273435,-0.6237287178223333,0.0030579649785162782,147.69269789515337,-1.8832766737423746e-08,0.0002937840111195165,-1.3919991786685662e-06,-0.9611747989830768,-50.725789044303404,0.03664770377227067,3.2171998789708316e-05,0.05471371340794647,55241.2,0.061527100952666225,0.0072,index_dividend_yield,0.065,13.93,30,54968.7,55340.7,54636.2,55128.4,mid_price,wide_quote_low_liquidity
2026-10-07T10:42:28.333967+00:00,2026-10-07T16:12:28.333967+05:30,BANKNIFTY,27-Oct-2026,50600.0,CE,55055.55,4392.45,210,4827.05,30,0.0,4609.75,0,0,0,0,0,,,,,,,,,,,,,,,0.05471371340794647,55241.2,0.061527100952666225,0.0072,index_dividend_yield,0.065,13.93,30,54968.7,55340.7,54636.2,55128.4,mid_price,no_nse_iv
2026-10-07T10:42:28.333967+00:00,2026-10-07T16:12:28.333967+05:30,BANKNIFTY,27-Oct-2026,50600.0,PE,55055.55,31.25,180,43.1,300,36.4,37.175,155,-67,639,-15.83815028901734,21.21,-0.03674757705592048,2.9439262940497236e-05,-5.171415032342542,10.35537911948211,-0.6596343267169582,0.0032450999331379918,152.0195131493267,-1.9841905762271217e-08,0.0002933826248297781,-1.3895106601299384e-06,-1.0070549917904064,-49.66201160770262,0.04078847056133165,3.485203247002501e-05,0.05471371340794647,55241.2,0.061527100952666225,0.0072,index_dividend_yield,0.065,13.93,30,54968.7,55340.7,54636.2,55128.4,mid_price,wide_quote_low_liquidity
2026-10-07T10:42:28.333967+00:00,2026-10-07T16:12:28.333967+05:30,BANKNIFTY,27-Oct-2026,50700.0,CE,55055.55,3784.9,1410,4734.45,450,0.0,4259.675,0,0,0,0,0,,,,,,,,,,,,,,,0.05471371340794647,,,,,,13.93,30,54968.7,55340.7,54636.2,55128.4,mid_price,no_price_available
2026-10-07T10:42:28.333967+00:00,2026-10-07T16:12:28.333967+05:30,BANKNIFTY,27-Oct-2026,50700.0,PE,55055.55,36.8,30,44.3,300,37,40.55,219,24,747,-17.04035874439462,20.89,-0.03786658394132831,3.0631728645898486e-05,-5.212914712065469,10.612271407154132,-0.6812259864732162,0.003294776807820747,155.7896681034183,-2.079516443496562e-08,0.0003030513247658149,-1.4084500557569552e-06,-1.0191004275079631,-50.21124679088569,0.04193856999481621,3.6120836437877036e-05,0.05471371340794647,55241.2,0.061527100952666225,0.0072,index_dividend_yield,0.065,13.93,30,54968.7,55340.7,54636.2,55128.4,mid_price,wide_quote_low_liquidity
2026-10-07T10:42:28.333967+00:00,2026-10-07T16:12:28.333967+05:30,BANKNIFTY,27-Oct-2026,50800.0,CE,55055.55,3756.35,1410,4622.7,450,0.0,4189.525,0,0,0,0,0,,,,,,,,,,,,,,,0.05471371340794647,,,,,,13.93,30,54968.7,55340.7,54636.2,55128.4,mid_price,no_price_available
2026-10-07T10:42:28.333967+00:00,2026-10-07T16:12:28.333967+05:30,BANKNIFTY,27-Oct-2026,50800.0,PE,55055.55,13.3,900,48.35,300,39.2,30.825000000000003,1346,-24,756,-16.23931623931624,20.72,-0.040101026004007154,3.235893498499155e-05,-5.410920333417962,11.119426100591342,-0.7087666502202175,0.0033935768473023695,159.6705896824817,-2.1817956238255207e-08,0.00030849644846748375,-1.4151394015221038e-06,-1.0428130210689144,-50.19390568631975,0.04432616424867866,3.800747390380204e-05,0.05471371340794647,55241.2,0.061527100952666225,0.0072,index_dividend_yield,0.065,13.93,30,54968.7,55340.7,54636.2,55128.4,mid_price,wide_quote_low_liquidity
2026-10-07T10:42:28.333967+00:00,2026-10-07T16:12:28.333967+05:30,BANKNIFTY,27-Oct-2026,50900.0,CE,55055.55,3592.8,1410,4532.75,30,0.0,4062.775,0,0,0,0,0,,,,,,,,,,,,,,,0.05471371340794647,,,,,,13.93,30,54968.7,55340.7,54636.2,55128.4,mid_price,no_price_available
2026-10-07T10:42:28.333967+00:00,2026-10-07T16:12:28.333967+05:30,BANKNIFTY,27-Oct-2026,50900.0,PE,55055.55,32.35,30,45,30,41,38.675,347,24,878,-15.376676986584107,20.5,-0.042105304561420503,3.402559585108991e-05,-5.562065238337893,11.567992614114678,-0.7355264480761389,0.003477339215065066,163.5436733915867,-2.288441672666879e-08,0.0003150698929711709,-1.4228353844017915e-06,-1.0627192268575278,-50.36400436155355,0.04644711650544343,3.9808185798751685e-05,0.05471371340794647,55241.2,0.061527100952666225,0.0072,index_dividend_yield,0.065,13.93,30,54968.7,55340.7,54636.2,55128.4,mid_price,wide_quote_low_liquidity
2026-10-07T10:42:28.333967+00:00,2026-10-07T16:12:28.333967+05:30,BANKNIFTY,27-Oct-2026,51000.0,CE,55055.55,4230.2,30,4283.95,30,4237.9,4257.075,729,-37,83,0.34570122889683425,0,,,,,,,,,,,,,,,0.05471371340794647,55241.2,0.061527100952666225,0.0072,index_dividend_yield,0.065,13.93,30,54968.7,55340.7,54636.2,55128.4,mid_price,no_nse_iv
2026-10-07T10:42:28.333967+00:00,2026-10-07T16:12:28.333967+05:30,BANKNIFTY,27-Oct-2026,51000.0,PE,55055.55,42.9,90,47,30,46.65,44.95,14417,1056,30349,-9.767891682785299,20.61,-0.04676209667665916,3.6829127417067846e-05,-6.07871718006427,12.588321425525189,-0.772451058072287,0.0036636526490963772,166.81292289888904,-2.3943782119594993e-08,0.00030935102223737966,-1.3931629501574483e-06,-1.1062472405954509,-49.272619688433096,0.05150516330646235,4.291936503926401e-05,0.05471371340794647,55241.2,0.061527100952666225,0.0072,index_dividend_yield,0.065,13.93,30,54968.7,55340.7,54636.2,55128.4,mid_price,ok
2026-10-07T10:42:28.333967+00:00,2026-10-07T16:12:28.333967+05:30,BANKNIFTY,27-Oct-2026,51100.0,CE,55055.55,3981.2,300,4322.9,30,0.0,4152.049999999999,0,0,0,0,0,,,,,,,,,,,,,,,0.05471371340794647,55241.2,0.061527100952666225,0.0072,index_dividend_yield,0.065,13.93,30,54968.7,55340.7,54636.2,55128.4,mid_price,no_nse_iv
2026-10-07T10:42:28.333967+00:00,2026-10-07T16:12:28.333967+05:30,BANKNIFTY,27-Oct-2026,51100.0,PE,55055.55,41.8,150,50.95,60,46.45,46.375,701,31,1626,-15.237226277372264,20.19,-0.047508482885401646,3.807554787781984e-05,-6.021154360849678,12.749139774940636,-0.7953542356995691,0.003687333910855982,170.98184390311656,-2.514217440868113e-08,0.00032206408660246424,-1.4146348910595564e-06,-1.111783346044449,-50.189098599501115,0.052205883962635216,4.419840244918383e-05,0.05471371340794647,55241.2,0.061527100952666225,0.0072,index_dividend_yield,0.065,13.93,30,54968.7,55340.7,54636.2,55128.4,mid_price,wide_quote_low_liquidity
2026-10-07T10:42:28.333967+00:00,2026-10-07T16:12:28.333967+05:30,BANKNIFTY,27-Oct-2026,51200.0,CE,55055.55,3469.1,1410,4225.8,450,0.0,3847.45,0,0,0,0,0,,,,,,,,,,,,,,,0.05471371340794647,,,,,,13.93,30,54968.7,55340.7,54636.2,55128.4,mid_price,no_price_available
2026-10-07T10:42:28.333967+00:00,2026-10-07T16:12:28.333967+05:30,BANKNIFTY,27-Oct-2026,51200.0,PE,55055.55,44,60,57.1,300,50.6,50.55,602,-56,981,-14.309906858594411,20.13,-0.051252971360482895,4.0573504019401084e-05,-6.3697294159827775,13.545177272384102,-0.8284396416825615,0.0038203326004742286,174.18071423825498,-2.628849665738197e-08,0.00032019767070229295,-1.3907435147238068e-06,-1.1422493628209835,-49.72650553381354,0.056220822853511744,4.6914252951362234e-05,0.05471371340794647,55241.2,0.061527100952666225,0.0072,index_dividend_yield,0.065,13.93,30,54968.7,55340.7,54636.2,55128.4,mid_price,wide_quote_low_liquidity
2026-10-07T10:42:28.333967+00:00,2026-10-07T16:12:28.333967+05:30,BANKNIFTY,27-Oct-2026,51300.0,CE,55055.55,3733.85,450,4101.3,30,0.0,3917.575,0,0,0,0,0,,,,,,,,,,,,,,,0.05471371340794647,55241.2,0.061527100952666225,0.0072,index_dividend_yield,0.065,13.93,30,54968.7,55340.7,54636.2,55128.4,mid_price,no_nse_iv
2026-10-07T10:42:28.333967+00:00,2026-10-07T16:12:28.333967+05:30,BANKNIFTY,27-Oct-2026,51300.0,PE,55055.55,23,900,56,450,62.25,39.5,585,254,1666,-0.47961630695443647,20.59,-0.05974635761353782,4.477254619249643e-05,-7.348148058987553,15.28855859905757,-0.8697833481140296,0.004092210431189146,174.36920940433254,-2.7084873450451698e-08,0.0002932030879302877,-1.2820828755180113e-06,-1.2030339100695446,-47.35993173029156,0.06547413746712939,5.1567879588798806e-05,0.05471371340794647,55241.2,0.061527100952666225,0.0072,index_dividend_yield,0.065,13.93,30,54968.7,55340.7,54636.2,55128.4,mid_price,wide_quote_low_liquidity
2026-10-07T10:42:28.333967+00:00,2026-10-07T16:12:28.333967+05:30,BANKNIFTY,27-Oct-2026,51400.0,CE,55055.55,3658.55,300,4028.45,30,0.0,3843.5,0,0,0,0,0,,,,,,,,,,,,,,,0.05471371340794647,55241.2,0.061527100952666225,0.0072,index_dividend_yield,0.065,13.93,30,54968.7,55340.7,54636.2,55128.4,mid_price,no_nse_iv
2026-10-07T10:42:28.333967+00:00,2026-10-07T16:12:28.333967+05:30,BANKNIFTY,27-Oct-2026,51400.0,PE,55055.55,53.95,30,58,30,56.9,55.975,445,21,1508,-14.564564564564565,19.79,-0.057529565381583325,4.522019323330473e-05,-6.840726858753058,14.841459469340805,-0.8906030274230016,0.004017275481045933,180.71650439496878,-2.876612668030102e-08,0.0003221342394399693,-1.3521155373308048e-06,-1.1866252866828688,-49.630177731341924,0.06286265234273171,5.188100579194395e-05,0.05471371340794647,55241.2,0.061527100952666225,0.0072,index_dividend_yield,0.065,13.93,30,54968.7,55340.7,54636.2,55128.4,mid_price,ok
2026-10-07T10:42:28.333967+00:00,2026-10-07T16:12:28.333967+05:30,BANKNIFTY,27-Oct-2026,51500.0,CE,55055.55,3643.8,30,3910.25,480,0.0,3777.025,52,0,0,0,0,,,,,,,,,,,,,,,0.05471371340794647,55241.2,0.061527100952666225,0.0072,index_dividend_yield,0.065,13.93,30,54968.7,55340.7,54636.2,55128.4,mid_price,no_nse_iv
2026-10-07T10:42:28.333967+00:00,2026-10-07T16:12:28.333967+05:30,BANKNIFTY,27-Oct-2026,51500.0,PE,55055.55,57,90,62,30,61.75,59.5,6903,480,22140,-12.597310686482661,19.71,-0.06179135070133837,4.801883502735556e-05,-7.194735522527465,15.69627670631315,-0.9236076721052949,0.0041378860491129085,183.13779138220454,-2.9979729546255754e-08,0.00031665073796628435,-1.3083927161072821e-06,-1.2133364788834733,-49.22666220886869,0.06739931671505442,5.487813864674387e-05,0.05471371340794647,55241.2,0.061527100952666225,0.0072,index_dividend_yield,0.065,13.93,30,54968.7,55340.7,54636.2,55128.4,mid_price,ok
2026-10-07T10:42:28.333967+00:00,2026-10-07T16:12:28.333967+05:30,BANKNIFTY,27-Oct-2026,51600.0,CE,55055.55,3494.05,30,3802.05,30,0.0,3648.05,2,0,0,0,0,,,,,,,,,,,,,,,0.05471371340794647,55241.2,0.061527100952666225,0.0072,index_dividend_yield,0.065,13.93,30,54968.7,55340.7,54636.2,55128.4,mid_price,no_nse_iv
2026-10-07T10:42:28.333967+00:00,2026-10-07T16:12:28.333967+05:30,BANKNIFTY,27-Oct-2026,51600.0,PE,55055.55,57.85,240,72.2,300,63.4,65.025,1527,-36,2924,-13.623978201634877,19.4,-0.06412564377760305,5.0215895338497996e-05,-7.275646748589627,16.156278942397915,-0.9541289705784425,0.0041952853974368265,186.87049043929704,-3.145369084206088e-08,0.0003219882783473611,-1.297177614299507e-06,-1.2260329202672864,-49.70390748854533,0.06979656334357612,5.716681786842652e-05,0.05471371340794647,55241.2,0.061527100952666225,0.0072,index_dividend_yield,0.065,13.93,30,54968.7,55340.7,54636.2,55128.4,mid_price,wide_quote_low_liquidity
2026-10-07T10:42:28.333967+00:00,2026-10-07T16:12:28.333967+05:30,BANKNIFTY,27-Oct-2026,51700.0,CE,55055.55,3366.3,300,3754.1,450,0.0,3560.2,0,0,0,0,0,,,,,,,,,,,,,,,0.05471371340794647,55241.2,0.061527100952666225,0.0072,index_dividend_yield,0.065,13.93,30,54968.7,55340.7,54636.2,55128.4,mid_price,no_nse_iv
2026-10-07T10:42:28.333967+00:00,2026-10-07T16:12:28.333967+05:30,BANKNIFTY,27-Oct-2026,51700.0,PE,55055.55,62,60,70,120,68.5,66.0,822,130,1844,-13.015873015873016,19.31,-0.06876530439477947,5.325356911624942e-05,-7.6318453373991595,17.05412320498507,-0.9873121785596295,0.004307707803572952,188.7940654631457,-3.272910048282927e-08,0.0003137652807189579,-1.2394335640935486e-06,-1.250559065807046,-49.32210319806559,0.07471316402445607,6.039066959012007e-05,0.05471371340794647,55241.2,0.061527100952666225,0.0072,index_dividend_yield,0.065,13.93,30,54968.7,55340.7,54636.2,55128.4,mid_price,ok
2026-10-07T10:42:28.333967+00:00,2026-10-07T16:12:28.333967+05:30,BANKNIFTY,27-Oct-2026,51800.0,CE,55055.55,3362.05,450,3616.15,30,0.0,3489.1000000000004,1,0,0,0,28.16,0.8425338952405989,6.627694379943008e-05,-28.504760923545916,30.95234280131326,-0.8026788946847718,0.005099058691943825,104.02192985444536,-1.9560927034754866e-08,-1.2617970606563958e-05,2.500724417394079e-07,-1.4329446925316704,12.451719486975726,-0.8235692076095149,7.486954009925361e-05,0.05471371340794647,55241.2,0.061527100952666225,0.0072,index_dividend_yield,0.065,13.93,30,54968.7,55340.7,54636.2,55128.4,mid_price,ok
2026-10-07T10:42:28.333967+00:00,2026-10-07T16:12:28.333967+05:30,BANKNIFTY,27-Oct-2026,51800.0,PE,55055.55,69,30,74,30,69.65,71.5,808,-20,2578,-15.575757575757576,18.95,-0.07094150664620903,5.558208196124346e-05,-7.6552644807672126,17.467969581164454,-1.0194633351517033,0.004350953250681605,192.81050036527424,-3.441492480598755e-08,0.000320219548611225,-1.2273663651347428e-06,-1.2600888265433206,-49.99290289273358,0.07690828627162881,6.278812322412945e-05,0.05471371340794647,55241.2,0.061527100952666225,0.0072,index_dividend_yield,0.065,13.93,30,54968.7,55340.7,54636.2,55128.4,mid_price,ok
2026-10-07T10:42:28.333967+00:00,2026-10-07T16:12:28.333967+05:30,BANKNIFTY,27-Oct-2026,51900.0,CE,55055.55,2880.3,1440,3539.4,30,0.0,3209.8500000000004,0,0,0,0,0,,,,,,,,,,,,,,,0.05471371340794647,55241.2,0.061527100952666225,0.0072,index_dividend_yield,0.065,13.93,30,54968.7,55340.7,54636.2,55128.4,mid_price,no_nse_iv
2026-10-07T10:42:28.333967+00:00,2026-10-07T16:12:28.333967+05:30,BANKNIFTY,27-Oct-2026,51900.0,PE,55055.55,66,120,82.75,240,78.45,74.375,497,-9,2607,-12.39530988274707,19.04,-0.07798118063846397,5.9463065774816315e-05,-8.255263880892683,18.776413594799504,-1.0521720680962618,0.004495973480943619,192.21692587165862,-3.542581296598913e-08,0.0002964431982488511,-1.112900343595338e-06,-1.2912940406967195,-48.88816100093045,0.08441455744767623,6.691366104354876e-05,0.05471371340794647,55241.2,0.061527100952666225,0.0072,index_dividend_yield,0.065,13.93,30,54968.7,55340.7,54636.2,55128.4,mid_price,wide_quote_low_liquidity
2026-10-07T10:42:28.333967+00:00,2026-10-07T16:12:28.333967+05:30,BANKNIFTY,27-Oct-2026,52000.0,CE,55055.55,3289.95,30,3320.8,60,3293.2,3305.375,1245,-177,841,0.28167298527687695,0,,,,,,,,,,,,,,,0.05471371340794647,55241.2,0.061527100952666225,0.0072,index_dividend_yield,0.065,13.93,30,54968.7,55340.7,54636.2,55128.4,mid_price,no_nse_iv
2026-10-07T10:42:28.333967+00:00,2026-10-07T16:12:28.333967+05:30,BANKNIFTY,27-Oct-2026,52000.0,PE,55055.55,83.85,90,85,1110,85,84.425,22727,2006,46772,-11.825726141078839,18.96,-0.08361172538761237,6.29414786822473e-05,-8.649038060566559,19.79127060531125,-1.0833929156236835,0.004592748072237904,192.67392665610927,-3.667407927557774e-08,0.00028080191425193204,-1.0222447894453783e-06,-1.3121318087396965,-48.44968196966605,0.0903519478286911,7.05557585592671e-05,0.05471371340794647,55241.2,0.061527100952666225,0.0072,index_dividend_yield,0.065,13.93,30,54968.7,55340.7,54636.2,55128.4,mid_price,ok
2026-10-07T10:42:28.333967+00:00,2026-10-07T16:12:28.333967+05:30,BANKNIFTY,27-Oct-2026,52100.0,CE,55055.55,3037.9,450,3343.25,450,0.0,3190.575,0,0,0,0,0,,,,,,,,,,,,,,,0.05471371340794647,55241.2,0.061527100952666225,0.0072,index_dividend_yield,0.065,13.93,30,54968.7,55340.7,54636.2,55128.4,mid_price,no_nse_iv
2026-10-07T10:42:28.333967+00:00,2026-10-07T16:12:28.333967+05:30,BANKNIFTY,27-Oct-2026,52100.0,PE,55055.55,87.8,30,90.75,240,88.15,89.275,1343,-85,2439,-12.33217304823471,18.68,-0.0873504203034968,6.601246377873883e-05,-8.785314450918863,20.450372191307846,-1.1164674973971958,0.004644693566383501,195.1155314934887,-3.8358115761343116e-08,0.00027645331443850607,-9.67890263275215e-07,-1.323552909996323,-48.77199803852398,0.09419826612300597,7.371446310322713e-05,0.05471371340794647,55241.2,0.061527100952666225,0.0072,index_dividend_yield,0.065,13.93,30,54968.7,55340.7,54636.2,55128.4,mid_price,ok
2026-10-07T10:42:28.333967+00:00,2026-10-07T16:12:28.333967+05:30,BANKNIFTY,27-Oct-2026,52200.0,CE,55055.55,2981.1,300,3246.85,30,0.0,3113.975,0,0,0,0,0,,,,,,,,,,,,,,,0.05471371340794647,55241.2,0.061527100952666225,0.0072,index_dividend_yield,0.065,13.93,30,54968.7,55340.7,54636.2,55128.4,mid_price,no_nse_iv
2026-10-07T10:42:28.333967+00:00,2026-10-07T16:12:28.333967+05:30,BANKNIFTY,27-Oct-2026,52200.0,PE,55055.55,93.9,30,97.8,300,96.95,95.85,916,-1344,6665,-9.729981378026071,18.68,-0.09452881953890666,6.999576856924783e-05,-9.298119996463516,21.684382571383445,-1.1442812722856286,0.004740003100314166,193.50943945159216,-3.9387277103475404e-08,0.00024994523507871627,-8.353980416987375e-07,-1.3443067196719127,-48.01069568792403,0.1017765453265919,7.786333328156322e-05,0.05471371340794647,55241.2,0.061527100952666225,0.0072,index_dividend_yield,0.065,13.93,30,54968.7,55340.7,54636.2,55128.4,mid_price,ok
2026-10-07T10:42:28.333967+00:00,2026-10-07T16:12:28.333967+05:30,BANKNIFTY,27-Oct-2026,52300.0,CE,55055.55,2883.75,450,3127.1,30,0.0,3005.425,22,0,0,0,0,,,,,,,,,,,,,,,0.05471371340794647,55241.2,0.061527100952666225,0.0072,index_dividend_yield,0.065,13.93,30,54968.7,55340.7,54636.2,55128.4,mid_price,no_nse_iv
2026-10-07T10:42:28.333967+00:00,2026-10-07T16:12:28.333967+05:30,BANKNIFTY,27-Oct-2026,52300.0,PE,55055.55,101.05,30,103,1200,102.45,102.025,778,-204,4247,-11.681034482758621,18.48,-0.09977391525429712,7.361355040371733e-05,-9.548326872649566,22.560988992865123,-1.1749230801478063,0.004792905366192549,194.07136498499077,-4.090430810638477e-08,0.00023490767162662613,-7.404749025772475e-07,-1.3563468228428093,-48.00716170017464,0.10721855551229992,8.157490895951242e-05,0.05471371340794647,55241.2,0.061527100952666225,0.0072,index_dividend_yield,0.065,13.93,30,54968.7,55340.7,54636.2,55128.4,mid_price,ok
2026-10-07T10:42:28.333967+00:00,2026-10-07T16:12:28.333967+05:30,BANKNIFTY,27-Oct-2026,52400.0,CE,55055.55,2819.1,120,3085.35,120,0.0,2952.225,0,0,0,0,0,,,,,,,,,,,,,,,0.05471371340794647,55241.2,0.061527100952666225,0.0072,index_dividend_yield,0.065,13.93,30,54968.7,55340.7,54636.2,55128.4,mid_price,no_nse_iv
2026-10-07T10:42:28.333967+00:00,2026-10-07T16:12:28.333967+05:30,BANKNIFTY,27-Oct-2026,52400.0,PE,55055.55,106.85,30,111.2,300,107.75,109.025,1039,78,3324,-14.04068607897886,18.26,-0.1050926252919089,7.736759774378591e-05,-9.77357466410089,23.42924467692704,-1.2056758500430669,0.004836018638211981,194.5261045339901,-4.2502782352035195e-08,0.00021868131859570166,-6.398136076782372e-07,-1.3666483331342896,-48.072528800397635,0.11271547096981831,8.540803880240528e-05,0.05471371340794647,55241.2,0.061527100952666225,0.0072,index_dividend_yield,0.065,13.93,30,54968.7,55340.7,54636.2,55128.4,mid_price,ok
2026-10-07T10:42:28.333967+00:00,2026-10-07T16:12:28.333967+05:30,BANKNIFTY,27-Oct-2026,52500.0,CE,55055.55,2811.15,120,2869.25,60,2955,2840.2,74,-17,34,5.49803641556587,18.01,0.8892438169201755,8.125555522470892e-05,-18.189507049915118,24.269742996015392,-1.2371018819611335,0.004888041742832194,195.0631683542703,-4.423183452677384e-08,0.000201927914738035,-5.359030247687656e-07,-1.3750570710984178,17.201226721752032,-0.8783166907547068,8.935866389606915e-05,0.05471371340794647,55241.2,0.061527100952666225,0.0072,index_dividend_yield,0.065,13.93,30,54968.7,55340.7,54636.2,55128.4,mid_price,ok
2026-10-07T10:42:28.333967+00:00,2026-10-07T16:12:28.333967+05:30,BANKNIFTY,27-Oct-2026,52500.0,PE,55055.55,116.4,240,118.15,30,118,117.275,11881,771,29236,-10.095238095238095,18.25,-0.11331958889644521,8.171778703473239e-05,-10.289687039279697,24.73306098406808,-1.2271924253624764,0.004893323587461043,191.04413152541255,-4.3378758190408596e-08,0.00018345980063260814,-4.711590616893733e-07,-1.380800348683465,-47.32980053925704,0.1213464627035223,8.986699119553477e-05,0.05471371340794647,55241.2,0.061527100952666225,0.0072,index_dividend_yield,0.065,13.93,30,54968.7,55340.7,54636.2,55128.4,mid_price,ok
2026-10-07T10:42:28.333967+00:00,2026-10-07T16:12:28.333967+05:30,BANKNIFTY,27-Oct-2026,52600.0,CE,55055.55,2631.35,120,2864.9,120,0.0,2748.125,0,0,0,0,0,,,,,,,,,,,,,,,0.05471371340794647,55241.2,0.061527100952666225,0.0072,index_dividend_yield,0.065,13.93,30,54968.7,55340.7,54636.2,55128.4,mid_price,no_nse_iv
2026-10-07T10:42:28.333967+00:00,2026-10-07T16:12:28.333967+05:30,BANKNIFTY,27-Oct-2026,52600.0,PE,55055.55,125.65,240,127.9,240,126.1,126.775,2150,770,4840,-10.057061340941512,18.11,-0.12036588505901322,8.594711189542937e-05,-10.62989049923362,25.813574094605546,-1.2513292064155122,0.004922817557347178,189.0156237524909,-4.463316577685321e-08,0.0001547705720093167,-3.241410301033998e-07,-1.3896729233480798,-47.073382484710976,0.1286613338918131,9.415903747586484e-05,0.05471371340794647,55241.2,0.061527100952666225,0.0072,index_dividend_yield,0.065,13.93,30,54968.7,55340.7,54636.2,55128.4,mid_price,ok
2026-10-07T10:42:28.333967+00:00,2026-10-07T16:12:28.333967+05:30,BANKNIFTY,27-Oct-2026,52700.0,CE,55055.55,2628.3,120,2690.5,120,2430.9,2659.4,35,2,3,-8.538856594615948,0,,,,,,,,,,,,,,,0.05471371340794647,55241.2,0.061527100952666225,0.0072,index_dividend_yield,0.065,13.93,30,54968.7,55340.7,54636.2,55128.4,mid_price,no_nse_iv
2026-10-07T10:42:28.333967+00:00,2026-10-07T16:12:28.333967+05:30,BANKNIFTY,27-Oct-2026,52700.0,PE,55055.55,134.1,240,136.45,240,135.65,135.27499999999998,974,-73,2739,-9.476142809476142,18,-0.1281953827448873,9.03690572987796e-05,-11.012922863263531,26.976814110741156,-1.2715543493273112,0.004940878621259276,185.81529176267608,-4.570941743201854e-08,0.00012042902395824464,-1.5617360753489957e-07,-1.3972088287479814,-46.69689516177893,0.13679334753930658,9.862811493020006e-05,0.05471371340794647,55241.2,0.061527100952666225,0.0072,index_dividend_yield,0.065,13.93,30,54968.7,55340.7,54636.2,55128.4,mid_price,ok
2026-10-07T10:42:28.333967+00:00,2026-10-07T16:12:28.333967+05:30,BANKNIFTY,27-Oct-2026,52800.0,CE,55055.55,2532.5,150,2597.25,30,2580,2564.875,7,1,2,1.3254786450662739,12.56,0.9386004614430831,7.460493036604318e-05,-12.631031246806884,15.540163047788129,-1.4572182201197381,0.003950664672258353,290.16294185174286,-7.251741823689515e-08,0.0007991002146854714,-1.8906894642143149e-06,-1.1716750282799069,20.968573527377167,-0.932021865966034,8.111513501505214e-05,0.05471371340794647,55241.2,0.061527100952666225,0.0072,index_dividend_yield,0.065,13.93,30,54968.7,55340.7,54636.2,55128.4,mid_price,ok
2026-10-07T10:42:28.333967+00:00,2026-10-07T16:12:28.333967+05:30,BANKNIFTY,27-Oct-2026,52800.0,PE,55055.55,143.55,240,144.8,30,144.65,144.175,2143,309,4233,-9.987554449284382,17.85,-0.13593921950159743,9.48896357440137e-05,-11.33992414751912,28.09023692964458,-1.2913321472684813,0.004942024219693503,182.68215043306668,-4.688186879892366e-08,8.553151793659413e-05,1.4093323439081577e-08,-1.4021918490833833,-46.46025986401995,0.14479728952652934,0.00010316993229723744,0.05471371340794647,55241.2,0.061527100952666225,0.0072,index_dividend_yield,0.065,13.93,30,54968.7,55340.7,54636.2,55128.4,mid_price,ok
2026-10-07T10:42:28.333967+00:00,2026-10-07T16:12:28.333967+05:30,BANKNIFTY,27-Oct-2026,52900.0,CE,55055.55,2371.25,150,2506.9,150,2532.55,2439.075,7,7,8,-52.322637122659714,15.03,0.8928196448048422,9.508649455144913e-05,-16.27156899983809,23.701521167384772,-1.4797114052635951,0.004757491081934906,236.97729639005516,-6.254132518024422e-08,0.0003181137655696028,-6.636572978163853e-07,-1.351964290334088,20.292175327347515,-0.8834088895552382,0.00010299347324417541,0.05471371340794647,55241.2,0.061527100952666225,0.0072,index_dividend_yield,0.065,13.93,30,54968.7,55340.7,54636.2,55128.4,mid_price,ok
2026-10-07T10:42:28.333967+00:00,2026-10-07T16:12:28.333967+05:30,BANKNIFTY,27-Oct-2026,52900.0,PE,55055.55,154.45,240,157.25,240,155,155.85,882,59,3310,-9.14419695193435,17.73,-0.14450849060700877,9.958192082391749e-05,-11.70741202281489,29.28111680534528,-1.3062149423129221,0.0049282895844248165,178.31622282820624,-4.783608914902177e-08,4.479644859597303e-05,2.0535859428363673e-07,-1.4056385410844392,-46.10423630932284,0.15365897535748801,0.00010786271958350821,0.05471371340794647,55241.2,0.061527100952666225,0.0072,index_dividend_yield,0.065,13.93,30,54968.7,55340.7,54636.2,55128.4,mid_price,ok
2026-10-07T10:42:28.333967+00:00,2026-10-07T16:12:28.333967+05:30,BANKNIFTY,27-Oct-2026,53000.0,CE,55055.55,2385.75,150,2400,30,2384.05,2392.875,2131,5,1189,-0.46759210938315415,11.96,0.9311484900696858,8.568364130195493e-05,-12.803129040513001,16.995247614248694,-1.6100457585296324,0.004092791724960243,308.35948075591267,-8.400353689881365e-08,0.0008383177453956833,-1.7884419597232846e-06,-1.205438813956981,22.5937048449507,-0.924450984311795,9.245882849105866e-05,0.05471371340794647,55241.2,0.061527100952666225,0.0072,index_dividend_yield,0.065,13.93,30,54968.7,55340.7,54636.2,55128.4,mid_price,ok
2026-10-07T10:42:28.333967+00:00,2026-10-07T16:12:28.333967+05:30,BANKNIFTY,27-Oct-2026,53000.0,PE,55055.55,165.5,240,168,30,167.9,166.75,19405,-135,57781,-8.799565453557848,17.67,-0.15432663535028796,0.00010440192054852492,-12.156367093422505,30.594505619747792,-1.3128472344881292,0.004895868509854767,172.08117629768793,-4.837254119248615e-08,-3.607300222256433e-06,4.243854450244845e-07,-1.4074564515076418,-45.52371558671821,0.1638335396679602,0.00011265720176522148,0.05471371340794647,55241.2,0.061527100952666225,0.0072,index_dividend_yield,0.065,13.93,30,54968.7,55340.7,54636.2,55128.4,mid_price,ok
2026-10-07T10:42:28.333967+00:00,2026-10-07T16:12:28.333967+05:30,BANKNIFTY,27-Oct-2026,53100.0,CE,55055.55,2285.7,150,2332.75,150,2260.85,2309.225,24,6,9,-2.1806381828015144,9.6,0.9606396321019048,6.822996466463993e-05,-10.604732240498468,10.862874991705294,-1.528861207927723,0.003098863218834458,347.03757069980855,-9.872220482545245e-08,0.0014691735163568772,-2.682827165449212e-06,-0.9708262073182556,24.692297647872035,-0.9556805800988477,7.334800658737012e-05,0.05471371340794647,55241.2,0.061527100952666225,0.0072,index_dividend_yield,0.065,13.93,30,54968.7,55340.7,54636.2,55128.4,mid_price,ok
2026-10-07T10:42:28.333967+00:00,2026-10-07T16:12:28.333967+05:30,BANKNIFTY,27-Oct-2026,53100.0,PE,55055.55,178,240,179.95,30,179.25,178.975,741,0,4312,-9.01015228426396,17.53,-0.163571271504932,0.00010932497407667407,-12.488087386732525,31.783352275847463,-1.3214769512431002,0.004844685429429257,166.7163433004841,-4.9187667819697937e-08,-5.017419806906343e-05,6.35295612971503e-07,-1.406687155770964,-45.22459003427603,0.1733452890953191,0.00011752562027773802,0.05471371340794647,55241.2,0.061527100952666225,0.0072,index_dividend_yield,0.065,13.93,30,54968.7,55340.7,54636.2,55128.4,mid_price,ok
2026-10-07T10:42:28.333967+00:00,2026-10-07T16:12:28.333967+05:30,BANKNIFTY,27-Oct-2026,53200.0,CE,55055.55,2206.8,150,2243.75,150,2323.1,2225.275,62,4,12,4.899304614828863,16.92,0.8326374959293283,0.0001147830767624022,-20.50845188672585,32.20895413086122,-1.3693501515032458,0.00481775195252232,170.34491975022092,-5.2690042305543304e-08,-7.130879864102225e-05,7.473201154732033e-07,-1.4030046246586778,20.65080420301708,-0.8199526940456305,0.0001229296962076462,0.05471371340794647,55241.2,0.061527100952666225,0.0072,index_dividend_yield,0.065,13.93,30,54968.7,55340.7,54636.2,55128.4,mid_price,ok
2026-10-07T10:42:28.333967+00:00,2026-10-07T16:12:28.333967+05:30,BANKNIFTY,27-Oct-2026,53200.0,PE,55055.55,190.9,240,193.6,240,195,192.25,2379,369,9145,-7.6923076923076925,17.51,-0.17488715393086518,0.00011425247831811063,-12.98184905396259,33.17799809178639,-1.3150988099253218,0.004766987231291542,158.313399290833,-4.918594570889298e-08,-0.00010731121025437545,8.850463708122354e-07,-1.4042474422348261,-44.49508765706262,0.18505457352855947,0.00012236143904461488,0.05471371340794647,55241.2,0.061527100952666225,0.0072,index_dividend_yield,0.065,13.93,30,54968.7,55340.7,54636.2,55128.4,mid_price,ok
2026-10-07T10:42:28.333967+00:00,2026-10-07T16:12:28.333967+05:30,BANKNIFTY,27-Oct-2026,53300.0,CE,55055.55,2120.85,150,2156.15,150,2134.8,2138.5,79,0,9,0.1266357112705783,13.17,0.8786559117343621,0.00011858904668687622,-15.840485905560241,25.90172899976581,-1.7397625736998434,0.00472090001423664,262.1462937091419,-8.340253880382154e-08,0.0002998430127912387,-2.7418401215390745e-07,-1.3566393926248992,23.88231677947263,-0.8695934721214751,0.0001265296687094388,0.05471371340794647,55241.2,0.061527100952666225,0.0072,index_dividend_yield,0.065,13.93,30,54968.7,55340.7,54636.2,55128.4,mid_price,ok
2026-10-07T10:42:28.333967+00:00,2026-10-07T16:12:28.333967+05:30,BANKNIFTY,27-Oct-2026,53300.0,PE,55055.55,205,240,208,240,206.7,206.5,941,53,6245,-8.640883977900552,17.33,-0.1845950746499224,0.00011942426010924563,-13.242340527476141,34.3233385778577,-1.3183110066878194,0.004676420494584416,152.41154726067307,-4.993635606727016e-08,-0.0001588050951948646,1.109725751859738e-06,-1.3997023697928554,-44.318418431374226,0.19497749975170536,0.0001274208073144493,0.05471371340794647,55241.2,0.061527100952666225,0.0072,index_dividend_yield,0.065,13.93,30,54968.7,55340.7,54636.2,55128.4,mid_price,ok
2026-10-07T10:42:28.333967+00:00,2026-10-07T16:12:28.333967+05:30,BANKNIFTY,27-Oct-2026,53400.0,CE,55055.55,2037.95,150,2067.75,60,2004.15,2052.85,84,2,36,-2.229431421811352,11.29,0.9009634724746721,0.00011949362587647695,-13.842325402403224,22.373662557800266,-1.94301371067912,0.004468940668863608,322.5726466747396,-1.0732646594531324e-07,0.0006645438485920074,-9.536274362908462e-07,-1.2986048686357208,26.21857013397892,-0.8934669414920283,0.0001270177561794213,0.05471371340794647,55241.2,0.061527100952666225,0.0072,index_dividend_yield,0.065,13.93,30,54968.7,55340.7,54636.2,55128.4,mid_price,ok
2026-10-07T10:42:28.333967+00:00,2026-10-07T16:12:28.333967+05:30,BANKNIFTY,27-Oct-2026,53400.0,PE,55055.55,219.95,240,222.6,240,221.35,221.27499999999998,1393,-35,5640,-7.847626977518734,17.21,-0.19560838560848484,0.000124616489925727,-13.576517079084947,35.56761849107526,-1.3109495762389927,0.004559646389273142,144.70878302959278,-5.017057851716433e-08,-0.00021707217543377613,1.3575960017087139e-06,-1.3935112638411482,-43.92385621380036,0.20626421327396147,0.00013246319054443587,0.05471371340794647,55241.2,0.061527100952666225,0.0072,index_dividend_yield,0.065,13.93,30,54968.7,55340.7,54636.2,55128.4,mid_price,ok
2026-10-07T10:42:28.333967+00:00,2026-10-07T16:12:28.333967+05:30,BANKNIFTY,27-Oct-2026,53500.0,CE,55055.55,1957.2,150,1983.2,60,1957.75,1970.2,1500,-17,952,-0.03574255150756976,13.06,0.8544091639683702,0.0001356237748268642,-16.72452477973522,29.374968344337802,-1.7927706439568314,0.004697509006318268,244.0439069305036,-8.699623543028931e-08,8.834852346231779e-05,4.5603620750855954e-07,-1.3719706282040143,25.412822722472132,-0.8446529668065896,0.00014362514330877013,0.05471371340794647,55241.2,0.061527100952666225,0.0072,index_dividend_yield,0.065,13.93,30,54968.7,55340.7,54636.2,55128.4,mid_price,ok
2026-10-07T10:42:28.333967+00:00,2026-10-07T16:12:28.333967+05:30,BANKNIFTY,27-Oct-2026,53500.0,PE,55055.55,236.2,240,238.85,240,239,237.52499999999998,12299,589,31028,-7.040062232594321,17.16,-0.2080547607753086,0.0001296817986459394,-13.994946873084256,36.90580742767434,-1.2905668105309132,0.0044112866173802445,135.10768532407624,-4.976114237986045e-08,-0.000280962500700754,1.6253310090340375e-06,-1.3854974304158105,-43.284993563414304,0.21905048044830816,0.00013733260955786923,0.05471371340794647,55241.2,0.061527100952666225,0.0072,index_dividend_yield,0.065,13.93,30,54968.7,55340.7,54636.2,55128.4,mid_price,ok
2026-10-07T10:42:28.333967+00:00,2026-10-07T16:12:28.333967+05:30,BANKNIFTY,27-Oct-2026,53600.0,CE,55055.55,1878.25,150,1905.8,150,1870.45,1892.025,234,-4,6,-0.6163491936983608,12.99,0.8412744877871814,0.00014443220491746717,-17.139781199258177,31.115128201978365,-1.8054975356604497,0.004630502509338941,232.7727854575805,-8.828284863232423e-08,-3.1309437724033867e-05,8.574937992779113e-07,-1.373194803198114,26.24009955027324,-0.8311886798953753,0.00015238305390703156,0.05471371340794647,55241.2,0.061527100952666225,0.0072,index_dividend_yield,0.065,13.93,30,54968.7,55340.7,54636.2,55128.4,mid_price,ok
2026-10-07T10:42:28.333967+00:00,2026-10-07T16:12:28.333967+05:30,BANKNIFTY,27-Oct-2026,53600.0,PE,55055.55,253.1,240,256.15,240,257.2,254.625,1453,191,6379,-6.862212565634619,17.08,-0.2206278057975338,0.00013481193662834992,-14.355772195325722,38.18691867223502,-1.267083711830666,0.00424005666014049,125.61279420901528,-4.931969943318269e-08,-0.0003458373442769892,1.892805911481621e-06,-1.3760855494441984,-42.74449515866362,0.23192084164088178,0.00014223319943282783,0.05471371340794647,55241.2,0.061527100952666225,0.0072,index_dividend_yield,0.065,13.93,30,54968.7,55340.7,54636.2,55128.4,mid_price,ok
2026-10-07T10:42:28.333967+00:00,2026-10-07T16:12:28.333967+05:30,BANKNIFTY,27-Oct-2026,53700.0,CE,55055.55,1793.95,150,1821.55,60,1794.25,1807.75,669,-566,1288,-0.08909430074894896,13.25,0.82138548812677,0.0001527992834547588,-17.998588094374877,33.57651351348367,-1.753096983409308,0.00450094263662959,208.14013256753938,-8.455558217805007e-08,-0.00020595538058363423,1.4054891773766429e-06,-1.3723994744593213,26.735815676262785,-0.8106219222762064,0.00016061087841640631,0.05471371340794647,55241.2,0.061527100952666225,0.0072,index_dividend_yield,0.065,13.93,30,54968.7,55340.7,54636.2,55128.4,mid_price,ok
2026-10-07T10:42:28.333967+00:00,2026-10-07T16:12:28.333967+05:30,BANKNIFTY,27-Oct-2026,53700.0,PE,55055.55,271.7,240,274.85,240,270.45,273.275,1662,-95,8808,-7.80637463780467,16.85,-0.23185382511264743,0.00014053749161727978,-14.493407523647083,39.272676965870616,-1.2543195843559978,0.00406310393141554,118.31813452651474,-4.966118223789044e-08,-0.0004106441536892014,2.148785453457504e-06,-1.366182887280921,-42.68904879565691,0.24327484051503925,0.00014772222401011957,0.05471371340794647,55241.2,0.061527100952666225,0.0072,index_dividend_yield,0.065,13.93,30,54968.7,55340.7,54636.2,55128.4,mid_price,ok
2026-10-07T10:42:28.333967+00:00,2026-10-07T16:12:28.333967+05:30,BANKNIFTY,27-Oct-2026,53800.0,CE,55055.55,1714,150,1744.85,30,1708.25,1729.425,482,-8,80,0.014637002341920375,13.13,0.8073853239509978,0.00016161012560871857,-18.321435977149893,35.19100714628797,-1.7456519495473444,0.004346740484669653,195.46885223655863,-8.52011437593741e-08,-0.0003331412290479317,1.8225339792862273e-06,-1.365280184012235,27.661740953265753,-0.796358601611069,0.00016924125127341916,0.05471371340794647,55241.2,0.061527100952666225,0.0072,index_dividend_yield,0.065,13.93,30,54968.7,55340.7,54636.2,55128.4,mid_price,ok
2026-10-07T10:42:28.333967+00:00,2026-10-07T16:12:28.333967+05:30,BANKNIFTY,27-Oct-2026,53800.0,PE,55055.55,291.4,240,292.75,30,290.45,292.075,2536,-27,10089,-6.577677709874558,16.77,-0.24552455506076912,0.00014570404423030635,-14.816702410549487,40.523138264650804,-1.2179948306711152,0.003840137939934707,107.97086625646202,-4.874905198587073e-08,-0.0004806194059756567,2.4259230084310707e-06,-1.3546211297566515,-42.130587803993926,0.25721815639503254,0.0001525840950141823,0.05471371340794647,55241.2,0.061527100952666225,0.0072,index_dividend_yield,0.065,13.93,30,54968.7,55340.7,54636.2,55128.4,mid_price,ok
2026-10-07T10:42:28.333967+00:00,2026-10-07T16:12:28.333967+05:30,BANKNIFTY,27-Oct-2026,53900.0,CE,55055.55,1638.85,150,1667.6,150,1655,1653.225,543,2,140,-0.04227819049344688,13.9,0.7778363218354268,0.00016614368129623882,-19.833023271272868,38.29984634714925,-1.56926583639444,0.004029357085412633,154.79472713474607,-7.340899364019329e-08,-0.0005237677155604434,2.4458912653556612e-06,-1.3540843520422996,27.501043115605082,-0.7656219239685428,0.00017334387860852408,0.05471371340794647,55241.2,0.061527100952666225,0.0072,index_dividend_yield,0.065,13.93,30,54968.7,55340.7,54636.2,55128.4,mid_price,ok
2026-10-07T10:42:28.333967+00:00,2026-10-07T16:12:28.333967+05:30,BANKNIFTY,27-Oct-2026,53900.0,PE,55055.55,312,240,315.25,240,311.05,313.625,2220,192,7260,-7.342865653857611,16.67,-0.2594897265821154,0.00015091292406890826,-15.08969307218604,41.72155015930382,-1.1770061932968867,0.0035928541899884476,97.70889216280665,-4.77113324542148e-08,-0.0005518724298862027,2.70172913974473e-06,-1.3424527865876499,-41.63145723322011,0.27141951740973397,0.00015745306343377893,0.05471371340794647,55241.2,0.061527100952666225,0.0072,index_dividend_yield,0.065,13.93,30,54968.7,55340.7,54636.2,55128.4,mid_price,ok
2026-10-07T10:42:28.333967+00:00,2026-10-07T16:12:28.333967+05:30,BANKNIFTY,27-Oct-2026,54000.0,CE,55055.55,1561.45,180,1577,60,1563.65,1569.225,6718,-1466,10401,-0.26788276939758265,13.54,0.7660613706413677,0.00017560102357518337,-19.784835030868972,39.43157368471699,-1.5722763716982668,0.003815418035177487,147.19240999291827,-7.561368913291509e-08,-0.0006414025546337069,2.816275800740151e-06,-1.3422316107589936,28.745626135512605,-0.7538651482983306,0.00018253314411507664,0.05471371340794647,55241.2,0.061527100952666225,0.0072,index_dividend_yield,0.065,13.93,30,54968.7,55340.7,54636.2,55128.4,mid_price,ok
2026-10-07T10:42:28.333967+00:00,2026-10-07T16:12:28.333967+05:30,BANKNIFTY,27-Oct-2026,54000.0,PE,55055.55,335.55,210,339.45,210,338.75,337.5,23628,1644,87801,-5.09875332679647,16.71,-0.2755686273237645,0.0001551845783316133,-15.523150858919637,43.00544171747814,-1.1124658980452007,0.0032970209378452853,85.34933217704221,-4.5443149162888846e-08,-0.0006207183998416265,2.975028250004825e-06,-1.329265593495066,-40.69432973944306,0.28785926724725025,0.00016131072828806087,0.05471371340794647,55241.2,0.061527100952666225,0.0072,index_dividend_yield,0.065,13.93,30,54968.7,55340.7,54636.2,55128.4,mid_price,ok
2026-10-07T10:42:28.333967+00:00,2026-10-07T16:12:28.333967+05:30,BANKNIFTY,27-Oct-2026,54100.0,CE,55055.55,1485.75,180,1508,60,1500.7,1496.875,646,-10,356,0.05000166672222407,13.88,0.7428019573566171,0.00018027301716065742,-20.646298805481454,41.49718107838176,-1.4404522438319356,0.0034499255518731786,121.12231352983471,-6.84154261531432e-08,-0.0007726192208073053,3.2630984439612745e-06,-1.327009667315103,29.070042901604715,-0.7299183529642799,0.00018669745951027772,0.05471371340794647,55241.2,0.061527100952666225,0.0072,index_dividend_yield,0.065,13.93,30,54968.7,55340.7,54636.2,55128.4,mid_price,ok
2026-10-07T10:42:28.333967+00:00,2026-10-07T16:12:28.333967+05:30,BANKNIFTY,27-Oct-2026,54100.0,PE,55055.55,358.4,210,361.8,60,358.65,360.1,1575,-116,9379,-6.149417767892189,16.53,-0.28969396331272174,0.00016068824211945565,-15.635031227139857,44.05095779505587,-1.0663210873604612,0.0030075901715865823,76.07081869139876,-4.438891976455099e-08,-0.0006946226107563171,3.243190917543083e-06,-1.3170311022089933,-40.43154375814195,0.3021023319045297,0.00016641473610073888,0.05471371340794647,55241.2,0.061527100952666225,0.0072,index_dividend_yield,0.065,13.93,30,54968.7,55340.7,54636.2,55128.4,mid_price,ok
2026-10-07T10:42:28.333967+00:00,2026-10-07T16:12:28.333967+05:30,BANKNIFTY,27-Oct-2026,54200.0,CE,55055.55,1413.45,60,1435.9,180,1430.85,1424.6750000000002,3727,1296,2819,0.7179812057860838,13.99,0.7226576162473264,0.0001858109735572603,-21.1621907326485,43.11093833975273,-1.3373783384558746,0.003079819290436991,101.89535975001007,-6.371581342384804e-08,-0.0008890096825708778,3.6502588517946613e-06,-1.3121030116846626,29.702908734207984,-0.7093512403380318,0.0001917233447054782,0.05471371340794647,55241.2,0.061527100952666225,0.0072,index_dividend_yield,0.065,13.93,30,54968.7,55340.7,54636.2,55128.4,mid_price,ok
2026-10-07T10:42:28.333967+00:00,2026-10-07T16:12:28.333967+05:30,BANKNIFTY,27-Oct-2026,54200.0,PE,55055.55,383.45,60,388,120,386.05,385.725,5610,1549,19389,-4.984001968988432,16.5,-0.30594504215832913,0.00016503685355509767,-15.913530332584084,45.16097211205284,-0.9956232837781132,0.0026692097230235357,65.01225683987855,-4.204208225241951e-08,-0.0007626576363390524,3.498065554975781e-06,-1.3045314816414972,-39.71051748862004,0.3186003988562189,0.0001702882071897694,0.05471371340794647,55241.2,0.061527100952666225,0.0072,index_dividend_yield,0.065,13.93,30,54968.7,55340.7,54636.2,55128.4,mid_price,ok
2026-10-07T10:42:28.333967+00:00,2026-10-07T16:12:28.333967+05:30,BANKNIFTY,27-Oct-2026,54300.0,CE,55055.55,1309.85,90,1361.2,60,1352.15,1335.525,1268,-57,706,-0.5369818676670712,13.84,0.7053731738384934,0.00019331414588475736,-21.299827105559633,44.37088872131401,-1.2655892009660885,0.002714996952186355,88.13282561738944,-6.147516934749945e-08,-0.001012828812169608,4.0256486216738165e-06,-1.2981662261943683,30.751819110562153,-0.6919312230863445,0.0001987312603804302,0.05471371340794647,55241.2,0.061527100952666225,0.0072,index_dividend_yield,0.065,13.93,30,54968.7,55340.7,54636.2,55128.4,mid_price,ok
2026-10-07T10:42:28.333967+00:00,2026-10-07T16:12:28.333967+05:30,BANKNIFTY,27-Oct-2026,54300.0,PE,55055.55,404.75,30,415,60,415,409.875,2412,-93,12568,-4.805596972129831,16.46,-0.32252492536158783,0.000169220317734298,-16.143762677474104,46.193486192377115,-0.9192113627821685,0.0023074445414529854,54.48988369796837,-3.949386868804997e-08,-0.0008284777283211622,3.7389481812381523e-06,-1.2928438195638492,-39.02264215752034,0.3353927294405946,0.00017396226681394423,0.05471371340794647,55241.2,0.061527100952666225,0.0072,index_dividend_yield,0.065,13.93,30,54968.7,55340.7,54636.2,55128.4,mid_price,ok
2026-10-07T10:42:28.333967+00:00,2026-10-07T16:12:28.333967+05:30,BANKNIFTY,27-Oct-2026,54400.0,CE,55055.55,1268.4,180,1289.95,60,1271.9,1279.1750000000002,1429,-8,1321,-0.035367626832239554,13.62,0.6880815589645899,0.00020152218009487444,-21.31031315335841,45.519592206417066,-1.1921007903996084,0.0023226851183160147,75.41009259198006,-5.93937102931696e-08,-0.001145789621391117,4.404333810844913e-06,-1.2848876419134925,31.978795426113702,-0.6745972251429553,0.00020640835110500647,0.05471371340794647,55241.2,0.061527100952666225,0.0072,index_dividend_yield,0.065,13.93,30,54968.7,55340.7,54636.2,55128.4,mid_price,ok
2026-10-07T10:42:28.333967+00:00,2026-10-07T16:12:28.333967+05:30,BANKNIFTY,27-Oct-2026,54400.0,PE,55055.55,436.65,120,446,30,443.1,441.325,2656,163,14160,-3.705313484733239,16.37,-0.33909692153726856,0.00017358869784304983,-16.272368255267676,47.1268624821948,-0.8411778399943781,0.0019283871275462827,44.910032233769215,-3.6973240339475665e-08,-0.0008950088817729864,3.970443113323057e-06,-1.2823562109871958,-38.47654181012911,0.35210251103377643,0.00017779758473921166,0.05471371340794647,55241.2,0.061527100952666225,0.0072,index_dividend_yield,0.065,13.93,30,54968.7,55340.7,54636.2,55128.4,mid_price,ok
2026-10-07T10:42:28.333967+00:00,2026-10-07T16:12:28.333967+05:30,BANKNIFTY,27-Oct-2026,54500.0,CE,55055.55,1201.9,180,1220.75,180,1220.7,1211.325,9503,675,19983,0.896805389097822,14,0.6634627560664748,0.00020228902973292448,-22.044975201569432,46.967643330902895,-1.0157690889457394,0.0018107198901312627,55.289646384530045,-5.05110218934786e-08,-0.001206834162810049,4.648951230292614e-06,-1.272906155844808,32.154123485231395,-0.6493816516507565,0.00020643414738903234,0.05471371340794647,55241.2,0.061527100952666225,0.0072,index_dividend_yield,0.065,13.93,30,54968.7,55340.7,54636.2,55128.4,mid_price,ok
2026-10-07T10:42:28.333967+00:00,2026-10-07T16:12:28.333967+05:30,BANKNIFTY,27-Oct-2026,54500.0,PE,55055.55,470,1740,475,120,470,472.5,16803,2415,70141,-5.098435133770823,16.22,-0.3556856205795228,0.00017830743890639162,-16.285716854971177,47.96436667263827,-0.7616888748096518,0.0015324040823112561,36.25931412351591,-3.448490814500994e-08,-0.0009645413672247166,4.196917207021825e-06,-1.2732864222767333,-38.08971736171811,0.3687446191594921,0.00018196114822618059,0.05471371340794647,55241.2,0.061527100952666225,0.0072,index_dividend_yield,0.065,13.93,30,54968.7,55340.7,54636.2,55128.4,mid_price,ok
2026-10-07T10:42:28.333967+00:00,2026-10-07T16:12:28.333967+05:30,BANKNIFTY,27-Oct-2026,54600.0,CE,55055.55,1140,120,1154.9,210,1140,1147.45,1582,-102,6993,-0.42363628422937505,13.7,0.6455393656570516,0.00021076443319174016,-21.865169954829977,47.886852684924804,-0.9281568175460442,0.0013595244174070542,44.7044275035644,-4.791251246096273e-08,-0.0013417252863587217,4.9974143436001676e-06,-1.2629323406092325,33.60101326942826,-0.6315531685983148,0.00021429609173994254,0.05471371340794647,55241.2,0.061527100952666225,0.0072,index_dividend_yield,0.065,13.93,30,54968.7,55340.7,54636.2,55128.4,mid_price,ok
2026-10-07T10:42:28.333967+00:00,2026-10-07T16:12:28.333967+05:30,BANKNIFTY,27-Oct-2026,54600.0,PE,55055.55,502.7,30,509.05,30,508.25,505.875,3072,-24,27168,-3.273384717860881,16.28,-0.37423169559919267,0.0001807011755420712,-16.524576083565464,48.78808600927989,-0.6567160904475955,0.0010946005111301393,27.087423199844807,-3.060884389361452e-08,-0.0010096643167354816,4.361066984448703e-06,-1.2660730636537352,-37.134890027142376,0.3875157749354297,0.0001837290813495601,0.05471371340794647,55241.2,0.061527100952666225,0.0072,index_dividend_yield,0.065,13.93,30,54968.7,55340.7,54636.2,55128.4,mid_price,ok
2026-10-07T10:42:28.333967+00:00,2026-10-07T16:12:28.333967+05:30,BANKNIFTY,27-Oct-2026,54700.0,CE,55055.55,1072.1,60,1088,30,1085.6,1080.05,2084,-6,27947,0.7377163271934302,13.91,0.6224592826864062,0.00021200417937623366,-22.28019161698619,48.906879649230156,-0.7646419063200849,0.0008274306375896101,30.782605231806315,-4.034609050518721e-08,-0.00139073713467784,5.171833521309586e-06,-1.2564097631744033,34.06857484620571,-0.608115732481155,0.00021476919088470335,0.05471371340794647,55241.2,0.061527100952666225,0.0072,index_dividend_yield,0.065,13.93,30,54968.7,55340.7,54636.2,55128.4,mid_price,ok
2026-10-07T10:42:28.333967+00:00,2026-10-07T16:12:28.333967+05:30,BANKNIFTY,27-Oct-2026,54700.0,PE,55055.55,535,120,542,450,542,538.5,4895,420,48779,-3.6101725057798326,16.21,-0.3921809985659287,0.0001840326532528074,-16.554477421644847,49.47391797924799,-0.5577247765179427,0.0006517889728210324,19.625634475609388,-2.7175089689430594e-08,-0.001062336282333764,4.526650518282095e-06,-1.2609925485788693,-36.531807689339296,0.405535284357886,0.00018643285312469387,0.05471371340794647,55241.2,0.061527100952666225,0.0072,index_dividend_yield,0.065,13.93,30,54968.7,55340.7,54636.2,55128.4,mid_price,ok
2026-10-07T10:42:28.333967+00:00,2026-10-07T16:12:28.333967+05:30,BANKNIFTY,27-Oct-2026,54800.0,CE,55055.55,1004.8,30,1017.6,30,1017.85,1011.2,3477,-121,38260,0.6974673525920063,13.8,0.6016527250888849,0.00021703482052350278,-22.239879100241637,49.67145769731387,-0.631592636958278,0.0003022305280655502,21.005523670559967,-3.5025806385854527e-08,-0.0014810050423083624,5.398054023621369e-06,-1.2523866630943843,35.212064183869714,-0.5872921940567303,0.00021906374643061583,0.05471371340794647,55241.2,0.061527100952666225,0.0072,index_dividend_yield,0.065,13.93,30,54968.7,55340.7,54636.2,55128.4,mid_price,ok
2026-10-07T10:42:28.333967+00:00,2026-10-07T16:12:28.333967+05:30,BANKNIFTY,27-Oct-2026,54800.0,PE,55055.55,571.4,300,578,30,576.4,574.7,5149,1105,63987,-3.9973351099267154,16.12,-0.41039563185810357,0.00018725041064566227,-16.513933212949986,50.05946670167814,-0.4543417271745953,0.0001934022158320836,13.230299541913126,-2.356557828882542e-08,-0.001112154273123287,4.6717295160312255e-06,-1.2583072857510516,-35.977330046107426,0.4237696952172108,0.00018900090030607786,0.05471371340794647,55241.2,0.061527100952666225,0.0072,index_dividend_yield,0.065,13.93,30,54968.7,55340.7,54636.2,55128.4,mid_price,ok
2026-10-07T10:42:28.333967+00:00,2026-10-07T16:12:28.333967+05:30,BANKNIFTY,27-Oct-2026,54900.0,CE,55055.55,950,30,960,90,957,955.0,3702,240,37980,0.3933910306845004,13.79,0.5797679872860875,0.0002200265966442169,-22.270799685908745,50.31967757826363,-0.4806694009466539,-0.00024712743955557226,12.497383370590143,-2.8624581808447852e-08,-0.0015409828002626018,5.544678689288647e-06,-1.2522308645493538,36.166226009473675,-0.5653345965048708,0.00022127518034982389,0.05471371340794647,55241.2,0.061527100952666225,0.0072,index_dividend_yield,0.065,13.93,30,54968.7,55340.7,54636.2,55128.4,mid_price,ok
2026-10-07T10:42:28.333967+00:00,2026-10-07T16:12:28.333967+05:30,BANKNIFTY,27-Oct-2026,54900.0,PE,55055.55,606.3,30,615,210,614.6,610.65,4036,-183,55049,-3.938730853391685,16.06,-0.42908110423900314,0.0001897764035394151,-16.464252594613615,50.5459257832397,-0.34392078300624074,-0.00027997435782217694,7.896483282774369,-1.9605398524901474e-08,-0.001152066563789872,4.780426995166918e-06,-1.2583808253607813,-35.34763946218821,0.4424701174722591,0.0001908533266422669,0.05471371340794647,55241.2,0.061527100952666225,0.0072,index_dividend_yield,0.065,13.93,30,54968.7,55340.7,54636.2,55128.4,mid_price,ok
2026-10-07T10:42:28.333967+00:00,2026-10-07T16:12:28.333967+05:30,BANKNIFTY,27-Oct-2026,55000.0,CE,55055.55,890.15,150,899.8,150,894.8,894.9749999999999,29927,4065,167594,-0.033515808289576586,13.71,0.5578696908899119,0.0002234681053594203,-22.158082861062766,50.810258459363176,-0.3282592499401771,-0.0008105403679725676,6.177569150718654,-2.2237547684208242e-08,-0.0016028778667821725,5.669564278594583e-06,-1.2557709496706693,37.31542360260047,-0.5434679295771623,0.00022391973889206062,0.05471371340794647,55241.2,0.061527100952666225,0.0072,index_dividend_yield,0.065,13.93,30,54968.7,55340.7,54636.2,55128.4,mid_price,ok
2026-10-07T10:42:28.333967+00:00,2026-10-07T16:12:28.333967+05:30,BANKNIFTY,27-Oct-2026,55000.0,PE,55055.55,648,60,652,60,650,650.0,36483,2717,200117,-4.327347659699735,15.92,-0.44784863540387176,0.00019285903730680842,-16.26545510932277,50.9191869355305,-0.2320181511634989,-0.0007654760814883033,3.9039443040209676,-1.5622682628852627e-08,-0.0011966860359021792,4.882523082393425e-06,-1.2612253544413932,-34.90516837049349,0.461144360321831,0.0001932488092976721,0.05471371340794647,55241.2,0.061527100952666225,0.0072,index_dividend_yield,0.065,13.93,30,54968.7,55340.7,54636.2,55128.4,mid_price,ok
2026-10-07T10:42:28.333967+00:00,2026-10-07T16:12:28.333967+05:30,BANKNIFTY,27-Oct-2026,55100.0,CE,55055.55,821.45,120,845,360,844,833.225,4769,-595,56253,0.9388267655325001,13.81,0.5352750955360184,0.00022334357018336163,-22.215154639154147,51.152343469885544,-0.16327954890077434,-0.001372306684352731,1.8729256546663464,-1.501428205877369e-08,-0.0016091657804079603,5.667694036543377e-06,-1.2639306466369717,38.02681375929711,-0.5207783824152508,0.00022298336628812866,0.05471371340794647,55241.2,0.061527100952666225,0.0072,index_dividend_yield,0.065,13.93,30,54968.7,55340.7,54636.2,55128.4,mid_price,ok
2026-10-07T10:42:28.333967+00:00,2026-10-07T16:12:28.333967+05:30,BANKNIFTY,27-Oct-2026,55100.0,PE,55055.55,692,10080,696.4,300,694.5,694.2,4366,666,53965,-3.6821302267526526,15.92,-0.46719040047286164,0.00019386133236296254,-16.193919587713022,51.18381570295342,-0.11143477184830108,-0.0012553992410040404,1.1749394228495191,-1.1131286242878853e-08,-0.0012133193699609818,4.909186454255508e-06,-1.2674400525586762,-34.13737000449974,0.4804880708388071,0.0001935486768117199,0.05471371340794647,55241.2,0.061527100952666225,0.0072,index_dividend_yield,0.065,13.93,30,54968.7,55340.7,54636.2,55128.4,mid_price,ok
2026-10-07T10:42:28.333967+00:00,2026-10-07T16:12:28.333967+05:30,BANKNIFTY,27-Oct-2026,55200.0,CE,55055.55,775.05,480,789.15,30,775,782.0999999999999,6208,895,81472,-1.0090688465959892,13.51,0.5129436050247067,0.00022908600951385588,-21.7074033465588,51.32776083365405,-0.004003774355054723,-0.00197402351944731,0.016993541013476943,-8.34381582205146e-09,-0.0016956943528638783,5.7799262821898664e-06,-1.2757614941325954,39.85294865163129,-0.49876408364040464,0.00022788861181826606,0.05471371340794647,55241.2,0.061527100952666225,0.0072,index_dividend_yield,0.065,13.93,30,54968.7,55340.7,54636.2,55128.4,mid_price,ok
2026-10-07T10:42:28.333967+00:00,2026-10-07T16:12:28.333967+05:30,BANKNIFTY,27-Oct-2026,55200.0,PE,55055.55,735,180,741.2,330,738.7,738.1,7103,3132,79098,-3.3684348224213485,15.87,-0.4865793218157433,0.0001950176827662064,-16.009587098388103,51.32740654168868,0.009932046262955962,-0.001749664522447458,-0.04242195845804986,-6.614876720402633e-09,-0.0012290548392375597,4.916620312196972e-06,-1.2767406831036752,-33.48953300036849,0.4997972923406269,0.00019399835502795183,0.05471371340794647,55241.2,0.061527100952666225,0.0072,index_dividend_yield,0.065,13.93,30,54968.7,55340.7,54636.2,55128.4,mid_price,ok
2026-10-07T10:42:28.333967+00:00,2026-10-07T16:12:28.333967+05:30,BANKNIFTY,27-Oct-2026,55300.0,CE,55055.55,716.2,330,734,390,734,725.1,5369,1148,56097,0.6927772823924824,13.72,0.49044927815049777,0.0002256400451228521,-21.792642328932512,51.34151639859579,0.1614239281856611,-0.0025126466618502485,0.4876906903845679,-1.0402533875664954e-09,-0.0016425504418663176,5.6224103312859795e-06,-1.2921465099934082,40.26185115838058,-0.4761536384221998,0.00022364960032993347,0.05471371340794647,55241.2,0.061527100952666225,0.0072,index_dividend_yield,0.065,13.93,30,54968.7,55340.7,54636.2,55128.4,mid_price,ok
2026-10-07T10:42:28.333967+00:00,2026-10-07T16:12:28.333967+05:30,BANKNIFTY,27-Oct-2026,55300.0,PE,55055.55,773.25,30,784.5,30,773.2,778.875,5227,2215,51199,-4.158661295320731,15.6,-0.5063820759845806,0.00019847512046214196,-15.491662505456603,51.348655299092144,0.13543992784192938,-0.00226990624241874,0.2877892184898201,-1.923100329942894e-09,-0.001271216170140282,4.956442183284588e-06,-1.2895061899984483,-33.308296098182495,0.5192793255299061,0.00019672430637312387,0.05471371340794647,55241.2,0.061527100952666225,0.0072,index_dividend_yield,0.065,13.93,30,54968.7,55340.7,54636.2,55128.4,mid_price,ok
2026-10-07T10:42:28.333967+00:00,2026-10-07T16:12:28.333967+05:30,BANKNIFTY,27-Oct-2026,55400.0,CE,55055.55,678.2,30,685.15,90,681.35,681.675,2213,312,34559,-0.5183238428967732,13.65,0.4678041203789803,0.00022612885725097667,-21.46244727968377,51.190225391883445,0.3269148679186096,-0.0030802752454208715,3.3820131952637666,6.1998501822870856e-09,-0.0016417687533454935,5.526875843137275e-06,-1.3126999988619232,41.50211593437363,-0.45369381290809113,0.00022332568238717747,0.05471371340794647,55241.2,0.061527100952666225,0.0072,index_dividend_yield,0.065,13.93,30,54968.7,55340.7,54636.2,55128.4,mid_price,ok
2026-10-07T10:42:28.333967+00:00,2026-10-07T16:12:28.333967+05:30,BANKNIFTY,27-Oct-2026,55400.0,PE,55055.55,821.2,90,839.6,30,839.9,830.4000000000001,2026,329,21896,-1.8521764534034473,15.92,-0.5252850096698507,0.0001941149029640496,-15.686894442569832,51.250764128178446,0.2529416731926193,-0.0027116148735847334,2.082960492430175,2.5372003684408606e-09,-0.0012114726978915704,4.78140151894424e-06,-1.3044980726156652,-31.909379283525166,0.5383784687579166,0.0001917085846228495,0.05471371340794647,55241.2,0.061527100952666225,0.0072,index_dividend_yield,0.065,13.93,30,54968.7,55340.7,54636.2,55128.4,mid_price,ok
2026-10-07T10:42:28.333967+00:00,2026-10-07T16:12:28.333967+05:30,BANKNIFTY,27-Oct-2026,55500.0,CE,55055.55,625,30,633,30,625.15,629.0,21748,2321,117806,-1.0603782543325155,13.47,0.4445252555245242,0.00022767896669840992,-20.92743694255125,50.86147021204234,0.5001451003751323,-0.0036638998251046773,8.957389690458228,1.3991772738262567e-08,-0.0016502572999083482,5.4123534480132296e-06,-1.3382845650766981,43.15085441900965,-0.4307462900609514,0.00022404701214545096,0.05471371340794647,55241.2,0.061527100952666225,0.0072,index_dividend_yield,0.065,13.93,30,54968.7,55340.7,54636.2,55128.4,mid_price,ok
2026-10-07T10:42:28.333967+00:00,2026-10-07T16:12:28.333967+05:30,BANKNIFTY,27-Oct-2026,55500.0,PE,55055.55,874.95,270,884.95,30,874.55,879.95,17263,3551,52098,-3.5989858906525574,15.58,-0.5458112238163249,0.0001974327102443606,-14.972437488417867,51.01348142010182,0.38666087008493166,-0.003241184578338663,5.757881299405909,7.752365439668237e-09,-0.0012449846320806664,4.762558111603732e-06,-1.3244189264625774,-31.840713626264627,0.5584449622216554,0.00019428324658826064,0.05471371340794647,55241.2,0.061527100952666225,0.0072,index_dividend_yield,0.065,13.93,30,54968.7,55340.7,54636.2,55128.4,mid_price,ok
2026-10-07T10:42:28.333967+00:00,2026-10-07T16:12:28.333967+05:30,BANKNIFTY,27-Oct-2026,55600.0,CE,55055.55,581.05,30,593.9,180,585.05,587.4749999999999,3295,-224,20036,-0.0939207650273224,13.56,0.42265317645931094,0.00022407825095191038,-20.698484620377112,50.39155936963688,0.6533599426239711,-0.0041645135776386955,16.38172875520638,2.070461069314472e-08,-0.0015797291723528347,5.151164200771312e-06,-1.3653720451838254,43.926173285529636,-0.40898676584086047,0.0002197112697140409,0.05471371340794647,55241.2,0.061527100952666225,0.0072,index_dividend_yield,0.065,13.93,30,54968.7,55340.7,54636.2,55128.4,mid_price,ok
2026-10-07T10:42:28.333967+00:00,2026-10-07T16:12:28.333967+05:30,BANKNIFTY,27-Oct-2026,55600.0,PE,55055.55,933,90,941.5,30,938.5,937.25,1023,23,6707,-2.0917010067289135,15.77,-0.5643589351388587,0.00019378374365662567,-14.910401299986773,50.68126395753933,0.4978361985291113,-0.003667219415538936,10.424658246428464,1.1917435799208145e-08,-0.0011889984874931291,4.56445906025924e-06,-1.344556389611597,-30.75741143851846,0.5770016203839193,0.00019000716128346983,0.05471371340794647,55241.2,0.061527100952666225,0.0072,index_dividend_yield,0.065,13.93,30,54968.7,55340.7,54636.2,55128.4,mid_price,ok
2026-10-07T10:42:28.333967+00:00,2026-10-07T16:12:28.333967+05:30,BANKNIFTY,27-Oct-2026,55700.0,CE,55055.55,539.1,30,543.95,30,541.45,541.5250000000001,4834,-107,18030,-0.11069089567383082,13.54,0.40045673840060375,0.00022156849097298184,-20.270753850737556,49.753663732330324,0.808761889404569,-0.004666735645570352,26.22259310669861,2.7672665855301648e-08,-0.0015196956739849678,4.878370465494968e-06,-1.3963450860126514,45.09235215234118,-0.38704538510640657,0.0002164710484720221,0.05471371340794647,55241.2,0.061527100952666225,0.0072,index_dividend_yield,0.065,13.93,30,54968.7,55340.7,54636.2,55128.4,mid_price,ok
2026-10-07T10:42:28.333967+00:00,2026-10-07T16:12:28.333967+05:30,BANKNIFTY,27-Oct-2026,55700.0,PE,55055.55,980.3,60,1002.75,180,1002.15,991.525,1343,162,3882,-1.3728963684676705,15.92,-0.5825342028921966,0.00019031119326879835,-14.757199567207447,50.24649796712285,0.6034333272263437,-0.004077016446007442,16.23971523377321,1.5829594461723962e-08,-0.0011339544430738957,4.355643540856775e-06,-1.3665281671433291,-29.79592723431125,0.5951188682251007,0.00018593286149104108,0.05471371340794647,55241.2,0.061527100952666225,0.0072,index_dividend_yield,0.065,13.93,30,54968.7,55340.7,54636.2,55128.4,mid_price,ok
2026-10-07T10:42:28.333967+00:00,2026-10-07T16:12:28.333967+05:30,BANKNIFTY,27-Oct-2026,55800.0,CE,55055.55,491.1,330,501.25,30,491.55,496.175,6229,609,20137,-1.423844379825529,13.35,0.37690485140174856,0.00022085319189397203,-19.55080611181908,48.897127665543614,0.9797309446776536,-0.005194050702366837,39.52233160034879,3.582422100294926e-08,-0.0014758891685902873,4.587485276989181e-06,-1.4331669867612433,46.94605536477559,-0.36395505790262084,0.00021499952159455342,0.05471371340794647,55241.2,0.061527100952666225,0.0072,index_dividend_yield,0.065,13.93,30,54968.7,55340.7,54636.2,55128.4,mid_price,ok
2026-10-07T10:42:28.333967+00:00,2026-10-07T16:12:28.333967+05:30,BANKNIFTY,27-Oct-2026,55800.0,PE,55055.55,1047.2,30,1059.7,180,1059.65,1053.45,3292,1829,6353,-1.3039631164718484,15.91,-0.6012981655308353,0.00018829605609123524,-14.345982144701518,49.68322809314326,0.714242474682325,-0.004499812765231481,23.66957907676337,2.0078628599915768e-08,-0.0010938394845263252,4.1557533282123005e-06,-1.3917456118295632,-29.133335169389458,0.6136401712113544,0.0001833053062560774,0.05471371340794647,55241.2,0.061527100952666225,0.0072,index_dividend_yield,0.065,13.93,30,54968.7,55340.7,54636.2,55128.4,mid_price,ok
2026-10-07T10:42:28.333967+00:00,2026-10-07T16:12:28.333967+05:30,BANKNIFTY,27-Oct-2026,55900.0,CE,55055.55,451.05,30,461.65,30,454.5,456.35,3266,51,18495,-1.6765819361817198,13.37,0.35556360796632497,0.00021628992446341954,-19.081169271847024,47.958556031448715,1.1176590125600572,-0.00562137265289947,53.25311394873111,4.207080230847485e-08,-0.0013776155229502467,4.211188845317074e-06,-1.4680227359485727,48.02188740389572,-0.3428999597753701,0.00020980454124035303,0.05471371340794647,55241.2,0.061527100952666225,0.0072,index_dividend_yield,0.065,13.93,30,54968.7,55340.7,54636.2,55128.4,mid_price,ok
2026-10-07T10:42:28.333967+00:00,2026-10-07T16:12:28.333967+05:30,BANKNIFTY,27-Oct-2026,55900.0,PE,55055.55,1098.3,180,1122.25,180,1096.25,1110.275,1316,-84,715,-3.3118715822896454,15.45,-0.6236091676307083,0.00019069083927835344,-13.25388419338612,48.860366054557296,0.8638542292629947,-0.00501771242491067,35.11348716504159,2.6567849213481593e-08,-0.0010972426413744878,3.9852313403278045e-06,-1.4258788355778051,-29.19276734163805,0.6352277223416786,0.00018497303632051174,0.05471371340794647,55241.2,0.061527100952666225,0.0072,index_dividend_yield,0.065,13.93,30,54968.7,55340.7,54636.2,55128.4,mid_price,ok
2026-10-07T10:42:28.333967+00:00,2026-10-07T16:12:28.333967+05:30,BANKNIFTY,27-Oct-2026,56000.0,CE,55055.55,420.9,150,421,60,421,420.95,38612,-554,107929,-0.5668398677373642,13.42,0.33513721088461157,0.00021078490624795758,-18.61722145116902,46.91269981030333,1.2400311671354192,-0.005998985342744845,67.93785626553372,4.752309223798177e-08,-0.0012654701515369467,3.804095131939293e-06,-1.5027000269415183,48.97622132379902,-0.32275761234806105,0.00020373501052624063,0.05471371340794647,55241.2,0.061527100952666225,0.0072,index_dividend_yield,0.065,13.93,30,54968.7,55340.7,54636.2,55128.4,mid_price,ok
2026-10-07T10:42:28.333967+00:00,2026-10-07T16:12:28.333967+05:30,BANKNIFTY,27-Oct-2026,56000.0,PE,55055.55,1162,30,1175,30,1174.8,1168.5,23426,-433,21963,-1.5090543259557343,15.78,-0.6390820968227047,0.00018414390157508884,-13.243779866630952,48.190645304486004,0.9333925667653342,-0.005307109016959521,42.87542366303754,2.8747747041652275e-08,-0.0010031421048094366,3.685758104702484e-06,-1.448862713403443,-28.00452627718968,0.6507396600130712,0.00017798503884149558,0.05471371340794647,55241.2,0.061527100952666225,0.0072,index_dividend_yield,0.065,13.93,30,54968.7,55340.7,54636.2,55128.4,mid_price,ok
2026-10-07T10:42:28.333967+00:00,2026-10-07T16:12:28.333967+05:30,BANKNIFTY,27-Oct-2026,56100.0,CE,55055.55,383.95,240,387.75,210,387.8,385.85,1534,55,10999,-0.5258432730537386,13.44,0.31496334208089505,0.00020518737667721257,-18.073929270782564,45.73496068987267,1.3553911971624366,-0.006344996904629919,84.04569539912643,5.2764801372183024e-08,-0.0011496602878628096,3.3750781715579726e-06,-1.5380216893805139,50.06129122878709,-0.3029250451831955,0.0001976182857456204,0.05471371340794647,55241.2,0.061527100952666225,0.0072,index_dividend_yield,0.065,13.93,30,54968.7,55340.7,54636.2,55128.4,mid_price,ok
2026-10-07T10:42:28.333967+00:00,2026-10-07T16:12:28.333967+05:30,BANKNIFTY,27-Oct-2026,56100.0,PE,55055.55,1221.25,60,1247.7,60,1225,1234.475,387,16,286,-3.74037403740374,15.51,-0.6598276747086622,0.00018335500005589413,-12.328676855860483,47.16316673404901,1.0601913719318068,-0.005729993021191149,56.34924073909886,3.427070668661152e-08,-0.0009631325230890846,3.4138213567558725e-06,-1.483800737179443,-27.738970141626222,0.670887405989248,0.00017659127662095594,0.05471371340794647,55241.2,0.061527100952666225,0.0072,index_dividend_yield,0.065,13.93,30,54968.7,55340.7,54636.2,55128.4,mid_price,ok
2026-10-07T10:42:28.333967+00:00,2026-10-07T16:12:28.333967+05:30,BANKNIFTY,27-Oct-2026,56200.0,CE,55055.55,353.3,60,354.35,210,352.9,353.82500000000005,3214,621,16416,-1.272905301440761,13.37,0.29409906649467676,0.00020006771594858173,-17.35790926505224,44.36156140517212,1.4747925065476397,-0.006676702832311143,102.77564462446165,5.858896631827627e-08,-0.001032904274415926,2.9131842604343072e-06,-1.5755112417973007,51.57236896105409,-0.2825235487275009,0.00019200237202296754,0.05471371340794647,55241.2,0.061527100952666225,0.0072,index_dividend_yield,0.065,13.93,30,54968.7,55340.7,54636.2,55128.4,mid_price,ok
2026-10-07T10:42:28.333967+00:00,2026-10-07T16:12:28.333967+05:30,BANKNIFTY,27-Oct-2026,56200.0,PE,55055.55,1289.75,150,1316.45,30,1281.55,1303.1,619,-1,304,-3.682687610386682,15.32,-0.6798278472754539,0.0001811662832044713,-11.484502782704558,46.029318208881286,1.1754359821337101,-0.006102944500497309,70.84032615930269,3.9346842785312843e-08,-0.0009037499411160038,3.095606982263195e-06,-1.5185644077401932,-27.343589737311692,0.6903400411887006,0.0001738629140684693,0.05471371340794647,55241.2,0.061527100952666225,0.0072,index_dividend_yield,0.065,13.93,30,54968.7,55340.7,54636.2,55128.4,mid_price,ok
2026-10-07T10:42:28.333967+00:00,2026-10-07T16:12:28.333967+05:30,BANKNIFTY,27-Oct-2026,56300.0,CE,55055.55,319.55,240,323.2,210,320.55,321.375,2821,-68,11657,-1.5963161933998464,13.31,0.27388046343442096,0.0001942367966204865,-16.625058038473,42.87537828991369,1.5807461276068635,-0.006957159994608109,122.30924549204758,6.384647825770352e-08,-0.0009052466719233581,2.4264924180954824e-06,-1.611348159671422,53.07806139467297,-0.2627807341195614,0.0001857449129407336,0.05471371340794647,55241.2,0.061527100952666225,0.0072,index_dividend_yield,0.065,13.93,30,54968.7,55340.7,54636.2,55128.4,mid_price,ok
2026-10-07T10:42:28.333967+00:00,2026-10-07T16:12:28.333967+05:30,BANKNIFTY,27-Oct-2026,56300.0,PE,55055.55,1356.45,60,1385.2,150,1353.9,1370.825,596,14,267,-3.667864385072397,15.42,-0.6960951686808914,0.00017597010243372764,-11.047651256527441,45.00094801121648,1.2465417793451894,-0.006361920910603058,82.5135350833861,4.200011529993845e-08,-0.0008185389216781082,2.766515312746271e-06,-1.546039230318094,-26.554706317337473,0.7063429488557097,0.00016827682460490755,0.05471371340794647,55241.2,0.061527100952666225,0.0072,index_dividend_yield,0.065,13.93,30,54968.7,55340.7,54636.2,55128.4,mid_price,ok
2026-10-07T10:42:28.333967+00:00,2026-10-07T16:12:28.333967+05:30,BANKNIFTY,27-Oct-2026,56400.0,CE,55055.55,290.7,240,294.1,240,291.6,292.4,3220,694,9626,-0.8669046404895462,13.28,0.25473464155651154,0.00018762388826997425,-15.914290976583478,41.32231170020077,1.6682434351203979,-0.0071788742126792085,141.6599144847126,6.818464944165887e-08,-0.0007696210714063726,1.9312822729528067e-06,-1.643781470969543,54.4679491743831,-0.24409704030705734,0.00017878543482351535,0.05471371340794647,55241.2,0.061527100952666225,0.0072,index_dividend_yield,0.065,13.93,30,54968.7,55340.7,54636.2,55128.4,mid_price,ok
2026-10-07T10:42:28.333967+00:00,2026-10-07T16:12:28.333967+05:30,BANKNIFTY,27-Oct-2026,56400.0,PE,55055.55,1427.65,150,1452.3,150,1421.2,1439.975,2614,-12,565,-3.8982993542279476,15.38,-0.7135956756381631,0.0001716630579744539,-10.369611917995794,43.78562795262184,1.3280374955259022,-0.006626035488337178,96.5894509364027,4.5451143650244916e-08,-0.000737472309865375,2.4162167164624418e-06,-1.576305692822096,-25.967915033749456,0.7234099882801758,0.0001635764760345208,0.05471371340794647,55241.2,0.061527100952666225,0.0072,index_dividend_yield,0.065,13.93,30,54968.7,55340.7,54636.2,55128.4,mid_price,ok
2026-10-07T10:42:28.333967+00:00,2026-10-07T16:12:28.333967+05:30,BANKNIFTY,27-Oct-2026,56500.0,CE,55055.55,263.85,240,266.2,120,265.6,265.025,26366,1254,66407,-1.3556174558960075,13.28,0.23678512526846077,0.00018040631117347211,-15.233463414097265,39.73271149922455,1.736557265823363,-0.007343363030233363,160.21465356579512,7.15302620260508e-08,-0.0006310118024731304,1.441877314908846e-06,-1.6719044548572057,55.72165321562123,-0.22659080947831572,0.00017129987336907351,0.05471371340794647,55241.2,0.061527100952666225,0.0072,index_dividend_yield,0.065,13.93,30,54968.7,55340.7,54636.2,55128.4,mid_price,ok
2026-10-07T10:42:28.333967+00:00,2026-10-07T16:12:28.333967+05:30,BANKNIFTY,27-Oct-2026,56500.0,PE,55055.55,1500.75,150,1515.2,30,1508.1,1507.975,12415,-590,4289,-1.8994340727249073,15.75,-0.7250307644376344,0.00016435098932673933,-10.321913686543827,42.92905052842971,1.3451808916264407,-0.006753125475477018,103.71968352153615,4.517324756434645e-08,-0.0006464195612290957,2.1289982574982606e-06,-1.5935697998937712,-24.91878706644888,0.7348469017000324,0.00015605498209362087,0.05471371340794647,55241.2,0.061527100952666225,0.0072,index_dividend_yield,0.065,13.93,30,54968.7,55340.7,54636.2,55128.4,mid_price,ok
2026-10-07T10:42:28.333967+00:00,2026-10-07T16:12:28.333967+05:30,BANKNIFTY,27-Oct-2026,56600.0,CE,55055.55,239.05,30,241.95,240,239.45,240.5,3339,279,10087,-2.245356195141866,13.23,0.21868591139617954,0.00017316181252051137,-14.45408898374499,37.99359330285201,1.8002823827410057,-0.007469800132151206,179.99713995996203,7.497608768676625e-08,-0.0004884640505378501,9.323943278060146e-07,-1.6977360729205768,57.26801119381904,-0.20900416626006266,0.00016384057812967684,0.05471371340794647,55241.2,0.061527100952666225,0.0072,index_dividend_yield,0.065,13.93,30,54968.7,55340.7,54636.2,55128.4,mid_price,ok
2026-10-07T10:42:28.333967+00:00,2026-10-07T16:12:28.333967+05:30,BANKNIFTY,27-Oct-2026,56600.0,PE,55055.55,1575.4,150,1602.65,150,1599.05,1589.025,606,22,846,-1.122310165718526,16.18,-0.7348817496085929,0.0001570823893666928,-10.366442339392336,42.15066379094822,1.3480452212872307,-0.006846355970994144,109.1173185730554,4.420451775545797e-08,-0.000564198184392647,1.8751219781625742e-06,-1.6075001689649397,-23.881633025291528,0.7447611199885692,0.0001486267041977365,0.05471371340794647,55241.2,0.061527100952666225,0.0072,index_dividend_yield,0.065,13.93,30,54968.7,55340.7,54636.2,55128.4,mid_price,ok
2026-10-07T10:42:28.333967+00:00,2026-10-07T16:12:28.333967+05:30,BANKNIFTY,27-Oct-2026,56700.0,CE,55055.55,215.6,240,218.8,240,216.15,217.2,4861,-75,10014,-2.503382949932341,13.2,0.20168004149127483,0.0001654959400530388,-13.69797614322364,36.22927787288707,1.8461844885780399,-0.007541361848569128,198.6156474186842,7.753412671755133e-08,-0.00034643814527299233,4.3791094440074523e-07,-1.7180437183584445,58.732079111578216,-0.19249647967080924,0.00015603550737036792,0.05471371340794647,55241.2,0.061527100952666225,0.0072,index_dividend_yield,0.065,13.93,30,54968.7,55340.7,54636.2,55128.4,mid_price,ok
2026-10-07T10:42:28.333967+00:00,2026-10-07T16:12:28.333967+05:30,BANKNIFTY,27-Oct-2026,56700.0,PE,55055.55,1648.6,150,1681.65,60,1655,1665.125,320,18,431,-2.652785130286454,15.78,-0.7556205413440217,0.00015432204033109724,-9.055909983426938,40.38623405200273,1.4510858828191697,-0.007094713052390177,129.5496460915473,4.9466097659048797e-08,-0.00048292506244145634,1.4513569824425724e-06,-1.642408588273369,-23.72981335322808,0.7646246919336727,0.0001455003539892034,0.05471371340794647,55241.2,0.061527100952666225,0.0072,index_dividend_yield,0.065,13.93,30,54968.7,55340.7,54636.2,55128.4,mid_price,ok
2026-10-07T10:42:28.333967+00:00,2026-10-07T16:12:28.333967+05:30,BANKNIFTY,27-Oct-2026,56800.0,CE,55055.55,195.45,240,198.25,240,194.6,196.85,5900,222,10719,-3.087649402390438,13.17,0.18544702547673167,0.00015759686847980782,-12.936675416233966,34.421656068742635,1.8780110336862332,-0.0075637588672532174,216.35101503935417,7.94774155607711e-08,-0.0002060388625779822,-4.3555066350954704e-08,-1.7328537819188767,60.221555654582495,-0.1767667116481825,0.00014806524286137276,0.05471371340794647,55241.2,0.061527100952666225,0.0072,index_dividend_yield,0.065,13.93,30,54968.7,55340.7,54636.2,55128.4,mid_price,ok
2026-10-07T10:42:28.333967+00:00,2026-10-07T16:12:28.333967+05:30,BANKNIFTY,27-Oct-2026,56800.0,PE,55055.55,1724.4,150,1760.65,90,1721.7,1742.525,375,-3,284,-3.5975251266832777,15.57,,,,,,,,,,,,,,,0.05471371340794647,,,,,,13.93,30,54968.7,55340.7,54636.2,55128.4,mid_price,no_price_available
2026-10-07T10:42:28.333967+00:00,2026-10-07T16:12:28.333967+05:30,BANKNIFTY,27-Oct-2026,56900.0,CE,55055.55,176,300,178.7,240,176.7,177.35,2200,200,7878,-3.2046014790468367,13.2,0.17114277289549462,0.000149482560790175,-12.279522026169726,32.72373467459297,1.8870640806681327,-0.007537190900203605,230.72759679280352,8.001943993124172e-08,-7.8418052213054e-05,-4.6720927937001855e-07,-1.7405551545235556,61.35563051211936,-0.1628961316810756,0.0001399484869553923,0.05471371340794647,55241.2,0.061527100952666225,0.0072,index_dividend_yield,0.065,13.93,30,54968.7,55340.7,54636.2,55128.4,mid_price,ok
2026-10-07T10:42:28.333967+00:00,2026-10-07T16:12:28.333967+05:30,BANKNIFTY,27-Oct-2026,56900.0,PE,55055.55,1798.8,30,1837.05,150,1801.7,1817.925,499,2,32,-4.180184013189384,15.65,,,,,,,,,,,,,,,0.05471371340794647,,,,,,13.93,30,54968.7,55340.7,54636.2,55128.4,mid_price,no_price_available
2026-10-07T10:42:28.333967+00:00,2026-10-07T16:12:28.333967+05:30,BANKNIFTY,27-Oct-2026,57000.0,CE,55055.55,157.9,180,158.7,300,158.5,158.3,37479,3528,107892,-3.2061068702290076,13.18,0.15670446616124722,0.00014138715388763417,-11.539870932111532,30.90464540128426,1.891186536382941,-0.007470903142069413,245.46553788705515,8.066050048067595e-08,5.0318028246276454e-05,-8.966992370031914e-07,-1.7431517465093227,62.814655566856096,-0.14894917260483206,0.00013190536257517903,0.05471371340794647,55241.2,0.061527100952666225,0.0072,index_dividend_yield,0.065,13.93,30,54968.7,55340.7,54636.2,55128.4,mid_price,ok
2026-10-07T10:42:28.333967+00:00,2026-10-07T16:12:28.333967+05:30,BANKNIFTY,27-Oct-2026,57000.0,PE,55055.55,1888.75,150,1919.5,30,1905,1904.125,13576,-277,2424,-1.474010861132661,16.3,,,,,,,,,,,,,,,0.05471371340794647,,,,,,13.93,30,54968.7,55340.7,54636.2,55128.4,mid_price,no_price_available
2026-10-07T10:42:28.333967+00:00,2026-10-07T16:12:28.333967+05:30,BANKNIFTY,27-Oct-2026,57100.0,CE,55055.55,142.05,240,144.65,240,141.7,143.35000000000002,3111,70,6390,-3.6709721278042147,13.15,0.14288594629984605,0.0001332461383898162,-10.791182504745693,29.05887432967605,1.8840128324432297,-0.007362222116750943,258.93549734699303,8.085905966541369e-08,0.00017411329321853153,-1.3042264663416239e-06,-1.7391250963732074,64.36159192227449,-0.135629392154689,0.00012387527345612728,0.05471371340794647,55241.2,0.061527100952666225,0.0072,index_dividend_yield,0.065,13.93,30,54968.7,55340.7,54636.2,55128.4,mid_price,ok
2026-10-07T10:42:28.333967+00:00,2026-10-07T16:12:28.333967+05:30,BANKNIFTY,27-Oct-2026,57100.0,PE,55055.55,1972.85,120,2009.75,60,2141.3,1991.3,608,2,24,7.876772714677951,20.24,,,,,,,,,,,,,,,0.05471371340794647,,,,,,13.93,30,54968.7,55340.7,54636.2,55128.4,mid_price,no_price_available
2026-10-07T10:42:28.333967+00:00,2026-10-07T16:12:28.333967+05:30,BANKNIFTY,27-Oct-2026,57200.0,CE,55055.55,127.25,240,129.8,240,130.25,128.525,4077,54,9485,-3.6968576709796674,13.26,0.13248041464868104,0.00012549487417908508,-10.297062995841184,27.597383832629262,1.851273752765531,-0.007237924150388458,265.7135596906599,7.899418176106562e-08,0.00026194898289538836,-1.58276340955527e-06,-1.7295565906966741,64.95553107298723,-0.12555058111046244,0.00011626155865592456,0.05471371340794647,55241.2,0.061527100952666225,0.0072,index_dividend_yield,0.065,13.93,30,54968.7,55340.7,54636.2,55128.4,mid_price,ok
2026-10-07T10:42:28.333967+00:00,2026-10-07T16:12:28.333967+05:30,BANKNIFTY,27-Oct-2026,57200.0,PE,55055.55,2059.5,120,2094.6,60,2052.4,2077.05,379,-11,31,-1.9257418645768625,15.99,,,,,,,,,,,,,,,0.05471371340794647,,,,,,13.93,30,54968.7,55340.7,54636.2,55128.4,mid_price,no_price_available
2026-10-07T10:42:28.333967+00:00,2026-10-07T16:12:28.333967+05:30,BANKNIFTY,27-Oct-2026,57300.0,CE,55055.55,113.25,300,119.65,30,116.45,116.45,2634,189,6445,-4.783319705641865,13.25,0.1206068103570694,0.00011763738919277147,-9.609122121926559,25.849947058760335,1.8220050105643564,-0.007067776806355328,274.93910285503455,7.805825690991724e-08,0.00036343507528513507,-1.9090810139298835e-06,-1.713483559624791,66.37174895840626,-0.11413665958071138,0.00010860213035721665,0.05471371340794647,55241.2,0.061527100952666225,0.0072,index_dividend_yield,0.065,13.93,30,54968.7,55340.7,54636.2,55128.4,mid_price,ok
2026-10-07T10:42:28.333967+00:00,2026-10-07T16:12:28.333967+05:30,BANKNIFTY,27-Oct-2026,57300.0,PE,55055.55,2067.6,30,2277.95,450,2175.6,2172.7749999999996,351,-1,5,0.21650006909576675,17.18,,,,,,,,,,,,,,,0.05471371340794647,,,,,,13.93,30,54968.7,55340.7,54636.2,55128.4,mid_price,no_price_available
2026-10-07T10:42:28.333967+00:00,2026-10-07T16:12:28.333967+05:30,BANKNIFTY,27-Oct-2026,57400.0,CE,55055.55,101.9,300,108.05,30,105.8,104.975,2275,446,11738,-2.7573529411764706,13.31,0.11075217427441139,0.00011022659101997497,-9.057594382272951,24.331161086964553,1.7792192891250767,-0.006888027222917745,280.07277776293546,7.607169685352734e-08,0.00044073248443962827,-2.1532291647050528e-06,-1.693217282302264,67.29016153201269,-0.1046499392591546,0.0001014062686075289,0.05471371340794647,55241.2,0.061527100952666225,0.0072,index_dividend_yield,0.065,13.93,30,54968.7,55340.7,54636.2,55128.4,mid_price,ok
2026-10-07T10:42:28.333967+00:00,2026-10-07T16:12:28.333967+05:30,BANKNIFTY,27-Oct-2026,57400.0,PE,55055.55,2202.05,30,2260.05,90,2199.7,2231.05,122,-6,8,-3.2992636553467416,15.47,,,,,,,,,,,,,,,0.05471371340794647,,,,,,13.93,30,54968.7,55340.7,54636.2,55128.4,mid_price,no_price_available
2026-10-07T10:42:28.333967+00:00,2026-10-07T16:12:28.333967+05:30,BANKNIFTY,27-Oct-2026,57500.0,CE,55055.55,91.5,360,94,30,93.9,92.75,27828,-770,44447,-3.938618925831202,13.29,0.1002002981596018,0.00010268028937389323,-8.389675467067464,22.63135031685449,1.733873623358792,-0.006662515682277104,285.858212121461,7.446243891829868e-08,0.0005244271729501943,-2.413886312623058e-06,-1.6648357411634362,68.79206121577815,-0.0945459197649201,9.413553727496103e-05,0.05471371340794647,55241.2,0.061527100952666225,0.0072,index_dividend_yield,0.065,13.93,30,54968.7,55340.7,54636.2,55128.4,mid_price,ok
2026-10-07T10:42:28.333967+00:00,2026-10-07T16:12:28.333967+05:30,BANKNIFTY,27-Oct-2026,57500.0,PE,55055.55,2330,60,2384.45,60,2346.3,2357.225,11787,-20,1224,-0.0617612607815994,17.39,,,,,,,,,,,,,,,0.05471371340794647,,,,,,13.93,30,54968.7,55340.7,54636.2,55128.4,mid_price,no_price_available
2026-10-07T10:42:28.333967+00:00,2026-10-07T16:12:28.333967+05:30,BANKNIFTY,27-Oct-2026,57600.0,CE,55055.55,84.1,120,88.05,30,84.6,86.07499999999999,2724,71,5977,-5.633017289459008,13.33,0.09139737843023621,9.567608338423074e-05,-7.843006176791366,21.151050415243436,1.6795216364771104,-0.006437480037117345,288.09921532225854,7.207893020845726e-08,0.0005855336942539466,-2.6007310531236857e-06,-1.6336230047919678,69.84887863481342,-0.08610924749468872,8.740990191644804e-05,0.05471371340794647,55241.2,0.061527100952666225,0.0072,index_dividend_yield,0.065,13.93,30,54968.7,55340.7,54636.2,55128.4,mid_price,ok
2026-10-07T10:42:28.333967+00:00,2026-10-07T16:12:28.333967+05:30,BANKNIFTY,27-Oct-2026,57600.0,PE,55055.55,2379.4,30,2485.6,150,2430.4,2432.5,128,-26,28,-1.1811583890707271,17.42,,,,,,,,,,,,,,,0.05471371340794647,,,,,,13.93,30,54968.7,55340.7,54636.2,55128.4,mid_price,no_price_available
2026-10-07T10:42:28.333967+00:00,2026-10-07T16:12:28.333967+05:30,BANKNIFTY,27-Oct-2026,57700.0,CE,55055.55,76,540,79.75,30,76,77.875,3586,-194,4623,-6.114885731933292,13.37,0.08324340958319582,8.896166004616043e-05,-7.317293541447218,19.725711997722083,1.6206252079663739,-0.006198667165138783,288.7204257930787,6.949518139956513e-08,0.0006368010558807995,-2.7541528769674005e-06,-1.5980043687364258,70.89843958244374,-0.07830796832388327,8.099411477566098e-05,0.05471371340794647,55241.2,0.061527100952666225,0.0072,index_dividend_yield,0.065,13.93,30,54968.7,55340.7,54636.2,55128.4,mid_price,ok
2026-10-07T10:42:28.333967+00:00,2026-10-07T16:12:28.333967+05:30,BANKNIFTY,27-Oct-2026,57700.0,PE,55055.55,2471.2,30,2621.55,30,0.0,2546.375,91,0,0,0,11.23,,,,,,,,,,,,,,,0.05471371340794647,,,,,,13.93,30,54968.7,55340.7,54636.2,55128.4,mid_price,no_price_available
2026-10-07T10:42:28.333967+00:00,2026-10-07T16:12:28.333967+05:30,BANKNIFTY,27-Oct-2026,57800.0,CE,55055.55,68.1,60,69.5,600,69.05,68.8,2429,92,3373,-5.085910652920962,13.44,0.07617372462931699,8.275143768834236e-05,-6.860291391380285,18.444768927771445,1.5585064263365298,-0.0059639523640969555,287.22925739498527,6.660691516303111e-08,0.0006729977312456951,-2.8604874298023816e-06,-1.5607743559925955,71.70153909663453,-0.0715449276313688,7.507962279601046e-05,0.05471371340794647,55241.2,0.061527100952666225,0.0072,index_dividend_yield,0.065,13.93,30,54968.7,55340.7,54636.2,55128.4,mid_price,ok
2026-10-07T10:42:28.333967+00:00,2026-10-07T16:12:28.333967+05:30,BANKNIFTY,27-Oct-2026,57800.0,PE,55055.55,2567.65,30,2717.05,30,0.0,2642.3500000000004,111,0,0,0,18.2,,,,,,,,,,,,,,,0.05471371340794647,,,,,,13.93,30,54968.7,55340.7,54636.2,55128.4,mid_price,no_price_available
2026-10-07T10:42:28.333967+00:00,2026-10-07T16:12:28.333967+05:30,BANKNIFTY,27-Oct-2026,57900.0,CE,55055.55,60.1,120,65.3,30,62.15,62.7,1879,283,4879,-6.188679245283019,13.49,0.06935057455003998,7.672828804875965e-05,-6.39300626746221,17.16587162889653,1.493951679308235,-0.005712973001758061,284.82792322346563,6.37323503810095e-08,0.0007044147679666681,-2.9485536472618248e-06,-1.5188266749261778,72.65031174612517,-0.065035907900942,6.937461596879948e-05,0.05471371340794647,55241.2,0.061527100952666225,0.0072,index_dividend_yield,0.065,13.93,30,54968.7,55340.7,54636.2,55128.4,mid_price,ok
2026-10-07T10:42:28.333967+00:00,2026-10-07T16:12:28.333967+05:30,BANKNIFTY,27-Oct-2026,57900.0,PE,55055.55,2635.9,30,2735.65,30,2730.9,2685.775,111,0,2,-0.20646434379053918,18.94,,,,,,,,,,,,,,,0.05471371340794647,,,,,,13.93,30,54968.7,55340.7,54636.2,55128.4,mid_price,no_price_available
2026-10-07T10:42:28.333967+00:00,2026-10-07T16:12:28.333967+05:30,BANKNIFTY,27-Oct-2026,58000.0,CE,55055.55,55.7,90,58,30,56.4,56.85,46518,2642,62767,-6.776859504132231,13.57,0.0634935075248926,7.123881691244241e-05,-5.992052653109697,16.03226742266018,1.4289314526656598,-0.005474181223103065,280.7946445283687,6.069603901752066e-08,0.0007227886523827564,-2.9973240667515545e-06,-1.47696933286195,73.34263672849492,-0.05944841030817554,6.418934178947714e-05,0.05471371340794647,55241.2,0.061527100952666225,0.0072,index_dividend_yield,0.065,13.93,30,54968.7,55340.7,54636.2,55128.4,mid_price,ok
2026-10-07T10:42:28.333967+00:00,2026-10-07T16:12:28.333967+05:30,BANKNIFTY,27-Oct-2026,58000.0,PE,55055.55,2770.1,30,2805.95,30,2784.3,2788.0249999999996,30142,-2245,3320,-1.4476851196375478,17.86,,,,,,,,,,,,,,,0.05471371340794647,,,,,,13.93,30,54968.7,55340.7,54636.2,55128.4,mid_price,no_price_available
2026-10-07T10:42:28.333967+00:00,2026-10-07T16:12:28.333967+05:30,BANKNIFTY,27-Oct-2026,58100.0,CE,55055.55,48.1,210,55,150,50.05,51.55,1728,99,2363,-7.486136783733826,13.58,0.0571483627159334,6.555512582905395e-05,-5.510520521698912,14.76402689429591,1.3597545974111147,-0.005193066969940215,276.4957418262428,5.7831340804107494e-08,0.0007450171240290222,-3.0483964240907266e-06,-1.4254879346108158,74.59891980634305,-0.053427846195917256,5.8864925900633613e-05,0.05471371340794647,55241.2,0.061527100952666225,0.0072,index_dividend_yield,0.065,13.93,30,54968.7,55340.7,54636.2,55128.4,mid_price,ok
2026-10-07T10:42:28.333967+00:00,2026-10-07T16:12:28.333967+05:30,BANKNIFTY,27-Oct-2026,58100.0,PE,55055.55,2802.85,480,3033.9,30,0.0,2918.375,50,0,0,0,0,,,,,,,,,,,,,,,0.05471371340794647,,,,,,13.93,30,54968.7,55340.7,54636.2,55128.4,mid_price,no_price_available
2026-10-07T10:42:28.333967+00:00,2026-10-07T16:12:28.333967+05:30,BANKNIFTY,27-Oct-2026,58200.0,CE,55055.55,42.2,30,52,30,43.45,47.1,2922,-15,3096,-12.31079717457114,13.53,0.05055906757180732,5.971394820357502e-05,-4.973204240558856,13.398987625936334,1.2848626592830634,-0.004871499319276239,271.24208957701336,5.4977819499899836e-08,0.0007675236742946065,-3.0890411223925365e-06,-1.3637589865964994,76.37426443706076,-0.04720121992962776,5.3435764711612724e-05,0.05471371340794647,55241.2,0.061527100952666225,0.0072,index_dividend_yield,0.065,13.93,30,54968.7,55340.7,54636.2,55128.4,mid_price,wide_quote_low_liquidity
2026-10-07T10:42:28.333967+00:00,2026-10-07T16:12:28.333967+05:30,BANKNIFTY,27-Oct-2026,58200.0,PE,55055.55,2840.85,480,3376.1,1410,0.0,3108.475,92,0,0,0,15.1,,,,,,,,,,,,,,,0.05471371340794647,,,,,,13.93,30,54968.7,55340.7,54636.2,55128.4,mid_price,no_price_available
2026-10-07T10:42:28.333967+00:00,2026-10-07T16:12:28.333967+05:30,BANKNIFTY,27-Oct-2026,58300.0,CE,55055.55,38.7,30,45.55,660,38.75,42.125,2209,48,2030,-13.697104677060134,13.56,0.045525363667559604,5.4784887561004025e-05,-4.57387292785795,12.32023144754772,1.2144277772906387,-0.004599115343447771,264.2587295023304,5.1938862282954395e-08,0.0007711168435631213,-3.0793421430251022e-06,-1.3091255963686628,77.46960442357265,-0.04243688323375906,4.8856896511161485e-05,0.05471371340794647,55241.2,0.061527100952666225,0.0072,index_dividend_yield,0.065,13.93,30,54968.7,55340.7,54636.2,55128.4,mid_price,wide_quote_low_liquidity
2026-10-07T10:42:28.333967+00:00,2026-10-07T16:12:28.333967+05:30,BANKNIFTY,27-Oct-2026,58300.0,PE,55055.55,3007.3,30,3229.15,450,0.0,3118.2250000000004,151,0,0,0,26.22,,,,,,,,,,,,,,,0.05471371340794647,,,,,,13.93,30,54968.7,55340.7,54636.2,55128.4,mid_price,no_price_available
2026-10-07T10:42:28.333967+00:00,2026-10-07T16:12:28.333967+05:30,BANKNIFTY,27-Oct-2026,58400.0,CE,55055.55,4.5,2880,108,30,0.0,56.25,0,0,0,0,0,,,,,,,,,,,,,,,0.05471371340794647,55241.2,0.061527100952666225,0.0072,index_dividend_yield,0.065,13.93,30,54968.7,55340.7,54636.2,55128.4,mid_price,no_nse_iv
2026-10-07T10:42:28.333967+00:00,2026-10-07T16:12:28.333967+05:30,BANKNIFTY,27-Oct-2026,58400.0,PE,55055.55,3079.05,30,3520.4,1410,3267.95,3299.7250000000004,63,0,22,-7.554455445544554,22.56,,,,,,,,,,,,,,,0.05471371340794647,,,,,,13.93,30,54968.7,55340.7,54636.2,55128.4,mid_price,no_price_available
2026-10-07T10:42:28.333967+00:00,2026-10-07T16:12:28.333967+05:30,BANKNIFTY,27-Oct-2026,58500.0,CE,55055.55,33.1,60,36,120,36,34.55,12983,1622,24559,-4.761904761904762,14.06,0.041568075793226245,4.909740317916298e-05,-4.387061170930397,11.448332791084697,1.1162141507750738,-0.004355876508038613,249.0527834169427,4.604921143517039e-08,0.0007189251911181878,-2.9395837955596575e-06,-1.2584372675040605,75.78762942881932,-0.038604382074868236,4.348595392036929e-05,0.05471371340794647,55241.2,0.061527100952666225,0.0072,index_dividend_yield,0.065,13.93,30,54968.7,55340.7,54636.2,55128.4,mid_price,ok
2026-10-07T10:42:28.333967+00:00,2026-10-07T16:12:28.333967+05:30,BANKNIFTY,27-Oct-2026,58500.0,PE,55055.55,3240.85,120,3294.7,60,3278.8,3267.7749999999996,2813,1,34,-1.7720457166823949,19.96,,,,,,,,,,,,,,,0.05471371340794647,,,,,,13.93,30,54968.7,55340.7,54636.2,55128.4,mid_price,no_price_available
2026-10-07T10:42:28.333967+00:00,2026-10-07T16:12:28.333967+05:30,BANKNIFTY,27-Oct-2026,58600.0,CE,55055.55,31,30,33.6,450,33.55,32.3,1146,176,2310,-2.894356005788712,14.21,0.03873853255044955,4.587508542760861e-05,-4.17903688698386,10.811087100363663,1.0625082807488133,-0.0041786746868059665,241.54998242015236,4.3402204737227096e-08,0.0007021716709699143,-2.8832008849905534e-06,-1.2205725311245477,75.78670792825774,-0.035915178455163364,4.049336471288972e-05,0.05471371340794647,55241.2,0.061527100952666225,0.0072,index_dividend_yield,0.065,13.93,30,54968.7,55340.7,54636.2,55128.4,mid_price,ok
2026-10-07T10:42:28.333967+00:00,2026-10-07T16:12:28.333967+05:30,BANKNIFTY,27-Oct-2026,58600.0,PE,55055.55,3264.4,30,3516.05,450,0.0,3390.2250000000004,57,0,0,0,17,,,,,,,,,,,,,,,0.05471371340794647,,,,,,13.93,30,54968.7,55340.7,54636.2,55128.4,mid_price,no_price_available
2026-10-07T10:42:28.333967+00:00,2026-10-07T16:12:28.333967+05:30,BANKNIFTY,27-Oct-2026,58700.0,CE,55055.55,3.5,2880,58.45,1050,0.0,30.975,0,0,0,0,0,,,,,,,,,,,,,,,0.05471371340794647,55241.2,0.061527100952666225,0.0072,index_dividend_yield,0.065,13.93,30,54968.7,55340.7,54636.2,55128.4,mid_price,no_nse_iv
2026-10-07T10:42:28.333967+00:00,2026-10-07T16:12:28.333967+05:30,BANKNIFTY,27-Oct-2026,58700.0,PE,55055.55,3289.05,480,3629.1,30,0.0,3459.075,167,0,0,0,0,,,,,,,,,,,,,,,0.05471371340794647,,,,,,13.93,30,54968.7,55340.7,54636.2,55128.4,mid_price,no_price_available
2026-10-07T10:42:28.333967+00:00,2026-10-07T16:12:28.333967+05:30,BANKNIFTY,27-Oct-2026,58800.0,CE,55055.55,25.75,300,31.95,600,30.5,28.85,488,488,1428,-98.35330957779938,14.63,0.03488289110471684,4.089708416585705e-05,-3.934179203822181,9.922819096186025,0.972967513618271,-0.003919086790538824,227.19701626717458,3.862231412202806e-08,0.0006568771724733103,-2.7484489566920754e-06,-1.1635099023448063,74.7639464482882,-0.03222464768202779,3.585418906324842e-05,0.05471371340794647,55241.2,0.061527100952666225,0.0072,index_dividend_yield,0.065,13.93,30,54968.7,55340.7,54636.2,55128.4,mid_price,wide_quote_low_liquidity
2026-10-07T10:42:28.333967+00:00,2026-10-07T16:12:28.333967+05:30,BANKNIFTY,27-Oct-2026,58800.0,PE,55055.55,3509.55,30,3730.8,930,3350,3620.175,42,1,2,-4.285714285714286,0,,,,,,,,,,,,,,,0.05471371340794647,,,,,,13.93,30,54968.7,55340.7,54636.2,55128.4,mid_price,no_price_available
2026-10-07T10:42:28.333967+00:00,2026-10-07T16:12:28.333967+05:30,BANKNIFTY,27-Oct-2026,58900.0,CE,55055.55,24.5,30,28.5,30,24.6,26.5,1298,-204,1522,-11.191335740072201,14.39,0.02906517642294753,3.576231639887996e-05,-3.324614503884665,8.534632741491254,0.8879847682362503,-0.003509805539449795,216.6475879256895,3.5954389728103176e-08,0.0006593048957973353,-2.6932695256048743e-06,-1.0699388196975388,77.95256349981055,-0.02681954862952045,3.124620391859029e-05,0.05471371340794647,55241.2,0.061527100952666225,0.0072,index_dividend_yield,0.065,13.93,30,54968.7,55340.7,54636.2,55128.4,mid_price,wide_quote_low_liquidity
2026-10-07T10:42:28.333967+00:00,2026-10-07T16:12:28.333967+05:30,BANKNIFTY,27-Oct-2026,58900.0,PE,55055.55,3507.55,30,3812.5,450,0.0,3660.025,121,0,0,0,0,,,,,,,,,,,,,,,0.05471371340794647,,,,,,13.93,30,54968.7,55340.7,54636.2,55128.4,mid_price,no_price_available
2026-10-07T10:42:28.333967+00:00,2026-10-07T16:12:28.333967+05:30,BANKNIFTY,27-Oct-2026,59000.0,CE,55055.55,22.15,3510,24.15,30,22.15,23.15,21183,-801,32362,-10.141987829614605,14.45,0.026379258580867856,3.2849279862821655e-05,-3.074702134823412,7.872127195003356,0.8335570654816292,-0.0033009026933763096,207.8959065876367,3.3649853830814466e-08,0.0006402034344234383,-2.613368087315609e-06,-1.020321261338938,78.6499902545468,-0.024302693593167578,2.8603820303368926e-05,0.05471371340794647,55241.2,0.061527100952666225,0.0072,index_dividend_yield,0.065,13.93,30,54968.7,55340.7,54636.2,55128.4,mid_price,ok
2026-10-07T10:42:28.333967+00:00,2026-10-07T16:12:28.333967+05:30,BANKNIFTY,27-Oct-2026,59000.0,PE,55055.55,3735,30,3798.6,60,3725.65,3766.8,6682,-4,80,-1.1239384288747345,19.87,,,,,,,,,,,,,,,0.05471371340794647,,,,,,13.93,30,54968.7,55340.7,54636.2,55128.4,mid_price,no_price_available
2026-10-07T10:42:28.333967+00:00,2026-10-07T16:12:28.333967+05:30,BANKNIFTY,27-Oct-2026,59100.0,CE,55055.55,6.3,900,42.4,1050,0.0,24.349999999999998,0,0,0,0,0,,,,,,,,,,,,,,,0.05471371340794647,55241.2,0.061527100952666225,0.0072,index_dividend_yield,0.065,13.93,30,54968.7,55340.7,54636.2,55128.4,mid_price,no_nse_iv
2026-10-07T10:42:28.333967+00:00,2026-10-07T16:12:28.333967+05:30,BANKNIFTY,27-Oct-2026,59100.0,PE,55055.55,3696.45,480,3985.9,30,0.0,3841.175,15,0,0,0,0,,,,,,,,,,,,,,,0.05471371340794647,,,,,,13.93,30,54968.7,55340.7,54636.2,55128.4,mid_price,no_price_available
2026-10-07T10:42:28.333967+00:00,2026-10-07T16:12:28.333967+05:30,BANKNIFTY,27-Oct-2026,59200.0,CE,55055.55,20.2,510,23.7,240,20.2,21.95,1067,-28,1277,-11.013215859030836,14.85,0.023783117590437955,2.930561591041616e-05,-2.88773129745554,7.217315811062135,0.7607225273084349,-0.0030827541246318878,194.0731497661239,2.9890876396300345e-08,0.0005906909187545,-2.4600119483935517e-06,-0.967125167226742,77.60077298788781,-0.021833094113227643,2.5346012864765657e-05,0.05471371340794647,55241.2,0.061527100952666225,0.0072,index_dividend_yield,0.065,13.93,30,54968.7,55340.7,54636.2,55128.4,mid_price,wide_quote_low_liquidity
2026-10-07T10:42:28.333967+00:00,2026-10-07T16:12:28.333967+05:30,BANKNIFTY,27-Oct-2026,59200.0,PE,55055.55,3855.85,480,4104.15,450,0.0,3980.0,10,0,0,0,0,,,,,,,,,,,,,,,0.05471371340794647,,,,,,13.93,30,54968.7,55340.7,54636.2,55128.4,mid_price,no_price_available
2026-10-07T10:42:28.333967+00:00,2026-10-07T16:12:28.333967+05:30,BANKNIFTY,27-Oct-2026,59300.0,CE,55055.55,6.3,900,35.85,1050,0.0,21.075,0,0,0,0,0,,,,,,,,,,,,,,,0.05471371340794647,55241.2,0.061527100952666225,0.0072,index_dividend_yield,0.065,13.93,30,54968.7,55340.7,54636.2,55128.4,mid_price,no_nse_iv
2026-10-07T10:42:28.333967+00:00,2026-10-07T16:12:28.333967+05:30,BANKNIFTY,27-Oct-2026,59300.0,PE,55055.55,3903.1,30,4579.3,450,0.0,4241.2,9,0,0,0,0,,,,,,,,,,,,,,,0.05471371340794647,,,,,,13.93,30,54968.7,55340.7,54636.2,55128.4,mid_price,no_price_available
2026-10-07T10:42:28.333967+00:00,2026-10-07T16:12:28.333967+05:30,BANKNIFTY,27-Oct-2026,59400.0,CE,55055.55,6.3,900,32.85,1050,0.0,19.575,0,0,0,0,0,,,,,,,,,,,,,,,0.05471371340794647,55241.2,0.061527100952666225,0.0072,index_dividend_yield,0.065,13.93,30,54968.7,55340.7,54636.2,55128.4,mid_price,no_nse_iv
2026-10-07T10:42:28.333967+00:00,2026-10-07T16:12:28.333967+05:30,BANKNIFTY,27-Oct-2026,59400.0,PE,55055.55,3927.4,480,4327,480,0.0,4127.2,4,0,0,0,0,,,,,,,,,,,,,,,0.05471371340794647,,,,,,13.93,30,54968.7,55340.7,54636.2,55128.4,mid_price,no_price_available
2026-10-07T10:42:28.333967+00:00,2026-10-07T16:12:28.333967+05:30,BANKNIFTY,27-Oct-2026,59500.0,CE,55055.55,15.6,270,17.6,360,17.3,16.6,8939,529,10440,-3.6211699164345403,15.39,0.02013918294126349,2.4572473577630464e-05,-2.5896040414843173,6.27170899369876,0.660305629648656,-0.0027575198948076064,174.37829209640032,2.5050520535054255e-08,0.0005235503225202692,-2.2381828018835966e-06,-0.8852243297682199,76.50252927634507,-0.0183912688653556,2.103861549267105e-05,0.05471371340794647,55241.2,0.061527100952666225,0.0072,index_dividend_yield,0.065,13.93,30,54968.7,55340.7,54636.2,55128.4,mid_price,ok
2026-10-07T10:42:28.333967+00:00,2026-10-07T16:12:28.333967+05:30,BANKNIFTY,27-Oct-2026,59500.0,PE,55055.55,4127.6,30,4337.25,30,4031.5,4232.425,402,-1,8,-5.141176470588236,0,,,,,,,,,,,,,,,0.05471371340794647,,,,,,13.93,30,54968.7,55340.7,54636.2,55128.4,mid_price,no_price_available
2026-10-07T10:42:28.333967+00:00,2026-10-07T16:12:28.333967+05:30,BANKNIFTY,27-Oct-2026,59600.0,CE,55055.55,10.3,600,17.25,30,14.6,13.775,352,177,1569,-10.153846153846153,15.28,0.01730534684599753,2.1752375723848475e-05,-2.2575000247744126,5.5122442450856735,0.6018228871602465,-0.002491115573202928,163.7385594636185,2.304488375011544e-08,0.0005037856431624955,-2.1300996812212223e-06,-0.8157537254875313,78.48284002359605,-0.015782143012020557,1.856164181231634e-05,0.05471371340794647,55241.2,0.061527100952666225,0.0072,index_dividend_yield,0.065,13.93,30,54968.7,55340.7,54636.2,55128.4,mid_price,wide_quote_low_liquidity
2026-10-07T10:42:28.333967+00:00,2026-10-07T16:12:28.333967+05:30,BANKNIFTY,27-Oct-2026,59600.0,PE,55055.55,4151.65,480,4527.75,450,0.0,4339.7,8,0,0,0,25.8,,,,,,,,,,,,,,,0.05471371340794647,,,,,,13.93,30,54968.7,55340.7,54636.2,55128.4,mid_price,no_price_available
2026-10-07T10:42:28.333967+00:00,2026-10-07T16:12:28.333967+05:30,BANKNIFTY,27-Oct-2026,59700.0,CE,55055.55,10.3,600,21.05,300,15.15,15.675,162,-9,450,-3.8095238095238093,15.66,0.017580192458434587,2.151203727007588e-05,-2.3415222922532766,5.586910339606127,0.5936536615770375,-0.002514234348631579,161.02858746668323,2.2153268692821533e-08,0.00048266138677385774,-2.0874926981724715e-06,-0.8218474338055604,76.45613217145765,-0.016000465423161876,1.8295112757426636e-05,0.05471371340794647,55241.2,0.061527100952666225,0.0072,index_dividend_yield,0.065,13.93,30,54968.7,55340.7,54636.2,55128.4,mid_price,wide_quote_low_liquidity
2026-10-07T10:42:28.333967+00:00,2026-10-07T16:12:28.333967+05:30,BANKNIFTY,27-Oct-2026,59700.0,PE,55055.55,4306.45,30,4894.15,1410,0.0,4600.299999999999,6,0,0,0,16.68,,,,,,,,,,,,,,,0.05471371340794647,,,,,,13.93,30,54968.7,55340.7,54636.2,55128.4,mid_price,no_price_available
2026-10-07T10:42:28.333967+00:00,2026-10-07T16:12:28.333967+05:30,BANKNIFTY,27-Oct-2026,59800.0,CE,55055.55,11.3,30,15.35,30,13.9,13.325,124,39,313,-15.24390243902439,15.75,0.016190019298450747,1.993419959593838e-05,-2.192321145474382,5.206882326680423,0.5586847188324001,-0.0023760144740296984,153.9303724399339,2.0743825778946792e-08,0.0004627447366404614,-2.0072790984827516e-06,-0.7849970847739591,76.77281987411396,-0.014711374294517866,1.6896573644966925e-05,0.05471371340794647,55241.2,0.061527100952666225,0.0072,index_dividend_yield,0.065,13.93,30,54968.7,55340.7,54636.2,55128.4,mid_price,wide_quote_low_liquidity
2026-10-07T10:42:28.333967+00:00,2026-10-07T16:12:28.333967+05:30,BANKNIFTY,27-Oct-2026,59800.0,PE,55055.55,4452.8,30,4922.9,450,0.0,4687.85,5,0,0,0,16.53,,,,,,,,,,,,,,,0.05471371340794647,,,,,,13.93,30,54968.7,55340.7,54636.2,55128.4,mid_price,no_price_available
2026-10-07T10:42:28.333967+00:00,2026-10-07T16:12:28.333967+05:30,BANKNIFTY,27-Oct-2026,59900.0,CE,55055.55,12.25,180,16.55,30,12.6,14.4,87,9,235,-15.719063545150501,15.81,0.01475496571736639,1.8337695112717102e-05,-2.0299833746493583,4.808116921169498,0.5226938469719373,-0.002228082917991663,146.49898541007423,1.9350855691252477e-08,0.0004427424794910466,-1.922644130247553e-06,-0.7448518085546202,77.31690849862616,-0.01338624522773086,1.549149439061233e-05,0.05471371340794647,55241.2,0.061527100952666225,0.0072,index_dividend_yield,0.065,13.93,30,54968.7,55340.7,54636.2,55128.4,mid_price,wide_quote_low_liquidity
2026-10-07T10:42:28.333967+00:00,2026-10-07T16:12:28.333967+05:30,BANKNIFTY,27-Oct-2026,59900.0,PE,55055.55,4439.75,30,4808.9,450,0.0,4624.325,5,0,0,0,29.28,,,,,,,,,,,,,,,0.05471371340794647,,,,,,13.93,30,54968.7,55340.7,54636.2,55128.4,mid_price,no_price_available
2026-10-07T10:42:28.333967+00:00,2026-10-07T16:12:28.333967+05:30,BANKNIFTY,27-Oct-2026,60000.0,CE,55055.55,13.3,5430,13.55,150,13.3,13.425,26639,807,18273,-6.338028169014085,16.22,0.015208752982861092,1.8345682223250834e-05,-2.134690200409572,4.934954113034273,0.5203142522296764,-0.0022721222373799053,145.0284916170683,1.874861124719632e-08,0.0004260359076004377,-1.8950937804918845e-06,-0.7568594547373558,75.12196894814556,-0.0137696672787322,1.5446624063253067e-05,0.05471371340794647,55241.2,0.061527100952666225,0.0072,index_dividend_yield,0.065,13.93,30,54968.7,55340.7,54636.2,55128.4,mid_price,ok
2026-10-07T10:42:28.333967+00:00,2026-10-07T16:12:28.333967+05:30,BANKNIFTY,27-Oct-2026,60000.0,PE,55055.55,4698.65,180,4757.3,30,4704.05,4727.975,9122,26,343,-0.6892984567314797,22.78,,,,,,,,,,,,,,,0.05471371340794647,,,,,,13.93,30,54968.7,55340.7,54636.2,55128.4,mid_price,no_price_available
2026-10-07T10:42:28.333967+00:00,2026-10-07T16:12:28.333967+05:30,BANKNIFTY,27-Oct-2026,60100.0,CE,55055.55,10.5,30,17.4,1410,11.9,13.95,95,-26,258,-10.861423220973784,16.25,0.013749735699875148,1.6789099180837355e-05,-1.9589275170335891,4.524589281705505,0.4847767252551373,-0.002117938264615189,137.60395500479027,1.7453680907971696e-08,0.0004072771604751004,-1.8104255082226452e-06,-0.7144527600023673,75.85827335770209,-0.012429619557390314,1.4089015982907518e-05,0.05471371340794647,55241.2,0.061527100952666225,0.0072,index_dividend_yield,0.065,13.93,30,54968.7,55340.7,54636.2,55128.4,mid_price,wide_quote_low_liquidity
2026-10-07T10:42:28.333967+00:00,2026-10-07T16:12:28.333967+05:30,BANKNIFTY,27-Oct-2026,60100.0,PE,55055.55,4605.2,480,5032.35,480,0.0,4818.775,5,0,0,0,15.59,,,,,,,,,,,,,,,0.05471371340794647,,,,,,13.93,30,54968.7,55340.7,54636.2,55128.4,mid_price,no_price_available
2026-10-07T10:42:28.333967+00:00,2026-10-07T16:12:28.333967+05:30,BANKNIFTY,27-Oct-2026,60200.0,CE,55055.55,11.55,30,12.25,30,12.05,11.9,68,-19,171,-9.398496240601503,16.56,0.01371677486316041,1.6440735783988785e-05,-1.9898488529250669,4.515231113812982,0.4750707636870964,-0.0021122844268555083,134.90648436917053,1.6770456684805184e-08,0.0003919348350353372,-1.772474931240954e-06,-0.7128691673686616,74.475710431113,-0.012376155689272545,1.3750879569606779e-05,0.05471371340794647,55241.2,0.061527100952666225,0.0072,index_dividend_yield,0.065,13.93,30,54968.7,55340.7,54636.2,55128.4,mid_price,ok
2026-10-07T10:42:28.333967+00:00,2026-10-07T16:12:28.333967+05:30,BANKNIFTY,27-Oct-2026,60200.0,PE,55055.55,4735.8,30,,0,0.0,,3,0,0,0,15.63,,,,,,,,,,,,,,,0.05471371340794647,,,,,,13.93,30,54968.7,55340.7,54636.2,55128.4,none,no_price_available
2026-10-07T10:42:28.333967+00:00,2026-10-07T16:12:28.333967+05:30,BANKNIFTY,27-Oct-2026,60300.0,CE,55055.55,10.5,30,17.2,1410,10.7,13.85,60,-11,115,-11.203319502074688,16.56,0.01228366436727816,1.494471135379954e-05,-1.8072143356172181,4.10436774717502,0.4400896402015726,-0.0019542729630165623,127.40091349590487,1.555373735459204e-08,0.00037363839551302725,-1.6857648355511832e-06,-0.6684984926073558,75.40277771111344,-0.011066582847521197,1.2458194824770195e-05,0.05471371340794647,55241.2,0.061527100952666225,0.0072,index_dividend_yield,0.065,13.93,30,54968.7,55340.7,54636.2,55128.4,mid_price,wide_quote_low_liquidity
2026-10-07T10:42:28.333967+00:00,2026-10-07T16:12:28.333967+05:30,BANKNIFTY,27-Oct-2026,60300.0,PE,55055.55,4803.85,30,5221.05,30,0.0,5012.450000000001,3,0,0,0,0,,,,,,,,,,,,,,,0.05471371340794647,,,,,,13.93,30,54968.7,55340.7,54636.2,55128.4,mid_price,no_price_available
2026-10-07T10:42:28.333967+00:00,2026-10-07T16:12:28.333967+05:30,BANKNIFTY,27-Oct-2026,60400.0,CE,55055.55,7.35,900,19.15,30,0.0,13.25,49,0,0,0,17.49,0.015117584548280725,1.6925890354442962e-05,-2.2795384696379064,4.909527929980069,0.48121604908515914,-0.0022539745623792063,134.2787669487584,1.602797127294703e-08,0.0003661578585793843,-1.744630928818087e-06,-0.7518571600773072,69.78241602783831,-0.013582446344558336,1.4063060886900674e-05,0.05471371340794647,55241.2,0.061527100952666225,0.0072,index_dividend_yield,0.065,13.93,30,54968.7,55340.7,54636.2,55128.4,mid_price,wide_quote_low_liquidity
2026-10-07T10:42:28.333967+00:00,2026-10-07T16:12:28.333967+05:30,BANKNIFTY,27-Oct-2026,60400.0,PE,55055.55,4913.95,450,5748.95,180,0.0,5331.45,0,0,0,0,0,,,,,,,,,,,,,,,0.05471371340794647,,,,,,13.93,30,54968.7,55340.7,54636.2,55128.4,mid_price,no_price_available
2026-10-07T10:42:28.333967+00:00,2026-10-07T16:12:28.333967+05:30,BANKNIFTY,27-Oct-2026,60500.0,CE,55055.55,9.8,270,10.95,240,10.15,10.375,2902,235,2817,-6.8807339449541285,16.99,0.011495903033328102,1.3752573191504694e-05,-1.747056176993545,3.8750360413075344,0.40966751899723997,-0.00186188733806859,119.9357913706831,1.4105474759484388e-08,0.00034470448420133467,-1.5901783231921637e-06,-0.6421119964321065,74.05553551318198,-0.010320112334707175,1.1388733403596229e-05,0.05471371340794647,55241.2,0.061527100952666225,0.0072,index_dividend_yield,0.065,13.93,30,54968.7,55340.7,54636.2,55128.4,mid_price,ok
2026-10-07T10:42:28.333967+00:00,2026-10-07T16:12:28.333967+05:30,BANKNIFTY,27-Oct-2026,60500.0,PE,55055.55,5112.8,30,5393.05,30,4902.5,5252.925,310,90,97,-7.144345322650908,0,,,,,,,,,,,,,,,0.05471371340794647,,,,,,13.93,30,54968.7,55340.7,54636.2,55128.4,mid_price,no_price_available
2026-10-07T10:42:28.333967+00:00,2026-10-07T16:12:28.333967+05:30,BANKNIFTY,27-Oct-2026,60600.0,CE,55055.55,6.35,900,11.75,180,11,9.05,79,38,136,22.905027932960895,17.45,0.012128254108685035,1.4026855365620453e-05,-1.8775777694934794,4.05932807621516,0.41432355384028036,-0.001931768333164061,120.20381514329448,1.3865309682163423e-08,0.0003349728528967855,-1.5853845024980348e-06,-0.6620761502582111,71.70485155559328,-0.010864942762838909,1.1577566432707812e-05,0.05471371340794647,55241.2,0.061527100952666225,0.0072,index_dividend_yield,0.065,13.93,30,54968.7,55340.7,54636.2,55128.4,mid_price,wide_quote_low_liquidity
2026-10-07T10:42:28.333967+00:00,2026-10-07T16:12:28.333967+05:30,BANKNIFTY,27-Oct-2026,60600.0,PE,55055.55,5125.25,30,5554.5,600,0.0,5339.875,0,0,0,0,0,,,,,,,,,,,,,,,0.05471371340794647,,,,,,13.93,30,54968.7,55340.7,54636.2,55128.4,mid_price,no_price_available
2026-10-07T10:42:28.333967+00:00,2026-10-07T16:12:28.333967+05:30,BANKNIFTY,27-Oct-2026,60700.0,CE,55055.55,6.35,900,11.75,180,9.35,9.05,48,-4,26,-13.023255813953488,17.34,0.010492897756666428,1.2446161851310146e-05,-1.6439415333525564,3.579175053782598,0.3764413458689246,-0.0017421993077431138,111.8890270212205,1.2699664904590743e-08,0.00031729869839269,-1.4890092362994462e-06,-0.6074450703327945,73.29944620916687,-0.009387331029490235,1.0239064369452212e-05,0.05471371340794647,55241.2,0.061527100952666225,0.0072,index_dividend_yield,0.065,13.93,30,54968.7,55340.7,54636.2,55128.4,mid_price,wide_quote_low_liquidity
2026-10-07T10:42:28.333967+00:00,2026-10-07T16:12:28.333967+05:30,BANKNIFTY,27-Oct-2026,60700.0,PE,55055.55,5200.6,450,6031.8,450,0.0,5616.200000000001,0,0,0,0,0,,,,,,,,,,,,,,,0.05471371340794647,,,,,,13.93,30,54968.7,55340.7,54636.2,55128.4,mid_price,no_price_available
2026-10-07T10:42:28.333967+00:00,2026-10-07T16:12:28.333967+05:30,BANKNIFTY,27-Oct-2026,60800.0,CE,55055.55,6.35,900,15.25,600,9.4,10.8,37,1,32,-10.90047393364929,17.62,0.010420533752008576,1.2174730656692612e-05,-1.6588962028391534,3.557653672566518,0.3687441532150507,-0.001732269452394148,109.72529221080629,1.223414139816099e-08,0.0003063925741325739,-1.4590835618405056e-06,-0.6045375510914384,72.20276014764436,-0.00930530301945965,9.982846989965803e-06,0.05471371340794647,55241.2,0.061527100952666225,0.0072,index_dividend_yield,0.065,13.93,30,54968.7,55340.7,54636.2,55128.4,mid_price,wide_quote_low_liquidity
2026-10-07T10:42:28.333967+00:00,2026-10-07T16:12:28.333967+05:30,BANKNIFTY,27-Oct-2026,60800.0,PE,55055.55,5302.05,30,6148.05,450,0.0,5725.05,0,0,0,0,0,,,,,,,,,,,,,,,0.05471371340794647,,,,,,13.93,30,54968.7,55340.7,54636.2,55128.4,mid_price,no_price_available
2026-10-07T10:42:28.333967+00:00,2026-10-07T16:12:28.333967+05:30,BANKNIFTY,27-Oct-2026,60900.0,CE,55055.55,7.5,30,11.7,180,20.05,9.6,354,41,261,22.629969418960243,19.9,0.018928584830743122,1.802882922630621e-05,-3.1264353367251965,5.95002792209464,0.4928479352417636,-0.0026117437170948485,131.77516664893707,1.4303737684629195e-08,0.00030868774272013884,-1.6646791848998929e-06,-0.8472581558835106,59.824936756831356,-0.016826011423835677,1.4734491441721176e-05,0.05471371340794647,55241.2,0.061527100952666225,0.0072,index_dividend_yield,0.065,13.93,30,54968.7,55340.7,54636.2,55128.4,mid_price,wide_quote_low_liquidity
2026-10-07T10:42:28.333967+00:00,2026-10-07T16:12:28.333967+05:30,BANKNIFTY,27-Oct-2026,60900.0,PE,55055.55,5393.2,450,6710.75,180,0.0,6051.975,0,0,0,0,0,,,,,,,,,,,,,,,0.05471371340794647,55241.2,0.061527100952666225,0.0072,index_dividend_yield,0.065,13.93,30,54968.7,55340.7,54636.2,55128.4,mid_price,no_nse_iv
2026-10-07T10:42:28.333967+00:00,2026-10-07T16:12:28.333967+05:30,BANKNIFTY,27-Oct-2026,61000.0,CE,55055.55,8.95,2910,9.6,600,9.5,9.274999999999999,11369,-340,4707,1.0638297872340425,18.17,0.010254327480541005,1.1641861074339988e-05,-1.683890156556316,3.5081305133206775,0.3537064668972991,-0.0017099987307785496,105.526702819013,1.1365611790810812e-08,0.0002861179802269804,-1.401464671030868e-06,-0.5980052012381734,70.16544379898575,-0.009123140114578935,9.483419313748244e-06,0.05471371340794647,55241.2,0.061527100952666225,0.0072,index_dividend_yield,0.065,13.93,30,54968.7,55340.7,54636.2,55128.4,mid_price,ok
2026-10-07T10:42:28.333967+00:00,2026-10-07T16:12:28.333967+05:30,BANKNIFTY,27-Oct-2026,61000.0,PE,55055.55,5683.25,60,5783.8,60,5600,5733.525,1837,-33,47,-2.9622505826597005,0,,,,,,,,,,,,,,,0.05471371340794647,,,,,,13.93,30,54968.7,55340.7,54636.2,55128.4,mid_price,no_price_available
2026-10-07T10:42:28.333967+00:00,2026-10-07T16:12:28.333967+05:30,BANKNIFTY,27-Oct-2026,61100.0,CE,55055.55,5.55,900,10,630,8.85,7.775,1708,-41,136,-1.6666666666666667,18.27,0.00958204969534547,1.0912568642422449e-05,-1.5946618175408913,3.3064650634286146,0.3351542193783547,-0.0016276709759638543,101.08854793254828,1.0714786291997858e-08,0.00027389577744572257,-1.3469549717767193e-06,-0.5737226619483726,70.28895874107383,-0.008511287083240398,8.860266384170474e-06,0.05471371340794647,55241.2,0.061527100952666225,0.0072,index_dividend_yield,0.065,13.93,30,54968.7,55340.7,54636.2,55128.4,mid_price,wide_quote_low_liquidity
2026-10-07T10:42:28.333967+00:00,2026-10-07T16:12:28.333967+05:30,BANKNIFTY,27-Oct-2026,61100.0,PE,55055.55,5603.95,30,6796.25,930,0.0,6200.1,0,0,0,0,0,,,,,,,,,,,,,,,0.05471371340794647,55241.2,0.061527100952666225,0.0072,index_dividend_yield,0.065,13.93,30,54968.7,55340.7,54636.2,55128.4,mid_price,no_nse_iv
2026-10-07T10:42:28.333967+00:00,2026-10-07T16:12:28.333967+05:30,BANKNIFTY,27-Oct-2026,61200.0,CE,55055.55,6,990,12,630,8,9.0,42,2,71,-13.043478260869565,18.29,0.008704869944372936,1.0021837987548141e-05,-1.4667367407410747,3.039901317022739,0.3124013803877364,-0.0015174436130884449,95.6585811466979,9.984988742195961e-09,0.0002605645080681727,-1.2807970795467087e-06,-0.540763931585527,70.91816717580322,-0.007720483559341015,8.110483488927537e-06,0.05471371340794647,55241.2,0.061527100952666225,0.0072,index_dividend_yield,0.065,13.93,30,54968.7,55340.7,54636.2,55128.4,mid_price,wide_quote_low_liquidity
2026-10-07T10:42:28.333967+00:00,2026-10-07T16:12:28.333967+05:30,BANKNIFTY,27-Oct-2026,61200.0,PE,55055.55,5694.25,30,6911.2,450,0.0,6302.725,0,0,0,0,0,,,,,,,,,,,,,,,0.05471371340794647,55241.2,0.061527100952666225,0.0072,index_dividend_yield,0.065,13.93,30,54968.7,55340.7,54636.2,55128.4,mid_price,no_nse_iv
2026-10-07T10:42:28.333967+00:00,2026-10-07T16:12:28.333967+05:30,BANKNIFTY,27-Oct-2026,61300.0,CE,55055.55,5.55,900,9.9,600,9.95,7.725,24,1,2,-9.132420091324201,19.08,0.010326671778291416,1.1154787632249425e-05,-1.7746711534999124,3.5297023104864684,0.3388338282526316,-0.0017152856869204567,100.97424026902435,1.0343960801347718e-08,0.00026063829487487733,-1.33605809371742e-06,-0.5995376896814286,66.81292576784682,-0.009135907899723085,8.997929137010483e-06,0.05471371340794647,55241.2,0.061527100952666225,0.0072,index_dividend_yield,0.065,13.93,30,54968.7,55340.7,54636.2,55128.4,mid_price,wide_quote_low_liquidity
2026-10-07T10:42:28.333967+00:00,2026-10-07T16:12:28.333967+05:30,BANKNIFTY,27-Oct-2026,61300.0,PE,55055.55,5783.75,450,6625.7,1410,0.0,6204.725,0,0,0,0,0,,,,,,,,,,,,,,,0.05471371340794647,,,,,,13.93,30,54968.7,55340.7,54636.2,55128.4,mid_price,no_price_available
2026-10-07T10:42:28.333967+00:00,2026-10-07T16:12:28.333967+05:30,BANKNIFTY,27-Oct-2026,61400.0,CE,55055.55,5.55,900,19.9,1410,8.4,12.725,33,11,65,-5.084745762711864,18.93,0.008899808838975933,9.872823601567974e-06,-1.5453167270374741,3.0994911014622386,0.30690670477022397,-0.0015401476834044792,93.65306730146683,9.46040997099546e-09,0.00024615472805104176,-1.2497280661074936e-06,-0.5475855328064818,68.39519139346663,-0.007863515635287671,7.937922351681255e-06,0.05471371340794647,55241.2,0.061527100952666225,0.0072,index_dividend_yield,0.065,13.93,30,54968.7,55340.7,54636.2,55128.4,mid_price,wide_quote_low_liquidity
2026-10-07T10:42:28.333967+00:00,2026-10-07T16:12:28.333967+05:30,BANKNIFTY,27-Oct-2026,61400.0,PE,55055.55,5891.3,450,6713.5,1410,0.0,6302.4,0,0,0,0,0,,,,,,,,,,,,,,,0.05471371340794647,,,,,,13.93,30,54968.7,55340.7,54636.2,55128.4,mid_price,no_price_available
2026-10-07T10:42:28.333967+00:00,2026-10-07T16:12:28.333967+05:30,BANKNIFTY,27-Oct-2026,61500.0,CE,55055.55,7.4,270,8.8,120,8.7,8.100000000000001,1563,-35,1074,8.75,19.27,0.009057323039134214,9.848827279231435e-06,-1.5961851948248869,3.1474920239193835,0.30543781251485613,-0.001558967270171959,92.94949620875647,9.239671602470808e-09,0.00023973484461657158,-1.237812959019283e-06,-0.5532260316896598,67.08265098567554,-0.007987356844543204,7.892898187666255e-06,0.05471371340794647,55241.2,0.061527100952666225,0.0072,index_dividend_yield,0.065,13.93,30,54968.7,55340.7,54636.2,55128.4,mid_price,wide_quote_low_liquidity
2026-10-07T10:42:28.333967+00:00,2026-10-07T16:12:28.333967+05:30,BANKNIFTY,27-Oct-2026,61500.0,PE,55055.55,6090.65,480,6417.65,300,0.0,6254.15,149,0,0,0,0,,,,,,,,,,,,,,,0.05471371340794647,,,,,,13.93,30,54968.7,55340.7,54636.2,55128.4,mid_price,no_price_available
2026-10-07T10:42:28.333967+00:00,2026-10-07T16:12:28.333967+05:30,BANKNIFTY,27-Oct-2026,61600.0,CE,55055.55,5.55,900,13,1140,6.95,9.275,85,3,111,-9.74025974025974,18.99,0.007438856933536644,8.406957411370241e-06,-1.3226374833413823,2.6476600008692777,0.2684563781756087,-0.0013492560050447494,84.18698721136897,8.261259736864446e-09,0.00022303841652026018,-1.132881182682227e-06,-0.48942076458365674,69.43643278318439,-0.006552794711065655,6.715519803315105e-06,0.05471371340794647,55241.2,0.061527100952666225,0.0072,index_dividend_yield,0.065,13.93,30,54968.7,55340.7,54636.2,55128.4,mid_price,wide_quote_low_liquidity
2026-10-07T10:42:28.333967+00:00,2026-10-07T16:12:28.333967+05:30,BANKNIFTY,27-Oct-2026,61600.0,PE,55055.55,6073.05,450,6900.75,450,0.0,6486.9,0,0,0,0,0,,,,,,,,,,,,,,,0.05471371340794647,,,,,,13.93,30,54968.7,55340.7,54636.2,55128.4,mid_price,no_price_available
2026-10-07T10:42:28.333967+00:00,2026-10-07T16:12:28.333967+05:30,BANKNIFTY,27-Oct-2026,61700.0,CE,55055.55,5.5,900,22.5,1410,0.0,14.0,19,0,0,0,18.41,0.005369139172773605,6.497811296750555e-06,-0.9605353207303832,1.9838977537417088,0.21706944233634232,-0.0010569118634783685,71.30772548018427,6.920009071321403e-09,0.00019825080915380979,-9.742814204155062e-07,-0.39688390563281906,73.89331202637644,-0.00472610268771501,5.173673024322103e-06,0.05471371340794647,55241.2,0.061527100952666225,0.0072,index_dividend_yield,0.065,13.93,30,54968.7,55340.7,54636.2,55128.4,mid_price,wide_quote_low_liquidity
2026-10-07T10:42:28.333967+00:00,2026-10-07T16:12:28.333967+05:30,BANKNIFTY,27-Oct-2026,61700.0,PE,55055.55,6170.15,450,7074.1,1410,0.0,6622.125,0,0,0,0,0,,,,,,,,,,,,,,,0.05471371340794647,,,,,,13.93,30,54968.7,55340.7,54636.2,55128.4,mid_price,no_price_available
2026-10-07T10:42:28.333967+00:00,2026-10-07T16:12:28.333967+05:30,BANKNIFTY,27-Oct-2026,61800.0,CE,55055.55,5.35,900,10.5,30,6.5,7.925,36,0,4,-24.85549132947977,19.34,0.0069060501631761015,7.73102946894106e-06,-1.2599105151507972,2.479660367976112,0.24961996985322765,-0.0012757137328905767,79.14054534529002,7.540922324614798e-09,0.00020676338206914184,-1.067288457965803e-06,-0.46655119379513144,68.70107894803223,-0.006062816047076704,6.135678421766308e-06,0.05471371340794647,55241.2,0.061527100952666225,0.0072,index_dividend_yield,0.065,13.93,30,54968.7,55340.7,54636.2,55128.4,mid_price,wide_quote_low_liquidity
2026-10-07T10:42:28.333967+00:00,2026-10-07T16:12:28.333967+05:30,BANKNIFTY,27-Oct-2026,61800.0,PE,55055.55,6270.75,450,7108.9,1410,0.0,6689.825,0,0,0,0,0,,,,,,,,,,,,,,,0.05471371340794647,,,,,,13.93,30,54968.7,55340.7,54636.2,55128.4,mid_price,no_price_available
2026-10-07T10:42:28.333967+00:00,2026-10-07T16:12:28.333967+05:30,BANKNIFTY,27-Oct-2026,61900.0,CE,55055.55,5.3,900,12.7,60,0.0,9.0,14,0,0,0,20.12,0.008214627518528174,8.658419537249788e-06,-1.525749713822732,2.8891161645493586,0.2727539861994456,-0.001448997611301025,84.26687185322423,7.893072913111355e-09,0.00020950251913441373,-1.1247093760635899e-06,-0.5200058988298548,64.93615594525399,-0.007193798646525174,6.849510542809843e-06,0.05471371340794647,55241.2,0.061527100952666225,0.0072,index_dividend_yield,0.065,13.93,30,54968.7,55340.7,54636.2,55128.4,mid_price,wide_quote_low_liquidity
2026-10-07T10:42:28.333967+00:00,2026-10-07T16:12:28.333967+05:30,BANKNIFTY,27-Oct-2026,61900.0,PE,55055.55,6352.75,450,7299.5,1410,0.0,6826.125,0,0,0,0,0,,,,,,,,,,,,,,,0.05471371340794647,,,,,,13.93,30,54968.7,55340.7,54636.2,55128.4,mid_price,no_price_available
2026-10-07T10:42:28.333967+00:00,2026-10-07T16:12:28.333967+05:30,BANKNIFTY,27-Oct-2026,62000.0,CE,55055.55,7.45,30,7.5,2640,7.5,7.475,6897,-4,2356,0,20.18,0.007629768121731062,8.089760602755903e-06,-1.4332819156929808,2.70741751503065,0.25766055841583946,-0.0013719153582720956,80.49706321495198,7.437977488815562e-09,0.0002004331900388815,-1.0779984944940814e-06,-0.4964002001878556,65.23083985343818,-0.0066713140591652086,6.37902790554195e-06,0.05471371340794647,55241.2,0.061527100952666225,0.0072,index_dividend_yield,0.065,13.93,30,54968.7,55340.7,54636.2,55128.4,mid_price,ok
2026-10-07T10:42:28.333967+00:00,2026-10-07T16:12:28.333967+05:30,BANKNIFTY,27-Oct-2026,62000.0,PE,55055.55,6666.9,180,6781.8,60,6572.55,6724.35,2182,-39,44,-1.947606331398905,0,,,,,,,,,,,,,,,0.05471371340794647,,,,,,13.93,30,54968.7,55340.7,54636.2,55128.4,mid_price,no_price_available
2026-10-07T10:42:28.333967+00:00,2026-10-07T16:12:28.333967+05:30,BANKNIFTY,27-Oct-2026,62100.0,CE,55055.55,3.7,900,10,30,5.9,6.85,17,6,21,-2.479338842975207,19.85,0.0061751092093456856,6.822820493939664e-06,-1.1691999251277068,2.246067784397515,0.22390421076806796,-0.0011719158667399896,72.1369397035827,6.588302400500527e-09,0.00018475187967297396,-9.759254799980158e-07,-0.43381173084975133,67.69341354438451,-0.00539374834452392,5.362693254262966e-06,0.05471371340794647,55241.2,0.061527100952666225,0.0072,index_dividend_yield,0.065,13.93,30,54968.7,55340.7,54636.2,55128.4,mid_price,wide_quote_low_liquidity
2026-10-07T10:42:28.333967+00:00,2026-10-07T16:12:28.333967+05:30,BANKNIFTY,27-Oct-2026,62100.0,PE,55055.55,6555.05,30,7661.35,450,0.0,7108.200000000001,0,0,0,0,0,,,,,,,,,,,,,,,0.05471371340794647,55241.2,0.061527100952666225,0.0072,index_dividend_yield,0.065,13.93,30,54968.7,55340.7,54636.2,55128.4,mid_price,no_nse_iv
2026-10-07T10:42:28.333967+00:00,2026-10-07T16:12:28.333967+05:30,BANKNIFTY,27-Oct-2026,62200.0,CE,55055.55,5.2,30,20.9,1410,7.1,13.049999999999999,29,1,22,-11.801242236024844,20.54,0.007146039001870335,7.502172824160051e-06,-1.3754337242431047,2.5555589662957092,0.2413153351326228,-0.0013059908829757714,76.12638455152943,6.842077357404972e-09,0.0001869502915500588,-1.0214834201312417e-06,-0.47598555081840604,64.5236245903652,-0.006227197183440711,5.87771475955321e-06,0.05471371340794647,55241.2,0.061527100952666225,0.0072,index_dividend_yield,0.065,13.93,30,54968.7,55340.7,54636.2,55128.4,mid_price,wide_quote_low_liquidity
2026-10-07T10:42:28.333967+00:00,2026-10-07T16:12:28.333967+05:30,BANKNIFTY,27-Oct-2026,62200.0,PE,55055.55,6657,450,7565,450,0.0,7111.0,0,0,0,0,0,,,,,,,,,,,,,,,0.05471371340794647,,,,,,13.93,30,54968.7,55340.7,54636.2,55128.4,mid_price,no_price_available
2026-10-07T10:42:28.333967+00:00,2026-10-07T16:12:28.333967+05:30,BANKNIFTY,27-Oct-2026,62300.0,CE,55055.55,3.6,900,,0,0.0,,16,0,0,0,20.81,,,,,,,,,,,,,,,0.05471371340794647,,,,,,13.93,30,54968.7,55340.7,54636.2,55128.4,none,no_price_available
2026-10-07T10:42:28.333967+00:00,2026-10-07T16:12:28.333967+05:30,BANKNIFTY,27-Oct-2026,62300.0,PE,55055.55,6739.25,450,7705.7,1410,0.0,7222.475,0,0,0,0,0,,,,,,,,,,,,,,,0.05471371340794647,,,,,,13.93,30,54968.7,55340.7,54636.2,55128.4,mid_price,no_price_available
2026-10-07T10:42:28.333967+00:00,2026-10-07T16:12:28.333967+05:30,BANKNIFTY,27-Oct-2026,62400.0,CE,55055.55,3.6,900,21.95,30,0.0,12.775,15,0,0,0,21.3,0.0076516761134028935,7.683755517840027e-06,-1.5129753831392414,2.7142606078501434,0.24488545639864004,-0.001372496833511933,76.47330135075303,6.679527811858402e-09,0.0001804098527627368,-1.0208262269331437e-06,-0.496569224595976,61.831801558674314,-0.00664189296217641,5.981451281052204e-06,0.05471371340794647,55241.2,0.061527100952666225,0.0072,index_dividend_yield,0.065,13.93,30,54968.7,55340.7,54636.2,55128.4,mid_price,wide_quote_low_liquidity
2026-10-07T10:42:28.333967+00:00,2026-10-07T16:12:28.333967+05:30,BANKNIFTY,27-Oct-2026,62400.0,PE,55055.55,6840.45,450,8687.3,450,0.0,7763.875,0,0,0,0,0,,,,,,,,,,,,,,,0.05471371340794647,55241.2,0.061527100952666225,0.0072,index_dividend_yield,0.065,13.93,30,54968.7,55340.7,54636.2,55128.4,mid_price,no_nse_iv
2026-10-07T10:42:28.333967+00:00,2026-10-07T16:12:28.333967+05:30,BANKNIFTY,27-Oct-2026,62500.0,CE,55055.55,5.4,600,6.5,510,6.5,5.95,264,86,742,11.11111111111111,21.06,0.006462628634392158,6.695181552372625e-06,-1.288333910972607,2.338401750361037,0.21856604959077497,-0.0012104667149829508,69.96266799844975,6.0418341148175614e-09,0.00016851857188525136,-9.415947777669913e-07,-0.44602502140296835,63.576986342870406,-0.005603314448501381,5.195227075279596e-06,0.05471371340794647,55241.2,0.061527100952666225,0.0072,index_dividend_yield,0.065,13.93,30,54968.7,55340.7,54636.2,55128.4,mid_price,wide_quote_low_liquidity
2026-10-07T10:42:28.333967+00:00,2026-10-07T16:12:28.333967+05:30,BANKNIFTY,27-Oct-2026,62500.0,PE,55055.55,7056.95,30,7471.75,450,0.0,7264.35,13,0,0,0,0,,,,,,,,,,,,,,,0.05471371340794647,,,,,,13.93,30,54968.7,55340.7,54636.2,55128.4,mid_price,no_price_available
2026-10-07T10:42:28.333967+00:00,2026-10-07T16:12:28.333967+05:30,BANKNIFTY,27-Oct-2026,62600.0,CE,55055.55,3.65,360,13.75,180,0.0,8.7,14,0,0,0,21.39,0.006593827397761885,6.710108859819074e-06,-1.3312189988965333,2.3803386743884736,0.21850103068107993,-0.001228297787159975,69.7404225888898,5.9412427564322645e-09,0.0001652226066571601,-9.370084711807014e-07,-0.4516497052378705,62.48814142892127,-0.005706346054333057,5.190188255267306e-06,0.05471371340794647,55241.2,0.061527100952666225,0.0072,index_dividend_yield,0.065,13.93,30,54968.7,55340.7,54636.2,55128.4,mid_price,wide_quote_low_liquidity
2026-10-07T10:42:28.333967+00:00,2026-10-07T16:12:28.333967+05:30,BANKNIFTY,27-Oct-2026,62600.0,PE,55055.55,7029.45,450,7986.55,1410,0.0,7508.0,0,0,0,0,0,,,,,,,,,,,,,,,0.05471371340794647,,,,,,13.93,30,54968.7,55340.7,54636.2,55128.4,mid_price,no_price_available
2026-10-07T10:42:28.333967+00:00,2026-10-07T16:12:28.333967+05:30,BANKNIFTY,27-Oct-2026,62700.0,CE,55055.55,5.1,30,19.6,1410,4.85,12.350000000000001,41,0,18,-26.515151515151516,20.84,0.004967028156334954,5.3559372296776595e-06,-1.0084163368314412,1.8511073086968315,0.18117878791924172,-0.000991784560648635,60.14828066514177,5.074818060960625e-09,0.00014832677910727563,-8.183748467078079e-07,-0.3756155847409497,65.86182554107866,-0.004295221750209415,4.1295488507796066e-06,0.05471371340794647,55241.2,0.061527100952666225,0.0072,index_dividend_yield,0.065,13.93,30,54968.7,55340.7,54636.2,55128.4,mid_price,wide_quote_low_liquidity
2026-10-07T10:42:28.333967+00:00,2026-10-07T16:12:28.333967+05:30,BANKNIFTY,27-Oct-2026,62700.0,PE,55055.55,7136.5,450,9184.25,1410,0.0,8160.375,0,0,0,0,0,,,,,,,,,,,,,,,0.05471371340794647,55241.2,0.061527100952666225,0.0072,index_dividend_yield,0.065,13.93,30,54968.7,55340.7,54636.2,55128.4,mid_price,no_nse_iv
2026-10-07T10:42:28.333967+00:00,2026-10-07T16:12:28.333967+05:30,BANKNIFTY,27-Oct-2026,62800.0,CE,55055.55,3.3,900,6.05,30,6,4.675,17,0,5,-20.52980132450331,21.58,0.005874631164311919,6.004409215526532e-06,-1.2113520563468907,2.148919394723386,0.1987213062761067,-0.0011257206847510495,64.47449740775002,5.358683419037552e-09,0.00015232419661865835,-8.700294785989892e-07,-0.4190499555202407,62.63985004575553,-0.005067957109909219,4.614803427091417e-06,0.05471371340794647,55241.2,0.061527100952666225,0.0072,index_dividend_yield,0.065,13.93,30,54968.7,55340.7,54636.2,55128.4,mid_price,wide_quote_low_liquidity
2026-10-07T10:42:28.333967+00:00,2026-10-07T16:12:28.333967+05:30,BANKNIFTY,27-Oct-2026,62800.0,PE,55055.55,7219.95,450,8180,450,0.0,7699.975,0,0,0,0,0,,,,,,,,,,,,,,,0.05471371340794647,,,,,,13.93,30,54968.7,55340.7,54636.2,55128.4,mid_price,no_price_available
2026-10-07T10:42:28.333967+00:00,2026-10-07T16:12:28.333967+05:30,BANKNIFTY,27-Oct-2026,62900.0,CE,55055.55,4.9,90,17.35,1410,4.9,11.125,18,0,27,-9.25925925925926,21.33,0.004917289874841077,5.186187460323677e-06,-1.0218590253053368,1.8345834382081148,0.17574519679831435,-0.000983518258320877,58.423152900480055,4.8043762776997496e-09,0.00014083868333353682,-7.942309111404153e-07,-0.3728979004955475,64.43013728854763,-0.004237238069114267,3.973279632167966e-06,0.05471371340794647,55241.2,0.061527100952666225,0.0072,index_dividend_yield,0.065,13.93,30,54968.7,55340.7,54636.2,55128.4,mid_price,wide_quote_low_liquidity
2026-10-07T10:42:28.333967+00:00,2026-10-07T16:12:28.333967+05:30,BANKNIFTY,27-Oct-2026,62900.0,PE,55055.55,7320.9,450,8307.7,1410,0.0,7814.3,0,0,0,0,0,,,,,,,,,,,,,,,0.05471371340794647,,,,,,13.93,30,54968.7,55340.7,54636.2,55128.4,mid_price,no_price_available
2026-10-07T10:42:28.333967+00:00,2026-10-07T16:12:28.333967+05:30,BANKNIFTY,27-Oct-2026,63000.0,CE,55055.55,5.25,150,5.5,90,5.25,5.375,4931,144,3723,1.941747572815534,21.73,0.005167714360989809,5.32095753932416e-06,-1.0875000097837348,1.9175554089150477,0.17919771166700946,-0.001021058427356141,59.17423298901814,4.802215245303176e-09,0.00013971033984118634,-8.022079552847427e-07,-0.385193837425474,62.97042823700778,-0.0044443362271688125,4.063599568385918e-06,0.05471371340794647,55241.2,0.061527100952666225,0.0072,index_dividend_yield,0.065,13.93,30,54968.7,55340.7,54636.2,55128.4,mid_price,ok
2026-10-07T10:42:28.333967+00:00,2026-10-07T16:12:28.333967+05:30,BANKNIFTY,27-Oct-2026,63000.0,PE,55055.55,7469.65,30,7838.4,30,0.0,7654.025,2050,0,0,0,39.4,,,,,,,,,,,,,,,0.05471371340794647,,,,,,13.93,30,54968.7,55340.7,54636.2,55128.4,mid_price,no_price_available
2026-10-07T10:42:28.333967+00:00,2026-10-07T16:12:28.333967+05:30,BANKNIFTY,27-Oct-2026,63100.0,CE,55055.55,2.3,900,,0,4.95,,20,0,10,-14.655172413793103,21.82,0.0048733626223325275,5.029345109141335e-06,-1.0359908304006533,1.8199714957805642,0.1707049508917588,-0.0009761797466392693,56.81573779767679,4.556939543567689e-09,0.00013395301473552437,-7.717401467130775e-07,-0.3704817561887816,63.05636310070538,-0.004184637817548598,3.828731665835597e-06,0.05471371340794647,55241.2,0.061527100952666225,0.0072,index_dividend_yield,0.065,13.93,30,54968.7,55340.7,54636.2,55128.4,ltp,ok
2026-10-07T10:42:28.333967+00:00,2026-10-07T16:12:28.333967+05:30,BANKNIFTY,27-Oct-2026,63100.0,PE,55055.55,7508,450,9471.65,1410,0.0,8489.825,0,0,0,0,0,,,,,,,,,,,,,,,0.05471371340794647,55241.2,0.061527100952666225,0.0072,index_dividend_yield,0.065,13.93,30,54968.7,55340.7,54636.2,55128.4,mid_price,no_nse_iv
2026-10-07T10:42:28.333967+00:00,2026-10-07T16:12:28.333967+05:30,BANKNIFTY,27-Oct-2026,63200.0,CE,55055.55,2.3,900,6,600,4.45,4.15,13,0,32,-15.238095238095237,21.8,0.004420286497951798,4.614187284115297e-06,-0.9483731324696649,1.6682076713290548,0.1586006561596822,-0.0009056745192294888,53.47063558624632,4.241133653452044e-09,0.0001267278356425442,-7.288415092324244e-07,-0.34712024081064885,63.678822061188406,-0.0037901836247945034,3.501573707218147e-06,0.05471371340794647,55241.2,0.061527100952666225,0.0072,index_dividend_yield,0.065,13.93,30,54968.7,55340.7,54636.2,55128.4,mid_price,wide_quote_low_liquidity
2026-10-07T10:42:28.333967+00:00,2026-10-07T16:12:28.333967+05:30,BANKNIFTY,27-Oct-2026,63200.0,PE,55055.55,7599.8,450,8470,450,0.0,8034.9,0,0,0,0,0,,,,,,,,,,,,,,,0.05471371340794647,,,,,,13.93,30,54968.7,55340.7,54636.2,55128.4,mid_price,no_price_available
2026-10-07T10:42:28.333967+00:00,2026-10-07T16:12:28.333967+05:30,BANKNIFTY,27-Oct-2026,63300.0,CE,55055.55,2.3,900,,0,0.0,,14,0,0,0,21.11,,,,,,,,,,,,,,,0.05471371340794647,,,,,,13.93,30,54968.7,55340.7,54636.2,55128.4,none,no_price_available
2026-10-07T10:42:28.333967+00:00,2026-10-07T16:12:28.333967+05:30,BANKNIFTY,27-Oct-2026,63300.0,PE,55055.55,7718.65,450,8676.95,1410,0.0,8197.8,0,0,0,0,0,,,,,,,,,,,,,,,0.05471371340794647,,,,,,13.93,30,54968.7,55340.7,54636.2,55128.4,mid_price,no_price_available
2026-10-07T10:42:28.333967+00:00,2026-10-07T16:12:28.333967+05:30,BANKNIFTY,27-Oct-2026,63400.0,CE,55055.55,2.3,900,,0,0.0,,5,0,0,0,21.17,,,,,,,,,,,,,,,0.05471371340794647,,,,,,13.93,30,54968.7,55340.7,54636.2,55128.4,none,no_price_available
2026-10-07T10:42:28.333967+00:00,2026-10-07T16:12:28.333967+05:30,BANKNIFTY,27-Oct-2026,63400.0,PE,55055.55,7798.45,450,8641.05,1410,0.0,8219.75,0,0,0,0,0,,,,,,,,,,,,,,,0.05471371340794647,,,,,,13.93,30,54968.7,55340.7,54636.2,55128.4,mid_price,no_price_available
2026-10-07T10:42:28.333967+00:00,2026-10-07T16:12:28.333967+05:30,BANKNIFTY,27-Oct-2026,63500.0,CE,55055.55,3.5,600,4.9,570,4.9,4.2,54,47,150,-27.40740740740741,22.73,0.004688682994744032,4.664514269382508e-06,-1.0407771134054296,1.758345701469559,0.15924843562480562,-0.0009467083867386716,53.27537887716904,4.0737297865962765e-09,0.00012080378373431703,-7.232128152598475e-07,-0.3607508643097095,60.78443837794593,-0.003998287290745692,3.506397810923168e-06,0.05471371340794647,55241.2,0.061527100952666225,0.0072,index_dividend_yield,0.065,13.93,30,54968.7,55340.7,54636.2,55128.4,mid_price,wide_quote_low_liquidity
2026-10-07T10:42:28.333967+00:00,2026-10-07T16:12:28.333967+05:30,BANKNIFTY,27-Oct-2026,63500.0,PE,55055.55,8026.45,480,8470.6,450,0.0,8248.525,6,0,0,0,0,,,,,,,,,,,,,,,0.05471371340794647,,,,,,13.93,30,54968.7,55340.7,54636.2,55128.4,mid_price,no_price_available
2026-10-07T10:42:28.333967+00:00,2026-10-07T16:12:28.333967+05:30,BANKNIFTY,27-Oct-2026,63600.0,CE,55055.55,2.1,900,5.6,600,4.5,3.8499999999999996,19,9,21,-25.619834710743802,22.75,0.00432965487304894,4.340409654367102e-06,-0.9698200307304896,1.6376101602810005,0.14970907509624262,-0.0008903728936728071,50.60916720188657,3.8285344944941415e-09,0.00011505552323878249,-6.889093922123077e-07,-0.34200514804727944,61.17309766685682,-0.003686711600597978,3.2525104503630326e-06,0.05471371340794647,55241.2,0.061527100952666225,0.0072,index_dividend_yield,0.065,13.93,30,54968.7,55340.7,54636.2,55128.4,mid_price,wide_quote_low_liquidity
2026-10-07T10:42:28.333967+00:00,2026-10-07T16:12:28.333967+05:30,BANKNIFTY,27-Oct-2026,63600.0,PE,55055.55,7993.3,450,8998.2,450,0.0,8495.75,0,0,0,0,0,,,,,,,,,,,,,,,0.05471371340794647,,,,,,13.93,30,54968.7,55340.7,54636.2,55128.4,mid_price,no_price_available
2026-10-07T10:42:28.333967+00:00,2026-10-07T16:12:28.333967+05:30,BANKNIFTY,27-Oct-2026,63700.0,CE,55055.55,3.85,180,5.15,300,3.85,4.5,223,10,175,-7.228915662650603,22.6,0.0037620345318657667,3.852714194761557e-06,-0.849284357765858,1.4440214170334278,0.13522749401355655,-0.0007986020181003427,46.54065735844226,3.4860243299305453e-09,0.000107122053057157,-6.36666487576119e-07,-0.3110201594177615,62.34927091643282,-0.003199355333841477,2.8779956916264918e-06,0.05471371340794647,55241.2,0.061527100952666225,0.0072,index_dividend_yield,0.065,13.93,30,54968.7,55340.7,54636.2,55128.4,mid_price,wide_quote_low_liquidity
2026-10-07T10:42:28.333967+00:00,2026-10-07T16:12:28.333967+05:30,BANKNIFTY,27-Oct-2026,63700.0,PE,55055.55,8089.65,450,9037.75,1410,0.0,8563.7,0,0,0,0,0,,,,,,,,,,,,,,,0.05471371340794647,,,,,,13.93,30,54968.7,55340.7,54636.2,55128.4,mid_price,no_price_available
2026-10-07T10:42:28.333967+00:00,2026-10-07T16:12:28.333967+05:30,BANKNIFTY,27-Oct-2026,63800.0,CE,55055.55,2.4,60,7.8,600,3.8,5.1,126,6,70,-24,22.79,0.0036875553015250787,3.7526870851441673e-06,-0.8408674038116108,1.418355444718197,0.1320620479391282,-0.000786107134447464,45.56520565786326,3.3751024368176176e-09,0.00010408710679657117,-6.234754178161672e-07,-0.3067557591441419,61.94606969754139,-0.0031307682152918975,2.794494159610772e-06,0.05471371340794647,55241.2,0.061527100952666225,0.0072,index_dividend_yield,0.065,13.93,30,54968.7,55340.7,54636.2,55128.4,mid_price,wide_quote_low_liquidity
2026-10-07T10:42:28.333967+00:00,2026-10-07T16:12:28.333967+05:30,BANKNIFTY,27-Oct-2026,63800.0,PE,55055.55,8181.5,450,9167.7,450,0.0,8674.6,0,0,0,0,0,,,,,,,,,,,,,,,0.05471371340794647,,,,,,13.93,30,54968.7,55340.7,54636.2,55128.4,mid_price,no_price_available
2026-10-07T10:42:28.333967+00:00,2026-10-07T16:12:28.333967+05:30,BANKNIFTY,27-Oct-2026,63900.0,CE,55055.55,2.1,900,5.5,30,4.05,3.8,16,0,4,-5.813953488372093,23.17,0.0038667417091124987,3.8515566365631265e-06,-0.8916412692598364,1.4799966236709867,0.1347951766047326,-0.0008153743254513059,46.23184038335704,3.38439401021146e-09,0.00010368831148212629,-6.311637317051145e-07,-0.31672476531135385,60.69115925766853,-0.003276649522441537,2.859148965537964e-06,0.05471371340794647,55241.2,0.061527100952666225,0.0072,index_dividend_yield,0.065,13.93,30,54968.7,55340.7,54636.2,55128.4,mid_price,wide_quote_low_liquidity
2026-10-07T10:42:28.333967+00:00,2026-10-07T16:12:28.333967+05:30,BANKNIFTY,27-Oct-2026,63900.0,PE,55055.55,8280,450,9265.35,450,0.0,8772.675,0,0,0,0,0,,,,,,,,,,,,,,,0.05471371340794647,,,,,,13.93,30,54968.7,55340.7,54636.2,55128.4,mid_price,no_price_available
2026-10-07T10:42:28.333967+00:00,2026-10-07T16:12:28.333967+05:30,BANKNIFTY,27-Oct-2026,64000.0,CE,55055.55,3.25,270,3.3,120,3.25,3.275,4959,-323,3217,-18.75,22.87,0.0031824934921145893,3.2759956446983583e-06,-0.7387145587794798,1.2425328593850296,0.11736044293972174,-0.0007004571976088909,41.23244528726444,2.9915570372104124e-09,9.438387115622435e-05,-5.66623001731848e-07,-0.2772176252867362,62.52602132607442,-0.0026939323968947033,2.4242956312683127e-06,0.05471371340794647,55241.2,0.061527100952666225,0.0072,index_dividend_yield,0.065,13.93,30,54968.7,55340.7,54636.2,55128.4,mid_price,ok
2026-10-07T10:42:28.333967+00:00,2026-10-07T16:12:28.333967+05:30,BANKNIFTY,27-Oct-2026,64000.0,PE,55055.55,8528.65,480,8848.8,30,0.0,8688.724999999999,114,0,0,0,0,,,,,,,,,,,,,,,0.05471371340794647,,,,,,13.93,30,54968.7,55340.7,54636.2,55128.4,mid_price,no_price_available
2026-10-07T10:42:28.333967+00:00,2026-10-07T16:12:28.333967+05:30,BANKNIFTY,27-Oct-2026,64500.0,CE,55055.55,2.3,480,3,300,2.3,2.65,1418,-145,1157,-17.857142857142858,23.16,0.0022757442734485595,2.38983539184891e-06,-0.5517502265515899,0.9179202395387054,0.08898570293480192,-0.0005367961155871535,32.51035246879502,2.2436250882174604e-09,7.432024246859432e-05,-4.505691296219908e-07,-0.21911298776528487,63.50465900805456,-0.001911928518996533,1.7412084668144645e-06,0.05471371340794647,55241.2,0.061527100952666225,0.0072,index_dividend_yield,0.065,13.93,30,54968.7,55340.7,54636.2,55128.4,mid_price,wide_quote_low_liquidity
2026-10-07T10:42:28.333967+00:00,2026-10-07T16:12:28.333967+05:30,BANKNIFTY,27-Oct-2026,64500.0,PE,55055.55,9065,30,9437.9,480,0.0,9251.45,48,0,0,0,0,,,,,,,,,,,,,,,0.05471371340794647,,,,,,13.93,30,54968.7,55340.7,54636.2,55128.4,mid_price,no_price_available
2026-10-07T10:42:28.333967+00:00,2026-10-07T16:12:28.333967+05:30,BANKNIFTY,27-Oct-2026,65000.0,CE,55055.55,1.85,330,1.9,1680,1.9,1.875,7365,-13,3121,-7.317073170731708,23.78,0.0018622577449019532,1.940314500254976e-06,-0.47153652166669097,0.7652130746288351,0.07386955134768046,-0.0004567269564940573,27.591104095155526,1.8138448502792356e-09,6.179966060896726e-05,-3.8380458248898315e-07,-0.18976689354239784,62.871685991496214,-0.0015522596983433535,1.3920268976218802e-06,0.05471371340794647,55241.2,0.061527100952666225,0.0072,index_dividend_yield,0.065,13.93,30,54968.7,55340.7,54636.2,55128.4,mid_price,ok
2026-10-07T10:42:28.333967+00:00,2026-10-07T16:12:28.333967+05:30,BANKNIFTY,27-Oct-2026,65000.0,PE,55055.55,9552.75,30,9761.2,60,9568.45,9656.975,2916,28,43,-1.9626024590163935,0,,,,,,,,,,,,,,,0.05471371340794647,,,,,,13.93,30,54968.7,55340.7,54636.2,55128.4,mid_price,no_price_available
2026-10-07T10:42:28.333967+00:00,2026-10-07T16:12:28.333967+05:30,BANKNIFTY,27-Oct-2026,65500.0,CE,55055.55,1.8,540,2.2,30,2.2,2.0,1417,4,1697,10,25.14,0.0020464808527347464,1.9995359519839276e-06,-0.5422362772437013,0.8336675418683309,0.07544068244347236,-0.0004922714444933773,27.889604146400124,1.7460800091916233e-09,5.893715825137808e-05,-3.8625839386707434e-07,-0.20287505885153467,59.078828364730434,-0.0016910383779666933,1.4126963671951552e-06,0.05471371340794647,55241.2,0.061527100952666225,0.0072,index_dividend_yield,0.065,13.93,30,54968.7,55340.7,54636.2,55128.4,mid_price,wide_quote_low_liquidity
2026-10-07T10:42:28.333967+00:00,2026-10-07T16:12:28.333967+05:30,BANKNIFTY,27-Oct-2026,65500.0,PE,55055.55,10046.05,30,10358.8,30,0.0,10202.425,134,0,0,0,32.79,,,,,,,,,,,,,,,0.05471371340794647,,,,,,13.93,30,54968.7,55340.7,54636.2,55128.4,mid_price,no_price_available
