fetch_ts_utc,fetch_ts_ist,symbol,expiry_date,strike,option_type,underlying_value,bid_price,bid_qty,ask_price,ask_qty,ltp,mid_price,open_interest,change_in_oi,total_traded_volume,pchange_vs_prev_close,nse_iv,delta,gamma,theta,vega,vanna,charm,vomma,speed,zomma,color,veta,omega,dual_delta,dual_gamma,time_to_expiry_years,futures_price,implied_cost_of_carry,dividend_yield_used,dividend_yield_source,risk_free_rate_used,india_vix,lot_size,underlying_day_open,underlying_day_high,underlying_day_low,underlying_prev_close,price_source_for_iv,data_quality_flag
2026-09-16T08:51:15.766123+00:00,2026-09-16T14:21:15.766123+05:30,BANKNIFTY,29-Sep-2026,43500.0,CE,56273.1,11834.35,300,13244.55,300,0.0,12539.45,0,0,0,0,0,,,,,,,,,,,,,,,0.035747216954496445,,,,,,13.18,30,56007.65,56368.7,55812.2,55794.75,mid_price,no_price_available
2026-09-16T08:51:15.766123+00:00,2026-09-16T14:21:15.766123+05:30,BANKNIFTY,29-Sep-2026,43500.0,PE,56273.1,1.55,9180,1.7,360,1.55,1.625,5247,5,438,-50,45.88,-0.0012014471177560116,8.161240843797863e-07,-0.7341720915474669,0.4238610606912131,-0.0256026837646688,0.00044291319050732266,8.267907459732381,-5.241305153234407e-10,1.4140477165612917e-05,-2.4386905194498614e-07,-0.15930578686876312,-40.138970763208185,0.001592954728018088,1.3657756367758873e-06,0.035747216954496445,56467.2,0.09632400640467702,0.006999999999999999,index_dividend_yield,0.065,13.18,30,56007.65,56368.7,55812.2,55794.75,mid_price,ok
2026-09-16T08:51:15.766123+00:00,2026-09-16T14:21:15.766123+05:30,BANKNIFTY,29-Sep-2026,45000.0,CE,56273.1,11369,30,11450.1,30,11350,11409.55,793,0,1,2.0137606226883995,0,,,,,,,,,,,,,,,0.035747216954496445,56467.2,0.09632400640467702,0.006999999999999999,index_dividend_yield,0.065,13.18,30,56007.65,56368.7,55812.2,55794.75,mid_price,no_nse_iv
2026-09-16T08:51:15.766123+00:00,2026-09-16T14:21:15.766123+05:30,BANKNIFTY,29-Sep-2026,45000.0,PE,56273.1,2.3,1080,2.45,60,2.35,2.375,5991,-3,2020,-51.54639175257732,41.9,-0.0019397368884957013,1.3832153039602585e-06,-1.0356045519881345,0.6560662928633504,-0.041332557313832494,0.0006511691646134787,12.698877479779268,-9.245202734834202e-10,2.347215263344857e-05,-3.685083132598937e-07,-0.2252388035221948,-42.40846088898352,0.002482864552098544,2.1630494032372552e-06,0.035747216954496445,56467.2,0.09632400640467702,0.006999999999999999,index_dividend_yield,0.065,13.18,30,56007.65,56368.7,55812.2,55794.75,mid_price,ok
2026-09-16T08:51:15.766123+00:00,2026-09-16T14:21:15.766123+05:30,BANKNIFTY,29-Sep-2026,46500.0,CE,56273.1,9117.75,300,10167,300,0.0,9642.375,1,0,0,0,65.63,,,,,,,,,,,,,,,0.035747216954496445,,,,,,13.18,30,56007.65,56368.7,55812.2,55794.75,mid_price,no_price_available
2026-09-16T08:51:15.766123+00:00,2026-09-16T14:21:15.766123+05:30,BANKNIFTY,29-Sep-2026,46500.0,PE,56273.1,4.7,30,4.9,60,4.8,4.800000000000001,886,55,990,-37.254901960784316,38.87,-0.0038979521222652267,2.7990449321667335e-06,-1.798738491366115,1.231596164510678,-0.07704873827396184,0.0011220470253506041,21.811207708624103,-1.8577066885964368e-09,4.23688684333888e-05,-6.14377303011808e-07,-0.36485853217787456,-43.10785238780165,0.0048266289499475515,4.099261702994399e-06,0.035747216954496445,56467.2,0.09632400640467702,0.006999999999999999,index_dividend_yield,0.065,13.18,30,56007.65,56368.7,55812.2,55794.75,mid_price,ok
2026-09-16T08:51:15.766123+00:00,2026-09-16T14:21:15.766123+05:30,BANKNIFTY,29-Sep-2026,48000.0,CE,56273.1,8114.4,300,8503.05,30,0.0,8308.724999999999,184,0,0,0,0,,,,,,,,,,,,,,,0.035747216954496445,56467.2,0.09632400640467702,0.006999999999999999,index_dividend_yield,0.065,13.18,30,56007.65,56368.7,55812.2,55794.75,mid_price,no_nse_iv
2026-09-16T08:51:15.766123+00:00,2026-09-16T14:21:15.766123+05:30,BANKNIFTY,29-Sep-2026,48000.0,PE,56273.1,6.25,390,6.3,60,6.2,6.275,3701,-145,3217,-42.857142857142854,34.1,-0.005688727684849262,4.470016997524861e-06,-2.2026735458857365,1.7254702294396518,-0.11729576099209996,0.0014918304003094882,31.583339798074373,-3.210902819078126e-09,6.871094944038142e-05,-8.691739090452216e-07,-0.4678367661071261,-47.53953915963476,0.0068095032157915285,6.143677082529982e-06,0.035747216954496445,56467.2,0.09632400640467702,0.006999999999999999,index_dividend_yield,0.065,13.18,30,56007.65,56368.7,55812.2,55794.75,mid_price,ok
2026-09-16T08:51:15.766123+00:00,2026-09-16T14:21:15.766123+05:30,BANKNIFTY,29-Sep-2026,48500.0,CE,56273.1,7205.7,300,8329.2,300,0.0,7767.450000000001,0,0,0,0,0,,,,,,,,,,,,,,,0.035747216954496445,,,,,,13.18,30,56007.65,56368.7,55812.2,55794.75,mid_price,no_price_available
2026-09-16T08:51:15.766123+00:00,2026-09-16T14:21:15.766123+05:30,BANKNIFTY,29-Sep-2026,48500.0,PE,56273.1,7.65,30,8.6,600,8.7,8.125,66,0,118,-90.05145797598628,33.22,-0.007523298368025079,5.875128751675496e-06,-2.7436573576561036,2.209331748985692,-0.14804216910375803,0.001830812470828399,38.292907702374144,-4.161453110906511e-09,8.414375206624101e-05,-1.034138353692477e-06,-0.5582356677021985,-47.47327841168156,0.008912931258412728,7.90925526271405e-06,0.035747216954496445,56467.2,0.09632400640467702,0.006999999999999999,index_dividend_yield,0.065,13.18,30,56007.65,56368.7,55812.2,55794.75,mid_price,ok
2026-09-16T08:51:15.766123+00:00,2026-09-16T14:21:15.766123+05:30,BANKNIFTY,29-Sep-2026,49000.0,CE,56273.1,7361.15,30,7498.4,30,0.0,7429.775,70,0,0,0,67.24,0.8784760606293005,2.8168543879663693e-05,-61.707546678660194,21.440554811205846,-0.312095868577944,0.007809174846377442,38.80042225372904,-5.100012830397907e-09,9.083472937440818e-06,-1.9362266028042187e-07,-1.7897977246747985,6.317356604259203,-0.8491708658170655,3.7151291713316274e-05,0.035747216954496445,56467.2,0.09632400640467702,0.006999999999999999,index_dividend_yield,0.065,13.18,30,56007.65,56368.7,55812.2,55794.75,mid_price,ok
2026-09-16T08:51:15.766123+00:00,2026-09-16T14:21:15.766123+05:30,BANKNIFTY,29-Sep-2026,49000.0,PE,56273.1,9.15,90,9.25,30,9.2,9.2,1387,-101,2099,-27.84313725490196,31.5,-0.008459764136501267,6.8691654038516435e-06,-2.879317271280584,2.449392844214943,-0.17019902619485205,0.0019916685051004322,43.248913155388365,-5.037086039430814e-09,9.948137065190072e-05,-1.1561283198708987e-06,-0.5999661079317193,-49.507235243717304,0.00991169518229025,9.059693281829635e-06,0.035747216954496445,56467.2,0.09632400640467702,0.006999999999999999,index_dividend_yield,0.065,13.18,30,56007.65,56368.7,55812.2,55794.75,mid_price,ok
2026-09-16T08:51:15.766123+00:00,2026-09-16T14:21:15.766123+05:30,BANKNIFTY,29-Sep-2026,49500.0,CE,56273.1,6467.5,300,7464.55,300,0.0,6966.025,3,0,0,0,0,,,,,,,,,,,,,,,0.035747216954496445,56467.2,0.09632400640467702,0.006999999999999999,index_dividend_yield,0.065,13.18,30,56007.65,56368.7,55812.2,55794.75,mid_price,no_nse_iv
2026-09-16T08:51:15.766123+00:00,2026-09-16T14:21:15.766123+05:30,BANKNIFTY,29-Sep-2026,49500.0,PE,56273.1,10.75,270,11.1,30,10.9,10.925,1010,-96,1369,-27.814569536423843,30.17,-0.010356057114855032,8.560034432556608e-06,-3.285254159553768,2.923443728440757,-0.20546808261813312,0.002297327255710373,50.56579272725048,-6.344418651940229e-09,0.00011968678959539823,-1.327617979381888e-06,-0.67739464424946,-50.617898973373464,0.012005666830184718,1.1062844160376582e-05,0.035747216954496445,56467.2,0.09632400640467702,0.006999999999999999,index_dividend_yield,0.065,13.18,30,56007.65,56368.7,55812.2,55794.75,mid_price,ok
2026-09-16T08:51:15.766123+00:00,2026-09-16T14:21:15.766123+05:30,BANKNIFTY,29-Sep-2026,50000.0,CE,56273.1,6408.05,30,6453.65,60,6423.4,6430.85,3500,-43,86,7.204966870837993,0,,,,,,,,,,,,,,,0.035747216954496445,56467.2,0.09632400640467702,0.006999999999999999,index_dividend_yield,0.065,13.18,30,56007.65,56368.7,55812.2,55794.75,mid_price,no_nse_iv
2026-09-16T08:51:15.766123+00:00,2026-09-16T14:21:15.766123+05:30,BANKNIFTY,29-Sep-2026,50000.0,PE,56273.1,11.9,30,12.25,30,12.05,12.075,14335,-1670,16625,-32.30337078651685,28.59,-0.012160295581498854,1.0386527025243617e-05,-3.57173640426848,3.36146371610209,-0.2428798847192333,0.0025662868649652115,58.19224912051513,-7.903365445887989e-09,0.00014347757802467848,-1.502194200256457e-06,-0.7436587493646631,-52.51698730748124,0.013946551036902092,1.3156247278108567e-05,0.035747216954496445,56467.2,0.09632400640467702,0.006999999999999999,index_dividend_yield,0.065,13.18,30,56007.65,56368.7,55812.2,55794.75,mid_price,ok
2026-09-16T08:51:15.766123+00:00,2026-09-16T14:21:15.766123+05:30,BANKNIFTY,29-Sep-2026,50500.0,CE,56273.1,5496.6,300,6130,300,0.0,5813.3,3,0,0,0,0,,,,,,,,,,,,,,,0.035747216954496445,56467.2,0.09632400640467702,0.006999999999999999,index_dividend_yield,0.065,13.18,30,56007.65,56368.7,55812.2,55794.75,mid_price,no_nse_iv
2026-09-16T08:51:15.766123+00:00,2026-09-16T14:21:15.766123+05:30,BANKNIFTY,29-Sep-2026,50500.0,PE,56273.1,14.2,30,14.35,30,14.2,14.274999999999999,2769,1623,7254,-30.049261083743843,27.11,-0.01470430709271226,1.290619599379945e-05,-3.9804768362223903,3.9606976491982193,-0.29201353965713045,0.002916239644912463,67.66329485066636,-1.0009747336688935e-08,0.0001728784676745495,-1.7079283495625955e-06,-0.8274724099822195,-54.228715246450065,0.016687437478739853,1.6025706352453768e-05,0.035747216954496445,56467.2,0.09632400640467702,0.006999999999999999,index_dividend_yield,0.065,13.18,30,56007.65,56368.7,55812.2,55794.75,mid_price,ok
2026-09-16T08:51:15.766123+00:00,2026-09-16T14:21:15.766123+05:30,BANKNIFTY,29-Sep-2026,50800.0,CE,56273.1,5056.1,300,6001.5,300,0.0,5528.8,0,0,0,0,0,,,,,,,,,,,,,,,0.035747216954496445,56467.2,0.09632400640467702,0.006999999999999999,index_dividend_yield,0.065,13.18,30,56007.65,56368.7,55812.2,55794.75,mid_price,no_nse_iv
2026-09-16T08:51:15.766123+00:00,2026-09-16T14:21:15.766123+05:30,BANKNIFTY,29-Sep-2026,50800.0,PE,56273.1,10.3,600,24.3,300,0.0,17.3,0,0,0,0,0,,,,,,,,,,,,,,,0.035747216954496445,56467.2,0.09632400640467702,0.006999999999999999,index_dividend_yield,0.065,13.18,30,56007.65,56368.7,55812.2,55794.75,mid_price,no_nse_iv
2026-09-16T08:51:15.766123+00:00,2026-09-16T14:21:15.766123+05:30,BANKNIFTY,29-Sep-2026,50900.0,CE,56273.1,4977.95,300,5929.2,300,0.0,5453.575,0,0,0,0,0,,,,,,,,,,,,,,,0.035747216954496445,56467.2,0.09632400640467702,0.006999999999999999,index_dividend_yield,0.065,13.18,30,56007.65,56368.7,55812.2,55794.75,mid_price,no_nse_iv
2026-09-16T08:51:15.766123+00:00,2026-09-16T14:21:15.766123+05:30,BANKNIFTY,29-Sep-2026,50900.0,PE,56273.1,10.3,600,24.8,300,0.0,17.55,0,0,0,0,0,,,,,,,,,,,,,,,0.035747216954496445,56467.2,0.09632400640467702,0.006999999999999999,index_dividend_yield,0.065,13.18,30,56007.65,56368.7,55812.2,55794.75,mid_price,no_nse_iv
2026-09-16T08:51:15.766123+00:00,2026-09-16T14:21:15.766123+05:30,BANKNIFTY,29-Sep-2026,51000.0,CE,56273.1,5429.7,30,5484.35,30,5200,5457.025,269,0,1,1.2530059486140994,0,,,,,,,,,,,,,,,0.035747216954496445,56467.2,0.09632400640467702,0.006999999999999999,index_dividend_yield,0.065,13.18,30,56007.65,56368.7,55812.2,55794.75,mid_price,no_nse_iv
2026-09-16T08:51:15.766123+00:00,2026-09-16T14:21:15.766123+05:30,BANKNIFTY,29-Sep-2026,51000.0,PE,56273.1,18.2,150,18.25,30,18.25,18.225,11058,-1472,12380,-25.204918032786885,25.89,-0.018902533693148538,1.6753915964219264e-05,-4.698997592597143,4.910122193933673,-0.36147686229442977,0.003434241275432594,79.8743066157983,-1.2969252205153103e-08,0.0002078292723359335,-1.9482271689983873e-06,-0.9469516380134992,-55.11852919609409,0.02123534617360484,2.039753379842623e-05,0.035747216954496445,56467.2,0.09632400640467702,0.006999999999999999,index_dividend_yield,0.065,13.18,30,56007.65,56368.7,55812.2,55794.75,mid_price,ok
2026-09-16T08:51:15.766123+00:00,2026-09-16T14:21:15.766123+05:30,BANKNIFTY,29-Sep-2026,51100.0,CE,56273.1,4789.65,300,5678,300,0.0,5233.825,0,0,0,0,0,,,,,,,,,,,,,,,0.035747216954496445,56467.2,0.09632400640467702,0.006999999999999999,index_dividend_yield,0.065,13.18,30,56007.65,56368.7,55812.2,55794.75,mid_price,no_nse_iv
2026-09-16T08:51:15.766123+00:00,2026-09-16T14:21:15.766123+05:30,BANKNIFTY,29-Sep-2026,51100.0,PE,56273.1,18,30,20,30,20.95,19.0,48,0,80,-92.46131702051098,25.98,-0.021175220988512305,1.8383883583396828e-05,-5.18935913951554,5.406551259570758,-0.3874369908151674,0.0036904967938414766,83.67727842731742,-1.3864781390129727e-08,0.0002137669934868326,-2.0068732594999094e-06,-1.0041697173181792,-54.13894708035337,0.02374961398625521,2.2294469452046366e-05,0.035747216954496445,56467.2,0.09632400640467702,0.006999999999999999,index_dividend_yield,0.065,13.18,30,56007.65,56368.7,55812.2,55794.75,mid_price,ok
2026-09-16T08:51:15.766123+00:00,2026-09-16T14:21:15.766123+05:30,BANKNIFTY,29-Sep-2026,51200.0,CE,56273.1,4694.6,300,5533.65,300,0.0,5114.125,0,0,0,0,0,,,,,,,,,,,,,,,0.035747216954496445,56467.2,0.09632400640467702,0.006999999999999999,index_dividend_yield,0.065,13.18,30,56007.65,56368.7,55812.2,55794.75,mid_price,no_nse_iv
2026-09-16T08:51:15.766123+00:00,2026-09-16T14:21:15.766123+05:30,BANKNIFTY,29-Sep-2026,51200.0,PE,56273.1,18.25,30,20.05,60,19.35,19.15,72,0,281,-93.30797164101678,25.24,-0.02031985781332105,1.827357506548e-05,-4.864545960833402,5.221037218937085,-0.3887139765067233,0.003594002719899333,84.66137694225617,-1.4296837394944148e-08,0.00022391563132781545,-2.040513269965217e-06,-0.9827742760255765,-56.047737729378156,0.02273169829328357,2.2074215625680582e-05,0.035747216954496445,56467.2,0.09632400640467702,0.006999999999999999,index_dividend_yield,0.065,13.18,30,56007.65,56368.7,55812.2,55794.75,mid_price,ok
2026-09-16T08:51:15.766123+00:00,2026-09-16T14:21:15.766123+05:30,BANKNIFTY,29-Sep-2026,51300.0,CE,56273.1,4600.95,300,5428.35,300,0.0,5014.65,0,0,0,0,0,,,,,,,,,,,,,,,0.035747216954496445,56467.2,0.09632400640467702,0.006999999999999999,index_dividend_yield,0.065,13.18,30,56007.65,56368.7,55812.2,55794.75,mid_price,no_nse_iv
2026-09-16T08:51:15.766123+00:00,2026-09-16T14:21:15.766123+05:30,BANKNIFTY,29-Sep-2026,51300.0,PE,56273.1,20.25,60,20.8,120,20.55,20.525,151,130,389,-17.8,25.08,-0.021754242704924147,1.9482851282251946e-05,-5.1175919161151775,5.5312586168405025,-0.4086147039623171,0.0037505721572705895,87.7614152428614,-1.512710715829541e-08,0.00023144205865423883,-2.091968385515532e-06,-1.017425088082578,-55.91944284692239,0.024289873303799985,2.3443338915778192e-05,0.035747216954496445,56467.2,0.09632400640467702,0.006999999999999999,index_dividend_yield,0.065,13.18,30,56007.65,56368.7,55812.2,55794.75,mid_price,ok
2026-09-16T08:51:15.766123+00:00,2026-09-16T14:21:15.766123+05:30,BANKNIFTY,29-Sep-2026,51400.0,CE,56273.1,4513.45,300,5324.45,300,0.0,4918.95,0,0,0,0,0,,,,,,,,,,,,,,,0.035747216954496445,56467.2,0.09632400640467702,0.006999999999999999,index_dividend_yield,0.065,13.18,30,56007.65,56368.7,55812.2,55794.75,mid_price,no_nse_iv
2026-09-16T08:51:15.766123+00:00,2026-09-16T14:21:15.766123+05:30,BANKNIFTY,29-Sep-2026,51400.0,PE,56273.1,20.8,120,21.75,360,21.6,21.275,342,52,408,-18.33648393194707,24.79,-0.022733362587238334,2.045670322870134e-05,-5.2460704649835765,5.740584162918484,-0.4251351602963683,0.00385336921589291,90.47353186254226,-1.5919501050015224e-08,0.00023988604901888007,-2.139596458190802e-06,-1.0399412595616342,-56.261085541075644,0.02533103119583638,2.451947051922807e-05,0.035747216954496445,56467.2,0.09632400640467702,0.006999999999999999,index_dividend_yield,0.065,13.18,30,56007.65,56368.7,55812.2,55794.75,mid_price,ok
2026-09-16T08:51:15.766123+00:00,2026-09-16T14:21:15.766123+05:30,BANKNIFTY,29-Sep-2026,51500.0,CE,56273.1,4410.85,300,5222.65,300,0.0,4816.75,0,0,0,0,0,,,,,,,,,,,,,,,0.035747216954496445,56467.2,0.09632400640467702,0.006999999999999999,index_dividend_yield,0.065,13.18,30,56007.65,56368.7,55812.2,55794.75,mid_price,no_nse_iv
2026-09-16T08:51:15.766123+00:00,2026-09-16T14:21:15.766123+05:30,BANKNIFTY,29-Sep-2026,51500.0,PE,56273.1,22.25,60,22.45,90,22.55,22.35,3324,691,6928,-18.73873873873874,24.53,-0.02390180373921276,2.1564242369957426e-05,-5.410729777181377,5.987915590330424,-0.4434005864107186,0.003972779093391263,93.36046612434944,-1.677743284934118e-08,0.00024831060631133833,-2.187465262553603e-06,-1.0658633613863495,-56.49317356520252,0.026579364745534545,2.574669137730143e-05,0.035747216954496445,56467.2,0.09632400640467702,0.006999999999999999,index_dividend_yield,0.065,13.18,30,56007.65,56368.7,55812.2,55794.75,mid_price,ok
2026-09-16T08:51:15.766123+00:00,2026-09-16T14:21:15.766123+05:30,BANKNIFTY,29-Sep-2026,51600.0,CE,56273.1,4320.5,300,5102.1,300,0.0,4711.3,0,0,0,0,0,,,,,,,,,,,,,,,0.035747216954496445,56467.2,0.09632400640467702,0.006999999999999999,index_dividend_yield,0.065,13.18,30,56007.65,56368.7,55812.2,55794.75,mid_price,no_nse_iv
2026-09-16T08:51:15.766123+00:00,2026-09-16T14:21:15.766123+05:30,BANKNIFTY,29-Sep-2026,51600.0,PE,56273.1,23.45,150,23.55,60,23.6,23.5,288,60,541,-11.444652908067543,24.32,-0.02537349800402286,2.2868721048547687e-05,-5.63604091309303,6.2957774051433955,-0.46411557949229376,0.004118462880796599,96.46308585292118,-1.771346243413692e-08,0.00025636119578783016,-2.2344367859343994e-06,-1.0971550515143909,-56.53630761623514,0.028160867460104388,2.7198449982150092e-05,0.035747216954496445,56467.2,0.09632400640467702,0.006999999999999999,index_dividend_yield,0.065,13.18,30,56007.65,56368.7,55812.2,55794.75,mid_price,ok
2026-09-16T08:51:15.766123+00:00,2026-09-16T14:21:15.766123+05:30,BANKNIFTY,29-Sep-2026,51700.0,CE,56273.1,4229.35,300,5020.3,300,0.0,4624.825000000001,0,0,0,0,0,,,,,,,,,,,,,,,0.035747216954496445,56467.2,0.09632400640467702,0.006999999999999999,index_dividend_yield,0.065,13.18,30,56007.65,56368.7,55812.2,55794.75,mid_price,no_nse_iv
2026-09-16T08:51:15.766123+00:00,2026-09-16T14:21:15.766123+05:30,BANKNIFTY,29-Sep-2026,51700.0,PE,56273.1,23.6,60,24.65,240,24.8,24.125,284,31,490,-17.60797342192691,24.02,-0.02650683467843329,2.4016467749443912e-05,-5.769131431016451,6.53019354728122,-0.482748679077518,0.004226342516048816,99.37004877655787,-1.8650319984771844e-08,0.000265476167138239,-2.280745454475016e-06,-1.1200988827507388,-56.91657196662796,0.029358393025682467,2.8453109031597295e-05,0.035747216954496445,56467.2,0.09632400640467702,0.006999999999999999,index_dividend_yield,0.065,13.18,30,56007.65,56368.7,55812.2,55794.75,mid_price,ok
2026-09-16T08:51:15.766123+00:00,2026-09-16T14:21:15.766123+05:30,BANKNIFTY,29-Sep-2026,51800.0,CE,56273.1,4092.3,300,4899.2,300,0.0,4495.75,0,0,0,0,0,,,,,,,,,,,,,,,0.035747216954496445,56467.2,0.09632400640467702,0.006999999999999999,index_dividend_yield,0.065,13.18,30,56007.65,56368.7,55812.2,55794.75,mid_price,no_nse_iv
2026-09-16T08:51:15.766123+00:00,2026-09-16T14:21:15.766123+05:30,BANKNIFTY,29-Sep-2026,51800.0,PE,56273.1,24.95,240,25.85,360,25.95,25.4,256,8,193,-14.214876033057852,23.74,-0.02780719286560912,2.529038198009363e-05,-5.9294261718522066,6.796417046367421,-0.5029101366100485,0.004346559246123025,102.40907761781237,-1.9654936853840325e-08,0.0002745502000958033,-2.3261128566142324e-06,-1.1454372113191287,-57.222548440436206,0.03073634662116583,2.984678452514925e-05,0.035747216954496445,56467.2,0.09632400640467702,0.006999999999999999,index_dividend_yield,0.065,13.18,30,56007.65,56368.7,55812.2,55794.75,mid_price,ok
2026-09-16T08:51:15.766123+00:00,2026-09-16T14:21:15.766123+05:30,BANKNIFTY,29-Sep-2026,51900.0,CE,56273.1,4001.4,300,4787.7,300,0.0,4394.55,0,0,0,0,0,,,,,,,,,,,,,,,0.035747216954496445,56467.2,0.09632400640467702,0.006999999999999999,index_dividend_yield,0.065,13.18,30,56007.65,56368.7,55812.2,55794.75,mid_price,no_nse_iv
2026-09-16T08:51:15.766123+00:00,2026-09-16T14:21:15.766123+05:30,BANKNIFTY,29-Sep-2026,51900.0,PE,56273.1,26.15,60,26.7,120,27.15,26.424999999999997,224,36,233,-15.552099533437014,23.41,-0.028925631969062823,2.6502442587353425e-05,-6.036716452219616,7.0231385005742935,-0.5223319119941634,0.004446351456439221,105.40690321470115,-2.069489195531353e-08,0.00028455580556147134,-2.372123648503817e-06,-1.166293560785168,-57.726276118692404,0.03190621293012601,3.11568015093834e-05,0.035747216954496445,56467.2,0.09632400640467702,0.006999999999999999,index_dividend_yield,0.065,13.18,30,56007.65,56368.7,55812.2,55794.75,mid_price,ok
2026-09-16T08:51:15.766123+00:00,2026-09-16T14:21:15.766123+05:30,BANKNIFTY,29-Sep-2026,52000.0,CE,56273.1,4446.3,30,4496.55,30,4375,4471.425,430,-2,7,7.842291433008368,0,,,,,,,,,,,,,,,0.035747216954496445,56467.2,0.09632400640467702,0.006999999999999999,index_dividend_yield,0.065,13.18,30,56007.65,56368.7,55812.2,55794.75,mid_price,no_nse_iv
2026-09-16T08:51:15.766123+00:00,2026-09-16T14:21:15.766123+05:30,BANKNIFTY,29-Sep-2026,52000.0,PE,56273.1,27.85,150,28,30,28.1,27.925,17555,1963,21101,-17.10914454277286,23.2,-0.030762035490224722,2.814327038980705e-05,-6.290555616566559,7.391055528587233,-0.5466707246011004,0.0046060259633746645,108.741506468089,-2.1856270830629784e-08,0.00029275680897169587,-2.412116662604561e-06,-1.1993188832885053,-57.75662320690401,0.03386628823726087,3.295866080222073e-05,0.035747216954496445,56467.2,0.09632400640467702,0.006999999999999999,index_dividend_yield,0.065,13.18,30,56007.65,56368.7,55812.2,55794.75,mid_price,ok
2026-09-16T08:51:15.766123+00:00,2026-09-16T14:21:15.766123+05:30,BANKNIFTY,29-Sep-2026,52100.0,CE,56273.1,3852.25,300,4562.05,300,0.0,4207.15,0,0,0,0,0,,,,,,,,,,,,,,,0.035747216954496445,56467.2,0.09632400640467702,0.006999999999999999,index_dividend_yield,0.065,13.18,30,56007.65,56368.7,55812.2,55794.75,mid_price,no_nse_iv
2026-09-16T08:51:15.766123+00:00,2026-09-16T14:21:15.766123+05:30,BANKNIFTY,29-Sep-2026,52100.0,PE,56273.1,29.1,150,29.6,120,29.65,29.35,512,20,276,-13.177159590043924,22.9,-0.032210187492154,2.9617076402079316e-05,-6.4438185114868185,7.677531111697828,-0.5690327798527594,0.004726244809194612,111.95152485534577,-2.3042901627254173e-08,0.00030253975369190115,-2.454024719813294e-06,-1.2239197287402837,-58.143646597692225,0.035388503862710814,3.455162042017313e-05,0.035747216954496445,56467.2,0.09632400640467702,0.006999999999999999,index_dividend_yield,0.065,13.18,30,56007.65,56368.7,55812.2,55794.75,mid_price,ok
2026-09-16T08:51:15.766123+00:00,2026-09-16T14:21:15.766123+05:30,BANKNIFTY,29-Sep-2026,52200.0,CE,56273.1,3749,300,4447.45,300,0.0,4098.225,0,0,0,0,0,,,,,,,,,,,,,,,0.035747216954496445,56467.2,0.09632400640467702,0.006999999999999999,index_dividend_yield,0.065,13.18,30,56007.65,56368.7,55812.2,55794.75,mid_price,no_nse_iv
2026-09-16T08:51:15.766123+00:00,2026-09-16T14:21:15.766123+05:30,BANKNIFTY,29-Sep-2026,52200.0,PE,56273.1,30.4,90,31.05,240,30.7,30.725,372,24,181,-14.365411436541144,22.62,-0.03386637833300211,3.124842919137581e-05,-6.627090208281836,8.001376539834471,-0.5930781044651591,0.004859042790654189,115.26377700781597,-2.4309725561256246e-08,0.00031200886993113273,-2.492671807322838e-06,-1.2508278217672189,-58.451012833384,0.03713353630974858,3.6315235580134204e-05,0.035747216954496445,56467.2,0.09632400640467702,0.006999999999999999,index_dividend_yield,0.065,13.18,30,56007.65,56368.7,55812.2,55794.75,mid_price,ok
2026-09-16T08:51:15.766123+00:00,2026-09-16T14:21:15.766123+05:30,BANKNIFTY,29-Sep-2026,52300.0,CE,56273.1,3667.55,300,4651.3,300,0.0,4159.425,0,0,0,0,0,,,,,,,,,,,,,,,0.035747216954496445,56467.2,0.09632400640467702,0.006999999999999999,index_dividend_yield,0.065,13.18,30,56007.65,56368.7,55812.2,55794.75,mid_price,no_nse_iv
2026-09-16T08:51:15.766123+00:00,2026-09-16T14:21:15.766123+05:30,BANKNIFTY,29-Sep-2026,52300.0,PE,56273.1,31.9,60,32.5,30,31.9,32.2,380,80,307,-14.591700133868809,22.46,-0.036372938017519806,3.3369944513520054e-05,-6.970697346871652,8.484165925166923,-0.6219616921273007,0.00505233110298501,118.73594087533057,-2.5681280413760385e-08,0.0003184431796054738,-2.517117928736556e-06,-1.2894886335619917,-58.261549094398255,0.03980783019062274,3.8632586677153105e-05,0.035747216954496445,56467.2,0.09632400640467702,0.006999999999999999,index_dividend_yield,0.065,13.18,30,56007.65,56368.7,55812.2,55794.75,mid_price,ok
2026-09-16T08:51:15.766123+00:00,2026-09-16T14:21:15.766123+05:30,BANKNIFTY,29-Sep-2026,52400.0,CE,56273.1,3559.6,300,4259.6,870,0.0,3909.6000000000004,0,0,0,0,0,,,,,,,,,,,,,,,0.035747216954496445,56467.2,0.09632400640467702,0.006999999999999999,index_dividend_yield,0.065,13.18,30,56007.65,56368.7,55812.2,55794.75,mid_price,no_nse_iv
2026-09-16T08:51:15.766123+00:00,2026-09-16T14:21:15.766123+05:30,BANKNIFTY,29-Sep-2026,52400.0,PE,56273.1,33.45,30,34.1,30,34.45,33.775000000000006,320,18,455,-11.7797695262484,22.12,-0.037892857752204454,3.503558337099476e-05,-7.091030272710962,8.77280331952434,-0.6462593520583232,0.005162387386290802,122.08581186177625,-2.708473765931096e-08,0.00032918670621332185,-2.5544996158643216e-06,-1.3112592578108035,-58.81178818591354,0.0413856056543221,4.040624196120968e-05,0.035747216954496445,56467.2,0.09632400640467702,0.006999999999999999,index_dividend_yield,0.065,13.18,30,56007.65,56368.7,55812.2,55794.75,mid_price,ok
2026-09-16T08:51:15.766123+00:00,2026-09-16T14:21:15.766123+05:30,BANKNIFTY,29-Sep-2026,52500.0,CE,56273.1,3716.55,300,4085,300,0.0,3900.775,12,0,0,0,29.89,0.901776614204016,5.4361410097629416e-05,-28.41371712791389,18.393337742829143,-0.7151811071554048,0.00772418311394707,98.39068644810034,-2.3037099103355428e-08,0.00010892508091277822,-1.0517427684516377e-06,-1.7645769831357612,12.588002855800147,-0.8897997233270198,6.245594552718869e-05,0.035747216954496445,56467.2,0.09632400640467702,0.006999999999999999,index_dividend_yield,0.065,13.18,30,56007.65,56368.7,55812.2,55794.75,mid_price,ok
2026-09-16T08:51:15.766123+00:00,2026-09-16T14:21:15.766123+05:30,BANKNIFTY,29-Sep-2026,52500.0,PE,56273.1,35.1,60,35.3,30,35.1,35.2,7938,2742,9967,-17.02127659574468,21.85,-0.03997667746267561,3.704891677513366e-05,-7.308604571785887,9.16370021429091,-0.6738523455019109,0.00530859467995861,125.52593037352011,-2.8586495340227606e-08,0.0003379492467772924,-2.580803658596552e-06,-1.3398867097183125,-59.07117638737178,0.043575135914887445,4.25655832656556e-05,0.035747216954496445,56467.2,0.09632400640467702,0.006999999999999999,index_dividend_yield,0.065,13.18,30,56007.65,56368.7,55812.2,55794.75,mid_price,ok
2026-09-16T08:51:15.766123+00:00,2026-09-16T14:21:15.766123+05:30,BANKNIFTY,29-Sep-2026,52600.0,CE,56273.1,3379.5,300,4041.45,300,0.0,3710.475,0,0,0,0,0,,,,,,,,,,,,,,,0.035747216954496445,56467.2,0.09632400640467702,0.006999999999999999,index_dividend_yield,0.065,13.18,30,56007.65,56368.7,55812.2,55794.75,mid_price,no_nse_iv
2026-09-16T08:51:15.766123+00:00,2026-09-16T14:21:15.766123+05:30,BANKNIFTY,29-Sep-2026,52600.0,PE,56273.1,37.1,30,37.7,390,37.7,37.400000000000006,379,53,705,-13.233601841196778,21.43,-0.04114915326929322,3.867189408620802e-05,-7.329209672643969,9.381267757760458,-0.698162183738759,0.005385293228145585,129.055076102766,-3.0178441197542065e-08,0.0003515479291668761,-2.6241827780690614e-06,-1.3547986814233308,-59.98157587739143,0.04475656739255498,4.426144989178986e-05,0.035747216954496445,56467.2,0.09632400640467702,0.006999999999999999,index_dividend_yield,0.065,13.18,30,56007.65,56368.7,55812.2,55794.75,mid_price,ok
2026-09-16T08:51:15.766123+00:00,2026-09-16T14:21:15.766123+05:30,BANKNIFTY,29-Sep-2026,52700.0,CE,56273.1,3314.9,300,3939.5,300,0.0,3627.2,0,0,0,0,0,,,,,,,,,,,,,,,0.035747216954496445,56467.2,0.09632400640467702,0.006999999999999999,index_dividend_yield,0.065,13.18,30,56007.65,56368.7,55812.2,55794.75,mid_price,no_nse_iv
2026-09-16T08:51:15.766123+00:00,2026-09-16T14:21:15.766123+05:30,BANKNIFTY,29-Sep-2026,52700.0,PE,56273.1,39.3,30,39.5,30,39.05,39.4,447,44,979,-12.737430167597765,21.22,-0.043914826968306446,4.116401709426517e-05,-7.640554196396661,9.887967867440471,-0.7299497823773059,0.005565372335176066,132.55880328505665,-3.1867495147803596e-08,0.000357869768605554,-2.6327021163508155e-06,-1.3894065866982963,-59.978085421610274,0.04767410921710001,4.693514893737357e-05,0.035747216954496445,56467.2,0.09632400640467702,0.006999999999999999,index_dividend_yield,0.065,13.18,30,56007.65,56368.7,55812.2,55794.75,mid_price,ok
2026-09-16T08:51:15.766123+00:00,2026-09-16T14:21:15.766123+05:30,BANKNIFTY,29-Sep-2026,52800.0,CE,56273.1,3199.25,300,3842.9,300,0.0,3521.075,0,0,0,0,0,,,,,,,,,,,,,,,0.035747216954496445,56467.2,0.09632400640467702,0.006999999999999999,index_dividend_yield,0.065,13.18,30,56007.65,56368.7,55812.2,55794.75,mid_price,no_nse_iv
2026-09-16T08:51:15.766123+00:00,2026-09-16T14:21:15.766123+05:30,BANKNIFTY,29-Sep-2026,52800.0,PE,56273.1,41.25,30,41.55,30,40.35,41.4,210,81,872,-16.889804325437694,21.2,-0.04833281253615301,4.450067570865317e-05,-8.235567698535641,10.679388441120972,-0.7674884228981923,0.005835012131396512,135.6423393571271,-3.356551158795047e-08,0.0003553183550698408,-2.5947106453574025e-06,-1.4403010826540594,-59.131496590849515,0.052383212382890246,5.0547588495542725e-05,0.035747216954496445,56467.2,0.09632400640467702,0.006999999999999999,index_dividend_yield,0.065,13.18,30,56007.65,56368.7,55812.2,55794.75,mid_price,ok
2026-09-16T08:51:15.766123+00:00,2026-09-16T14:21:15.766123+05:30,BANKNIFTY,29-Sep-2026,52900.0,CE,56273.1,3032.55,300,3694.5,300,0.0,3363.525,0,0,0,0,0,,,,,,,,,,,,,,,0.035747216954496445,,,,,,13.18,30,56007.65,56368.7,55812.2,55794.75,mid_price,no_price_available
2026-09-16T08:51:15.766123+00:00,2026-09-16T14:21:15.766123+05:30,BANKNIFTY,29-Sep-2026,52900.0,PE,56273.1,43.35,210,43.9,30,42.45,43.625,349,159,1194,-20.281690140845072,20.85,-0.05045500327929669,4.682681267140269e-05,-8.370868813494107,11.052094108250952,-0.7975826448816565,0.0059517891899624545,139.1976446618539,-3.5452926108834115e-08,0.0003651908697358193,-2.6094981064986287e-06,-1.4620561035753445,-59.722917203927075,0.054570888094396856,5.29889037470547e-05,0.035747216954496445,56467.2,0.09632400640467702,0.006999999999999999,index_dividend_yield,0.065,13.18,30,56007.65,56368.7,55812.2,55794.75,mid_price,ok
2026-09-16T08:51:15.766123+00:00,2026-09-16T14:21:15.766123+05:30,BANKNIFTY,29-Sep-2026,53000.0,CE,56273.1,3470.05,30,3494.85,30,3565.25,3482.45,1222,17,203,15.462465185569014,27.15,0.891071925948411,6.452755688384797e-05,-27.97125116109194,19.831655666792752,-0.8115656492114209,0.007885486741792458,106.5045319011837,-2.8642468090415648e-08,0.0001088753171035617,-8.882569915201552e-07,-1.7919961764458987,14.178509526675413,-0.8793736486466729,7.27436626464228e-05,0.035747216954496445,56467.2,0.09632400640467702,0.006999999999999999,index_dividend_yield,0.065,13.18,30,56007.65,56368.7,55812.2,55794.75,mid_price,ok
2026-09-16T08:51:15.766123+00:00,2026-09-16T14:21:15.766123+05:30,BANKNIFTY,29-Sep-2026,53000.0,PE,56273.1,46.8,60,47,4980,46.8,46.9,21288,6305,28844,-17.46031746031746,20.65,-0.05396198477548127,4.987220802546671e-05,-8.733641391609407,11.657960230126754,-0.8322163722926552,0.006137600203742523,142.33221312125633,-3.73577833403757e-08,0.0003673906782722867,-2.5824480558446066e-06,-1.4962310045804141,-59.647489482905996,0.058255045325471544,5.6222290928619924e-05,0.035747216954496445,56467.2,0.09632400640467702,0.006999999999999999,index_dividend_yield,0.065,13.18,30,56007.65,56368.7,55812.2,55794.75,mid_price,ok
2026-09-16T08:51:15.766123+00:00,2026-09-16T14:21:15.766123+05:30,BANKNIFTY,29-Sep-2026,53100.0,CE,56273.1,2905.25,300,3547.4,300,0.0,3226.325,0,0,0,0,0,,,,,,,,,,,,,,,0.035747216954496445,56467.2,0.09632400640467702,0.006999999999999999,index_dividend_yield,0.065,13.18,30,56007.65,56368.7,55812.2,55794.75,mid_price,no_nse_iv
2026-09-16T08:51:15.766123+00:00,2026-09-16T14:21:15.766123+05:30,BANKNIFTY,29-Sep-2026,53100.0,PE,56273.1,49,30,49.5,300,48.1,49.25,704,195,2186,-17.84799316823228,20.36,-0.05694225115660534,5.277568359023344e-05,-8.971349356429146,12.16341593598425,-0.8660250613504589,0.006283030911804738,145.6613482696021,-3.9423048863519435e-08,0.0003728087752191285,-2.5659406753233274e-06,-1.5226674153423048,-59.96733575114603,0.061351249843335724,5.9271580228856304e-05,0.035747216954496445,56467.2,0.09632400640467702,0.006999999999999999,index_dividend_yield,0.065,13.18,30,56007.65,56368.7,55812.2,55794.75,mid_price,ok
2026-09-16T08:51:15.766123+00:00,2026-09-16T14:21:15.766123+05:30,BANKNIFTY,29-Sep-2026,53200.0,CE,56273.1,2815.55,300,3455.5,300,0.0,3135.525,0,0,0,0,0,,,,,,,,,,,,,,,0.035747216954496445,56467.2,0.09632400640467702,0.006999999999999999,index_dividend_yield,0.065,13.18,30,56007.65,56368.7,55812.2,55794.75,mid_price,no_nse_iv
2026-09-16T08:51:15.766123+00:00,2026-09-16T14:21:15.766123+05:30,BANKNIFTY,29-Sep-2026,53200.0,PE,56273.1,42.25,1200,63.45,1110,0.0,52.85,0,0,0,0,0,,,,,,,,,,,,,,,0.035747216954496445,56467.2,0.09632400640467702,0.006999999999999999,index_dividend_yield,0.065,13.18,30,56007.65,56368.7,55812.2,55794.75,mid_price,no_nse_iv
2026-09-16T08:51:15.766123+00:00,2026-09-16T14:21:15.766123+05:30,BANKNIFTY,29-Sep-2026,53300.0,CE,56273.1,2738.4,300,3433.45,300,0.0,3085.925,0,0,0,0,0,,,,,,,,,,,,,,,0.035747216954496445,56467.2,0.09632400640467702,0.006999999999999999,index_dividend_yield,0.065,13.18,30,56007.65,56368.7,55812.2,55794.75,mid_price,no_nse_iv
2026-09-16T08:51:15.766123+00:00,2026-09-16T14:21:15.766123+05:30,BANKNIFTY,29-Sep-2026,53300.0,PE,56273.1,41.85,1110,76.25,1200,0.0,59.05,0,0,0,0,0,,,,,,,,,,,,,,,0.035747216954496445,56467.2,0.09632400640467702,0.006999999999999999,index_dividend_yield,0.065,13.18,30,56007.65,56368.7,55812.2,55794.75,mid_price,no_nse_iv
2026-09-16T08:51:15.766123+00:00,2026-09-16T14:21:15.766123+05:30,BANKNIFTY,29-Sep-2026,53400.0,CE,56273.1,2628.55,300,3261.95,300,0.0,2945.25,0,0,0,0,0,,,,,,,,,,,,,,,0.035747216954496445,56467.2,0.09632400640467702,0.006999999999999999,index_dividend_yield,0.065,13.18,30,56007.65,56368.7,55812.2,55794.75,mid_price,no_nse_iv
2026-09-16T08:51:15.766123+00:00,2026-09-16T14:21:15.766123+05:30,BANKNIFTY,29-Sep-2026,53400.0,PE,56273.1,45.05,1200,72.85,1110,0.0,58.949999999999996,0,0,0,0,0,,,,,,,,,,,,,,,0.035747216954496445,56467.2,0.09632400640467702,0.006999999999999999,index_dividend_yield,0.065,13.18,30,56007.65,56368.7,55812.2,55794.75,mid_price,no_nse_iv
2026-09-16T08:51:15.766123+00:00,2026-09-16T14:21:15.766123+05:30,BANKNIFTY,29-Sep-2026,53500.0,CE,56273.1,2861.9,300,3058.5,30,0.0,2960.2,154,0,0,0,0,,,,,,,,,,,,,,,0.035747216954496445,56467.2,0.09632400640467702,0.006999999999999999,index_dividend_yield,0.065,13.18,30,56007.65,56368.7,55812.2,55794.75,mid_price,no_nse_iv
2026-09-16T08:51:15.766123+00:00,2026-09-16T14:21:15.766123+05:30,BANKNIFTY,29-Sep-2026,53500.0,PE,56273.1,62.6,120,62.85,60,62.6,62.725,13832,64,16819,-21.84769038701623,19.38,-0.07294479720988933,6.720555779771896e-05,-10.285045471936343,14.743577592717113,-1.0134936502836227,0.006924516258173571,156.7952257374241,-4.848363963650457e-08,0.000367959532271169,-2.311187035084481e-06,-1.6360037338881648,-60.35651277009381,0.07799700174596155,7.435313879787915e-05,0.035747216954496445,56467.2,0.09632400640467702,0.006999999999999999,index_dividend_yield,0.065,13.18,30,56007.65,56368.7,55812.2,55794.75,mid_price,ok
2026-09-16T08:51:15.766123+00:00,2026-09-16T14:21:15.766123+05:30,BANKNIFTY,29-Sep-2026,53600.0,CE,56273.1,2706.75,300,3055.7,300,0.0,2881.225,1,0,0,0,0,,,,,,,,,,,,,,,0.035747216954496445,56467.2,0.09632400640467702,0.006999999999999999,index_dividend_yield,0.065,13.18,30,56007.65,56368.7,55812.2,55794.75,mid_price,no_nse_iv
2026-09-16T08:51:15.766123+00:00,2026-09-16T14:21:15.766123+05:30,BANKNIFTY,29-Sep-2026,53600.0,PE,56273.1,55.3,1200,92.6,1200,0.0,73.94999999999999,0,0,0,0,0,,,,,,,,,,,,,,,0.035747216954496445,56467.2,0.09632400640467702,0.006999999999999999,index_dividend_yield,0.065,13.18,30,56007.65,56368.7,55812.2,55794.75,mid_price,no_nse_iv
2026-09-16T08:51:15.766123+00:00,2026-09-16T14:21:15.766123+05:30,BANKNIFTY,29-Sep-2026,53700.0,CE,56273.1,2513.7,300,2975.65,300,0.0,2744.675,0,0,0,0,0,,,,,,,,,,,,,,,0.035747216954496445,56467.2,0.09632400640467702,0.006999999999999999,index_dividend_yield,0.065,13.18,30,56007.65,56368.7,55812.2,55794.75,mid_price,no_nse_iv
2026-09-16T08:51:15.766123+00:00,2026-09-16T14:21:15.766123+05:30,BANKNIFTY,29-Sep-2026,53700.0,PE,56273.1,72.3,120,73,420,72.4,72.65,423,-352,2458,-22.855620671283965,18.93,-0.08323136478587105,7.60464869877049e-05,-11.063046492369107,16.29572500904298,-1.0904295864198887,0.007229158365966673,160.51320571677508,-5.3431802413796355e-08,0.00034735622379360165,-2.055199501490909e-06,-1.6883356129839024,-60.300101013941116,0.0886659193065425,8.350880438665745e-05,0.035747216954496445,56467.2,0.09632400640467702,0.006999999999999999,index_dividend_yield,0.065,13.18,30,56007.65,56368.7,55812.2,55794.75,mid_price,ok
2026-09-16T08:51:15.766123+00:00,2026-09-16T14:21:15.766123+05:30,BANKNIFTY,29-Sep-2026,53800.0,CE,56273.1,2361.7,300,2861.85,300,0.0,2611.7749999999996,0,0,0,0,0,,,,,,,,,,,,,,,0.035747216954496445,56467.2,0.09632400640467702,0.006999999999999999,index_dividend_yield,0.065,13.18,30,56007.65,56368.7,55812.2,55794.75,mid_price,no_nse_iv
2026-09-16T08:51:15.766123+00:00,2026-09-16T14:21:15.766123+05:30,BANKNIFTY,29-Sep-2026,53800.0,PE,56273.1,77.4,30,78.05,30,78.1,77.725,874,-823,3542,-24.027237354085603,18.71,-0.08900321793662656,8.08984534964943e-05,-11.474080106940933,17.133966914550456,-1.1287361434843615,0.00736869247862107,161.7395735714222,-5.5979024431400745e-08,0.00033129954141347705,-1.8885847977073494e-06,-1.712184124556181,-60.228400155393665,0.09464024554753174,8.850694470795704e-05,0.035747216954496445,56467.2,0.09632400640467702,0.006999999999999999,index_dividend_yield,0.065,13.18,30,56007.65,56368.7,55812.2,55794.75,mid_price,ok
2026-09-16T08:51:15.766123+00:00,2026-09-16T14:21:15.766123+05:30,BANKNIFTY,29-Sep-2026,53900.0,CE,56273.1,2226.05,300,2783,300,0.0,2504.525,0,0,0,0,0,,,,,,,,,,,,,,,0.035747216954496445,56467.2,0.09632400640467702,0.006999999999999999,index_dividend_yield,0.065,13.18,30,56007.65,56368.7,55812.2,55794.75,mid_price,no_nse_iv
2026-09-16T08:51:15.766123+00:00,2026-09-16T14:21:15.766123+05:30,BANKNIFTY,29-Sep-2026,53900.0,PE,56273.1,83.45,30,84,60,83.45,83.725,537,-511,3338,-23.894208846329228,18.31,-0.09309482046398228,8.546803081725804e-05,-11.581912569525985,17.714787996059616,-1.1704621639173838,0.007447732786255212,164.60736267697484,-5.928292331670117e-08,0.000327418241530966,-1.781500489817005e-06,-1.7259653461535116,-61.015990633186995,0.0987865031905283,9.315965004574979e-05,0.035747216954496445,56467.2,0.09632400640467702,0.006999999999999999,index_dividend_yield,0.065,13.18,30,56007.65,56368.7,55812.2,55794.75,mid_price,ok
2026-09-16T08:51:15.766123+00:00,2026-09-16T14:21:15.766123+05:30,BANKNIFTY,29-Sep-2026,54000.0,CE,56273.1,2523.55,30,2541.75,30,2547.9,2532.65,1781,52,537,16.531363625969036,17.69,0.9049307737052057,8.966968424552584e-05,-19.82472109966918,17.95632223303449,-1.219307635717537,0.007482443916486447,170.1425772027072,-6.380767573290946e-08,0.0003427865051935987,-1.7677938369903358e-06,-1.7292373634611593,20.62416899064396,-0.8972991462311368,9.737776483150973e-05,0.035747216954496445,56467.2,0.09632400640467702,0.006999999999999999,index_dividend_yield,0.065,13.18,30,56007.65,56368.7,55812.2,55794.75,mid_price,ok
2026-09-16T08:51:15.766123+00:00,2026-09-16T14:21:15.766123+05:30,BANKNIFTY,29-Sep-2026,54000.0,PE,56273.1,90.5,30,90.75,30,90.65,90.625,29450,4381,36847,-26.59919028340081,18.38,-0.10316908460552067,9.180004803229744e-05,-12.512889793402165,19.09995449153663,-1.2001684708511373,0.0076320462934856,161.34834587275114,-6.068266286517396e-08,0.00027605662095646745,-1.416646738205851e-06,-1.7576666430094932,-59.516778832858115,0.10931834369391276,9.969125646002701e-05,0.035747216954496445,56467.2,0.09632400640467702,0.006999999999999999,index_dividend_yield,0.065,13.18,30,56007.65,56368.7,55812.2,55794.75,mid_price,ok
2026-09-16T08:51:15.766123+00:00,2026-09-16T14:21:15.766123+05:30,BANKNIFTY,29-Sep-2026,54100.0,CE,56273.1,2244.6,300,2618.05,300,0.0,2431.325,0,0,0,0,0,,,,,,,,,,,,,,,0.035747216954496445,56467.2,0.09632400640467702,0.006999999999999999,index_dividend_yield,0.065,13.18,30,56007.65,56368.7,55812.2,55794.75,mid_price,no_nse_iv
2026-09-16T08:51:15.766123+00:00,2026-09-16T14:21:15.766123+05:30,BANKNIFTY,29-Sep-2026,54100.0,PE,56273.1,96.9,180,97.25,30,97.15,97.075,1108,-775,6165,-24.806501547987615,18.07,-0.10922998222921426,9.730581620588205e-05,-12.787654463691442,19.90402320987145,-1.238523702822507,0.0077060148727216005,162.14748912962483,-6.36990513407903e-08,0.00025423133899998,-1.2062082801880879e-06,-1.7713082953032107,-59.82794838709163,0.11551662632016343,0.00010528001800668482,0.035747216954496445,56467.2,0.09632400640467702,0.006999999999999999,index_dividend_yield,0.065,13.18,30,56007.65,56368.7,55812.2,55794.75,mid_price,ok
2026-09-16T08:51:15.766123+00:00,2026-09-16T14:21:15.766123+05:30,BANKNIFTY,29-Sep-2026,54200.0,CE,56273.1,2241.85,300,2427.25,30,0.0,2334.55,1,0,0,0,0,,,,,,,,,,,,,,,0.035747216954496445,56467.2,0.09632400640467702,0.006999999999999999,index_dividend_yield,0.065,13.18,30,56007.65,56368.7,55812.2,55794.75,mid_price,no_nse_iv
2026-09-16T08:51:15.766123+00:00,2026-09-16T14:21:15.766123+05:30,BANKNIFTY,29-Sep-2026,54200.0,PE,56273.1,104,30,104.7,120,101.75,104.35,1158,-587,4873,-29.168116950922382,17.92,-0.11778232772622312,0.00010353917369189024,-13.350032791286603,21.003255574098127,-1.2691672162151932,0.007789742210885852,160.15172699767533,-6.589333723123332e-08,0.00021173669878653018,-8.806289603267376e-07,-1.787516197583649,-59.35830374261714,0.12434754956977716,0.00011161120642306981,0.035747216954496445,56467.2,0.09632400640467702,0.006999999999999999,index_dividend_yield,0.065,13.18,30,56007.65,56368.7,55812.2,55794.75,mid_price,ok
2026-09-16T08:51:15.766123+00:00,2026-09-16T14:21:15.766123+05:30,BANKNIFTY,29-Sep-2026,54300.0,CE,56273.1,2245,30,2272.2,30,2260,2258.6,8,0,1,-0.6593406593406593,18.83,0.8593982643835738,0.00011127879251517302,-24.403106097768834,23.719560706155622,-1.23483799874613,0.007935024632696575,141.7076928844807,-6.153482141626021e-08,7.386675237635107e-05,8.341775687494305e-10,-1.8170531302490964,21.679855809160298,-0.8495454143182861,0.00011951280132680281,0.035747216954496445,56467.2,0.09632400640467702,0.006999999999999999,index_dividend_yield,0.065,13.18,30,56007.65,56368.7,55812.2,55794.75,mid_price,ok
2026-09-16T08:51:15.766123+00:00,2026-09-16T14:21:15.766123+05:30,BANKNIFTY,29-Sep-2026,54300.0,PE,56273.1,112.2,60,113.05,30,113.3,112.625,593,64,3935,-25.72926909210095,17.76,-0.1268029603813125,0.00011002660119851433,-13.898922797546348,22.119972154697177,-1.2969363686196889,0.007843116346839304,157.5134472880304,-6.802157134432876e-08,0.00016399274107915975,-5.240975805100213e-07,-1.7998963731520268,-58.920544363763504,0.13364090354779026,0.00011816795485005328,0.035747216954496445,56467.2,0.09632400640467702,0.006999999999999999,index_dividend_yield,0.065,13.18,30,56007.65,56368.7,55812.2,55794.75,mid_price,ok
2026-09-16T08:51:15.766123+00:00,2026-09-16T14:21:15.766123+05:30,BANKNIFTY,29-Sep-2026,54400.0,CE,56273.1,2060.1,300,2192.35,120,0.0,2126.225,1,0,0,0,0,,,,,,,,,,,,,,,0.035747216954496445,56467.2,0.09632400640467702,0.006999999999999999,index_dividend_yield,0.065,13.18,30,56007.65,56368.7,55812.2,55794.75,mid_price,no_nse_iv
2026-09-16T08:51:15.766123+00:00,2026-09-16T14:21:15.766123+05:30,BANKNIFTY,29-Sep-2026,54400.0,PE,56273.1,121.35,30,122.1,30,122.3,121.725,1278,81,4549,-28.646441073512253,17.58,-0.13618347340013756,0.00011676661619976488,-14.413296945499862,23.237076225478635,-1.3221349093446855,0.007863332899418679,154.38308598701232,-7.013744181254858e-08,0.0001116022129453903,-1.412780791222129e-07,-1.8083394192201434,-58.56035256048612,0.1432781365977386,0.00012494606304108043,0.035747216954496445,56467.2,0.09632400640467702,0.006999999999999999,index_dividend_yield,0.065,13.18,30,56007.65,56368.7,55812.2,55794.75,mid_price,ok
2026-09-16T08:51:15.766123+00:00,2026-09-16T14:21:15.766123+05:30,BANKNIFTY,29-Sep-2026,54500.0,CE,56273.1,2067.4,30,2082.35,30,2090.4,2074.875,450,-5,132,17.342614162620336,16.9,0.8603454234752396,0.00012341768489561715,-22.625189454282317,23.61065401171089,-1.3799225033053752,0.007852823455258173,158.98317232023373,-7.597765876535147e-08,0.00010078581036158051,9.895086972835834e-09,-1.8069957680899584,24.02786713958381,-0.85136478844594,0.00013157884561251475,0.035747216954496445,56467.2,0.09632400640467702,0.006999999999999999,index_dividend_yield,0.065,13.18,30,56007.65,56368.7,55812.2,55794.75,mid_price,ok
2026-09-16T08:51:15.766123+00:00,2026-09-16T14:21:15.766123+05:30,BANKNIFTY,29-Sep-2026,54500.0,PE,56273.1,130.85,30,131.35,30,131.05,131.1,11421,-1130,22091,-27.255065223424925,17.36,-0.14567450343237112,0.00012377587192296234,-14.853696135724208,24.32369965499395,-1.3461287319900122,0.007848967242206878,151.1030545502745,-7.239392113610006e-08,5.594898180092246e-05,2.58249709403054e-07,-1.812840760547001,-58.36996032054617,0.15299077517268442,0.00013196071823969388,0.035747216954496445,56467.2,0.09632400640467702,0.006999999999999999,index_dividend_yield,0.065,13.18,30,56007.65,56368.7,55812.2,55794.75,mid_price,ok
2026-09-16T08:51:15.766123+00:00,2026-09-16T14:21:15.766123+05:30,BANKNIFTY,29-Sep-2026,54600.0,CE,56273.1,1874,300,2008.6,120,0.0,1941.3,10,0,0,0,0,,,,,,,,,,,,,,,0.035747216954496445,56467.2,0.09632400640467702,0.006999999999999999,index_dividend_yield,0.065,13.18,30,56007.65,56368.7,55812.2,55794.75,mid_price,no_nse_iv
2026-09-16T08:51:15.766123+00:00,2026-09-16T14:21:15.766123+05:30,BANKNIFTY,29-Sep-2026,54600.0,PE,56273.1,141.65,30,142.3,60,142.25,141.97500000000002,1868,248,5318,-28.391643594261264,17.2,-0.15665285469082096,0.00013111468533733158,-15.398321331953372,25.52840616057858,-1.3609971534611491,0.007798942939318043,145.98647591719427,-7.400246252179024e-08,-1.2478472826693283e-05,7.268396387090033e-07,-1.8145087221887086,-57.87790866117706,0.16424269272545192,0.00013927325716425095,0.035747216954496445,56467.2,0.09632400640467702,0.006999999999999999,index_dividend_yield,0.065,13.18,30,56007.65,56368.7,55812.2,55794.75,mid_price,ok
2026-09-16T08:51:15.766123+00:00,2026-09-16T14:21:15.766123+05:30,BANKNIFTY,29-Sep-2026,54700.0,CE,56273.1,1880.45,30,1906.9,30,1993.95,1893.6750000000002,15,1,9,25.686280689589964,21.04,0.7835036927796932,0.00013095060994712168,-31.802212831213172,31.188693187635746,-1.0379386948123348,0.007217572929408167,86.66274835996113,-4.793389091660046e-08,-0.00025851761927030495,2.496199358228572e-06,-1.7959237134867114,22.406862531194957,-0.7700634882332161,0.0001385908485573528,0.035747216954496445,56467.2,0.09632400640467702,0.006999999999999999,index_dividend_yield,0.065,13.18,30,56007.65,56368.7,55812.2,55794.75,mid_price,ok
2026-09-16T08:51:15.766123+00:00,2026-09-16T14:21:15.766123+05:30,BANKNIFTY,29-Sep-2026,54700.0,PE,56273.1,153.4,30,154.2,90,153.65,153.8,1194,-201,6422,-29.160903642231442,17.05,-0.16849346025221115,0.00013869009335948563,-15.953194314582273,26.767865462537035,-1.3689618308485445,0.00770510257499038,139.82361143330556,-7.52469201052774e-08,-8.895205874979257e-05,1.236724035465263e-06,-1.8124470274943754,-57.321623875373035,0.17636308456313898,0.000146781887712865,0.035747216954496445,56467.2,0.09632400640467702,0.006999999999999999,index_dividend_yield,0.065,13.18,30,56007.65,56368.7,55812.2,55794.75,mid_price,ok
2026-09-16T08:51:15.766123+00:00,2026-09-16T14:21:15.766123+05:30,BANKNIFTY,29-Sep-2026,54800.0,CE,56273.1,1801.6,30,1821.9,30,1695.95,1811.75,20,1,9,14.525441469426344,12.82,0.8831564995651223,0.0001436922051458766,-17.845178664754172,20.852837159691518,-1.7853228184337988,0.007505391315801524,226.43535887789133,-1.267802279771822e-07,0.0004395741225589561,-1.0396824052154936e-06,-1.7482667187479777,29.852622339294882,-0.8765178318368081,0.00015152132993170107,0.035747216954496445,56467.2,0.09632400640467702,0.006999999999999999,index_dividend_yield,0.065,13.18,30,56007.65,56368.7,55812.2,55794.75,mid_price,ok
2026-09-16T08:51:15.766123+00:00,2026-09-16T14:21:15.766123+05:30,BANKNIFTY,29-Sep-2026,54800.0,PE,56273.1,165.65,60,166.4,60,164.1,166.025,2273,-352,8205,-30.583756345177665,16.79,-0.1795783543504844,0.00014665976953387666,-16.297353764654368,27.874405353662464,-1.381041676844205,0.0075752018521694775,134.71477880562333,-7.719841576340471e-08,-0.00016467809486204728,1.7324394782551142e-06,-1.8067955618524965,-57.25404179484979,0.18762650190844246,0.00015465058320101544,0.035747216954496445,56467.2,0.09632400640467702,0.006999999999999999,index_dividend_yield,0.065,13.18,30,56007.65,56368.7,55812.2,55794.75,mid_price,ok
2026-09-16T08:51:15.766123+00:00,2026-09-16T14:21:15.766123+05:30,BANKNIFTY,29-Sep-2026,54900.0,CE,56273.1,1715.25,30,1746.25,30,1665,1730.75,17,-2,19,14.04109589041096,15.15,0.8285151208063355,0.00015770688618224138,-22.819220838981227,27.046259261189363,-1.5445125262341652,0.007576695907524965,155.97387943642892,-9.467539679006209e-08,-0.00013144857996163085,1.5930142284171199e-06,-1.79932736265507,28.49502330714813,-0.819434058057904,0.00016569433063773372,0.035747216954496445,56467.2,0.09632400640467702,0.006999999999999999,index_dividend_yield,0.065,13.18,30,56007.65,56368.7,55812.2,55794.75,mid_price,ok
2026-09-16T08:51:15.766123+00:00,2026-09-16T14:21:15.766123+05:30,BANKNIFTY,29-Sep-2026,54900.0,PE,56273.1,179.8,30,180.7,90,180.35,180.25,1546,534,6779,-29.079826976012583,16.7,-0.19379196358308143,0.00015457062125185257,-16.932538777793255,29.22047965342413,-1.368705109723131,0.007377862103972983,125.79754096967477,-7.717582564019836e-08,-0.00026011029597293087,2.337202855556017e-06,-1.7975532085979964,-56.38272508507498,0.2021619256694093,0.00016239922202882442,0.035747216954496445,56467.2,0.09632400640467702,0.006999999999999999,index_dividend_yield,0.065,13.18,30,56007.65,56368.7,55812.2,55794.75,mid_price,ok
2026-09-16T08:51:15.766123+00:00,2026-09-16T14:21:15.766123+05:30,BANKNIFTY,29-Sep-2026,55000.0,CE,56273.1,1633.45,30,1644.3,30,1665.45,1638.875,3648,-53,1347,22.019928199868122,16.21,0.7964249650248537,0.00016392274278945217,-25.523783202650858,30.079190485026196,-1.3934773793753408,0.007210223928831194,123.00304421053099,-8.094014984075711e-08,-0.0003408972827627393,2.8239508680979065e-06,-1.7871224455419608,28.253775253264223,-0.7860192822327898,0.00017159930084492228,0.035747216954496445,56467.2,0.09632400640467702,0.006999999999999999,index_dividend_yield,0.065,13.18,30,56007.65,56368.7,55812.2,55794.75,mid_price,ok
2026-09-16T08:51:15.766123+00:00,2026-09-16T14:21:15.766123+05:30,BANKNIFTY,29-Sep-2026,55000.0,PE,56273.1,194.8,30,195.35,30,195.9,195.075,25154,3122,57509,-29.494331473816807,16.5,-0.2073165540252833,0.000162912092418867,-17.34884383502754,30.428544769855016,-1.359604141689577,0.0071407377211888945,117.98224440884297,-7.780683307617757e-08,-0.00035566380221055166,2.9270815498639827e-06,-1.785405240562973,-55.994866476786235,0.21590348850741148,0.0001705413213721542,0.035747216954496445,56467.2,0.09632400640467702,0.006999999999999999,index_dividend_yield,0.065,13.18,30,56007.65,56368.7,55812.2,55794.75,mid_price,ok
2026-09-16T08:51:15.766123+00:00,2026-09-16T14:21:15.766123+05:30,BANKNIFTY,29-Sep-2026,55100.0,CE,56273.1,1545.85,30,1564.5,30,1606.35,1555.175,73,5,60,26.524102079395085,18.42,0.752146607680383,0.00016129919691360326,-30.184752448991226,33.63301089358345,-1.110413510801156,0.006415142394264772,80.5581973495677,-5.8470163828109095e-08,-0.000489328287380463,3.95923662360162e-06,-1.7525842607769775,26.77736667115425,-0.7394731786032899,0.0001682405534215274,0.035747216954496445,56467.2,0.09632400640467702,0.006999999999999999,index_dividend_yield,0.065,13.18,30,56007.65,56368.7,55812.2,55794.75,mid_price,ok
2026-09-16T08:51:15.766123+00:00,2026-09-16T14:21:15.766123+05:30,BANKNIFTY,29-Sep-2026,55100.0,PE,56273.1,210.9,30,211.6,360,211.25,211.25,1429,365,6629,-29.571595265877647,16.37,-0.22263869594810753,0.00017114843194525342,-17.864029309799143,31.715058799142316,-1.3332638800826746,0.006833942155313216,108.25469934507304,-7.721617394873736e-08,-0.0004613010286307008,3.566762722318883e-06,-1.7699443554482208,-55.27227295292719,0.2314925528877023,0.0001785136408528993,0.035747216954496445,56467.2,0.09632400640467702,0.006999999999999999,index_dividend_yield,0.065,13.18,30,56007.65,56368.7,55812.2,55794.75,mid_price,ok
2026-09-16T08:51:15.766123+00:00,2026-09-16T14:21:15.766123+05:30,BANKNIFTY,29-Sep-2026,55200.0,CE,56273.1,1462.7,60,1481.5,30,1501.6,1472.1,131,40,237,22.880523731587562,15.45,0.771581030175303,0.00018387603209326834,-25.68852556266002,32.15862890630557,-1.3997782926697955,0.006662956804653786,110.91201749915314,-8.554215588948565e-08,-0.0005559558807242347,4.039470846174692e-06,-1.7584823857276461,30.84141018865141,-0.7610766874942071,0.0001910947029745585,0.035747216954496445,56467.2,0.09632400640467702,0.006999999999999999,index_dividend_yield,0.065,13.18,30,56007.65,56368.7,55812.2,55794.75,mid_price,ok
2026-09-16T08:51:15.766123+00:00,2026-09-16T14:21:15.766123+05:30,BANKNIFTY,29-Sep-2026,55200.0,PE,56273.1,228.25,30,229.35,60,228.3,228.8,4900,234,9686,-29.710591133004925,16.18,-0.23803281156079598,0.00017975440188466038,-18.241373923379147,32.92319456945018,-1.3040832906999615,0.006478724171462418,98.8545626948536,-7.672817448667549e-08,-0.0005712353457869041,4.210483908770682e-06,-1.7524756960264725,-54.79564184709866,0.24708867957735392,0.00018681126433647979,0.035747216954496445,56467.2,0.09632400640467702,0.006999999999999999,index_dividend_yield,0.065,13.18,30,56007.65,56368.7,55812.2,55794.75,mid_price,ok
2026-09-16T08:51:15.766123+00:00,2026-09-16T14:21:15.766123+05:30,BANKNIFTY,29-Sep-2026,55300.0,CE,56273.1,1386.65,30,1400.8,30,1405,1393.725,142,10,234,24.606447607644895,16.82,0.7353431448737168,0.00018279851001601165,-28.763610983794127,34.805073878567306,-1.1627077777326966,0.0058786840345497185,77.88998792527124,-6.683016177730342e-08,-0.0006777142571994541,4.948157671532251e-06,-1.7260171328006775,29.99464994408616,-0.7233355820460801,0.0001892884302844435,0.035747216954496445,56467.2,0.09632400640467702,0.006999999999999999,index_dividend_yield,0.065,13.18,30,56007.65,56368.7,55812.2,55794.75,mid_price,ok
2026-09-16T08:51:15.766123+00:00,2026-09-16T14:21:15.766123+05:30,BANKNIFTY,29-Sep-2026,55300.0,PE,56273.1,247.25,60,248.25,90,248.3,247.75,2906,-417,11586,-30.07603491974092,16.05,-0.2550987484519204,0.0001880583930859907,-18.686215020325463,34.1673797466673,-1.2565333214479557,0.006046675584530758,88.01462013676442,-7.495721365579907e-08,-0.0006872703287555035,4.87987963540971e-06,-1.7325901811298579,-54.03668294767894,0.2643915715352796,0.00019473505569571654,0.035747216954496445,56467.2,0.09632400640467702,0.006999999999999999,index_dividend_yield,0.065,13.18,30,56007.65,56368.7,55812.2,55794.75,mid_price,ok
2026-09-16T08:51:15.766123+00:00,2026-09-16T14:21:15.766123+05:30,BANKNIFTY,29-Sep-2026,55400.0,CE,56273.1,1309.25,30,1322.3,30,1308.15,1315.775,388,-34,312,23.375459775535226,15.34,0.7338753739850419,0.00020099907873196555,-26.856177634206748,34.90304711180071,-1.2748822297833362,0.005715812942055254,84.7973424991153,-7.951001034643871e-08,-0.0008219720051483374,5.525810861880175e-06,-1.7161462835308257,32.8882205625873,-0.722775294506542,0.00020738446387980189,0.035747216954496445,56467.2,0.09632400640467702,0.006999999999999999,index_dividend_yield,0.065,13.18,30,56007.65,56368.7,55812.2,55794.75,mid_price,ok
2026-09-16T08:51:15.766123+00:00,2026-09-16T14:21:15.766123+05:30,BANKNIFTY,29-Sep-2026,55400.0,PE,56273.1,267.9,60,268.9,60,269.95,268.4,2282,122,9662,-29.184155299055615,15.89,-0.2726807842966591,0.00019651708631204828,-19.034693253574414,35.34826731284259,-1.20117328669328,0.005556425436809842,77.25971412055088,-7.285408154172257e-08,-0.0008072218524729101,5.549341953505426e-06,-1.7116945238004175,-53.388245507504486,0.2821662136955337,0.00020276008648970758,0.035747216954496445,56467.2,0.09632400640467702,0.006999999999999999,index_dividend_yield,0.065,13.18,30,56007.65,56368.7,55812.2,55794.75,mid_price,ok
2026-09-16T08:51:15.766123+00:00,2026-09-16T14:21:15.766123+05:30,BANKNIFTY,29-Sep-2026,55500.0,CE,56273.1,1233.95,30,1239.4,60,1234.4,1236.6750000000002,2193,72,4977,24.060301507537687,15.25,0.7141608539662531,0.0002094203056695103,-27.302667792445458,36.152018438582566,-1.1971525384092407,0.0051417009937774205,72.10852473451013,-7.574228460827285e-08,-0.0009555567052574885,6.2443417169128e-06,-1.6936530631564608,34.02289975274388,-0.7028259349833988,0.00021529527755070616,0.035747216954496445,56467.2,0.09632400640467702,0.006999999999999999,index_dividend_yield,0.065,13.18,30,56007.65,56368.7,55812.2,55794.75,mid_price,ok
2026-09-16T08:51:15.766123+00:00,2026-09-16T14:21:15.766123+05:30,BANKNIFTY,29-Sep-2026,55500.0,PE,56273.1,290.7,60,291.6,30,293.35,291.15,14761,389,37956,-29.40681025147395,15.67,-0.2904982622447615,0.0002054530124111874,-19.23152859127006,36.443948718487405,-1.1412807859964291,0.0050150416557612765,66.99568320066618,-7.070673795203459e-08,-0.0009334517530336486,6.220060866400385e-06,-1.6906876995808915,-52.96834631654096,0.30010559515494,0.000211216687843538,0.035747216954496445,56467.2,0.09632400640467702,0.006999999999999999,index_dividend_yield,0.065,13.18,30,56007.65,56368.7,55812.2,55794.75,mid_price,ok
2026-09-16T08:51:15.766123+00:00,2026-09-16T14:21:15.766123+05:30,BANKNIFTY,29-Sep-2026,55600.0,CE,56273.1,1156.55,30,1168.2,150,1154.6,1162.375,908,166,1603,22.17989417989418,15.17,0.6934603367064279,0.00021739892218728372,-27.705824102386728,37.33248372198761,-1.1044924720673976,0.004494274785492247,59.48455715037326,-7.10180781362801e-08,-0.001086713471751781,6.935048377450687e-06,-1.6713581425795354,35.186996307354725,-0.6819090034792598,0.00022269449649619432,0.035747216954496445,56467.2,0.09632400640467702,0.006999999999999999,index_dividend_yield,0.065,13.18,30,56007.65,56368.7,55812.2,55794.75,mid_price,ok
2026-09-16T08:51:15.766123+00:00,2026-09-16T14:21:15.766123+05:30,BANKNIFTY,29-Sep-2026,55600.0,PE,56273.1,314.5,30,315.6,300,315.6,315.05,3071,499,15478,-30.423280423280424,15.6,-0.31091904645447715,0.00021280003580319962,-19.624380730225365,37.578566749129315,-1.0495110037526956,0.0043693951100162165,55.054831310233254,-6.608504448688347e-08,-0.0010523635738570586,6.864354178355868e-06,-1.6689808691273882,-51.90758548698797,0.3207454397457196,0.00021798358681254595,0.035747216954496445,56467.2,0.09632400640467702,0.006999999999999999,index_dividend_yield,0.065,13.18,30,56007.65,56368.7,55812.2,55794.75,mid_price,ok
2026-09-16T08:51:15.766123+00:00,2026-09-16T14:21:15.766123+05:30,BANKNIFTY,29-Sep-2026,55700.0,CE,56273.1,1084.1,30,1094,30,1087.05,1089.05,1370,221,4059,24.70460020649306,15.4,0.6688979288788546,0.00022122131073189355,-28.5528602513848,38.56484578395279,-0.9608491718379741,0.003708794662890091,44.71022242576339,-6.20783771976006e-08,-0.001180063174837078,7.501228508063201e-06,-1.6492491890592618,35.82080065420126,-0.6569146700919487,0.00022579704379862629,0.035747216954496445,56467.2,0.09632400640467702,0.006999999999999999,index_dividend_yield,0.065,13.18,30,56007.65,56368.7,55812.2,55794.75,mid_price,ok
2026-09-16T08:51:15.766123+00:00,2026-09-16T14:21:15.766123+05:30,BANKNIFTY,29-Sep-2026,55700.0,PE,56273.1,340.65,60,342,120,342.95,341.325,3639,943,19472,-30.548805184285136,15.45,-0.33133080773590184,0.00022063261236873692,-19.81808317772586,38.58709710570665,-0.9549692428114098,0.0036784667875165984,44.302389077955695,-6.155561566603329e-08,-0.001174765604546461,7.487771354230548e-06,-1.6490656511927497,-51.15950289291648,0.3412829501813084,0.00022519616882121072,0.035747216954496445,56467.2,0.09632400640467702,0.006999999999999999,index_dividend_yield,0.065,13.18,30,56007.65,56368.7,55812.2,55794.75,mid_price,ok
2026-09-16T08:51:15.766123+00:00,2026-09-16T14:21:15.766123+05:30,BANKNIFTY,29-Sep-2026,55800.0,CE,56273.1,1016.5,30,1021.6,30,1017.65,1019.05,2156,304,11639,26.628507434828595,14.96,0.6500652056530266,0.0002325972260757663,-28.221532999958267,39.38946132477682,-0.8851217283009083,0.003010085239440907,36.346106498548636,-5.959414535713741e-08,-0.0013402143992518217,8.197883448973336e-06,-1.6319731399680748,37.75563616832825,-0.6382131001265234,0.0002365580949588984,0.035747216954496445,56467.2,0.09632400640467702,0.006999999999999999,index_dividend_yield,0.065,13.18,30,56007.65,56368.7,55812.2,55794.75,mid_price,ok
2026-09-16T08:51:15.766123+00:00,2026-09-16T14:21:15.766123+05:30,BANKNIFTY,29-Sep-2026,55800.0,PE,56273.1,368.85,90,370.3,30,369.75,369.57500000000005,5673,1810,32840,-29.81873398500522,15.29,-0.35254407613755095,0.00022824874021828436,-19.924884442453585,39.505702742751595,-0.848327861335263,0.0029260397943084437,34.13903562014298,-5.627234367556065e-08,-0.001295598606340881,8.076054263675295e-06,-1.6313608768547283,-50.430731721729444,0.362583049007367,0.00023213555928314376,0.035747216954496445,56467.2,0.09632400640467702,0.006999999999999999,index_dividend_yield,0.065,13.18,30,56007.65,56368.7,55812.2,55794.75,mid_price,ok
2026-09-16T08:51:15.766123+00:00,2026-09-16T14:21:15.766123+05:30,BANKNIFTY,29-Sep-2026,55900.0,CE,56273.1,946.8,90,949.3,30,950.35,948.05,2117,-266,16128,24.922773578705225,14.83,0.6273335010665758,0.00023975731666335678,-28.322695372259552,40.2491707819112,-0.7580969648991465,0.0021790245696520216,26.23218462435517,-5.2807981615169956e-08,-0.0014605002642449356,8.7533164466904e-06,-1.6168230381946032,39.17968934216698,-0.6154020168903501,0.00024296847872950134,0.035747216954496445,56467.2,0.09632400640467702,0.006999999999999999,index_dividend_yield,0.065,13.18,30,56007.65,56368.7,55812.2,55794.75,mid_price,ok
2026-09-16T08:51:15.766123+00:00,2026-09-16T14:21:15.766123+05:30,BANKNIFTY,29-Sep-2026,55900.0,PE,56273.1,399.05,60,400.5,60,399.95,399.775,4015,1262,35492,-28.78383190883191,15.15,-0.3747908565519281,0.0002351676057323476,-19.987217868515604,40.33054097029308,-0.7263795642204751,0.0021096289935088053,24.650002445564922,-4.9920644165939425e-08,-0.0014085793632501078,8.605025763122663e-06,-1.61679369706723,-49.60593139769104,0.38489815904202684,0.00023831729603261925,0.035747216954496445,56467.2,0.09632400640467702,0.006999999999999999,index_dividend_yield,0.065,13.18,30,56007.65,56368.7,55812.2,55794.75,mid_price,ok
2026-09-16T08:51:15.766123+00:00,2026-09-16T14:21:15.766123+05:30,BANKNIFTY,29-Sep-2026,56000.0,CE,56273.1,879.55,60,881.9,60,881.05,880.7249999999999,15390,-2513,85837,26.989045834534448,14.78,0.6032886062267,0.00024505835857651406,-28.467143719891872,41.00037900138324,-0.6109597574180392,0.0012825571685861625,17.048471429689016,-4.446415821714616e-08,-0.0015562063343355866,9.191809693802837e-06,-1.6061049711825888,40.48000115978228,-0.5912546606878271,0.00024745438101353407,0.035747216954496445,56467.2,0.09632400640467702,0.006999999999999999,index_dividend_yield,0.065,13.18,30,56007.65,56368.7,55812.2,55794.75,mid_price,ok
2026-09-16T08:51:15.766123+00:00,2026-09-16T14:21:15.766123+05:30,BANKNIFTY,29-Sep-2026,56000.0,PE,56273.1,432.7,30,433.95,120,433.65,433.325,32621,5811,119330,-28.64664747017688,15.02,-0.3979033100508867,0.00024137762635990232,-19.982053952336493,41.04033167091559,-0.5910107301958234,0.0012376121359881642,16.25657183156548,-4.2629190203460006e-08,-0.0015114895948552236,9.06110610441715e-06,-1.6064224947351065,-48.728048574987966,0.4080494181881539,0.00024373766097334068,0.035747216954496445,56467.2,0.09632400640467702,0.006999999999999999,index_dividend_yield,0.065,13.18,30,56007.65,56368.7,55812.2,55794.75,mid_price,ok
2026-09-16T08:51:15.766123+00:00,2026-09-16T14:21:15.766123+05:30,BANKNIFTY,29-Sep-2026,56100.0,CE,56273.1,815.65,60,817.7,60,816.7,816.675,3371,-1031,40650,27.919179262275826,14.64,0.5791329061518224,0.00025098538863937406,-28.375703305175023,41.59426295430834,-0.46030383271034037,0.00035033120463690004,9.797513714058681,-3.6042987020625245e-08,-0.0016553346642979392,9.587933817601182e-06,-1.600627713844098,42.05371965124577,-0.5671060995357723,0.00025253663989654616,0.035747216954496445,56467.2,0.09632400640467702,0.006999999999999999,index_dividend_yield,0.065,13.18,30,56007.65,56368.7,55812.2,55794.75,mid_price,ok
2026-09-16T08:51:15.766123+00:00,2026-09-16T14:21:15.766123+05:30,BANKNIFTY,29-Sep-2026,56100.0,PE,56273.1,467.1,30,468.1,60,467.65,467.6,5145,2066,52464,-28.79330034259612,14.93,-0.4219241364311281,0.0002462735066567887,-19.951604992792692,41.621853763321354,-0.4414657104613029,0.0003166232739047481,9.23951657697586,-3.427512153369226e-08,-0.0015949194737635921,9.410478694212368e-06,-1.601260899205073,-47.6961345078654,0.43209939104738565,0.00024779563545034353,0.035747216954496445,56467.2,0.09632400640467702,0.006999999999999999,index_dividend_yield,0.065,13.18,30,56007.65,56368.7,55812.2,55794.75,mid_price,ok
2026-09-16T08:51:15.766123+00:00,2026-09-16T14:21:15.766123+05:30,BANKNIFTY,29-Sep-2026,56200.0,CE,56273.1,753.4,60,755.4,30,754.55,754.4,6500,659,58901,26.485625680999078,14.51,0.5542171600944891,0.0002559503589236788,-28.204623013066875,42.040422535050574,-0.29749754409780227,-0.0006235700618314466,4.326239225520112,-2.669171638402013e-08,-0.001737700007688371,9.878319230479564e-06,-1.6012898771843849,43.677445570562334,-0.5422326684605161,0.00025661662722890937,0.035747216954496445,56467.2,0.09632400640467702,0.006999999999999999,index_dividend_yield,0.065,13.18,30,56007.65,56368.7,55812.2,55794.75,mid_price,ok
2026-09-16T08:51:15.766123+00:00,2026-09-16T14:21:15.766123+05:30,BANKNIFTY,29-Sep-2026,56200.0,PE,56273.1,504.2,90,505.85,120,505,505.025,8210,3543,64963,-27.913782028406253,14.74,-0.44620491006353674,0.0002520147845456024,-19.6668611379286,42.05013748651196,-0.28719505340216167,-0.000639540547374029,4.124429942503838,-2.5685132701124038e-08,-0.0016850912578361894,9.725449405135263e-06,-1.6018230814843335,-46.99846186809912,0.45629167522376735,0.00025267080809680316,0.035747216954496445,56467.2,0.09632400640467702,0.006999999999999999,index_dividend_yield,0.065,13.18,30,56007.65,56368.7,55812.2,55794.75,mid_price,ok
2026-09-16T08:51:15.766123+00:00,2026-09-16T14:21:15.766123+05:30,BANKNIFTY,29-Sep-2026,56300.0,CE,56273.1,693.2,30,695.55,30,695,694.375,6509,779,49410,25.428622992239667,14.46,0.528577100968168,0.00025857387082467426,-28.062285326313827,42.32498830458261,-0.12294488835984385,-0.0016213161842846269,0.9421898577919308,-1.634972677316073e-08,-0.0017825297777795382,9.999222935319304e-06,-1.6089193353861757,45.13695785161996,-0.5166196266494492,0.0002583268379496431,0.035747216954496445,56467.2,0.09632400640467702,0.006999999999999999,index_dividend_yield,0.065,13.18,30,56007.65,56368.7,55812.2,55794.75,mid_price,ok
2026-09-16T08:51:15.766123+00:00,2026-09-16T14:21:15.766123+05:30,BANKNIFTY,29-Sep-2026,56300.0,PE,56273.1,544.05,30,545.65,60,545,544.8499999999999,7299,2406,49875,-27.20715907573127,14.64,-0.4713904381017855,0.00025540471404359263,-19.428043107617654,42.32665054045521,-0.11902565986665614,-0.001625655347816224,0.9052222223928652,-1.592477740232524e-08,-0.0017391862183338623,9.875412261659607e-06,-1.6091907476613443,-45.97967649423766,0.48141245824773005,0.00025516070887553205,0.035747216954496445,56467.2,0.09632400640467702,0.006999999999999999,index_dividend_yield,0.065,13.18,30,56007.65,56368.7,55812.2,55794.75,mid_price,ok
2026-09-16T08:51:15.766123+00:00,2026-09-16T14:21:15.766123+05:30,BANKNIFTY,29-Sep-2026,56400.0,CE,56273.1,635.95,90,637.65,30,639.1,636.8,5130,-362,33326,26.27939142461964,14.38,0.5026680168829278,0.0002606813118453106,-27.77042873571496,42.43387579912781,0.055984616265547515,-0.002631291961134874,-0.04171210435544026,-5.651113346951125e-09,-0.0018131485886137483,1.0015642441019103e-05,-1.623628237254593,46.737699746999574,-0.49080612600579077,0.0002595095656411479,0.035747216954496445,56467.2,0.09632400640467702,0.006999999999999999,index_dividend_yield,0.065,13.18,30,56007.65,56368.7,55812.2,55794.75,mid_price,ok
2026-09-16T08:51:15.766123+00:00,2026-09-16T14:21:15.766123+05:30,BANKNIFTY,29-Sep-2026,56400.0,PE,56273.1,586.85,60,588.35,30,587.8,587.6,5052,1399,25340,-26.54795376444861,14.52,-0.49700365349009157,0.00025816749653782107,-19.05610573833274,42.43381677012445,0.05563369366773374,-0.0026290234235434307,-0.042610248865315725,-5.62089272909753e-09,-0.0017783566392360966,9.919296967028928e-06,-1.6235872233269364,-45.01916356383159,0.5069003799121485,0.0002570070497763521,0.035747216954496445,56467.2,0.09632400640467702,0.006999999999999999,index_dividend_yield,0.065,13.18,30,56007.65,56368.7,55812.2,55794.75,mid_price,ok
2026-09-16T08:51:15.766123+00:00,2026-09-16T14:21:15.766123+05:30,BANKNIFTY,29-Sep-2026,56500.0,CE,56273.1,582.05,90,583.85,30,582.2,582.95,18696,-3545,82956,28.662983425414364,14.19,0.4762400088145785,0.0002637142579782197,-27.19513153192195,42.36038742199981,0.24165160062100677,-0.003665309980400155,1.5245605170655097,5.653066698271854e-09,-0.0018490513818235485,9.975298731179454e-06,-1.6459590885851156,48.780604310980436,-0.46460377289467114,0.0002616003954993176,0.035747216954496445,56467.2,0.09632400640467702,0.006999999999999999,index_dividend_yield,0.065,13.18,30,56007.65,56368.7,55812.2,55794.75,mid_price,ok
2026-09-16T08:51:15.766123+00:00,2026-09-16T14:21:15.766123+05:30,BANKNIFTY,29-Sep-2026,56500.0,PE,56273.1,631.45,60,633.3,30,633.6,632.375,21285,1581,44501,-26.84447523380672,14.42,-0.5229614781224583,0.0002595289420493446,-18.61419235697078,42.36380630985316,0.23521412338572967,-0.003632741600056777,1.449479278086585,5.174983240849302e-09,-0.0017909902860649234,9.822261739688668e-06,-1.6452328002056757,-43.99021789221476,0.5327016910731796,0.0002574486279359054,0.035747216954496445,56467.2,0.09632400640467702,0.006999999999999999,index_dividend_yield,0.065,13.18,30,56007.65,56368.7,55812.2,55794.75,mid_price,ok
2026-09-16T08:51:15.766123+00:00,2026-09-16T14:21:15.766123+05:30,BANKNIFTY,29-Sep-2026,56600.0,CE,56273.1,531.3,30,533,90,532.35,532.15,5558,-1013,23178,27.75377969762419,14.1,0.4496840618061143,0.0002637565750292333,-26.678768574566412,42.098471158780114,0.42890863288730374,-0.00467045990598558,5.758175647454067,1.727303716840199e-08,-0.0018346272591349968,9.72718776791337e-06,-1.6755516395212737,50.565402168183766,-0.4382451040506719,0.0002607186587174695,0.035747216954496445,56467.2,0.09632400640467702,0.006999999999999999,index_dividend_yield,0.065,13.18,30,56007.65,56368.7,55812.2,55794.75,mid_price,ok
2026-09-16T08:51:15.766123+00:00,2026-09-16T14:21:15.766123+05:30,BANKNIFTY,29-Sep-2026,56600.0,PE,56273.1,680,90,682.25,60,680.25,681.125,3604,477,9300,-25.63135454247294,14.36,-0.5489688653392149,0.00025907062778276373,-18.13696696819791,42.11303433440358,0.41500284491691186,-0.004613876638322467,5.449091757053992,1.6123980264548665e-08,-0.0017706747399494653,9.569146028798878e-06,-1.6737355296075904,-42.84576480338494,0.5585369046866299,0.0002560866836442986,0.035747216954496445,56467.2,0.09632400640467702,0.006999999999999999,index_dividend_yield,0.065,13.18,30,56007.65,56368.7,55812.2,55794.75,mid_price,ok
2026-09-16T08:51:15.766123+00:00,2026-09-16T14:21:15.766123+05:30,BANKNIFTY,29-Sep-2026,56700.0,CE,56273.1,482.85,60,484.55,90,484.65,483.70000000000005,5144,-665,20664,27.221420133875835,13.97,0.42281454810089086,0.0002633142538751128,-25.99208077848594,41.64038078611429,0.6187225792797235,-0.005662541508870022,12.799713747185137,2.932155040205053e-08,-0.0018040019540766015,9.36130739807796e-06,-1.7124800714750634,52.58112212346887,-0.41165049242113905,0.0002593641414872985,0.035747216954496445,56467.2,0.09632400640467702,0.006999999999999999,index_dividend_yield,0.065,13.18,30,56007.65,56368.7,55812.2,55794.75,mid_price,ok
2026-09-16T08:51:15.766123+00:00,2026-09-16T14:21:15.766123+05:30,BANKNIFTY,29-Sep-2026,56700.0,PE,56273.1,731.6,60,733.65,60,733.5,732.625,4985,1185,7118,-25.19122896481387,14.19,-0.5755935216732585,0.00025940312988325396,-17.373573153113362,41.667891469264106,0.6012205993540798,-0.005603662788830953,12.218391955276076,2.7803347023996863e-08,-0.0017520858690401155,9.245534855326705e-06,-1.7098812449609966,-42.00808010381629,0.5848586282895246,0.00025551169027559925,0.035747216954496445,56467.2,0.09632400640467702,0.006999999999999999,index_dividend_yield,0.065,13.18,30,56007.65,56368.7,55812.2,55794.75,mid_price,ok
2026-09-16T08:51:15.766123+00:00,2026-09-16T14:21:15.766123+05:30,BANKNIFTY,29-Sep-2026,56800.0,CE,56273.1,437.25,120,438.5,30,437.15,437.875,7283,-338,19801,28.083797245824787,13.94,0.3966536659367173,0.0002598591479844511,-25.37858102957632,41.0057444595469,0.7966148104754933,-0.0065759352197936605,22.186959586711907,4.060010194288836e-08,-0.0017236020947577829,8.807781124651505e-06,-1.7541983680587876,54.25651361186958,-0.38573125111485634,0.00025506039012715014,0.035747216954496445,56467.2,0.09632400640467702,0.006999999999999999,index_dividend_yield,0.065,13.18,30,56007.65,56368.7,55812.2,55794.75,mid_price,ok
2026-09-16T08:51:15.766123+00:00,2026-09-16T14:21:15.766123+05:30,BANKNIFTY,29-Sep-2026,56800.0,PE,56273.1,784.65,30,787.45,30,785.45,786.05,3639,244,7782,-25.658984430457622,14.19,-0.6011368735686082,0.0002556173394617985,-16.803848209241917,41.05978043961855,0.7710786670961367,-0.006494549245953607,21.05890401024979,3.833198160560801e-08,-0.001670362047026232,8.704836440876038e-06,-1.7499659993711205,-40.71676284579662,0.6101873937885727,0.00025089691408628666,0.035747216954496445,56467.2,0.09632400640467702,0.006999999999999999,index_dividend_yield,0.065,13.18,30,56007.65,56368.7,55812.2,55794.75,mid_price,ok
2026-09-16T08:51:15.766123+00:00,2026-09-16T14:21:15.766123+05:30,BANKNIFTY,29-Sep-2026,56900.0,CE,56273.1,395.4,90,396.65,90,396.1,396.025,5805,-239,13225,27.547898889067785,13.88,0.37059422240232626,0.0002557629875111303,-24.622149001987534,40.18565757824344,0.9695417264357076,-0.0074417750747186595,34.04632313262823,5.1770652114053684e-08,-0.0016260519963595167,8.146894452178285e-06,-1.800968285224272,56.10909971706186,-0.35997905643319494,0.00025015825816371274,0.035747216954496445,56467.2,0.09632400640467702,0.006999999999999999,index_dividend_yield,0.065,13.18,30,56007.65,56368.7,55812.2,55794.75,mid_price,ok
2026-09-16T08:51:15.766123+00:00,2026-09-16T14:21:15.766123+05:30,BANKNIFTY,29-Sep-2026,56900.0,PE,56273.1,843.15,60,846.1,60,846.25,844.625,3944,953,5998,-23.47515485825383,14.24,-0.6257453396386689,0.00025002978655681455,-16.238476856561466,40.30376857477104,0.9256330385775113,-0.007303700057413875,31.61642541647325,4.779743930213085e-08,-0.001559753374153199,8.046829800521424e-06,-1.7929821437961024,-39.33986720111309,0.634582034130805,0.00024455069321308926,0.035747216954496445,56467.2,0.09632400640467702,0.006999999999999999,index_dividend_yield,0.065,13.18,30,56007.65,56368.7,55812.2,55794.75,mid_price,ok
2026-09-16T08:51:15.766123+00:00,2026-09-16T14:21:15.766123+05:30,BANKNIFTY,29-Sep-2026,57000.0,CE,56273.1,355.6,30,356.75,90,355.95,356.175,35701,-2381,66176,28.154815481548155,13.78,0.3444863297090506,0.00025112153691468517,-23.70637578076961,39.17212171183126,1.1384237637020733,-0.008255783107887327,48.453481679771926,6.300841493494562e-08,-0.001511797081924437,7.378151332736648e-06,-1.8521993703215358,58.214220654907244,-0.33425112376825244,0.00024475745582922166,0.035747216954496445,56467.2,0.09632400640467702,0.006999999999999999,index_dividend_yield,0.065,13.18,30,56007.65,56368.7,55812.2,55794.75,mid_price,ok
2026-09-16T08:51:15.766123+00:00,2026-09-16T14:21:15.766123+05:30,BANKNIFTY,29-Sep-2026,57000.0,PE,56273.1,901.2,60,904.1,30,901.9,902.6500000000001,28730,2113,30117,-23.842094152417143,13.92,-0.6536839329989302,0.0002490202272597532,-14.91715858458747,39.238986129021804,1.1182409893536471,-0.008209532804742903,47.08440493978472,6.11206473057008e-08,-0.0014901842662877354,7.3616921326909485e-06,-1.8482409672569275,-38.83621942677238,0.6619649044507885,0.0002427093988948407,0.035747216954496445,56467.2,0.09632400640467702,0.006999999999999999,index_dividend_yield,0.065,13.18,30,56007.65,56368.7,55812.2,55794.75,mid_price,ok
2026-09-16T08:51:15.766123+00:00,2026-09-16T14:21:15.766123+05:30,BANKNIFTY,29-Sep-2026,57100.0,CE,56273.1,319.45,60,320.6,30,320,320.025,5599,117,15180,26.984126984126984,13.74,0.3195514151956251,0.0002444464830837897,-22.822853307902587,38.02020402437465,1.2866816531959258,-0.008959947763324594,64.17079366212164,7.282835483665406e-08,-0.0013665499323512575,6.5003824116720125e-06,-1.9035411775876412,60.08786992108466,-0.30968274142629987,0.00023741778982376604,0.035747216954496445,56467.2,0.09632400640467702,0.006999999999999999,index_dividend_yield,0.065,13.18,30,56007.65,56368.7,55812.2,55794.75,mid_price,ok
2026-09-16T08:51:15.766123+00:00,2026-09-16T14:21:15.766123+05:30,BANKNIFTY,29-Sep-2026,57100.0,PE,56273.1,962.55,30,971.2,30,966,966.875,1883,76,2382,-22.109337203676827,13.98,-0.6771560686848624,0.00024120001516016068,-14.212692290345373,38.17055012454019,1.2489511832405875,-0.008866221360205873,61.1598424201496,6.923800635833785e-08,-0.001338893486837,6.511529868509562e-06,-1.8956732886159882,-37.47367932768641,0.6851582508182397,0.00023426466923295947,0.035747216954496445,56467.2,0.09632400640467702,0.006999999999999999,index_dividend_yield,0.065,13.18,30,56007.65,56368.7,55812.2,55794.75,mid_price,ok
2026-09-16T08:51:15.766123+00:00,2026-09-16T14:21:15.766123+05:30,BANKNIFTY,29-Sep-2026,57200.0,CE,56273.1,285.6,30,286.8,30,285.8,286.20000000000005,7759,-439,16842,27.390238466681524,13.63,0.2943107540224171,0.00023763899908168826,-21.735324667518785,36.66548949412381,1.432092676425939,-0.009604872342519166,82.37728138878708,8.299161790781e-08,-0.0012096164565347663,5.530048470470242e-06,-1.9572610040551979,62.3958738792711,-0.2849011857351626,0.00022999973613847683,0.035747216954496445,56467.2,0.09632400640467702,0.006999999999999999,index_dividend_yield,0.065,13.18,30,56007.65,56368.7,55812.2,55794.75,mid_price,ok
2026-09-16T08:51:15.766123+00:00,2026-09-16T14:21:15.766123+05:30,BANKNIFTY,29-Sep-2026,57200.0,PE,56273.1,1028.7,30,1038.6,60,1039.95,1033.65,3350,375,3599,-22.10112359550562,13.39,-0.7089265167510508,0.00024056255952306568,-12.18087489617494,36.46301112076804,1.4745244848158312,-0.009736258533331488,86.41028281207497,8.723046499323796e-08,-0.0012265227123966192,5.465907342632522e-06,-1.9664479336362746,-37.46287596411064,0.7160554798625584,0.00023282931433355483,0.035747216954496445,56467.2,0.09632400640467702,0.006999999999999999,index_dividend_yield,0.065,13.18,30,56007.65,56368.7,55812.2,55794.75,mid_price,ok
2026-09-16T08:51:15.766123+00:00,2026-09-16T14:21:15.766123+05:30,BANKNIFTY,29-Sep-2026,57300.0,CE,56273.1,254.7,90,255.75,90,255,255.225,6824,480,12993,27.851591877663576,13.6,0.27092907306340686,0.00022887206742156686,-20.7436915394357,35.23510889352849,1.5475801397604183,-0.010112235537168779,100.41161012170363,9.090242541722937e-08,-0.0010306619778409738,4.511549557274319e-06,-2.0060602731856463,64.3244776470709,-0.26193719802261606,0.0002207421303752294,0.035747216954496445,56467.2,0.09632400640467702,0.006999999999999999,index_dividend_yield,0.065,13.18,30,56007.65,56368.7,55812.2,55794.75,mid_price,ok
2026-09-16T08:51:15.766123+00:00,2026-09-16T14:21:15.766123+05:30,BANKNIFTY,29-Sep-2026,57300.0,PE,56273.1,1096,30,1106.65,30,1109.95,1101.325,2511,-320,734,-20.573186876095747,13.85,-0.725007071219161,0.000226304120622519,-12.142376323596267,35.48020759281286,1.5037223435618863,-0.01002389633981815,95.72978614976435,8.650027138874603e-08,-0.0010233810745166215,4.612714200476214e-06,-1.996262231699184,-35.358474042689,0.7321508898632918,0.0002182654015480809,0.035747216954496445,56467.2,0.09632400640467702,0.006999999999999999,index_dividend_yield,0.065,13.18,30,56007.65,56368.7,55812.2,55794.75,mid_price,ok
2026-09-16T08:51:15.766123+00:00,2026-09-16T14:21:15.766123+05:30,BANKNIFTY,29-Sep-2026,57400.0,CE,56273.1,226.4,60,227.3,60,227,226.85000000000002,8738,254,10808,26.32164718976071,13.51,0.2474634487350773,0.0002198545770623046,-19.58267116853334,33.62286969205431,1.6557857961260747,-0.010538607293808011,120.20436890226449,9.886113153658191e-08,-0.000841341674198443,3.423550494455939e-06,-2.053224132550895,66.66771882926001,-0.2389661265277058,0.00021130676806047774,0.035747216954496445,56467.2,0.09632400640467702,0.006999999999999999,index_dividend_yield,0.065,13.18,30,56007.65,56368.7,55812.2,55794.75,mid_price,ok
2026-09-16T08:51:15.766123+00:00,2026-09-16T14:21:15.766123+05:30,BANKNIFTY,29-Sep-2026,57400.0,PE,56273.1,1166.9,30,1177.5,30,1147.15,1172.2,4530,40,279,-20.458327555124114,14.5,-0.7367443084440449,0.0002114724843760791,-12.476502113310374,34.710892984872935,1.4879850395559946,-0.010178528374612528,100.36054227447622,8.197116065807089e-08,-0.0008469975551801819,3.931345319894411e-06,-2.0150822110966047,-33.15430905911651,0.7440656573158771,0.0002032505659164226,0.035747216954496445,56467.2,0.09632400640467702,0.006999999999999999,index_dividend_yield,0.065,13.18,30,56007.65,56368.7,55812.2,55794.75,mid_price,ok
2026-09-16T08:51:15.766123+00:00,2026-09-16T14:21:15.766123+05:30,BANKNIFTY,29-Sep-2026,57500.0,CE,56273.1,199.85,60,200.65,30,200.65,200.25,74676,1552,45794,24.937733499377334,13.52,0.22661020338749208,0.00020931492949284082,-18.59027791006316,32.03471129066125,1.7269268851694275,-0.010819315279566005,137.78454173698938,1.0377970974874856e-07,-0.0006478784694435191,2.380542939188116e-06,-2.090518470476084,68.43357168857344,-0.21853419982288316,0.00020047775817436691,0.035747216954496445,56467.2,0.09632400640467702,0.006999999999999999,index_dividend_yield,0.065,13.18,30,56007.65,56368.7,55812.2,55794.75,mid_price,ok
2026-09-16T08:51:15.766123+00:00,2026-09-16T14:21:15.766123+05:30,BANKNIFTY,29-Sep-2026,57500.0,PE,56273.1,1242.5,120,1248.3,30,1243.75,1245.4,52814,-318,3161,-20.948930625734896,13.91,-0.7665372545693014,0.00020674293133446294,-10.265512522915776,32.5538019250503,1.6594833928043062,-0.010714099553717382,128.56263838133586,9.660495627335354e-08,-0.0006697962537715392,2.6608237136593253e-06,-2.0757377422471492,-33.016840943019275,0.7729025220447204,0.00019801434848796978,0.035747216954496445,56467.2,0.09632400640467702,0.006999999999999999,index_dividend_yield,0.065,13.18,30,56007.65,56368.7,55812.2,55794.75,mid_price,ok
2026-09-16T08:51:15.766123+00:00,2026-09-16T14:21:15.766123+05:30,BANKNIFTY,29-Sep-2026,57600.0,CE,56273.1,178,30,178.75,60,178.3,178.375,7774,-507,13741,24.424284717376135,13.48,0.20595749666790406,0.00019863509670771463,-17.469643582607386,30.31026932437286,1.7875958627765336,-0.011010633782523259,156.02984914671225,1.0845278392909655e-07,-0.00045098916981028145,1.3120530124823742e-06,-2.1222574265354552,70.55843298739453,-0.19836124437322117,0.00018958880980782112,0.035747216954496445,56467.2,0.09632400640467702,0.006999999999999999,index_dividend_yield,0.065,13.18,30,56007.65,56368.7,55812.2,55794.75,mid_price,ok
2026-09-16T08:51:15.766123+00:00,2026-09-16T14:21:15.766123+05:30,BANKNIFTY,29-Sep-2026,57600.0,PE,56273.1,1316.95,30,1332.35,60,1294.6,1324.65,2392,-56,253,-18.688565775837702,13.86,,,,,,,,,,,,,,,0.035747216954496445,,,,,,13.18,30,56007.65,56368.7,55812.2,55794.75,mid_price,no_price_available
2026-09-16T08:51:15.766123+00:00,2026-09-16T14:21:15.766123+05:30,BANKNIFTY,29-Sep-2026,57700.0,CE,56273.1,157.2,60,157.9,60,157.55,157.55,11088,371,9018,21.942724458204335,13.48,0.18711408079067102,0.00018741414171716942,-16.420031420960107,28.5980333022536,1.822316042416755,-0.011089438179978343,172.25635718427412,1.1115911871404514e-07,-0.00026139547155974556,3.0955308965427615e-07,-2.1438155381787602,72.44124852395309,-0.1799677167273418,0.00017825938872367055,0.035747216954496445,56467.2,0.09632400640467702,0.006999999999999999,index_dividend_yield,0.065,13.18,30,56007.65,56368.7,55812.2,55794.75,mid_price,ok
2026-09-16T08:51:15.766123+00:00,2026-09-16T14:21:15.766123+05:30,BANKNIFTY,29-Sep-2026,57700.0,PE,56273.1,1390.9,60,1408.8,30,1450,1399.85,4467,-26,159,-16.61874640598045,14.51,,,,,,,,,,,,,,,0.035747216954496445,,,,,,13.18,30,56007.65,56368.7,55812.2,55794.75,mid_price,no_price_available
2026-09-16T08:51:15.766123+00:00,2026-09-16T14:21:15.766123+05:30,BANKNIFTY,29-Sep-2026,57800.0,CE,56273.1,138.75,60,139.3,60,139.1,139.025,8974,-1619,15360,21.910604732690622,13.46,0.16903754948990132,0.00017604529726221034,-15.324251379827734,26.823373999812787,1.8416804039945722,-0.011073389309656845,187.68568111228134,1.1306296067305975e-07,-7.604317585284382e-05,-6.640385653160804e-07,-2.1560511689899933,74.49453258859415,-0.16236290864994818,0.000166866990045768,0.035747216954496445,56467.2,0.09632400640467702,0.006999999999999999,index_dividend_yield,0.065,13.18,30,56007.65,56368.7,55812.2,55794.75,mid_price,ok
2026-09-16T08:51:15.766123+00:00,2026-09-16T14:21:15.766123+05:30,BANKNIFTY,29-Sep-2026,57800.0,PE,56273.1,1477.45,30,1497.8,30,1470.25,1487.625,4184,11,229,-18.130690202411113,13.63,,,,,,,,,,,,,,,0.035747216954496445,,,,,,13.18,30,56007.65,56368.7,55812.2,55794.75,mid_price,no_price_available
2026-09-16T08:51:15.766123+00:00,2026-09-16T14:21:15.766123+05:30,BANKNIFTY,29-Sep-2026,57900.0,CE,56273.1,122.2,30,122.9,60,122.3,122.55000000000001,7737,31,11944,19.317073170731707,13.47,0.1526545949390315,0.00016458591207682314,-14.299086422662619,25.095980673563794,1.839399525344884,-0.010965849489624563,200.59365908047687,1.1331812170653065e-07,9.374968030640004e-05,-1.5403884154951768e-06,-2.157232032562284,76.34462190304703,-0.146421876095115,0.00015546663978877024,0.035747216954496445,56467.2,0.09632400640467702,0.006999999999999999,index_dividend_yield,0.065,13.18,30,56007.65,56368.7,55812.2,55794.75,mid_price,ok
2026-09-16T08:51:15.766123+00:00,2026-09-16T14:21:15.766123+05:30,BANKNIFTY,29-Sep-2026,57900.0,PE,56273.1,1558,30,1569.8,30,1536.35,1563.9,4870,-57,223,-17.655098485863594,14.17,,,,,,,,,,,,,,,0.035747216954496445,,,,,,13.18,30,56007.65,56368.7,55812.2,55794.75,mid_price,no_price_available
2026-09-16T08:51:15.766123+00:00,2026-09-16T14:21:15.766123+05:30,BANKNIFTY,29-Sep-2026,58000.0,CE,56273.1,107.65,30,108.1,60,108,107.875,53444,-1873,47529,17.71117166212534,13.5,0.13777249933174915,0.00015326620837732429,-13.331209749449618,23.422006604150834,1.8194114714564362,-0.010781989824916294,211.04901108915897,1.1225593092933805e-07,0.00024581385913968995,-2.3161295638887886e-06,-2.1479104044096218,78.04498897277219,-0.1319577061936452,0.00014427534030537443,0.035747216954496445,56467.2,0.09632400640467702,0.006999999999999999,index_dividend_yield,0.065,13.18,30,56007.65,56368.7,55812.2,55794.75,mid_price,ok
2026-09-16T08:51:15.766123+00:00,2026-09-16T14:21:15.766123+05:30,BANKNIFTY,29-Sep-2026,58000.0,PE,56273.1,1649.75,30,1660.55,60,1620,1655.15,26033,138,3164,-18.597055424350536,13.7,,,,,,,,,,,,,,,0.035747216954496445,,,,,,13.18,30,56007.65,56368.7,55812.2,55794.75,mid_price,no_price_available
2026-09-16T08:51:15.766123+00:00,2026-09-16T14:21:15.766123+05:30,BANKNIFTY,29-Sep-2026,58100.0,CE,56273.1,94.7,30,95.5,120,94.95,95.1,4371,-991,7583,15.581253804017042,13.5,0.1234591299840671,0.0001420698649005728,-12.320282355945187,21.710991282305027,1.788504275218851,-0.010521567084700603,220.30626812270526,1.1074945421628384e-07,0.0003893310694557848,-3.042366726253344e-06,-2.1276884626504504,79.99724573789936,-0.11808230857074047,0.0001332758262308974,0.035747216954496445,56467.2,0.09632400640467702,0.006999999999999999,index_dividend_yield,0.065,13.18,30,56007.65,56368.7,55812.2,55794.75,mid_price,ok
2026-09-16T08:51:15.766123+00:00,2026-09-16T14:21:15.766123+05:30,BANKNIFTY,29-Sep-2026,58100.0,PE,56273.1,1728.95,30,1758.05,30,1775,1743.5,1382,-5,25,-15.55862134582907,13.41,,,,,,,,,,,,,,,0.035747216954496445,,,,,,13.18,30,56007.65,56368.7,55812.2,55794.75,mid_price,no_price_available
2026-09-16T08:51:15.766123+00:00,2026-09-16T14:21:15.766123+05:30,BANKNIFTY,29-Sep-2026,58200.0,CE,56273.1,83.3,30,84,60,83.1,83.65,6237,-836,9339,13.215258855585832,13.6,0.11198465481080581,0.00013161655201236532,-11.547611134607887,20.262514314621207,1.7386323689866228,-0.010236365338190875,224.9246451971576,1.071653858861699e-07,0.0004933302488126007,-3.5641744202319287e-06,-2.100417158238759,81.10224534222488,-0.10694197082297614,0.0001230456375539008,0.035747216954496445,56467.2,0.09632400640467702,0.006999999999999999,index_dividend_yield,0.065,13.18,30,56007.65,56368.7,55812.2,55794.75,mid_price,ok
2026-09-16T08:51:15.766123+00:00,2026-09-16T14:21:15.766123+05:30,BANKNIFTY,29-Sep-2026,58200.0,PE,56273.1,1813.05,30,1832.85,30,1852.3,1822.9499999999998,1901,4,10,-13.086524024024024,13.85,,,,,,,,,,,,,,,0.035747216954496445,,,,,,13.18,30,56007.65,56368.7,55812.2,55794.75,mid_price,no_price_available
2026-09-16T08:51:15.766123+00:00,2026-09-16T14:21:15.766123+05:30,BANKNIFTY,29-Sep-2026,58300.0,CE,56273.1,73.3,30,73.75,30,72.8,73.525,5949,-317,10406,6.744868035190616,13.57,0.09927513552721728,0.00012090195318382338,-10.533439369266437,18.571931862654342,1.686611362223027,-0.00984964469553802,230.69407748593207,1.0453976853590295e-07,0.0006109385129235542,-4.143459690930372e-06,-2.0586087618203344,83.32294032646722,-0.09467363690736282,0.00011264136077102195,0.035747216954496445,56467.2,0.09632400640467702,0.006999999999999999,index_dividend_yield,0.065,13.18,30,56007.65,56368.7,55812.2,55794.75,mid_price,ok
2026-09-16T08:51:15.766123+00:00,2026-09-16T14:21:15.766123+05:30,BANKNIFTY,29-Sep-2026,58300.0,PE,56273.1,1902.25,30,1922.45,30,1905,1912.35,1862,-24,25,-14.835594697901067,11.76,,,,,,,,,,,,,,,0.035747216954496445,,,,,,13.18,30,56007.65,56368.7,55812.2,55794.75,mid_price,no_price_available
2026-09-16T08:51:15.766123+00:00,2026-09-16T14:21:15.766123+05:30,BANKNIFTY,29-Sep-2026,58400.0,CE,56273.1,65.2,30,65.45,30,65.25,65.325,3330,-372,5585,7.673267326732673,13.71,0.09038080389587598,0.00011166978628216881,-9.902606800661635,17.330737998077584,1.620769592056273,-0.009511377150237255,230.77967722001523,9.96478119427651e-08,0.0006725867291500432,-4.4532762173633735e-06,-2.0181410356223743,84.02536804093494,-0.08605271543080441,0.00010368398286605137,0.035747216954496445,56467.2,0.09632400640467702,0.006999999999999999,index_dividend_yield,0.065,13.18,30,56007.65,56368.7,55812.2,55794.75,mid_price,ok
2026-09-16T08:51:15.766123+00:00,2026-09-16T14:21:15.766123+05:30,BANKNIFTY,29-Sep-2026,58400.0,PE,56273.1,1987.65,30,2019.8,30,2034.7,2003.725,1016,-46,61,-16.610655737704917,14.06,,,,,,,,,,,,,,,0.035747216954496445,,,,,,13.18,30,56007.65,56368.7,55812.2,55794.75,mid_price,no_price_available
2026-09-16T08:51:15.766123+00:00,2026-09-16T14:21:15.766123+05:30,BANKNIFTY,29-Sep-2026,58500.0,CE,56273.1,57.7,180,57.9,30,57.75,57.8,27904,192,33161,4.336043360433604,13.78,0.08118475715339878,0.00010252665825027818,-9.161701724054035,15.9929999833175,1.5522743956839085,-0.009111117263881058,230.72679894431224,9.518411106244059e-08,0.0007351781406336993,-4.7588260437120945e-06,-1.9668349375213232,85.32787007965207,-0.0771790976092066,9.48695304207462e-05,0.035747216954496445,56467.2,0.09632400640467702,0.006999999999999999,index_dividend_yield,0.065,13.18,30,56007.65,56368.7,55812.2,55794.75,mid_price,ok
2026-09-16T08:51:15.766123+00:00,2026-09-16T14:21:15.766123+05:30,BANKNIFTY,29-Sep-2026,58500.0,PE,56273.1,2094.95,30,2109.2,30,2075,2102.075,6000,-180,434,-17.312558528761283,14.6,,,,,,,,,,,,,,,0.035747216954496445,,,,,,13.18,30,56007.65,56368.7,55812.2,55794.75,mid_price,no_price_available
2026-09-16T08:51:15.766123+00:00,2026-09-16T14:21:15.766123+05:30,BANKNIFTY,29-Sep-2026,58600.0,CE,56273.1,51.1,30,51.65,30,51.35,51.375,3039,-242,3993,4.2639593908629445,13.79,0.07192299819862256,9.343317887849092e-05,-8.342279651275403,14.585096545885381,1.4787007772048069,-0.008646693417008924,229.93402596648593,9.085114456873309e-08,0.0007955047649276588,-5.038519174475453e-06,-1.903181947748406,87.17417747332891,-0.06827477790994699,8.616037370141592e-05,0.035747216954496445,56467.2,0.09632400640467702,0.006999999999999999,index_dividend_yield,0.065,13.18,30,56007.65,56368.7,55812.2,55794.75,mid_price,ok
2026-09-16T08:51:15.766123+00:00,2026-09-16T14:21:15.766123+05:30,BANKNIFTY,29-Sep-2026,58600.0,PE,56273.1,2134.6,120,2206.8,30,2130,2170.7,540,-5,6,10.362694300518134,0,,,,,,,,,,,,,,,0.035747216954496445,,,,,,13.18,30,56007.65,56368.7,55812.2,55794.75,mid_price,no_price_available
2026-09-16T08:51:15.766123+00:00,2026-09-16T14:21:15.766123+05:30,BANKNIFTY,29-Sep-2026,58700.0,CE,56273.1,45.35,300,46,60,45.6,45.675,2766,-102,2787,-0.7616974972796517,13.95,0.06562423362859246,8.605945025097698e-05,-7.844141024709398,13.589913488330275,1.405841745227253,-0.008281778070518803,225.72116374188323,8.55252361574633e-08,0.0008125544656732429,-5.128161208943407e-06,-1.8502412690630763,87.5861761569078,-0.06219278116139922,7.909044987455482e-05,0.035747216954496445,56467.2,0.09632400640467702,0.006999999999999999,index_dividend_yield,0.065,13.18,30,56007.65,56368.7,55812.2,55794.75,mid_price,ok
2026-09-16T08:51:15.766123+00:00,2026-09-16T14:21:15.766123+05:30,BANKNIFTY,29-Sep-2026,58700.0,PE,56273.1,2208.1,300,2303.1,30,2556.4,2255.6,394,0,3,22.31578947368421,24.6,,,,,,,,,,,,,,,0.035747216954496445,,,,,,13.18,30,56007.65,56368.7,55812.2,55794.75,mid_price,no_price_available
2026-09-16T08:51:15.766123+00:00,2026-09-16T14:21:15.766123+05:30,BANKNIFTY,29-Sep-2026,58800.0,CE,56273.1,40.95,60,41.25,30,41.15,41.1,4659,249,5612,0.36585365853658536,14.09,0.059636708767501746,7.908112498878775e-05,-7.336909532158614,12.613271643951498,1.3329861826827314,-0.007901295854575795,220.9207418963439,8.042166999845958e-08,0.000823904416957845,-5.184894942615305e-06,-1.7926258388965728,88.1517557213605,-0.05642640166468099,7.243023054829005e-05,0.035747216954496445,56467.2,0.09632400640467702,0.006999999999999999,index_dividend_yield,0.065,13.18,30,56007.65,56368.7,55812.2,55794.75,mid_price,ok
2026-09-16T08:51:15.766123+00:00,2026-09-16T14:21:15.766123+05:30,BANKNIFTY,29-Sep-2026,58800.0,PE,56273.1,2322.65,30,2401.05,30,2250,2361.8500000000004,535,-1,2,-15.944411237298267,0,,,,,,,,,,,,,,,0.035747216954496445,,,,,,13.18,30,56007.65,56368.7,55812.2,55794.75,mid_price,no_price_available
2026-09-16T08:51:15.766123+00:00,2026-09-16T14:21:15.766123+05:30,BANKNIFTY,29-Sep-2026,58900.0,CE,56273.1,36.8,90,37.2,30,35.7,37.0,1941,-53,2232,-11.41439205955335,14.19,0.05369916390168191,7.229649756441416e-05,-6.788955877556574,11.612977127445205,1.2588953472545301,-0.007488724964264844,215.62849899775128,7.555463088444206e-08,0.0008329580044154019,-5.219734104345081e-06,-1.7274995231801231,89.06598109899548,-0.05072819281803163,6.599155309885644e-05,0.035747216954496445,56467.2,0.09632400640467702,0.006999999999999999,index_dividend_yield,0.065,13.18,30,56007.65,56368.7,55812.2,55794.75,mid_price,ok
2026-09-16T08:51:15.766123+00:00,2026-09-16T14:21:15.766123+05:30,BANKNIFTY,29-Sep-2026,58900.0,PE,56273.1,2442.85,30,2495.9,30,2565.1,2469.375,612,-6,9,-5.807399247222987,18.29,,,,,,,,,,,,,,,0.035747216954496445,,,,,,13.18,30,56007.65,56368.7,55812.2,55794.75,mid_price,no_price_available
2026-09-16T08:51:15.766123+00:00,2026-09-16T14:21:15.766123+05:30,BANKNIFTY,29-Sep-2026,59000.0,CE,56273.1,33.5,60,33.65,30,33.7,33.575,36876,1774,31478,-7.290233837689134,14.39,0.049512889789100595,6.683625818029372e-05,-6.440780871997436,10.887215989809341,1.1922428680081303,-0.007168789174412847,209.23467655801707,7.063809433083288e-08,0.0008200683965427788,-5.166634722598859e-06,-1.6751034686241957,88.99128594027393,-0.046693807165946496,6.080086887073467e-05,0.035747216954496445,56467.2,0.09632400640467702,0.006999999999999999,index_dividend_yield,0.065,13.18,30,56007.65,56368.7,55812.2,55794.75,mid_price,ok
2026-09-16T08:51:15.766123+00:00,2026-09-16T14:21:15.766123+05:30,BANKNIFTY,29-Sep-2026,59000.0,PE,56273.1,2567.45,30,2579.95,30,2575,2573.7,7538,-45,1544,-11.40699454679947,15.54,,,,,,,,,,,,,,,0.035747216954496445,,,,,,13.18,30,56007.65,56368.7,55812.2,55794.75,mid_price,no_price_available
2026-09-16T08:51:15.766123+00:00,2026-09-16T14:21:15.766123+05:30,BANKNIFTY,29-Sep-2026,59100.0,CE,56273.1,30.05,60,30.45,120,30.7,30.25,1365,-114,1015,-10.364963503649635,14.56,0.04536763420598548,6.158662480192284e-05,-6.064120220748681,10.150599568376508,1.126287944386021,-0.006831494102126988,202.6849487494431,6.603147089125544e-08,0.00080680392018799,-5.1030525155679594e-06,-1.6181774735432395,89.17284575775432,-0.042713162064052526,5.583584882709816e-05,0.035747216954496445,56467.2,0.09632400640467702,0.006999999999999999,index_dividend_yield,0.065,13.18,30,56007.65,56368.7,55812.2,55794.75,mid_price,ok
2026-09-16T08:51:15.766123+00:00,2026-09-16T14:21:15.766123+05:30,BANKNIFTY,29-Sep-2026,59100.0,PE,56273.1,2603.45,30,2687.55,60,2818.95,2645.5,215,0,2,24.746100232326583,21.88,,,,,,,,,,,,,,,0.035747216954496445,,,,,,13.18,30,56007.65,56368.7,55812.2,55794.75,mid_price,no_price_available
2026-09-16T08:51:15.766123+00:00,2026-09-16T14:21:15.766123+05:30,BANKNIFTY,29-Sep-2026,59200.0,CE,56273.1,27.3,30,27.95,720,28.2,27.625,1667,-397,1616,-12.012480499219969,14.65,0.04075379016041347,5.61279338134152e-05,-5.58545142679423,9.308090494587034,1.056702209279347,-0.00643087562132618,195.83673862076267,6.167323639552919e-08,0.0007978077310453209,-5.039500880547044e-06,-1.5483492285276768,90.08550264325031,-0.03830886343510021,5.0715104261759665e-05,0.035747216954496445,56467.2,0.09632400640467702,0.006999999999999999,index_dividend_yield,0.065,13.18,30,56007.65,56368.7,55812.2,55794.75,mid_price,ok
2026-09-16T08:51:15.766123+00:00,2026-09-16T14:21:15.766123+05:30,BANKNIFTY,29-Sep-2026,59200.0,PE,56273.1,2684.8,300,2786.25,30,0.0,2735.525,52,0,0,0,0,,,,,,,,,,,,,,,0.035747216954496445,,,,,,13.18,30,56007.65,56368.7,55812.2,55794.75,mid_price,no_price_available
2026-09-16T08:51:15.766123+00:00,2026-09-16T14:21:15.766123+05:30,BANKNIFTY,29-Sep-2026,59300.0,CE,56273.1,24.7,450,25.4,420,25.85,25.049999999999997,1610,-188,1127,-11.925042589437819,14.83,0.03747942183219186,5.1792161250114615e-05,-5.272091120481798,8.694589897530097,0.9965935203773875,-0.006123422969563516,188.80134319376828,5.75167490347041e-08,0.0007754473021663946,-4.92888426853521e-06,-1.4930936288666494,90.11071582227555,-0.035171632161535835,4.6639762297434274e-05,0.035747216954496445,56467.2,0.09632400640467702,0.006999999999999999,index_dividend_yield,0.065,13.18,30,56007.65,56368.7,55812.2,55794.75,mid_price,ok
2026-09-16T08:51:15.766123+00:00,2026-09-16T14:21:15.766123+05:30,BANKNIFTY,29-Sep-2026,59300.0,PE,56273.1,2651.75,300,2883.55,30,0.0,2767.65,53,0,0,0,8.77,,,,,,,,,,,,,,,0.035747216954496445,,,,,,13.18,30,56007.65,56368.7,55812.2,55794.75,mid_price,no_price_available
2026-09-16T08:51:15.766123+00:00,2026-09-16T14:21:15.766123+05:30,BANKNIFTY,29-Sep-2026,59400.0,CE,56273.1,22.85,120,23.3,570,22.75,23.075000000000003,2609,-91,1789,-14.953271028037383,14.99,0.0343142014349061,4.7666145850666153e-05,-4.949168605257519,8.08826901414276,0.937711855290034,-0.0058094464667203735,181.65109474366403,5.359795090911949e-08,0.0007525527540934927,-4.808560629824349e-06,-1.4352026562023994,90.29964946185022,-0.032147853572818554,4.277980773993721e-05,0.035747216954496445,56467.2,0.09632400640467702,0.006999999999999999,index_dividend_yield,0.065,13.18,30,56007.65,56368.7,55812.2,55794.75,mid_price,ok
2026-09-16T08:51:15.766123+00:00,2026-09-16T14:21:15.766123+05:30,BANKNIFTY,29-Sep-2026,59400.0,PE,56273.1,2866.6,300,2982.5,30,0.0,2924.55,119,0,0,0,12.5,,,,,,,,,,,,,,,0.035747216954496445,,,,,,13.18,30,56007.65,56368.7,55812.2,55794.75,mid_price,no_price_available
2026-09-16T08:51:15.766123+00:00,2026-09-16T14:21:15.766123+05:30,BANKNIFTY,29-Sep-2026,59500.0,CE,56273.1,21,30,21.1,30,21.1,21.05,13323,-526,13517,-17.578125,15.15,0.03143919124032401,4.388067119689434e-05,-4.646600078827547,7.525403858235896,0.8816817285825455,-0.0055078674084787045,174.4733635846325,4.991320562908886e-08,0.0007277340939900211,-4.67650241931618e-06,-1.3781923292735883,90.46240580672959,-0.029405439829832163,3.925012203046716e-05,0.035747216954496445,56467.2,0.09632400640467702,0.006999999999999999,index_dividend_yield,0.065,13.18,30,56007.65,56368.7,55812.2,55794.75,mid_price,ok
2026-09-16T08:51:15.766123+00:00,2026-09-16T14:21:15.766123+05:30,BANKNIFTY,29-Sep-2026,59500.0,PE,56273.1,3039,30,3067.15,30,3100,3053.075,1140,3,90,-8.11139270523024,17.09,,,,,,,,,,,,,,,0.035747216954496445,,,,,,13.18,30,56007.65,56368.7,55812.2,55794.75,mid_price,no_price_available
2026-09-16T08:51:15.766123+00:00,2026-09-16T14:21:15.766123+05:30,BANKNIFTY,29-Sep-2026,59600.0,CE,56273.1,19.15,180,19.55,540,19.1,19.35,1172,-272,788,-24.206349206349206,15.38,0.02940897064203535,4.089870836457741e-05,-4.456333160061522,7.120489413592062,0.8347936541586147,-0.005282625590691412,167.81492351202186,4.65747284441744e-08,0.0006979917271172472,-4.534684901429273e-06,-1.3346940136230856,89.94670235664367,-0.02745863917848338,3.6460175436105896e-05,0.035747216954496445,56467.2,0.09632400640467702,0.006999999999999999,index_dividend_yield,0.065,13.18,30,56007.65,56368.7,55812.2,55794.75,mid_price,ok
2026-09-16T08:51:15.766123+00:00,2026-09-16T14:21:15.766123+05:30,BANKNIFTY,29-Sep-2026,59600.0,PE,56273.1,2908.4,330,3177.7,30,0.0,3043.05,13,0,0,0,0,,,,,,,,,,,,,,,0.035747216954496445,,,,,,13.18,30,56007.65,56368.7,55812.2,55794.75,mid_price,no_price_available
2026-09-16T08:51:15.766123+00:00,2026-09-16T14:21:15.766123+05:30,BANKNIFTY,29-Sep-2026,59700.0,CE,56273.1,17.65,420,18.2,720,18.2,17.924999999999997,1124,-188,1212,-21.21212121212121,15.49,0.026607792635432892,3.7360271541440715e-05,-4.123567916751855,6.550966202687536,0.7799902792570874,-0.004960973766259584,160.41733999749485,4.326070615320835e-08,0.0006736861540682272,-4.389143354548414e-06,-1.271244441664714,90.52770407107195,-0.024803404600812536,3.3194263925875215e-05,0.035747216954496445,56467.2,0.09632400640467702,0.006999999999999999,index_dividend_yield,0.065,13.18,30,56007.65,56368.7,55812.2,55794.75,mid_price,ok
2026-09-16T08:51:15.766123+00:00,2026-09-16T14:21:15.766123+05:30,BANKNIFTY,29-Sep-2026,59700.0,PE,56273.1,3008.55,330,3296.25,30,0.0,3152.4,21,0,0,0,0,,,,,,,,,,,,,,,0.035747216954496445,,,,,,13.18,30,56007.65,56368.7,55812.2,55794.75,mid_price,no_price_available
2026-09-16T08:51:15.766123+00:00,2026-09-16T14:21:15.766123+05:30,BANKNIFTY,29-Sep-2026,59800.0,CE,56273.1,16.45,60,16.55,90,16.65,16.5,2396,-1177,3444,-24.318181818181817,15.7,0.024805799224112628,3.475911516990998e-05,-3.9356656276517716,6.177493283590415,0.7369754234021978,-0.004741772894587361,153.93305492581132,4.0348768229447215e-08,0.0006447549366749,-4.242605026456423e-06,-1.2270606244597637,90.15889142776572,-0.023083889013353,3.077995817738407e-05,0.035747216954496445,56467.2,0.09632400640467702,0.006999999999999999,index_dividend_yield,0.065,13.18,30,56007.65,56368.7,55812.2,55794.75,mid_price,ok
2026-09-16T08:51:15.766123+00:00,2026-09-16T14:21:15.766123+05:30,BANKNIFTY,29-Sep-2026,59800.0,PE,56273.1,3102.9,300,3374.65,30,0.0,3238.775,7,0,0,0,10.79,,,,,,,,,,,,,,,0.035747216954496445,,,,,,13.18,30,56007.65,56368.7,55812.2,55794.75,mid_price,no_price_available
2026-09-16T08:51:15.766123+00:00,2026-09-16T14:21:15.766123+05:30,BANKNIFTY,29-Sep-2026,59900.0,CE,56273.1,15.4,60,15.6,270,15.4,15.5,1848,-67,1478,-27.01421800947867,15.95,0.02343559156737964,3.2619488090681574e-05,-3.8067266004077194,5.889545015964106,0.700162111433783,-0.004568306465925452,148.04384801442305,3.7740038139040344e-08,0.0006154439890124864,-4.101426107310813e-06,-1.1915464695289186,89.41686323018129,-0.021770360032749878,2.878890703696001e-05,0.035747216954496445,56467.2,0.09632400640467702,0.006999999999999999,index_dividend_yield,0.065,13.18,30,56007.65,56368.7,55812.2,55794.75,mid_price,ok
2026-09-16T08:51:15.766123+00:00,2026-09-16T14:21:15.766123+05:30,BANKNIFTY,29-Sep-2026,59900.0,PE,56273.1,3287.85,330,3473,30,0.0,3380.425,17,0,0,0,19.79,,,,,,,,,,,,,,,0.035747216954496445,,,,,,13.18,30,56007.65,56368.7,55812.2,55794.75,mid_price,no_price_available
2026-09-16T08:51:15.766123+00:00,2026-09-16T14:21:15.766123+05:30,BANKNIFTY,29-Sep-2026,60000.0,CE,56273.1,14.7,30,14.75,1050,14.75,14.725,36354,-2047,28562,-26.616915422885572,16.17,0.021974862390665012,3.0476898831537073e-05,-3.6507870787565335,5.578593420764887,0.6630984483770568,-0.00437859746324834,142.11937920275864,3.526843024692982e-08,0.0005879525651299322,-3.960384485496053e-06,-1.1521543608379696,88.94127325988588,-0.020378169068863104,2.6808341892437963e-05,0.035747216954496445,56467.2,0.09632400640467702,0.006999999999999999,index_dividend_yield,0.065,13.18,30,56007.65,56368.7,55812.2,55794.75,mid_price,ok
2026-09-16T08:51:15.766123+00:00,2026-09-16T14:21:15.766123+05:30,BANKNIFTY,29-Sep-2026,60000.0,PE,56273.1,3538.9,30,3560.9,30,3517.8,3549.9,10398,-371,592,-10.78479856963518,15.45,,,,,,,,,,,,,,,0.035747216954496445,,,,,,13.18,30,56007.65,56368.7,55812.2,55794.75,mid_price,no_price_available
2026-09-16T08:51:15.766123+00:00,2026-09-16T14:21:15.766123+05:30,BANKNIFTY,29-Sep-2026,60100.0,CE,56273.1,13.5,120,13.7,240,13.6,13.6,2450,411,1617,-28.04232804232804,16.33,0.020257169404599016,2.817014753805954e-05,-3.437528277004364,5.207379430835731,0.6231606713983737,-0.004148821441421525,135.806883501981,3.2842430937332286e-08,0.0005621671870271999,-3.812837731627859e-06,-1.1036538863519576,88.98339799600723,-0.01875412788508637,2.4696866743843044e-05,0.035747216954496445,56467.2,0.09632400640467702,0.006999999999999999,index_dividend_yield,0.065,13.18,30,56007.65,56368.7,55812.2,55794.75,mid_price,ok
2026-09-16T08:51:15.766123+00:00,2026-09-16T14:21:15.766123+05:30,BANKNIFTY,29-Sep-2026,60100.0,PE,56273.1,3510,300,3767,300,0.0,3638.5,8,0,0,0,0,,,,,,,,,,,,,,,0.035747216954496445,,,,,,13.18,30,56007.65,56368.7,55812.2,55794.75,mid_price,no_price_available
2026-09-16T08:51:15.766123+00:00,2026-09-16T14:21:15.766123+05:30,BANKNIFTY,29-Sep-2026,60200.0,CE,56273.1,12.45,120,12.65,120,12.6,12.55,904,-151,925,-31.52173913043478,16.46,0.018513630380193994,2.5890152249880398e-05,-3.2062688494657676,4.82401169744557,0.582984357363165,-0.003906196727492404,129.3458086375523,3.050831107679099e-08,0.0005369007965193072,-3.660072476084557e-06,-1.0514730007144273,89.27053569524097,-0.017112109847140695,2.2622640948096794e-05,0.035747216954496445,56467.2,0.09632400640467702,0.006999999999999999,index_dividend_yield,0.065,13.18,30,56007.65,56368.7,55812.2,55794.75,mid_price,ok
2026-09-16T08:51:15.766123+00:00,2026-09-16T14:21:15.766123+05:30,BANKNIFTY,29-Sep-2026,60200.0,PE,56273.1,3442.9,330,4135.7,300,0.0,3789.3,6,0,0,0,17.67,,,,,,,,,,,,,,,0.035747216954496445,,,,,,13.18,30,56007.65,56368.7,55812.2,55794.75,mid_price,no_price_available
2026-09-16T08:51:15.766123+00:00,2026-09-16T14:21:15.766123+05:30,BANKNIFTY,29-Sep-2026,60300.0,CE,56273.1,11.55,360,11.75,180,11.55,11.65,664,-77,599,-32.45614035087719,16.68,0.017421704170271265,2.425805054417115e-05,-3.0815198707175737,4.580320413917367,0.5527194198726645,-0.003747393772226654,124.08402748809522,2.85496591755274e-08,0.0005117357567028444,-3.526683709138587e-06,-1.01675953794917,88.75462966572563,-0.016075081549359754,2.1126276193137836e-05,0.035747216954496445,56467.2,0.09632400640467702,0.006999999999999999,index_dividend_yield,0.065,13.18,30,56007.65,56368.7,55812.2,55794.75,mid_price,ok
2026-09-16T08:51:15.766123+00:00,2026-09-16T14:21:15.766123+05:30,BANKNIFTY,29-Sep-2026,60300.0,PE,56273.1,3576.7,300,4186.05,300,0.0,3881.375,0,0,0,0,0,,,,,,,,,,,,,,,0.035747216954496445,,,,,,13.18,30,56007.65,56368.7,55812.2,55794.75,mid_price,no_price_available
2026-09-16T08:51:15.766123+00:00,2026-09-16T14:21:15.766123+05:30,BANKNIFTY,29-Sep-2026,60400.0,CE,56273.1,10.7,330,11.05,930,10.9,10.875,1535,-204,731,-31.230283911671926,16.86,0.0162061963360412,2.2559504308913194e-05,-2.9248674126224827,4.3055738240777,0.521088950294072,-0.003566083343861962,118.5970854669227,2.664060403060037e-08,0.0004875961245886355,-3.3886353848057186e-06,-0.9765805989362244,88.57564801243221,-0.014928425980479455,1.958201398848202e-05,0.035747216954496445,56467.2,0.09632400640467702,0.006999999999999999,index_dividend_yield,0.065,13.18,30,56007.65,56368.7,55812.2,55794.75,mid_price,ok
2026-09-16T08:51:15.766123+00:00,2026-09-16T14:21:15.766123+05:30,BANKNIFTY,29-Sep-2026,60400.0,PE,56273.1,3701.25,300,4288.3,300,0.0,3994.775,1,0,0,0,0,,,,,,,,,,,,,,,0.035747216954496445,,,,,,13.18,30,56007.65,56368.7,55812.2,55794.75,mid_price,no_price_available
2026-09-16T08:51:15.766123+00:00,2026-09-16T14:21:15.766123+05:30,BANKNIFTY,29-Sep-2026,60500.0,CE,56273.1,10.1,270,10.15,480,10.15,10.125,9572,360,12628,-34.3042071197411,17.04,0.015090848667550146,2.099651421223159e-05,-2.777863447007028,4.050053010637998,0.4914101908551089,-0.00339436591426648,113.32765260803423,2.486835908241571e-08,0.0004642987570866739,-3.2540275209665772e-06,-0.9379735549776669,88.38411116374188,-0.013877697097592364,1.8165114171135314e-05,0.035747216954496445,56467.2,0.09632400640467702,0.006999999999999999,index_dividend_yield,0.065,13.18,30,56007.65,56368.7,55812.2,55794.75,mid_price,ok
2026-09-16T08:51:15.766123+00:00,2026-09-16T14:21:15.766123+05:30,BANKNIFTY,29-Sep-2026,60500.0,PE,56273.1,3995.05,30,4125.05,60,0.0,4060.05,308,0,0,0,39.45,,,,,,,,,,,,,,,0.035747216954496445,,,,,,13.18,30,56007.65,56368.7,55812.2,55794.75,mid_price,no_price_available
2026-09-16T08:51:15.766123+00:00,2026-09-16T14:21:15.766123+05:30,BANKNIFTY,29-Sep-2026,60600.0,CE,56273.1,8.2,240,36.85,570,0.0,22.525,0,0,0,0,0,,,,,,,,,,,,,,,0.035747216954496445,56467.2,0.09632400640467702,0.006999999999999999,index_dividend_yield,0.065,13.18,30,56007.65,56368.7,55812.2,55794.75,mid_price,no_nse_iv
2026-09-16T08:51:15.766123+00:00,2026-09-16T14:21:15.766123+05:30,BANKNIFTY,29-Sep-2026,60600.0,PE,56273.1,3925.95,300,4513.65,300,0.0,4219.799999999999,0,0,0,0,0,,,,,,,,,,,,,,,0.035747216954496445,,,,,,13.18,30,56007.65,56368.7,55812.2,55794.75,mid_price,no_price_available
2026-09-16T08:51:15.766123+00:00,2026-09-16T14:21:15.766123+05:30,BANKNIFTY,29-Sep-2026,60700.0,CE,56273.1,9.05,120,9.15,30,8.9,9.100000000000001,897,-87,642,-35.03649635036496,17.43,0.013256511709065883,1.835793048774625e-05,-2.536367896226313,3.622138272502649,0.4397468159170661,-0.0030993457768661876,103.7952564245581,2.176809814817077e-08,0.00042073393954177035,-3.0043408717502873e-06,-0.8703394463362747,87.71810485837007,-0.012149599081612356,1.577785715301574e-05,0.035747216954496445,56467.2,0.09632400640467702,0.006999999999999999,index_dividend_yield,0.065,13.18,30,56007.65,56368.7,55812.2,55794.75,mid_price,ok
2026-09-16T08:51:15.766123+00:00,2026-09-16T14:21:15.766123+05:30,BANKNIFTY,29-Sep-2026,60700.0,PE,56273.1,3904.4,300,4593.25,300,0.0,4248.825,0,0,0,0,0,,,,,,,,,,,,,,,0.035747216954496445,,,,,,13.18,30,56007.65,56368.7,55812.2,55794.75,mid_price,no_price_available
2026-09-16T08:51:15.766123+00:00,2026-09-16T14:21:15.766123+05:30,BANKNIFTY,29-Sep-2026,60800.0,CE,56273.1,5,1800,36,570,0.0,20.5,0,0,0,0,0,,,,,,,,,,,,,,,0.035747216954496445,56467.2,0.09632400640467702,0.006999999999999999,index_dividend_yield,0.065,13.18,30,56007.65,56368.7,55812.2,55794.75,mid_price,no_nse_iv
2026-09-16T08:51:15.766123+00:00,2026-09-16T14:21:15.766123+05:30,BANKNIFTY,29-Sep-2026,60800.0,PE,56273.1,3974.65,300,4720.05,300,0.0,4347.35,0,0,0,0,0,,,,,,,,,,,,,,,0.035747216954496445,,,,,,13.18,30,56007.65,56368.7,55812.2,55794.75,mid_price,no_price_available
2026-09-16T08:51:15.766123+00:00,2026-09-16T14:21:15.766123+05:30,BANKNIFTY,29-Sep-2026,60900.0,CE,56273.1,5,1800,32.8,570,0.0,18.9,0,0,0,0,0,,,,,,,,,,,,,,,0.035747216954496445,56467.2,0.09632400640467702,0.006999999999999999,index_dividend_yield,0.065,13.18,30,56007.65,56368.7,55812.2,55794.75,mid_price,no_nse_iv
2026-09-16T08:51:15.766123+00:00,2026-09-16T14:21:15.766123+05:30,BANKNIFTY,29-Sep-2026,60900.0,PE,56273.1,4158.5,300,4839.5,300,0.0,4499.0,0,0,0,0,0,,,,,,,,,,,,,,,0.035747216954496445,,,,,,13.18,30,56007.65,56368.7,55812.2,55794.75,mid_price,no_price_available
2026-09-16T08:51:15.766123+00:00,2026-09-16T14:21:15.766123+05:30,BANKNIFTY,29-Sep-2026,61000.0,CE,56273.1,7.7,1050,7.75,60,7.75,7.725,21128,-2327,18602,-38.492063492063494,18.06,0.011172955569891034,1.527710445965972e-05,-2.260112188788154,3.1232209643824995,0.3768436284204424,-0.0027428977799109997,91.586952645486,1.8010041729579045e-08,0.00036339828083326134,-2.67519982602084e-06,-0.7863080678329499,86.30876553156462,-0.010187739457333025,1.3001188620430626e-05,0.035747216954496445,56467.2,0.09632400640467702,0.006999999999999999,index_dividend_yield,0.065,13.18,30,56007.65,56368.7,55812.2,55794.75,mid_price,ok
2026-09-16T08:51:15.766123+00:00,2026-09-16T14:21:15.766123+05:30,BANKNIFTY,29-Sep-2026,61000.0,PE,56273.1,4525.2,30,4557.55,30,4500,4541.375,1969,-26,65,-8.947432317591357,20.38,,,,,,,,,,,,,,,0.035747216954496445,,,,,,13.18,30,56007.65,56368.7,55812.2,55794.75,mid_price,no_price_available
2026-09-16T08:51:15.766123+00:00,2026-09-16T14:21:15.766123+05:30,BANKNIFTY,29-Sep-2026,61100.0,CE,56273.1,3.35,600,28.3,570,0.0,15.825000000000001,0,0,0,0,0,,,,,,,,,,,,,,,0.035747216954496445,56467.2,0.09632400640467702,0.006999999999999999,index_dividend_yield,0.065,13.18,30,56007.65,56368.7,55812.2,55794.75,mid_price,no_nse_iv
2026-09-16T08:51:15.766123+00:00,2026-09-16T14:21:15.766123+05:30,BANKNIFTY,29-Sep-2026,61100.0,PE,56273.1,4273.9,300,5019.55,300,0.0,4646.725,0,0,0,0,0,,,,,,,,,,,,,,,0.035747216954496445,,,,,,13.18,30,56007.65,56368.7,55812.2,55794.75,mid_price,no_price_available
2026-09-16T08:51:15.766123+00:00,2026-09-16T14:21:15.766123+05:30,BANKNIFTY,29-Sep-2026,61200.0,CE,56273.1,3.3,600,32.2,570,0.0,17.75,0,0,0,0,0,,,,,,,,,,,,,,,0.035747216954496445,56467.2,0.09632400640467702,0.006999999999999999,index_dividend_yield,0.065,13.18,30,56007.65,56368.7,55812.2,55794.75,mid_price,no_nse_iv
2026-09-16T08:51:15.766123+00:00,2026-09-16T14:21:15.766123+05:30,BANKNIFTY,29-Sep-2026,61200.0,PE,56273.1,4363.55,300,5127.8,300,0.0,4745.675,0,0,0,0,0,,,,,,,,,,,,,,,0.035747216954496445,,,,,,13.18,30,56007.65,56368.7,55812.2,55794.75,mid_price,no_price_available
2026-09-16T08:51:15.766123+00:00,2026-09-16T14:21:15.766123+05:30,BANKNIFTY,29-Sep-2026,61300.0,CE,56273.1,3.2,600,29.5,570,0.0,16.35,0,0,0,0,0,,,,,,,,,,,,,,,0.035747216954496445,56467.2,0.09632400640467702,0.006999999999999999,index_dividend_yield,0.065,13.18,30,56007.65,56368.7,55812.2,55794.75,mid_price,no_nse_iv
2026-09-16T08:51:15.766123+00:00,2026-09-16T14:21:15.766123+05:30,BANKNIFTY,29-Sep-2026,61300.0,PE,56273.1,4543.4,300,5212.6,300,0.0,4878.0,0,0,0,0,0,,,,,,,,,,,,,,,0.035747216954496445,,,,,,13.18,30,56007.65,56368.7,55812.2,55794.75,mid_price,no_price_available
2026-09-16T08:51:15.766123+00:00,2026-09-16T14:21:15.766123+05:30,BANKNIFTY,29-Sep-2026,61400.0,CE,56273.1,3.1,600,27.45,570,0.0,15.275,0,0,0,0,0,,,,,,,,,,,,,,,0.035747216954496445,56467.2,0.09632400640467702,0.006999999999999999,index_dividend_yield,0.065,13.18,30,56007.65,56368.7,55812.2,55794.75,mid_price,no_nse_iv
2026-09-16T08:51:15.766123+00:00,2026-09-16T14:21:15.766123+05:30,BANKNIFTY,29-Sep-2026,61400.0,PE,56273.1,4619,300,5314.6,300,0.0,4966.8,0,0,0,0,0,,,,,,,,,,,,,,,0.035747216954496445,,,,,,13.18,30,56007.65,56368.7,55812.2,55794.75,mid_price,no_price_available
2026-09-16T08:51:15.766123+00:00,2026-09-16T14:21:15.766123+05:30,BANKNIFTY,29-Sep-2026,61500.0,CE,56273.1,5.55,180,5.65,360,5.6,5.6,8852,-2186,8700,-41.361256544502616,18.93,0.008065820171069686,1.096161288995593e-05,-1.7751175223167204,2.3489241434542922,0.2847567557423998,-0.0021624316337749624,72.88689359613309,1.2999794497439307e-08,0.0002822260081925788,-2.1624117653842498e-06,-0.6435304698966475,85.25528055028003,-0.007293737026924419,9.177532057730241e-06,0.035747216954496445,56467.2,0.09632400640467702,0.006999999999999999,index_dividend_yield,0.065,13.18,30,56007.65,56368.7,55812.2,55794.75,mid_price,ok
2026-09-16T08:51:15.766123+00:00,2026-09-16T14:21:15.766123+05:30,BANKNIFTY,29-Sep-2026,61500.0,PE,56273.1,4987.25,90,5048.95,30,4900,5018.1,380,-16,18,5.376344086021505,0,,,,,,,,,,,,,,,0.035747216954496445,,,,,,13.18,30,56007.65,56368.7,55812.2,55794.75,mid_price,no_price_available
2026-09-16T08:51:15.766123+00:00,2026-09-16T14:21:15.766123+05:30,BANKNIFTY,29-Sep-2026,61600.0,CE,56273.1,5.55,90,5.75,120,5.55,5.65,94,-43,547,-46.3768115942029,18.94,0.00714274500250417,9.843861338746979e-06,-1.5948485264699743,2.110519549036871,0.2603402721979291,-0.0019764862971262996,67.85803407069845,1.1892739617776769e-08,0.00026452249232971904,-2.025009317235126e-06,-0.5960740699217373,86.2581948627909,-0.006449425674809263,8.214965504450061e-06,0.035747216954496445,56467.2,0.09632400640467702,0.006999999999999999,index_dividend_yield,0.065,13.18,30,56007.65,56368.7,55812.2,55794.75,mid_price,ok
2026-09-16T08:51:15.766123+00:00,2026-09-16T14:21:15.766123+05:30,BANKNIFTY,29-Sep-2026,61600.0,PE,56273.1,4740.45,300,5517.55,300,0.0,5129.0,0,0,0,0,0,,,,,,,,,,,,,,,0.035747216954496445,,,,,,13.18,30,56007.65,56368.7,55812.2,55794.75,mid_price,no_price_available
2026-09-16T08:51:15.766123+00:00,2026-09-16T14:21:15.766123+05:30,BANKNIFTY,29-Sep-2026,61700.0,CE,56273.1,3,600,27.95,570,0.0,15.475,0,0,0,0,0,,,,,,,,,,,,,,,0.035747216954496445,56467.2,0.09632400640467702,0.006999999999999999,index_dividend_yield,0.065,13.18,30,56007.65,56368.7,55812.2,55794.75,mid_price,no_nse_iv
2026-09-16T08:51:15.766123+00:00,2026-09-16T14:21:15.766123+05:30,BANKNIFTY,29-Sep-2026,61700.0,PE,56273.1,4889.9,300,5627.7,300,0.0,5258.799999999999,0,0,0,0,0,,,,,,,,,,,,,,,0.035747216954496445,,,,,,13.18,30,56007.65,56368.7,55812.2,55794.75,mid_price,no_price_available
2026-09-16T08:51:15.766123+00:00,2026-09-16T14:21:15.766123+05:30,BANKNIFTY,29-Sep-2026,61800.0,CE,56273.1,3,600,21.9,570,0.0,12.45,0,0,0,0,0,,,,,,,,,,,,,,,0.035747216954496445,56467.2,0.09632400640467702,0.006999999999999999,index_dividend_yield,0.065,13.18,30,56007.65,56368.7,55812.2,55794.75,mid_price,no_nse_iv
2026-09-16T08:51:15.766123+00:00,2026-09-16T14:21:15.766123+05:30,BANKNIFTY,29-Sep-2026,61800.0,PE,56273.1,5053.15,300,5723.25,300,0.0,5388.2,0,0,0,0,0,,,,,,,,,,,,,,,0.035747216954496445,,,,,,13.18,30,56007.65,56368.7,55812.2,55794.75,mid_price,no_price_available
2026-09-16T08:51:15.766123+00:00,2026-09-16T14:21:15.766123+05:30,BANKNIFTY,29-Sep-2026,61900.0,CE,56273.1,3,600,21.95,570,0.0,12.475,0,0,0,0,0,,,,,,,,,,,,,,,0.035747216954496445,56467.2,0.09632400640467702,0.006999999999999999,index_dividend_yield,0.065,13.18,30,56007.65,56368.7,55812.2,55794.75,mid_price,no_nse_iv
2026-09-16T08:51:15.766123+00:00,2026-09-16T14:21:15.766123+05:30,BANKNIFTY,29-Sep-2026,61900.0,PE,56273.1,5103.8,300,5846.75,300,0.0,5475.275,0,0,0,0,0,,,,,,,,,,,,,,,0.035747216954496445,,,,,,13.18,30,56007.65,56368.7,55812.2,55794.75,mid_price,no_price_available
2026-09-16T08:51:15.766123+00:00,2026-09-16T14:21:15.766123+05:30,BANKNIFTY,29-Sep-2026,62000.0,CE,56273.1,4.75,60,4.8,210,4.75,4.775,13917,-1247,6612,-41.358024691358025,20.13,0.0066982118122919385,8.751066692631631e-06,-1.5973258595170416,1.9941080446405595,0.23379536905468587,-0.0018807518380705426,61.51257036364077,1.0025998015337586e-08,0.00022646769457217435,-1.835570137594603e-06,-0.5712744195017918,81.73037794535485,-0.006005117453665751,7.2090708796511295e-06,0.035747216954496445,56467.2,0.09632400640467702,0.006999999999999999,index_dividend_yield,0.065,13.18,30,56007.65,56368.7,55812.2,55794.75,mid_price,ok
2026-09-16T08:51:15.766123+00:00,2026-09-16T14:21:15.766123+05:30,BANKNIFTY,29-Sep-2026,62000.0,PE,56273.1,5496,30,5551.5,30,5756.55,5523.75,2924,-6,9,-3.573761704551165,38.91,,,,,,,,,,,,,,,0.035747216954496445,,,,,,13.18,30,56007.65,56368.7,55812.2,55794.75,mid_price,no_price_available
2026-09-16T08:51:15.766123+00:00,2026-09-16T14:21:15.766123+05:30,BANKNIFTY,29-Sep-2026,62100.0,CE,56273.1,2.6,600,22,450,0.0,12.3,0,0,0,0,0,,,,,,,,,,,,,,,0.035747216954496445,56467.2,0.09632400640467702,0.006999999999999999,index_dividend_yield,0.065,13.18,30,56007.65,56368.7,55812.2,55794.75,mid_price,no_nse_iv
2026-09-16T08:51:15.766123+00:00,2026-09-16T14:21:15.766123+05:30,BANKNIFTY,29-Sep-2026,62100.0,PE,56273.1,5289.5,300,6052.4,300,0.0,5670.95,0,0,0,0,0,,,,,,,,,,,,,,,0.035747216954496445,,,,,,13.18,30,56007.65,56368.7,55812.2,55794.75,mid_price,no_price_available
2026-09-16T08:51:15.766123+00:00,2026-09-16T14:21:15.766123+05:30,BANKNIFTY,29-Sep-2026,62200.0,CE,56273.1,2.6,600,20.9,600,0.0,11.75,0,0,0,0,0,,,,,,,,,,,,,,,0.035747216954496445,56467.2,0.09632400640467702,0.006999999999999999,index_dividend_yield,0.065,13.18,30,56007.65,56368.7,55812.2,55794.75,mid_price,no_nse_iv
2026-09-16T08:51:15.766123+00:00,2026-09-16T14:21:15.766123+05:30,BANKNIFTY,29-Sep-2026,62200.0,PE,56273.1,5484.25,300,6127.55,300,0.0,5805.9,0,0,0,0,0,,,,,,,,,,,,,,,0.035747216954496445,,,,,,13.18,30,56007.65,56368.7,55812.2,55794.75,mid_price,no_price_available
2026-09-16T08:51:15.766123+00:00,2026-09-16T14:21:15.766123+05:30,BANKNIFTY,29-Sep-2026,62300.0,CE,56273.1,2.6,600,20.95,570,0.0,11.775,0,0,0,0,0,,,,,,,,,,,,,,,0.035747216954496445,56467.2,0.09632400640467702,0.006999999999999999,index_dividend_yield,0.065,13.18,30,56007.65,56368.7,55812.2,55794.75,mid_price,no_nse_iv
2026-09-16T08:51:15.766123+00:00,2026-09-16T14:21:15.766123+05:30,BANKNIFTY,29-Sep-2026,62300.0,PE,56273.1,5472.75,300,6252.55,300,0.0,5862.65,0,0,0,0,0,,,,,,,,,,,,,,,0.035747216954496445,,,,,,13.18,30,56007.65,56368.7,55812.2,55794.75,mid_price,no_price_available
2026-09-16T08:51:15.766123+00:00,2026-09-16T14:21:15.766123+05:30,BANKNIFTY,29-Sep-2026,62400.0,CE,56273.1,2.6,600,20.95,570,0.0,11.775,0,0,0,0,0,,,,,,,,,,,,,,,0.035747216954496445,56467.2,0.09632400640467702,0.006999999999999999,index_dividend_yield,0.065,13.18,30,56007.65,56368.7,55812.2,55794.75,mid_price,no_nse_iv
2026-09-16T08:51:15.766123+00:00,2026-09-16T14:21:15.766123+05:30,BANKNIFTY,29-Sep-2026,62400.0,PE,56273.1,5559.85,300,6351.05,300,0.0,5955.450000000001,0,0,0,0,0,,,,,,,,,,,,,,,0.035747216954496445,,,,,,13.18,30,56007.65,56368.7,55812.2,55794.75,mid_price,no_price_available
2026-09-16T08:51:15.766123+00:00,2026-09-16T14:21:15.766123+05:30,BANKNIFTY,29-Sep-2026,62500.0,CE,56273.1,4.2,300,4.4,150,4.15,4.300000000000001,3132,-161,693,-43.53741496598639,21.37,0.00576721605772763,7.220064931109343e-06,-1.4811372270373913,1.746584261549993,0.1971472104455043,-0.0016782293524513327,52.982531927056264,7.951883064020365e-09,0.00018522997016712174,-1.5870540879404044e-06,-0.5179768193677656,78.16426643279034,-0.005126193791540084,5.853056945286842e-06,0.035747216954496445,56467.2,0.09632400640467702,0.006999999999999999,index_dividend_yield,0.065,13.18,30,56007.65,56368.7,55812.2,55794.75,mid_price,ok
2026-09-16T08:51:15.766123+00:00,2026-09-16T14:21:15.766123+05:30,BANKNIFTY,29-Sep-2026,62500.0,PE,56273.1,5882.2,300,6115.8,30,0.0,5999.0,106,0,0,0,0,,,,,,,,,,,,,,,0.035747216954496445,,,,,,13.18,30,56007.65,56368.7,55812.2,55794.75,mid_price,no_price_available
2026-09-16T08:51:15.766123+00:00,2026-09-16T14:21:15.766123+05:30,BANKNIFTY,29-Sep-2026,62600.0,CE,56273.1,3.15,300,20.95,570,0.0,12.049999999999999,0,0,0,0,0,,,,,,,,,,,,,,,0.035747216954496445,56467.2,0.09632400640467702,0.006999999999999999,index_dividend_yield,0.065,13.18,30,56007.65,56368.7,55812.2,55794.75,mid_price,no_nse_iv
2026-09-16T08:51:15.766123+00:00,2026-09-16T14:21:15.766123+05:30,BANKNIFTY,29-Sep-2026,62600.0,PE,56273.1,5730.3,300,6595.55,870,0.0,6162.925,0,0,0,0,0,,,,,,,,,,,,,,,0.035747216954496445,,,,,,13.18,30,56007.65,56368.7,55812.2,55794.75,mid_price,no_price_available
2026-09-16T08:51:15.766123+00:00,2026-09-16T14:21:15.766123+05:30,BANKNIFTY,29-Sep-2026,62700.0,CE,56273.1,3.15,300,19.95,570,0.0,11.549999999999999,0,0,0,0,0,,,,,,,,,,,,,,,0.035747216954496445,56467.2,0.09632400640467702,0.006999999999999999,index_dividend_yield,0.065,13.18,30,56007.65,56368.7,55812.2,55794.75,mid_price,no_nse_iv
2026-09-16T08:51:15.766123+00:00,2026-09-16T14:21:15.766123+05:30,BANKNIFTY,29-Sep-2026,62700.0,PE,56273.1,5976.5,300,6640,300,0.0,6308.25,0,0,0,0,0,,,,,,,,,,,,,,,0.035747216954496445,,,,,,13.18,30,56007.65,56368.7,55812.2,55794.75,mid_price,no_price_available
2026-09-16T08:51:15.766123+00:00,2026-09-16T14:21:15.766123+05:30,BANKNIFTY,29-Sep-2026,62800.0,CE,56273.1,3.15,300,19.95,570,0.0,11.549999999999999,0,0,0,0,0,,,,,,,,,,,,,,,0.035747216954496445,56467.2,0.09632400640467702,0.006999999999999999,index_dividend_yield,0.065,13.18,30,56007.65,56368.7,55812.2,55794.75,mid_price,no_nse_iv
2026-09-16T08:51:15.766123+00:00,2026-09-16T14:21:15.766123+05:30,BANKNIFTY,29-Sep-2026,62800.0,PE,56273.1,5938.25,300,6763.75,300,0.0,6351.0,0,0,0,0,0,,,,,,,,,,,,,,,0.035747216954496445,,,,,,13.18,30,56007.65,56368.7,55812.2,55794.75,mid_price,no_price_available
2026-09-16T08:51:15.766123+00:00,2026-09-16T14:21:15.766123+05:30,BANKNIFTY,29-Sep-2026,62900.0,CE,56273.1,3.15,300,19.95,570,0.0,11.549999999999999,0,0,0,0,0,,,,,,,,,,,,,,,0.035747216954496445,56467.2,0.09632400640467702,0.006999999999999999,index_dividend_yield,0.065,13.18,30,56007.65,56368.7,55812.2,55794.75,mid_price,no_nse_iv
2026-09-16T08:51:15.766123+00:00,2026-09-16T14:21:15.766123+05:30,BANKNIFTY,29-Sep-2026,62900.0,PE,56273.1,6138.25,300,6867.55,300,0.0,6502.9,0,0,0,0,0,,,,,,,,,,,,,,,0.035747216954496445,,,,,,13.18,30,56007.65,56368.7,55812.2,55794.75,mid_price,no_price_available
2026-09-16T08:51:15.766123+00:00,2026-09-16T14:21:15.766123+05:30,BANKNIFTY,29-Sep-2026,63000.0,CE,56273.1,3.15,180,3.3,150,3.2,3.2249999999999996,8606,260,2926,-41.81818181818182,22.12,0.004274786230459045,5.342069345010088e-06,-1.171531516584576,1.337637886224901,0.15183184292640733,-0.0013343161974613575,42.4757938920417,5.92146988271773e-09,0.00014547942335089368,-1.285265300670657e-06,-0.4245775034119257,77.6731672165321,-0.0037691817693872513,4.262163477006286e-06,0.035747216954496445,56467.2,0.09632400640467702,0.006999999999999999,index_dividend_yield,0.065,13.18,30,56007.65,56368.7,55812.2,55794.75,mid_price,ok
2026-09-16T08:51:15.766123+00:00,2026-09-16T14:21:15.766123+05:30,BANKNIFTY,29-Sep-2026,63000.0,PE,56273.1,6510.7,30,6563,30,6450.05,6536.85,1775,-110,126,-7.585124902392022,0,,,,,,,,,,,,,,,0.035747216954496445,,,,,,13.18,30,56007.65,56368.7,55812.2,55794.75,mid_price,no_price_available
2026-09-16T08:51:15.766123+00:00,2026-09-16T14:21:15.766123+05:30,BANKNIFTY,29-Sep-2026,63100.0,CE,56273.1,2.6,3000,19.55,600,0.0,11.075000000000001,0,0,0,0,0,,,,,,,,,,,,,,,0.035747216954496445,56467.2,0.09632400640467702,0.006999999999999999,index_dividend_yield,0.065,13.18,30,56007.65,56368.7,55812.2,55794.75,mid_price,no_nse_iv
2026-09-16T08:51:15.766123+00:00,2026-09-16T14:21:15.766123+05:30,BANKNIFTY,29-Sep-2026,63100.0,PE,56273.1,5971.45,300,7039.45,300,0.0,6505.45,0,0,0,0,0,,,,,,,,,,,,,,,0.035747216954496445,,,,,,13.18,30,56007.65,56368.7,55812.2,55794.75,mid_price,no_price_available
2026-09-16T08:51:15.766123+00:00,2026-09-16T14:21:15.766123+05:30,BANKNIFTY,29-Sep-2026,63200.0,CE,56273.1,3.45,30,4.7,30,4.5,4.075,28,5,6,-14.285714285714286,23.53,0.005532273993734359,6.319545180849431e-06,-1.5664716368231935,1.68326179867433,0.17381280879517944,-0.0016230064593880046,46.98126174272843,6.339981726027693e-09,0.0001495234787003669,-1.4041977908369368e-06,-0.5032276445293107,71.35521635076675,-0.004856887217732565,5.01018021300489e-06,0.035747216954496445,56467.2,0.09632400640467702,0.006999999999999999,index_dividend_yield,0.065,13.18,30,56007.65,56368.7,55812.2,55794.75,mid_price,wide_quote_low_liquidity
2026-09-16T08:51:15.766123+00:00,2026-09-16T14:21:15.766123+05:30,BANKNIFTY,29-Sep-2026,63200.0,PE,56273.1,6301.5,300,7157.9,300,0.0,6729.7,0,0,0,0,0,,,,,,,,,,,,,,,0.035747216954496445,,,,,,13.18,30,56007.65,56368.7,55812.2,55794.75,mid_price,no_price_available
2026-09-16T08:51:15.766123+00:00,2026-09-16T14:21:15.766123+05:30,BANKNIFTY,29-Sep-2026,63300.0,CE,56273.1,2.9,120,4.6,150,3.6,3.75,14,0,3,-52.94117647058823,23.25,0.0045570185880167355,5.381183640299704e-06,-1.3019627337034978,1.4162655374321889,0.15181632736238365,-0.001400207513654942,42.11927128014226,5.616493572216536e-09,0.00013688649405893807,-1.2690664798536816e-06,-0.4427735879533207,73.51555272837085,-0.003996040353632425,4.252771746747333e-06,0.035747216954496445,56467.2,0.09632400640467702,0.006999999999999999,index_dividend_yield,0.065,13.18,30,56007.65,56368.7,55812.2,55794.75,mid_price,wide_quote_low_liquidity
2026-09-16T08:51:15.766123+00:00,2026-09-16T14:21:15.766123+05:30,BANKNIFTY,29-Sep-2026,63300.0,PE,56273.1,6436.4,300,7195.05,300,0.0,6815.725,0,0,0,0,0,,,,,,,,,,,,,,,0.035747216954496445,,,,,,13.18,30,56007.65,56368.7,55812.2,55794.75,mid_price,no_price_available
2026-09-16T08:51:15.766123+00:00,2026-09-16T14:21:15.766123+05:30,BANKNIFTY,29-Sep-2026,63400.0,CE,56273.1,2.3,600,19.85,570,0.0,11.075000000000001,0,0,0,0,0,,,,,,,,,,,,,,,0.035747216954496445,56467.2,0.09632400640467702,0.006999999999999999,index_dividend_yield,0.065,13.18,30,56007.65,56368.7,55812.2,55794.75,mid_price,no_nse_iv
2026-09-16T08:51:15.766123+00:00,2026-09-16T14:21:15.766123+05:30,BANKNIFTY,29-Sep-2026,63400.0,PE,56273.1,6486,300,7377.4,300,0.0,6931.7,0,0,0,0,0,,,,,,,,,,,,,,,0.035747216954496445,,,,,,13.18,30,56007.65,56368.7,55812.2,55794.75,mid_price,no_price_available
2026-09-16T08:51:15.766123+00:00,2026-09-16T14:21:15.766123+05:30,BANKNIFTY,29-Sep-2026,63500.0,CE,56273.1,3.1,30,3.35,30,3.3,3.225,1316,63,269,-30.526315789473685,23.52,0.0040455817097660675,4.782398128181614e-06,-1.183246712372037,1.2732889264248604,0.1370102564624276,-0.0012772347986941832,38.60181659030037,5.012449852333909e-09,0.000124649662536218,-1.1675719318266216e-06,-0.4086824058904797,73.46797330207643,-0.003536357385186916,3.755778383413905e-06,0.035747216954496445,56467.2,0.09632400640467702,0.006999999999999999,index_dividend_yield,0.065,13.18,30,56007.65,56368.7,55812.2,55794.75,mid_price,ok
2026-09-16T08:51:15.766123+00:00,2026-09-16T14:21:15.766123+05:30,BANKNIFTY,29-Sep-2026,63500.0,PE,56273.1,6606.05,300,7275.25,330,0.0,6940.65,4,0,0,0,20.49,,,,,,,,,,,,,,,0.035747216954496445,,,,,,13.18,30,56007.65,56368.7,55812.2,55794.75,mid_price,no_price_available
2026-09-16T08:51:15.766123+00:00,2026-09-16T14:21:15.766123+05:30,BANKNIFTY,29-Sep-2026,63600.0,CE,56273.1,2.2,600,20,450,0.0,11.1,0,0,0,0,0,,,,,,,,,,,,,,,0.035747216954496445,56467.2,0.09632400640467702,0.006999999999999999,index_dividend_yield,0.065,13.18,30,56007.65,56368.7,55812.2,55794.75,mid_price,no_nse_iv
2026-09-16T08:51:15.766123+00:00,2026-09-16T14:21:15.766123+05:30,BANKNIFTY,29-Sep-2026,63600.0,PE,56273.1,6689.4,300,7551.2,300,0.0,7120.299999999999,0,0,0,0,0,,,,,,,,,,,,,,,0.035747216954496445,,,,,,13.18,30,56007.65,56368.7,55812.2,55794.75,mid_price,no_price_available
2026-09-16T08:51:15.766123+00:00,2026-09-16T14:21:15.766123+05:30,BANKNIFTY,29-Sep-2026,63700.0,CE,56273.1,2.2,600,19.85,570,0.0,11.025,0,0,0,0,0,,,,,,,,,,,,,,,0.035747216954496445,56467.2,0.09632400640467702,0.006999999999999999,index_dividend_yield,0.065,13.18,30,56007.65,56368.7,55812.2,55794.75,mid_price,no_nse_iv
2026-09-16T08:51:15.766123+00:00,2026-09-16T14:21:15.766123+05:30,BANKNIFTY,29-Sep-2026,63700.0,PE,56273.1,6799.05,300,7687.85,300,0.0,7243.450000000001,0,0,0,0,0,,,,,,,,,,,,,,,0.035747216954496445,,,,,,13.18,30,56007.65,56368.7,55812.2,55794.75,mid_price,no_price_available
2026-09-16T08:51:15.766123+00:00,2026-09-16T14:21:15.766123+05:30,BANKNIFTY,29-Sep-2026,63800.0,CE,56273.1,3.3,30,4.5,600,4.4,3.9,29,29,125,-99.39427312775331,25.19,0.005105632414956533,5.496464904376277e-06,-1.557822760654165,1.5673123068695451,0.15299242481456918,-0.0015253278783782856,41.808406577504954,5.198911258096281e-09,0.00012479707401966326,-1.2505262468925778e-06,-0.47691810610333496,67.21798284011248,-0.004436292544697266,4.2760599241462685e-06,0.035747216954496445,56467.2,0.09632400640467702,0.006999999999999999,index_dividend_yield,0.065,13.18,30,56007.65,56368.7,55812.2,55794.75,mid_price,wide_quote_low_liquidity
2026-09-16T08:51:15.766123+00:00,2026-09-16T14:21:15.766123+05:30,BANKNIFTY,29-Sep-2026,63800.0,PE,56273.1,6875.6,300,7779.15,300,0.0,7327.375,0,0,0,0,0,,,,,,,,,,,,,,,0.035747216954496445,,,,,,13.18,30,56007.65,56368.7,55812.2,55794.75,mid_price,no_price_available
2026-09-16T08:51:15.766123+00:00,2026-09-16T14:21:15.766123+05:30,BANKNIFTY,29-Sep-2026,63900.0,CE,56273.1,2.4,300,4.75,420,2.25,3.575,121,0,20,-60.869565217391305,23.78,0.0029037048775656738,3.511300744927152e-06,-0.8869079220174587,0.9452001805214448,0.104732398624697,-0.000985666028622773,30.73581447528717,3.7971559811989185e-09,9.941092384903022e-05,-9.392367925386256e-07,-0.32552359780252604,74.79990032965938,-0.00252294168555181,2.723127607867863e-06,0.035747216954496445,56467.2,0.09632400640467702,0.006999999999999999,index_dividend_yield,0.065,13.18,30,56007.65,56368.7,55812.2,55794.75,mid_price,wide_quote_low_liquidity
2026-09-16T08:51:15.766123+00:00,2026-09-16T14:21:15.766123+05:30,BANKNIFTY,29-Sep-2026,63900.0,PE,56273.1,6952.2,300,7881.55,300,0.0,7416.875,0,0,0,0,0,,,,,,,,,,,,,,,0.035747216954496445,,,,,,13.18,30,56007.65,56368.7,55812.2,55794.75,mid_price,no_price_available
2026-09-16T08:51:15.766123+00:00,2026-09-16T14:21:15.766123+05:30,BANKNIFTY,29-Sep-2026,64000.0,CE,56273.1,2.6,60,2.75,60,2.6,2.675,1668,17,452,-32.467532467532465,24.53,0.0034003803585078685,3.923813782684189e-06,-1.054124339229646,1.0895567449019743,0.11492309436840746,-0.001115123412607354,33.09058000511544,4.028263318950488e-09,0.000103170224513884,-1.0052098086268803e-06,-0.3628751881582491,71.56756824126217,-0.002948066369230492,3.0335427616279846e-06,0.035747216954496445,56467.2,0.09632400640467702,0.006999999999999999,index_dividend_yield,0.065,13.18,30,56007.65,56368.7,55812.2,55794.75,mid_price,ok
2026-09-16T08:51:15.766123+00:00,2026-09-16T14:21:15.766123+05:30,BANKNIFTY,29-Sep-2026,64000.0,PE,56273.1,7451.15,30,7520,30,7800,7485.575,122,-1,2,1.5625,50.86,,,,,,,,,,,,,,,0.035747216954496445,,,,,,13.18,30,56007.65,56368.7,55812.2,55794.75,mid_price,no_price_available
2026-09-16T08:51:15.766123+00:00,2026-09-16T14:21:15.766123+05:30,BANKNIFTY,29-Sep-2026,64100.0,CE,56273.1,2.05,1200,5.9,300,0.0,3.975,5,0,0,0,22.26,0.001247150450932963,1.7405731449594229e-06,-0.38513469894101704,0.43859265619353927,0.05678482964576565,-0.0005002327432581807,18.268847604595738,2.220133042690526e-09,6.467811061308307e-05,-5.712210928202949e-07,-0.17778070283630243,85.37247483461833,-0.001082043139737107,1.3414605347341141e-06,0.035747216954496445,56467.2,0.09632400640467702,0.006999999999999999,index_dividend_yield,0.065,13.18,30,56007.65,56368.7,55812.2,55794.75,mid_price,wide_quote_low_liquidity
2026-09-16T08:51:15.766123+00:00,2026-09-16T14:21:15.766123+05:30,BANKNIFTY,29-Sep-2026,64100.0,PE,56273.1,7203.95,300,8094.45,300,0.0,7649.2,0,0,0,0,0,,,,,,,,,,,,,,,0.035747216954496445,,,,,,13.18,30,56007.65,56368.7,55812.2,55794.75,mid_price,no_price_available
2026-09-16T08:51:15.766123+00:00,2026-09-16T14:21:15.766123+05:30,BANKNIFTY,29-Sep-2026,64200.0,CE,56273.1,3.25,150,3.9,30,3.4,3.575,342,72,78,-36.44859813084112,25.62,0.003980712385047193,4.327312942691808e-06,-1.2671324152994523,1.2549931231033402,0.1244064429287001,-0.0012596965911988748,35.123164419719075,4.161196494275774e-09,0.00010421474629594072,-1.0597737596974958e-06,-0.403771994710278,67.61985883982182,-0.0034376056992839418,3.324680593487807e-06,0.035747216954496445,56467.2,0.09632400640467702,0.006999999999999999,index_dividend_yield,0.065,13.18,30,56007.65,56368.7,55812.2,55794.75,mid_price,wide_quote_low_liquidity
2026-09-16T08:51:15.766123+00:00,2026-09-16T14:21:15.766123+05:30,BANKNIFTY,29-Sep-2026,64200.0,PE,56273.1,7312.45,300,8192.45,300,0.0,7752.450000000001,0,0,0,0,0,,,,,,,,,,,,,,,0.035747216954496445,,,,,,13.18,30,56007.65,56368.7,55812.2,55794.75,mid_price,no_price_available
2026-09-16T08:51:15.766123+00:00,2026-09-16T14:21:15.766123+05:30,BANKNIFTY,29-Sep-2026,64500.0,CE,56273.1,2.2,90,2.35,60,2.2,2.2750000000000004,2011,9,958,-13.72549019607843,25.59,0.0029505818069280342,3.310390648362051e-06,-0.9663283470103277,0.9589444486328976,0.09867531644606412,-0.0009971037017410716,28.90336027493645,3.3119190057391193e-09,8.683931732544272e-05,-8.806595453508038e-07,-0.32885114237732316,69.48126477402404,-0.0025371891376142126,2.5197734643322003e-06,0.035747216954496445,56467.2,0.09632400640467702,0.006999999999999999,index_dividend_yield,0.065,13.18,30,56007.65,56368.7,55812.2,55794.75,mid_price,ok
2026-09-16T08:51:15.766123+00:00,2026-09-16T14:21:15.766123+05:30,BANKNIFTY,29-Sep-2026,64500.0,PE,56273.1,7571.95,300,8224.4,330,0.0,7898.174999999999,28,0,0,0,25.04,,,,,,,,,,,,,,,0.035747216954496445,,,,,,13.18,30,56007.65,56368.7,55812.2,55794.75,mid_price,no_price_available
2026-09-16T08:51:15.766123+00:00,2026-09-16T14:21:15.766123+05:30,BANKNIFTY,29-Sep-2026,65000.0,CE,56273.1,2.2,30,2.4,600,2.15,2.3,4184,213,822,-25.862068965517242,26.57,0.0025269854675960585,2.772065599811124e-06,-0.8711404069003518,0.8337560049837639,0.08416910538692644,-0.0008817561853641325,25.105196561725105,2.7186540750202477e-09,7.303457870297811e-05,-7.674956359635922e-07,-0.29499095326025615,67.82589705421816,-0.0021554575743245683,2.077679099782679e-06,0.035747216954496445,56467.2,0.09632400640467702,0.006999999999999999,index_dividend_yield,0.065,13.18,30,56007.65,56368.7,55812.2,55794.75,mid_price,ok
2026-09-16T08:51:15.766123+00:00,2026-09-16T14:21:15.766123+05:30,BANKNIFTY,29-Sep-2026,65000.0,PE,56273.1,8468.7,30,8554.85,60,8550,8511.775000000001,2246,-45,85,-3.2367587143503846,30.78,,,,,,,,,,,,,,,0.035747216954496445,,,,,,13.18,30,56007.65,56368.7,55812.2,55794.75,mid_price,no_price_available
2026-09-16T08:51:15.766123+00:00,2026-09-16T14:21:15.766123+05:30,BANKNIFTY,29-Sep-2026,65500.0,CE,56273.1,1.8,4320,2.1,120,1.8,1.9500000000000002,1539,0,360,-12.195121951219512,27.4,0.002084908869903614,2.258437612892442e-06,-0.7538397948567158,0.7004910292494916,0.07008832857999421,-0.0007562015008440857,21.363522953436963,2.1946917531635346e-09,6.063353897689073e-05,-6.559183205020855e-07,-0.257378486874561,66.83602895754605,-0.0017644103898887997,1.6669676777376347e-06,0.035747216954496445,56467.2,0.09632400640467702,0.006999999999999999,index_dividend_yield,0.065,13.18,30,56007.65,56368.7,55812.2,55794.75,mid_price,wide_quote_low_liquidity
2026-09-16T08:51:15.766123+00:00,2026-09-16T14:21:15.766123+05:30,BANKNIFTY,29-Sep-2026,65500.0,PE,56273.1,8490.05,300,9544.55,300,0.0,9017.3,0,0,0,0,0,,,,,,,,,,,,,,,0.035747216954496445,,,,,,13.18,30,56007.65,56368.7,55812.2,55794.75,mid_price,no_price_available
2026-09-16T08:51:15.766123+00:00,2026-09-16T14:21:15.766123+05:30,BANKNIFTY,29-Sep-2026,66000.0,CE,56273.1,1.25,600,1.3,120,1.25,1.275,2511,3,681,-13.793103448275861,27.75,0.0014737164373614243,1.6262726584045088e-06,-0.5562082591112584,0.5108580778420828,0.052353233775717524,-0.0005715043626129668,16.560069369140813,1.6212229389666574e-09,4.685566798675192e-05,-5.125295095847777e-07,-0.20038849646321077,67.81430989346772,-0.001237995234516453,1.1822441407482544e-06,0.035747216954496445,56467.2,0.09632400640467702,0.006999999999999999,index_dividend_yield,0.065,13.18,30,56007.65,56368.7,55812.2,55794.75,mid_price,ok
2026-09-16T08:51:15.766123+00:00,2026-09-16T14:21:15.766123+05:30,BANKNIFTY,29-Sep-2026,66000.0,PE,56273.1,9487.85,30,9534.2,30,9501.55,9511.025000000001,401,-1,5,-2.4481519507186857,0,,,,,,,,,,,,,,,0.035747216954496445,,,,,,13.18,30,56007.65,56368.7,55812.2,55794.75,mid_price,no_price_available
2026-09-16T08:51:15.766123+00:00,2026-09-16T14:21:15.766123+05:30,BANKNIFTY,29-Sep-2026,67500.0,CE,56273.1,1.2,60,1.25,120,1.2,1.225,2039,0,98,-4,31.33,0.0013216331318761443,1.3040500233308e-06,-0.5668565382061199,0.4624859706631524,0.042535470455597774,-0.0005226126083508183,13.60521124428371,1.1601098794782915e-09,3.419880594077136e-05,-4.2081570145835155e-07,-0.1849188597360874,60.66787605789952,-0.0010836518408768234,9.06334238199698e-07,0.035747216954496445,56467.2,0.09632400640467702,0.006999999999999999,index_dividend_yield,0.065,13.18,30,56007.65,56368.7,55812.2,55794.75,mid_price,ok
2026-09-16T08:51:15.766123+00:00,2026-09-16T14:21:15.766123+05:30,BANKNIFTY,29-Sep-2026,67500.0,PE,56273.1,10931.85,30,11029.45,30,11140,10980.650000000001,96,0,2,3.7959115219052233,0,,,,,,,,,,,,,,,0.035747216954496445,,,,,,13.18,30,56007.65,56368.7,55812.2,55794.75,mid_price,no_price_available
2026-09-16T08:51:15.766123+00:00,2026-09-16T14:21:15.766123+05:30,BANKNIFTY,29-Sep-2026,69000.0,CE,56273.1,1.35,30,1.45,90,1.35,1.4,1037,-8,71,-22.857142857142858,35.14,0.0013301773966083175,1.1695287455665712e-06,-0.6381082277642498,0.4652180695689022,0.0382125624969991,-0.0005253026864779739,12.214590093512307,9.234821875461732e-10,2.737795520726919e-05,-3.768134445389965e-07,-0.18577451267113262,54.16616277532541,-0.0010648012676293733,7.778832143287134e-07,0.035747216954496445,56467.2,0.09632400640467702,0.006999999999999999,index_dividend_yield,0.065,13.18,30,56007.65,56368.7,55812.2,55794.75,mid_price,ok
2026-09-16T08:51:15.766123+00:00,2026-09-16T14:21:15.766123+05:30,BANKNIFTY,29-Sep-2026,69000.0,PE,56273.1,12215.55,300,12937.7,300,0.0,12576.625,104,0,0,0,95.45,,,,,,,,,,,,,,,0.035747216954496445,,,,,,13.18,30,56007.65,56368.7,55812.2,55794.75,mid_price,no_price_available
