fetch_ts_utc,fetch_ts_ist,symbol,expiry_date,strike,option_type,underlying_value,bid_price,bid_qty,ask_price,ask_qty,ltp,mid_price,open_interest,change_in_oi,total_traded_volume,pchange_vs_prev_close,nse_iv,delta,gamma,theta,vega,vanna,charm,vomma,speed,zomma,color,veta,omega,dual_delta,dual_gamma,time_to_expiry_years,futures_price,implied_cost_of_carry,dividend_yield_used,dividend_yield_source,risk_free_rate_used,india_vix,lot_size,underlying_day_open,underlying_day_high,underlying_day_low,underlying_prev_close,price_source_for_iv,data_quality_flag
2026-09-24T08:45:58.554925+00:00,2026-09-24T14:15:58.554925+05:30,BANKNIFTY,29-Sep-2026,43500.0,CE,55433.65,11274.25,300,12585.6,300,0.0,11929.925,0,0,0,0,0,,,,,,,,,,,,,,,0.013839467436421867,,,,,,12.77,30,55710.6,55918.4,55341.2,56548.9,mid_price,no_price_available
2026-09-24T08:45:58.554925+00:00,2026-09-24T14:15:58.554925+05:30,BANKNIFTY,29-Sep-2026,43500.0,PE,55433.65,0.3,3390,0.35,900,0.3,0.32499999999999996,5219,0,1472,20,61.24,-0.00032220267732661353,2.959839147594255e-07,-0.46436138073486977,0.0770849546064612,-0.0064472662359861665,0.0003893758414395843,1.434620143169897,-2.6027212111470607e-10,5.025159904806366e-06,-3.0243919938750794e-07,-0.09432727200598416,-53.17043021407912,0.00041831696096639414,4.806584115839615e-07,0.013839467436421867,55580,0.19051413967810568,0.0069,index_dividend_yield,0.065,12.77,30,55710.6,55918.4,55341.2,56548.9,mid_price,wide_quote_low_liquidity
2026-09-24T08:45:58.554925+00:00,2026-09-24T14:15:58.554925+05:30,BANKNIFTY,29-Sep-2026,45000.0,CE,55433.65,10497.25,30,10585.6,30,10551.95,10541.425,699,0,31,-9.506882209167703,85.13,0.9837393474835961,7.273771934769445e-06,-28.99969766995845,2.633350345537267,-0.09677143479436268,0.00810054968028939,13.506645363048575,-2.938573580046061e-09,2.8763398647221308e-05,-2.397304313181726e-06,-1.3885270482935468,5.192554604144346,-0.9784500496984322,1.1037776683619582e-05,0.013839467436421867,55580,0.19051413967810568,0.0069,index_dividend_yield,0.065,12.77,30,55710.6,55918.4,55341.2,56548.9,mid_price,ok
2026-09-24T08:45:58.554925+00:00,2026-09-24T14:15:58.554925+05:30,BANKNIFTY,29-Sep-2026,45000.0,PE,55433.65,0.9,120,1.1,90,0.9,1.0,5695,-6,3026,260,56.39,-0.0007146118766808564,6.721765131933511e-07,-0.8932944889351928,0.16119507071616124,-0.013686789244251284,0.0007590427125315482,2.8460287452385655,-5.995935127906132e-10,1.0675707581784876e-05,-5.902333985715418e-07,-0.17386654361096632,-54.81981242064869,0.0008963590734703225,1.0200119430658845e-06,0.013839467436421867,55580,0.19051413967810568,0.0069,index_dividend_yield,0.065,12.77,30,55710.6,55918.4,55341.2,56548.9,mid_price,wide_quote_low_liquidity
2026-09-24T08:45:58.554925+00:00,2026-09-24T14:15:58.554925+05:30,BANKNIFTY,29-Sep-2026,46500.0,CE,55433.65,8540.05,300,9477.15,300,0.0,9008.599999999999,1,0,0,0,65.63,0.9898731572785572,6.244216404070879e-06,-18.455956716806206,1.7427965001609298,-0.09153625709862334,0.005903775623619369,13.879511777050713,-3.5128585346695405e-09,4.02142044683401e-05,-2.579433386075905e-06,-1.0648124875401543,6.107043946418811,-0.9868215383950386,8.87399114372074e-06,0.013839467436421867,55580,0.19051413967810568,0.0069,index_dividend_yield,0.065,12.77,30,55710.6,55918.4,55341.2,56548.9,mid_price,ok
2026-09-24T08:45:58.554925+00:00,2026-09-24T14:15:58.554925+05:30,BANKNIFTY,29-Sep-2026,46500.0,PE,55433.65,2.1,120,2.85,300,2.8,2.475,961,-25,645,229.41176470588235,54.21,-0.002554046923722146,2.2381678935555167e-06,-2.745673832440055,0.5159865696949227,-0.03993901859294197,0.0021224602296836276,7.292942840580463,-1.8237292985143599e-09,2.750535923485472e-05,-1.4578986615073077e-06,-0.4387318739229487,-51.7099462417696,0.003103615281278666,3.1807805463986163e-06,0.013839467436421867,55580,0.19051413967810568,0.0069,index_dividend_yield,0.065,12.77,30,55710.6,55918.4,55341.2,56548.9,mid_price,wide_quote_low_liquidity
2026-09-24T08:45:58.554925+00:00,2026-09-24T14:15:58.554925+05:30,BANKNIFTY,29-Sep-2026,48000.0,CE,55433.65,7550,60,7585.65,30,7575,7567.825,199,-15,19,-12.250725451923245,70.47,0.9630178978348444,1.7552707717562177e-05,-43.846999077737586,5.260350975367689,-0.19517268758850737,0.013468683556950878,22.756910721119628,-7.149469549424056e-09,5.102716605886677e-05,-3.500821683970572e-06,-2.0885659938238077,7.07892708784585,-0.9550499625627205,2.341038722233826e-05,0.013839467436421867,55580,0.19051413967810568,0.0069,index_dividend_yield,0.065,12.77,30,55710.6,55918.4,55341.2,56548.9,mid_price,ok
2026-09-24T08:45:58.554925+00:00,2026-09-24T14:15:58.554925+05:30,BANKNIFTY,29-Sep-2026,48000.0,PE,55433.65,3.6,30,3.7,300,3.65,3.6500000000000004,2232,396,4183,192,47.02,-0.004081588160631071,3.9340586472467345e-06,-3.624538688505927,0.7866649194946842,-0.06644436984932145,0.0030553608184169705,11.461712692310055,-3.4868687690104514e-09,4.895220364689242e-05,-2.2447510099516595e-06,-0.6049997515754729,-57.337284616480034,0.004795904299103523,5.246930432008885e-06,0.013839467436421867,55580,0.19051413967810568,0.0069,index_dividend_yield,0.065,12.77,30,55710.6,55918.4,55341.2,56548.9,mid_price,ok
2026-09-24T08:45:58.554925+00:00,2026-09-24T14:15:58.554925+05:30,BANKNIFTY,29-Sep-2026,48500.0,CE,55433.65,6096.3,300,7401.5,300,0.0,6748.9,0,0,0,0,0,,,,,,,,,,,,,,,0.013839467436421867,,,,,,12.77,30,55710.6,55918.4,55341.2,56548.9,mid_price,no_price_available
2026-09-24T08:45:58.554925+00:00,2026-09-24T14:15:58.554925+05:30,BANKNIFTY,29-Sep-2026,48500.0,PE,55433.65,4,30,5.45,90,5.5,4.725,155,78,148,254.83870967741936,45.59,-0.005649857044139131,5.421839159273479e-06,-4.6927947090589806,1.0511932200728695,-0.08767306773644007,0.003904822249502804,14.48359839993396,-4.745280958239788e-09,6.281053812681731e-05,-2.7893879158734263e-06,-0.7491880484325651,-57.37433652878935,0.006570122651634511,7.082883582486763e-06,0.013839467436421867,55580,0.19051413967810568,0.0069,index_dividend_yield,0.065,12.77,30,55710.6,55918.4,55341.2,56548.9,mid_price,wide_quote_low_liquidity
2026-09-24T08:45:58.554925+00:00,2026-09-24T14:15:58.554925+05:30,BANKNIFTY,29-Sep-2026,49000.0,CE,55433.65,6529.4,30,6604.5,30,6775,6566.95,53,0,11,-11.783854166666666,85.54,0.90038556025005,3.134942013823506e-05,-103.30228374069944,11.404206880653176,-0.24197588179941665,0.02023372185208373,20.265287874107862,-7.78006211914573e-09,1.9059193082467178e-05,-1.5566286708045503e-06,-2.821236941187476,7.398285175938661,-0.880924000050514,4.012215977265767e-05,0.013839467436421867,55580,0.19051413967810568,0.0069,index_dividend_yield,0.065,12.77,30,55710.6,55918.4,55341.2,56548.9,mid_price,ok
2026-09-24T08:45:58.554925+00:00,2026-09-24T14:15:58.554925+05:30,BANKNIFTY,29-Sep-2026,49000.0,PE,55433.65,5,300,5.05,150,5.05,5.025,2043,584,2306,180.55555555555554,43.39,-0.006982756976682217,6.871803409084116e-06,-5.3831744172474085,1.2680217580143585,-0.10786795542967699,0.004567477490639239,17.291219362938204,-6.128915957559525e-09,7.786887393524526e-05,-3.286994767739708e-06,-0.857720057146108,-59.07558764434455,0.008033305813049549,8.794790879378894e-06,0.013839467436421867,55580,0.19051413967810568,0.0069,index_dividend_yield,0.065,12.77,30,55710.6,55918.4,55341.2,56548.9,mid_price,ok
2026-09-24T08:45:58.554925+00:00,2026-09-24T14:15:58.554925+05:30,BANKNIFTY,29-Sep-2026,49500.0,CE,55433.65,5320.55,300,6366.85,300,0.0,5843.700000000001,3,0,0,0,0,,,,,,,,,,,,,,,0.013839467436421867,,,,,,12.77,30,55710.6,55918.4,55341.2,56548.9,mid_price,no_price_available
2026-09-24T08:45:58.554925+00:00,2026-09-24T14:15:58.554925+05:30,BANKNIFTY,29-Sep-2026,49500.0,PE,55433.65,5.1,60,5.5,450,5.3,5.3,610,-64,2733,158.53658536585365,40.08,-0.007307529142145808,7.743722235359028e-06,-5.170745254824938,1.3199084476703495,-0.12092456542477266,0.004724142256484368,19.255090904076066,-7.422105095957831e-09,9.364590109432199e-05,-3.646204570995637e-06,-0.8829213926825966,-63.735652161383555,0.008311892658651511,9.711500113507682e-06,0.013839467436421867,55580,0.19051413967810568,0.0069,index_dividend_yield,0.065,12.77,30,55710.6,55918.4,55341.2,56548.9,mid_price,ok
2026-09-24T08:45:58.554925+00:00,2026-09-24T14:15:58.554925+05:30,BANKNIFTY,29-Sep-2026,50000.0,CE,55433.65,5557.3,30,5594.85,90,5580.5,5576.075000000001,2236,-725,1035,-15.702416918429003,54.24,0.9515799787084914,2.8374323709216746e-05,-42.54787989803765,6.5450283031224705,-0.2955894519063862,0.0156303321788011,32.02312640899141,-1.3841144006223895e-08,8.651604105320552e-05,-4.532017948234063e-06,-2.3387007238519733,9.511141887875915,-0.9440694346021852,3.48764651521075e-05,0.013839467436421867,55580,0.19051413967810568,0.0069,index_dividend_yield,0.065,12.77,30,55710.6,55918.4,55341.2,56548.9,mid_price,ok
2026-09-24T08:45:58.554925+00:00,2026-09-24T14:15:58.554925+05:30,BANKNIFTY,29-Sep-2026,50000.0,PE,55433.65,5.9,570,6.05,330,6.05,5.975,9472,-472,9152,210.25641025641025,37.24,-0.008307574203239024,9.32997427346369e-06,-5.372065134612674,1.4775985203169553,-0.14305901511939279,0.005185490060209531,22.34424930182488,-9.435148657530045e-09,0.00011603376091974383,-4.1904066966116386e-06,-0.9561958829053142,-67.7635908613856,0.00934630256449608,1.1467992187345718e-05,0.013839467436421867,55580,0.19051413967810568,0.0069,index_dividend_yield,0.065,12.77,30,55710.6,55918.4,55341.2,56548.9,mid_price,ok
2026-09-24T08:45:58.554925+00:00,2026-09-24T14:15:58.554925+05:30,BANKNIFTY,29-Sep-2026,50500.0,CE,55433.65,4970.25,300,5126.5,30,5250,5048.375,1,-2,3,-22.794117647058822,67.77,0.8885174643276232,4.2929665524626526e-05,-89.90634519531294,12.372609880135537,-0.3189831970110135,0.021043159558505165,25.36010289915147,-1.2607031454018201e-08,2.464690041949818e-05,-1.5573389201314263e-06,-2.895616629268846,9.434856088930047,-0.8719477531767282,5.172752501728234e-05,0.013839467436421867,55580,0.19051413967810568,0.0069,index_dividend_yield,0.065,12.77,30,55710.6,55918.4,55341.2,56548.9,mid_price,ok
2026-09-24T08:45:58.554925+00:00,2026-09-24T14:15:58.554925+05:30,BANKNIFTY,29-Sep-2026,50500.0,PE,55433.65,6.95,30,7.1,240,6.95,7.025,1009,-583,7059,172.54901960784315,34.83,-0.010304719825933353,1.2045172635771302e-05,-6.058614060568471,1.7841560307872022,-0.17862609283699188,0.006045398758060538,26.966939524644793,-1.2580357030545883e-08,0.00014747564061518605,-4.9702043269348255e-06,-1.089257528419951,-70.8674218688999,0.011471064388643508,1.4513669306296443e-05,0.013839467436421867,55580,0.19051413967810568,0.0069,index_dividend_yield,0.065,12.77,30,55710.6,55918.4,55341.2,56548.9,mid_price,ok
2026-09-24T08:45:58.554925+00:00,2026-09-24T14:15:58.554925+05:30,BANKNIFTY,29-Sep-2026,50800.0,CE,55433.65,4167.5,300,5034.85,300,0.0,4601.175,0,0,0,0,0,,,,,,,,,,,,,,,0.013839467436421867,,,,,,12.77,30,55710.6,55918.4,55341.2,56548.9,mid_price,no_price_available
2026-09-24T08:45:58.554925+00:00,2026-09-24T14:15:58.554925+05:30,BANKNIFTY,29-Sep-2026,50800.0,PE,55433.65,5.15,600,8.8,240,7.8,6.9750000000000005,40,20,87,358.8235294117647,33.17,-0.01138921706606858,1.3798991428255116e-05,-6.288882119060754,1.9465212327355308,-0.20139659887238784,0.006483545639861157,29.906362255402218,-1.4879359120497306e-08,0.00017040648653571204,-5.4608064600478874e-06,-1.1554196759348856,-73.64332095792645,0.012596828650686271,1.6431108791800823e-05,0.013839467436421867,55580,0.19051413967810568,0.0069,index_dividend_yield,0.065,12.77,30,55710.6,55918.4,55341.2,56548.9,mid_price,wide_quote_low_liquidity
2026-09-24T08:45:58.554925+00:00,2026-09-24T14:15:58.554925+05:30,BANKNIFTY,29-Sep-2026,50900.0,CE,55433.65,4043.7,300,4933.45,300,0.0,4488.575,0,0,0,0,0,,,,,,,,,,,,,,,0.013839467436421867,,,,,,12.77,30,55710.6,55918.4,55341.2,56548.9,mid_price,no_price_available
2026-09-24T08:45:58.554925+00:00,2026-09-24T14:15:58.554925+05:30,BANKNIFTY,29-Sep-2026,50900.0,PE,55433.65,5.5,600,9.7,60,9.7,7.6,35,22,93,212.90322580645162,33.48,-0.013675207666376091,1.6017428052090256e-05,-7.435110385882365,2.280576055416196,-0.22635655834388027,0.007352060759183044,32.56991680607535,-1.6575595663454877e-08,0.00018091000091809318,-5.847093572725384e-06,-1.2835466624066036,-71.45249092908281,0.015101690689909091,1.899783747798777e-05,0.013839467436421867,55580,0.19051413967810568,0.0069,index_dividend_yield,0.065,12.77,30,55710.6,55918.4,55341.2,56548.9,mid_price,wide_quote_low_liquidity
2026-09-24T08:45:58.554925+00:00,2026-09-24T14:15:58.554925+05:30,BANKNIFTY,29-Sep-2026,51000.0,CE,55433.65,4577.35,30,4590.6,30,4563.35,4583.975,219,-24,44,-19.800527240773288,44.7,0.9480228005855824,3.6436082425802906e-05,-38.20264680041477,6.9263674572826766,-0.37405447269633907,0.016240196270883394,39.68353718504902,-2.0991571066946922e-08,0.00012724320382620223,-5.456997365377104e-06,-2.406059259256634,11.577787865392583,-0.9414371826971014,4.304654248897008e-05,0.013839467436421867,55580,0.19051413967810568,0.0069,index_dividend_yield,0.065,12.77,30,55710.6,55918.4,55341.2,56548.9,mid_price,ok
2026-09-24T08:45:58.554925+00:00,2026-09-24T14:15:58.554925+05:30,BANKNIFTY,29-Sep-2026,51000.0,PE,55433.65,8.45,30,8.55,450,8.55,8.5,12724,1923,21876,216.66666666666666,32.54,-0.013283390062423805,1.607168432755205e-05,-7.044435409466612,2.2240537107092853,-0.22842819997593525,0.00720783312064285,33.036985062764536,-1.7198254354584745e-08,0.0001893444127300007,-5.944797587868602e-06,-1.2625379489708404,-73.79034724324008,0.014633837246896101,1.8987508980530547e-05,0.013839467436421867,55580,0.19051413967810568,0.0069,index_dividend_yield,0.065,12.77,30,55710.6,55918.4,55341.2,56548.9,mid_price,ok
2026-09-24T08:45:58.554925+00:00,2026-09-24T14:15:58.554925+05:30,BANKNIFTY,29-Sep-2026,51100.0,CE,55433.65,3716.9,300,4734.15,300,0.0,4225.525,0,0,0,0,0,,,,,,,,,,,,,,,0.013839467436421867,,,,,,12.77,30,55710.6,55918.4,55341.2,56548.9,mid_price,no_price_available
2026-09-24T08:45:58.554925+00:00,2026-09-24T14:15:58.554925+05:30,BANKNIFTY,29-Sep-2026,51100.0,PE,55433.65,8.3,240,8.6,120,8.6,8.45,185,62,166,138.88888888888889,31.77,-0.013268955879052314,1.6445756280059742e-05,-6.868532638955421,2.2219659208368583,-0.233887398054149,0.007202114198127146,33.83298337832641,-1.8026536494417334e-08,0.00019864757032836636,-6.0857526404403804e-06,-1.2617032685907947,-75.61045485520113,0.01458463334384477,1.9353476990758194e-05,0.013839467436421867,55580,0.19051413967810568,0.0069,index_dividend_yield,0.065,12.77,30,55710.6,55918.4,55341.2,56548.9,mid_price,ok
2026-09-24T08:45:58.554925+00:00,2026-09-24T14:15:58.554925+05:30,BANKNIFTY,29-Sep-2026,51200.0,CE,55433.65,4015.65,300,4617.8,300,0.0,4316.725,0,0,0,0,0,,,,,,,,,,,,,,,0.013839467436421867,55580,0.19051413967810568,0.0069,index_dividend_yield,0.065,12.77,30,55710.6,55918.4,55341.2,56548.9,mid_price,no_nse_iv
2026-09-24T08:45:58.554925+00:00,2026-09-24T14:15:58.554925+05:30,BANKNIFTY,29-Sep-2026,51200.0,PE,55433.65,8.25,270,8.85,120,10.1,8.55,56,4,205,231.14754098360655,31.68,-0.014928329156322178,1.8255259427506076e-05,-7.578578649336163,2.4594585691850708,-0.25412673109949724,0.007799446550116532,35.99406164255026,-1.9642528654707017e-08,0.00020954085689703185,-6.396140465456017e-06,-1.3480632116051874,-74.79346427653792,0.016378828111102483,2.13990768317109e-05,0.013839467436421867,55580,0.19051413967810568,0.0069,index_dividend_yield,0.065,12.77,30,55710.6,55918.4,55341.2,56548.9,mid_price,ok
2026-09-24T08:45:58.554925+00:00,2026-09-24T14:15:58.554925+05:30,BANKNIFTY,29-Sep-2026,51300.0,CE,55433.65,3717.8,300,4517.9,300,0.0,4117.85,0,0,0,0,0,,,,,,,,,,,,,,,0.013839467436421867,,,,,,12.77,30,55710.6,55918.4,55341.2,56548.9,mid_price,no_price_available
2026-09-24T08:45:58.554925+00:00,2026-09-24T14:15:58.554925+05:30,BANKNIFTY,29-Sep-2026,51300.0,PE,55433.65,8.3,150,10.3,240,10.7,9.3,66,14,15,311.53846153846155,31.28,-0.01592600232606449,1.954463126221264e-05,-7.90718005043267,2.599923410981605,-0.26885687615739623,0.008143256899338815,37.629404234760244,-2.104180009966075e-08,0.00022039201454361523,-6.6373133252521404e-06,-1.3969881501849697,-75.18082658383014,0.017438192575521295,2.2821264362310513e-05,0.013839467436421867,55580,0.19051413967810568,0.0069,index_dividend_yield,0.065,12.77,30,55710.6,55918.4,55341.2,56548.9,mid_price,wide_quote_low_liquidity
2026-09-24T08:45:58.554925+00:00,2026-09-24T14:15:58.554925+05:30,BANKNIFTY,29-Sep-2026,51400.0,CE,55433.65,3636,300,4420.55,300,0.0,4028.275,0,0,0,0,0,,,,,,,,,,,,,,,0.013839467436421867,,,,,,12.77,30,55710.6,55918.4,55341.2,56548.9,mid_price,no_price_available
2026-09-24T08:45:58.554925+00:00,2026-09-24T14:15:58.554925+05:30,BANKNIFTY,29-Sep-2026,51400.0,PE,55433.65,8.7,150,10.35,60,9.6,9.524999999999999,359,45,107,200,30.14,-0.014959896894837022,1.9222886420920697e-05,-7.216826915864277,2.4639289304164915,-0.26771885704233306,0.007809033115475055,37.90460509305271,-2.172687778548458e-08,0.0002319423940300541,-6.726789591109804e-06,-1.3494371726443284,-78.64216260918492,0.016339040653111855,2.235832747215297e-05,0.013839467436421867,55580,0.19051413967810568,0.0069,index_dividend_yield,0.065,12.77,30,55710.6,55918.4,55341.2,56548.9,mid_price,wide_quote_low_liquidity
2026-09-24T08:45:58.554925+00:00,2026-09-24T14:15:58.554925+05:30,BANKNIFTY,29-Sep-2026,51500.0,CE,55433.65,3566.55,300,4321.75,300,0.0,3944.15,0,0,0,0,0,,,,,,,,,,,,,,,0.013839467436421867,55580,0.19051413967810568,0.0069,index_dividend_yield,0.065,12.77,30,55710.6,55918.4,55341.2,56548.9,mid_price,no_nse_iv
2026-09-24T08:45:58.554925+00:00,2026-09-24T14:15:58.554925+05:30,BANKNIFTY,29-Sep-2026,51500.0,PE,55433.65,9.95,60,10.05,60,10.1,10.0,3327,1611,14639,220.63492063492063,29.88,-0.01640330097663257,2.0984639730624558e-05,-7.739741697001307,2.666542068434776,-0.28727314266361986,0.00830255172352891,39.98549427520004,-2.3512663334816644e-08,0.00024444056075282456,-7.021749901412746e-06,-1.419470082106946,-78.4672271974059,0.017881224406715662,2.4312745852573415e-05,0.013839467436421867,55580,0.19051413967810568,0.0069,index_dividend_yield,0.065,12.77,30,55710.6,55918.4,55341.2,56548.9,mid_price,ok
2026-09-24T08:45:58.554925+00:00,2026-09-24T14:15:58.554925+05:30,BANKNIFTY,29-Sep-2026,51600.0,CE,55433.65,3429.6,300,4211.05,300,0.0,3820.325,0,0,0,0,0,,,,,,,,,,,,,,,0.013839467436421867,,,,,,12.77,30,55710.6,55918.4,55341.2,56548.9,mid_price,no_price_available
2026-09-24T08:45:58.554925+00:00,2026-09-24T14:15:58.554925+05:30,BANKNIFTY,29-Sep-2026,51600.0,PE,55433.65,10,210,10.3,120,10.05,10.15,212,83,844,187.14285714285714,29.25,-0.016864776076813522,2.195163796575815e-05,-7.754849061749668,2.7306065708142846,-0.29902049849233997,0.008454890952927561,41.40313627055336,-2.4990024294847065e-08,0.0002577961231852672,-7.243290192066659e-06,-1.440859805824507,-79.90838464511194,0.018344485340124478,2.5334624932900718e-05,0.013839467436421867,55580,0.19051413967810568,0.0069,index_dividend_yield,0.065,12.77,30,55710.6,55918.4,55341.2,56548.9,mid_price,ok
2026-09-24T08:45:58.554925+00:00,2026-09-24T14:15:58.554925+05:30,BANKNIFTY,29-Sep-2026,51700.0,CE,55433.65,3215.5,300,4110.6,300,0.0,3663.05,0,0,0,0,0,,,,,,,,,,,,,,,0.013839467436421867,,,,,,12.77,30,55710.6,55918.4,55341.2,56548.9,mid_price,no_price_available
2026-09-24T08:45:58.554925+00:00,2026-09-24T14:15:58.554925+05:30,BANKNIFTY,29-Sep-2026,51700.0,PE,55433.65,10.25,300,11.45,210,10.4,10.85,171,31,491,141.86046511627907,28.72,-0.017665704193910083,2.326068093492412e-05,-7.918321142271449,2.841012788875383,-0.31410210049972326,0.008715043135076494,43.10729818179948,-2.672445128463018e-08,0.000271948479102309,-7.495591108242251e-06,-1.4771414123174955,-80.94054188987947,0.01917549618045088,2.6741655445916398e-05,0.013839467436421867,55580,0.19051413967810568,0.0069,index_dividend_yield,0.065,12.77,30,55710.6,55918.4,55341.2,56548.9,mid_price,ok
2026-09-24T08:45:58.554925+00:00,2026-09-24T14:15:58.554925+05:30,BANKNIFTY,29-Sep-2026,51800.0,CE,55433.65,2286,300,4013.85,300,0.0,3149.925,0,0,0,0,0,,,,,,,,,,,,,,,0.013839467436421867,,,,,,12.77,30,55710.6,55918.4,55341.2,56548.9,mid_price,no_price_available
2026-09-24T08:45:58.554925+00:00,2026-09-24T14:15:58.554925+05:30,BANKNIFTY,29-Sep-2026,51800.0,PE,55433.65,10.35,510,11.1,390,10.75,10.725,232,110,481,182.89473684210526,28.16,-0.018426240535716176,2.459125169200739e-05,-8.043813285877421,2.944961450872597,-0.3294254812515468,0.008956171896346536,44.84195401629365,-2.857348541349702e-08,0.0002871165487934103,-7.75186157618462e-06,-1.5104985937934052,-82.14061898736341,0.01995886010376538,2.816229647847472e-05,0.013839467436421867,55580,0.19051413967810568,0.0069,index_dividend_yield,0.065,12.77,30,55710.6,55918.4,55341.2,56548.9,mid_price,ok
2026-09-24T08:45:58.554925+00:00,2026-09-24T14:15:58.554925+05:30,BANKNIFTY,29-Sep-2026,51900.0,CE,55433.65,3081.9,300,3905.95,300,0.0,3493.925,0,0,0,0,0,,,,,,,,,,,,,,,0.013839467436421867,,,,,,12.77,30,55710.6,55918.4,55341.2,56548.9,mid_price,no_price_available
2026-09-24T08:45:58.554925+00:00,2026-09-24T14:15:58.554925+05:30,BANKNIFTY,29-Sep-2026,51900.0,PE,55433.65,11.1,570,11.75,210,11.4,11.425,217,130,396,168.23529411764707,27.66,-0.019449054636902916,2.6213063984682473e-05,-8.268091192572568,3.0834456114841107,-0.3474684261215149,0.009272649508218192,46.796509331276994,-3.0671011616832e-08,0.0003030596377639777,-8.028467663599075e-06,-1.5538886238269065,-83.08084799997404,0.0210232946118561,2.9904050865898167e-05,0.013839467436421867,55580,0.19051413967810568,0.0069,index_dividend_yield,0.065,12.77,30,55710.6,55918.4,55341.2,56548.9,mid_price,ok
2026-09-24T08:45:58.554925+00:00,2026-09-24T14:15:58.554925+05:30,BANKNIFTY,29-Sep-2026,52000.0,CE,55433.65,3562.55,30,3595.35,30,3567.4,3578.95,349,-66,137,-23.528403001071812,35.28,0.9429458070923861,4.970326793705386e-05,-33.73292032263144,7.457269690310897,-0.4989209297618369,0.016996791751417502,51.43243427528166,-3.502627437524423e-08,0.0002019211992702061,-6.759593164777269e-06,-2.4878666208260163,14.799457269461628,-0.9372880552054901,5.648396921599806e-05,0.013839467436421867,55580,0.19051413967810568,0.0069,index_dividend_yield,0.065,12.77,30,55710.6,55918.4,55341.2,56548.9,mid_price,ok
2026-09-24T08:45:58.554925+00:00,2026-09-24T14:15:58.554925+05:30,BANKNIFTY,29-Sep-2026,52000.0,PE,55433.65,11.75,240,11.9,90,11.85,11.825,12875,-1016,35933,224.65753424657535,27.24,-0.02084809674788835,2.8232321484319136e-05,-8.631879792419417,3.270544201202707,-0.36903716839174067,0.009691747408539553,49.01010709764253,-3.3064980141946243e-08,0.00031942832623183155,-8.323654044142176e-06,-1.610678723553902,-83.63812651574086,0.02249045755765995,3.208387785760886e-05,0.013839467436421867,55580,0.19051413967810568,0.0069,index_dividend_yield,0.065,12.77,30,55710.6,55918.4,55341.2,56548.9,mid_price,ok
2026-09-24T08:45:58.554925+00:00,2026-09-24T14:15:58.554925+05:30,BANKNIFTY,29-Sep-2026,52100.0,CE,55433.65,3014.2,300,3720.75,300,0.0,3367.475,0,0,0,0,0,,,,,,,,,,,,,,,0.013839467436421867,55580,0.19051413967810568,0.0069,index_dividend_yield,0.065,12.77,30,55710.6,55918.4,55341.2,56548.9,mid_price,no_nse_iv
2026-09-24T08:45:58.554925+00:00,2026-09-24T14:15:58.554925+05:30,BANKNIFTY,29-Sep-2026,52100.0,PE,55433.65,12.1,150,12.35,300,12.15,12.225,386,91,1115,232.87671232876713,26.62,-0.021594165438051025,2.9761938360470447e-05,-8.684674810647962,3.3692682777311607,-0.38632827314802853,0.009907306127811691,50.93722947148649,-3.540218125993244e-08,0.00033814515955916816,-8.600826905950528e-06,-1.6395994410376244,-85.22287990562363,0.023245478737684504,3.369245966702004e-05,0.013839467436421867,55580,0.19051413967810568,0.0069,index_dividend_yield,0.065,12.77,30,55710.6,55918.4,55341.2,56548.9,mid_price,ok
2026-09-24T08:45:58.554925+00:00,2026-09-24T14:15:58.554925+05:30,BANKNIFTY,29-Sep-2026,52200.0,CE,55433.65,2907.35,300,3610.2,300,0.0,3258.7749999999996,0,0,0,0,0,,,,,,,,,,,,,,,0.013839467436421867,55580,0.19051413967810568,0.0069,index_dividend_yield,0.065,12.77,30,55710.6,55918.4,55341.2,56548.9,mid_price,no_nse_iv
2026-09-24T08:45:58.554925+00:00,2026-09-24T14:15:58.554925+05:30,BANKNIFTY,29-Sep-2026,52200.0,PE,55433.65,12.65,150,12.8,90,12.65,12.725000000000001,364,123,1774,261.42857142857144,26.04,-0.022554746887978316,3.156333314038536e-05,-8.807667044330742,3.495345964442606,-0.40609471652090606,0.010179019938719211,53.060067909378894,-3.802305950652142e-08,0.00035792881964544676,-8.89430983231144e-06,-1.6757761125485051,-86.65263170333861,0.024228366417014945,3.559498416184609e-05,0.013839467436421867,55580,0.19051413967810568,0.0069,index_dividend_yield,0.065,12.77,30,55710.6,55918.4,55341.2,56548.9,mid_price,ok
2026-09-24T08:45:58.554925+00:00,2026-09-24T14:15:58.554925+05:30,BANKNIFTY,29-Sep-2026,52300.0,CE,55433.65,2826.45,300,3522.45,300,0.0,3174.45,0,0,0,0,0,,,,,,,,,,,,,,,0.013839467436421867,55580,0.19051413967810568,0.0069,index_dividend_yield,0.065,12.77,30,55710.6,55918.4,55341.2,56548.9,mid_price,no_nse_iv
2026-09-24T08:45:58.554925+00:00,2026-09-24T14:15:58.554925+05:30,BANKNIFTY,29-Sep-2026,52300.0,PE,55433.65,13.25,390,13.45,90,13.2,13.35,453,299,1754,306.15384615384613,25.65,-0.024407252427321894,3.4243483829111294e-05,-9.265545148044549,3.735352918531786,-0.43321585142273333,0.010687064988575606,55.65945424657048,-4.1161693700701944e-08,0.00037675230045651996,-9.207695726773874e-06,-1.7425961683150404,-87.07760303719172,0.026166744910916195,3.846994055240965e-05,0.013839467436421867,55580,0.19051413967810568,0.0069,index_dividend_yield,0.065,12.77,30,55710.6,55918.4,55341.2,56548.9,mid_price,ok
2026-09-24T08:45:58.554925+00:00,2026-09-24T14:15:58.554925+05:30,BANKNIFTY,29-Sep-2026,52400.0,CE,55433.65,2743.6,300,3408.5,300,0.0,3076.05,0,0,0,0,0,,,,,,,,,,,,,,,0.013839467436421867,55580,0.19051413967810568,0.0069,index_dividend_yield,0.065,12.77,30,55710.6,55918.4,55341.2,56548.9,mid_price,no_nse_iv
2026-09-24T08:45:58.554925+00:00,2026-09-24T14:15:58.554925+05:30,BANKNIFTY,29-Sep-2026,52400.0,PE,55433.65,13.95,120,14.15,30,14,14.05,558,437,1478,344.44444444444446,25.16,-0.0259803796612226,3.678641434342188e-05,-9.570250152462348,3.9360845966970737,-0.4591074378681517,0.011099265348970095,58.18513666587588,-4.4448583482708644e-08,0.00039758813125561384,-9.516102834708071e-06,-1.7960438779453196,-88.05373309807997,0.027796623102674372,4.116914380838372e-05,0.013839467436421867,55580,0.19051413967810568,0.0069,index_dividend_yield,0.065,12.77,30,55710.6,55918.4,55341.2,56548.9,mid_price,ok
2026-09-24T08:45:58.554925+00:00,2026-09-24T14:15:58.554925+05:30,BANKNIFTY,29-Sep-2026,52500.0,CE,55433.65,2804.8,300,3230.75,300,0.0,3017.775,12,0,0,0,29.89,0.9436287315957581,5.811126179763185e-05,-29.6423489445973,7.386735521902949,-0.5879954830729228,0.016896057306074682,60.84501245625562,-4.831109013471023e-08,0.00028425373173320776,-8.003631224040994e-06,-2.477107880096841,17.304027463463424,-0.9387782742290132,6.478711628125916e-05,0.013839467436421867,55580,0.19051413967810568,0.0069,index_dividend_yield,0.065,12.77,30,55710.6,55918.4,55341.2,56548.9,mid_price,ok
2026-09-24T08:45:58.554925+00:00,2026-09-24T14:15:58.554925+05:30,BANKNIFTY,29-Sep-2026,52500.0,PE,55433.65,14.9,60,15,240,15.05,14.95,9939,2744,28948,301.3333333333333,24.61,-0.02740474578631068,3.932304138117172e-05,-9.780390766374657,4.115523093608874,-0.48501360009265204,0.011457999711978053,60.738520286348404,-4.797827649453484e-08,0.0004205641313691203,-9.829413564977252e-06,-1.8420108919599978,-89.39308262698272,0.02925979191465322,4.384049452181329e-05,0.013839467436421867,55580,0.19051413967810568,0.0069,index_dividend_yield,0.065,12.77,30,55710.6,55918.4,55341.2,56548.9,mid_price,ok
2026-09-24T08:45:58.554925+00:00,2026-09-24T14:15:58.554925+05:30,BANKNIFTY,29-Sep-2026,52600.0,CE,55433.65,2667.35,600,3132.4,300,0.0,2899.875,0,0,0,0,0,,,,,,,,,,,,,,,0.013839467436421867,55580,0.19051413967810568,0.0069,index_dividend_yield,0.065,12.77,30,55710.6,55918.4,55341.2,56548.9,mid_price,no_nse_iv
2026-09-24T08:45:58.554925+00:00,2026-09-24T14:15:58.554925+05:30,BANKNIFTY,29-Sep-2026,52600.0,PE,55433.65,15.4,180,15.6,60,15.75,15.5,720,512,2099,325.6756756756757,24.06,-0.028953847686491497,4.210597778357561e-05,-10.001644659955979,4.308297738742298,-0.5129292398039411,0.011834243281717104,63.43205713461142,-5.1867677491976474e-08,0.00044493670014857583,-1.0147915412345369e-05,-1.8896800145012072,-90.76899016991351,0.030849808011582106,4.676481488147609e-05,0.013839467436421867,55580,0.19051413967810568,0.0069,index_dividend_yield,0.065,12.77,30,55710.6,55918.4,55341.2,56548.9,mid_price,ok
2026-09-24T08:45:58.554925+00:00,2026-09-24T14:15:58.554925+05:30,BANKNIFTY,29-Sep-2026,52700.0,CE,55433.65,2553.55,300,3100.4,300,0.0,2826.9750000000004,0,0,0,0,0,,,,,,,,,,,,,,,0.013839467436421867,55580,0.19051413967810568,0.0069,index_dividend_yield,0.065,12.77,30,55710.6,55918.4,55341.2,56548.9,mid_price,no_nse_iv
2026-09-24T08:45:58.554925+00:00,2026-09-24T14:15:58.554925+05:30,BANKNIFTY,29-Sep-2026,52700.0,PE,55433.65,16.25,180,16.45,240,16.45,16.35,643,271,2881,332.89473684210526,23.46,-0.030371489522503133,4.493026153026323e-05,-10.138006685936698,4.482634025433373,-0.5413774730212672,0.012165358609227196,66.2075430251825,-5.610610036311719e-08,0.00047209750891446096,-1.0478309568468806e-05,-1.9311814894476904,-92.49597031763656,0.03229230401224512,4.971239274237241e-05,0.013839467436421867,55580,0.19051413967810568,0.0069,index_dividend_yield,0.065,12.77,30,55710.6,55918.4,55341.2,56548.9,mid_price,ok
2026-09-24T08:45:58.554925+00:00,2026-09-24T14:15:58.554925+05:30,BANKNIFTY,29-Sep-2026,52800.0,CE,55433.65,2298.8,300,2996.85,300,0.0,2647.825,0,0,0,0,0,,,,,,,,,,,,,,,0.013839467436421867,55580,0.19051413967810568,0.0069,index_dividend_yield,0.065,12.77,30,55710.6,55918.4,55341.2,56548.9,mid_price,no_nse_iv
2026-09-24T08:45:58.554925+00:00,2026-09-24T14:15:58.554925+05:30,BANKNIFTY,29-Sep-2026,52800.0,PE,55433.65,17.25,330,17.5,30,17.25,17.375,853,694,4779,379.1666666666667,23.03,-0.032891870586237326,4.888620809608777e-05,-10.62064451921638,4.7879170650842395,-0.5778977200709828,0.012732672521013618,69.3371690022646,-6.097051496859354e-08,0.0004956905575519958,-1.0774220067981195e-05,-2.001303167876339,-93.18202407784742,0.034903100323632225,5.3884698587842834e-05,0.013839467436421867,55580,0.19051413967810568,0.0069,index_dividend_yield,0.065,12.77,30,55710.6,55918.4,55341.2,56548.9,mid_price,ok
2026-09-24T08:45:58.554925+00:00,2026-09-24T14:15:58.554925+05:30,BANKNIFTY,29-Sep-2026,52900.0,CE,55433.65,2114.1,300,2892.15,300,0.0,2503.125,0,0,0,0,0,,,,,,,,,,,,,,,0.013839467436421867,,,,,,12.77,30,55710.6,55918.4,55341.2,56548.9,mid_price,no_price_available
2026-09-24T08:45:58.554925+00:00,2026-09-24T14:15:58.554925+05:30,BANKNIFTY,29-Sep-2026,52900.0,PE,55433.65,18.2,210,18.45,210,18.3,18.325,579,306,2400,311.23595505617976,22.51,-0.035122676443913946,5.278884244546009e-05,-10.945864144374372,5.053403337953011,-0.6140628247014585,0.013206767965841247,72.49225844063956,-6.623390735039192e-08,0.0005227641064290929,-1.107770742153759e-05,-2.058976623653692,-94.45614867616551,0.037194530461297115,5.796658903800833e-05,0.013839467436421867,55580,0.19051413967810568,0.0069,index_dividend_yield,0.065,12.77,30,55710.6,55918.4,55341.2,56548.9,mid_price,ok
2026-09-24T08:45:58.554925+00:00,2026-09-24T14:15:58.554925+05:30,BANKNIFTY,29-Sep-2026,53000.0,CE,55433.65,2580.1,30,2601.2,30,2550,2590.6499999999996,887,-85,193,-30.738517532661543,24.49,0.9451775357581744,6.937917657125613e-05,-25.40830506402613,7.225772022933195,-0.7111344676615228,0.01663861556909421,74.22843604484707,-7.069088271894076e-08,0.00042942794132042674,-9.809194022789851e-06,-2.4495260735873243,20.845430392302443,-0.941153913726372,7.589695508527978e-05,0.013839467436421867,55580,0.19051413967810568,0.0069,index_dividend_yield,0.065,12.77,30,55710.6,55918.4,55341.2,56548.9,mid_price,ok
2026-09-24T08:45:58.554925+00:00,2026-09-24T14:15:58.554925+05:30,BANKNIFTY,29-Sep-2026,53000.0,PE,55433.65,19.45,150,19.55,60,19.55,19.5,15035,2446,60480,344.3181818181818,22.07,-0.03810158083918311,5.7549233929479256e-05,-11.45947551147456,5.4014232442056755,-0.6556816002443976,0.013806815684244949,75.8161420768917,-7.207965624827938e-08,0.0005470325342774267,-1.1330833224594725e-05,-2.13076733917631,-95.20820364596118,0.040269694551801516,6.295565670561068e-05,0.013839467436421867,55580,0.19051413967810568,0.0069,index_dividend_yield,0.065,12.77,30,55710.6,55918.4,55341.2,56548.9,mid_price,ok
2026-09-24T08:45:58.554925+00:00,2026-09-24T14:15:58.554925+05:30,BANKNIFTY,29-Sep-2026,53100.0,CE,55433.65,2322.2,300,2795.95,300,0.0,2559.075,0,0,0,0,0,,,,,,,,,,,,,,,0.013839467436421867,55580,0.19051413967810568,0.0069,index_dividend_yield,0.065,12.77,30,55710.6,55918.4,55341.2,56548.9,mid_price,no_nse_iv
2026-09-24T08:45:58.554925+00:00,2026-09-24T14:15:58.554925+05:30,BANKNIFTY,29-Sep-2026,53100.0,PE,55433.65,20.8,60,21,210,20.6,20.9,580,305,3712,415,21.56,-0.040914552699582114,6.242471549187981e-05,-11.849359062433026,5.723631395030748,-0.6980464180327828,0.014337255195375067,79.21332559202598,-7.848541107254365e-08,0.0005744121741458323,-1.1584617648206546e-05,-2.1931324954221747,-96.44179194783977,0.04315555962092123,6.803219453814604e-05,0.013839467436421867,55580,0.19051413967810568,0.0069,index_dividend_yield,0.065,12.77,30,55710.6,55918.4,55341.2,56548.9,mid_price,ok
2026-09-24T08:45:58.554925+00:00,2026-09-24T14:15:58.554925+05:30,BANKNIFTY,29-Sep-2026,53200.0,CE,55433.65,2034.75,300,2596.1,300,0.0,2315.425,0,0,0,0,0,,,,,,,,,,,,,,,0.013839467436421867,55580,0.19051413967810568,0.0069,index_dividend_yield,0.065,12.77,30,55710.6,55918.4,55341.2,56548.9,mid_price,no_nse_iv
2026-09-24T08:45:58.554925+00:00,2026-09-24T14:15:58.554925+05:30,BANKNIFTY,29-Sep-2026,53200.0,PE,55433.65,22.4,60,22.6,60,22.2,22.5,829,488,7496,404.54545454545456,21.25,-0.04552097140101697,6.903499018558552e-05,-12.71600104820778,6.238706156706991,-0.749508807493398,0.015147857248274034,82.59748126086652,-8.543795085327619e-08,0.0005891345973909557,-1.1659561428674832e-05,-2.2864352584628778,-96.2620460253175,0.04792495097520117,7.495367887033329e-05,0.013839467436421867,55580,0.19051413967810568,0.0069,index_dividend_yield,0.065,12.77,30,55710.6,55918.4,55341.2,56548.9,mid_price,ok
2026-09-24T08:45:58.554925+00:00,2026-09-24T14:15:58.554925+05:30,BANKNIFTY,29-Sep-2026,53300.0,CE,55433.65,2073.95,300,2413.15,300,0.0,2243.55,0,0,0,0,0,,,,,,,,,,,,,,,0.013839467436421867,55580,0.19051413967810568,0.0069,index_dividend_yield,0.065,12.77,30,55710.6,55918.4,55341.2,56548.9,mid_price,no_nse_iv
2026-09-24T08:45:58.554925+00:00,2026-09-24T14:15:58.554925+05:30,BANKNIFTY,29-Sep-2026,53300.0,PE,55433.65,24.1,30,24.8,240,24.1,24.450000000000003,503,219,3783,423.9130434782609,20.77,-0.04931286975460356,7.530701113612315e-05,-13.235029485826182,6.651785509944031,-0.7990354825840075,0.01575526403998554,86.05590438453258,-9.310003894165011e-08,0.0006117085053993601,-1.1778583004026194e-05,-2.354808149779322,-97.2635016459043,0.0518142097452774,8.145691235381412e-05,0.013839467436421867,55580,0.19051413967810568,0.0069,index_dividend_yield,0.065,12.77,30,55710.6,55918.4,55341.2,56548.9,mid_price,ok
2026-09-24T08:45:58.554925+00:00,2026-09-24T14:15:58.554925+05:30,BANKNIFTY,29-Sep-2026,53400.0,CE,55433.65,2078.1,300,2325.85,300,0.0,2201.975,0,0,0,0,0,,,,,,,,,,,,,,,0.013839467436421867,55580,0.19051413967810568,0.0069,index_dividend_yield,0.065,12.77,30,55710.6,55918.4,55341.2,56548.9,mid_price,no_nse_iv
2026-09-24T08:45:58.554925+00:00,2026-09-24T14:15:58.554925+05:30,BANKNIFTY,29-Sep-2026,53400.0,PE,55433.65,26.25,120,26.5,540,26.75,26.375,769,289,3909,463.1578947368421,20.41,-0.054556763739535864,8.30434233995132e-05,-14.074879392500426,7.20799668158609,-0.8546191679157863,0.016526166051515686,89.29123219555102,-1.012441233111091e-07,0.0006218700439830188,-1.1696850765389604e-05,-2.439660266813376,-97.37475310222993,0.057216080619542656,8.948900537020368e-05,0.013839467436421867,55580,0.19051413967810568,0.0069,index_dividend_yield,0.065,12.77,30,55710.6,55918.4,55341.2,56548.9,mid_price,ok
2026-09-24T08:45:58.554925+00:00,2026-09-24T14:15:58.554925+05:30,BANKNIFTY,29-Sep-2026,53500.0,CE,55433.65,2077.3,30,2123.95,30,2044.5,2100.625,135,-12,58,-29.939688849290658,19.64,0.9432057698315696,8.896258535270608e-05,-22.410039440907983,7.430451571026241,-0.904986853751677,0.016821107531654073,93.42739141043133,-1.1124781811799776e-07,0.0006656369837148467,-1.1987129288689706e-05,-2.469597262542277,26.042261855021312,-0.9397687366402291,9.550954636315107e-05,0.013839467436421867,55580,0.19051413967810568,0.0069,index_dividend_yield,0.065,12.77,30,55710.6,55918.4,55341.2,56548.9,mid_price,ok
2026-09-24T08:45:58.554925+00:00,2026-09-24T14:15:58.554925+05:30,BANKNIFTY,29-Sep-2026,53500.0,PE,55433.65,28.75,90,28.95,90,29.15,28.85,12945,4130,62940,466.0194174757282,19.84,-0.05851278551132168,9.027428975777873e-05,-14.435791038889752,7.616791667889093,-0.9089360308032167,0.017047680217046224,92.90307698338296,-1.1063670654649395e-07,0.0006461011702923113,-1.1741174155249983e-05,-2.495894349555783,-99.02848717423741,0.06123983653121484,9.691778210848539e-05,0.013839467436421867,55580,0.19051413967810568,0.0069,index_dividend_yield,0.065,12.77,30,55710.6,55918.4,55341.2,56548.9,mid_price,ok
2026-09-24T08:45:58.554925+00:00,2026-09-24T14:15:58.554925+05:30,BANKNIFTY,29-Sep-2026,53600.0,CE,55433.65,1882.75,300,2107.95,300,0.0,1995.35,1,0,0,0,0,,,,,,,,,,,,,,,0.013839467436421867,55580,0.19051413967810568,0.0069,index_dividend_yield,0.065,12.77,30,55710.6,55918.4,55341.2,56548.9,mid_price,no_nse_iv
2026-09-24T08:45:58.554925+00:00,2026-09-24T14:15:58.554925+05:30,BANKNIFTY,29-Sep-2026,53600.0,PE,55433.65,32,90,32.4,120,32.25,32.2,3400,3018,12741,486.3636363636364,19.51,-0.0652492308342473,9.995144622586236e-05,-15.432764018078185,8.293019390124527,-0.9706179803993659,0.017857970414657063,95.71104927047624,-1.2002860099126664e-07,0.0006412748517021713,-1.1356740517852442e-05,-2.581288520668814,-98.8415222926307,0.068164122910235,0.00010690707662027204,0.013839467436421867,55580,0.19051413967810568,0.0069,index_dividend_yield,0.065,12.77,30,55710.6,55918.4,55341.2,56548.9,mid_price,ok
2026-09-24T08:45:58.554925+00:00,2026-09-24T14:15:58.554925+05:30,BANKNIFTY,29-Sep-2026,53700.0,CE,55433.65,1668.4,300,2035.25,300,0.0,1851.825,0,0,0,0,0,,,,,,,,,,,,,,,0.013839467436421867,55580,0.19051413967810568,0.0069,index_dividend_yield,0.065,12.77,30,55710.6,55918.4,55341.2,56548.9,mid_price,no_nse_iv
2026-09-24T08:45:58.554925+00:00,2026-09-24T14:15:58.554925+05:30,BANKNIFTY,29-Sep-2026,53700.0,PE,55433.65,35.4,120,35.95,300,35.5,35.675,927,399,6862,517.3913043478261,19,-0.07095313041682329,0.00010949421408497469,-16.005736503330745,8.84730706476457,-1.0327190086040632,0.018452961699498633,98.91128401766113,-1.309617651742305e-07,0.0006478728623534772,-1.1062628857769213e-05,-2.642567855493336,-100.01316358012483,0.07397612162204488,0.00011667815420571624,0.013839467436421867,55580,0.19051413967810568,0.0069,index_dividend_yield,0.065,12.77,30,55710.6,55918.4,55341.2,56548.9,mid_price,ok
2026-09-24T08:45:58.554925+00:00,2026-09-24T14:15:58.554925+05:30,BANKNIFTY,29-Sep-2026,53800.0,CE,55433.65,1619.7,300,1949.85,300,0.0,1784.775,0,0,0,0,0,,,,,,,,,,,,,,,0.013839467436421867,55580,0.19051413967810568,0.0069,index_dividend_yield,0.065,12.77,30,55710.6,55918.4,55341.2,56548.9,mid_price,no_nse_iv
2026-09-24T08:45:58.554925+00:00,2026-09-24T14:15:58.554925+05:30,BANKNIFTY,29-Sep-2026,53800.0,PE,55433.65,39.3,30,39.6,30,39.3,39.45,3917,2417,15011,523.8095238095239,18.71,-0.07976925856028821,0.00012157565089007888,-17.203268586804402,9.67356869049042,-1.0977024007837386,0.019255320847686483,100.68962877534292,-1.4122567277965772e-07,0.0006156958566371027,-1.0192172876169324e-05,-2.7231977971995924,-99.40499819181827,0.08301830576487751,0.00012907109749621035,0.013839467436421867,55580,0.19051413967810568,0.0069,index_dividend_yield,0.065,12.77,30,55710.6,55918.4,55341.2,56548.9,mid_price,ok
2026-09-24T08:45:58.554925+00:00,2026-09-24T14:15:58.554925+05:30,BANKNIFTY,29-Sep-2026,53900.0,CE,55433.65,1686.45,120,1750.3,120,0.0,1718.375,0,0,0,0,0,,,,,,,,,,,,,,,0.013839467436421867,55580,0.19051413967810568,0.0069,index_dividend_yield,0.065,12.77,30,55710.6,55918.4,55341.2,56548.9,mid_price,no_nse_iv
2026-09-24T08:45:58.554925+00:00,2026-09-24T14:15:58.554925+05:30,BANKNIFTY,29-Sep-2026,53900.0,PE,55433.65,44.6,60,44.85,150,44.45,44.725,2254,610,10901,583.8461538461538,18.4,-0.08944723877882739,0.00013471322988176064,-18.400423325625724,10.541305524222642,-1.1617736216772214,0.019971608291966023,101.83474747750054,-1.5183918860720016e-07,0.0005693063015229917,-9.065949318251162e-06,-2.793433407058309,-98.89176087141,0.09292256888978763,0.00014248845235397147,0.013839467436421867,55580,0.19051413967810568,0.0069,index_dividend_yield,0.065,12.77,30,55710.6,55918.4,55341.2,56548.9,mid_price,ok
2026-09-24T08:45:58.554925+00:00,2026-09-24T14:15:58.554925+05:30,BANKNIFTY,29-Sep-2026,54000.0,CE,55433.65,1621,30,1631.7,30,1632,1626.35,1230,19,1254,-39.62152463049631,20.2,0.8745073270222642,0.00015661138289981778,-34.338586881536195,13.45367780860733,-1.1485564239132051,0.021609905278260167,86.0143917885141,-1.3771027909549493e-07,0.00022599774947478846,-3.3416639760954923e-06,-2.948067046669175,31.078408214631484,-0.8688388867349768,0.00016503754536612784,0.013839467436421867,55580,0.19051413967810568,0.0069,index_dividend_yield,0.065,12.77,30,55710.6,55918.4,55341.2,56548.9,mid_price,ok
2026-09-24T08:45:58.554925+00:00,2026-09-24T14:15:58.554925+05:30,BANKNIFTY,29-Sep-2026,54000.0,PE,55433.65,50.5,30,50.7,90,50.4,50.6,27446,-3525,113340,600,18.14,-0.10093055062640005,0.00014935728158571335,-19.78754294296505,11.522056811150755,-1.22223109126577,0.020631379275440325,101.72218424558021,-1.6190538756521918e-07,0.0004952812481092214,-7.501806735219061e-06,-2.8569854351508726,-97.9146134847571,0.10466833182820745,0.00015739315162826762,0.013839467436421867,55580,0.19051413967810568,0.0069,index_dividend_yield,0.065,12.77,30,55710.6,55918.4,55341.2,56548.9,mid_price,ok
2026-09-24T08:45:58.554925+00:00,2026-09-24T14:15:58.554925+05:30,BANKNIFTY,29-Sep-2026,54100.0,CE,55433.65,1502.65,150,1665.85,300,0.0,1584.25,0,0,0,0,0,,,,,,,,,,,,,,,0.013839467436421867,55580,0.19051413967810568,0.0069,index_dividend_yield,0.065,12.77,30,55710.6,55918.4,55341.2,56548.9,mid_price,no_nse_iv
2026-09-24T08:45:58.554925+00:00,2026-09-24T14:15:58.554925+05:30,BANKNIFTY,29-Sep-2026,54100.0,PE,55433.65,57.25,30,57.7,30,57.15,57.475,1399,-220,15173,704.9295774647887,17.79,-0.11264945603720931,0.00016486112580308473,-20.957735437516735,12.472701772474203,-1.2810542793908961,0.021109323509090724,101.29549442458163,-1.728636098255515e-07,0.0004122383120285807,-5.77031137429973e-06,-2.903165863720421,-97.57697947316615,0.11660936910420795,0.0001730894834527778,0.013839467436421867,55580,0.19051413967810568,0.0069,index_dividend_yield,0.065,12.77,30,55710.6,55918.4,55341.2,56548.9,mid_price,ok
2026-09-24T08:45:58.554925+00:00,2026-09-24T14:15:58.554925+05:30,BANKNIFTY,29-Sep-2026,54200.0,CE,55433.65,1411.2,150,1461.4,150,0.0,1436.3000000000002,1,0,0,0,0,,,,,,,,,,,,,,,0.013839467436421867,55580,0.19051413967810568,0.0069,index_dividend_yield,0.065,12.77,30,55710.6,55918.4,55341.2,56548.9,mid_price,no_nse_iv
2026-09-24T08:45:58.554925+00:00,2026-09-24T14:15:58.554925+05:30,BANKNIFTY,29-Sep-2026,54200.0,PE,55433.65,64.75,90,65,30,66.75,64.875,2573,1082,20609,772.5490196078431,17.52,-0.1268672227749462,0.00018204089208741271,-22.388868168176934,13.563425488752598,-1.3303673957207744,0.021473151889773497,99.01483215654494,-1.821776350517356e-07,0.0002899235403320562,-3.454550064083851e-06,-2.940169784518304,-96.53048943113966,0.13109904174059048,0.0001904220923567483,0.013839467436421867,55580,0.19051413967810568,0.0069,index_dividend_yield,0.065,12.77,30,55710.6,55918.4,55341.2,56548.9,mid_price,ok
2026-09-24T08:45:58.554925+00:00,2026-09-24T14:15:58.554925+05:30,BANKNIFTY,29-Sep-2026,54300.0,CE,55433.65,1326.4,150,1372.35,150,0.0,1349.375,7,0,0,0,24.09,0.7797629430601617,0.00018853917807482945,-52.692410108756874,19.31544590494217,-0.9139121813176998,0.02016528186633223,45.98971290683984,-9.48222462442413e-08,-0.0003337331186145469,8.769403081580998e-06,-2.9254788887356176,31.359101908094715,-0.770657734759549,0.00019649382243440365,0.013839467436421867,55580,0.19051413967810568,0.0069,index_dividend_yield,0.065,12.77,30,55710.6,55918.4,55341.2,56548.9,mid_price,ok
2026-09-24T08:45:58.554925+00:00,2026-09-24T14:15:58.554925+05:30,BANKNIFTY,29-Sep-2026,54300.0,PE,55433.65,74.35,150,74.6,30,75.05,74.475,2628,945,22595,832.2981366459627,17.2,-0.14206629553409889,0.0002004103538543098,-23.68929580925652,14.659357316819671,-1.3733039427863274,0.021623130543497553,95.91956327555096,-1.9143473669068077e-07,0.00014620128721535186,-8.3027130293281e-07,-2.960792985576838,-95.79590410825688,0.1465462609123097,0.00020886585422916958,0.013839467436421867,55580,0.19051413967810568,0.0069,index_dividend_yield,0.065,12.77,30,55710.6,55918.4,55341.2,56548.9,mid_price,ok
2026-09-24T08:45:58.554925+00:00,2026-09-24T14:15:58.554925+05:30,BANKNIFTY,29-Sep-2026,54400.0,CE,55433.65,1244.55,60,1272,30,1276.8,1258.275,19,1,18,-44.98685854625361,17.49,0.8324421660057709,0.00021972375702608525,-35.42831225519146,16.343051709814166,-1.3520739440135432,0.02150153059345211,85.01600082807137,-1.859455000456759e-07,-0.00011325131192018475,3.575864682545006e-06,-2.9680338249223515,39.109019705850585,-0.826569723617892,0.0002281529916476891,0.013839467436421867,55580,0.19051413967810568,0.0069,index_dividend_yield,0.065,12.77,30,55710.6,55918.4,55341.2,56548.9,mid_price,ok
2026-09-24T08:45:58.554925+00:00,2026-09-24T14:15:58.554925+05:30,BANKNIFTY,29-Sep-2026,54400.0,PE,55433.65,85,60,85.4,60,85.2,85.2,4775,2816,24840,862.7118644067797,17.02,-0.16101234137600656,0.00022011287093257395,-25.402706387929037,15.932037614451726,-1.3926741333051829,0.02153345784333377,89.93619788409113,-1.9626702405023639e-07,-5.0683095170314164e-05,2.5607392614170857e-06,-2.967126477860578,-93.89528344558542,0.16581911432548924,0.00022855703308161815,0.013839467436421867,55580,0.19051413967810568,0.0069,index_dividend_yield,0.065,12.77,30,55710.6,55918.4,55341.2,56548.9,mid_price,ok
2026-09-24T08:45:58.554925+00:00,2026-09-24T14:15:58.554925+05:30,BANKNIFTY,29-Sep-2026,54500.0,CE,55433.65,1172.85,30,1179.7,30,1176.4,1176.275,527,224,1000,-44.77643469076399,19.06,0.789405530377022,0.00023218171221283006,-42.2705319389522,18.81989668008994,-1.1843566456172239,0.020331784628616022,62.146491424098116,-1.5151981277348016e-07,-0.00045144618580160293,9.833702881859834e-06,-2.9284524819305346,38.822973721683915,-0.7822471883299115,0.0002402049516704502,0.013839467436421867,55580,0.19051413967810568,0.0069,index_dividend_yield,0.065,12.77,30,55710.6,55918.4,55341.2,56548.9,mid_price,ok
2026-09-24T08:45:58.554925+00:00,2026-09-24T14:15:58.554925+05:30,BANKNIFTY,29-Sep-2026,54500.0,PE,55433.65,96.65,60,97.1,90,98,96.875,17319,3239,102100,900,16.75,-0.18068758854538428,0.00024079051917110265,-26.823994617845415,17.15222730764747,-1.4022179796096268,0.021139044357557434,83.46021387487212,-2.008674670570737e-07,-0.00026586795147262804,6.162683664753188e-06,-2.9555833108244083,-92.60970210336242,0.1857674719470733,0.0002491112433832815,0.013839467436421867,55580,0.19051413967810568,0.0069,index_dividend_yield,0.065,12.77,30,55710.6,55918.4,55341.2,56548.9,mid_price,ok
2026-09-24T08:45:58.554925+00:00,2026-09-24T14:15:58.554925+05:30,BANKNIFTY,29-Sep-2026,54600.0,CE,55433.65,1073.6,30,1097.45,30,1090,1085.525,65,16,51,-46.783839863297935,19.62,0.7588628881234412,0.00024353216364309292,-45.96898352431845,20.3199043486545,-1.0796343856488422,0.018854963641529703,49.48819990921827,-1.3548298721720927e-07,-0.0006481303881242457,1.3768179970868004e-05,-2.8745852829262426,39.63087964531156,-0.7510088112636725,0.0002510255877958089,0.013839467436421867,55580,0.19051413967810568,0.0069,index_dividend_yield,0.065,12.77,30,55710.6,55918.4,55341.2,56548.9,mid_price,ok
2026-09-24T08:45:58.554925+00:00,2026-09-24T14:15:58.554925+05:30,BANKNIFTY,29-Sep-2026,54600.0,PE,55433.65,110.9,90,111.5,60,114.65,111.2,4760,2540,28842,1002.4038461538462,16.53,-0.20316551284936363,0.0002621573821958054,-28.338327039752095,18.428978962026164,-1.3862513195219832,0.020385428203455843,75.06228945318583,-2.0148621176574378e-07,-0.0005181404952522568,1.0246474829133076e-05,-2.9276717829627805,-90.86958275747286,0.20853743697503213,0.00027022389969465145,0.013839467436421867,55580,0.19051413967810568,0.0069,index_dividend_yield,0.065,12.77,30,55710.6,55918.4,55341.2,56548.9,mid_price,ok
2026-09-24T08:45:58.554925+00:00,2026-09-24T14:15:58.554925+05:30,BANKNIFTY,29-Sep-2026,54700.0,CE,55433.65,1003.05,30,1014.9,30,985.95,1008.9749999999999,102,32,339,-49.50320102432779,19.27,0.7370573122616758,0.0002595542496714195,-46.90010835974077,21.27042598300951,-1.0356431681360356,0.017500065612802828,42.85439981479833,-1.3287722467577943e-07,-0.000824003548538678,1.6881810015631623e-05,-2.828712647335653,41.68464184241107,-0.7290240086797949,0.00026656335273210724,0.013839467436421867,55580,0.19051413967810568,0.0069,index_dividend_yield,0.065,12.77,30,55710.6,55918.4,55341.2,56548.9,mid_price,ok
2026-09-24T08:45:58.554925+00:00,2026-09-24T14:15:58.554925+05:30,BANKNIFTY,29-Sep-2026,54700.0,PE,55433.65,126.95,30,127.4,60,127.75,127.17500000000001,2505,-112,30079,1020.6140350877193,16.25,-0.22704117151999675,0.0002844507515102845,-29.589838119942435,19.657431900440944,-1.3531174413618785,0.019272304019773055,66.0549636567076,-2.0040173544554602e-07,-0.0007946105910470764,1.4550187877312279e-05,-2.886354561687537,-89.48476284782133,0.2326575386022193,0.000292132169308489,0.013839467436421867,55580,0.19051413967810568,0.0069,index_dividend_yield,0.065,12.77,30,55710.6,55918.4,55341.2,56548.9,mid_price,ok
2026-09-24T08:45:58.554925+00:00,2026-09-24T14:15:58.554925+05:30,BANKNIFTY,29-Sep-2026,54800.0,CE,55433.65,919.5,30,926.45,30,920,922.975,155,78,499,-51.370351772074955,18.82,0.7144573232632068,0.00027681549549165354,-47.416048078856484,22.15523420468046,-0.9829721916040368,0.015904195208721973,36.324830541429876,-1.2975807224983725e-07,-0.0010170140172578073,2.0089821478312085e-05,-2.780042649279954,44.073649969707525,-0.7063205880992522,0.0002832541171670302,0.013839467436421867,55580,0.19051413967810568,0.0069,index_dividend_yield,0.065,12.77,30,55710.6,55918.4,55341.2,56548.9,mid_price,ok
2026-09-24T08:45:58.554925+00:00,2026-09-24T14:15:58.554925+05:30,BANKNIFTY,29-Sep-2026,54800.0,PE,55433.65,146.15,90,146.75,60,146.85,146.45,3744,472,34441,1033.976833976834,16.07,-0.25456662676503755,0.00030612448757307643,-31.002712790984287,20.920895824820967,-1.2800849867397601,0.017678109821407065,55.1066428877558,-1.9246104053982993e-07,-0.0010985996372237406,1.9183864065815255e-05,-2.831742881297176,-87.30734972875713,0.26045963678072054,0.0003132448251016921,0.013839467436421867,55580,0.19051413967810568,0.0069,index_dividend_yield,0.065,12.77,30,55710.6,55918.4,55341.2,56548.9,mid_price,ok
2026-09-24T08:45:58.554925+00:00,2026-09-24T14:15:58.554925+05:30,BANKNIFTY,29-Sep-2026,54900.0,CE,55433.65,840.7,30,847.75,30,829.75,844.225,150,59,651,-53.375663754108956,16.96,0.7036473328851852,0.0003125576210226781,-43.913495794353295,22.54354807143042,-1.0500691291092656,0.014904575750681092,36.6446816519872,-1.5238386655038535e-07,-0.0013348684230391524,2.376627384333385e-05,-2.7509602262943376,49.5685101218718,-0.6961536309428229,0.0003186635240557804,0.013839467436421867,55580,0.19051413967810568,0.0069,index_dividend_yield,0.065,12.77,30,55710.6,55918.4,55341.2,56548.9,mid_price,ok
2026-09-24T08:45:58.554925+00:00,2026-09-24T14:15:58.554925+05:30,BANKNIFTY,29-Sep-2026,54900.0,PE,55433.65,166.95,60,167.5,60,167.1,167.225,2966,1306,41856,1060.4166666666667,15.81,-0.28341866153159434,0.00032839646762419404,-32.019526415223815,22.079878331578858,-1.1865375599499906,0.015686952266696003,44.310669244298495,-1.8226569111508133e-07,-0.001418127887512665,2.3821618668650985e-05,-2.771366811897221,-85.60974020854731,0.2895163737155778,0.00033481178708166207,0.013839467436421867,55580,0.19051413967810568,0.0069,index_dividend_yield,0.065,12.77,30,55710.6,55918.4,55341.2,56548.9,mid_price,ok
2026-09-24T08:45:58.554925+00:00,2026-09-24T14:15:58.554925+05:30,BANKNIFTY,29-Sep-2026,55000.0,CE,55433.65,765.95,60,768.75,60,768.35,767.35,4474,1403,20986,-54.842785777255365,17.91,0.6632216526434929,0.00031251510132892103,-47.91757355203315,23.803067215193163,-0.8159866914152492,0.011738958253296143,22.42692978151517,-1.1520510029911548e-07,-0.00145050429329043,2.6744023186936478e-05,-2.6784071095499047,49.58746514134432,-0.6549706154667772,0.00031746260820385096,0.013839467436421867,55580,0.19051413967810568,0.0069,index_dividend_yield,0.065,12.77,30,55710.6,55918.4,55341.2,56548.9,mid_price,ok
2026-09-24T08:45:58.554925+00:00,2026-09-24T14:15:58.554925+05:30,BANKNIFTY,29-Sep-2026,55000.0,PE,55433.65,191.2,30,191.65,90,191.2,191.425,26949,-4205,214966,1044.9101796407185,15.63,-0.3155675794731473,0.0003487677794296018,-33.04371662921572,23.182574454155734,-1.0500335057160581,0.013181431645328739,32.87262625537579,-1.6469354640577545e-07,-0.0017368939659099093,2.8353495875815125e-05,-2.7074662148328583,-83.30273776778367,0.32187375642639615,0.00035428921176725345,0.013839467436421867,55580,0.19051413967810568,0.0069,index_dividend_yield,0.065,12.77,30,55710.6,55918.4,55341.2,56548.9,mid_price,ok
2026-09-24T08:45:58.554925+00:00,2026-09-24T14:15:58.554925+05:30,BANKNIFTY,29-Sep-2026,55100.0,CE,55433.65,694.7,30,698.75,30,693.45,696.725,494,367,2083,-57.866755779688305,17.75,0.6322813762414399,0.00032547692530711717,-48.62510540764328,24.56885352073027,-0.6732441053901028,0.008983619179753235,14.842769514219256,-9.805479227996881e-08,-0.0016370855234118097,2.964511582937783e-05,-2.6298044170145607,52.034360607185825,-0.6238852558187366,0.00032943061561005764,0.013839467436421867,55580,0.19051413967810568,0.0069,index_dividend_yield,0.065,12.77,30,55710.6,55918.4,55341.2,56548.9,mid_price,ok
2026-09-24T08:45:58.554925+00:00,2026-09-24T14:15:58.554925+05:30,BANKNIFTY,29-Sep-2026,55100.0,PE,55433.65,217.15,30,218,150,218.25,217.575,4255,780,53589,1045.6692913385828,15.37,-0.34919920105900687,0.00036921004504212815,-33.59155137782943,24.133132914143793,-0.8892331235118844,0.010280769735797526,22.465597283456873,-1.4385206673596462e-07,-0.002058515063745926,3.262175447508959e-05,-2.6487240638313767,-81.43782931248414,0.3556276144322488,0.0003736949779554333,0.013839467436421867,55580,0.19051413967810568,0.0069,index_dividend_yield,0.065,12.77,30,55710.6,55918.4,55341.2,56548.9,mid_price,ok
2026-09-24T08:45:58.554925+00:00,2026-09-24T14:15:58.554925+05:30,BANKNIFTY,29-Sep-2026,55200.0,CE,55433.65,623.1,120,625.6,60,621,624.35,1115,926,6590,-59.138016121072546,16.81,0.6041056119449911,0.0003514127929634547,-47.025671082881786,25.121849534112116,-0.560016144887765,0.00624019816110604,9.646715848946386,-8.804526868765392e-08,-0.0019556191822189695,3.333951036600221e-05,-2.594114996439394,56.8356488438229,-0.5959886825550025,0.0003543940020642558,0.013839467436421867,55580,0.19051413967810568,0.0069,index_dividend_yield,0.065,12.77,30,55710.6,55918.4,55341.2,56548.9,mid_price,ok
2026-09-24T08:45:58.554925+00:00,2026-09-24T14:15:58.554925+05:30,BANKNIFTY,29-Sep-2026,55200.0,PE,55433.65,248.2,30,249.15,120,247.6,248.675,3435,-844,65331,1028.0182232346242,15.13,-0.3853430045527829,0.000387489570792827,-33.890807648940715,24.93246827297209,-0.6913516714324719,0.006939836457742074,13.137477560032806,-1.1663205476498034e-07,-0.002356980846457456,3.636435770346646e-05,-2.6000621491727567,-79.36174385828065,0.3918501588564682,0.00039077683710197694,0.013839467436421867,55580,0.19051413967810568,0.0069,index_dividend_yield,0.065,12.77,30,55710.6,55918.4,55341.2,56548.9,mid_price,ok
2026-09-24T08:45:58.554925+00:00,2026-09-24T14:15:58.554925+05:30,BANKNIFTY,29-Sep-2026,55300.0,CE,55433.65,558.65,60,560.55,60,557.2,559.5999999999999,1678,1450,12364,-59.71805530453642,17.05,0.5676230556925485,0.00035359100536549304,-48.181600410078794,25.638459170243536,-0.3468283808393813,0.002750419533966077,3.855615019768166,-5.8571768001714536e-08,-0.0020207398732622226,3.463945923463669e-05,-2.568481758581055,58.53596238830763,-0.5592744640078532,0.0003553022004528423,0.013839467436421867,55580,0.19051413967810568,0.0069,index_dividend_yield,0.065,12.77,30,55710.6,55918.4,55341.2,56548.9,mid_price,ok
2026-09-24T08:45:58.554925+00:00,2026-09-24T14:15:58.554925+05:30,BANKNIFTY,29-Sep-2026,55300.0,PE,55433.65,281,30,282.1,120,282,281.55,6035,1532,86332,1001.5625,14.96,-0.423968468337063,0.00040144702284483256,-34.02396670352562,25.54030998515054,-0.45567196504980867,0.0032044577580329432,5.695189348095653,-8.24785535102725e-08,-0.002594061387303602,3.9173008620926116e-05,-2.5684487029089333,-76.81156529895797,0.4305260541065462,0.00040338981596710956,0.013839467436421867,55580,0.19051413967810568,0.0069,index_dividend_yield,0.065,12.77,30,55710.6,55918.4,55341.2,56548.9,mid_price,ok
2026-09-24T08:45:58.554925+00:00,2026-09-24T14:15:58.554925+05:30,BANKNIFTY,29-Sep-2026,55400.0,CE,55433.65,496,30,497.15,30,495.4,496.575,3880,3524,30977,-62.83849673692896,16.8,0.5323434618347426,0.00036290355976914817,-47.727919595451006,25.927869909112868,-0.14561363741888433,-0.0007695463739447584,0.7719431699975132,-3.222208609169555e-08,-0.0021494111784556595,3.6042018306734646e-05,-2.5625791608555835,61.876627149680544,-0.5240582775324376,0.0003633445494256602,0.013839467436421867,55580,0.19051413967810568,0.0069,index_dividend_yield,0.065,12.77,30,55710.6,55918.4,55341.2,56548.9,mid_price,ok
2026-09-24T08:45:58.554925+00:00,2026-09-24T14:15:58.554925+05:30,BANKNIFTY,29-Sep-2026,55400.0,PE,55433.65,319.3,30,320.15,60,318.15,319.725,5916,2513,93531,938.0097879282218,14.71,-0.4640173572288006,0.00041414821547486026,-33.56714493418272,25.908054149573935,-0.19690007594941328,-0.0007948807642064657,1.158333614585061,-4.4229697394274923e-08,-0.002797031190701247,4.113931966118369e-05,-2.5601250594624454,-74.64956405468931,0.4705189192305679,0.0004146514761191028,0.013839467436421867,55580,0.19051413967810568,0.0069,index_dividend_yield,0.065,12.77,30,55710.6,55918.4,55341.2,56548.9,mid_price,ok
2026-09-24T08:45:58.554925+00:00,2026-09-24T14:15:58.554925+05:30,BANKNIFTY,29-Sep-2026,55500.0,CE,55433.65,437.75,30,438.95,30,437.1,438.35,17362,14350,118718,-64.20000819034358,16.54,0.49579406068124326,0.0003698080222539096,-46.88653124905009,26.012264554508455,0.07206614733012984,-0.004437984444287675,0.04899359691812322,-2.7835552594405366e-09,-0.0022352256469005054,3.662527278836765e-05,-2.5781004972146104,65.50574152522726,-0.48764167795289465,0.00036892434313743553,0.013839467436421867,55580,0.19051413967810568,0.0069,index_dividend_yield,0.065,12.77,30,55710.6,55918.4,55341.2,56548.9,mid_price,ok
2026-09-24T08:45:58.554925+00:00,2026-09-24T14:15:58.554925+05:30,BANKNIFTY,29-Sep-2026,55500.0,PE,55433.65,359.9,30,361.05,90,360.9,360.475,19094,-2676,226878,902.5,14.54,-0.5056854077062757,0.00042065510676692286,-32.90370468222446,26.010991139717405,0.086353207934875,-0.004969096187767384,0.0809439108220289,-8.508147512998822e-10,-0.0028919164036385033,4.1634640055823075e-05,-2.579601047902673,-72.0102495777315,0.5120948765848166,0.00041964992540059515,0.013839467436421867,55580,0.19051413967810568,0.0069,index_dividend_yield,0.065,12.77,30,55710.6,55918.4,55341.2,56548.9,mid_price,ok
2026-09-24T08:45:58.554925+00:00,2026-09-24T14:15:58.554925+05:30,BANKNIFTY,29-Sep-2026,55600.0,CE,55433.65,382.45,60,383.7,60,384.35,383.075,13620,13019,123745,-65.94905869324474,16.26,0.45812591066216757,0.0003741267338714359,-45.61478155491684,25.870547083395746,0.30296962391787585,-0.00817864134794778,2.075532528307278,2.952003321506909e-08,-0.00227097130745896,3.6282762578685104e-05,-2.6171163283745584,69.502111835234,-0.45018342262281585,0.0003718913784735766,0.013839467436421867,55580,0.19051413967810568,0.0069,index_dividend_yield,0.065,12.77,30,55710.6,55918.4,55341.2,56548.9,mid_price,ok
2026-09-24T08:45:58.554925+00:00,2026-09-24T14:15:58.554925+05:30,BANKNIFTY,29-Sep-2026,55600.0,PE,55433.65,406.7,180,407.55,30,407.35,407.125,8771,4927,174607,841.849710982659,14.36,-0.5482319768455328,0.00042284819737510473,-31.788853735855763,25.822914209959553,0.3811637393069667,-0.009170385990231546,3.0159750806681984,4.545951962660101e-08,-0.002895375790902728,4.0736711941359427e-05,-2.62878601017291,-69.39557461384919,0.5544681816529115,0.00042032173798339957,0.013839467436421867,55580,0.19051413967810568,0.0069,index_dividend_yield,0.065,12.77,30,55710.6,55918.4,55341.2,56548.9,mid_price,ok
2026-09-24T08:45:58.554925+00:00,2026-09-24T14:15:58.554925+05:30,BANKNIFTY,29-Sep-2026,55700.0,CE,55433.65,333.6,60,334.4,30,333.95,334.0,16563,15813,120661,-67.70934055308452,16.17,0.42062168489243185,0.00037078494166405075,-44.46448184562541,25.497549122058857,0.5300987685071812,-0.01176315288930587,6.921057311712886,6.178333882331985e-08,-0.0021924745558051157,3.452307247388674e-05,-2.677739534148986,72.88042344227705,-0.41286653128361916,0.0003672473314653614,0.013839467436421867,55580,0.19051413967810568,0.0069,index_dividend_yield,0.065,12.77,30,55710.6,55918.4,55341.2,56548.9,mid_price,ok
2026-09-24T08:45:58.554925+00:00,2026-09-24T14:15:58.554925+05:30,BANKNIFTY,29-Sep-2026,55700.0,PE,55433.65,455.45,60,457.15,120,456.35,456.29999999999995,9848,3361,146380,782.6885880077369,14.1,-0.591754350935556,0.00042228713652261817,-30.03169903609226,25.321725355791905,0.6851710521564858,-0.0133165589851045,10.375933009001415,9.500934915908444e-08,-0.0028220352604690314,3.850078283741024e-05,-2.7081154549555757,-67.09858254155368,0.5977016662271026,0.0004182581506791444,0.013839467436421867,55580,0.19051413967810568,0.0069,index_dividend_yield,0.065,12.77,30,55710.6,55918.4,55341.2,56548.9,mid_price,ok
2026-09-24T08:45:58.554925+00:00,2026-09-24T14:15:58.554925+05:30,BANKNIFTY,29-Sep-2026,55800.0,CE,55433.65,287.35,90,287.9,30,287.4,287.625,15596,11891,99321,-69.79347311997478,15.9,0.38212222713063076,0.0003678061670013597,-42.464518976567234,24.870382238342458,0.7640207210119765,-0.015281731098150585,14.938616556010587,9.651931011507303e-08,-0.002092390342446442,3.2034837045110144e-05,-2.7608275108941265,77.38052765643681,-0.3747076366272194,0.000362992422970627,0.013839467436421867,55580,0.19051413967810568,0.0069,index_dividend_yield,0.065,12.77,30,55710.6,55918.4,55341.2,56548.9,mid_price,ok
2026-09-24T08:45:58.554925+00:00,2026-09-24T14:15:58.554925+05:30,BANKNIFTY,29-Sep-2026,55800.0,PE,55433.65,510.7,60,512.85,60,512.8,511.775,9880,-240,101775,728.43295638126,13.88,-0.6352674304133582,0.00041509756208220984,-27.96043100930935,24.50225062711016,0.9808510666851622,-0.01717130564684458,22.132608210545968,1.4480638868688997e-07,-0.002615771250175894,3.4578845643242625e-05,-2.8125909975271695,-64.57675430680108,0.6408694523381461,0.00040966488152675433,0.013839467436421867,55580,0.19051413967810568,0.0069,index_dividend_yield,0.065,12.77,30,55710.6,55918.4,55341.2,56548.9,mid_price,ok
2026-09-24T08:45:58.554925+00:00,2026-09-24T14:15:58.554925+05:30,BANKNIFTY,29-Sep-2026,55900.0,CE,55433.65,247,90,247.8,60,246.05,247.4,11092,9129,60394,-71.30277583391648,15.8,0.34522265211315606,0.00035764606640808415,-40.58723959192746,24.03127806873385,0.9720187064696795,-0.01837311484400873,25.23967189327614,1.2748670145748388e-07,-0.0018880069744940816,2.8337700839396943e-05,-2.8559708447520284,81.20482270181986,-0.3381268143346279,0.00035170357906389224,0.013839467436421867,55580,0.19051413967810568,0.0069,index_dividend_yield,0.065,12.77,30,55710.6,55918.4,55341.2,56548.9,mid_price,ok
2026-09-24T08:45:58.554925+00:00,2026-09-24T14:15:58.554925+05:30,BANKNIFTY,29-Sep-2026,55900.0,PE,55433.65,569.35,30,571.55,30,570.9,570.45,7702,1624,58156,655.6585043017869,13.65,-0.678469432548026,0.00040246825297664024,-25.47148747514336,23.36310758785612,1.258975205427726,-0.020597783364016013,38.06443241330015,1.936719652976885e-07,-0.002292836590540642,2.9152557072778448e-05,-2.934868003324575,-62.058177824633944,0.6836508385895127,0.000395781020194318,0.013839467436421867,55580,0.19051413967810568,0.0069,index_dividend_yield,0.065,12.77,30,55710.6,55918.4,55341.2,56548.9,mid_price,ok
2026-09-24T08:45:58.554925+00:00,2026-09-24T14:15:58.554925+05:30,BANKNIFTY,29-Sep-2026,56000.0,CE,55433.65,209.8,30,210.55,30,210.65,210.175,36839,25273,214424,-72.70135424091234,15.66,0.308894178475366,0.0003449011941350389,-38.29423400202216,22.96956574915032,1.163602376698436,-0.0210980300936032,37.859143915053295,1.5702140787108663e-07,-0.0016339922808912327,2.3857199107805454e-05,-2.9601374357892887,85.46031320048904,-0.30219228975315493,0.00033796022832943733,0.013839467436421867,55580,0.19051413967810568,0.0069,index_dividend_yield,0.065,12.77,30,55710.6,55918.4,55341.2,56548.9,mid_price,ok
2026-09-24T08:45:58.554925+00:00,2026-09-24T14:15:58.554925+05:30,BANKNIFTY,29-Sep-2026,56000.0,PE,55433.65,633.6,30,636,90,634.05,634.8,25333,-9167,139762,597.1412864211105,13.4,-0.7209698197480241,0.00038448640666917687,-22.580099047165575,21.910491381777792,1.508704443302089,-0.02344132745300752,57.65069508355758,2.4009341844467005e-07,-0.0018576730991724474,2.236793746306222e-05,-3.0637584106714675,-59.57465418025283,0.7256579324910019,0.0003767488080560376,0.013839467436421867,55580,0.19051413967810568,0.0069,index_dividend_yield,0.065,12.77,30,55710.6,55918.4,55341.2,56548.9,mid_price,ok
2026-09-24T08:45:58.554925+00:00,2026-09-24T14:15:58.554925+05:30,BANKNIFTY,29-Sep-2026,56100.0,CE,55433.65,177.65,60,178.45,30,178.15,178.05,7116,4791,46814,-74.31701866935775,15.63,0.27525197776964183,0.0003274932132522179,-36.07614504140323,21.768455250846074,1.314142393187584,-0.02323976334751996,51.157837419610885,1.800208406776186e-07,-0.0013256602008680871,1.8818803955963537e-05,-3.0593709124579314,89.15080141044197,-0.26893174867224096,0.0003197595563878053,0.013839467436421867,55580,0.19051413967810568,0.0069,index_dividend_yield,0.065,12.77,30,55710.6,55918.4,55341.2,56548.9,mid_price,ok
2026-09-24T08:45:58.554925+00:00,2026-09-24T14:15:58.554925+05:30,BANKNIFTY,29-Sep-2026,56100.0,PE,55433.65,700.2,30,703,120,701.95,701.6,4784,-2887,38186,549.0522422561257,13.08,-0.7631141603067662,0.00036176097209078296,-19.18806586200588,20.123141682793953,1.7268896063343808,-0.02558691649237038,80.70320323046332,2.8471895631640624e-07,-0.0013148979686303155,1.4324876974111533e-05,-3.186524909922541,-57.259530000658934,0.7672189555604312,0.00035321809208022293,0.013839467436421867,55580,0.19051413967810568,0.0069,index_dividend_yield,0.065,12.77,30,55710.6,55918.4,55341.2,56548.9,mid_price,ok
2026-09-24T08:45:58.554925+00:00,2026-09-24T14:15:58.554925+05:30,BANKNIFTY,29-Sep-2026,56200.0,CE,55433.65,149.6,30,150.35,30,150.05,149.975,11618,8180,58336,-75.3592248953116,15.48,0.24172717287668083,0.00030913943962019853,-33.29071528794678,20.351278649343058,1.4493083243856675,-0.024953220023356985,66.22639572766253,2.0255649610981311e-07,-0.0009910233532199023,1.3279479300610061e-05,-3.1545081417137215,93.86071936039114,-0.2358906884799193,0.000300765996574176,0.013839467436421867,55580,0.19051413967810568,0.0069,index_dividend_yield,0.065,12.77,30,55710.6,55918.4,55341.2,56548.9,mid_price,ok
2026-09-24T08:45:58.554925+00:00,2026-09-24T14:15:58.554925+05:30,BANKNIFTY,29-Sep-2026,56200.0,PE,55433.65,768.95,60,776.75,30,773.2,772.85,4905,-5279,31711,492.2635005744925,12.88,-0.8010057679373134,0.0003321925800067746,-15.984931235354246,18.195840432771845,1.8644619797851258,-0.026735197487636024,102.80560939436612,3.1500726697011096e-07,-0.0007021768625645186,5.967627141585845e-06,-3.273842685245037,-54.57844858123576,0.8045592577751219,0.0003231947127258627,0.013839467436421867,55580,0.19051413967810568,0.0069,index_dividend_yield,0.065,12.77,30,55710.6,55918.4,55341.2,56548.9,mid_price,ok
2026-09-24T08:45:58.554925+00:00,2026-09-24T14:15:58.554925+05:30,BANKNIFTY,29-Sep-2026,56300.0,CE,55433.65,125.6,90,126,30,125.25,125.8,9872,3820,54105,-76.61501120238984,15.42,0.21140603620483564,0.0002877142142338046,-30.64158529200594,18.867398443437466,1.5378497218316993,-0.026027663190048535,80.38137208672502,2.1753240170903756e-07,-0.0006400595154710501,7.722049357812935e-06,-3.227693759882883,98.06086917503401,-0.2060302083503589,0.0002789275932263835,0.013839467436421867,55580,0.19051413967810568,0.0069,index_dividend_yield,0.065,12.77,30,55710.6,55918.4,55341.2,56548.9,mid_price,ok
2026-09-24T08:45:58.554925+00:00,2026-09-24T14:15:58.554925+05:30,BANKNIFTY,29-Sep-2026,56300.0,PE,55433.65,843.9,30,850.75,30,864,847.325,5597,-5800,25324,454.3792107795958,12.86,,,,,,,,,,,,,,,0.013839467436421867,,,,,,12.77,30,55710.6,55918.4,55341.2,56548.9,mid_price,no_price_available
2026-09-24T08:45:58.554925+00:00,2026-09-24T14:15:58.554925+05:30,BANKNIFTY,29-Sep-2026,56400.0,CE,55433.65,103.95,60,104.4,90,103.4,104.17500000000001,13507,4826,57517,-77.83256511951977,15.33,0.18279576751288373,0.0002650108829827394,-27.811723215618787,17.277153546929785,1.59468262976592,-0.02654974705387536,94.08568025212105,2.2850876052858292e-07,-0.00028549143889011275,2.1829017667927675e-06,-3.276166336487165,102.66297156579078,-0.17791373469794927,0.0002560073605356309,0.013839467436421867,55580,0.19051413967810568,0.0069,index_dividend_yield,0.065,12.77,30,55710.6,55918.4,55341.2,56548.9,mid_price,ok
2026-09-24T08:45:58.554925+00:00,2026-09-24T14:15:58.554925+05:30,BANKNIFTY,29-Sep-2026,56400.0,PE,55433.65,924.15,30,933.05,150,935,928.5999999999999,8039,-4889,25856,400.2675227394329,12.24,,,,,,,,,,,,,,,0.013839467436421867,,,,,,12.77,30,55710.6,55918.4,55341.2,56548.9,mid_price,no_price_available
2026-09-24T08:45:58.554925+00:00,2026-09-24T14:15:58.554925+05:30,BANKNIFTY,29-Sep-2026,56500.0,CE,55433.65,86.95,120,87.3,30,87.35,87.125,40407,10946,163665,-78.24679367451127,15.38,0.15873578987806697,0.0002413256809122548,-25.41514117277984,15.784331913745227,1.6016043254581946,-0.026521644491811668,104.40681077777202,2.3012321823307213e-07,2.724972394264728e-05,-2.5753276193060534e-06,-3.2908095295957844,106.09367611797343,-0.1542719506352597,0.00023230234586338203,0.013839467436421867,55580,0.19051413967810568,0.0069,index_dividend_yield,0.065,12.77,30,55710.6,55918.4,55341.2,56548.9,mid_price,ok
2026-09-24T08:45:58.554925+00:00,2026-09-24T14:15:58.554925+05:30,BANKNIFTY,29-Sep-2026,56500.0,PE,55433.65,1003.55,60,1008.2,390,1008,1005.875,21800,-10509,58000,357.03922013148946,11.38,,,,,,,,,,,,,,,0.013839467436421867,,,,,,12.77,30,55710.6,55918.4,55341.2,56548.9,mid_price,no_price_available
2026-09-24T08:45:58.554925+00:00,2026-09-24T14:15:58.554925+05:30,BANKNIFTY,29-Sep-2026,56600.0,CE,55433.65,72.05,30,72.5,90,72.45,72.275,12043,171,64171,-78.84362680683311,15.41,0.13670838740324198,0.00021791531378613683,-22.976963045151038,14.280937505531378,1.582080879918818,-0.026061039078406928,112.99354076693646,2.281396074308278e-07,0.0003101495955589649,-6.866838499769382e-06,-3.27432178190467,109.73082386431768,-0.1326710735871361,0.00020902673620113224,0.013839467436421867,55580,0.19051413967810568,0.0069,index_dividend_yield,0.065,12.77,30,55710.6,55918.4,55341.2,56548.9,mid_price,ok
2026-09-24T08:45:58.554925+00:00,2026-09-24T14:15:58.554925+05:30,BANKNIFTY,29-Sep-2026,56600.0,PE,55433.65,1088.35,240,1099.85,270,1119.65,1094.1,5579,-8058,20829,328.8203753351206,12.73,,,,,,,,,,,,,,,0.013839467436421867,,,,,,12.77,30,55710.6,55918.4,55341.2,56548.9,mid_price,no_price_available
2026-09-24T08:45:58.554925+00:00,2026-09-24T14:15:58.554925+05:30,BANKNIFTY,29-Sep-2026,56700.0,CE,55433.65,60.25,90,60.55,30,60.45,60.4,16109,1065,56901,-79.04679376083189,15.49,0.11774298653540083,0.00019538762412797797,-20.76304738735874,12.871074341848509,1.5347408186535405,-0.025257991101098894,118.73204413817717,2.21289225806126e-07,0.0005410983877480292,-1.0361010414830512e-05,-3.22746508470416,112.86806844136918,-0.11409339690302597,0.00018675742835244107,0.013839467436421867,55580,0.19051413967810568,0.0069,index_dividend_yield,0.065,12.77,30,55710.6,55918.4,55341.2,56548.9,mid_price,ok
2026-09-24T08:45:58.554925+00:00,2026-09-24T14:15:58.554925+05:30,BANKNIFTY,29-Sep-2026,56700.0,PE,55433.65,1175.5,30,1186.15,90,1195,1180.825,7419,-2641,10202,290.71440248487824,11.92,,,,,,,,,,,,,,,0.013839467436421867,,,,,,12.77,30,55710.6,55918.4,55341.2,56548.9,mid_price,no_price_available
2026-09-24T08:45:58.554925+00:00,2026-09-24T14:15:58.554925+05:30,BANKNIFTY,29-Sep-2026,56800.0,CE,55433.65,50.05,30,50.25,30,50,50.15,17032,4650,54058,-79.06197654941373,15.54,0.10047400657982909,0.00017377075198972425,-18.54259567814584,11.484022216203998,1.4698357671802942,-0.024141218201160095,122.57810706400551,2.1229600231033018e-07,0.0007366596189904245,-1.330323978743998e-05,-3.1494020378200704,116.30415247810154,-0.09721394952614562,0.0001655110370860345,0.013839467436421867,55580,0.19051413967810568,0.0069,index_dividend_yield,0.065,12.77,30,55710.6,55918.4,55341.2,56548.9,mid_price,ok
2026-09-24T08:45:58.554925+00:00,2026-09-24T14:15:58.554925+05:30,BANKNIFTY,29-Sep-2026,56800.0,PE,55433.65,1265.4,30,1276.45,30,1273.15,1270.9250000000002,3725,-1128,5082,256.22551762730836,0,,,,,,,,,,,,,,,0.013839467436421867,,,,,,12.77,30,55710.6,55918.4,55341.2,56548.9,mid_price,no_price_available
2026-09-24T08:45:58.554925+00:00,2026-09-24T14:15:58.554925+05:30,BANKNIFTY,29-Sep-2026,56900.0,CE,55433.65,42.55,30,42.75,30,42.65,42.65,10273,3119,43977,-78.57322280833961,15.72,0.08705478319357583,0.00015452536718100845,-16.835075060330244,10.330436082214241,1.3881365509350596,-0.02295917069131983,123.03026418669027,1.990381968724705e-07,0.0008574097969630146,-1.5181860219018285e-05,-3.056815990098497,118.27922796045948,-0.08409428154846421,0.0001466635531701839,0.013839467436421867,55580,0.19051413967810568,0.0069,index_dividend_yield,0.065,12.77,30,55710.6,55918.4,55341.2,56548.9,mid_price,ok
2026-09-24T08:45:58.554925+00:00,2026-09-24T14:15:58.554925+05:30,BANKNIFTY,29-Sep-2026,56900.0,PE,55433.65,1357.8,60,1375.95,60,1384.5,1366.875,3245,-2065,4769,236.57469308374863,0,,,,,,,,,,,,,,,0.013839467436421867,,,,,,12.77,30,55710.6,55918.4,55341.2,56548.9,mid_price,no_price_available
2026-09-24T08:45:58.554925+00:00,2026-09-24T14:15:58.554925+05:30,BANKNIFTY,29-Sep-2026,57000.0,CE,55433.65,36.8,30,36.9,60,36.85,36.849999999999994,50009,8219,149485,-77.27412889300031,15.96,0.07608337829045286,0.00013749807097896116,-15.408081052291006,9.33245321262779,1.300705096656876,-0.021755194622514462,121.45643338360922,1.843796787930879e-07,0.0009280092847751669,-1.635748552869381e-05,-2.9546302449825217,119.49027922454677,-0.07337338492305888,0.00013004505564042702,0.013839467436421867,55580,0.19051413967810568,0.0069,index_dividend_yield,0.065,12.77,30,55710.6,55918.4,55341.2,56548.9,mid_price,ok
2026-09-24T08:45:58.554925+00:00,2026-09-24T14:15:58.554925+05:30,BANKNIFTY,29-Sep-2026,57000.0,PE,55433.65,1450.2,30,1460.75,30,1460,1455.475,19603,-4824,23861,205.21584613776523,0,,,,,,,,,,,,,,,0.013839467436421867,,,,,,12.77,30,55710.6,55918.4,55341.2,56548.9,mid_price,no_price_available
2026-09-24T08:45:58.554925+00:00,2026-09-24T14:15:58.554925+05:30,BANKNIFTY,29-Sep-2026,57100.0,CE,55433.65,31.15,90,31.3,60,31.4,31.225,7598,706,26562,-75.920245398773,16.09,0.06516514755693226,0.00012107536672890174,-13.764196730847507,8.284726317649117,1.2093264284447833,-0.020320206698081496,119.30210866656043,1.7072745737595034e-07,0.000991088222318351,-1.7346865110646914e-05,-2.824138812369704,121.84496297621119,-0.06274421972065002,0.00011411179252451608,0.013839467436421867,55580,0.19051413967810568,0.0069,index_dividend_yield,0.065,12.77,30,55710.6,55918.4,55341.2,56548.9,mid_price,ok
2026-09-24T08:45:58.554925+00:00,2026-09-24T14:15:58.554925+05:30,BANKNIFTY,29-Sep-2026,57100.0,PE,55433.65,1541.8,30,1560.05,60,1551.2,1550.925,1671,-466,1233,184.49335167354425,0,,,,,,,,,,,,,,,0.013839467436421867,,,,,,12.77,30,55710.6,55918.4,55341.2,56548.9,mid_price,no_price_available
2026-09-24T08:45:58.554925+00:00,2026-09-24T14:15:58.554925+05:30,BANKNIFTY,29-Sep-2026,57200.0,CE,55433.65,27.25,150,27.35,30,27.4,27.3,9081,1054,36677,-73.87988560533842,16.36,0.05723291553218242,0.00010759004921644107,-12.622081015613382,7.485515853891525,1.120903013045106,-0.0190911569592239,115.37645126189666,1.561172680739063e-07,0.001000728305114829,-1.7627033867768256e-05,-2.7055304551903414,122.5170863619534,-0.05501283224507543,0.00010104783185335022,0.013839467436421867,55580,0.19051413967810568,0.0069,index_dividend_yield,0.065,12.77,30,55710.6,55918.4,55341.2,56548.9,mid_price,ok
2026-09-24T08:45:58.554925+00:00,2026-09-24T14:15:58.554925+05:30,BANKNIFTY,29-Sep-2026,57200.0,PE,55433.65,1642.2,30,1653.3,90,1672,1647.75,2061,-345,957,168.87513065851894,0,,,,,,,,,,,,,,,0.013839467436421867,,,,,,12.77,30,55710.6,55918.4,55341.2,56548.9,mid_price,no_price_available
2026-09-24T08:45:58.554925+00:00,2026-09-24T14:15:58.554925+05:30,BANKNIFTY,29-Sep-2026,57300.0,CE,55433.65,23.8,60,23.9,30,23.9,23.85,9376,933,33960,-71.42857142857143,16.63,0.05031824639063974,9.558100305354485e-05,-11.567017354129163,6.75974264669642,1.0354670661753933,-0.01787740875774755,110.85936100371852,1.4228605197994926e-07,0.0009928156910001774,-1.7631642114743454e-05,-2.5826419771779863,123.09535258913753,-0.04828384282960183,8.945596206358346e-05,0.013839467436421867,55580,0.19051413967810568,0.0069,index_dividend_yield,0.065,12.77,30,55710.6,55918.4,55341.2,56548.9,mid_price,ok
2026-09-24T08:45:58.554925+00:00,2026-09-24T14:15:58.554925+05:30,BANKNIFTY,29-Sep-2026,57300.0,PE,55433.65,1737.25,30,1756.65,30,1774.9,1746.95,2883,-144,500,152.8527672911176,0,,,,,,,,,,,,,,,0.013839467436421867,,,,,,12.77,30,55710.6,55918.4,55341.2,56548.9,mid_price,no_price_available
2026-09-24T08:45:58.554925+00:00,2026-09-24T14:15:58.554925+05:30,BANKNIFTY,29-Sep-2026,57400.0,CE,55433.65,21.4,60,21.55,60,21.35,21.475,8374,-2670,25927,-68.13432835820896,16.98,0.04505497054463639,8.568318372799147e-05,-10.793015032421076,6.1872777206652,0.9581078329811594,-0.016848000972765786,105.89108667369462,1.2922564337288494e-07,0.0009618332806119917,-1.733135233263672e-05,-2.4740800423751885,122.68438473816768,-0.043156861549769804,7.991324408681487e-05,0.013839467436421867,55580,0.19051413967810568,0.0069,index_dividend_yield,0.065,12.77,30,55710.6,55918.4,55341.2,56548.9,mid_price,ok
2026-09-24T08:45:58.554925+00:00,2026-09-24T14:15:58.554925+05:30,BANKNIFTY,29-Sep-2026,57400.0,PE,55433.65,1835.3,90,1847.2,60,1860.25,1841.25,3357,-203,775,136.82367918523232,0,,,,,,,,,,,,,,,0.013839467436421867,,,,,,12.77,30,55710.6,55918.4,55341.2,56548.9,mid_price,no_price_available
2026-09-24T08:45:58.554925+00:00,2026-09-24T14:15:58.554925+05:30,BANKNIFTY,29-Sep-2026,57500.0,CE,55433.65,19.75,90,19.85,570,19.85,19.8,66540,856,116810,-62.96641791044776,17.38,0.040887343367201956,7.739647602044745e-05,-10.198591745196984,5.720543444008545,0.8887306783303649,-0.0159603678500185,100.86975953166055,1.1730578634016922e-07,0.0009194339570199521,-1.687113347517477e-05,-2.3773372591925117,121.66411801422345,-0.03909400416040019,7.193370814361045e-05,0.013839467436421867,55580,0.19051413967810568,0.0069,index_dividend_yield,0.065,12.77,30,55710.6,55918.4,55341.2,56548.9,mid_price,ok
2026-09-24T08:45:58.554925+00:00,2026-09-24T14:15:58.554925+05:30,BANKNIFTY,29-Sep-2026,57500.0,PE,55433.65,1942,150,1952.35,240,1956.15,1947.175,42463,-1362,7814,124.17487966995186,0,,,,,,,,,,,,,,,0.013839467436421867,,,,,,12.77,30,55710.6,55918.4,55341.2,56548.9,mid_price,no_price_available
2026-09-24T08:45:58.554925+00:00,2026-09-24T14:15:58.554925+05:30,BANKNIFTY,29-Sep-2026,57600.0,CE,55433.65,17.7,120,17.85,330,17.7,17.775,9465,-1554,25882,-57.857142857142854,17.73,0.0368055804868782,6.963998537278105e-05,-9.536870609592954,5.250899858701208,0.8218964762877236,-0.015026696382763858,95.88581136674357,1.0653104966188902e-07,0.000878926858274647,-1.6377770234810156e-05,-2.272482922425494,121.14733385150164,-0.03512893154428904,6.450013969543024e-05,0.013839467436421867,55580,0.19051413967810568,0.0069,index_dividend_yield,0.065,12.77,30,55710.6,55918.4,55341.2,56548.9,mid_price,ok
2026-09-24T08:45:58.554925+00:00,2026-09-24T14:15:58.554925+05:30,BANKNIFTY,29-Sep-2026,57600.0,PE,55433.65,2028.7,30,2052.25,60,2077.55,2040.475,2124,-62,211,113.83871133755339,0,,,,,,,,,,,,,,,0.013839467436421867,,,,,,12.77,30,55710.6,55918.4,55341.2,56548.9,mid_price,no_price_available
2026-09-24T08:45:58.554925+00:00,2026-09-24T14:15:58.554925+05:30,BANKNIFTY,29-Sep-2026,57700.0,CE,55433.65,16.15,30,16.25,30,16.05,16.2,10458,-2799,25464,-51.58371040723982,18.07,0.03313718832885587,6.268756258833066e-05,-8.906005390118711,4.817324097330381,0.759442153223426,-0.014124837930048314,90.95398496847106,9.674341399276246e-08,0.0008366820356628881,-1.5826537324900764e-05,-2.168177022445169,120.68817047327519,-0.031571836347090654,5.7859770743384964e-05,0.013839467436421867,55580,0.19051413967810568,0.0069,index_dividend_yield,0.065,12.77,30,55710.6,55918.4,55341.2,56548.9,mid_price,ok
2026-09-24T08:45:58.554925+00:00,2026-09-24T14:15:58.554925+05:30,BANKNIFTY,29-Sep-2026,57700.0,PE,55433.65,2124.2,30,2169.95,30,2200,2147.075,4097,-29,119,108.8574547871078,19.13,,,,,,,,,,,,,,,0.013839467436421867,,,,,,12.77,30,55710.6,55918.4,55341.2,56548.9,mid_price,no_price_available
2026-09-24T08:45:58.554925+00:00,2026-09-24T14:15:58.554925+05:30,BANKNIFTY,29-Sep-2026,57800.0,CE,55433.65,14.65,90,14.75,60,14.7,14.7,7889,-3294,22935,-45.75645756457565,18.47,0.030326441072298437,5.699882269333858e-05,-8.450187052571552,4.4771238655224135,0.7053656109161018,-0.01338676676912346,86.29230706354195,8.800697641822201e-08,0.0007900100915664451,-1.5223805475701872e-05,-2.0805801574721885,119.56477177393323,-0.02884161097160206,5.242725983556314e-05,0.013839467436421867,55580,0.19051413967810568,0.0069,index_dividend_yield,0.065,12.77,30,55710.6,55918.4,55341.2,56548.9,mid_price,ok
2026-09-24T08:45:58.554925+00:00,2026-09-24T14:15:58.554925+05:30,BANKNIFTY,29-Sep-2026,57800.0,PE,55433.65,2205.25,30,2278.85,30,2280.6,2242.05,3763,-60,151,100.60694022958174,14.43,,,,,,,,,,,,,,,0.013839467436421867,,,,,,12.77,30,55710.6,55918.4,55341.2,56548.9,mid_price,no_price_available
2026-09-24T08:45:58.554925+00:00,2026-09-24T14:15:58.554925+05:30,BANKNIFTY,29-Sep-2026,57900.0,CE,55433.65,13.5,90,13.6,60,13.6,13.55,5888,-699,15909,-39.42093541202673,18.79,0.02730944634223417,5.135351959392095e-05,-7.87087963560612,4.103583955413633,0.6509953376836013,-0.01254935002042402,81.58838787417322,7.995671656775509e-08,0.0007477304799475789,-1.4612971963859493e-05,-1.9787377907105055,119.23221745929845,-0.025926865888057347,4.707171671578013e-05,0.013839467436421867,55580,0.19051413967810568,0.0069,index_dividend_yield,0.065,12.77,30,55710.6,55918.4,55341.2,56548.9,mid_price,ok
2026-09-24T08:45:58.554925+00:00,2026-09-24T14:15:58.554925+05:30,BANKNIFTY,29-Sep-2026,57900.0,PE,55433.65,2317.8,30,2361.05,30,2350,2339.425,4585,-47,95,90.04488294043912,0,,,,,,,,,,,,,,,0.013839467436421867,,,,,,12.77,30,55710.6,55918.4,55341.2,56548.9,mid_price,no_price_available
2026-09-24T08:45:58.554925+00:00,2026-09-24T14:15:58.554925+05:30,BANKNIFTY,29-Sep-2026,58000.0,CE,55433.65,12.85,900,12.95,480,12.95,12.899999999999999,53530,599,128861,-31.842105263157894,19.26,0.02555167869391351,4.739080738717309e-05,-7.623298257375321,3.881653093444738,0.6098072582721887,-0.01203220731256385,77.56822246139939,7.309940838382691e-08,0.0007009743996312908,-1.4007117956217395e-05,-1.914509525095369,117.37942124336833,-0.02421303048549608,4.328974937460529e-05,0.013839467436421867,55580,0.19051413967810568,0.0069,index_dividend_yield,0.065,12.77,30,55710.6,55918.4,55341.2,56548.9,mid_price,ok
2026-09-24T08:45:58.554925+00:00,2026-09-24T14:15:58.554925+05:30,BANKNIFTY,29-Sep-2026,58000.0,PE,55433.65,2432.2,30,2445.05,30,2452.05,2438.625,22571,-666,4563,83.85319037264752,0,,,,,,,,,,,,,,,0.013839467436421867,,,,,,12.77,30,55710.6,55918.4,55341.2,56548.9,mid_price,no_price_available
2026-09-24T08:45:58.554925+00:00,2026-09-24T14:15:58.554925+05:30,BANKNIFTY,29-Sep-2026,58100.0,CE,55433.65,11.8,270,11.9,60,11.85,11.850000000000001,4238,-1591,15456,-26.625386996904023,19.66,0.023575515590010056,4.3393895085389355e-05,-7.266268419170338,3.628093553070004,0.568225333006123,-0.011429467724504717,73.55102240158007,6.677651853947417e-08,0.0006589927562486571,-1.3409922301148936e-05,-1.8383541381427562,116.22520086981848,-0.022300043535653628,3.9502385299981816e-05,0.013839467436421867,55580,0.19051413967810568,0.0069,index_dividend_yield,0.065,12.77,30,55710.6,55918.4,55341.2,56548.9,mid_price,ok
2026-09-24T08:45:58.554925+00:00,2026-09-24T14:15:58.554925+05:30,BANKNIFTY,29-Sep-2026,58100.0,PE,55433.65,2512.65,30,2573.7,30,2550,2543.175,1314,-5,40,79.74835230677053,0,,,,,,,,,,,,,,,0.013839467436421867,,,,,,12.77,30,55710.6,55918.4,55341.2,56548.9,mid_price,no_price_available
2026-09-24T08:45:58.554925+00:00,2026-09-24T14:15:58.554925+05:30,BANKNIFTY,29-Sep-2026,58200.0,CE,55433.65,11.05,420,11.15,60,11.1,11.100000000000001,4864,-1540,15612,-15.5893536121673,20.09,0.021967050270884934,4.0010109527165994e-05,-6.989514494783718,3.4183458955895465,0.5318184027492713,-0.010917764186577103,69.87121609745017,6.118638083200553e-08,0.0006186590490631765,-1.2837617123763349e-05,-1.7725793975626534,114.79188580242098,-0.020740648859152146,3.6296999195010477e-05,0.013839467436421867,55580,0.19051413967810568,0.0069,index_dividend_yield,0.065,12.77,30,55710.6,55918.4,55341.2,56548.9,mid_price,ok
2026-09-24T08:45:58.554925+00:00,2026-09-24T14:15:58.554925+05:30,BANKNIFTY,29-Sep-2026,58200.0,PE,55433.65,2605.4,30,2682.3,30,2643.25,2643.8500000000004,1541,-311,529,71.9131085167962,0,,,,,,,,,,,,,,,0.013839467436421867,,,,,,12.77,30,55710.6,55918.4,55341.2,56548.9,mid_price,no_price_available
2026-09-24T08:45:58.554925+00:00,2026-09-24T14:15:58.554925+05:30,BANKNIFTY,29-Sep-2026,58300.0,CE,55433.65,10.3,150,10.4,240,10.35,10.350000000000001,5362,638,13387,-10,20.49,0.020371168428473085,3.6804278964702794e-05,-6.682368215369903,3.2070564270122683,0.4968618892166807,-0.01039140018476397,66.29671237667733,5.607717580721099e-08,0.0005812050844703648,-1.2276568854875565e-05,-1.7038259063322077,113.642490462959,-0.019199165903400463,3.327424079961341e-05,0.013839467436421867,55580,0.19051413967810568,0.0069,index_dividend_yield,0.065,12.77,30,55710.6,55918.4,55341.2,56548.9,mid_price,ok
2026-09-24T08:45:58.554925+00:00,2026-09-24T14:15:58.554925+05:30,BANKNIFTY,29-Sep-2026,58300.0,PE,55433.65,2695.5,30,2764,30,2639,2729.75,1726,-15,36,58.4984984984985,0,,,,,,,,,,,,,,,0.013839467436421867,,,,,,12.77,30,55710.6,55918.4,55341.2,56548.9,mid_price,no_price_available
2026-09-24T08:45:58.554925+00:00,2026-09-24T14:15:58.554925+05:30,BANKNIFTY,29-Sep-2026,58400.0,CE,55433.65,9.85,150,9.95,270,9.85,9.899999999999999,2981,-999,8841,-1.5,20.91,0.019029215257399527,3.403771923213657e-05,-6.430827309409461,3.026779705704704,0.4658567974460681,-0.00993215403204615,63.01278149554123,5.153756024831376e-08,0.000545831154941251,-1.1745076467367333e-05,-1.6429110128845117,112.32102484136801,-0.01790183894484679,3.066773544911073e-05,0.013839467436421867,55580,0.19051413967810568,0.0069,index_dividend_yield,0.065,12.77,30,55710.6,55918.4,55341.2,56548.9,mid_price,ok
2026-09-24T08:45:58.554925+00:00,2026-09-24T14:15:58.554925+05:30,BANKNIFTY,29-Sep-2026,58400.0,PE,55433.65,2803.55,30,2878.05,30,2830.95,2840.8,963,-5,10,59.922607614958764,0,,,,,,,,,,,,,,,0.013839467436421867,,,,,,12.77,30,55710.6,55918.4,55341.2,56548.9,mid_price,no_price_available
2026-09-24T08:45:58.554925+00:00,2026-09-24T14:15:58.554925+05:30,BANKNIFTY,29-Sep-2026,58500.0,CE,55433.65,9.3,30,9.35,720,9.3,9.325,27011,-1490,61106,3.3333333333333335,21.27,0.017555670310304663,3.124088808872977e-05,-6.1028811453912875,2.8259026066438655,0.43435692279661203,-0.009410707859592799,59.682419568337195,4.726655706278788e-08,0.000512923192655634,-1.1208078187474085e-05,-1.5726743206417857,111.52251171043146,-0.016486301187310235,2.8051661513078872e-05,0.013839467436421867,55580,0.19051413967810568,0.0069,index_dividend_yield,0.065,12.77,30,55710.6,55918.4,55341.2,56548.9,mid_price,ok
2026-09-24T08:45:58.554925+00:00,2026-09-24T14:15:58.554925+05:30,BANKNIFTY,29-Sep-2026,58500.0,PE,55433.65,2925.35,30,2941.3,30,2953.65,2933.325,4977,-87,238,62.7131249139237,0,,,,,,,,,,,,,,,0.013839467436421867,,,,,,12.77,30,55710.6,55918.4,55341.2,56548.9,mid_price,no_price_available
2026-09-24T08:45:58.554925+00:00,2026-09-24T14:15:58.554925+05:30,BANKNIFTY,29-Sep-2026,58600.0,CE,55433.65,8.75,300,9,720,8.9,8.875,2029,-255,4233,14.102564102564102,21.7,0.016514821367027605,2.906307596469986e-05,-5.905074543224841,2.682054755214358,0.408846277806808,-0.00902874663133296,56.83437638760513,4.361336639550086e-08,0.00048193286525924004,-1.0728036828367399e-05,-1.520481710047772,110.132423991378,-0.015480619759568487,2.600718193871838e-05,0.013839467436421867,55580,0.19051413967810568,0.0069,index_dividend_yield,0.065,12.77,30,55710.6,55918.4,55341.2,56548.9,mid_price,ok
2026-09-24T08:45:58.554925+00:00,2026-09-24T14:15:58.554925+05:30,BANKNIFTY,29-Sep-2026,58600.0,PE,55433.65,3004.3,30,3081.7,30,2955.15,3043.0,517,0,2,48.020235918755795,0,,,,,,,,,,,,,,,0.013839467436421867,,,,,,12.77,30,55710.6,55918.4,55341.2,56548.9,mid_price,no_price_available
2026-09-24T08:45:58.554925+00:00,2026-09-24T14:15:58.554925+05:30,BANKNIFTY,29-Sep-2026,58700.0,CE,55433.65,8.3,30,8.45,480,8.4,8.375,1782,-300,5929,20,22.15,0.015646596319909563,2.7184895029847985e-05,-5.750987045227937,2.560753175456445,0.386348810893479,-0.008701335803698411,54.251209198979744,4.037355014177265e-08,0.0004531979506168142,-1.0283837978202783e-05,-1.4752311387471317,108.60319376765821,-0.01463989011308262,2.4243672506291555e-05,0.013839467436421867,55580,0.19051413967810568,0.0069,index_dividend_yield,0.065,12.77,30,55710.6,55918.4,55341.2,56548.9,mid_price,ok
2026-09-24T08:45:58.554925+00:00,2026-09-24T14:15:58.554925+05:30,BANKNIFTY,29-Sep-2026,58700.0,PE,55433.65,3087.45,30,3194.5,300,2973.4,3140.975,376,-2,4,43.310198573356466,0,,,,,,,,,,,,,,,0.013839467436421867,,,,,,12.77,30,55710.6,55918.4,55341.2,56548.9,mid_price,no_price_available
2026-09-24T08:45:58.554925+00:00,2026-09-24T14:15:58.554925+05:30,BANKNIFTY,29-Sep-2026,58800.0,CE,55433.65,7.95,60,8.1,90,8.05,8.025,3330,-501,7453,24.8062015503876,22.59,0.0148180498185025,2.5438301384676116e-05,-5.5938144741441524,2.4438281795709176,0.36519530981428056,-0.00838150431315446,51.79513262737445,3.741751639253058e-08,0.00042653623428388394,-9.858758054953266e-06,-1.4305627029472743,107.18296060690757,-0.013839368747565512,2.2608950713187277e-05,0.013839467436421867,55580,0.19051413967810568,0.0069,index_dividend_yield,0.065,12.77,30,55710.6,55918.4,55341.2,56548.9,mid_price,ok
2026-09-24T08:45:58.554925+00:00,2026-09-24T14:15:58.554925+05:30,BANKNIFTY,29-Sep-2026,58800.0,PE,55433.65,3204.55,30,3428.4,300,3070,3316.4750000000004,471,0,9,39.54545454545455,0,,,,,,,,,,,,,,,0.013839467436421867,,,,,,12.77,30,55710.6,55918.4,55341.2,56548.9,mid_price,no_price_available
2026-09-24T08:45:58.554925+00:00,2026-09-24T14:15:58.554925+05:30,BANKNIFTY,29-Sep-2026,58900.0,CE,55433.65,7.45,180,7.55,210,7.55,7.5,2291,-858,5162,27.966101694915253,22.94,0.013751845631592817,2.3489765082962775e-05,-5.323497296648976,2.2915979024357087,0.3417850405773998,-0.007959700709972596,49.12956648651034,3.449757750589766e-08,0.00040119897508484546,-9.405054073374847e-06,-1.3709335987530953,106.47068866407203,-0.012820970114278523,2.0806308557264114e-05,0.013839467436421867,55580,0.19051413967810568,0.0069,index_dividend_yield,0.065,12.77,30,55710.6,55918.4,55341.2,56548.9,mid_price,ok
2026-09-24T08:45:58.554925+00:00,2026-09-24T14:15:58.554925+05:30,BANKNIFTY,29-Sep-2026,58900.0,PE,55433.65,3293.65,30,3386,30,3132.1,3339.825,594,-6,6,39.88834301027244,0,,,,,,,,,,,,,,,0.013839467436421867,,,,,,12.77,30,55710.6,55918.4,55341.2,56548.9,mid_price,no_price_available
2026-09-24T08:45:58.554925+00:00,2026-09-24T14:15:58.554925+05:30,BANKNIFTY,29-Sep-2026,59000.0,CE,55433.65,7.15,450,7.2,60,7.2,7.175000000000001,28643,643,59696,23.076923076923077,23.35,0.012978123907372213,2.195160130064278e-05,-5.15136851584827,2.1798139122323756,0.32270490073692,-0.007644191721099444,46.86191702724951,3.200003682846389e-08,0.00037790536917585644,-9.007348993387888e-06,-1.3257800820718086,105.30506733142678,-0.012077846829835034,1.9378008127978796e-05,0.013839467436421867,55580,0.19051413967810568,0.0069,index_dividend_yield,0.065,12.77,30,55710.6,55918.4,55341.2,56548.9,mid_price,ok
2026-09-24T08:45:58.554925+00:00,2026-09-24T14:15:58.554925+05:30,BANKNIFTY,29-Sep-2026,59000.0,PE,55433.65,3425.25,30,3442.6,30,3428.9,3433.925,5860,-387,711,47.9887785930082,0,,,,,,,,,,,,,,,0.013839467436421867,,,,,,12.77,30,55710.6,55918.4,55341.2,56548.9,mid_price,no_price_available
2026-09-24T08:45:58.554925+00:00,2026-09-24T14:15:58.554925+05:30,BANKNIFTY,29-Sep-2026,59100.0,CE,55433.65,6.8,30,6.9,240,6.8,6.85,852,-262,2449,30.76923076923077,23.75,0.012240156637938218,2.0515513125412307e-05,-4.978020312954194,2.072107710536983,0.30468570707486203,-0.007336039851705153,44.695084353840286,2.9704890455617502e-08,0.00035613373497734267,-8.624838955981935e-06,-1.2812128370765232,104.22646511570703,-0.011370668988536425,1.8049051034443506e-05,0.013839467436421867,55580,0.19051413967810568,0.0069,index_dividend_yield,0.065,12.77,30,55710.6,55918.4,55341.2,56548.9,mid_price,ok
2026-09-24T08:45:58.554925+00:00,2026-09-24T14:15:58.554925+05:30,BANKNIFTY,29-Sep-2026,59100.0,PE,55433.65,3436.9,300,3630.9,300,3350,3533.9,212,0,9,35.35353535353536,0,,,,,,,,,,,,,,,0.013839467436421867,,,,,,12.77,30,55710.6,55918.4,55341.2,56548.9,mid_price,no_price_available
2026-09-24T08:45:58.554925+00:00,2026-09-24T14:15:58.554925+05:30,BANKNIFTY,29-Sep-2026,59200.0,CE,55433.65,6.65,60,6.7,150,6.6,6.675000000000001,3556,1262,10791,30.693069306930692,24.27,0.011913190081057557,1.961017580753093e-05,-4.966308324993037,2.024033016378614,0.2926500315432691,-0.007195904285908606,43.12824675052562,2.790281205550161e-08,0.0003370530463543561,-8.334082413651646e-06,-1.2607880523449093,102.31923738061178,-0.011046239562403488,1.719432077422196e-05,0.013839467436421867,55580,0.19051413967810568,0.0069,index_dividend_yield,0.065,12.77,30,55710.6,55918.4,55341.2,56548.9,mid_price,ok
2026-09-24T08:45:58.554925+00:00,2026-09-24T14:15:58.554925+05:30,BANKNIFTY,29-Sep-2026,59200.0,PE,55433.65,3498.6,300,3747.7,330,3472.2,3623.1499999999996,52,0,1,65.34285714285714,0,,,,,,,,,,,,,,,0.013839467436421867,,,,,,12.77,30,55710.6,55918.4,55341.2,56548.9,mid_price,no_price_available
2026-09-24T08:45:58.554925+00:00,2026-09-24T14:15:58.554925+05:30,BANKNIFTY,29-Sep-2026,59300.0,CE,55433.65,6.05,300,6.3,180,5.9,6.175,1018,-260,1545,35.632183908045974,25.31,0.013123286887453593,2.0447331688091722e-05,-5.628187360444771,2.200873676825418,0.30032267490269404,-0.00769617664619893,43.527099923618806,2.7373735854490363e-08,0.0003236019524295321,-8.340567775511978e-06,-1.3332424824473477,97.09988957084633,-0.012141310272797612,1.7867928507463367e-05,0.013839467436421867,55580,0.19051413967810568,0.0069,index_dividend_yield,0.065,12.77,30,55710.6,55918.4,55341.2,56548.9,mid_price,ok
2026-09-24T08:45:58.554925+00:00,2026-09-24T14:15:58.554925+05:30,BANKNIFTY,29-Sep-2026,59300.0,PE,55433.65,3455.85,300,3940.85,600,0.0,3698.35,52,0,0,0,0,,,,,,,,,,,,,,,0.013839467436421867,,,,,,12.77,30,55710.6,55918.4,55341.2,56548.9,mid_price,no_price_available
2026-09-24T08:45:58.554925+00:00,2026-09-24T14:15:58.554925+05:30,BANKNIFTY,29-Sep-2026,59400.0,CE,55433.65,5.7,480,5.95,120,5.8,5.825,1427,-717,2272,34.883720930232556,24.9,0.010247926719762017,1.6767723970136045e-05,-4.465625557136229,1.7755781503449868,0.2565705373500718,-0.0064649922503060425,38.76863870764513,2.386070956094365e-08,0.0002987701361492257,-7.564890184479345e-06,-1.152632255293171,101.39848786499145,-0.0094693187334283,1.460320483285679e-05,0.013839467436421867,55580,0.19051413967810568,0.0069,index_dividend_yield,0.065,12.77,30,55710.6,55918.4,55341.2,56548.9,mid_price,ok
2026-09-24T08:45:58.554925+00:00,2026-09-24T14:15:58.554925+05:30,BANKNIFTY,29-Sep-2026,59400.0,PE,55433.65,3762.1,300,3925.55,300,3671.85,3843.825,119,0,1,111.57303370786516,0,,,,,,,,,,,,,,,0.013839467436421867,,,,,,12.77,30,55710.6,55918.4,55341.2,56548.9,mid_price,no_price_available
2026-09-24T08:45:58.554925+00:00,2026-09-24T14:15:58.554925+05:30,BANKNIFTY,29-Sep-2026,59500.0,CE,55433.65,5.55,570,5.65,480,5.6,5.6,12504,-1837,17676,40,25.24,0.009585632098832663,1.5604520920402498e-05,-4.268235826295427,1.674966476691898,0.24136093527927452,-0.006161492390854519,36.864522331085055,2.2147684339960607e-08,0.00028161459130109063,-7.221782216260129e-06,-1.1068847186904263,100.75722481170708,-0.008841896521895112,1.3544515021623533e-05,0.013839467436421867,55580,0.19051413967810568,0.0069,index_dividend_yield,0.065,12.77,30,55710.6,55918.4,55341.2,56548.9,mid_price,ok
2026-09-24T08:45:58.554925+00:00,2026-09-24T14:15:58.554925+05:30,BANKNIFTY,29-Sep-2026,59500.0,PE,55433.65,3857.65,330,3980.3,30,3939.1,3918.9750000000004,1079,-10,60,38.40829234012649,0,,,,,,,,,,,,,,,0.013839467436421867,,,,,,12.77,30,55710.6,55918.4,55341.2,56548.9,mid_price,no_price_available
2026-09-24T08:45:58.554925+00:00,2026-09-24T14:15:58.554925+05:30,BANKNIFTY,29-Sep-2026,59600.0,CE,55433.65,4.9,240,5.65,390,5.1,5.275,558,-329,1026,34.21052631578947,25.8,0.009487489857373552,1.5129085352768375e-05,-4.321891518188646,1.6599641470429327,0.23445097810861035,-0.006114681000215457,35.867823053855716,2.1027604396002843e-08,0.00026826090042742943,-7.027287500539192e-06,-1.0997819784735885,98.6972114193715,-0.008734857529061045,1.3087813701161352e-05,0.013839467436421867,55580,0.19051413967810568,0.0069,index_dividend_yield,0.065,12.77,30,55710.6,55918.4,55341.2,56548.9,mid_price,ok
2026-09-24T08:45:58.554925+00:00,2026-09-24T14:15:58.554925+05:30,BANKNIFTY,29-Sep-2026,59600.0,PE,55433.65,3877.1,300,4219.5,840,3871.1,4048.3,13,0,1,27.129720853858785,0,,,,,,,,,,,,,,,0.013839467436421867,,,,,,12.77,30,55710.6,55918.4,55341.2,56548.9,mid_price,no_price_available
2026-09-24T08:45:58.554925+00:00,2026-09-24T14:15:58.554925+05:30,BANKNIFTY,29-Sep-2026,59700.0,CE,55433.65,4.8,360,5.75,360,4.25,5.275,365,-215,519,14.864864864864865,25.52,0.007592583329317308,1.2578806901887625e-05,-3.5147189113827357,1.3651690989945724,0.20162310363969466,-0.005199257850573585,31.9225198172971,1.8338411578677108e-08,0.0002448444066063656,-6.33742265067871e-06,-0.9583559170331989,102.08415187142168,-0.006980932808729239,1.0845204332520409e-05,0.013839467436421867,55580,0.19051413967810568,0.0069,index_dividend_yield,0.065,12.77,30,55710.6,55918.4,55341.2,56548.9,mid_price,wide_quote_low_liquidity
2026-09-24T08:45:58.554925+00:00,2026-09-24T14:15:58.554925+05:30,BANKNIFTY,29-Sep-2026,59700.0,PE,55433.65,3969.25,300,4243.5,480,3970.65,4106.375,22,1,1,105.22806564155576,0,,,,,,,,,,,,,,,0.013839467436421867,,,,,,12.77,30,55710.6,55918.4,55341.2,56548.9,mid_price,no_price_available
2026-09-24T08:45:58.554925+00:00,2026-09-24T14:15:58.554925+05:30,BANKNIFTY,29-Sep-2026,59800.0,CE,55433.65,5.15,150,5.55,240,5.25,5.35,1114,-280,971,54.411764705882355,27.95,0.011755828899391977,1.6832903207005343e-05,-5.637799945204229,2.0008160722412693,0.2522393884865663,-0.007119473494622206,37.256861522457775,2.075656501552962e-08,0.0002532164387303119,-7.1812087345851436e-06,-1.2495962753314613,89.09905091525164,-0.010775159307631215,1.4464506101738974e-05,0.013839467436421867,55580,0.19051413967810568,0.0069,index_dividend_yield,0.065,12.77,30,55710.6,55918.4,55341.2,56548.9,mid_price,ok
2026-09-24T08:45:58.554925+00:00,2026-09-24T14:15:58.554925+05:30,BANKNIFTY,29-Sep-2026,59800.0,PE,55433.65,4021.65,300,4461.35,300,4070.05,4241.5,8,1,1,102.88370470066297,0,,,,,,,,,,,,,,,0.013839467436421867,,,,,,12.77,30,55710.6,55918.4,55341.2,56548.9,mid_price,no_price_available
2026-09-24T08:45:58.554925+00:00,2026-09-24T14:15:58.554925+05:30,BANKNIFTY,29-Sep-2026,59900.0,CE,55433.65,4.6,90,4.85,120,4.7,4.725,757,-468,2774,36.231884057971016,27.26,0.008768068837746197,1.3363545907887443e-05,-4.25665360534706,1.5492228375414299,0.20978986575359657,-0.005772961332894824,32.495163437151305,1.7778186584132408e-08,0.00023127766609847255,-6.389037037137392e-06,-1.0475637872960437,94.23274744086797,-0.008028182430686584,1.144497941820937e-05,0.013839467436421867,55580,0.19051413967810568,0.0069,index_dividend_yield,0.065,12.77,30,55710.6,55918.4,55341.2,56548.9,mid_price,ok
2026-09-24T08:45:58.554925+00:00,2026-09-24T14:15:58.554925+05:30,BANKNIFTY,29-Sep-2026,59900.0,PE,55433.65,4063.7,300,4439.05,330,0.0,4251.375,17,0,0,0,19.79,,,,,,,,,,,,,,,0.013839467436421867,,,,,,12.77,30,55710.6,55918.4,55341.2,56548.9,mid_price,no_price_available
2026-09-24T08:45:58.554925+00:00,2026-09-24T14:15:58.554925+05:30,BANKNIFTY,29-Sep-2026,60000.0,CE,55433.65,4.85,810,4.95,210,4.9,4.9,26537,-3804,48368,38.028169014084504,27.42,0.00791237075481036,1.2140042050378498e-05,-3.911185422553257,1.4156437323609847,0.19357952097432762,-0.005356022580224188,30.459714051220832,1.6322431253217876e-08,0.00021693479172177295,-6.02358105610142e-06,-0.9829284248570331,94.67923488959143,-0.007232983084966967,1.0362502328156642e-05,0.013839467436421867,55580,0.19051413967810568,0.0069,index_dividend_yield,0.065,12.77,30,55710.6,55918.4,55341.2,56548.9,mid_price,ok
2026-09-24T08:45:58.554925+00:00,2026-09-24T14:15:58.554925+05:30,BANKNIFTY,29-Sep-2026,60000.0,PE,55433.65,4424,30,4447.15,30,4448.05,4435.575,8777,-170,1787,34.0985830569792,0,,,,,,,,,,,,,,,0.013839467436421867,,,,,,12.77,30,55710.6,55918.4,55341.2,56548.9,mid_price,no_price_available
2026-09-24T08:45:58.554925+00:00,2026-09-24T14:15:58.554925+05:30,BANKNIFTY,29-Sep-2026,60100.0,CE,55433.65,4.15,90,5.2,180,4.9,4.675000000000001,1449,-193,425,20.987654320987655,27.41,0.006841720142893442,1.068381817771956e-05,-3.438515281318909,1.245379902401173,0.17401921984320579,-0.00481137675543026,27.978055085479568,1.4701462353499048e-08,0.00020103690499304904,-5.575899730644165e-06,-0.8968746104601678,96.10070658911273,-0.006244842245485657,9.089175627206912e-06,0.013839467436421867,55580,0.19051413967810568,0.0069,index_dividend_yield,0.065,12.77,30,55710.6,55918.4,55341.2,56548.9,mid_price,wide_quote_low_liquidity
2026-09-24T08:45:58.554925+00:00,2026-09-24T14:15:58.554925+05:30,BANKNIFTY,29-Sep-2026,60100.0,PE,55433.65,4340.2,300,4860.15,300,0.0,4600.174999999999,8,0,0,0,0,,,,,,,,,,,,,,,0.013839467436421867,,,,,,12.77,30,55710.6,55918.4,55341.2,56548.9,mid_price,no_price_available
2026-09-24T08:45:58.554925+00:00,2026-09-24T14:15:58.554925+05:30,BANKNIFTY,29-Sep-2026,60200.0,CE,55433.65,4.15,30,4.3,30,4.1,4.225,514,9,291,46.42857142857143,27.58,0.006186710671775651,9.713664156054224e-06,-3.1642101309477924,1.139314631450614,0.16050082801739385,-0.004463589358562168,26.179775513144765,1.3485876633787049e-08,0.00018798334159023813,-5.242877373324951e-06,-0.8409028983293331,96.45767454050795,-0.005637815420651493,8.236392837802168e-06,0.013839467436421867,55580,0.19051413967810568,0.0069,index_dividend_yield,0.065,12.77,30,55710.6,55918.4,55341.2,56548.9,mid_price,ok
2026-09-24T08:45:58.554925+00:00,2026-09-24T14:15:58.554925+05:30,BANKNIFTY,29-Sep-2026,60200.0,PE,55433.65,4222.45,300,5024.95,300,0.0,4623.7,6,0,0,0,17.67,,,,,,,,,,,,,,,0.013839467436421867,,,,,,12.77,30,55710.6,55918.4,55341.2,56548.9,mid_price,no_price_available
2026-09-24T08:45:58.554925+00:00,2026-09-24T14:15:58.554925+05:30,BANKNIFTY,29-Sep-2026,60300.0,CE,55433.65,3.6,180,4.35,30,3.7,3.9749999999999996,407,7,583,23.333333333333332,28.12,0.00616037048679872,9.491189863175213e-06,-3.212902956767615,1.1350168436772408,0.15695764717067912,-0.00444881609180088,25.617310961625783,1.2923030061578907e-08,0.0001804612905434184,-5.129256022355029e-06,-0.8385063757579022,94.66223585725528,-0.005603388799620278,8.021082583120965e-06,0.013839467436421867,55580,0.19051413967810568,0.0069,index_dividend_yield,0.065,12.77,30,55710.6,55918.4,55341.2,56548.9,mid_price,wide_quote_low_liquidity
2026-09-24T08:45:58.554925+00:00,2026-09-24T14:15:58.554925+05:30,BANKNIFTY,29-Sep-2026,60300.0,PE,55433.65,4463.05,300,4937.55,300,0.0,4700.3,0,0,0,0,0,,,,,,,,,,,,,,,0.013839467436421867,,,,,,12.77,30,55710.6,55918.4,55341.2,56548.9,mid_price,no_price_available
2026-09-24T08:45:58.554925+00:00,2026-09-24T14:15:58.554925+05:30,BANKNIFTY,29-Sep-2026,60400.0,CE,55433.65,3.6,300,4.55,30,3.9,4.075,252,39,324,39.285714285714285,28.79,0.006338394750046428,9.507147141751937e-06,-3.372343323419202,1.1640140151110103,0.1566441028578447,-0.004543964299723766,25.462987559605963,1.2578905066353202e-08,0.00017494590171295628,-5.088940466347068e-06,-0.8539106364467958,92.22588838676884,-0.00575414860953304,8.007985703555282e-06,0.013839467436421867,55580,0.19051413967810568,0.0069,index_dividend_yield,0.065,12.77,30,55710.6,55918.4,55341.2,56548.9,mid_price,wide_quote_low_liquidity
2026-09-24T08:45:58.554925+00:00,2026-09-24T14:15:58.554925+05:30,BANKNIFTY,29-Sep-2026,60400.0,PE,55433.65,4642.25,300,4964.95,450,3639.15,4803.6,6,5,5,2.4333605426858447,0,,,,,,,,,,,,,,,0.013839467436421867,,,,,,12.77,30,55710.6,55918.4,55341.2,56548.9,mid_price,no_price_available
2026-09-24T08:45:58.554925+00:00,2026-09-24T14:15:58.554925+05:30,BANKNIFTY,29-Sep-2026,60500.0,CE,55433.65,3.8,180,3.85,120,3.85,3.825,9882,184,11020,28.333333333333332,29.12,0.0059960359582889354,8.948259319962e-06,-3.246339426666836,1.1081441575318753,0.1486053936387414,-0.004358781802895165,24.34674454637742,1.1798054186043508e-08,0.0001658689626066139,-4.877781742281172e-06,-0.8238701231805557,91.68200978191965,-0.0054339963359921846,7.51233182864112e-06,0.013839467436421867,55580,0.19051413967810568,0.0069,index_dividend_yield,0.065,12.77,30,55710.6,55918.4,55341.2,56548.9,mid_price,ok
2026-09-24T08:45:58.554925+00:00,2026-09-24T14:15:58.554925+05:30,BANKNIFTY,29-Sep-2026,60500.0,PE,55433.65,4878.15,30,4948.2,60,4902.8,4913.174999999999,290,-17,96,18.510998307952622,0,,,,,,,,,,,,,,,0.013839467436421867,,,,,,12.77,30,55710.6,55918.4,55341.2,56548.9,mid_price,no_price_available
2026-09-24T08:45:58.554925+00:00,2026-09-24T14:15:58.554925+05:30,BANKNIFTY,29-Sep-2026,60600.0,CE,55433.65,2.4,30,4.25,120,3.8,3.325,116,0,44,38.18181818181818,29.7,0.0060381381517204845,8.828098062087507e-06,-3.3305797314768975,1.1150386643348078,0.14650689428149588,-0.0043813083554630995,23.979352465649196,1.1392544814373448e-08,0.0001601257144006689,-4.800779446512317e-06,-0.8275369207267886,89.84921888665947,-0.00546189321283283,7.3870127933718965e-06,0.013839467436421867,55580,0.19051413967810568,0.0069,index_dividend_yield,0.065,12.77,30,55710.6,55918.4,55341.2,56548.9,mid_price,wide_quote_low_liquidity
2026-09-24T08:45:58.554925+00:00,2026-09-24T14:15:58.554925+05:30,BANKNIFTY,29-Sep-2026,60600.0,PE,55433.65,4548.15,300,5488.7,300,0.0,5018.424999999999,0,0,0,0,0,,,,,,,,,,,,,,,0.013839467436421867,,,,,,12.77,30,55710.6,55918.4,55341.2,56548.9,mid_price,no_price_available
2026-09-24T08:45:58.554925+00:00,2026-09-24T14:15:58.554925+05:30,BANKNIFTY,29-Sep-2026,60700.0,CE,55433.65,2.25,120,4.2,600,4.25,3.225,572,-3,263,84.78260869565217,30.58,0.0065233261324568765,9.181327563582059e-06,-3.6709537577548357,1.194013651204453,0.15078923714775122,-0.004641256235947944,24.410715006526473,1.1363652153745627e-08,0.00015767982768893253,-4.866133403321681e-06,-0.8695965734797669,86.63879973181156,-0.005888599539184973,7.657289216847358e-06,0.013839467436421867,55580,0.19051413967810568,0.0069,index_dividend_yield,0.065,12.77,30,55710.6,55918.4,55341.2,56548.9,mid_price,wide_quote_low_liquidity
2026-09-24T08:45:58.554925+00:00,2026-09-24T14:15:58.554925+05:30,BANKNIFTY,29-Sep-2026,60700.0,PE,55433.65,4648,300,5440.95,300,0.0,5044.475,0,0,0,0,0,,,,,,,,,,,,,,,0.013839467436421867,,,,,,12.77,30,55710.6,55918.4,55341.2,56548.9,mid_price,no_price_available
2026-09-24T08:45:58.554925+00:00,2026-09-24T14:15:58.554925+05:30,BANKNIFTY,29-Sep-2026,60800.0,CE,55433.65,1.1,600,8.7,600,0.0,4.8999999999999995,3,0,0,0,27.35,0.0023212242973574323,4.068742908434083e-06,-1.3014132370083416,0.47324268381355794,0.07596761913422471,-0.0020925434388835073,14.023739294590664,6.5024162868751695e-09,0.00010569097785997295,-2.9138513432790617e-06,-0.4332301142983252,106.11399868071132,-0.002096403525072149,3.382205888161507e-06,0.013839467436421867,55580,0.19051413967810568,0.0069,index_dividend_yield,0.065,12.77,30,55710.6,55918.4,55341.2,56548.9,mid_price,wide_quote_low_liquidity
2026-09-24T08:45:58.554925+00:00,2026-09-24T14:15:58.554925+05:30,BANKNIFTY,29-Sep-2026,60800.0,PE,55433.65,4734.9,300,5677.45,300,0.0,5206.174999999999,0,0,0,0,0,,,,,,,,,,,,,,,0.013839467436421867,,,,,,12.77,30,55710.6,55918.4,55341.2,56548.9,mid_price,no_price_available
2026-09-24T08:45:58.554925+00:00,2026-09-24T14:15:58.554925+05:30,BANKNIFTY,29-Sep-2026,60900.0,CE,55433.65,1.15,600,8.7,600,0.0,4.925,12,0,0,0,28.39,0.0027587725764646933,4.581962392063913e-06,-1.57862884936212,0.5532013633886187,0.0839215695392604,-0.002398322068514195,15.18729250028894,6.893783756481561e-09,0.0001096489959075951,-3.13697038933591e-06,-0.48888046497312987,100.80746930559566,-0.00248623636651831,3.7963293788864403e-06,0.013839467436421867,55580,0.19051413967810568,0.0069,index_dividend_yield,0.065,12.77,30,55710.6,55918.4,55341.2,56548.9,mid_price,wide_quote_low_liquidity
2026-09-24T08:45:58.554925+00:00,2026-09-24T14:15:58.554925+05:30,BANKNIFTY,29-Sep-2026,60900.0,PE,55433.65,4823.6,300,5781.4,300,0.0,5302.5,0,0,0,0,0,,,,,,,,,,,,,,,0.013839467436421867,,,,,,12.77,30,55710.6,55918.4,55341.2,56548.9,mid_price,no_price_available
2026-09-24T08:45:58.554925+00:00,2026-09-24T14:15:58.554925+05:30,BANKNIFTY,29-Sep-2026,61000.0,CE,55433.65,3.35,60,3.4,330,3.4,3.375,19644,-180,5993,30.76923076923077,31.22,0.005157398956488181,7.300870214038168e-06,-3.040388317561865,0.9693349144762939,0.12387471122152693,-0.003889647531838735,20.72086392244704,9.154842283660107e-09,0.00013267930485605543,-4.1745810753645984e-06,-0.7466524757555322,86.80831899126271,-0.00463278788491784,6.029230799134755e-06,0.013839467436421867,55580,0.19051413967810568,0.0069,index_dividend_yield,0.065,12.77,30,55710.6,55918.4,55341.2,56548.9,mid_price,ok
2026-09-24T08:45:58.554925+00:00,2026-09-24T14:15:58.554925+05:30,BANKNIFTY,29-Sep-2026,61000.0,PE,55433.65,5416.55,30,5438.85,30,5430,5427.700000000001,1756,-96,239,25.54913294797688,0,,,,,,,,,,,,,,,0.013839467436421867,,,,,,12.77,30,55710.6,55918.4,55341.2,56548.9,mid_price,no_price_available
2026-09-24T08:45:58.554925+00:00,2026-09-24T14:15:58.554925+05:30,BANKNIFTY,29-Sep-2026,61100.0,CE,55433.65,1.5,300,8.7,600,2.8,5.1,1,-11,15,19.148936170212767,31.1,0.004397744833110061,6.358247861549161e-06,-2.6270175464321186,0.8409383760920348,0.11014827618761923,-0.003444784320476372,18.818481148130783,8.18511589090824e-09,0.00012183840515360997,-3.816917973146452e-06,-0.6718513961817015,88.42885241838718,-0.003944782665607013,5.233617563660039e-06,0.013839467436421867,55580,0.19051413967810568,0.0069,index_dividend_yield,0.065,12.77,30,55710.6,55918.4,55341.2,56548.9,mid_price,wide_quote_low_liquidity
2026-09-24T08:45:58.554925+00:00,2026-09-24T14:15:58.554925+05:30,BANKNIFTY,29-Sep-2026,61100.0,PE,55433.65,5175,300,5873.8,300,0.0,5524.4,0,0,0,0,0,,,,,,,,,,,,,,,0.013839467436421867,,,,,,12.77,30,55710.6,55918.4,55341.2,56548.9,mid_price,no_price_available
2026-09-24T08:45:58.554925+00:00,2026-09-24T14:15:58.554925+05:30,BANKNIFTY,29-Sep-2026,61200.0,CE,55433.65,1.5,180,8.7,600,3.1,5.1,3,-28,34,44.18604651162791,31.91,0.004715495364938308,6.595051078305841e-06,-2.8678703383952144,0.8949758091652861,0.11326428905532619,-0.003633302208903843,19.174478273902395,8.187442414232256e-09,0.00012062704114097963,-3.876385362830281e-06,-0.7037461848654303,85.65983582474301,-0.00422133248475945,5.410809826231163e-06,0.013839467436421867,55580,0.19051413967810568,0.0069,index_dividend_yield,0.065,12.77,30,55710.6,55918.4,55341.2,56548.9,mid_price,wide_quote_low_liquidity
2026-09-24T08:45:58.554925+00:00,2026-09-24T14:15:58.554925+05:30,BANKNIFTY,29-Sep-2026,61200.0,PE,55433.65,5111,300,6129.3,300,0.0,5620.15,0,0,0,0,0,,,,,,,,,,,,,,,0.013839467436421867,,,,,,12.77,30,55710.6,55918.4,55341.2,56548.9,mid_price,no_price_available
2026-09-24T08:45:58.554925+00:00,2026-09-24T14:15:58.554925+05:30,BANKNIFTY,29-Sep-2026,61300.0,CE,55433.65,1.4,30,7.9,90,2.6,4.65,8,-35,67,30,31.79,0.004029134418250267,5.751809177285151e-06,-2.481959101775734,0.7776090857140683,0.10078776336398809,-0.003220483079036175,17.41458099050197,7.324514683070884e-09,0.00011071728576783322,-3.543014909611495e-06,-0.6335064256544988,87.2154004183782,-0.003601773743716662,4.703600969700057e-06,0.013839467436421867,55580,0.19051413967810568,0.0069,index_dividend_yield,0.065,12.77,30,55710.6,55918.4,55341.2,56548.9,mid_price,wide_quote_low_liquidity
2026-09-24T08:45:58.554925+00:00,2026-09-24T14:15:58.554925+05:30,BANKNIFTY,29-Sep-2026,61300.0,PE,55433.65,5201.95,300,6191.75,300,0.0,5696.85,0,0,0,0,0,,,,,,,,,,,,,,,0.013839467436421867,,,,,,12.77,30,55710.6,55918.4,55341.2,56548.9,mid_price,no_price_available
2026-09-24T08:45:58.554925+00:00,2026-09-24T14:15:58.554925+05:30,BANKNIFTY,29-Sep-2026,61400.0,CE,55433.65,1.75,30,8.7,600,0.0,5.225,13,0,0,0,30.05,0.002177373866884334,3.4946236869629394e-06,-1.3473444241236827,0.4465922905207292,0.0657853392962886,-0.0019877984460736037,12.231640377463771,5.099660744631242e-09,8.40824505412937e-05,-2.542086873732803e-06,-0.41390062077450335,97.16801545741141,-0.0019455635963183985,2.8484632773204897e-06,0.013839467436421867,55580,0.19051413967810568,0.0069,index_dividend_yield,0.065,12.77,30,55710.6,55918.4,55341.2,56548.9,mid_price,wide_quote_low_liquidity
2026-09-24T08:45:58.554925+00:00,2026-09-24T14:15:58.554925+05:30,BANKNIFTY,29-Sep-2026,61400.0,PE,55433.65,5297.7,300,6162.2,300,0.0,5729.95,0,0,0,0,0,,,,,,,,,,,,,,,0.013839467436421867,,,,,,12.77,30,55710.6,55918.4,55341.2,56548.9,mid_price,no_price_available
2026-09-24T08:45:58.554925+00:00,2026-09-24T14:15:58.554925+05:30,BANKNIFTY,29-Sep-2026,61500.0,CE,55433.65,2.8,270,3.1,330,2.95,2.95,7165,-147,3294,37.2093023255814,33.16,0.004369829128512877,5.929419628564087e-06,-2.7825523028945605,0.8361670265920509,0.10289694142164278,-0.0034276191552934116,17.59420939296219,7.148779107500942e-09,0.00010688136388078386,-3.565786023408481e-06,-0.6689320688180798,83.04124836591294,-0.0038913581659556283,4.817357823504672e-06,0.013839467436421867,55580,0.19051413967810568,0.0069,index_dividend_yield,0.065,12.77,30,55710.6,55918.4,55341.2,56548.9,mid_price,ok
2026-09-24T08:45:58.554925+00:00,2026-09-24T14:15:58.554925+05:30,BANKNIFTY,29-Sep-2026,61500.0,PE,55433.65,5878.45,30,5956.4,30,5717.35,5917.424999999999,355,-6,7,19.149933832800176,0,,,,,,,,,,,,,,,0.013839467436421867,,,,,,12.77,30,55710.6,55918.4,55341.2,56548.9,mid_price,no_price_available
2026-09-24T08:45:58.554925+00:00,2026-09-24T14:15:58.554925+05:30,BANKNIFTY,29-Sep-2026,61600.0,CE,55433.65,1.5,30,8.7,600,1.2,5.1,306,1,48,-14.285714285714286,30.78,0.00203559849617311,3.209610456272886e-06,-1.2977619642851157,0.4201334599605266,0.06088474473747523,-0.0018836659836871032,11.405194684667775,4.604165798172439e-09,7.670077162907801e-05,-2.373934312639319e-06,-0.39454112342341774,95.40123920814374,-0.0018126274976587938,2.599188954214982e-06,0.013839467436421867,55580,0.19051413967810568,0.0069,index_dividend_yield,0.065,12.77,30,55710.6,55918.4,55341.2,56548.9,mid_price,wide_quote_low_liquidity
2026-09-24T08:45:58.554925+00:00,2026-09-24T14:15:58.554925+05:30,BANKNIFTY,29-Sep-2026,61600.0,PE,55433.65,5471.95,300,6548.5,300,0.0,6010.225,0,0,0,0,0,,,,,,,,,,,,,,,0.013839467436421867,,,,,,12.77,30,55710.6,55918.4,55341.2,56548.9,mid_price,no_price_available
2026-09-24T08:45:58.554925+00:00,2026-09-24T14:15:58.554925+05:30,BANKNIFTY,29-Sep-2026,61700.0,CE,55433.65,0.9,1200,9.4,450,0.0,5.15,0,0,0,0,0,,,,,,,,,,,,,,,0.013839467436421867,55580,0.19051413967810568,0.0069,index_dividend_yield,0.065,12.77,30,55710.6,55918.4,55341.2,56548.9,mid_price,no_nse_iv
2026-09-24T08:45:58.554925+00:00,2026-09-24T14:15:58.554925+05:30,BANKNIFTY,29-Sep-2026,61700.0,PE,55433.65,5756.45,300,6824.35,300,0.0,6290.4,0,0,0,0,0,,,,,,,,,,,,,,,0.013839467436421867,55580,0.19051413967810568,0.0069,index_dividend_yield,0.065,12.77,30,55710.6,55918.4,55341.2,56548.9,mid_price,no_nse_iv
2026-09-24T08:45:58.554925+00:00,2026-09-24T14:15:58.554925+05:30,BANKNIFTY,29-Sep-2026,61800.0,CE,55433.65,0.9,1200,8.7,1200,0.0,4.8,24,0,0,0,30.79,0.0015325295360849504,2.4782483668835834e-06,-1.0023494205062942,0.32450459182206226,0.04844286631347885,-0.0014991521077091668,9.354229580084471,3.670525533396127e-09,6.338802815127636e-05,-1.9616173647407107e-06,-0.32169998455710436,97.51522589369786,-0.0013605586068611327,1.993952596500054e-06,0.013839467436421867,55580,0.19051413967810568,0.0069,index_dividend_yield,0.065,12.77,30,55710.6,55918.4,55341.2,56548.9,mid_price,wide_quote_low_liquidity
2026-09-24T08:45:58.554925+00:00,2026-09-24T14:15:58.554925+05:30,BANKNIFTY,29-Sep-2026,61800.0,PE,55433.65,5657.7,300,6633.8,300,0.0,6145.75,0,0,0,0,0,,,,,,,,,,,,,,,0.013839467436421867,,,,,,12.77,30,55710.6,55918.4,55341.2,56548.9,mid_price,no_price_available
2026-09-24T08:45:58.554925+00:00,2026-09-24T14:15:58.554925+05:30,BANKNIFTY,29-Sep-2026,61900.0,CE,55433.65,0.9,1200,9.35,600,0.0,5.125,0,0,0,0,0,,,,,,,,,,,,,,,0.013839467436421867,55580,0.19051413967810568,0.0069,index_dividend_yield,0.065,12.77,30,55710.6,55918.4,55341.2,56548.9,mid_price,no_nse_iv
2026-09-24T08:45:58.554925+00:00,2026-09-24T14:15:58.554925+05:30,BANKNIFTY,29-Sep-2026,61900.0,PE,55433.65,5765.95,300,6732.65,300,0.0,6249.299999999999,0,0,0,0,0,,,,,,,,,,,,,,,0.013839467436421867,,,,,,12.77,30,55710.6,55918.4,55341.2,56548.9,mid_price,no_price_available
2026-09-24T08:45:58.554925+00:00,2026-09-24T14:15:58.554925+05:30,BANKNIFTY,29-Sep-2026,62000.0,CE,55433.65,2.2,210,2.4,4020,2.4,2.3,8911,-375,6513,71.42857142857143,34.59,0.00335389569068996,4.484129572398801e-06,-2.287601135139455,0.6596218669439762,0.08046630998594897,-0.002793559413330528,14.22552618746492,5.359670184027267e-09,8.374079987742917e-05,-2.909995262107214e-06,-0.5592523875743881,81.53676593892158,-0.0029619112529789674,3.584608458450738e-06,0.013839467436421867,55580,0.19051413967810568,0.0069,index_dividend_yield,0.065,12.77,30,55710.6,55918.4,55341.2,56548.9,mid_price,ok
2026-09-24T08:45:58.554925+00:00,2026-09-24T14:15:58.554925+05:30,BANKNIFTY,29-Sep-2026,62000.0,PE,55433.65,6419.65,30,6435.7,90,6450,6427.674999999999,2389,-171,305,21.123348638066535,0,,,,,,,,,,,,,,,0.013839467436421867,,,,,,12.77,30,55710.6,55918.4,55341.2,56548.9,mid_price,no_price_available
2026-09-24T08:45:58.554925+00:00,2026-09-24T14:15:58.554925+05:30,BANKNIFTY,29-Sep-2026,62100.0,CE,55433.65,0.95,300,8.55,30,2.15,4.75,9,8,16,-46.25,34.81,0.0031382428512409495,4.197216994834757e-06,-2.1681972286053357,0.6213435221886353,0.07592609073309534,-0.0026523401179503084,13.531610330251464,5.0263268669615955e-09,7.93483551910758e-05,-2.7741694301423277e-06,-0.5342978766411732,81.49272443056043,-0.0027669812321424216,3.3444535856556132e-06,0.013839467436421867,55580,0.19051413967810568,0.0069,index_dividend_yield,0.065,12.77,30,55710.6,55918.4,55341.2,56548.9,mid_price,wide_quote_low_liquidity
2026-09-24T08:45:58.554925+00:00,2026-09-24T14:15:58.554925+05:30,BANKNIFTY,29-Sep-2026,62100.0,PE,55433.65,5950.4,300,6725.35,300,0.0,6337.875,0,0,0,0,0,,,,,,,,,,,,,,,0.013839467436421867,,,,,,12.77,30,55710.6,55918.4,55341.2,56548.9,mid_price,no_price_available
2026-09-24T08:45:58.554925+00:00,2026-09-24T14:15:58.554925+05:30,BANKNIFTY,29-Sep-2026,62200.0,CE,55433.65,1.15,30,8.65,30,2,4.9,42,42,42,-99.8142817346086,35.01,0.0029238989997622997,3.915585011247577e-06,-2.045695224236859,0.582981934664018,0.07143049048207308,-0.002509324035699715,12.838558643613107,4.702930207675373e-09,7.50446548092249e-05,-2.638118224083834e-06,-0.5088132037696688,81.52237901584155,-0.002573861715384255,3.1100175433187356e-06,0.013839467436421867,55580,0.19051413967810568,0.0069,index_dividend_yield,0.065,12.77,30,55710.6,55918.4,55341.2,56548.9,mid_price,wide_quote_low_liquidity
2026-09-24T08:45:58.554925+00:00,2026-09-24T14:15:58.554925+05:30,BANKNIFTY,29-Sep-2026,62200.0,PE,55433.65,6159.65,300,6813.75,600,0.0,6486.7,0,0,0,0,0,,,,,,,,,,,,,,,0.013839467436421867,,,,,,12.77,30,55710.6,55918.4,55341.2,56548.9,mid_price,no_price_available
2026-09-24T08:45:58.554925+00:00,2026-09-24T14:15:58.554925+05:30,BANKNIFTY,29-Sep-2026,62300.0,CE,55433.65,1.05,300,8.65,30,1.9,4.8500000000000005,0,0,23,-99.81930575368521,35.27,0.0027661193480950064,3.697037267123722e-06,-1.9599982873661008,0.5545307286574154,0.06788729195244332,-0.0024022507267516553,12.281824551703513,4.436919964543298e-09,7.139939002149386e-05,-2.5280204116243207e-06,-0.48958750459855743,81.3076912079308,-0.0024309826231116534,2.9270132334072997e-06,0.013839467436421867,55580,0.19051413967810568,0.0069,index_dividend_yield,0.065,12.77,30,55710.6,55918.4,55341.2,56548.9,mid_price,wide_quote_low_liquidity
2026-09-24T08:45:58.554925+00:00,2026-09-24T14:15:58.554925+05:30,BANKNIFTY,29-Sep-2026,62300.0,PE,55433.65,6131.15,300,7229.85,300,0.0,6680.5,0,0,0,0,0,,,,,,,,,,,,,,,0.013839467436421867,,,,,,12.77,30,55710.6,55918.4,55341.2,56548.9,mid_price,no_price_available
2026-09-24T08:45:58.554925+00:00,2026-09-24T14:15:58.554925+05:30,BANKNIFTY,29-Sep-2026,62400.0,CE,55433.65,0.9,1200,9.35,570,0.0,5.125,0,0,0,0,0,,,,,,,,,,,,,,,0.013839467436421867,55580,0.19051413967810568,0.0069,index_dividend_yield,0.065,12.77,30,55710.6,55918.4,55341.2,56548.9,mid_price,no_nse_iv
2026-09-24T08:45:58.554925+00:00,2026-09-24T14:15:58.554925+05:30,BANKNIFTY,29-Sep-2026,62400.0,PE,55433.65,6208.8,300,7251.95,300,0.0,6730.375,0,0,0,0,0,,,,,,,,,,,,,,,0.013839467436421867,,,,,,12.77,30,55710.6,55918.4,55341.2,56548.9,mid_price,no_price_available
2026-09-24T08:45:58.554925+00:00,2026-09-24T14:15:58.554925+05:30,BANKNIFTY,29-Sep-2026,62500.0,CE,55433.65,1.5,210,1.7,210,1.95,1.6,1481,-159,1427,34.48275862068966,36.25,0.0027744593482393193,3.6068755496200974e-06,-2.0192654740005898,0.5560393125492511,0.06623570548318901,-0.0024080405039803316,11.978805681379434,4.20597627338675e-09,6.775234154141755e-05,-2.46450511892566e-06,-0.4906304409859933,79.1148899267378,-0.0024296707248038724,2.837383729396499e-06,0.013839467436421867,55580,0.19051413967810568,0.0069,index_dividend_yield,0.065,12.77,30,55710.6,55918.4,55341.2,56548.9,mid_price,ok
2026-09-24T08:45:58.554925+00:00,2026-09-24T14:15:58.554925+05:30,BANKNIFTY,29-Sep-2026,62500.0,PE,55433.65,6775.1,300,7170.55,690,6750,6972.825000000001,104,-1,1,12.5,0,,,,,,,,,,,,,,,0.013839467436421867,,,,,,12.77,30,55710.6,55918.4,55341.2,56548.9,mid_price,no_price_available
2026-09-24T08:45:58.554925+00:00,2026-09-24T14:15:58.554925+05:30,BANKNIFTY,29-Sep-2026,62600.0,CE,55433.65,0.7,1200,8.7,600,0.0,4.699999999999999,1,0,0,0,27.15,8.314441512191097e-05,1.8795534391256195e-07,-0.05904760496217887,0.021701554354967498,0.004655561308281303,-0.00012779916869719461,1.1431155037835965,4.13625048597256e-10,9.207509024189109e-06,-2.519518037506175e-07,-0.03355570174888969,133.0215647074203,-7.307268213883124e-05,1.4738489027449867e-07,0.013839467436421867,55580,0.19051413967810568,0.0069,index_dividend_yield,0.065,12.77,30,55710.6,55918.4,55341.2,56548.9,mid_price,wide_quote_low_liquidity
2026-09-24T08:45:58.554925+00:00,2026-09-24T14:15:58.554925+05:30,BANKNIFTY,29-Sep-2026,62600.0,PE,55433.65,6355.05,300,7806.1,300,0.0,7080.575000000001,0,0,0,0,0,,,,,,,,,,,,,,,0.013839467436421867,,,,,,12.77,30,55710.6,55918.4,55341.2,56548.9,mid_price,no_price_available
2026-09-24T08:45:58.554925+00:00,2026-09-24T14:15:58.554925+05:30,BANKNIFTY,29-Sep-2026,62700.0,CE,55433.65,1,30,4.35,30,4.45,2.675,64,64,80,-99.53534509762974,40.45,0.005420032317392385,5.88945480688821e-06,-4.103383244619087,1.013117806337534,0.0996800746602476,-0.004039981992580457,16.56151498760572,5.612400013330599e-09,8.171497027047316e-05,-3.3166251288295525e-06,-0.7715769361899849,66.90054942152905,-0.004720273484218403,4.60348744177161e-06,0.013839467436421867,55580,0.19051413967810568,0.0069,index_dividend_yield,0.065,12.77,30,55710.6,55918.4,55341.2,56548.9,mid_price,wide_quote_low_liquidity
2026-09-24T08:45:58.554925+00:00,2026-09-24T14:15:58.554925+05:30,BANKNIFTY,29-Sep-2026,62700.0,PE,55433.65,6457.85,300,7966.75,300,0.0,7212.3,0,0,0,0,0,,,,,,,,,,,,,,,0.013839467436421867,,,,,,12.77,30,55710.6,55918.4,55341.2,56548.9,mid_price,no_price_available
2026-09-24T08:45:58.554925+00:00,2026-09-24T14:15:58.554925+05:30,BANKNIFTY,29-Sep-2026,62800.0,CE,55433.65,0.7,1200,8.6,570,0.0,4.6499999999999995,0,0,0,0,0,,,,,,,,,,,,,,,0.013839467436421867,55580,0.19051413967810568,0.0069,index_dividend_yield,0.065,12.77,30,55710.6,55918.4,55341.2,56548.9,mid_price,no_nse_iv
2026-09-24T08:45:58.554925+00:00,2026-09-24T14:15:58.554925+05:30,BANKNIFTY,29-Sep-2026,62800.0,PE,55433.65,6545.65,300,8076.45,300,0.0,7311.049999999999,0,0,0,0,0,,,,,,,,,,,,,,,0.013839467436421867,,,,,,12.77,30,55710.6,55918.4,55341.2,56548.9,mid_price,no_price_available
2026-09-24T08:45:58.554925+00:00,2026-09-24T14:15:58.554925+05:30,BANKNIFTY,29-Sep-2026,62900.0,CE,55433.65,0.7,1200,8.35,570,0.0,4.5249999999999995,0,0,0,0,0,,,,,,,,,,,,,,,0.013839467436421867,55580,0.19051413967810568,0.0069,index_dividend_yield,0.065,12.77,30,55710.6,55918.4,55341.2,56548.9,mid_price,no_nse_iv
2026-09-24T08:45:58.554925+00:00,2026-09-24T14:15:58.554925+05:30,BANKNIFTY,29-Sep-2026,62900.0,PE,55433.65,6671.25,300,8098.5,300,0.0,7384.875,0,0,0,0,0,,,,,,,,,,,,,,,0.013839467436421867,,,,,,12.77,30,55710.6,55918.4,55341.2,56548.9,mid_price,no_price_available
2026-09-24T08:45:58.554925+00:00,2026-09-24T14:15:58.554925+05:30,BANKNIFTY,29-Sep-2026,63000.0,CE,55433.65,0.75,3840,0.85,300,0.85,0.8,6897,-228,4973,0,35.48,0.0012418732419629361,1.7747757993556028e-06,-0.9512637406977149,0.2677894345668899,0.03549847365610513,-0.0012635292878163777,7.0032865240650946,2.3190572054684947e-09,4.1411300964921456e-05,-1.473173432106398e-06,-0.2758719618136331,86.10394662606943,-0.0010800325344103843,1.3740715574589681e-06,0.013839467436421867,55580,0.19051413967810568,0.0069,index_dividend_yield,0.065,12.77,30,55710.6,55918.4,55341.2,56548.9,mid_price,ok
2026-09-24T08:45:58.554925+00:00,2026-09-24T14:15:58.554925+05:30,BANKNIFTY,29-Sep-2026,63000.0,PE,55433.65,7410,30,7454.5,30,7400,7432.25,1684,-26,78,16.48223645894001,0,,,,,,,,,,,,,,,0.013839467436421867,,,,,,12.77,30,55710.6,55918.4,55341.2,56548.9,mid_price,no_price_available
2026-09-24T08:45:58.554925+00:00,2026-09-24T14:15:58.554925+05:30,BANKNIFTY,29-Sep-2026,63100.0,CE,55433.65,0.75,300,7.55,30,2.1,4.15,23,22,42,-30,39.14,0.00277913632557281,3.3456340023452156e-06,-2.1816154905084177,0.5568850763521948,0.06150042045179743,-0.0024117586019708876,11.120244913590094,3.6029069759378712e-09,5.825927106021631e-05,-2.2855480560567455e-06,-0.49130034454592986,73.33198969296932,-0.002408190894893958,2.58206197284554e-06,0.013839467436421867,55580,0.19051413967810568,0.0069,index_dividend_yield,0.065,12.77,30,55710.6,55918.4,55341.2,56548.9,mid_price,wide_quote_low_liquidity
2026-09-24T08:45:58.554925+00:00,2026-09-24T14:15:58.554925+05:30,BANKNIFTY,29-Sep-2026,63100.0,PE,55433.65,6859.4,300,7759.95,300,0.0,7309.674999999999,0,0,0,0,0,,,,,,,,,,,,,,,0.013839467436421867,,,,,,12.77,30,55710.6,55918.4,55341.2,56548.9,mid_price,no_price_available
2026-09-24T08:45:58.554925+00:00,2026-09-24T14:15:58.554925+05:30,BANKNIFTY,29-Sep-2026,63200.0,CE,55433.65,0.75,300,7.7,600,1.3,4.225,28,0,30,-66.66666666666667,37.85,0.00183997906612533,2.3811898609119223e-06,-1.4519888457004566,0.38328889573779223,0.045792249318398724,-0.0017372194165337766,8.672943593985154,2.786969405709236e-09,4.75889973192486e-05,-1.805130125900814e-06,-0.36706016766606675,78.38176723164702,-0.001593282814981061,1.831921328135643e-06,0.013839467436421867,55580,0.19051413967810568,0.0069,index_dividend_yield,0.065,12.77,30,55710.6,55918.4,55341.2,56548.9,mid_price,wide_quote_low_liquidity
2026-09-24T08:45:58.554925+00:00,2026-09-24T14:15:58.554925+05:30,BANKNIFTY,29-Sep-2026,63200.0,PE,55433.65,6954.7,300,7933.6,300,0.0,7444.15,0,0,0,0,0,,,,,,,,,,,,,,,0.013839467436421867,,,,,,12.77,30,55710.6,55918.4,55341.2,56548.9,mid_price,no_price_available
2026-09-24T08:45:58.554925+00:00,2026-09-24T14:15:58.554925+05:30,BANKNIFTY,29-Sep-2026,63300.0,CE,55433.65,0.75,300,7.7,600,2.1,4.225,18,1,2,0,40.01,0.0027289180227395883,3.219461327414636e-06,-2.193128470722819,0.5477950367293837,0.05932703618144464,-0.002377590390886071,10.750206085541668,3.3966951147798863e-09,5.5133078228329626e-05,-2.2102252077423224e-06,-0.4851419693150064,71.86744459873464,-0.0023565400493867172,2.4690094005871795e-06,0.013839467436421867,55580,0.19051413967810568,0.0069,index_dividend_yield,0.065,12.77,30,55710.6,55918.4,55341.2,56548.9,mid_price,wide_quote_low_liquidity
2026-09-24T08:45:58.554925+00:00,2026-09-24T14:15:58.554925+05:30,BANKNIFTY,29-Sep-2026,63300.0,PE,55433.65,7041.65,300,8268.3,300,0.0,7654.974999999999,0,0,0,0,0,,,,,,,,,,,,,,,0.013839467436421867,,,,,,12.77,30,55710.6,55918.4,55341.2,56548.9,mid_price,no_price_available
2026-09-24T08:45:58.554925+00:00,2026-09-24T14:15:58.554925+05:30,BANKNIFTY,29-Sep-2026,63400.0,CE,55433.65,0.7,1200,7.7,600,0.0,4.2,1,0,0,0,29.2,5.477984643990269e-05,1.1795521010067073e-07,-0.04281480947154669,0.01464759451265098,0.0030027950065279548,-8.868547293630779e-05,0.7574690783697996,2.470640495614817e-10,5.695479823894783e-06,-1.6759755715754823e-07,-0.0238428861964286,126.48428606841489,-4.751796118267148e-05,9.017487803649074e-08,0.013839467436421867,55580,0.19051413967810568,0.0069,index_dividend_yield,0.065,12.77,30,55710.6,55918.4,55341.2,56548.9,mid_price,wide_quote_low_liquidity
2026-09-24T08:45:58.554925+00:00,2026-09-24T14:15:58.554925+05:30,BANKNIFTY,29-Sep-2026,63400.0,PE,55433.65,7131.3,300,8106.15,300,0.0,7618.725,0,0,0,0,0,,,,,,,,,,,,,,,0.013839467436421867,,,,,,12.77,30,55710.6,55918.4,55341.2,56548.9,mid_price,no_price_available
2026-09-24T08:45:58.554925+00:00,2026-09-24T14:15:58.554925+05:30,BANKNIFTY,29-Sep-2026,63500.0,CE,55433.65,0.8,300,1.7,120,1.25,1.25,976,-2,393,4.166666666666667,38.37,0.0014923425436284062,1.9410475808328307e-06,-1.2159204604684077,0.3167337258412594,0.03815793079361648,-0.0014673163844474268,7.388621009683127,2.2924904006722657e-09,4.0220474093048895e-05,-1.5459474082031762e-06,-0.3155651038530763,78.59617190903654,-0.0012861960537890532,1.4792299167219476e-06,0.013839467436421867,55580,0.19051413967810568,0.0069,index_dividend_yield,0.065,12.77,30,55710.6,55918.4,55341.2,56548.9,mid_price,wide_quote_low_liquidity
2026-09-24T08:45:58.554925+00:00,2026-09-24T14:15:58.554925+05:30,BANKNIFTY,29-Sep-2026,63500.0,PE,55433.65,7276.75,300,8550.6,300,0.0,7913.675,3,0,0,0,0,,,,,,,,,,,,,,,0.013839467436421867,,,,,,12.77,30,55710.6,55918.4,55341.2,56548.9,mid_price,no_price_available
2026-09-24T08:45:58.554925+00:00,2026-09-24T14:15:58.554925+05:30,BANKNIFTY,29-Sep-2026,63600.0,CE,55433.65,0.7,1200,9.4,450,0.0,5.05,0,0,0,0,0,,,,,,,,,,,,,,,0.013839467436421867,55580,0.19051413967810568,0.0069,index_dividend_yield,0.065,12.77,30,55710.6,55918.4,55341.2,56548.9,mid_price,no_nse_iv
2026-09-24T08:45:58.554925+00:00,2026-09-24T14:15:58.554925+05:30,BANKNIFTY,29-Sep-2026,63600.0,PE,55433.65,6862.55,300,8914.5,300,0.0,7888.525,0,0,0,0,0,,,,,,,,,,,,,,,0.013839467436421867,,,,,,12.77,30,55710.6,55918.4,55341.2,56548.9,mid_price,no_price_available
2026-09-24T08:45:58.554925+00:00,2026-09-24T14:15:58.554925+05:30,BANKNIFTY,29-Sep-2026,63700.0,CE,55433.65,0.75,300,7.7,600,1.7,4.225,1,1,3,-99.77185801516474,40.91,0.002203883013607798,2.5952501788392333e-06,-1.8475050047439396,0.451517968565583,0.049005281897379106,-0.0020075356969590894,9.099459031432334,2.7450331135895825e-09,4.595782819488574e-05,-1.882651794196498e-06,-0.4175540076289047,71.55272673132002,-0.001891081278886557,1.965383545864316e-06,0.013839467436421867,55580,0.19051413967810568,0.0069,index_dividend_yield,0.065,12.77,30,55710.6,55918.4,55341.2,56548.9,mid_price,wide_quote_low_liquidity
2026-09-24T08:45:58.554925+00:00,2026-09-24T14:15:58.554925+05:30,BANKNIFTY,29-Sep-2026,63700.0,PE,55433.65,6990.25,300,8450.5,300,0.0,7720.375,0,0,0,0,0,,,,,,,,,,,,,,,0.013839467436421867,,,,,,12.77,30,55710.6,55918.4,55341.2,56548.9,mid_price,no_price_available
2026-09-24T08:45:58.554925+00:00,2026-09-24T14:15:58.554925+05:30,BANKNIFTY,29-Sep-2026,63800.0,CE,55433.65,0.7,1200,7.7,600,0.0,4.2,30,0,0,0,38.78,0.0011799439421789648,1.5494794746610391e-06,-0.9911662531756146,0.25554063016034795,0.031187247504556467,-0.001212071739689639,6.184160095604033,1.8557011572615114e-09,3.350173271030723e-05,-1.3010418283077976e-06,-0.26572683975550215,79.15579950825527,-0.0010122613196298913,1.1697456022503868e-06,0.013839467436421867,55580,0.19051413967810568,0.0069,index_dividend_yield,0.065,12.77,30,55710.6,55918.4,55341.2,56548.9,mid_price,wide_quote_low_liquidity
2026-09-24T08:45:58.554925+00:00,2026-09-24T14:15:58.554925+05:30,BANKNIFTY,29-Sep-2026,63800.0,PE,55433.65,7067.5,300,8552.1,300,0.0,7809.8,0,0,0,0,0,,,,,,,,,,,,,,,0.013839467436421867,,,,,,12.77,30,55710.6,55918.4,55341.2,56548.9,mid_price,no_price_available
2026-09-24T08:45:58.554925+00:00,2026-09-24T14:15:58.554925+05:30,BANKNIFTY,29-Sep-2026,63900.0,CE,55433.65,0.7,1200,6.45,600,0.0,3.575,71,0,0,0,38.23,0.0009043423730585484,1.2314296868655892e-06,-0.7654747540700739,0.20020745555964503,0.02541688672771182,-0.0009741506102606211,5.171247399783002,1.53790235508357e-09,2.8585484331305288e-05,-1.0944384191607046e-06,-0.21809856343689937,81.83995511443459,-0.0007749366102306023,9.267334815473696e-07,0.013839467436421867,55580,0.19051413967810568,0.0069,index_dividend_yield,0.065,12.77,30,55710.6,55918.4,55341.2,56548.9,mid_price,wide_quote_low_liquidity
2026-09-24T08:45:58.554925+00:00,2026-09-24T14:15:58.554925+05:30,BANKNIFTY,29-Sep-2026,63900.0,PE,55433.65,7147.55,300,8659.65,300,0.0,7903.6,0,0,0,0,0,,,,,,,,,,,,,,,0.013839467436421867,,,,,,12.77,30,55710.6,55918.4,55341.2,56548.9,mid_price,no_price_available
2026-09-24T08:45:58.554925+00:00,2026-09-24T14:15:58.554925+05:30,BANKNIFTY,29-Sep-2026,64000.0,CE,55433.65,0.85,450,1.35,30,0.85,1.1,1345,-25,341,-10.526315789473685,39.68,0.0011916144470994975,1.5280422543278399e-06,-1.0231137020960632,0.257853693275806,0.03073672481663473,-0.0012219630447017661,6.088886687897476,1.7851193091984233e-09,3.223133438991027e-05,-1.2803904679768275e-06,-0.2676810970759069,77.32570539077747,-0.0010187701170685476,1.1463635446365576e-06,0.013839467436421867,55580,0.19051413967810568,0.0069,index_dividend_yield,0.065,12.77,30,55710.6,55918.4,55341.2,56548.9,mid_price,wide_quote_low_liquidity
2026-09-24T08:45:58.554925+00:00,2026-09-24T14:15:58.554925+05:30,BANKNIFTY,29-Sep-2026,64000.0,PE,55433.65,8359.25,30,8473.8,60,0.0,8416.525,116,0,0,0,0,,,,,,,,,,,,,,,0.013839467436421867,,,,,,12.77,30,55710.6,55918.4,55341.2,56548.9,mid_price,no_price_available
2026-09-24T08:45:58.554925+00:00,2026-09-24T14:15:58.554925+05:30,BANKNIFTY,29-Sep-2026,64100.0,CE,55433.65,0.45,600,7.7,600,0.0,4.075,5,0,0,0,40.29,0.0012471918496051568,1.569017817163553e-06,-1.0829704740767403,0.2688385050232368,0.031427393240339156,-0.0012683787238592624,6.197500822198748,1.7956292812885142e-09,3.22755613207473e-05,-1.3016461400459075e-06,-0.27682567442673456,75.91285136706763,-0.0010643629128700663,1.1734342687468472e-06,0.013839467436421867,55580,0.19051413967810568,0.0069,index_dividend_yield,0.065,12.77,30,55710.6,55918.4,55341.2,56548.9,mid_price,wide_quote_low_liquidity
2026-09-24T08:45:58.554925+00:00,2026-09-24T14:15:58.554925+05:30,BANKNIFTY,29-Sep-2026,64100.0,PE,55433.65,7802.45,300,8849.35,300,0.0,8325.9,0,0,0,0,0,,,,,,,,,,,,,,,0.013839467436421867,,,,,,12.77,30,55710.6,55918.4,55341.2,56548.9,mid_price,no_price_available
2026-09-24T08:45:58.554925+00:00,2026-09-24T14:15:58.554925+05:30,BANKNIFTY,29-Sep-2026,64200.0,CE,55433.65,0.65,570,7.7,600,1,4.175,382,9,26,-20,39.6,0.000932298219390303,1.2225530298991123e-06,-0.8151257874031252,0.2058871401971167,0.0251748463455114,-0.0009990359236184939,5.1072676034296105,1.4674659631024659e-09,2.7239094606056487e-05,-1.0798015962213817e-06,-0.22313962811874932,78.87039907297009,-0.0007947886640518781,9.114746636623287e-07,0.013839467436421867,55580,0.19051413967810568,0.0069,index_dividend_yield,0.065,12.77,30,55710.6,55918.4,55341.2,56548.9,mid_price,wide_quote_low_liquidity
2026-09-24T08:45:58.554925+00:00,2026-09-24T14:15:58.554925+05:30,BANKNIFTY,29-Sep-2026,64200.0,PE,55433.65,7898.55,300,8971.55,300,0.0,8435.05,0,0,0,0,0,,,,,,,,,,,,,,,0.013839467436421867,,,,,,12.77,30,55710.6,55918.4,55341.2,56548.9,mid_price,no_price_available
2026-09-24T08:45:58.554925+00:00,2026-09-24T14:15:58.554925+05:30,BANKNIFTY,29-Sep-2026,64500.0,CE,55433.65,0.55,600,0.85,30,0.75,0.7,1974,16,739,15.384615384615385,41.23,0.001027244478693746,1.2835616925506e-06,-0.9274048434661213,0.2250590135767334,0.026206380831239887,-0.0010822216902265707,5.267407692363155,1.463170313561423e-09,2.6927596287178425e-05,-1.1108877448002946e-06,-0.23988652664844662,75.2645288804259,-0.0008711213528788352,9.48078436343999e-07,0.013839467436421867,55580,0.19051413967810568,0.0069,index_dividend_yield,0.065,12.77,30,55710.6,55918.4,55341.2,56548.9,mid_price,wide_quote_low_liquidity
2026-09-24T08:45:58.554925+00:00,2026-09-24T14:15:58.554925+05:30,BANKNIFTY,29-Sep-2026,64500.0,PE,55433.65,8368.85,300,9560.6,330,0.0,8964.725,18,0,0,0,58.88,,,,,,,,,,,,,,,0.013839467436421867,,,,,,12.77,30,55710.6,55918.4,55341.2,56548.9,mid_price,no_price_available
2026-09-24T08:45:58.554925+00:00,2026-09-24T14:15:58.554925+05:30,BANKNIFTY,29-Sep-2026,65000.0,CE,55433.65,0.7,150,1,1350,0.65,0.85,3715,47,836,-23.529411764705884,44.2,0.0012627698888124826,1.4465531539760514e-06,-1.2005680317278422,0.27190863199058124,0.028982235123930514,-0.001281951111135858,5.708225429413016,1.5020365500348411e-09,2.7094649186099587e-05,-1.1974384459784207e-06,-0.2794921610222161,69.2170388816819,-0.0010613635872853877,1.0520942186348324e-06,0.013839467436421867,55580,0.19051413967810568,0.0069,index_dividend_yield,0.065,12.77,30,55710.6,55918.4,55341.2,56548.9,mid_price,wide_quote_low_liquidity
2026-09-24T08:45:58.554925+00:00,2026-09-24T14:15:58.554925+05:30,BANKNIFTY,29-Sep-2026,65000.0,PE,55433.65,9395.65,30,9446.35,30,9450.65,9421.0,1963,-19,35,13.835822693326909,65.05,,,,,,,,,,,,,,,0.013839467436421867,,,,,,12.77,30,55710.6,55918.4,55341.2,56548.9,mid_price,no_price_available
2026-09-24T08:45:58.554925+00:00,2026-09-24T14:15:58.554925+05:30,BANKNIFTY,29-Sep-2026,65500.0,CE,55433.65,0.4,7530,0.5,2460,0.5,0.45,1619,-861,2541,-52.38095238095238,43.32,0.0006124332874392671,7.588638355623905e-07,-0.6047890369433392,0.13980368971687865,0.016252200060291485,-0.000705228284149718,3.426453120016187,8.639496102670345e-10,1.6846967209325297e-05,-7.298335646063925e-07,-0.16259435357393962,74.30759295779765,-0.000511336423537355,5.435358666592974e-07,0.013839467436421867,55580,0.19051413967810568,0.0069,index_dividend_yield,0.065,12.77,30,55710.6,55918.4,55341.2,56548.9,mid_price,wide_quote_low_liquidity
2026-09-24T08:45:58.554925+00:00,2026-09-24T14:15:58.554925+05:30,BANKNIFTY,29-Sep-2026,65500.0,PE,55433.65,9103.05,870,10314.45,300,0.0,9708.75,0,0,0,0,0,,,,,,,,,,,,,,,0.013839467436421867,,,,,,12.77,30,55710.6,55918.4,55341.2,56548.9,mid_price,no_price_available
2026-09-24T08:45:58.554925+00:00,2026-09-24T14:15:58.554925+05:30,BANKNIFTY,29-Sep-2026,66000.0,CE,55433.65,0.45,720,0.6,480,0.5,0.525,2318,-59,1369,11.11111111111111,46.15,0.0007579679461557497,8.671343968052073e-07,-0.783996209215369,0.17018624189796902,0.01824236110060587,-0.000842568959794771,3.772992358403962,9.061336492736489e-10,1.734499030652271e-05,-7.999322371784607e-07,-0.1911887536300276,68.80180341875788,-0.0006273671917688064,6.117098779619366e-07,0.013839467436421867,55580,0.19051413967810568,0.0069,index_dividend_yield,0.065,12.77,30,55710.6,55918.4,55341.2,56548.9,mid_price,wide_quote_low_liquidity
2026-09-24T08:45:58.554925+00:00,2026-09-24T14:15:58.554925+05:30,BANKNIFTY,29-Sep-2026,66000.0,PE,55433.65,10387.25,30,10461.8,30,10433.95,10424.525,347,-30,35,12.61744531810749,0,,,,,,,,,,,,,,,0.013839467436421867,,,,,,12.77,30,55710.6,55918.4,55341.2,56548.9,mid_price,no_price_available
2026-09-24T08:45:58.554925+00:00,2026-09-24T14:15:58.554925+05:30,BANKNIFTY,29-Sep-2026,67500.0,CE,55433.65,0.4,2370,0.5,4890,0.4,0.45,2039,0,576,-20,50.08,0.0004838875287755607,5.279118514855246e-07,-0.5615289256196647,0.11243255010802118,0.011562991566299861,-0.0005795256092754799,2.48813324145173,5.282587686815529e-10,1.0628410594586357e-05,-5.31599341923213e-07,-0.13589765395272327,65.4162243634826,-0.0003913126822302555,3.5604165991266856e-07,0.013839467436421867,55580,0.19051413967810568,0.0069,index_dividend_yield,0.065,12.77,30,55710.6,55918.4,55341.2,56548.9,mid_price,wide_quote_low_liquidity
2026-09-24T08:45:58.554925+00:00,2026-09-24T14:15:58.554925+05:30,BANKNIFTY,29-Sep-2026,67500.0,PE,55433.65,11024.85,300,12219.65,330,0.0,11622.25,56,0,0,0,0,,,,,,,,,,,,,,,0.013839467436421867,,,,,,12.77,30,55710.6,55918.4,55341.2,56548.9,mid_price,no_price_available
2026-09-24T08:45:58.554925+00:00,2026-09-24T14:15:58.554925+05:30,BANKNIFTY,29-Sep-2026,69000.0,CE,55433.65,0.4,90,0.55,150,0.55,0.47500000000000003,851,-104,127,10,56.54,0.0005852035232808472,5.575052558263099e-07,-0.7552760994568829,0.13405132133631203,0.012043322580982535,-0.0006806172903735399,2.5492953775404503,4.837073420674689e-10,9.616114277125187e-06,-5.42383058994908e-07,-0.15741060399168633,57.32853438690064,-0.0004619435730636495,3.5983030371635165e-07,0.013839467436421867,55580,0.19051413967810568,0.0069,index_dividend_yield,0.065,12.77,30,55710.6,55918.4,55341.2,56548.9,mid_price,wide_quote_low_liquidity
2026-09-24T08:45:58.554925+00:00,2026-09-24T14:15:58.554925+05:30,BANKNIFTY,29-Sep-2026,69000.0,PE,55433.65,13361.3,90,13771.25,300,13223,13566.275,72,-9,11,7.504065040650406,0,,,,,,,,,,,,,,,0.013839467436421867,,,,,,12.77,30,55710.6,55918.4,55341.2,56548.9,mid_price,no_price_available
