fetch_ts_utc,fetch_ts_ist,symbol,expiry_date,strike,option_type,underlying_value,bid_price,bid_qty,ask_price,ask_qty,ltp,mid_price,open_interest,change_in_oi,total_traded_volume,pchange_vs_prev_close,nse_iv,delta,gamma,theta,vega,vanna,charm,vomma,speed,zomma,color,veta,omega,dual_delta,dual_gamma,time_to_expiry_years,futures_price,implied_cost_of_carry,dividend_yield_used,dividend_yield_source,risk_free_rate_used,india_vix,lot_size,underlying_day_open,underlying_day_high,underlying_day_low,underlying_prev_close,price_source_for_iv,data_quality_flag
2026-08-25T04:24:12.282856+00:00,2026-08-25T09:54:12.282856+05:30,BANKNIFTY,25-Aug-2026,46000.0,CE,57467.6,11425,30,11533.8,150,11540.6,11479.4,177,-51,72,0.7125434703877755,175.62,0.9999954194819555,4.834500976903831e-10,-7.1275594896524,1.7913934575317352e-05,-3.506257340024632e-06,3.2373344465722375e-05,0.00025654772334261,-1.0114688645797095e-12,6.648245390496883e-09,-2.583867316166355e-08,-0.001045977545423564,5.010552855745761,-0.9999581762077077,7.545397249203275e-10,0.0006388799195839674,57520,1.4265633587079956,0.0068000000000000005,index_dividend_yield,0.065,11.47,30,57360.65,57653.85,57231.25,57525.95,mid_price,ok
2026-08-25T04:24:12.282856+00:00,2026-08-25T09:54:12.282856+05:30,BANKNIFTY,25-Aug-2026,46000.0,PE,57467.6,0.05,43110,0.1,32220,0.1,0.07500000000000001,6481,-556,1920,-33.333333333333336,117.15,-2.486888771138455e-14,1.117301787772431e-16,-6.934820848117688e-10,2.7617104624794697e-12,-1.2212400215412062e-12,3.942089421344561e-12,1.332875713288599e-10,-6.358182655246123e-19,5.296923923476535e-15,-1.6840833564048973e-14,-4.398265462667593e-10,-220.00310702105648,3.1140462637827e-14,1.7438171749811252e-16,0.0006388799195839674,57520,1.4265633587079956,0.0068000000000000005,index_dividend_yield,0.065,11.47,30,57360.65,57653.85,57231.25,57525.95,mid_price,wide_quote_low_liquidity
2026-08-25T04:24:12.282856+00:00,2026-08-25T09:54:12.282856+05:30,BANKNIFTY,25-Aug-2026,46500.0,CE,57467.6,10701.7,330,11179.35,300,0.0,10940.525000000001,4,0,0,0,0,,,,,,,,,,,,,,,0.0006388799195839674,,,,,,11.47,30,57360.65,57653.85,57231.25,57525.95,mid_price,no_price_available
2026-08-25T04:24:12.282856+00:00,2026-08-25T09:54:12.282856+05:30,BANKNIFTY,25-Aug-2026,46500.0,PE,57467.6,0.5,30,1.75,30,0.5,1.125,557,75,155,-23.076923076923077,124.86,-8.655927229043785e-12,3.278694642093916e-14,-2.3116450524142045e-07,8.637531818029876e-10,-3.189101783524649e-10,9.991482512123412e-10,3.116385756231079e-08,-1.4545088591356452e-16,1.1566652930030711e-12,-3.5672898706165904e-12,-9.98391692822543e-08,-220.91934536586757,1.0745957508122868e-11,5.007733234375776e-14,0.0006388799195839674,57520,1.4265633587079956,0.0068000000000000005,index_dividend_yield,0.065,11.47,30,57360.65,57653.85,57231.25,57525.95,mid_price,wide_quote_low_liquidity
2026-08-25T04:24:12.282856+00:00,2026-08-25T09:54:12.282856+05:30,BANKNIFTY,25-Aug-2026,47000.0,CE,57467.6,10466.05,30,10525.6,150,10519.85,10495.825,157,-1,2,0.9635825307477842,0,,,,,,,,,,,,,,,0.0006388799195839674,57520,1.4265633587079956,0.0068000000000000005,index_dividend_yield,0.065,11.47,30,57360.65,57653.85,57231.25,57525.95,mid_price,no_nse_iv
2026-08-25T04:24:12.282856+00:00,2026-08-25T09:54:12.282856+05:30,BANKNIFTY,25-Aug-2026,47000.0,PE,57467.6,0.45,600,1.35,60,0.9,0.9,855,-18,88,50,124.64,-7.799704747759232e-11,2.821310279172677e-13,-1.982127543367602e-06,7.4194831032365686e-09,-2.610011969673838e-09,7.9118541273865e-09,2.4261154929148043e-07,-1.1735034543352035e-15,8.999010621240585e-12,-2.689389448939874e-11,-7.53793392757957e-07,-211.45519779413448,9.581909251890157e-11,4.217948334139049e-13,0.0006388799195839674,57520,1.4265633587079956,0.0068000000000000005,index_dividend_yield,0.065,11.47,30,57360.65,57653.85,57231.25,57525.95,mid_price,wide_quote_low_liquidity
2026-08-25T04:24:12.282856+00:00,2026-08-25T09:54:12.282856+05:30,BANKNIFTY,25-Aug-2026,47500.0,CE,57467.6,9761.35,300,10126,300,0.0,9943.675,4,0,0,0,104.86,,,,,,,,,,,,,,,0.0006388799195839674,,,,,,11.47,30,57360.65,57653.85,57231.25,57525.95,mid_price,no_price_available
2026-08-25T04:24:12.282856+00:00,2026-08-25T09:54:12.282856+05:30,BANKNIFTY,25-Aug-2026,47500.0,PE,57467.6,0.3,30,1,570,0.25,0.65,426,1,28,-44.44444444444444,107.61,-1.1217644706956676e-12,5.135351007490993e-15,-2.689255061360161e-08,1.165972006044377e-10,-5.218025546585149e-11,1.4540025294888615e-10,5.318071459065444e-09,-2.977212506199026e-17,2.294499330949386e-13,-6.287923400228861e-13,-1.5131552456378836e-08,-267.034492263627,1.3622425910782752e-12,7.516731453318234e-15,0.0006388799195839674,57520,1.4265633587079956,0.0068000000000000005,index_dividend_yield,0.065,11.47,30,57360.65,57653.85,57231.25,57525.95,mid_price,wide_quote_low_liquidity
2026-08-25T04:24:12.282856+00:00,2026-08-25T09:54:12.282856+05:30,BANKNIFTY,25-Aug-2026,48000.0,CE,57467.6,9465.85,30,9522.25,150,9584.55,9494.05,96,0,3,1.4238095238095239,176.65,0.9999705833056132,4.1801417604122747e-08,-8.066854963584763,0.0015580091739180013,-0.0002435029584635373,0.0009517076331647179,0.014342402348561347,-6.879913408301529e-11,3.6114283058821415e-07,-1.3770414950402472e-06,-0.05836001437744042,6.068617210542244,-0.9999281541798749,5.991763400741922e-08,0.0006388799195839674,57520,1.4265633587079956,0.0068000000000000005,index_dividend_yield,0.065,11.47,30,57360.65,57653.85,57231.25,57525.95,mid_price,ok
2026-08-25T04:24:12.282856+00:00,2026-08-25T09:54:12.282856+05:30,BANKNIFTY,25-Aug-2026,48000.0,PE,57467.6,0.35,660,0.6,30,0.55,0.475,949,-48,97,-15.384615384615385,108.23,-2.1174303580761985e-11,9.079265772505203e-14,-4.809427176212706e-07,2.073307631343062e-09,-8.664697952834859e-10,2.322490490111384e-09,8.300698106825775e-08,-4.763900350558833e-16,3.5510283061535213e-12,-9.376078639006974e-12,-2.2773273620249298e-07,-250.63373530760424,2.5451971602779098e-11,1.30141070517044e-13,0.0006388799195839674,57520,1.4265633587079956,0.0068000000000000005,index_dividend_yield,0.065,11.47,30,57360.65,57653.85,57231.25,57525.95,mid_price,wide_quote_low_liquidity
2026-08-25T04:24:12.282856+00:00,2026-08-25T09:54:12.282856+05:30,BANKNIFTY,25-Aug-2026,48500.0,CE,57467.6,7862.2,300,9523.7,300,0.0,8692.95,0,0,0,0,0,,,,,,,,,,,,,,,0.0006388799195839674,,,,,,11.47,30,57360.65,57653.85,57231.25,57525.95,mid_price,no_price_available
2026-08-25T04:24:12.282856+00:00,2026-08-25T09:54:12.282856+05:30,BANKNIFTY,25-Aug-2026,48500.0,PE,57467.6,0.25,660,0.65,420,0.45,0.45,320,-5,137,0,100.9,-1.309724412192873e-11,6.085955393730647e-14,-2.8018675993181233e-07,1.2956428113785513e-09,-5.872499176311103e-10,1.4777740728739754e-09,5.686425599902705e-08,-3.589486821437833e-16,2.610686762409494e-12,-6.469283120381661e-12,-1.4639012194307755e-07,-271.50445273384804,1.55760042389034e-11,8.544593533645429e-14,0.0006388799195839674,57520,1.4265633587079956,0.0068000000000000005,index_dividend_yield,0.065,11.47,30,57360.65,57653.85,57231.25,57525.95,mid_price,wide_quote_low_liquidity
2026-08-25T04:24:12.282856+00:00,2026-08-25T09:54:12.282856+05:30,BANKNIFTY,25-Aug-2026,48600.0,CE,57467.6,7731,300,9342.1,300,0.0,8536.55,0,0,0,0,0,,,,,,,,,,,,,,,0.0006388799195839674,,,,,,11.47,30,57360.65,57653.85,57231.25,57525.95,mid_price,no_price_available
2026-08-25T04:24:12.282856+00:00,2026-08-25T09:54:12.282856+05:30,BANKNIFTY,25-Aug-2026,48600.0,PE,57467.6,0.15,3600,3,600,0.0,1.575,52,0,0,0,101.68,-3.171316087938203e-11,1.4347567480413648e-13,-6.707855713988394e-07,3.0780748200008204e-09,-1.3570197075725581e-09,3.3978905429554374e-09,1.2881949239739418e-07,-8.121446802013607e-16,5.863338813393348e-12,-1.446545554090809e-11,-3.302762232071231e-07,-264.45753538699614,3.76414366526073e-11,2.006096674253078e-13,0.0006388799195839674,57520,1.4265633587079956,0.0068000000000000005,index_dividend_yield,0.065,11.47,30,57360.65,57653.85,57231.25,57525.95,mid_price,wide_quote_low_liquidity
2026-08-25T04:24:12.282856+00:00,2026-08-25T09:54:12.282856+05:30,BANKNIFTY,25-Aug-2026,48700.0,CE,57467.6,7644.5,300,9363.3,300,0.0,8503.9,0,0,0,0,0,,,,,,,,,,,,,,,0.0006388799195839674,,,,,,11.47,30,57360.65,57653.85,57231.25,57525.95,mid_price,no_price_available
2026-08-25T04:24:12.282856+00:00,2026-08-25T09:54:12.282856+05:30,BANKNIFTY,25-Aug-2026,48700.0,PE,57467.6,0.2,600,2.9,300,0.35,1.55,35,0,3,-78.78787878787878,96.79,-5.9951782875659185e-12,2.9517101310959333e-14,-1.2504503394967402e-07,6.027948793505457e-10,-2.8976695056568585e-10,7.076431248528905e-10,2.853655560379314e-08,-1.9022203865717313e-16,1.3668251387326794e-12,-3.2853872414531042e-12,-7.124339442584365e-08,-287.9973339023097,7.099137339887648e-12,4.11019005332681e-14,0.0006388799195839674,57520,1.4265633587079956,0.0068000000000000005,index_dividend_yield,0.065,11.47,30,57360.65,57653.85,57231.25,57525.95,mid_price,wide_quote_low_liquidity
2026-08-25T04:24:12.282856+00:00,2026-08-25T09:54:12.282856+05:30,BANKNIFTY,25-Aug-2026,48800.0,CE,57467.6,7602.1,300,9055.8,300,0.0,8328.95,0,0,0,0,0,,,,,,,,,,,,,,,0.0006388799195839674,,,,,,11.47,30,57360.65,57653.85,57231.25,57525.95,mid_price,no_price_available
2026-08-25T04:24:12.282856+00:00,2026-08-25T09:54:12.282856+05:30,BANKNIFTY,25-Aug-2026,48800.0,PE,57467.6,0.35,120,2.85,60,0.3,1.6,50,0,14,-66.66666666666667,94.6,-3.668160937429222e-12,1.8663165455051767e-14,-7.552606737395923e-08,3.725133155294418e-10,-1.851843959937029e-10,4.452561357513992e-10,1.8423701242582048e-08,-1.2667751867237983e-16,9.03289650307975e-13,-2.1374027371368218e-12,-4.5274195044551026e-08,-296.85636660446346,4.334297226647853e-12,2.5881639437955138e-14,0.0006388799195839674,57520,1.4265633587079956,0.0068000000000000005,index_dividend_yield,0.065,11.47,30,57360.65,57653.85,57231.25,57525.95,mid_price,wide_quote_low_liquidity
2026-08-25T04:24:12.282856+00:00,2026-08-25T09:54:12.282856+05:30,BANKNIFTY,25-Aug-2026,48900.0,CE,57467.6,7470.15,300,9022.55,300,0.0,8246.349999999999,0,0,0,0,0,,,,,,,,,,,,,,,0.0006388799195839674,,,,,,11.47,30,57360.65,57653.85,57231.25,57525.95,mid_price,no_price_available
2026-08-25T04:24:12.282856+00:00,2026-08-25T09:54:12.282856+05:30,BANKNIFTY,25-Aug-2026,48900.0,PE,57467.6,0.25,660,1.9,600,0.3,1.075,204,-58,219,-60,93.5,-3.833361405797705e-12,1.9715123412108306e-14,-7.793805566434146e-08,3.8893450092497606e-10,-1.9539840344659265e-10,4.641619772236371e-10,1.942724169782945e-08,-1.3609381184931293e-16,9.636593658020551e-13,-2.2522697499380902e-12,-4.7154912310635363e-08,-300.4802932257872,4.5199188078615675e-12,2.7228762395438885e-14,0.0006388799195839674,57520,1.4265633587079956,0.0068000000000000005,index_dividend_yield,0.065,11.47,30,57360.65,57653.85,57231.25,57525.95,mid_price,wide_quote_low_liquidity
2026-08-25T04:24:12.282856+00:00,2026-08-25T09:54:12.282856+05:30,BANKNIFTY,25-Aug-2026,49000.0,CE,57467.6,8473.5,60,8575.3,30,0.0,8524.4,19,0,0,0,245.58,0.9953290074583971,3.8117330199916976e-06,-111.61094346390627,0.19750624306304743,-0.014049643572211501,0.07390520176204973,0.5305225950607978,-2.8580327053392262e-09,8.686580256669448e-06,-4.56435559128772e-05,-3.213840820886473,6.749395315182725,-0.994376715852635,5.2429586761848845e-06,0.0006388799195839674,57520,1.4265633587079956,0.0068000000000000005,index_dividend_yield,0.065,11.47,30,57360.65,57653.85,57231.25,57525.95,mid_price,ok
2026-08-25T04:24:12.282856+00:00,2026-08-25T09:54:12.282856+05:30,BANKNIFTY,25-Aug-2026,49000.0,PE,57467.6,0.25,570,0.3,30,0.25,0.275,872,-9,82,-68.75,98.64,-7.4056216949899e-11,3.3888496590005265e-13,-1.4910192552359098e-06,7.052948694954743e-09,-3.1424726190658028e-09,7.544687554394502e-09,2.924645945769773e-07,-1.9464298279837725e-15,1.3708724624661491e-11,-3.2446746748347396e-11,-7.196372466595329e-07,-267.7397682928701,8.717819697978817e-11,4.661291498842073e-13,0.0006388799195839674,57520,1.4265633587079956,0.0068000000000000005,index_dividend_yield,0.065,11.47,30,57360.65,57653.85,57231.25,57525.95,mid_price,wide_quote_low_liquidity
2026-08-25T04:24:12.282856+00:00,2026-08-25T09:54:12.282856+05:30,BANKNIFTY,25-Aug-2026,49100.0,CE,57467.6,7290.25,300,8935.3,300,0.0,8112.775,0,0,0,0,0,,,,,,,,,,,,,,,0.0006388799195839674,,,,,,11.47,30,57360.65,57653.85,57231.25,57525.95,mid_price,no_price_available
2026-08-25T04:24:12.282856+00:00,2026-08-25T09:54:12.282856+05:30,BANKNIFTY,25-Aug-2026,49100.0,PE,57467.6,0.3,900,2.9,210,0.0,1.5999999999999999,101,0,0,0,97.42,-7.546064297467137e-11,3.494862898562668e-13,-1.4998528566230784e-06,7.183624569414002e-09,-3.239450178958185e-09,7.679494628459335e-09,3.0135961961684067e-07,-2.0428398254951253e-15,1.4302250294874046e-11,-3.342480751964334e-11,-7.321825782614045e-07,-271.001064830193,8.864651697568086e-11,4.787549524010641e-13,0.0006388799195839674,57520,1.4265633587079956,0.0068000000000000005,index_dividend_yield,0.065,11.47,30,57360.65,57653.85,57231.25,57525.95,mid_price,wide_quote_low_liquidity
2026-08-25T04:24:12.282856+00:00,2026-08-25T09:54:12.282856+05:30,BANKNIFTY,25-Aug-2026,49200.0,CE,57467.6,7223.25,300,8643.3,300,0.0,7933.275,0,0,0,0,0,,,,,,,,,,,,,,,0.0006388799195839674,,,,,,11.47,30,57360.65,57653.85,57231.25,57525.95,mid_price,no_price_available
2026-08-25T04:24:12.282856+00:00,2026-08-25T09:54:12.282856+05:30,BANKNIFTY,25-Aug-2026,49200.0,PE,57467.6,0.3,900,2.9,150,0.0,1.5999999999999999,62,0,0,0,94.14,-3.0506575738099316e-11,1.4919796893949585e-13,-5.979030449245837e-07,2.9634831595445128e-09,-1.4128636831030364e-09,3.277204527146308e-09,1.34240304651699e-07,-9.48170881320679e-16,6.5997631277727e-12,-1.508276909495886e-11,-3.1881309346895416e-07,-285.99679095474966,3.575757743513391e-11,2.0355361796714847e-13,0.0006388799195839674,57520,1.4265633587079956,0.0068000000000000005,index_dividend_yield,0.065,11.47,30,57360.65,57653.85,57231.25,57525.95,mid_price,wide_quote_low_liquidity
2026-08-25T04:24:12.282856+00:00,2026-08-25T09:54:12.282856+05:30,BANKNIFTY,25-Aug-2026,49300.0,CE,57467.6,7102.4,300,8716.6,300,0.0,7909.5,0,0,0,0,0,,,,,,,,,,,,,,,0.0006388799195839674,,,,,,11.47,30,57360.65,57653.85,57231.25,57525.95,mid_price,no_price_available
2026-08-25T04:24:12.282856+00:00,2026-08-25T09:54:12.282856+05:30,BANKNIFTY,25-Aug-2026,49300.0,PE,57467.6,0.4,90,1.75,600,0.45,1.075,76,12,73,-50,91.89,-1.877900781123912e-11,9.508544653280742e-14,-3.630506680823122e-07,1.843519180462579e-09,-9.104899469690374e-10,2.0757861630080636e-09,8.746449952213126e-08,-6.381484526874283e-16,4.407682966470184e-12,-9.897358660853815e-12,-2.0406232524797152e-07,-296.1292372983977,2.1964073260804305e-11,1.2920113600229198e-13,0.0006388799195839674,57520,1.4265633587079956,0.0068000000000000005,index_dividend_yield,0.065,11.47,30,57360.65,57653.85,57231.25,57525.95,mid_price,wide_quote_low_liquidity
2026-08-25T04:24:12.282856+00:00,2026-08-25T09:54:12.282856+05:30,BANKNIFTY,25-Aug-2026,49400.0,CE,57467.6,7004.3,300,8608.3,300,0.0,7806.299999999999,0,0,0,0,0,,,,,,,,,,,,,,,0.0006388799195839674,,,,,,11.47,30,57360.65,57653.85,57231.25,57525.95,mid_price,no_price_available
2026-08-25T04:24:12.282856+00:00,2026-08-25T09:54:12.282856+05:30,BANKNIFTY,25-Aug-2026,49400.0,PE,57467.6,0.35,1200,2.9,150,0.0,1.625,44,0,0,0,97.42,-3.7052844136476714e-10,1.652716266039566e-12,-7.092658931355848e-06,3.3971270174503247e-08,-1.4724935027002885e-08,3.419401054983469e-08,1.3169046488088216e-06,-9.109138585958002e-15,6.237035986598024e-11,-1.4293984172822154e-10,-3.1403699938197275e-06,-261.3625044730349,4.326892901672346e-10,2.2366113478099473e-12,0.0006388799195839674,57520,1.4265633587079956,0.0068000000000000005,index_dividend_yield,0.065,11.47,30,57360.65,57653.85,57231.25,57525.95,mid_price,wide_quote_low_liquidity
2026-08-25T04:24:12.282856+00:00,2026-08-25T09:54:12.282856+05:30,BANKNIFTY,25-Aug-2026,49500.0,CE,57467.6,7184.8,330,8087.85,300,0.0,7636.325000000001,8,0,0,0,243.82,,,,,,,,,,,,,,,0.0006388799195839674,,,,,,11.47,30,57360.65,57653.85,57231.25,57525.95,mid_price,no_price_available
2026-08-25T04:24:12.282856+00:00,2026-08-25T09:54:12.282856+05:30,BANKNIFTY,25-Aug-2026,49500.0,PE,57467.6,0.45,30,1.75,30,0.45,1.1,176,-6,29,-30.76923076923077,89.65,-2.0640288625888056e-11,1.0690339249192634e-13,-3.885108811007383e-07,2.0221210023919763e-09,-1.0216227889292875e-09,2.269181826303842e-09,9.792834551945646e-08,-7.431756800665878e-16,5.057804948416786e-12,-1.1065940259908371e-11,-2.2262338319605282e-07,-302.99994163595164,2.4041602842169635e-11,1.4408779986079403e-13,0.0006388799195839674,57520,1.4265633587079956,0.0068000000000000005,index_dividend_yield,0.065,11.47,30,57360.65,57653.85,57231.25,57525.95,mid_price,wide_quote_low_liquidity
2026-08-25T04:24:12.282856+00:00,2026-08-25T09:54:12.282856+05:30,BANKNIFTY,25-Aug-2026,49600.0,CE,57467.6,6871.05,300,8210.1,300,0.0,7540.575000000001,0,0,0,0,0,,,,,,,,,,,,,,,0.0006388799195839674,,,,,,11.47,30,57360.65,57653.85,57231.25,57525.95,mid_price,no_price_available
2026-08-25T04:24:12.282856+00:00,2026-08-25T09:54:12.282856+05:30,BANKNIFTY,25-Aug-2026,49600.0,PE,57467.6,0.3,600,2.9,150,0.0,1.5999999999999999,36,0,0,0,93.23,-1.9096752260480114e-10,9.044373987709837e-13,-3.554663852284386e-06,1.7790967040268353e-08,-8.196685470034217e-09,1.8368926654134872e-08,7.454615307151725e-07,-5.4506458411421904e-15,3.692608678480748e-11,-8.16317942420483e-11,-1.7140686624156542e-06,-277.40150028718654,2.2205658860612417e-10,1.2141190676138744e-12,0.0006388799195839674,57520,1.4265633587079956,0.0068000000000000005,index_dividend_yield,0.065,11.47,30,57360.65,57653.85,57231.25,57525.95,mid_price,wide_quote_low_liquidity
2026-08-25T04:24:12.282856+00:00,2026-08-25T09:54:12.282856+05:30,BANKNIFTY,25-Aug-2026,49700.0,CE,57467.6,6733.7,300,8279.25,300,0.0,7506.475,0,0,0,0,0,,,,,,,,,,,,,,,0.0006388799195839674,,,,,,11.47,30,57360.65,57653.85,57231.25,57525.95,mid_price,no_price_available
2026-08-25T04:24:12.282856+00:00,2026-08-25T09:54:12.282856+05:30,BANKNIFTY,25-Aug-2026,49700.0,PE,57467.6,0.35,150,1.65,30,1.5,1.0,50,5,43,0,96.74,-1.3198711404227582e-09,5.741028994275805e-12,-2.429450597492337e-05,1.1718207443043848e-07,-4.944434475213875e-08,1.1229293870535121e-07,4.275117905106656e-06,-3.0418017388676257e-14,2.0351032230865195e-10,-4.5654523015552204e-10,-9.988431644841465e-06,-255.21906284843234,1.5321332983725875e-09,7.675789977285965e-12,0.0006388799195839674,57520,1.4265633587079956,0.0068000000000000005,index_dividend_yield,0.065,11.47,30,57360.65,57653.85,57231.25,57525.95,mid_price,wide_quote_low_liquidity
2026-08-25T04:24:12.282856+00:00,2026-08-25T09:54:12.282856+05:30,BANKNIFTY,25-Aug-2026,49800.0,CE,57467.6,6641.45,300,8200.3,300,0.0,7420.875,0,0,0,0,0,,,,,,,,,,,,,,,0.0006388799195839674,,,,,,11.47,30,57360.65,57653.85,57231.25,57525.95,mid_price,no_price_available
2026-08-25T04:24:12.282856+00:00,2026-08-25T09:54:12.282856+05:30,BANKNIFTY,25-Aug-2026,49800.0,PE,57467.6,0.3,600,2.7,150,0.0,1.5,11,0,0,0,91.23,-2.431293484485094e-10,1.1699504969792452e-12,-4.402968024688566e-06,2.252011063360827e-08,-1.0539634451361032e-08,2.3041535475085497e-08,9.527676398664236e-07,-7.215131424746689e-15,4.8214161051876786e-11,-1.0399453750289947e-10,-2.137765059947118e-06,-281.9242187741949,2.81558630030486e-10,1.5579550423594485e-12,0.0006388799195839674,57520,1.4265633587079956,0.0068000000000000005,index_dividend_yield,0.065,11.47,30,57360.65,57653.85,57231.25,57525.95,mid_price,wide_quote_low_liquidity
2026-08-25T04:24:12.282856+00:00,2026-08-25T09:54:12.282856+05:30,BANKNIFTY,25-Aug-2026,49900.0,CE,57467.6,6555.7,300,7950.8,300,0.0,7253.25,0,0,0,0,0,,,,,,,,,,,,,,,0.0006388799195839674,,,,,,11.47,30,57360.65,57653.85,57231.25,57525.95,mid_price,no_price_available
2026-08-25T04:24:12.282856+00:00,2026-08-25T09:54:12.282856+05:30,BANKNIFTY,25-Aug-2026,49900.0,PE,57467.6,0.35,600,1.3,30,1.8,0.825,8,0,13,-12.195121951219512,95.92,-2.647964778888733e-09,1.1403193785639284e-11,-4.744004069317172e-05,2.3078152215967965e-07,-9.630704360964941e-08,2.151660585422459e-07,8.166197987766064e-06,-5.944343111930092e-14,3.9160711598725425e-10,-8.646501073540172e-10,-1.8789917130511207e-05,-252.8881086076716,3.061601561537145e-09,1.5124169430781883e-11,0.0006388799195839674,57520,1.4265633587079956,0.0068000000000000005,index_dividend_yield,0.065,11.47,30,57360.65,57653.85,57231.25,57525.95,mid_price,wide_quote_low_liquidity
2026-08-25T04:24:12.282856+00:00,2026-08-25T09:54:12.282856+05:30,BANKNIFTY,25-Aug-2026,50000.0,CE,57467.6,7499.5,30,7524.35,240,7532.45,7511.925,668,-76,82,1.375458430066283,0,,,,,,,,,,,,,,,0.0006388799195839674,57520,1.4265633587079956,0.0068000000000000005,index_dividend_yield,0.065,11.47,30,57360.65,57653.85,57231.25,57525.95,mid_price,no_nse_iv
2026-08-25T04:24:12.282856+00:00,2026-08-25T09:54:12.282856+05:30,BANKNIFTY,25-Aug-2026,50000.0,PE,57467.6,0.3,1200,0.4,960,0.35,0.35,3900,-505,2421,-41.666666666666664,82.48,-1.1225860321647043e-11,6.402071188057895e-14,-1.9693073960658654e-07,1.114126514476739e-09,-6.203899309429323e-10,1.278993743655038e-09,6.027516033986088e-08,-5.215074419714683e-16,3.385852553428493e-12,-6.873113989693317e-12,-1.271070566514601e-07,-333.31844954638206,1.2941110334282417e-11,8.457200187563173e-14,0.0006388799195839674,57520,1.4265633587079956,0.0068000000000000005,index_dividend_yield,0.065,11.47,30,57360.65,57653.85,57231.25,57525.95,mid_price,wide_quote_low_liquidity
2026-08-25T04:24:12.282856+00:00,2026-08-25T09:54:12.282856+05:30,BANKNIFTY,25-Aug-2026,50100.0,CE,57467.6,6457.4,300,7852.5,300,0.0,7154.95,0,0,0,0,0,,,,,,,,,,,,,,,0.0006388799195839674,,,,,,11.47,30,57360.65,57653.85,57231.25,57525.95,mid_price,no_price_available
2026-08-25T04:24:12.282856+00:00,2026-08-25T09:54:12.282856+05:30,BANKNIFTY,25-Aug-2026,50100.0,PE,57467.6,0.35,1200,2.55,600,0.0,1.45,42,0,0,0,95.3,-5.670096628275506e-09,2.4064762598408503e-11,-9.882375453874182e-05,4.838824166013447e-07,-1.9876125437863655e-07,4.3757753033934164e-07,1.6483411663011847e-05,-1.2261066997711744e-13,7.945000000173896e-10,-1.7295233940679835e-09,-3.7421787427749855e-05,-249.47206745203965,6.5299998124187474e-09,3.166301381180622e-11,0.0006388799195839674,57520,1.4265633587079956,0.0068000000000000005,index_dividend_yield,0.065,11.47,30,57360.65,57653.85,57231.25,57525.95,mid_price,wide_quote_low_liquidity
2026-08-25T04:24:12.282856+00:00,2026-08-25T09:54:12.282856+05:30,BANKNIFTY,25-Aug-2026,50200.0,CE,57467.6,5763.45,300,7743.2,300,0.0,6753.325,0,0,0,0,0,,,,,,,,,,,,,,,0.0006388799195839674,,,,,,11.47,30,57360.65,57653.85,57231.25,57525.95,mid_price,no_price_available
2026-08-25T04:24:12.282856+00:00,2026-08-25T09:54:12.282856+05:30,BANKNIFTY,25-Aug-2026,50200.0,PE,57467.6,0.35,600,2.45,600,0.0,1.4000000000000001,44,0,0,0,87.48,-4.4639531317933116e-10,2.207205341393765e-12,-7.637480521227375e-06,4.073961039946909e-08,-1.9579253090809027e-08,4.073287007370481e-08,1.7426257906855072e-06,-1.4155057882461784e-14,9.188751076348728e-11,-1.8868551505279558e-10,-3.723813653238231e-06,-289.90127814362165,5.12784003301723e-10,2.892553661813695e-12,0.0006388799195839674,57520,1.4265633587079956,0.0068000000000000005,index_dividend_yield,0.065,11.47,30,57360.65,57653.85,57231.25,57525.95,mid_price,wide_quote_low_liquidity
2026-08-25T04:24:12.282856+00:00,2026-08-25T09:54:12.282856+05:30,BANKNIFTY,25-Aug-2026,50300.0,CE,57467.6,5670.75,300,7634.85,300,0.0,6652.8,0,0,0,0,0,,,,,,,,,,,,,,,0.0006388799195839674,,,,,,11.47,30,57360.65,57653.85,57231.25,57525.95,mid_price,no_price_available
2026-08-25T04:24:12.282856+00:00,2026-08-25T09:54:12.282856+05:30,BANKNIFTY,25-Aug-2026,50300.0,PE,57467.6,0.35,600,3,600,0.45,1.675,21,-1,3,-64,80.76,-3.1154499080437e-11,1.775281702372505e-13,-5.235348692945429e-07,3.0250248438486427e-09,-1.6813699551118907e-09,3.34458664040481e-09,1.5967491599671252e-07,-1.439904240953351e-15,9.150672197796884e-12,-1.7934365977808615e-11,-3.252150250289261e-07,-333.4057468537363,3.5700680867925754e-11,2.3172742046590403e-13,0.0006388799195839674,57520,1.4265633587079956,0.0068000000000000005,index_dividend_yield,0.065,11.47,30,57360.65,57653.85,57231.25,57525.95,mid_price,wide_quote_low_liquidity
2026-08-25T04:24:12.282856+00:00,2026-08-25T09:54:12.282856+05:30,BANKNIFTY,25-Aug-2026,50400.0,CE,57467.6,5626.35,300,7520.4,300,0.0,6573.375,0,0,0,0,0,,,,,,,,,,,,,,,0.0006388799195839674,,,,,,11.47,30,57360.65,57653.85,57231.25,57525.95,mid_price,no_price_available
2026-08-25T04:24:12.282856+00:00,2026-08-25T09:54:12.282856+05:30,BANKNIFTY,25-Aug-2026,50400.0,PE,57467.6,0.35,900,1,30,0.0,0.675,14,0,0,0,86.53,-9.121832517698158e-10,4.4784835588931235e-12,-1.5161681307465808e-05,8.176417263932877e-08,-3.898103780212407e-08,7.952718393384277e-08,3.404479554100465e-06,-2.834740691647457e-14,1.8129465174406972e-10,-3.6525395038960623e-10,-7.141395997757854e-06,-288.07626939707393,1.0437093521628615e-09,5.822587607939212e-12,0.0006388799195839674,57520,1.4265633587079956,0.0068000000000000005,index_dividend_yield,0.065,11.47,30,57360.65,57653.85,57231.25,57525.95,mid_price,wide_quote_low_liquidity
2026-08-25T04:24:12.282856+00:00,2026-08-25T09:54:12.282856+05:30,BANKNIFTY,25-Aug-2026,50500.0,CE,57467.6,6692.95,300,7132.3,300,0.0,6912.625,5,0,0,0,60.3,,,,,,,,,,,,,,,0.0006388799195839674,,,,,,11.47,30,57360.65,57653.85,57231.25,57525.95,mid_price,no_price_available
2026-08-25T04:24:12.282856+00:00,2026-08-25T09:54:12.282856+05:30,BANKNIFTY,25-Aug-2026,50500.0,PE,57467.6,0.6,270,1.4,990,0.0,1.0,557,0,0,0,77.61,-2.0508838790842168e-11,1.2271834988414926e-13,-3.342129081854371e-07,2.0095209999155753e-09,-1.173556149791029e-09,2.2567271095291126e-09,1.1251172757447804e-07,-1.0834568655971486e-15,6.712576518418404e-12,-1.2714360724577928e-11,-2.2142934270666213e-07,-350.1328867444902,2.3405082904437082e-11,1.5891791963831615e-13,0.0006388799195839674,57520,1.4265633587079956,0.0068000000000000005,index_dividend_yield,0.065,11.47,30,57360.65,57653.85,57231.25,57525.95,mid_price,wide_quote_low_liquidity
2026-08-25T04:24:12.282856+00:00,2026-08-25T09:54:12.282856+05:30,BANKNIFTY,25-Aug-2026,50600.0,CE,57467.6,5324.95,300,7223.15,300,0.0,6274.049999999999,0,0,0,0,0,,,,,,,,,,,,,,,0.0006388799195839674,,,,,,11.47,30,57360.65,57653.85,57231.25,57525.95,mid_price,no_price_available
2026-08-25T04:24:12.282856+00:00,2026-08-25T09:54:12.282856+05:30,BANKNIFTY,25-Aug-2026,50600.0,PE,57467.6,0.35,1800,1,30,0.0,0.675,51,0,0,0,83.58,-7.864174008496392e-10,4.012469575320357e-12,-1.267336525270759e-05,7.075864012084893e-08,-3.5069794589498055e-08,6.922933295562125e-08,3.0751040931691037e-06,-2.6951158713980295e-14,1.695734941082579e-10,-3.3053502236309596e-10,-6.2401147533868105e-06,-299.36343529541136,8.961360874433507e-10,5.175553939248932e-12,0.0006388799195839674,57520,1.4265633587079956,0.0068000000000000005,index_dividend_yield,0.065,11.47,30,57360.65,57653.85,57231.25,57525.95,mid_price,wide_quote_low_liquidity
2026-08-25T04:24:12.282856+00:00,2026-08-25T09:54:12.282856+05:30,BANKNIFTY,25-Aug-2026,50700.0,CE,57467.6,5259.8,300,7216.65,300,0.0,6238.225,0,0,0,0,0,,,,,,,,,,,,,,,0.0006388799195839674,,,,,,11.47,30,57360.65,57653.85,57231.25,57525.95,mid_price,no_price_available
2026-08-25T04:24:12.282856+00:00,2026-08-25T09:54:12.282856+05:30,BANKNIFTY,25-Aug-2026,50700.0,PE,57467.6,0.35,600,3,600,0.0,1.675,10,0,0,0,82.91,-1.0420290435583213e-09,5.321107706042456e-12,-1.653817317646521e-05,9.3083846958552e-08,-4.615615599413917e-08,9.008326554526345e-08,4.016641379356249e-06,-3.5751501199610707e-14,2.2318691292190797e-10,-4.302007902576433e-10,-8.06178976824073e-06,-299.7094271062215,1.1850634057701759e-09,6.836475338039121e-12,0.0006388799195839674,57520,1.4265633587079956,0.0068000000000000005,index_dividend_yield,0.065,11.47,30,57360.65,57653.85,57231.25,57525.95,mid_price,wide_quote_low_liquidity
2026-08-25T04:24:12.282856+00:00,2026-08-25T09:54:12.282856+05:30,BANKNIFTY,25-Aug-2026,50800.0,CE,57467.6,5144.9,300,7010.05,300,0.0,6077.475,0,0,0,0,0,,,,,,,,,,,,,,,0.0006388799195839674,,,,,,11.47,30,57360.65,57653.85,57231.25,57525.95,mid_price,no_price_available
2026-08-25T04:24:12.282856+00:00,2026-08-25T09:54:12.282856+05:30,BANKNIFTY,25-Aug-2026,50800.0,PE,57467.6,0.5,360,2.45,600,0.35,1.475,38,-2,3,-75,73.78,-1.7435088678443093e-11,1.101253540024386e-13,-2.710386257001702e-07,1.7143177703569002e-09,-1.0571497713741226e-09,1.937075086313342e-09,1.017238695587556e-07,-1.0708570552524713e-15,6.3851031641911135e-12,-1.1522511220099366e-11,-1.907252855063845e-07,-369.5436759425241,1.9776913708476925e-11,1.4093083119177433e-13,0.0006388799195839674,57520,1.4265633587079956,0.0068000000000000005,index_dividend_yield,0.065,11.47,30,57360.65,57653.85,57231.25,57525.95,mid_price,wide_quote_low_liquidity
2026-08-25T04:24:12.282856+00:00,2026-08-25T09:54:12.282856+05:30,BANKNIFTY,25-Aug-2026,50900.0,CE,57467.6,5061.3,300,6896.05,300,0.0,5978.675,0,0,0,0,0,,,,,,,,,,,,,,,0.0006388799195839674,,,,,,11.47,30,57360.65,57653.85,57231.25,57525.95,mid_price,no_price_available
2026-08-25T04:24:12.282856+00:00,2026-08-25T09:54:12.282856+05:30,BANKNIFTY,25-Aug-2026,50900.0,PE,57467.6,0.4,600,2.45,600,0.0,1.425,42,0,0,0,79.15,-6.086131803497502e-10,3.300393307614649e-12,-9.348262014855473e-06,5.5116543701939816e-08,-2.9050413545141665e-08,5.447306955439356e-08,2.564686014476815e-06,-2.4430449074797883e-14,1.4940037932375884e-10,-2.7657145997137334e-10,-4.94175687347977e-06,-318.14170986973585,6.893020782532868e-10,4.20703624444001e-12,0.0006388799195839674,57520,1.4265633587079956,0.0068000000000000005,index_dividend_yield,0.065,11.47,30,57360.65,57653.85,57231.25,57525.95,mid_price,wide_quote_low_liquidity
2026-08-25T04:24:12.282856+00:00,2026-08-25T09:54:12.282856+05:30,BANKNIFTY,25-Aug-2026,51000.0,CE,57467.6,6456.35,30,6528.9,30,6562.65,6492.625,150,-4,31,2.447762592005745,112.02,0.999984088679344,3.1615987580593965e-08,-8.190565407191627,0.0007472530206198566,-0.00019306761378512505,0.0004894414919578103,0.011869002734284876,-8.957181447918341e-11,4.739468331404827e-07,-1.149327266939258e-06,-0.030582009810210312,8.882747051413226,-0.9999453599537806,4.014324911872844e-08,0.0006388799195839674,57520,1.4265633587079956,0.0068000000000000005,index_dividend_yield,0.065,11.47,30,57360.65,57653.85,57231.25,57525.95,mid_price,ok
2026-08-25T04:24:12.282856+00:00,2026-08-25T09:54:12.282856+05:30,BANKNIFTY,25-Aug-2026,51000.0,PE,57467.6,0.35,210,0.4,780,0.35,0.375,2653,-91,372,-36.36363636363637,71.62,-1.9667737481460696e-11,1.2764322669023732e-13,-2.9602239490875817e-07,1.928845532473601e-09,-1.2221837070123967e-09,2.170005906112228e-09,1.172832111292783e-07,-1.3038695676644165e-15,7.582815802551272e-12,-1.3260942557216228e-11,-2.131098374151711e-07,-379.52365609840706,2.2220246585356126e-11,1.6207033970653627e-13,0.0006388799195839674,57520,1.4265633587079956,0.0068000000000000005,index_dividend_yield,0.065,11.47,30,57360.65,57653.85,57231.25,57525.95,mid_price,ok
2026-08-25T04:24:12.282856+00:00,2026-08-25T09:54:12.282856+05:30,BANKNIFTY,25-Aug-2026,51100.0,CE,57467.6,6336.95,30,6737.55,300,0.0,6537.25,3,0,0,0,154.77,0.9987421425903825,1.8422595033870924e-06,-27.981371604835463,0.06015932389293532,-0.007983465958483205,0.026511374176403816,0.3505006180991449,-2.5547151778308513e-09,9.543053205564495e-06,-3.1606796153425266e-05,-1.2925359602604891,9.009865857202536,-0.9985330720625282,2.3299957330487745e-06,0.0006388799195839674,57520,1.4265633587079956,0.0068000000000000005,index_dividend_yield,0.065,11.47,30,57360.65,57653.85,57231.25,57525.95,mid_price,ok
2026-08-25T04:24:12.282856+00:00,2026-08-25T09:54:12.282856+05:30,BANKNIFTY,25-Aug-2026,51100.0,PE,57467.6,0.9,630,1.75,60,0.95,1.325,85,1,22,0,76.59,-6.088996166457117e-10,3.412272828178122e-12,-9.049874653220916e-06,5.5141830130710436e-08,-3.0038618766208765e-08,5.4502887555927876e-08,2.6518930075775123e-06,-2.664795215094171e-14,1.596440704772309e-10,-2.8596878010209336e-10,-4.9443896133200446e-06,-328.8008967663358,6.868575241817943e-10,4.3156684034120916e-12,0.0006388799195839674,57520,1.4265633587079956,0.0068000000000000005,index_dividend_yield,0.065,11.47,30,57360.65,57653.85,57231.25,57525.95,mid_price,wide_quote_low_liquidity
2026-08-25T04:24:12.282856+00:00,2026-08-25T09:54:12.282856+05:30,BANKNIFTY,25-Aug-2026,51200.0,CE,57467.6,4942.35,300,6561.1,300,0.0,5751.725,0,0,0,0,0,,,,,,,,,,,,,,,0.0006388799195839674,,,,,,11.47,30,57360.65,57653.85,57231.25,57525.95,mid_price,no_price_available
2026-08-25T04:24:12.282856+00:00,2026-08-25T09:54:12.282856+05:30,BANKNIFTY,25-Aug-2026,51200.0,PE,57467.6,0.5,420,2.45,600,0.0,1.475,366,0,0,0,72.64,-1.479818722393132e-10,9.04949559928127e-13,-2.158866342824426e-06,1.3869652091902791e-08,-8.261688745726261e-09,1.4471681071200168e-08,7.561224988010766e-07,-8.243743440510055e-15,4.808710737857747e-11,-8.307777207427029e-11,-1.3584966852726984e-06,-358.33847416887335,1.6656045407513854e-10,1.140067516491677e-12,0.0006388799195839674,57520,1.4265633587079956,0.0068000000000000005,index_dividend_yield,0.065,11.47,30,57360.65,57653.85,57231.25,57525.95,mid_price,wide_quote_low_liquidity
2026-08-25T04:24:12.282856+00:00,2026-08-25T09:54:12.282856+05:30,BANKNIFTY,25-Aug-2026,51300.0,CE,57467.6,4819.15,300,6585.55,300,0.0,5702.35,0,0,0,0,0,,,,,,,,,,,,,,,0.0006388799195839674,,,,,,11.47,30,57360.65,57653.85,57231.25,57525.95,mid_price,no_price_available
2026-08-25T04:24:12.282856+00:00,2026-08-25T09:54:12.282856+05:30,BANKNIFTY,25-Aug-2026,51300.0,PE,57467.6,0.5,60,1.95,600,2,1.225,33,0,2,42.857142857142854,79.62,-7.872837041121926e-09,3.962184536217313e-11,-0.00011356001954302328,6.656136667229703e-07,-3.242697567197292e-07,5.943512942426615e-07,2.6627445275467944e-05,-2.582317553094951e-13,1.5352490397664713e-09,-2.7830752100330287e-09,-5.0358446573152346e-05,-296.14209927973263,8.849138529342919e-09,4.972171373767184e-11,0.0006388799195839674,57520,1.4265633587079956,0.0068000000000000005,index_dividend_yield,0.065,11.47,30,57360.65,57653.85,57231.25,57525.95,mid_price,wide_quote_low_liquidity
2026-08-25T04:24:12.282856+00:00,2026-08-25T09:54:12.282856+05:30,BANKNIFTY,25-Aug-2026,51400.0,CE,57467.6,4732.3,300,6477.75,300,0.0,5605.025,0,0,0,0,0,,,,,,,,,,,,,,,0.0006388799195839674,,,,,,11.47,30,57360.65,57653.85,57231.25,57525.95,mid_price,no_price_available
2026-08-25T04:24:12.282856+00:00,2026-08-25T09:54:12.282856+05:30,BANKNIFTY,25-Aug-2026,51400.0,PE,57467.6,0.7,90,1.95,600,2.2,1.325,103,-2,44,120,79.14,-1.1350458556084806e-08,5.686307750598604e-11,-0.00016101421052959833,9.494929952577201e-07,-4.601601870166718e-07,8.352162916409061e-07,3.736375952824875e-05,-3.6742571867546795e-13,2.1657365277454713e-09,-3.8888314548357625e-09,-7.002405442301725e-05,-294.9440314629765,1.2733368921985863e-08,7.108046218336516e-11,0.0006388799195839674,57520,1.4265633587079956,0.0068000000000000005,index_dividend_yield,0.065,11.47,30,57360.65,57653.85,57231.25,57525.95,mid_price,wide_quote_low_liquidity
2026-08-25T04:24:12.282856+00:00,2026-08-25T09:54:12.282856+05:30,BANKNIFTY,25-Aug-2026,51500.0,CE,57467.6,5228.75,300,6117.45,300,0.0,5673.1,11,0,0,0,43.24,,,,,,,,,,,,,,,0.0006388799195839674,,,,,,11.47,30,57360.65,57653.85,57231.25,57525.95,mid_price,no_price_available
2026-08-25T04:24:12.282856+00:00,2026-08-25T09:54:12.282856+05:30,BANKNIFTY,25-Aug-2026,51500.0,PE,57467.6,0.35,450,0.5,1200,0.35,0.425,1333,5,392,-36.36363636363637,66.24,-2.7080886455856094e-11,1.8871925575818206e-13,-3.74361821529997e-07,2.6375572652266424e-09,-1.7944456789245917e-09,2.933062037457908e-09,1.7095885681363668e-07,-2.2043162294488203e-15,1.194680683274488e-11,-1.923781056450853e-11,-2.860672344246761e-07,-407.8193057573757,3.029306459392492e-11,2.349891863562865e-13,0.0006388799195839674,57520,1.4265633587079956,0.0068000000000000005,index_dividend_yield,0.065,11.47,30,57360.65,57653.85,57231.25,57525.95,mid_price,wide_quote_low_liquidity
2026-08-25T04:24:12.282856+00:00,2026-08-25T09:54:12.282856+05:30,BANKNIFTY,25-Aug-2026,51600.0,CE,57467.6,4892.85,300,6120.4,300,0.0,5506.625,0,0,0,0,0,,,,,,,,,,,,,,,0.0006388799195839674,,,,,,11.47,30,57360.65,57653.85,57231.25,57525.95,mid_price,no_price_available
2026-08-25T04:24:12.282856+00:00,2026-08-25T09:54:12.282856+05:30,BANKNIFTY,25-Aug-2026,51600.0,PE,57467.6,0.6,30,2.35,600,0.5,1.475,58,0,11,-66.66666666666667,67.04,-9.67119956986106e-11,6.471949605699864e-13,-1.3150219125608055e-06,9.154497094985089e-09,-5.972141259886844e-09,9.708185169736136e-09,5.522646733824534e-07,-6.958577424475132e-15,3.807649755434845e-11,-6.103091119575148e-11,-9.203505874429477e-07,-392.0757084360811,1.0798407816761874e-10,8.027528278652176e-13,0.0006388799195839674,57520,1.4265633587079956,0.0068000000000000005,index_dividend_yield,0.065,11.47,30,57360.65,57653.85,57231.25,57525.95,mid_price,wide_quote_low_liquidity
2026-08-25T04:24:12.282856+00:00,2026-08-25T09:54:12.282856+05:30,BANKNIFTY,25-Aug-2026,51700.0,CE,57467.6,4782,300,6139.4,300,0.0,5460.7,0,0,0,0,0,,,,,,,,,,,,,,,0.0006388799195839674,,,,,,11.47,30,57360.65,57653.85,57231.25,57525.95,mid_price,no_price_available
2026-08-25T04:24:12.282856+00:00,2026-08-25T09:54:12.282856+05:30,BANKNIFTY,25-Aug-2026,51700.0,PE,57467.6,0.7,90,1.55,60,0.5,1.125,64,-1,23,-44.44444444444444,65.94,-1.0338041030350614e-10,7.022792157267107e-13,-1.3804866450492561e-06,9.770664858402612e-09,-6.470296166855513e-09,1.0336129516694903e-08,5.973740893204444e-07,-7.766531137183069e-15,4.187026559382417e-11,-6.595378812518376e-11,-9.783799089726176e-07,-398.1185186356795,1.152020044380678e-10,8.677104938337454e-13,0.0006388799195839674,57520,1.4265633587079956,0.0068000000000000005,index_dividend_yield,0.065,11.47,30,57360.65,57653.85,57231.25,57525.95,mid_price,wide_quote_low_liquidity
2026-08-25T04:24:12.282856+00:00,2026-08-25T09:54:12.282856+05:30,BANKNIFTY,25-Aug-2026,51800.0,CE,57467.6,4647.8,300,5941.1,300,0.0,5294.450000000001,0,0,0,0,0,,,,,,,,,,,,,,,0.0006388799195839674,,,,,,11.47,30,57360.65,57653.85,57231.25,57525.95,mid_price,no_price_available
2026-08-25T04:24:12.282856+00:00,2026-08-25T09:54:12.282856+05:30,BANKNIFTY,25-Aug-2026,51800.0,PE,57467.6,0.75,60,1.95,600,1.95,1.35,60,1,16,95,73.31,-9.844367519151898e-09,5.3461836100751835e-11,-0.00012989457681075958,8.26937045860002e-07,-4.346830107527401e-07,7.318680762678496e-07,3.545073735419232e-05,-3.919578639239433e-13,2.218923264084718e-09,-3.6955696574187643e-09,-6.161285278136579e-05,-319.7410095752185,1.0955627797311047e-08,6.580069353799752e-11,0.0006388799195839674,57520,1.4265633587079956,0.0068000000000000005,index_dividend_yield,0.065,11.47,30,57360.65,57653.85,57231.25,57525.95,mid_price,wide_quote_low_liquidity
2026-08-25T04:24:12.282856+00:00,2026-08-25T09:54:12.282856+05:30,BANKNIFTY,25-Aug-2026,51900.0,CE,57467.6,4593.1,300,5847.15,300,0.0,5220.125,0,0,0,0,0,,,,,,,,,,,,,,,0.0006388799195839674,,,,,,11.47,30,57360.65,57653.85,57231.25,57525.95,mid_price,no_price_available
2026-08-25T04:24:12.282856+00:00,2026-08-25T09:54:12.282856+05:30,BANKNIFTY,25-Aug-2026,51900.0,PE,57467.6,0.5,660,1.95,600,0.85,1.225,31,-28,52,-59.523809523809526,66.69,-6.982198905812139e-10,4.478195507212476e-12,-9.00405922949949e-06,6.30128504699884e-08,-3.9298893273185194e-08,6.197849313426645e-08,3.456843037063967e-06,-4.412941438771533e-14,2.389471492559917e-10,-3.720756684752581e-10,-5.603236331441225e-06,-376.51694512620605,7.751751512445891e-10,5.4905323488893555e-12,0.0006388799195839674,57520,1.4265633587079956,0.0068000000000000005,index_dividend_yield,0.065,11.47,30,57360.65,57653.85,57231.25,57525.95,mid_price,wide_quote_low_liquidity
2026-08-25T04:24:12.282856+00:00,2026-08-25T09:54:12.282856+05:30,BANKNIFTY,25-Aug-2026,52000.0,CE,57467.6,5500.75,30,5513.85,90,5533.1,5507.3,282,-34,105,2.34635838150289,104.49,0.999923328448011,1.9229961718618336e-07,-9.138438928189148,0.004239537757694808,-0.0010540984297646716,0.002397336134626621,0.0581840565830518,-5.198246812222729e-10,2.4551011532731663e-06,-5.517138551071821e-06,-0.1405085052301255,10.5060460491594,-0.999878041842336,2.3486475695881254e-07,0.0006388799195839674,57520,1.4265633587079956,0.0068000000000000005,index_dividend_yield,0.065,11.47,30,57360.65,57653.85,57231.25,57525.95,mid_price,ok
2026-08-25T04:24:12.282856+00:00,2026-08-25T09:54:12.282856+05:30,BANKNIFTY,25-Aug-2026,52000.0,PE,57467.6,0.75,1890,0.85,1020,0.8,0.8,5332,29,2611,-20,64.83,-4.929141219489579e-10,3.2806448040104826e-12,-6.233314436488157e-06,4.487460016492639e-08,-2.9059128758022616e-08,4.4738027939149824e-08,2.579669862967054e-06,-3.4663654989244815e-14,1.835241488434171e-10,-2.789025468427221e-10,-4.079873272623315e-06,-390.6011761350684,5.461367709991411e-10,4.0068090401662715e-12,0.0006388799195839674,57520,1.4265633587079956,0.0068000000000000005,index_dividend_yield,0.065,11.47,30,57360.65,57653.85,57231.25,57525.95,mid_price,ok
2026-08-25T04:24:12.282856+00:00,2026-08-25T09:54:12.282856+05:30,BANKNIFTY,25-Aug-2026,52100.0,CE,57467.6,3972.05,300,5674.3,780,0.0,4823.175,0,0,0,0,0,,,,,,,,,,,,,,,0.0006388799195839674,,,,,,11.47,30,57360.65,57653.85,57231.25,57525.95,mid_price,no_price_available
2026-08-25T04:24:12.282856+00:00,2026-08-25T09:54:12.282856+05:30,BANKNIFTY,25-Aug-2026,52100.0,PE,57467.6,0.55,6000,1.35,180,0.0,0.9500000000000001,45,0,0,0,66.11,-2.0674914111153353e-09,1.3004426504502273e-11,-2.5693762584827506e-05,1.813943352311661e-07,-1.1077113287023327e-07,1.710050575048994e-07,9.458674287252458e-06,-1.2308722649625353e-13,6.584124752883989e-10,-1.0043337057373478e-09,-1.5032045359644063e-05,-369.70720817741363,2.286662933485604e-09,1.582201815086207e-11,0.0006388799195839674,57520,1.4265633587079956,0.0068000000000000005,index_dividend_yield,0.065,11.47,30,57360.65,57653.85,57231.25,57525.95,mid_price,wide_quote_low_liquidity
2026-08-25T04:24:12.282856+00:00,2026-08-25T09:54:12.282856+05:30,BANKNIFTY,25-Aug-2026,52200.0,CE,57467.6,4141.2,300,5423.55,300,0.0,4782.375,1,0,0,0,0,,,,,,,,,,,,,,,0.0006388799195839674,,,,,,11.47,30,57360.65,57653.85,57231.25,57525.95,mid_price,no_price_available
2026-08-25T04:24:12.282856+00:00,2026-08-25T09:54:12.282856+05:30,BANKNIFTY,25-Aug-2026,52200.0,PE,57467.6,0.75,90,1.3,150,1.6,1.025,120,11,16,3.225806451612903,67.11,-6.8016153650668625e-09,4.0781960552073195e-11,-8.303074503650277e-05,5.774583926370024e-07,-3.35468194651801e-07,5.18985392903886e-07,2.766901417839462e-05,-3.5284810112252874e-13,1.8932465256053076e-09,-2.8965116925975695e-09,-4.41552951254105e-05,-352.9331794116242,7.50919556249986e-09,4.942802010449999e-11,0.0006388799195839674,57520,1.4265633587079956,0.0068000000000000005,index_dividend_yield,0.065,11.47,30,57360.65,57653.85,57231.25,57525.95,mid_price,wide_quote_low_liquidity
2026-08-25T04:24:12.282856+00:00,2026-08-25T09:54:12.282856+05:30,BANKNIFTY,25-Aug-2026,52300.0,CE,57467.6,3830.75,300,5447.7,300,0.0,4639.225,0,0,0,0,0,,,,,,,,,,,,,,,0.0006388799195839674,,,,,,11.47,30,57360.65,57653.85,57231.25,57525.95,mid_price,no_price_available
2026-08-25T04:24:12.282856+00:00,2026-08-25T09:54:12.282856+05:30,BANKNIFTY,25-Aug-2026,52300.0,PE,57467.6,0.8,600,1.8,660,0.45,1.3,142,0,6,-60.869565217391305,58.85,-1.1164665094385814e-10,8.48294233879418e-13,-1.3280898399012104e-06,1.0533151743057326e-08,-7.804223335838932e-09,1.111338763523304e-08,7.191798029309316e-07,-1.1723161046110253e-14,5.6475219309378255e-11,-7.93054564590228e-11,-1.0500823891214426e-06,-445.3092715448863,1.2295353724566023e-10,1.0242105798484794e-12,0.0006388799195839674,57520,1.4265633587079956,0.0068000000000000005,index_dividend_yield,0.065,11.47,30,57360.65,57653.85,57231.25,57525.95,mid_price,wide_quote_low_liquidity
2026-08-25T04:24:12.282856+00:00,2026-08-25T09:54:12.282856+05:30,BANKNIFTY,25-Aug-2026,52400.0,CE,57467.6,3726.25,300,5364.65,300,0.0,4545.45,0,0,0,0,0,,,,,,,,,,,,,,,0.0006388799195839674,,,,,,11.47,30,57360.65,57653.85,57231.25,57525.95,mid_price,no_price_available
2026-08-25T04:24:12.282856+00:00,2026-08-25T09:54:12.282856+05:30,BANKNIFTY,25-Aug-2026,52400.0,PE,57467.6,0.5,1200,1.8,630,0.0,1.15,173,0,0,0,59.6,-4.1796784306699567e-10,3.038326996082998e-12,-4.87875039083531e-06,3.820728085350833e-08,-2.7036977325990687e-08,3.8340274269343764e-08,2.410462840943834e-06,-3.8101509536865716e-14,1.865786392869236e-10,-2.6114163593429583e-10,-3.510652805320041e-06,-426.6268319212378,4.594638710450074e-10,3.654416632890776e-12,0.0006388799195839674,57520,1.4265633587079956,0.0068000000000000005,index_dividend_yield,0.065,11.47,30,57360.65,57653.85,57231.25,57525.95,mid_price,wide_quote_low_liquidity
2026-08-25T04:24:12.282856+00:00,2026-08-25T09:54:12.282856+05:30,BANKNIFTY,25-Aug-2026,52500.0,CE,57467.6,4967.75,30,5106.3,300,0.0,5037.025,2,0,0,0,0,,,,,,,,,,,,,,,0.0006388799195839674,57520,1.4265633587079956,0.0068000000000000005,index_dividend_yield,0.065,11.47,30,57360.65,57653.85,57231.25,57525.95,mid_price,no_nse_iv
2026-08-25T04:24:12.282856+00:00,2026-08-25T09:54:12.282856+05:30,BANKNIFTY,25-Aug-2026,52500.0,PE,57467.6,0.55,11160,0.6,7770,0.6,0.575,4728,148,2938,0,58.06,-3.4049692799504736e-10,2.5536388333666675e-12,-3.891238288165733e-06,3.1282529600870034e-08,-2.2846902812082794e-08,3.1640455621653025e-08,2.0476799629254176e-06,-3.415295169840682e-14,1.6274865896431979e-10,-2.224280112243637e-10,-2.911718088166609e-06,-440.08434605728564,3.735619889626017e-10,3.0597573570007474e-12,0.0006388799195839674,57520,1.4265633587079956,0.0068000000000000005,index_dividend_yield,0.065,11.47,30,57360.65,57653.85,57231.25,57525.95,mid_price,ok
2026-08-25T04:24:12.282856+00:00,2026-08-25T09:54:12.282856+05:30,BANKNIFTY,25-Aug-2026,52600.0,CE,57467.6,4015,300,5096.45,300,0.0,4555.725,0,0,0,0,53.7,,,,,,,,,,,,,,,0.0006388799195839674,,,,,,11.47,30,57360.65,57653.85,57231.25,57525.95,mid_price,no_price_available
2026-08-25T04:24:12.282856+00:00,2026-08-25T09:54:12.282856+05:30,BANKNIFTY,25-Aug-2026,52600.0,PE,57467.6,0.55,600,1.8,660,0.6,1.175,106,-1,9,-67.56756756756756,56.95,-3.678179546478665e-10,2.806998597243528e-12,-4.11525243234853e-06,3.37288304800242e-08,-2.5065451843942615e-08,3.401544058223952e-08,2.242067589839396e-06,-3.8901662732652976e-14,1.8165219707933552e-10,-2.432887679449386e-10,-3.124395659671128e-06,-447.87925690964397,4.027529809269163e-10,3.3505555892227455e-12,0.0006388799195839674,57520,1.4265633587079956,0.0068000000000000005,index_dividend_yield,0.065,11.47,30,57360.65,57653.85,57231.25,57525.95,mid_price,wide_quote_low_liquidity
2026-08-25T04:24:12.282856+00:00,2026-08-25T09:54:12.282856+05:30,BANKNIFTY,25-Aug-2026,52700.0,CE,57467.6,3878.3,300,4992.6,300,0.0,4435.450000000001,0,0,0,0,0,,,,,,,,,,,,,,,0.0006388799195839674,,,,,,11.47,30,57360.65,57653.85,57231.25,57525.95,mid_price,no_price_available
2026-08-25T04:24:12.282856+00:00,2026-08-25T09:54:12.282856+05:30,BANKNIFTY,25-Aug-2026,52700.0,PE,57467.6,0.85,660,1.15,30,1.15,1.0,307,-34,109,15,59.21,-3.37915060056779e-09,2.3418001880080165e-11,-3.711077416857119e-05,2.925568398883019e-07,-1.9675892034149986e-07,2.7053447602986586e-07,1.6567026188549595e-05,-2.6430299751874873e-13,1.2865192253554041e-09,-1.7484568145964953e-09,-2.3468539284219548e-05,-407.687127902757,3.6938899489171014e-09,2.7846763508417082e-11,0.0006388799195839674,57520,1.4265633587079956,0.0068000000000000005,index_dividend_yield,0.065,11.47,30,57360.65,57653.85,57231.25,57525.95,mid_price,wide_quote_low_liquidity
2026-08-25T04:24:12.282856+00:00,2026-08-25T09:54:12.282856+05:30,BANKNIFTY,25-Aug-2026,52800.0,CE,57467.6,3768.9,300,4934.5,300,0.0,4351.7,0,0,0,0,0,,,,,,,,,,,,,,,0.0006388799195839674,,,,,,11.47,30,57360.65,57653.85,57231.25,57525.95,mid_price,no_price_available
2026-08-25T04:24:12.282856+00:00,2026-08-25T09:54:12.282856+05:30,BANKNIFTY,25-Aug-2026,52800.0,PE,57467.6,0.8,120,1.75,120,0.8,1.275,347,-12,26,-30.434782608695652,56.14,-1.1196225267197042e-09,8.427950463687655e-12,-1.20065483323253e-05,9.982969430763559e-08,-7.306656844516997e-08,9.644150782383557e-08,6.345934979884865e-06,-1.1279440701558562e-13,5.20706174186055e-10,-6.788186896535096e-10,-8.614636901119576e-06,-442.3026187059623,1.2213539791451465e-09,9.983900627175481e-12,0.0006388799195839674,57520,1.4265633587079956,0.0068000000000000005,index_dividend_yield,0.065,11.47,30,57360.65,57653.85,57231.25,57525.95,mid_price,wide_quote_low_liquidity
2026-08-25T04:24:12.282856+00:00,2026-08-25T09:54:12.282856+05:30,BANKNIFTY,25-Aug-2026,52900.0,CE,57467.6,3682.35,300,4793.65,300,0.0,4238.0,0,0,0,0,0,,,,,,,,,,,,,,,0.0006388799195839674,,,,,,11.47,30,57360.65,57653.85,57231.25,57525.95,mid_price,no_price_available
2026-08-25T04:24:12.282856+00:00,2026-08-25T09:54:12.282856+05:30,BANKNIFTY,25-Aug-2026,52900.0,PE,57467.6,0.7,180,2,570,1.05,1.35,207,6,18,-27.586206896551722,56.4,-2.9565289448441613e-09,2.1588698674671476e-11,-3.104045423359976e-05,2.569040360834434e-07,-1.8212274725969914e-07,2.3885867120554843e-07,1.5393804490800762e-05,-2.700436940476063e-13,1.2552680006986342e-09,-1.62713734609233e-09,-2.079599085825496e-05,-429.5465662250322,3.2192848189155067e-09,2.5477759929682593e-11,0.0006388799195839674,57520,1.4265633587079956,0.0068000000000000005,index_dividend_yield,0.065,11.47,30,57360.65,57653.85,57231.25,57525.95,mid_price,wide_quote_low_liquidity
2026-08-25T04:24:12.282856+00:00,2026-08-25T09:54:12.282856+05:30,BANKNIFTY,25-Aug-2026,53000.0,CE,57467.6,4500.25,30,4514.8,60,4561,4507.525,505,-19,26,2.9396828979292446,79.51,0.9999687972560305,9.912982312810146e-08,-8.650604034685811,0.0016629969142495638,-0.000578688295060914,0.0010161012025886413,0.033949286006954904,-3.991067641364687e-10,1.8989937990313688e-06,-3.257050893380152e-06,-0.06214727850374503,12.857155939650864,-0.9999292197329229,1.1654635957950614e-07,0.0006388799195839674,57520,1.4265633587079956,0.0068000000000000005,index_dividend_yield,0.065,11.47,30,57360.65,57653.85,57231.25,57525.95,mid_price,ok
2026-08-25T04:24:12.282856+00:00,2026-08-25T09:54:12.282856+05:30,BANKNIFTY,25-Aug-2026,53000.0,PE,57467.6,0.75,9570,0.8,8880,0.75,0.775,8454,-30,5259,-16.666666666666668,53.57,-1.0726561889930928e-09,8.471165089366341e-12,-1.0988045525913506e-05,9.574809687325849e-08,-7.353918833350647e-08,9.266081579420501e-08,6.394421944725481e-06,-1.2536702092856096e-13,5.498929887776151e-10,-6.84320604627207e-10,-8.286038680132117e-06,-464.06784382169633,1.1655813550519523e-09,9.959499789350178e-12,0.0006388799195839674,57520,1.4265633587079956,0.0068000000000000005,index_dividend_yield,0.065,11.47,30,57360.65,57653.85,57231.25,57525.95,mid_price,ok
2026-08-25T04:24:12.282856+00:00,2026-08-25T09:54:12.282856+05:30,BANKNIFTY,25-Aug-2026,53100.0,CE,57467.6,3422,300,4649.05,300,0.0,4035.525,0,0,0,0,0,,,,,,,,,,,,,,,0.0006388799195839674,,,,,,11.47,30,57360.65,57653.85,57231.25,57525.95,mid_price,no_price_available
2026-08-25T04:24:12.282856+00:00,2026-08-25T09:54:12.282856+05:30,BANKNIFTY,25-Aug-2026,53100.0,PE,57467.6,0.55,600,1.3,60,0.6,0.925,148,27,115,-52,51.42,-5.606151168485766e-10,4.6892400972735355e-12,-5.60390849844384e-06,5.0874470352385274e-08,-4.142956853440416e-08,5.049163089985187e-08,3.6654027888060455e-06,-7.90318546852527e-14,3.2871030178967137e-10,-3.9548844638610826e-10,-4.5898339133644446e-06,-491.2111897550917,6.079621351752075e-10,5.492366988904458e-12,0.0006388799195839674,57520,1.4265633587079956,0.0068000000000000005,index_dividend_yield,0.065,11.47,30,57360.65,57653.85,57231.25,57525.95,mid_price,wide_quote_low_liquidity
2026-08-25T04:24:12.282856+00:00,2026-08-25T09:54:12.282856+05:30,BANKNIFTY,25-Aug-2026,53200.0,CE,57467.6,4196.95,300,4382.1,300,0.0,4289.525,1,0,0,0,22.47,0.9999956556259837,8.913840403602351e-44,-8.402954574343001,4.2260369028675945e-40,0.0,1.8630056048497013e-05,3.858849044177697e-37,-1.7168504050295525e-41,8.085943608381095e-41,-3.022496732352562e-40,-1.5046231526408552e-36,13.459784270237561,-0.999958473667469,1.0401302088324472e-43,0.0006388799195839674,57520,1.4265633587079956,0.0068000000000000005,index_dividend_yield,0.065,11.47,30,57360.65,57653.85,57231.25,57525.95,mid_price,ok
2026-08-25T04:24:12.282856+00:00,2026-08-25T09:54:12.282856+05:30,BANKNIFTY,25-Aug-2026,53200.0,PE,57467.6,0.85,660,1.6,120,1.75,1.225,166,4,23,40,54.62,-1.0794100015820401e-08,7.846700954261071e-11,-0.00010580517115115534,9.042825617316012e-07,-6.368327065929634e-07,7.978541335850945e-07,5.178890088559592e-05,-9.640904959014017e-13,4.3500029220359445e-09,-5.3913773209719506e-09,-6.698749237712361e-05,-428.3875158194696,1.1687199861836535e-08,9.156087985267286e-11,0.0006388799195839674,57520,1.4265633587079956,0.0068000000000000005,index_dividend_yield,0.065,11.47,30,57360.65,57653.85,57231.25,57525.95,mid_price,wide_quote_low_liquidity
2026-08-25T04:24:12.282856+00:00,2026-08-25T09:54:12.282856+05:30,BANKNIFTY,25-Aug-2026,53300.0,CE,57467.6,3253.55,300,4397.3,300,0.0,3825.425,0,0,0,0,0,,,,,,,,,,,,,,,0.0006388799195839674,,,,,,11.47,30,57360.65,57653.85,57231.25,57525.95,mid_price,no_price_available
2026-08-25T04:24:12.282856+00:00,2026-08-25T09:54:12.282856+05:30,BANKNIFTY,25-Aug-2026,53300.0,PE,57467.6,0.9,120,1.45,210,1.7,1.175,462,319,846,30.76923076923077,52.45,-6.4196345788673625e-09,4.933127316000619e-11,-6.133653369733495e-05,5.459252418818467e-07,-4.0684773102903184e-07,4.920535165182774e-07,3.3614238572328214e-05,-6.806610609288477e-13,2.9432681994837758e-09,-3.520160362307661e-09,-4.1931719546221125e-05,-452.56130658000825,6.936888868483043e-09,5.7347438777099255e-11,0.0006388799195839674,57520,1.4265633587079956,0.0068000000000000005,index_dividend_yield,0.065,11.47,30,57360.65,57653.85,57231.25,57525.95,mid_price,wide_quote_low_liquidity
2026-08-25T04:24:12.282856+00:00,2026-08-25T09:54:12.282856+05:30,BANKNIFTY,25-Aug-2026,53400.0,CE,57467.6,3218.4,300,4378.15,300,0.0,3798.2749999999996,0,0,0,0,0,,,,,,,,,,,,,,,0.0006388799195839674,,,,,,11.47,30,57360.65,57653.85,57231.25,57525.95,mid_price,no_price_available
2026-08-25T04:24:12.282856+00:00,2026-08-25T09:54:12.282856+05:30,BANKNIFTY,25-Aug-2026,53400.0,PE,57467.6,0.9,90,1.55,30,1.35,1.225,225,14,172,-3.5714285714285716,51.88,-1.0257561312931049e-08,7.862184726533555e-11,-9.56398257002861e-05,8.606143229389716e-07,-6.39209572740343e-07,7.609856791578088e-07,5.206402474781266e-05,-1.075135205023379e-12,4.604555651026079e-09,-5.422740873944303e-09,-6.39864141087999e-05,-451.70403128644995,1.106334154739837e-08,9.105563973830993e-11,0.0006388799195839674,57520,1.4265633587079956,0.0068000000000000005,index_dividend_yield,0.065,11.47,30,57360.65,57653.85,57231.25,57525.95,mid_price,wide_quote_low_liquidity
2026-08-25T04:24:12.282856+00:00,2026-08-25T09:54:12.282856+05:30,BANKNIFTY,25-Aug-2026,53500.0,CE,57467.6,3934.7,300,4054.15,300,0.0,3994.425,231,0,0,0,70.76,0.9999654149891248,1.246317487590722e-07,-8.738409525915882,0.001860723624691306,-0.0007229139777908955,0.0011268787158585831,0.042117250111331106,-5.771105081148299e-10,2.644859849066951e-06,-4.034916490077524e-06,-0.06862590598901347,14.476500447124637,-0.9999258590791862,1.4380276784775278e-07,0.0006388799195839674,57520,1.4265633587079956,0.0068000000000000005,index_dividend_yield,0.065,11.47,30,57360.65,57653.85,57231.25,57525.95,mid_price,ok
2026-08-25T04:24:12.282856+00:00,2026-08-25T09:54:12.282856+05:30,BANKNIFTY,25-Aug-2026,53500.0,PE,57467.6,0.9,1200,0.95,7710,0.9,0.925,3787,558,6647,-28,49.01,-3.6428370822989025e-09,3.043654957579826e-11,-3.304064730079532e-05,3.1473531689635396e-07,-2.553334220274107e-07,2.9026243720522693e-07,2.1451890391161163e-05,-5.046658317888928e-13,2.012284359012233e-09,-2.2612744354447932e-09,-2.5128048977409755e-05,-491.77066969393616,3.9209495498183185e-09,3.5118339558855986e-11,0.0006388799195839674,57520,1.4265633587079956,0.0068000000000000005,index_dividend_yield,0.065,11.47,30,57360.65,57653.85,57231.25,57525.95,mid_price,ok
2026-08-25T04:24:12.282856+00:00,2026-08-25T09:54:12.282856+05:30,BANKNIFTY,25-Aug-2026,53600.0,CE,57467.6,3572.95,300,3974.2,300,0.0,3773.575,3,0,0,0,43.6,,,,,,,,,,,,,,,0.0006388799195839674,,,,,,11.47,30,57360.65,57653.85,57231.25,57525.95,mid_price,no_price_available
2026-08-25T04:24:12.282856+00:00,2026-08-25T09:54:12.282856+05:30,BANKNIFTY,25-Aug-2026,53600.0,PE,57467.6,0.9,120,1.5,120,1,1.2,275,19,178,-28.571428571428573,47.62,-3.3647754952960487e-09,2.8997117559875255e-11,-2.9717037849428368e-05,2.9134634823416137e-07,-2.4384532816659285e-07,2.695568855581425e-07,2.0533890026633802e-05,-5.158183755816099e-13,1.9826753203500362e-09,-2.1664344922735244e-09,-2.3386208514625653e-05,-507.2101709454798,3.614679214156066e-09,3.333276728959802e-11,0.0006388799195839674,57520,1.4265633587079956,0.0068000000000000005,index_dividend_yield,0.065,11.47,30,57360.65,57653.85,57231.25,57525.95,mid_price,wide_quote_low_liquidity
2026-08-25T04:24:12.282856+00:00,2026-08-25T09:54:12.282856+05:30,BANKNIFTY,25-Aug-2026,53700.0,CE,57467.6,2877.05,300,3982.3,300,0.0,3429.675,0,0,0,0,0,,,,,,,,,,,,,,,0.0006388799195839674,,,,,,11.47,30,57360.65,57653.85,57231.25,57525.95,mid_price,no_price_available
2026-08-25T04:24:12.282856+00:00,2026-08-25T09:54:12.282856+05:30,BANKNIFTY,25-Aug-2026,53700.0,PE,57467.6,1.15,300,1.3,30,1.15,1.225,360,-69,502,-32.35294117647059,47.59,-8.20020308538354e-09,6.896449258601768e-11,-7.05857604182916e-05,6.924790016118348e-07,-5.647349145503356e-07,6.180350607492646e-07,4.63145529289892e-05,-1.1522305393476238e-12,4.4673129561457196e-09,-4.835564061481042e-09,-5.230233233456846e-05,-495.56047573432625,8.793238789992254e-09,7.898108475921869e-11,0.0006388799195839674,57520,1.4265633587079956,0.0068000000000000005,index_dividend_yield,0.065,11.47,30,57360.65,57653.85,57231.25,57525.95,mid_price,ok
2026-08-25T04:24:12.282856+00:00,2026-08-25T09:54:12.282856+05:30,BANKNIFTY,25-Aug-2026,53800.0,CE,57467.6,3609,30,3804.05,300,0.0,3706.525,3,0,0,0,60.81,0.9999871420783817,4.3498120100254616e-08,-8.58248971037338,0.000558098493330931,-0.0002707872202023509,0.00037749449856330135,0.016915793080579233,-2.755521564809552e-10,1.2468592665353307e-06,-1.6427774474548182e-06,-0.02364404579522932,15.660311594124458,-0.999949349969061,4.9630889307969755e-08,0.0006388799195839674,57520,1.4265633587079956,0.0068000000000000005,index_dividend_yield,0.065,11.47,30,57360.65,57653.85,57231.25,57525.95,mid_price,ok
2026-08-25T04:24:12.282856+00:00,2026-08-25T09:54:12.282856+05:30,BANKNIFTY,25-Aug-2026,53800.0,PE,57467.6,1.25,60,1.4,1470,1.25,1.325,526,-5,349,-30.555555555555557,46.81,-1.1828974147157973e-08,1.0006789135325765e-10,-9.908762284984164e-05,9.883226491672206e-07,-8.102390197316419e-07,8.689124262486933e-07,6.570295376469496e-05,-1.6881364232289086e-12,6.438267226787934e-09,-6.8309117173164745e-09,-7.275875685650254e-05,-498.7482890298527,1.2660701403471458e-08,1.1417639262544574e-10,0.0006388799195839674,57520,1.4265633587079956,0.0068000000000000005,index_dividend_yield,0.065,11.47,30,57360.65,57653.85,57231.25,57525.95,mid_price,ok
2026-08-25T04:24:12.282856+00:00,2026-08-25T09:54:12.282856+05:30,BANKNIFTY,25-Aug-2026,53900.0,CE,57467.6,3109.5,330,3765.1,300,0.0,3437.3,4,0,0,0,0,,,,,,,,,,,,,,,0.0006388799195839674,,,,,,11.47,30,57360.65,57653.85,57231.25,57525.95,mid_price,no_price_available
2026-08-25T04:24:12.282856+00:00,2026-08-25T09:54:12.282856+05:30,BANKNIFTY,25-Aug-2026,53900.0,PE,57467.6,0.9,90,1.25,30,1.2,1.075,178,12,121,-29.41176470588235,45.46,-1.157098586034555e-08,1.0085760457551378e-10,-9.418919842485327e-05,9.673941108264846e-07,-8.17274972072111e-07,8.513147360662356e-07,6.631882309222605e-05,-1.820622392270519e-12,6.691902902607979e-09,-6.89625218335526e-09,-7.133101519708229e-05,-513.9040781630816,1.2360866707912176e-08,1.1465083955012647e-10,0.0006388799195839674,57520,1.4265633587079956,0.0068000000000000005,index_dividend_yield,0.065,11.47,30,57360.65,57653.85,57231.25,57525.95,mid_price,wide_quote_low_liquidity
2026-08-25T04:24:12.282856+00:00,2026-08-25T09:54:12.282856+05:30,BANKNIFTY,25-Aug-2026,54000.0,CE,57467.6,3499.05,30,3517.7,60,3565,3508.375,531,-111,144,4.11038913630722,65.83,0.9999075714787233,3.674334452585903e-07,-9.264963796914998,0.005103497409949828,-0.0019931439367293358,0.0028491442348992954,0.10859464920827096,-1.7033206267755933e-09,7.260186344648852e-06,-1.0268507797411708e-05,-0.16529474514868442,16.561584981223326,-0.9998643608768846,4.1613791395271404e-07,0.0006388799195839674,57520,1.4265633587079956,0.0068000000000000005,index_dividend_yield,0.065,11.47,30,57360.65,57653.85,57231.25,57525.95,mid_price,ok
2026-08-25T04:24:12.282856+00:00,2026-08-25T09:54:12.282856+05:30,BANKNIFTY,25-Aug-2026,54000.0,PE,57467.6,1,3150,1.05,16350,1,1.025,15720,3213,22550,-41.1764705882353,43.71,-8.396795195440281e-09,7.683390307554994e-11,-6.633355384936507e-05,7.085965940719801e-07,-6.288970334220784e-07,6.318645471481748e-07,5.1538921534039555e-05,-1.55854069347984e-12,5.4122482303812475e-09,-5.378569044714254e-09,-5.3436280671528514e-05,-539.286180042217,8.952563943528129e-09,8.70184806508353e-11,0.0006388799195839674,57520,1.4265633587079956,0.0068000000000000005,index_dividend_yield,0.065,11.47,30,57360.65,57653.85,57231.25,57525.95,mid_price,ok
2026-08-25T04:24:12.282856+00:00,2026-08-25T09:54:12.282856+05:30,BANKNIFTY,25-Aug-2026,54100.0,CE,57467.6,3115.55,300,3565.9,300,0.0,3340.7250000000004,0,0,0,0,0,,,,,,,,,,,,,,,0.0006388799195839674,,,,,,11.47,30,57360.65,57653.85,57231.25,57525.95,mid_price,no_price_available
2026-08-25T04:24:12.282856+00:00,2026-08-25T09:54:12.282856+05:30,BANKNIFTY,25-Aug-2026,54100.0,PE,57467.6,1.05,270,1.15,330,1.25,1.1,358,95,199,-32.432432432432435,43.3,-1.6340858285273095e-08,1.4801591712283713e-10,-0.00012539727822268785,1.3522645885701767e-06,-1.1865966062519565e-06,1.1731427089115095e-06,9.52486974082685e-05,-2.9105593806802296e-12,1.0083165442362922e-08,-9.864985866656583e-09,-9.730249787937716e-05,-534.362789715975,1.7390522638515412e-08,1.670167431645265e-10,0.0006388799195839674,57520,1.4265633587079956,0.0068000000000000005,index_dividend_yield,0.065,11.47,30,57360.65,57653.85,57231.25,57525.95,mid_price,ok
2026-08-25T04:24:12.282856+00:00,2026-08-25T09:54:12.282856+05:30,BANKNIFTY,25-Aug-2026,54200.0,CE,57467.6,2572.85,300,3432.05,60,0.0,3002.45,0,0,0,0,0,,,,,,,,,,,,,,,0.0006388799195839674,,,,,,11.47,30,57360.65,57653.85,57231.25,57525.95,mid_price,no_price_available
2026-08-25T04:24:12.282856+00:00,2026-08-25T09:54:12.282856+05:30,BANKNIFTY,25-Aug-2026,54200.0,PE,57467.6,1.15,120,1.25,660,1.2,1.2,500,31,227,-33.333333333333336,42.13,-1.8334914091413113e-08,1.7010056856515542e-10,-0.0001364194590728726,1.5120375723460113e-06,-1.3587439874611548e-06,1.3054889969898987e-06,0.0001086672464958749,-3.5360138635001444e-12,1.1820178883195168e-08,-1.1239555652363617e-08,-0.00010790808064374309,-547.4268594713336,1.947579820180373e-08,1.9122880566197496e-10,0.0006388799195839674,57520,1.4265633587079956,0.0068000000000000005,index_dividend_yield,0.065,11.47,30,57360.65,57653.85,57231.25,57525.95,mid_price,ok
2026-08-25T04:24:12.282856+00:00,2026-08-25T09:54:12.282856+05:30,BANKNIFTY,25-Aug-2026,54300.0,CE,57467.6,3109.8,330,3248.5,30,3125.4,3179.15,2,1,2,-9.183628993592817,0,,,,,,,,,,,,,,,0.0006388799195839674,57520,1.4265633587079956,0.0068000000000000005,index_dividend_yield,0.065,11.47,30,57360.65,57653.85,57231.25,57525.95,mid_price,no_nse_iv
2026-08-25T04:24:12.282856+00:00,2026-08-25T09:54:12.282856+05:30,BANKNIFTY,25-Aug-2026,54300.0,PE,57467.6,0.95,1440,1,270,1,0.975,1955,1531,3437,-51.21951219512195,40.61,-1.5802643708008726e-08,1.5277543719747558e-10,-0.00011383861799353151,1.3090368831882966e-06,-1.2263201024762668e-06,1.137281972654368e-06,9.854131036563036e-05,-3.5184104714112624e-12,1.1123492139800873e-08,-1.0208249111083101e-08,-9.442191029133627e-05,-570.3671255218965,1.675381602453357e-08,1.7111969460052386e-10,0.0006388799195839674,57520,1.4265633587079956,0.0068000000000000005,index_dividend_yield,0.065,11.47,30,57360.65,57653.85,57231.25,57525.95,mid_price,ok
2026-08-25T04:24:12.282856+00:00,2026-08-25T09:54:12.282856+05:30,BANKNIFTY,25-Aug-2026,54400.0,CE,57467.6,2951.1,300,3164.7,300,0.0,3057.8999999999996,5,0,0,0,0,,,,,,,,,,,,,,,0.0006388799195839674,,,,,,11.47,30,57360.65,57653.85,57231.25,57525.95,mid_price,no_price_available
2026-08-25T04:24:12.282856+00:00,2026-08-25T09:54:12.282856+05:30,BANKNIFTY,25-Aug-2026,54400.0,PE,57467.6,1.05,990,1.1,1500,1.1,1.0750000000000002,3012,1958,6021,-53.191489361702125,39.45,-1.7925479385442085e-08,1.7772059012387896e-10,-0.0001249635789624932,1.4792790709020887e-06,-1.4209507900365904e-06,1.2784670099652891e-06,0.00011372356475686597,-4.353687360235188e-12,1.3211140253868888e-08,-1.1763540055120513e-08,-0.00010574579967299843,-585.0594201696484,1.8968658337969057e-08,1.9832892947875226e-10,0.0006388799195839674,57520,1.4265633587079956,0.0068000000000000005,index_dividend_yield,0.065,11.47,30,57360.65,57653.85,57231.25,57525.95,mid_price,ok
2026-08-25T04:24:12.282856+00:00,2026-08-25T09:54:12.282856+05:30,BANKNIFTY,25-Aug-2026,54500.0,CE,57467.6,2987.6,30,3013.9,30,3008,3000.75,89,0,3,2.3181454836131095,55.58,0.999918429466738,3.845313224909799e-07,-9.17113460776568,0.004509367419022685,-0.002105729583146143,0.0025440473490349514,0.11573321106368933,-2.271138870437535e-09,9.177019475926895e-06,-1.0960136050604e-05,-0.14859304702835952,19.350203682800927,-0.9998767714484463,4.275479589070956e-07,0.0006388799195839674,57520,1.4265633587079956,0.0068000000000000005,index_dividend_yield,0.065,11.47,30,57360.65,57653.85,57231.25,57525.95,mid_price,ok
2026-08-25T04:24:12.282856+00:00,2026-08-25T09:54:12.282856+05:30,BANKNIFTY,25-Aug-2026,54500.0,PE,57467.6,1.15,2610,1.2,14250,1.2,1.1749999999999998,6424,-658,16166,-36.8421052631579,38.76,-2.969733058570157e-08,2.950827619985904e-10,-0.00020028288364732326,2.413198056267235e-06,-2.320906376090726e-06,2.0417252588112045e-06,0.0001827314955940034,-7.2214078877434504e-12,2.158105184962635e-08,-1.8795696790497618e-08,-0.0001663098013016377,-586.8306435576741,3.136775293349243e-08,3.2809299326747316e-10,0.0006388799195839674,57520,1.4265633587079956,0.0068000000000000005,index_dividend_yield,0.065,11.47,30,57360.65,57653.85,57231.25,57525.95,mid_price,ok
2026-08-25T04:24:12.282856+00:00,2026-08-25T09:54:12.282856+05:30,BANKNIFTY,25-Aug-2026,54600.0,CE,57467.6,2762.25,300,2964.9,300,0.0,2863.575,2,0,0,0,17.9,,,,,,,,,,,,,,,0.0006388799195839674,,,,,,11.47,30,57360.65,57653.85,57231.25,57525.95,mid_price,no_price_available
2026-08-25T04:24:12.282856+00:00,2026-08-25T09:54:12.282856+05:30,BANKNIFTY,25-Aug-2026,54600.0,PE,57467.6,1.3,390,1.35,420,1.35,1.3250000000000002,854,-29,846,-34.146341463414636,37.88,-4.281292650347764e-08,4.303172782108903e-10,-0.0002789462180226956,3.439252909024467e-06,-3.3435426832160732e-06,2.8647217799962312e-06,0.00026005264209152636,-1.0787579183684522e-11,3.139894552580381e-08,-2.6641163254982483e-08,-0.00023070462724626315,-593.9855794358986,4.5137330574817736e-08,4.767049036737408e-10,0.0006388799195839674,57520,1.4265633587079956,0.0068000000000000005,index_dividend_yield,0.065,11.47,30,57360.65,57653.85,57231.25,57525.95,mid_price,ok
2026-08-25T04:24:12.282856+00:00,2026-08-25T09:54:12.282856+05:30,BANKNIFTY,25-Aug-2026,54700.0,CE,57467.6,2087.3,300,2918.5,30,0.0,2502.9,0,0,0,0,0,,,,,,,,,,,,,,,0.0006388799195839674,,,,,,11.47,30,57360.65,57653.85,57231.25,57525.95,mid_price,no_price_available
2026-08-25T04:24:12.282856+00:00,2026-08-25T09:54:12.282856+05:30,BANKNIFTY,25-Aug-2026,54700.0,PE,57467.6,1.35,990,1.4,1410,1.35,1.375,1883,-649,3405,-43.75,36.96,-6.047988913824343e-08,6.161533919025145e-10,-0.00038022644102681674,4.804920039107716e-06,-4.7314110247545805e-06,3.942893045284637e-06,0.00036368046604398017,-1.5907598790362095e-11,4.49651353413233e-08,-3.711703607970726e-08,-0.0003140615965454039,-602.4376701167444,6.364539965539683e-08,6.800804826233969e-10,0.0006388799195839674,57520,1.4265633587079956,0.0068000000000000005,index_dividend_yield,0.065,11.47,30,57360.65,57653.85,57231.25,57525.95,mid_price,ok
2026-08-25T04:24:12.282856+00:00,2026-08-25T09:54:12.282856+05:30,BANKNIFTY,25-Aug-2026,54800.0,CE,57467.6,2164.3,300,2765,300,0.0,2464.65,0,0,0,0,0,,,,,,,,,,,,,,,0.0006388799195839674,,,,,,11.47,30,57360.65,57653.85,57231.25,57525.95,mid_price,no_price_available
2026-08-25T04:24:12.282856+00:00,2026-08-25T09:54:12.282856+05:30,BANKNIFTY,25-Aug-2026,54800.0,PE,57467.6,1.4,1020,1.45,2040,1.4,1.4249999999999998,1831,395,2321,-48.148148148148145,35.76,-6.924392286545228e-08,7.259047047175914e-10,-0.0004193146485161928,5.476996708079887e-06,-5.548522961283814e-06,4.4679565890024e-06,0.0004244880418425293,-2.0144825020011623e-11,5.422542995630671e-08,-4.325665980454997e-08,-0.00035433229477808205,-620.0947791840352,7.273173864121823e-08,7.982972158441043e-10,0.0006388799195839674,57520,1.4265633587079956,0.0068000000000000005,index_dividend_yield,0.065,11.47,30,57360.65,57653.85,57231.25,57525.95,mid_price,ok
2026-08-25T04:24:12.282856+00:00,2026-08-25T09:54:12.282856+05:30,BANKNIFTY,25-Aug-2026,54900.0,CE,57467.6,1808.65,300,2771.65,300,0.0,2290.15,0,0,0,0,0,,,,,,,,,,,,,,,0.0006388799195839674,,,,,,11.47,30,57360.65,57653.85,57231.25,57525.95,mid_price,no_price_available
2026-08-25T04:24:12.282856+00:00,2026-08-25T09:54:12.282856+05:30,BANKNIFTY,25-Aug-2026,54900.0,PE,57467.6,1.4,240,1.45,720,1.4,1.4249999999999998,1615,148,3620,-37.77777777777778,34.69,-8.873592923686056e-08,9.511275133462513e-10,-0.000516995656417342,6.961589376264366e-06,-7.20728798564062e-06,5.61745589216262e-06,0.0005466022004963904,-2.7878272859820264e-11,7.193084915668031e-08,-5.5549762213941095e-08,-0.0004418966718571115,-634.3265405899809,9.30324231078792e-08,1.0421738608504732e-09,0.0006388799195839674,57520,1.4265633587079956,0.0068000000000000005,index_dividend_yield,0.065,11.47,30,57360.65,57653.85,57231.25,57525.95,mid_price,ok
2026-08-25T04:24:12.282856+00:00,2026-08-25T09:54:12.282856+05:30,BANKNIFTY,25-Aug-2026,55000.0,CE,57467.6,2502.9,30,2511.6,30,2526.4,2507.25,1028,-19,201,4.020586721564591,46.2,0.999913163642197,4.922283125044943e-07,-9.198037517819497,0.0047981511455819845,-0.0026854937715259375,0.00269436543469449,0.14695559444640383,-3.80000157311534e-09,1.4009987916037714e-05,-1.3901329769874874e-05,-0.15683986757037122,23.267535591455534,-0.9998720414964802,5.373872172717968e-07,0.0006388799195839674,57520,1.4265633587079956,0.0068000000000000005,index_dividend_yield,0.065,11.47,30,57360.65,57653.85,57231.25,57525.95,mid_price,ok
2026-08-25T04:24:12.282856+00:00,2026-08-25T09:54:12.282856+05:30,BANKNIFTY,25-Aug-2026,55000.0,PE,57467.6,1.3,9330,1.35,20760,1.3,1.3250000000000002,22990,4349,37711,-38.095238095238095,33.24,-8.37044842966792e-08,9.381499766601063e-10,-0.00046817200304988016,6.5795871815571195e-06,-7.124721280046059e-06,5.322901305414371e-06,0.0005414542375895909,-3.108761579226095e-11,7.437303810582941e-08,-5.505300529317767e-08,-0.00041952999700874344,-663.2525339462443,8.759178928410227e-08,1.0242194374716577e-09,0.0006388799195839674,57520,1.4265633587079956,0.0068000000000000005,index_dividend_yield,0.065,11.47,30,57360.65,57653.85,57231.25,57525.95,mid_price,ok
2026-08-25T04:24:12.282856+00:00,2026-08-25T09:54:12.282856+05:30,BANKNIFTY,25-Aug-2026,55100.0,CE,57467.6,2393.9,30,2465.05,330,0.0,2429.4750000000004,17,0,0,0,103.64,0.9474378439798203,7.12830174353916e-05,-354.64273944839596,1.5587585124452819,-0.16508237254947433,0.3660548699861638,3.885916872920614,-7.78720547166134e-08,0.00010892613852653228,-0.0002416455778960719,-11.956406408390613,22.65509447812991,-0.9445313877088739,7.75405715734993e-05,0.0006388799195839674,57520,1.4265633587079956,0.0068000000000000005,index_dividend_yield,0.065,11.47,30,57360.65,57653.85,57231.25,57525.95,mid_price,ok
2026-08-25T04:24:12.282856+00:00,2026-08-25T09:54:12.282856+05:30,BANKNIFTY,25-Aug-2026,55100.0,PE,57467.6,1.35,300,1.4,7140,1.35,1.375,2832,1869,5204,-47.05882352941177,32.16,-1.0843099140869413e-07,1.245284418086983e-09,-0.0005816764381334296,8.44986854415889e-06,-9.370954768486924e-06,6.75798201007005e-06,0.0007056198995441754,-4.3963008529879984e-11,1.0010632239314676e-07,-7.154256842919369e-08,-0.0005280951267756252,-679.9827181398999,1.1325649198934997e-07,1.3546012644253717e-09,0.0006388799195839674,57520,1.4265633587079956,0.0068000000000000005,index_dividend_yield,0.065,11.47,30,57360.65,57653.85,57231.25,57525.95,mid_price,ok
2026-08-25T04:24:12.282856+00:00,2026-08-25T09:54:12.282856+05:30,BANKNIFTY,25-Aug-2026,55200.0,CE,57467.6,2292.9,30,2367.15,300,0.0,2330.025,8,0,0,0,0,,,,,,,,,,,,,,,0.0006388799195839674,57520,1.4265633587079956,0.0068000000000000005,index_dividend_yield,0.065,11.47,30,57360.65,57653.85,57231.25,57525.95,mid_price,no_nse_iv
2026-08-25T04:24:12.282856+00:00,2026-08-25T09:54:12.282856+05:30,BANKNIFTY,25-Aug-2026,55200.0,PE,57467.6,1.5,780,1.55,2910,1.5,1.525,3721,353,8203,-43.39622641509434,31.18,-1.553090414753193e-07,1.8173328362448273e-09,-0.000797874822657782,1.1955725718061083e-05,-1.349834219942544e-05,9.408893177300537e-06,0.001003193159582077,-6.715608210264916e-11,1.4664545403352427e-07,-1.0132416981751286e-07,-0.0007263841930826631,-693.3263656991119,1.619222997044019e-07,1.9697106750977777e-09,0.0006388799195839674,57520,1.4265633587079956,0.0068000000000000005,index_dividend_yield,0.065,11.47,30,57360.65,57653.85,57231.25,57525.95,mid_price,ok
2026-08-25T04:24:12.282856+00:00,2026-08-25T09:54:12.282856+05:30,BANKNIFTY,25-Aug-2026,55300.0,CE,57467.6,2057.25,300,2265.25,300,0.0,2161.25,16,0,0,0,31.61,,,,,,,,,,,,,,,0.0006388799195839674,,,,,,11.47,30,57360.65,57653.85,57231.25,57525.95,mid_price,no_price_available
2026-08-25T04:24:12.282856+00:00,2026-08-25T09:54:12.282856+05:30,BANKNIFTY,25-Aug-2026,55300.0,PE,57467.6,1.55,1260,1.65,4440,1.55,1.6,5121,3060,11463,-46.55172413793103,30.07,-2.0169563724590853e-07,2.4250924628985465e-09,-0.0009901643107707197,1.5386048198268837e-05,-1.7839272884985143e-05,1.1965315560552933e-05,0.0013129691610497295,-9.635277740915117e-11,1.988568634203839e-07,-1.322392647483753e-07,-0.0009154660246792932,-712.8186472804358,2.098955687869135e-07,2.618931622910575e-09,0.0006388799195839674,57520,1.4265633587079956,0.0068000000000000005,index_dividend_yield,0.065,11.47,30,57360.65,57653.85,57231.25,57525.95,mid_price,ok
2026-08-25T04:24:12.282856+00:00,2026-08-25T09:54:12.282856+05:30,BANKNIFTY,25-Aug-2026,55400.0,CE,57467.6,2092.5,30,2167.5,300,0.0,2130.0,20,0,0,0,105.87,0.9168248432274454,9.954855973556283e-05,-512.8043259178979,2.2236849295252994,-0.19626415066903435,0.4446208361982497,3.945721258249657,-9.081934414281562e-08,8.261073118844442e-05,-0.00018722232106310272,-13.703875374732036,24.75129264080974,-0.9126180078340503,0.00010711778212743095,0.0006388799195839674,57520,1.4265633587079956,0.0068000000000000005,index_dividend_yield,0.065,11.47,30,57360.65,57653.85,57231.25,57525.95,mid_price,ok
2026-08-25T04:24:12.282856+00:00,2026-08-25T09:54:12.282856+05:30,BANKNIFTY,25-Aug-2026,55400.0,PE,57467.6,1.65,420,1.7,2040,1.65,1.6749999999999998,2886,726,7600,-45,29.23,-3.37848233358713e-07,4.102547800546736e-09,-0.0015826487347771502,2.5301590580373055e-05,-2.9587909478164234e-05,1.9212200626522633e-05,0.0021350657984010287,-1.6565892638309222e-10,3.3211670289627286e-07,-2.1389099596516652e-07,-0.0014433562946143932,-720.7157012979119,3.509434311586713e-07,4.4144869863882546e-09,0.0006388799195839674,57520,1.4265633587079956,0.0068000000000000005,index_dividend_yield,0.065,11.47,30,57360.65,57653.85,57231.25,57525.95,mid_price,ok
2026-08-25T04:24:12.282856+00:00,2026-08-25T09:54:12.282856+05:30,BANKNIFTY,25-Aug-2026,55500.0,CE,57467.6,1998.8,30,2014.4,120,2022.45,2006.6,302,-6,19,6.123573396300669,0,,,,,,,,,,,,,,,0.0006388799195839674,57520,1.4265633587079956,0.0068000000000000005,index_dividend_yield,0.065,11.47,30,57360.65,57653.85,57231.25,57525.95,mid_price,no_nse_iv
2026-08-25T04:24:12.282856+00:00,2026-08-25T09:54:12.282856+05:30,BANKNIFTY,25-Aug-2026,55500.0,PE,57467.6,1.75,15240,1.8,14100,1.75,1.775,19356,6862,55044,-44.44444444444444,28.09,-4.4265587168147737e-07,5.538160329966094e-09,-0.0019728721240190447,3.282332872746448e-05,-3.9520949569952956e-05,2.4607755442161934e-05,0.0028215897884938394,-2.4244005023437595e-10,4.5630284284534043e-07,-2.818557183758068e-07,-0.0018306530321627378,-743.0403950615971,4.589658754309279e-07,5.937801548348402e-09,0.0006388799195839674,57520,1.4265633587079956,0.0068000000000000005,index_dividend_yield,0.065,11.47,30,57360.65,57653.85,57231.25,57525.95,mid_price,ok
2026-08-25T04:24:12.282856+00:00,2026-08-25T09:54:12.282856+05:30,BANKNIFTY,25-Aug-2026,55600.0,CE,57467.6,1892.7,30,1967.05,330,0.0,1929.875,54,0,0,0,0,,,,,,,,,,,,,,,0.0006388799195839674,57520,1.4265633587079956,0.0068000000000000005,index_dividend_yield,0.065,11.47,30,57360.65,57653.85,57231.25,57525.95,mid_price,no_nse_iv
2026-08-25T04:24:12.282856+00:00,2026-08-25T09:54:12.282856+05:30,BANKNIFTY,25-Aug-2026,55600.0,PE,57467.6,1.75,1680,1.8,2940,1.8,1.775,6740,2512,20343,-49.29577464788732,26.85,-5.385761534612649e-07,6.997978664360988e-09,-0.0022774193253784444,3.964443773068303e-05,-4.9551624470809265e-05,2.94439202529333e-05,0.003509950973439606,-3.414413345888346e-10,5.934273300333217e-07,-3.49866173613906e-07,-0.002174627601612226,-772.0709018633262,5.573878925892322e-07,7.475997566358559e-09,0.0006388799195839674,57520,1.4265633587079956,0.0068000000000000005,index_dividend_yield,0.065,11.47,30,57360.65,57653.85,57231.25,57525.95,mid_price,ok
2026-08-25T04:24:12.282856+00:00,2026-08-25T09:54:12.282856+05:30,BANKNIFTY,25-Aug-2026,55700.0,CE,57467.6,1674.4,300,1822.9,60,1850,1748.65,51,1,2,6.233311321025582,31.83,,,,,,,,,,,,,,,0.0006388799195839674,,,,,,11.47,30,57360.65,57653.85,57231.25,57525.95,mid_price,no_price_available
2026-08-25T04:24:12.282856+00:00,2026-08-25T09:54:12.282856+05:30,BANKNIFTY,25-Aug-2026,55700.0,PE,57467.6,1.8,480,1.85,420,1.8,1.8250000000000002,8993,3695,16446,-51.351351351351354,25.68,-7.10454914934156e-07,9.550816901562182e-09,-0.0028428833877943587,5.1748873150082124e-05,-6.687126538874142e-05,3.7922054923252856e-05,0.004683380771919182,-5.131700473958128e-10,8.270572613877059e-07,-4.654552367590716e-07,-0.002771816256284588,-799.3590337614912,7.339176834043712e-07,1.0166611999742235e-08,0.0006388799195839674,57520,1.4265633587079956,0.0068000000000000005,index_dividend_yield,0.065,11.47,30,57360.65,57653.85,57231.25,57525.95,mid_price,ok
2026-08-25T04:24:12.282856+00:00,2026-08-25T09:54:12.282856+05:30,BANKNIFTY,25-Aug-2026,55800.0,CE,57467.6,1600.9,300,1747,60,0.0,1673.95,73,0,0,0,0,,,,,,,,,,,,,,,0.0006388799195839674,57520,1.4265633587079956,0.0068000000000000005,index_dividend_yield,0.065,11.47,30,57360.65,57653.85,57231.25,57525.95,mid_price,no_nse_iv
2026-08-25T04:24:12.282856+00:00,2026-08-25T09:54:12.282856+05:30,BANKNIFTY,25-Aug-2026,55800.0,PE,57467.6,1.9,1140,1.95,2370,1.9,1.9249999999999998,9775,3172,28484,-54.21686746987952,24.35,-8.188847838012266e-07,1.1546284266895305e-08,-0.0030896448393454546,5.9320741321780276e-05,-8.037792356658263e-05,4.316783580486326e-05,0.005596116612414036,-7.186119353879724e-10,1.0416535519123744e-06,-5.552509625625793e-07,-0.003138210405937297,-838.7523908984768,8.443628953031667e-07,1.224672506232945e-08,0.0006388799195839674,57520,1.4265633587079956,0.0068000000000000005,index_dividend_yield,0.065,11.47,30,57360.65,57653.85,57231.25,57525.95,mid_price,ok
2026-08-25T04:24:12.282856+00:00,2026-08-25T09:54:12.282856+05:30,BANKNIFTY,25-Aug-2026,55900.0,CE,57467.6,1525.9,300,1665.6,300,0.0,1595.75,93,0,0,0,0,,,,,,,,,,,,,,,0.0006388799195839674,57520,1.4265633587079956,0.0068000000000000005,index_dividend_yield,0.065,11.47,30,57360.65,57653.85,57231.25,57525.95,mid_price,no_nse_iv
2026-08-25T04:24:12.282856+00:00,2026-08-25T09:54:12.282856+05:30,BANKNIFTY,25-Aug-2026,55900.0,PE,57467.6,1.95,3150,2,1230,2,1.975,7307,4095,22405,-56.98924731182796,23.24,-1.1937785488442329e-06,1.7376536639905603e-08,-0.004234839056248258,8.520492583892127e-05,-0.00011904971158750105,6.085409781164083e-05,0.008156837111985782,-1.1823081673344042e-09,1.588453987718477e-06,-8.061284241636334e-07,-0.004359639854191405,-866.7371483811784,1.2286715506773643e-06,1.8364779788646594e-08,0.0006388799195839674,57520,1.4265633587079956,0.0068000000000000005,index_dividend_yield,0.065,11.47,30,57360.65,57653.85,57231.25,57525.95,mid_price,ok
2026-08-25T04:24:12.282856+00:00,2026-08-25T09:54:12.282856+05:30,BANKNIFTY,25-Aug-2026,56000.0,CE,57467.6,1500.05,30,1505.8,30,1506,1502.925,2156,-105,529,5.4658776567807,20.8,0.9999952450899888,6.955828116958507e-09,-8.902921679831245,3.052653669162419e-05,-4.984277685027294e-05,4.158825864678487e-05,0.0035689160345271326,-8.494563656434638e-10,7.795959449457126e-07,-3.562576527579589e-07,-0.001712677393125765,39.102042292341444,-0.9999580519538962,7.32519024173481e-09,0.0006388799195839674,57520,1.4265633587079956,0.0068000000000000005,index_dividend_yield,0.065,11.47,30,57360.65,57653.85,57231.25,57525.95,mid_price,ok
2026-08-25T04:24:12.282856+00:00,2026-08-25T09:54:12.282856+05:30,BANKNIFTY,25-Aug-2026,56000.0,PE,57467.6,2.15,1530,2.2,14100,2.15,2.175,61336,20604,138334,-59.43396226415094,22.24,-1.9996776094977742e-06,2.9783278741660254e-08,-0.006646118882947947,0.0001397567033067401,-0.00019946226652350552,9.722813022524039e-05,0.013359012488121531,-2.136728715386272e-09,2.712525773649227e-06,-1.3132327021611978e-06,-0.00682257383809055,-888.139118342666,2.0543939890792305e-06,3.136480360596859e-08,0.0006388799195839674,57520,1.4265633587079956,0.0068000000000000005,index_dividend_yield,0.065,11.47,30,57360.65,57653.85,57231.25,57525.95,mid_price,ok
2026-08-25T04:24:12.282856+00:00,2026-08-25T09:54:12.282856+05:30,BANKNIFTY,25-Aug-2026,56100.0,CE,57467.6,1397.1,60,1410.3,60,1409,1403.6999999999998,293,-6,16,7.659980897803248,0,,,,,,,,,,,,,,,0.0006388799195839674,57520,1.4265633587079956,0.0068000000000000005,index_dividend_yield,0.065,11.47,30,57360.65,57653.85,57231.25,57525.95,mid_price,no_nse_iv
2026-08-25T04:24:12.282856+00:00,2026-08-25T09:54:12.282856+05:30,BANKNIFTY,25-Aug-2026,56100.0,PE,57467.6,2.2,1890,2.25,1530,2.2,2.225,12254,8778,34895,-61.06194690265487,21.02,-2.773702621002081e-06,4.3110833240232835e-08,-0.008591930205888979,0.00019119850283019372,-0.0002844575463451091,0.00013075363940738354,0.018768510778764506,-3.5104824304049536e-09,4.026018207634749e-06,-1.8384855160023677e-06,-0.009051281049513322,-927.7389417685978,2.844382285103644e-06,4.5238356096954044e-08,0.0006388799195839674,57520,1.4265633587079956,0.0068000000000000005,index_dividend_yield,0.065,11.47,30,57360.65,57653.85,57231.25,57525.95,mid_price,ok
2026-08-25T04:24:12.282856+00:00,2026-08-25T09:54:12.282856+05:30,BANKNIFTY,25-Aug-2026,56200.0,CE,57467.6,1296.6,60,1308.45,60,1323.15,1302.525,164,-11,29,8.928130402568536,0,,,,,,,,,,,,,,,0.0006388799195839674,57520,1.4265633587079956,0.0068000000000000005,index_dividend_yield,0.065,11.47,30,57360.65,57653.85,57231.25,57525.95,mid_price,no_nse_iv
2026-08-25T04:24:12.282856+00:00,2026-08-25T09:54:12.282856+05:30,BANKNIFTY,25-Aug-2026,56200.0,PE,57467.6,2.2,13560,2.3,10800,2.3,2.25,11244,5858,56587,-63.492063492063494,19.73,-3.6883846308858267e-06,6.032804912393626e-08,-0.010590375107471864,0.000251137591729291,-0.0003928158724737267,0.0001691384131362954,0.025572914292591238,-5.761742882540337e-09,5.836138568214709e-06,-2.497047888521269e-06,-0.011567327804467935,-977.1915640437036,3.7754363452691954e-06,6.308015774716361e-08,0.0006388799195839674,57520,1.4265633587079956,0.0068000000000000005,index_dividend_yield,0.065,11.47,30,57360.65,57653.85,57231.25,57525.95,mid_price,ok
2026-08-25T04:24:12.282856+00:00,2026-08-25T09:54:12.282856+05:30,BANKNIFTY,25-Aug-2026,56300.0,CE,57467.6,1200.8,30,1209.4,60,1220,1205.1,144,6,111,7.878680696790167,24.48,0.9995559646881562,4.436843754130055e-06,-10.153824350719969,0.02291663813959717,-0.021401745061933042,0.01124023407349794,1.0340755258976022,-8.234950649275203e-08,0.00018207050108970117,-9.517888918458996e-05,-0.591661259103867,49.107161188073974,-0.9995089363389124,4.6227825559867734e-06,0.0006388799195839674,57520,1.4265633587079956,0.0068000000000000005,index_dividend_yield,0.065,11.47,30,57360.65,57653.85,57231.25,57525.95,mid_price,ok
2026-08-25T04:24:12.282856+00:00,2026-08-25T09:54:12.282856+05:30,BANKNIFTY,25-Aug-2026,56300.0,PE,57467.6,2.4,1560,2.45,2010,2.4,2.425,15725,8494,58976,-66.43356643356644,18.59,-5.9678956118465615e-06,1.0139621463003294e-07,-0.01579797389117179,0.0003977099811461756,-0.000644968755553046,0.00026087294791308797,0.041016123488453245,-1.0721648054769028e-08,9.909476845403108e-06,-3.984267831176675e-06,-0.01746800166233042,-1016.6811690156504,6.0976549090685325e-06,1.0564551699583404e-07,0.0006388799195839674,57520,1.4265633587079956,0.0068000000000000005,index_dividend_yield,0.065,11.47,30,57360.65,57653.85,57231.25,57525.95,mid_price,ok
2026-08-25T04:24:12.282856+00:00,2026-08-25T09:54:12.282856+05:30,BANKNIFTY,25-Aug-2026,56400.0,CE,57467.6,1100.15,30,1108.55,60,1110,1104.35,243,-5,78,10.08628384409402,0,,,,,,,,,,,,,,,0.0006388799195839674,57520,1.4265633587079956,0.0068000000000000005,index_dividend_yield,0.065,11.47,30,57360.65,57653.85,57231.25,57525.95,mid_price,no_nse_iv
2026-08-25T04:24:12.282856+00:00,2026-08-25T09:54:12.282856+05:30,BANKNIFTY,25-Aug-2026,56400.0,PE,57467.6,2.55,4470,2.6,14760,2.6,2.575,10693,2493,49014,-69.04761904761905,17.46,-1.0233426893845543e-05,1.8051790184781078e-07,-0.024802268659706042,0.0006650126017143942,-0.0011170642329326804,0.00042300850026126687,0.0691069477003786,-2.0908941692748543e-08,1.7721141529324452e-05,-6.67338871185425e-06,-0.0276327372665262,-1057.5848785821202,1.0436995614570852e-05,1.8741665811029125e-07,0.0006388799195839674,57520,1.4265633587079956,0.0068000000000000005,index_dividend_yield,0.065,11.47,30,57360.65,57653.85,57231.25,57525.95,mid_price,ok
2026-08-25T04:24:12.282856+00:00,2026-08-25T09:54:12.282856+05:30,BANKNIFTY,25-Aug-2026,56500.0,CE,57467.6,999.7,30,1006.1,30,1002.2,1002.9000000000001,3637,-21,2430,8.657234238629588,0,,,,,,,,,,,,,,,0.0006388799195839674,57520,1.4265633587079956,0.0068000000000000005,index_dividend_yield,0.065,11.47,30,57360.65,57653.85,57231.25,57525.95,mid_price,no_nse_iv
2026-08-25T04:24:12.282856+00:00,2026-08-25T09:54:12.282856+05:30,BANKNIFTY,25-Aug-2026,56500.0,PE,57467.6,2.8,30720,2.85,5190,2.85,2.825,31842,9974,134288,-73.3644859813084,16.33,-1.8534814932262167e-05,3.3950979687434013e-07,-0.04078885465728576,0.0011697790903308029,-0.002034482074926689,0.0007181974686603463,0.12188129397832856,-4.255133042557106e-08,3.3287023656023e-05,-1.169068225927448e-05,-0.045591072107946,-1100.7368807025307,1.8869362862973384e-05,3.512380323647703e-07,0.0006388799195839674,57520,1.4265633587079956,0.0068000000000000005,index_dividend_yield,0.065,11.47,30,57360.65,57653.85,57231.25,57525.95,mid_price,ok
2026-08-25T04:24:12.282856+00:00,2026-08-25T09:54:12.282856+05:30,BANKNIFTY,25-Aug-2026,56600.0,CE,57467.6,901.1,30,907.85,30,905.55,904.475,308,49,406,8.397175005985156,17.26,0.9997609684244916,3.5095519610368137e-06,-9.479250696574256,0.012780793759163104,-0.017815091999495714,0.006605023283904709,0.905007959827172,-1.7639811248818776e-07,0.00022814714081103053,-8.405756129212741e-05,-0.3622537844995477,66.06052265088228,-0.9997199272880671,3.6179697788580225e-06,0.0006388799195839674,57520,1.4265633587079956,0.0068000000000000005,index_dividend_yield,0.065,11.47,30,57360.65,57653.85,57231.25,57525.95,mid_price,ok
2026-08-25T04:24:12.282856+00:00,2026-08-25T09:54:12.282856+05:30,BANKNIFTY,25-Aug-2026,56600.0,PE,57467.6,3.1,5130,3.15,4290,3.15,3.125,12295,4154,55843,-77.00729927007299,15.19,-3.537779422748365e-05,6.735167848551528e-07,-0.0699806710443249,0.0021585969337849144,-0.0038878755397066685,0.0012724425841528502,0.22436924961286941,-8.995739242695986e-08,6.555632185228567e-05,-2.1355931077357698e-05,-0.07815049361456526,-1147.232607980143,3.595139726319941e-05,6.943232071251857e-07,0.0006388799195839674,57520,1.4265633587079956,0.0068000000000000005,index_dividend_yield,0.065,11.47,30,57360.65,57653.85,57231.25,57525.95,mid_price,ok
2026-08-25T04:24:12.282856+00:00,2026-08-25T09:54:12.282856+05:30,BANKNIFTY,25-Aug-2026,56700.0,CE,57467.6,802.5,30,808.95,30,806.75,805.725,450,-13,1270,10.52126858003973,0,,,,,,,,,,,,,,,0.0006388799195839674,57520,1.4265633587079956,0.0068000000000000005,index_dividend_yield,0.065,11.47,30,57360.65,57653.85,57231.25,57525.95,mid_price,no_nse_iv
2026-08-25T04:24:12.282856+00:00,2026-08-25T09:54:12.282856+05:30,BANKNIFTY,25-Aug-2026,56700.0,PE,57467.6,3.9,30,3.95,8850,4,3.925,13346,2217,76742,-77.6536312849162,14.27,-9.190854943183992e-05,1.764142140278913e-06,-0.1616762418203288,0.00531156995781616,-0.00958337752983726,0.0029345276158560204,0.5205675559357892,-2.1248027141154272e-07,0.00016049584065742445,-4.894864272960697e-05,-0.1709565583840415,-1162.1861790271896,9.323295299601806e-05,1.8122310902109647e-06,0.0006388799195839674,57520,1.4265633587079956,0.0068000000000000005,index_dividend_yield,0.065,11.47,30,57360.65,57653.85,57231.25,57525.95,mid_price,ok
2026-08-25T04:24:12.282856+00:00,2026-08-25T09:54:12.282856+05:30,BANKNIFTY,25-Aug-2026,56800.0,CE,57467.6,706.15,30,709.1,90,710.55,707.625,1173,15,2064,10.120108485083302,0,,,,,,,,,,,,,,,0.0006388799195839674,57520,1.4265633587079956,0.0068000000000000005,index_dividend_yield,0.065,11.47,30,57360.65,57653.85,57231.25,57525.95,mid_price,no_nse_iv
2026-08-25T04:24:12.282856+00:00,2026-08-25T09:54:12.282856+05:30,BANKNIFTY,25-Aug-2026,56800.0,PE,57467.6,5.05,990,5.1,1470,5.05,5.074999999999999,15388,619,92585,-79.75951903807615,13.37,-0.00025984944177340116,4.982032312811231e-06,-0.40051232210627646,0.014054108624044166,-0.025105205188827365,0.007175354643433177,1.265324297850646,-4.988097012533635e-07,0.0004111910009380991,-0.00011712790574148048,-0.39207684417449584,-1168.249401489703,0.00026312862831251324,5.099833401040475e-06,0.0006388799195839674,57520,1.4265633587079956,0.0068000000000000005,index_dividend_yield,0.065,11.47,30,57360.65,57653.85,57231.25,57525.95,mid_price,ok
2026-08-25T04:24:12.282856+00:00,2026-08-25T09:54:12.282856+05:30,BANKNIFTY,25-Aug-2026,56900.0,CE,57467.6,606.75,60,608.9,30,609.9,607.825,2785,-5,4157,11.113135361632356,0,,,,,,,,,,,,,,,0.0006388799195839674,57520,1.4265633587079956,0.0068000000000000005,index_dividend_yield,0.065,11.47,30,57360.65,57653.85,57231.25,57525.95,mid_price,no_nse_iv
2026-08-25T04:24:12.282856+00:00,2026-08-25T09:54:12.282856+05:30,BANKNIFTY,25-Aug-2026,56900.0,PE,57467.6,6.95,1380,7,390,7.05,6.975,21397,9990,106974,-79.79942693409743,12.53,-0.0008235884502150025,1.547781175726504e-05,-1.0917933186315403,0.04091909218301977,-0.07071626829091256,0.018875876997424587,3.2325345276116164,-1.1269436458961128e-06,0.0010989947405858418,-0.00029253804689527603,-0.9510853094456106,-1155.5164577488815,0.000832523925479763,1.578814651667052e-05,0.0006388799195839674,57520,1.4265633587079956,0.0068000000000000005,index_dividend_yield,0.065,11.47,30,57360.65,57653.85,57231.25,57525.95,mid_price,ok
2026-08-25T04:24:12.282856+00:00,2026-08-25T09:54:12.282856+05:30,BANKNIFTY,25-Aug-2026,57000.0,CE,57467.6,510.5,60,512.75,30,510,511.625,17492,-268,34707,9.489051094890511,0,,,,,,,,,,,,,,,0.0006388799195839674,57520,1.4265633587079956,0.0068000000000000005,index_dividend_yield,0.065,11.47,30,57360.65,57653.85,57231.25,57525.95,mid_price,no_nse_iv
2026-08-25T04:24:12.282856+00:00,2026-08-25T09:54:12.282856+05:30,BANKNIFTY,25-Aug-2026,57000.0,PE,57467.6,10.75,6000,10.85,6630,10.8,10.8,67697,26201,310749,-78.24773413897282,11.9,-0.0031657090897354015,5.555577739109937e-05,-3.5301129736781798,0.1394895101224678,-0.22009481415537127,0.05561752618345789,8.727226018979781,-2.292331179836116e-06,0.0030086847318152193,-0.0007585081184398404,-2.50510191881084,-1095.02494857995,0.0031945937209668187,5.64710207734675e-05,0.0006388799195839674,57520,1.4265633587079956,0.0068000000000000005,index_dividend_yield,0.065,11.47,30,57360.65,57653.85,57231.25,57525.95,mid_price,ok
2026-08-25T04:24:12.282856+00:00,2026-08-25T09:54:12.282856+05:30,BANKNIFTY,25-Aug-2026,57100.0,CE,57467.6,416.75,60,418.35,60,417.8,417.55,4796,903,29302,7.3759958879465435,6.71,0.9999251650886309,2.9228759000919342e-06,-9.156335932197404,0.004138074023205268,-0.016221935560001288,0.002334197010132162,0.8961619145511498,-4.983771143823688e-06,0.0005887585094662324,-8.376937838516214e-05,-0.13701817164548682,155.42252616926208,-0.999887501038877,2.9606309873277983e-06,0.0006388799195839674,57520,1.4265633587079956,0.0068000000000000005,index_dividend_yield,0.065,11.47,30,57360.65,57653.85,57231.25,57525.95,mid_price,ok
2026-08-25T04:24:12.282856+00:00,2026-08-25T09:54:12.282856+05:30,BANKNIFTY,25-Aug-2026,57100.0,PE,57467.6,16.7,300,16.8,1140,16.8,16.75,32171,15839,215462,-75.49234135667396,11.27,-0.01168833789409025,0.00018648862542824975,-10.60854978695705,0.44344689929152326,-0.6133555119067239,0.1463603151834204,20.19827985273748,-3.7454852663378904e-06,0.006839341394712759,-0.0016275286707387554,-5.770710929786927,-1017.5623092667016,0.011775145962756802,0.0001888975180949955,0.0006388799195839674,57520,1.4265633587079956,0.0068000000000000005,index_dividend_yield,0.065,11.47,30,57360.65,57653.85,57231.25,57525.95,mid_price,ok
2026-08-25T04:24:12.282856+00:00,2026-08-25T09:54:12.282856+05:30,BANKNIFTY,25-Aug-2026,57200.0,CE,57467.6,329.1,150,330.3,30,329,329.70000000000005,8242,1202,80615,4.67706013363029,8.44,0.9863169924906544,0.0002853227304265126,-18.184654233268116,0.508094128946175,-0.9134493384169162,0.16255573446331445,29.272481149845596,-5.632672129606207e-06,0.013057185811039427,-0.002314341299489011,-6.2982826398151275,209.6864724223264,-0.986205524649926,0.0002879986382278709,0.0006388799195839674,57520,1.4265633587079956,0.0068000000000000005,index_dividend_yield,0.065,11.47,30,57360.65,57653.85,57231.25,57525.95,mid_price,ok
2026-08-25T04:24:12.282856+00:00,2026-08-25T09:54:12.282856+05:30,BANKNIFTY,25-Aug-2026,57200.0,PE,57467.6,27.4,540,27.55,420,27.9,27.475,44277,29113,302509,-70.64702788006312,10.84,-0.04285968552911679,0.0005787837417477998,-30.37469270220917,1.323765212380235,-1.4422782744717353,0.32975615313735834,36.000797908445904,-4.39538567107216e-06,0.010402048714909398,-0.0023616849529407725,-11.067641283317553,-893.8593072305554,0.043108370274681194,0.0005842118824624468,0.0006388799195839674,57520,1.4265633587079956,0.0068000000000000005,index_dividend_yield,0.065,11.47,30,57360.65,57653.85,57231.25,57525.95,mid_price,ok
2026-08-25T04:24:12.282856+00:00,2026-08-25T09:54:12.282856+05:30,BANKNIFTY,25-Aug-2026,57300.0,CE,57467.6,245,30,245.9,90,245.65,245.45,12219,379,186849,-1.444332998996991,8.82,0.907890580549926,0.001289456951569839,-53.66838403288245,2.3996107097564274,-2.482820671019015,0.4578131161313309,47.89240733386646,-3.555591197379712e-06,0.01111929291346418,-0.0019864162115768545,-13.972911070863887,297.7473893298259,-0.9074880046663679,0.0012970111939994819,0.0006388799195839674,57520,1.4265633587079956,0.0068000000000000005,index_dividend_yield,0.065,11.47,30,57360.65,57653.85,57231.25,57525.95,mid_price,ok
2026-08-25T04:24:12.282856+00:00,2026-08-25T09:54:12.282856+05:30,BANKNIFTY,25-Aug-2026,57300.0,PE,57467.6,45.45,510,45.65,60,45.6,45.55,54728,37526,402252,-64.84194294525828,10.5,-0.1322474880496178,0.0014035330069530577,-68.79062795282772,3.1094049679493607,-2.269397038343973,0.49830216849254955,36.784356648455365,-3.3423544970499766e-06,0.0032384750928994,-0.0006405400078042542,-14.741507952952196,-748.4610494120595,0.13281151554571788,0.0014117555603152475,0.0006388799195839674,57520,1.4265633587079956,0.0068000000000000005,index_dividend_yield,0.065,11.47,30,57360.65,57653.85,57231.25,57525.95,mid_price,ok
2026-08-25T04:24:12.282856+00:00,2026-08-25T09:54:12.282856+05:30,BANKNIFTY,25-Aug-2026,57400.0,CE,57467.6,175.3,30,175.9,60,175.3,175.60000000000002,25343,2956,256549,-9.801903781836891,9.01,0.7034272685203398,0.002642786466733885,-103.48774203993482,5.0240299971520255,-2.042467251180624,0.37083960809227584,15.853129119657527,-1.2000913946956134e-06,-0.020993685748872584,0.0041571280169452034,-13.651730994516546,428.7135885561852,-0.7026129766716827,0.002649014953306273,0.0006388799195839674,57520,1.4265633587079956,0.0068000000000000005,index_dividend_yield,0.065,11.47,30,57360.65,57653.85,57231.25,57525.95,mid_price,ok
2026-08-25T04:24:12.282856+00:00,2026-08-25T09:54:12.282856+05:30,BANKNIFTY,25-Aug-2026,57400.0,PE,57467.6,74.35,90,74.55,30,74.35,74.44999999999999,52190,37974,363486,-56.94846554719166,10.28,-0.3196812225550403,0.0023938814828052954,-111.51416161627218,5.192316039131616,-1.6204708707752424,0.33568517563153755,11.030665039029497,-1.3409954361306505e-06,-0.018202225967181962,0.004084380890699067,-13.419962959663614,-591.6321831721029,0.3205986853818154,0.0023995233531793215,0.0006388799195839674,57520,1.4265633587079956,0.0068000000000000005,index_dividend_yield,0.065,11.47,30,57360.65,57653.85,57231.25,57525.95,mid_price,ok
2026-08-25T04:24:12.282856+00:00,2026-08-25T09:54:12.282856+05:30,BANKNIFTY,25-Aug-2026,57500.0,CE,57467.6,117.05,30,117.45,60,117.6,117.25,64170,11728,537588,-18.868575370817524,9.09,0.4098275823149567,0.0029439133603792775,-113.79490405265288,5.64617411130404,0.9848405791959836,-0.21920785134753326,3.2617807741406324,5.027135560995385e-07,-0.03068900492928482,0.005942445898003224,-12.835568752125766,604.8999920013607,-0.4089195221883662,0.0029405966327336716,0.0006388799195839674,57520,1.4265633587079956,0.0068000000000000005,index_dividend_yield,0.065,11.47,30,57360.65,57653.85,57231.25,57525.95,mid_price,ok
2026-08-25T04:24:12.282856+00:00,2026-08-25T09:54:12.282856+05:30,BANKNIFTY,25-Aug-2026,57500.0,PE,57467.6,116.6,90,116.9,60,117,116.75,79416,50217,532647,-48.034643570952696,10.35,-0.5792299296661781,0.002601089614215361,-120.73350036146445,5.680165941067004,0.7653336516815212,-0.19395178333665147,2.2228098847763,5.764115582325745e-07,-0.02411553115108677,0.005327199224719788,-12.74583319452558,-436.0703879049112,0.5802310923005726,0.002598159125177105,0.0006388799195839674,57520,1.4265633587079956,0.0068000000000000005,index_dividend_yield,0.065,11.47,30,57360.65,57653.85,57231.25,57525.95,mid_price,ok
2026-08-25T04:24:12.282856+00:00,2026-08-25T09:54:12.282856+05:30,BANKNIFTY,25-Aug-2026,57600.0,CE,57467.6,74.15,60,74.3,60,74.05,74.225,65672,36004,553166,-31.180297397769518,9.15,0.1640878116403876,0.0018609930176222737,-71.988724760255,3.59278473114919,2.6494263683376484,-0.5371736361618386,37.6327954824891,2.557174277343268e-06,-0.0008433852388984447,3.422446764068652e-05,-15.33149225400337,817.3161026927193,-0.1635103348544491,0.001852447451933235,0.0006388799195839674,57520,1.4265633587079956,0.0068000000000000005,index_dividend_yield,0.065,11.47,30,57360.65,57653.85,57231.25,57525.95,mid_price,ok
2026-08-25T04:24:12.282856+00:00,2026-08-25T09:54:12.282856+05:30,BANKNIFTY,25-Aug-2026,57600.0,PE,57467.6,172.85,60,173.5,60,172.95,173.175,29905,17857,249132,-40.17640954686959,10.42,-0.8046376644724441,0.001823617764288906,-82.1769037190837,4.009284654109899,2.2806241463820265,-0.5266835009115718,28.43570983694188,2.568361991830739e-06,-0.004566259481417483,0.0009214245991706994,-15.161950957066548,-315.34521478234757,0.8053338591647727,0.0018152438234686776,0.0006388799195839674,57520,1.4265633587079956,0.0068000000000000005,index_dividend_yield,0.065,11.47,30,57360.65,57653.85,57231.25,57525.95,mid_price,ok
2026-08-25T04:24:12.282856+00:00,2026-08-25T09:54:12.282856+05:30,BANKNIFTY,25-Aug-2026,57700.0,CE,57467.6,44.1,540,44.3,180,44.15,44.2,78924,36351,512659,-44.50031426775613,9.31,0.044746734900807446,0.0006977369110910407,-27.76947519152435,1.3705874091567227,1.7231905679242383,-0.35020690338922494,42.50346708726571,4.670481465303003e-06,0.014144894682530324,-0.0029060367069655714,-11.574938409436914,1035.8127518353815,-0.04452348150996855,0.000692127638932123,0.0006388799195839674,57520,1.4265633587079956,0.0068000000000000005,index_dividend_yield,0.065,11.47,30,57360.65,57653.85,57231.25,57525.95,mid_price,ok
2026-08-25T04:24:12.282856+00:00,2026-08-25T09:54:12.282856+05:30,BANKNIFTY,25-Aug-2026,57700.0,PE,57467.6,244.3,120,244.95,30,244.4,244.625,22841,8833,110372,-32.26164079822616,10.8,-0.9283240647853043,0.0008715442481305583,-37.44123203138712,1.985996849257008,1.856019300110423,-0.4377315607392735,39.45519228548022,4.1022556225181595e-06,0.009246275691561674,-0.0022197766558352187,-13.560615228106684,-226.78101836646505,0.9286620212104559,0.0008645376976548793,0.0006388799195839674,57520,1.4265633587079956,0.0068000000000000005,index_dividend_yield,0.065,11.47,30,57360.65,57653.85,57231.25,57525.95,mid_price,ok
2026-08-25T04:24:12.282856+00:00,2026-08-25T09:54:12.282856+05:30,BANKNIFTY,25-Aug-2026,57800.0,CE,57467.6,25.8,60,25.9,270,25.8,25.85,68765,33302,354108,-55.7840616966581,9.59,0.009068940463391966,0.0001756599217413999,-7.391608873565056,0.35543210263349584,0.6034773282792977,-0.12557977946737503,20.709894896580398,4.732773885208943e-06,0.008402917728493315,-0.0017531912235804897,-5.072158653421014,1231.0483510006798,-0.00900946173291018,0.00017364533823525046,0.0006388799195839674,57520,1.4265633587079956,0.0068000000000000005,index_dividend_yield,0.065,11.47,30,57360.65,57653.85,57231.25,57525.95,mid_price,ok
2026-08-25T04:24:12.282856+00:00,2026-08-25T09:54:12.282856+05:30,BANKNIFTY,25-Aug-2026,57800.0,PE,57467.6,325.65,60,327.05,60,326.4,326.35,10083,3291,46194,-24.714565794026065,11.4,,,,,,,,,,,,,,,0.0006388799195839674,,,,,,11.47,30,57360.65,57653.85,57231.25,57525.95,mid_price,no_price_available
2026-08-25T04:24:12.282856+00:00,2026-08-25T09:54:12.282856+05:30,BANKNIFTY,25-Aug-2026,57900.0,CE,57467.6,15.85,300,15.95,1890,15.75,15.899999999999999,48189,22432,279354,-62.63345195729537,10.05,0.001667637589648477,3.6815613877210504e-05,-1.697506608247469,0.07806627674685036,0.15714275971058783,-0.03420244604327431,6.698184539098359,2.9513746329828806e-06,0.0027918989574641467,-0.0006076131851285257,-1.6259755093241173,1369.0056016985359,-0.0016539745507098834,3.626778557866714e-05,0.0006388799195839674,57520,1.4265633587079956,0.0068000000000000005,index_dividend_yield,0.065,11.47,30,57360.65,57653.85,57231.25,57525.95,mid_price,ok
2026-08-25T04:24:12.282856+00:00,2026-08-25T09:54:12.282856+05:30,BANKNIFTY,25-Aug-2026,57900.0,PE,57467.6,414.7,30,416.15,60,415.95,415.42499999999995,5565,-1043,16103,-20.445634503203596,12.52,,,,,,,,,,,,,,,0.0006388799195839674,,,,,,11.47,30,57360.65,57653.85,57231.25,57525.95,mid_price,no_price_available
2026-08-25T04:24:12.282856+00:00,2026-08-25T09:54:12.282856+05:30,BANKNIFTY,25-Aug-2026,58000.0,CE,57467.6,10.2,2820,10.3,3180,10.25,10.25,107966,28360,419344,-67.25239616613419,10.65,0.00032414626849277287,7.683978583301265e-06,-0.39725148533225635,0.017266372742562503,0.03813029497693802,-0.008802330874425062,1.8885056146556627,1.3270844687258765e-06,0.0007680311723939335,-0.00017698120454384794,-0.47335563568154526,1448.7861166169469,-0.00032094914658939964,7.543558785128356e-06,0.0006388799195839674,57520,1.4265633587079956,0.0068000000000000005,index_dividend_yield,0.065,11.47,30,57360.65,57653.85,57231.25,57525.95,mid_price,ok
2026-08-25T04:24:12.282856+00:00,2026-08-25T09:54:12.282856+05:30,BANKNIFTY,25-Aug-2026,58000.0,PE,57467.6,507.65,30,509.45,30,509.6,508.54999999999995,21752,764,26519,-16.582091995416597,13.56,,,,,,,,,,,,,,,0.0006388799195839674,,,,,,11.47,30,57360.65,57653.85,57231.25,57525.95,mid_price,no_price_available
2026-08-25T04:24:12.282856+00:00,2026-08-25T09:54:12.282856+05:30,BANKNIFTY,25-Aug-2026,58100.0,CE,57467.6,6.5,4470,6.6,9480,6.55,6.55,25692,8701,131928,-70.95343680709534,11.19,5.7888266522599094e-05,1.4557358663874477e-06,-0.08299436702808624,0.003436988091742384,0.008170670708270414,-0.0019889104549965977,0.45736854485332423,4.769339758259891e-07,0.00018063183201379518,-4.382473190689186e-05,-0.11884089038234633,1521.1617938759964,-5.7220530095134405e-05,1.4242178938261884e-06,0.0006388799195839674,57520,1.4265633587079956,0.0068000000000000005,index_dividend_yield,0.065,11.47,30,57360.65,57653.85,57231.25,57525.95,mid_price,ok
2026-08-25T04:24:12.282856+00:00,2026-08-25T09:54:12.282856+05:30,BANKNIFTY,25-Aug-2026,58100.0,PE,57467.6,604.25,60,606.6,60,607.05,605.425,6656,34,3166,-13.278571428571428,15.07,,,,,,,,,,,,,,,0.0006388799195839674,,,,,,11.47,30,57360.65,57653.85,57231.25,57525.95,mid_price,no_price_available
2026-08-25T04:24:12.282856+00:00,2026-08-25T09:54:12.282856+05:30,BANKNIFTY,25-Aug-2026,58200.0,CE,57467.6,4.85,1980,4.9,5070,4.9,4.875,21851,719,107604,-71.42857142857143,12.05,1.705111345380075e-05,4.2505244292098626e-07,-0.028077700898198808,0.0010806745454829771,0.002565874144184768,-0.0006752455426931054,0.15440659781197932,1.7052785661880983e-07,5.717832491509437e-05,-1.4981765041405141e-05,-0.04301165405124207,1499.7584079699725,-1.6825312793375286e-05,4.14421871555673e-07,0.0006388799195839674,57520,1.4265633587079956,0.0068000000000000005,index_dividend_yield,0.065,11.47,30,57360.65,57653.85,57231.25,57525.95,mid_price,ok
2026-08-25T04:24:12.282856+00:00,2026-08-25T09:54:12.282856+05:30,BANKNIFTY,25-Aug-2026,58200.0,PE,57467.6,702,330,705.25,330,701.35,703.625,3699,-49,4022,-11.691009821203727,15.2,,,,,,,,,,,,,,,0.0006388799195839674,,,,,,11.47,30,57360.65,57653.85,57231.25,57525.95,mid_price,no_price_available
2026-08-25T04:24:12.282856+00:00,2026-08-25T09:54:12.282856+05:30,BANKNIFTY,25-Aug-2026,58300.0,CE,57467.6,3.9,30,3.95,18390,3.9,3.925,17073,3160,88962,-70.45454545454545,12.98,6.203881129051168e-06,1.506952833798723e-07,-0.011542896963040922,0.00041270498112411046,0.0009595966070036424,-0.00027318168252176735,0.06089671830925708,6.30986362075841e-08,2.1065507297424617e-05,-5.9656712707042e-06,-0.01825009893160084,1456.0474244835204,-6.111102967872148e-06,1.464227875108375e-07,0.0006388799195839674,57520,1.4265633587079956,0.0068000000000000005,index_dividend_yield,0.065,11.47,30,57360.65,57653.85,57231.25,57525.95,mid_price,ok
2026-08-25T04:24:12.282856+00:00,2026-08-25T09:54:12.282856+05:30,BANKNIFTY,25-Aug-2026,58300.0,PE,57467.6,798.15,30,806.15,30,807.4,802.15,1489,78,872,-9.387800909039896,18.66,,,,,,,,,,,,,,,0.0006388799195839674,,,,,,11.47,30,57360.65,57653.85,57231.25,57525.95,mid_price,no_price_available
2026-08-25T04:24:12.282856+00:00,2026-08-25T09:54:12.282856+05:30,BANKNIFTY,25-Aug-2026,58400.0,CE,57467.6,3.15,1620,3.2,4230,3.2,3.175,23353,10896,75784,-68.47290640394088,14,2.867248349107981e-06,6.681599925507576e-08,-0.005950862916245534,0.00019736669200083585,0.00044164630405811085,-0.00013613547025155925,0.029090122020655047,2.561185869143111e-08,9.366901281596767e-06,-2.870251907039499e-06,-0.009406136892344902,1393.5089282535641,-2.8194458452475554e-06,6.469949546837833e-08,0.0006388799195839674,57520,1.4265633587079956,0.0068000000000000005,index_dividend_yield,0.065,11.47,30,57360.65,57653.85,57231.25,57525.95,mid_price,ok
2026-08-25T04:24:12.282856+00:00,2026-08-25T09:54:12.282856+05:30,BANKNIFTY,25-Aug-2026,58400.0,PE,57467.6,899.05,30,906.35,30,900,902.7,517,-158,389,-8.731365987222391,18.9,,,,,,,,,,,,,,,0.0006388799195839674,,,,,,11.47,30,57360.65,57653.85,57231.25,57525.95,mid_price,no_price_available
2026-08-25T04:24:12.282856+00:00,2026-08-25T09:54:12.282856+05:30,BANKNIFTY,25-Aug-2026,58500.0,CE,57467.6,2.9,25620,2.95,4920,2.95,2.925,51103,9302,157174,-66.0919540229885,15.14,1.7319388299992859e-06,3.8118434874148534e-08,-0.0039687044389448535,0.00012176607133838907,0.00025778954473706207,-8.617672555741123e-05,0.017374457444661855,1.1959757563960746e-08,5.185266525650534e-06,-1.722327737371501e-06,-0.006079983187321482,1314.2819442467749,-1.7000792831090612e-06,3.6784888897515025e-08,0.0006388799195839674,57520,1.4265633587079956,0.0068000000000000005,index_dividend_yield,0.065,11.47,30,57360.65,57653.85,57231.25,57525.95,mid_price,ok
2026-08-25T04:24:12.282856+00:00,2026-08-25T09:54:12.282856+05:30,BANKNIFTY,25-Aug-2026,58500.0,PE,57467.6,999.05,30,1005.15,30,1004.7,1002.0999999999999,2923,-200,1295,-7.204211692989748,20.51,,,,,,,,,,,,,,,0.0006388799195839674,,,,,,11.47,30,57360.65,57653.85,57231.25,57525.95,mid_price,no_price_available
2026-08-25T04:24:12.282856+00:00,2026-08-25T09:54:12.282856+05:30,BANKNIFTY,25-Aug-2026,58600.0,CE,57467.6,2.7,12120,2.75,7890,2.7,2.725,13829,4049,55855,-61.971830985915496,16.22,1.0246532490805133e-06,2.149983923769716e-08,-0.0025683212623619817,7.357858321189988e-05,0.00014875836786989603,-5.3446860611332046e-05,0.010258003509572166,5.731592579875266e-09,2.8638576127952193e-06,-1.0218982369472988e-06,-0.003850437869396472,1251.2811342269665,-1.0040495528634095e-06,2.067693206918768e-08,0.0006388799195839674,57520,1.4265633587079956,0.0068000000000000005,index_dividend_yield,0.065,11.47,30,57360.65,57653.85,57231.25,57525.95,mid_price,ok
2026-08-25T04:24:12.282856+00:00,2026-08-25T09:54:12.282856+05:30,BANKNIFTY,25-Aug-2026,58600.0,PE,57467.6,1097.35,30,1110,30,1057.6,1103.675,324,-27,74,-11.260278570229904,0,,,,,,,,,,,,,,,0.0006388799195839674,,,,,,11.47,30,57360.65,57653.85,57231.25,57525.95,mid_price,no_price_available
2026-08-25T04:24:12.282856+00:00,2026-08-25T09:54:12.282856+05:30,BANKNIFTY,25-Aug-2026,58700.0,CE,57467.6,2.6,6180,2.65,960,2.65,2.625,11642,1901,44302,-56.91056910569106,17.38,7.199102290775673e-07,1.4292462526933772e-08,-0.001959714769909643,5.2410969449866414e-05,0.00010035713429099648,-3.8724899885941084e-05,0.007023892951240883,3.0897933366386527e-09,1.832598831198251e-06,-7.020675599953244e-07,-0.0028280337510394765,1182.9379198009576,-7.041999923682077e-07,1.369862509916878e-08,0.0006388799195839674,57520,1.4265633587079956,0.0068000000000000005,index_dividend_yield,0.065,11.47,30,57360.65,57653.85,57231.25,57525.95,mid_price,ok
2026-08-25T04:24:12.282856+00:00,2026-08-25T09:54:12.282856+05:30,BANKNIFTY,25-Aug-2026,58700.0,PE,57467.6,1196,180,1216.75,30,1161.35,1206.375,277,-16,41,-11.499333206325014,17.75,,,,,,,,,,,,,,,0.0006388799195839674,,,,,,11.47,30,57360.65,57653.85,57231.25,57525.95,mid_price,no_price_available
2026-08-25T04:24:12.282856+00:00,2026-08-25T09:54:12.282856+05:30,BANKNIFTY,25-Aug-2026,58800.0,CE,57467.6,2.45,2220,2.5,6360,2.5,2.475,13564,5722,55068,-53.7037037037037,18.51,5.074417033672397e-07,9.585618349827654e-09,-0.0014904311327371992,3.743621311971126e-05,6.827026963517186e-05,-2.8123616914756616e-05,0.004846987787528514,1.7242173163919214e-09,1.188951113960434e-06,-4.861090940449536e-07,-0.0020809855086122192,1124.667710025063,-4.955021748105341e-07,9.156122656573925e-09,0.0006388799195839674,57520,1.4265633587079956,0.0068000000000000005,index_dividend_yield,0.065,11.47,30,57360.65,57653.85,57231.25,57525.95,mid_price,ok
2026-08-25T04:24:12.282856+00:00,2026-08-25T09:54:12.282856+05:30,BANKNIFTY,25-Aug-2026,58800.0,PE,57467.6,1295.4,30,1316.5,30,1280,1305.95,271,-27,59,-7.867271287698841,26.82,,,,,,,,,,,,,,,0.0006388799195839674,,,,,,11.47,30,57360.65,57653.85,57231.25,57525.95,mid_price,no_price_available
2026-08-25T04:24:12.282856+00:00,2026-08-25T09:54:12.282856+05:30,BANKNIFTY,25-Aug-2026,58900.0,CE,57467.6,2.35,360,2.4,9420,2.35,2.375,15003,10084,50455,-51.041666666666664,19.7,4.020211158514291e-07,7.197456510827763e-09,-0.0012673531513360463,2.9916489746390675e-05,5.1734832703816595e-05,-2.2719889789747017e-05,0.003707394916348514,1.0572898042680052e-09,8.55184727016939e-07,-3.7266133569665646e-07,-0.001695603546627263,1065.3929805387154,-3.9187612129233664e-07,6.8516406967485056e-09,0.0006388799195839674,57520,1.4265633587079956,0.0068000000000000005,index_dividend_yield,0.065,11.47,30,57360.65,57653.85,57231.25,57525.95,mid_price,ok
2026-08-25T04:24:12.282856+00:00,2026-08-25T09:54:12.282856+05:30,BANKNIFTY,25-Aug-2026,58900.0,PE,57467.6,1394.35,30,1417.45,30,1328.35,1405.9,252,-8,17,-10.140368679181465,0,,,,,,,,,,,,,,,0.0006388799195839674,,,,,,11.47,30,57360.65,57653.85,57231.25,57525.95,mid_price,no_price_available
2026-08-25T04:24:12.282856+00:00,2026-08-25T09:54:12.282856+05:30,BANKNIFTY,25-Aug-2026,59000.0,CE,57467.6,2.15,16230,2.25,10830,2.2,2.2,48718,3412,130185,-50.561797752808985,20.65,2.4250976353678427e-07,4.218398303149388e-09,-0.0008160071859753268,1.837947061597896e-05,3.0923090721872514e-05,-1.4288328612277107e-05,0.0022599189566289914,5.669724566882884e-10,4.981373217054252e-07,-2.28296789552863e-07,-0.001085840676469749,1034.0254341303087,-2.359826478493284e-07,4.002116077568494e-09,0.0006388799195839674,57520,1.4265633587079956,0.0068000000000000005,index_dividend_yield,0.065,11.47,30,57360.65,57653.85,57231.25,57525.95,mid_price,ok
2026-08-25T04:24:12.282856+00:00,2026-08-25T09:54:12.282856+05:30,BANKNIFTY,25-Aug-2026,59000.0,PE,57467.6,1502.25,30,1509.75,30,1500,1506.0,5900,-100,1011,-4.837430610626487,29.37,,,,,,,,,,,,,,,0.0006388799195839674,,,,,,11.47,30,57360.65,57653.85,57231.25,57525.95,mid_price,no_price_available
2026-08-25T04:24:12.282856+00:00,2026-08-25T09:54:12.282856+05:30,BANKNIFTY,25-Aug-2026,59100.0,CE,57467.6,2.1,3510,2.15,1260,2.1,2.125,8291,4768,25288,-47.5,21.86,2.098470676685518e-07,3.4658777230514265e-09,-0.000751188066164915,1.598559305243284e-05,2.5543783638392545e-05,-1.2508535820059118e-05,0.0018770796807125853,3.8441586571583263e-10,3.9103152561069e-07,-1.8989783161742123e-07,-0.0009554200415460827,981.5529282136558,-2.038429999488314e-07,3.277060017516683e-09,0.0006388799195839674,57520,1.4265633587079956,0.0068000000000000005,index_dividend_yield,0.065,11.47,30,57360.65,57653.85,57231.25,57525.95,mid_price,ok
2026-08-25T04:24:12.282856+00:00,2026-08-25T09:54:12.282856+05:30,BANKNIFTY,25-Aug-2026,59100.0,PE,57467.6,1595.85,60,1614.15,30,1534.5,1605.0,154,-7,9,-9.249512094151044,0,,,,,,,,,,,,,,,0.0006388799195839674,,,,,,11.47,30,57360.65,57653.85,57231.25,57525.95,mid_price,no_price_available
2026-08-25T04:24:12.282856+00:00,2026-08-25T09:54:12.282856+05:30,BANKNIFTY,25-Aug-2026,59200.0,CE,57467.6,2,3810,2.1,1710,2.1,2.05,11001,3184,27555,-38.23529411764706,22.93,1.5676711202234338e-07,2.4935883439287753e-09,-0.0005945733298872666,1.2064079002730663e-05,1.8578277862434847e-05,-9.564884892777063e-06,0.0013801630186283224,2.432416116963765e-10,2.7434076960345834e-07,-1.4003727412184893e-07,-0.0007379763236824556,944.7831815880122,-1.5201848199821184e-07,2.349781423944924e-09,0.0006388799195839674,57520,1.4265633587079956,0.0068000000000000005,index_dividend_yield,0.065,11.47,30,57360.65,57653.85,57231.25,57525.95,mid_price,ok
2026-08-25T04:24:12.282856+00:00,2026-08-25T09:54:12.282856+05:30,BANKNIFTY,25-Aug-2026,59200.0,PE,57467.6,1694.65,60,1729.9,30,1628,1712.275,267,0,6,-7.806438825494804,0,,,,,,,,,,,,,,,0.0006388799195839674,,,,,,11.47,30,57360.65,57653.85,57231.25,57525.95,mid_price,no_price_available
2026-08-25T04:24:12.282856+00:00,2026-08-25T09:54:12.282856+05:30,BANKNIFTY,25-Aug-2026,59300.0,CE,57467.6,1.9,2370,1.95,1350,1.9,1.9249999999999998,8644,5094,28803,-42.42424242424242,24.05,1.27302537794391e-07,1.944438568581409e-09,-0.000509965717840375,9.866762310158735e-06,1.4597094705617923e-05,-7.895635444460324e-06,0.001092717994641473,1.650198009175984e-10,2.0721617132555778e-07,-1.1110745147399111e-07,-0.0006135107679891867,906.9011125773691,-1.2323279159247322e-07,1.8261269278341696e-09,0.0006388799195839674,57520,1.4265633587079956,0.0068000000000000005,index_dividend_yield,0.065,11.47,30,57360.65,57653.85,57231.25,57525.95,mid_price,ok
2026-08-25T04:24:12.282856+00:00,2026-08-25T09:54:12.282856+05:30,BANKNIFTY,25-Aug-2026,59300.0,PE,57467.6,1782.2,30,1850.45,330,1705,1816.325,159,-2,5,-10.2489866821077,0,,,,,,,,,,,,,,,0.0006388799195839674,,,,,,11.47,30,57360.65,57653.85,57231.25,57525.95,mid_price,no_price_available
2026-08-25T04:24:12.282856+00:00,2026-08-25T09:54:12.282856+05:30,BANKNIFTY,25-Aug-2026,59400.0,CE,57467.6,1.8,2400,1.85,510,1.9,1.8250000000000002,4789,1779,15123,-40.625,24.99,8.617879296333393e-08,1.2835103804930301e-09,-0.00036341152897668126,6.767542630149443e-06,9.77134363859657e-06,-5.509770422133661e-06,0.0007417818874931052,1.008639645628695e-10,1.3552263516912806e-07,-7.572776293390926e-08,-0.00043372504484394896,883.6731624770356,-8.328087488131159e-08,1.2013584733998853e-09,0.0006388799195839674,57520,1.4265633587079956,0.0068000000000000005,index_dividend_yield,0.065,11.47,30,57360.65,57653.85,57231.25,57525.95,mid_price,ok
2026-08-25T04:24:12.282856+00:00,2026-08-25T09:54:12.282856+05:30,BANKNIFTY,25-Aug-2026,59400.0,PE,57467.6,1870.15,30,1939.7,30,1760.6,1904.9250000000002,177,-1,6,2.0904003943057607,0,,,,,,,,,,,,,,,0.0006388799195839674,,,,,,11.47,30,57360.65,57653.85,57231.25,57525.95,mid_price,no_price_available
2026-08-25T04:24:12.282856+00:00,2026-08-25T09:54:12.282856+05:30,BANKNIFTY,25-Aug-2026,59500.0,CE,57467.6,1.7,18150,1.75,4170,1.75,1.725,21661,-3531,70333,-45.3125,25.9,5.790478009736343e-08,8.43017378300865e-10,-0.00025636453527099455,4.606824312327647e-06,6.50769980663709e-06,-3.816169997398676e-06,0.0005009344034045981,6.190098664507818e-11,8.839684644837942e-08,-5.135295618827927e-08,-0.00030431315861569974,863.2029796401501,-5.5862079651601174e-08,7.864094369667702e-10,0.0006388799195839674,57520,1.4265633587079956,0.0068000000000000005,index_dividend_yield,0.065,11.47,30,57360.65,57653.85,57231.25,57525.95,mid_price,ok
2026-08-25T04:24:12.282856+00:00,2026-08-25T09:54:12.282856+05:30,BANKNIFTY,25-Aug-2026,59500.0,PE,57467.6,1999.9,60,2009.05,30,1955,2004.475,1510,-31,83,-6.090882889806898,0,,,,,,,,,,,,,,,0.0006388799195839674,,,,,,11.47,30,57360.65,57653.85,57231.25,57525.95,mid_price,no_price_available
2026-08-25T04:24:12.282856+00:00,2026-08-25T09:54:12.282856+05:30,BANKNIFTY,25-Aug-2026,59600.0,CE,57467.6,1.75,2460,1.8,750,1.75,1.775,4808,1742,9515,-40.67796610169491,27.05,5.188674163987792e-08,7.258505751558956e-10,-0.00024074784451376342,4.142665364578312e-06,5.624090240716735e-06,-3.4478628130148952e-06,0.0004345557244486782,4.665849721125105e-11,7.344446018779462e-08,-4.4600525079280326e-08,-0.00027591031314351414,829.3123047766662,-4.996998316837641e-08,6.748400147614538e-10,0.0006388799195839674,57520,1.4265633587079956,0.0068000000000000005,index_dividend_yield,0.065,11.47,30,57360.65,57653.85,57231.25,57525.95,mid_price,ok
2026-08-25T04:24:12.282856+00:00,2026-08-25T09:54:12.282856+05:30,BANKNIFTY,25-Aug-2026,59600.0,PE,57467.6,2034.15,300,2141.4,30,0.0,2087.775,23,0,0,0,48.83,,,,,,,,,,,,,,,0.0006388799195839674,,,,,,11.47,30,57360.65,57653.85,57231.25,57525.95,mid_price,no_price_available
2026-08-25T04:24:12.282856+00:00,2026-08-25T09:54:12.282856+05:30,BANKNIFTY,25-Aug-2026,59700.0,CE,57467.6,1.6,2580,1.65,720,1.6,1.625,3968,1503,6956,-39.62264150943396,28.09,4.186922193653364e-08,5.679028456422607e-10,-0.00020310508227013344,3.3658219836861545e-06,4.432360540610601e-06,-2.827196494991338e-06,0.000344980556434626,3.312627034677906e-11,5.6176802252120366e-08,-3.5488253120245874e-08,-0.00022778473382132115,803.82447400971,-4.025343976378256e-08,5.262250317931218e-10,0.0006388799195839674,57520,1.4265633587079956,0.0068000000000000005,index_dividend_yield,0.065,11.47,30,57360.65,57653.85,57231.25,57525.95,mid_price,ok
2026-08-25T04:24:12.282856+00:00,2026-08-25T09:54:12.282856+05:30,BANKNIFTY,25-Aug-2026,59700.0,PE,57467.6,2131.65,300,2339.85,300,0.0,2235.75,18,0,0,0,0,,,,,,,,,,,,,,,0.0006388799195839674,57520,1.4265633587079956,0.0068000000000000005,index_dividend_yield,0.065,11.47,30,57360.65,57653.85,57231.25,57525.95,mid_price,no_nse_iv
2026-08-25T04:24:12.282856+00:00,2026-08-25T09:54:12.282856+05:30,BANKNIFTY,25-Aug-2026,59800.0,CE,57467.6,1.55,1320,1.6,900,1.55,1.5750000000000002,3637,320,5818,-34.04255319148936,28.91,2.7288487378576107e-08,3.6448447302358153e-10,-0.00013806533062318748,2.2232714060411385e-06,2.8855961325157193e-06,-1.9017799938035307e-06,0.00022781315510529438,2.0414897210478265e-11,3.608156825348686e-08,-2.3543727643800373e-08,-0.00015527568087692702,791.0080581982058,-2.6190992288339247e-08,3.3660672207496324e-10,0.0006388799195839674,57520,1.4265633587079956,0.0068000000000000005,index_dividend_yield,0.065,11.47,30,57360.65,57653.85,57231.25,57525.95,mid_price,ok
2026-08-25T04:24:12.282856+00:00,2026-08-25T09:54:12.282856+05:30,BANKNIFTY,25-Aug-2026,59800.0,PE,57467.6,2232.95,300,2399.8,300,0.0,2316.375,10,0,0,0,0,,,,,,,,,,,,,,,0.0006388799195839674,,,,,,11.47,30,57360.65,57653.85,57231.25,57525.95,mid_price,no_price_available
2026-08-25T04:24:12.282856+00:00,2026-08-25T09:54:12.282856+05:30,BANKNIFTY,25-Aug-2026,59900.0,CE,57467.6,1.45,1980,1.5,1260,1.45,1.475,2356,-1261,7982,-42,30.02,2.4534447023678148e-08,3.166179871175213e-10,-0.0001293108084668345,2.005449037196038e-06,2.5152959242577046e-06,-1.7231363421114073e-06,0.00019927171711029093,1.5918468476779263e-11,3.040176309583617e-08,-2.0618312990278325e-08,-0.00014114820918756856,764.161236890468,-2.3507357453716998e-08,2.9142584152781135e-10,0.0006388799195839674,57520,1.4265633587079956,0.0068000000000000005,index_dividend_yield,0.065,11.47,30,57360.65,57653.85,57231.25,57525.95,mid_price,ok
2026-08-25T04:24:12.282856+00:00,2026-08-25T09:54:12.282856+05:30,BANKNIFTY,25-Aug-2026,59900.0,PE,57467.6,2332.6,300,2418.6,30,0.0,2375.6,3,0,0,0,0,,,,,,,,,,,,,,,0.0006388799195839674,,,,,,11.47,30,57360.65,57653.85,57231.25,57525.95,mid_price,no_price_available
2026-08-25T04:24:12.282856+00:00,2026-08-25T09:54:12.282856+05:30,BANKNIFTY,25-Aug-2026,60000.0,CE,57467.6,1.3,17340,1.35,4860,1.35,1.3250000000000002,37850,-1541,36942,-37.2093023255814,30.9,1.7672430015320416e-08,2.2378845214250047e-10,-9.682861922692244e-05,1.4590208913746473e-06,1.796765618633695e-06,-1.2709662187155942e-06,0.000143861208726762,1.0670088878340408e-11,2.1338631078799285e-08,-1.4939084614276803e-08,-0.00010514531378719613,749.4677781695568,-1.690395091148091e-08,2.0529638029100685e-10,0.0006388799195839674,57520,1.4265633587079956,0.0068000000000000005,index_dividend_yield,0.065,11.47,30,57360.65,57653.85,57231.25,57525.95,mid_price,ok
2026-08-25T04:24:12.282856+00:00,2026-08-25T09:54:12.282856+05:30,BANKNIFTY,25-Aug-2026,60000.0,PE,57467.6,2499.7,30,2511.05,30,2472.1,2505.375,4997,-286,679,-4.598166907863001,38.4,,,,,,,,,,,,,,,0.0006388799195839674,,,,,,11.47,30,57360.65,57653.85,57231.25,57525.95,mid_price,no_price_available
2026-08-25T04:24:12.282856+00:00,2026-08-25T09:54:12.282856+05:30,BANKNIFTY,25-Aug-2026,60100.0,CE,57467.6,1.35,690,1.4,630,1.4,1.375,1254,-419,2625,-28.205128205128204,32.11,1.7961208760665036e-08,2.1876768959581756e-10,-0.00010220823021218117,1.4821386903913363e-06,1.7554769922999574e-06,-1.290217662764756e-06,0.00014048364196697643,9.254907299733337e-12,2.0051900248645924e-08,-1.4585999945640563e-08,-0.00010668626999140678,720.9280864617174,-1.7150679072823098e-08,2.0002319344860796e-10,0.0006388799195839674,57520,1.4265633587079956,0.0068000000000000005,index_dividend_yield,0.065,11.47,30,57360.65,57653.85,57231.25,57525.95,mid_price,ok
2026-08-25T04:24:12.282856+00:00,2026-08-25T09:54:12.282856+05:30,BANKNIFTY,25-Aug-2026,60100.0,PE,57467.6,2491.2,300,2615.1,30,0.0,2553.1499999999996,7,0,0,0,22.54,,,,,,,,,,,,,,,0.0006388799195839674,,,,,,11.47,30,57360.65,57653.85,57231.25,57525.95,mid_price,no_price_available
2026-08-25T04:24:12.282856+00:00,2026-08-25T09:54:12.282856+05:30,BANKNIFTY,25-Aug-2026,60200.0,CE,57467.6,1.35,450,1.4,90,1.45,1.375,1493,-179,3956,-25.641025641025642,33.08,1.454417701546725e-08,1.7304356248463264e-10,-8.579930240245286e-05,1.2077757540149093e-06,1.397902438131864e-06,-1.060642036206354e-06,0.00011262065715055159,6.849742191612082e-12,1.5610664284415785e-08,-1.1720729045937218e-08,-8.825512686641614e-05,704.0181916315374,-1.3864314533381488e-08,1.576916093103854e-10,0.0006388799195839674,57520,1.4265633587079956,0.0068000000000000005,index_dividend_yield,0.065,11.47,30,57360.65,57653.85,57231.25,57525.95,mid_price,ok
2026-08-25T04:24:12.282856+00:00,2026-08-25T09:54:12.282856+05:30,BANKNIFTY,25-Aug-2026,60200.0,PE,57467.6,2632,300,2742,150,0.0,2687.0,11,0,0,0,0,,,,,,,,,,,,,,,0.0006388799195839674,,,,,,11.47,30,57360.65,57653.85,57231.25,57525.95,mid_price,no_price_available
2026-08-25T04:24:12.282856+00:00,2026-08-25T09:54:12.282856+05:30,BANKNIFTY,25-Aug-2026,60300.0,CE,57467.6,1.3,600,1.35,1530,1.3,1.3250000000000002,966,-92,1731,-27.77777777777778,33.77,9.127336813007975e-09,1.0784149722561498e-10,-5.572147491642972e-05,7.683911037340906e-07,8.839241184922674e-07,-6.878536200161042e-07,7.225168770270473e-05,4.212939912525108e-12,9.819787019973399e-09,-7.559185191938512e-09,-5.8018961863111253e-05,698.6574310877529,-8.686158839909208e-09,9.794841326568317e-11,0.0006388799195839674,57520,1.4265633587079956,0.0068000000000000005,index_dividend_yield,0.065,11.47,30,57360.65,57653.85,57231.25,57525.95,mid_price,ok
2026-08-25T04:24:12.282856+00:00,2026-08-25T09:54:12.282856+05:30,BANKNIFTY,25-Aug-2026,60300.0,PE,57467.6,2711.6,300,2839,30,0.0,2775.3,1,0,0,0,24.19,,,,,,,,,,,,,,,0.0006388799195839674,,,,,,11.47,30,57360.65,57653.85,57231.25,57525.95,mid_price,no_price_available
2026-08-25T04:24:12.282856+00:00,2026-08-25T09:54:12.282856+05:30,BANKNIFTY,25-Aug-2026,60400.0,CE,57467.6,1.25,1470,1.35,930,1.35,1.3,1929,874,2845,-25,35.36,1.3510266942104865e-08,1.5070733432211878e-10,-8.537118955504127e-05,1.124377129364367e-06,1.2202546473765516e-06,-9.904231920437538e-07,9.85379963853343e-05,4.959856947811138e-12,1.2780084818952728e-08,-1.0263874440985765e-08,-8.259172780826367e-05,660.0547375176822,-1.283487328602674e-08,1.3642897975454823e-10,0.0006388799195839674,57520,1.4265633587079956,0.0068000000000000005,index_dividend_yield,0.065,11.47,30,57360.65,57653.85,57231.25,57525.95,mid_price,ok
2026-08-25T04:24:12.282856+00:00,2026-08-25T09:54:12.282856+05:30,BANKNIFTY,25-Aug-2026,60400.0,PE,57467.6,2642.75,300,3018.55,300,0.0,2830.65,0,0,0,0,0,,,,,,,,,,,,,,,0.0006388799195839674,,,,,,11.47,30,57360.65,57653.85,57231.25,57525.95,mid_price,no_price_available
2026-08-25T04:24:12.282856+00:00,2026-08-25T09:54:12.282856+05:30,BANKNIFTY,25-Aug-2026,60500.0,CE,57467.6,1.25,6810,1.3,14250,1.3,1.275,8820,-3189,23659,-13.333333333333334,35.75,6.654781402936888e-09,7.49498865119478e-11,-4.339662913224747e-05,5.653434753710624e-07,6.202481838340686e-07,-5.126459812302658e-07,5.11881370014797e-05,2.560073087419874e-12,6.575842786708127e-09,-5.375113458948111e-09,-4.363223521229947e-05,665.7278636995313,-6.311733145785993e-09,6.762485559248053e-11,0.0006388799195839674,57520,1.4265633587079956,0.0068000000000000005,index_dividend_yield,0.065,11.47,30,57360.65,57653.85,57231.25,57525.95,mid_price,ok
2026-08-25T04:24:12.282856+00:00,2026-08-25T09:54:12.282856+05:30,BANKNIFTY,25-Aug-2026,60500.0,PE,57467.6,2995.05,60,3016.1,30,2972.15,3005.575,324,0,102,-3.5798864557988646,48.94,,,,,,,,,,,,,,,0.0006388799195839674,,,,,,11.47,30,57360.65,57653.85,57231.25,57525.95,mid_price,no_price_available
2026-08-25T04:24:12.282856+00:00,2026-08-25T09:54:12.282856+05:30,BANKNIFTY,25-Aug-2026,60600.0,CE,57467.6,1.2,150,1.3,300,1.35,1.25,468,5,156,-10,37.09,7.902303730981682e-09,8.536421876923233e-11,-5.3198979498434314e-05,6.680332237649637e-07,7.02748581646549e-07,-6.015514685351559e-07,5.769652813179764e-05,2.5893900484116942e-12,7.141836560935873e-09,-6.04665080308239e-09,-5.09496725405742e-05,638.7212135114546,-7.482102915934184e-09,7.676738414495934e-11,0.0006388799195839674,57520,1.4265633587079956,0.0068000000000000005,index_dividend_yield,0.065,11.47,30,57360.65,57653.85,57231.25,57525.95,mid_price,ok
2026-08-25T04:24:12.282856+00:00,2026-08-25T09:54:12.282856+05:30,BANKNIFTY,25-Aug-2026,60600.0,PE,57467.6,3007.05,300,3170.05,300,0.0,3088.55,10,0,0,0,24.43,,,,,,,,,,,,,,,0.0006388799195839674,,,,,,11.47,30,57360.65,57653.85,57231.25,57525.95,mid_price,no_price_available
2026-08-25T04:24:12.282856+00:00,2026-08-25T09:54:12.282856+05:30,BANKNIFTY,25-Aug-2026,60700.0,CE,57467.6,1.25,60,1.3,1110,1.25,1.275,368,102,314,-24.242424242424242,38,6.401897122261768e-09,6.790734249824348e-11,-4.4420156860455457e-05,5.44459638231527e-07,5.626108450874156e-07,-4.944933608924786e-07,4.648591746541056e-05,1.965559181541576e-12,5.618668266131018e-09,-4.88369796236951e-09,-4.213331833708659e-05,627.0218218535355,-6.0513166140239025e-09,6.086750124524174e-11,0.0006388799195839674,57520,1.4265633587079956,0.0068000000000000005,index_dividend_yield,0.065,11.47,30,57360.65,57653.85,57231.25,57525.95,mid_price,ok
2026-08-25T04:24:12.282856+00:00,2026-08-25T09:54:12.282856+05:30,BANKNIFTY,25-Aug-2026,60700.0,PE,57467.6,3104.35,300,3220.75,30,0.0,3162.55,1,0,0,0,15.79,,,,,,,,,,,,,,,0.0006388799195839674,,,,,,11.47,30,57360.65,57653.85,57231.25,57525.95,mid_price,no_price_available
2026-08-25T04:24:12.282856+00:00,2026-08-25T09:54:12.282856+05:30,BANKNIFTY,25-Aug-2026,60800.0,CE,57467.6,1.15,390,1.2,90,1.2,1.1749999999999998,633,-14,269,-11.11111111111111,38.89,5.1500031435162275e-09,5.370680622194956e-11,-3.679466275822777e-05,4.406894246643188e-07,4.478632436852237e-07,-4.037861053021802e-07,3.724594849792303e-05,1.489128937465662e-12,4.400644844413643e-09,-3.922965151637456e-09,-3.4615344737680405e-05,616.2785599027791,-4.859836940738029e-09,4.798088883164024e-11,0.0006388799195839674,57520,1.4265633587079956,0.0068000000000000005,index_dividend_yield,0.065,11.47,30,57360.65,57653.85,57231.25,57525.95,mid_price,ok
2026-08-25T04:24:12.282856+00:00,2026-08-25T09:54:12.282856+05:30,BANKNIFTY,25-Aug-2026,60800.0,PE,57467.6,3143,330,3445.65,300,0.0,3294.325,1,0,0,0,0,,,,,,,,,,,,,,,0.0006388799195839674,,,,,,11.47,30,57360.65,57653.85,57231.25,57525.95,mid_price,no_price_available
2026-08-25T04:24:12.282856+00:00,2026-08-25T09:54:12.282856+05:30,BANKNIFTY,25-Aug-2026,60900.0,CE,57467.6,1.15,570,1.2,30,1.15,1.1749999999999998,266,87,418,-23.333333333333332,40.09,5.446387605182275e-09,5.5010957002080536e-11,-4.004839361247659e-05,4.653188168140575e-07,4.579741673781137e-07,-4.253985658854625e-07,3.802373511323273e-05,1.401487052824707e-12,4.357637807610952e-09,-4.002318784635266e-09,-3.6411123540335935e-05,596.9682835931457,-5.130813197829722e-09,4.898473189800536e-11,0.0006388799195839674,57520,1.4265633587079956,0.0068000000000000005,index_dividend_yield,0.065,11.47,30,57360.65,57653.85,57231.25,57525.95,mid_price,ok
2026-08-25T04:24:12.282856+00:00,2026-08-25T09:54:12.282856+05:30,BANKNIFTY,25-Aug-2026,60900.0,PE,57467.6,3197.05,300,3671.3,300,0.0,3434.175,0,0,0,0,0,,,,,,,,,,,,,,,0.0006388799195839674,57520,1.4265633587079956,0.0068000000000000005,index_dividend_yield,0.065,11.47,30,57360.65,57653.85,57231.25,57525.95,mid_price,no_nse_iv
2026-08-25T04:24:12.282856+00:00,2026-08-25T09:54:12.282856+05:30,BANKNIFTY,25-Aug-2026,61000.0,CE,57467.6,1.05,12630,1.1,4500,1.1,1.0750000000000002,22533,-1809,23641,-31.25,40.44,2.8189608638230804e-09,2.8745127543656185e-11,-2.1292957629524583e-05,2.452679185678113e-07,2.4396306680685153e-07,-2.302197855561701e-07,2.0648382705376713e-05,7.56201334563646e-13,2.3486715923428482e-09,-2.190490590650316e-09,-2.0065268805263152e-05,602.143520253767,-2.6513094801564957e-09,2.5512363281771112e-11,0.0006388799195839674,57520,1.4265633587079956,0.0068000000000000005,index_dividend_yield,0.065,11.47,30,57360.65,57653.85,57231.25,57525.95,mid_price,ok
2026-08-25T04:24:12.282856+00:00,2026-08-25T09:54:12.282856+05:30,BANKNIFTY,25-Aug-2026,61000.0,PE,57467.6,3498.6,30,3518.4,30,3437.05,3508.5,1749,-1,96,-4.041264168853649,0,,,,,,,,,,,,,,,0.0006388799195839674,,,,,,11.47,30,57360.65,57653.85,57231.25,57525.95,mid_price,no_price_available
2026-08-25T04:24:12.282856+00:00,2026-08-25T09:54:12.282856+05:30,BANKNIFTY,25-Aug-2026,61100.0,CE,57467.6,0.6,600,1.25,90,1.35,0.925,275,-114,212,17.391304347826086,42.32,5.296171751878102e-09,5.0714808806590725e-11,-4.113968650910992e-05,4.52841072393073e-07,4.225633415126001e-07,-4.1447394914116366e-07,3.5113108561707544e-05,1.1290614822385724e-12,3.812263076180774e-09,-3.6972461484518114e-09,-3.5503770490956256e-05,565.9867031448393,-4.972512793100901e-09,4.4864051708196135e-11,0.0006388799195839674,57520,1.4265633587079956,0.0068000000000000005,index_dividend_yield,0.065,11.47,30,57360.65,57653.85,57231.25,57525.95,mid_price,wide_quote_low_liquidity
2026-08-25T04:24:12.282856+00:00,2026-08-25T09:54:12.282856+05:30,BANKNIFTY,25-Aug-2026,61100.0,PE,57467.6,3483.75,300,3946.65,300,0.0,3715.2,2,0,0,0,15.97,-0.9999956556259837,1.7660971490556245e-53,9.809745468119017,5.950930308052292e-50,0.0,-1.8630056048497013e-05,1.17200708488682e-46,1.9751210406016625e-48,3.4540191332363654e-50,-1.7890794127221817e-49,-6.3297944684556176e-46,-15.830735794922598,0.999958473667469,1.5623498477358748e-53,0.0006388799195839674,57520,1.4265633587079956,0.0068000000000000005,index_dividend_yield,0.065,11.47,30,57360.65,57653.85,57231.25,57525.95,mid_price,ok
2026-08-25T04:24:12.282856+00:00,2026-08-25T09:54:12.282856+05:30,BANKNIFTY,25-Aug-2026,61200.0,CE,57467.6,0.65,750,0.8,1080,0.8,0.7250000000000001,1768,-14,275,-27.272727272727273,41.66,1.2078001085714144e-09,1.2227684791439197e-11,-9.611815901763996e-06,1.0748029730302862e-07,1.0627527650820441e-07,-1.0431243646264504e-07,9.210819478108462e-06,3.183960847628668e-13,1.0184412155573789e-09,-9.87363563467314e-10,-9.297549242012462e-06,597.2259731264807,-1.132241076844897e-09,1.0781706641755682e-11,0.0006388799195839674,57520,1.4265633587079956,0.0068000000000000005,index_dividend_yield,0.065,11.47,30,57360.65,57653.85,57231.25,57525.95,mid_price,wide_quote_low_liquidity
2026-08-25T04:24:12.282856+00:00,2026-08-25T09:54:12.282856+05:30,BANKNIFTY,25-Aug-2026,61200.0,PE,57467.6,3607,300,4105.85,300,0.0,3856.425,1,0,0,0,25.62,-0.9999956556259837,3.6662741503156025e-24,9.827552947787067,1.9818437928377214e-20,0.0,-1.8630056048497013e-05,7.445613005417206e-18,8.339036691192512e-24,1.3621497965532392e-21,-1.4396417553245182e-21,-8.178511578699338e-18,-15.406349226357742,0.999958473667469,3.2327209141528828e-24,0.0006388799195839674,57520,1.4265633587079956,0.0068000000000000005,index_dividend_yield,0.065,11.47,30,57360.65,57653.85,57231.25,57525.95,mid_price,ok
2026-08-25T04:24:12.282856+00:00,2026-08-25T09:54:12.282856+05:30,BANKNIFTY,25-Aug-2026,61300.0,CE,57467.6,0.75,300,1.2,30,1.1,0.975,162,-35,182,-26.666666666666668,43.49,2.258568401234795e-09,2.1544183300191662e-11,-1.845518672559424e-05,1.9769004566581909e-07,1.840084806302338e-07,-1.8720865804638593e-07,1.5672703361815712e-05,4.790920720594195e-13,1.6583336162934175e-09,-1.667183244515242e-09,-1.6413955375058057e-05,563.18688360711,-2.1136058905945234e-09,1.8934559536711078e-11,0.0006388799195839674,57520,1.4265633587079956,0.0068000000000000005,index_dividend_yield,0.065,11.47,30,57360.65,57653.85,57231.25,57525.95,mid_price,wide_quote_low_liquidity
2026-08-25T04:24:12.282856+00:00,2026-08-25T09:54:12.282856+05:30,BANKNIFTY,25-Aug-2026,61300.0,PE,57467.6,3390.65,300,4327.7,300,0.0,3859.175,0,0,0,0,0,,,,,,,,,,,,,,,0.0006388799195839674,57520,1.4265633587079956,0.0068000000000000005,index_dividend_yield,0.065,11.47,30,57360.65,57653.85,57231.25,57525.95,mid_price,no_nse_iv
2026-08-25T04:24:12.282856+00:00,2026-08-25T09:54:12.282856+05:30,BANKNIFTY,25-Aug-2026,61400.0,CE,57467.6,0.9,60,1.5,60,0.9,1.2,175,-1,29,-30.76923076923077,43.65,1.0475820774471792e-09,1.0159524100609277e-11,-8.76677762982236e-06,9.356705741049197e-08,8.864370696356835e-08,-9.131794180046048e-08,7.712593383320727e-06,2.3714981155142346e-13,8.140913926301477e-10,-8.28265551362081e-10,-8.169230116362759e-06,572.046126403164,-9.787750485368495e-10,8.899851148527476e-12,0.0006388799195839674,57520,1.4265633587079956,0.0068000000000000005,index_dividend_yield,0.065,11.47,30,57360.65,57653.85,57231.25,57525.95,mid_price,wide_quote_low_liquidity
2026-08-25T04:24:12.282856+00:00,2026-08-25T09:54:12.282856+05:30,BANKNIFTY,25-Aug-2026,61400.0,PE,57467.6,3486.25,300,4334.25,300,0.0,3910.25,0,0,0,0,0,,,,,,,,,,,,,,,0.0006388799195839674,,,,,,11.47,30,57360.65,57653.85,57231.25,57525.95,mid_price,no_price_available
2026-08-25T04:24:12.282856+00:00,2026-08-25T09:54:12.282856+05:30,BANKNIFTY,25-Aug-2026,61500.0,CE,57467.6,0.8,2940,0.85,8910,0.85,0.825,4821,1255,4808,-22.727272727272727,44.4,8.003298226859467e-10,7.683394904781596e-12,-6.859713683554376e-06,7.197828323350522e-08,6.752841148021093e-08,-7.098758099556158e-08,5.918224905754008e-06,1.7524270849779245e-13,6.143914873077603e-10,-6.377426294671419e-10,-6.394255950190729e-06,566.0966820349664,-7.465331417677756e-10,6.708864866214433e-12,0.0006388799195839674,57520,1.4265633587079956,0.0068000000000000005,index_dividend_yield,0.065,11.47,30,57360.65,57653.85,57231.25,57525.95,mid_price,ok
2026-08-25T04:24:12.282856+00:00,2026-08-25T09:54:12.282856+05:30,BANKNIFTY,25-Aug-2026,61500.0,PE,57467.6,3952.95,30,4025.15,30,4032.55,3989.05,297,-2,9,-0.9201474201474201,84.18,,,,,,,,,,,,,,,0.0006388799195839674,,,,,,11.47,30,57360.65,57653.85,57231.25,57525.95,mid_price,no_price_available
2026-08-25T04:24:12.282856+00:00,2026-08-25T09:54:12.282856+05:30,BANKNIFTY,25-Aug-2026,61600.0,CE,57467.6,0.75,30,1.45,60,0.6,1.1,207,0,9,-36.8421052631579,43.98,2.2193361765646037e-10,2.220168591892603e-12,-1.9447920840360083e-06,2.0601865055361142e-08,2.0173885959479472e-08,-2.134192849080023e-08,1.8277808817202477e-06,5.687533480573111e-14,1.9190612146084405e-10,-2.002878604420169e-10,-1.983943576352077e-06,589.0650569963864,-2.0669384935377073e-10,1.9322826334056436e-12,0.0006388799195839674,57520,1.4265633587079956,0.0068000000000000005,index_dividend_yield,0.065,11.47,30,57360.65,57653.85,57231.25,57525.95,mid_price,wide_quote_low_liquidity
2026-08-25T04:24:12.282856+00:00,2026-08-25T09:54:12.282856+05:30,BANKNIFTY,25-Aug-2026,61600.0,PE,57467.6,3756.95,300,4476.05,300,0.0,4116.5,0,0,0,0,0,,,,,,,,,,,,,,,0.0006388799195839674,,,,,,11.47,30,57360.65,57653.85,57231.25,57525.95,mid_price,no_price_available
2026-08-25T04:24:12.282856+00:00,2026-08-25T09:54:12.282856+05:30,BANKNIFTY,25-Aug-2026,61700.0,CE,57467.6,1,30,1.2,30,1.2,1.1,257,0,9,26.31578947368421,48.59,3.804114039543634e-09,3.2020507537445563e-11,-3.423628922248199e-05,3.2827700993492863e-07,2.6943383156067067e-07,-3.04527767813182e-07,2.260799925020094e-05,5.28309694303141e-13,2.1391771483837896e-09,-2.389977508341609e-09,-2.632584289088532e-05,497.4147053337356,-3.5360422188278736e-09,2.7778193813964306e-11,0.0006388799195839674,57520,1.4265633587079956,0.0068000000000000005,index_dividend_yield,0.065,11.47,30,57360.65,57653.85,57231.25,57525.95,mid_price,wide_quote_low_liquidity
2026-08-25T04:24:12.282856+00:00,2026-08-25T09:54:12.282856+05:30,BANKNIFTY,25-Aug-2026,61700.0,PE,57467.6,3770.65,300,4656.95,300,0.0,4213.8,0,0,0,0,0,,,,,,,,,,,,,,,0.0006388799195839674,,,,,,11.47,30,57360.65,57653.85,57231.25,57525.95,mid_price,no_price_available
2026-08-25T04:24:12.282856+00:00,2026-08-25T09:54:12.282856+05:30,BANKNIFTY,25-Aug-2026,61800.0,CE,57467.6,0.65,180,1,30,0.7,0.825,248,-11,105,-30,45.87,1.9266121598194858e-10,1.854168071889783e-12,-1.7667015033188666e-06,1.7944989029339626e-08,1.6907818299142685e-08,-1.8690314070231242e-08,1.5373046485630097e-06,4.304098598911997e-14,1.547870142033577e-10,-1.6878660959621723e-10,-1.7432955823624718e-06,566.6052668655949,-1.7883878878750355e-10,1.6033128328885363e-12,0.0006388799195839674,57520,1.4265633587079956,0.0068000000000000005,index_dividend_yield,0.065,11.47,30,57360.65,57653.85,57231.25,57525.95,mid_price,wide_quote_low_liquidity
2026-08-25T04:24:12.282856+00:00,2026-08-25T09:54:12.282856+05:30,BANKNIFTY,25-Aug-2026,61800.0,PE,57467.6,3981.5,300,4747.8,300,0.0,4364.65,0,0,0,0,0,,,,,,,,,,,,,,,0.0006388799195839674,57520,1.4265633587079956,0.0068000000000000005,index_dividend_yield,0.065,11.47,30,57360.65,57653.85,57231.25,57525.95,mid_price,no_nse_iv
2026-08-25T04:24:12.282856+00:00,2026-08-25T09:54:12.282856+05:30,BANKNIFTY,25-Aug-2026,61900.0,CE,57467.6,0.6,120,1.2,210,0.7,0.8999999999999999,34,-4,74,-30,46.47,1.337458217972973e-10,1.2815296865446742e-12,-1.2532027987647546e-06,1.2565121781387605e-08,1.1792099359816634e-08,-1.3268863009093918e-08,1.081876203036463e-06,2.949858531069129e-14,1.0757496656633543e-10,-1.1937665788564882e-10,-1.2482737873117774e-06,564.0365019798871,-1.2394869983776535e-10,1.1045706352746961e-12,0.0006388799195839674,57520,1.4265633587079956,0.0068000000000000005,index_dividend_yield,0.065,11.47,30,57360.65,57653.85,57231.25,57525.95,mid_price,wide_quote_low_liquidity
2026-08-25T04:24:12.282856+00:00,2026-08-25T09:54:12.282856+05:30,BANKNIFTY,25-Aug-2026,61900.0,PE,57467.6,4112.65,480,4798.05,600,0.0,4455.35,0,0,0,0,0,,,,,,,,,,,,,,,0.0006388799195839674,57520,1.4265633587079956,0.0068000000000000005,index_dividend_yield,0.065,11.47,30,57360.65,57653.85,57231.25,57525.95,mid_price,no_nse_iv
2026-08-25T04:24:12.282856+00:00,2026-08-25T09:54:12.282856+05:30,BANKNIFTY,25-Aug-2026,62000.0,CE,57467.6,0.7,4740,0.8,11220,0.7,0.75,9950,-1122,6256,-22.22222222222222,48.41,2.9171188632181057e-10,2.633763218490102e-12,-2.7950193732633915e-06,2.6901541691171418e-08,2.3766885124673817e-08,-2.7582567571518227e-08,2.138519776392278e-06,5.2089303105935104e-14,2.0391372337951988e-10,-2.335073489220082e-10,-2.5473074179544637e-06,531.8352793847702,-2.6987840313438226e-10,2.262765089542161e-12,0.0006388799195839674,57520,1.4265633587079956,0.0068000000000000005,index_dividend_yield,0.065,11.47,30,57360.65,57653.85,57231.25,57525.95,mid_price,ok
2026-08-25T04:24:12.282856+00:00,2026-08-25T09:54:12.282856+05:30,BANKNIFTY,25-Aug-2026,62000.0,PE,57467.6,4501.3,60,4519.5,30,4470,4510.4,2221,0,155,-2.9726825774102172,67.08,,,,,,,,,,,,,,,0.0006388799195839674,,,,,,11.47,30,57360.65,57653.85,57231.25,57525.95,mid_price,no_price_available
2026-08-25T04:24:12.282856+00:00,2026-08-25T09:54:12.282856+05:30,BANKNIFTY,25-Aug-2026,62100.0,CE,57467.6,0.45,600,1.45,30,0.0,0.95,40,0,0,0,51.67,1.546390680892836e-09,1.254126217329497e-11,-1.5161653386945027e-05,1.3672409801829865e-07,1.0826945044156111e-07,-1.3144828802169022e-07,9.320225880930018e-06,1.9200480855998924e-13,8.305940975036771e-10,-9.961546855742284e-10,-1.1641016342375076e-05,478.75454798571104,-1.4280473289193027e-09,1.0739997169106549e-11,0.0006388799195839674,57520,1.4265633587079956,0.0068000000000000005,index_dividend_yield,0.065,11.47,30,57360.65,57653.85,57231.25,57525.95,mid_price,wide_quote_low_liquidity
2026-08-25T04:24:12.282856+00:00,2026-08-25T09:54:12.282856+05:30,BANKNIFTY,25-Aug-2026,62100.0,PE,57467.6,4284.4,300,5137.55,600,0.0,4710.975,0,0,0,0,0,,,,,,,,,,,,,,,0.0006388799195839674,57520,1.4265633587079956,0.0068000000000000005,index_dividend_yield,0.065,11.47,30,57360.65,57653.85,57231.25,57525.95,mid_price,no_nse_iv
2026-08-25T04:24:12.282856+00:00,2026-08-25T09:54:12.282856+05:30,BANKNIFTY,25-Aug-2026,62200.0,CE,57467.6,0.4,1200,1.3,120,0.6,0.8500000000000001,68,0,2,-7.6923076923076925,52.62,1.4221967324131131e-09,1.1350750456815445e-11,-1.4231361736584458e-05,1.2602037810179037e-07,9.822075447885962e-08,-1.215592907714995e-07,8.474809168531886e-06,1.67984072565239e-13,7.41719358333088e-10,-9.067470757162475e-10,-1.0788824512553533e-05,471.1036568521306,-1.3112017075494952e-09,9.689244765151247e-12,0.0006388799195839674,57520,1.4265633587079956,0.0068000000000000005,index_dividend_yield,0.065,11.47,30,57360.65,57653.85,57231.25,57525.95,mid_price,wide_quote_low_liquidity
2026-08-25T04:24:12.282856+00:00,2026-08-25T09:54:12.282856+05:30,BANKNIFTY,25-Aug-2026,62200.0,PE,57467.6,4281.15,300,5142.2,300,0.0,4711.674999999999,0,0,0,0,0,,,,,,,,,,,,,,,0.0006388799195839674,,,,,,11.47,30,57360.65,57653.85,57231.25,57525.95,mid_price,no_price_available
2026-08-25T04:24:12.282856+00:00,2026-08-25T09:54:12.282856+05:30,BANKNIFTY,25-Aug-2026,62300.0,CE,57467.6,0.4,90,1.25,180,0.8,0.825,222,-2,6,-20,53.39,1.1610180670662355e-09,9.181065325402559e-12,-1.1850190141952307e-05,1.0342329190128564e-07,7.989102421827248e-08,-1.0055888438567961e-07,6.931759465126045e-06,1.3340620609224434e-13,5.981148521572424e-10,-7.435418336055337e-10,-8.972071387085741e-06,466.677322575941,-1.0686669619826594e-09,7.812015649597144e-12,0.0006388799195839674,57520,1.4265633587079956,0.0068000000000000005,index_dividend_yield,0.065,11.47,30,57360.65,57653.85,57231.25,57525.95,mid_price,wide_quote_low_liquidity
2026-08-25T04:24:12.282856+00:00,2026-08-25T09:54:12.282856+05:30,BANKNIFTY,25-Aug-2026,62300.0,PE,57467.6,4449.6,600,5356.25,300,0.0,4902.925,0,0,0,0,0,,,,,,,,,,,,,,,0.0006388799195839674,57520,1.4265633587079956,0.0068000000000000005,index_dividend_yield,0.065,11.47,30,57360.65,57653.85,57231.25,57525.95,mid_price,no_nse_iv
2026-08-25T04:24:12.282856+00:00,2026-08-25T09:54:12.282856+05:30,BANKNIFTY,25-Aug-2026,62400.0,CE,57467.6,0.65,60,1.25,60,0.45,0.95,99,5,15,-80.85106382978724,50.26,4.817103549695188e-11,4.3683633246050965e-13,-4.996547410902322e-07,4.632405783234338e-09,4.1191038153833115e-09,-5.083017069301505e-09,3.8724935276306457e-07,8.834394085527305e-15,3.564582528235994e-11,-4.33496887535586e-11,-4.894304308867625e-07,533.3510013730769,-4.428018362330041e-11,3.7050638215917755e-13,0.0006388799195839674,57520,1.4265633587079956,0.0068000000000000005,index_dividend_yield,0.065,11.47,30,57360.65,57653.85,57231.25,57525.95,mid_price,wide_quote_low_liquidity
2026-08-25T04:24:12.282856+00:00,2026-08-25T09:54:12.282856+05:30,BANKNIFTY,25-Aug-2026,62400.0,PE,57467.6,4554.9,300,5464.1,300,0.0,5009.5,0,0,0,0,26.47,-0.9999956556259837,1.4844152047112245e-36,10.041242703803677,8.290384898622418e-33,0.0,-1.8630056048497013e-05,4.986304818087567e-30,1.866074356333546e-35,8.862950674567889e-34,-2.2872035507306186e-33,-1.3413291064533187e-29,-11.656525231854637,0.999958473667469,1.2590191480223402e-36,0.0006388799195839674,57520,1.4265633587079956,0.0068000000000000005,index_dividend_yield,0.065,11.47,30,57360.65,57653.85,57231.25,57525.95,mid_price,wide_quote_low_liquidity
2026-08-25T04:24:12.282856+00:00,2026-08-25T09:54:12.282856+05:30,BANKNIFTY,25-Aug-2026,62500.0,CE,57467.6,0.6,8100,0.65,7890,0.6,0.625,2850,-76,1123,-25,52.42,1.2564045177432832e-10,1.0687778995558268e-12,-1.3297808700611177e-06,1.1820880854929774e-08,9.849689350100315e-09,-1.2514348080323933e-08,9.050616135879134e-07,1.849347018000562e-14,7.978650027861133e-11,-9.99652182942317e-11,-1.179000651064389e-06,500.7293601730697,-1.1529337199867719e-10,9.035944411937296e-13,0.0006388799195839674,57520,1.4265633587079956,0.0068000000000000005,index_dividend_yield,0.065,11.47,30,57360.65,57653.85,57231.25,57525.95,mid_price,ok
2026-08-25T04:24:12.282856+00:00,2026-08-25T09:54:12.282856+05:30,BANKNIFTY,25-Aug-2026,62500.0,PE,57467.6,4923.05,300,5022.05,150,0.0,4972.55,84,0,0,0,0,,,,,,,,,,,,,,,0.0006388799195839674,,,,,,11.47,30,57360.65,57653.85,57231.25,57525.95,mid_price,no_price_available
2026-08-25T04:24:12.282856+00:00,2026-08-25T09:54:12.282856+05:30,BANKNIFTY,25-Aug-2026,62600.0,CE,57467.6,0.6,570,1.25,60,0.6,0.925,85,0,3,-36.8421052631579,53.34,1.1833971239282478e-10,9.90690353384095e-13,-1.2762493746675805e-06,1.1149523420936837e-08,9.143479552189082e-09,-1.1830555088998934e-08,8.413974226945629e-07,1.6537668507576938e-14,7.290038201954348e-11,-9.301177851213866e-11,-1.1161264686870463e-06,492.8381151751213,-1.0841693614916915e-10,8.349017823511907e-13,0.0006388799195839674,57520,1.4265633587079956,0.0068000000000000005,index_dividend_yield,0.065,11.47,30,57360.65,57653.85,57231.25,57525.95,mid_price,wide_quote_low_liquidity
2026-08-25T04:24:12.282856+00:00,2026-08-25T09:54:12.282856+05:30,BANKNIFTY,25-Aug-2026,62600.0,PE,57467.6,4391.1,300,5514.85,300,0.0,4952.975,0,0,0,0,0,,,,,,,,,,,,,,,0.0006388799195839674,,,,,,11.47,30,57360.65,57653.85,57231.25,57525.95,mid_price,no_price_available
2026-08-25T04:24:12.282856+00:00,2026-08-25T09:54:12.282856+05:30,BANKNIFTY,25-Aug-2026,62700.0,CE,57467.6,0.45,30,1.25,450,1.25,0.85,155,0,5,-19.35483870967742,57.95,1.4312779287242037e-09,1.0370836899249767e-11,-1.5769007490309636e-05,1.2680389771351125e-07,8.973632820647725e-08,-1.2230540256170525e-07,7.74143801145979e-06,1.257993833371199e-13,6.152196567620764e-10,-8.282527234541798e-10,-1.085319088536664e-05,427.806367453831,-1.3087694209329813e-09,8.712139945602497e-12,0.0006388799195839674,57520,1.4265633587079956,0.0068000000000000005,index_dividend_yield,0.065,11.47,30,57360.65,57653.85,57231.25,57525.95,mid_price,wide_quote_low_liquidity
2026-08-25T04:24:12.282856+00:00,2026-08-25T09:54:12.282856+05:30,BANKNIFTY,25-Aug-2026,62700.0,PE,57467.6,4521.95,300,5609.35,300,0.0,5065.65,0,0,0,0,0,,,,,,,,,,,,,,,0.0006388799195839674,,,,,,11.47,30,57360.65,57653.85,57231.25,57525.95,mid_price,no_price_available
2026-08-25T04:24:12.282856+00:00,2026-08-25T09:54:12.282856+05:30,BANKNIFTY,25-Aug-2026,62800.0,CE,57467.6,0.65,810,1.45,30,0.0,1.05,186,0,0,0,58.58,1.0960782403444114e-09,7.911409539573873e-12,-1.2292208813260032e-05,9.778417874323853e-08,6.895895538817128e-08,-9.530557448038822e-08,5.992669329088747e-06,9.538468111246086e-14,4.713208190954055e-10,-6.433052815799134e-10,-8.515947540928558e-06,426.0222566103337,-1.0006549703870319e-09,6.624920935776566e-12,0.0006388799195839674,57520,1.4265633587079956,0.0068000000000000005,index_dividend_yield,0.065,11.47,30,57360.65,57653.85,57231.25,57525.95,mid_price,wide_quote_low_liquidity
2026-08-25T04:24:12.282856+00:00,2026-08-25T09:54:12.282856+05:30,BANKNIFTY,25-Aug-2026,62800.0,PE,57467.6,4577.5,300,5873.05,300,0.0,5225.275,0,0,0,0,0,,,,,,,,,,,,,,,0.0006388799195839674,,,,,,11.47,30,57360.65,57653.85,57231.25,57525.95,mid_price,no_price_available
2026-08-25T04:24:12.282856+00:00,2026-08-25T09:54:12.282856+05:30,BANKNIFTY,25-Aug-2026,62900.0,CE,57467.6,0.65,120,1.55,150,0.4,1.1,130,0,6,-60,54.24,2.371248443280517e-11,2.0238724102764638e-13,-2.69584646752967e-07,2.3161579332131236e-09,1.9398009969430297e-09,-2.609451264356632e-09,1.8535996133977978e-07,3.561568110175921e-15,1.5822672544689106e-11,-2.096619800992821e-11,-2.551898941220446e-07,501.7445702009295,-2.1621361645250036e-11,1.6893823775736508e-13,0.0006388799195839674,57520,1.4265633587079956,0.0068000000000000005,index_dividend_yield,0.065,11.47,30,57360.65,57653.85,57231.25,57525.95,mid_price,wide_quote_low_liquidity
2026-08-25T04:24:12.282856+00:00,2026-08-25T09:54:12.282856+05:30,BANKNIFTY,25-Aug-2026,62900.0,PE,57467.6,4688.35,300,5979.8,300,0.0,5334.075000000001,0,0,0,0,0,,,,,,,,,,,,,,,0.0006388799195839674,,,,,,11.47,30,57360.65,57653.85,57231.25,57525.95,mid_price,no_price_available
2026-08-25T04:24:12.282856+00:00,2026-08-25T09:54:12.282856+05:30,BANKNIFTY,25-Aug-2026,63000.0,CE,57467.6,0.5,1860,0.55,690,0.55,0.525,6485,84,2805,-45,56.59,6.991188342588884e-11,5.583718803518067e-13,-8.095974995238817e-07,6.666971392794056e-09,5.219302297516762e-09,-7.215932553658886e-09,4.864067066511847e-07,8.425062480534686e-15,3.9748506713828204e-11,-5.41693931153743e-11,-6.89018482458431e-07,469.862153993587,-6.363678434943575e-11,4.646100080482334e-13,0.0006388799195839674,57520,1.4265633587079956,0.0068000000000000005,index_dividend_yield,0.065,11.47,30,57360.65,57653.85,57231.25,57525.95,mid_price,ok
2026-08-25T04:24:12.282856+00:00,2026-08-25T09:54:12.282856+05:30,BANKNIFTY,25-Aug-2026,63000.0,PE,57467.6,5503.45,30,5520.85,60,5488.95,5512.15,2154,0,433,-1.830522418757713,89.21,,,,,,,,,,,,,,,0.0006388799195839674,,,,,,11.47,30,57360.65,57653.85,57231.25,57525.95,mid_price,no_price_available
2026-08-25T04:24:12.282856+00:00,2026-08-25T09:54:12.282856+05:30,BANKNIFTY,25-Aug-2026,63100.0,CE,57467.6,0.45,30,1.55,150,1.65,1.0,43,-2,19,83.33333333333333,63.47,2.9810899135373873e-09,1.933891601709797e-11,-3.5271820773909025e-05,2.58979855572622e-07,1.6394039846534782e-07,-2.427091904131468e-07,1.3853750633137785e-05,1.894698330329086e-13,1.0040005723554418e-09,-1.4689556367331154e-09,-2.112142406627521e-05,383.45656792186094,-2.707913071675159e-09,1.6040560120572115e-11,0.0006388799195839674,57520,1.4265633587079956,0.0068000000000000005,index_dividend_yield,0.065,11.47,30,57360.65,57653.85,57231.25,57525.95,mid_price,wide_quote_low_liquidity
2026-08-25T04:24:12.282856+00:00,2026-08-25T09:54:12.282856+05:30,BANKNIFTY,25-Aug-2026,63100.0,PE,57467.6,4128.85,300,6031.1,300,0.0,5079.975,0,0,0,0,0,,,,,,,,,,,,,,,0.0006388799195839674,,,,,,11.47,30,57360.65,57653.85,57231.25,57525.95,mid_price,no_price_available
2026-08-25T04:24:12.282856+00:00,2026-08-25T09:54:12.282856+05:30,BANKNIFTY,25-Aug-2026,63200.0,CE,57467.6,0.35,2400,1.55,90,0.0,0.95,48,0,0,0,30.89,0.0,6.182127891298733e-36,-2.6686834485862308e-30,4.029222515151571e-32,0.0,-0.0,2.0032915008449652e-29,2.0748915398114656e-35,3.0514189210816523e-33,-8.832160360837363e-33,-6.044567401482723e-29,,-0.0,5.111518642303502e-36,0.0006388799195839674,57520,1.4265633587079956,0.0068000000000000005,index_dividend_yield,0.065,11.47,30,57360.65,57653.85,57231.25,57525.95,mid_price,wide_quote_low_liquidity
2026-08-25T04:24:12.282856+00:00,2026-08-25T09:54:12.282856+05:30,BANKNIFTY,25-Aug-2026,63200.0,PE,57467.6,4151.8,300,6470.95,300,0.0,5311.375,0,0,0,0,0,,,,,,,,,,,,,,,0.0006388799195839674,,,,,,11.47,30,57360.65,57653.85,57231.25,57525.95,mid_price,no_price_available
2026-08-25T04:24:12.282856+00:00,2026-08-25T09:54:12.282856+05:30,BANKNIFTY,25-Aug-2026,63300.0,CE,57467.6,0.55,150,1.5,150,0.55,1.025,468,-9,87,10,59.29,5.964425243387108e-11,4.563100900274976e-13,-7.262269866849189e-07,5.708301204613832e-09,4.2815564937033274e-09,-6.2156393051689235e-09,4.005156290010193e-07,6.287356093475721e-15,3.124512086594866e-11,-4.4706580032877557e-11,-5.956321269902923e-07,450.039683886446,-5.4028369623553505e-11,3.7609605024696165e-13,0.0006388799195839674,57520,1.4265633587079956,0.0068000000000000005,index_dividend_yield,0.065,11.47,30,57360.65,57653.85,57231.25,57525.95,mid_price,wide_quote_low_liquidity
2026-08-25T04:24:12.282856+00:00,2026-08-25T09:54:12.282856+05:30,BANKNIFTY,25-Aug-2026,63300.0,PE,57467.6,4277.7,300,6410,300,0.0,5343.85,0,0,0,0,0,,,,,,,,,,,,,,,0.0006388799195839674,,,,,,11.47,30,57360.65,57653.85,57231.25,57525.95,mid_price,no_price_available
2026-08-25T04:24:12.282856+00:00,2026-08-25T09:54:12.282856+05:30,BANKNIFTY,25-Aug-2026,63400.0,CE,57467.6,0.35,1200,1.25,150,0.65,0.8,84,0,2,-18.75,61.03,1.0185580315843209e-10,7.478462657217478e-13,-1.2610811759240504e-06,9.629884050193967e-09,6.928177908568363e-09,-1.0278447906148248e-08,6.39870573011232e-07,9.444883398282372e-15,4.846390176160345e-11,-7.089015307706744e-11,-9.730533515435712e-07,432.30245130123814,-9.211149016423423e-11,6.144406417407731e-13,0.0006388799195839674,57520,1.4265633587079956,0.0068000000000000005,index_dividend_yield,0.065,11.47,30,57360.65,57653.85,57231.25,57525.95,mid_price,wide_quote_low_liquidity
2026-08-25T04:24:12.282856+00:00,2026-08-25T09:54:12.282856+05:30,BANKNIFTY,25-Aug-2026,63400.0,PE,57467.6,4360.5,300,6386.3,300,0.0,5373.4,0,0,0,0,0,,,,,,,,,,,,,,,0.0006388799195839674,,,,,,11.47,30,57360.65,57653.85,57231.25,57525.95,mid_price,no_price_available
2026-08-25T04:24:12.282856+00:00,2026-08-25T09:54:12.282856+05:30,BANKNIFTY,25-Aug-2026,63500.0,CE,57467.6,0.55,600,0.95,780,0.6,0.75,522,-45,62,-7.6923076923076925,61.52,7.318935857824501e-11,5.371451606264676e-13,-9.203718779666615e-07,6.972256450363311e-09,5.015854812110012e-09,-7.534701413103069e-09,4.669382226810003e-07,6.788425487983802e-15,3.5098245931709735e-11,-5.1971833232162334e-11,-7.187073172341196e-07,432.02997208002114,-6.608317021284807e-11,4.399368462586066e-13,0.0006388799195839674,57520,1.4265633587079956,0.0068000000000000005,index_dividend_yield,0.065,11.47,30,57360.65,57653.85,57231.25,57525.95,mid_price,wide_quote_low_liquidity
2026-08-25T04:24:12.282856+00:00,2026-08-25T09:54:12.282856+05:30,BANKNIFTY,25-Aug-2026,63500.0,PE,57467.6,5935.55,60,6040.9,30,0.0,5988.225,9,0,0,0,0,,,,,,,,,,,,,,,0.0006388799195839674,,,,,,11.47,30,57360.65,57653.85,57231.25,57525.95,mid_price,no_price_available
2026-08-25T04:24:12.282856+00:00,2026-08-25T09:54:12.282856+05:30,BANKNIFTY,25-Aug-2026,63600.0,CE,57467.6,0.35,90,1.25,150,0.4,0.8,48,0,2,-11.11111111111111,60.39,1.6513107973089553e-11,1.2757575466926395e-13,-2.1063609491584908e-07,1.6255432696748298e-09,1.2328140462908116e-09,-1.8563741403181156e-09,1.1876354984393542e-07,1.80484355800539e-15,9.109038255396995e-12,-1.350752445765426e-11,-1.8295506152619444e-07,454.0241219799277,-1.4888027600876257e-11,1.0415977550761454e-13,0.0006388799195839674,57520,1.4265633587079956,0.0068000000000000005,index_dividend_yield,0.065,11.47,30,57360.65,57653.85,57231.25,57525.95,mid_price,wide_quote_low_liquidity
2026-08-25T04:24:12.282856+00:00,2026-08-25T09:54:12.282856+05:30,BANKNIFTY,25-Aug-2026,63600.0,PE,57467.6,5236.55,480,6687.8,300,0.0,5962.175,0,0,0,0,0,,,,,,,,,,,,,,,0.0006388799195839674,,,,,,11.47,30,57360.65,57653.85,57231.25,57525.95,mid_price,no_price_available
2026-08-25T04:24:12.282856+00:00,2026-08-25T09:54:12.282856+05:30,BANKNIFTY,25-Aug-2026,63700.0,CE,57467.6,0.4,30,0.75,30,0.35,0.575,97,0,2,-53.333333333333336,60.63,9.82443188601844e-12,7.64335092044217e-14,-1.2720052915063336e-07,9.777700407158034e-10,7.471213386328676e-10,-1.1381449884639215e-09,7.279943342211867e-08,1.0999378305066302e-15,5.56444676975451e-12,-8.344995276144727e-12,-1.1340184277425866e-07,456.15331715396064,-8.843780371450755e-12,6.22086898675513e-14,0.0006388799195839674,57520,1.4265633587079956,0.0068000000000000005,index_dividend_yield,0.065,11.47,30,57360.65,57653.85,57231.25,57525.95,mid_price,wide_quote_low_liquidity
2026-08-25T04:24:12.282856+00:00,2026-08-25T09:54:12.282856+05:30,BANKNIFTY,25-Aug-2026,63700.0,PE,57467.6,5336.95,300,6722.05,300,0.0,6029.5,0,0,0,0,0,,,,,,,,,,,,,,,0.0006388799195839674,,,,,,11.47,30,57360.65,57653.85,57231.25,57525.95,mid_price,no_price_available
2026-08-25T04:24:12.282856+00:00,2026-08-25T09:54:12.282856+05:30,BANKNIFTY,25-Aug-2026,63800.0,CE,57467.6,0.3,900,1.25,90,0.0,0.775,148,0,0,0,64.87,9.780045362326423e-11,6.761980418074668e-13,-1.288209119848964e-06,9.255143680855777e-09,6.271067510614091e-09,-9.894913092348506e-09,5.797528626680178e-07,7.587023932640679e-15,4.1313640560826993e-11,-6.426958331244952e-11,-9.376162634542563e-07,407.12811672332083,-8.787699784279638e-11,5.486288881958258e-13,0.0006388799195839674,57520,1.4265633587079956,0.0068000000000000005,index_dividend_yield,0.065,11.47,30,57360.65,57653.85,57231.25,57525.95,mid_price,wide_quote_low_liquidity
2026-08-25T04:24:12.282856+00:00,2026-08-25T09:54:12.282856+05:30,BANKNIFTY,25-Aug-2026,63800.0,PE,57467.6,5395.25,300,7004.15,300,0.0,6199.7,0,0,0,0,0,,,,,,,,,,,,,,,0.0006388799195839674,,,,,,11.47,30,57360.65,57653.85,57231.25,57525.95,mid_price,no_price_available
2026-08-25T04:24:12.282856+00:00,2026-08-25T09:54:12.282856+05:30,BANKNIFTY,25-Aug-2026,63900.0,CE,57467.6,0.3,1800,1.25,90,0.8,0.775,203,0,15,0,66.69,1.6549978319558084e-10,1.0994718191966985e-12,-2.2137346627576534e-06,1.547070761591931e-08,1.0066848030294365e-08,-1.6216833995052774e-08,9.18792337435228e-07,1.1411343876516608e-14,6.36455355744463e-11,-1.0111942405788607e-10,-1.5179955644862112e-06,391.4280118930357,-1.4845974099103674e-10,8.892594856503344e-13,0.0006388799195839674,57520,1.4265633587079956,0.0068000000000000005,index_dividend_yield,0.065,11.47,30,57360.65,57653.85,57231.25,57525.95,mid_price,wide_quote_low_liquidity
2026-08-25T04:24:12.282856+00:00,2026-08-25T09:54:12.282856+05:30,BANKNIFTY,25-Aug-2026,63900.0,PE,57467.6,5491,300,6948.2,300,0.0,6219.6,0,0,0,0,0,,,,,,,,,,,,,,,0.0006388799195839674,,,,,,11.47,30,57360.65,57653.85,57231.25,57525.95,mid_price,no_price_available
2026-08-25T04:24:12.282856+00:00,2026-08-25T09:54:12.282856+05:30,BANKNIFTY,25-Aug-2026,64000.0,CE,57467.6,0.5,180,0.7,510,0.65,0.6,1353,-44,175,0,66.41,7.605832894339566e-11,5.166460108180979e-13,-1.0315161044150626e-06,7.239222404229411e-09,4.8205119195734885e-09,-7.813347135695904e-09,4.4834577918468924e-07,5.609682894559195e-15,3.121809188809899e-11,-4.9878824642319517e-11,-7.446336909950208e-07,399.83372045964285,-6.812434150004624e-11,4.165616192835307e-13,0.0006388799195839674,57520,1.4265633587079956,0.0068000000000000005,index_dividend_yield,0.065,11.47,30,57360.65,57653.85,57231.25,57525.95,mid_price,wide_quote_low_liquidity
2026-08-25T04:24:12.282856+00:00,2026-08-25T09:54:12.282856+05:30,BANKNIFTY,25-Aug-2026,64000.0,PE,57467.6,6483.85,30,6524,30,6470.65,6503.925,36,0,7,-2.510810118572311,91.93,,,,,,,,,,,,,,,0.0006388799195839674,,,,,,11.47,30,57360.65,57653.85,57231.25,57525.95,mid_price,no_price_available
2026-08-25T04:24:12.282856+00:00,2026-08-25T09:54:12.282856+05:30,BANKNIFTY,25-Aug-2026,64100.0,CE,57467.6,0.25,1770,0.45,30,0.25,0.35,96,0,2,-54.54545454545455,62.44,2.417777688101237e-12,1.879224924765854e-14,-3.316784765273377e-08,2.475751307074521e-10,1.8923669242881688e-10,-3.0333377841755397e-10,1.8992357429292444e-08,2.713812080640166e-16,1.4114436387039575e-12,-2.2254408444905845e-12,-3.109346542868326e-08,454.9435997277211,-2.16284667775453e-12,1.5104585970567077e-14,0.0006388799195839674,57520,1.4265633587079956,0.0068000000000000005,index_dividend_yield,0.065,11.47,30,57360.65,57653.85,57231.25,57525.95,mid_price,wide_quote_low_liquidity
2026-08-25T04:24:12.282856+00:00,2026-08-25T09:54:12.282856+05:30,BANKNIFTY,25-Aug-2026,64100.0,PE,57467.6,5344.1,300,7255,300,0.0,6299.55,0,0,0,0,0,,,,,,,,,,,,,,,0.0006388799195839674,,,,,,11.47,30,57360.65,57653.85,57231.25,57525.95,mid_price,no_price_available
2026-08-25T04:24:12.282856+00:00,2026-08-25T09:54:12.282856+05:30,BANKNIFTY,25-Aug-2026,64200.0,CE,57467.6,0.3,1200,1,180,0.0,0.65,406,0,0,0,67.16,3.626161382870218e-11,2.476449924948026e-13,-5.056603108639247e-07,3.5091796068324762e-09,2.3511368405621364e-09,-3.893582088710757e-09,2.22500351449661e-07,2.7246261975210758e-15,1.533259530153643e-11,-2.5017365121706863e-11,-3.772599344182495e-07,401.70558292648724,-3.2378198887200026e-11,1.9842921535158646e-13,0.0006388799195839674,57520,1.4265633587079956,0.0068000000000000005,index_dividend_yield,0.065,11.47,30,57360.65,57653.85,57231.25,57525.95,mid_price,wide_quote_low_liquidity
2026-08-25T04:24:12.282856+00:00,2026-08-25T09:54:12.282856+05:30,BANKNIFTY,25-Aug-2026,64200.0,PE,57467.6,6298.3,330,6774.35,330,0.0,6536.325000000001,1,0,0,0,0,,,,,,,,,,,,,,,0.0006388799195839674,,,,,,11.47,30,57360.65,57653.85,57231.25,57525.95,mid_price,no_price_available
2026-08-25T04:24:12.282856+00:00,2026-08-25T09:54:12.282856+05:30,BANKNIFTY,25-Aug-2026,64500.0,CE,57467.6,0.45,90,1,270,0.4,0.725,899,-105,223,-33.333333333333336,68.13,1.0927433669110428e-11,7.54879542343452e-14,-1.586175313912927e-07,1.0851290833100193e-09,7.362412002591366e-10,-1.2585334443134866e-09,7.157508933772986e-08,8.52824285703385e-16,4.868169613471495e-12,-8.192561573325837e-12,-1.251184378850266e-07,406.1453875039978,-9.712049741470167e-12,5.99244900700827e-14,0.0006388799195839674,57520,1.4265633587079956,0.0068000000000000005,index_dividend_yield,0.065,11.47,30,57360.65,57653.85,57231.25,57525.95,mid_price,wide_quote_low_liquidity
2026-08-25T04:24:12.282856+00:00,2026-08-25T09:54:12.282856+05:30,BANKNIFTY,25-Aug-2026,64500.0,PE,57467.6,5664.7,300,7578.55,300,0.0,6621.625,0,0,0,0,0,,,,,,,,,,,,,,,0.0006388799195839674,,,,,,11.47,30,57360.65,57653.85,57231.25,57525.95,mid_price,no_price_available
2026-08-25T04:24:12.282856+00:00,2026-08-25T09:54:12.282856+05:30,BANKNIFTY,25-Aug-2026,65000.0,CE,57467.6,0.55,1830,0.6,1860,0.55,0.575,7026,-123,390,-26.666666666666668,74.7,3.713085916948917e-11,2.2786666742350377e-13,-5.755741396791933e-07,3.5914246671478683e-09,2.1625385235991272e-09,-3.982505244093764e-09,2.0454572586899703e-07,2.0597250172213457e-15,1.2672421542621973e-11,-2.2993090911414498e-11,-3.8567246709804643e-07,361.13689847043946,-3.2737119085802856e-11,1.7811488217075797e-13,0.0006388799195839674,57520,1.4265633587079956,0.0068000000000000005,index_dividend_yield,0.065,11.47,30,57360.65,57653.85,57231.25,57525.95,mid_price,ok
2026-08-25T04:24:12.282856+00:00,2026-08-25T09:54:12.282856+05:30,BANKNIFTY,25-Aug-2026,65000.0,PE,57467.6,7504.85,30,7526.55,30,7494,7515.700000000001,1640,-4,78,-1.36293936861225,122.87,,,,,,,,,,,,,,,0.0006388799195839674,,,,,,11.47,30,57360.65,57653.85,57231.25,57525.95,mid_price,no_price_available
2026-08-25T04:24:12.282856+00:00,2026-08-25T09:54:12.282856+05:30,BANKNIFTY,25-Aug-2026,65500.0,CE,57467.6,0.2,1320,0.25,750,0.2,0.225,2361,-202,897,-42.857142857142854,72.73,5.994068069364518e-13,4.108345748514536e-15,-9.836923429545275e-09,6.304431522104585e-11,4.254911256869698e-11,-8.127702770915728e-11,4.390713522149104e-09,4.6135150008589975e-17,2.8046412323676164e-13,-5.265441923416936e-13,-8.557199748065486e-09,391.959941195792,-5.245585952361233e-13,3.1624997954767777e-15,0.0006388799195839674,57520,1.4265633587079956,0.0068000000000000005,index_dividend_yield,0.065,11.47,30,57360.65,57653.85,57231.25,57525.95,mid_price,wide_quote_low_liquidity
2026-08-25T04:24:12.282856+00:00,2026-08-25T09:54:12.282856+05:30,BANKNIFTY,25-Aug-2026,65500.0,PE,57467.6,7286.2,300,8690.1,300,0.0,7988.15,0,0,0,0,0,,,,,,,,,,,,,,,0.0006388799195839674,,,,,,11.47,30,57360.65,57653.85,57231.25,57525.95,mid_price,no_price_available
2026-08-25T04:24:12.282856+00:00,2026-08-25T09:54:12.282856+05:30,BANKNIFTY,25-Aug-2026,66000.0,CE,57467.6,0.3,420,0.95,1410,0.75,0.625,1886,-390,923,150,79.83,3.725725751171868e-12,2.2455973550191397e-14,-6.477622528166165e-08,3.7823644759892224e-10,2.2415305486288128e-10,-4.5649918442149373e-10,2.2299650227468007e-08,1.9801511075423302e-16,1.2957612483493553e-12,-2.595925700385391e-12,-4.639283827962986e-08,353.4066733409939,-3.234889021648207e-12,1.70251182658988e-14,0.0006388799195839674,57520,1.4265633587079956,0.0068000000000000005,index_dividend_yield,0.065,11.47,30,57360.65,57653.85,57231.25,57525.95,mid_price,wide_quote_low_liquidity
2026-08-25T04:24:12.282856+00:00,2026-08-25T09:54:12.282856+05:30,BANKNIFTY,25-Aug-2026,66000.0,PE,57467.6,8491.65,60,8513.95,30,8481.1,8502.8,308,-53,74,-1.3119847332685584,123.92,,,,,,,,,,,,,,,0.0006388799195839674,,,,,,11.47,30,57360.65,57653.85,57231.25,57525.95,mid_price,no_price_available
