fetch_ts_utc,fetch_ts_ist,symbol,expiry_date,strike,option_type,underlying_value,bid_price,bid_qty,ask_price,ask_qty,ltp,mid_price,open_interest,change_in_oi,total_traded_volume,pchange_vs_prev_close,nse_iv,delta,gamma,theta,vega,vanna,charm,vomma,speed,zomma,color,veta,omega,dual_delta,dual_gamma,time_to_expiry_years,futures_price,implied_cost_of_carry,dividend_yield_used,dividend_yield_source,risk_free_rate_used,india_vix,lot_size,underlying_day_open,underlying_day_high,underlying_day_low,underlying_prev_close,price_source_for_iv,data_quality_flag
2026-09-25T09:06:21.031996+00:00,2026-09-25T14:36:21.031996+05:30,BANKNIFTY,29-Sep-2026,43500.0,CE,55686.1,11238.05,300,12538.4,300,0.0,11888.224999999999,0,0,0,0,0,,,,,,,,,,,,,,,0.011060976915398276,,,,,,12.31,30,55373.75,55762.6,55373.75,55438.5,mid_price,no_price_available
2026-09-25T09:06:21.031996+00:00,2026-09-25T14:36:21.031996+05:30,BANKNIFTY,29-Sep-2026,43500.0,PE,55686.1,0.15,3510,0.2,8040,0.15,0.175,5219,0,913,-25,67.51,-0.0002133982308352325,2.0364171416538338e-07,-0.3923285451114394,0.04715436967682662,-0.004117000898802735,0.0003438269458716867,0.8494223749717019,-1.867365238248923e-10,3.3666546217078717e-06,-2.801463673253946e-07,-0.07682892325435281,-55.366129305380916,0.000278113717683354,3.337196935277363e-07,0.011060976915398276,55854.2,0.27250391353201525,0.0070999999999999995,index_dividend_yield,0.065,12.31,30,55373.75,55762.6,55373.75,55438.5,mid_price,wide_quote_low_liquidity
2026-09-25T09:06:21.031996+00:00,2026-09-25T14:36:21.031996+05:30,BANKNIFTY,29-Sep-2026,45000.0,CE,55686.1,10786.5,30,10829.95,30,10640,10808.225,673,-23,98,-0.1543666042631458,0,,,,,,,,,,,,,,,0.011060976915398276,55854.2,0.27250391353201525,0.0070999999999999995,index_dividend_yield,0.065,12.31,30,55373.75,55762.6,55373.75,55438.5,mid_price,no_nse_iv
2026-09-25T09:06:21.031996+00:00,2026-09-25T14:36:21.031996+05:30,BANKNIFTY,29-Sep-2026,45000.0,PE,55686.1,0.3,3960,0.35,150,0.35,0.32499999999999996,5570,-90,2107,-22.22222222222222,60.46,-0.000346005293122684,3.5670119165709475e-07,-0.5507612478995713,0.0739707113043108,-0.006954851946483915,0.0005191189900051311,1.3818921045507249,-3.5161482196368237e-10,6.073715349297571e-06,-4.5182254937818635e-07,-0.1123709734090198,-60.09372363009845,0.00043529583563145757,5.46226968639617e-07,0.011060976915398276,55854.2,0.27250391353201525,0.0070999999999999995,index_dividend_yield,0.065,12.31,30,55373.75,55762.6,55373.75,55438.5,mid_price,wide_quote_low_liquidity
2026-09-25T09:06:21.031996+00:00,2026-09-25T14:36:21.031996+05:30,BANKNIFTY,29-Sep-2026,46500.0,CE,55686.1,8523.9,300,9565.6,300,0.0,9044.75,1,0,0,0,65.63,,,,,,,,,,,,,,,0.011060976915398276,,,,,,12.31,30,55373.75,55762.6,55373.75,55438.5,mid_price,no_price_available
2026-09-25T09:06:21.031996+00:00,2026-09-25T14:36:21.031996+05:30,BANKNIFTY,29-Sep-2026,46500.0,PE,55686.1,0.85,60,1.1,210,1.05,0.9750000000000001,987,-15,528,-36.36363636363637,57.3,-0.0012134775769309899,1.1980372024906744e-06,-1.6599731662044384,0.2354572233013905,-0.02085308268263725,0.0014699998736985916,3.7032276983112316,-1.1130135546258723e-09,1.6751570898216995e-05,-1.1776782089567234e-06,-0.29031175054575603,-58.14709082645852,0.0014781925291349072,1.7181378467529155e-06,0.011060976915398276,55854.2,0.27250391353201525,0.0070999999999999995,index_dividend_yield,0.065,12.31,30,55373.75,55762.6,55373.75,55438.5,mid_price,wide_quote_low_liquidity
2026-09-25T09:06:21.031996+00:00,2026-09-25T14:36:21.031996+05:30,BANKNIFTY,29-Sep-2026,48000.0,CE,55686.1,7808.85,30,7849.2,30,7844.6,7829.025,188,-3,28,1.6798444588464032,89.91,0.9478236477347045,2.0237489665972957e-05,-76.47053796221776,6.240964748374239,-0.1813682350038648,0.020027777236748517,17.258636513494796,-6.608960947402761e-09,3.3455791852027915e-05,-3.6749194110053583e-06,-2.676371187156822,6.735774480947981,-0.9363487492666601,2.7237533107908696e-05,0.011060976915398276,55854.2,0.27250391353201525,0.0070999999999999995,index_dividend_yield,0.065,12.31,30,55373.75,55762.6,55373.75,55438.5,mid_price,ok
2026-09-25T09:06:21.031996+00:00,2026-09-25T14:36:21.031996+05:30,BANKNIFTY,29-Sep-2026,48000.0,PE,55686.1,0.85,180,1,420,0.9,0.925,2134,21,2169,-58.13953488372093,46.92,-0.0011533183122340524,1.3965247575859245e-06,-1.2956287820821808,0.22474691266455565,-0.024522679638367306,0.0014135048661579113,4.376879087815936,-1.59280383231598e-09,2.4220238564065026e-05,-1.3919926488672198e-06,-0.2802192596986788,-71.49211845638347,0.001356711100847373,1.8795754784110964e-06,0.011060976915398276,55854.2,0.27250391353201525,0.0070999999999999995,index_dividend_yield,0.065,12.31,30,55373.75,55762.6,55373.75,55438.5,mid_price,wide_quote_low_liquidity
2026-09-25T09:06:21.031996+00:00,2026-09-25T14:36:21.031996+05:30,BANKNIFTY,29-Sep-2026,48500.0,CE,55686.1,6598,870,7496.55,300,0.0,7047.275,0,0,0,0,0,,,,,,,,,,,,,,,0.011060976915398276,,,,,,12.31,30,55373.75,55762.6,55373.75,55438.5,mid_price,no_price_available
2026-09-25T09:06:21.031996+00:00,2026-09-25T14:36:21.031996+05:30,BANKNIFTY,29-Sep-2026,48500.0,PE,55686.1,1.05,30,1.15,180,1.15,1.1,203,34,710,-54,45.58,-0.001752355834961826,2.106207277729334e-06,-1.8430246919729871,0.3292778533238392,-0.03542271028321236,0.0019810545953254073,6.05679208063517,-2.367705025774973e-09,3.4120689990288455e-05,-1.902907495653116e-06,-0.3796186034607848,-71.27566399301084,0.0020402255488942305,2.7765866920189213e-06,0.011060976915398276,55854.2,0.27250391353201525,0.0070999999999999995,index_dividend_yield,0.065,12.31,30,55373.75,55762.6,55373.75,55438.5,mid_price,ok
2026-09-25T09:06:21.031996+00:00,2026-09-25T14:36:21.031996+05:30,BANKNIFTY,29-Sep-2026,49000.0,CE,55686.1,6763.6,30,7036.15,330,6633.8,6899.875,45,-1,5,-2.0841328413284135,0,,,,,,,,,,,,,,,0.011060976915398276,55854.2,0.27250391353201525,0.0070999999999999995,index_dividend_yield,0.065,12.31,30,55373.75,55762.6,55373.75,55438.5,mid_price,no_nse_iv
2026-09-25T09:06:21.031996+00:00,2026-09-25T14:36:21.031996+05:30,BANKNIFTY,29-Sep-2026,49000.0,PE,55686.1,1.5,540,1.8,390,1.6,1.65,1629,118,1786,-46.666666666666664,43.44,-0.0022795949550160157,2.806081920046102e-06,-2.228871888575321,0.4180971950928452,-0.04586660762603313,0.0024421551967461065,7.619664988364083,-3.215042711563054e-09,4.467969101002939e-05,-2.372342140352254e-06,-0.4575939176883905,-73.24674443925356,0.0026260167930586735,3.624113507987091e-06,0.011060976915398276,55854.2,0.27250391353201525,0.0070999999999999995,index_dividend_yield,0.065,12.31,30,55373.75,55762.6,55373.75,55438.5,mid_price,wide_quote_low_liquidity
2026-09-25T09:06:21.031996+00:00,2026-09-25T14:36:21.031996+05:30,BANKNIFTY,29-Sep-2026,49500.0,CE,55686.1,5753.85,300,6850.3,870,0.0,6302.075000000001,3,0,0,0,0,,,,,,,,,,,,,,,0.011060976915398276,55854.2,0.27250391353201525,0.0070999999999999995,index_dividend_yield,0.065,12.31,30,55373.75,55762.6,55373.75,55438.5,mid_price,no_nse_iv
2026-09-25T09:06:21.031996+00:00,2026-09-25T14:36:21.031996+05:30,BANKNIFTY,29-Sep-2026,49500.0,PE,55686.1,1.5,120,2.25,360,1.65,1.875,614,11,682,-44.067796610169495,40.3,-0.002441248073307717,3.218243217279587e-06,-2.1983660161727223,0.4448473426512743,-0.05225216940355957,0.002578639519625689,8.613302222224977,-3.945299547082694e-09,5.432653835173506e-05,-2.6732915402632537e-06,-0.48026566749180566,-78.57567515570327,0.0027812865030512066,4.072884277148165e-06,0.011060976915398276,55854.2,0.27250391353201525,0.0070999999999999995,index_dividend_yield,0.065,12.31,30,55373.75,55762.6,55373.75,55438.5,mid_price,wide_quote_low_liquidity
2026-09-25T09:06:21.031996+00:00,2026-09-25T14:36:21.031996+05:30,BANKNIFTY,29-Sep-2026,50000.0,CE,55686.1,5822.3,30,5855.5,30,5848.05,5838.9,1616,-440,489,3.8619330089155683,70.78,0.9321721445736311,3.1584104779714915e-05,-74.40757930543798,7.667719583701832,-0.2623462237302254,0.022732645615220377,22.934977352801145,-1.1937747073860637e-08,4.984872849470671e-05,-4.277816446816546e-06,-2.934692747665539,8.881149359700876,-0.9212835229037541,3.9176187446998155e-05,0.011060976915398276,55854.2,0.27250391353201525,0.0070999999999999995,index_dividend_yield,0.065,12.31,30,55373.75,55762.6,55373.75,55438.5,mid_price,ok
2026-09-25T09:06:21.031996+00:00,2026-09-25T14:36:21.031996+05:30,BANKNIFTY,29-Sep-2026,50000.0,PE,55686.1,2.15,2250,2.2,120,2.2,2.175,11840,2312,12927,-38.028169014084504,38.43,-0.003456891078713864,4.61799070096161e-06,-2.8661423063769664,0.6087101316024706,-0.07195608409098589,0.0033817605932766268,11.382100510830496,-5.693719338045345e-09,7.433316679460595e-05,-3.4832396967920423e-06,-0.6104183536811146,-80.00404444075726,0.003898138408671107,5.728048035275023e-06,0.011060976915398276,55854.2,0.27250391353201525,0.0070999999999999995,index_dividend_yield,0.065,12.31,30,55373.75,55762.6,55373.75,55438.5,mid_price,ok
2026-09-25T09:06:21.031996+00:00,2026-09-25T14:36:21.031996+05:30,BANKNIFTY,29-Sep-2026,50100.0,CE,55686.1,5126.25,300,6413.75,570,0.0,5770.0,0,0,0,0,0,,,,,,,,,,,,,,,0.011060976915398276,55854.2,0.27250391353201525,0.0070999999999999995,index_dividend_yield,0.065,12.31,30,55373.75,55762.6,55373.75,55438.5,mid_price,no_nse_iv
2026-09-25T09:06:21.031996+00:00,2026-09-25T14:36:21.031996+05:30,BANKNIFTY,29-Sep-2026,50100.0,PE,55686.1,0.5,3000,6.4,900,0.0,3.45,0,0,0,0,0,,,,,,,,,,,,,,,0.011060976915398276,55854.2,0.27250391353201525,0.0070999999999999995,index_dividend_yield,0.065,12.31,30,55373.75,55762.6,55373.75,55438.5,mid_price,no_nse_iv
2026-09-25T09:06:21.031996+00:00,2026-09-25T14:36:21.031996+05:30,BANKNIFTY,29-Sep-2026,50200.0,CE,55686.1,5049.45,300,6220.75,570,0.0,5635.1,0,0,0,0,0,,,,,,,,,,,,,,,0.011060976915398276,55854.2,0.27250391353201525,0.0070999999999999995,index_dividend_yield,0.065,12.31,30,55373.75,55762.6,55373.75,55438.5,mid_price,no_nse_iv
2026-09-25T09:06:21.031996+00:00,2026-09-25T14:36:21.031996+05:30,BANKNIFTY,29-Sep-2026,50200.0,PE,55686.1,0.5,3000,6.4,900,0.0,3.45,0,0,0,0,0,,,,,,,,,,,,,,,0.011060976915398276,55854.2,0.27250391353201525,0.0070999999999999995,index_dividend_yield,0.065,12.31,30,55373.75,55762.6,55373.75,55438.5,mid_price,no_nse_iv
2026-09-25T09:06:21.031996+00:00,2026-09-25T14:36:21.031996+05:30,BANKNIFTY,29-Sep-2026,50300.0,CE,55686.1,4928,300,5958.95,300,0.0,5443.475,0,0,0,0,0,,,,,,,,,,,,,,,0.011060976915398276,55854.2,0.27250391353201525,0.0070999999999999995,index_dividend_yield,0.065,12.31,30,55373.75,55762.6,55373.75,55438.5,mid_price,no_nse_iv
2026-09-25T09:06:21.031996+00:00,2026-09-25T14:36:21.031996+05:30,BANKNIFTY,29-Sep-2026,50300.0,PE,55686.1,0.5,3000,6.25,600,0.0,3.375,0,0,0,0,0,,,,,,,,,,,,,,,0.011060976915398276,55854.2,0.27250391353201525,0.0070999999999999995,index_dividend_yield,0.065,12.31,30,55373.75,55762.6,55373.75,55438.5,mid_price,no_nse_iv
2026-09-25T09:06:21.031996+00:00,2026-09-25T14:36:21.031996+05:30,BANKNIFTY,29-Sep-2026,50400.0,CE,55686.1,4856.05,300,6011.4,300,0.0,5433.725,0,0,0,0,0,,,,,,,,,,,,,,,0.011060976915398276,55854.2,0.27250391353201525,0.0070999999999999995,index_dividend_yield,0.065,12.31,30,55373.75,55762.6,55373.75,55438.5,mid_price,no_nse_iv
2026-09-25T09:06:21.031996+00:00,2026-09-25T14:36:21.031996+05:30,BANKNIFTY,29-Sep-2026,50400.0,PE,55686.1,0.5,3000,6.35,600,0.0,3.425,0,0,0,0,0,,,,,,,,,,,,,,,0.011060976915398276,55854.2,0.27250391353201525,0.0070999999999999995,index_dividend_yield,0.065,12.31,30,55373.75,55762.6,55373.75,55438.5,mid_price,no_nse_iv
2026-09-25T09:06:21.031996+00:00,2026-09-25T14:36:21.031996+05:30,BANKNIFTY,29-Sep-2026,50500.0,CE,55686.1,4906.2,300,5457.15,300,0.0,5181.674999999999,1,0,0,0,82.09,,,,,,,,,,,,,,,0.011060976915398276,,,,,,12.31,30,55373.75,55762.6,55373.75,55438.5,mid_price,no_price_available
2026-09-25T09:06:21.031996+00:00,2026-09-25T14:36:21.031996+05:30,BANKNIFTY,29-Sep-2026,50500.0,PE,55686.1,2.2,90,2.25,120,2.2,2.225,1040,5,2127,-46.98795180722892,35.31,-0.0038123147721108768,5.487401427270468e-06,-2.8721359660127455,0.6645865401795727,-0.08455707439277413,0.0036466558076691013,13.213321518018128,-7.278118860284688e-09,9.35589610578671e-05,-4.022338759495584e-06,-0.6522497799474659,-86.39476537545985,0.004252478905692095,6.67233098429531e-06,0.011060976915398276,55854.2,0.27250391353201525,0.0070999999999999995,index_dividend_yield,0.065,12.31,30,55373.75,55762.6,55373.75,55438.5,mid_price,ok
2026-09-25T09:06:21.031996+00:00,2026-09-25T14:36:21.031996+05:30,BANKNIFTY,29-Sep-2026,50600.0,CE,55686.1,4651.6,300,5522.8,300,0.0,5087.200000000001,0,0,0,0,0,,,,,,,,,,,,,,,0.011060976915398276,55854.2,0.27250391353201525,0.0070999999999999995,index_dividend_yield,0.065,12.31,30,55373.75,55762.6,55373.75,55438.5,mid_price,no_nse_iv
2026-09-25T09:06:21.031996+00:00,2026-09-25T14:36:21.031996+05:30,BANKNIFTY,29-Sep-2026,50600.0,PE,55686.1,1.2,600,14.4,570,0.0,7.8,0,0,0,0,0,,,,,,,,,,,,,,,0.011060976915398276,55854.2,0.27250391353201525,0.0070999999999999995,index_dividend_yield,0.065,12.31,30,55373.75,55762.6,55373.75,55438.5,mid_price,no_nse_iv
2026-09-25T09:06:21.031996+00:00,2026-09-25T14:36:21.031996+05:30,BANKNIFTY,29-Sep-2026,50700.0,CE,55686.1,4568.6,300,5396.65,300,0.0,4982.625,0,0,0,0,0,,,,,,,,,,,,,,,0.011060976915398276,,,,,,12.31,30,55373.75,55762.6,55373.75,55438.5,mid_price,no_price_available
2026-09-25T09:06:21.031996+00:00,2026-09-25T14:36:21.031996+05:30,BANKNIFTY,29-Sep-2026,50700.0,PE,55686.1,1.2,600,14.1,570,0.0,7.6499999999999995,0,0,0,0,0,,,,,,,,,,,,,,,0.011060976915398276,55854.2,0.27250391353201525,0.0070999999999999995,index_dividend_yield,0.065,12.31,30,55373.75,55762.6,55373.75,55438.5,mid_price,no_nse_iv
2026-09-25T09:06:21.031996+00:00,2026-09-25T14:36:21.031996+05:30,BANKNIFTY,29-Sep-2026,50800.0,CE,55686.1,4461.1,870,5294.95,300,0.0,4878.025,0,0,0,0,0,,,,,,,,,,,,,,,0.011060976915398276,,,,,,12.31,30,55373.75,55762.6,55373.75,55438.5,mid_price,no_price_available
2026-09-25T09:06:21.031996+00:00,2026-09-25T14:36:21.031996+05:30,BANKNIFTY,29-Sep-2026,50800.0,PE,55686.1,2.55,150,3.3,30,2.7,2.925,57,0,22,-34.93975903614458,35.54,-0.006337601735614939,8.574658297081325e-06,-4.543932655318837,1.0452527951825321,-0.12330367533185549,0.005346273267959269,18.00084441329375,-1.0536157326930868e-08,0.00012354104198708293,-5.339126364634964e-06,-0.9100034555405222,-81.80255718754469,0.007032097827344867,1.0303457964471949e-05,0.011060976915398276,55854.2,0.27250391353201525,0.0070999999999999995,index_dividend_yield,0.065,12.31,30,55373.75,55762.6,55373.75,55438.5,mid_price,wide_quote_low_liquidity
2026-09-25T09:06:21.031996+00:00,2026-09-25T14:36:21.031996+05:30,BANKNIFTY,29-Sep-2026,50900.0,CE,55686.1,4367.4,300,5179.3,300,0.0,4773.35,0,0,0,0,0,,,,,,,,,,,,,,,0.011060976915398276,,,,,,12.31,30,55373.75,55762.6,55373.75,55438.5,mid_price,no_price_available
2026-09-25T09:06:21.031996+00:00,2026-09-25T14:36:21.031996+05:30,BANKNIFTY,29-Sep-2026,50900.0,PE,55686.1,2.7,30,3.25,240,2.8,2.975,38,21,311,-54.09836065573771,33.86,-0.005242473081894662,7.605601012193666e-06,-3.6571580706065805,0.8832986858832392,-0.11241621520666298,0.004642782622068372,16.850149504594956,-1.008239293758052e-08,0.00012262438085480724,-5.04770753942087e-06,-0.8053829211673935,-87.50665949179057,0.005800962714208812,9.103147504006682e-06,0.011060976915398276,55854.2,0.27250391353201525,0.0070999999999999995,index_dividend_yield,0.065,12.31,30,55373.75,55762.6,55373.75,55438.5,mid_price,wide_quote_low_liquidity
2026-09-25T09:06:21.031996+00:00,2026-09-25T14:36:21.031996+05:30,BANKNIFTY,29-Sep-2026,51000.0,CE,55686.1,4818.95,60,4869.35,300,4622,4844.15,192,-10,23,-0.3277840075907875,0,,,,,,,,,,,,,,,0.011060976915398276,55854.2,0.27250391353201525,0.0070999999999999995,index_dividend_yield,0.065,12.31,30,55373.75,55762.6,55373.75,55438.5,mid_price,no_nse_iv
2026-09-25T09:06:21.031996+00:00,2026-09-25T14:36:21.031996+05:30,BANKNIFTY,29-Sep-2026,51000.0,PE,55686.1,2.8,240,2.95,120,2.8,2.875,18221,5236,25901,-48.148148148148145,32.96,-0.005059763463743408,7.570447532986705e-06,-3.4482964212271328,0.8558464405682378,-0.1124843052086712,0.004520758407967625,16.941413007631244,-1.0364246897109485e-08,0.000126886560206341,-5.0825219170011145e-06,-0.7869535676467743,-90.22567328879441,0.0055859081126183804,9.02557350792586e-06,0.011060976915398276,55854.2,0.27250391353201525,0.0070999999999999995,index_dividend_yield,0.065,12.31,30,55373.75,55762.6,55373.75,55438.5,mid_price,ok
2026-09-25T09:06:21.031996+00:00,2026-09-25T14:36:21.031996+05:30,BANKNIFTY,29-Sep-2026,51100.0,CE,55686.1,4185.2,300,5246.85,300,0.0,4716.025,0,0,0,0,0,,,,,,,,,,,,,,,0.011060976915398276,55854.2,0.27250391353201525,0.0070999999999999995,index_dividend_yield,0.065,12.31,30,55373.75,55762.6,55373.75,55438.5,mid_price,no_nse_iv
2026-09-25T09:06:21.031996+00:00,2026-09-25T14:36:21.031996+05:30,BANKNIFTY,29-Sep-2026,51100.0,PE,55686.1,2.6,30,3.35,240,3.85,2.975,128,-23,151,-26.666666666666668,33.23,-0.006296865532419122,9.11852848148927e-06,-4.2208307229864195,1.039303026744861,-0.1313765461379542,0.005320984113468939,19.19697398430953,-1.2000444350406315e-08,0.0001409866401278103,-5.690579907212433e-06,-0.9062886390915755,-87.60929873374295,0.006940318759153424,1.0828706045746633e-05,0.011060976915398276,55854.2,0.27250391353201525,0.0070999999999999995,index_dividend_yield,0.065,12.31,30,55373.75,55762.6,55373.75,55438.5,mid_price,wide_quote_low_liquidity
2026-09-25T09:06:21.031996+00:00,2026-09-25T14:36:21.031996+05:30,BANKNIFTY,29-Sep-2026,51200.0,CE,55686.1,4091.45,300,5115.3,300,0.0,4603.375,0,0,0,0,0,,,,,,,,,,,,,,,0.011060976915398276,55854.2,0.27250391353201525,0.0070999999999999995,index_dividend_yield,0.065,12.31,30,55373.75,55762.6,55373.75,55438.5,mid_price,no_nse_iv
2026-09-25T09:06:21.031996+00:00,2026-09-25T14:36:21.031996+05:30,BANKNIFTY,29-Sep-2026,51200.0,PE,55686.1,2.65,240,3.05,240,2.9,2.8499999999999996,89,-31,441,-49.12280701754386,31.83,-0.005465608735917367,8.396138236137293e-06,-3.5645982902265985,0.9166495103189027,-0.12349179566051911,0.004789550948968629,18.405229164933314,-1.1779665036292729e-08,0.00014220496125442135,-5.496153716069435e-06,-0.827435853155003,-92.77523508286252,0.006008574894767602,9.931921178527186e-06,0.011060976915398276,55854.2,0.27250391353201525,0.0070999999999999995,index_dividend_yield,0.065,12.31,30,55373.75,55762.6,55373.75,55438.5,mid_price,ok
2026-09-25T09:06:21.031996+00:00,2026-09-25T14:36:21.031996+05:30,BANKNIFTY,29-Sep-2026,51300.0,CE,55686.1,4000.65,300,5054.8,300,0.0,4527.725,0,0,0,0,0,,,,,,,,,,,,,,,0.011060976915398276,55854.2,0.27250391353201525,0.0070999999999999995,index_dividend_yield,0.065,12.31,30,55373.75,55762.6,55373.75,55438.5,mid_price,no_nse_iv
2026-09-25T09:06:21.031996+00:00,2026-09-25T14:36:21.031996+05:30,BANKNIFTY,29-Sep-2026,51300.0,PE,55686.1,2.7,240,3.45,60,2.9,3.075,159,3,165,-45.794392523364486,31.7,-0.006268392014631645,9.520355735262394e-06,-4.007846668118774,1.0351410476107803,-0.13734532023824964,0.005302850655551505,20.082054471802223,-1.314927473545548e-08,0.0001546638038828282,-5.95017892396538e-06,-0.903623244929787,-91.92357206185024,0.006878355060855554,1.1217912601590737e-05,0.011060976915398276,55854.2,0.27250391353201525,0.0070999999999999995,index_dividend_yield,0.065,12.31,30,55373.75,55762.6,55373.75,55438.5,mid_price,wide_quote_low_liquidity
2026-09-25T09:06:21.031996+00:00,2026-09-25T14:36:21.031996+05:30,BANKNIFTY,29-Sep-2026,51400.0,CE,55686.1,3906.85,300,4968.2,300,0.0,4437.525,0,0,0,0,0,,,,,,,,,,,,,,,0.011060976915398276,55854.2,0.27250391353201525,0.0070999999999999995,index_dividend_yield,0.065,12.31,30,55373.75,55762.6,55373.75,55438.5,mid_price,no_nse_iv
2026-09-25T09:06:21.031996+00:00,2026-09-25T14:36:21.031996+05:30,BANKNIFTY,29-Sep-2026,51400.0,PE,55686.1,2.8,30,3.15,240,3.7,2.9749999999999996,411,14,346,-32.72727272727273,31.08,-0.006455191803755666,9.965951587034317e-06,-4.031617654203202,1.0623970964361538,-0.14320283681523022,0.005418748612218283,20.8510221977376,-1.3981978734025825e-08,0.000163528748835409,-6.165268215547313e-06,-0.9206314288182113,-93.50365681934605,0.007068265478351107,1.1697313807697745e-05,0.011060976915398276,55854.2,0.27250391353201525,0.0070999999999999995,index_dividend_yield,0.065,12.31,30,55373.75,55762.6,55373.75,55438.5,mid_price,ok
2026-09-25T09:06:21.031996+00:00,2026-09-25T14:36:21.031996+05:30,BANKNIFTY,29-Sep-2026,51500.0,CE,55686.1,3814.45,300,4488.45,300,0.0,4151.45,0,0,0,0,0,,,,,,,,,,,,,,,0.011060976915398276,,,,,,12.31,30,55373.75,55762.6,55373.75,55438.5,mid_price,no_price_available
2026-09-25T09:06:21.031996+00:00,2026-09-25T14:36:21.031996+05:30,BANKNIFTY,29-Sep-2026,51500.0,PE,55686.1,3.3,150,3.35,2340,3.3,3.325,6724,2548,13918,-45.45454545454545,30.17,-0.006227304199161961,9.945074614940895e-06,-3.7896452718094484,1.029130496314992,-0.1437020757366651,0.00527640287100825,21.031109756048828,-1.445617449434777e-08,0.00017027048283001282,-6.228684880513406e-06,-0.8997328490632431,-96.69489236897846,0.006803117619263975,1.1627522636764096e-05,0.011060976915398276,55854.2,0.27250391353201525,0.0070999999999999995,index_dividend_yield,0.065,12.31,30,55373.75,55762.6,55373.75,55438.5,mid_price,ok
2026-09-25T09:06:21.031996+00:00,2026-09-25T14:36:21.031996+05:30,BANKNIFTY,29-Sep-2026,51600.0,CE,55686.1,3862,300,4389.8,300,0.0,4125.9,0,0,0,0,0,,,,,,,,,,,,,,,0.011060976915398276,55854.2,0.27250391353201525,0.0070999999999999995,index_dividend_yield,0.065,12.31,30,55373.75,55762.6,55373.75,55438.5,mid_price,no_nse_iv
2026-09-25T09:06:21.031996+00:00,2026-09-25T14:36:21.031996+05:30,BANKNIFTY,29-Sep-2026,51600.0,PE,55686.1,3.45,120,3.6,30,4.05,3.5250000000000004,173,5,660,-36.22047244094488,30.07,-0.0072253361597497175,1.137897318902354e-05,-4.306021580859555,1.173609439918785,-0.1608869340054388,0.005885043586855279,23.045519166365548,-1.622966233250074e-08,0.00018559945034144986,-6.762819609167812e-06,-0.9883727263089989,-95.58880154008118,0.007879069288291091,1.3252483640902278e-05,0.011060976915398276,55854.2,0.27250391353201525,0.0070999999999999995,index_dividend_yield,0.065,12.31,30,55373.75,55762.6,55373.75,55438.5,mid_price,ok
2026-09-25T09:06:21.031996+00:00,2026-09-25T14:36:21.031996+05:30,BANKNIFTY,29-Sep-2026,51700.0,CE,55686.1,3626.5,300,4295.5,300,0.0,3961.0,0,0,0,0,0,,,,,,,,,,,,,,,0.011060976915398276,,,,,,12.31,30,55373.75,55762.6,55373.75,55438.5,mid_price,no_price_available
2026-09-25T09:06:21.031996+00:00,2026-09-25T14:36:21.031996+05:30,BANKNIFTY,29-Sep-2026,51700.0,PE,55686.1,3.8,90,4.1,90,4.15,3.9499999999999997,261,-37,207,-47.13375796178344,29.48,-0.007513285065968713,1.2013438945993934e-05,-4.367858519251698,1.214736039586459,-0.16890751294444845,0.006054475950096313,24.054680293581598,-1.7377232617665973e-08,0.0001971420726245084,-7.038535626861545e-06,-1.0127231584514036,-97.13340304101743,0.00817587761537923,1.3937339055106244e-05,0.011060976915398276,55854.2,0.27250391353201525,0.0070999999999999995,index_dividend_yield,0.065,12.31,30,55373.75,55762.6,55373.75,55438.5,mid_price,ok
2026-09-25T09:06:21.031996+00:00,2026-09-25T14:36:21.031996+05:30,BANKNIFTY,29-Sep-2026,51800.0,CE,55686.1,3537.9,300,4271.9,300,0.0,3904.8999999999996,0,0,0,0,0,,,,,,,,,,,,,,,0.011060976915398276,55854.2,0.27250391353201525,0.0070999999999999995,index_dividend_yield,0.065,12.31,30,55373.75,55762.6,55373.75,55438.5,mid_price,no_nse_iv
2026-09-25T09:06:21.031996+00:00,2026-09-25T14:36:21.031996+05:30,BANKNIFTY,29-Sep-2026,51800.0,PE,55686.1,3.8,60,4.1,240,4.1,3.9499999999999997,300,-21,155,-33.87096774193548,28.77,-0.00760941100414414,1.2448510230917794e-05,-4.3089356959152685,1.2284128033628974,-0.1747429639437255,0.006109954860593734,24.83855135501889,-1.842090906424404e-08,0.00020843849635528318,-7.258513114651134e-06,-1.0206672134988726,-99.42400208873536,0.008262555115508325,1.4386377995015211e-05,0.011060976915398276,55854.2,0.27250391353201525,0.0070999999999999995,index_dividend_yield,0.065,12.31,30,55373.75,55762.6,55373.75,55438.5,mid_price,ok
2026-09-25T09:06:21.031996+00:00,2026-09-25T14:36:21.031996+05:30,BANKNIFTY,29-Sep-2026,51900.0,CE,55686.1,3441.3,300,4018.8,300,0.0,3730.05,0,0,0,0,0,,,,,,,,,,,,,,,0.011060976915398276,,,,,,12.31,30,55373.75,55762.6,55373.75,55438.5,mid_price,no_price_available
2026-09-25T09:06:21.031996+00:00,2026-09-25T14:36:21.031996+05:30,BANKNIFTY,29-Sep-2026,51900.0,PE,55686.1,3.85,30,4.1,180,4,3.9749999999999996,727,472,1687,-45.205479452054796,28.21,-0.007982606503922043,1.3241894503388634e-05,-4.405082264181481,1.2812689497521088,-0.18457447725329532,0.006324949539020763,26.04773084496348,-1.9840181384949557e-08,0.00022226062973826436,-7.58443381335044e-06,-1.0513144006335646,-100.91794277279499,0.008649807187281438,1.5244353596965381e-05,0.011060976915398276,55854.2,0.27250391353201525,0.0070999999999999995,index_dividend_yield,0.065,12.31,30,55373.75,55762.6,55373.75,55438.5,mid_price,ok
2026-09-25T09:06:21.031996+00:00,2026-09-25T14:36:21.031996+05:30,BANKNIFTY,29-Sep-2026,52000.0,CE,55686.1,3828,30,3855.65,90,3844.2,3841.825,299,-35,60,6.212441460483236,50.49,0.9078990369228543,5.582930040111098e-05,-67.79114498441464,9.668400858819565,-0.4169684375240901,0.025601064153839958,32.43867834020708,-2.6044796003204128e-08,7.67400096847188e-05,-4.592445920542542e-06,-3.1869446497488862,13.136522974197003,-0.8982451219430376,6.402492882756022e-05,0.011060976915398276,55854.2,0.27250391353201525,0.0070999999999999995,index_dividend_yield,0.065,12.31,30,55373.75,55762.6,55373.75,55438.5,mid_price,ok
2026-09-25T09:06:21.031996+00:00,2026-09-25T14:36:21.031996+05:30,BANKNIFTY,29-Sep-2026,52000.0,PE,55686.1,3.9,60,3.95,1080,3.9,3.925,13416,859,34877,-47.2972972972973,27.54,-0.008171572232605872,1.3845859890101305e-05,-4.38789038434898,1.3078892203468413,-0.19235677230329887,0.006431751000446937,27.049675540117057,-2.1179051402000484e-08,0.00023608169891506034,-7.859695448166974e-06,-1.066460027929043,-103.1454137430413,0.008835666409173302,1.5878404129213593e-05,0.011060976915398276,55854.2,0.27250391353201525,0.0070999999999999995,index_dividend_yield,0.065,12.31,30,55373.75,55762.6,55373.75,55438.5,mid_price,ok
2026-09-25T09:06:21.031996+00:00,2026-09-25T14:36:21.031996+05:30,BANKNIFTY,29-Sep-2026,52100.0,CE,55686.1,3263.55,300,4072.7,300,0.0,3668.125,0,0,0,0,0,,,,,,,,,,,,,,,0.011060976915398276,55854.2,0.27250391353201525,0.0070999999999999995,index_dividend_yield,0.065,12.31,30,55373.75,55762.6,55373.75,55438.5,mid_price,no_nse_iv
2026-09-25T09:06:21.031996+00:00,2026-09-25T14:36:21.031996+05:30,BANKNIFTY,29-Sep-2026,52100.0,PE,55686.1,4.1,240,4.3,60,4.2,4.199999999999999,420,1,486,-44.73684210526316,27.27,-0.009195225611041639,1.5507772600400003e-05,-4.816696115002725,1.450513094861221,-0.21151989691625683,0.006999220117061922,29.205598364507757,-2.350584072720492e-08,0.0002553745251065245,-8.412131791072305e-06,-1.1460740024533516,-102.8928322681885,0.009923661297689694,1.771607798590151e-05,0.011060976915398276,55854.2,0.27250391353201525,0.0070999999999999995,index_dividend_yield,0.065,12.31,30,55373.75,55762.6,55373.75,55438.5,mid_price,ok
2026-09-25T09:06:21.031996+00:00,2026-09-25T14:36:21.031996+05:30,BANKNIFTY,29-Sep-2026,52200.0,CE,55686.1,3164.1,300,3789,300,0.0,3476.55,0,0,0,0,0,,,,,,,,,,,,,,,0.011060976915398276,,,,,,12.31,30,55373.75,55762.6,55373.75,55438.5,mid_price,no_price_available
2026-09-25T09:06:21.031996+00:00,2026-09-25T14:36:21.031996+05:30,BANKNIFTY,29-Sep-2026,52200.0,PE,55686.1,4.05,60,4.3,60,4.7,4.175,478,120,638,-38.96103896103896,26.51,-0.00924481566254907,1.602762800513611e-05,-4.70222177658032,1.4573574105378002,-0.21849796392121693,0.0070246093484834776,30.143515146702104,-2.497910809427179e-08,0.00027104953738984355,-8.673542065526637e-06,-1.149604617828799,-105.80852894664488,0.009955425187714804,1.82398748423731e-05,0.011060976915398276,55854.2,0.27250391353201525,0.0070999999999999995,index_dividend_yield,0.065,12.31,30,55373.75,55762.6,55373.75,55438.5,mid_price,ok
2026-09-25T09:06:21.031996+00:00,2026-09-25T14:36:21.031996+05:30,BANKNIFTY,29-Sep-2026,52300.0,CE,55686.1,3071.35,300,3685.75,300,0.0,3378.55,0,0,0,0,0,,,,,,,,,,,,,,,0.011060976915398276,,,,,,12.31,30,55373.75,55762.6,55373.75,55438.5,mid_price,no_price_available
2026-09-25T09:06:21.031996+00:00,2026-09-25T14:36:21.031996+05:30,BANKNIFTY,29-Sep-2026,52300.0,PE,55686.1,4.2,240,4.75,150,5,4.475,398,0,572,-37.88819875776397,26.03,-0.009937938760510167,1.738801078107802e-05,-4.915887286653059,1.5524269046126633,-0.23434695268976807,0.0073931885242364305,31.95970430289119,-2.7275444808740762e-08,0.00029116394266637746,-9.140962964302855e-06,-1.200532643049399,-106.94528095570682,0.01068030033886003,1.9712428403770788e-05,0.011060976915398276,55854.2,0.27250391353201525,0.0070999999999999995,index_dividend_yield,0.065,12.31,30,55373.75,55762.6,55373.75,55438.5,mid_price,ok
2026-09-25T09:06:21.031996+00:00,2026-09-25T14:36:21.031996+05:30,BANKNIFTY,29-Sep-2026,52400.0,CE,55686.1,2978.35,300,3579.45,300,0.0,3278.8999999999996,0,0,0,0,0,,,,,,,,,,,,,,,0.011060976915398276,,,,,,12.31,30,55373.75,55762.6,55373.75,55438.5,mid_price,no_price_available
2026-09-25T09:06:21.031996+00:00,2026-09-25T14:36:21.031996+05:30,BANKNIFTY,29-Sep-2026,52400.0,PE,55686.1,4.15,60,4.7,390,4.45,4.425000000000001,367,-17,857,-47.953216374269005,25.47,-0.010500245955918152,1.8644201751301937e-05,-5.04403153751935,1.628770259188416,-0.24908024066768852,0.007683971595911727,33.66692920028391,-2.9620213371840537e-08,0.0003121759387040554,-9.581544061011478e-06,-1.2403156211639623,-108.66599526885777,0.01126142400244238,2.105594927925207e-05,0.011060976915398276,55854.2,0.27250391353201525,0.0070999999999999995,index_dividend_yield,0.065,12.31,30,55373.75,55762.6,55373.75,55438.5,mid_price,ok
2026-09-25T09:06:21.031996+00:00,2026-09-25T14:36:21.031996+05:30,BANKNIFTY,29-Sep-2026,52500.0,CE,55686.1,3258.75,300,3420.9,300,3240,3339.825,10,-2,3,-35.2,30.91,0.9676465886119759,3.992908081977276e-05,-24.175590577407892,4.233264548773682,-0.42462045274505034,0.01590941535207095,45.96456232026868,-4.15937403680505e-08,0.00030437170249371435,-1.1294125614470527e-05,-2.244008629462141,16.617753349167284,-0.9646072472980102,4.492254080099714e-05,0.011060976915398276,55854.2,0.27250391353201525,0.0070999999999999995,index_dividend_yield,0.065,12.31,30,55373.75,55762.6,55373.75,55438.5,mid_price,ok
2026-09-25T09:06:21.031996+00:00,2026-09-25T14:36:21.031996+05:30,BANKNIFTY,29-Sep-2026,52500.0,PE,55686.1,4.5,630,4.6,330,4.5,4.55,11218,834,23490,-50.81967213114754,24.49,-0.010029130302252208,1.8629365032245737e-05,-4.65673601865139,1.5648543789952682,-0.25087991106399754,0.007436664925270187,34.164037640638135,-3.1046214681532756e-08,0.00033064620925217026,-9.750382768001864e-06,-1.2065069848740209,-113.6161045007087,0.01073140344785263,2.0959120359798226e-05,0.011060976915398276,55854.2,0.27250391353201525,0.0070999999999999995,index_dividend_yield,0.065,12.31,30,55373.75,55762.6,55373.75,55438.5,mid_price,ok
2026-09-25T09:06:21.031996+00:00,2026-09-25T14:36:21.031996+05:30,BANKNIFTY,29-Sep-2026,52600.0,CE,55686.1,2915.35,300,3333.05,300,0.0,3124.2,0,0,0,0,0,,,,,,,,,,,,,,,0.011060976915398276,55854.2,0.27250391353201525,0.0070999999999999995,index_dividend_yield,0.065,12.31,30,55373.75,55762.6,55373.75,55438.5,mid_price,no_nse_iv
2026-09-25T09:06:21.031996+00:00,2026-09-25T14:36:21.031996+05:30,BANKNIFTY,29-Sep-2026,52600.0,PE,55686.1,4.3,540,4.5,120,4.45,4.4,423,-29,1496,-53.8860103626943,23.64,-0.009865796624877278,1.9024524999890596e-05,-4.428287019778875,1.5425824506821295,-0.2569870047626965,0.007347978619195563,35.08830501151805,-3.296192945365758e-08,0.00035226188700624296,-1.001855621180809e-05,-1.194323877489457,-117.94307637114025,0.010533190357193599,2.1322392808432144e-05,0.011060976915398276,55854.2,0.27250391353201525,0.0070999999999999995,index_dividend_yield,0.065,12.31,30,55373.75,55762.6,55373.75,55438.5,mid_price,ok
2026-09-25T09:06:21.031996+00:00,2026-09-25T14:36:21.031996+05:30,BANKNIFTY,29-Sep-2026,52700.0,CE,55686.1,2698.3,300,3275.7,300,0.0,2987.0,0,0,0,0,0,,,,,,,,,,,,,,,0.011060976915398276,55854.2,0.27250391353201525,0.0070999999999999995,index_dividend_yield,0.065,12.31,30,55373.75,55762.6,55373.75,55438.5,mid_price,no_nse_iv
2026-09-25T09:06:21.031996+00:00,2026-09-25T14:36:21.031996+05:30,BANKNIFTY,29-Sep-2026,52700.0,PE,55686.1,4.55,330,4.8,420,4.6,4.675,564,115,3025,-55.33980582524272,23.12,-0.010578127485874982,2.0671933377070098e-05,-4.5995134517375975,1.6392908630095824,-0.2761308238464809,0.0077156582572346435,37.277989792765645,-3.6201674011046406e-08,0.00038067198445210004,-1.0577240461084503e-05,-1.244638711547005,-119.7081407516357,0.011270880871656687,2.3080938942311908e-05,0.011060976915398276,55854.2,0.27250391353201525,0.0070999999999999995,index_dividend_yield,0.065,12.31,30,55373.75,55762.6,55373.75,55438.5,mid_price,ok
2026-09-25T09:06:21.031996+00:00,2026-09-25T14:36:21.031996+05:30,BANKNIFTY,29-Sep-2026,52800.0,CE,55686.1,2605.25,300,3172.35,300,0.0,2888.8,0,0,0,0,0,,,,,,,,,,,,,,,0.011060976915398276,55854.2,0.27250391353201525,0.0070999999999999995,index_dividend_yield,0.065,12.31,30,55373.75,55762.6,55373.75,55438.5,mid_price,no_nse_iv
2026-09-25T09:06:21.031996+00:00,2026-09-25T14:36:21.031996+05:30,BANKNIFTY,29-Sep-2026,52800.0,PE,55686.1,4.65,30,4.75,240,4.6,4.7,460,-64,2232,-57.79816513761468,22.46,-0.010953873355294925,2.193596970258622e-05,-4.602887119456227,1.6898714993145296,-0.291405866819118,0.007903472789747278,39.114491919794325,-3.932872005404904e-08,0.00041006961643716005,-1.1056870084385822e-05,-1.2701322146625633,-122.78227060772853,0.011646713178593707,2.4399593918295096e-05,0.011060976915398276,55854.2,0.27250391353201525,0.0070999999999999995,index_dividend_yield,0.065,12.31,30,55373.75,55762.6,55373.75,55438.5,mid_price,ok
2026-09-25T09:06:21.031996+00:00,2026-09-25T14:36:21.031996+05:30,BANKNIFTY,29-Sep-2026,52900.0,CE,55686.1,2513.15,300,3055.65,300,0.0,2784.4,0,0,0,0,0,,,,,,,,,,,,,,,0.011060976915398276,,,,,,12.31,30,55373.75,55762.6,55373.75,55438.5,mid_price,no_price_available
2026-09-25T09:06:21.031996+00:00,2026-09-25T14:36:21.031996+05:30,BANKNIFTY,29-Sep-2026,52900.0,PE,55686.1,4.65,90,4.7,390,4.35,4.675000000000001,950,461,6424,-62.33766233766234,21.86,-0.011545366910102488,2.3592300025058366e-05,-4.6860628710371905,1.7689173107694949,-0.31072784874421144,0.00819510021015065,41.343445562084355,-4.3080925004496587e-08,0.0004434759644868234,-1.1624306852213397e-05,-1.3094408693137127,-125.44583278932588,0.012250312072061086,2.614282672307304e-05,0.011060976915398276,55854.2,0.27250391353201525,0.0070999999999999995,index_dividend_yield,0.065,12.31,30,55373.75,55762.6,55373.75,55438.5,mid_price,ok
2026-09-25T09:06:21.031996+00:00,2026-09-25T14:36:21.031996+05:30,BANKNIFTY,29-Sep-2026,53000.0,CE,55686.1,2833.95,30,2856.2,90,2846,2845.075,778,-110,298,8.280860615975802,39.94,0.8874054152189592,8.169779387020804e-05,-62.69152767740142,11.191942792155436,-0.5603837708922366,0.027023822615560147,39.81679336249222,-4.369952928282138e-08,8.61012042703522e-05,-3.905328626387487e-06,-3.3042175891530627,17.340014372033842,-0.8786096906619157,9.01887143194433e-05,0.011060976915398276,55854.2,0.27250391353201525,0.0070999999999999995,index_dividend_yield,0.065,12.31,30,55373.75,55762.6,55373.75,55438.5,mid_price,ok
2026-09-25T09:06:21.031996+00:00,2026-09-25T14:36:21.031996+05:30,BANKNIFTY,29-Sep-2026,53000.0,PE,55686.1,4.95,180,5.05,120,5.05,5.0,19331,1009,44887,-58.09128630705394,21.36,-0.012528899258977535,2.591826916787799e-05,-4.91153527273297,1.8988660773013424,-0.33667241817509574,0.008668002236165083,44.175965589636654,-4.774437533849296e-08,0.00048163011640510976,-1.2319009823125933e-05,-1.372489270655651,-127.23171875845183,0.013267341864578683,2.8611976687519727e-05,0.011060976915398276,55854.2,0.27250391353201525,0.0070999999999999995,index_dividend_yield,0.065,12.31,30,55373.75,55762.6,55373.75,55438.5,mid_price,ok
2026-09-25T09:06:21.031996+00:00,2026-09-25T14:36:21.031996+05:30,BANKNIFTY,29-Sep-2026,53100.0,CE,55686.1,2327.85,300,2889.05,300,0.0,2608.45,0,0,0,0,0,,,,,,,,,,,,,,,0.011060976915398276,55854.2,0.27250391353201525,0.0070999999999999995,index_dividend_yield,0.065,12.31,30,55373.75,55762.6,55373.75,55438.5,mid_price,no_nse_iv
2026-09-25T09:06:21.031996+00:00,2026-09-25T14:36:21.031996+05:30,BANKNIFTY,29-Sep-2026,53100.0,PE,55686.1,5.15,150,5.2,330,5.15,5.175000000000001,825,219,5761,-61.132075471698116,20.71,-0.013087972328994205,2.776053914954139e-05,-4.941160967253633,1.9719463143517728,-0.35796287305363356,0.008926543769417247,46.61484847531916,-5.2353904554957044e-08,0.0005221850625062344,-1.2931964024022277e-05,-1.4066096562749997,-130.60408680284894,0.013830480194245093,3.053039760293904e-05,0.011060976915398276,55854.2,0.27250391353201525,0.0070999999999999995,index_dividend_yield,0.065,12.31,30,55373.75,55762.6,55373.75,55438.5,mid_price,ok
2026-09-25T09:06:21.031996+00:00,2026-09-25T14:36:21.031996+05:30,BANKNIFTY,29-Sep-2026,53200.0,CE,55686.1,2233.75,300,2777.95,300,0.0,2505.85,0,0,0,0,0,,,,,,,,,,,,,,,0.011060976915398276,55854.2,0.27250391353201525,0.0070999999999999995,index_dividend_yield,0.065,12.31,30,55373.75,55762.6,55373.75,55438.5,mid_price,no_nse_iv
2026-09-25T09:06:21.031996+00:00,2026-09-25T14:36:21.031996+05:30,BANKNIFTY,29-Sep-2026,53200.0,PE,55686.1,5.6,1140,5.65,750,5.6,5.625,666,-43,3743,-61.512027491408936,20.08,-0.013776585894017078,2.992763215660474e-05,-5.003189226138707,2.061214351271423,-0.38251651370358863,0.009238449976782756,49.36420438666822,-5.769098703620002e-08,0.0005676955108814128,-1.3610628492967598e-05,-1.447449226033876,-133.9395189140151,0.014528045713679253,3.2790096787047475e-05,0.011060976915398276,55854.2,0.27250391353201525,0.0070999999999999995,index_dividend_yield,0.065,12.31,30,55373.75,55762.6,55373.75,55438.5,mid_price,ok
2026-09-25T09:06:21.031996+00:00,2026-09-25T14:36:21.031996+05:30,BANKNIFTY,29-Sep-2026,53300.0,CE,55686.1,2141,300,2664.95,300,0.0,2402.975,0,0,0,0,0,,,,,,,,,,,,,,,0.011060976915398276,55854.2,0.27250391353201525,0.0070999999999999995,index_dividend_yield,0.065,12.31,30,55373.75,55762.6,55373.75,55438.5,mid_price,no_nse_iv
2026-09-25T09:06:21.031996+00:00,2026-09-25T14:36:21.031996+05:30,BANKNIFTY,29-Sep-2026,53300.0,PE,55686.1,5.7,30,5.75,180,5.65,5.725,743,-188,6601,-63.311688311688314,19.52,-0.014825000344106559,3.2793692458946326e-05,-5.175842561910735,2.195620235373656,-0.41371891376417413,0.009701788031045995,52.6917622516605,-6.415294673219016e-08,0.0006190003418931316,-1.4401957078498354e-05,-1.5074766010103648,-136.6368049324746,0.015602032938341453,3.579558854161923e-05,0.011060976915398276,55854.2,0.27250391353201525,0.0070999999999999995,index_dividend_yield,0.065,12.31,30,55373.75,55762.6,55373.75,55438.5,mid_price,ok
2026-09-25T09:06:21.031996+00:00,2026-09-25T14:36:21.031996+05:30,BANKNIFTY,29-Sep-2026,53400.0,CE,55686.1,2213.4,300,2533.25,300,0.0,2373.325,0,0,0,0,0,,,,,,,,,,,,,,,0.011060976915398276,55854.2,0.27250391353201525,0.0070999999999999995,index_dividend_yield,0.065,12.31,30,55373.75,55762.6,55373.75,55438.5,mid_price,no_nse_iv
2026-09-25T09:06:21.031996+00:00,2026-09-25T14:36:21.031996+05:30,BANKNIFTY,29-Sep-2026,53400.0,PE,55686.1,6.1,30,6.15,420,6.05,6.125,907,110,5169,-64.72303206997084,19.05,-0.016407791175273193,3.6658913155996816e-05,-5.50508080401207,2.395309610334347,-0.45391253240683294,0.010374634180686406,56.73687890072543,-7.20451409910716e-08,0.0006758924192090735,-1.5316499457798786e-05,-1.5933282689942587,-138.3545549253277,0.017233892235478457,3.986489980907001e-05,0.011060976915398276,55854.2,0.27250391353201525,0.0070999999999999995,index_dividend_yield,0.065,12.31,30,55373.75,55762.6,55373.75,55438.5,mid_price,ok
2026-09-25T09:06:21.031996+00:00,2026-09-25T14:36:21.031996+05:30,BANKNIFTY,29-Sep-2026,53500.0,CE,55686.1,2326.3,60,2362.55,180,2358.35,2344.425,143,1,5,9.739187082664433,35.44,0.8664977912646165,0.00010376366735792774,-62.59451256783075,12.613224271429676,-0.652079422039209,0.027735399087016076,42.4021402003385,-5.708719046490323e-08,5.604058126903853e-05,-1.9919897538529344e-06,-3.3638071356237833,20.428216386962603,-0.8577544174435875,0.00011241683518250268,0.011060976915398276,55854.2,0.27250391353201525,0.0070999999999999995,index_dividend_yield,0.065,12.31,30,55373.75,55762.6,55373.75,55438.5,mid_price,ok
2026-09-25T09:06:21.031996+00:00,2026-09-25T14:36:21.031996+05:30,BANKNIFTY,29-Sep-2026,53500.0,PE,55686.1,6.45,30,6.5,2580,6.45,6.475,13799,-499,52031,-64.26592797783934,18.51,-0.01786812880994656,4.0580055454139505e-05,-5.746942652595955,2.5763576211696555,-0.49441856757262076,0.010964652114304573,60.80340636507575,-8.069199443181755e-08,0.0007384801114620126,-1.622542022453332e-05,-1.6673762738633116,-140.95291184696396,0.018730197162939558,4.396414970520298e-05,0.011060976915398276,55854.2,0.27250391353201525,0.0070999999999999995,index_dividend_yield,0.065,12.31,30,55373.75,55762.6,55373.75,55438.5,mid_price,ok
2026-09-25T09:06:21.031996+00:00,2026-09-25T14:36:21.031996+05:30,BANKNIFTY,29-Sep-2026,53600.0,CE,55686.1,1983.15,60,2308.55,300,2160,2145.8500000000004,1,0,1,-47.95180722891566,24.71,0.9340015791386337,8.857444306878099e-05,-30.838775269674013,7.507032007222805,-0.7681745555335739,0.022739709949291264,67.79133472025079,-9.347809303781934e-08,0.00044141708396123834,-1.2717379236536382e-05,-2.934207092547574,24.052104165241104,-0.9300089351312189,9.560320610374533e-05,0.011060976915398276,55854.2,0.27250391353201525,0.0070999999999999995,index_dividend_yield,0.065,12.31,30,55373.75,55762.6,55373.75,55438.5,mid_price,wide_quote_low_liquidity
2026-09-25T09:06:21.031996+00:00,2026-09-25T14:36:21.031996+05:30,BANKNIFTY,29-Sep-2026,53600.0,PE,55686.1,7.3,120,7.4,330,7.35,7.35,1293,-789,8543,-62.78481012658228,18.11,-0.02028849526790843,4.6207825814189756e-05,-6.256951165448188,2.870258928624779,-0.5490022746900223,0.011893819767364222,65.84139035684733,-9.141993380640732e-08,0.0008048246966805928,-1.7256068083094218e-05,-1.781723633354748,-141.8293542840494,0.021226735015439667,4.987461554220014e-05,0.011060976915398276,55854.2,0.27250391353201525,0.0070999999999999995,index_dividend_yield,0.065,12.31,30,55373.75,55762.6,55373.75,55438.5,mid_price,ok
2026-09-25T09:06:21.031996+00:00,2026-09-25T14:36:21.031996+05:30,BANKNIFTY,29-Sep-2026,53700.0,CE,55686.1,1771.05,870,2224.65,300,0.0,1997.85,0,0,0,0,0,,,,,,,,,,,,,,,0.011060976915398276,55854.2,0.27250391353201525,0.0070999999999999995,index_dividend_yield,0.065,12.31,30,55373.75,55762.6,55373.75,55438.5,mid_price,no_nse_iv
2026-09-25T09:06:21.031996+00:00,2026-09-25T14:36:21.031996+05:30,BANKNIFTY,29-Sep-2026,53700.0,PE,55686.1,8.2,840,8.35,240,8.25,8.274999999999999,1934,296,8651,-65.40880503144655,17.67,-0.022855530797543128,5.237537351307394e-05,-6.743101850263832,3.1743205049214738,-0.6071524606376354,0.012812448051304607,71.0454867733481,-1.0343916577873927e-07,0.0008758317294095077,-1.8268766763106487e-05,-1.8921646957644545,-143.18346803679265,0.023866372748356887,5.6321234778756595e-05,0.011060976915398276,55854.2,0.27250391353201525,0.0070999999999999995,index_dividend_yield,0.065,12.31,30,55373.75,55762.6,55373.75,55438.5,mid_price,ok
2026-09-25T09:06:21.031996+00:00,2026-09-25T14:36:21.031996+05:30,BANKNIFTY,29-Sep-2026,53800.0,CE,55686.1,1676.2,870,2175.8,300,0.0,1926.0,0,0,0,0,0,,,,,,,,,,,,,,,0.011060976915398276,55854.2,0.27250391353201525,0.0070999999999999995,index_dividend_yield,0.065,12.31,30,55373.75,55762.6,55373.75,55438.5,mid_price,no_nse_iv
2026-09-25T09:06:21.031996+00:00,2026-09-25T14:36:21.031996+05:30,BANKNIFTY,29-Sep-2026,53800.0,PE,55686.1,8.7,330,8.8,360,8.75,8.75,2851,-514,22184,-65.27777777777777,17.11,-0.025029567217478912,5.838202624627975e-05,-7.037425558642398,3.4262280417702597,-0.663787552965124,0.013538330519535072,76.172351920341,-1.1662390267273224e-07,0.0009567559164200746,-1.9263304313990817e-05,-1.9776717676443343,-146.14492509918452,0.02608431383866179,6.254724978111499e-05,0.011060976915398276,55854.2,0.27250391353201525,0.0070999999999999995,index_dividend_yield,0.065,12.31,30,55373.75,55762.6,55373.75,55438.5,mid_price,ok
2026-09-25T09:06:21.031996+00:00,2026-09-25T14:36:21.031996+05:30,BANKNIFTY,29-Sep-2026,53900.0,CE,55686.1,1729.6,300,2065.1,300,0.0,1897.35,0,0,0,0,0,,,,,,,,,,,,,,,0.011060976915398276,55854.2,0.27250391353201525,0.0070999999999999995,index_dividend_yield,0.065,12.31,30,55373.75,55762.6,55373.75,55438.5,mid_price,no_nse_iv
2026-09-25T09:06:21.031996+00:00,2026-09-25T14:36:21.031996+05:30,BANKNIFTY,29-Sep-2026,53900.0,PE,55686.1,9.85,120,9.95,60,10,9.899999999999999,1864,-356,20023,-67.15927750410509,16.67,-0.028403839712130716,6.659905978836343e-05,-7.608768760206442,3.807946075932821,-0.7360683062247603,0.014596319337831704,82.11025698139807,-1.324364338554727e-07,0.0010365745363412674,-2.0254296662125793e-05,-2.0995771721702035,-147.48652720775664,0.029544033796204683,7.108601577520528e-05,0.011060976915398276,55854.2,0.27250391353201525,0.0070999999999999995,index_dividend_yield,0.065,12.31,30,55373.75,55762.6,55373.75,55438.5,mid_price,ok
2026-09-25T09:06:21.031996+00:00,2026-09-25T14:36:21.031996+05:30,BANKNIFTY,29-Sep-2026,54000.0,CE,55686.1,1840.8,30,1864.1,30,1870,1852.4499999999998,966,-106,785,12.932934746504817,29.04,0.8514464181160539,0.00013615605875289934,-55.96670524640006,13.561904301117016,-0.8072985381953335,0.027866312830793966,49.31087852509197,-8.523819465766939e-08,2.621043442204709e-05,-2.307259925390011e-07,-3.380006573332613,25.590153582154585,-0.8437207204041726,0.00014479149685056865,0.011060976915398276,55854.2,0.27250391353201525,0.0070999999999999995,index_dividend_yield,0.065,12.31,30,55373.75,55762.6,55373.75,55438.5,mid_price,ok
2026-09-25T09:06:21.031996+00:00,2026-09-25T14:36:21.031996+05:30,BANKNIFTY,29-Sep-2026,54000.0,PE,55686.1,11.3,750,11.4,390,11.4,11.350000000000001,31184,2010,155858,-67.56756756756756,16.26,-0.03259228948179068,7.651988829568624e-05,-8.303735591172021,4.26758284312765,-0.8186619277070657,0.015798450674533462,88.40901138952617,-1.5060433494224735e-07,0.0011146467458027966,-2.114394326054871e-05,-2.2343012582063673,-148.34906351799722,0.033836513473465016,8.137301613054214e-05,0.011060976915398276,55854.2,0.27250391353201525,0.0070999999999999995,index_dividend_yield,0.065,12.31,30,55373.75,55762.6,55373.75,55438.5,mid_price,ok
2026-09-25T09:06:21.031996+00:00,2026-09-25T14:36:21.031996+05:30,BANKNIFTY,29-Sep-2026,54100.0,CE,55686.1,1676.3,300,1857.3,330,1680,1766.8,3,3,7,-66.86161766591383,22.1,0.900080527480382,0.00013543255676503599,-35.74944814903707,10.266027963817448,-0.9987281290841921,0.026162450296191624,75.01067648029114,-1.3529678155484496e-07,0.00037676836204533293,-9.162827453762011e-06,-3.2342870476077072,29.79257755637293,-0.8953717149888056,0.00014349017097387001,0.011060976915398276,55854.2,0.27250391353201525,0.0070999999999999995,index_dividend_yield,0.065,12.31,30,55373.75,55762.6,55373.75,55438.5,mid_price,ok
2026-09-25T09:06:21.031996+00:00,2026-09-25T14:36:21.031996+05:30,BANKNIFTY,29-Sep-2026,54100.0,PE,55686.1,12.6,30,12.65,30,12.65,12.625,2147,428,24588,-68.53233830845771,15.77,-0.03679044958939282,8.715265898476065e-05,-8.879513407643598,4.714106903324249,-0.9047202896308378,0.016889037850982582,94.80030315389997,-1.7114674564451443e-07,0.0012000265941749233,-2.1957564155349494e-05,-2.3531495254849895,-150.32748761605833,0.038120979885243086,9.233784133786059e-05,0.011060976915398276,55854.2,0.27250391353201525,0.0070999999999999995,index_dividend_yield,0.065,12.31,30,55373.75,55762.6,55373.75,55438.5,mid_price,ok
2026-09-25T09:06:21.031996+00:00,2026-09-25T14:36:21.031996+05:30,BANKNIFTY,29-Sep-2026,54200.0,CE,55686.1,1420.75,60,1708.6,60,1564.8,1564.675,1,0,1,-36.407046918497144,19.52,0.9128653642724625,0.0001385699064508736,-30.213204066800305,9.277603947718069,-1.0862654713194586,0.02505650257837856,86.46181762643845,-1.6547298770208848e-07,0.0005815385699087223,-1.2641468022400974e-05,-3.141206857860779,32.442209051901905,-0.9089853384988096,0.00014627292856868768,0.011060976915398276,55854.2,0.27250391353201525,0.0070999999999999995,index_dividend_yield,0.065,12.31,30,55373.75,55762.6,55373.75,55438.5,mid_price,wide_quote_low_liquidity
2026-09-25T09:06:21.031996+00:00,2026-09-25T14:36:21.031996+05:30,BANKNIFTY,29-Sep-2026,54200.0,PE,55686.1,14.5,30,14.55,210,14.45,14.525,4648,1609,37243,-68.03097345132744,15.38,-0.04271655035793169,0.00010090157844228745,-9.758532522262858,5.3228151882952,-1.006787604938851,0.018275762420276443,101.41451657270429,-1.9460658485383803e-07,0.001266456567161022,-2.2439504574432942e-05,-2.499706699849425,-150.73986763654193,0.044178936901061616,0.00010651063967622022,0.011060976915398276,55854.2,0.27250391353201525,0.0070999999999999995,index_dividend_yield,0.065,12.31,30,55373.75,55762.6,55373.75,55438.5,mid_price,ok
2026-09-25T09:06:21.031996+00:00,2026-09-25T14:36:21.031996+05:30,BANKNIFTY,29-Sep-2026,54300.0,CE,55686.1,1500.95,30,1606.7,60,1361.6,1553.825,27,20,30,-35.161904761904765,0,,,,,,,,,,,,,,,0.011060976915398276,55854.2,0.27250391353201525,0.0070999999999999995,index_dividend_yield,0.065,12.31,30,55373.75,55762.6,55373.75,55438.5,mid_price,no_nse_iv
2026-09-25T09:06:21.031996+00:00,2026-09-25T14:36:21.031996+05:30,BANKNIFTY,29-Sep-2026,54300.0,PE,55686.1,17.05,60,17.2,330,17.1,17.125,2390,281,38943,-68.99365367180417,15.03,-0.05018473406978866,0.00011751039261560591,-10.829642215717286,6.057903483528753,-1.1198197410861448,0.019798245961882167,107.75527119833627,-2.2062077818128963e-07,0.0013084562638037518,-2.244464700452541e-05,-2.6548483133876872,-150.40974036584507,0.05180795545527937,0.0001235862697677878,0.011060976915398276,55854.2,0.27250391353201525,0.0070999999999999995,index_dividend_yield,0.065,12.31,30,55373.75,55762.6,55373.75,55438.5,mid_price,ok
2026-09-25T09:06:21.031996+00:00,2026-09-25T14:36:21.031996+05:30,BANKNIFTY,29-Sep-2026,54400.0,CE,55686.1,1426.35,60,1507.7,60,1434.05,1467.025,20,-1,32,8.451183543825152,23.25,0.8398247345990639,0.00017875425841533925,-48.208919227800315,14.254974532624853,-1.0150169932918174,0.027684341465693343,59.089793894800735,-1.3188580200737664e-07,-2.7849002053371183e-05,1.9255405575404427e-06,-3.3754801648000368,32.54806812460638,-0.8332668763163129,0.00018730622158477856,0.011060976915398276,55854.2,0.27250391353201525,0.0070999999999999995,index_dividend_yield,0.065,12.31,30,55373.75,55762.6,55373.75,55438.5,mid_price,ok
2026-09-25T09:06:21.031996+00:00,2026-09-25T14:36:21.031996+05:30,BANKNIFTY,29-Sep-2026,54400.0,PE,55686.1,19.95,30,20.05,180,19.9,20.0,5471,412,47112,-67.53670473083197,14.63,-0.05844269606573424,0.00013618958049672374,-11.862257092329145,6.834005124236568,-1.238275575717738,0.021226843421921417,113.70900218959257,-2.4958123498880394e-07,0.001335218166622002,-2.2025344967531794e-05,-2.7950441056154776,-150.70883002493304,0.060221324971164586,0.00014270516388362794,0.011060976915398276,55854.2,0.27250391353201525,0.0070999999999999995,index_dividend_yield,0.065,12.31,30,55373.75,55762.6,55373.75,55438.5,mid_price,ok
2026-09-25T09:06:21.031996+00:00,2026-09-25T14:36:21.031996+05:30,BANKNIFTY,29-Sep-2026,54500.0,CE,55686.1,1364.05,30,1372,60,1371.65,1368.025,705,207,1667,15.288926245009456,23.23,0.8210632792613412,0.00019209719669405497,-51.045911705708136,15.305845628911793,-1.00717611450718,0.027318448546254988,54.248465779234145,-1.313488509447902e-07,-0.00014607525959465302,5.325697870747021e-06,-3.3655538391322706,33.76367131459178,-0.8140851388238248,0.00020054952076803138,0.011060976915398276,55854.2,0.27250391353201525,0.0070999999999999995,index_dividend_yield,0.065,12.31,30,55373.75,55762.6,55373.75,55438.5,mid_price,ok
2026-09-25T09:06:21.031996+00:00,2026-09-25T14:36:21.031996+05:30,BANKNIFTY,29-Sep-2026,54500.0,PE,55686.1,23.95,90,24.05,150,24,24.0,18182,2651,152401,-67.67676767676768,14.35,-0.06989273953064246,0.00015957192626847314,-13.336201750890929,7.854082893117128,-1.365747755955521,0.022859407857771585,118.10492189068977,-2.7932256045742364e-07,0.0012876576879249167,-2.0450765739927117e-05,-2.9488935187978704,-148.95233320461458,0.07189327725231648,0.00016659313041481947,0.011060976915398276,55854.2,0.27250391353201525,0.0070999999999999995,index_dividend_yield,0.065,12.31,30,55373.75,55762.6,55373.75,55438.5,mid_price,ok
2026-09-25T09:06:21.031996+00:00,2026-09-25T14:36:21.031996+05:30,BANKNIFTY,29-Sep-2026,54600.0,CE,55686.1,1270.1,60,1284.65,30,1277.5,1277.375,4745,4671,5779,16.80533967267075,22.26,0.8106151939193893,0.00020768028108333108,-50.65008322910994,15.856506677035288,-1.0423565237044907,0.026941914940951283,53.74606926539904,-1.4159454839769115e-07,-0.00022902579968061632,7.531409091463976e-06,-3.3515969432108728,35.87772795685525,-0.8036966413305564,0.0002160247859142363,0.011060976915398276,55854.2,0.27250391353201525,0.0070999999999999995,index_dividend_yield,0.065,12.31,30,55373.75,55762.6,55373.75,55438.5,mid_price,ok
2026-09-25T09:06:21.031996+00:00,2026-09-25T14:36:21.031996+05:30,BANKNIFTY,29-Sep-2026,54600.0,PE,55686.1,28.55,60,28.7,90,28.6,28.625,5091,1114,55094,-65.97263533610946,13.98,-0.08217409682328791,0.00018528545538197945,-14.651107085556207,8.884553205170365,-1.492938925936882,0.02421202738922439,121.58531642582825,-3.1187415053235716e-07,0.0012104072727066588,-1.8227234257524068e-05,-3.0715139709017,-148.41576383164224,0.08437338780352509,0.00019273014569858696,0.011060976915398276,55854.2,0.27250391353201525,0.0070999999999999995,index_dividend_yield,0.065,12.31,30,55373.75,55762.6,55373.75,55438.5,mid_price,ok
2026-09-25T09:06:21.031996+00:00,2026-09-25T14:36:21.031996+05:30,BANKNIFTY,29-Sep-2026,54700.0,CE,55686.1,1174.25,30,1186.5,30,1176.4,1180.375,103,19,185,18.870307684534936,21.25,0.7992818486829707,0.0002253803221061261,-50.08544042959929,16.42714238464557,-1.078323580434415,0.02642931744297751,53.00394637047212,-1.5310163480387007e-07,-0.00033338810832733473,1.0098602909874683e-05,-3.3322913508641987,38.302249694951804,-0.7924468963040961,0.0002335796204870839,0.011060976915398276,55854.2,0.27250391353201525,0.0070999999999999995,index_dividend_yield,0.065,12.31,30,55373.75,55762.6,55373.75,55438.5,mid_price,ok
2026-09-25T09:06:21.031996+00:00,2026-09-25T14:36:21.031996+05:30,BANKNIFTY,29-Sep-2026,54700.0,PE,55686.1,34.15,60,34.3,30,34,34.224999999999994,4696,2050,63814,-66.10169491525424,13.71,-0.09838800106745851,0.0002159840452444908,-16.369375663744332,10.156550157888635,-1.6144203531606935,0.025508693459280727,122.04266703206467,-3.4214356671190074e-07,0.001020069151403408,-1.4308894490186459e-05,-3.185536270412013,-146.09440061833877,0.10084727874558778,0.00022384150864651744,0.011060976915398276,55854.2,0.27250391353201525,0.0070999999999999995,index_dividend_yield,0.065,12.31,30,55373.75,55762.6,55373.75,55438.5,mid_price,ok
2026-09-25T09:06:21.031996+00:00,2026-09-25T14:36:21.031996+05:30,BANKNIFTY,29-Sep-2026,54800.0,CE,55686.1,1073.95,30,1092.7,30,1078,1083.325,152,-8,832,16.107490979589638,19.62,0.7934610888190725,0.0002483038492676836,-47.42341442060162,16.70973440653459,-1.1605751166650635,0.026049022476839313,55.64862400036574,-1.7730725216967619e-07,-0.00043862194958285716,1.2204153040633337e-05,-3.3172584077294873,41.83919583531251,-0.7870199322271921,0.0002563987721478386,0.011060976915398276,55854.2,0.27250391353201525,0.0070999999999999995,index_dividend_yield,0.065,12.31,30,55373.75,55762.6,55373.75,55438.5,mid_price,ok
2026-09-25T09:06:21.031996+00:00,2026-09-25T14:36:21.031996+05:30,BANKNIFTY,29-Sep-2026,54800.0,PE,55686.1,41.4,60,41.6,30,42.35,41.5,5384,1896,80088,-63.60120326600774,13.4,-0.11688145019244534,0.0002501938006941924,-18.042938796727338,11.499221373913306,-1.7239903424837166,0.02640965278833692,120.22213408285687,-3.7185301892725785e-07,0.0007487680287484417,-9.130644440537486e-06,-3.2651692999662627,-144.17362641252407,0.11959519713195911,0.0002583503376455346,0.011060976915398276,55854.2,0.27250391353201525,0.0070999999999999995,index_dividend_yield,0.065,12.31,30,55373.75,55762.6,55373.75,55438.5,mid_price,ok
2026-09-25T09:06:21.031996+00:00,2026-09-25T14:36:21.031996+05:30,BANKNIFTY,29-Sep-2026,54900.0,CE,55686.1,987.05,30,1001.7,30,1009,994.375,156,11,523,17.95651157353285,19.92,0.7640750442276524,0.00026392344700004657,-51.06062156596705,18.03243604877789,-1.080010595792602,0.024355862861910736,45.52105352422409,-1.6363306590437376e-07,-0.000658664591443028,1.768429414637321e-05,-3.258862830827933,43.2375991259984,-0.757091075982895,0.0002715356721361516,0.011060976915398276,55854.2,0.27250391353201525,0.0070999999999999995,index_dividend_yield,0.065,12.31,30,55373.75,55762.6,55373.75,55438.5,mid_price,ok
2026-09-25T09:06:21.031996+00:00,2026-09-25T14:36:21.031996+05:30,BANKNIFTY,29-Sep-2026,54900.0,PE,55686.1,50.35,90,50.55,30,50.35,50.45,4500,785,77411,-63.31511839708561,13.07,-0.13834111292990112,0.00028842078675635544,-19.697324627555844,12.929723468746834,-1.8141535629563748,0.026831424484498264,115.57490812367277,-3.9900601648128706e-07,0.000371527624374652,-2.4481509347409846e-06,-3.310066874885836,-142.3115000049651,0.14130800632318158,0.00029673957763180775,0.011060976915398276,55854.2,0.27250391353201525,0.0070999999999999995,index_dividend_yield,0.065,12.31,30,55373.75,55762.6,55373.75,55438.5,mid_price,ok
2026-09-25T09:06:21.031996+00:00,2026-09-25T14:36:21.031996+05:30,BANKNIFTY,29-Sep-2026,55000.0,CE,55686.1,900.45,30,904.4,30,903.35,902.425,3940,23,23124,16.29868039909881,18.73,0.7490587124009161,0.00029021340518220083,-49.706576189783604,18.644139260333123,-1.1082210195000886,0.023186240938471506,43.59790837064992,-1.7795169427089117e-07,-0.0008708155358669843,2.1773888115416908e-05,-3.2203323398035586,47.01260820242414,-0.7422709754197239,0.0002974991271624693,0.011060976915398276,55854.2,0.27250391353201525,0.0070999999999999995,index_dividend_yield,0.065,12.31,30,55373.75,55762.6,55373.75,55438.5,mid_price,ok
2026-09-25T09:06:21.031996+00:00,2026-09-25T14:36:21.031996+05:30,BANKNIFTY,29-Sep-2026,55000.0,PE,55686.1,61.25,90,61.45,60,61.3,61.35,38095,10935,305777,-60.90561224489796,12.83,-0.16526905066022746,0.00033070085193077117,-21.652100075183778,14.552883809370135,-1.8583116459759546,0.026624787624467617,105.89693173629033,-4.144161703376767e-07,-0.0001710085561997302,6.4550900640668756e-06,-3.3190538519590924,-138.82427203357656,0.16853604880980777,0.00033900299932569547,0.011060976915398276,55854.2,0.27250391353201525,0.0070999999999999995,index_dividend_yield,0.065,12.31,30,55373.75,55762.6,55373.75,55438.5,mid_price,ok
2026-09-25T09:06:21.031996+00:00,2026-09-25T14:36:21.031996+05:30,BANKNIFTY,29-Sep-2026,55100.0,CE,55686.1,815.65,60,819.35,60,806.9,817.5,517,196,5363,15.106990014265335,17.66,0.7301534778578391,0.0003195394450218943,-48.64124084787889,19.35540520349404,-1.1132790275565907,0.02156858574069072,39.9980967444602,-1.8910416578882353e-07,-0.0011490747984958328,2.6820626830250863e-05,-3.1713349094942345,51.23310690928192,-0.7235169483211081,0.00032637349694999496,0.011060976915398276,55854.2,0.27250391353201525,0.0070999999999999995,index_dividend_yield,0.065,12.31,30,55373.75,55762.6,55373.75,55438.5,mid_price,ok
2026-09-25T09:06:21.031996+00:00,2026-09-25T14:36:21.031996+05:30,BANKNIFTY,29-Sep-2026,55100.0,PE,55686.1,74.2,60,74.45,30,74.15,74.325,6401,2440,96871,-59.20220082530949,12.53,-0.19540096532942358,0.00037617070833004826,-23.347203768117023,16.16676545639147,-1.8614709685693258,0.02558488700905745,93.55409916546797,-4.2310110023071546e-07,-0.0008252245950416813,1.6663363319142756e-05,-3.287680121024878,-135.97551206860848,0.1989317662889163,0.00038421594404228367,0.011060976915398276,55854.2,0.27250391353201525,0.0070999999999999995,index_dividend_yield,0.065,12.31,30,55373.75,55762.6,55373.75,55438.5,mid_price,ok
2026-09-25T09:06:21.031996+00:00,2026-09-25T14:36:21.031996+05:30,BANKNIFTY,29-Sep-2026,55200.0,CE,55686.1,733.6,60,737.1,90,727.45,735.35,1404,472,15557,15.919050274878495,17.45,0.6990437122594002,0.00034065200333392563,-50.10986883486847,20.38888472522262,-1.004448105580702,0.018738412821333192,30.697010052277207,-1.7396255924146098e-07,-0.0014393072928637056,3.267252417107053e-05,-3.0973121149417637,54.167826280845496,-0.6921808117539511,0.00034667809206303894,0.011060976915398276,55854.2,0.27250391353201525,0.0070999999999999995,index_dividend_yield,0.065,12.31,30,55373.75,55762.6,55373.75,55438.5,mid_price,ok
2026-09-25T09:06:21.031996+00:00,2026-09-25T14:36:21.031996+05:30,BANKNIFTY,29-Sep-2026,55200.0,PE,55686.1,89.45,30,89.75,150,89.35,89.6,8757,5503,121881,-57.074225318280085,12.25,-0.230639439430316,0.0004238869976883732,-24.96587059695684,17.810383697308637,-1.7969022501257703,0.023539721080160676,77.53045288154325,-4.1631611105921617e-07,-0.0016150337742691385,2.834314580755889e-05,-3.221219884458986,-132.55337480645397,0.23442578369489772,0.00043138550242102737,0.011060976915398276,55854.2,0.27250391353201525,0.0070999999999999995,index_dividend_yield,0.065,12.31,30,55373.75,55762.6,55373.75,55438.5,mid_price,ok
2026-09-25T09:06:21.031996+00:00,2026-09-25T14:36:21.031996+05:30,BANKNIFTY,29-Sep-2026,55300.0,CE,55686.1,652.05,30,654.85,30,655.65,653.45,2696,1520,55158,16.105896936426422,17.07,0.6671510127742787,0.0003634425167513447,-50.764353848497834,21.27925133478443,-0.8817698504763882,0.015467309456780544,22.320363985825153,-1.5764475860222105e-07,-0.0017479472996549466,3.8387604347589385e-05,-3.0266630247933373,57.77072705455433,-0.6601801229978793,0.00036853528438244773,0.011060976915398276,55854.2,0.27250391353201525,0.0070999999999999995,index_dividend_yield,0.065,12.31,30,55373.75,55762.6,55373.75,55438.5,mid_price,ok
2026-09-25T09:06:21.031996+00:00,2026-09-25T14:36:21.031996+05:30,BANKNIFTY,29-Sep-2026,55300.0,PE,55686.1,108.55,30,109.05,30,108.3,108.8,16843,11202,166118,-55.27565558538096,11.96,-0.2707957077174644,0.0004727261043099883,-26.310960232465284,19.392234604498984,-1.6550166055967208,0.020360257637531874,59.162568498816626,-3.920583128327694e-07,-0.0025103912208458137,4.0849379226770146e-05,-3.129485892637766,-128.980258507018,0.2748005522784722,0.00047935021704156064,0.011060976915398276,55854.2,0.27250391353201525,0.0070999999999999995,index_dividend_yield,0.065,12.31,30,55373.75,55762.6,55373.75,55438.5,mid_price,ok
2026-09-25T09:06:21.031996+00:00,2026-09-25T14:36:21.031996+05:30,BANKNIFTY,29-Sep-2026,55400.0,CE,55686.1,573.8,60,576.15,30,574.6,574.9749999999999,3304,66,91390,14.599122457120064,16.37,0.6349008921093193,0.0003920474241670875,-50.13597372739689,22.012753788663485,-0.7526211951424111,0.011827066192695425,15.207135267058192,-1.4201579987322628e-07,-0.0021241394064104016,4.437326574997397e-05,-2.965148676362212,62.74425709159686,-0.6280085602898356,0.000396107149512311,0.011060976915398276,55854.2,0.27250391353201525,0.0070999999999999995,index_dividend_yield,0.065,12.31,30,55373.75,55762.6,55373.75,55438.5,mid_price,ok
2026-09-25T09:06:21.031996+00:00,2026-09-25T14:36:21.031996+05:30,BANKNIFTY,29-Sep-2026,55400.0,PE,55686.1,130.7,30,131.15,60,130.95,130.925,12854,6954,246947,-53.29052969502408,11.64,-0.3158732761083962,0.000521693330018459,-27.21039414797867,20.82837347101738,-1.4267940013655,0.015977760630311078,40.045266101051524,-3.477643229083828e-07,-0.003479031943718204,5.3452571818689014e-05,-3.0281584154651457,-125.48896196085587,0.3200346668987898,0.000527095563278401,0.011060976915398276,55854.2,0.27250391353201525,0.0070999999999999995,index_dividend_yield,0.065,12.31,30,55373.75,55762.6,55373.75,55438.5,mid_price,ok
2026-09-25T09:06:21.031996+00:00,2026-09-25T14:36:21.031996+05:30,BANKNIFTY,29-Sep-2026,55500.0,CE,55686.1,498.35,30,499.9,30,500,499.125,16095,1503,294466,13.973102347845908,15.78,0.5981160492263351,0.00041850997364107045,-49.464385176573394,22.651653152273166,-0.5686599216206956,0.007441688315553797,8.279524174680475,-1.1458250619190256e-07,-0.0024992740072972298,4.991574558194556e-05,-2.913839764225132,68.07000091859197,-0.5913053816062694,0.00042132133529038633,0.011060976915398276,55854.2,0.27250391353201525,0.0070999999999999995,index_dividend_yield,0.065,12.31,30,55373.75,55762.6,55373.75,55438.5,mid_price,ok
2026-09-25T09:06:21.031996+00:00,2026-09-25T14:36:21.031996+05:30,BANKNIFTY,29-Sep-2026,55500.0,PE,55686.1,157.75,30,158.25,60,158.05,158.0,32768,11722,472587,-50.485588972431074,11.34,-0.3667695777868007,0.0005668474217289467,-27.694608536462454,22.047853881386757,-1.0903536975426231,0.010316411278693729,21.735129592517666,-2.7565022640971247e-07,-0.004440129690349583,6.501701879594937e-05,-2.936565888153688,-121.39804271002856,0.3710307578684839,0.0005706552475941175,0.011060976915398276,55854.2,0.27250391353201525,0.0070999999999999995,index_dividend_yield,0.065,12.31,30,55373.75,55762.6,55373.75,55438.5,mid_price,ok
2026-09-25T09:06:21.031996+00:00,2026-09-25T14:36:21.031996+05:30,BANKNIFTY,29-Sep-2026,55600.0,CE,55686.1,432.25,60,433.9,60,432.45,433.075,11785,2604,279676,12.52927400468384,15.35,0.5570446194998235,0.0004391842892581084,-48.80307096586277,23.12289822031646,-0.32782396913894063,0.002369686299131102,2.7569536683795803,-7.40605943483179e-08,-0.002808887174736348,5.4107184547833614e-05,-2.8839437321979937,73.44593676764016,-0.5503110751130446,0.0004405455498973397,0.011060976915398276,55854.2,0.27250391353201525,0.0070999999999999995,index_dividend_yield,0.065,12.31,30,55373.75,55762.6,55373.75,55438.5,mid_price,ok
2026-09-25T09:06:21.031996+00:00,2026-09-25T14:36:21.031996+05:30,BANKNIFTY,29-Sep-2026,55600.0,PE,55686.1,187.55,120,188.3,30,188,187.925,18843,12637,343250,-48.145083436767344,10.98,-0.422573476458535,0.0006086303524100566,-27.401029369746873,22.92150021224216,-0.6547847516340244,0.003527870068377565,7.487243898262719,-1.7753963919617717e-07,-0.00534469298349037,7.442974364620137e-05,-2.879565850602722,-117.66909530823429,0.4268246204048166,0.0006105168145692038,0.011060976915398276,55854.2,0.27250391353201525,0.0070999999999999995,index_dividend_yield,0.065,12.31,30,55373.75,55762.6,55373.75,55438.5,mid_price,ok
2026-09-25T09:06:21.031996+00:00,2026-09-25T14:36:21.031996+05:30,BANKNIFTY,29-Sep-2026,55700.0,CE,55686.1,368.1,30,369.3,90,369.4,368.70000000000005,15619,5170,242228,11.164610291904905,14.95,0.5130106842198303,0.00045536405571998867,-47.700186150322395,23.350007854621207,-0.04533096451636576,-0.0031752060132729976,0.08686875805707928,-2.356104125791954e-08,-0.0030443554114046863,5.661140652117151e-05,-2.886169794696798,79.31358718981899,-0.5064161447808234,0.00045513681081514417,0.011060976915398276,55854.2,0.27250391353201525,0.0070999999999999995,index_dividend_yield,0.065,12.31,30,55373.75,55762.6,55373.75,55438.5,mid_price,ok
2026-09-25T09:06:21.031996+00:00,2026-09-25T14:36:21.031996+05:30,BANKNIFTY,29-Sep-2026,55700.0,PE,55686.1,224.05,60,224.85,120,224.1,224.45,15252,7424,207093,-45.4213346322455,10.61,-0.48376709691999425,0.0006414443600412774,-26.35772344327495,23.343257816550807,-0.11063463034163834,-0.004224712120923699,0.2631211195573968,-4.7292976666100533e-08,-0.006038963643708163,7.985287535314352e-05,-2.881417668153302,-113.61959355576352,0.4879030885446298,0.0006411242536105444,0.011060976915398276,55854.2,0.27250391353201525,0.0070999999999999995,index_dividend_yield,0.065,12.31,30,55373.75,55762.6,55373.75,55438.5,mid_price,ok
2026-09-25T09:06:21.031996+00:00,2026-09-25T14:36:21.031996+05:30,BANKNIFTY,29-Sep-2026,55800.0,CE,55686.1,309.9,60,310.95,60,311.35,310.42499999999995,13688,1169,184133,8.50322355811117,14.57,0.46653564692300026,0.00046584851169557495,-46.0754335361532,23.280449205899153,0.27069092538217765,-0.009001151032004608,1.329980424168653,3.591544325868217e-08,-0.003170847234373951,5.690368929926505e-05,-2.927914395869176,85.74980647120655,-0.4601537900215912,0.00046394865535854347,0.011060976915398276,55854.2,0.27250391353201525,0.0070999999999999995,index_dividend_yield,0.065,12.31,30,55373.75,55762.6,55373.75,55438.5,mid_price,ok
2026-09-25T09:06:21.031996+00:00,2026-09-25T14:36:21.031996+05:30,BANKNIFTY,29-Sep-2026,55800.0,PE,55686.1,265.65,30,266.45,60,265.85,266.04999999999995,11905,2834,110072,-42.59339235586266,10.21,-0.5498047099723116,0.0006619096137844564,-24.403817496012028,23.179898123910398,0.5273128272783034,-0.01253999772967566,3.8692481990754146,1.1496033131325588e-07,-0.006373061962995446,7.948109685964797e-05,-2.963109438181229,-109.416344243526,0.5536970679490829,0.0006592101671988843,0.011060976915398276,55854.2,0.27250391353201525,0.0070999999999999995,index_dividend_yield,0.065,12.31,30,55373.75,55762.6,55373.75,55438.5,mid_price,ok
2026-09-25T09:06:21.031996+00:00,2026-09-25T14:36:21.031996+05:30,BANKNIFTY,29-Sep-2026,55900.0,CE,55686.1,256.7,90,257.65,60,258.25,257.17499999999995,10299,860,122355,5.688561489666462,14.22,0.41834292354099734,0.0004689358642413225,-43.93012282774326,22.871789066493662,0.6069880674446082,-0.01484261804412552,7.325192289945548,1.0225276448338294e-07,-0.0031476782397151792,5.4489097352063e-05,-3.012176891145541,92.71952755456057,-0.412247490996712,0.00046535398684234114,0.011060976915398276,55854.2,0.27250391353201525,0.0070999999999999995,index_dividend_yield,0.065,12.31,30,55373.75,55762.6,55373.75,55438.5,mid_price,ok
2026-09-25T09:06:21.031996+00:00,2026-09-25T14:36:21.031996+05:30,BANKNIFTY,29-Sep-2026,55900.0,PE,55686.1,313.75,150,314.6,30,313.65,314.175,7400,1425,51954,-39.76377952755905,9.77,-0.6200147172649897,0.0006653526504553957,-21.442708197103393,22.296338379747887,1.2311637599522474,-0.020810715361212817,22.04066680840988,3.0732912417682007e-07,-0.006152981664738204,7.139601882338836e-05,-3.133913443051532,-105.06516636059139,0.6235209045432347,0.0006602704807969197,0.011060976915398276,55854.2,0.27250391353201525,0.0070999999999999995,index_dividend_yield,0.065,12.31,30,55373.75,55762.6,55373.75,55438.5,mid_price,ok
2026-09-25T09:06:21.031996+00:00,2026-09-25T14:36:21.031996+05:30,BANKNIFTY,29-Sep-2026,56000.0,CE,55686.1,211.5,90,211.85,30,211.55,211.675,37465,4657,320545,2.3711589644326154,13.95,0.3698596672923363,0.0004620638679824501,-41.4266942408682,22.108705198725733,0.9385728161017404,-0.020314966237816343,18.25850476220303,1.7016757359898205e-07,-0.0029308120107928346,4.903463389151088e-05,-3.1336506294891384,99.80984388880685,-0.3641016000380028,0.0004568983200367396,0.011060976915398276,55854.2,0.27250391353201525,0.0070999999999999995,index_dividend_yield,0.065,12.31,30,55373.75,55762.6,55373.75,55438.5,mid_price,ok
2026-09-25T09:06:21.031996+00:00,2026-09-25T14:36:21.031996+05:30,BANKNIFTY,29-Sep-2026,56000.0,PE,55686.1,366.4,30,367.75,30,369.1,367.075,26909,4395,105724,-36.44972451790633,9.27,-0.693516852535552,0.0006464804433452338,-17.40403124547712,20.55522417642905,1.9528645287126278,-0.02817358890946933,57.87777863960741,5.247682770891567e-07,-0.005153900062243632,5.387410348108973e-05,-3.380210968530299,-100.60913551856687,0.6964839838776498,0.0006392532482376716,0.011060976915398276,55854.2,0.27250391353201525,0.0070999999999999995,index_dividend_yield,0.065,12.31,30,55373.75,55762.6,55373.75,55438.5,mid_price,ok
2026-09-25T09:06:21.031996+00:00,2026-09-25T14:36:21.031996+05:30,BANKNIFTY,29-Sep-2026,56100.0,CE,55686.1,171.65,60,172.15,60,171.65,171.9,9210,1183,94121,-2.2494305239179955,13.74,0.3224057863941434,0.0004457743550559336,-38.566713053408456,21.008202981104,1.241080555149432,-0.025079450890852104,33.50291115499893,2.3424995588058386e-07,-0.0025335363261515514,4.088903622670347e-05,-3.2790241083245477,107.0112485200844,-0.3170365166562479,0.00043922086584235456,0.011060976915398276,55854.2,0.27250391353201525,0.0070999999999999995,index_dividend_yield,0.065,12.31,30,55373.75,55762.6,55373.75,55438.5,mid_price,ok
2026-09-25T09:06:21.031996+00:00,2026-09-25T14:36:21.031996+05:30,BANKNIFTY,29-Sep-2026,56100.0,PE,55686.1,426.35,60,427.9,60,424.4,427.125,3813,-1992,27007,-35.87186461166515,8.49,-0.7742610596740898,0.0006041563035356126,-11.58021705798234,17.593169755512136,2.696616555525666,-0.03373166932599453,118.95879112924135,7.963884884424439e-07,-0.0030307348590346292,2.373284478970843e-05,-3.665706424820981,-97.42947714915748,0.7764368974592087,0.0005952743843008471,0.011060976915398276,55854.2,0.27250391353201525,0.0070999999999999995,index_dividend_yield,0.065,12.31,30,55373.75,55762.6,55373.75,55438.5,mid_price,ok
2026-09-25T09:06:21.031996+00:00,2026-09-25T14:36:21.031996+05:30,BANKNIFTY,29-Sep-2026,56200.0,CE,55686.1,137.1,150,137.55,30,137.3,137.325,14726,2574,106717,-5.862187178608159,13.54,0.27657014696856475,0.00042194430835925046,-35.27883689867629,19.595704837504428,1.5006190459071755,-0.028915548893778,52.11790247008885,2.918448836019611e-07,-0.001994079741133572,3.065375756572544e-05,-3.4311412156614582,114.68627198539563,-0.2716516688724498,0.0004142629636407938,0.011060976915398276,55854.2,0.27250391353201525,0.0070999999999999995,index_dividend_yield,0.065,12.31,30,55373.75,55762.6,55373.75,55438.5,mid_price,ok
2026-09-25T09:06:21.031996+00:00,2026-09-25T14:36:21.031996+05:30,BANKNIFTY,29-Sep-2026,56200.0,PE,55686.1,492.6,90,494.55,60,496.2,493.57500000000005,4788,219,12971,-31.892114473955115,7.61,,,,,,,,,,,,,,,0.011060976915398276,,,,,,12.31,30,55373.75,55762.6,55373.75,55438.5,mid_price,no_price_available
2026-09-25T09:06:21.031996+00:00,2026-09-25T14:36:21.031996+05:30,BANKNIFTY,29-Sep-2026,56300.0,CE,55686.1,109.15,30,109.55,90,110.15,109.35,11476,2379,100945,-10.04491629236423,13.43,0.23456532359358992,0.00039028794284570864,-31.955476355866722,17.978284113173537,1.6868281426608844,-0.03152742615203365,71.51110095827917,3.3448531253279935e-07,-0.001353635291344757,1.931675325237835e-05,-3.562930943015135,121.89483478012178,-0.23010426094006128,0.0003818228817136494,0.011060976915398276,55854.2,0.27250391353201525,0.0070999999999999995,index_dividend_yield,0.065,12.31,30,55373.75,55762.6,55373.75,55438.5,mid_price,ok
2026-09-25T09:06:21.031996+00:00,2026-09-25T14:36:21.031996+05:30,BANKNIFTY,29-Sep-2026,56300.0,PE,55686.1,563.35,30,566.3,60,567.8,564.825,4417,-270,4847,-28.79804376449934,4.08,,,,,,,,,,,,,,,0.011060976915398276,,,,,,12.31,30,55373.75,55762.6,55373.75,55438.5,mid_price,no_price_available
2026-09-25T09:06:21.031996+00:00,2026-09-25T14:36:21.031996+05:30,BANKNIFTY,29-Sep-2026,56400.0,CE,55686.1,86.4,120,86.65,60,86.5,86.525,12689,-649,100176,-13.326653306613226,13.35,0.19635684343319465,0.0003541120842649487,-28.52802734551176,16.21470698954273,1.8015862575567199,-0.03293434023496642,90.17906283635746,3.628197748979443e-07,-0.0006830230155220173,7.826542992152477e-06,-3.656303835015209,129.10159021450832,-0.19236970106900414,0.0003452042591957006,0.011060976915398276,55854.2,0.27250391353201525,0.0070999999999999995,index_dividend_yield,0.065,12.31,30,55373.75,55762.6,55373.75,55438.5,mid_price,ok
2026-09-25T09:06:21.031996+00:00,2026-09-25T14:36:21.031996+05:30,BANKNIFTY,29-Sep-2026,56400.0,PE,55686.1,639.7,30,642.45,60,640,641.075,4759,-2286,11532,-27.276859269359697,0,,,,,,,,,,,,,,,0.011060976915398276,,,,,,12.31,30,55373.75,55762.6,55373.75,55438.5,mid_price,no_price_available
2026-09-25T09:06:21.031996+00:00,2026-09-25T14:36:21.031996+05:30,BANKNIFTY,29-Sep-2026,56500.0,CE,55686.1,67.45,30,67.7,90,67.95,67.575,39312,224,209380,-17.835550181378476,13.29,0.16222251548089223,0.0003154219961733896,-25.086529085144335,14.378184384689513,1.845981240754302,-0.033183826954723286,106.52743606677627,3.7674788119287144e-07,-3.629726952298707e-05,-2.9907308791272933e-06,-3.6951307938730493,136.3437293850931,-0.1587129839424843,0.00030639994721793994,0.011060976915398276,55854.2,0.27250391353201525,0.0070999999999999995,index_dividend_yield,0.065,12.31,30,55373.75,55762.6,55373.75,55438.5,mid_price,ok
2026-09-25T09:06:21.031996+00:00,2026-09-25T14:36:21.031996+05:30,BANKNIFTY,29-Sep-2026,56500.0,PE,55686.1,723.65,30,726.3,60,725.75,724.9749999999999,19028,-1471,17490,-22.689747003994675,0,,,,,,,,,,,,,,,0.011060976915398276,,,,,,12.31,30,55373.75,55762.6,55373.75,55438.5,mid_price,no_price_available
2026-09-25T09:06:21.031996+00:00,2026-09-25T14:36:21.031996+05:30,BANKNIFTY,29-Sep-2026,56600.0,CE,55686.1,53,150,53.25,30,52.95,53.125,12966,619,78226,-23.093681917211327,13.33,0.13382315609574735,0.0002764404678288484,-22.0384882237598,12.63917888433037,1.817251578776588,-0.03245050396370595,117.97478945275408,3.7292254640971556e-07,0.0005066445392372745,-1.1896953058853805e-05,-3.6713678289732616,142.33602501112085,-0.13073735054752075,0.0002675853686019842,0.011060976915398276,55854.2,0.27250391353201525,0.0070999999999999995,index_dividend_yield,0.065,12.31,30,55373.75,55762.6,55373.75,55438.5,mid_price,ok
2026-09-25T09:06:21.031996+00:00,2026-09-25T14:36:21.031996+05:30,BANKNIFTY,29-Sep-2026,56600.0,PE,55686.1,805.8,30,811.4,30,814.8,808.5999999999999,4666,-644,2117,-21.29817444219067,0,,,,,,,,,,,,,,,0.011060976915398276,,,,,,12.31,30,55373.75,55762.6,55373.75,55438.5,mid_price,no_price_available
2026-09-25T09:06:21.031996+00:00,2026-09-25T14:36:21.031996+05:30,BANKNIFTY,29-Sep-2026,56700.0,CE,55686.1,41.75,90,41.95,90,42.25,41.85,13787,-2401,83965,-25.942156003505698,13.4,0.10974440521258018,0.0002391976843073294,-19.206792261555687,10.99382605142725,1.7397630955779189,-0.030987044932962043,125.10891520592082,3.5811058433850393e-07,0.0009371583510997241,-1.892151570728521e-05,-3.5892105717161558,147.88932197975626,-0.10705317235610524,0.00023071958348677192,0.011060976915398276,55854.2,0.27250391353201525,0.0070999999999999995,index_dividend_yield,0.065,12.31,30,55373.75,55762.6,55373.75,55438.5,mid_price,ok
2026-09-25T09:06:21.031996+00:00,2026-09-25T14:36:21.031996+05:30,BANKNIFTY,29-Sep-2026,56700.0,PE,55686.1,892.85,30,899.8,90,901.7,896.325,6294,-1001,1902,-19.745449690712473,0,,,,,,,,,,,,,,,0.011060976915398276,,,,,,12.31,30,55373.75,55762.6,55373.75,55438.5,mid_price,no_price_available
2026-09-25T09:06:21.031996+00:00,2026-09-25T14:36:21.031996+05:30,BANKNIFTY,29-Sep-2026,56800.0,CE,55686.1,33.35,30,33.45,30,33.75,33.400000000000006,14273,-1386,73917,-27.65273311897106,13.52,0.08999464057686597,0.00020507501057213015,-16.712557304747516,9.509912609951295,1.627310517472509,-0.029055978826367127,127.78190253284727,3.3465665358824743e-07,0.0012388626517342025,-2.386617797421855e-05,-3.458683035383655,152.58435074282934,-0.08765152729454437,0.0001971104625575284,0.011060976915398276,55854.2,0.27250391353201525,0.0070999999999999995,index_dividend_yield,0.065,12.31,30,55373.75,55762.6,55373.75,55438.5,mid_price,ok
2026-09-25T09:06:21.031996+00:00,2026-09-25T14:36:21.031996+05:30,BANKNIFTY,29-Sep-2026,56800.0,PE,55686.1,980.25,30,990.95,60,979.55,985.6,3403,-177,629,-20.00408329930584,0,,,,,,,,,,,,,,,0.011060976915398276,,,,,,12.31,30,55373.75,55762.6,55373.75,55438.5,mid_price,no_price_available
2026-09-25T09:06:21.031996+00:00,2026-09-25T14:36:21.031996+05:30,BANKNIFTY,29-Sep-2026,56900.0,CE,55686.1,26.45,90,26.65,60,27,26.549999999999997,8494,-1184,42667,-31.645569620253166,13.68,0.07392071770876718,0.00017473624625926143,-14.539051607955061,8.198911357285493,1.4956217115405928,-0.026875113262605214,126.76158407290305,3.063027309180354e-07,0.0014243873166776097,-2.696465260520476e-05,-3.2925839449776175,156.48436563290232,-0.07188139285063663,0.00016736015713128007,0.011060976915398276,55854.2,0.27250391353201525,0.0070999999999999995,index_dividend_yield,0.065,12.31,30,55373.75,55762.6,55373.75,55438.5,mid_price,ok
2026-09-25T09:06:21.031996+00:00,2026-09-25T14:36:21.031996+05:30,BANKNIFTY,29-Sep-2026,56900.0,PE,55686.1,1076.25,30,1090.65,60,1078.3,1083.45,2794,-238,694,-18.7813053139005,0,,,,,,,,,,,,,,,0.011060976915398276,,,,,,12.31,30,55373.75,55762.6,55373.75,55438.5,mid_price,no_price_available
2026-09-25T09:06:21.031996+00:00,2026-09-25T14:36:21.031996+05:30,BANKNIFTY,29-Sep-2026,57000.0,CE,55686.1,21.7,300,21.85,180,21.8,21.775,46780,-4299,171346,-35.311572700296736,13.93,0.061680346909491784,0.00014920150818739308,-12.839329128998573,7.1287177759530955,1.3590910933016265,-0.024754287423821037,122.64140907600441,2.751952566017065e-07,0.001495877276328484,-2.8328877402988013e-05,-3.1160659163045406,158.65872901471369,-0.059878760961904344,0.00014240233407084049,0.011060976915398276,55854.2,0.27250391353201525,0.0070999999999999995,index_dividend_yield,0.065,12.31,30,55373.75,55762.6,55373.75,55438.5,mid_price,ok
2026-09-25T09:06:21.031996+00:00,2026-09-25T14:36:21.031996+05:30,BANKNIFTY,29-Sep-2026,57000.0,PE,55686.1,1178,30,1180.35,30,1173.7,1179.175,15602,-2859,6514,-17.286821705426355,0,,,,,,,,,,,,,,,0.011060976915398276,,,,,,12.31,30,55373.75,55762.6,55373.75,55438.5,mid_price,no_price_available
2026-09-25T09:06:21.031996+00:00,2026-09-25T14:36:21.031996+05:30,BANKNIFTY,29-Sep-2026,57100.0,CE,55686.1,17.95,120,18.05,120,18.05,18.0,6758,62,33866,-37.10801393728223,14.15,0.05108552973739189,0.00012659970574203648,-11.215655793803718,6.144353983351382,1.2227724514229759,-0.022533938647634342,117.0427060949546,2.453482568161181e-07,0.001516971807271906,-2.881112882486623e-05,-2.917379069547387,161.150537315184,-0.049511403574704155,0.00012040765147560785,0.011060976915398276,55854.2,0.27250391353201525,0.0070999999999999995,index_dividend_yield,0.065,12.31,30,55373.75,55762.6,55373.75,55438.5,mid_price,ok
2026-09-25T09:06:21.031996+00:00,2026-09-25T14:36:21.031996+05:30,BANKNIFTY,29-Sep-2026,57100.0,PE,55686.1,1266,60,1278.8,30,1281.2,1272.4,1579,-39,227,-15.691113085249894,0,,,,,,,,,,,,,,,0.011060976915398276,,,,,,12.31,30,55373.75,55762.6,55373.75,55438.5,mid_price,no_price_available
2026-09-25T09:06:21.031996+00:00,2026-09-25T14:36:21.031996+05:30,BANKNIFTY,29-Sep-2026,57200.0,CE,55686.1,14.9,30,14.95,30,14.95,14.925,9244,76,40066,-40.31936127744511,14.43,0.04292480509913649,0.00010796799980509652,-9.926446940137266,5.343778874392684,1.0956670067118757,-0.02052069356502661,110.22055314612888,2.1680325147247492e-07,0.00147879660713967,-2.8378078801741098e-05,-2.725685567091493,162.4001904818613,-0.041531404163242705,0.00010232849908517316,0.011060976915398276,55854.2,0.27250391353201525,0.0070999999999999995,index_dividend_yield,0.065,12.31,30,55373.75,55762.6,55373.75,55438.5,mid_price,ok
2026-09-25T09:06:21.031996+00:00,2026-09-25T14:36:21.031996+05:30,BANKNIFTY,29-Sep-2026,57200.0,PE,55686.1,1362.9,30,1375.85,30,1364.8,1369.375,1990,-59,275,-15.103259517292859,0,,,,,,,,,,,,,,,0.011060976915398276,,,,,,12.31,30,55373.75,55762.6,55373.75,55438.5,mid_price,no_price_available
2026-09-25T09:06:21.031996+00:00,2026-09-25T14:36:21.031996+05:30,BANKNIFTY,29-Sep-2026,57300.0,CE,55686.1,12.7,30,12.75,180,12.8,12.725,6442,-1054,30120,-41.950113378684804,14.8,0.03700096980894751,9.329892580493909e-05,-9.005602822920643,4.736150023748527,0.9846597756723863,-0.01885800826221297,103.02606682174664,1.907940814860269e-07,0.0013991988156795954,-2.7349602852739248e-05,-2.559312190422203,161.90776613585425,-0.035736713713439,8.81172642965437e-05,0.011060976915398276,55854.2,0.27250391353201525,0.0070999999999999995,index_dividend_yield,0.065,12.31,30,55373.75,55762.6,55373.75,55438.5,mid_price,ok
2026-09-25T09:06:21.031996+00:00,2026-09-25T14:36:21.031996+05:30,BANKNIFTY,29-Sep-2026,57300.0,PE,55686.1,1461.05,30,1477.1,30,1461.15,1469.0749999999998,2235,-582,819,-14.674881018423896,0,,,,,,,,,,,,,,,0.011060976915398276,,,,,,12.31,30,55373.75,55762.6,55373.75,55438.5,mid_price,no_price_available
2026-09-25T09:06:21.031996+00:00,2026-09-25T14:36:21.031996+05:30,BANKNIFTY,29-Sep-2026,57400.0,CE,55686.1,10.9,210,11,180,11.05,10.95,9873,1307,26240,-42.447916666666664,15.13,0.03166480362141014,8.029806336719585e-05,-8.086021353593448,4.167072830344296,0.8806599558053729,-0.01719675958289486,95.76836359249174,1.6763112832012481e-07,0.0013147408474842317,-2.6119952514540145e-05,-2.385842329243487,161.9592182285976,-0.030529654661959178,7.557443206524258e-05,0.011060976915398276,55854.2,0.27250391353201525,0.0070999999999999995,index_dividend_yield,0.065,12.31,30,55373.75,55762.6,55373.75,55438.5,mid_price,ok
2026-09-25T09:06:21.031996+00:00,2026-09-25T14:36:21.031996+05:30,BANKNIFTY,29-Sep-2026,57400.0,PE,55686.1,1561.05,90,1571.25,30,1564.55,1566.15,3319,-29,82,-12.328037880698215,0,,,,,,,,,,,,,,,0.011060976915398276,,,,,,12.31,30,55373.75,55762.6,55373.75,55438.5,mid_price,no_price_available
2026-09-25T09:06:21.031996+00:00,2026-09-25T14:36:21.031996+05:30,BANKNIFTY,29-Sep-2026,57500.0,CE,55686.1,9.95,630,10.05,2040,10,10.0,65143,1450,94730,-43.342776203966004,15.61,0.0283704562155272,7.105191783025575e-05,-7.603331789084671,3.804221535765482,0.7996188131284832,-0.016072038888467595,89.22331640984949,1.4786067676279435e-07,0.0012112928143444461,-2.471945182828014e-05,-2.2642205903528843,159.4015803665991,-0.02730311291934929,6.663980558773466e-05,0.011060976915398276,55854.2,0.27250391353201525,0.0070999999999999995,index_dividend_yield,0.065,12.31,30,55373.75,55762.6,55373.75,55438.5,mid_price,ok
2026-09-25T09:06:21.031996+00:00,2026-09-25T14:36:21.031996+05:30,BANKNIFTY,29-Sep-2026,57500.0,PE,55686.1,1667.35,30,1677.25,60,1675.75,1672.3,40308,-121,2514,-12.349295185291734,0,,,,,,,,,,,,,,,0.011060976915398276,,,,,,12.31,30,55373.75,55762.6,55373.75,55438.5,mid_price,no_price_available
2026-09-25T09:06:21.031996+00:00,2026-09-25T14:36:21.031996+05:30,BANKNIFTY,29-Sep-2026,57600.0,CE,55686.1,8.7,630,8.75,30,8.8,8.725,10067,662,24594,-45.67901234567901,15.96,0.024610373279117307,6.170838319361284e-05,-6.892849188920972,3.3780350122531697,0.7167811886665959,-0.01469918874866877,82.55625808985667,1.3004957743304266e-07,0.0011214729461861694,-2.3303874716138047e-05,-2.1111350279254966,158.90991738065927,-0.023642909776434334,5.767569104877647e-05,0.011060976915398276,55854.2,0.27250391353201525,0.0070999999999999995,index_dividend_yield,0.065,12.31,30,55373.75,55762.6,55373.75,55438.5,mid_price,ok
2026-09-25T09:06:21.031996+00:00,2026-09-25T14:36:21.031996+05:30,BANKNIFTY,29-Sep-2026,57600.0,PE,55686.1,1756.3,30,1768.1,30,1750,1762.1999999999998,2059,-32,98,-13.041317796715447,0,,,,,,,,,,,,,,,0.011060976915398276,,,,,,12.31,30,55373.75,55762.6,55373.75,55438.5,mid_price,no_price_available
2026-09-25T09:06:21.031996+00:00,2026-09-25T14:36:21.031996+05:30,BANKNIFTY,29-Sep-2026,57700.0,CE,55686.1,7.65,120,7.75,570,7.7,7.7,9556,-1055,19316,-47.44027303754266,16.3,0.021357654631159545,5.362033375677837e-05,-6.238999460585566,2.9978107259952087,0.641729073983353,-0.013415135344016683,76.1596380861953,1.1433941962313146e-07,0.001033279699070547,-2.1851105444809197e-05,-1.9631871428413188,158.47794735257048,-0.02048214597666497,4.994263963038457e-05,0.011060976915398276,55854.2,0.27250391353201525,0.0070999999999999995,index_dividend_yield,0.065,12.31,30,55373.75,55762.6,55373.75,55438.5,mid_price,ok
2026-09-25T09:06:21.031996+00:00,2026-09-25T14:36:21.031996+05:30,BANKNIFTY,29-Sep-2026,57700.0,PE,55686.1,1854.25,60,1870.45,30,1855.1,1862.35,4050,-41,68,-10.666474044110565,0,,,,,,,,,,,,,,,0.011060976915398276,,,,,,12.31,30,55373.75,55762.6,55373.75,55438.5,mid_price,no_price_available
2026-09-25T09:06:21.031996+00:00,2026-09-25T14:36:21.031996+05:30,BANKNIFTY,29-Sep-2026,57800.0,CE,55686.1,6.65,420,6.7,120,6.55,6.675000000000001,9527,1738,18039,-48.828125,16.68,0.018825692077478834,4.708004249421096e-05,-5.729271064464871,2.693518633587031,0.5779449969299747,-0.012342452076325007,70.35473204003306,1.0085016225762519e-07,0.0009474807655400693,-2.044234766850299e-05,-1.835927735585441,157.34085171431096,-0.018021913141406918,4.369932968103796e-05,0.011060976915398276,55854.2,0.27250391353201525,0.0070999999999999995,index_dividend_yield,0.065,12.31,30,55373.75,55762.6,55373.75,55438.5,mid_price,ok
2026-09-25T09:06:21.031996+00:00,2026-09-25T14:36:21.031996+05:30,BANKNIFTY,29-Sep-2026,57800.0,PE,55686.1,1952.55,30,1969.1,30,1955,1960.8249999999998,3706,-31,44,-10.706129533205445,0,,,,,,,,,,,,,,,0.011060976915398276,,,,,,12.31,30,55373.75,55762.6,55373.75,55438.5,mid_price,no_price_available
2026-09-25T09:06:21.031996+00:00,2026-09-25T14:36:21.031996+05:30,BANKNIFTY,29-Sep-2026,57900.0,CE,55686.1,6,60,6.1,390,6.05,6.05,5799,13,9320,-49.37238493723849,17.09,0.016813740537588183,4.1726862485483234e-05,-5.324363052204713,2.4459348510538503,0.5235496575328717,-0.011438043617494826,65.13973996679123,8.930838107646177e-08,0.0008671036768322902,-1.9118416447118434e-05,-1.7259342742277524,155.70331630051737,-0.016066983268843593,3.8596880834131173e-05,0.011060976915398276,55854.2,0.27250391353201525,0.0070999999999999995,index_dividend_yield,0.065,12.31,30,55373.75,55762.6,55373.75,55438.5,mid_price,ok
2026-09-25T09:06:21.031996+00:00,2026-09-25T14:36:21.031996+05:30,BANKNIFTY,29-Sep-2026,57900.0,PE,55686.1,2035.05,30,2063.35,30,2093,2049.2,4545,-15,31,-8.534720097889263,0,,,,,,,,,,,,,,,0.011060976915398276,,,,,,12.31,30,55373.75,55762.6,55373.75,55438.5,mid_price,no_price_available
2026-09-25T09:06:21.031996+00:00,2026-09-25T14:36:21.031996+05:30,BANKNIFTY,29-Sep-2026,58000.0,CE,55686.1,5.6,630,5.7,2730,5.65,5.65,50489,-1931,85141,-50,17.63,0.015700788480518393,3.814415578335066e-05,-5.173874511583013,2.306574102330996,0.4848545265468346,-0.010912109855298497,61.10436303845934,8.017452747118368e-08,0.0007941308841439968,-1.8024595605586138e-05,-1.6607895326351774,152.19228319320354,-0.014975359791115382,3.5161356880694285e-05,0.011060976915398276,55854.2,0.27250391353201525,0.0070999999999999995,index_dividend_yield,0.065,12.31,30,55373.75,55762.6,55373.75,55438.5,mid_price,ok
2026-09-25T09:06:21.031996+00:00,2026-09-25T14:36:21.031996+05:30,BANKNIFTY,29-Sep-2026,58000.0,PE,55686.1,2156.35,30,2165.8,60,2151.9,2161.075,17636,-2330,4338,-10.01317247579819,0,,,,,,,,,,,,,,,0.011060976915398276,,,,,,12.31,30,55373.75,55762.6,55373.75,55438.5,mid_price,no_price_available
2026-09-25T09:06:21.031996+00:00,2026-09-25T14:36:21.031996+05:30,BANKNIFTY,29-Sep-2026,58100.0,CE,55686.1,4.95,510,5,30,4.95,4.975,4264,-430,9617,-51.94174757281554,17.97,0.013831745164408858,3.35571233543391e-05,-4.724390364239199,2.0683302958099214,0.43646216436712265,-0.009999663296205536,56.28567356776215,7.093684449433097e-08,0.0007264493336351388,-1.6769907822993254e-05,-1.5456498263889331,151.54007686558626,-0.013169590762677071,3.0826631114360383e-05,0.011060976915398276,55854.2,0.27250391353201525,0.0070999999999999995,index_dividend_yield,0.065,12.31,30,55373.75,55762.6,55373.75,55438.5,mid_price,ok
2026-09-25T09:06:21.031996+00:00,2026-09-25T14:36:21.031996+05:30,BANKNIFTY,29-Sep-2026,58100.0,PE,55686.1,2245.85,30,2276.45,30,2263.8,2261.1499999999996,1301,-4,6,-8.949040743273137,0,,,,,,,,,,,,,,,0.011060976915398276,,,,,,12.31,30,55373.75,55762.6,55373.75,55438.5,mid_price,no_price_available
2026-09-25T09:06:21.031996+00:00,2026-09-25T14:36:21.031996+05:30,BANKNIFTY,29-Sep-2026,58200.0,CE,55686.1,4.6,150,4.65,30,4.6,4.625,3917,-885,7355,-51.32275132275132,18.39,0.012538556883312135,3.0124179730702196e-05,-4.4375520939267625,1.9001332216635256,0.39862780763257316,-0.009335387624845223,52.29805800859233,6.336035401635672e-08,0.0006653057649379284,-1.5688313605532845e-05,-1.4600540242126783,149.75282113517255,-0.01191685269916692,2.757800631359256e-05,0.011060976915398276,55854.2,0.27250391353201525,0.0070999999999999995,index_dividend_yield,0.065,12.31,30,55373.75,55762.6,55373.75,55438.5,mid_price,ok
2026-09-25T09:06:21.031996+00:00,2026-09-25T14:36:21.031996+05:30,BANKNIFTY,29-Sep-2026,58200.0,PE,55686.1,2351.7,30,2372.5,30,2399.15,2362.1,1532,-2,21,-6.932133366953081,0,,,,,,,,,,,,,,,0.011060976915398276,,,,,,12.31,30,55373.75,55762.6,55373.75,55438.5,mid_price,no_price_available
2026-09-25T09:06:21.031996+00:00,2026-09-25T14:36:21.031996+05:30,BANKNIFTY,29-Sep-2026,58300.0,CE,55686.1,4.05,390,4.1,150,4.05,4.074999999999999,3964,-1365,7801,-55.73770491803279,18.73,0.011117098707645627,2.664504826998835e-05,-4.068124026555835,1.7117541149833448,0.3598448477716929,-0.008573769852340608,48.18202440142127,5.623878467269518e-08,0.0006077324867178439,-1.4569980950423682e-05,-1.3599898947900921,149.01801764222287,-0.010547402311793623,2.430933103566217e-05,0.011060976915398276,55854.2,0.27250391353201525,0.0070999999999999995,index_dividend_yield,0.065,12.31,30,55373.75,55762.6,55373.75,55438.5,mid_price,ok
2026-09-25T09:06:21.031996+00:00,2026-09-25T14:36:21.031996+05:30,BANKNIFTY,29-Sep-2026,58300.0,PE,55686.1,2451.8,30,2468,30,2460.7,2459.9,1709,-6,11,-9.498151860093051,0,,,,,,,,,,,,,,,0.011060976915398276,,,,,,12.31,30,55373.75,55762.6,55373.75,55438.5,mid_price,no_price_available
2026-09-25T09:06:21.031996+00:00,2026-09-25T14:36:21.031996+05:30,BANKNIFTY,29-Sep-2026,58400.0,CE,55686.1,3.85,420,3.95,480,3.85,3.9000000000000004,2709,-119,5252,-54.437869822485204,19.28,0.010581318435008499,2.4795679084106055e-05,-4.0080110226217265,1.6397216402467558,0.33767315207984105,-0.008273497412687968,45.58367512951644,5.122959141683657e-08,0.0005606959189589288,-1.381780248345448e-05,-1.3199463817390085,145.57097856119358,-0.010020284660477044,2.254467186479253e-05,0.011060976915398276,55854.2,0.27250391353201525,0.0070999999999999995,index_dividend_yield,0.065,12.31,30,55373.75,55762.6,55373.75,55438.5,mid_price,ok
2026-09-25T09:06:21.031996+00:00,2026-09-25T14:36:21.031996+05:30,BANKNIFTY,29-Sep-2026,58400.0,PE,55686.1,2548.8,30,2567.2,30,2550,2558.0,948,-2,24,-8.85695903924512,0,,,,,,,,,,,,,,,0.011060976915398276,,,,,,12.31,30,55373.75,55762.6,55373.75,55438.5,mid_price,no_price_available
2026-09-25T09:06:21.031996+00:00,2026-09-25T14:36:21.031996+05:30,BANKNIFTY,29-Sep-2026,58500.0,CE,55686.1,3.55,30,3.6,1710,3.55,3.575,26768,-3227,48030,-54.77707006369427,19.66,0.009568159912212429,2.2271743821590486e-05,-3.7405852365194447,1.5018440139534903,0.3082845750739492,-0.007695297305520847,42.298745494460775,4.5901708332662425e-08,0.0005139815678514487,-1.2897755580586681e-05,-1.2418672378529876,144.31770096351772,-0.00904481301292493,2.0180693955068123e-05,0.011060976915398276,55854.2,0.27250391353201525,0.0070999999999999995,index_dividend_yield,0.065,12.31,30,55373.75,55762.6,55373.75,55438.5,mid_price,ok
2026-09-25T09:06:21.031996+00:00,2026-09-25T14:36:21.031996+05:30,BANKNIFTY,29-Sep-2026,58500.0,PE,55686.1,2655.05,30,2670,30,2650,2662.525,4736,-140,502,-8.299738740765092,0,,,,,,,,,,,,,,,0.011060976915398276,,,,,,12.31,30,55373.75,55762.6,55373.75,55438.5,mid_price,no_price_available
2026-09-25T09:06:21.031996+00:00,2026-09-25T14:36:21.031996+05:30,BANKNIFTY,29-Sep-2026,58600.0,CE,55686.1,3.3,540,3.35,30,3.35,3.325,2036,47,3902,-54.729729729729726,20.16,0.009020077384435549,2.0626762238916654e-05,-3.640136548120236,1.426292774800353,0.28822795153507147,-0.007371330011053975,39.916998032096586,4.183198463068127e-08,0.00047494931384933086,-1.220658979072353e-05,-1.1975354096134316,141.6360856260609,-0.008511033592764684,1.8626421929101325e-05,0.011060976915398276,55854.2,0.27250391353201525,0.0070999999999999995,index_dividend_yield,0.065,12.31,30,55373.75,55762.6,55373.75,55438.5,mid_price,ok
2026-09-25T09:06:21.031996+00:00,2026-09-25T14:36:21.031996+05:30,BANKNIFTY,29-Sep-2026,58600.0,PE,55686.1,2743.4,30,2800.25,30,2874.5,2771.825,486,-32,48,-2.7291338849127795,0,,,,,,,,,,,,,,,0.011060976915398276,,,,,,12.31,30,55373.75,55762.6,55373.75,55438.5,mid_price,no_price_available
2026-09-25T09:06:21.031996+00:00,2026-09-25T14:36:21.031996+05:30,BANKNIFTY,29-Sep-2026,58700.0,CE,55686.1,3,30,3.05,540,3,3.025,2403,759,6114,-56.83453237410072,20.52,0.008154285048444425,1.854805609060849e-05,-3.3890545549569353,1.305457834242545,0.26325795594946394,-0.006847625580168947,37.03150994446735,3.7564196930774715e-08,0.0004357494345519583,-1.1385171819315078e-05,-1.1249515531530458,140.62644718107674,-0.007680602217497527,1.6692285493264858e-05,0.011060976915398276,55854.2,0.27250391353201525,0.0070999999999999995,index_dividend_yield,0.065,12.31,30,55373.75,55762.6,55373.75,55438.5,mid_price,ok
2026-09-25T09:06:21.031996+00:00,2026-09-25T14:36:21.031996+05:30,BANKNIFTY,29-Sep-2026,58700.0,PE,55686.1,2819.1,30,2899.95,30,3031.9,2859.5249999999996,371,-3,14,-0.23362948338269168,32.91,,,,,,,,,,,,,,,0.011060976915398276,,,,,,12.31,30,55373.75,55762.6,55373.75,55438.5,mid_price,no_price_available
2026-09-25T09:06:21.031996+00:00,2026-09-25T14:36:21.031996+05:30,BANKNIFTY,29-Sep-2026,58800.0,CE,55686.1,2.95,210,3,180,3.05,2.975,2504,-1574,5614,-54.81481481481482,21.03,0.007757791584971393,1.73221097331409e-05,-3.32221440007063,1.2494737887513265,0.2477568877990153,-0.0065996979678250006,35.114830142577766,3.447132162019546e-08,0.00040443984709345835,-1.0818668410978283e-05,-1.090176031343995,137.93675112988788,-0.007293695227676803,1.5536018840164903e-05,0.011060976915398276,55854.2,0.27250391353201525,0.0070999999999999995,index_dividend_yield,0.065,12.31,30,55373.75,55762.6,55373.75,55438.5,mid_price,ok
2026-09-25T09:06:21.031996+00:00,2026-09-25T14:36:21.031996+05:30,BANKNIFTY,29-Sep-2026,58800.0,PE,55686.1,2918.6,30,3001.75,30,3075.1,2960.175,469,2,9,0.16612377850162866,0,,,,,,,,,,,,,,,0.011060976915398276,,,,,,12.31,30,55373.75,55762.6,55373.75,55438.5,mid_price,no_price_available
2026-09-25T09:06:21.031996+00:00,2026-09-25T14:36:21.031996+05:30,BANKNIFTY,29-Sep-2026,58900.0,CE,55686.1,3.05,180,3.15,150,3,3.0999999999999996,1204,-706,3337,-49.152542372881356,21.73,0.007850679489864372,1.6940584199838154e-05,-3.4667276550104122,1.2626273754075337,0.2419432355561528,-0.00665457114653229,34.229539431521516,3.250572907010609e-08,0.0003812899496608169,-1.0530130576605773e-05,-1.0978929213634836,133.36206578592805,-0.007366649008915584,1.5142284419287403e-05,0.011060976915398276,55854.2,0.27250391353201525,0.0070999999999999995,index_dividend_yield,0.065,12.31,30,55373.75,55762.6,55373.75,55438.5,mid_price,ok
2026-09-25T09:06:21.031996+00:00,2026-09-25T14:36:21.031996+05:30,BANKNIFTY,29-Sep-2026,58900.0,PE,55686.1,3018.35,30,3103.5,30,3130,3060.925,580,-12,16,-4.573170731707317,0,,,,,,,,,,,,,,,0.011060976915398276,,,,,,12.31,30,55373.75,55762.6,55373.75,55438.5,mid_price,no_price_available
2026-09-25T09:06:21.031996+00:00,2026-09-25T14:36:21.031996+05:30,BANKNIFTY,29-Sep-2026,59000.0,CE,55686.1,2.8,270,2.85,30,2.85,2.825,27613,-699,43815,-50.86206896551724,22.15,0.007295812813621319,1.5580445716474525e-05,-3.311016763355131,1.1836974171366503,0.22498363839979635,-0.0063036750474457235,32.180286776212874,2.965420942056056e-08,0.0003532273412855715,-9.93422804271547e-06,-1.0482933638887866,131.8211930045822,-0.006833785480883653,1.387936062747165e-05,0.011060976915398276,55854.2,0.27250391353201525,0.0070999999999999995,index_dividend_yield,0.065,12.31,30,55373.75,55762.6,55373.75,55438.5,mid_price,ok
2026-09-25T09:06:21.031996+00:00,2026-09-25T14:36:21.031996+05:30,BANKNIFTY,29-Sep-2026,59000.0,PE,55686.1,3155.6,30,3175,30,3150,3165.3,5252,-440,977,-7.72205296461214,0,,,,,,,,,,,,,,,0.011060976915398276,,,,,,12.31,30,55373.75,55762.6,55373.75,55438.5,mid_price,no_price_available
2026-09-25T09:06:21.031996+00:00,2026-09-25T14:36:21.031996+05:30,BANKNIFTY,29-Sep-2026,59100.0,CE,55686.1,2.65,30,2.7,180,2.65,2.675,1118,487,3580,-49.523809523809526,22.94,0.00759898475053607,1.55933525150273e-05,-3.5522879505163494,1.226930612364102,0.22390022587007652,-0.006492845665505576,31.832201752728494,2.841787863717179e-08,0.0003365835516998563,-9.79709316232744e-06,-1.0750987280147195,126.79383698699046,-0.007103561009934514,1.3843890041113958e-05,0.011060976915398276,55854.2,0.27250391353201525,0.0070999999999999995,index_dividend_yield,0.065,12.31,30,55373.75,55762.6,55373.75,55438.5,mid_price,ok
2026-09-25T09:06:21.031996+00:00,2026-09-25T14:36:21.031996+05:30,BANKNIFTY,29-Sep-2026,59100.0,PE,55686.1,3217.8,30,3307.35,30,3505.05,3262.575,210,-1,8,4.628358208955224,44.36,,,,,,,,,,,,,,,0.011060976915398276,,,,,,12.31,30,55373.75,55762.6,55373.75,55438.5,mid_price,no_price_available
2026-09-25T09:06:21.031996+00:00,2026-09-25T14:36:21.031996+05:30,BANKNIFTY,29-Sep-2026,59200.0,CE,55686.1,2.25,1380,2.6,210,2.25,2.425,1499,-1155,4656,-58.71559633027523,22.91,0.0061921214830096116,1.303103761469481e-05,-2.9595838922739217,1.023979304903709,0.19270733184767377,-0.005578218356198153,28.225506693681456,2.4567758896970348e-08,0.0003023095674849773,-8.778601667646314e-06,-0.9439228441951734,129.55553635722595,-0.0057796211601398965,1.1529996908794182e-05,0.011060976915398276,55854.2,0.27250391353201525,0.0070999999999999995,index_dividend_yield,0.065,12.31,30,55373.75,55762.6,55373.75,55438.5,mid_price,ok
2026-09-25T09:06:21.031996+00:00,2026-09-25T14:36:21.031996+05:30,BANKNIFTY,29-Sep-2026,59200.0,PE,55686.1,3310.15,30,3411.35,30,3484,3360.75,53,1,8,0.3398421749899199,26.78,,,,,,,,,,,,,,,0.011060976915398276,,,,,,12.31,30,55373.75,55762.6,55373.75,55438.5,mid_price,no_price_available
2026-09-25T09:06:21.031996+00:00,2026-09-25T14:36:21.031996+05:30,BANKNIFTY,29-Sep-2026,59300.0,CE,55686.1,2.6,90,3,120,2.5,2.8,1073,-158,1379,-51.45631067961165,23.82,0.006720053187646417,1.3474093973483214e-05,-3.306357534102621,1.1008506950489723,0.19703701136115306,-0.005926504480289391,28.52379182308895,2.4074673993911286e-08,0.0002925520505123726,-8.827937188488877e-06,-0.994343484612487,123.64899197003595,-0.006259479522095952,1.18818424962299e-05,0.011060976915398276,55854.2,0.27250391353201525,0.0070999999999999995,index_dividend_yield,0.065,12.31,30,55373.75,55762.6,55373.75,55438.5,mid_price,ok
2026-09-25T09:06:21.031996+00:00,2026-09-25T14:36:21.031996+05:30,BANKNIFTY,29-Sep-2026,59300.0,PE,55686.1,3392.85,330,3520.6,300,0.0,3456.725,52,0,0,0,0,,,,,,,,,,,,,,,0.011060976915398276,,,,,,12.31,30,55373.75,55762.6,55373.75,55438.5,mid_price,no_price_available
2026-09-25T09:06:21.031996+00:00,2026-09-25T14:36:21.031996+05:30,BANKNIFTY,29-Sep-2026,59400.0,CE,55686.1,2.65,180,2.9,150,2.6,2.775,1168,-104,1585,-45.26315789473684,24.29,0.006395667996972761,1.2647724475376526e-05,-3.225821702235673,1.0537243177728195,0.18629596931585712,-0.0057111043067960545,27.16131407974487,2.2311745441955616e-08,0.0002739398969116115,-8.423406892972017e-06,-0.9632290127908893,121.86383643375946,-0.0059465872915083935,1.1115605169494218e-05,0.011060976915398276,55854.2,0.27250391353201525,0.0070999999999999995,index_dividend_yield,0.065,12.31,30,55373.75,55762.6,55373.75,55438.5,mid_price,ok
2026-09-25T09:06:21.031996+00:00,2026-09-25T14:36:21.031996+05:30,BANKNIFTY,29-Sep-2026,59400.0,PE,55686.1,3507.2,30,3612.95,30,0.0,3560.075,120,0,0,0,0,,,,,,,,,,,,,,,0.011060976915398276,,,,,,12.31,30,55373.75,55762.6,55373.75,55438.5,mid_price,no_price_available
2026-09-25T09:06:21.031996+00:00,2026-09-25T14:36:21.031996+05:30,BANKNIFTY,29-Sep-2026,59500.0,CE,55686.1,2.1,480,2.15,1920,2.1,2.125,10751,-1378,10555,-55.78947368421053,24.2,0.005159247458770986,1.0491101767225211e-05,-2.655056643324503,0.8708103008389395,0.15916038947810363,-0.004859337568957056,23.908204074712113,1.919328729445199e-08,0.00024467804779958305,-7.4890921134777805e-06,-0.8378788878199811,124.85245456172089,-0.004789870030528333,9.189264966412492e-06,0.011060976915398276,55854.2,0.27250391353201525,0.0070999999999999995,index_dividend_yield,0.065,12.31,30,55373.75,55762.6,55373.75,55438.5,mid_price,ok
2026-09-25T09:06:21.031996+00:00,2026-09-25T14:36:21.031996+05:30,BANKNIFTY,29-Sep-2026,59500.0,PE,55686.1,3634,30,3691.2,30,3682.4,3662.6,1058,-17,43,-6.064818948254531,0,,,,,,,,,,,,,,,0.011060976915398276,,,,,,12.31,30,55373.75,55762.6,55373.75,55438.5,mid_price,no_price_available
2026-09-25T09:06:21.031996+00:00,2026-09-25T14:36:21.031996+05:30,BANKNIFTY,29-Sep-2026,59600.0,CE,55686.1,2.15,60,2.45,300,2.35,2.3,421,-51,866,-48.35164835164835,24.98,0.005417271270977107,1.0614387086607744e-05,-2.860930769584845,0.909440828107604,0.16002592902842347,-0.005040664215365818,23.879138696361267,1.8646692754194125e-08,0.0002362056844262662,-7.459032458406975e-06,-0.8648853559394355,120.42832267905092,-0.005019492643055189,9.266079199503195e-06,0.011060976915398276,55854.2,0.27250391353201525,0.0070999999999999995,index_dividend_yield,0.065,12.31,30,55373.75,55762.6,55373.75,55438.5,mid_price,ok
2026-09-25T09:06:21.031996+00:00,2026-09-25T14:36:21.031996+05:30,BANKNIFTY,29-Sep-2026,59600.0,PE,55686.1,3707.6,60,3862.55,60,0.0,3785.075,14,0,0,0,0,,,,,,,,,,,,,,,0.011060976915398276,,,,,,12.31,30,55373.75,55762.6,55373.75,55438.5,mid_price,no_price_available
2026-09-25T09:06:21.031996+00:00,2026-09-25T14:36:21.031996+05:30,BANKNIFTY,29-Sep-2026,59700.0,CE,55686.1,2.2,90,2.45,120,2.35,2.325,474,113,383,-44.04761904761905,25.71,0.005592141032153985,1.0608270204124953e-05,-3.027572854744373,0.9354783514478762,0.15929139289641656,-0.005161705449869891,23.66598598446401,1.7996257572963212e-08,0.00022710596868132234,-7.377587717423119e-06,-0.8828130939162769,116.68323765886433,-0.005171452632478985,9.22974105399674e-06,0.011060976915398276,55854.2,0.27250391353201525,0.0070999999999999995,index_dividend_yield,0.065,12.31,30,55373.75,55762.6,55373.75,55438.5,mid_price,ok
2026-09-25T09:06:21.031996+00:00,2026-09-25T14:36:21.031996+05:30,BANKNIFTY,29-Sep-2026,59700.0,PE,55686.1,3526.35,300,4015.3,30,0.0,3770.825,22,0,0,0,0,,,,,,,,,,,,,,,0.011060976915398276,,,,,,12.31,30,55373.75,55762.6,55373.75,55438.5,mid_price,no_price_available
2026-09-25T09:06:21.031996+00:00,2026-09-25T14:36:21.031996+05:30,BANKNIFTY,29-Sep-2026,59800.0,CE,55686.1,2.25,120,2.35,120,2.35,2.3,1111,50,953,-47.19101123595506,26.2,0.0053912386586041925,1.0076887036015227e-05,-2.9854824790821803,0.9055548756506165,0.15209718752897358,-0.005020461551687757,22.711011549249037,1.685146858408846e-08,0.00021426008304264042,-7.08900307125441e-06,-0.8618837901329794,114.91616954008609,-0.004976665009684289,8.738112423469099e-06,0.011060976915398276,55854.2,0.27250391353201525,0.0070999999999999995,index_dividend_yield,0.065,12.31,30,55373.75,55762.6,55373.75,55438.5,mid_price,ok
2026-09-25T09:06:21.031996+00:00,2026-09-25T14:36:21.031996+05:30,BANKNIFTY,29-Sep-2026,59800.0,PE,55686.1,3892.55,330,4041.5,30,0.0,3967.025,8,0,0,0,0,,,,,,,,,,,,,,,0.011060976915398276,,,,,,12.31,30,55373.75,55762.6,55373.75,55438.5,mid_price,no_price_available
2026-09-25T09:06:21.031996+00:00,2026-09-25T14:36:21.031996+05:30,BANKNIFTY,29-Sep-2026,59900.0,CE,55686.1,1.8,330,2.15,120,1.85,1.975,669,-47,654,-50.666666666666664,26.19,0.004509749329300571,8.598221499738684e-06,-2.5447001891258565,0.772380354753034,0.13288302841037028,-0.00438331033021373,20.321669982528544,1.4760703003901472e-08,0.00019338925802576878,-6.39172880360088e-06,-0.7660877618994414,116.8835186023242,-0.0041566243711433585,7.431022734028932e-06,0.011060976915398276,55854.2,0.27250391353201525,0.0070999999999999995,index_dividend_yield,0.065,12.31,30,55373.75,55762.6,55373.75,55438.5,mid_price,wide_quote_low_liquidity
2026-09-25T09:06:21.031996+00:00,2026-09-25T14:36:21.031996+05:30,BANKNIFTY,29-Sep-2026,59900.0,PE,55686.1,3994.65,300,4122.85,330,0.0,4058.75,17,0,0,0,19.79,,,,,,,,,,,,,,,0.011060976915398276,,,,,,12.31,30,55373.75,55762.6,55373.75,55438.5,mid_price,no_price_available
2026-09-25T09:06:21.031996+00:00,2026-09-25T14:36:21.031996+05:30,BANKNIFTY,29-Sep-2026,60000.0,CE,55686.1,2,30090,2.1,8250,2,2.05,29208,-669,17340,-48.717948717948715,26.73,0.004430975720828189,8.292969733816493e-06,-2.555732072047628,0.7603195034157499,0.1284854267336842,-0.004323997552739974,19.69446060191371,1.3969785604245595e-08,0.0001837834751236661,-6.196540750239489e-06,-0.7570488517244052,114.72554128392527,-0.00407655043785059,7.143337761066382e-06,0.011060976915398276,55854.2,0.27250391353201525,0.0070999999999999995,index_dividend_yield,0.065,12.31,30,55373.75,55762.6,55373.75,55438.5,mid_price,ok
2026-09-25T09:06:21.031996+00:00,2026-09-25T14:36:21.031996+05:30,BANKNIFTY,29-Sep-2026,60000.0,PE,55686.1,4158.75,30,4179.4,30,4165,4169.075,8288,-282,1441,-5.269861487024359,0,,,,,,,,,,,,,,,0.011060976915398276,,,,,,12.31,30,55373.75,55762.6,55373.75,55438.5,mid_price,no_price_available
2026-09-25T09:06:21.031996+00:00,2026-09-25T14:36:21.031996+05:30,BANKNIFTY,29-Sep-2026,60100.0,CE,55686.1,2.25,630,2.45,240,2.3,2.35,2410,960,1672,-37.83783783783784,27.78,0.005021827619340764,8.922077031883485e-06,-2.9687378904202446,0.8501299210361065,0.13604198947225538,-0.00475592431195969,20.51010413514326,1.4180312189824301e-08,0.00018313296470606606,-6.415104976496628e-06,-0.8223905947432681,109.15761170066838,-0.004610385021544957,7.659680071506426e-06,0.011060976915398276,55854.2,0.27250391353201525,0.0070999999999999995,index_dividend_yield,0.065,12.31,30,55373.75,55762.6,55373.75,55438.5,mid_price,ok
2026-09-25T09:06:21.031996+00:00,2026-09-25T14:36:21.031996+05:30,BANKNIFTY,29-Sep-2026,60100.0,PE,55686.1,3900.7,300,4570.1,300,0.0,4235.4,8,0,0,0,0,,,,,,,,,,,,,,,0.011060976915398276,,,,,,12.31,30,55373.75,55762.6,55373.75,55438.5,mid_price,no_price_available
2026-09-25T09:06:21.031996+00:00,2026-09-25T14:36:21.031996+05:30,BANKNIFTY,29-Sep-2026,60200.0,CE,55686.1,1.65,360,1.95,60,1.7,1.7999999999999998,500,-26,272,-50,27.72,0.004182343708122937,7.594456858652578e-06,-2.5154428171101837,0.7220662350337121,0.11858352703421468,-0.0041357275685787185,18.313158043214152,1.241439520220291e-08,0.00016521188420838708,-5.771453687480778e-06,-0.7282150756718334,111.24264003125526,-0.0038339668206720675,6.498263875138991e-06,0.011060976915398276,55854.2,0.27250391353201525,0.0070999999999999995,index_dividend_yield,0.065,12.31,30,55373.75,55762.6,55373.75,55438.5,mid_price,wide_quote_low_liquidity
2026-09-25T09:06:21.031996+00:00,2026-09-25T14:36:21.031996+05:30,BANKNIFTY,29-Sep-2026,60200.0,PE,55686.1,4083.7,300,4909.05,300,0.0,4496.375,6,0,0,0,17.67,,,,,,,,,,,,,,,0.011060976915398276,,,,,,12.31,30,55373.75,55762.6,55373.75,55438.5,mid_price,no_price_available
2026-09-25T09:06:21.031996+00:00,2026-09-25T14:36:21.031996+05:30,BANKNIFTY,29-Sep-2026,60300.0,CE,55686.1,1.55,30,1.65,30,2.3,1.6,349,-31,432,-29.23076923076923,28.03,0.0038632035568184767,6.995243472563817e-06,-2.368419064806808,0.6725321099721657,0.11033922352169213,-0.003890162195288937,17.21323719021556,1.1426183231838398e-08,0.0001540818775932074,-5.440346303347219e-06,-0.6902694655591929,110.80812962982736,-0.003535411359211194,5.965705584305662e-06,0.011060976915398276,55854.2,0.27250391353201525,0.0070999999999999995,index_dividend_yield,0.065,12.31,30,55373.75,55762.6,55373.75,55438.5,mid_price,ok
2026-09-25T09:06:21.031996+00:00,2026-09-25T14:36:21.031996+05:30,BANKNIFTY,29-Sep-2026,60300.0,PE,55686.1,4275.15,300,4809.95,300,0.0,4542.549999999999,0,0,0,0,0,,,,,,,,,,,,,,,0.011060976915398276,,,,,,12.31,30,55373.75,55762.6,55373.75,55438.5,mid_price,no_price_available
2026-09-25T09:06:21.031996+00:00,2026-09-25T14:36:21.031996+05:30,BANKNIFTY,29-Sep-2026,60400.0,CE,55686.1,1.5,1740,1.9,30,1.9,1.7,233,-23,193,-42.42424242424242,28.14,0.003371696278785144,6.16682125535623e-06,-2.103826215521883,0.5952131885085383,0.09891859502543553,-0.0035004874189771508,15.694931983220473,1.0216253257830746e-08,0.00014069282647455634,-4.984792050667649e-06,-0.6292274515626904,111.70812916997166,-0.0030807257897432594,5.2418077584263396e-06,0.011060976915398276,55854.2,0.27250391353201525,0.0070999999999999995,index_dividend_yield,0.065,12.31,30,55373.75,55762.6,55373.75,55438.5,mid_price,wide_quote_low_liquidity
2026-09-25T09:06:21.031996+00:00,2026-09-25T14:36:21.031996+05:30,BANKNIFTY,29-Sep-2026,60400.0,PE,55686.1,4351.75,210,4856.7,150,0.0,4604.225,6,0,0,0,0,,,,,,,,,,,,,,,0.011060976915398276,,,,,,12.31,30,55373.75,55762.6,55373.75,55438.5,mid_price,no_price_available
2026-09-25T09:06:21.031996+00:00,2026-09-25T14:36:21.031996+05:30,BANKNIFTY,29-Sep-2026,60500.0,CE,55686.1,1.7,6540,1.8,870,1.7,1.75,9084,-1260,5351,-47.69230769230769,29.23,0.0038964131384719015,6.759710668687429e-06,-2.48738806534648,0.6777101884770691,0.1065598150780595,-0.003915207475645003,16.60568457005135,1.0555240478019242e-08,0.00014250241431240692,-5.2430087652657845e-06,-0.6941569984322339,106.21634323061514,-0.0035526161493592795,5.726786125799527e-06,0.011060976915398276,55854.2,0.27250391353201525,0.0070999999999999995,index_dividend_yield,0.065,12.31,30,55373.75,55762.6,55373.75,55438.5,mid_price,ok
2026-09-25T09:06:21.031996+00:00,2026-09-25T14:36:21.031996+05:30,BANKNIFTY,29-Sep-2026,60500.0,PE,55686.1,4623.4,30,4698.35,90,4745.25,4660.875,290,0,18,-3.213469853961002,0,,,,,,,,,,,,,,,0.011060976915398276,,,,,,12.31,30,55373.75,55762.6,55373.75,55438.5,mid_price,no_price_available
2026-09-25T09:06:21.031996+00:00,2026-09-25T14:36:21.031996+05:30,BANKNIFTY,29-Sep-2026,60600.0,CE,55686.1,1.65,150,2.5,30,1.7,2.075,112,-1,224,-26.08695652173913,29.35,0.003431556431838346,6.006830233752789e-06,-2.2280179466132934,0.6047008170846236,0.096191271480737,-0.0035480975644095816,15.229307062935293,9.499519117669615e-09,0.0001308126553787232,-4.830620605016812e-06,-0.636741843138294,106.97723247878365,-0.003123823873526628,5.072169001990982e-06,0.011060976915398276,55854.2,0.27250391353201525,0.0070999999999999995,index_dividend_yield,0.065,12.31,30,55373.75,55762.6,55373.75,55438.5,mid_price,wide_quote_low_liquidity
2026-09-25T09:06:21.031996+00:00,2026-09-25T14:36:21.031996+05:30,BANKNIFTY,29-Sep-2026,60600.0,PE,55686.1,4557.65,300,5129.7,300,0.0,4843.674999999999,0,0,0,0,0,,,,,,,,,,,,,,,0.011060976915398276,,,,,,12.31,30,55373.75,55762.6,55373.75,55438.5,mid_price,no_price_available
2026-09-25T09:06:21.031996+00:00,2026-09-25T14:36:21.031996+05:30,BANKNIFTY,29-Sep-2026,60700.0,CE,55686.1,1.45,120,2.85,30,3.85,2.15,599,-23,215,75,32.57,0.006549547530818886,9.632887527094974e-06,-4.397870726138526,1.076121578344168,0.14190217282615114,-0.005803976297188355,20.618691464922566,1.2477885700551411e-08,0.00015499062372324732,-6.352779886505396e-06,-0.9766644125260525,90.90820757316087,-0.0059424516215283085,8.107234093208802e-06,0.011060976915398276,55854.2,0.27250391353201525,0.0070999999999999995,index_dividend_yield,0.065,12.31,30,55373.75,55762.6,55373.75,55438.5,mid_price,wide_quote_low_liquidity
2026-09-25T09:06:21.031996+00:00,2026-09-25T14:36:21.031996+05:30,BANKNIFTY,29-Sep-2026,60700.0,PE,55686.1,4651,300,5227.95,300,0.0,4939.475,0,0,0,0,0,,,,,,,,,,,,,,,0.011060976915398276,,,,,,12.31,30,55373.75,55762.6,55373.75,55438.5,mid_price,no_price_available
2026-09-25T09:06:21.031996+00:00,2026-09-25T14:36:21.031996+05:30,BANKNIFTY,29-Sep-2026,60800.0,CE,55686.1,1.25,600,4,30,1.65,2.625,3,0,3,-19.51219512195122,30.29,0.003244646923345605,5.534611174795844e-06,-2.185383856561792,0.5750074621916108,0.08926306038880746,-0.003396253199224828,14.22945273635995,8.531050943901215e-09,0.00011868841401979805,-4.520180812037614e-06,-0.612717253188281,104.19149610860981,-0.002943217134096474,4.642731445046007e-06,0.011060976915398276,55854.2,0.27250391353201525,0.0070999999999999995,index_dividend_yield,0.065,12.31,30,55373.75,55762.6,55373.75,55438.5,mid_price,wide_quote_low_liquidity
2026-09-25T09:06:21.031996+00:00,2026-09-25T14:36:21.031996+05:30,BANKNIFTY,29-Sep-2026,60800.0,PE,55686.1,4726.6,300,5376.8,300,0.0,5051.700000000001,0,0,0,0,0,,,,,,,,,,,,,,,0.011060976915398276,,,,,,12.31,30,55373.75,55762.6,55373.75,55438.5,mid_price,no_price_available
2026-09-25T09:06:21.031996+00:00,2026-09-25T14:36:21.031996+05:30,BANKNIFTY,29-Sep-2026,60900.0,CE,55686.1,1,90,2.8,600,0.0,1.9,12,0,0,0,28.39,0.0015319894947300476,2.9918499019572327e-06,-1.0377375789396823,0.29133474748469285,0.05241209738975896,-0.0018703240024790999,9.08940082131246,5.406951917643311e-09,8.28024607768621e-05,-2.954647827989146e-06,-0.3605452090380596,118.10159294652159,-0.001388968335032918,2.5014902948599217e-06,0.011060976915398276,55854.2,0.27250391353201525,0.0070999999999999995,index_dividend_yield,0.065,12.31,30,55373.75,55762.6,55373.75,55438.5,mid_price,wide_quote_low_liquidity
2026-09-25T09:06:21.031996+00:00,2026-09-25T14:36:21.031996+05:30,BANKNIFTY,29-Sep-2026,60900.0,PE,55686.1,4828.6,300,5492.05,570,0.0,5160.325000000001,0,0,0,0,0,,,,,,,,,,,,,,,0.011060976915398276,,,,,,12.31,30,55373.75,55762.6,55373.75,55438.5,mid_price,no_price_available
2026-09-25T09:06:21.031996+00:00,2026-09-25T14:36:21.031996+05:30,BANKNIFTY,29-Sep-2026,61000.0,CE,55686.1,1.65,3270,1.75,1470,1.75,1.7,19487,-1956,6116,-32.69230769230769,31.4,0.0032243091695718135,5.3088464245244105e-06,-2.251628585183557,0.5717641246710858,0.08572268792390132,-0.003379320205621161,13.675524558233398,7.887492968303496e-09,0.00011006869880482462,-4.342870870104663e-06,-0.6100275527693312,100.59589236353305,-0.0029141696170664174,4.424193343996353e-06,0.011060976915398276,55854.2,0.27250391353201525,0.0070999999999999995,index_dividend_yield,0.065,12.31,30,55373.75,55762.6,55373.75,55438.5,mid_price,ok
2026-09-25T09:06:21.031996+00:00,2026-09-25T14:36:21.031996+05:30,BANKNIFTY,29-Sep-2026,61000.0,PE,55686.1,5137.3,30,5178.7,30,5170,5158.0,1561,-165,591,-3.5492747539760274,0,,,,,,,,,,,,,,,0.011060976915398276,,,,,,12.31,30,55373.75,55762.6,55373.75,55438.5,mid_price,no_price_available
2026-09-25T09:06:21.031996+00:00,2026-09-25T14:36:21.031996+05:30,BANKNIFTY,29-Sep-2026,61100.0,CE,55686.1,1.45,150,1.75,30,1.5,1.6,105,-81,247,-26.829268292682926,31.52,0.0028639206013280796,4.7530987058056945e-06,-2.030967391587476,0.5138662962660369,0.07783598403098956,-0.0030797566753244555,12.594727365751067,7.140994155797758e-09,0.00010141581799820809,-4.015447131140874e-06,-0.5620883095347539,101.236156207334,-0.0025843737622500505,3.948098858328171e-06,0.011060976915398276,55854.2,0.27250391353201525,0.0070999999999999995,index_dividend_yield,0.065,12.31,30,55373.75,55762.6,55373.75,55438.5,mid_price,wide_quote_low_liquidity
2026-09-25T09:06:21.031996+00:00,2026-09-25T14:36:21.031996+05:30,BANKNIFTY,29-Sep-2026,61100.0,PE,55686.1,5018.9,300,5670.85,870,0.0,5344.875,0,0,0,0,0,,,,,,,,,,,,,,,0.011060976915398276,,,,,,12.31,30,55373.75,55762.6,55373.75,55438.5,mid_price,no_price_available
2026-09-25T09:06:21.031996+00:00,2026-09-25T14:36:21.031996+05:30,BANKNIFTY,29-Sep-2026,61200.0,CE,55686.1,1.5,30,2.95,60,1.2,2.225,3,0,127,-61.29032258064516,31.36,0.002350670562153291,3.996579496386093e-06,-1.6901349350919368,0.4298843173316476,0.0669382551579177,-0.0026350867450761115,11.081637311452868,6.185699400628246e-09,9.027862458494334e-05,-3.5552438938067033e-06,-0.48958968723442986,103.43452337436884,-0.002118204970847143,3.3088662881891135e-06,0.011060976915398276,55854.2,0.27250391353201525,0.0070999999999999995,index_dividend_yield,0.065,12.31,30,55373.75,55762.6,55373.75,55438.5,mid_price,wide_quote_low_liquidity
2026-09-25T09:06:21.031996+00:00,2026-09-25T14:36:21.031996+05:30,BANKNIFTY,29-Sep-2026,61200.0,PE,55686.1,5107.55,300,5776.1,300,0.0,5441.825000000001,0,0,0,0,0,,,,,,,,,,,,,,,0.011060976915398276,,,,,,12.31,30,55373.75,55762.6,55373.75,55438.5,mid_price,no_price_available
2026-09-25T09:06:21.031996+00:00,2026-09-25T14:36:21.031996+05:30,BANKNIFTY,29-Sep-2026,61300.0,CE,55686.1,1.25,300,3,30,1.85,2.125,9,1,78,-28.846153846153847,33.2,0.0033135117378531574,5.145779918133864e-06,-2.4382640512379306,0.5859713510967322,0.0828744955310354,-0.0034517549707381886,13.177365015386243,7.188237892582456e-09,0.00010021788914077592,-4.177448328865213e-06,-0.6215176012503509,94.9683497815519,-0.0029783624673408123,4.246428975795033e-06,0.011060976915398276,55854.2,0.27250391353201525,0.0070999999999999995,index_dividend_yield,0.065,12.31,30,55373.75,55762.6,55373.75,55438.5,mid_price,wide_quote_low_liquidity
2026-09-25T09:06:21.031996+00:00,2026-09-25T14:36:21.031996+05:30,BANKNIFTY,29-Sep-2026,61300.0,PE,55686.1,5206.15,300,5866.25,300,0.0,5536.2,0,0,0,0,0,,,,,,,,,,,,,,,0.011060976915398276,,,,,,12.31,30,55373.75,55762.6,55373.75,55438.5,mid_price,no_price_available
2026-09-25T09:06:21.031996+00:00,2026-09-25T14:36:21.031996+05:30,BANKNIFTY,29-Sep-2026,61400.0,CE,55686.1,1.2,600,3.55,90,1.35,2.375,13,0,18,-22.857142857142858,32.7,0.0025199957472461145,4.0817400690223945e-06,-1.8760150571838612,0.4578046391617172,0.0678637671634463,-0.0027841840682347836,11.146051150400682,5.99591116926994e-09,8.689319156560025e-05,-3.5663145399030646e-06,-0.5140862503837855,98.66742639222055,-0.0022623207725970124,3.357393214821111e-06,0.011060976915398276,55854.2,0.27250391353201525,0.0070999999999999995,index_dividend_yield,0.065,12.31,30,55373.75,55762.6,55373.75,55438.5,mid_price,wide_quote_low_liquidity
2026-09-25T09:06:21.031996+00:00,2026-09-25T14:36:21.031996+05:30,BANKNIFTY,29-Sep-2026,61400.0,PE,55686.1,5318.6,300,5886.35,300,0.0,5602.475,0,0,0,0,0,,,,,,,,,,,,,,,0.011060976915398276,,,,,,12.31,30,55373.75,55762.6,55373.75,55438.5,mid_price,no_price_available
2026-09-25T09:06:21.031996+00:00,2026-09-25T14:36:21.031996+05:30,BANKNIFTY,29-Sep-2026,61500.0,CE,55686.1,1.2,720,1.3,90,1.25,1.25,7051,-308,2070,-45.65217391304348,32.95,0.0023282280621130676,3.7708319874968272e-06,-1.7594089637696542,0.42616687825755106,0.06326185344108495,-0.0026149150757500553,10.484401864065184,5.548385588600096e-09,8.132309560102366e-05,-3.362374349608922e-06,-0.4862601484348802,98.56586843345745,-0.0020867410933381536,3.0915804822399677e-06,0.011060976915398276,55854.2,0.27250391353201525,0.0070999999999999995,index_dividend_yield,0.065,12.31,30,55373.75,55762.6,55373.75,55438.5,mid_price,ok
2026-09-25T09:06:21.031996+00:00,2026-09-25T14:36:21.031996+05:30,BANKNIFTY,29-Sep-2026,61500.0,PE,55686.1,5632.35,30,5659.3,30,5666.6,5645.825000000001,351,-2,9,-3.4239454622922882,0,,,,,,,,,,,,,,,0.011060976915398276,,,,,,12.31,30,55373.75,55762.6,55373.75,55438.5,mid_price,no_price_available
2026-09-25T09:06:21.031996+00:00,2026-09-25T14:36:21.031996+05:30,BANKNIFTY,29-Sep-2026,61600.0,CE,55686.1,1.05,600,1.8,150,1.15,1.425,291,-15,79,-42.5,33.19,0.0021469951830488452,3.47852885146357e-06,-1.6464736792043617,0.39599522950053684,0.05888946570499183,-0.002451654567498094,9.848846501405827,5.1290362228376146e-09,7.603289632716743e-05,-3.1657954818391855e-06,-0.4591748935182751,98.50642975507316,-0.0019211701791399104,2.8426788048359865e-06,0.011060976915398276,55854.2,0.27250391353201525,0.0070999999999999995,index_dividend_yield,0.065,12.31,30,55373.75,55762.6,55373.75,55438.5,mid_price,wide_quote_low_liquidity
2026-09-25T09:06:21.031996+00:00,2026-09-25T14:36:21.031996+05:30,BANKNIFTY,29-Sep-2026,61600.0,PE,55686.1,5479.05,300,6171.7,300,0.0,5825.375,0,0,0,0,0,,,,,,,,,,,,,,,0.011060976915398276,,,,,,12.31,30,55373.75,55762.6,55373.75,55438.5,mid_price,no_price_available
2026-09-25T09:06:21.031996+00:00,2026-09-25T14:36:21.031996+05:30,BANKNIFTY,29-Sep-2026,61700.0,CE,55686.1,1.5,30,2.9,300,1.45,2.2,11,11,55,-99.88028401585204,34.4,0.002564220701856869,3.941526262437052e-06,-2.003687936028278,0.46506104060615555,0.06544408530947846,-0.002822684917753666,10.727141942692391,5.480087251590925e-09,7.945646825557005e-05,-3.428188192967943e-06,-0.5203803403235847,93.70245660746181,-0.0022895878252152564,3.210611097177559e-06,0.011060976915398276,55854.2,0.27250391353201525,0.0070999999999999995,index_dividend_yield,0.065,12.31,30,55373.75,55762.6,55373.75,55438.5,mid_price,wide_quote_low_liquidity
2026-09-25T09:06:21.031996+00:00,2026-09-25T14:36:21.031996+05:30,BANKNIFTY,29-Sep-2026,61700.0,PE,55686.1,5580.45,300,6292.35,300,0.0,5936.4,0,0,0,0,0,,,,,,,,,,,,,,,0.011060976915398276,,,,,,12.31,30,55373.75,55762.6,55373.75,55438.5,mid_price,no_price_available
2026-09-25T09:06:21.031996+00:00,2026-09-25T14:36:21.031996+05:30,BANKNIFTY,29-Sep-2026,61800.0,CE,55686.1,1.1,300,2.1,120,1.35,1.6,24,0,28,-18.181818181818183,34.66,0.002386172323408013,3.665459786147093e-06,-1.8913193323027861,0.43575673620891087,0.06136345416701155,-0.0026663970962311164,10.141496849922909,5.100820022134563e-09,7.473068972524691e-05,-3.2479228478512637e-06,-0.4947502194617809,93.56064536171475,-0.002127126397370319,2.976083519827643e-06,0.011060976915398276,55854.2,0.27250391353201525,0.0070999999999999995,index_dividend_yield,0.065,12.31,30,55373.75,55762.6,55373.75,55438.5,mid_price,wide_quote_low_liquidity
2026-09-25T09:06:21.031996+00:00,2026-09-25T14:36:21.031996+05:30,BANKNIFTY,29-Sep-2026,61800.0,PE,55686.1,5667.9,300,6396.05,300,0.0,6031.975,0,0,0,0,0,,,,,,,,,,,,,,,0.011060976915398276,,,,,,12.31,30,55373.75,55762.6,55373.75,55438.5,mid_price,no_price_available
2026-09-25T09:06:21.031996+00:00,2026-09-25T14:36:21.031996+05:30,BANKNIFTY,29-Sep-2026,61900.0,CE,55686.1,0.9,1800,6.25,600,0.0,3.575,0,0,0,0,0,,,,,,,,,,,,,,,0.011060976915398276,55854.2,0.27250391353201525,0.0070999999999999995,index_dividend_yield,0.065,12.31,30,55373.75,55762.6,55373.75,55438.5,mid_price,no_nse_iv
2026-09-25T09:06:21.031996+00:00,2026-09-25T14:36:21.031996+05:30,BANKNIFTY,29-Sep-2026,61900.0,PE,55686.1,5757.3,300,6541.1,300,0.0,6149.200000000001,0,0,0,0,0,,,,,,,,,,,,,,,0.011060976915398276,,,,,,12.31,30,55373.75,55762.6,55373.75,55438.5,mid_price,no_price_available
2026-09-25T09:06:21.031996+00:00,2026-09-25T14:36:21.031996+05:30,BANKNIFTY,29-Sep-2026,62000.0,CE,55686.1,1.1,30,1.15,120,1.1,1.125,8653,-610,2100,-47.61904761904762,35.51,0.0022550138074239052,3.3991803775673578e-06,-1.8404091209210978,0.41401109055898355,0.057283467607212916,-0.0025493915544318293,9.527866292183939,4.64368231018858e-09,6.865369943624224e-05,-3.055689773053194e-06,-0.4754195213224776,91.76629506399966,-0.0020032987933166243,2.7421072558551375e-06,0.011060976915398276,55854.2,0.27250391353201525,0.0070999999999999995,index_dividend_yield,0.065,12.31,30,55373.75,55762.6,55373.75,55438.5,mid_price,ok
2026-09-25T09:06:21.031996+00:00,2026-09-25T14:36:21.031996+05:30,BANKNIFTY,29-Sep-2026,62000.0,PE,55686.1,6140.05,30,6170.15,30,6150,6155.1,2066,-208,272,-3.5430292194043194,0,,,,,,,,,,,,,,,0.011060976915398276,,,,,,12.31,30,55373.75,55762.6,55373.75,55438.5,mid_price,no_price_available
2026-09-25T09:06:21.031996+00:00,2026-09-25T14:36:21.031996+05:30,BANKNIFTY,29-Sep-2026,62100.0,CE,55686.1,1.1,300,2.95,30,1.25,2.0250000000000004,6,3,31,-28.571428571428573,35.87,0.0021590803719413873,3.2350562501318852e-06,-1.786972042118015,0.39801579303615064,0.054787043948706586,-0.0024627107966095126,9.15704639331047,4.395850779208545e-09,6.540825620612941e-05,-2.940169065413045e-06,-0.4610170966473004,91.17533906365495,-0.0019148484561373057,2.6013107878352705e-06,0.011060976915398276,55854.2,0.27250391353201525,0.0070999999999999995,index_dividend_yield,0.065,12.31,30,55373.75,55762.6,55373.75,55438.5,mid_price,wide_quote_low_liquidity
2026-09-25T09:06:21.031996+00:00,2026-09-25T14:36:21.031996+05:30,BANKNIFTY,29-Sep-2026,62100.0,PE,55686.1,5954.95,300,6704.75,300,0.0,6329.85,0,0,0,0,0,,,,,,,,,,,,,,,0.011060976915398276,,,,,,12.31,30,55373.75,55762.6,55373.75,55438.5,mid_price,no_price_available
2026-09-25T09:06:21.031996+00:00,2026-09-25T14:36:21.031996+05:30,BANKNIFTY,29-Sep-2026,62200.0,CE,55686.1,0.95,300,1.5,150,1.5,1.225,12,0,5,-3.225806451612903,36.97,0.002482766851746689,3.562041127758232e-06,-2.089735996214999,0.4516847958101735,0.05941661767031492,-0.0027517754067883627,9.775394587160758,4.612832720019284e-09,6.745408124746615e-05,-3.124498976190814e-06,-0.5087782598105102,87.48712909119892,-0.0021973521976080684,2.8550371657850714e-06,0.011060976915398276,55854.2,0.27250391353201525,0.0070999999999999995,index_dividend_yield,0.065,12.31,30,55373.75,55762.6,55373.75,55438.5,mid_price,wide_quote_low_liquidity
2026-09-25T09:06:21.031996+00:00,2026-09-25T14:36:21.031996+05:30,BANKNIFTY,29-Sep-2026,62200.0,PE,55686.1,6038.8,300,6807.9,300,0.0,6423.35,0,0,0,0,0,,,,,,,,,,,,,,,0.011060976915398276,,,,,,12.31,30,55373.75,55762.6,55373.75,55438.5,mid_price,no_price_available
2026-09-25T09:06:21.031996+00:00,2026-09-25T14:36:21.031996+05:30,BANKNIFTY,29-Sep-2026,62300.0,CE,55686.1,1.2,300,4.7,60,1.65,2.95,16,-3,10,-8.333333333333334,37.79,0.002652789312176948,3.6997302840295704e-06,-2.267495132340751,0.47955016886581403,0.06126840212703085,-0.0028997729652868232,10.00330831110538,4.645610339838542e-09,6.738445515035641e-05,-3.189913823745905e-06,-0.53294498302567,85.13996434745776,-0.002343313395231465,2.9558852957053392e-06,0.011060976915398276,55854.2,0.27250391353201525,0.0070999999999999995,index_dividend_yield,0.065,12.31,30,55373.75,55762.6,55373.75,55438.5,mid_price,wide_quote_low_liquidity
2026-09-25T09:06:21.031996+00:00,2026-09-25T14:36:21.031996+05:30,BANKNIFTY,29-Sep-2026,62300.0,PE,55686.1,6135.2,300,6913,300,0.0,6524.1,0,0,0,0,0,,,,,,,,,,,,,,,0.011060976915398276,,,,,,12.31,30,55373.75,55762.6,55373.75,55438.5,mid_price,no_price_available
2026-09-25T09:06:21.031996+00:00,2026-09-25T14:36:21.031996+05:30,BANKNIFTY,29-Sep-2026,62400.0,CE,55686.1,0.9,1800,6.35,600,0.0,3.625,0,0,0,0,0,,,,,,,,,,,,,,,0.011060976915398276,55854.2,0.27250391353201525,0.0070999999999999995,index_dividend_yield,0.065,12.31,30,55373.75,55762.6,55373.75,55438.5,mid_price,no_nse_iv
2026-09-25T09:06:21.031996+00:00,2026-09-25T14:36:21.031996+05:30,BANKNIFTY,29-Sep-2026,62400.0,PE,55686.1,6237.2,300,7099.5,300,0.0,6668.35,0,0,0,0,0,,,,,,,,,,,,,,,0.011060976915398276,,,,,,12.31,30,55373.75,55762.6,55373.75,55438.5,mid_price,no_price_available
2026-09-25T09:06:21.031996+00:00,2026-09-25T14:36:21.031996+05:30,BANKNIFTY,29-Sep-2026,62500.0,CE,55686.1,1.3,330,1.45,270,1.3,1.375,1020,-440,2088,-13.333333333333334,38.54,0.002462403850533567,3.391578710793992e-06,-2.161373743663112,0.44833299581411723,0.05665859182796642,-0.0027341896907733146,9.330438577009687,4.210596398212176e-09,6.178258153294192e-05,-2.981676773369253e-06,-0.5058942992121488,84.01836212334858,-0.0021678339683568236,2.692374519236519e-06,0.011060976915398276,55854.2,0.27250391353201525,0.0070999999999999995,index_dividend_yield,0.065,12.31,30,55373.75,55762.6,55373.75,55438.5,mid_price,ok
2026-09-25T09:06:21.031996+00:00,2026-09-25T14:36:21.031996+05:30,BANKNIFTY,29-Sep-2026,62500.0,PE,55686.1,6355.3,120,6751.55,300,6765,6553.425,101,-3,4,0.2222222222222222,0,,,,,,,,,,,,,,,0.011060976915398276,,,,,,12.31,30,55373.75,55762.6,55373.75,55438.5,mid_price,no_price_available
2026-09-25T09:06:21.031996+00:00,2026-09-25T14:36:21.031996+05:30,BANKNIFTY,29-Sep-2026,62600.0,CE,55686.1,0.9,1800,3.5,150,0.0,2.2,1,0,0,0,27.15,2.4323773263418416e-05,6.554567579439151e-08,-0.02073698237729194,0.006103809506666563,0.0015708476373832232,-5.409761536594293e-05,0.3736732212788738,1.7740555942976842e-10,3.770944937312971e-06,-1.2929523821234757e-07,-0.013639322176070291,158.18471393304736,-2.150053228252531e-05,5.1866743945095174e-08,0.011060976915398276,55854.2,0.27250391353201525,0.0070999999999999995,index_dividend_yield,0.065,12.31,30,55373.75,55762.6,55373.75,55438.5,mid_price,wide_quote_low_liquidity
2026-09-25T09:06:21.031996+00:00,2026-09-25T14:36:21.031996+05:30,BANKNIFTY,29-Sep-2026,62600.0,PE,55686.1,6434.75,300,7228.65,300,0.0,6831.7,0,0,0,0,0,,,,,,,,,,,,,,,0.011060976915398276,,,,,,12.31,30,55373.75,55762.6,55373.75,55438.5,mid_price,no_price_available
2026-09-25T09:06:21.031996+00:00,2026-09-25T14:36:21.031996+05:30,BANKNIFTY,29-Sep-2026,62700.0,CE,55686.1,1.65,30,1.85,1980,1.7,1.75,328,-32,251,-42.3728813559322,39.85,0.002600197159613435,3.4455813146018913e-06,-2.346937970129715,0.47095338326905073,0.05723407665173701,-0.002854810503863658,9.366357151008058,4.104749047105843e-09,5.9878923738535585e-05,-2.9870151731997065e-06,-0.5256230523950532,80.9218852006108,-0.0022807898383289046,2.71782211274609e-06,0.011060976915398276,55854.2,0.27250391353201525,0.0070999999999999995,index_dividend_yield,0.065,12.31,30,55373.75,55762.6,55373.75,55438.5,mid_price,ok
2026-09-25T09:06:21.031996+00:00,2026-09-25T14:36:21.031996+05:30,BANKNIFTY,29-Sep-2026,62700.0,PE,55686.1,6504.25,300,7307.35,300,0.0,6905.8,0,0,0,0,0,,,,,,,,,,,,,,,0.011060976915398276,,,,,,12.31,30,55373.75,55762.6,55373.75,55438.5,mid_price,no_price_available
2026-09-25T09:06:21.031996+00:00,2026-09-25T14:36:21.031996+05:30,BANKNIFTY,29-Sep-2026,62800.0,CE,55686.1,0.5,1800,6.35,600,0.0,3.425,0,0,0,0,0,,,,,,,,,,,,,,,0.011060976915398276,55854.2,0.27250391353201525,0.0070999999999999995,index_dividend_yield,0.065,12.31,30,55373.75,55762.6,55373.75,55438.5,mid_price,no_nse_iv
2026-09-25T09:06:21.031996+00:00,2026-09-25T14:36:21.031996+05:30,BANKNIFTY,29-Sep-2026,62800.0,PE,55686.1,6610.45,300,7518.45,300,0.0,7064.45,0,0,0,0,0,,,,,,,,,,,,,,,0.011060976915398276,,,,,,12.31,30,55373.75,55762.6,55373.75,55438.5,mid_price,no_price_available
2026-09-25T09:06:21.031996+00:00,2026-09-25T14:36:21.031996+05:30,BANKNIFTY,29-Sep-2026,62900.0,CE,55686.1,0.5,1800,6.4,900,0.0,3.45,0,0,0,0,0,,,,,,,,,,,,,,,0.011060976915398276,55854.2,0.27250391353201525,0.0070999999999999995,index_dividend_yield,0.065,12.31,30,55373.75,55762.6,55373.75,55438.5,mid_price,no_nse_iv
2026-09-25T09:06:21.031996+00:00,2026-09-25T14:36:21.031996+05:30,BANKNIFTY,29-Sep-2026,62900.0,PE,55686.1,6695.3,300,7644.45,570,0.0,7169.875,0,0,0,0,0,,,,,,,,,,,,,,,0.011060976915398276,,,,,,12.31,30,55373.75,55762.6,55373.75,55438.5,mid_price,no_price_available
2026-09-25T09:06:21.031996+00:00,2026-09-25T14:36:21.031996+05:30,BANKNIFTY,29-Sep-2026,63000.0,CE,55686.1,0.7,210,0.75,60,0.75,0.725,6635,-254,3008,7.142857142857143,39.18,0.0015447757004724346,2.184401212145825e-06,-1.437867356899199,0.2935512488740294,0.03837855775067436,-0.0018826470628326812,6.650000470308254,2.812749921973219e-09,4.390865252701263e-05,-2.1527068560754347e-06,-0.3626746419483115,85.78121430715171,-0.001349519379884751,1.7066517714329812e-06,0.011060976915398276,55854.2,0.27250391353201525,0.0070999999999999995,index_dividend_yield,0.065,12.31,30,55373.75,55762.6,55373.75,55438.5,mid_price,ok
2026-09-25T09:06:21.031996+00:00,2026-09-25T14:36:21.031996+05:30,BANKNIFTY,29-Sep-2026,63000.0,PE,55686.1,7143.25,30,7172.85,30,7180,7158.05,1498,-184,306,-2.3952584214676054,0,,,,,,,,,,,,,,,0.011060976915398276,,,,,,12.31,30,55373.75,55762.6,55373.75,55438.5,mid_price,no_price_available
2026-09-25T09:06:21.031996+00:00,2026-09-25T14:36:21.031996+05:30,BANKNIFTY,29-Sep-2026,63100.0,CE,55686.1,0.9,300,3,240,1.15,1.95,35,0,38,-32.35294117647059,40.31,0.0017956976933047014,2.4350967303814824e-06,-1.6964328004162115,0.3366790612349181,0.04213387362815156,-0.0021257269277316897,7.185473134541764,2.9936249191342627e-09,4.592879267938554e-05,-2.3162235001355126e-06,-0.4043235133719925,82.43533982821953,-0.0015654894633193464,1.896492392686166e-06,0.011060976915398276,55854.2,0.27250391353201525,0.0070999999999999995,index_dividend_yield,0.065,12.31,30,55373.75,55762.6,55373.75,55438.5,mid_price,wide_quote_low_liquidity
2026-09-25T09:06:21.031996+00:00,2026-09-25T14:36:21.031996+05:30,BANKNIFTY,29-Sep-2026,63100.0,PE,55686.1,6875.65,300,7726.75,300,0.0,7301.2,0,0,0,0,0,,,,,,,,,,,,,,,0.011060976915398276,,,,,,12.31,30,55373.75,55762.6,55373.75,55438.5,mid_price,no_price_available
2026-09-25T09:06:21.031996+00:00,2026-09-25T14:36:21.031996+05:30,BANKNIFTY,29-Sep-2026,63200.0,CE,55686.1,1.25,30,1.6,30,1.4,1.425,36,9,64,-3.4482758620689653,41.5,0.0020947213854218046,2.7204819982511683e-06,-2.0085148416371923,0.3872407432670792,0.04631960071209287,-0.002405082574931043,7.767876489564979,3.1882932889085417e-09,4.801571171384774e-05,-2.4925033560359847e-06,-0.45140288203803625,79.12588199190196,-0.0018223523891598898,2.11205540048259e-06,0.011060976915398276,55854.2,0.27250391353201525,0.0070999999999999995,index_dividend_yield,0.065,12.31,30,55373.75,55762.6,55373.75,55438.5,mid_price,wide_quote_low_liquidity
2026-09-25T09:06:21.031996+00:00,2026-09-25T14:36:21.031996+05:30,BANKNIFTY,29-Sep-2026,63200.0,PE,55686.1,6982.95,300,7841.4,300,0.0,7412.174999999999,0,0,0,0,0,,,,,,,,,,,,,,,0.011060976915398276,,,,,,12.31,30,55373.75,55762.6,55373.75,55438.5,mid_price,no_price_available
2026-09-25T09:06:21.031996+00:00,2026-09-25T14:36:21.031996+05:30,BANKNIFTY,29-Sep-2026,63300.0,CE,55686.1,0.4,600,2.1,30,0.0,1.25,18,0,0,0,45.2,0.003922609634438006,4.397700349392764e-06,-3.8506565497681593,0.6817908378469097,0.06969907631190135,-0.003938508945113166,10.852403455165305,4.365763882251797e-09,6.0270531977365924e-05,-3.407352826426999e-06,-0.6977726287295822,68.97669047754442,-0.003400758931328027,3.4033907952512343e-06,0.011060976915398276,55854.2,0.27250391353201525,0.0070999999999999995,index_dividend_yield,0.065,12.31,30,55373.75,55762.6,55373.75,55438.5,mid_price,wide_quote_low_liquidity
2026-09-25T09:06:21.031996+00:00,2026-09-25T14:36:21.031996+05:30,BANKNIFTY,29-Sep-2026,63300.0,PE,55686.1,7085.85,300,8037.95,300,0.0,7561.9,0,0,0,0,0,,,,,,,,,,,,,,,0.011060976915398276,,,,,,12.31,30,55373.75,55762.6,55373.75,55438.5,mid_price,no_price_available
2026-09-25T09:06:21.031996+00:00,2026-09-25T14:36:21.031996+05:30,BANKNIFTY,29-Sep-2026,63400.0,CE,55686.1,0.4,600,4.7,600,0.0,2.5500000000000003,1,0,0,0,29.2,1.405413431480397e-05,3.620441042884694e-08,-0.013236098919002978,0.003626030250329991,0.0008949041049212382,-3.3198460098016e-05,0.21949685082587375,9.34990749561233e-11,2.067433207470156e-06,-7.631748417305273e-08,-0.008601861949228927,150.93216512694676,-1.226237675119089e-05,2.7930362334453248e-08,0.011060976915398276,55854.2,0.27250391353201525,0.0070999999999999995,index_dividend_yield,0.065,12.31,30,55373.75,55762.6,55373.75,55438.5,mid_price,wide_quote_low_liquidity
2026-09-25T09:06:21.031996+00:00,2026-09-25T14:36:21.031996+05:30,BANKNIFTY,29-Sep-2026,63400.0,PE,55686.1,7187.5,300,8224.65,570,0.0,7706.075,0,0,0,0,0,,,,,,,,,,,,,,,0.011060976915398276,,,,,,12.31,30,55373.75,55762.6,55373.75,55438.5,mid_price,no_price_available
2026-09-25T09:06:21.031996+00:00,2026-09-25T14:36:21.031996+05:30,BANKNIFTY,29-Sep-2026,63500.0,CE,55686.1,0.9,2220,1.45,150,0.95,1.175,925,-44,180,-9.523809523809524,42.63,0.0019134932810583758,2.439490563351344e-06,-1.8998761485435047,0.3566987332066045,0.04196025205917839,-0.002237513768377723,7.106962018202406,2.809553338950271e-09,4.288209726189984e-05,-2.2857244492326554e-06,-0.42325925429919153,77.61091863772842,-0.0016564100821100918,1.8760538398333837e-06,0.011060976915398276,55854.2,0.27250391353201525,0.0070999999999999995,index_dividend_yield,0.065,12.31,30,55373.75,55762.6,55373.75,55438.5,mid_price,wide_quote_low_liquidity
2026-09-25T09:06:21.031996+00:00,2026-09-25T14:36:21.031996+05:30,BANKNIFTY,29-Sep-2026,63500.0,PE,55686.1,7477.6,300,8027.5,300,0.0,7752.55,3,0,0,0,0,,,,,,,,,,,,,,,0.011060976915398276,,,,,,12.31,30,55373.75,55762.6,55373.75,55438.5,mid_price,no_price_available
2026-09-25T09:06:21.031996+00:00,2026-09-25T14:36:21.031996+05:30,BANKNIFTY,29-Sep-2026,63600.0,CE,55686.1,0.4,6000,6.35,600,0.0,3.375,0,0,0,0,0,,,,,,,,,,,,,,,0.011060976915398276,55854.2,0.27250391353201525,0.0070999999999999995,index_dividend_yield,0.065,12.31,30,55373.75,55762.6,55373.75,55438.5,mid_price,no_nse_iv
2026-09-25T09:06:21.031996+00:00,2026-09-25T14:36:21.031996+05:30,BANKNIFTY,29-Sep-2026,63600.0,PE,55686.1,7360.35,300,8251.15,300,0.0,7805.75,0,0,0,0,0,,,,,,,,,,,,,,,0.011060976915398276,,,,,,12.31,30,55373.75,55762.6,55373.75,55438.5,mid_price,no_price_available
2026-09-25T09:06:21.031996+00:00,2026-09-25T14:36:21.031996+05:30,BANKNIFTY,29-Sep-2026,63700.0,CE,55686.1,0.4,600,4.7,600,0.0,2.5500000000000003,1,0,0,0,46.2,0.003169450560910049,3.552890307008657e-06,-3.2488797758230343,0.5630032042266577,0.057810237662438924,-0.003338094615374607,9.241838576607709,3.5444796978674346e-09,5.063095630584268e-05,-2.9239438359306698e-06,-0.6034730884878176,68.77093508841669,-0.002730422793802837,2.7151669611331665e-06,0.011060976915398276,55854.2,0.27250391353201525,0.0070999999999999995,index_dividend_yield,0.065,12.31,30,55373.75,55762.6,55373.75,55438.5,mid_price,wide_quote_low_liquidity
2026-09-25T09:06:21.031996+00:00,2026-09-25T14:36:21.031996+05:30,BANKNIFTY,29-Sep-2026,63700.0,PE,55686.1,7464.75,300,8360.3,300,0.0,7912.525,0,0,0,0,0,,,,,,,,,,,,,,,0.011060976915398276,,,,,,12.31,30,55373.75,55762.6,55373.75,55438.5,mid_price,no_price_available
2026-09-25T09:06:21.031996+00:00,2026-09-25T14:36:21.031996+05:30,BANKNIFTY,29-Sep-2026,63800.0,CE,55686.1,0.45,60,4.7,600,0.0,2.575,30,0,0,0,38.78,0.00048513298060905803,7.609251753066087e-07,-0.4903372780120568,0.10121312861651105,0.014884242719037308,-0.0007236165835798963,2.8756970675512457,1.1114904099049257e-09,1.9657024691442747e-05,-9.538696431423517e-07,-0.15241600550134313,94.05717273801079,-0.0004189332759689124,5.796878548654193e-07,0.011060976915398276,55854.2,0.27250391353201525,0.0070999999999999995,index_dividend_yield,0.065,12.31,30,55373.75,55762.6,55373.75,55438.5,mid_price,wide_quote_low_liquidity
2026-09-25T09:06:21.031996+00:00,2026-09-25T14:36:21.031996+05:30,BANKNIFTY,29-Sep-2026,63800.0,PE,55686.1,7546.4,300,8639.5,570,0.0,8092.95,0,0,0,0,0,,,,,,,,,,,,,,,0.011060976915398276,,,,,,12.31,30,55373.75,55762.6,55373.75,55438.5,mid_price,no_price_available
2026-09-25T09:06:21.031996+00:00,2026-09-25T14:36:21.031996+05:30,BANKNIFTY,29-Sep-2026,63900.0,CE,55686.1,0.7,300,1.6,30,0.8,1.15,71,0,19,-11.11111111111111,42.87,0.0012852656021940733,1.6877455682409314e-06,-1.3287965650257691,0.24816901195530414,0.030246774296503916,-0.0016222373276688381,5.3405864048703675,2.018728485252145e-09,3.238288079520654e-05,-1.7352342361310561e-06,-0.31727055986818076,79.57708582276643,-0.0011059785820109699,1.281736836361228e-06,0.011060976915398276,55854.2,0.27250391353201525,0.0070999999999999995,index_dividend_yield,0.065,12.31,30,55373.75,55762.6,55373.75,55438.5,mid_price,wide_quote_low_liquidity
2026-09-25T09:06:21.031996+00:00,2026-09-25T14:36:21.031996+05:30,BANKNIFTY,29-Sep-2026,63900.0,PE,55686.1,7678.05,300,8583.1,300,0.0,8130.575000000001,0,0,0,0,0,,,,,,,,,,,,,,,0.011060976915398276,,,,,,12.31,30,55373.75,55762.6,55373.75,55438.5,mid_price,no_price_available
2026-09-25T09:06:21.031996+00:00,2026-09-25T14:36:21.031996+05:30,BANKNIFTY,29-Sep-2026,64000.0,CE,55686.1,0.55,1470,0.95,60,0.55,0.75,1251,-87,150,-35.294117647058826,41.81,0.0008798853822440559,1.2225853649001142e-06,-0.9155104017379534,0.1753260514578913,0.02271270189927973,-0.0011887212914026078,4.160786327886426,1.5602642925586696e-09,2.6089465599257236e-05,-1.3636697736950599e-06,-0.23957058515294394,83.84649826575301,-0.0007564533640374611,9.255776319410504e-07,0.011060976915398276,55854.2,0.27250391353201525,0.0070999999999999995,index_dividend_yield,0.065,12.31,30,55373.75,55762.6,55373.75,55438.5,mid_price,wide_quote_low_liquidity
2026-09-25T09:06:21.031996+00:00,2026-09-25T14:36:21.031996+05:30,BANKNIFTY,29-Sep-2026,64000.0,PE,55686.1,8118.1,180,8169.2,90,8110.65,8143.65,105,-10,13,-3.890863846427302,0,,,,,,,,,,,,,,,0.011060976915398276,,,,,,12.31,30,55373.75,55762.6,55373.75,55438.5,mid_price,no_price_available
2026-09-25T09:06:21.031996+00:00,2026-09-25T14:36:21.031996+05:30,BANKNIFTY,29-Sep-2026,64100.0,CE,55686.1,0.35,600,4.7,600,0.0,2.525,5,0,0,0,40.29,0.0005107791949662138,7.681837507230971e-07,-0.5341563647589062,0.10615720501836894,0.014968101870677824,-0.000755703984637699,2.8792026421978822,1.0730077375801494e-09,1.8927701466579572e-05,-9.53847106946048e-07,-0.1585881170710764,90.26197619170699,-0.0004388171905094052,5.797525442624606e-07,0.011060976915398276,55854.2,0.27250391353201525,0.0070999999999999995,index_dividend_yield,0.065,12.31,30,55373.75,55762.6,55373.75,55438.5,mid_price,wide_quote_low_liquidity
2026-09-25T09:06:21.031996+00:00,2026-09-25T14:36:21.031996+05:30,BANKNIFTY,29-Sep-2026,64100.0,PE,55686.1,7844.4,300,8970.6,570,0.0,8407.5,0,0,0,0,0,,,,,,,,,,,,,,,0.011060976915398276,,,,,,12.31,30,55373.75,55762.6,55373.75,55438.5,mid_price,no_price_available
2026-09-25T09:06:21.031996+00:00,2026-09-25T14:36:21.031996+05:30,BANKNIFTY,29-Sep-2026,64200.0,CE,55686.1,1.1,30,1.8,30,1.1,1.4500000000000002,429,49,126,-72.8395061728395,45.18,0.0015533835765335043,1.903930314577668e-06,-1.6643902005952291,0.295042355917382,0.03350192071262335,-0.0018924986220155845,5.801664284738411,2.113196583749727e-09,3.3224095414715705e-05,-1.8754065838045599e-06,-0.36437653423649413,74.48246604205401,-0.001329291290925012,1.4324339266887774e-06,0.011060976915398276,55854.2,0.27250391353201525,0.0070999999999999995,index_dividend_yield,0.065,12.31,30,55373.75,55762.6,55373.75,55438.5,mid_price,wide_quote_low_liquidity
2026-09-25T09:06:21.031996+00:00,2026-09-25T14:36:21.031996+05:30,BANKNIFTY,29-Sep-2026,64200.0,PE,55686.1,7900.95,300,8855.9,300,0.0,8378.425,0,0,0,0,0,,,,,,,,,,,,,,,0.011060976915398276,,,,,,12.31,30,55373.75,55762.6,55373.75,55438.5,mid_price,no_price_available
2026-09-25T09:06:21.031996+00:00,2026-09-25T14:36:21.031996+05:30,BANKNIFTY,29-Sep-2026,64500.0,CE,55686.1,0.35,1770,0.4,480,0.35,0.375,1958,0,564,-30,42.89,0.0006394486128449211,8.881705218565421e-07,-0.699604217076414,0.13065904905608983,0.016987952874126112,-0.0009122255016513633,3.2042194523438647,1.1382539223153494e-09,1.970991700835066e-05,-1.0566154336184613e-06,-0.18832640464109396,83.58474302701144,-0.0005454633156617407,6.620191184260218e-07,0.011060976915398276,55854.2,0.27250391353201525,0.0070999999999999995,index_dividend_yield,0.065,12.31,30,55373.75,55762.6,55373.75,55438.5,mid_price,ok
2026-09-25T09:06:21.031996+00:00,2026-09-25T14:36:21.031996+05:30,BANKNIFTY,29-Sep-2026,64500.0,PE,55686.1,8379.15,300,8779.8,330,0.0,8579.474999999999,18,0,0,0,58.88,,,,,,,,,,,,,,,0.011060976915398276,,,,,,12.31,30,55373.75,55762.6,55373.75,55438.5,mid_price,no_price_available
2026-09-25T09:06:21.031996+00:00,2026-09-25T14:36:21.031996+05:30,BANKNIFTY,29-Sep-2026,65000.0,CE,55686.1,0.45,1830,0.6,870,0.5,0.525,3482,-191,2772,-23.076923076923077,46.08,0.0008057500947360501,1.0230166514026887e-06,-0.9297512895180864,0.1616896663797755,0.019186477570397917,-0.0011059076672654616,3.5437838200634006,1.1902023215432896e-09,2.0201286748066293e-05,-1.1626499167597326e-06,-0.22437803496707864,76.63655721332378,-0.0006812861775396955,7.508437936339272e-07,0.011060976915398276,55854.2,0.27250391353201525,0.0070999999999999995,index_dividend_yield,0.065,12.31,30,55373.75,55762.6,55373.75,55438.5,mid_price,wide_quote_low_liquidity
2026-09-25T09:06:21.031996+00:00,2026-09-25T14:36:21.031996+05:30,BANKNIFTY,29-Sep-2026,65000.0,PE,55686.1,9122.85,30,9192.1,30,9195,9157.475,1725,-228,287,-1.7349997595473077,0,,,,,,,,,,,,,,,0.011060976915398276,,,,,,12.31,30,55373.75,55762.6,55373.75,55438.5,mid_price,no_price_available
2026-09-25T09:06:21.031996+00:00,2026-09-25T14:36:21.031996+05:30,BANKNIFTY,29-Sep-2026,65500.0,CE,55686.1,0.2,300,0.25,3600,0.15,0.225,1594,-25,985,-57.142857142857146,43.89,0.0002511278987218078,3.646179695779916e-07,-0.30054919411028624,0.0548896853209267,0.0075292594085119525,-0.0004143676132113945,1.5342963277345592,4.949974622934316e-10,9.360982652497524e-06,-5.138171606260099e-07,-0.09129243421010821,86.72740735308652,-0.00021103952058475228,2.6354153686677655e-07,0.011060976915398276,55854.2,0.27250391353201525,0.0070999999999999995,index_dividend_yield,0.065,12.31,30,55373.75,55762.6,55373.75,55438.5,mid_price,wide_quote_low_liquidity
2026-09-25T09:06:21.031996+00:00,2026-09-25T14:36:21.031996+05:30,BANKNIFTY,29-Sep-2026,65500.0,PE,55686.1,9138.65,300,10190,300,0.0,9664.325,0,0,0,0,0,,,,,,,,,,,,,,,0.011060976915398276,,,,,,12.31,30,55373.75,55762.6,55373.75,55438.5,mid_price,no_price_available
2026-09-25T09:06:21.031996+00:00,2026-09-25T14:36:21.031996+05:30,BANKNIFTY,29-Sep-2026,66000.0,CE,55686.1,0.25,2820,0.3,1260,0.25,0.275,2242,-55,481,-37.5,48.04,0.0004416088391953389,5.630172547158119e-07,-0.5557921204942181,0.09277090545853142,0.011131656324082646,-0.000669322217076061,2.167837610146592,6.631156847529873e-10,1.1984229006249059e-05,-7.190291383498665e-07,-0.14190837880142732,76.57542237890463,-0.00036773232455907683,4.007997478571136e-07,0.011060976915398276,55854.2,0.27250391353201525,0.0070999999999999995,index_dividend_yield,0.065,12.31,30,55373.75,55762.6,55373.75,55438.5,mid_price,wide_quote_low_liquidity
2026-09-25T09:06:21.031996+00:00,2026-09-25T14:36:21.031996+05:30,BANKNIFTY,29-Sep-2026,66000.0,PE,55686.1,10106.9,30,10200.8,30,10192.85,10153.849999999999,277,-69,85,-2.3107260433488754,0,,,,,,,,,,,,,,,0.011060976915398276,,,,,,12.31,30,55373.75,55762.6,55373.75,55438.5,mid_price,no_price_available
2026-09-25T09:06:21.031996+00:00,2026-09-25T14:36:21.031996+05:30,BANKNIFTY,29-Sep-2026,67500.0,CE,55686.1,0.15,3960,0.2,900,0.2,0.175,2039,0,113,-42.857142857142854,51.42,0.0002167184169169073,2.712457311981365e-07,-0.30653328629450555,0.04783899817330061,0.005676074658282057,-0.0003656930486623261,1.1697238626450883,3.1585674139555144e-10,6.104693216560052e-06,-3.9216958418707074e-07,-0.08133791463003238,74.82142405100295,-0.00017639866689556086,1.8460734328172573e-07,0.011060976915398276,55854.2,0.27250391353201525,0.0070999999999999995,index_dividend_yield,0.065,12.31,30,55373.75,55762.6,55373.75,55438.5,mid_price,wide_quote_low_liquidity
2026-09-25T09:06:21.031996+00:00,2026-09-25T14:36:21.031996+05:30,BANKNIFTY,29-Sep-2026,67500.0,PE,55686.1,11563,30,11700,30,11800,11631.5,43,-13,24,9.198593374051454,86.41,,,,,,,,,,,,,,,0.011060976915398276,,,,,,12.31,30,55373.75,55762.6,55373.75,55438.5,mid_price,no_price_available
2026-09-25T09:06:21.031996+00:00,2026-09-25T14:36:21.031996+05:30,BANKNIFTY,29-Sep-2026,69000.0,CE,55686.1,0.15,1440,0.3,2880,0.3,0.22499999999999998,836,-2,67,0,59.57,0.00036209825849143533,3.776513534753798e-07,-0.5724096326542564,0.07716240183347853,0.0076149801366443975,-0.0005671921709467451,1.5074916037897748,3.619623572337393e-10,6.74399338258334e-06,-5.010544534370735e-07,-0.12190513728596977,62.72380886660786,-0.0002875705733509698,2.459724517107846e-07,0.011060976915398276,55854.2,0.27250391353201525,0.0070999999999999995,index_dividend_yield,0.065,12.31,30,55373.75,55762.6,55373.75,55438.5,mid_price,wide_quote_low_liquidity
2026-09-25T09:06:21.031996+00:00,2026-09-25T14:36:21.031996+05:30,BANKNIFTY,29-Sep-2026,69000.0,PE,55686.1,12825.4,300,13330.2,300,13630.3,13077.8,54,-18,24,3.0802389775391363,147.86,,,,,,,,,,,,,,,0.011060976915398276,,,,,,12.31,30,55373.75,55762.6,55373.75,55438.5,mid_price,no_price_available
2026-09-25T09:12:40.005597+00:00,2026-09-25T14:42:40.005597+05:30,BANKNIFTY,29-Sep-2026,43500.0,CE,55671.5,11243.4,300,12538.4,300,0.0,11890.9,0,0,0,0,0,,,,,,,,,,,,,,,0.011048959741343227,,,,,,12.26,30,55373.75,55762.6,55373.75,55438.5,mid_price,no_price_available
2026-09-25T09:12:40.005597+00:00,2026-09-25T14:42:40.005597+05:30,BANKNIFTY,29-Sep-2026,43500.0,PE,55671.5,0.15,3360,0.2,8040,0.15,0.175,5219,0,918,-25,66.46,-0.00017469723025765767,1.7171515974245577e-07,-0.32043899383374125,0.03908014912821861,-0.003522854732578129,0.0002901089207780442,0.7371138385761262,-1.6247122963713707e-10,2.980419421473525e-06,-2.445176376849072e-07,-0.06559240155459525,-56.96679178341102,0.00022750303166861206,2.8125222722385735e-07,0.011048959741343227,55831,0.25893155728484113,0.0070999999999999995,index_dividend_yield,0.065,12.26,30,55373.75,55762.6,55373.75,55438.5,mid_price,wide_quote_low_liquidity
2026-09-25T09:12:40.005597+00:00,2026-09-25T14:42:40.005597+05:30,BANKNIFTY,29-Sep-2026,45000.0,CE,55671.5,10799.55,30,10826.75,30,10640,10813.15,673,-23,98,-0.1543666042631458,0,,,,,,,,,,,,,,,0.011048959741343227,55831,0.25893155728484113,0.0070999999999999995,index_dividend_yield,0.065,12.26,30,55373.75,55762.6,55373.75,55438.5,mid_price,no_nse_iv
2026-09-25T09:12:40.005597+00:00,2026-09-25T14:42:40.005597+05:30,BANKNIFTY,29-Sep-2026,45000.0,PE,55671.5,0.3,3960,0.35,150,0.35,0.32499999999999996,5570,-90,2107,-22.22222222222222,61.36,-0.0004164716950315753,4.178174249517658e-07,-0.664134275007241,0.08779284768943872,-0.008012680382442365,0.0006073793437986987,1.5668276902427933,-3.999981800500926e-10,6.77574524618492e-06,-5.119499083728491e-07,-0.1297229418050176,-58.522078139063076,0.0005240397679663233,6.394805894164584e-07,0.011048959741343227,55831,0.25893155728484113,0.0070999999999999995,index_dividend_yield,0.065,12.26,30,55373.75,55762.6,55373.75,55438.5,mid_price,wide_quote_low_liquidity
2026-09-25T09:12:40.005597+00:00,2026-09-25T14:42:40.005597+05:30,BANKNIFTY,29-Sep-2026,46500.0,CE,55671.5,8535.25,300,9564.8,300,0.0,9050.025,1,0,0,0,65.63,,,,,,,,,,,,,,,0.011048959741343227,,,,,,12.26,30,55373.75,55762.6,55373.75,55438.5,mid_price,no_price_available
2026-09-25T09:12:40.005597+00:00,2026-09-25T14:42:40.005597+05:30,BANKNIFTY,29-Sep-2026,46500.0,PE,55671.5,0.85,60,1,120,0.9,0.925,999,-3,530,-45.45454545454545,57.3,-0.0012245773289429498,1.209036047141572e-06,-1.674332051688665,0.23723628170971192,-0.021008357068758553,0.0014825328489563572,3.724417600511634,-1.1231126095497647e-09,1.6870754869362642e-05,-1.1873340882125583e-06,-0.2923393805215625,-58.139025588111124,0.0014913260390652515,1.7330025017411105e-06,0.011048959741343227,55831,0.25893155728484113,0.0070999999999999995,index_dividend_yield,0.065,12.26,30,55373.75,55762.6,55373.75,55438.5,mid_price,wide_quote_low_liquidity
2026-09-25T09:12:40.005597+00:00,2026-09-25T14:42:40.005597+05:30,BANKNIFTY,29-Sep-2026,48000.0,CE,55671.5,7808.85,30,7835.6,30,7844.6,7822.225,188,-3,28,1.6798444588464032,89.91,0.947615604260241,2.0318037638759372e-05,-76.70904220978895,6.255715584164948,-0.18171771009289905,0.020088074233810985,17.25722913266381,-6.632861028984041e-09,3.34518915367714e-05,-3.678394806684381e-06,-2.6809489507975344,6.7447295102532365,-0.9361144228744763,2.7331604756728012e-05,0.011048959741343227,55831,0.25893155728484113,0.0070999999999999995,index_dividend_yield,0.065,12.26,30,55373.75,55762.6,55373.75,55438.5,mid_price,ok
2026-09-25T09:12:40.005597+00:00,2026-09-25T14:42:40.005597+05:30,BANKNIFTY,29-Sep-2026,48000.0,PE,55671.5,0.85,30,1,420,0.8,0.925,2128,15,2232,-62.7906976744186,46.92,-0.0011676005663335898,1.4134934710283786e-06,-1.3106787750085118,0.22711145906437863,-0.024770261091171926,0.0014292937535139703,4.412143201790785,-1.6114701805357851e-09,2.4447410926669884e-05,-1.4065509722002177e-06,-0.28284605652065714,-71.46536337886174,0.001373159072386434,1.9014161487064846e-06,0.011048959741343227,55831,0.25893155728484113,0.0070999999999999995,index_dividend_yield,0.065,12.26,30,55373.75,55762.6,55373.75,55438.5,mid_price,wide_quote_low_liquidity
2026-09-25T09:12:40.005597+00:00,2026-09-25T14:42:40.005597+05:30,BANKNIFTY,29-Sep-2026,48500.0,CE,55671.5,6603.55,300,7496.45,300,0.0,7050.0,0,0,0,0,0,,,,,,,,,,,,,,,0.011048959741343227,,,,,,12.26,30,55373.75,55762.6,55373.75,55438.5,mid_price,no_price_available
2026-09-25T09:12:40.005597+00:00,2026-09-25T14:42:40.005597+05:30,BANKNIFTY,29-Sep-2026,48500.0,PE,55671.5,1.05,180,1.15,60,1.15,1.1,204,35,714,-54,45.33,-0.0016866527525640903,2.0470691201349477e-06,-1.7707304355102542,0.31776456303876055,-0.0345463042031543,0.001923611398899902,5.926217355409769,-2.3254394338928517e-09,3.366097955658112e-05,-1.869043535989321e-06,-0.369486679714728,-71.93193529463295,0.001962966359230921,2.697210712088363e-06,0.011048959741343227,55831,0.25893155728484113,0.0070999999999999995,index_dividend_yield,0.065,12.26,30,55373.75,55762.6,55373.75,55438.5,mid_price,ok
2026-09-25T09:12:40.005597+00:00,2026-09-25T14:42:40.005597+05:30,BANKNIFTY,29-Sep-2026,49000.0,CE,55671.5,6785.1,30,7035.2,330,6633.8,6910.15,45,-1,5,-2.0841328413284135,0,,,,,,,,,,,,,,,0.011048959741343227,55831,0.25893155728484113,0.0070999999999999995,index_dividend_yield,0.065,12.26,30,55373.75,55762.6,55373.75,55438.5,mid_price,no_nse_iv
2026-09-25T09:12:40.005597+00:00,2026-09-25T14:42:40.005597+05:30,BANKNIFTY,29-Sep-2026,49000.0,PE,55671.5,1.55,360,1.9,90,1.65,1.725,1629,118,1814,-45,43.44,-0.0023100509039242346,2.842303430606548e-06,-2.2564441264764623,0.42281218329923126,-0.04635111679747558,0.0024705789951170376,7.682451403743406,-3.2542204012932796e-09,4.510085804114541e-05,-2.3972623959806985e-06,-0.4620131146227018,-73.20616066248057,0.002660423189347553,3.668969700092312e-06,0.011048959741343227,55831,0.25893155728484113,0.0070999999999999995,index_dividend_yield,0.065,12.26,30,55373.75,55762.6,55373.75,55438.5,mid_price,wide_quote_low_liquidity
2026-09-25T09:12:40.005597+00:00,2026-09-25T14:42:40.005597+05:30,BANKNIFTY,29-Sep-2026,49500.0,CE,55671.5,5769.25,300,6815.6,300,0.0,6292.425,3,0,0,0,0,,,,,,,,,,,,,,,0.011048959741343227,55831,0.25893155728484113,0.0070999999999999995,index_dividend_yield,0.065,12.26,30,55373.75,55762.6,55373.75,55438.5,mid_price,no_nse_iv
2026-09-25T09:12:40.005597+00:00,2026-09-25T14:42:40.005597+05:30,BANKNIFTY,29-Sep-2026,49500.0,PE,55671.5,1.5,120,2,180,2.25,1.75,614,11,683,-23.728813559322035,40.57,-0.002622661647806359,3.4135879567042403e-06,-2.361919658566828,0.47424563521735225,-0.054912124187674306,0.0027308039627369374,8.970201410045508,-4.125128713157089e-09,5.615225721695258e-05,-2.784501605740536e-06,-0.5049960954968482,-77.61798539322074,0.002987648727110244,4.31784000492946e-06,0.011048959741343227,55831,0.25893155728484113,0.0070999999999999995,index_dividend_yield,0.065,12.26,30,55373.75,55762.6,55373.75,55438.5,mid_price,wide_quote_low_liquidity
2026-09-25T09:12:40.005597+00:00,2026-09-25T14:42:40.005597+05:30,BANKNIFTY,29-Sep-2026,50000.0,CE,55671.5,5820.8,30,5858.6,30,5850.6,5839.700000000001,1615,-441,490,3.9072212552836287,70.78,0.9318097684948464,3.174007148038395e-05,-74.70119988859989,7.693176493051434,-0.2629237580433208,0.02280712847502563,22.92444719034492,-1.1984800354243822e-08,4.9737291317732634e-05,-4.27249347560504e-06,-2.9401033690960614,8.896578647934342,-0.9208865299498932,3.9349003438042554e-05,0.011048959741343227,55831,0.25893155728484113,0.0070999999999999995,index_dividend_yield,0.065,12.26,30,55373.75,55762.6,55373.75,55438.5,mid_price,ok
2026-09-25T09:12:40.005597+00:00,2026-09-25T14:42:40.005597+05:30,BANKNIFTY,29-Sep-2026,50000.0,PE,55671.5,2.1,3450,2.15,300,2.15,2.125,11859,2331,13061,-39.436619718309856,38.43,-0.003509865850436378,4.685277297107832e-06,-2.9063470009387595,0.6165849517533152,-0.07280751871144298,0.0034254026606479015,11.485939135253032,-5.7702705035570585e-09,7.508638604149984e-05,-3.522267570780931e-06,-0.6169284840410548,-79.9397417269428,0.003956876630873806,5.808461792091988e-06,0.011048959741343227,55831,0.25893155728484113,0.0070999999999999995,index_dividend_yield,0.065,12.26,30,55373.75,55762.6,55373.75,55438.5,mid_price,ok
2026-09-25T09:12:40.005597+00:00,2026-09-25T14:42:40.005597+05:30,BANKNIFTY,29-Sep-2026,50100.0,CE,55671.5,5130.45,300,6401.3,570,0.0,5765.875,0,0,0,0,0,,,,,,,,,,,,,,,0.011048959741343227,55831,0.25893155728484113,0.0070999999999999995,index_dividend_yield,0.065,12.26,30,55373.75,55762.6,55373.75,55438.5,mid_price,no_nse_iv
2026-09-25T09:12:40.005597+00:00,2026-09-25T14:42:40.005597+05:30,BANKNIFTY,29-Sep-2026,50100.0,PE,55671.5,0.5,3000,6.4,900,0.0,3.45,0,0,0,0,0,,,,,,,,,,,,,,,0.011048959741343227,55831,0.25893155728484113,0.0070999999999999995,index_dividend_yield,0.065,12.26,30,55373.75,55762.6,55373.75,55438.5,mid_price,no_nse_iv
2026-09-25T09:12:40.005597+00:00,2026-09-25T14:42:40.005597+05:30,BANKNIFTY,29-Sep-2026,50200.0,CE,55671.5,5052.65,300,6209.1,570,0.0,5630.875,0,0,0,0,0,,,,,,,,,,,,,,,0.011048959741343227,55831,0.25893155728484113,0.0070999999999999995,index_dividend_yield,0.065,12.26,30,55373.75,55762.6,55373.75,55438.5,mid_price,no_nse_iv
2026-09-25T09:12:40.005597+00:00,2026-09-25T14:42:40.005597+05:30,BANKNIFTY,29-Sep-2026,50200.0,PE,55671.5,0.5,3000,6.4,900,0.0,3.45,0,0,0,0,0,,,,,,,,,,,,,,,0.011048959741343227,55831,0.25893155728484113,0.0070999999999999995,index_dividend_yield,0.065,12.26,30,55373.75,55762.6,55373.75,55438.5,mid_price,no_nse_iv
2026-09-25T09:12:40.005597+00:00,2026-09-25T14:42:40.005597+05:30,BANKNIFTY,29-Sep-2026,50300.0,CE,55671.5,4933.9,300,5922.45,300,0.0,5428.174999999999,0,0,0,0,0,,,,,,,,,,,,,,,0.011048959741343227,55831,0.25893155728484113,0.0070999999999999995,index_dividend_yield,0.065,12.26,30,55373.75,55762.6,55373.75,55438.5,mid_price,no_nse_iv
2026-09-25T09:12:40.005597+00:00,2026-09-25T14:42:40.005597+05:30,BANKNIFTY,29-Sep-2026,50300.0,PE,55671.5,0.5,3000,6.25,600,0.0,3.375,0,0,0,0,0,,,,,,,,,,,,,,,0.011048959741343227,55831,0.25893155728484113,0.0070999999999999995,index_dividend_yield,0.065,12.26,30,55373.75,55762.6,55373.75,55438.5,mid_price,no_nse_iv
2026-09-25T09:12:40.005597+00:00,2026-09-25T14:42:40.005597+05:30,BANKNIFTY,29-Sep-2026,50400.0,CE,55671.5,4860.65,300,5975.9,300,0.0,5418.275,0,0,0,0,0,,,,,,,,,,,,,,,0.011048959741343227,55831,0.25893155728484113,0.0070999999999999995,index_dividend_yield,0.065,12.26,30,55373.75,55762.6,55373.75,55438.5,mid_price,no_nse_iv
2026-09-25T09:12:40.005597+00:00,2026-09-25T14:42:40.005597+05:30,BANKNIFTY,29-Sep-2026,50400.0,PE,55671.5,0.5,3000,6.35,600,0.0,3.425,0,0,0,0,0,,,,,,,,,,,,,,,0.011048959741343227,55831,0.25893155728484113,0.0070999999999999995,index_dividend_yield,0.065,12.26,30,55373.75,55762.6,55373.75,55438.5,mid_price,no_nse_iv
2026-09-25T09:12:40.005597+00:00,2026-09-25T14:42:40.005597+05:30,BANKNIFTY,29-Sep-2026,50500.0,CE,55671.5,4916.6,300,5449.65,300,0.0,5183.125,1,0,0,0,82.09,0.8810173971492238,4.137261617292319e-05,-125.17052635783968,11.630288205247052,-0.2649002473191775,0.026623919735494578,18.29863434943224,-1.0901979988709138e-08,1.4695044673383002e-05,-1.4157666845683408e-06,-3.279122075928821,8.926536179848949,-0.8624352638612989,5.028009318151261e-05,0.011048959741343227,55831,0.25893155728484113,0.0070999999999999995,index_dividend_yield,0.065,12.26,30,55373.75,55762.6,55373.75,55438.5,mid_price,ok
2026-09-25T09:12:40.005597+00:00,2026-09-25T14:42:40.005597+05:30,BANKNIFTY,29-Sep-2026,50500.0,PE,55671.5,2.2,30,2.25,180,2.25,2.225,1022,-13,2153,-45.78313253012048,35.26,-0.0038342742581064988,5.527998791458323e-06,-2.8836340050096094,0.6674788123466467,-0.08505395272608907,0.0036667828738429424,13.270654839363905,-7.34297686349973e-09,9.422752286276444e-05,-4.049633737146451e-06,-0.6549671928267872,-86.52121466390174,0.004275780943056508,6.71817061749458e-06,0.011048959741343227,55831,0.25893155728484113,0.0070999999999999995,index_dividend_yield,0.065,12.26,30,55373.75,55762.6,55373.75,55438.5,mid_price,ok
2026-09-25T09:12:40.005597+00:00,2026-09-25T14:42:40.005597+05:30,BANKNIFTY,29-Sep-2026,50600.0,CE,55671.5,4656.4,300,5511.6,300,0.0,5084.0,0,0,0,0,0,,,,,,,,,,,,,,,0.011048959741343227,55831,0.25893155728484113,0.0070999999999999995,index_dividend_yield,0.065,12.26,30,55373.75,55762.6,55373.75,55438.5,mid_price,no_nse_iv
2026-09-25T09:12:40.005597+00:00,2026-09-25T14:42:40.005597+05:30,BANKNIFTY,29-Sep-2026,50600.0,PE,55671.5,1.2,600,14.4,570,0.0,7.8,0,0,0,0,0,,,,,,,,,,,,,,,0.011048959741343227,55831,0.25893155728484113,0.0070999999999999995,index_dividend_yield,0.065,12.26,30,55373.75,55762.6,55373.75,55438.5,mid_price,no_nse_iv
2026-09-25T09:12:40.005597+00:00,2026-09-25T14:42:40.005597+05:30,BANKNIFTY,29-Sep-2026,50700.0,CE,55671.5,4574,300,5387.05,300,0.0,4980.525,0,0,0,0,0,,,,,,,,,,,,,,,0.011048959741343227,55831,0.25893155728484113,0.0070999999999999995,index_dividend_yield,0.065,12.26,30,55373.75,55762.6,55373.75,55438.5,mid_price,no_nse_iv
2026-09-25T09:12:40.005597+00:00,2026-09-25T14:42:40.005597+05:30,BANKNIFTY,29-Sep-2026,50700.0,PE,55671.5,1.2,600,14.1,570,0.0,7.6499999999999995,0,0,0,0,0,,,,,,,,,,,,,,,0.011048959741343227,55831,0.25893155728484113,0.0070999999999999995,index_dividend_yield,0.065,12.26,30,55373.75,55762.6,55373.75,55438.5,mid_price,no_nse_iv
2026-09-25T09:12:40.005597+00:00,2026-09-25T14:42:40.005597+05:30,BANKNIFTY,29-Sep-2026,50800.0,CE,55671.5,4469.3,300,5286.15,300,0.0,4877.725,0,0,0,0,0,,,,,,,,,,,,,,,0.011048959741343227,55831,0.25893155728484113,0.0070999999999999995,index_dividend_yield,0.065,12.26,30,55373.75,55762.6,55373.75,55438.5,mid_price,no_nse_iv
2026-09-25T09:12:40.005597+00:00,2026-09-25T14:42:40.005597+05:30,BANKNIFTY,29-Sep-2026,50800.0,PE,55671.5,2.45,1200,3.1,30,2.5,2.7750000000000004,57,0,32,-39.75903614457831,33.88,-0.004565217089598579,6.724973525905905e-06,-3.236504691400836,0.7802274359640274,-0.10119796592270892,0.004187983730464409,15.439002909421017,-9.088442300466765e-09,0.0001132220389738462,-4.670411864763361e-06,-0.735751410648316,-88.65217025070318,0.005059435694964689,8.07660791830715e-06,0.011048959741343227,55831,0.25893155728484113,0.0070999999999999995,index_dividend_yield,0.065,12.26,30,55373.75,55762.6,55373.75,55438.5,mid_price,wide_quote_low_liquidity
2026-09-25T09:12:40.005597+00:00,2026-09-25T14:42:40.005597+05:30,BANKNIFTY,29-Sep-2026,50900.0,CE,55671.5,4375.7,300,5170.3,300,0.0,4773.0,0,0,0,0,0,,,,,,,,,,,,,,,0.011048959741343227,55831,0.25893155728484113,0.0070999999999999995,index_dividend_yield,0.065,12.26,30,55373.75,55762.6,55373.75,55438.5,mid_price,no_nse_iv
2026-09-25T09:12:40.005597+00:00,2026-09-25T14:42:40.005597+05:30,BANKNIFTY,29-Sep-2026,50900.0,PE,55671.5,2.6,30,3.05,240,2.8,2.825,38,21,311,-54.09836065573771,33.86,-0.005333892190155222,7.729676801068848e-06,-3.7148053784927937,0.8962631200164011,-0.1138868997811568,0.004708473819186823,17.01675842687833,-1.0230357837733074e-08,0.00012392883389450202,-5.106744570509258e-06,-0.8147287497238638,-87.41000476020825,0.005900647134531716,9.246803241496809e-06,0.011048959741343227,55831,0.25893155728484113,0.0070999999999999995,index_dividend_yield,0.065,12.26,30,55373.75,55762.6,55373.75,55438.5,mid_price,wide_quote_low_liquidity
2026-09-25T09:12:40.005597+00:00,2026-09-25T14:42:40.005597+05:30,BANKNIFTY,29-Sep-2026,51000.0,CE,55671.5,4810.95,30,4854.85,30,4622,4832.9,192,-10,23,-0.3277840075907875,0,,,,,,,,,,,,,,,0.011048959741343227,55831,0.25893155728484113,0.0070999999999999995,index_dividend_yield,0.065,12.26,30,55373.75,55762.6,55373.75,55438.5,mid_price,no_nse_iv
2026-09-25T09:12:40.005597+00:00,2026-09-25T14:42:40.005597+05:30,BANKNIFTY,29-Sep-2026,51000.0,PE,55671.5,2.7,570,2.75,120,2.7,2.725,18171,5186,26318,-50,32.96,-0.005151231943688979,7.698359979809189e-06,-3.504655179435316,0.8689057181538833,-0.11401382898071441,0.0045870442197525445,17.116519892060865,-1.0521606223023444e-08,0.00012829158464090163,-5.1441677419701665e-06,-0.7964469160093519,-90.12160504189693,0.005685468991803911,9.17326012443338e-06,0.011048959741343227,55831,0.25893155728484113,0.0070999999999999995,index_dividend_yield,0.065,12.26,30,55373.75,55762.6,55373.75,55438.5,mid_price,ok
2026-09-25T09:12:40.005597+00:00,2026-09-25T14:42:40.005597+05:30,BANKNIFTY,29-Sep-2026,51100.0,CE,55671.5,4192.1,870,5210.85,300,0.0,4701.475,0,0,0,0,0,,,,,,,,,,,,,,,0.011048959741343227,55831,0.25893155728484113,0.0070999999999999995,index_dividend_yield,0.065,12.26,30,55373.75,55762.6,55373.75,55438.5,mid_price,no_nse_iv
2026-09-25T09:12:40.005597+00:00,2026-09-25T14:42:40.005597+05:30,BANKNIFTY,29-Sep-2026,51100.0,PE,55671.5,2.5,30,3.3,240,3.85,2.9,128,-23,151,-26.666666666666668,33.23,-0.0064075571130944855,9.267727463831586e-06,-4.287559132771009,1.0546074438315225,-0.1330839261262642,0.005395804148687533,19.382595721490258,-1.2175505651094613e-08,0.0001424405131939879,-5.755253441333617e-06,-0.916667810417089,-87.50634355899055,0.007060563621088212,1.1000116880315862e-05,0.011048959741343227,55831,0.25893155728484113,0.0070999999999999995,index_dividend_yield,0.065,12.26,30,55373.75,55762.6,55373.75,55438.5,mid_price,wide_quote_low_liquidity
2026-09-25T09:12:40.005597+00:00,2026-09-25T14:42:40.005597+05:30,BANKNIFTY,29-Sep-2026,51200.0,CE,55671.5,4098.55,300,5080.4,300,0.0,4589.475,0,0,0,0,0,,,,,,,,,,,,,,,0.011048959741343227,55831,0.25893155728484113,0.0070999999999999995,index_dividend_yield,0.065,12.26,30,55373.75,55762.6,55373.75,55438.5,mid_price,no_nse_iv
2026-09-25T09:12:40.005597+00:00,2026-09-25T14:42:40.005597+05:30,BANKNIFTY,29-Sep-2026,51200.0,PE,55671.5,2.55,240,3.3,390,2.9,2.925,89,-31,441,-49.12280701754386,31.83,-0.005568074358350185,8.542721963913083e-06,-3.624852444072863,0.93115107196377,-0.12522286869429913,0.004861778099916522,18.600621611506217,-1.196335725333745e-08,0.00014380894015162231,-5.563922436722571e-06,-0.837689716920508,-92.66013729185207,0.006119695863361564,1.0100019117997505e-05,0.011048959741343227,55831,0.25893155728484113,0.0070999999999999995,index_dividend_yield,0.065,12.26,30,55373.75,55762.6,55373.75,55438.5,mid_price,wide_quote_low_liquidity
2026-09-25T09:12:40.005597+00:00,2026-09-25T14:42:40.005597+05:30,BANKNIFTY,29-Sep-2026,51300.0,CE,55671.5,4006.25,300,5019.8,300,0.0,4513.025,0,0,0,0,0,,,,,,,,,,,,,,,0.011048959741343227,55831,0.25893155728484113,0.0070999999999999995,index_dividend_yield,0.065,12.26,30,55373.75,55762.6,55373.75,55438.5,mid_price,no_nse_iv
2026-09-25T09:12:40.005597+00:00,2026-09-25T14:42:40.005597+05:30,BANKNIFTY,29-Sep-2026,51300.0,PE,55671.5,2.6,240,3.35,60,2.9,2.975,159,3,165,-45.794392523364486,31.17,-0.005672470567508712,8.86870172911226e-06,-3.607587567394498,0.9466383367197294,-0.1296995068692233,0.004929328406181554,19.216189848989984,-1.2652861994809347e-08,0.00015157511320207262,-5.740244483235378e-06,-0.8477652986781464,-94.47191893932819,0.006221007484588072,1.0444584426751145e-05,0.011048959741343227,55831,0.25893155728484113,0.0070999999999999995,index_dividend_yield,0.065,12.26,30,55373.75,55762.6,55373.75,55438.5,mid_price,wide_quote_low_liquidity
2026-09-25T09:12:40.005597+00:00,2026-09-25T14:42:40.005597+05:30,BANKNIFTY,29-Sep-2026,51400.0,CE,55671.5,3914.85,300,4933.2,300,0.0,4424.025,0,0,0,0,0,,,,,,,,,,,,,,,0.011048959741343227,55831,0.25893155728484113,0.0070999999999999995,index_dividend_yield,0.065,12.26,30,55373.75,55762.6,55373.75,55438.5,mid_price,no_nse_iv
2026-09-25T09:12:40.005597+00:00,2026-09-25T14:42:40.005597+05:30,BANKNIFTY,29-Sep-2026,51400.0,PE,55671.5,3,60,3.25,120,3.05,3.125,418,21,368,-44.54545454545455,30.69,-0.006026072020617058,9.503795693169069e-06,-3.746596223202902,0.9988061714434926,-0.1378320006938669,0.0051556349870194,20.24948371973928,-1.3653936458150525e-08,0.00016170832464835946,-6.026713465669186e-06,-0.8813380456519126,-95.40041966040431,0.006595272758411401,1.1149020128469739e-05,0.011048959741343227,55831,0.25893155728484113,0.0070999999999999995,index_dividend_yield,0.065,12.26,30,55373.75,55762.6,55373.75,55438.5,mid_price,ok
2026-09-25T09:12:40.005597+00:00,2026-09-25T14:42:40.005597+05:30,BANKNIFTY,29-Sep-2026,51500.0,CE,55671.5,3819.55,300,4488.45,300,0.0,4154.0,0,0,0,0,0,,,,,,,,,,,,,,,0.011048959741343227,,,,,,12.26,30,55373.75,55762.6,55373.75,55438.5,mid_price,no_price_available
2026-09-25T09:12:40.005597+00:00,2026-09-25T14:42:40.005597+05:30,BANKNIFTY,29-Sep-2026,51500.0,PE,55671.5,3.25,1110,3.3,1290,3.3,3.275,6742,2566,14081,-45.45454545454545,30.2,-0.0063943121140958604,1.017891326495863e-05,-3.8843436173904338,1.0526781143139268,-0.14640206123266944,0.005386481729777427,21.328533731327592,-1.4735366796630163e-08,0.00017253046740816328,-6.324105948220294e-06,-0.9153029413571814,-96.39857563422031,0.006983956307467862,1.1894681063813324e-05,0.011048959741343227,55831,0.25893155728484113,0.0070999999999999995,index_dividend_yield,0.065,12.26,30,55373.75,55762.6,55373.75,55438.5,mid_price,ok
2026-09-25T09:12:40.005597+00:00,2026-09-25T14:42:40.005597+05:30,BANKNIFTY,29-Sep-2026,51600.0,CE,55671.5,3862.25,300,4389.15,300,0.0,4125.7,0,0,0,0,0,,,,,,,,,,,,,,,0.011048959741343227,55831,0.25893155728484113,0.0070999999999999995,index_dividend_yield,0.065,12.26,30,55373.75,55762.6,55373.75,55438.5,mid_price,no_nse_iv
2026-09-25T09:12:40.005597+00:00,2026-09-25T14:42:40.005597+05:30,BANKNIFTY,29-Sep-2026,51600.0,PE,55671.5,3.25,150,4.1,240,3.45,3.675,171,3,661,-45.669291338582674,29.8,-0.006933951664136885,1.1081417222193043e-05,-4.116078686766528,1.130833870371688,-0.15753336133261234,0.005716693909944888,22.683458209457275,-1.6063839774515078e-08,0.00018509514576865678,-6.691045517111872e-06,-0.963411317721095,-96.91816219759346,0.007558265001502008,1.2899169493654261e-05,0.011048959741343227,55831,0.25893155728484113,0.0070999999999999995,index_dividend_yield,0.065,12.26,30,55373.75,55762.6,55373.75,55438.5,mid_price,wide_quote_low_liquidity
2026-09-25T09:12:40.005597+00:00,2026-09-25T14:42:40.005597+05:30,BANKNIFTY,29-Sep-2026,51700.0,CE,55671.5,3633.6,300,4294.5,300,0.0,3964.05,0,0,0,0,0,,,,,,,,,,,,,,,0.011048959741343227,,,,,,12.26,30,55373.75,55762.6,55373.75,55438.5,mid_price,no_price_available
2026-09-25T09:12:40.005597+00:00,2026-09-25T14:42:40.005597+05:30,BANKNIFTY,29-Sep-2026,51700.0,PE,55671.5,3.8,90,4.15,30,4.15,3.975,261,-37,207,-47.13375796178344,29.78,-0.008187500550627811,1.2836662938914897e-05,-4.760151867711323,1.309073611407728,-0.1779634922326207,0.006450596119226895,24.998123765836542,-1.814780069056862e-08,0.000202023031052473,-7.2932432757606765e-06,-1.0684332901141986,-95.35060746634947,0.008908912941492729,1.4884590726430493e-05,0.011048959741343227,55831,0.25893155728484113,0.0070999999999999995,index_dividend_yield,0.065,12.26,30,55373.75,55762.6,55373.75,55438.5,mid_price,ok
2026-09-25T09:12:40.005597+00:00,2026-09-25T14:42:40.005597+05:30,BANKNIFTY,29-Sep-2026,51800.0,CE,55671.5,3544.6,300,4263.4,360,0.0,3904.0,0,0,0,0,0,,,,,,,,,,,,,,,0.011048959741343227,55831,0.25893155728484113,0.0070999999999999995,index_dividend_yield,0.065,12.26,30,55373.75,55762.6,55373.75,55438.5,mid_price,no_nse_iv
2026-09-25T09:12:40.005597+00:00,2026-09-25T14:42:40.005597+05:30,BANKNIFTY,29-Sep-2026,51800.0,PE,55671.5,3.8,60,4.2,300,4.1,4.0,300,-21,155,-33.87096774193548,29.06,-0.008289915985506376,1.329913597651132e-05,-4.694183073272299,1.3234461459947024,-0.18407956213132085,0.0065079301415612596,25.808175765333228,-1.9235218413306358e-08,0.00021357698794921605,-7.519633187151557e-06,-1.0765330306628265,-97.6096558540027,0.009000776007102168,1.536136303542657e-05,0.011048959741343227,55831,0.25893155728484113,0.0070999999999999995,index_dividend_yield,0.065,12.26,30,55373.75,55762.6,55373.75,55438.5,mid_price,ok
2026-09-25T09:12:40.005597+00:00,2026-09-25T14:42:40.005597+05:30,BANKNIFTY,29-Sep-2026,51900.0,CE,55671.5,3448.8,300,4018.8,300,0.0,3733.8,0,0,0,0,0,,,,,,,,,,,,,,,0.011048959741343227,,,,,,12.26,30,55373.75,55762.6,55373.75,55438.5,mid_price,no_price_available
2026-09-25T09:12:40.005597+00:00,2026-09-25T14:42:40.005597+05:30,BANKNIFTY,29-Sep-2026,51900.0,PE,55671.5,3.9,90,4.15,30,4,4.025,727,472,1687,-45.205479452054796,28.31,-0.008338389136207975,1.3721532768820598e-05,-4.594552728612163,1.3302391754057787,-0.18981774845136956,0.006534401984105603,26.588915771517563,-2.036019768300145e-08,0.00022579639197881746,-7.740057194288677e-06,-1.0802683199600174,-100.15918083244355,0.0090336292775458,1.5788241375279077e-05,0.011048959741343227,55831,0.25893155728484113,0.0070999999999999995,index_dividend_yield,0.065,12.26,30,55373.75,55762.6,55373.75,55438.5,mid_price,ok
2026-09-25T09:12:40.005597+00:00,2026-09-25T14:42:40.005597+05:30,BANKNIFTY,29-Sep-2026,52000.0,CE,55671.5,3814.75,30,3846.3,90,3844.2,3830.525,299,-35,60,6.212441460483236,45.33,0.9290230898793563,5.111439188867665e-05,-52.12160639889234,7.934437701071162,-0.4251720955024685,0.023458767835056283,36.55171713882854,-2.9195532075045037e-08,0.0001227100841630253,-6.660450336321092e-06,-2.99819772623933,13.6485101298855,-0.9217437763209552,5.858714797542819e-05,0.011048959741343227,55831,0.25893155728484113,0.0070999999999999995,index_dividend_yield,0.065,12.26,30,55373.75,55762.6,55373.75,55438.5,mid_price,ok
2026-09-25T09:12:40.005597+00:00,2026-09-25T14:42:40.005597+05:30,BANKNIFTY,29-Sep-2026,52000.0,PE,55671.5,3.9,450,4,690,3.95,3.95,13335,778,35108,-46.62162162162162,27.55,-0.008366778299053301,1.4142198251318791e-05,-4.482558193493073,1.3342148232865951,-0.19559992104130774,0.006549310665929653,27.384569885617772,-2.1560402548895136e-08,0.00023893184098345844,-7.965452477883565e-06,-1.0823711615874696,-102.91118672800609,0.009044562393903943,1.6209741151814515e-05,0.011048959741343227,55831,0.25893155728484113,0.0070999999999999995,index_dividend_yield,0.065,12.26,30,55373.75,55762.6,55373.75,55438.5,mid_price,ok
2026-09-25T09:12:40.005597+00:00,2026-09-25T14:42:40.005597+05:30,BANKNIFTY,29-Sep-2026,52100.0,CE,55671.5,3270.55,300,4037.9,300,0.0,3654.2250000000004,0,0,0,0,0,,,,,,,,,,,,,,,0.011048959741343227,55831,0.25893155728484113,0.0070999999999999995,index_dividend_yield,0.065,12.26,30,55373.75,55762.6,55373.75,55438.5,mid_price,no_nse_iv
2026-09-25T09:12:40.005597+00:00,2026-09-25T14:42:40.005597+05:30,BANKNIFTY,29-Sep-2026,52100.0,PE,55671.5,4.15,60,4.3,150,4.15,4.225,422,3,497,-45.39473684210526,27.08,-0.008989717328318584,1.5322877838581346e-05,-4.690436571692766,1.4209416240239892,-0.20960044405326886,0.006894520021254288,29.020034342922994,-2.3497140868586382e-08,0.00025635503465194933,-8.394351547947265e-06,-1.13076432620038,-103.9267529235342,0.009698400412512563,1.7495676447765106e-05,0.011048959741343227,55831,0.25893155728484113,0.0070999999999999995,index_dividend_yield,0.065,12.26,30,55373.75,55762.6,55373.75,55438.5,mid_price,ok
2026-09-25T09:12:40.005597+00:00,2026-09-25T14:42:40.005597+05:30,BANKNIFTY,29-Sep-2026,52200.0,CE,55671.5,3169.9,300,3789,300,0.0,3479.45,0,0,0,0,0,,,,,,,,,,,,,,,0.011048959741343227,55831,0.25893155728484113,0.0070999999999999995,index_dividend_yield,0.065,12.26,30,55373.75,55762.6,55373.75,55438.5,mid_price,no_nse_iv
2026-09-25T09:12:40.005597+00:00,2026-09-25T14:42:40.005597+05:30,BANKNIFTY,29-Sep-2026,52200.0,PE,55671.5,4.1,60,4.4,60,4.25,4.25,463,105,640,-44.8051948051948,26.51,-0.009450073976905596,1.6351682705475336e-05,-4.79459110343031,1.484428952142855,-0.2219557815827302,0.007143093278814231,30.489782942983766,-2.5412152358829737e-08,0.0002741761634234833,-8.782289076233305e-06,-1.165291045617095,-105.61907833284707,0.010173963584445828,1.8598901367105162e-05,0.011048959741343227,55831,0.25893155728484113,0.0070999999999999995,index_dividend_yield,0.065,12.26,30,55373.75,55762.6,55373.75,55438.5,mid_price,ok
2026-09-25T09:12:40.005597+00:00,2026-09-25T14:42:40.005597+05:30,BANKNIFTY,29-Sep-2026,52300.0,CE,55671.5,3076.7,300,3685.75,300,0.0,3381.225,0,0,0,0,0,,,,,,,,,,,,,,,0.011048959741343227,55831,0.25893155728484113,0.0070999999999999995,index_dividend_yield,0.065,12.26,30,55373.75,55762.6,55373.75,55438.5,mid_price,no_nse_iv
2026-09-25T09:12:40.005597+00:00,2026-09-25T14:42:40.005597+05:30,BANKNIFTY,29-Sep-2026,52300.0,PE,55671.5,4.15,300,4.6,270,4.15,4.375,365,-33,623,-48.4472049689441,26.03,-0.010161653056530932,1.7743414740120732e-05,-5.013526778242929,1.5816071122052042,-0.2380779590868808,0.0075185699436346055,32.32594542028633,-2.7750683218132464e-08,0.0002944846803757402,-9.254300008892073e-06,-1.2169518880605186,-106.74660359677283,0.010918051046038513,2.0104796069779587e-05,0.011048959741343227,55831,0.25893155728484113,0.0070999999999999995,index_dividend_yield,0.065,12.26,30,55373.75,55762.6,55373.75,55438.5,mid_price,ok
2026-09-25T09:12:40.005597+00:00,2026-09-25T14:42:40.005597+05:30,BANKNIFTY,29-Sep-2026,52400.0,CE,55671.5,2984.05,300,3580.25,300,0.0,3282.15,0,0,0,0,0,,,,,,,,,,,,,,,0.011048959741343227,55831,0.25893155728484113,0.0070999999999999995,index_dividend_yield,0.065,12.26,30,55373.75,55762.6,55373.75,55438.5,mid_price,no_nse_iv
2026-09-25T09:12:40.005597+00:00,2026-09-25T14:42:40.005597+05:30,BANKNIFTY,29-Sep-2026,52400.0,PE,55671.5,4.15,60,4.65,150,4.45,4.4,367,-17,857,-47.953216374269005,25.47,-0.010741243004112949,1.9031711332592663e-05,-5.145939437190419,1.6599462437704446,-0.2530984238755685,0.007815877176115179,34.05542258354954,-3.014222395948513e-08,0.00031573029291206343,-9.70006836032172e-06,-1.2574500150560883,-108.45603507559987,0.011517074249585313,2.1482316652020975e-05,0.011048959741343227,55831,0.25893155728484113,0.0070999999999999995,index_dividend_yield,0.065,12.26,30,55373.75,55762.6,55373.75,55438.5,mid_price,ok
2026-09-25T09:12:40.005597+00:00,2026-09-25T14:42:40.005597+05:30,BANKNIFTY,29-Sep-2026,52500.0,CE,55671.5,3300,30,3401,300,3240,3350.5,10,-2,3,-35.2,30.91,0.967129740325963,4.048847716260219e-05,-24.38973651197434,4.285659715361442,-0.42854335162945123,0.01607260508609374,46.17368105191177,-4.2046154918616834e-08,0.000305236857011785,-1.1336432380288467e-05,-2.2606603602868534,16.67771445948088,-0.9640611335104311,4.552801144048025e-05,0.011048959741343227,55831,0.25893155728484113,0.0070999999999999995,index_dividend_yield,0.065,12.26,30,55373.75,55762.6,55373.75,55438.5,mid_price,ok
2026-09-25T09:12:40.005597+00:00,2026-09-25T14:42:40.005597+05:30,BANKNIFTY,29-Sep-2026,52500.0,PE,55671.5,4.45,2700,4.5,690,4.5,4.475,11153,769,23714,-50.81967213114754,24.63,-0.010631711075948016,1.950589655943404e-05,-4.929033270788914,1.6451957001995283,-0.25994790942871027,0.007757330051451439,35.03601737337547,-3.2021922805670716e-08,0.0003361989127609267,-9.979943322107174e-06,-1.2495059827787975,-112.31225169226198,0.01137434824787054,2.1933763479131585e-05,0.011048959741343227,55831,0.25893155728484113,0.0070999999999999995,index_dividend_yield,0.065,12.26,30,55373.75,55762.6,55373.75,55438.5,mid_price,ok
2026-09-25T09:12:40.005597+00:00,2026-09-25T14:42:40.005597+05:30,BANKNIFTY,29-Sep-2026,52600.0,CE,55671.5,2915.45,300,3333.05,300,0.0,3124.25,0,0,0,0,0,,,,,,,,,,,,,,,0.011048959741343227,55831,0.25893155728484113,0.0070999999999999995,index_dividend_yield,0.065,12.26,30,55373.75,55762.6,55373.75,55438.5,mid_price,no_nse_iv
2026-09-25T09:12:40.005597+00:00,2026-09-25T14:42:40.005597+05:30,BANKNIFTY,29-Sep-2026,52600.0,PE,55671.5,4.35,210,4.5,300,4.4,4.425,423,-29,1497,-54.40414507772021,23.88,-0.010752454689093794,2.0317344631244084e-05,-4.823141892075714,1.6614547088905376,-0.27034719571345994,0.007816275045030385,36.370007834827135,-3.4354409936437645e-08,0.0003596726330887092,-1.034211944822879e-05,-1.2575096095061562,-115.72536466648192,0.01147866764324608,2.2759426011031658e-05,0.011048959741343227,55831,0.25893155728484113,0.0070999999999999995,index_dividend_yield,0.065,12.26,30,55373.75,55762.6,55373.75,55438.5,mid_price,ok
2026-09-25T09:12:40.005597+00:00,2026-09-25T14:42:40.005597+05:30,BANKNIFTY,29-Sep-2026,52700.0,CE,55671.5,2707.2,300,3273.9,300,0.0,2990.55,0,0,0,0,0,,,,,,,,,,,,,,,0.011048959741343227,55831,0.25893155728484113,0.0070999999999999995,index_dividend_yield,0.065,12.26,30,55373.75,55762.6,55373.75,55438.5,mid_price,no_nse_iv
2026-09-25T09:12:40.005597+00:00,2026-09-25T14:42:40.005597+05:30,BANKNIFTY,29-Sep-2026,52700.0,PE,55671.5,4.5,120,4.65,210,4.5,4.575,561,112,3043,-56.310679611650485,23.3,-0.01136148675628532,2.1845274557461664e-05,-4.933858501375518,1.7430131578967973,-0.2880788166464143,0.0081202762084299,38.402447661894044,-3.751023421321028e-08,0.0003875410115927078,-1.0861354177381967e-05,-1.2985580217360502,-117.91068135214395,0.012103896265791626,2.437822735235103e-05,0.011048959741343227,55831,0.25893155728484113,0.0070999999999999995,index_dividend_yield,0.065,12.26,30,55373.75,55762.6,55373.75,55438.5,mid_price,ok
2026-09-25T09:12:40.005597+00:00,2026-09-25T14:42:40.005597+05:30,BANKNIFTY,29-Sep-2026,52800.0,CE,55671.5,2612.85,300,3173.65,300,0.0,2893.25,0,0,0,0,0,,,,,,,,,,,,,,,0.011048959741343227,55831,0.25893155728484113,0.0070999999999999995,index_dividend_yield,0.065,12.26,30,55373.75,55762.6,55373.75,55438.5,mid_price,no_nse_iv
2026-09-25T09:12:40.005597+00:00,2026-09-25T14:42:40.005597+05:30,BANKNIFTY,29-Sep-2026,52800.0,PE,55671.5,4.7,30,4.85,300,4.8,4.775,510,-14,2339,-55.96330275229358,22.71,-0.011997770550383305,2.3498461898326093e-05,-5.038427468222361,1.827442865058166,-0.3070961690653257,0.008430090054814971,40.56269085098996,-4.101563539031201e-08,0.0004181076649522456,-1.1408369686855533e-05,-1.3400242420924335,-120.26491321042083,0.012755449586037047,2.612386538498708e-05,0.011048959741343227,55831,0.25893155728484113,0.0070999999999999995,index_dividend_yield,0.065,12.26,30,55373.75,55762.6,55373.75,55438.5,mid_price,ok
2026-09-25T09:12:40.005597+00:00,2026-09-25T14:42:40.005597+05:30,BANKNIFTY,29-Sep-2026,52900.0,CE,55671.5,2519.45,300,3061.2,300,0.0,2790.325,0,0,0,0,0,,,,,,,,,,,,,,,0.011048959741343227,55831,0.25893155728484113,0.0070999999999999995,index_dividend_yield,0.065,12.26,30,55373.75,55762.6,55373.75,55438.5,mid_price,no_nse_iv
2026-09-25T09:12:40.005597+00:00,2026-09-25T14:42:40.005597+05:30,BANKNIFTY,29-Sep-2026,52900.0,PE,55671.5,4.55,150,4.6,180,4.55,4.574999999999999,929,440,6772,-60.60606060606061,21.9,-0.011984620695638609,2.4344420449185026e-05,-4.850343304329044,1.8257057865030089,-0.31833283085372277,0.008419332787536534,42.05468667480861,-4.4107899410399326e-08,0.0004496034601708518,-1.181701960584649e-05,-1.3385957327126816,-124.76237689235406,0.012713602865700318,2.6962114083591556e-05,0.011048959741343227,55831,0.25893155728484113,0.0070999999999999995,index_dividend_yield,0.065,12.26,30,55373.75,55762.6,55373.75,55438.5,mid_price,ok
2026-09-25T09:12:40.005597+00:00,2026-09-25T14:42:40.005597+05:30,BANKNIFTY,29-Sep-2026,53000.0,CE,55671.5,2822.1,30,2846.7,90,2846,2834.3999999999996,778,-110,298,8.280860615975802,35.61,0.9113550109802716,7.700144967114924e-05,-49.00702029665766,9.389838275699862,-0.5912588349882841,0.025443993838036506,46.69550484756346,-5.11002623059513e-08,0.0001666945946776307,-6.940526110695922e-06,-3.171488350233069,18.173442308196556,-0.9046171106140568,8.495970745180147e-05,0.011048959741343227,55831,0.25893155728484113,0.0070999999999999995,index_dividend_yield,0.065,12.26,30,55373.75,55762.6,55373.75,55438.5,mid_price,ok
2026-09-25T09:12:40.005597+00:00,2026-09-25T14:42:40.005597+05:30,BANKNIFTY,29-Sep-2026,53000.0,PE,55671.5,4.95,390,5.05,180,5,5.0,19259,937,45170,-58.50622406639004,21.48,-0.013288515481303274,2.7141255996914564e-05,-5.198290752080412,1.9964179017545702,-0.3486294449727961,0.009035123233109347,45.24220444402482,-4.9208584139591646e-08,0.0004887089431361106,-1.25806556344012e-05,-1.4199695243965653,-125.73936074205362,0.014069341922865826,2.994636048048701e-05,0.011048959741343227,55831,0.25893155728484113,0.0070999999999999995,index_dividend_yield,0.065,12.26,30,55373.75,55762.6,55373.75,55438.5,mid_price,ok
2026-09-25T09:12:40.005597+00:00,2026-09-25T14:42:40.005597+05:30,BANKNIFTY,29-Sep-2026,53100.0,CE,55671.5,2334.15,300,2887.95,300,0.0,2611.05,0,0,0,0,0,,,,,,,,,,,,,,,0.011048959741343227,55831,0.25893155728484113,0.0070999999999999995,index_dividend_yield,0.065,12.26,30,55373.75,55762.6,55373.75,55438.5,mid_price,no_nse_iv
2026-09-25T09:12:40.005597+00:00,2026-09-25T14:42:40.005597+05:30,BANKNIFTY,29-Sep-2026,53100.0,PE,55671.5,5.15,90,5.2,90,5.15,5.175000000000001,860,254,5839,-61.132075471698116,20.92,-0.014236044002928447,2.9573696481330098e-05,-5.3682311598474,2.1186271268629455,-0.375310431596396,0.009463249395739778,48.112647324487725,-5.4367656232669075e-08,0.000530232476673742,-1.3274184421283807e-05,-1.475737122966701,-128.10687303569856,0.015041967835029266,3.2507413468046367e-05,0.011048959741343227,55831,0.25893155728484113,0.0070999999999999995,index_dividend_yield,0.065,12.26,30,55373.75,55762.6,55373.75,55438.5,mid_price,ok
2026-09-25T09:12:40.005597+00:00,2026-09-25T14:42:40.005597+05:30,BANKNIFTY,29-Sep-2026,53200.0,CE,55671.5,2240.35,300,2777.95,300,0.0,2509.1499999999996,0,0,0,0,0,,,,,,,,,,,,,,,0.011048959741343227,55831,0.25893155728484113,0.0070999999999999995,index_dividend_yield,0.065,12.26,30,55373.75,55762.6,55373.75,55438.5,mid_price,no_nse_iv
2026-09-25T09:12:40.005597+00:00,2026-09-25T14:42:40.005597+05:30,BANKNIFTY,29-Sep-2026,53200.0,PE,55671.5,5.55,30,5.6,330,5.6,5.574999999999999,839,130,4001,-61.512027491408936,20.48,-0.01578080193268482,3.30060791465571e-05,-5.736983651916001,2.3147874878206,-0.41107765124673634,0.010135865273600551,51.71636308382421,-6.076896417271438e-08,0.00057625038623938,-1.4098753206224589e-05,-1.562057570097741,-129.30171189412738,0.01664164319824771,3.6144025347640956e-05,0.011048959741343227,55831,0.25893155728484113,0.0070999999999999995,index_dividend_yield,0.065,12.26,30,55373.75,55762.6,55373.75,55438.5,mid_price,ok
2026-09-25T09:12:40.005597+00:00,2026-09-25T14:42:40.005597+05:30,BANKNIFTY,29-Sep-2026,53300.0,CE,55671.5,2148.2,300,2666.05,300,0.0,2407.125,0,0,0,0,0,,,,,,,,,,,,,,,0.011048959741343227,55831,0.25893155728484113,0.0070999999999999995,index_dividend_yield,0.065,12.26,30,55373.75,55762.6,55373.75,55438.5,mid_price,no_nse_iv
2026-09-25T09:12:40.005597+00:00,2026-09-25T14:42:40.005597+05:30,BANKNIFTY,29-Sep-2026,53300.0,PE,55671.5,5.7,90,5.8,360,5.75,5.75,740,-191,6649,-62.66233766233766,19.77,-0.016339669375047775,3.522659062435469e-05,-5.700058297311616,2.3848689476139944,-0.4360171046191678,0.010365550134875544,54.49876642165785,-6.676578182342702e-08,0.0006268125854308584,-1.4779512325268826e-05,-1.5911907489540353,-133.4221232697665,0.017194592264674857,3.8431031421976605e-05,0.011048959741343227,55831,0.25893155728484113,0.0070999999999999995,index_dividend_yield,0.065,12.26,30,55373.75,55762.6,55373.75,55438.5,mid_price,ok
2026-09-25T09:12:40.005597+00:00,2026-09-25T14:42:40.005597+05:30,BANKNIFTY,29-Sep-2026,53400.0,CE,55671.5,2213.35,300,2574.3,300,0.0,2393.825,0,0,0,0,0,,,,,,,,,,,,,,,0.011048959741343227,55831,0.25893155728484113,0.0070999999999999995,index_dividend_yield,0.065,12.26,30,55373.75,55762.6,55373.75,55438.5,mid_price,no_nse_iv
2026-09-25T09:12:40.005597+00:00,2026-09-25T14:42:40.005597+05:30,BANKNIFTY,29-Sep-2026,53400.0,PE,55671.5,6.05,30,6.1,120,6.05,6.074999999999999,913,116,5258,-64.72303206997084,19.05,-0.01690408900880581,3.763597257125847e-05,-5.648274743085093,2.455191435727499,-0.4629988968707227,0.010592198520657122,57.50145459392408,-7.357493434437175e-08,0.0006838847644923122,-1.550971815517569e-05,-1.6197696605220289,-137.9341656960325,0.01775091081100024,4.0905949256935123e-05,0.011048959741343227,55831,0.25893155728484113,0.0070999999999999995,index_dividend_yield,0.065,12.26,30,55373.75,55762.6,55373.75,55438.5,mid_price,ok
2026-09-25T09:12:40.005597+00:00,2026-09-25T14:42:40.005597+05:30,BANKNIFTY,29-Sep-2026,53500.0,CE,55671.5,2320.95,60,2355.8,30,2358.35,2338.375,143,1,5,9.739187082664433,31.75,0.8902090367814729,0.00010101302626978687,-50.683305757748116,10.982680489387835,-0.7061648864323811,0.02693125593577075,50.74634267683731,-6.822983001513856e-08,0.00014859242726048666,-5.285545115407363e-06,-3.2949717916909855,21.49773957654055,-0.8832513566693366,0.00010937943214690459,0.011048959741343227,55831,0.25893155728484113,0.0070999999999999995,index_dividend_yield,0.065,12.26,30,55373.75,55762.6,55373.75,55438.5,mid_price,ok
2026-09-25T09:12:40.005597+00:00,2026-09-25T14:42:40.005597+05:30,BANKNIFTY,29-Sep-2026,53500.0,PE,55671.5,6.45,150,6.5,300,6.55,6.475,13538,-760,52693,-63.71191135734072,18.51,-0.01841994460105642,4.1679365875973566e-05,-5.898881899325965,2.641890168739386,-0.5043858395306893,0.01119597219607541,61.61379405995459,-8.241376614676808e-08,0.0007468713193110705,-1.6421895722783174e-05,-1.6950662560616343,-140.5039373337633,0.019304008062299875,4.513146017010904e-05,0.011048959741343227,55831,0.25893155728484113,0.0070999999999999995,index_dividend_yield,0.065,12.26,30,55373.75,55762.6,55373.75,55438.5,mid_price,ok
2026-09-25T09:12:40.005597+00:00,2026-09-25T14:42:40.005597+05:30,BANKNIFTY,29-Sep-2026,53600.0,CE,55671.5,2055.15,60,2273.4,60,2160,2164.275,1,0,1,-47.95180722891566,24.71,0.9327989581819905,8.989527777299759e-05,-31.15880022127395,7.606710032034082,-0.774108034305554,0.022935911899066685,67.83788260680623,-9.435298466761912e-08,0.0004379119678994884,-1.2617753930448233e-05,-2.950763407184826,24.168667932998524,-0.9287622093590392,9.697798258172245e-05,0.011048959741343227,55831,0.25893155728484113,0.0070999999999999995,index_dividend_yield,0.065,12.26,30,55373.75,55762.6,55373.75,55438.5,mid_price,ok
2026-09-25T09:12:40.005597+00:00,2026-09-25T14:42:40.005597+05:30,BANKNIFTY,29-Sep-2026,53600.0,PE,55671.5,7.3,30,7.35,330,7.3,7.324999999999999,1278,-804,8574,-63.037974683544306,18.11,-0.02091948036203908,4.746052475652458e-05,-6.4224341511625,2.943325026915033,-0.5599049047389972,0.012140951202470211,66.678504156922,-9.334102752390616e-08,0.0008131161445915915,-1.7445701136214635e-05,-1.810596618659969,-141.35762853949566,0.021881672806760684,5.119986340973482e-05,0.011048959741343227,55831,0.25893155728484113,0.0070999999999999995,index_dividend_yield,0.065,12.26,30,55373.75,55762.6,55373.75,55438.5,mid_price,ok
2026-09-25T09:12:40.005597+00:00,2026-09-25T14:42:40.005597+05:30,BANKNIFTY,29-Sep-2026,53700.0,CE,55671.5,1777.9,300,2272.6,300,0.0,2025.25,0,0,0,0,0,,,,,,,,,,,,,,,0.011048959741343227,55831,0.25893155728484113,0.0070999999999999995,index_dividend_yield,0.065,12.26,30,55373.75,55762.6,55373.75,55438.5,mid_price,no_nse_iv
2026-09-25T09:12:40.005597+00:00,2026-09-25T14:42:40.005597+05:30,BANKNIFTY,29-Sep-2026,53700.0,PE,55671.5,8.2,30,8.25,360,8.25,8.225,1936,298,8784,-65.40880503144655,17.83,-0.024572691714795404,5.52099322810623e-05,-7.233090937270629,3.370977041952417,-0.6295191704685856,0.013416726005927755,72.47167840546021,-1.0633034356797184e-07,0.0008773084157766943,-1.847174340994208e-05,-1.9622735799660767,-140.62647745945085,0.025655986865701308,5.933821653261666e-05,0.011048959741343227,55831,0.25893155728484113,0.0070999999999999995,index_dividend_yield,0.065,12.26,30,55373.75,55762.6,55373.75,55438.5,mid_price,ok
2026-09-25T09:12:40.005597+00:00,2026-09-25T14:42:40.005597+05:30,BANKNIFTY,29-Sep-2026,53800.0,CE,55671.5,1684.55,870,2175.8,300,0.0,1930.1750000000002,0,0,0,0,0,,,,,,,,,,,,,,,0.011048959741343227,55831,0.25893155728484113,0.0070999999999999995,index_dividend_yield,0.065,12.26,30,55373.75,55762.6,55373.75,55438.5,mid_price,no_nse_iv
2026-09-25T09:12:40.005597+00:00,2026-09-25T14:42:40.005597+05:30,BANKNIFTY,29-Sep-2026,53800.0,PE,55671.5,8.8,360,8.85,360,8.9,8.825,2761,-604,22571,-64.68253968253968,17.28,-0.02699416463194916,6.162917332664408e-05,-7.572724042552197,3.6468451046836714,-0.6883508579232956,0.014191173609152322,77.61731473642786,-1.1978435071928355e-07,0.0009550460058635409,-1.9423807377999838e-05,-2.0520523372658275,-143.31726568633263,0.028128094837501033,6.599144482182434e-05,0.011048959741343227,55831,0.25893155728484113,0.0070999999999999995,index_dividend_yield,0.065,12.26,30,55373.75,55762.6,55373.75,55438.5,mid_price,ok
2026-09-25T09:12:40.005597+00:00,2026-09-25T14:42:40.005597+05:30,BANKNIFTY,29-Sep-2026,53900.0,CE,55671.5,1729.7,300,2065.1,300,0.0,1897.4,0,0,0,0,0,,,,,,,,,,,,,,,0.011048959741343227,55831,0.25893155728484113,0.0070999999999999995,index_dividend_yield,0.065,12.26,30,55373.75,55762.6,55373.75,55438.5,mid_price,no_nse_iv
2026-09-25T09:12:40.005597+00:00,2026-09-25T14:42:40.005597+05:30,BANKNIFTY,29-Sep-2026,53900.0,PE,55671.5,9.8,420,9.9,30,9.85,9.850000000000001,1856,-364,20192,-67.65188834154351,16.83,-0.030534068236293187,7.010427216715901e-05,-8.158802162460704,4.040320693716529,-0.7610806151045723,0.015250027295519166,83.41652564154933,-1.3567973770138662e-07,0.0010308546784993824,-2.0336559810509373e-05,-2.172061611732118,-144.69851082877602,0.03175556768769517,7.478815171515336e-05,0.011048959741343227,55831,0.25893155728484113,0.0070999999999999995,index_dividend_yield,0.065,12.26,30,55373.75,55762.6,55373.75,55438.5,mid_price,ok
2026-09-25T09:12:40.005597+00:00,2026-09-25T14:42:40.005597+05:30,BANKNIFTY,29-Sep-2026,54000.0,CE,55671.5,1834.6,30,1852,30,1859.95,1843.3,967,-105,818,12.325995712171997,26.55,0.8705249425147581,0.00013571725506738007,-47.98276741907274,12.339195064941023,-0.8746414005473269,0.027622687825630314,57.79603731858707,-1.0019473498097246e-07,0.00012452493473917798,-3.258268745053026e-06,-3.3532692999161697,26.809048947121788,-0.8639944962146993,0.00014424919348327266,0.011048959741343227,55831,0.25893155728484113,0.0070999999999999995,index_dividend_yield,0.065,12.26,30,55373.75,55762.6,55373.75,55438.5,mid_price,ok
2026-09-25T09:12:40.005597+00:00,2026-09-25T14:42:40.005597+05:30,BANKNIFTY,29-Sep-2026,54000.0,PE,55671.5,11.2,720,11.25,810,11.2,11.225,30457,1283,159138,-68.13655761024182,16.47,-0.035420710481549524,8.096083915037256e-05,-9.008830619046478,4.566209541924774,-0.8476128355729834,0.01658190637057561,89.60198508561001,-1.5396857416831602e-07,0.001097149486003755,-2.1073013534635513e-05,-2.3186495166507894,-144.78085402236135,0.036769336013200093,8.60504859560571e-05,0.011048959741343227,55831,0.25893155728484113,0.0070999999999999995,index_dividend_yield,0.065,12.26,30,55373.75,55762.6,55373.75,55438.5,mid_price,ok
2026-09-25T09:12:40.005597+00:00,2026-09-25T14:42:40.005597+05:30,BANKNIFTY,29-Sep-2026,54100.0,CE,55671.5,1707.4,30,1797.65,30,1680,1752.525,3,3,7,-66.86161766591383,16.02,0.9595930414920838,9.253335552766875e-05,-18.26805933988407,5.076309116378018,-0.9367499255471534,0.017797455380559005,95.75751457392334,-1.7444741975768557e-07,0.0011679464160991402,-2.1690057692721783e-05,-2.446275397997561,32.949144715042664,-0.9574979187015636,9.79872629930847e-05,0.011048959741343227,55831,0.25893155728484113,0.0070999999999999995,index_dividend_yield,0.065,12.26,30,55373.75,55762.6,55373.75,55438.5,mid_price,ok
2026-09-25T09:12:40.005597+00:00,2026-09-25T14:42:40.005597+05:30,BANKNIFTY,29-Sep-2026,54100.0,PE,55671.5,12.5,240,12.6,30,12.5,12.55,2153,434,24849,-68.90547263681592,15.95,-0.039674226243958714,9.171227084809319e-05,-9.552806257349227,5.009280734642933,-0.9325515249982221,0.01762084045794006,95.7426523468663,-1.7446922272170737e-07,0.0011779476326274575,-2.1786165659957592e-05,-2.4297342207268486,-147.04220158109248,0.04110433835900444,9.711778365800207e-05,0.011048959741343227,55831,0.25893155728484113,0.0070999999999999995,index_dividend_yield,0.065,12.26,30,55373.75,55762.6,55373.75,55438.5,mid_price,ok
2026-09-25T09:12:40.005597+00:00,2026-09-25T14:42:40.005597+05:30,BANKNIFTY,29-Sep-2026,54200.0,CE,55671.5,1472.6,60,1680.2,60,1564.8,1576.4,1,0,1,-36.407046918497144,0,,,,,,,,,,,,,,,0.011048959741343227,55831,0.25893155728484113,0.0070999999999999995,index_dividend_yield,0.065,12.26,30,55373.75,55762.6,55373.75,55438.5,mid_price,no_nse_iv
2026-09-25T09:12:40.005597+00:00,2026-09-25T14:42:40.005597+05:30,BANKNIFTY,29-Sep-2026,54200.0,PE,55671.5,14.55,210,14.65,30,14.7,14.600000000000001,4378,1339,37892,-67.47787610619469,15.55,-0.04587842501573842,0.00010579603209398313,-10.45283969037492,5.633613003842193,-1.0337491783401764,0.01898619145651713,102.00231118472259,-1.97710551089712e-07,0.001235243154516186,-2.2104557188807196e-05,-2.571406586770742,-147.5193415308591,0.04744344171076522,0.00011161862097527049,0.011048959741343227,55831,0.25893155728484113,0.0070999999999999995,index_dividend_yield,0.065,12.26,30,55373.75,55762.6,55373.75,55438.5,mid_price,ok
2026-09-25T09:12:40.005597+00:00,2026-09-25T14:42:40.005597+05:30,BANKNIFTY,29-Sep-2026,54300.0,CE,55671.5,1421.75,30,1580.95,60,1361.6,1501.35,27,20,30,-35.161904761904765,0,,,,,,,,,,,,,,,0.011048959741343227,55831,0.25893155728484113,0.0070999999999999995,index_dividend_yield,0.065,12.26,30,55373.75,55762.6,55373.75,55438.5,mid_price,no_nse_iv
2026-09-25T09:12:40.005597+00:00,2026-09-25T14:42:40.005597+05:30,BANKNIFTY,29-Sep-2026,54300.0,PE,55671.5,17.15,210,17.25,330,17.25,17.2,2530,421,39571,-68.72166817769718,15.22,-0.054006013512864874,0.00012310856877285724,-11.627086809798767,6.416381410697762,-1.1462460613157408,0.02053504205423418,107.80326406572848,-2.2311381158249426e-07,0.0012595921678125433,-2.1836101136434303e-05,-2.726285224892747,-146.83471907715642,0.05574717930506,0.00012940601668380762,0.011048959741343227,55831,0.25893155728484113,0.0070999999999999995,index_dividend_yield,0.065,12.26,30,55373.75,55762.6,55373.75,55438.5,mid_price,ok
2026-09-25T09:12:40.005597+00:00,2026-09-25T14:42:40.005597+05:30,BANKNIFTY,29-Sep-2026,54400.0,CE,55671.5,1408.65,60,1473.8,60,1434.05,1441.225,20,-1,32,8.451183543825152,20.01,0.8726610335509244,0.00017800542549583224,-37.720768930113564,12.197408399577087,-1.164942296253746,0.027359058551994074,77.67409746106857,-1.737026579941234e-07,0.00024400134516397692,-4.5635439930645365e-06,-3.33456546475713,35.17521119351457,-0.867669039004254,0.0001864237699050013,0.011048959741343227,55831,0.25893155728484113,0.0070999999999999995,index_dividend_yield,0.065,12.26,30,55373.75,55762.6,55373.75,55438.5,mid_price,ok
2026-09-25T09:12:40.005597+00:00,2026-09-25T14:42:40.005597+05:30,BANKNIFTY,29-Sep-2026,54400.0,PE,55671.5,20.05,30,20.2,300,20.4,20.125,5617,558,47702,-66.721044045677,14.81,-0.06263069548335357,0.0001421344806120352,-12.6785505356453,7.208447545245548,-1.2620940777123626,0.021913775759769463,113.22369799677689,-2.5144701962833384e-07,0.001272891030789161,-2.1189152512971812e-05,-2.8590440040725764,-147.1950877470902,0.06453001247886729,0.00014885639376090442,0.011048959741343227,55831,0.25893155728484113,0.0070999999999999995,index_dividend_yield,0.065,12.26,30,55373.75,55762.6,55373.75,55438.5,mid_price,ok
2026-09-25T09:12:40.005597+00:00,2026-09-25T14:42:40.005597+05:30,BANKNIFTY,29-Sep-2026,54500.0,CE,55671.5,1356.45,30,1364.8,30,1357.6,1360.625,705,207,1699,14.108005883588989,22.01,0.831024408423963,0.00019564676775630084,-47.34301593699422,14.746194473346009,-1.0708747026044185,0.027532560251973762,60.06501020167043,-1.4675808157836368e-07,-9.196486393741416e-05,3.767152238719544e-06,-3.3710090946241067,34.95453345123949,-0.8246021412200885,0.00020414818297698296,0.011048959741343227,55831,0.25893155728484113,0.0070999999999999995,index_dividend_yield,0.065,12.26,30,55373.75,55762.6,55373.75,55438.5,mid_price,ok
2026-09-25T09:12:40.005597+00:00,2026-09-25T14:42:40.005597+05:30,BANKNIFTY,29-Sep-2026,54500.0,PE,55671.5,24.2,60,24.3,150,24.35,24.25,18334,2803,155147,-67.20538720538721,14.52,-0.07450455823696815,0.00016575318478725227,-14.173690036373545,8.241679754547544,-1.3848065347467977,0.023463749723388473,116.93787263722477,-2.801480736203013e-07,0.0012103641075996584,-1.9348357360680857e-05,-3.0025536402082027,-145.58066326956498,0.07662884039022662,0.0001729556377804042,0.011048959741343227,55831,0.25893155728484113,0.0070999999999999995,index_dividend_yield,0.065,12.26,30,55373.75,55762.6,55373.75,55438.5,mid_price,ok
2026-09-25T09:12:40.005597+00:00,2026-09-25T14:42:40.005597+05:30,BANKNIFTY,29-Sep-2026,54600.0,CE,55671.5,1265.1,30,1276.55,60,1282.75,1270.8249999999998,4745,4671,5792,17.28536161653104,21.47,0.8160841249908892,0.00021161911110085274,-48.40270060888257,15.558730827706746,-1.0875547541742137,0.027120486008814938,57.32866320532448,-1.5280004568060712e-07,-0.00020589115702615893,6.796479147566651e-06,-3.357196592666546,36.82751386951079,-0.809504898473248,0.00022000646673478563,0.011048959741343227,55831,0.25893155728484113,0.0070999999999999995,index_dividend_yield,0.065,12.26,30,55373.75,55762.6,55373.75,55438.5,mid_price,ok
2026-09-25T09:12:40.005597+00:00,2026-09-25T14:42:40.005597+05:30,BANKNIFTY,29-Sep-2026,54600.0,PE,55671.5,28.95,180,29.1,90,29.05,29.025,5017,1040,55842,-65.43723973825104,13.98,-0.08480592309303911,0.00018988058986726055,-15.001074897432195,9.090232279679727,-1.5096944288631868,0.02449112061452225,121.33639007565033,-3.1566095072052504e-07,0.0011764289431563343,-1.7626845029271394e-05,-3.094760954230654,-147.60507030932632,0.0870560218460602,0.00019740635645286295,0.011048959741343227,55831,0.25893155728484113,0.0070999999999999995,index_dividend_yield,0.065,12.26,30,55373.75,55762.6,55373.75,55438.5,mid_price,ok
2026-09-25T09:12:40.005597+00:00,2026-09-25T14:42:40.005597+05:30,BANKNIFTY,29-Sep-2026,54700.0,CE,55671.5,1162.8,30,1175.85,30,1173.9,1169.3249999999998,102,18,189,18.617693123831657,19.67,0.8139364944258531,0.00023265750778398708,-45.2058035786462,15.671431499506461,-1.1872949846738479,0.026940257575695323,62.02730047987259,-1.8074370649095492e-07,-0.00026192905963857776,7.956242038022249e-06,-3.348999440111769,40.28953790428209,-0.8078314422106243,0.00024099512915030604,0.011048959741343227,55831,0.25893155728484113,0.0070999999999999995,index_dividend_yield,0.065,12.26,30,55373.75,55762.6,55373.75,55438.5,mid_price,ok
2026-09-25T09:12:40.005597+00:00,2026-09-25T14:42:40.005597+05:30,BANKNIFTY,29-Sep-2026,54700.0,PE,55671.5,35.3,60,35.4,30,35.25,35.349999999999994,4270,1624,65388,-64.85543369890328,13.71,-0.10146611558658783,0.00022107651544427993,-16.739524828350753,10.379281784224984,-1.6284628840732216,0.02573352349857838,121.33269766766297,-3.454483510998021e-07,0.0009719885035155886,-1.3479696727927216e-05,-3.203521370906056,-145.25624761784056,0.10397914387290741,0.00022899911504708733,0.011048959741343227,55831,0.25893155728484113,0.0070999999999999995,index_dividend_yield,0.065,12.26,30,55373.75,55762.6,55373.75,55438.5,mid_price,ok
2026-09-25T09:12:40.005597+00:00,2026-09-25T14:42:40.005597+05:30,BANKNIFTY,29-Sep-2026,54800.0,CE,55671.5,1070.55,30,1085.85,30,1088.95,1078.1999999999998,151,-9,834,17.28687597608918,19.62,0.7899299612026519,0.0002510030632843194,-47.81234243851356,16.864181277643066,-1.1541753603550586,0.02590101001037684,54.46545273403913,-1.7670198920485402e-07,-0.0004686569115449593,1.2941922185696426e-05,-3.311926803258333,42.11132438360921,-0.7834359899975194,0.0002590500919270422,0.011048959741343227,55831,0.25893155728484113,0.0070999999999999995,index_dividend_yield,0.065,12.26,30,55373.75,55762.6,55373.75,55438.5,mid_price,ok
2026-09-25T09:12:40.005597+00:00,2026-09-25T14:42:40.005597+05:30,BANKNIFTY,29-Sep-2026,54800.0,PE,55671.5,42.7,60,42.85,120,43.05,42.775000000000006,5371,1883,80770,-62.9995702621401,13.4,-0.12045891884523818,0.000255786348470026,-18.427662607107717,11.737332229281614,-1.7341396600893608,0.02656140250368998,119.00324679107044,-3.744176657673513e-07,0.000684687012869129,-8.054453904873771e-06,-3.2773180458878453,-143.301978757286,0.1232285744878069,0.00026398672676670125,0.011048959741343227,55831,0.25893155728484113,0.0070999999999999995,index_dividend_yield,0.065,12.26,30,55373.75,55762.6,55373.75,55438.5,mid_price,ok
2026-09-25T09:12:40.005597+00:00,2026-09-25T14:42:40.005597+05:30,BANKNIFTY,29-Sep-2026,54900.0,CE,55671.5,979.6,30,992.2,30,991,985.9000000000001,161,16,526,15.85223287350947,19.92,0.7603095760963724,0.00026644125765884426,-51.42847066148987,18.175151774171432,-1.0704683764141132,0.024127618398563824,44.31974925291904,-1.6257146665164535e-07,-0.0006878415043293012,1.841421179552925e-05,-3.251386775142851,43.515261762654504,-0.7532762867720343,0.000273982378804967,0.011048959741343227,55831,0.25893155728484113,0.0070999999999999995,index_dividend_yield,0.065,12.26,30,55373.75,55762.6,55373.75,55438.5,mid_price,ok
2026-09-25T09:12:40.005597+00:00,2026-09-25T14:42:40.005597+05:30,BANKNIFTY,29-Sep-2026,54900.0,PE,55671.5,51.65,30,51.9,270,51.95,51.775,4394,679,77856,-62.14936247723133,13.33,-0.14716584745682007,0.0002951059689353268,-20.952622245848982,13.470861791125747,-1.7866699359149474,0.026937162520727802,109.64026542961935,-3.8634507628612534e-07,0.00018817946869113464,3.4210565719112844e-07,-3.3225892902188012,-137.55777380701332,0.15031882503896793,0.00030345839108735954,0.011048959741343227,55831,0.25893155728484113,0.0070999999999999995,index_dividend_yield,0.065,12.26,30,55373.75,55762.6,55373.75,55438.5,mid_price,ok
2026-09-25T09:12:40.005597+00:00,2026-09-25T14:42:40.005597+05:30,BANKNIFTY,29-Sep-2026,55000.0,CE,55671.5,895.7,30,899.2,30,893.85,897.45,3910,-7,23288,15.07563566140972,18.73,0.7449023944563004,0.00029296991311508573,-50.05800363018038,18.790919705326306,-1.0955778378124448,0.022896889987274835,42.23236437824518,-1.7636016632457407e-07,-0.0009057299322063044,2.2593777587470953e-05,-3.211549662721873,47.33297107686641,-0.7380673400271642,0.00030016737637292073,0.011048959741343227,55831,0.25893155728484113,0.0070999999999999995,index_dividend_yield,0.065,12.26,30,55373.75,55762.6,55373.75,55438.5,mid_price,ok
2026-09-25T09:12:40.005597+00:00,2026-09-25T14:42:40.005597+05:30,BANKNIFTY,29-Sep-2026,55000.0,PE,55671.5,62.65,90,62.9,120,62.6,62.775,38041,10881,308415,-60.076530612244895,13.02,-0.17352301127964034,0.0003365001058253148,-22.67352127400306,15.00318368917113,-1.8246178627299574,0.026501376695381856,100.40179489034972,-4.021019772552094e-07,-0.00033249474518820023,8.994325051200893e-06,-3.3179209911382674,-135.1508323690712,0.17694116615292857,0.0003447669859365974,0.011048959741343227,55831,0.25893155728484113,0.0070999999999999995,index_dividend_yield,0.065,12.26,30,55373.75,55762.6,55373.75,55438.5,mid_price,ok
2026-09-25T09:12:40.005597+00:00,2026-09-25T14:42:40.005597+05:30,BANKNIFTY,29-Sep-2026,55100.0,CE,55671.5,806.15,60,813.9,30,811.55,810.025,515,194,5379,15.770328102710414,17.66,0.7255602898230833,0.0003224928041305603,-48.96977960373151,19.502844808836134,-1.0965645430371929,0.021203565574712712,38.47773344672767,-1.8676853577392392e-07,-0.001189875669757698,2.772195627511497e-05,-3.1613581491737186,51.60235744149613,-0.7188793971831443,0.00032921732123015665,0.011048959741343227,55831,0.25893155728484113,0.0070999999999999995,index_dividend_yield,0.065,12.26,30,55373.75,55762.6,55373.75,55438.5,mid_price,ok
2026-09-25T09:12:40.005597+00:00,2026-09-25T14:42:40.005597+05:30,BANKNIFTY,29-Sep-2026,55100.0,PE,55671.5,75.95,30,76.3,60,75.95,76.125,6326,2365,98058,-58.211829436038514,12.75,-0.2048500206759524,0.00038063066392289205,-24.445965243142037,16.61885866548874,-1.806368752821738,0.02521515102934059,87.14454953757667,-4.0503285993534774e-07,-0.0009893377422736153,1.933115610421589e-05,-3.276560106196756,-131.92325843755648,0.20854363804211837,0.00038856745313306,0.011048959741343227,55831,0.25893155728484113,0.0070999999999999995,index_dividend_yield,0.065,12.26,30,55373.75,55762.6,55373.75,55438.5,mid_price,ok
2026-09-25T09:12:40.005597+00:00,2026-09-25T14:42:40.005597+05:30,BANKNIFTY,29-Sep-2026,55200.0,CE,55671.5,727,30,729.95,30,727,728.475,1395,463,15659,15.847342841207873,16.73,0.7014827451957103,0.00035429019799643744,-48.172564207616475,20.297489020588195,-1.0599638850495308,0.018897398549436915,32.802989245071856,-1.9049559224632837e-07,-0.00154514904387483,3.377084681567126e-05,-3.100865630118204,56.30821612278339,-0.6949102546514326,0.0003603685045829925,0.011048959741343227,55831,0.25893155728484113,0.0070999999999999995,index_dividend_yield,0.065,12.26,30,55373.75,55762.6,55373.75,55438.5,mid_price,ok
2026-09-25T09:12:40.005597+00:00,2026-09-25T14:42:40.005597+05:30,BANKNIFTY,29-Sep-2026,55200.0,PE,55671.5,91.85,60,92.2,30,92.05,92.025,8571,5317,123690,-55.77708383377372,12.44,-0.24010295738177267,0.00042712533434980743,-25.924473945905604,18.195456220709197,-1.731776723262024,0.022960665110045964,71.54160513787033,-3.9680719788678427e-07,-0.0017540724180193593,3.0714130517609596e-05,-3.2042776883976094,-128.97655431919736,0.24403133957018264,0.00043445322190567223,0.011048959741343227,55831,0.25893155728484113,0.0070999999999999995,index_dividend_yield,0.065,12.26,30,55373.75,55762.6,55373.75,55438.5,mid_price,ok
2026-09-25T09:12:40.005597+00:00,2026-09-25T14:42:40.005597+05:30,BANKNIFTY,29-Sep-2026,55300.0,CE,55671.5,647.8,60,650.5,30,646.1,649.15,2635,1459,55437,14.414733486807155,16.39,0.6679412710595348,0.0003784694415054666,-48.953533315413786,21.24207852889471,-0.9239139033571098,0.015468731481251255,23.486032660375855,-1.7112590332161662e-07,-0.001890747030541427,3.9983471523190454e-05,-3.0266067709321254,60.106663966431015,-0.66124118265202,0.0003835715634131969,0.011048959741343227,55831,0.25893155728484113,0.0070999999999999995,index_dividend_yield,0.065,12.26,30,55373.75,55762.6,55373.75,55438.5,mid_price,ok
2026-09-25T09:12:40.005597+00:00,2026-09-25T14:42:40.005597+05:30,BANKNIFTY,29-Sep-2026,55300.0,PE,55671.5,110.9,30,111.25,150,111.25,111.075,16858,11217,167464,-54.0574024365063,12.19,-0.28131714035331384,0.0004729500417394276,-27.33104184999307,19.742684754903426,-1.566700003964111,0.019522648205853407,53.07433870708245,-3.66367437801307e-07,-0.002608447564649295,4.284520139630041e-05,-3.1091304186312363,-124.96315049220686,0.2854733255466972,0.0004793258504695119,0.011048959741343227,55831,0.25893155728484113,0.0070999999999999995,index_dividend_yield,0.065,12.26,30,55373.75,55762.6,55373.75,55438.5,mid_price,ok
2026-09-25T09:12:40.005597+00:00,2026-09-25T14:42:40.005597+05:30,BANKNIFTY,29-Sep-2026,55400.0,CE,55671.5,569,60,571.35,240,568.85,570.175,3286,48,91872,13.452333466294375,15.87,0.6329291322165091,0.00040545220438508047,-48.84754360774798,22.034531952436353,-0.7665623648311914,0.011533544765848709,15.241258582914696,-1.4878818308634794e-07,-0.002274457718084218,4.612763959722139e-05,-2.9611699549317607,64.89201048709853,-0.6262295667577439,0.0004094359592551445,0.011048959741343227,55831,0.25893155728484113,0.0070999999999999995,index_dividend_yield,0.065,12.26,30,55373.75,55762.6,55373.75,55438.5,mid_price,ok
2026-09-25T09:12:40.005597+00:00,2026-09-25T14:42:40.005597+05:30,BANKNIFTY,29-Sep-2026,55400.0,PE,55671.5,133.65,60,134,90,133.95,133.825,12825,6925,248480,-52.22043873729267,11.89,-0.32683565785973057,0.0005184442055766727,-28.204735085121754,21.109168018955994,-1.323136619110904,0.014943017915156826,34.73623560523187,-3.183992834269593e-07,-0.0035073746555610566,5.472144287066951e-05,-3.0096774686041874,-121.31655093743844,0.33114466458058706,0.0005235381589612766,0.011048959741343227,55831,0.25893155728484113,0.0070999999999999995,index_dividend_yield,0.065,12.26,30,55373.75,55762.6,55373.75,55438.5,mid_price,ok
2026-09-25T09:12:40.005597+00:00,2026-09-25T14:42:40.005597+05:30,BANKNIFTY,29-Sep-2026,55500.0,CE,55671.5,494.25,30,495.95,60,494.2,495.1,15827,1235,296529,12.651014360610896,15.33,0.5944883659690408,0.00043212862864951834,-48.2824875126255,22.685190540480193,-0.5642200118072815,0.006932061279665358,7.898940737165461,-1.170063098745623e-07,-0.00266848070158327,5.1817176435177966e-05,-2.9097644959288673,70.39018225731391,-0.5878536760536589,0.0004348033876835398,0.011048959741343227,55831,0.25893155728484113,0.0070999999999999995,index_dividend_yield,0.065,12.26,30,55373.75,55762.6,55373.75,55438.5,mid_price,ok
2026-09-25T09:12:40.005597+00:00,2026-09-25T14:42:40.005597+05:30,BANKNIFTY,29-Sep-2026,55500.0,PE,55671.5,160.45,30,160.95,90,160.8,160.7,32894,11848,475791,-49.62406015037594,11.57,-0.3773480228920535,0.0005611256767409443,-28.526885154204805,22.232112851749797,-0.9858567574460853,0.009195218694101875,18.02250203737721,-2.4719735916160864e-07,-0.004395234385892504,6.543058841047513e-05,-2.924859287916347,-117.5960483480636,0.38173282742876763,0.000564598892523418,0.011048959741343227,55831,0.25893155728484113,0.0070999999999999995,index_dividend_yield,0.065,12.26,30,55373.75,55762.6,55373.75,55438.5,mid_price,ok
2026-09-25T09:12:40.005597+00:00,2026-09-25T14:42:40.005597+05:30,BANKNIFTY,29-Sep-2026,55600.0,CE,55671.5,426.8,30,427.9,30,427.3,427.35,11831,2650,281395,11.189175123601354,14.92,0.5519021734221743,0.00045301340637868645,-47.6165644875412,23.14552919714746,-0.30459772782065464,0.0016498062063679169,2.3276030291459193,-7.176985970537024e-08,-0.0029908574072175687,5.601593157953992e-05,-2.882559958282477,76.03527174644836,-0.5453440674922507,0.00045417927994540863,0.011048959741343227,55831,0.25893155728484113,0.0070999999999999995,index_dividend_yield,0.065,12.26,30,55373.75,55762.6,55373.75,55438.5,mid_price,ok
2026-09-25T09:12:40.005597+00:00,2026-09-25T14:42:40.005597+05:30,BANKNIFTY,29-Sep-2026,55600.0,PE,55671.5,191.6,150,192.1,30,191.7,191.85,18638,12432,347374,-47.12453454695904,11.28,-0.4331508544840062,0.000595833184583756,-28.324235167708938,23.01553232523718,-0.545418843258566,0.002364114320581436,5.371147149352495,-1.4806003554054184e-07,-0.005143547140142751,7.339258456826457e-05,-2.877262546806528,-113.213960153179,0.4375387432274384,0.0005973666185843855,0.011048959741343227,55831,0.25893155728484113,0.0070999999999999995,index_dividend_yield,0.065,12.26,30,55373.75,55762.6,55373.75,55438.5,mid_price,ok
2026-09-25T09:12:40.005597+00:00,2026-09-25T14:42:40.005597+05:30,BANKNIFTY,29-Sep-2026,55700.0,CE,55671.5,363.65,60,364.7,60,364.15,364.17499999999995,15538,5089,245810,9.584712609088173,14.52,0.5063484665479085,0.0004694183666398453,-46.428749464389526,23.340702947663246,-0.0020639129481581087,-0.0041018955671774165,0.0019341141044293408,-1.5947940967073026e-08,-0.0032330232895536903,5.83765500337961e-05,-2.8904145792108094,82.3046432927619,-0.49994040609942814,0.00046893811526524734,0.011048959741343227,55831,0.25893155728484113,0.0070999999999999995,index_dividend_yield,0.065,12.26,30,55373.75,55762.6,55373.75,55438.5,mid_price,ok
2026-09-25T09:12:40.005597+00:00,2026-09-25T14:42:40.005597+05:30,BANKNIFTY,29-Sep-2026,55700.0,PE,55671.5,227.6,60,228.4,60,227.5,228.0,15260,7432,210675,-44.593278129566485,10.96,-0.4932333970421641,0.0006218849685797206,-27.314930145253346,23.34037616203113,-0.01945357630936395,-0.005241662273794831,0.019200276101472014,-2.409361909115317e-08,-0.005674093616811514,7.737186933155557e-05,-2.8890681346285905,-108.84167966698475,0.4975103649475939,0.0006212487320533569,0.011048959741343227,55831,0.25893155728484113,0.0070999999999999995,index_dividend_yield,0.065,12.26,30,55373.75,55762.6,55373.75,55438.5,mid_price,ok
2026-09-25T09:12:40.005597+00:00,2026-09-25T14:42:40.005597+05:30,BANKNIFTY,29-Sep-2026,55800.0,CE,55671.5,306,30,306.7,90,306.35,306.35,13808,1289,187073,6.760759714235929,14.15,0.4583268302732782,0.0004791284366494808,-44.725970365983905,23.216439913859773,0.3348801674360746,-0.010109496642423287,2.049125342434621,4.9507779360677006e-08,-0.003343941777862101,5.8222602734868105e-05,-2.9407509278614152,89.13696449329103,-0.4521413785395083,0.00047692423906399,0.011048959741343227,55831,0.25893155728484113,0.0070999999999999995,index_dividend_yield,0.065,12.26,30,55373.75,55762.6,55373.75,55438.5,mid_price,ok
2026-09-25T09:12:40.005597+00:00,2026-09-25T14:42:40.005597+05:30,BANKNIFTY,29-Sep-2026,55800.0,PE,55671.5,269.25,90,270,60,268.95,269.625,11927,2856,112462,-41.92399049881235,10.21,-0.5595141575446552,0.0006602078240767344,-24.22723620096545,23.083074117475448,0.6204509479013076,-0.013711431462399564,5.441231167987226,1.391458082516378e-07,-0.006311242678176166,7.854523174290747e-05,-2.9824268181486437,-108.22848027778616,0.563383515130436,0.0006571705831608572,0.011048959741343227,55831,0.25893155728484113,0.0070999999999999995,index_dividend_yield,0.065,12.26,30,55373.75,55762.6,55373.75,55438.5,mid_price,ok
2026-09-25T09:12:40.005597+00:00,2026-09-25T14:42:40.005597+05:30,BANKNIFTY,29-Sep-2026,55900.0,CE,55671.5,253.15,120,254.05,30,251.75,253.60000000000002,10427,988,124100,3.0284428074483323,13.81,0.4086872848150557,0.00048063732977625357,-42.48498109092392,22.729946522983063,0.6901282521812047,-0.016073148946343534,9.323060854837806,1.2182196238303866e-07,-0.0032833728377640553,5.508351675480118e-05,-3.035671315411296,96.54088615750207,-0.40280070809126256,0.0004767160000758106,0.011048959741343227,55831,0.25893155728484113,0.0070999999999999995,index_dividend_yield,0.065,12.26,30,55373.75,55762.6,55373.75,55438.5,mid_price,ok
2026-09-25T09:12:40.005597+00:00,2026-09-25T14:42:40.005597+05:30,BANKNIFTY,29-Sep-2026,55900.0,PE,55671.5,317.45,30,318.35,270,318.6,317.9,7459,1484,52733,-38.81313616285769,9.77,-0.6297870328349991,0.0006604447689268783,-21.143194304120737,22.096236294356643,1.3206907142305213,-0.021867708742190343,25.616402199437616,3.320019871608364e-07,-0.005994777552007424,6.931233121757751e-05,-3.1636428945806596,-103.83969933691645,0.6332528809889925,0.0006550564615120113,0.011048959741343227,55831,0.25893155728484113,0.0070999999999999995,index_dividend_yield,0.065,12.26,30,55373.75,55762.6,55373.75,55438.5,mid_price,ok
2026-09-25T09:12:40.005597+00:00,2026-09-25T14:42:40.005597+05:30,BANKNIFTY,29-Sep-2026,56000.0,CE,55671.5,207.05,60,207.65,60,207.3,207.35000000000002,37430,4622,324905,0.3145414952818776,13.52,0.35869797635196676,0.00047224886152461297,-39.783076003027304,21.864263283347885,1.0393488643944404,-0.021611762326321497,22.010289106692227,1.959857688511992e-07,-0.0030176898903506457,4.873085657660939e-05,-3.168765875570667,104.33245514835339,-0.35317596741179585,0.0004667246208753762,0.011048959741343227,55831,0.25893155728484113,0.0070999999999999995,index_dividend_yield,0.065,12.26,30,55373.75,55762.6,55373.75,55438.5,mid_price,ok
2026-09-25T09:12:40.005597+00:00,2026-09-25T14:42:40.005597+05:30,BANKNIFTY,29-Sep-2026,56000.0,PE,55671.5,371.6,60,372.65,60,374.05,372.125,27011,4497,107193,-35.597451790633606,9.27,-0.7030185030520955,0.0006379005740921122,-16.994523918066307,20.249763915074208,2.0271438554914645,-0.028974766562890154,63.265117351035016,5.471982969497088e-07,-0.004888644075175501,5.0665802268674146e-05,-3.4143163067241815,-99.34189507869996,0.7059297910525181,0.0006304385840934608,0.011048959741343227,55831,0.25893155728484113,0.0070999999999999995,index_dividend_yield,0.065,12.26,30,55373.75,55762.6,55373.75,55438.5,mid_price,ok
2026-09-25T09:12:40.005597+00:00,2026-09-25T14:42:40.005597+05:30,BANKNIFTY,29-Sep-2026,56100.0,CE,55671.5,168.5,30,168.95,60,168.2,168.725,9202,1175,95195,-4.214123006833713,13.74,0.3158116021453415,0.0004422780458080085,-38.20961111157766,20.80986926732452,1.2781184923272848,-0.025701936815352253,35.8558876663011,2.42267247960529e-07,-0.0024569276485953,3.955355268551692e-05,-3.301253506733884,107.89965570946156,-0.3104948421384403,0.00043554748015276867,0.011048959741343227,55831,0.25893155728484113,0.0070999999999999995,index_dividend_yield,0.065,12.26,30,55373.75,55762.6,55373.75,55438.5,mid_price,ok
2026-09-25T09:12:40.005597+00:00,2026-09-25T14:42:40.005597+05:30,BANKNIFTY,29-Sep-2026,56100.0,PE,55671.5,430.35,60,431.65,30,432.45,431.0,3835,-1970,27357,-34.65548504079782,8.49,-0.7831341184248223,0.0005909266132993234,-11.08707320716983,17.18021035082213,2.738723008853472,-0.03408671311908731,125.50721795468611,8.125783509103717e-07,-0.0026430026077687457,1.953754617845057e-05,-3.690843624910644,-96.06299015585782,0.7852424550734451,0.0005819339210191235,0.011048959741343227,55831,0.25893155728484113,0.0070999999999999995,index_dividend_yield,0.065,12.26,30,55373.75,55762.6,55373.75,55438.5,mid_price,ok
2026-09-25T09:12:40.005597+00:00,2026-09-25T14:42:40.005597+05:30,BANKNIFTY,29-Sep-2026,56200.0,CE,55671.5,134.05,60,134.45,30,134.15,134.25,14773,2621,108429,-8.021940349674322,13.54,0.270314120456681,0.0004175282764034735,-34.86273220654073,19.3593955847793,1.529640028206436,-0.029390159023240922,54.766198524664134,2.985159775893917e-07,-0.0019025302567470903,2.9089266552052195e-05,-3.452455349491631,115.63269464233994,-0.2654563967684349,0.000409712399435038,0.011048959741343227,55831,0.25893155728484113,0.0070999999999999995,index_dividend_yield,0.065,12.26,30,55373.75,55762.6,55373.75,55438.5,mid_price,ok
2026-09-25T09:12:40.005597+00:00,2026-09-25T14:42:40.005597+05:30,BANKNIFTY,29-Sep-2026,56200.0,PE,55671.5,498.3,30,500.15,90,500.4,499.225,4789,220,13180,-31.31562693020383,8.62,,,,,,,,,,,,,,,0.011048959741343227,,,,,,12.26,30,55373.75,55762.6,55373.75,55438.5,mid_price,no_price_available
2026-09-25T09:12:40.005597+00:00,2026-09-25T14:42:40.005597+05:30,BANKNIFTY,29-Sep-2026,56300.0,CE,55671.5,106.75,30,107.15,90,106.95,106.95,11487,2390,102291,-12.658227848101266,13.43,0.2287653830166956,0.0003851906470925657,-31.49832940758164,17.71491134314243,1.7063225710819834,-0.031836247412682254,74.17904357888894,3.3940089857320425e-07,-0.0012551573124372473,1.765526117268684e-05,-3.5801213510238266,122.88794920965391,-0.22437078570538074,0.0003766385677412817,0.011048959741343227,55831,0.25893155728484113,0.0070999999999999995,index_dividend_yield,0.065,12.26,30,55373.75,55762.6,55373.75,55438.5,mid_price,ok
2026-09-25T09:12:40.005597+00:00,2026-09-25T14:42:40.005597+05:30,BANKNIFTY,29-Sep-2026,56300.0,PE,55671.5,568.45,30,570,30,567.95,569.225,4462,-225,5042,-28.779233807762242,7.79,,,,,,,,,,,,,,,0.011048959741343227,,,,,,12.26,30,55373.75,55762.6,55373.75,55438.5,mid_price,no_price_available
2026-09-25T09:12:40.005597+00:00,2026-09-25T14:42:40.005597+05:30,BANKNIFTY,29-Sep-2026,56400.0,CE,55671.5,83.65,90,83.9,30,83.8,83.775,12767,-571,101342,-16.03206412825651,12.93,0.18333013548856356,0.0003507846240860272,-26.504565181115396,15.53196169233608,1.8809099605556767,-0.033268112048103066,99.36202552438455,3.922298207689631e-07,-0.0004687725795789481,3.7641914943229027e-06,-3.6826753332428095,135.84017039896563,-0.17962995181684355,0.0003417812129679275,0.011048959741343227,55831,0.25893155728484113,0.0070999999999999995,index_dividend_yield,0.065,12.26,30,55373.75,55762.6,55373.75,55438.5,mid_price,ok
2026-09-25T09:12:40.005597+00:00,2026-09-25T14:42:40.005597+05:30,BANKNIFTY,29-Sep-2026,56400.0,PE,55671.5,645.3,30,647.35,30,647.8,646.325,4759,-2286,11590,-26.390545991705018,5.7,,,,,,,,,,,,,,,0.011048959741343227,,,,,,12.26,30,55373.75,55762.6,55373.75,55438.5,mid_price,no_price_available
2026-09-25T09:12:40.005597+00:00,2026-09-25T14:42:40.005597+05:30,BANKNIFTY,29-Sep-2026,56500.0,CE,55671.5,65.45,90,65.75,120,65.3,65.6,39317,229,212689,-21.039903264812576,12.89,0.15002394587846665,0.00030912924890093025,-23.121160591488835,13.645210921109163,1.8991117757980458,-0.03309167350421072,115.16965360382957,4.0091194756051556e-07,0.0002110961422397198,-7.190038538893623e-06,-3.6979884199983446,143.3478701828647,-0.14679281131533217,0.00030012975176146726,0.011048959741343227,55831,0.25893155728484113,0.0070999999999999995,index_dividend_yield,0.065,12.26,30,55373.75,55762.6,55373.75,55438.5,mid_price,ok
2026-09-25T09:12:40.005597+00:00,2026-09-25T14:42:40.005597+05:30,BANKNIFTY,29-Sep-2026,56500.0,PE,55671.5,726.85,30,730,60,730.75,728.425,19033,-1466,17615,-22.157123834886818,0,,,,,,,,,,,,,,,0.011048959741343227,,,,,,12.26,30,55373.75,55762.6,55373.75,55438.5,mid_price,no_price_available
2026-09-25T09:12:40.005597+00:00,2026-09-25T14:42:40.005597+05:30,BANKNIFTY,29-Sep-2026,56600.0,CE,55671.5,51.3,60,51.5,120,51.35,51.4,13002,655,79104,-25.41757443718228,12.93,0.1223764059216201,0.0002680437270999343,-20.09854753575966,11.868379100237199,1.8457368093502193,-0.03196092377486248,125.63485954103281,3.9195291586217175e-07,0.0007645718704799205,-1.5963016026842447e-05,-3.6463121530597906,149.7655358524593,-0.11956515529032095,0.0002593215636915254,0.011048959741343227,55831,0.25893155728484113,0.0070999999999999995,index_dividend_yield,0.065,12.26,30,55373.75,55762.6,55373.75,55438.5,mid_price,ok
2026-09-25T09:12:40.005597+00:00,2026-09-25T14:42:40.005597+05:30,BANKNIFTY,29-Sep-2026,56600.0,PE,55671.5,810.4,60,817.5,270,815.15,813.95,4672,-638,2163,-21.264367816091955,0,,,,,,,,,,,,,,,0.011048959741343227,,,,,,12.26,30,55373.75,55762.6,55373.75,55438.5,mid_price,no_price_available
2026-09-25T09:12:40.005597+00:00,2026-09-25T14:42:40.005597+05:30,BANKNIFTY,29-Sep-2026,56700.0,CE,55671.5,40.15,30,40.35,60,40.2,40.25,13900,-2288,84729,-29.53549517966696,13,0.09921627516357699,0.0002293664420386061,-17.327216149381236,10.210816400314606,1.7443658971205978,-0.03013963253332487,131.27397842495458,3.717275289689355e-07,0.0011846473738262792,-2.2579365103405576e-05,-3.533467868914866,155.6977055991536,-0.09679088087981821,0.0002211208046142851,0.011048959741343227,55831,0.25893155728484113,0.0070999999999999995,index_dividend_yield,0.065,12.26,30,55373.75,55762.6,55373.75,55438.5,mid_price,ok
2026-09-25T09:12:40.005597+00:00,2026-09-25T14:42:40.005597+05:30,BANKNIFTY,29-Sep-2026,56700.0,PE,55671.5,899.8,60,905.95,90,903.5,902.875,6288,-1007,1952,-19.585243202349695,0,,,,,,,,,,,,,,,0.011048959741343227,,,,,,12.26,30,55373.75,55762.6,55373.75,55438.5,mid_price,no_price_available
2026-09-25T09:12:40.005597+00:00,2026-09-25T14:42:40.005597+05:30,BANKNIFTY,29-Sep-2026,56800.0,CE,55671.5,31.65,60,31.8,120,31.75,31.725,14381,-1278,74700,-31.939978563772776,13.12,0.08047056179639239,0.00019449191573471902,-14.919550638470913,8.738212991415443,1.6111581468371827,-0.027919360225468346,132.1747092174572,3.431539334844367e-07,0.001459659509304699,-2.6930500003248174e-05,-3.373149502739949,160.68450195107104,-0.078380927392324,0.0001868403743182779,0.011048959741343227,55831,0.25893155728484113,0.0070999999999999995,index_dividend_yield,0.065,12.26,30,55373.75,55762.6,55373.75,55438.5,mid_price,ok
2026-09-25T09:12:40.005597+00:00,2026-09-25T14:42:40.005597+05:30,BANKNIFTY,29-Sep-2026,56800.0,PE,55671.5,986.2,30,999.8,60,996.75,993.0,3401,-179,634,-18.599428338097184,0,,,,,,,,,,,,,,,0.011048959741343227,,,,,,12.26,30,55373.75,55762.6,55373.75,55438.5,mid_price,no_price_available
2026-09-25T09:12:40.005597+00:00,2026-09-25T14:42:40.005597+05:30,BANKNIFTY,29-Sep-2026,56900.0,CE,55671.5,25.35,90,25.5,60,25.35,25.425,8481,-1197,42931,-35.822784810126585,13.31,0.06585035087281521,0.00016443634599900444,-12.945488118503409,7.494852844096491,1.46389340559179,-0.02559965601433883,129.13205547027528,3.0981396354837577e-07,0.00159785689384217,-2.9216671559649967e-05,-3.18680489485148,164.23563708610777,-0.06403631452061112,0.00015741246898389897,0.011048959741343227,55831,0.25893155728484113,0.0070999999999999995,index_dividend_yield,0.065,12.26,30,55373.75,55762.6,55373.75,55438.5,mid_price,ok
2026-09-25T09:12:40.005597+00:00,2026-09-25T14:42:40.005597+05:30,BANKNIFTY,29-Sep-2026,56900.0,PE,55671.5,1085.9,30,1100,60,1079.6,1092.95,2794,-238,696,-18.683387941098935,0,,,,,,,,,,,,,,,0.011048959741343227,,,,,,12.26,30,55373.75,55762.6,55373.75,55438.5,mid_price,no_price_available
2026-09-25T09:12:40.005597+00:00,2026-09-25T14:42:40.005597+05:30,BANKNIFTY,29-Sep-2026,57000.0,CE,55671.5,20.8,90,20.9,60,20.9,20.85,46547,-4532,174971,-37.982195845697326,13.55,0.054383239422888335,0.0001390451280717433,-11.315736468734563,6.451820985686076,1.3164294069761515,-0.023331236155225154,123.54461105424308,2.756679088809278e-07,0.0016365021521460865,-3.0002237756487358e-05,-2.9889690142788696,166.63927132243126,-0.052796981544657985,0.0001326392052796532,0.011048959741343227,55831,0.25893155728484113,0.0070999999999999995,index_dividend_yield,0.065,12.26,30,55373.75,55762.6,55373.75,55438.5,mid_price,ok
2026-09-25T09:12:40.005597+00:00,2026-09-25T14:42:40.005597+05:30,BANKNIFTY,29-Sep-2026,57000.0,PE,55671.5,1180.55,30,1187.45,30,1186.35,1184.0,15630,-2831,6709,-16.3953488372093,0,,,,,,,,,,,,,,,0.011048959741343227,,,,,,12.26,30,55373.75,55762.6,55373.75,55438.5,mid_price,no_price_available
2026-09-25T09:12:40.005597+00:00,2026-09-25T14:42:40.005597+05:30,BANKNIFTY,29-Sep-2026,57100.0,CE,55671.5,17.15,60,17.25,360,17.2,17.2,6851,155,34431,-40.069686411149824,13.81,0.04512811277926396,0.00011755673235948215,-9.914582860406897,5.559406384833985,1.175278098431331,-0.02114755412081465,116.50673868416827,2.4308414563041923e-07,0.0016124474638574073,-2.9799361046467843e-05,-2.785185727972638,168.44353235326747,-0.043737909716844756,0.00011174835410082088,0.011048959741343227,55831,0.25893155728484113,0.0070999999999999995,index_dividend_yield,0.065,12.26,30,55373.75,55762.6,55373.75,55438.5,mid_price,ok
2026-09-25T09:12:40.005597+00:00,2026-09-25T14:42:40.005597+05:30,BANKNIFTY,29-Sep-2026,57100.0,PE,55671.5,1275.6,60,1282.2,30,1280.4,1278.9,1579,-39,229,-15.743756786102063,0,,,,,,,,,,,,,,,0.011048959741343227,,,,,,12.26,30,55373.75,55762.6,55373.75,55438.5,mid_price,no_price_available
2026-09-25T09:12:40.005597+00:00,2026-09-25T14:42:40.005597+05:30,BANKNIFTY,29-Sep-2026,57200.0,CE,55671.5,14.4,30,14.5,360,14.35,14.45,9250,82,40618,-42.71457085828343,14.1,0.037787102936982016,9.970729036537013e-05,-8.747540533214353,4.814301267201836,1.0453828280131416,-0.01914103303779397,108.7019408361698,2.1301322899982997e-07,0.0015442107995244534,-2.8896914740843367e-05,-2.5868365515785565,169.4703450742772,-0.03656034140242768,9.444972602472088e-05,0.011048959741343227,55831,0.25893155728484113,0.0070999999999999995,index_dividend_yield,0.065,12.26,30,55373.75,55762.6,55373.75,55438.5,mid_price,ok
2026-09-25T09:12:40.005597+00:00,2026-09-25T14:42:40.005597+05:30,BANKNIFTY,29-Sep-2026,57200.0,PE,55671.5,1368.95,30,1387.8,30,1364.8,1378.375,1990,-59,275,-15.103259517292859,0,,,,,,,,,,,,,,,0.011048959741343227,,,,,,12.26,30,55373.75,55762.6,55373.75,55438.5,mid_price,no_price_available
2026-09-25T09:12:40.005597+00:00,2026-09-25T14:42:40.005597+05:30,BANKNIFTY,29-Sep-2026,57300.0,CE,55671.5,12.15,30,12.2,270,12.15,12.175,6367,-1129,31419,-44.89795918367347,14.8,0.03557796589444184,9.04241055172569e-05,-8.721152033060829,4.582823948443996,0.963006831811379,-0.018454648208904936,101.68683913319087,1.8713091152470203e-07,0.0013954690447084918,-2.7272346919790894e-05,-2.51650438366657,162.92011986799002,-0.034354648642037064,8.535733032434155e-05,0.011048959741343227,55831,0.25893155728484113,0.0070999999999999995,index_dividend_yield,0.065,12.26,30,55373.75,55762.6,55373.75,55438.5,mid_price,ok
2026-09-25T09:12:40.005597+00:00,2026-09-25T14:42:40.005597+05:30,BANKNIFTY,29-Sep-2026,57300.0,PE,55671.5,1470.35,30,1486.15,30,1473.95,1478.25,2239,-578,821,-13.927413939093112,0,,,,,,,,,,,,,,,0.011048959741343227,,,,,,12.26,30,55373.75,55762.6,55373.75,55438.5,mid_price,no_price_available
2026-09-25T09:12:40.005597+00:00,2026-09-25T14:42:40.005597+05:30,BANKNIFTY,29-Sep-2026,57400.0,CE,55671.5,10.45,540,10.5,60,10.5,10.475,9837,1271,26744,-45.3125,15.13,0.03043629599861161,7.777424859976697e-05,-7.825802788743417,4.029600475715732,0.860276312643066,-0.016809898357926397,94.3597667254421,1.6421287222982958e-07,0.0013072083171006498,-2.5971622014204164e-05,-2.3430947805555133,162.94113631817598,-0.029338592249891188,7.316070555929569e-05,0.011048959741343227,55831,0.25893155728484113,0.0070999999999999995,index_dividend_yield,0.065,12.26,30,55373.75,55762.6,55373.75,55438.5,mid_price,ok
2026-09-25T09:12:40.005597+00:00,2026-09-25T14:42:40.005597+05:30,BANKNIFTY,29-Sep-2026,57400.0,PE,55671.5,1568.3,30,1580.65,30,1565.85,1574.475,3318,-30,83,-12.255190384130453,0,,,,,,,,,,,,,,,0.011048959741343227,,,,,,12.26,30,55373.75,55762.6,55373.75,55438.5,mid_price,no_price_available
2026-09-25T09:12:40.005597+00:00,2026-09-25T14:42:40.005597+05:30,BANKNIFTY,29-Sep-2026,57500.0,CE,55671.5,9.65,540,9.75,690,9.7,9.7,65635,1942,97049,-45.04249291784703,15.61,0.0272796677765839,6.882395936297922e-05,-7.359363353193642,3.6790000494740194,0.780791877061723,-0.015704732412592036,87.83215759657969,1.447763787347938e-07,0.001202226016241082,-2.453918719824436e-05,-2.222510493775775,160.33485837335616,-0.02624744301206139,6.451635308815994e-05,0.011048959741343227,55831,0.25893155728484113,0.0070999999999999995,index_dividend_yield,0.065,12.26,30,55373.75,55762.6,55373.75,55438.5,mid_price,ok
2026-09-25T09:12:40.005597+00:00,2026-09-25T14:42:40.005597+05:30,BANKNIFTY,29-Sep-2026,57500.0,PE,55671.5,1676.2,90,1683.6,60,1688.85,1679.9,40289,-140,2552,-11.66409498653137,0,,,,,,,,,,,,,,,0.011048959741343227,,,,,,12.26,30,55373.75,55762.6,55373.75,55438.5,mid_price,no_price_available
2026-09-25T09:12:40.005597+00:00,2026-09-25T14:42:40.005597+05:30,BANKNIFTY,29-Sep-2026,57600.0,CE,55671.5,8.4,330,8.5,60,8.5,8.45,10120,715,24725,-47.53086419753087,15.68,0.02173640543110179,5.6620406007224995e-05,-6.100927843470752,3.04022884179589,0.6744336605614478,-0.013598008133491388,79.68659613823759,1.252768941845883e-07,0.0011229744229669168,-2.2917908899741647e-05,-1.9834036890901512,164.43064519766418,-0.020880884922866546,5.2892471214388e-05,0.011048959741343227,55831,0.25893155728484113,0.0070999999999999995,index_dividend_yield,0.065,12.26,30,55373.75,55762.6,55373.75,55438.5,mid_price,ok
2026-09-25T09:12:40.005597+00:00,2026-09-25T14:42:40.005597+05:30,BANKNIFTY,29-Sep-2026,57600.0,PE,55671.5,1762.9,30,1783,30,1750,1772.95,2059,-32,98,-13.041317796715447,0,,,,,,,,,,,,,,,0.011048959741343227,,,,,,12.26,30,55373.75,55762.6,55373.75,55438.5,mid_price,no_price_available
2026-09-25T09:12:40.005597+00:00,2026-09-25T14:42:40.005597+05:30,BANKNIFTY,29-Sep-2026,57700.0,CE,55671.5,7.4,30,7.5,570,7.45,7.45,9571,-1040,19450,-49.14675767918089,16.07,0.019113108192525558,4.954088027863299e-05,-5.59936275259901,2.726257247307619,0.6056735585697332,-0.012492338667590143,73.45068395161402,1.1003615059263783e-07,0.0010264514864141456,-2.139937263501701e-05,-1.8528273853004968,163.06304035291882,-0.018328075895940862,4.61187936630451e-05,0.011048959741343227,55831,0.25893155728484113,0.0070999999999999995,index_dividend_yield,0.065,12.26,30,55373.75,55762.6,55373.75,55438.5,mid_price,ok
2026-09-25T09:12:40.005597+00:00,2026-09-25T14:42:40.005597+05:30,BANKNIFTY,29-Sep-2026,57700.0,PE,55671.5,1863.25,60,1881.1,30,1855,1872.175,4048,-43,69,-10.671289608013097,0,,,,,,,,,,,,,,,0.011048959741343227,,,,,,12.26,30,55373.75,55762.6,55373.75,55438.5,mid_price,no_price_available
2026-09-25T09:12:40.005597+00:00,2026-09-25T14:42:40.005597+05:30,BANKNIFTY,29-Sep-2026,57800.0,CE,55671.5,6.5,210,6.6,300,6.55,6.55,9534,1745,18183,-48.828125,16.4,0.01655179112526901,4.2936761845749e-05,-5.04814094358656,2.411350677176623,0.5396970911809296,-0.011341236811547665,67.29400628888516,9.634103446498028e-08,0.0009364342640585738,-1.9864882247669043e-05,-1.7129893466286727,162.6076215629959,-0.015844225793875292,3.9832673581799354e-05,0.011048959741343227,55831,0.25893155728484113,0.0070999999999999995,index_dividend_yield,0.065,12.26,30,55373.75,55762.6,55373.75,55438.5,mid_price,ok
2026-09-25T09:12:40.005597+00:00,2026-09-25T14:42:40.005597+05:30,BANKNIFTY,29-Sep-2026,57800.0,PE,55671.5,1959.45,30,1981.95,30,1955,1970.7,3704,-33,45,-10.706129533205445,0,,,,,,,,,,,,,,,0.011048959741343227,,,,,,12.26,30,55373.75,55762.6,55373.75,55438.5,mid_price,no_price_available
2026-09-25T09:12:40.005597+00:00,2026-09-25T14:42:40.005597+05:30,BANKNIFTY,29-Sep-2026,57900.0,CE,55671.5,5.85,720,5.95,210,5.9,5.9,5813,27,9350,-50.62761506276151,16.8,0.014719293184045155,3.7899878754975434e-05,-4.670582622004188,2.180390793018419,0.4868465492585353,-0.010464392327395296,62.03560133201646,8.497567056334863e-08,0.0008527137882933622,-1.8484078164196484e-05,-1.603671570908137,160.9608809862403,-0.014064838898295842,3.503858337662789e-05,0.011048959741343227,55831,0.25893155728484113,0.0070999999999999995,index_dividend_yield,0.065,12.26,30,55373.75,55762.6,55373.75,55438.5,mid_price,ok
2026-09-25T09:12:40.005597+00:00,2026-09-25T14:42:40.005597+05:30,BANKNIFTY,29-Sep-2026,57900.0,PE,55671.5,2041.75,30,2077.8,30,2093,2059.775,4545,-15,31,-8.534720097889263,0,,,,,,,,,,,,,,,0.011048959741343227,,,,,,12.26,30,55373.75,55762.6,55373.75,55438.5,mid_price,no_price_available
2026-09-25T09:12:40.005597+00:00,2026-09-25T14:42:40.005597+05:30,BANKNIFTY,29-Sep-2026,58000.0,CE,55671.5,5.5,29310,5.6,1410,5.55,5.55,50575,-1845,86137,-50.88495575221239,17.28,0.013497774247942951,3.4196378459237984e-05,-4.453569081796604,2.023536722146278,0.4461830711102854,-0.00985085524372944,57.74232603847506,7.57492030811815e-08,0.0007779043737100341,-1.7307785388840953e-05,-1.5256757523643092,158.0795199238002,-0.012873927131506287,3.1505760969096144e-05,0.011048959741343227,55831,0.25893155728484113,0.0070999999999999995,index_dividend_yield,0.065,12.26,30,55373.75,55762.6,55373.75,55438.5,mid_price,ok
2026-09-25T09:12:40.005597+00:00,2026-09-25T14:42:40.005597+05:30,BANKNIFTY,29-Sep-2026,58000.0,PE,55671.5,2164.75,60,2172.6,60,2165.65,2168.675,17636,-2330,4496,-9.438183452861354,0,,,,,,,,,,,,,,,0.011048959741343227,,,,,,12.26,30,55373.75,55762.6,55373.75,55438.5,mid_price,no_price_available
2026-09-25T09:12:40.005597+00:00,2026-09-25T14:42:40.005597+05:30,BANKNIFTY,29-Sep-2026,58100.0,CE,55671.5,4.9,120,4.95,450,4.95,4.925000000000001,4231,-463,9684,-51.94174757281554,17.65,0.011982560192561697,3.020188749995801e-05,-4.099600205519478,1.825433567365735,0.40228327260771485,-0.009060482313520734,53.14637343805428,6.696351052100948e-08,0.000708186380249815,-1.606131924649347e-05,-1.4232994026264918,156.86736707262403,-0.011408511958711414,2.7729859346489755e-05,0.011048959741343227,55831,0.25893155728484113,0.0070999999999999995,index_dividend_yield,0.065,12.26,30,55373.75,55762.6,55373.75,55438.5,mid_price,ok
2026-09-25T09:12:40.005597+00:00,2026-09-25T14:42:40.005597+05:30,BANKNIFTY,29-Sep-2026,58100.0,PE,55671.5,2257.45,30,2288.55,30,2254,2273.0,1301,-4,7,-9.343200740055504,0,,,,,,,,,,,,,,,0.011048959741343227,,,,,,12.26,30,55373.75,55762.6,55373.75,55438.5,mid_price,no_price_available
2026-09-25T09:12:40.005597+00:00,2026-09-25T14:42:40.005597+05:30,BANKNIFTY,29-Sep-2026,58200.0,CE,55671.5,4.55,90,4.6,420,4.5,4.574999999999999,3918,-884,7371,-52.38095238095238,18.08,0.010894251888253173,2.7142855792436284e-05,-3.8625090990833653,1.6805103927589369,0.3673838940913554,-0.008466335979565903,49.31712313200131,5.973605141485891e-08,0.0006464134832905198,-1.4991084597207489e-05,-1.3448631035600438,154.76635614853308,-0.010353617489254514,2.48356434328258e-05,0.011048959741343227,55831,0.25893155728484113,0.0070999999999999995,index_dividend_yield,0.065,12.26,30,55373.75,55762.6,55373.75,55438.5,mid_price,ok
2026-09-25T09:12:40.005597+00:00,2026-09-25T14:42:40.005597+05:30,BANKNIFTY,29-Sep-2026,58200.0,PE,55671.5,2363.1,30,2378.55,30,2334,2370.825,1529,-5,37,-9.459433248637431,0,,,,,,,,,,,,,,,0.011048959741343227,,,,,,12.26,30,55373.75,55762.6,55373.75,55438.5,mid_price,no_price_available
2026-09-25T09:12:40.005597+00:00,2026-09-25T14:42:40.005597+05:30,BANKNIFTY,29-Sep-2026,58300.0,CE,55671.5,4,6810,4.05,90,4,4.025,3941,-1388,7847,-56.28415300546448,18.45,0.00974129541586423,2.412667263147226e-05,-3.572247147002916,1.524337167566101,0.33256390398098135,-0.007812562043182935,45.46280117171353,5.304747824209021e-08,0.0005887921998043335,-1.3911145036692242e-05,-1.2570190351458859,153.51315062857984,-0.009241506856922202,2.200017664483656e-05,0.011048959741343227,55831,0.25893155728484113,0.0070999999999999995,index_dividend_yield,0.065,12.26,30,55373.75,55762.6,55373.75,55438.5,mid_price,ok
2026-09-25T09:12:40.005597+00:00,2026-09-25T14:42:40.005597+05:30,BANKNIFTY,29-Sep-2026,58300.0,PE,55671.5,2454.9,30,2478.45,30,2460.7,2466.675,1709,-6,11,-9.498151860093051,0,,,,,,,,,,,,,,,0.011048959741343227,,,,,,12.26,30,55373.75,55762.6,55373.75,55438.5,mid_price,no_price_available
2026-09-25T09:12:40.005597+00:00,2026-09-25T14:42:40.005597+05:30,BANKNIFTY,29-Sep-2026,58400.0,CE,55671.5,3.85,60,3.9,150,3.85,3.875,2730,-98,5282,-54.437869822485204,19,0.00929174142504704,2.248016476109032e-05,-3.5269218006676955,1.462649705423014,0.31226251060831844,-0.007546907712625033,43.00945052491578,4.832093498569091e-08,0.0005427075613456272,-1.318684656647807e-05,-1.2208422108533343,149.84162982888824,-0.008798509760434918,2.0428648771477115e-05,0.011048959741343227,55831,0.25893155728484113,0.0070999999999999995,index_dividend_yield,0.065,12.26,30,55373.75,55762.6,55373.75,55438.5,mid_price,ok
2026-09-25T09:12:40.005597+00:00,2026-09-25T14:42:40.005597+05:30,BANKNIFTY,29-Sep-2026,58400.0,PE,55671.5,2561.2,30,2580.55,30,2550,2570.875,948,-2,24,-8.85695903924512,0,,,,,,,,,,,,,,,0.011048959741343227,,,,,,12.26,30,55373.75,55762.6,55373.75,55438.5,mid_price,no_price_available
2026-09-25T09:12:40.005597+00:00,2026-09-25T14:42:40.005597+05:30,BANKNIFTY,29-Sep-2026,58500.0,CE,55671.5,3.55,30,3.6,420,3.6,3.575,26578,-3417,48476,-54.140127388535035,19.66,0.009214800670931436,2.1567973792653148e-05,-3.6200635296390344,1.4520450738503279,0.3000693986213582,-0.007497219680760926,41.38434235098487,4.4784197146851014e-08,0.0005049904766252416,-1.2682095391634155e-05,-1.2140403722086803,144.96880424621793,-0.008708770443489031,1.9532753121648295e-05,0.011048959741343227,55831,0.25893155728484113,0.0070999999999999995,index_dividend_yield,0.065,12.26,30,55373.75,55762.6,55373.75,55438.5,mid_price,ok
2026-09-25T09:12:40.005597+00:00,2026-09-25T14:42:40.005597+05:30,BANKNIFTY,29-Sep-2026,58500.0,PE,55671.5,2662.65,30,2680.15,30,2670,2671.4,4730,-146,512,-7.607661297299168,0,,,,,,,,,,,,,,,0.011048959741343227,,,,,,12.26,30,55373.75,55762.6,55373.75,55438.5,mid_price,no_price_available
2026-09-25T09:12:40.005597+00:00,2026-09-25T14:42:40.005597+05:30,BANKNIFTY,29-Sep-2026,58600.0,CE,55671.5,3.35,120,3.4,240,3.4,3.375,2022,33,3945,-54.054054054054056,20.16,0.008691693723805804,1.9983250587430626e-05,-3.524334131852127,1.3795705008062173,0.2806124538005479,-0.007183340831701809,39.056028103466645,4.082145536929024e-08,0.00046660080357221854,-1.2001710173427776e-05,-1.170864631409027,142.26031412889998,-0.008199287705075654,1.8035855549890762e-05,0.011048959741343227,55831,0.25893155728484113,0.0070999999999999995,index_dividend_yield,0.065,12.26,30,55373.75,55762.6,55373.75,55438.5,mid_price,ok
2026-09-25T09:12:40.005597+00:00,2026-09-25T14:42:40.005597+05:30,BANKNIFTY,29-Sep-2026,58600.0,PE,55671.5,2723.8,30,2800.25,30,2874.5,2762.025,486,-32,48,-2.7291338849127795,30.38,,,,,,,,,,,,,,,0.011048959741343227,,,,,,12.26,30,55373.75,55762.6,55373.75,55438.5,mid_price,no_price_available
2026-09-25T09:12:40.005597+00:00,2026-09-25T14:42:40.005597+05:30,BANKNIFTY,29-Sep-2026,58700.0,CE,55671.5,2.95,30,3,150,3,2.975,2403,759,6127,-56.83453237410072,20.1,0.006824715478287397,1.6200381852815028e-05,-2.8386271238176612,1.1150864687565447,0.23581760205897054,-0.006014444532886616,34.03375551456567,3.456638024530409e-08,0.00041384692644345683,-1.0597336548784633e-05,-1.0063379255438627,146.21752344613887,-0.006428342005118774,1.4571856801092316e-05,0.011048959741343227,55831,0.25893155728484113,0.0070999999999999995,index_dividend_yield,0.065,12.26,30,55373.75,55762.6,55373.75,55438.5,mid_price,ok
2026-09-25T09:12:40.005597+00:00,2026-09-25T14:42:40.005597+05:30,BANKNIFTY,29-Sep-2026,58700.0,PE,55671.5,2835.15,30,2899.95,30,3031.9,2867.55,371,-3,14,-0.23362948338269168,37.8,,,,,,,,,,,,,,,0.011048959741343227,,,,,,12.26,30,55373.75,55762.6,55373.75,55438.5,mid_price,no_price_available
2026-09-25T09:12:40.005597+00:00,2026-09-25T14:42:40.005597+05:30,BANKNIFTY,29-Sep-2026,58800.0,CE,55671.5,2.9,180,3,180,3,2.95,2504,-1574,5633,-55.55555555555556,20.69,0.006686410422594091,1.545626014678171e-05,-2.8676909080488855,1.0950958839668605,0.22570461047321252,-0.005921088322480736,32.670993814212345,3.2087988771052827e-08,0.00038640862560206134,-1.0175639061671913e-05,-0.9929257953681951,142.36165206194448,-0.006286185904880339,1.3855289756813157e-05,0.011048959741343227,55831,0.25893155728484113,0.0070999999999999995,index_dividend_yield,0.065,12.26,30,55373.75,55762.6,55373.75,55438.5,mid_price,ok
2026-09-25T09:12:40.005597+00:00,2026-09-25T14:42:40.005597+05:30,BANKNIFTY,29-Sep-2026,58800.0,PE,55671.5,2927.6,30,3001.75,30,3075.1,2964.675,469,2,9,0.16612377850162866,32.12,,,,,,,,,,,,,,,0.011048959741343227,,,,,,12.26,30,55373.75,55762.6,55373.75,55438.5,mid_price,no_price_available
2026-09-25T09:12:40.005597+00:00,2026-09-25T14:42:40.005597+05:30,BANKNIFTY,29-Sep-2026,58900.0,CE,55671.5,2.95,480,3.15,120,3,3.05,1206,-704,3342,-49.152542372881356,21.31,0.006625874559380748,1.4886410862542747e-05,-2.9281584251053996,1.0863272860076625,0.2177229540409925,-0.005878729981044507,31.557060523849213,2.999774539918812e-08,0.0003625763343648531,-9.825726726713275e-06,-0.9868254550773999,138.370441978786,-0.006217428580018383,1.3299192053110077e-05,0.011048959741343227,55831,0.25893155728484113,0.0070999999999999995,index_dividend_yield,0.065,12.26,30,55373.75,55762.6,55373.75,55438.5,mid_price,ok
2026-09-25T09:12:40.005597+00:00,2026-09-25T14:42:40.005597+05:30,BANKNIFTY,29-Sep-2026,58900.0,PE,55671.5,3024.15,30,3103.5,30,3130,3063.825,580,-12,16,-4.573170731707317,20.88,,,,,,,,,,,,,,,0.011048959741343227,,,,,,12.26,30,55373.75,55762.6,55373.75,55438.5,mid_price,no_price_available
2026-09-25T09:12:40.005597+00:00,2026-09-25T14:42:40.005597+05:30,BANKNIFTY,29-Sep-2026,59000.0,CE,55671.5,2.8,60,2.85,600,2.8,2.825,27513,-799,44334,-51.724137931034484,21.72,0.006139041319643943,1.365155568591159e-05,-2.7880612786266123,1.0153813985580633,0.20186381655307173,-0.005551925017292946,29.578753211893183,2.7287185456946516e-08,0.0003348197426770889,-9.239618434562018e-06,-0.9394795506586321,136.79070165983177,-0.005750358524243579,1.2154692262083531e-05,0.011048959741343227,55831,0.25893155728484113,0.0070999999999999995,index_dividend_yield,0.065,12.26,30,55373.75,55762.6,55373.75,55438.5,mid_price,ok
2026-09-25T09:12:40.005597+00:00,2026-09-25T14:42:40.005597+05:30,BANKNIFTY,29-Sep-2026,59000.0,PE,55671.5,3167.05,30,3182.3,30,3170,3174.675,5242,-450,982,-7.136161237403328,0,,,,,,,,,,,,,,,0.011048959741343227,,,,,,12.26,30,55373.75,55762.6,55373.75,55438.5,mid_price,no_price_available
2026-09-25T09:12:40.005597+00:00,2026-09-25T14:42:40.005597+05:30,BANKNIFTY,29-Sep-2026,59100.0,CE,55671.5,2.65,60,2.95,240,2.75,2.8,1043,412,3631,-47.61904761904762,22.24,0.005911175294611641,1.2892783239343662e-05,-2.75920807401023,0.9819032583173863,0.19169287205492766,-0.005395155645638224,28.238231505495257,2.528196983791197e-08,0.00031280174311365137,-8.83160549860763e-06,-0.9165768735004816,134.1027243213336,-0.005526734787030556,1.1440304009347184e-05,0.011048959741343227,55831,0.25893155728484113,0.0070999999999999995,index_dividend_yield,0.065,12.26,30,55373.75,55762.6,55373.75,55438.5,mid_price,ok
2026-09-25T09:12:40.005597+00:00,2026-09-25T14:42:40.005597+05:30,BANKNIFTY,29-Sep-2026,59100.0,PE,55671.5,3224.6,30,3307.35,30,3505.05,3265.975,210,-1,8,4.628358208955224,48.04,,,,,,,,,,,,,,,0.011048959741343227,,,,,,12.26,30,55373.75,55762.6,55373.75,55438.5,mid_price,no_price_available
2026-09-25T09:12:40.005597+00:00,2026-09-25T14:42:40.005597+05:30,BANKNIFTY,29-Sep-2026,59200.0,CE,55671.5,2.2,30,2.45,30,2.25,2.325,1499,-1155,4656,-58.71559633027523,22.31,0.004918283948737038,1.0914107560338544e-05,-2.3494530918264447,0.8338252396169765,0.16637449258115333,-0.004695101769254739,25.132789406392575,2.193129705982144e-08,0.000280041243529607,-7.924040975497242e-06,-0.8127230572052802,136.03009210145598,-0.004591138417371097,9.651852181612172e-06,0.011048959741343227,55831,0.25893155728484113,0.0070999999999999995,index_dividend_yield,0.065,12.26,30,55373.75,55762.6,55373.75,55438.5,mid_price,ok
2026-09-25T09:12:40.005597+00:00,2026-09-25T14:42:40.005597+05:30,BANKNIFTY,29-Sep-2026,59200.0,PE,55671.5,3321.45,30,3409.75,30,3484,3365.6,53,1,8,0.3398421749899199,36.67,,,,,,,,,,,,,,,0.011048959741343227,,,,,,12.26,30,55373.75,55762.6,55373.75,55438.5,mid_price,no_price_available
2026-09-25T09:12:40.005597+00:00,2026-09-25T14:42:40.005597+05:30,BANKNIFTY,29-Sep-2026,59300.0,CE,55671.5,2.3,480,3,60,2.4,2.65,1069,-162,1383,-53.398058252427184,23.03,0.005088002148073119,1.0897247570204457e-05,-2.498397256550515,0.8594052307529687,0.16541726690928954,-0.0048159432158044945,24.874676525658113,2.1067112824087988e-08,0.0002680871231646878,-7.825798459396728e-06,-0.8308407006900438,131.38996815100163,-0.004740318115679706,9.604467180075114e-06,0.011048959741343227,55831,0.25893155728484113,0.0070999999999999995,index_dividend_yield,0.065,12.26,30,55373.75,55762.6,55373.75,55438.5,mid_price,wide_quote_low_liquidity
2026-09-25T09:12:40.005597+00:00,2026-09-25T14:42:40.005597+05:30,BANKNIFTY,29-Sep-2026,59300.0,PE,55671.5,3416.8,30,3513.8,30,0.0,3465.3,52,0,0,0,0,,,,,,,,,,,,,,,0.011048959741343227,,,,,,12.26,30,55373.75,55762.6,55373.75,55438.5,mid_price,no_price_available
2026-09-25T09:12:40.005597+00:00,2026-09-25T14:42:40.005597+05:30,BANKNIFTY,29-Sep-2026,59400.0,CE,55671.5,2.6,180,3.05,360,2.6,2.825,1168,-104,1585,-45.26315789473684,23.8,0.005336824007959857,1.1002301561643335e-05,-2.692655269218178,0.8967011743755477,0.16599586534727728,-0.004991579912803948,24.800631603840273,2.0399395225768032e-08,0.00025806438941944777,-7.780724649114518e-06,-0.8570285094563864,126.60008053060439,-0.004962326039161939,9.664435687224159e-06,0.011048959741343227,55831,0.25893155728484113,0.0070999999999999995,index_dividend_yield,0.065,12.26,30,55373.75,55762.6,55373.75,55438.5,mid_price,wide_quote_low_liquidity
2026-09-25T09:12:40.005597+00:00,2026-09-25T14:42:40.005597+05:30,BANKNIFTY,29-Sep-2026,59400.0,PE,55671.5,3523,30,3611.45,30,0.0,3567.225,120,0,0,0,0,,,,,,,,,,,,,,,0.011048959741343227,,,,,,12.26,30,55373.75,55762.6,55373.75,55438.5,mid_price,no_price_available
2026-09-25T09:12:40.005597+00:00,2026-09-25T14:42:40.005597+05:30,BANKNIFTY,29-Sep-2026,59500.0,CE,55671.5,2.1,30,2.15,600,2.15,2.125,10698,-1431,10596,-54.73684210526316,23.86,0.00447720367058796,9.384574933761647e-06,-2.307482618975215,0.766782659457653,0.14492012173528396,-0.004367171151486765,22.16554908474916,1.7805052805036636e-08,0.000231944857126666,-7.005330968625478e-06,-0.7631248056202081,128.36083789064404,-0.004156484570130455,8.215736860930713e-06,0.011048959741343227,55831,0.25893155728484113,0.0070999999999999995,index_dividend_yield,0.065,12.26,30,55373.75,55762.6,55373.75,55438.5,mid_price,ok
2026-09-25T09:12:40.005597+00:00,2026-09-25T14:42:40.005597+05:30,BANKNIFTY,29-Sep-2026,59500.0,PE,55671.5,3652.6,30,3682,30,3638.4,3667.3,1056,-19,44,-7.187224978636022,0,,,,,,,,,,,,,,,0.011048959741343227,,,,,,12.26,30,55373.75,55762.6,55373.75,55438.5,mid_price,no_price_available
2026-09-25T09:12:40.005597+00:00,2026-09-25T14:42:40.005597+05:30,BANKNIFTY,29-Sep-2026,59600.0,CE,55671.5,2.15,180,2.45,300,2.35,2.3,421,-51,866,-48.35164835164835,24.64,0.00472846713958295,9.54132626370221e-06,-2.5008014663147984,0.8050756426026134,0.14634133906898938,-0.004551820711244633,22.222730769266672,1.7361465775468846e-08,0.00022464446868890236,-7.00314600226749e-06,-0.7911276098815583,123.70496527182047,-0.004381088676178053,8.324958423342721e-06,0.011048959741343227,55831,0.25893155728484113,0.0070999999999999995,index_dividend_yield,0.065,12.26,30,55373.75,55762.6,55373.75,55438.5,mid_price,ok
2026-09-25T09:12:40.005597+00:00,2026-09-25T14:42:40.005597+05:30,BANKNIFTY,29-Sep-2026,59600.0,PE,55671.5,3718,30,3817.45,30,0.0,3767.725,14,0,0,0,0,,,,,,,,,,,,,,,0.011048959741343227,,,,,,12.26,30,55373.75,55762.6,55373.75,55438.5,mid_price,no_price_available
2026-09-25T09:12:40.005597+00:00,2026-09-25T14:42:40.005597+05:30,BANKNIFTY,29-Sep-2026,59700.0,CE,55671.5,2.3,60,2.45,120,2.4,2.375,474,113,391,-42.857142857142854,25.71,0.005416966615304485,1.032080327221758e-05,-2.9437935784038216,0.9086629359830204,0.15552104252152715,-0.0050446646823145164,23.188429869911708,1.7606242050179476e-08,0.00022323267162682752,-7.258603847489004e-06,-0.8649079223840231,117.09906137178916,-0.005008296657150636,8.974922016218958e-06,0.011048959741343227,55831,0.25893155728484113,0.0070999999999999995,index_dividend_yield,0.065,12.26,30,55373.75,55762.6,55373.75,55438.5,mid_price,ok
2026-09-25T09:12:40.005597+00:00,2026-09-25T14:42:40.005597+05:30,BANKNIFTY,29-Sep-2026,59700.0,PE,55671.5,3526.35,330,3897.45,30,0.0,3711.8999999999996,22,0,0,0,0,,,,,,,,,,,,,,,0.011048959741343227,,,,,,12.26,30,55373.75,55762.6,55373.75,55438.5,mid_price,no_price_available
2026-09-25T09:12:40.005597+00:00,2026-09-25T14:42:40.005597+05:30,BANKNIFTY,29-Sep-2026,59800.0,CE,55671.5,2.2,270,2.45,120,2.35,2.325,1111,50,957,-47.19101123595506,26.2,0.005224306012711351,9.806812483029946e-06,-2.9037614424518132,0.8798657239612023,0.14852909874966133,-0.0049077006917259865,22.25551252033159,1.6489558119218824e-08,0.00021062155335555636,-6.975243188363955e-06,-0.8445396141610394,115.31928863582623,-0.0048214526424447905,8.499460290462813e-06,0.011048959741343227,55831,0.25893155728484113,0.0070999999999999995,index_dividend_yield,0.065,12.26,30,55373.75,55762.6,55373.75,55438.5,mid_price,ok
2026-09-25T09:12:40.005597+00:00,2026-09-25T14:42:40.005597+05:30,BANKNIFTY,29-Sep-2026,59800.0,PE,55671.5,3916.35,30,4017.1,30,0.0,3966.725,8,0,0,0,0,,,,,,,,,,,,,,,0.011048959741343227,,,,,,12.26,30,55373.75,55762.6,55373.75,55438.5,mid_price,no_price_available
2026-09-25T09:12:40.005597+00:00,2026-09-25T14:42:40.005597+05:30,BANKNIFTY,29-Sep-2026,59900.0,CE,55671.5,1.8,330,2.15,180,1.85,1.975,669,-47,654,-50.666666666666664,25.63,0.0036790336006789753,7.328352901955096e-06,-2.0760289516249544,0.6431943462299722,0.11609501633106419,-0.003752058981166752,18.207855768324897,1.3250140640420842e-08,0.00017885768065935785,-5.789827403532956e-06,-0.6683074711752445,121.68831412401168,-0.0033912218455765366,6.3302166826772775e-06,0.011048959741343227,55831,0.25893155728484113,0.0070999999999999995,index_dividend_yield,0.065,12.26,30,55373.75,55762.6,55373.75,55438.5,mid_price,wide_quote_low_liquidity
2026-09-25T09:12:40.005597+00:00,2026-09-25T14:42:40.005597+05:30,BANKNIFTY,29-Sep-2026,59900.0,PE,55671.5,4016.3,30,4105.1,30,0.0,4060.7000000000003,17,0,0,0,19.79,,,,,,,,,,,,,,,0.011048959741343227,,,,,,12.26,30,55373.75,55762.6,55373.75,55438.5,mid_price,no_price_available
2026-09-25T09:12:40.005597+00:00,2026-09-25T14:42:40.005597+05:30,BANKNIFTY,29-Sep-2026,60000.0,CE,55671.5,2,30090,2.05,750,2,2.025,29159,-718,17866,-48.717948717948715,26.44,0.003938913869569262,7.552073660413603e-06,-2.2759180031902932,0.6837776561681761,0.11866315101717725,-0.00395448268422964,18.45146301246875,1.309167273113933e-08,0.00017522306576852416,-5.849070734207644e-06,-0.6997784204192231,117.27574661264981,-0.0036235902910258734,6.501739462834438e-06,0.011048959741343227,55831,0.25893155728484113,0.0070999999999999995,index_dividend_yield,0.065,12.26,30,55373.75,55762.6,55373.75,55438.5,mid_price,ok
2026-09-25T09:12:40.005597+00:00,2026-09-25T14:42:40.005597+05:30,BANKNIFTY,29-Sep-2026,60000.0,PE,55671.5,4166.05,30,4188.9,30,4165,4177.475,8288,-282,1444,-5.269861487024359,0,,,,,,,,,,,,,,,0.011048959741343227,,,,,,12.26,30,55373.75,55762.6,55373.75,55438.5,mid_price,no_price_available
2026-09-25T09:12:40.005597+00:00,2026-09-25T14:42:40.005597+05:30,BANKNIFTY,29-Sep-2026,60100.0,CE,55671.5,2.25,780,2.3,630,2.25,2.275,2383,933,1763,-39.189189189189186,27.18,0.0041155938900183766,7.640804311859126e-06,-2.432506058406639,0.7111738295565534,0.119428981364919,-0.004089724366046635,18.466963246589195,1.278942809489648e-08,0.00017029281805305336,-5.8412575315736e-06,-0.720654586526343,113.66011596128092,-0.0037787926670719138,6.556257149380377e-06,0.011048959741343227,55831,0.25893155728484113,0.0070999999999999995,index_dividend_yield,0.065,12.26,30,55373.75,55762.6,55373.75,55438.5,mid_price,ok
2026-09-25T09:12:40.005597+00:00,2026-09-25T14:42:40.005597+05:30,BANKNIFTY,29-Sep-2026,60100.0,PE,55671.5,3967.3,300,4512,300,0.0,4239.65,8,0,0,0,0,,,,,,,,,,,,,,,0.011048959741343227,,,,,,12.26,30,55373.75,55762.6,55373.75,55438.5,mid_price,no_price_available
2026-09-25T09:12:40.005597+00:00,2026-09-25T14:42:40.005597+05:30,BANKNIFTY,29-Sep-2026,60200.0,CE,55671.5,1.65,330,1.9,60,1.65,1.775,500,-26,273,-51.470588235294116,26.99,0.003265690869864697,6.252573718406693e-06,-1.96234501245029,0.5778950074220703,0.10055592417399145,-0.0034188662844992215,16.00409907284539,1.0877605428666822e-08,0.00014998790189211573,-5.105937782442175e-06,-0.6158908060165642,116.8141734900516,-0.0029941784166471704,5.347264715062199e-06,0.011048959741343227,55831,0.25893155728484113,0.0070999999999999995,index_dividend_yield,0.065,12.26,30,55373.75,55762.6,55373.75,55438.5,mid_price,ok
2026-09-25T09:12:40.005597+00:00,2026-09-25T14:42:40.005597+05:30,BANKNIFTY,29-Sep-2026,60200.0,PE,55671.5,4147.8,300,4890.25,300,0.0,4519.025,6,0,0,0,17.67,,,,,,,,,,,,,,,0.011048959741343227,,,,,,12.26,30,55373.75,55762.6,55373.75,55438.5,mid_price,no_price_available
2026-09-25T09:12:40.005597+00:00,2026-09-25T14:42:40.005597+05:30,BANKNIFTY,29-Sep-2026,60300.0,CE,55671.5,1.6,90,1.75,90,1.65,1.675,349,-31,439,-49.23076923076923,27.43,0.0031350050068873446,5.9302959811590325e-06,-1.9218132480211165,0.5570438891218309,0.09585679750619287,-0.0033112382774429703,15.331810190205463,1.019721759839155e-08,0.00014159983927223256,-4.896951542071505e-06,-0.5987884022364884,115.36093195641088,-0.0028692789989426077,5.054842069024256e-06,0.011048959741343227,55831,0.25893155728484113,0.0070999999999999995,index_dividend_yield,0.065,12.26,30,55373.75,55762.6,55373.75,55438.5,mid_price,ok
2026-09-25T09:12:40.005597+00:00,2026-09-25T14:42:40.005597+05:30,BANKNIFTY,29-Sep-2026,60300.0,PE,55671.5,4273.85,300,4801.15,300,0.0,4537.5,0,0,0,0,0,,,,,,,,,,,,,,,0.011048959741343227,,,,,,12.26,30,55373.75,55762.6,55373.75,55438.5,mid_price,no_price_available
2026-09-25T09:12:40.005597+00:00,2026-09-25T14:42:40.005597+05:30,BANKNIFTY,29-Sep-2026,60400.0,CE,55671.5,1.5,1740,2,30,1.9,1.75,233,-23,193,-42.42424242424242,28.35,0.0034745868683549205,6.293789535158828e-06,-2.178012624210241,0.6110159065384716,0.10051347848045013,-0.0035870225676444467,15.876402285897317,1.0313075042575034e-08,0.00014133240704914714,-5.049994156584439e-06,-0.6424413591678105,110.65695280813048,-0.0031736324270698795,5.346926136647046e-06,0.011048959741343227,55831,0.25893155728484113,0.0070999999999999995,index_dividend_yield,0.065,12.26,30,55373.75,55762.6,55373.75,55438.5,mid_price,wide_quote_low_liquidity
2026-09-25T09:12:40.005597+00:00,2026-09-25T14:42:40.005597+05:30,BANKNIFTY,29-Sep-2026,60400.0,PE,55671.5,4359.2,480,4846.1,150,0.0,4602.65,6,0,0,0,0,,,,,,,,,,,,,,,0.011048959741343227,,,,,,12.26,30,55373.75,55762.6,55373.75,55438.5,mid_price,no_price_available
2026-09-25T09:12:40.005597+00:00,2026-09-25T14:42:40.005597+05:30,BANKNIFTY,29-Sep-2026,60500.0,CE,55671.5,1.8,30,1.85,240,1.8,1.8250000000000002,9009,-1335,5452,-44.61538461538461,28.64,0.0031996711512843716,5.785081030663632e-06,-2.0426140247412645,0.5673743486806262,0.09332451326550593,-0.0033637585104358144,14.890052159211075,9.481048250974035e-09,0.00013162056047238114,-4.7491742308967446e-06,-0.6071441952528998,110.3325369617311,-0.002917619918722976,4.898516137419963e-06,0.011048959741343227,55831,0.25893155728484113,0.0070999999999999995,index_dividend_yield,0.065,12.26,30,55373.75,55762.6,55373.75,55438.5,mid_price,ok
2026-09-25T09:12:40.005597+00:00,2026-09-25T14:42:40.005597+05:30,BANKNIFTY,29-Sep-2026,60500.0,PE,55671.5,4624.4,30,4692.4,60,4745.25,4658.4,290,0,18,-3.213469853961002,38.72,,,,,,,,,,,,,,,0.011048959741343227,,,,,,12.26,30,55373.75,55762.6,55373.75,55438.5,mid_price,no_price_available
2026-09-25T09:12:40.005597+00:00,2026-09-25T14:42:40.005597+05:30,BANKNIFTY,29-Sep-2026,60600.0,CE,55671.5,1.6,180,2.45,120,1.9,2.0250000000000004,112,-1,228,-17.391304347826086,29.07,0.003073327733120836,5.496517230941736e-06,-1.998924158778198,0.5471669568714617,0.08911080128757133,-0.0032592618041985912,14.286941288435163,8.914827313292655e-09,0.0001246079128311722,-4.561991653162664e-06,-0.5904977017027377,109.09124692192047,-0.002797498065013952,4.638827161774455e-06,0.011048959741343227,55831,0.25893155728484113,0.0070999999999999995,index_dividend_yield,0.065,12.26,30,55373.75,55762.6,55373.75,55438.5,mid_price,wide_quote_low_liquidity
2026-09-25T09:12:40.005597+00:00,2026-09-25T14:42:40.005597+05:30,BANKNIFTY,29-Sep-2026,60600.0,PE,55671.5,4550.8,300,5121.3,300,0.0,4836.05,0,0,0,0,0,,,,,,,,,,,,,,,0.011048959741343227,,,,,,12.26,30,55373.75,55762.6,55373.75,55438.5,mid_price,no_price_available
2026-09-25T09:12:40.005597+00:00,2026-09-25T14:42:40.005597+05:30,BANKNIFTY,29-Sep-2026,60700.0,CE,55671.5,1.45,120,2.85,30,3.85,2.15,599,-23,215,75,32.28,0.005989077042820979,8.98648173387603e-06,-4.027822163131986,0.9933686711144709,0.13392481419628124,-0.005434762297562372,19.692497343523073,1.1917453603259127e-08,0.00015030699728714494,-6.111499541003269e-06,-0.9223639099038151,92.56531120844154,-0.0054335897125185285,7.559240446560026e-06,0.011048959741343227,55831,0.25893155728484113,0.0070999999999999995,index_dividend_yield,0.065,12.26,30,55373.75,55762.6,55373.75,55438.5,mid_price,wide_quote_low_liquidity
2026-09-25T09:12:40.005597+00:00,2026-09-25T14:42:40.005597+05:30,BANKNIFTY,29-Sep-2026,60700.0,PE,55671.5,4653.05,300,5219.55,300,0.0,4936.3,0,0,0,0,0,,,,,,,,,,,,,,,0.011048959741343227,,,,,,12.26,30,55373.75,55762.6,55373.75,55438.5,mid_price,no_price_available
2026-09-25T09:12:40.005597+00:00,2026-09-25T14:42:40.005597+05:30,BANKNIFTY,29-Sep-2026,60800.0,CE,55671.5,1.25,600,4,30,1.65,2.625,3,0,3,-19.51219512195122,30.29,0.0031501353356092987,5.393678521362764e-06,-2.128523186247941,0.5594632555298467,0.08722743078714515,-0.0033223139824135584,13.9435419693269,8.352645479119773e-09,0.00011661817072884594,-4.445810042494818e-06,-0.6005514414564644,104.51348188398661,-0.002856821835464081,4.52213731031982e-06,0.011048959741343227,55831,0.25893155728484113,0.0070999999999999995,index_dividend_yield,0.065,12.26,30,55373.75,55762.6,55373.75,55438.5,mid_price,wide_quote_low_liquidity
2026-09-25T09:12:40.005597+00:00,2026-09-25T14:42:40.005597+05:30,BANKNIFTY,29-Sep-2026,60800.0,PE,55671.5,4745.15,300,5366.4,300,0.0,5055.775,0,0,0,0,0,,,,,,,,,,,,,,,0.011048959741343227,,,,,,12.26,30,55373.75,55762.6,55373.75,55438.5,mid_price,no_price_available
2026-09-25T09:12:40.005597+00:00,2026-09-25T14:42:40.005597+05:30,BANKNIFTY,29-Sep-2026,60900.0,CE,55671.5,1,90,2.8,600,0.0,1.9,12,0,0,0,28.39,0.001480868830102933,2.9029829367403076e-06,-1.0063403938071145,0.282226059958646,0.05099143553912485,-0.0018215966463090108,8.86704333492469,5.2709080099013934e-09,8.097887061778787e-05,-2.8925634653286047e-06,-0.35186214992576625,118.47288054560984,-0.001342304025358031,2.4259159161104167e-06,0.011048959741343227,55831,0.25893155728484113,0.0070999999999999995,index_dividend_yield,0.065,12.26,30,55373.75,55762.6,55373.75,55438.5,mid_price,wide_quote_low_liquidity
2026-09-25T09:12:40.005597+00:00,2026-09-25T14:42:40.005597+05:30,BANKNIFTY,29-Sep-2026,60900.0,PE,55671.5,4829.3,300,5489.75,570,0.0,5159.525,0,0,0,0,0,,,,,,,,,,,,,,,0.011048959741343227,,,,,,12.26,30,55373.75,55762.6,55373.75,55438.5,mid_price,no_price_available
2026-09-25T09:12:40.005597+00:00,2026-09-25T14:42:40.005597+05:30,BANKNIFTY,29-Sep-2026,61000.0,CE,55671.5,1.75,780,1.8,2730,1.75,1.775,19534,-1909,6314,-32.69230769230769,31.22,0.0029846133404257008,4.984718443982525e-06,-2.088830658175686,0.5329184653648479,0.08115959901293118,-0.003184630645747121,13.05782826500268,7.530990917172031e-09,0.00010616975289302716,-4.169168411027508e-06,-0.5785577717831174,101.89740198111625,-0.0026971682351940624,4.151899272109944e-06,0.011048959741343227,55831,0.25893155728484113,0.0070999999999999995,index_dividend_yield,0.065,12.26,30,55373.75,55762.6,55373.75,55438.5,mid_price,ok
2026-09-25T09:12:40.005597+00:00,2026-09-25T14:42:40.005597+05:30,BANKNIFTY,29-Sep-2026,61000.0,PE,55671.5,5143.4,30,5189.25,30,5170,5166.325,1561,-165,591,-3.5492747539760274,0,,,,,,,,,,,,,,,0.011048959741343227,,,,,,12.26,30,55373.75,55762.6,55373.75,55438.5,mid_price,no_price_available
2026-09-25T09:12:40.005597+00:00,2026-09-25T14:42:40.005597+05:30,BANKNIFTY,29-Sep-2026,61100.0,CE,55671.5,1.45,120,1.75,90,1.45,1.6,105,-81,248,-29.26829268292683,31.52,0.0027820320941351136,4.634057681326335e-06,-1.978982249808908,0.5001898575722626,0.07608145378431566,-0.0030135420400004376,12.343004278930286,6.993395791206309e-09,9.964925975490618e-05,-3.949520254879337e-06,-0.5510227549837797,101.53893849104462,-0.0025098948371142385,3.847200856640547e-06,0.011048959741343227,55831,0.25893155728484113,0.0070999999999999995,index_dividend_yield,0.065,12.26,30,55373.75,55762.6,55373.75,55438.5,mid_price,wide_quote_low_liquidity
2026-09-25T09:12:40.005597+00:00,2026-09-25T14:42:40.005597+05:30,BANKNIFTY,29-Sep-2026,61100.0,PE,55671.5,5018.9,300,5670.85,870,0.0,5344.875,0,0,0,0,0,,,,,,,,,,,,,,,0.011048959741343227,,,,,,12.26,30,55373.75,55762.6,55373.75,55438.5,mid_price,no_price_available
2026-09-25T09:12:40.005597+00:00,2026-09-25T14:42:40.005597+05:30,BANKNIFTY,29-Sep-2026,61200.0,CE,55671.5,1.5,30,2.95,60,1.2,2.225,3,0,127,-61.29032258064516,31.09,0.002109785834584516,3.658020891613251e-06,-1.5196057981683397,0.3894521813247681,0.06194960520681082,-0.0024205382486630037,10.372372533306779,5.792721135088146e-09,8.565725705859111e-05,-3.3476394639470964e-06,-0.45367262911288114,105.30183788552466,-0.0019009727125725772,3.0269774330171827e-06,0.011048959741343227,55831,0.25893155728484113,0.0070999999999999995,index_dividend_yield,0.065,12.26,30,55373.75,55762.6,55373.75,55438.5,mid_price,wide_quote_low_liquidity
2026-09-25T09:12:40.005597+00:00,2026-09-25T14:42:40.005597+05:30,BANKNIFTY,29-Sep-2026,61200.0,PE,55671.5,5109.9,300,5767,300,0.0,5438.45,0,0,0,0,0,,,,,,,,,,,,,,,0.011048959741343227,,,,,,12.26,30,55373.75,55762.6,55373.75,55438.5,mid_price,no_price_available
2026-09-25T09:12:40.005597+00:00,2026-09-25T14:42:40.005597+05:30,BANKNIFTY,29-Sep-2026,61300.0,CE,55671.5,1.25,300,3,30,1.85,2.125,9,1,78,-28.846153846153847,32.93,0.003010127758085942,4.76225546168692e-06,-2.218771639244768,0.537021479109161,0.07750968173401442,-0.0032056862702882047,12.457952112578162,6.798033696240097e-09,9.601270464162527e-05,-3.9735663394468085e-06,-0.581930425655824,96.58453495499916,-0.0027054369399684285,3.9278743405139175e-06,0.011048959741343227,55831,0.25893155728484113,0.0070999999999999995,index_dividend_yield,0.065,12.26,30,55373.75,55762.6,55373.75,55438.5,mid_price,wide_quote_low_liquidity
2026-09-25T09:12:40.005597+00:00,2026-09-25T14:42:40.005597+05:30,BANKNIFTY,29-Sep-2026,61300.0,PE,55671.5,5208.3,300,5856.65,300,0.0,5532.475,0,0,0,0,0,,,,,,,,,,,,,,,0.011048959741343227,,,,,,12.26,30,55373.75,55762.6,55373.75,55438.5,mid_price,no_price_available
2026-09-25T09:12:40.005597+00:00,2026-09-25T14:42:40.005597+05:30,BANKNIFTY,29-Sep-2026,61400.0,CE,55671.5,1.2,600,4.55,60,1.35,2.875,13,0,18,-22.857142857142858,32.43,0.0022743509698666124,3.753938557807692e-06,-1.6960536423338954,0.41688987340984923,0.06307976096478289,-0.002569529071149007,10.473418009791235,5.63668505998416e-09,8.27322082588427e-05,-3.3709496893242496e-06,-0.4784277384858038,100.37691306858214,-0.0020416143182603675,3.086144549497128e-06,0.011048959741343227,55831,0.25893155728484113,0.0070999999999999995,index_dividend_yield,0.065,12.26,30,55373.75,55762.6,55373.75,55438.5,mid_price,wide_quote_low_liquidity
2026-09-25T09:12:40.005597+00:00,2026-09-25T14:42:40.005597+05:30,BANKNIFTY,29-Sep-2026,61400.0,PE,55671.5,5318.6,300,5881.65,300,0.0,5600.125,0,0,0,0,0,,,,,,,,,,,,,,,0.011048959741343227,,,,,,12.26,30,55373.75,55762.6,55373.75,55438.5,mid_price,no_price_available
2026-09-25T09:12:40.005597+00:00,2026-09-25T14:42:40.005597+05:30,BANKNIFTY,29-Sep-2026,61500.0,CE,55671.5,1.2,300,1.3,720,1.25,1.25,7058,-301,2097,-45.65217391304348,32.69,0.0021056236894108037,3.4727543927609454e-06,-1.5939901731325619,0.38875521418895753,0.05885881133856487,-0.002416533842380155,9.857046401354985,5.218803125001703e-09,7.742835165415479e-05,-3.1793663123763683e-06,-0.45300426088010415,100.20971174235757,-0.0018870479690564943,2.8457037342375783e-06,0.011048959741343227,55831,0.25893155728484113,0.0070999999999999995,index_dividend_yield,0.065,12.26,30,55373.75,55762.6,55373.75,55438.5,mid_price,ok
2026-09-25T09:12:40.005597+00:00,2026-09-25T14:42:40.005597+05:30,BANKNIFTY,29-Sep-2026,61500.0,PE,55671.5,5629.85,30,5686.15,30,5811.6,5658.0,345,-8,21,-0.9527055815935237,58.96,,,,,,,,,,,,,,,0.011048959741343227,,,,,,12.26,30,55373.75,55762.6,55373.75,55438.5,mid_price,no_price_available
2026-09-25T09:12:40.005597+00:00,2026-09-25T14:42:40.005597+05:30,BANKNIFTY,29-Sep-2026,61600.0,CE,55671.5,1.05,600,1.8,150,1.15,1.425,291,-15,79,-42.5,32.93,0.0019402451447551449,3.200741559729156e-06,-1.4905338844882243,0.3609354811980298,0.054737148198916154,-0.0022635912922078696,9.249522402453108,4.819338918252564e-09,7.230266123619e-05,-2.9900144899326016e-06,-0.4273626404836333,100.13930861527047,-0.0017360015692864988,2.6142976384794196e-06,0.011048959741343227,55831,0.25893155728484113,0.0070999999999999995,index_dividend_yield,0.065,12.26,30,55373.75,55762.6,55373.75,55438.5,mid_price,wide_quote_low_liquidity
2026-09-25T09:12:40.005597+00:00,2026-09-25T14:42:40.005597+05:30,BANKNIFTY,29-Sep-2026,61600.0,PE,55671.5,5486.5,300,6162.6,300,0.0,5824.55,0,0,0,0,0,,,,,,,,,,,,,,,0.011048959741343227,,,,,,12.26,30,55373.75,55762.6,55373.75,55438.5,mid_price,no_price_available
2026-09-25T09:12:40.005597+00:00,2026-09-25T14:42:40.005597+05:30,BANKNIFTY,29-Sep-2026,61700.0,CE,55671.5,1.5,30,3,30,1.45,2.25,11,11,55,-99.88028401585204,34.14,0.002332337442188969,3.6481479314324025e-06,-1.825625623982003,0.42650408433649967,0.06116849394318248,-0.0026213577828892243,10.127295307490542,5.175859057722408e-09,7.593780248466981e-05,-3.2549579891431745e-06,-0.4869906863298772,95.2003733588054,-0.002082347067985455,2.970078708376223e-06,0.011048959741343227,55831,0.25893155728484113,0.0070999999999999995,index_dividend_yield,0.065,12.26,30,55373.75,55762.6,55373.75,55438.5,mid_price,wide_quote_low_liquidity
2026-09-25T09:12:40.005597+00:00,2026-09-25T14:42:40.005597+05:30,BANKNIFTY,29-Sep-2026,61700.0,PE,55671.5,5581.95,300,6283.95,300,0.0,5932.95,0,0,0,0,0,,,,,,,,,,,,,,,0.011048959741343227,,,,,,12.26,30,55373.75,55762.6,55373.75,55438.5,mid_price,no_price_available
2026-09-25T09:12:40.005597+00:00,2026-09-25T14:42:40.005597+05:30,BANKNIFTY,29-Sep-2026,61800.0,CE,55671.5,1.1,300,2.1,120,1.35,1.6,24,0,28,-18.181818181818183,34.4,0.0021691718544172363,3.390320691726648e-06,-1.7222673590915953,0.3993801354562479,0.05730990431117668,-0.002474451417536268,9.566019351757548,4.813594206148419e-09,7.13487463097759e-05,-3.08087112803095e-06,-0.46265456485537926,95.04675351584567,-0.0019335033531499438,2.7512475957255447e-06,0.011048959741343227,55831,0.25893155728484113,0.0070999999999999995,index_dividend_yield,0.065,12.26,30,55373.75,55762.6,55373.75,55438.5,mid_price,wide_quote_low_liquidity
2026-09-25T09:12:40.005597+00:00,2026-09-25T14:42:40.005597+05:30,BANKNIFTY,29-Sep-2026,61800.0,PE,55671.5,5670.3,300,6386.45,300,0.0,6028.375,0,0,0,0,0,,,,,,,,,,,,,,,0.011048959741343227,,,,,,12.26,30,55373.75,55762.6,55373.75,55438.5,mid_price,no_price_available
2026-09-25T09:12:40.005597+00:00,2026-09-25T14:42:40.005597+05:30,BANKNIFTY,29-Sep-2026,61900.0,CE,55671.5,0.9,1800,6.25,600,0.0,3.575,0,0,0,0,0,,,,,,,,,,,,,,,0.011048959741343227,55831,0.25893155728484113,0.0070999999999999995,index_dividend_yield,0.065,12.26,30,55373.75,55762.6,55373.75,55438.5,mid_price,no_nse_iv
2026-09-25T09:12:40.005597+00:00,2026-09-25T14:42:40.005597+05:30,BANKNIFTY,29-Sep-2026,61900.0,PE,55671.5,5764.7,300,6529.85,300,0.0,6147.275,0,0,0,0,0,,,,,,,,,,,,,,,0.011048959741343227,,,,,,12.26,30,55373.75,55762.6,55373.75,55438.5,mid_price,no_price_available
2026-09-25T09:12:40.005597+00:00,2026-09-25T14:42:40.005597+05:30,BANKNIFTY,29-Sep-2026,62000.0,CE,55671.5,1.15,90,1.2,570,1.15,1.1749999999999998,8676,-587,2177,-45.23809523809524,34.86,0.0018509418981435535,2.8967986891292773e-06,-1.5107221689101678,0.34580632714070264,0.0498243378721406,-0.0021796778164945344,8.462489129902606,4.131925571933636e-09,6.257885460588372e-05,-2.7372299792960963e-06,-0.4131932519131807,95.00084028243579,-0.0016445167790127963,2.335612453642903e-06,0.011048959741343227,55831,0.25893155728484113,0.0070999999999999995,index_dividend_yield,0.065,12.26,30,55373.75,55762.6,55373.75,55438.5,mid_price,ok
2026-09-25T09:12:40.005597+00:00,2026-09-25T14:42:40.005597+05:30,BANKNIFTY,29-Sep-2026,62000.0,PE,55671.5,6170,150,6173.45,90,6163.2,6171.725,2063,-211,288,-3.335999623582553,0,,,,,,,,,,,,,,,0.011048959741343227,,,,,,12.26,30,55373.75,55762.6,55373.75,55438.5,mid_price,no_price_available
2026-09-25T09:12:40.005597+00:00,2026-09-25T14:42:40.005597+05:30,BANKNIFTY,29-Sep-2026,62100.0,CE,55671.5,1.1,300,2.95,60,1.25,2.0250000000000004,6,3,31,-28.571428571428573,35.87,0.002101710589471128,3.1595469841554684e-06,-1.7442919917134763,0.3880998114615996,0.05362281582616977,-0.0024129849491529545,8.982052548976244,4.310432696909016e-09,6.431416742346311e-05,-2.894005324935024e-06,-0.4524119061817518,91.4225975276967,-0.001863535444487233,2.539261708037928e-06,0.011048959741343227,55831,0.25893155728484113,0.0070999999999999995,index_dividend_yield,0.065,12.26,30,55373.75,55762.6,55373.75,55438.5,mid_price,wide_quote_low_liquidity
2026-09-25T09:12:40.005597+00:00,2026-09-25T14:42:40.005597+05:30,BANKNIFTY,29-Sep-2026,62100.0,PE,55671.5,5954.9,300,6696.95,300,0.0,6325.924999999999,0,0,0,0,0,,,,,,,,,,,,,,,0.011048959741343227,,,,,,12.26,30,55373.75,55762.6,55373.75,55438.5,mid_price,no_price_available
2026-09-25T09:12:40.005597+00:00,2026-09-25T14:42:40.005597+05:30,BANKNIFTY,29-Sep-2026,62200.0,CE,55671.5,0.95,300,1.5,150,1.5,1.225,12,0,5,-3.225806451612903,36.7,0.0022656783902503756,3.3057121658609988e-06,-1.9100967402142868,0.41544959267009884,0.055658067245354347,-0.0025618450733391187,9.245165294411217,4.36482716541835e-09,6.455500802003702e-05,-2.97146716254316e-06,-0.4771561732079584,88.83485129466193,-0.002005045772422419,2.6481959235769404e-06,0.011048959741343227,55831,0.25893155728484113,0.0070999999999999995,index_dividend_yield,0.065,12.26,30,55373.75,55762.6,55373.75,55438.5,mid_price,wide_quote_low_liquidity
2026-09-25T09:12:40.005597+00:00,2026-09-25T14:42:40.005597+05:30,BANKNIFTY,29-Sep-2026,62200.0,PE,55671.5,6046.55,300,6799.6,300,0.0,6423.075000000001,0,0,0,0,0,,,,,,,,,,,,,,,0.011048959741343227,,,,,,12.26,30,55373.75,55762.6,55373.75,55438.5,mid_price,no_price_available
2026-09-25T09:12:40.005597+00:00,2026-09-25T14:42:40.005597+05:30,BANKNIFTY,29-Sep-2026,62300.0,CE,55671.5,1.2,300,4.7,60,1.65,2.95,16,-3,10,-8.333333333333334,37.79,0.0025867603878677813,3.619351181729806e-06,-2.217002834009609,0.46837623726554034,0.06006134838193174,-0.0028457077943209812,9.826998842969365,4.5624610552536965e-09,6.635920151006655e-05,-3.14464898944474e-06,-0.5237812305888087,85.36463736023451,-0.0022844598122950498,2.8901506224878902e-06,0.011048959741343227,55831,0.25893155728484113,0.0070999999999999995,index_dividend_yield,0.065,12.26,30,55373.75,55762.6,55373.75,55438.5,mid_price,wide_quote_low_liquidity
2026-09-25T09:12:40.005597+00:00,2026-09-25T14:42:40.005597+05:30,BANKNIFTY,29-Sep-2026,62300.0,PE,55671.5,6135.2,300,6904,300,0.0,6519.6,0,0,0,0,0,,,,,,,,,,,,,,,0.011048959741343227,,,,,,12.26,30,55373.75,55762.6,55373.75,55438.5,mid_price,no_price_available
2026-09-25T09:12:40.005597+00:00,2026-09-25T14:42:40.005597+05:30,BANKNIFTY,29-Sep-2026,62400.0,CE,55671.5,0.9,1800,6.35,600,0.0,3.625,0,0,0,0,0,,,,,,,,,,,,,,,0.011048959741343227,55831,0.25893155728484113,0.0070999999999999995,index_dividend_yield,0.065,12.26,30,55373.75,55762.6,55373.75,55438.5,mid_price,no_nse_iv
2026-09-25T09:12:40.005597+00:00,2026-09-25T14:42:40.005597+05:30,BANKNIFTY,29-Sep-2026,62400.0,PE,55671.5,6237.2,300,7066,300,0.0,6651.6,0,0,0,0,0,,,,,,,,,,,,,,,0.011048959741343227,,,,,,12.26,30,55373.75,55762.6,55373.75,55438.5,mid_price,no_price_available
2026-09-25T09:12:40.005597+00:00,2026-09-25T14:42:40.005597+05:30,BANKNIFTY,29-Sep-2026,62500.0,CE,55671.5,1.15,480,1.25,360,1.25,1.2,886,-574,2278,-16.666666666666668,37.52,0.0018795543756081976,2.729221337135873e-06,-1.6475881839029725,0.3506620963467604,0.04690972504354379,-0.002206903968489966,7.954270600117996,3.5992647364307937e-09,5.463363420043987e-05,-2.5696357196136114e-06,-0.4177987407077319,88.22539875464317,-0.0016552253677191132,2.165432094268783e-06,0.011048959741343227,55831,0.25893155728484113,0.0070999999999999995,index_dividend_yield,0.065,12.26,30,55373.75,55762.6,55373.75,55438.5,mid_price,ok
2026-09-25T09:12:40.005597+00:00,2026-09-25T14:42:40.005597+05:30,BANKNIFTY,29-Sep-2026,62500.0,PE,55671.5,6468.6,300,6714.7,30,6765,6591.65,101,-3,4,0.2222222222222222,57.86,,,,,,,,,,,,,,,0.011048959741343227,,,,,,12.26,30,55373.75,55762.6,55373.75,55438.5,mid_price,no_price_available
2026-09-25T09:12:40.005597+00:00,2026-09-25T14:42:40.005597+05:30,BANKNIFTY,29-Sep-2026,62600.0,CE,55671.5,0.9,1800,3.5,150,0.0,2.2,1,0,0,0,27.15,2.3159130204072858e-05,6.261672095626751e-08,-0.01979932522784724,0.005821667431217135,0.0015036394084906042,-5.184906845238315e-05,0.3584037388171123,1.7018523190977672e-10,3.6239790951213498e-06,-1.2440906682952106e-07,-0.01309457608146643,158.63858305078043,-2.0466073740261236e-05,4.9523063324285707e-08,0.011048959741343227,55831,0.25893155728484113,0.0070999999999999995,index_dividend_yield,0.065,12.26,30,55373.75,55762.6,55373.75,55438.5,mid_price,wide_quote_low_liquidity
2026-09-25T09:12:40.005597+00:00,2026-09-25T14:42:40.005597+05:30,BANKNIFTY,29-Sep-2026,62600.0,PE,55671.5,6425.85,300,7220.4,300,0.0,6823.125,0,0,0,0,0,,,,,,,,,,,,,,,0.011048959741343227,,,,,,12.26,30,55373.75,55762.6,55373.75,55438.5,mid_price,no_price_available
2026-09-25T09:12:40.005597+00:00,2026-09-25T14:42:40.005597+05:30,BANKNIFTY,29-Sep-2026,62700.0,CE,55671.5,1.7,30,1.85,1980,1.7,1.775,328,-32,251,-42.3728813559322,39.58,0.0023894629700175135,3.216420370601584e-06,-2.1600918776181506,0.4359491457487876,0.05389111877830265,-0.0026729289371855407,8.898010985012943,3.901589330922269e-09,5.7522196657108386e-05,-2.85298986160413e-06,-0.49548737706908835,82.08186970055844,-0.002095763155502415,2.5357332669659406e-06,0.011048959741343227,55831,0.25893155728484113,0.0070999999999999995,index_dividend_yield,0.065,12.26,30,55373.75,55762.6,55373.75,55438.5,mid_price,ok
2026-09-25T09:12:40.005597+00:00,2026-09-25T14:42:40.005597+05:30,BANKNIFTY,29-Sep-2026,62700.0,PE,55671.5,6514.85,300,7298.35,300,0.0,6906.6,0,0,0,0,0,,,,,,,,,,,,,,,0.011048959741343227,,,,,,12.26,30,55373.75,55762.6,55373.75,55438.5,mid_price,no_price_available
2026-09-25T09:12:40.005597+00:00,2026-09-25T14:42:40.005597+05:30,BANKNIFTY,29-Sep-2026,62800.0,CE,55671.5,0.5,1800,6.35,600,0.0,3.425,0,0,0,0,0,,,,,,,,,,,,,,,0.011048959741343227,55831,0.25893155728484113,0.0070999999999999995,index_dividend_yield,0.065,12.26,30,55373.75,55762.6,55373.75,55438.5,mid_price,no_nse_iv
2026-09-25T09:12:40.005597+00:00,2026-09-25T14:42:40.005597+05:30,BANKNIFTY,29-Sep-2026,62800.0,PE,55671.5,6618.8,300,7484.25,300,0.0,7051.525,0,0,0,0,0,,,,,,,,,,,,,,,0.011048959741343227,,,,,,12.26,30,55373.75,55762.6,55373.75,55438.5,mid_price,no_price_available
2026-09-25T09:12:40.005597+00:00,2026-09-25T14:42:40.005597+05:30,BANKNIFTY,29-Sep-2026,62900.0,CE,55671.5,0.5,1800,6.4,900,0.0,3.45,0,0,0,0,0,,,,,,,,,,,,,,,0.011048959741343227,55831,0.25893155728484113,0.0070999999999999995,index_dividend_yield,0.065,12.26,30,55373.75,55762.6,55373.75,55438.5,mid_price,no_nse_iv
2026-09-25T09:12:40.005597+00:00,2026-09-25T14:42:40.005597+05:30,BANKNIFTY,29-Sep-2026,62900.0,PE,55671.5,6696.65,300,7632.1,570,0.0,7164.375,0,0,0,0,0,,,,,,,,,,,,,,,0.011048959741343227,,,,,,12.26,30,55373.75,55762.6,55373.75,55438.5,mid_price,no_price_available
2026-09-25T09:12:40.005597+00:00,2026-09-25T14:42:40.005597+05:30,BANKNIFTY,29-Sep-2026,63000.0,CE,55671.5,0.6,1470,0.8,690,0.75,0.7,6632,-257,3050,7.142857142857143,38.36,0.0012187786181034387,1.7981619624995522e-06,-1.1340137767974487,0.2362080216425977,0.03231887084516728,-0.0015544370576013238,5.7322374476933415,2.4301855379867808e-09,3.894907963906625e-05,-1.8717818888937173e-06,-0.30508972924786315,89.22181802551205,-0.0010649326316140952,1.4041501595307504e-06,0.011048959741343227,55831,0.25893155728484113,0.0070999999999999995,index_dividend_yield,0.065,12.26,30,55373.75,55762.6,55373.75,55438.5,mid_price,wide_quote_low_liquidity
2026-09-25T09:12:40.005597+00:00,2026-09-25T14:42:40.005597+05:30,BANKNIFTY,29-Sep-2026,63000.0,PE,55671.5,7151.95,30,7181.05,30,7165,7166.5,1497,-185,307,-2.599168048720807,0,,,,,,,,,,,,,,,0.011048959741343227,,,,,,12.26,30,55373.75,55762.6,55373.75,55438.5,mid_price,no_price_available
2026-09-25T09:12:40.005597+00:00,2026-09-25T14:42:40.005597+05:30,BANKNIFTY,29-Sep-2026,63100.0,CE,55671.5,0.85,120,3,240,1.15,1.925,35,0,38,-32.35294117647059,40.06,0.0016501881956917425,2.270715252759679e-06,-1.5615099171927282,0.3115020142743345,0.039603681068558355,-0.0019880199656173384,6.809475036615193,2.8387051579253156e-09,4.396923230200188e-05,-2.206026176894162e-06,-0.38054804991937774,83.5367208740309,-0.0014384899332063159,1.767542254280769e-06,0.011048959741343227,55831,0.25893155728484113,0.0070999999999999995,index_dividend_yield,0.065,12.26,30,55373.75,55762.6,55373.75,55438.5,mid_price,wide_quote_low_liquidity
2026-09-25T09:12:40.005597+00:00,2026-09-25T14:42:40.005597+05:30,BANKNIFTY,29-Sep-2026,63100.0,PE,55671.5,6875.65,300,7718.35,300,0.0,7297.0,0,0,0,0,0,,,,,,,,,,,,,,,0.011048959741343227,,,,,,12.26,30,55373.75,55762.6,55373.75,55438.5,mid_price,no_price_available
2026-09-25T09:12:40.005597+00:00,2026-09-25T14:42:40.005597+05:30,BANKNIFTY,29-Sep-2026,63200.0,CE,55671.5,1.25,30,1.6,30,1.4,1.425,36,9,64,-3.4482758620689653,41.24,0.0019291749386357662,2.5425308539416633e-06,-1.852687837118443,0.3590642157498686,0.04363714003878549,-0.0022542290849993903,7.378474704843069,3.03031150947188e-09,4.60811450250209e-05,-2.379631575612311e-06,-0.425785914426801,80.18639854748896,-0.0016781753567248244,1.9728675124699496e-06,0.011048959741343227,55831,0.25893155728484113,0.0070999999999999995,index_dividend_yield,0.065,12.26,30,55373.75,55762.6,55373.75,55438.5,mid_price,wide_quote_low_liquidity
2026-09-25T09:12:40.005597+00:00,2026-09-25T14:42:40.005597+05:30,BANKNIFTY,29-Sep-2026,63200.0,PE,55671.5,6989.65,300,7832.5,300,0.0,7411.075,0,0,0,0,0,,,,,,,,,,,,,,,0.011048959741343227,,,,,,12.26,30,55373.75,55762.6,55373.75,55438.5,mid_price,no_price_available
2026-09-25T09:12:40.005597+00:00,2026-09-25T14:42:40.005597+05:30,BANKNIFTY,29-Sep-2026,63300.0,CE,55671.5,0.5,30,2.1,30,0.0,1.3,18,0,0,0,45.2,0.003841817555075768,4.319931245791605e-06,-3.7804890368492203,0.6686556317132133,0.06858781719348708,-0.0038798806756564666,10.698889578977798,4.303886099822204e-09,5.95636864113442e-05,-3.370904731539035e-06,-0.6882121028821435,69.14116920874363,-0.0033299584263697963,3.341452260957474e-06,0.011048959741343227,55831,0.25893155728484113,0.0070999999999999995,index_dividend_yield,0.065,12.26,30,55373.75,55762.6,55373.75,55438.5,mid_price,wide_quote_low_liquidity
2026-09-25T09:12:40.005597+00:00,2026-09-25T14:42:40.005597+05:30,BANKNIFTY,29-Sep-2026,63300.0,PE,55671.5,7095.3,300,8004.1,300,0.0,7549.700000000001,0,0,0,0,0,,,,,,,,,,,,,,,0.011048959741343227,,,,,,12.26,30,55373.75,55762.6,55373.75,55438.5,mid_price,no_price_available
2026-09-25T09:12:40.005597+00:00,2026-09-25T14:42:40.005597+05:30,BANKNIFTY,29-Sep-2026,63400.0,CE,55671.5,0.4,600,4.7,600,0.0,2.5500000000000003,1,0,0,0,29.2,1.3396852309745975e-05,3.462047229901038e-08,-0.012650046756157659,0.0034618087945971943,0.000857264824063013,-3.184333465064851e-05,0.21064023030778978,8.975498824528716e-11,1.9878251322064126e-06,-7.347078153289157e-08,-0.008263233081992416,151.34014839094613,-1.1686036914513768e-05,2.6694409508984347e-08,0.011048959741343227,55831,0.25893155728484113,0.0070999999999999995,index_dividend_yield,0.065,12.26,30,55373.75,55762.6,55373.75,55438.5,mid_price,wide_quote_low_liquidity
2026-09-25T09:12:40.005597+00:00,2026-09-25T14:42:40.005597+05:30,BANKNIFTY,29-Sep-2026,63400.0,PE,55671.5,7189.4,300,8212.35,570,0.0,7700.875,0,0,0,0,0,,,,,,,,,,,,,,,0.011048959741343227,,,,,,12.26,30,55373.75,55762.6,55373.75,55438.5,mid_price,no_price_available
2026-09-25T09:12:40.005597+00:00,2026-09-25T14:42:40.005597+05:30,BANKNIFTY,29-Sep-2026,63500.0,CE,55671.5,0.9,2220,1.45,150,0.95,1.175,925,-44,180,-9.523809523809524,42.63,0.001868521110254974,2.3892534453206623e-06,-1.8597322719419842,0.34879061498884245,0.04116708915205265,-0.0021976127496356793,6.984985529026461,2.7614233795543746e-09,4.224278083279513e-05,-2.254033976238394e-06,-0.41622858540205787,77.79860562473934,-0.0016171068925367909,1.8364563758399079e-06,0.011048959741343227,55831,0.25893155728484113,0.0070999999999999995,index_dividend_yield,0.065,12.26,30,55373.75,55762.6,55373.75,55438.5,mid_price,wide_quote_low_liquidity
2026-09-25T09:12:40.005597+00:00,2026-09-25T14:42:40.005597+05:30,BANKNIFTY,29-Sep-2026,63500.0,PE,55671.5,7487.4,300,8008,300,0.0,7747.7,3,0,0,0,0,,,,,,,,,,,,,,,0.011048959741343227,,,,,,12.26,30,55373.75,55762.6,55373.75,55438.5,mid_price,no_price_available
2026-09-25T09:12:40.005597+00:00,2026-09-25T14:42:40.005597+05:30,BANKNIFTY,29-Sep-2026,63600.0,CE,55671.5,0.4,6000,6.35,600,0.0,3.375,0,0,0,0,0,,,,,,,,,,,,,,,0.011048959741343227,55831,0.25893155728484113,0.0070999999999999995,index_dividend_yield,0.065,12.26,30,55373.75,55762.6,55373.75,55438.5,mid_price,no_nse_iv
2026-09-25T09:12:40.005597+00:00,2026-09-25T14:42:40.005597+05:30,BANKNIFTY,29-Sep-2026,63600.0,PE,55671.5,7357.1,300,8243.65,300,0.0,7800.375,0,0,0,0,0,,,,,,,,,,,,,,,0.011048959741343227,,,,,,12.26,30,55373.75,55762.6,55373.75,55438.5,mid_price,no_price_available
2026-09-25T09:12:40.005597+00:00,2026-09-25T14:42:40.005597+05:30,BANKNIFTY,29-Sep-2026,63700.0,CE,55671.5,0.4,600,4.7,600,0.0,2.5500000000000003,1,0,0,0,46.2,0.003103511305282873,3.4890933975803538e-06,-3.188798694938076,0.552003469864236,0.05686730767387352,-0.003287195890859078,9.106817036193426,3.4929197013029462e-09,5.0009662825849764e-05,-2.8910988997563022e-06,-0.5949574992728709,68.9316480978794,-0.0026730083250251497,2.665014499985757e-06,0.011048959741343227,55831,0.25893155728484113,0.0070999999999999995,index_dividend_yield,0.065,12.26,30,55373.75,55762.6,55373.75,55438.5,mid_price,wide_quote_low_liquidity
2026-09-25T09:12:40.005597+00:00,2026-09-25T14:42:40.005597+05:30,BANKNIFTY,29-Sep-2026,63700.0,PE,55671.5,7455.6,300,8351.7,300,0.0,7903.650000000001,0,0,0,0,0,,,,,,,,,,,,,,,0.011048959741343227,,,,,,12.26,30,55373.75,55762.6,55373.75,55438.5,mid_price,no_price_available
2026-09-25T09:12:40.005597+00:00,2026-09-25T14:42:40.005597+05:30,BANKNIFTY,29-Sep-2026,63800.0,CE,55671.5,0.45,60,4.7,600,0.0,2.575,30,0,0,0,38.78,0.000471041751646275,7.410283580209216e-07,-0.4772544193831571,0.09840787865495194,0.014519133883282012,-0.0007066634097243878,2.8099194487759758,1.0862193674987453e-09,1.9247888013506025e-05,-9.350414941392969e-07,-0.14903734931040752,94.28910953559381,-0.0004066689936002896,5.642340831563008e-07,0.011048959741343227,55831,0.25893155728484113,0.0070999999999999995,index_dividend_yield,0.065,12.26,30,55373.75,55762.6,55373.75,55438.5,mid_price,wide_quote_low_liquidity
2026-09-25T09:12:40.005597+00:00,2026-09-25T14:42:40.005597+05:30,BANKNIFTY,29-Sep-2026,63800.0,PE,55671.5,7557.25,300,8626.65,570,0.0,8091.95,0,0,0,0,0,,,,,,,,,,,,,,,0.011048959741343227,,,,,,12.26,30,55373.75,55762.6,55373.75,55438.5,mid_price,no_price_available
2026-09-25T09:12:40.005597+00:00,2026-09-25T14:42:40.005597+05:30,BANKNIFTY,29-Sep-2026,63900.0,CE,55671.5,0.6,300,1.6,30,0.8,1.1,71,0,19,-11.11111111111111,42.41,0.0011227574297725165,1.5087026567965845e-06,-1.1618597786890796,0.21910846923012323,0.027371823893336686,-0.0014541653129914974,4.89436602556341,1.8524029406285402e-09,3.0142995460341697e-05,-1.5997098832681692e-06,-0.28728418322071186,81.28071293636276,-0.000966143683391882,1.1451642582829452e-06,0.011048959741343227,55831,0.25893155728484113,0.0070999999999999995,index_dividend_yield,0.065,12.26,30,55373.75,55762.6,55373.75,55438.5,mid_price,wide_quote_low_liquidity
2026-09-25T09:12:40.005597+00:00,2026-09-25T14:42:40.005597+05:30,BANKNIFTY,29-Sep-2026,63900.0,PE,55671.5,7672.05,300,8574,300,0.0,8123.025,0,0,0,0,0,,,,,,,,,,,,,,,0.011048959741343227,,,,,,12.26,30,55373.75,55762.6,55373.75,55438.5,mid_price,no_price_available
2026-09-25T09:12:40.005597+00:00,2026-09-25T14:42:40.005597+05:30,BANKNIFTY,29-Sep-2026,64000.0,CE,55671.5,0.55,1470,0.95,60,0.55,0.75,1251,-87,150,-35.294117647058826,41.57,0.0008049639585769675,1.1339003129469694e-06,-0.8389277791859525,0.16141434822143189,0.02121934868159472,-0.0011055516421509296,3.9164466728484477,1.4698104309769532e-09,2.4784067320506227e-05,-1.2894731594999701e-06,-0.22415390156833093,84.89990145004651,-0.0006919642370716465,8.579871295951651e-07,0.011048959741343227,55831,0.25893155728484113,0.0070999999999999995,index_dividend_yield,0.065,12.26,30,55373.75,55762.6,55373.75,55438.5,mid_price,wide_quote_low_liquidity
2026-09-25T09:12:40.005597+00:00,2026-09-25T14:42:40.005597+05:30,BANKNIFTY,29-Sep-2026,64000.0,PE,55671.5,8121.55,30,8176.05,30,8110.65,8148.8,105,-10,13,-3.890863846427302,0,,,,,,,,,,,,,,,0.011048959741343227,,,,,,12.26,30,55373.75,55762.6,55373.75,55438.5,mid_price,no_price_available
2026-09-25T09:12:40.005597+00:00,2026-09-25T14:42:40.005597+05:30,BANKNIFTY,29-Sep-2026,64100.0,CE,55671.5,0.35,600,4.7,600,0.0,2.525,5,0,0,0,40.29,0.0004964377151075365,7.487997548606188e-07,-0.5203933176724703,0.10331186417359918,0.014613693506683872,-0.0007386425212184583,2.8156213567852304,1.0495132753200997e-09,1.8548584825305722e-05,-9.35767423377963e-07,-0.15519898498188148,90.47969886557307,-0.00042639590865333295,5.648270412426993e-07,0.011048959741343227,55831,0.25893155728484113,0.0070999999999999995,index_dividend_yield,0.065,12.26,30,55373.75,55762.6,55373.75,55438.5,mid_price,wide_quote_low_liquidity
2026-09-25T09:12:40.005597+00:00,2026-09-25T14:42:40.005597+05:30,BANKNIFTY,29-Sep-2026,64100.0,PE,55671.5,7844.4,300,8957.9,570,0.0,8401.15,0,0,0,0,0,,,,,,,,,,,,,,,0.011048959741343227,,,,,,12.26,30,55373.75,55762.6,55373.75,55438.5,mid_price,no_price_available
2026-09-25T09:12:40.005597+00:00,2026-09-25T14:42:40.005597+05:30,BANKNIFTY,29-Sep-2026,64200.0,CE,55671.5,1.1,30,1.8,30,1.1,1.4500000000000002,429,49,126,-72.8395061728395,44.93,0.0014370249886806149,1.7846827271598126e-06,-1.5420979844385652,0.27458997411087066,0.03162523889255978,-0.0017787010090439658,5.51653737590943,2.010812482952109e-09,3.188191943546908e-05,-1.791648294115896e-06,-0.344414783672534,75.37771136736146,-0.001229594972504084,1.3420132701070778e-06,0.011048959741343227,55831,0.25893155728484113,0.0070999999999999995,index_dividend_yield,0.065,12.26,30,55373.75,55762.6,55373.75,55438.5,mid_price,wide_quote_low_liquidity
2026-09-25T09:12:40.005597+00:00,2026-09-25T14:42:40.005597+05:30,BANKNIFTY,29-Sep-2026,64200.0,PE,55671.5,7911.55,300,8848,300,0.0,8379.775,0,0,0,0,0,,,,,,,,,,,,,,,0.011048959741343227,,,,,,12.26,30,55373.75,55762.6,55373.75,55438.5,mid_price,no_price_available
2026-09-25T09:12:40.005597+00:00,2026-09-25T14:42:40.005597+05:30,BANKNIFTY,29-Sep-2026,64500.0,CE,55671.5,0.35,990,0.4,1260,0.35,0.375,1958,0,590,-30,42.89,0.0006226835096816793,8.673481817776108e-07,-0.6828305819469137,0.12739041599129222,0.01661482308437293,-0.0008931886911509856,3.138712648358202,1.1152625321585756e-09,1.9347588255766848e-05,-1.0383241963509132e-06,-0.18460921279280906,83.78003667705329,-0.00053103805119741,6.461597310845389e-07,0.011048959741343227,55831,0.25893155728484113,0.0070999999999999995,index_dividend_yield,0.065,12.26,30,55373.75,55762.6,55373.75,55438.5,mid_price,ok
2026-09-25T09:12:40.005597+00:00,2026-09-25T14:42:40.005597+05:30,BANKNIFTY,29-Sep-2026,64500.0,PE,55671.5,8379.15,330,8773.3,330,0.0,8576.224999999999,18,0,0,0,58.88,,,,,,,,,,,,,,,0.011048959741343227,,,,,,12.26,30,55373.75,55762.6,55373.75,55438.5,mid_price,no_price_available
2026-09-25T09:12:40.005597+00:00,2026-09-25T14:42:40.005597+05:30,BANKNIFTY,29-Sep-2026,65000.0,CE,55671.5,0.45,390,0.6,870,0.5,0.525,3482,-191,2772,-23.076923076923077,45.5,0.0006826386437728317,8.899860114828988e-07,-0.7881984327844306,0.13866977612181425,0.01692521814256585,-0.0009646432952986609,3.171219942460321,1.0668343774298952e-09,1.8396678744505405e-05,-1.0467601231057294e-06,-0.1980194043765721,78.53698366292208,-0.0005772249845266538,6.52863386288487e-07,0.011048959741343227,55831,0.25893155728484113,0.0070999999999999995,index_dividend_yield,0.065,12.26,30,55373.75,55762.6,55373.75,55438.5,mid_price,wide_quote_low_liquidity
2026-09-25T09:12:40.005597+00:00,2026-09-25T14:42:40.005597+05:30,BANKNIFTY,29-Sep-2026,65000.0,PE,55671.5,9131.15,30,9203.8,30,9195,9167.474999999999,1725,-228,287,-1.7349997595473077,0,,,,,,,,,,,,,,,0.011048959741343227,,,,,,12.26,30,55373.75,55762.6,55373.75,55438.5,mid_price,no_price_available
2026-09-25T09:12:40.005597+00:00,2026-09-25T14:42:40.005597+05:30,BANKNIFTY,29-Sep-2026,65500.0,CE,55671.5,0.2,870,0.25,3600,0.15,0.225,1594,-25,985,-57.142857142857146,43.67,0.0002283334390334666,3.3560203345235856e-07,-0.2737183680446475,0.05018743644723325,0.006973942286922239,-0.0003823942531938855,1.4303615205848719,4.619391101778018e-10,8.796102557197616e-06,-4.809931177863956e-07,-0.08470474410057358,87.70547895342311,-0.00019185846162427864,2.424419841413324e-07,0.011048959741343227,55831,0.25893155728484113,0.0070999999999999995,index_dividend_yield,0.065,12.26,30,55373.75,55762.6,55373.75,55438.5,mid_price,wide_quote_low_liquidity
2026-09-25T09:12:40.005597+00:00,2026-09-25T14:42:40.005597+05:30,BANKNIFTY,29-Sep-2026,65500.0,PE,55671.5,9132.1,300,10182.6,300,0.0,9657.35,0,0,0,0,0,,,,,,,,,,,,,,,0.011048959741343227,,,,,,12.26,30,55373.75,55762.6,55373.75,55438.5,mid_price,no_price_available
2026-09-25T09:12:40.005597+00:00,2026-09-25T14:42:40.005597+05:30,BANKNIFTY,29-Sep-2026,66000.0,CE,55671.5,0.25,2820,0.3,1260,0.25,0.275,2242,-55,481,-37.5,48.04,0.00043058391212891836,5.504164246672643e-07,-0.543059289973591,0.0905485751668794,0.01089635470414931,-0.0006559143282299349,2.12479459490382,6.502539268260262e-10,1.1770034189011772e-05,-7.069578561523738e-07,-0.13920088009523357,76.74140255917109,-0.0003584680038443092,3.916240549437566e-07,0.011048959741343227,55831,0.25893155728484113,0.0070999999999999995,index_dividend_yield,0.065,12.26,30,55373.75,55762.6,55373.75,55438.5,mid_price,wide_quote_low_liquidity
2026-09-25T09:12:40.005597+00:00,2026-09-25T14:42:40.005597+05:30,BANKNIFTY,29-Sep-2026,66000.0,PE,55671.5,10111.05,30,10183.5,30,10192.85,10147.275,277,-69,85,-2.3107260433488754,0,,,,,,,,,,,,,,,0.011048959741343227,,,,,,12.26,30,55373.75,55762.6,55373.75,55438.5,mid_price,no_price_available
2026-09-25T09:12:40.005597+00:00,2026-09-25T14:42:40.005597+05:30,BANKNIFTY,29-Sep-2026,67500.0,CE,55671.5,0.15,3960,0.2,900,0.2,0.175,2039,0,113,-42.857142857142854,52.19,0.0002575026692645337,3.14134130362867e-07,-0.3655117394212687,0.05614222994492225,0.006485074518820262,-0.0004243135376043674,1.3179053492238628,3.5554366510874616e-10,6.77210609028915e-06,-4.4187820738317033e-07,-0.09324601632280405,73.014836109435,-0.00020946995884885136,2.1368469877957727e-07,0.011048959741343227,55831,0.25893155728484113,0.0070999999999999995,index_dividend_yield,0.065,12.26,30,55373.75,55762.6,55373.75,55438.5,mid_price,wide_quote_low_liquidity
2026-09-25T09:12:40.005597+00:00,2026-09-25T14:42:40.005597+05:30,BANKNIFTY,29-Sep-2026,67500.0,PE,55671.5,11582.05,30,11690.6,30,11800,11636.325,43,-13,24,9.198593374051454,99.11,,,,,,,,,,,,,,,0.011048959741343227,,,,,,12.26,30,55373.75,55762.6,55373.75,55438.5,mid_price,no_price_available
2026-09-25T09:12:40.005597+00:00,2026-09-25T14:42:40.005597+05:30,BANKNIFTY,29-Sep-2026,69000.0,CE,55671.5,0.15,1440,0.3,2880,0.3,0.22499999999999998,836,-2,67,0,59.34,0.0003373128074499792,3.552251839314455e-07,-0.5339838510700398,0.07218359820011121,0.007196851836566376,-0.0005346516014921664,1.431755746791552,3.4416710412974694e-10,6.447166078619664e-06,-4.777223491610036e-07,-0.11537724988496251,63.27679050969603,-0.00026785418929956115,2.3124450010305857e-07,0.011048959741343227,55831,0.25893155728484113,0.0070999999999999995,index_dividend_yield,0.065,12.26,30,55373.75,55762.6,55373.75,55438.5,mid_price,wide_quote_low_liquidity
2026-09-25T09:12:40.005597+00:00,2026-09-25T14:42:40.005597+05:30,BANKNIFTY,29-Sep-2026,69000.0,PE,55671.5,12888.9,330,13289.3,30,13630.3,13089.099999999999,54,-18,24,3.0802389775391363,152.08,,,,,,,,,,,,,,,0.011048959741343227,,,,,,12.26,30,55373.75,55762.6,55373.75,55438.5,mid_price,no_price_available
